Time,UTC Time,Label,Latitude,Longitude,Altitude,Speed,HDOP,Satelites,Course,Fix,Accel UTC,Roll Degrees,Pitch Degrees,Dynamic Magnitude,Jerk,Jerk Std,Acceleration X,Acceleration Y,Acceleration Z,Standard Deviation,Energy,Zero Crossings,Prediction,Confidence
2026-05-19T22:40:25.929535,190526_175950.000000,1,58.38045120239258,8.675681114196777,39.5,0.0,0.6899999976158142,13,13.970000267028809,1,,,,,,,,,,,,,,
2026-05-19T22:40:28.975166,190526_175959.015625,1,58.38045120239258,8.675681114196777,39.5,0.0,0.7699999809265137,11,13.970000267028809,1,,,,,,,,,,,,,,
2026-05-19T22:40:32.022693,190526_180000.000000,1,58.38045120239258,8.675681114196777,39.5,0.0,0.7300000190734863,12,13.970000267028809,1,,,,,,,,,,,,,,
2026-05-19T22:40:50.159457,190526_175950.000000,1,58.38045120239258,8.675681114196777,39.5,0.0,0.6899999976158142,13,13.970000267028809,1,,,,,,,,,,,,,,
2026-05-19T22:40:53.206095,190526_175959.015625,1,58.38045120239258,8.675681114196777,39.5,0.0,0.7699999809265137,11,13.970000267028809,1,,,,,,,,,,,,,,
2026-05-19T22:40:56.251129,190526_180000.000000,1,58.38045120239258,8.675681114196777,39.5,0.0,0.7300000190734863,12,13.970000267028809,1,,,,,,,,,,,,,,
2026-05-19T22:40:59.725905,190526_180010.000000,1,58.38045120239258,8.675461769104004,37.79999923706055,4.239999771118164,0.6700000166893005,14,13.970000267028809,1,,,,,,,,,,,,,,
2026-05-19T22:41:03.421786,190526_180020.000000,1,58.38045120239258,8.675195693969727,39.099998474121094,4.929999828338623,0.6700000166893005,14,13.970000267028809,1,,,,,,,,,,,,,,
2026-05-19T22:41:06.466670,190526_180028.984375,1,58.38045883178711,8.674956321716309,42.79999923706055,5.25,0.6700000166893005,14,13.970000267028809,1,,,,,,,,,,,,,,
2026-05-19T22:41:09.516291,190526_180038.000000,1,58.38045120239258,8.674747467041016,44.0,5.199999809265137,0.6700000166893005,14,13.970000267028809,1,,,,,,,,,,,,,,
2026-05-19T22:41:12.620719,190526_180039.015625,1,58.38045883178711,8.674723625183105,44.20000076293945,5.099999904632568,0.6700000166893005,14,13.970000267028809,1,,,,,,,,,,,,,,
2026-05-19T22:41:15.665441,190526_180047.015625,1,58.38045120239258,8.67453670501709,43.900001525878906,4.690000057220459,0.7799999713897705,13,13.970000267028809,1,,,,,,,,,,,,,,
2026-05-19T22:41:18.710748,190526_180048.000000,1,58.38045120239258,8.674511909484863,43.900001525878906,4.619999885559082,0.7799999713897705,13,13.970000267028809,1,,,,,,,,,,,,,,
2026-05-19T22:41:21.757303,190526_180056.000000,1,58.38045120239258,8.674311637878418,43.5,4.949999809265137,0.6700000166893005,14,13.970000267028809,1,,,,,,,,,,,,,,
2026-05-19T22:41:24.802282,190526_180104.984375,1,58.38045883178711,8.67408561706543,43.79999923706055,5.190000057220459,0.7099999785423279,13,13.970000267028809,1,,,,,,,,,,,,,,
2026-05-19T22:41:31.494073,190526_180114.000000,1,58.3804817199707,8.673885345458984,42.900001525878906,4.409999847412109,0.6899999976158142,13,13.970000267028809,1,,,,,,,,,,,,,,
2026-05-19T22:41:34.571064,190526_180122.000000,1,58.380489349365234,8.673712730407715,42.5,4.519999980926514,0.6700000166893005,14,13.970000267028809,1,,,,,,,,,,,,,,
2026-05-19T22:41:37.615928,190526_180123.015625,1,58.38050079345703,8.67369270324707,42.5,4.429999828338623,0.6700000166893005,14,13.970000267028809,1,,,,,,,,,,,,,,
2026-05-19T22:41:40.660913,190526_180131.015625,1,58.38053894042969,8.673542976379395,43.599998474121094,3.930000066757202,0.6700000166893005,14,13.970000267028809,1,,,,,,,,,,,,,,
2026-05-19T22:41:43.705723,190526_180132.000000,1,58.38053894042969,8.673526763916016,43.599998474121094,3.759999990463257,0.6700000166893005,14,13.970000267028809,1,,,,,,,,,,,,,,
2026-05-19T22:41:47.273049,190526_180140.000000,1,58.38058090209961,8.673331260681152,44.20000076293945,4.190000057220459,0.6700000166893005,14,13.970000267028809,1,,,,,,,,,,,,,,
2026-05-19T22:41:50.318659,190526_180158.000000,1,58.380680084228516,8.672924995422363,47.099998474121094,4.670000076293945,0.6700000166893005,14,13.970000267028809,1,,,,,,,,,,,,,,
2026-05-19T22:41:53.366518,190526_180207.015625,1,58.380741119384766,8.672734260559082,49.0,5.019999980926514,0.6899999976158142,13,13.970000267028809,1,,,,,,,,,,,,,,
2026-05-19T22:41:56.411393,190526_180208.000000,1,58.380741119384766,8.67271614074707,49.20000076293945,4.909999847412109,0.6899999976158142,13,13.970000267028809,1,,,,,,,,,,,,,,
2026-05-19T22:41:59.457025,190526_180216.000000,1,58.38077926635742,8.672561645507812,50.599998474121094,4.449999809265137,0.7099999785423279,13,13.970000267028809,1,,,,,,,,,,,,,,
2026-05-19T22:42:02.501157,190526_180216.984375,1,58.38079071044922,8.6725435256958,50.400001525878906,4.420000076293945,0.6899999976158142,13,13.970000267028809,1,,,,,,,,,,,,,,
2026-05-19T22:42:05.547516,190526_180227.015625,1,58.38085174560547,8.67233657836914,51.099998474121094,4.610000133514404,0.6700000166893005,14,13.970000267028809,1,,,,,,,,,,,,,,
2026-05-19T22:42:08.593089,190526_180236.000000,1,58.380889892578125,8.672163009643555,49.79999923706055,5.059999942779541,0.7799999713897705,13,13.970000267028809,1,,,,,,,,,,,,,,
2026-05-19T22:42:11.638049,190526_180236.984375,1,58.38090896606445,8.672138214111328,49.79999923706055,5.139999866485596,0.699999988079071,13,13.970000267028809,1,,,,,,,,,,,,,,
2026-05-19T22:42:14.682896,190526_180244.984375,1,58.38092041015625,8.671948432922363,51.0,4.739999771118164,0.6899999976158142,13,13.970000267028809,1,,,,,,,,,,,,,,
2026-05-19T22:42:17.727860,190526_180246.000000,1,58.38092041015625,8.671924591064453,51.400001525878906,4.78000020980835,0.6899999976158142,13,13.970000267028809,1,,,,,,,,,,,,,,
2026-05-19T22:42:20.773977,190526_180255.015625,1,58.3809814453125,8.671744346618652,51.0,4.900000095367432,0.6899999976158142,13,13.970000267028809,1,,,,,,,,,,,,,,
2026-05-19T22:42:24.417620,190526_180256.000000,1,58.3809814453125,8.671725273132324,51.20000076293945,4.880000114440918,0.6700000166893005,14,13.970000267028809,1,,,,,,,,,,,,,,
2026-05-19T22:42:27.462721,190526_180306.000000,1,58.381019592285156,8.671527862548828,52.900001525878906,4.599999904632568,0.6700000166893005,14,13.970000267028809,1,,,,,,,,,,,,,,
2026-05-19T22:42:30.507752,190526_180314.000000,1,58.381038665771484,8.671358108520508,54.5,4.889999866485596,0.6700000166893005,14,88.0,1,,,,,,,,,,,,,,
2026-05-19T22:42:33.552569,190526_180315.015625,1,58.38105010986328,8.671334266662598,54.5,4.940000057220459,0.6700000166893005,14,88.0,1,050180_235957.093750,1.410284161567688,-1.161666750907898,0.005249749403446913,0.14339953660964966,0.21774199604988098,6.292262696661055e-05,0.004541633650660515,0.002632388612255454,0.0033906034659594297,4.076683399034664e-05,18.0,0,0.9147
2026-05-19T22:42:36.598525,190526_180324.000000,1,58.38108825683594,8.671125411987305,54.099998474121094,5.130000114440918,0.6700000166893005,14,88.0,1,060180_235959.093750,1.4047420024871826,-1.1613802909851074,0.0004392825940158218,0.05127818509936333,0.2001672238111496,-0.0002562532899901271,-7.286689651664346e-05,0.000349276204360649,0.0034020282328128815,3.591670247260481e-05,16.0,0,0.9820
2026-05-19T22:42:39.643500,190526_180324.984375,1,58.38108825683594,8.671099662780762,54.20000076293945,5.119999885559082,0.6700000166893005,14,88.0,1,060180_000001.094000,1.3977625370025635,-1.1622546911239624,0.002980948658660054,0.12224967032670975,0.17512884736061096,0.0020099105313420296,0.0006144542712718248,0.0021139439195394516,0.0033931578509509563,3.4818807762349024e-05,16.0,0,0.9806
2026-05-19T22:42:42.689070,190526_180334.000000,1,58.381141662597656,8.670945167541504,55.099998474121094,4.309999942779541,0.6700000166893005,14,88.0,2,060180_000001.094000,1.3977625370025635,-1.1622546911239624,0.002980948658660054,0.12224967032670975,0.17512884736061096,0.0020099105313420296,0.0006144542712718248,0.0021139439195394516,0.0033931578509509563,3.4818807762349024e-05,16.0,0,0.9779
2026-05-19T22:42:45.733366,190526_180335.015625,1,58.38114929199219,8.67093276977539,55.29999923706055,4.03000020980835,0.6700000166893005,14,88.0,2,060180_000003.094000,1.4029388427734375,-1.1623783111572266,0.0013767790514975786,0.08336451649665833,0.16044571995735168,0.0007245446904562414,0.0008397387573495507,-0.0008157172705978155,0.0034630661830306053,3.255599949625321e-05,20.0,0,0.9673
2026-05-19T22:42:48.778202,190526_180344.000000,1,58.381168365478516,8.670758247375488,54.0,3.4000000953674316,0.6700000166893005,14,88.0,1,060180_000003.094000,1.4029388427734375,-1.1623783111572266,0.0013767790514975786,0.08336451649665833,0.16044571995735168,0.0007245446904562414,0.0008397387573495507,-0.0008157172705978155,0.0034630661830306053,3.255599949625321e-05,20.0,0,0.9737
2026-05-19T22:42:51.824075,190526_180352.984375,1,58.38119125366211,8.67057991027832,53.70000076293945,3.619999885559082,0.6700000166893005,14,88.0,1,060180_000007.094000,1.384883165359497,-1.1676310300827026,0.00423654867336154,0.14539964497089386,0.15547622740268707,0.0013726569013670087,-0.003842986188828945,-0.0011382487136870623,0.0033464946318417788,2.7815651264972985e-05,24.0,0,0.9335
2026-05-19T22:42:54.874478,190526_180354.000000,1,58.38119125366211,8.670557022094727,53.5,3.630000114440918,0.6700000166893005,14,88.0,1,060180_000009.094000,1.392960548400879,-1.1638492345809937,0.0033965229522436857,0.09145327657461166,0.09985542297363281,-0.0012573294807225466,0.0030853222124278545,-0.0006605129456147552,0.0019785433541983366,1.3761643458565231e-05,26.0,0,0.9287
2026-05-19T22:42:58.033911,190526_180402.000000,1,58.381229400634766,8.6703519821167,54.29999923706055,3.9700000286102295,0.6700000166893005,14,88.0,1,060180_000011.094000,1.3993281126022339,-1.1531370878219604,0.0042473976500332355,0.11054398119449615,0.09835566580295563,-0.0027989125810563564,0.003194505348801613,-4.012926001450978e-05,0.002282015746459365,1.6945281458902173e-05,24.0,0,0.9384
2026-05-19T22:43:01.080750,190526_180403.015625,1,58.381229400634766,8.670330047607422,54.29999923706055,4.039999961853027,0.6700000166893005,14,88.0,1,060180_000011.094000,1.3993281126022339,-1.1531370878219604,0.0042473976500332355,0.11054398119449615,0.09835566580295563,-0.0027989125810563564,0.003194505348801613,-4.012926001450978e-05,0.002282015746459365,1.6945281458902173e-05,24.0,0,0.9384
2026-05-19T22:43:04.123789,190526_180412.000000,1,58.38127899169922,8.670149803161621,54.79999923706055,3.7699999809265137,0.6700000166893005,14,88.0,1,060180_000051.099998,1.3998876810073853,-1.148844838142395,0.002928844653069973,0.12119334936141968,0.08054284751415253,-0.0007781053427606821,-0.0028068493120372295,0.00030705129029229283,0.0020204992033541203,1.3724130440095905e-05,24.0,0,0.9342
2026-05-19T22:43:07.168643,190526_180412.984375,1,58.381290435791016,8.670133590698242,54.79999923706055,3.6600000858306885,0.6700000166893005,14,88.0,1,060180_000053.099998,1.4066435098648071,-1.145780324935913,0.002506178105250001,0.0874621570110321,0.07859872281551361,-0.0007629800238646567,0.0006912427488714457,0.0022849447559565306,0.001970139564946294,1.2830340892833192e-05,28.0,0,0.9183
2026-05-19T22:43:10.264672,190526_180420.984375,1,58.38132858276367,8.669989585876465,55.900001525878906,4.070000171661377,0.6700000166893005,14,88.0,1,060180_000055.098999,1.4215278625488281,-1.1417783498764038,0.017580514773726463,0.7087175846099854,0.16141653060913086,-5.226909706834704e-05,0.017563890665769577,0.0007625938160344958,0.00375247560441494,2.901824154832866e-05,32.0,0,0.9702
2026-05-19T22:43:13.309508,190526_180431.015625,1,58.381351470947266,8.669795036315918,60.400001525878906,3.9600000381469727,0.6700000166893005,14,88.0,1,060180_000055.098999,1.4215278625488281,-1.1417783498764038,0.017580514773726463,0.7087175846099854,0.16141653060913086,-5.226909706834704e-05,0.017563890665769577,0.0007625938160344958,0.00375247560441494,2.901824154832866e-05,32.0,0,0.9669
2026-05-19T22:43:16.359932,190526_180432.000000,1,58.381351470947266,8.669783592224121,60.599998474121094,4.170000076293945,0.6700000166893005,14,88.0,1,060180_000056.098999,1.461116075515747,-1.1459269523620605,0.003952373284846544,0.02313852868974209,0.16632318496704102,-0.0005747223040089011,0.0037335269153118134,-0.0011626381892710924,0.003995522856712341,3.5813300200970843e-05,28.0,0,0.9399
2026-05-19T22:43:19.408871,190526_180440.000000,1,58.3813591003418,8.669604301452637,62.599998474121094,4.059999942779541,0.6700000166893005,14,88.0,2,060180_000056.098999,1.4925100803375244,-1.1465734243392944,0.0071146381087601185,0.07491908222436905,0.16665399074554443,-0.0005050920881330967,0.007040246855467558,0.0008932381169870496,0.003941894043236971,3.832813672488555e-05,26.0,0,0.9208
2026-05-19T22:43:22.446315,190526_180440.984375,1,58.381370544433594,8.669572830200195,62.79999923706055,4.320000171661377,0.6700000166893005,14,88.0,2,060180_000100.098999,1.5095233917236328,-1.1490434408187866,0.00444253021851182,0.1226944625377655,0.16681744158267975,-0.001193487667478621,0.003400030080229044,0.002598356455564499,0.0038434453308582306,3.955298598157242e-05,26.0,0,0.9436
2026-05-19T22:43:25.493261,190526_180450.000000,1,58.38140869140625,8.669371604919434,63.5,4.96999979019165,0.7799999713897705,13,88.0,2,060180_000102.098999,1.5349839925765991,-1.1500797271728516,0.004976398777216673,0.07249473035335541,0.16734537482261658,-0.0005705742514692247,0.004827359691262245,0.0010656383819878101,0.0038282093591988087,4.0547958633396775e-05,24.0,0,0.9442
2026-05-19T22:43:28.538090,190526_180458.000000,1,58.381439208984375,8.66922664642334,63.599998474121094,4.460000038146973,0.7799999713897705,13,88.0,1,060180_000102.098999,1.5349839925765991,-1.1500797271728516,0.004976398777216673,0.07249473035335541,0.16734537482261658,-0.0005705742514692247,0.004827359691262245,0.0010656383819878101,0.0038282093591988087,4.0547958633396775e-05,24.0,0,0.9398
2026-05-19T22:43:31.583033,190526_180459.015625,1,58.381439208984375,8.669208526611328,63.400001525878906,4.510000228881836,0.7799999713897705,13,88.0,1,060180_000102.098999,1.5349839925765991,-1.1500797271728516,0.004976398777216673,0.07249473035335541,0.16734537482261658,-0.0005705742514692247,0.004827359691262245,0.0010656383819878101,0.0038282093591988087,4.0547958633396775e-05,24.0,0,0.9398
2026-05-19T22:43:34.627979,190526_180507.015625,1,58.381431579589844,8.669052124023438,62.099998474121094,4.409999847412109,0.7799999713897705,13,88.0,1,080180_204317.093750,1.5783110857009888,-1.1553630828857422,0.0035657882690429688,0.19957318902015686,0.1601306051015854,0.001706499489955604,-0.00282121985219419,-0.0013577273348346353,0.0036013410426676273,3.760322215384804e-05,24.0,0,0.9398
2026-05-19T22:43:37.672993,190526_180508.000000,1,58.381439208984375,8.669028282165527,61.900001525878906,4.46999979019165,0.7799999713897705,13,88.0,1,080180_204319.093750,1.5988531112670898,-1.1566357612609863,0.00206448114477098,0.04471064358949661,0.1611088067293167,-0.00030337146017700434,0.0020234317053109407,0.0002752679865807295,0.0035566496662795544,3.82532634830568e-05,24.0,0,0.9402
2026-05-19T22:43:40.720330,190526_180516.000000,1,58.381439208984375,8.668874740600586,59.099998474121094,4.25,0.6800000071525574,14,88.0,1,080180_204321.093750,1.6221694946289062,-1.1575855016708374,0.0036786843556910753,0.05370265990495682,0.11501911282539368,0.00031878770096227527,0.003488106420263648,-0.0011243685148656368,0.0027738898061215878,2.9168555556680076e-05,22.0,0,0.9840
2026-05-19T22:43:43.776327,190526_180516.984375,1,58.381431579589844,8.668856620788574,58.79999923706055,4.210000038146973,0.6700000166893005,14,88.0,1,080180_204321.093750,1.6221694946289062,-1.1575855016708374,0.0036786843556910753,0.05370265990495682,0.11501911282539368,0.00031878770096227527,0.003488106420263648,-0.0011243685148656368,0.0027738898061215878,2.9168555556680076e-05,22.0,0,0.9840
2026-05-19T22:43:46.807513,190526_180524.984375,1,58.38140106201172,8.668707847595215,56.70000076293945,3.799999952316284,0.7799999713897705,13,88.0,1,080180_204323.093750,1.6347846984863281,-1.1523592472076416,0.0037965886294841766,0.1186249703168869,0.05912163108587265,-0.0016796535346657038,0.00336927967146039,-0.0004907178226858377,0.0014899895759299397,1.6558184142922983e-05,24.0,0,0.9253
2026-05-19T22:43:49.852611,190526_180534.000000,1,58.38140106201172,8.668627738952637,55.0,1.9900000095367432,0.6800000071525574,14,88.0,1,080180_204324.078125,1.6536197662353516,-1.1541470289230347,0.0029773449059575796,0.05127418786287308,0.057300642132759094,0.000854683923535049,0.002800117013975978,-0.0005417030188255012,0.0015070075169205666,1.5713989341747947e-05,26.0,0,0.9490
2026-05-19T22:43:52.898155,190526_180535.015625,1,58.38140106201172,8.668627738952637,54.900001525878906,1.6200000047683716,0.6800000071525574,14,88.0,1,080180_204326.078125,1.6658185720443726,-1.1512645483016968,0.0048897890374064445,0.15016613900661469,0.053862396627664566,-0.0007583359838463366,0.003697473555803299,0.0031086415983736515,0.0014082940760999918,1.3714092347072437e-05,26.0,0,0.9396
2026-05-19T22:43:55.944451,190526_180543.015625,1,58.38138961791992,8.668588638305664,54.70000076293945,0.8399999737739563,0.6700000166893005,14,88.0,1,080180_204328.078125,1.6816630363464355,-1.1579174995422363,0.002718218369409442,0.037206798791885376,0.050247542560100555,0.0005248280940577388,0.0026482597459107637,0.00031620843219570816,0.00131807301659137,1.2227192200953141e-05,26.0,1,0.6702
2026-05-19T22:43:58.989238,190526_180544.000000,1,58.38138961791992,8.668575286865234,54.599998474121094,1.0099999904632568,0.6700000166893005,14,88.0,1,080180_204328.078125,1.6816630363464355,-1.1579174995422363,0.002718218369409442,0.037206798791885376,0.050247542560100555,0.0005248280940577388,0.0026482597459107637,0.00031620843219570816,0.00131807301659137,1.2227192200953141e-05,26.0,0,0.6606
2026-05-19T22:44:02.036785,190526_180552.000000,1,58.3813591003418,8.668471336364746,54.099998474121094,2.25,0.7200000286102295,14,88.0,1,080180_204329.093750,1.6865969896316528,-1.1588518619537354,0.0020701743196696043,0.0508953295648098,0.051286306232213974,-0.0004846259253099561,0.001682823640294373,0.0011040217941626906,0.0013302929000928998,1.1156345863128081e-05,26.0,0,0.9412
2026-05-19T22:44:05.079135,190526_180608.984375,1,58.381370544433594,8.668246269226074,54.599998474121094,2.0,0.6700000166893005,14,88.0,2,080180_204332.078125,1.6919115781784058,-1.164366602897644,0.0024994676932692528,0.021392444148659706,0.05057578161358833,0.0018871405627578497,0.0016295789973810315,-0.00017467624275013804,0.0012134240241721272,9.13924213818973e-06,26.0,0,0.8700
2026-05-19T22:44:08.125238,190526_180610.000000,1,58.381370544433594,8.668246269226074,54.5,1.9500000476837158,0.6499999761581421,15,88.0,2,080180_204332.078125,1.6919115781784058,-1.164366602897644,0.0024994676932692528,0.021392444148659706,0.05057578161358833,0.0018871405627578497,0.0016295789973810315,-0.00017467624275013804,0.0012134240241721272,9.13924213818973e-06,26.0,0,0.8700
2026-05-19T22:44:11.169018,190526_180618.000000,1,58.3813591003418,8.668413162231445,54.099998474121094,3.240000009536743,0.6499999761581421,15,88.0,2,080180_204336.078125,1.709118127822876,-1.1659618616104126,0.0017330226255580783,0.052965905517339706,0.04458902031183243,0.0002361214574193582,0.00017649010987952352,0.001707766205072403,0.0011226588394492865,6.958031917747576e-06,22.0,0,0.8195
2026-05-19T22:44:14.214004,190526_180619.015625,1,58.3813591003418,8.668438911437988,54.5,3.5,0.6499999761581421,15,88.0,2,080180_204338.078125,1.71328604221344,-1.1654503345489502,0.0024181955959647894,0.17704032361507416,0.04959699884057045,0.0017723188502714038,-0.0009032899397425354,-0.0013749992940574884,0.0009970004903152585,6.882823072373867e-06,24.0,0,0.5276
2026-05-19T22:44:17.259176,190526_180627.015625,1,58.381370544433594,8.668638229370117,55.0,5.150000095367432,0.6499999761581421,15,88.0,2,080180_204338.078125,1.71328604221344,-1.1654503345489502,0.0024181955959647894,0.17704032361507416,0.04959699884057045,0.0017723188502714038,-0.0009032899397425354,-0.0013749992940574884,0.0009970004903152585,6.882823072373867e-06,24.0,0,0.5302
2026-05-19T22:44:20.304874,190526_180628.000000,1,58.381378173828125,8.668661117553711,55.400001525878906,5.289999961853027,0.6499999761581421,15,88.0,2,080180_204418.078125,1.7379820346832275,-1.1540676355361938,0.0030881939455866814,0.04179798811674118,0.049804240465164185,-0.001134405960328877,0.002614924218505621,0.0011883752886205912,0.0012311410391703248,8.184951184375677e-06,20.0,0,0.6445
2026-05-19T22:44:23.352541,190526_180636.000000,1,58.38142013549805,8.668839454650879,58.900001525878906,5.650000095367432,0.6899999976158142,14,88.0,2,080180_204420.078125,1.7610790729522705,-1.1392581462860107,0.0042838118970394135,0.0833892896771431,0.05163993686437607,-0.002701960504055023,0.003194814082235098,0.0009184882510453463,0.0014090902404859662,9.559046702634078e-06,20.0,0,0.9295
2026-05-19T22:44:26.396696,190526_180636.984375,1,58.381431579589844,8.668867111206055,59.29999923706055,5.670000076293945,0.6700000166893005,14,88.0,2,080180_204422.078125,1.7821837663650513,-1.1263290643692017,0.004213458392769098,0.08437478542327881,0.0529782772064209,-0.0031962241046130657,0.0027229737024754286,0.0003504265332594514,0.0015220647910609841,1.0940788342850283e-05,23.0,0,0.9627
2026-05-19T22:44:29.446629,190526_180644.984375,1,58.3814582824707,8.669089317321777,59.900001525878906,5.739999771118164,0.6499999761581421,15,88.0,2,080180_204422.078125,1.7821837663650513,-1.1263290643692017,0.004213458392769098,0.08437478542327881,0.0529782772064209,-0.0031962241046130657,0.0027229737024754286,0.0003504265332594514,0.0015220647910609841,1.0940788342850283e-05,23.0,0,0.9610
2026-05-19T22:44:32.491472,190526_180652.984375,1,58.3814697265625,8.6693115234375,58.900001525878906,6.230000019073486,0.7599999904632568,14,88.0,2,080180_204423.093750,1.7901092767715454,-1.121894121170044,0.0029256190173327923,0.1108240857720375,0.05408160015940666,-0.0010297087719663978,0.002729447791352868,-0.00022149871801957488,0.001500187092460692,1.1338732292642817e-05,21.0,0,0.9177
2026-05-19T22:44:35.536450,190526_180654.000000,1,58.3814697265625,8.669340133666992,58.900001525878906,6.329999923706055,0.8999999761581421,14,88.0,2,080180_204425.093750,1.7906391620635986,-1.1215986013412476,0.002009300049394369,0.08882390707731247,0.05353846028447151,0.00027714073075912893,-0.0008867676369845867,0.0017816070467233658,0.0014774295268580317,1.1528280992934015e-05,21.0,0,0.9037
2026-05-19T22:44:38.581345,190526_180702.000000,1,58.3814582824707,8.669466972351074,59.29999923706055,4.28000020980835,0.7599999904632568,14,88.0,2,080180_204427.093750,1.7881652116775513,-1.1122575998306274,0.003557200776413083,0.020685384050011635,0.054015543311834335,-0.0009727469878271222,-0.0033257403410971165,-0.0008042959962040186,0.0014889457961544394,1.184450593427755e-05,23.0,0,0.9801
2026-05-19T22:44:41.626241,190526_180703.015625,1,58.381439208984375,8.669483184814453,59.099998474121094,3.8299999237060547,0.7599999904632568,14,88.0,2,080180_204429.093750,1.7810572385787964,-1.104131817817688,0.0025037943851202726,0.027874017134308815,0.05468190088868141,-0.0010921392822638154,-0.0022522283252328634,6.069960363674909e-05,0.001425489317625761,1.2443055311450735e-05,21.0,0,0.9437
2026-05-19T22:44:44.671505,190526_180711.015625,1,58.381370544433594,8.669739723205566,53.79999923706055,3.8299999237060547,0.6700000166893005,15,88.0,2,080180_204431.093750,1.7741975784301758,-1.088629126548767,0.0029258516151458025,0.09239412099123001,0.049956485629081726,-0.0026366012170910835,-0.0010079144267365336,-0.0007700970163568854,0.0014062136178836226,1.2695380974037107e-05,21.0,0,0.9581
2026-05-19T22:44:47.716907,190526_180712.000000,1,58.381370544433594,8.669771194458008,53.29999923706055,6.110000133514404,0.6700000166893005,15,88.0,2,080180_204431.093750,1.7741975784301758,-1.088629126548767,0.0029258516151458025,0.09239412099123001,0.049956485629081726,-0.0026366012170910835,-0.0010079144267365336,-0.0007700970163568854,0.0014062136178836226,1.2695380974037107e-05,21.0,0,0.9283
2026-05-19T22:44:50.761370,190526_180720.000000,1,58.38132095336914,8.66994571685791,51.0,5.650000095367432,0.8999999761581421,14,88.0,2,080180_204433.093750,1.7688344717025757,-1.0809043645858765,0.0014102197019383311,0.08337096124887466,0.047984082251787186,0.00014137258403934538,-0.000250114593654871,0.0013806434581056237,0.0013129730941727757,1.1062675184803084e-05,19.0,0,0.9553
2026-05-19T22:44:53.805909,190526_180720.984375,1,58.38132095336914,8.669964790344238,51.0,5.650000095367432,0.7599999904632568,14,88.0,2,080180_204435.093750,1.77101469039917,-1.0715322494506836,0.0014530664775520563,0.013281256891787052,0.04725697636604309,-0.001019744435325265,0.0009620728669688106,0.00038201993447728455,0.001255486044101417,9.14880456548417e-06,17.0,0,0.7187
2026-05-19T22:44:56.852874,190526_180728.984375,1,58.38127136230469,8.670144081115723,50.400001525878906,5.309999942779541,0.6499999761581421,15,88.0,2,080180_204437.093750,1.7622278928756714,-1.0632340908050537,0.006562481168657541,0.1608329713344574,0.04680094122886658,-0.0022391672246158123,-0.003725558053702116,-0.004916554316878319,0.0012052321108058095,8.494754183629993e-06,15.0,0,0.7120
2026-05-19T22:44:59.902829,190526_180738.000000,1,58.381221771240234,8.670350074768066,49.400001525878906,5.579999923706055,0.6499999761581421,15,88.0,2,080180_204439.093750,1.762956142425537,-1.0545178651809692,0.0015359082026407123,0.08547947555780411,0.044579800218343735,-0.0014386908151209354,0.0003970340476371348,-0.00036269365227781236,0.0011214924743399024,7.489944891858613e-06,15.0,0,0.7720
2026-05-19T22:45:02.947626,190526_180746.000000,1,58.38119888305664,8.670536041259766,49.099998474121094,5.099999904632568,0.6499999761581421,15,88.0,2,080180_204439.093750,1.762956142425537,-1.0545178651809692,0.0015359082026407123,0.08547947555780411,0.044579800218343735,-0.0014386908151209354,0.0003970340476371348,-0.00036269365227781236,0.0011214924743399024,7.489944891858613e-06,15.0,0,0.7679
2026-05-19T22:45:05.992593,190526_180756.000000,1,58.381141662597656,8.670784950256348,49.099998474121094,5.190000057220459,0.6499999761581421,15,88.0,2,080180_204441.093750,1.7564935684204102,-1.0498515367507935,0.004411343019455671,0.13110525906085968,0.044950537383556366,0.00047400500625371933,-0.004374452866613865,-0.00031532670254819095,0.001209485693834722,7.430994173773797e-06,19.0,0,0.7161
2026-05-19T22:45:09.037926,190526_180804.000000,1,58.381099700927734,8.670969009399414,50.099998474121094,4.690000057220459,0.6499999761581421,15,88.0,2,080180_204443.093750,1.7531877756118774,-1.047656536102295,0.0007277499535121024,0.011055456474423409,0.045820608735084534,-9.126716031460091e-05,-0.00027539211441762745,-0.0006674200412817299,0.0012426230823621154,7.26349935575854e-06,19.0,0,0.6975
2026-05-19T22:45:12.082460,190526_180804.984375,1,58.381099700927734,8.670991897583008,49.900001525878906,4.510000228881836,0.6499999761581421,15,88.0,2,080180_204445.093750,1.7502034902572632,-1.0420429706573486,0.0027939549181610346,0.06821921467781067,0.045466020703315735,-0.001439369865693152,-0.0016576689667999744,-0.0017281585605815053,0.0011841852683573961,7.016816653049318e-06,21.0,0,0.6042
2026-05-19T22:45:15.142508,190526_180820.984375,1,58.38103103637695,8.671402931213379,53.20000076293945,5.590000152587891,0.6499999761581421,15,88.0,2,080180_204447.093750,1.7375332117080688,-1.0422978401184082,0.005703352857381105,0.18455900251865387,0.04854332283139229,-0.00035861352807842195,-0.005611273925751448,-0.000955634459387511,0.0012863107258453965,7.211951924546156e-06,23.0,0,0.8213
2026-05-19T22:45:18.187744,190526_180822.000000,1,58.38103103637695,8.671428680419922,53.099998474121094,5.630000114440918,0.6499999761581421,15,88.0,2,080180_204447.093750,1.7375332117080688,-1.0422978401184082,0.005703352857381105,0.18455900251865387,0.04854332283139229,-0.00035861352807842195,-0.005611273925751448,-0.000955634459387511,0.0012863107258453965,7.211951924546156e-06,23.0,0,0.8213
2026-05-19T22:45:21.232339,190526_180830.000000,1,58.38098907470703,8.671614646911621,52.599998474121094,5.130000114440918,0.6499999761581421,15,88.0,2,080180_204449.093750,1.7385200262069702,-1.0375381708145142,0.0014330780832096934,0.11998289823532104,0.04904543608427048,-7.24123528925702e-05,0.00040926801739260554,0.001371484249830246,0.0012527488870546222,6.543715699081076e-06,21.0,0,0.6133
2026-05-19T22:45:24.277188,190526_180831.015625,1,58.38098907470703,8.671637535095215,52.29999923706055,5.090000152587891,0.6499999761581421,15,88.0,2,080180_204451.093750,1.7361630201339722,-1.0369839668273926,0.0020178465638309717,0.08304456621408463,0.054815761744976044,5.022888944949955e-05,0.0009237268823198974,0.001793295843526721,0.001301899435929954,7.059393283270765e-06,25.0,0,0.7703
2026-05-19T22:45:27.324183,190526_180839.015625,1,58.38093185424805,8.671810150146484,52.0,5.25,0.6700000166893005,14,88.0,2,080180_204453.093750,1.7342015504837036,-1.0334051847457886,0.002784863580018282,0.08851714432239532,0.055056992918252945,-0.0002448655723128468,-0.0024472957011312246,0.001306234858930111,0.0013191530015319586,7.197139893833082e-06,29.0,1,0.5026
2026-05-19T22:45:30.376037,190526_180840.000000,1,58.38093185424805,8.671831130981445,51.79999923706055,5.230000019073486,0.6700000166893005,14,88.0,2,080180_204455.093750,1.7388054132461548,-1.0296337604522705,0.003976005129516125,0.13955806195735931,0.05474066734313965,0.0006399382255040109,0.002175225643441081,0.003266111947596073,0.0011877635261043906,6.656240657321177e-06,28.0,1,0.5134
2026-05-19T22:45:33.420951,190526_180848.000000,1,58.380889892578125,8.671995162963867,52.099998474121094,5.230000019073486,0.6499999761581421,15,88.0,2,080180_204455.093750,1.7388054132461548,-1.0296337604522705,0.003976005129516125,0.13955806195735931,0.05474066734313965,0.0006399382255040109,0.002175225643441081,0.003266111947596073,0.0011877635261043906,6.656240657321177e-06,28.0,1,0.5134
2026-05-19T22:45:36.465925,190526_180848.984375,1,58.380889892578125,8.672015190124512,51.900001525878906,5.059999942779541,0.6700000166893005,14,88.0,2,080180_204456.078125,1.742430329322815,-1.0263392925262451,0.0007369805825874209,0.06451189517974854,0.05516919121146202,0.0005134805687703192,0.0005037665832787752,-0.00016030360711738467,0.001222936436533928,6.585009032278322e-06,28.0,1,0.5570
2026-05-19T22:45:39.510882,190526_180856.984375,1,58.38084030151367,8.672191619873047,51.79999923706055,4.940000057220459,0.6700000166893005,14,88.0,2,080180_204538.078125,1.735339641571045,-1.0238569974899292,0.00598313519731164,0.19929809868335724,0.059250276535749435,0.00031628020224161446,-0.005961243994534016,-0.00040179883944801986,0.0013232198543846607,7.3322862590430304e-06,26.0,0,0.5630
2026-05-19T22:45:42.555665,190526_180914.000000,1,58.3807487487793,8.672581672668457,51.5,4.650000095367432,0.6700000166893005,14,88.0,2,080180_204540.078125,1.7302546501159668,-1.0231881141662598,0.003477707738056779,0.10013466328382492,0.06085888296365738,6.945661152713001e-05,-0.0034543268848210573,0.00039655130240134895,0.0013130813604220748,7.751546945655718e-06,26.0,1,0.5543
2026-05-19T22:45:45.604583,190526_180915.015625,1,58.3807487487793,8.672597885131836,51.70000076293945,4.480000019073486,0.6700000166893005,14,88.0,2,080180_204540.078125,1.7302546501159668,-1.0231881141662598,0.003477707738056779,0.10013466328382492,0.06085888296365738,6.945661152713001e-05,-0.0034543268848210573,0.00039655130240134895,0.0013130813604220748,7.751546945655718e-06,26.0,1,0.5543
2026-05-19T22:45:48.649616,190526_180923.015625,1,58.38071823120117,8.672723770141602,51.70000076293945,3.869999885559082,0.6700000166893005,14,88.0,2,080180_204542.078125,1.7254306077957153,-1.020443081855774,0.0022120284847915173,0.06864283978939056,0.060282785445451736,0.0014790705172345042,0.00154728046618402,-0.0005579814896918833,0.0013338730204850435,7.703712071815971e-06,28.0,1,0.5957
2026-05-19T22:45:51.695445,190526_180924.000000,1,58.38071823120117,8.67273998260498,51.79999923706055,3.799999952316284,0.6700000166893005,14,88.0,2,080180_204544.078125,1.7194788455963135,-1.0220190286636353,0.0022009131498634815,0.07285229116678238,0.06826527416706085,0.0014538160758093,0.0015327617293223739,-0.0006173152942210436,0.0014716727891936898,8.498896022501867e-06,30.0,0,0.5906
2026-05-19T22:45:54.739404,190526_180931.015625,1,58.38071823120117,8.67283821105957,51.400001525878906,3.799999952316284,0.6700000166893005,14,88.0,2,080180_204546.078125,1.712986946105957,-1.0216233730316162,0.0017819419736042619,0.14824460446834564,0.06831280887126923,-0.0006528451922349632,0.0007262176368385553,0.0014905427815392613,0.001421452732756734,8.149093446263578e-06,30.0,0,0.6003
2026-05-19T22:45:57.786307,190526_180932.000000,1,58.38071823120117,8.67283821105957,51.400001525878906,2.259999990463257,0.6700000166893005,14,88.0,2,080180_204548.078125,1.7193163633346558,-1.0148195028305054,0.00836405623704195,0.27139100432395935,0.07660169899463654,-0.004428951069712639,-0.007060412783175707,0.0007017080788500607,0.0018568732775747776,1.1595322575885803e-05,30.0,0,0.9686
2026-05-19T22:46:00.836226,190526_180940.984375,1,58.38069152832031,8.672833442687988,51.0,0.0,0.7099999785423279,13,88.0,2,080180_204548.078125,1.7193163633346558,-1.0148195028305054,0.00836405623704195,0.27139100432395935,0.07660169899463654,-0.004428951069712639,-0.007060412783175707,0.0007017080788500607,0.0018568732775747776,1.1595322575885803e-05,30.0,0,0.7935
2026-05-19T22:46:03.881168,190526_180950.000000,1,58.38069152832031,8.672833442687988,51.0,0.0,0.6600000262260437,15,88.0,2,080180_204549.093750,1.7202576398849487,-1.0141034126281738,0.0012463628081604838,0.061086494475603104,0.07730799913406372,-0.0002334855089429766,-0.0004257360997144133,-0.0011478908127173781,0.0018846177263185382,1.132240504375659e-05,28.0,0,0.7282
2026-05-19T22:46:06.926087,190526_180958.000000,1,58.38069152832031,8.672833442687988,51.0,0.0,0.6600000262260437,15,88.0,2,080180_204551.093750,1.7178115844726562,-1.0114266872406006,0.002262045629322529,0.09107040613889694,0.07755403220653534,-0.0002913661301136017,-0.0008418679353781044,-0.00207923399284482,0.0018759813392534852,1.0995818229275756e-05,28.0,0,0.7282
2026-05-19T22:46:09.971987,190526_180959.015625,1,58.38069152832031,8.672833442687988,51.0,0.0,0.6600000262260437,15,88.0,2,080180_204551.093750,1.719793438911438,-1.011804461479187,0.0018290639854967594,0.04275117814540863,0.07690060138702393,-0.00011533579527167603,0.001217303448356688,0.0013602739199995995,0.0018634004518389702,1.0321240552002564e-05,26.0,0,0.6389
2026-05-19T22:46:13.016931,190526_181007.015625,1,58.380680084228516,8.672901153564453,51.099998474121094,1.5499999523162842,0.6600000262260437,15,88.0,2,080180_204555.093750,1.714862585067749,-1.0103117227554321,0.0009968257509171963,0.08059995621442795,0.07317408919334412,0.00043840587022714317,2.7088462957181036e-05,-0.000894834054633975,0.0018098305445164442,9.325493920187e-06,26.0,0,0.9187
2026-05-19T22:46:16.066244,190526_181008.000000,1,58.380680084228516,8.672924041748047,51.0,1.8899999856948853,0.6600000262260437,15,88.0,2,080180_204557.093750,1.7224384546279907,-1.0078718662261963,0.0019077503820881248,0.038401827216148376,0.07351507246494293,4.999470547772944e-06,0.0011371067957952619,-0.001531820511445403,0.0017870620358735323,8.81687992659863e-06,22.0,0,0.9682
2026-05-19T22:46:19.108776,190526_181016.000000,1,58.38064956665039,8.673112869262695,50.70000076293945,4.630000114440918,0.7300000190734863,12,88.0,2,080180_204557.093750,1.7224384546279907,-1.0078718662261963,0.0019077503820881248,0.038401827216148376,0.07351507246494293,4.999470547772944e-06,0.0011371067957952619,-0.001531820511445403,0.0017870620358735323,8.81687992659863e-06,22.0,0,0.8309
2026-05-19T22:46:22.155680,190526_181024.984375,1,58.380619049072266,8.673284530639648,50.400001525878906,4.28000020980835,0.6899999976158142,14,88.0,2,080180_204559.093750,1.725519061088562,-1.007058024406433,0.0013927370309829712,0.07327893376350403,0.06298341602087021,-0.0003856361727230251,0.0011392583837732673,0.0007022045901976526,0.0015898701967671514,7.599187483720016e-06,22.0,0,0.7988
2026-05-19T22:46:25.202660,190526_181034.000000,1,58.38056182861328,8.673482894897461,48.20000076293945,5.150000095367432,0.6899999976158142,14,88.0,2,080180_204601.093750,1.7317482233047485,-1.0075122117996216,0.002381711732596159,0.11262741684913635,0.0634450763463974,0.001912987674586475,0.00015420130512211472,0.001410408061929047,0.0015832470962777734,7.79037600295851e-06,20.0,0,0.7164
2026-05-19T22:46:28.252241,190526_181042.000000,1,58.38051986694336,8.673686981201172,45.5,5.150000095367432,0.6899999976158142,14,88.0,2,080180_204603.093750,1.7364521026611328,-1.0090131759643555,0.001691475510597229,0.06398673355579376,0.05049280822277069,0.0002292646822752431,0.0007708175689913332,-0.0014880751259624958,0.0011880795937031507,5.6680560192035045e-06,20.0,0,0.7706
2026-05-19T22:46:31.302674,190526_181051.015625,1,58.3804817199707,8.673921585083008,43.400001525878906,5.309999942779541,0.6600000262260437,15,88.0,2,080180_204605.093750,1.7324079275131226,-1.0073907375335693,0.0020412872545421124,0.09121161699295044,0.042647603899240494,0.0002050890907412395,-0.0014472102047875524,0.001424912130460143,0.0008177437703125179,4.49011531600263e-06,21.0,0,0.5770
2026-05-19T22:46:34.421240,190526_181052.000000,1,58.3804817199707,8.673948287963867,43.20000076293945,5.25,0.6600000262260437,15,88.0,2,080180_204605.093750,1.7324079275131226,-1.0073907375335693,0.0020412872545421124,0.09121161699295044,0.042647603899240494,0.0002050890907412395,-0.0014472102047875524,0.001424912130460143,0.0008177437703125179,4.49011531600263e-06,21.0,0,0.5770
2026-05-19T22:46:37.389445,190526_181100.000000,1,58.38045883178711,8.67414665222168,43.099998474121094,4.980000019073486,0.6600000262260437,15,88.0,2,080180_204607.093750,1.7301976680755615,-1.0039108991622925,0.003891994711011648,0.15162509679794312,0.043888818472623825,-0.0004117659409530461,-0.00351269100792706,-0.0016245223814621568,0.0008569614728912711,4.757421720569255e-06,25.0,0,0.6641
2026-05-19T22:46:40.436274,190526_181108.984375,1,58.38043975830078,8.674356460571289,43.0,5.079999923706055,0.6600000262260437,15,88.0,2,080180_204609.093750,1.7253073453903198,-1.000321626663208,0.002169255865737796,0.16340476274490356,0.04722494259476662,-0.0019637467339634895,0.000920979306101799,-3.4156619221903384e-05,0.0008897972293198109,4.9823456720332615e-06,23.0,0,0.8248
2026-05-19T22:46:43.481109,190526_181116.984375,1,58.38045120239258,8.674562454223633,43.29999923706055,4.949999809265137,0.6600000262260437,15,88.0,2,080180_204610.078125,1.728887677192688,-0.992326557636261,0.001820613513700664,0.19070203602313995,0.053126025944948196,-0.0012099342420697212,0.001353902043774724,-0.00013282508007250726,0.0009943917393684387,5.6815579227986746e-06,23.0,0,0.8377
2026-05-19T22:46:46.547043,190526_181118.000000,1,58.38045120239258,8.674588203430176,43.29999923706055,4.96999979019165,0.6600000262260437,15,88.0,2,080180_204613.093750,1.7284618616104126,-0.9903785586357117,0.001104526687413454,0.07694237679243088,0.052526962012052536,-0.0009292725007981062,0.0005109134945087135,-0.00030886760214343667,0.0009667137637734413,5.621790023724316e-06,21.0,0,0.7518
2026-05-19T22:46:49.589004,190526_181126.000000,1,58.38045120239258,8.674761772155762,42.20000076293945,4.489999771118164,0.6700000166893005,14,88.0,2,080180_204613.093750,1.7284618616104126,-0.9903785586357117,0.001104526687413454,0.07694237679243088,0.052526962012052536,-0.0009292725007981062,0.0005109134945087135,-0.00030886760214343667,0.0009667137637734413,5.621790023724316e-06,21.0,0,0.6354
2026-05-19T22:46:52.634983,190526_181127.015625,1,58.38045120239258,8.67479133605957,42.599998474121094,4.579999923706055,0.6600000262260437,15,88.0,2,080180_204615.093750,1.721995234489441,-0.9858110547065735,0.00366421090438962,0.15319792926311493,0.06729164719581604,-0.0007169637246988714,-0.00351008796133101,-0.0007692111539654434,0.0015200673369690776,8.515688932675403e-06,23.0,0,0.8055
2026-05-19T22:46:55.679913,190526_181135.015625,1,58.38045120239258,8.674966812133789,41.900001525878906,4.789999961853027,0.6600000262260437,15,88.0,2,080180_204617.093750,1.7251731157302856,-0.9872512817382812,0.0010971317533403635,0.06565818935632706,0.0680171325802803,-2.6890109438681975e-05,0.00104533729609102,0.00033203160273842514,0.0015601152554154396,8.264409188996069e-06,25.0,0,0.7279
2026-05-19T22:46:58.726764,190526_181136.000000,1,58.38045120239258,8.674982070922852,41.5,4.550000190734863,0.6600000262260437,15,88.0,2,080180_204658.078125,1.725674033164978,-0.9772905111312866,0.0027652813587337732,0.18187864124774933,0.07387292385101318,-0.0008568941848352551,0.0018429094925522804,0.001875152811408043,0.0016739688580855727,9.276694981963374e-06,25.0,0,0.7284
2026-05-19T22:51:13.706595,190526_172948.984375,1,58.36874008178711,8.624114990234375,51.20000076293945,0.0,0.8100000023841858,12,29.690000534057617,2,190526_205059.093750,1.662856101989746,-0.9939078092575073,0.0021709436550736427,0.16391552984714508,0.04971257224678993,0.0016692063072696328,0.001003139652311802,0.0009594046860001981,0.0008801121730357409,5.071903615316842e-06,20.0,0,0.8694
2026-05-19T22:51:16.751163,190526_172956.984375,1,58.36874008178711,8.624114990234375,51.20000076293945,0.0,0.8100000023841858,12,29.690000534057617,2,190526_205059.093750,1.662856101989746,-0.9939078092575073,0.0021709436550736427,0.16391552984714508,0.04971257224678993,0.0016692063072696328,0.001003139652311802,0.0009594046860001981,0.0008801121730357409,5.071903615316842e-06,20.0,0,0.8694
2026-05-19T22:51:19.797192,190526_172958.000000,1,58.36874008178711,8.624114990234375,51.20000076293945,0.0,0.7799999713897705,13,29.690000534057617,2,190526_205101.093750,1.661772608757019,-0.9865966439247131,0.0011267963564023376,0.030097596347332,0.05113442987203598,0.0003585533413570374,-0.0008877526270225644,-0.0005941421259194613,0.0008772186702117324,5.046784735895926e-06,22.0,0,0.9182
2026-05-19T22:51:22.842135,190526_173006.000000,1,58.36874008178711,8.624114990234375,51.20000076293945,0.0,0.7300000190734863,14,29.690000534057617,2,190526_205103.093750,1.6669713258743286,-0.9807958006858826,0.0020622569136321545,0.09250964224338531,0.0528012178838253,-0.0018676233012229204,-0.0008706460357643664,-8.284020441351458e-05,0.0009094549459405243,5.216457793721929e-06,24.0,0,0.7025
2026-05-19T22:51:25.884965,190526_173007.015625,1,58.36874008178711,8.624114990234375,51.20000076293945,0.0,0.7300000190734863,14,29.690000534057617,2,190526_205105.093750,1.663115382194519,-0.9808028340339661,0.0012641876237466931,0.12429279088973999,0.047704972326755524,0.001048494246788323,0.00015156157314777374,0.0006898255087435246,0.0008216639398597181,4.442716544872383e-06,24.0,0,0.7025
2026-05-19T22:51:29.079958,190526_173024.000000,1,58.36875915527344,8.62407112121582,49.599998474121094,3.490000009536743,0.7599999904632568,13,29.690000534057617,2,190526_205106.078125,1.6585670709609985,-0.9768491983413696,0.0016469816910102963,0.0547904372215271,0.04938441887497902,0.00015921653539407998,0.001605033758096397,-0.0003332642081659287,0.0008933439385145903,5.006615992897423e-06,24.0,1,0.5172
2026-05-19T22:51:32.124725,190526_173032.000000,1,58.36846923828125,8.623608589172363,46.900001525878906,27.170000076293945,0.699999988079071,15,29.690000534057617,2,190526_205106.078125,1.6585670709609985,-0.9768491983413696,0.0016469816910102963,0.0547904372215271,0.04938441887497902,0.00015921653539407998,0.001605033758096397,-0.0003332642081659287,0.0008933439385145903,5.006615992897423e-06,24.0,1,0.9764
2026-05-19T22:51:35.170702,190526_173040.984375,1,58.368309020996094,8.623424530029297,44.5,0.0,0.7599999904632568,13,29.690000534057617,2,190526_205108.078125,1.6636251211166382,-0.9851357340812683,0.0023604859597980976,0.06701919436454773,0.04812825843691826,0.0020708877127617598,0.0008747703395783901,0.000719788484275341,0.000873273704200983,5.351332220016047e-06,26.0,0,0.6681
2026-05-19T22:51:38.214670,190526_173050.000000,1,58.36840057373047,8.622523307800293,41.20000076293945,46.0,0.7599999904632568,13,29.690000534057617,2,190526_205110.078125,1.6629769802093506,-0.9843880534172058,0.0012272469466552138,0.05979363992810249,0.04882264509797096,0.00049930764362216,0.0010116543853655457,0.0004830968682654202,0.0008801760268397629,5.469173174788011e-06,24.0,1,0.9794
2026-05-19T22:51:41.262850,190526_173058.000000,1,58.36867904663086,8.620403289794922,36.20000076293945,58.7400016784668,0.7599999904632568,13,29.690000534057617,2,190526_205112.078125,1.6690455675125122,-0.9856723546981812,0.004713210742920637,0.13257959485054016,0.049429409205913544,0.0010197169613093138,0.0012799438554793596,0.004419985692948103,0.0009609453845769167,5.830740974488435e-06,24.0,1,0.9786
2026-05-19T22:51:44.307440,190526_173059.015625,1,58.36875915527344,8.620118141174316,35.599998474121094,59.279998779296875,0.7099999785423279,14,29.690000534057617,2,190526_205114.078125,1.6567631959915161,-0.9833104610443115,0.002658165991306305,0.07261168211698532,0.06055273488163948,0.00016432830307167023,-0.002644746331498027,-0.00021014007506892085,0.001269916188903153,6.9282336880860385e-06,24.0,1,0.9777
2026-05-19T22:51:47.355326,190526_173115.015625,1,58.370399475097656,8.61791706085205,36.400001525878906,27.40999984741211,0.7699999809265137,14,29.690000534057617,2,190526_205114.078125,1.6567631959915161,-0.9833104610443115,0.002658165991306305,0.07261168211698532,0.06055273488163948,0.00016432830307167023,-0.002644746331498027,-0.00021014007506892085,0.001269916188903153,6.9282336880860385e-06,24.0,1,0.9665
2026-05-19T22:51:50.397280,190526_173116.000000,1,58.37044906616211,8.617879867553711,37.20000076293945,25.260000228881836,0.7699999809265137,14,29.690000534057617,2,190526_205116.078125,1.651919960975647,-0.9813348650932312,0.0007852176204323769,0.07084440439939499,0.058484263718128204,-0.000172422660398297,-0.0007369474624283612,0.00020915443019475788,0.0012943915789946914,6.752045464963885e-06,22.0,1,0.8837
2026-05-19T22:51:53.444175,190526_173124.000000,1,58.37113952636719,8.616841316223145,42.20000076293945,51.02000045776367,0.6899999976158142,15,29.690000534057617,2,190526_205117.093750,1.6535930633544922,-0.9816423058509827,0.0015186811797320843,0.05762525275349617,0.0552629753947258,0.00017170245700981468,-0.00091636209981516,0.0011988291516900063,0.0012733665062114596,6.144440249045147e-06,20.0,1,0.9525
2026-05-19T22:51:56.487120,190526_173124.984375,1,58.37123107910156,8.616700172424316,42.70000076293945,47.27000045776367,0.6899999976158142,15,29.690000534057617,2,190526_205154.093750,1.6564960479736328,-0.9825829267501831,0.0015376285882666707,0.11594823747873306,0.055668383836746216,-0.0015351264737546444,4.081119186594151e-05,7.760831795167178e-05,0.0012802255805581808,6.182248398545198e-06,22.0,1,0.9307
2026-05-19T22:51:59.532073,190526_173132.984375,1,58.371238708496094,8.615471839904785,41.099998474121094,38.79999923706055,0.7599999904632568,13,29.690000534057617,2,190526_205156.093750,1.6494054794311523,-0.9830942749977112,0.0023500132374465466,0.03795876353979111,0.05412093549966812,-0.0004153073823545128,-0.001738513121381402,-0.001525664934888482,0.0012095448328182101,5.75597505303449e-06,20.0,1,0.9423
2026-05-19T22:52:03.127056,190526_173140.984375,1,58.37049102783203,8.614922523498535,39.0,58.790000915527344,0.7300000190734863,14,29.690000534057617,2,190526_205158.093750,1.643570899963379,-0.9813199043273926,0.0024524175096303225,0.15734991431236267,0.058120690286159515,-0.001745296292938292,0.001629710546694696,-0.0005588704952970147,0.0012535755522549152,6.36297045275569e-06,22.0,1,0.9292
2026-05-19T22:52:06.171960,190526_173142.000000,1,58.37042999267578,8.614636421203613,38.0,62.900001525878906,0.7300000190734863,14,29.690000534057617,2,190526_205158.093750,1.643570899963379,-0.9813199043273926,0.0024524175096303225,0.15734991431236267,0.058120690286159515,-0.001745296292938292,0.001629710546694696,-0.0005588704952970147,0.0012535755522549152,6.36297045275569e-06,22.0,1,0.9187
2026-05-19T22:52:09.217023,190526_173150.000000,1,58.36994934082031,8.611645698547363,36.79999923706055,80.33000183105469,0.8600000143051147,11,29.690000534057617,2,190526_205200.078125,1.643984079360962,-0.98095703125,0.0020897751674056053,0.06004273146390915,0.05793944001197815,-0.0011433864710852504,0.0017200065776705742,0.00031844264594838023,0.001253386028110981,5.972588951408397e-06,22.0,1,0.9109
2026-05-19T22:52:12.261708,190526_173158.000000,1,58.36914825439453,8.608739852905273,34.79999923706055,46.52000045776367,0.9300000071525574,10,29.690000534057617,2,190526_205202.078125,1.6485636234283447,-0.9837311506271362,0.0016410831594839692,0.09506996721029282,0.058046262711286545,2.0427192794159055e-05,0.001381950336508453,0.0008848445722833276,0.0012565409997478127,6.147174644866027e-06,26.0,1,0.9807
2026-05-19T22:52:15.310701,190526_173159.015625,1,58.36899948120117,8.60843276977539,34.099998474121094,86.20999908447266,0.8600000143051147,11,29.690000534057617,2,190526_205203.093750,1.6485283374786377,-0.9795721173286438,0.001084702555090189,0.05699283629655838,0.04873678460717201,-0.0006367063615471125,0.0005319395568221807,0.0006987309316173196,0.0008836443303152919,4.80304470329429e-06,26.0,1,0.9690
2026-05-19T22:52:18.353656,190526_173207.015625,1,58.367610931396484,8.606616020202637,31.600000381469727,86.20999908447266,0.8899999856948853,11,29.690000534057617,2,190526_205203.093750,1.641017198562622,-0.9787928462028503,0.0015204392839223146,0.034312255680561066,0.05008341744542122,-0.000997347291558981,0.00016108277486637235,0.001136259757913649,0.0009344756253995001,4.861202796746511e-06,28.0,1,0.9663
2026-05-19T22:52:21.619548,190526_173216.000000,1,58.36592102050781,8.605388641357422,30.600000381469727,83.23999786376953,1.0299999713897705,9,29.690000534057617,2,190526_205207.093750,1.6463435888290405,-0.9754211902618408,0.0003339157556183636,0.10947564989328384,0.05036867409944534,0.00030288510606624186,0.00010306683543603867,-9.559062164044008e-05,0.00096150953322649,4.905877176497597e-06,28.0,1,0.9539
2026-05-19T22:52:24.664530,190526_173224.000000,1,58.36473083496094,8.60354232788086,30.799999237060547,77.22000122070312,0.8799999952316284,11,29.690000534057617,2,190526_205207.093750,1.6463435888290405,-0.9754211902618408,0.0003339157556183636,0.10947564989328384,0.05036867409944534,0.00030288510606624186,0.00010306683543603867,-9.559062164044008e-05,0.00096150953322649,4.905877176497597e-06,28.0,1,0.9539
2026-05-19T22:52:27.709377,190526_173224.984375,1,58.36457061767578,8.603316307067871,31.399999618530273,77.81999969482422,0.8999999761581421,11,29.690000534057617,2,190526_205209.093750,1.6523419618606567,-0.9784742593765259,0.003336482448503375,0.08420886099338531,0.05537910386919975,0.0006456729606725276,0.002735588699579239,-0.0017977142706513405,0.0010315085528418422,5.824719664815348e-06,27.0,1,0.9454
2026-05-19T22:52:30.754388,190526_173232.984375,1,58.36320114135742,8.601736068725586,25.0,81.61000061035156,0.8100000023841858,13,29.690000534057617,2,190526_205211.093750,1.6481465101242065,-0.9823266267776489,0.0010513560846447945,0.055840302258729935,0.055766619741916656,0.0006786647718399763,0.0005737181636504829,-0.0005617928109131753,0.0010679650586098433,5.9957355915685184e-06,27.0,1,0.9258
2026-05-19T22:52:33.799343,190526_173234.000000,1,58.36301040649414,8.601561546325684,23.5,82.86000061035156,0.8100000023841858,13,29.690000534057617,2,190526_205213.093750,1.6482264995574951,-0.9764537215232849,0.001487823436036706,0.03077242709696293,0.057996656745672226,-0.0014322567731142044,0.00017817466869018972,0.00036126631312072277,0.0010822145268321037,5.867490926902974e-06,27.0,1,0.9454
2026-05-19T22:52:37.284278,190526_173250.000000,1,58.35993957519531,8.598592758178711,19.100000381469727,76.83999633789062,0.7200000286102295,14,29.690000534057617,2,190526_205214.078125,1.6500734090805054,-0.9752385020256042,0.0020591190550476313,0.06588491797447205,0.05662551149725914,-0.0004598313826136291,0.0007138366345316172,0.0018758900696411729,0.0011386307887732983,5.615683676296612e-06,27.0,1,0.9454
2026-05-19T22:52:40.328262,190526_173251.015625,1,58.359771728515625,8.59842300415039,20.700000762939453,75.52999877929688,0.7099999785423279,14,29.690000534057617,2,190526_205214.078125,1.6500734090805054,-0.9752385020256042,0.0020591190550476313,0.06588491797447205,0.05662551149725914,-0.0004598313826136291,0.0007138366345316172,0.0018758900696411729,0.0011386307887732983,5.615683676296612e-06,27.0,1,0.9454
2026-05-19T22:52:43.372914,190526_173259.015625,1,58.35834884643555,8.59778881072998,21.399999618530273,71.66999816894531,0.7300000190734863,14,29.690000534057617,2,190526_205216.078125,1.646328091621399,-0.9781903028488159,0.0027403454296290874,0.09322460740804672,0.057190969586372375,3.4355049137957394e-05,0.002341780113056302,-0.0014228069921955466,0.001138976658694446,5.899789357499685e-06,27.0,1,0.9485
2026-05-19T22:52:46.419891,190526_173300.000000,1,58.35816955566406,8.597766876220703,21.200000762939453,71.0,0.7300000190734863,14,29.690000534057617,2,190526_205218.078125,1.6525245904922485,-0.9712008833885193,0.0025597340427339077,0.09221432358026505,0.05671835318207741,-0.0018497607670724392,0.0008000270463526249,0.0015781571855768561,0.0011089836480095983,5.556983978749486e-06,27.0,1,0.9503
2026-05-19T22:52:49.464729,190526_173316.984375,1,58.355140686035156,8.598404884338379,15.600000381469727,77.44000244140625,0.7200000286102295,14,29.690000534057617,2,190526_205220.078125,1.6568200588226318,-0.976319432258606,0.002943897619843483,0.05193011462688446,0.05480782687664032,0.0021065722685307264,0.001976874889805913,0.0005664375494234264,0.0010621484834700823,5.502266049006721e-06,27.0,1,0.9454
2026-05-19T22:52:52.509875,190526_173324.984375,1,58.3536491394043,8.597354888916016,14.5,81.44000244140625,0.7099999785423279,14,29.690000534057617,2,190526_205222.078125,1.6491976976394653,-0.9793885350227356,0.003058674279600382,0.08160283416509628,0.05608789995312691,0.00016198372759390622,-0.0005945550510659814,-0.0029959562234580517,0.0010697563411667943,6.108625711931381e-06,27.0,1,0.9454
2026-05-19T22:52:55.632686,190526_173343.015625,1,58.35115051269531,8.592561721801758,15.399999618530273,77.4100112915039,1.090000033378601,9,29.690000534057617,2,190526_205222.078125,1.6491976976394653,-0.9793885350227356,0.003058674279600382,0.08160283416509628,0.05608789995312691,0.00016198372759390622,-0.0005945550510659814,-0.0029959562234580517,0.0010697563411667943,6.108625711931381e-06,27.0,1,0.9454
2026-05-19T22:52:58.677569,190526_173344.000000,1,58.35108184814453,8.592225074768066,15.699999809265137,77.12999725341797,1.090000033378601,9,29.690000534057617,2,190526_205224.078125,1.65672767162323,-0.982577383518219,0.002228775294497609,0.16187088191509247,0.05526308715343475,0.0015196754829958081,0.0016300743445754051,-2.9717724828515202e-05,0.0012123724445700645,6.517443125630962e-06,28.0,1,0.9624
2026-05-19T22:53:01.722528,190526_173352.000000,1,58.35068893432617,8.589418411254883,16.200000762939453,77.12999725341797,0.9900000095367432,11,29.690000534057617,2,190526_205226.078125,1.6608402729034424,-0.9824485778808594,0.001990789081901312,0.0368562713265419,0.05496007576584816,-0.0018992391414940357,0.0005750571144744754,0.0001595037174411118,0.0011928706662729383,6.387215762515552e-06,28.0,1,0.9624
2026-05-19T22:53:04.769023,190526_173400.000000,1,58.349918365478516,8.586706161499023,14.199999809265137,80.1500015258789,0.7699999809265137,13,29.690000534057617,2,190526_205228.078125,1.6461527347564697,-0.982580304145813,0.001754001947119832,0.23265033960342407,0.06524565070867538,0.0016486829845234752,0.00036095528048463166,-0.0004775753477588296,0.0016021091723814607,8.487704690196551e-06,26.0,1,0.9763
2026-05-19T22:53:07.812364,190526_173400.984375,1,58.34978103637695,8.586444854736328,13.300000190734863,79.4800033569336,0.7699999809265137,13,29.690000534057617,2,190526_205229.093750,1.6859344244003296,-0.9822871088981628,0.0016514086164534092,0.15733426809310913,0.13074828684329987,0.0014119120314717293,-0.0005736493621952832,-0.0006360665429383516,0.004379980266094208,2.9411086870823056e-05,26.0,1,0.9537
2026-05-19T22:53:11.347241,190526_173416.984375,1,58.34735107421875,8.582483291625977,9.199999809265137,82.77999877929688,0.7099999785423279,14,29.690000534057617,2,190526_205310.078125,1.6826857328414917,-0.9804384112358093,0.0031271404586732388,0.15680265426635742,0.13103054463863373,0.0003302828990854323,-0.0031080166809260845,0.00010076697799377143,0.00436419527977705,2.9692420866922475e-05,24.0,1,0.9500
2026-05-19T22:53:14.394276,190526_173418.000000,1,58.34722900390625,8.582186698913574,11.0,83.55000305175781,0.7300000190734863,14,29.690000534057617,2,190526_205310.078125,1.6826857328414917,-0.9804384112358093,0.0031271404586732388,0.15680265426635742,0.13103054463863373,0.0003302828990854323,-0.0031080166809260845,0.00010076697799377143,0.00436419527977705,2.9692420866922475e-05,24.0,1,0.9500
2026-05-19T22:53:17.439233,190526_173426.000000,1,58.34613037109375,8.579878807067871,13.300000190734863,83.26000213623047,0.7300000190734863,14,29.690000534057617,2,190526_205312.078125,1.693588137626648,-0.9833797216415405,0.004196536727249622,0.05361337214708328,0.1299596130847931,-9.938704897649586e-05,0.004130205605179071,0.0007365068304352462,0.004343051463365555,3.03500873997109e-05,24.0,1,0.9500
2026-05-19T22:53:20.484010,190526_173427.015625,1,58.345970153808594,8.579629898071289,14.199999809265137,81.75,0.7699999809265137,13,29.690000534057617,2,190526_205314.078125,1.6875852346420288,-0.9845312833786011,0.0047963811084628105,0.19559940695762634,0.13036465644836426,0.0011222988832741976,-0.004643402062356472,-0.00042957233381457627,0.004337036516517401,3.087562436121516e-05,22.0,1,0.8449
2026-05-19T22:53:23.529068,190526_173443.015625,1,58.343841552734375,8.575292587280273,20.299999237060547,77.5999984741211,0.800000011920929,12,29.690000534057617,2,190526_205316.078125,1.6938055753707886,-0.9822856187820435,0.003620628034695983,0.1200152337551117,0.13006986677646637,-0.003150389762595296,-5.8255274780094624e-05,0.0017834227764979005,0.004329015500843525,3.105914584011771e-05,20.0,1,0.8639
2026-05-19T22:53:26.588873,190526_173444.000000,1,58.34376907348633,8.574939727783203,20.799999237060547,77.69001007080078,0.800000011920929,12,29.690000534057617,2,190526_205318.078125,1.6867775917053223,-0.9842936992645264,0.002654498443007469,0.11962349712848663,0.13034451007843018,0.0006267063436098397,-0.002572977216914296,0.00018272787565365434,0.004344490356743336,3.077978908549994e-05,20.0,1,0.8639
2026-05-19T22:53:29.633868,190526_173500.984375,1,58.34257125854492,8.569791793823242,19.0,67.68000030517578,0.7699999809265137,13,29.690000534057617,2,190526_205318.078125,1.6867775917053223,-0.9842936992645264,0.002654498443007469,0.11962349712848663,0.13034451007843018,0.0006267063436098397,-0.002572977216914296,0.00018272787565365434,0.004344490356743336,3.077978908549994e-05,20.0,1,0.8823
2026-05-19T22:53:32.678731,190526_173510.000000,1,58.341800689697266,8.567326545715332,20.0,54.84000015258789,0.800000011920929,13,29.690000534057617,2,190526_205320.078125,1.684309959411621,-0.9808282256126404,0.0013069623382762074,0.056558046489953995,0.1310339719057083,-0.0012646163813769817,-0.0003299748641438782,-3.563247446436435e-06,0.004342205356806517,2.95221216219943e-05,18.0,1,0.9532
2026-05-19T22:53:35.723671,190526_173518.000000,1,58.34196090698242,8.565774917602539,23.0,35.63999938964844,0.6899999976158142,15,29.690000534057617,2,190526_205322.078125,1.6732890605926514,-0.9814134836196899,0.004193441942334175,0.14761540293693542,0.12775516510009766,-0.0004226367163937539,-0.004171235952526331,8.439598605036736e-05,0.004273977130651474,2.8622842364711687e-05,16.0,1,0.8326
2026-05-19T22:53:38.768559,190526_173526.000000,1,58.3415412902832,8.564912796020508,22.299999237060547,23.06999969482422,0.7300000190734863,14,29.690000534057617,2,190526_205324.078125,1.6723233461380005,-0.9837238192558289,0.0016072657890617847,0.12292744219303131,0.05399545654654503,-0.0002138942072633654,-0.0015812953934073448,-0.00019250289187766612,0.0011001115199178457,7.163644113461487e-06,18.0,1,0.9684
2026-05-19T22:53:42.183546,190526_173527.015625,1,58.34149169921875,8.56486988067627,23.0,21.979999542236328,0.7300000190734863,14,29.690000534057617,2,190526_205326.078125,1.6722972393035889,-0.9829503893852234,0.001671842415817082,0.11620423197746277,0.051141735166311264,-0.0004201069241389632,-7.387040386674926e-05,-0.0016165118431672454,0.0009964965283870697,6.310695880529238e-06,20.0,1,0.9198
2026-05-19T22:53:45.228488,190526_173536.000000,1,58.341251373291016,8.565951347351074,23.0,39.4900016784668,0.7300000190734863,14,29.690000534057617,2,190526_205326.078125,1.6722972393035889,-0.9829503893852234,0.001671842415817082,0.11620423197746277,0.051141735166311264,-0.0004201069241389632,-7.387040386674926e-05,-0.0016165118431672454,0.0009964965283870697,6.310695880529238e-06,20.0,1,0.9423
2026-05-19T22:53:48.275380,190526_173544.000000,1,58.34095001220703,8.567566871643066,26.399999618530273,33.47999954223633,0.7699999809265137,12,29.690000534057617,2,190526_205327.093750,1.671462893486023,-0.983906626701355,0.002012822311371565,0.10430826246738434,0.049429114907979965,-0.0016798656433820724,-0.0010746362386271358,-0.0002732433786150068,0.0009954795241355896,5.794511707790662e-06,20.0,1,0.9423
2026-05-19T22:53:51.320230,190526_173544.984375,1,58.34095001220703,8.567724227905273,27.0,34.06999969482422,0.7300000190734863,13,29.690000534057617,2,190526_205329.093750,1.6637449264526367,-0.9840648770332336,0.0032547698356211185,0.05070967227220535,0.04854185879230499,0.0010119384387508035,-0.0030000293627381325,-0.0007545399130322039,0.0009514271514490247,5.605779733741656e-06,22.0,1,0.9154
2026-05-19T22:53:54.365156,190526_173610.000000,1,58.342979431152344,8.571467399597168,31.5,94.00000762939453,0.7300000190734863,14,29.690000534057617,1,190526_205331.093750,1.6676925420761108,-0.9793627262115479,0.0009490110096521676,0.07109882682561874,0.04362788796424866,-0.0007490298012271523,0.0005738811451010406,-0.00010117676720255986,0.0008271058322861791,4.896361133432947e-06,26.0,1,0.9690
2026-05-19T22:53:57.846013,190526_173611.015625,1,58.34307861328125,8.571882247924805,31.299999237060547,93.19999694824219,0.7300000190734863,14,29.690000534057617,1,190526_205333.093750,1.6668766736984253,-0.9831852912902832,0.0012288312427699566,0.1263136863708496,0.043687332421541214,0.000768614758271724,0.000950633839238435,0.0001247107284143567,0.0008324923692271113,4.768800408783136e-06,25.0,1,0.9172
2026-05-19T22:54:00.892930,190526_173619.015625,1,58.34375,8.575135231018066,27.799999237060547,93.19999694824219,0.7200000286102295,14,29.690000534057617,1,190526_205333.093750,1.6668766736984253,-0.9831852912902832,0.0012288312427699566,0.1263136863708496,0.043687332421541214,0.000768614758271724,0.000950633839238435,0.0001247107284143567,0.0008324923692271113,4.768800408783136e-06,25.0,1,0.9172
2026-05-19T22:54:03.936224,190526_173628.000000,1,58.34477996826172,8.578099250793457,26.5,80.56999969482422,0.7300000190734863,14,29.690000534057617,1,190526_205335.093750,1.6637057065963745,-0.9839414358139038,0.0013511863071471453,0.09619608521461487,0.045477379113435745,0.001254763570614159,-0.00031847390346229076,-0.0003871008811984211,0.0008971909992396832,4.826239546673605e-06,25.0,1,0.9388
2026-05-19T22:54:06.980839,190526_173636.000000,1,58.34613037109375,8.57991886138916,17.399999618530273,77.95999908447266,0.6899999976158142,15,29.690000534057617,1,190526_205337.093750,1.6547753810882568,-0.9816265106201172,0.002752876840531826,0.12426113337278366,0.08637524396181107,-0.0014100020052865148,0.00224605156108737,0.0007385643548332155,0.001714490121230483,8.615495971753262e-06,27.0,1,0.9483
2026-05-19T22:54:10.025817,190526_173636.984375,1,58.34627151489258,8.580151557922363,17.399999618530273,77.58000183105469,0.7200000286102295,14,29.690000534057617,1,190526_205339.093750,1.6565003395080566,-0.9851994514465332,0.0009666229016147554,0.10617084056138992,0.08690789341926575,0.00013050041161477566,-0.0009318897500634193,-0.00022115837782621384,0.0017040291568264365,8.781449650996365e-06,27.0,1,0.9297
2026-05-19T22:54:13.070709,190526_173644.984375,1,58.347251892089844,8.582366943359375,14.600000381469727,78.5999984741211,0.75,13,29.690000534057617,1,190526_205341.093750,1.6656367778778076,-0.9895224571228027,0.0028077748138457537,0.16399206221103668,0.0868263840675354,0.0009372117347083986,-0.0018993905978277326,-0.0018432439537718892,0.0017354174051433802,9.204963134834543e-06,25.0,1,0.9356
2026-05-19T22:54:16.714664,190526_173654.000000,1,58.348541259765625,8.584708213806152,12.800000190734863,76.45999908447266,0.6899999976158142,15,29.690000534057617,1,190526_205343.093750,1.653324842453003,-0.988858699798584,0.0021111757960170507,0.09892888367176056,0.08742319047451019,9.007585322251543e-05,-0.0014478090452030301,-0.0015338835073634982,0.0017663120524957776,9.52087611949537e-06,25.0,1,0.8787
2026-05-19T22:54:19.761533,190526_173655.015625,1,58.348670959472656,8.584912300109863,11.800000190734863,77.87999725341797,0.6899999976158142,15,29.690000534057617,1,190526_205343.093750,1.653324842453003,-0.988858699798584,0.0021111757960170507,0.09892888367176056,0.08742319047451019,9.007585322251543e-05,-0.0014478090452030301,-0.0015338835073634982,0.0017663120524957776,9.52087611949537e-06,25.0,1,0.8787
2026-05-19T22:54:22.806439,190526_173703.015625,1,58.349769592285156,8.586649894714355,17.899999618530273,71.52999877929688,0.6899999976158142,15,29.690000534057617,1,190526_205345.093750,1.6412162780761719,-0.9818623661994934,0.00284472294151783,0.05995076522231102,0.09031421691179276,-0.0021234226878732443,-0.0017527634045109153,-0.0007150842575356364,0.001786327688023448,1.0639099855325185e-05,23.0,1,0.8567
2026-05-19T22:54:25.851353,190526_173711.015625,1,58.35054016113281,8.589079856872559,23.100000381469727,77.54000091552734,0.7300000190734863,14,29.690000534057617,1,190526_205347.093750,1.6352248191833496,-0.9818176627159119,0.0009199727792292833,0.08813206851482391,0.09063006937503815,0.0005571912624873221,0.0006632121512666345,-0.00030989927472546697,0.0017873510951176286,1.0544011274760123e-05,25.0,1,0.8394
2026-05-19T22:54:28.896429,190526_173712.000000,1,58.35060119628906,8.58944034576416,24.200000762939453,79.36000061035156,0.7400000095367432,14,29.690000534057617,1,190526_205349.093750,1.6440938711166382,-0.9801142811775208,0.0012643812224268913,0.06935521960258484,0.09088164567947388,-0.00014574576925951988,0.0012405163142830133,-0.00019630904716905206,0.0017824568785727024,1.0453354661876801e-05,21.0,1,0.9360
2026-05-19T22:54:32.337317,190526_173720.984375,1,58.351070404052734,8.59274673461914,26.5,78.56999969482422,0.7699999809265137,13,29.690000534057617,1,190526_205430.078125,1.644723892211914,-0.9779265522956848,0.00412575900554657,0.22646939754486084,0.09155086427927017,-0.0011587842600420117,0.0026523233391344547,-0.002940117148682475,0.0017699440941214561,1.0909369848377537e-05,23.0,1,0.8440
2026-05-19T22:54:35.383130,190526_173728.984375,1,58.35186004638672,8.595230102539062,23.899999618530273,76.97000122070312,0.7599999904632568,13,29.690000534057617,1,190526_205430.078125,1.644723892211914,-0.9779265522956848,0.00412575900554657,0.22646939754486084,0.09155086427927017,-0.0011587842600420117,0.0026523233391344547,-0.002940117148682475,0.0017699440941214561,1.0909369848377537e-05,23.0,1,0.8440
2026-05-19T22:54:38.428090,190526_173730.000000,1,58.35200119018555,8.595490455627441,23.100000381469727,78.22000122070312,0.800000011920929,12,29.690000534057617,1,190526_205432.078125,1.6473852396011353,-0.9770668148994446,0.0009404875454492867,0.06157024949789047,0.05838671699166298,-0.000820038840174675,-0.00015213777078315616,-0.00043463465408422053,0.0011898757657036185,6.863959697511746e-06,23.0,1,0.8807
2026-05-19T22:54:41.473050,190526_173739.015625,1,58.35356903076172,8.597339630126953,20.700000762939453,78.45999908447266,1.0299999713897705,8,29.690000534057617,1,190526_205434.078125,1.6492094993591309,-0.9807394742965698,0.003105705138295889,0.04035823419690132,0.055308081209659576,0.0012801537523046136,0.0024477646220475435,0.0014195275725796819,0.0011619074502959847,6.566810043295845e-06,23.0,1,0.9109
2026-05-19T22:54:44.518058,190526_173740.000000,1,58.3537483215332,8.597490310668945,20.600000381469727,78.0999984741211,2.490000009536743,3,29.690000534057617,1,190526_205436.078125,1.646959900856018,-0.9811362624168396,0.0028387552592903376,0.12207454442977905,0.05559128522872925,-0.0013678056420758367,-0.0022015105932950974,-0.0011580113787204027,0.0010859989561140537,6.2986096054373775e-06,25.0,1,0.9320
2026-05-19T22:54:47.565207,190526_173756.984375,1,58.35694122314453,8.598016738891602,25.399999618530273,85.9000015258789,0.7200000286102295,14,29.690000534057617,1,190526_205438.078125,1.655480980873108,-0.9832826256752014,0.0018380283145233989,0.0631905347108841,0.05593266710639,0.0012848047772422433,0.0004669117624871433,-0.0012286651181057096,0.0011579571291804314,6.596462753805099e-06,25.0,1,0.9320
2026-05-19T22:54:50.621866,190526_173804.984375,1,58.35857009887695,8.597895622253418,26.200000762939453,77.95999908447266,0.800000011920929,13,29.690000534057617,1,190526_205438.078125,1.655480980873108,-0.9832826256752014,0.0018380283145233989,0.0631905347108841,0.05593266710639,0.0012848047772422433,0.0004669117624871433,-0.0012286651181057096,0.0011579571291804314,6.596462753805099e-06,25.0,1,0.9320
2026-05-19T22:54:53.656769,190526_173814.000000,1,58.36022186279297,8.5989351272583,25.200000762939453,78.25,0.6899999976158142,15,29.690000534057617,1,190526_205440.078125,1.661054015159607,-0.9872811436653137,0.004820453003048897,0.21852152049541473,0.055523451417684555,0.0006259960937313735,-0.00411311024799943,-0.0024345882702618837,0.0012457231059670448,6.649381248280406e-06,25.0,1,0.9320
2026-05-19T22:54:56.701540,190526_173815.015625,1,58.360389709472656,8.599115371704102,26.0,79.4800033569336,0.6899999976158142,15,29.690000534057617,1,190526_205442.078125,1.655717372894287,-0.9836629629135132,0.002424282021820545,0.04413909837603569,0.0544734001159668,-0.000979396398179233,0.00011646632628981024,0.002214579377323389,0.0012456580298021436,6.1849987105233595e-06,23.0,1,0.9109
2026-05-19T22:54:59.746578,190526_173823.015625,1,58.36174011230469,8.600500106811523,26.299999237060547,76.81999969482422,0.7200000286102295,14,29.690000534057617,1,190526_205444.078125,1.654481053352356,-0.9922637939453125,0.0029304050840437412,0.06824862957000732,0.054731450974941254,0.0018342351540923119,0.0022723444271832705,0.00024352778564207256,0.0012815995141863823,6.579891760338796e-06,27.0,1,0.9454
2026-05-19T22:55:02.791479,190526_173831.015625,1,58.36307144165039,8.601840019226074,34.79999923706055,81.2300033569336,0.8399999737739563,12,29.690000534057617,1,190526_205446.078125,1.6521148681640625,-0.9906206727027893,0.0015431087231263518,0.09823252260684967,0.05498841404914856,-0.0011953470529988408,-0.0006288898875936866,0.0007462087087333202,0.0012634142767637968,6.579038654308533e-06,28.0,1,0.9624
2026-05-19T22:55:05.992399,190526_173832.000000,1,58.363258361816406,8.602009773254395,35.5,80.73001098632812,0.800000011920929,13,29.690000534057617,1,190526_205448.078125,1.6535985469818115,-0.9878267049789429,0.0010417373850941658,0.014292052015662193,0.050902195274829865,-0.0006547237280756235,0.0005724354996345937,0.0005734729929827154,0.0011859176447615027,6.497119102277793e-06,26.0,1,0.9654
2026-05-19T22:55:09.037258,190526_173848.984375,1,58.36595153808594,8.60567855834961,43.70000076293945,74.93000030517578,1.0399999618530273,12,29.690000534057617,1,190526_205448.078125,1.6535985469818115,-0.9878267049789429,0.0010417373850941658,0.014292052015662193,0.050902195274829865,-0.0006547237280756235,0.0005724354996345937,0.0005734729929827154,0.0011859176447615027,6.497119102277793e-06,26.0,1,0.9748
2026-05-19T22:55:12.081243,190526_173850.000000,1,58.36606979370117,8.605819702148438,42.70000076293945,75.11000061035156,1.0399999618530273,12,29.690000534057617,1,190526_205450.078125,1.6501505374908447,-0.9876717925071716,0.001242896425537765,0.0583689846098423,0.05044188350439072,-0.0005334445158950984,-0.0008386165718548,0.0007462912471964955,0.0011826480040326715,6.392940576915862e-06,26.0,1,0.9748
2026-05-19T22:55:15.129210,190526_173858.000000,1,58.36756134033203,8.606856346130371,34.599998474121094,78.91999816894531,0.8399999737739563,12,29.690000534057617,1,190526_205451.093750,1.6555578708648682,-0.99662184715271,0.0019187565194442868,0.027327071875333786,0.05184633284807205,0.0009019483113661408,0.0016399163287132978,0.00042283578659407794,0.0011933406349271536,6.567772743437672e-06,22.0,1,0.9109
2026-05-19T22:55:18.174500,190526_173907.015625,1,58.36907958984375,8.608617782592773,32.79999923706055,80.16999816894531,0.800000011920929,12,29.690000534057617,1,190526_205453.093750,1.6556862592697144,-0.9904996752738953,0.0016564703546464443,0.08376669138669968,0.04709790647029877,-0.0011814897879958153,0.0011601776350289583,-4.431864363141358e-05,0.0010715165408328176,5.54707003175281e-06,24.0,1,0.9728
2026-05-19T22:55:21.238957,190526_173908.000000,1,58.36909866333008,8.608906745910645,35.29999923706055,75.22000122070312,0.800000011920929,12,29.690000534057617,1,190526_205455.093750,1.6593538522720337,-0.9919232130050659,0.0016718022525310516,0.08876623958349228,0.046231959015131,0.00027077022241428494,0.0014834222383797169,-0.0007218484533950686,0.0009458662243559957,5.213366875977954e-06,26.0,1,0.9775
2026-05-19T22:55:24.283868,190526_173916.000000,1,58.36983108520508,8.611405372619629,37.70000076293945,74.44999694824219,0.7599999904632568,13,29.690000534057617,1,190526_205455.093750,1.6593538522720337,-0.9919232130050659,0.0016718022525310516,0.08876623958349228,0.046231959015131,0.00027077022241428494,0.0014834222383797169,-0.0007218484533950686,0.0009458662243559957,5.213366875977954e-06,26.0,1,0.9775
2026-05-19T22:55:27.328915,190526_173924.984375,1,58.37028121948242,8.614534378051758,39.099998474121094,75.58999633789062,0.800000011920929,12,29.690000534057617,1,190526_205457.093750,1.6584237813949585,-0.9915131330490112,0.0024311933666467667,0.08971522003412247,0.052106354385614395,0.00048172814422287047,0.0017985786544159055,0.0015632511349394917,0.0010391132673248649,5.736275397794088e-06,24.0,1,0.9728
2026-05-19T22:55:30.373781,190526_173932.984375,1,58.3709716796875,8.616632461547852,43.20000076293945,55.36000061035156,0.7599999904632568,13,29.690000534057617,1,190526_205459.093750,1.6553717851638794,-0.9890887141227722,0.0023684592451900244,0.08011389523744583,0.0533318892121315,0.0004440784396138042,0.0021665070671588182,-0.000847726478241384,0.0010188150918111205,5.816888460685732e-06,24.0,1,0.9786
2026-05-19T22:55:33.418788,190526_173942.000000,1,58.37083053588867,8.6182279586792,35.79999923706055,35.25,0.7200000286102295,14,29.690000534057617,1,190526_205501.093750,1.6619343757629395,-0.9986720085144043,0.0020714362617582083,0.06922437995672226,0.0532633438706398,0.0016267122700810432,0.00035440013743937016,-0.001232500304467976,0.0009999577887356281,5.934803084528539e-06,23.0,1,0.9154
2026-05-19T22:55:36.853633,190526_173943.015625,1,58.3707389831543,8.618285179138184,35.599998474121094,32.630001068115234,0.7200000286102295,14,29.690000534057617,1,190526_205503.093750,1.6624822616577148,-1.003318190574646,0.0016122334636747837,0.05655863136053085,0.05755478888750076,0.0005759384948760271,-0.00013260377454571426,-0.0015000025741755962,0.0010382028995081782,6.175849193823524e-06,23.0,1,0.9154
2026-05-19T22:55:39.902160,190526_173951.015625,1,58.370391845703125,8.617600440979004,43.0,20.850000381469727,0.6899999976158142,15,29.690000534057617,1,190526_205503.093750,1.6624822616577148,-1.003318190574646,0.0016122334636747837,0.05655863136053085,0.05755478888750076,0.0005759384948760271,-0.00013260377454571426,-0.0015000025741755962,0.0010382028995081782,6.175849193823524e-06,23.0,1,0.8837
2026-05-19T22:55:42.943572,190526_174000.000000,1,58.36949157714844,8.61890983581543,43.400001525878906,64.5199966430664,0.7200000286102295,14,29.690000534057617,1,190526_205504.078125,1.6613049507141113,-1.0050092935562134,0.0012317581567913294,0.06511514633893967,0.058968037366867065,0.0006600780179724097,-0.00037027877988293767,-0.000971812114585191,0.001070472993887961,6.430487246689154e-06,23.0,1,0.9187
2026-05-19T22:55:45.988690,190526_174008.000000,1,58.368648529052734,8.620452880859375,44.79999923706055,56.560001373291016,0.7599999904632568,13,29.690000534057617,1,190526_205507.093750,1.6570159196853638,-0.9982131123542786,0.0010924835223704576,0.10853306949138641,0.058398645371198654,0.00027375269564799964,-0.0010558499488979578,-6.132353155408055e-05,0.0010857335291802883,6.383871550497133e-06,27.0,1,0.9610
2026-05-19T22:55:49.033407,190526_174008.984375,1,58.36861038208008,8.620706558227539,43.70000076293945,53.68000030517578,0.7699999809265137,13,29.690000534057617,1,190526_205509.093750,1.6555105447769165,-0.9972698092460632,0.002395534422248602,0.09858553856611252,0.05786523222923279,-0.0016891401028260589,0.0010024334769695997,0.0013713199878111482,0.0010810584062710404,6.489555744337849e-06,27.0,1,0.9735
2026-05-19T22:55:52.080160,190526_174016.984375,1,58.36840057373047,8.622493743896484,44.900001525878906,54.7599983215332,0.8199999928474426,12,29.690000534057617,1,190526_205550.078125,1.6637471914291382,-1.001932978630066,0.0016947457334026694,0.11582845449447632,0.05676891282200813,0.001042926567606628,0.0008690924732945859,0.001014468027278781,0.0010951576987281442,6.711476999043953e-06,27.0,1,0.9610
2026-05-19T22:55:55.125407,190526_174018.000000,1,58.36835861206055,8.62285327911377,48.29999923706055,57.220001220703125,0.8199999928474426,12,29.690000534057617,1,190526_205550.078125,1.6637471914291382,-1.001932978630066,0.0016947457334026694,0.11582845449447632,0.05676891282200813,0.001042926567606628,0.0008690924732945859,0.001014468027278781,0.0010951576987281442,6.711476999043953e-06,27.0,1,0.9610
2026-05-19T22:55:58.171441,190526_174026.000000,1,58.3679313659668,8.6251220703125,53.5,64.95999908447266,0.7300000190734863,14,29.690000534057617,1,190526_205552.078125,1.6670119762420654,-1.000686526298523,0.0006913547404110432,0.05421409383416176,0.05290532857179642,0.00046127347741276026,-3.143019421258941e-05,0.0005140139255672693,0.0010321142617613077,5.931913165113656e-06,27.0,1,0.9503
2026-05-19T22:56:01.215871,190526_174034.000000,1,58.3679313659668,8.62738037109375,48.0,64.95999908447266,0.7599999904632568,14,29.690000534057617,1,190526_205554.078125,1.6690170764923096,-1.002258062362671,0.001939711975865066,0.08710763603448868,0.05089625343680382,0.0006791276973672211,0.001767382025718689,0.0004214599321130663,0.0010458222823217511,6.16637225903105e-06,27.0,1,0.9503
2026-05-19T22:56:04.259978,190526_174035.015625,1,58.36796188354492,8.627638816833496,46.79999923706055,54.34000015258789,0.7300000190734863,14,29.690000534057617,1,190526_205556.078125,1.6651837825775146,-1.005807638168335,0.001661005080677569,0.07054926455020905,0.05124088376760483,0.00023036243510432541,0.00021261311485432088,0.0016311550280079246,0.0010508070699870586,6.032416877133073e-06,26.0,1,0.9803
2026-05-19T22:56:07.307805,190526_174043.015625,1,58.36830139160156,8.629483222961426,45.599998474121094,41.040000915527344,0.6700000166893005,16,29.690000534057617,1,190526_205558.078125,1.669313669204712,-1.0041587352752686,0.0005690734251402318,0.041922420263290405,0.04551757499575615,0.00016098286141641438,-0.00043057400034740567,0.00033546253689564764,0.0010353515390306711,5.376844910642831e-06,26.0,1,0.9780
2026-05-19T22:56:10.996788,190526_174044.000000,1,58.36832809448242,8.62964153289795,46.5,35.5,0.6700000166893005,16,29.690000534057617,1,190526_205600.078125,1.6810134649276733,-1.0042670965194702,0.0013351734960451722,0.0483061820268631,0.042146213352680206,0.0011524877045303583,-0.0003621939686127007,-0.0005685735959559679,0.0011021901154890656,5.817811597808031e-06,24.0,1,0.9736
2026-05-19T22:56:14.041687,190526_174052.000000,1,58.36859893798828,8.631001472473145,48.900001525878906,36.88999938964844,0.699999988079071,15,29.690000534057617,1,190526_205600.078125,1.6810134649276733,-1.0042670965194702,0.0013351734960451722,0.0483061820268631,0.042146213352680206,0.0011524877045303583,-0.0003621939686127007,-0.0005685735959559679,0.0011021901154890656,5.817811597808031e-06,24.0,1,0.9736
2026-05-19T22:56:17.094062,190526_174100.000000,1,58.3686408996582,8.631591796875,49.400001525878906,0.0,0.699999988079071,15,29.690000534057617,1,190526_205602.078125,1.678665280342102,-0.9992457628250122,0.003127048257738352,0.1491554230451584,0.04651317372918129,0.002416055416688323,-0.00064036127878353,0.0018791076727211475,0.001179104670882225,6.750112333975267e-06,22.0,0,0.9325
2026-05-19T22:56:20.131575,190526_174100.984375,1,58.3686408996582,8.63158893585205,49.400001525878906,0.0,0.6700000166893005,16,29.690000534057617,1,190526_205604.078125,1.681389570236206,-0.9957257509231567,0.0025594811886548996,0.08493681997060776,0.0467827245593071,-0.0013007975649088621,0.0016410750104114413,0.0014716460136696696,0.0011928704334422946,6.755379217793234e-06,22.0,0,0.9325
2026-05-19T22:56:23.178496,190526_174108.984375,1,58.3686408996582,8.63158893585205,49.400001525878906,0.0,0.6800000071525574,16,29.690000534057617,1,190526_205606.078125,1.6801776885986328,-1.0038734674453735,0.005106281489133835,0.15399745106697083,0.04804772138595581,0.00357422255910933,-0.003566605970263481,0.0007605027640238404,0.0013005579821765423,7.090830422384897e-06,20.0,0,0.8913
2026-05-19T22:56:26.223281,190526_174110.000000,1,58.3686408996582,8.63158893585205,49.400001525878906,0.0,0.6700000166893005,16,29.690000534057617,1,190526_205608.078125,1.6846156120300293,-0.9999956488609314,0.0006348779425024986,0.058041248470544815,0.04478193074464798,-0.0005011880421079695,0.00015275849727913737,0.0003585322410799563,0.001251193112693727,6.441498499043519e-06,20.0,0,0.8913
2026-05-19T22:56:29.269221,190526_174118.000000,1,58.3686408996582,8.63158893585205,49.400001525878906,0.0,0.75,14,29.690000534057617,1,190526_205608.078125,1.6846156120300293,-0.9999956488609314,0.0006348779425024986,0.058041248470544815,0.04478193074464798,-0.0005011880421079695,0.00015275849727913737,0.0003585322410799563,0.001251193112693727,6.441498499043519e-06,20.0,0,0.8913
2026-05-19T22:56:32.314458,190526_174135.015625,1,58.3686408996582,8.63158893585205,49.400001525878906,0.0,0.75,14,29.690000534057617,1,190526_205610.078125,1.6902897357940674,-0.9949478507041931,0.001210614456795156,0.10784440487623215,0.045206066220998764,-0.00029776027076877654,0.0008969808695837855,0.0007565392879769206,0.0012744870036840439,6.66975392960012e-06,20.0,0,0.8913
2026-05-19T22:56:35.359193,190526_174136.000000,1,58.3686408996582,8.63158893585205,49.400001525878906,0.0,0.7099999785423279,15,29.690000534057617,1,190526_205612.078125,1.678874135017395,-0.9903897643089294,0.0024623568169772625,0.0779261589050293,0.045745689421892166,-0.0022885894868522882,0.0007375235436484218,0.0005306773236952722,0.0012588280951604247,6.799461971240817e-06,24.0,0,0.7441
2026-05-19T22:56:38.403942,190526_174144.000000,1,58.3686408996582,8.63158893585205,49.400001525878906,0.0,0.75,14,29.690000534057617,1,190526_205614.078125,1.6741926670074463,-0.9980623126029968,0.0021714901085942984,0.08747058361768723,0.048721253871917725,0.0009079647716134787,-0.0014419886283576488,-0.0013459711335599422,0.001327547593973577,7.330504104174906e-06,25.0,0,0.8611
2026-05-19T22:56:41.448892,190526_174152.984375,1,58.3686408996582,8.63158893585205,49.400001525878906,0.0,0.7400000095367432,14,29.690000534057617,1,190526_205616.078125,1.6729925870895386,-1.0012662410736084,0.0008851586608216166,0.015308324247598648,0.04968123883008957,-0.0008786884136497974,7.510343493777327e-06,-0.00010656443919287995,0.0012926936615258455,6.908422164997319e-06,27.0,0,0.7745
2026-05-19T22:56:44.493850,190526_174200.984375,1,58.3686408996582,8.63158893585205,49.400001525878906,0.0,0.7099999785423279,15,29.690000534057617,1,190526_205616.078125,1.6729925870895386,-1.0012662410736084,0.0008851586608216166,0.015308324247598648,0.04968123883008957,-0.0008786884136497974,7.510343493777327e-06,-0.00010656443919287995,0.0012926936615258455,6.908422164997319e-06,27.0,0,0.7745
2026-05-19T22:56:47.538976,190526_174202.000000,1,58.3686408996582,8.63158893585205,49.400001525878906,0.0,0.75,14,29.690000534057617,1,190526_205618.078125,1.674871802330017,-1.003760814666748,0.0019708776380866766,0.13817469775676727,0.05621481314301491,-0.0003086983342655003,0.0019341378938406706,-0.00021948805078864098,0.0013279306003823876,7.341241598624038e-06,31.0,0,0.8552
2026-05-19T22:56:50.586549,190526_174210.000000,1,58.3686408996582,8.63158893585205,49.400001525878906,0.0,0.7099999785423279,15,29.690000534057617,1,190526_205620.078125,1.6662827730178833,-1.0031800270080566,0.002863499103114009,0.02798459492623806,0.05531957373023033,-0.0005465858848765492,-0.0028073759749531746,-0.00013967789709568024,0.0013183947885408998,7.2576390266476665e-06,29.0,0,0.7614
2026-05-19T22:56:53.630713,190526_174211.015625,1,58.3686408996582,8.63158893585205,49.400001525878906,0.0,0.7099999785423279,15,29.690000534057617,1,190526_205621.093750,1.6752982139587402,-1.0000041723251343,0.004054592922329903,0.14110341668128967,0.05548226088285446,-0.0007109215948730707,0.003670638659968972,-0.0015686707338318229,0.0013369617518037558,7.814951459295116e-06,31.0,0,0.8394
2026-05-19T22:56:56.675732,190526_174219.015625,1,58.3686408996582,8.63158893585205,49.400001525878906,0.0,0.75,14,29.690000534057617,1,190526_205623.093750,1.6734281778335571,-0.9994739294052124,0.0014448596630245447,0.061073992401361465,0.05480425804853439,0.0012185925152152777,0.0007177598890848458,0.000295758101856336,0.0012718957150354981,7.594717772008153e-06,31.0,0,0.8394
2026-05-19T22:56:59.720419,190526_174227.015625,1,58.3686408996582,8.63158893585205,49.400001525878906,0.0,0.75,14,29.690000534057617,1,190526_205623.093750,1.6734281778335571,-0.9994739294052124,0.0014448596630245447,0.061073992401361465,0.05480425804853439,0.0012185925152152777,0.0007177598890848458,0.000295758101856336,0.0012718957150354981,7.594717772008153e-06,31.0,0,0.8394
2026-05-19T22:57:02.765380,190526_174228.000000,1,58.3686408996582,8.63158893585205,49.400001525878906,0.0,0.75,14,29.690000534057617,1,190526_205623.093750,1.6619014739990234,-0.9987006783485413,0.0020954222418367863,0.10217224806547165,0.05799134075641632,0.0020932736806571484,7.553148316219449e-05,-5.739555126638152e-05,0.001392469392158091,8.166707630152814e-06,31.0,0,0.8394
2026-05-19T22:57:05.813659,190526_174236.000000,1,58.3686408996582,8.63158893585205,49.400001525878906,0.0,0.7099999785423279,15,29.690000534057617,1,190526_205627.093750,1.6636512279510498,-1.0055292844772339,0.0018847077153623104,0.04868226498365402,0.05781860649585724,0.0011146642500534654,0.0015021269209682941,0.00023078464437276125,0.0013867929810658097,7.721263500570785e-06,31.0,0,0.8394
2026-05-19T22:57:08.855388,190526_174244.984375,1,58.3686408996582,8.63158893585205,49.400001525878906,0.0,0.7099999785423279,15,29.690000534057617,1,190526_205708.078125,1.6678717136383057,-1.011189579963684,0.0012944851769134402,0.035326600074768066,0.058808714151382446,0.00030198623426258564,-0.0009835123782977462,-0.0007856204174458981,0.0014098727842792869,7.794711564201862e-06,28.0,0,0.7765
2026-05-19T22:57:11.900239,190526_174254.000000,1,58.3686408996582,8.63158893585205,49.400001525878906,0.0,0.699999988079071,15,29.690000534057617,1,190526_205708.078125,1.6678717136383057,-1.011189579963684,0.0012944851769134402,0.035326600074768066,0.058808714151382446,0.00030198623426258564,-0.0009835123782977462,-0.0007856204174458981,0.0014098727842792869,7.794711564201862e-06,28.0,0,0.7765
2026-05-19T22:57:14.945130,190526_174310.000000,1,58.3686408996582,8.63158893585205,49.400001525878906,0.0,0.7900000214576721,14,29.690000534057617,1,190526_205710.078125,1.6711242198944092,-1.0115199089050293,0.0031090397387742996,0.10614676773548126,0.05767130106687546,-0.00032693971297703683,0.003090579528361559,-8.693482959643006e-05,0.0013709196355193853,7.550541340606287e-06,27.0,0,0.7525
2026-05-19T22:57:17.990016,190526_174311.015625,1,58.3686408996582,8.63158893585205,49.400001525878906,0.0,0.7900000214576721,14,29.690000534057617,1,190526_205712.078125,1.6742538213729858,-1.0178062915802002,0.0010350000811740756,0.03178263455629349,0.05702512711286545,0.0005502907442860305,-0.0006103263003751636,-0.0006292114849202335,0.0013045698869973421,7.25524023437174e-06,25.0,0,0.8611
2026-05-19T22:57:21.034947,190526_174319.015625,1,58.3686408996582,8.63158893585205,49.400001525878906,0.0,0.7900000214576721,14,29.690000534057617,1,190526_205714.078125,1.6715993881225586,-1.0124229192733765,0.0023533289786428213,0.06978264451026917,0.048729438334703445,0.0009664367535151541,0.0009509994997642934,0.0019234752980992198,0.0012876488035544753,6.674393262073863e-06,23.0,0,0.9325
2026-05-19T22:57:24.081893,190526_174320.000000,1,58.3686408996582,8.63158893585205,49.400001525878906,0.0,0.7900000214576721,14,29.690000534057617,1,190526_205715.093750,1.6699339151382446,-1.0128813982009888,0.002003026893362403,0.050013232976198196,0.048159755766391754,-0.0018308785511180758,-0.0002115989482263103,0.0007843630737625062,0.0012856960529461503,6.604184363823151e-06,25.0,0,0.8611
2026-05-19T22:57:27.126791,190526_174328.000000,1,58.3686408996582,8.63158893585205,49.400001525878906,0.0,0.7300000190734863,14,29.690000534057617,1,190526_205715.093750,1.6699339151382446,-1.0128813982009888,0.002003026893362403,0.050013232976198196,0.048159755766391754,-0.0018308785511180758,-0.0002115989482263103,0.0007843630737625062,0.0012856960529461503,6.604184363823151e-06,25.0,0,0.8611
2026-05-19T22:57:30.171902,190526_174336.000000,1,58.3686408996582,8.63158893585205,49.400001525878906,0.0,0.8600000143051147,12,29.690000534057617,1,190526_205717.093750,1.6590540409088135,-1.0105329751968384,0.0013403433840721846,0.15735767781734467,0.05088480934500694,-0.0006568258395418525,-0.00020901349489577115,-0.0011495276121422648,0.0012988304952159524,6.545440555782989e-06,27.0,0,0.7745
2026-05-19T22:57:33.220589,190526_174336.984375,1,58.3686408996582,8.63158893585205,49.400001525878906,0.0,0.8600000143051147,12,29.690000534057617,1,190526_205719.093750,1.6557210683822632,-1.01291823387146,0.001162257045507431,0.09005354344844818,0.04781140759587288,0.00023699905432295054,-0.00021791421750094742,0.0011167749762535095,0.0011205270420759916,6.009765002090717e-06,27.0,0,0.7745
2026-05-19T22:57:36.261693,190526_174344.984375,1,58.3686408996582,8.63158893585205,49.400001525878906,0.0,0.7799999713897705,13,29.690000534057617,1,190526_205721.093750,1.654878854751587,-1.01009202003479,0.0025783961173146963,0.01380210928618908,0.0484919436275959,-0.0007767353672534227,0.0022971248254179955,-0.0008763709338381886,0.0011413813335821033,6.263986051635584e-06,27.0,0,0.7745
2026-05-19T22:57:39.306613,190526_174354.000000,1,58.3686408996582,8.63158893585205,49.400001525878906,0.0,0.75,15,29.690000534057617,1,190526_205723.093750,1.6503288745880127,-1.0046926736831665,0.004278940614312887,0.13012972474098206,0.05296880751848221,2.52796926361043e-05,-0.004258282016962767,0.0004191947227809578,0.0011660900199785829,6.62099955661688e-06,27.0,0,0.7745
2026-05-19T22:57:42.351461,190526_174402.000000,1,58.3686408996582,8.63158893585205,49.400001525878906,0.0,0.75,14,29.690000534057617,1,190526_205723.093750,1.6503288745880127,-1.0046926736831665,0.004278940614312887,0.13012972474098206,0.05296880751848221,2.52796926361043e-05,-0.004258282016962767,0.0004191947227809578,0.0011660900199785829,6.62099955661688e-06,27.0,0,0.7745
2026-05-19T22:57:45.396204,190526_174411.015625,1,58.3686408996582,8.63158893585205,49.400001525878906,0.0,0.75,14,29.690000534057617,1,190526_205725.093750,1.6561551094055176,-1.0041004419326782,0.004976429510861635,0.15054483711719513,0.053868550807237625,-0.0012750964378938079,0.004607342183589935,-0.0013825268251821399,0.0012242973316460848,7.192248631326947e-06,27.0,0,0.7745
2026-05-19T22:57:48.442339,190526_174419.015625,1,58.3686408996582,8.63158893585205,49.400001525878906,0.0,0.800000011920929,13,29.690000534057617,1,190526_205727.093750,1.649071455001831,-1.0051560401916504,0.0009953300468623638,0.06435130536556244,0.05407846346497536,0.0002870810276363045,-0.0001640008413232863,-0.0009388131438754499,0.001210864051245153,7.3150349635398015e-06,27.0,0,0.7745
2026-05-19T22:57:51.487113,190526_174428.000000,1,58.3686408996582,8.63158893585205,49.400001525878906,0.0,0.75,14,29.690000534057617,1,190526_205729.093750,1.6491334438323975,-1.0075842142105103,0.0022335215471684933,0.0631725937128067,0.05470012500882149,0.000727419916074723,-0.002005915157496929,-0.000660139077808708,0.0011414809850975871,7.27226097296807e-06,27.0,0,0.7745
2026-05-19T22:57:54.534129,190526_174436.984375,1,58.3686408996582,8.63158893585205,49.400001525878906,0.0,0.75,14,29.690000534057617,1,190526_205731.093750,1.6513310670852661,-1.0028154850006104,0.002945014275610447,0.1240672767162323,0.07193128019571304,-0.0024065293837338686,8.174387039616704e-05,0.0016955947503447533,0.001450495794415474,9.12408358999528e-06,27.0,0,0.6563
2026-05-19T22:57:57.589377,190526_174444.984375,1,58.36872100830078,8.632235527038574,51.20000076293945,45.45000076293945,0.75,14,29.690000534057617,1,190526_205731.093750,1.6513310670852661,-1.0028154850006104,0.002945014275610447,0.1240672767162323,0.07193128019571304,-0.0024065293837338686,8.174387039616704e-05,0.0016955947503447533,0.001450495794415474,9.12408358999528e-06,27.0,1,0.9727
2026-05-19T22:58:00.623880,190526_174446.000000,1,58.36875915527344,8.632534980773926,52.20000076293945,45.45000076293945,0.7099999785423279,15,29.690000534057617,1,190526_205733.093750,1.6485909223556519,-1.0010682344436646,0.004518651403486729,0.19251695275306702,0.07368314266204834,0.0010885177180171013,-0.0043113138526678085,-0.0008036881918087602,0.0014859959483146667,1.014201552607119e-05,25.0,1,0.8947
2026-05-19T22:58:03.668913,190526_174454.000000,1,58.368831634521484,8.634560585021973,52.20000076293945,54.83000183105469,0.8100000023841858,15,29.690000534057617,1,190526_205734.078125,1.6453303098678589,-1.0029958486557007,0.0004034533048979938,0.053149864077568054,0.07224474847316742,6.118938472354785e-05,0.00035778264282271266,0.0001761307066772133,0.0014369131531566381,9.523166227154434e-06,25.0,1,0.8703
2026-05-19T22:58:06.713827,190526_174502.000000,1,58.368770599365234,8.636688232421875,53.5,57.470001220703125,0.75,15,29.690000534057617,1,190526_205736.078125,1.643526315689087,-1.001973271369934,0.001537491218186915,0.06941571831703186,0.07293082773685455,-0.001370514975860715,0.00016974916798062623,-0.0006758352392353117,0.0014321128837764263,9.2399786808528e-06,25.0,1,0.9490
2026-05-19T22:58:09.759793,190526_174503.015625,1,58.368770599365234,8.636962890625,52.900001525878906,57.4900016784668,0.75,15,29.690000534057617,1,190526_205738.078125,1.6505823135375977,-1.003847599029541,0.0026536607183516026,0.08765991777181625,0.06921255588531494,0.0005614679539576173,-0.002254135673865676,-0.0012827864848077297,0.0014702635817229748,9.14971769816475e-06,27.0,1,0.9631
2026-05-19T22:58:13.404616,190526_174511.015625,1,58.368831634521484,8.639060020446777,57.29999923706055,52.93000030517578,0.7900000214576721,14,29.690000534057617,1,190526_205740.078125,1.6500544548034668,-1.0124032497406006,0.0028190026059746742,0.05465982109308243,0.07150507718324661,0.002121302066370845,0.0014191718073561788,-0.0011969980550929904,0.001519761048257351,9.374663022754248e-06,27.0,1,0.9745
2026-05-19T22:58:16.450519,190526_174512.000000,1,58.36886978149414,8.639303207397461,57.0,52.279998779296875,0.8500000238418579,14,29.690000534057617,1,190526_205740.078125,1.6500544548034668,-1.0124032497406006,0.0028190026059746742,0.05465982109308243,0.07150507718324661,0.002121302066370845,0.0014191718073561788,-0.0011969980550929904,0.001519761048257351,9.374663022754248e-06,27.0,1,0.9745
2026-05-19T22:58:19.495433,190526_174520.000000,1,58.369140625,8.641164779663086,54.5,50.529998779296875,0.7599999904632568,14,29.690000534057617,1,190526_205742.078125,1.6559593677520752,-1.0094361305236816,0.0015017588157206774,0.08130617439746857,0.07168007642030716,-0.0007624609861522913,0.0009395931847393513,-0.000889436574652791,0.001538039417937398,8.479878488287795e-06,25.0,1,0.9504
2026-05-19T22:58:22.541393,190526_174528.000000,1,58.369361877441406,8.64306354522705,54.900001525878906,53.88999938964844,0.75,15,29.690000534057617,1,190526_205744.078125,1.65812087059021,-1.0093191862106323,0.003642793046310544,0.2205529510974884,0.075993113219738,0.003513901261612773,0.0001733142853481695,-0.0009446695330552757,0.0016033211722970009,9.528746886644512e-06,27.0,1,0.9511
2026-05-19T22:58:25.588254,190526_174528.984375,1,58.369388580322266,8.643319129943848,54.29999923706055,53.88999938964844,0.75,15,29.690000534057617,1,190526_205824.078125,1.6611438989639282,-1.0147497653961182,0.0006044229958206415,0.06046832725405693,0.07819972932338715,0.00047915769391693175,0.000102911057183519,-0.0003537575248628855,0.0016588266007602215,1.0100816325575579e-05,29.0,1,0.9601
2026-05-19T22:58:28.791387,190526_174536.984375,1,58.3697395324707,8.645402908325195,54.900001525878906,57.09000015258789,0.7099999785423279,15,29.690000534057617,1,190526_205826.078125,1.6697955131530762,-1.0168026685714722,0.003990395460277796,0.09699723869562149,0.06512390822172165,0.0032054781913757324,-0.0009768641320988536,0.0021665410604327917,0.0014690685784444213,9.153923201665748e-06,29.0,1,0.9797
2026-05-19T22:58:31.838632,190526_174546.000000,1,58.37010955810547,8.647637367248535,55.400001525878906,53.4900016784668,0.7599999904632568,14,29.690000534057617,1,190526_205826.078125,1.6697955131530762,-1.0168026685714722,0.003990395460277796,0.09699723869562149,0.06512390822172165,0.0032054781913757324,-0.0009768641320988536,0.0021665410604327917,0.0014690685784444213,9.153923201665748e-06,29.0,1,0.9797
2026-05-19T22:58:34.881208,190526_174554.000000,1,58.37030029296875,8.649646759033203,52.29999923706055,56.630001068115234,0.7900000214576721,13,29.690000534057617,1,190526_205828.078125,1.6751114130020142,-1.0180140733718872,0.002535647712647915,0.08151624351739883,0.063296839594841,-0.002125574741512537,-0.00035984040005132556,-0.0013348993379622698,0.0014406924601644278,8.23834488983266e-06,27.0,1,0.9633
2026-05-19T22:58:37.926018,190526_174555.015625,1,58.37030029296875,8.649916648864746,51.599998474121094,56.68000030517578,0.7699999809265137,13,29.690000534057617,1,190526_205830.078125,1.667275071144104,-1.0096713304519653,0.0045980848371982574,0.11690229177474976,0.06269281357526779,-0.0006654717144556344,-0.004543612245470285,0.00023476553906220943,0.001443351386114955,8.674015589349438e-06,25.0,1,0.9490
2026-05-19T22:58:40.970963,190526_174603.015625,1,58.370540618896484,8.65185546875,52.0,52.75,0.7699999809265137,13,29.690000534057617,1,190526_205831.093750,1.6739757061004639,-1.0193537473678589,0.0015318094519898295,0.09309664368629456,0.06211584806442261,-0.0010772829409688711,0.0010813833214342594,0.0001284985919483006,0.0013681754935532808,8.84902328834869e-06,25.0,1,0.9482
2026-05-19T22:58:44.015915,190526_174611.015625,1,58.37128829956055,8.653193473815918,48.599998474121094,46.869998931884766,0.7699999809265137,13,29.690000534057617,1,190526_205833.093750,1.6752129793167114,-1.0264472961425781,0.0014778864569962025,0.057950977236032486,0.06021972373127937,0.00024018636031541973,-0.0004436865565367043,0.001389100681990385,0.0013509035343304276,8.419303412665613e-06,23.0,1,0.9346
2026-05-19T22:58:47.712861,190526_174612.000000,1,58.371368408203125,8.65334701538086,48.70000076293945,46.43000030517578,0.8899999856948853,12,29.690000534057617,1,190526_205835.093750,1.6712052822113037,-1.0268604755401611,0.002611240604892373,0.06292373687028885,0.06404958665370941,-0.0007532105082646012,0.001564426114782691,0.0019503389485180378,0.0013476755702868104,9.373406101076398e-06,23.0,1,0.9344
2026-05-19T22:58:50.757546,190526_174620.000000,1,58.3719482421875,8.654655456542969,44.79999923706055,42.970001220703125,0.75,14,29.690000534057617,1,190526_205835.093750,1.6712052822113037,-1.0268604755401611,0.002611240604892373,0.06292373687028885,0.06404958665370941,-0.0007532105082646012,0.001564426114782691,0.0019503389485180378,0.0013476755702868104,9.373406101076398e-06,23.0,1,0.9247
2026-05-19T22:58:53.802978,190526_174620.984375,1,58.37200164794922,8.654827117919922,44.599998474121094,42.61000061035156,0.75,14,29.690000534057617,1,190526_205837.093750,1.67368745803833,-1.0278730392456055,0.0018189335241913795,0.14562387764453888,0.06356950849294662,-0.00010588686564005911,0.0014881251845508814,-0.0010405723005533218,0.0013142934767529368,9.046103514265269e-06,23.0,1,0.9257
2026-05-19T22:58:56.849544,190526_174628.984375,1,58.37247085571289,8.656044960021973,40.900001525878906,40.060001373291016,0.7099999785423279,15,29.690000534057617,1,190526_205839.093750,1.6750683784484863,-1.0234228372573853,0.0008179293945431709,0.04855102673172951,0.056338828057050705,-0.0007751328521408141,9.686800331110135e-05,-0.00024247518740594387,0.0011598460841923952,7.685322088946123e-06,23.0,1,0.9185
2026-05-19T22:59:02.939458,190526_174638.000000,1,58.372989654541016,8.6576566696167,38.099998474121094,42.65999984741211,0.7799999713897705,13,29.690000534057617,1,190526_205843.093750,1.6780873537063599,-1.0279780626296997,0.001768334535881877,0.07766248285770416,0.05804918333888054,-0.0008451808826066554,-0.0012837174581363797,-0.0008744974620640278,0.0010938179912045598,7.3576557042542845e-06,21.0,1,0.9691
2026-05-19T22:59:06.379653,190526_174646.000000,1,58.37324142456055,8.659150123596191,34.900001525878906,46.849998474121094,0.7099999785423279,15,29.690000534057617,1,190526_205845.093750,1.6782265901565552,-1.0247740745544434,0.005141912493854761,0.11959408968687057,0.05826075002551079,-0.002682403428480029,0.0014983490109443665,-0.0041229757480323315,0.0011350440327078104,7.450170869560679e-06,21.0,1,0.9732
2026-05-19T22:59:09.422183,190526_174647.015625,1,58.37324905395508,8.659388542175293,35.599998474121094,48.540000915527344,0.7099999785423279,15,29.690000534057617,1,190526_205845.093750,1.6782265901565552,-1.0247740745544434,0.005141912493854761,0.11959408968687057,0.05826075002551079,-0.002682403428480029,0.0014983490109443665,-0.0041229757480323315,0.0011350440327078104,7.450170869560679e-06,21.0,1,0.9732
2026-05-19T22:59:12.467319,190526_174655.015625,1,58.373390197753906,8.6614351272583,27.700000762939453,58.54999923706055,0.7300000190734863,14,29.690000534057617,1,190526_205847.093750,1.6739990711212158,-1.0254908800125122,0.0024863199796527624,0.040659889578819275,0.061199408024549484,0.0011426836717873812,0.0021934048272669315,-0.0002550212084315717,0.0011883932165801525,7.067023489071289e-06,25.0,1,0.9462
2026-05-19T22:59:15.512049,190526_174703.015625,1,58.373291015625,8.663681983947754,18.399999618530273,55.58000183105469,0.7799999713897705,13,29.690000534057617,1,190526_205849.093750,1.6787885427474976,-1.0282708406448364,0.0020260487217456102,0.06925526261329651,0.06349054723978043,0.001098792883567512,0.0016289064660668373,-0.00049415766261518,0.001262787263840437,7.49942864786135e-06,27.0,1,0.9610
2026-05-19T22:59:18.556902,190526_174704.000000,1,58.37334060668945,8.66394329071045,17.799999237060547,56.95000076293945,0.7799999713897705,13,29.690000534057617,1,190526_205850.078125,1.6866672039031982,-1.0234931707382202,0.0007935598841868341,0.04193403199315071,0.05885045975446701,-0.0007829006062820554,-0.00011632913810899481,5.71969139855355e-05,0.0011929154861718416,6.731749635946471e-06,24.0,1,0.9786
2026-05-19T22:59:21.819992,190526_174720.000000,1,58.37287139892578,8.667645454406738,0.8999999761581421,57.59000015258789,1.0399999618530273,10,29.690000534057617,1,190526_205852.078125,1.6857109069824219,-1.020836353302002,0.004283158108592033,0.05781330540776253,0.059288814663887024,-0.0011606512125581503,0.002204410033300519,-0.00348409335128963,0.0012485707411542535,7.368768365267897e-06,26.0,1,0.9803
2026-05-19T22:59:24.864912,190526_174720.984375,1,58.37276840209961,8.66781234741211,0.0,59.540000915527344,1.0299999713897705,10,29.690000534057617,1,190526_205852.078125,1.6857109069824219,-1.020836353302002,0.004283158108592033,0.05781330540776253,0.059288814663887024,-0.0011606512125581503,0.002204410033300519,-0.00348409335128963,0.0012485707411542535,7.368768365267897e-06,26.0,1,0.9794
2026-05-19T22:59:27.912117,190526_174728.984375,1,58.37200927734375,8.669571876525879,-6.800000190734863,61.72999954223633,0.8700000047683716,11,29.690000534057617,1,190526_205854.078125,1.6847326755523682,-1.0234191417694092,0.00547524681314826,0.23655031621456146,0.06445645540952682,-0.0008018634398467839,0.005257506389170885,0.001301526790484786,0.0013472710270434618,7.90327521826839e-06,26.0,1,0.9785
2026-05-19T22:59:30.956742,190526_174730.000000,1,58.37192916870117,8.669795036315918,-6.800000190734863,58.880001068115234,0.8799999952316284,11,29.690000534057617,1,190526_205856.078125,1.6814383268356323,-1.032208800315857,0.0011894548078998923,0.023928465321660042,0.06545555591583252,0.0007909550331532955,0.0004916802863590419,-0.0007398940506391227,0.0013526022667065263,8.211885869968683e-06,26.0,1,0.9814
2026-05-19T22:59:34.002753,190526_174738.000000,1,58.37205123901367,8.671550750732422,-5.300000190734863,41.2400016784668,0.8500000238418579,12,29.690000534057617,1,190526_205858.078125,1.6699177026748657,-1.0346581935882568,0.005720594432204962,0.14720742404460907,0.060658104717731476,-9.183290239889175e-05,-0.005512539763003588,-0.0015259983483701944,0.001362631213851273,8.146643267537002e-06,26.0,1,0.9768
2026-05-19T22:59:37.046624,190526_174746.000000,1,58.37284851074219,8.671825408935547,-3.0999999046325684,33.630001068115234,0.8100000023841858,13,29.690000534057617,1,190526_205900.078125,1.6685487031936646,-1.036155343055725,0.0025566143449395895,0.07554608583450317,0.06262151151895523,0.0008146414184011519,0.002256526844576001,0.0008835849002934992,0.0014236142160370946,8.567923032387625e-06,26.0,1,0.9749
2026-05-19T22:59:40.091820,190526_174747.015625,1,58.372928619384766,8.671849250793457,-1.2000000476837158,31.489999771118164,0.8100000023841858,13,29.690000534057617,1,190526_205900.078125,1.6685487031936646,-1.036155343055725,0.0025566143449395895,0.07554608583450317,0.06262151151895523,0.0008146414184011519,0.002256526844576001,0.0008835849002934992,0.0014236142160370946,8.567923032387625e-06,26.0,1,0.9683
2026-05-19T22:59:43.140370,190526_174755.015625,1,58.37348937988281,8.672076225280762,3.299999952316284,28.860000610351562,0.7699999809265137,14,29.690000534057617,1,190526_205940.078125,1.6649837493896484,-1.0390853881835938,0.002263820730149746,0.15666045248508453,0.06183185800909996,-0.00023581476125400513,-0.0005266412044875324,0.0021890464704483747,0.0013209216995164752,8.088365575531498e-06,24.0,1,0.9684
2026-05-19T22:59:46.184377,190526_174803.015625,1,58.37390899658203,8.672439575195312,5.5,21.760000228881836,0.7699999809265137,13,29.690000534057617,1,190526_205942.078125,1.670759916305542,-1.034525990486145,0.004231774713844061,0.17927409708499908,0.058508094400167465,-0.000587312038987875,-0.00407723244279623,-0.0009691001032479107,0.0013283690204843879,7.954277862154413e-06,22.0,1,0.8900
2026-05-19T22:59:49.229884,190526_174804.000000,1,58.37395095825195,8.672501564025879,5.699999809265137,19.75,0.800000011920929,12,29.690000534057617,1,190526_205944.078125,1.6674460172653198,-1.0385419130325317,0.002339964732527733,0.05125344917178154,0.059644248336553574,-0.0006671619485132396,-0.002203377429395914,-0.00041887658881023526,0.0013301988365128636,7.990208359842654e-06,25.0,1,0.9123
2026-05-19T22:59:52.356069,190526_174812.000000,1,58.374229431152344,8.672947883605957,7.400000095367432,20.43000030517578,0.7699999809265137,13,29.690000534057617,1,190526_205946.078125,1.6553150415420532,-1.045041799545288,0.006290786899626255,0.23457816243171692,0.06375624984502792,0.0008216046844609082,-0.006119242869317532,-0.0012057498097419739,0.0013973297318443656,8.841832823236473e-06,23.0,1,0.7297
2026-05-19T22:59:55.400789,190526_174830.000000,1,58.3749885559082,8.673441886901855,14.300000190734863,22.360000610351562,0.8600000143051147,13,29.690000534057617,1,190526_205946.078125,1.6553150415420532,-1.045041799545288,0.006290786899626255,0.23457816243171692,0.06375624984502792,0.0008216046844609082,-0.006119242869317532,-0.0012057498097419739,0.0013973297318443656,8.841832823236473e-06,23.0,1,0.7297
2026-05-19T22:59:58.445974,190526_174839.015625,1,58.375450134277344,8.673615455627441,16.5,19.959999084472656,0.8600000143051147,13,29.690000534057617,1,190526_205947.093750,1.6575669050216675,-1.0449579954147339,0.0032254746183753014,0.07518748193979263,0.06008424237370491,0.002523069502785802,0.0018877116963267326,-0.0006887320778332651,0.001326588448137045,8.338487532455474e-06,23.0,1,0.8900
2026-05-19T23:00:01.491907,190526_174847.015625,1,58.37583923339844,8.67375659942627,18.100000381469727,20.889999389648438,0.8600000143051147,13,29.690000534057617,1,190526_205949.093750,1.6492782831192017,-1.0470552444458008,0.004277007654309273,0.14903807640075684,0.0568099282681942,0.003912563435733318,-0.0010814735433086753,0.0013472401769831777,0.0013114744797348976,8.217072718252894e-06,23.0,1,0.8900
2026-05-19T23:00:04.535769,190526_174855.015625,1,58.37623977661133,8.673874855041504,20.799999237060547,17.149999618530273,0.8100000023841858,14,29.690000534057617,1,190526_205951.093750,1.6501184701919556,-1.0449789762496948,0.0019327015615999699,0.0629982128739357,0.06067477911710739,-0.0005617286660708487,0.001598824979737401,0.000929276691749692,0.0013341715093702078,8.592054655309767e-06,23.0,1,0.8895
2026-05-19T23:00:07.580775,190526_174856.000000,1,58.37628173828125,8.673881530761719,21.0,15.130000114440918,0.7900000214576721,13,29.690000534057617,1,190526_205953.093750,1.6575514078140259,-1.043215274810791,0.0017789601115509868,0.039216913282871246,0.059713128954172134,0.0009470173390582204,0.0014901479007676244,0.0002175235713366419,0.0012353226775303483,8.32384466775693e-06,25.0,1,0.8307
2026-05-19T23:00:10.628949,190526_174904.000000,1,58.37664031982422,8.673887252807617,20.799999237060547,17.399999618530273,0.8399999737739563,14,29.690000534057617,1,190526_205953.093750,1.6575514078140259,-1.043215274810791,0.0017789601115509868,0.039216913282871246,0.059713128954172134,0.0009470173390582204,0.0014901479007676244,0.0002175235713366419,0.0012353226775303483,8.32384466775693e-06,25.0,1,0.9123
2026-05-19T23:00:13.671607,190526_174904.984375,1,58.376670837402344,8.673881530761719,21.100000381469727,16.190000534057617,0.7900000214576721,14,29.690000534057617,1,190526_205955.093750,1.6569017171859741,-1.037325143814087,0.001610916806384921,0.047095853835344315,0.0640752837061882,-0.0003166645474266261,0.0008525673183612525,0.0013296259567141533,0.0012804368743672967,9.064708137884736e-06,21.0,1,0.9100
2026-05-19T23:00:16.716673,190526_174912.984375,1,58.37704086303711,8.673830032348633,20.899999618530273,18.739999771118164,0.7599999904632568,14,29.690000534057617,1,190526_205957.093750,1.6565309762954712,-1.041445255279541,0.001608190475963056,0.17040999233722687,0.06436966359615326,0.0003559029719326645,-0.0014416733756661415,0.0006174039444886148,0.0012180267367511988,8.794909263087902e-06,21.0,1,0.9555
2026-05-19T23:00:19.761525,190526_174920.984375,1,58.37744903564453,8.67383098602295,21.200000762939453,27.56999969482422,0.7099999785423279,15,29.690000534057617,1,190526_205959.093750,1.6493293046951294,-1.036804437637329,0.0010691973147913814,0.12741175293922424,0.06337083876132965,-0.0010216252412647009,-8.51253280416131e-05,0.00030367515864782035,0.0012822618009522557,8.906607035896741e-06,21.0,1,0.9555
2026-05-19T23:00:22.807337,190526_174922.000000,1,58.37752151489258,8.67384147644043,21.5,28.09000015258789,0.75,15,29.690000534057617,1,190526_210001.093750,1.6566029787063599,-1.0324312448501587,0.0019764830358326435,0.18464913964271545,0.06358110159635544,0.0012848377227783203,-0.0005252755363471806,-0.0014070403994992375,0.0013178361114114523,9.010171197587624e-06,22.0,1,0.8895
2026-05-19T23:00:26.459960,190526_174930.000000,1,58.37828063964844,8.674209594726562,26.0,42.16999816894531,0.7099999785423279,15,29.690000534057617,1,190526_210003.093750,1.659755825996399,-1.0323858261108398,0.002041335916146636,0.09234058111906052,0.06317479908466339,0.000181155075551942,-0.001689016236923635,-0.0011320156045258045,0.0013401532778516412,8.632284334453288e-06,22.0,1,0.9257
2026-05-19T23:00:29.497199,190526_174938.000000,1,58.37908172607422,8.674702644348145,31.899999618530273,42.540000915527344,0.7900000214576721,13,29.690000534057617,1,190526_210003.093750,1.659755825996399,-1.0323858261108398,0.002041335916146636,0.09234058111906052,0.06317479908466339,0.000181155075551942,-0.001689016236923635,-0.0011320156045258045,0.0013401532778516412,8.632284334453288e-06,22.0,1,0.9257
2026-05-19T23:00:32.542181,190526_174947.015625,1,58.3797607421875,8.675225257873535,33.0,42.189998626708984,0.7599999904632568,14,29.690000534057617,1,190526_210005.093750,1.6591742038726807,-1.0334635972976685,0.0021598045714199543,0.06506204605102539,0.06315754354000092,-0.0008403273532167077,-0.001965323695912957,0.00031001324532553554,0.0013334582326933742,8.576429536333308e-06,22.0,1,0.9257
2026-05-19T23:00:35.587186,190526_174948.000000,1,58.37977981567383,8.675334930419922,32.900001525878906,24.020000457763672,0.7300000190734863,14,29.690000534057617,1,190526_210006.078125,1.663111686706543,-1.0348892211914062,0.0019701411947607994,0.13432952761650085,0.06333979964256287,0.0005155901308171451,0.0007141013629734516,-0.001762294676154852,0.0013111127773299813,8.35653281683335e-06,24.0,1,0.9684
2026-05-19T23:00:38.632042,190526_174956.000000,1,58.38008117675781,8.675945281982422,31.600000381469727,22.520000457763672,0.7599999904632568,13,29.690000534057617,1,190526_210008.078125,1.6621854305267334,-1.0294122695922852,0.0020848445128649473,0.057775307446718216,0.06020355224609375,-0.0005077723180875182,0.0019185638520866632,-0.0006386372842825949,0.001293707056902349,7.677977009734605e-06,22.0,1,0.8900
2026-05-19T23:00:41.676996,190526_175004.000000,1,58.38039016723633,8.676342010498047,32.79999923706055,12.149999618530273,0.8399999737739563,12,29.690000534057617,1,190526_210010.078125,1.6630427837371826,-1.0321969985961914,0.0023052929900586605,0.10012634843587875,0.05742417648434639,-0.0012163396459072828,0.00023588037583976984,0.001944030518643558,0.001262567238882184,7.4913691605615895e-06,24.0,1,0.7825
2026-05-19T23:00:44.721714,190526_175004.984375,1,58.38039016723633,8.6763916015625,33.20000076293945,11.779999732971191,0.8399999737739563,12,29.690000534057617,1,190526_210010.078125,1.6630427837371826,-1.0321969985961914,0.0023052929900586605,0.10012634843587875,0.05742417648434639,-0.0012163396459072828,0.00023588037583976984,0.001944030518643558,0.001262567238882184,7.4913691605615895e-06,24.0,1,0.7825
2026-05-19T23:00:47.766796,190526_175012.984375,1,58.38032913208008,8.676809310913086,33.29999923706055,8.210000038146973,0.800000011920929,13,29.690000534057617,1,190526_210012.078125,1.666412591934204,-1.0409812927246094,0.003339051501825452,0.07669086754322052,0.05639811232686043,0.00029783850186504424,-0.0023796893656253815,-0.002323281019926071,0.0012663707602769136,8.003911716514267e-06,22.0,0,0.7915
2026-05-19T23:00:50.813177,190526_175020.984375,1,58.38032913208008,8.67686939239502,32.5,0.27000001072883606,0.7300000190734863,14,29.690000534057617,1,190526_210014.078125,1.6703308820724487,-1.0383799076080322,0.0012279327493160963,0.06749402731657028,0.05597558245062828,0.0009074417757801712,0.0007754049729555845,0.00028829745133407414,0.001230238238349557,7.92885293776635e-06,22.0,0,0.8518
2026-05-19T23:00:53.856576,190526_175022.000000,1,58.38032913208008,8.67685604095459,32.5,0.27000001072883606,0.7300000190734863,14,29.690000534057617,1,190526_210052.078125,1.672035574913025,-1.0417015552520752,0.0017999452538788319,0.07423917949199677,0.05523425713181496,0.00109099131077528,0.0013521702494472265,0.0004702935984823853,0.0012126199435442686,7.6177370829100255e-06,21.0,0,0.6886
2026-05-19T23:00:56.901563,190526_175030.000000,1,58.38029861450195,8.676779747009277,32.5,0.0,0.7799999713897705,13,29.690000534057617,1,190526_210054.078125,1.6710683107376099,-1.0412930250167847,0.004427209496498108,0.1525193154811859,0.04983160272240639,-0.0008627852075733244,-0.0042615849524736404,0.0008334716549143195,0.001078594010323286,7.224774435599102e-06,23.0,0,0.9325
2026-05-19T23:00:59.955568,190526_175022.000000,1,58.38032913208008,8.67685604095459,32.5,0.27000001072883606,0.7300000190734863,14,29.690000534057617,1,190526_210054.078125,1.6710683107376099,-1.0412930250167847,0.004427209496498108,0.1525193154811859,0.04983160272240639,-0.0008627852075733244,-0.0042615849524736404,0.0008334716549143195,0.001078594010323286,7.224774435599102e-06,23.0,0,0.8716
2026-05-19T23:01:02.993257,190526_175020.984375,1,58.38032913208008,8.67686939239502,32.5,0.27000001072883606,0.7300000190734863,14,29.690000534057617,1,190526_210056.078125,1.6666368246078491,-1.0389479398727417,0.0023549022153019905,0.20134155452251434,0.05253305286169052,0.002006844850257039,0.001223710598424077,-0.00014377055049408227,0.0011608221102505922,7.79321271693334e-06,23.0,0,0.8574
2026-05-19T23:01:06.038950,190526_175012.984375,1,58.38032913208008,8.676809310913086,33.29999923706055,8.210000038146973,0.800000011920929,13,29.690000534057617,1,190526_210058.078125,1.6733894348144531,-1.0381993055343628,0.00243017403408885,0.0993906706571579,0.05248553305864334,-0.0004039274645037949,0.002110542031005025,-0.0011349896667525172,0.0011728211538866162,7.753099453111645e-06,27.0,0,0.6752
2026-05-19T23:01:09.082452,190526_175004.984375,1,58.38039016723633,8.6763916015625,33.20000076293945,11.779999732971191,0.8399999737739563,12,29.690000534057617,1,190526_210059.093750,1.673896074295044,-1.0383590459823608,0.00151115155313164,0.10308828204870224,0.0495917834341526,0.0012739559169858694,0.0007131542661227286,0.00038990526809357107,0.0011253627017140388,7.4190575105603784e-06,25.0,1,0.8217
2026-05-19T23:01:12.126223,190526_175004.000000,1,58.38039016723633,8.676342010498047,32.79999923706055,12.149999618530273,0.8399999737739563,12,29.690000534057617,1,190526_210101.093750,1.6703394651412964,-1.0320768356323242,0.001771570648998022,0.07314906269311905,0.05265963450074196,1.5056612028274685e-05,0.00012246600817888975,0.0017672684043645859,0.0011873766779899597,7.762271707179025e-06,23.0,1,0.7923
2026-05-19T23:01:15.769709,190526_174956.000000,1,58.38008117675781,8.675945281982422,31.600000381469727,22.520000457763672,0.7599999904632568,13,29.690000534057617,1,190526_210102.078125,1.6704293489456177,-1.031430959701538,0.002145138569176197,0.07433470338582993,0.05215078592300415,-0.0009403686271980405,-0.0015731327002868056,0.0011147106997668743,0.0011232019169256091,7.0293240241880994e-06,25.0,1,0.9072
2026-05-19T23:01:18.812951,190526_174948.000000,1,58.37977981567383,8.675334930419922,32.900001525878906,24.020000457763672,0.7300000190734863,14,29.690000534057617,1,190526_210102.078125,1.6704293489456177,-1.031430959701538,0.002145138569176197,0.07433470338582993,0.05215078592300415,-0.0009403686271980405,-0.0015731327002868056,0.0011147106997668743,0.0011232019169256091,7.0293240241880994e-06,25.0,1,0.9072
2026-05-19T23:01:21.858033,190526_174947.015625,1,58.3797607421875,8.675225257873535,33.0,42.189998626708984,0.7599999904632568,14,29.690000534057617,1,190526_210105.093750,1.663823127746582,-1.0321725606918335,0.0014721613842993975,0.07585163414478302,0.05313548818230629,-0.0009249511058442295,-0.0010455477749928832,-0.000467498175567016,0.0010851232800632715,7.150813871703576e-06,25.0,1,0.9396
2026-05-19T23:01:24.902802,190526_174938.000000,1,58.37908172607422,8.674702644348145,31.899999618530273,42.540000915527344,0.7900000214576721,13,29.690000534057617,1,190526_210107.093750,1.6623594760894775,-1.031414270401001,0.004051831550896168,0.16119028627872467,0.05510908365249634,-0.0006836597458459437,-0.003976793959736824,0.00036750492290593684,0.001089351368136704,7.368182195932604e-06,23.0,1,0.9216
2026-05-19T23:01:27.953840,190526_174930.000000,1,58.37828063964844,8.674209594726562,26.0,42.16999816894531,0.7099999785423279,15,29.690000534057617,1,190526_210109.093750,1.657020926475525,-1.0326004028320312,0.001544987317174673,0.13915963470935822,0.059317734092473984,-0.0005770085845142603,-0.0014325836673378944,4.1843864892143756e-05,0.0011508052702993155,7.591529083583737e-06,26.0,1,0.9791
2026-05-19T23:01:30.998765,190526_174922.000000,1,58.37752151489258,8.67384147644043,21.5,28.09000015258789,0.75,15,29.690000534057617,1,190526_210110.078125,1.6560934782028198,-1.0317871570587158,0.0038959176745265722,0.05084165930747986,0.06088726595044136,-0.00016849924577400088,0.0036357908975332975,-0.0013895350275561213,0.0011224969057366252,7.5560110417427495e-06,24.0,1,0.9684
2026-05-19T23:01:34.639535,190526_174920.984375,1,58.37744903564453,8.67383098602295,21.200000762939453,27.56999969482422,0.7099999785423279,15,29.690000534057617,1,190526_210112.078125,1.6557393074035645,-1.038696527481079,0.0025149225257337093,0.04577196016907692,0.06248606741428375,5.564348612097092e-05,0.002508518286049366,-0.00017051180475391448,0.001087969052605331,7.530602033511968e-06,22.0,1,0.8900
2026-05-19T23:01:37.684446,190526_174912.984375,1,58.37704086303711,8.673830032348633,20.899999618530273,18.739999771118164,0.7599999904632568,14,29.690000534057617,1,190526_210112.078125,1.6557393074035645,-1.038696527481079,0.0025149225257337093,0.04577196016907692,0.06248606741428375,5.564348612097092e-05,0.002508518286049366,-0.00017051180475391448,0.001087969052605331,7.530602033511968e-06,22.0,1,0.8900
2026-05-19T23:01:40.731474,190526_174904.984375,1,58.376670837402344,8.673881530761719,21.100000381469727,16.190000534057617,0.7900000214576721,14,29.690000534057617,1,190526_210113.312500,1.6575345993041992,-1.0384246110916138,0.006933265831321478,0.20956401526927948,0.06450554728507996,-0.0012246124679222703,-0.005979418288916349,-0.0032889293506741524,0.001261586439795792,8.525723387720063e-06,22.0,1,0.5133
2026-05-19T23:01:43.776252,190526_174904.000000,1,58.37664031982422,8.673887252807617,20.799999237060547,17.399999618530273,0.8399999737739563,14,29.690000534057617,1,190526_210115.312500,1.6583876609802246,-1.043904185295105,0.0025621503591537476,0.08439671993255615,0.06352683901786804,0.0010701462160795927,-0.0022893836721777916,-0.00042204628698527813,0.0011870921589434147,8.05813124316046e-06,24.0,1,0.9353
2026-05-19T23:01:46.821218,190526_174856.000000,1,58.37628173828125,8.673881530761719,21.0,15.130000114440918,0.7900000214576721,13,29.690000534057617,1,190526_210117.312500,1.6485645771026611,-1.0414502620697021,0.0013076533796265721,0.02911430038511753,0.06515566259622574,-0.00011020583770005032,-0.00126738497056067,-0.0003025681071449071,0.0012951850658282638,8.779533345659729e-06,24.0,1,0.9350
2026-05-19T23:01:49.866297,190526_174855.015625,1,58.37623977661133,8.673874855041504,20.799999237060547,17.149999618530273,0.8100000023841858,14,29.690000534057617,1,190526_210118.296875,1.6512067317962646,-1.0432924032211304,0.0014470991445705295,0.09253261983394623,0.06581360846757889,-0.0006111998809501529,-6.163476064102724e-05,-0.0013102409429848194,0.001366764190606773,8.856548447511159e-06,26.0,1,0.9395
2026-05-19T23:01:52.911097,190526_174847.015625,1,58.37583923339844,8.67375659942627,18.100000381469727,20.889999389648438,0.8600000143051147,13,29.690000534057617,1,190526_210118.296875,1.6512067317962646,-1.0432924032211304,0.0014470991445705295,0.09253261983394623,0.06581360846757889,-0.0006111998809501529,-6.163476064102724e-05,-0.0013102409429848194,0.001366764190606773,8.856548447511159e-06,26.0,1,0.9705
2026-05-19T23:01:55.955908,190526_174839.015625,1,58.375450134277344,8.673615455627441,16.5,19.959999084472656,0.8600000143051147,13,29.690000534057617,1,190526_210119.312500,1.6574054956436157,-1.0446027517318726,0.0017602368025109172,0.0837673768401146,0.06321605294942856,0.0010618908563628793,-0.0012890337966382504,-0.0005560697172768414,0.0013775434345006943,8.898744454199914e-06,28.0,1,0.9676
2026-05-19T23:01:59.000858,190526_174830.000000,1,58.3749885559082,8.673441886901855,14.300000190734863,22.360000610351562,0.8600000143051147,13,29.690000534057617,1,190526_210121.312500,1.6549229621887207,-1.0472440719604492,0.0023788034450262785,0.09366864711046219,0.060777630656957626,0.0014062338741496205,-0.0007188766030594707,-0.0017788842087611556,0.0012757981894537807,8.179655196727253e-06,26.0,1,0.9707
2026-05-19T23:02:02.050782,190526_174812.000000,1,58.374229431152344,8.672947883605957,7.400000095367432,20.43000030517578,0.7699999809265137,13,29.690000534057617,1,190526_210159.093750,1.6629459857940674,-1.0551742315292358,0.0018158775055781007,0.2145598977804184,0.06159930303692818,0.0009651618893258274,-0.00021861914137843996,0.0015225240495055914,0.001352639519609511,8.814356078801211e-06,26.0,1,0.9705
2026-05-19T23:02:05.093703,190526_174804.000000,1,58.37395095825195,8.672501564025879,5.699999809265137,19.75,0.800000011920929,12,29.690000534057617,1,190526_210201.093750,1.6600767374038696,-1.0577080249786377,0.0030645919032394886,0.1710432916879654,0.06034717708826065,0.002326683374121785,-0.00043552074930630624,-0.001946429954841733,0.0013750543585047126,8.83063785295235e-06,26.0,1,0.9705
2026-05-19T23:02:08.242762,190526_174803.015625,1,58.37390899658203,8.672439575195312,5.5,21.760000228881836,0.7699999809265137,13,29.690000534057617,1,190526_210203.093750,1.6676139831542969,-1.0617181062698364,0.0031650508753955364,0.02817276306450367,0.06061951071023941,0.000878402846865356,0.0030404923018068075,-3.68910696124658e-05,0.0013511853758245707,8.77774891705485e-06,28.0,1,0.9676
2026-05-19T23:02:11.287674,190526_174755.015625,1,58.37348937988281,8.672076225280762,3.299999952316284,28.860000610351562,0.7699999809265137,14,29.690000534057617,1,190526_210203.093750,1.6676139831542969,-1.0617181062698364,0.0031650508753955364,0.02817276306450367,0.06061951071023941,0.000878402846865356,0.0030404923018068075,-3.68910696124658e-05,0.0013511853758245707,8.77774891705485e-06,28.0,1,0.9676
2026-05-19T23:02:14.332674,190526_174747.015625,1,58.372928619384766,8.671849250793457,-1.2000000476837158,31.489999771118164,0.8100000023841858,13,29.690000534057617,1,190526_210205.093750,1.6765440702438354,-1.0582259893417358,0.003467237576842308,0.09287640452384949,0.05932890251278877,0.0003469203948043287,0.00327929831109941,-0.0010712541406974196,0.0012310753809288144,8.107565008685924e-06,28.0,1,0.9720
2026-05-19T23:02:17.377482,190526_174746.000000,1,58.37284851074219,8.671825408935547,-3.0999999046325684,33.630001068115234,0.8100000023841858,13,29.690000534057617,1,190526_210206.093750,1.6730124950408936,-1.0616165399551392,0.0010750810615718365,0.1070413589477539,0.05609685182571411,-0.0003587566316127777,-0.0006243103416636586,0.0007983290706761181,0.0011595148826017976,7.329063009819947e-06,30.0,1,0.9674
2026-05-19T23:02:20.422448,190526_174738.000000,1,58.37205123901367,8.671550750732422,-5.300000190734863,41.2400016784668,0.8500000238418579,12,29.690000534057617,1,190526_210208.093750,1.6643660068511963,-1.0647615194320679,0.0029114072676748037,0.13296878337860107,0.055958352982997894,0.0016313338419422507,9.071324166143313e-05,0.002409733133390546,0.0010856291046366096,7.5153411671635695e-06,30.0,1,0.9715
2026-05-19T23:02:23.500311,190526_174730.000000,1,58.37192916870117,8.669795036315918,-6.800000190734863,58.880001068115234,0.8799999952316284,11,29.690000534057617,1,190526_210210.093750,1.6677476167678833,-1.0660470724105835,0.0014824086101725698,0.1043667197227478,0.056841928511857986,0.0005722869536839426,-0.0009706912096589804,-0.0009632139699533582,0.0011003512190654874,7.354416993621271e-06,30.0,1,0.9757
2026-05-19T23:02:26.548104,190526_174728.984375,1,58.37200927734375,8.669571876525879,-6.800000190734863,61.72999954223633,0.8700000047683716,11,29.690000534057617,1,190526_210210.093750,1.6677476167678833,-1.0660470724105835,0.0014824086101725698,0.1043667197227478,0.056841928511857986,0.0005722869536839426,-0.0009706912096589804,-0.0009632139699533582,0.0011003512190654874,7.354416993621271e-06,30.0,1,0.9700
2026-05-19T23:02:29.590185,190526_174720.984375,1,58.37276840209961,8.66781234741211,0.0,59.540000915527344,1.0299999713897705,10,29.690000534057617,1,190526_210212.093750,1.6656367778778076,-1.0661898851394653,0.002894163131713867,0.0915561318397522,0.06272102892398834,-0.0006844625459052622,0.0026770022232085466,0.0008610178483650088,0.0012683297973126173,7.832449227862526e-06,32.0,1,0.9578
2026-05-19T23:02:32.637070,190526_174720.000000,1,58.37287139892578,8.667645454406738,0.8999999761581421,57.59000015258789,1.0399999618530273,10,29.690000534057617,1,190526_210214.093750,1.671142578125,-1.0637223720550537,0.002580218482762575,0.05637639760971069,0.06327950954437256,0.0007353594992309809,0.002268169540911913,-0.000985991908237338,0.0012720873346552253,7.591899702674709e-06,31.0,1,0.9751
2026-05-19T23:02:35.682085,190526_174704.000000,1,58.37334060668945,8.66394329071045,17.799999237060547,56.95000076293945,0.7799999713897705,13,29.690000534057617,1,190526_210216.093750,1.6690999269485474,-1.0619921684265137,0.0007295726099982858,0.09416291862726212,0.05680057778954506,-0.0004675399686675519,0.00045217317529022694,-0.0003304875281173736,0.0011267521185800433,6.247748387977481e-06,31.0,1,0.9736
2026-05-19T23:02:38.802198,190526_174703.015625,1,58.373291015625,8.663681983947754,18.399999618530273,55.58000183105469,0.7799999713897705,13,29.690000534057617,1,190526_210217.093750,1.6708447933197021,-1.066656231880188,0.002746718702837825,0.023960290476679802,0.056542858481407166,0.00015050271758809686,0.0023241962771862745,0.0014559960691258311,0.0011837707133963704,6.380500963132363e-06,27.0,1,0.9610
2026-05-19T23:02:41.847098,190526_174655.015625,1,58.373390197753906,8.6614351272583,27.700000762939453,58.54999923706055,0.7300000190734863,14,29.690000534057617,1,190526_210217.093750,1.6708447933197021,-1.066656231880188,0.002746718702837825,0.023960290476679802,0.056542858481407166,0.00015050271758809686,0.0023241962771862745,0.0014559960691258311,0.0011837707133963704,6.380500963132363e-06,27.0,1,0.9569
2026-05-19T23:02:44.891893,190526_174647.015625,1,58.37324905395508,8.659388542175293,35.599998474121094,48.540000915527344,0.7099999785423279,15,29.690000534057617,1,190526_210219.093750,1.6690683364868164,-1.0722640752792358,0.0030347565189003944,0.04657202586531639,0.0559089332818985,0.0010361602762714028,-0.002640403574332595,0.0010790678206831217,0.0011446282733231783,6.2785748013993725e-06,25.0,1,0.9473
2026-05-19T23:02:47.936649,190526_174646.000000,1,58.37324142456055,8.659150123596191,34.900001525878906,46.849998474121094,0.7099999785423279,15,29.690000534057617,1,190526_210221.093750,1.6740020513534546,-1.0701205730438232,0.0010078122140839696,0.03201821818947792,0.05579962953925133,0.0002202924370067194,-0.0004046896065119654,0.0008963163709267974,0.0011511174961924553,6.0406628108466975e-06,25.0,1,0.9473
2026-05-19T23:02:50.981626,190526_174638.000000,1,58.372989654541016,8.6576566696167,38.099998474121094,42.65999984741211,0.7799999713897705,13,29.690000534057617,1,190526_210223.093750,1.6726562976837158,-1.0698325634002686,0.001772410934790969,0.11009550094604492,0.05384025350213051,-0.0005854002083651721,-0.0009235721081495285,-0.0013949056155979633,0.0011369155254215002,5.972862709313631e-06,25.0,1,0.9396
2026-05-19T23:02:54.229540,190526_174636.984375,1,58.37295150756836,8.657464981079102,38.400001525878906,45.06999969482422,0.7300000190734863,14,29.690000534057617,1,190526_210224.296875,1.6717067956924438,-1.0714751482009888,0.003538452787324786,0.10083392262458801,0.06328647583723068,-0.0002784360549412668,-0.003519261721521616,0.0002406629646429792,0.0012953166151419282,6.77419893690967e-06,27.0,1,0.9698
2026-05-19T23:02:57.274352,190526_174628.984375,1,58.37247085571289,8.656044960021973,40.900001525878906,40.060001373291016,0.7099999785423279,15,29.690000534057617,1,190526_210224.296875,1.6717067956924438,-1.0714751482009888,0.003538452787324786,0.10083392262458801,0.06328647583723068,-0.0002784360549412668,-0.003519261721521616,0.0002406629646429792,0.0012953166151419282,6.77419893690967e-06,27.0,1,0.9600
2026-05-19T23:03:00.319424,190526_174620.984375,1,58.37200164794922,8.654827117919922,44.599998474121094,42.61000061035156,0.75,14,29.690000534057617,1,190526_210226.296875,1.6658793687820435,-1.066074013710022,0.0012493247631937265,0.10939540714025497,0.057809099555015564,-6.232025771168992e-05,0.0012227344559505582,0.0002486947050783783,0.0011568315094336867,6.3585771385987755e-06,23.0,1,0.9216
2026-05-19T23:03:03.366329,190526_174620.000000,1,58.3719482421875,8.654655456542969,44.79999923706055,42.970001220703125,0.75,14,29.690000534057617,1,190526_210227.312500,1.6711549758911133,-1.0546735525131226,0.00334113254211843,0.12812159955501556,0.0572100505232811,-0.0010937807383015752,0.003068684134632349,0.0007416129810735583,0.0011341884965077043,7.0239807428151835e-06,22.0,1,0.9205
2026-05-19T23:03:09.464991,190526_174611.015625,1,58.37128829956055,8.653193473815918,48.599998474121094,46.869998931884766,0.7699999809265137,13,29.690000534057617,1,190526_210308.093750,1.6755363941192627,-1.0609914064407349,0.001378578832373023,0.10057241469621658,0.062808096408844,-0.00047287013148888946,0.0006702379905618727,0.0011079958640038967,0.0013283018488436937,9.006636901176535e-06,22.0,1,0.9344
2026-05-19T23:03:12.505212,190526_174603.015625,1,58.370540618896484,8.65185546875,52.0,52.75,0.7699999809265137,13,29.690000534057617,1,190526_210308.093750,1.6755363941192627,-1.0609914064407349,0.001378578832373023,0.10057241469621658,0.062808096408844,-0.00047287013148888946,0.0006702379905618727,0.0011079958640038967,0.0013283018488436937,9.006636901176535e-06,22.0,1,0.9319
2026-05-19T23:03:15.549952,190526_174555.015625,1,58.37030029296875,8.649916648864746,51.599998474121094,56.68000030517578,0.7699999809265137,13,29.690000534057617,1,190526_210310.093750,1.6733380556106567,-1.0592485666275024,0.0030565750785171986,0.07573561370372772,0.06484093517065048,0.0001856624148786068,-0.003048974322155118,0.00010925054084509611,0.0013598554069176316,9.134489118878264e-06,22.0,1,0.9329
2026-05-19T23:03:18.594894,190526_174554.000000,1,58.37030029296875,8.649646759033203,52.29999923706055,56.630001068115234,0.7900000214576721,13,29.690000534057617,1,190526_210312.093750,1.6744829416275024,-1.0652133226394653,0.0013254375662654638,0.035395268350839615,0.06533939391374588,0.0011735304724425077,0.0004624374269042164,0.00040713956695981324,0.0013767477357760072,8.845692718750797e-06,22.0,1,0.9329
2026-05-19T23:03:21.639871,190526_174546.000000,1,58.37010955810547,8.647637367248535,55.400001525878906,53.4900016784668,0.7599999904632568,14,29.690000534057617,1,190526_210314.093750,1.6723226308822632,-1.0660656690597534,0.0016874570865184069,0.05803525075316429,0.06533036381006241,0.0010352546814829111,-0.001211665105074644,0.0005546411266550422,0.0013767856871709228,8.774089110374916e-06,20.0,1,0.9487
2026-05-19T23:03:24.685854,190526_174536.984375,1,58.3697395324707,8.645402908325195,54.900001525878906,57.09000015258789,0.7099999785423279,15,29.690000534057617,1,190526_210315.093750,1.6645989418029785,-1.067203402519226,0.0033736894838511944,0.08231503516435623,0.06555694341659546,0.0007518221391364932,-0.0029390105046331882,0.001476063160225749,0.0013331187656149268,8.524609256710391e-06,18.0,1,0.9795
2026-05-19T23:03:27.968701,190526_174528.984375,1,58.369388580322266,8.643319129943848,54.29999923706055,53.88999938964844,0.75,15,29.690000534057617,1,190526_210317.093750,1.6627006530761719,-1.0630558729171753,0.0022513526491820812,0.12835505604743958,0.060353733599185944,8.30034987302497e-05,0.0012321850517764688,0.0018823969876393676,0.0012779628159478307,7.899678166722879e-06,18.0,1,0.9796
2026-05-19T23:03:31.013610,190526_174528.000000,1,58.369361877441406,8.64306354522705,54.900001525878906,53.88999938964844,0.75,15,29.690000534057617,1,190526_210317.093750,1.6627006530761719,-1.0630558729171753,0.0022513526491820812,0.12835505604743958,0.060353733599185944,8.30034987302497e-05,0.0012321850517764688,0.0018823969876393676,0.0012779628159478307,7.899678166722879e-06,18.0,1,0.9796
2026-05-19T23:03:34.061479,190526_174520.000000,1,58.369140625,8.641164779663086,54.5,50.529998779296875,0.7599999904632568,14,29.690000534057617,1,190526_210318.093750,1.6927176713943481,-1.0669907331466675,0.0018141657346859574,0.08357458561658859,0.13904936611652374,-0.0009102268959395587,0.001278305659070611,-0.0009102849289774895,0.004087960813194513,2.601251981104724e-05,18.0,1,0.9508
2026-05-19T23:03:37.105341,190526_174512.000000,1,58.36886978149414,8.639303207397461,57.0,52.279998779296875,0.8500000238418579,14,29.690000534057617,1,190526_210321.093750,1.6834521293640137,-1.0580910444259644,0.0031888370867818594,0.0912545695900917,0.13912835717201233,-0.0030753437895327806,-0.00014994315279182047,-0.0008297351305373013,0.004130783025175333,2.6178904590778984e-05,20.0,1,0.8558
2026-05-19T23:03:40.153369,190526_174511.015625,1,58.368831634521484,8.639060020446777,57.29999923706055,52.93000030517578,0.7900000214576721,14,29.690000534057617,1,190526_210323.093750,1.6792913675308228,-1.0649399757385254,0.003463129745796323,0.04426661506295204,0.13838529586791992,0.0005701168556697667,-0.003404062008485198,0.00028389308135956526,0.004075766075402498,2.5029299649759196e-05,20.0,1,0.8410
2026-05-19T23:03:43.444370,190526_174503.015625,1,58.368770599365234,8.636962890625,52.900001525878906,57.4900016784668,0.75,15,29.690000534057617,1,190526_210325.093750,1.6799867153167725,-1.065093755722046,0.001784518826752901,0.018020449206233025,0.13851328194141388,-5.234447235125117e-05,0.0015757937217131257,0.0008358479244634509,0.004062175285071135,2.483102070982568e-05,24.0,1,0.9471
2026-05-19T23:03:46.489168,190526_174502.000000,1,58.368770599365234,8.636688232421875,53.5,57.470001220703125,0.75,15,29.690000534057617,1,190526_210325.093750,1.6799867153167725,-1.065093755722046,0.001784518826752901,0.018020449206233025,0.13851328194141388,-5.234447235125117e-05,0.0015757937217131257,0.0008358479244634509,0.004062175285071135,2.483102070982568e-05,24.0,1,0.9471
2026-05-19T23:03:49.535231,190526_174454.000000,1,58.368831634521484,8.634560585021973,52.20000076293945,54.83000183105469,0.8100000023841858,15,29.690000534057617,1,190526_210326.093750,1.6858924627304077,-1.0658798217773438,0.0030183708295226097,0.07629324495792389,0.13752290606498718,7.424026989610866e-06,1.3442622730508447e-06,-0.00301836128346622,0.004070763476192951,2.472134292474948e-05,24.0,1,0.9471
2026-05-19T23:03:52.580065,190526_174446.000000,1,58.36875915527344,8.632534980773926,52.20000076293945,45.45000076293945,0.7099999785423279,15,29.690000534057617,1,190526_210328.093750,1.6846976280212402,-1.0618922710418701,0.0019038105383515358,0.10460842400789261,0.138774111866951,-3.936380380764604e-06,-0.0013272413052618504,0.0013648843159899116,0.004059137776494026,2.5814368200371973e-05,26.0,1,0.9469
2026-05-19T23:03:55.624905,190526_174444.984375,1,58.36872100830078,8.632235527038574,51.20000076293945,45.45000076293945,0.75,14,29.690000534057617,1,190526_210330.093750,1.676242709159851,-1.0647999048233032,0.0026537158992141485,0.05150148645043373,0.13930337131023407,-0.0013626852305606008,-0.00222411728464067,-0.0004884663503617048,0.004063027445226908,2.6327097657485865e-05,26.0,1,0.9469
2026-05-19T23:03:58.669861,190526_174436.984375,1,58.3686408996582,8.63158893585205,49.400001525878906,0.0,0.75,14,29.690000534057617,1,190526_210332.093750,1.6816794872283936,-1.0656428337097168,0.0020335570443421602,0.08563695102930069,0.1386679857969284,0.00040650111623108387,0.0002938133548013866,0.001970732118934393,0.00406335573643446,2.5552586521371268e-05,28.0,0,0.6898
2026-05-19T23:04:02.356772,190526_174428.000000,1,58.3686408996582,8.63158893585205,49.400001525878906,0.0,0.75,14,29.690000534057617,1,190526_210334.093750,1.6748762130737305,-1.0645511150360107,0.004953776486217976,0.1642259955406189,0.06068011373281479,0.0009665142861194909,-0.004755530972033739,-0.0009953271364793181,0.0013094020541757345,7.882548743509687e-06,26.0,0,0.6869
2026-05-19T23:04:05.403660,190526_174419.015625,1,58.3686408996582,8.63158893585205,49.400001525878906,0.0,0.800000011920929,13,29.690000534057617,1,190526_210334.093750,1.6748762130737305,-1.0645511150360107,0.004953776486217976,0.1642259955406189,0.06068011373281479,0.0009665142861194909,-0.004755530972033739,-0.0009953271364793181,0.0013094020541757345,7.882548743509687e-06,26.0,0,0.6869
2026-05-19T23:04:08.448716,190526_174411.015625,1,58.3686408996582,8.63158893585205,49.400001525878906,0.0,0.75,14,29.690000534057617,1,190526_210336.093750,1.6733767986297607,-1.0713609457015991,0.0006660115905106068,0.09095489978790283,0.05923665687441826,-0.00039793772157281637,-0.0003723791742231697,0.0003828195040114224,0.0012182984501123428,7.499801540689077e-06,25.0,0,0.8611
2026-05-19T23:04:11.493584,190526_174402.000000,1,58.3686408996582,8.63158893585205,49.400001525878906,0.0,0.75,14,29.690000534057617,1,190526_210337.093750,1.6714595556259155,-1.0741242170333862,0.0005251799593679607,0.1034460961818695,0.05991474911570549,0.00016385738854296505,2.7147420041728765e-05,0.000498224631883204,0.0012176071759313345,7.5558427852229215e-06,25.0,0,0.8458
2026-05-19T23:04:14.538596,190526_174354.000000,1,58.3686408996582,8.63158893585205,49.400001525878906,0.0,0.75,15,29.690000534057617,1,190526_210339.093750,1.670638084411621,-1.0768258571624756,0.001634123269468546,0.09386144578456879,0.06268946826457977,0.0005940836854279041,-0.0011964908335357904,0.0009411871433258057,0.001265671569854021,7.940648174553644e-06,19.0,0,0.9184
2026-05-19T23:04:17.583444,190526_174344.984375,1,58.3686408996582,8.63158893585205,49.400001525878906,0.0,0.7799999713897705,13,29.690000534057617,1,190526_210415.093750,1.6713502407073975,-1.0702011585235596,0.0023934938944876194,0.14496080577373505,0.0635906383395195,0.0004549485456664115,0.001827285741455853,0.001477450947277248,0.001232554786838591,8.210810847231187e-06,19.0,0,0.9184
2026-05-19T23:04:20.628382,190526_174336.984375,1,58.3686408996582,8.63158893585205,49.400001525878906,0.0,0.8600000143051147,12,29.690000534057617,1,190526_210415.093750,1.6713502407073975,-1.0702011585235596,0.0023934938944876194,0.14496080577373505,0.0635906383395195,0.0004549485456664115,0.001827285741455853,0.001477450947277248,0.001232554786838591,8.210810847231187e-06,19.0,0,0.9184
2026-05-19T23:04:23.673335,190526_174336.000000,1,58.3686408996582,8.63158893585205,49.400001525878906,0.0,0.8600000143051147,12,29.690000534057617,1,190526_210417.093750,1.667414665222168,-1.071666955947876,0.0010997768258675933,0.0941133201122284,0.06382264941930771,0.0005893500638194382,-0.0007315045222640038,-0.0005719062173739076,0.0012755576753988862,8.175315088010393e-06,19.0,0,0.9184
2026-05-19T23:04:26.724300,190526_174328.000000,1,58.3686408996582,8.63158893585205,49.400001525878906,0.0,0.7300000190734863,14,29.690000534057617,1,190526_210419.093750,1.654380202293396,-1.0775724649429321,0.0035051219165325165,0.061422429978847504,0.058639511466026306,-0.0004930661525577307,-0.003439665073528886,-0.00045985792530700564,0.0012146354420110583,7.825983630027622e-06,19.0,0,0.9184
2026-05-19T23:04:29.763007,190526_174320.000000,1,58.3686408996582,8.63158893585205,49.400001525878906,0.0,0.7900000214576721,14,29.690000534057617,1,190526_210421.093750,1.6520260572433472,-1.080533742904663,0.0011905612191185355,0.10920751839876175,0.05846383422613144,7.955562614370137e-05,0.0004086458357051015,-0.0011153992963954806,0.0012019723653793335,7.5978828135703225e-06,19.0,0,0.9184
2026-05-19T23:04:32.808318,190526_174319.015625,1,58.3686408996582,8.63158893585205,49.400001525878906,0.0,0.7900000214576721,14,29.690000534057617,1,190526_210422.078125,1.6575336456298828,-1.0780283212661743,0.002037761267274618,0.015123835764825344,0.05923470854759216,-0.0006213976303115487,0.0018812299240380526,-0.0004767706850543618,0.0012126525398343801,7.534819360444089e-06,21.0,0,0.8182
2026-05-19T23:04:36.402130,190526_174311.015625,1,58.3686408996582,8.63158893585205,49.400001525878906,0.0,0.7900000214576721,14,29.690000534057617,1,190526_210424.078125,1.6533961296081543,-1.0801048278808594,0.005740046966820955,0.2341969907283783,0.058965831995010376,3.817560718744062e-05,0.00556115573272109,0.0014213476097211242,0.0011623897589743137,7.492090844607446e-06,21.0,0,0.8356
2026-05-19T23:04:39.445820,190526_174310.000000,1,58.3686408996582,8.63158893585205,49.400001525878906,0.0,0.7900000214576721,14,29.690000534057617,1,190526_210424.078125,1.6533961296081543,-1.0801048278808594,0.005740046966820955,0.2341969907283783,0.058965831995010376,3.817560718744062e-05,0.00556115573272109,0.0014213476097211242,0.0011623897589743137,7.492090844607446e-06,21.0,0,0.8356
2026-05-19T23:04:45.535698,190526_174244.984375,1,58.3686408996582,8.63158893585205,49.400001525878906,0.0,0.7099999785423279,15,29.690000534057617,1,190526_210427.312500,1.6589555740356445,-1.0811985731124878,0.002009781775996089,0.07201419025659561,0.05623844638466835,0.001376827247440815,-0.0013514090096578002,0.0005632605752907693,0.0011320423800498247,7.257516699610278e-06,21.0,0,0.8356
2026-05-19T23:04:48.580759,190526_174236.000000,1,58.3686408996582,8.63158893585205,49.400001525878906,0.0,0.7099999785423279,15,29.690000534057617,1,190526_210429.312500,1.6612409353256226,-1.0827182531356812,0.0005361070507206023,0.04438260942697525,0.05822529271245003,0.00014974776422604918,0.00010475598537595943,-0.0005039966199547052,0.0012008068151772022,6.956385277590016e-06,27.0,0,0.7745
2026-05-19T23:04:51.625948,190526_174228.000000,1,58.3686408996582,8.63158893585205,49.400001525878906,0.0,0.75,14,29.690000534057617,1,190526_210431.109375,1.6562200784683228,-1.0875929594039917,0.004164740908890963,0.160335510969162,0.05916956439614296,0.0011654057307168841,-0.003956311382353306,-0.000578359526116401,0.001204005558975041,7.203389486676315e-06,29.0,0,0.7614
2026-05-19T23:04:54.670636,190526_174227.015625,1,58.3686408996582,8.63158893585205,49.400001525878906,0.0,0.75,14,29.690000534057617,1,190526_210431.109375,1.6562200784683228,-1.0875929594039917,0.004164740908890963,0.160335510969162,0.05916956439614296,0.0011654057307168841,-0.003956311382353306,-0.000578359526116401,0.001204005558975041,7.203389486676315e-06,29.0,0,0.7614
2026-05-19T23:04:57.716520,190526_174219.015625,1,58.3686408996582,8.63158893585205,49.400001525878906,0.0,0.75,14,29.690000534057617,1,190526_210432.093750,1.6470750570297241,-1.0870293378829956,0.0008152812952175736,0.1355006992816925,0.059483371675014496,0.0003168419352732599,-0.0006277874927036464,-0.00041252592927776277,0.0012880287831649184,7.402035862469347e-06,27.0,0,0.7745
2026-05-19T23:05:00.761321,190526_174211.015625,1,58.3686408996582,8.63158893585205,49.400001525878906,0.0,0.7099999785423279,15,29.690000534057617,1,190526_210434.093750,1.6530207395553589,-1.08897864818573,0.0009739403612911701,0.07992347329854965,0.0555090457201004,-8.418672223342583e-05,0.0008547345642000437,-0.000459239847259596,0.0012582242488861084,6.807470526837278e-06,25.0,0,0.8611
2026-05-19T23:05:03.807078,190526_174210.000000,1,58.3686408996582,8.63158893585205,49.400001525878906,0.0,0.7099999785423279,15,29.690000534057617,1,190526_210436.093750,1.6520493030548096,-1.0861150026321411,0.0022271056659519672,0.06930466741323471,0.055488068610429764,-0.0001707844203338027,-0.0022034388966858387,0.00027511679218150675,0.001285565085709095,6.716060852340888e-06,25.0,0,0.8611
2026-05-19T23:05:06.853147,190526_174202.000000,1,58.3686408996582,8.63158893585205,49.400001525878906,0.0,0.75,14,29.690000534057617,1,190526_210438.093750,1.651374340057373,-1.0848873853683472,0.004292115103453398,0.13727222383022308,0.06449580937623978,-0.0008029070449993014,0.0018360966350883245,-0.003795568598434329,0.0014191073132678866,7.575749805255327e-06,25.0,0,0.8458
2026-05-19T23:05:10.489142,190526_174200.984375,1,58.3686408996582,8.63158893585205,49.400001525878906,0.0,0.7099999785423279,15,29.690000534057617,1,190526_210440.093750,1.6484209299087524,-1.086816430091858,0.0022901527117937803,0.02227281779050827,0.06242891401052475,0.000910818635020405,0.002005076501518488,0.0006283920956775546,0.001360054244287312,7.020309112704126e-06,25.0,0,0.8611
2026-05-19T23:05:13.535234,190526_174152.984375,1,58.3686408996582,8.63158893585205,49.400001525878906,0.0,0.7400000095367432,14,29.690000534057617,1,190526_210440.093750,1.6484209299087524,-1.086816430091858,0.0022901527117937803,0.02227281779050827,0.06242891401052475,0.000910818635020405,0.002005076501518488,0.0006283920956775546,0.001360054244287312,7.020309112704126e-06,25.0,0,0.8611
2026-05-19T23:05:16.578937,190526_174144.000000,1,58.3686408996582,8.63158893585205,49.400001525878906,0.0,0.75,14,29.690000534057617,1,190526_210442.093750,1.6390599012374878,-1.0846540927886963,0.0012210772838443518,0.15068122744560242,0.0635659471154213,-0.00014238044968806207,0.0012028779601678252,0.0001544095139252022,0.0014092597411945462,7.399157766485587e-06,25.0,0,0.8611
2026-05-19T23:05:19.625851,190526_174136.000000,1,58.3686408996582,8.63158893585205,49.400001525878906,0.0,0.7099999785423279,15,29.690000534057617,1,190526_210443.109375,1.642087697982788,-1.0804179906845093,0.0018990938551723957,0.058189645409584045,0.059346865862607956,-0.000674774288199842,-0.0017749679973348975,-2.6940473617287353e-05,0.0013164803385734558,7.285950232471805e-06,25.0,0,0.8611
2026-05-19T23:05:22.670844,190526_174135.015625,1,58.3686408996582,8.63158893585205,49.400001525878906,0.0,0.75,14,29.690000534057617,1,190526_210445.109375,1.6425931453704834,-1.0818254947662354,0.0029516778886318207,0.11214391887187958,0.05965887010097504,0.0004196858499199152,0.002765946788713336,-0.0009411712526343763,0.0012896463740617037,7.390865448542172e-06,21.0,0,0.8356
2026-05-19T23:05:25.715622,190526_174118.000000,1,58.3686408996582,8.63158893585205,49.400001525878906,0.0,0.75,14,29.690000534057617,1,190526_210524.093750,1.6379055976867676,-1.0803022384643555,0.005783261731266975,0.20630313456058502,0.06200917810201645,-0.0011353929294273257,-0.002092556795105338,0.005270503461360931,0.001363716903142631,8.247504410974216e-06,23.0,0,0.9244
2026-05-19T23:05:28.760505,190526_174110.000000,1,58.3686408996582,8.63158893585205,49.400001525878906,0.0,0.6700000166893005,16,29.690000534057617,1,190526_210524.093750,1.6379055976867676,-1.0803022384643555,0.005783261731266975,0.20630313456058502,0.06200917810201645,-0.0011353929294273257,-0.002092556795105338,0.005270503461360931,0.001363716903142631,8.247504410974216e-06,23.0,0,0.9244
2026-05-19T23:05:31.805890,190526_174108.984375,1,58.3686408996582,8.63158893585205,49.400001525878906,0.0,0.6800000071525574,16,29.690000534057617,1,190526_210526.093750,1.6381514072418213,-1.07400643825531,0.0015538777224719524,0.07438974827528,0.06126727536320686,-0.0015332900220528245,1.249363413080573e-05,-0.0002517969987820834,0.0012731336755678058,8.050296855799388e-06,21.0,0,0.8182
2026-05-19T23:05:34.851268,190526_174100.984375,1,58.3686408996582,8.63158893585205,49.400001525878906,0.0,0.6700000166893005,16,29.690000534057617,1,190526_210527.093750,1.6421705484390259,-1.0741753578186035,0.0028761602006852627,0.17390377819538116,0.06242002546787262,4.504332900978625e-05,-0.0028745965100824833,8.344068919541314e-05,0.0012300497619435191,8.317933861690108e-06,23.0,0,0.9244
2026-05-19T23:05:37.897383,190526_174100.000000,1,58.3686408996582,8.631591796875,49.400001525878906,0.0,0.699999988079071,15,29.690000534057617,1,190526_210529.093750,1.6547545194625854,-1.0745443105697632,0.00309414928779006,0.16025401651859283,0.056194890290498734,0.0013643127167597413,0.0026195256505161524,0.0009222230291925371,0.0011177080450579524,8.161010555340908e-06,23.0,0,0.9244
2026-05-19T23:05:40.943376,190526_174052.000000,1,58.36859893798828,8.631001472473145,48.900001525878906,36.88999938964844,0.699999988079071,15,29.690000534057617,1,190526_210531.093750,1.6479142904281616,-1.075527548789978,0.0032176889944821596,0.06972304731607437,0.057144708931446075,-9.818286343943328e-05,-0.003215375356376171,-7.241674029501155e-05,0.001132776029407978,8.583160706621129e-06,22.0,1,0.9198
2026-05-19T23:05:44.577305,190526_174044.000000,1,58.36832809448242,8.62964153289795,46.5,35.5,0.6700000166893005,16,29.690000534057617,1,190526_210533.093750,1.6572115421295166,-1.0759565830230713,0.0016415556892752647,0.11861552298069,0.056778136640787125,-0.0010673390934243798,-0.0009125334327109158,-0.0008501618867740035,0.0011013535549864173,8.945394256443251e-06,24.0,1,0.9751
2026-05-19T23:05:47.623125,190526_174043.015625,1,58.36830139160156,8.629483222961426,45.599998474121094,41.040000915527344,0.6700000166893005,16,29.690000534057617,1,190526_210533.093750,1.6572115421295166,-1.0759565830230713,0.0016415556892752647,0.11861552298069,0.056778136640787125,-0.0010673390934243798,-0.0009125334327109158,-0.0008501618867740035,0.0011013535549864173,8.945394256443251e-06,24.0,1,0.9751
2026-05-19T23:05:50.667954,190526_174035.015625,1,58.36796188354492,8.627638816833496,46.79999923706055,54.34000015258789,0.7300000190734863,14,29.690000534057617,1,190526_210535.093750,1.6569358110427856,-1.0779234170913696,0.0018561460310593247,0.0901937484741211,0.059567954391241074,0.0014262819895520806,0.00025952173746190965,0.0011591576039791107,0.0011537231039255857,9.459593456995208e-06,22.0,1,0.9329
2026-05-19T23:05:53.712983,190526_174034.000000,1,58.3679313659668,8.62738037109375,48.0,64.95999908447266,0.7599999904632568,14,29.690000534057617,1,190526_210536.093750,1.6438533067703247,-1.082571029663086,0.00609813816845417,0.24638277292251587,0.06382187455892563,0.0012564996723085642,-0.00593345845118165,-0.0006344816647469997,0.001210820977576077,1.0416342774988152e-05,22.0,1,0.8567
2026-05-19T23:05:56.757820,190526_174026.000000,1,58.3679313659668,8.6251220703125,53.5,64.95999908447266,0.7300000190734863,14,29.690000534057617,1,190526_210538.093750,1.67995285987854,-1.0799052715301514,0.030755169689655304,0.9123262763023376,0.13172230124473572,0.0003452068194746971,0.030713258311152458,-0.0015675169415771961,0.004082025960087776,2.845178278221283e-05,22.0,0,0.5468
2026-05-19T23:05:59.802754,190526_174018.000000,1,58.36835861206055,8.62285327911377,48.29999923706055,57.220001220703125,0.8199999928474426,12,29.690000534057617,1,190526_210540.093750,1.6824795007705688,-1.0768473148345947,0.0019185820128768682,0.09079203009605408,0.13024209439754486,0.00025791829102672637,0.0018193001160398126,-0.0005518897087313235,0.004076885059475899,2.781667535600718e-05,26.0,1,0.9541
2026-05-19T23:06:02.855357,190526_174016.984375,1,58.36840057373047,8.622493743896484,44.900001525878906,54.7599983215332,0.8199999928474426,12,29.690000534057617,1,190526_210540.093750,1.6824795007705688,-1.0768473148345947,0.0019185820128768682,0.09079203009605408,0.13024209439754486,0.00025791829102672637,0.0018193001160398126,-0.0005518897087313235,0.004076885059475899,2.781667535600718e-05,26.0,1,0.9541
2026-05-19T23:06:05.893047,190526_174008.984375,1,58.36861038208008,8.620706558227539,43.70000076293945,53.68000030517578,0.7699999809265137,13,29.690000534057617,1,190526_210542.093750,1.6740291118621826,-1.0711802244186401,0.0024690786376595497,0.11779927462339401,0.13083107769489288,-0.0017206204356625676,-0.0017010046867653728,-0.000492339488118887,0.0040472326800227165,2.8720774935209192e-05,28.0,1,0.9344
2026-05-19T23:06:08.939484,190526_174008.000000,1,58.368648529052734,8.620452880859375,44.79999923706055,56.560001373291016,0.7599999904632568,13,29.690000534057617,1,190526_210543.093750,1.6729034185409546,-1.0752702951431274,0.0017742430791258812,0.05156699940562248,0.13327713310718536,-0.00024735505576245487,-0.00028129576821811497,0.001734251040033996,0.004082291852682829,2.8843644031439908e-05,26.0,1,0.9513
2026-05-19T23:06:11.984480,190526_174000.000000,1,58.36949157714844,8.61890983581543,43.400001525878906,64.5199966430664,0.7200000286102295,14,29.690000534057617,1,190526_210545.093750,1.676321268081665,-1.0750336647033691,0.004861871246248484,0.11030475795269012,0.132701575756073,-0.001977187115699053,0.00286295753903687,-0.0033958791755139828,0.004101433791220188,2.9187274776631966e-05,28.0,1,0.9381
2026-05-19T23:06:15.030441,190526_173951.015625,1,58.370391845703125,8.617600440979004,43.0,20.850000381469727,0.6899999976158142,15,29.690000534057617,1,190526_210547.093750,1.6850334405899048,-1.0728397369384766,0.0038961211685091257,0.14032959938049316,0.1325528919696808,0.0012532114051282406,0.003037984948605299,0.0020928133744746447,0.004089874215424061,2.867785769922193e-05,25.0,0,0.7869
2026-05-19T23:06:18.613263,190526_173943.015625,1,58.3707389831543,8.618285179138184,35.599998474121094,32.630001068115234,0.7200000286102295,14,29.690000534057617,1,190526_210549.093750,1.6865501403808594,-1.0731308460235596,0.0021037368569523096,0.08259979635477066,0.1329887956380844,0.0014206469058990479,-0.0014277349691838026,-0.0006074903067201376,0.004143780563026667,2.7330675948178396e-05,27.0,1,0.8477
2026-05-19T23:06:21.658208,190526_173942.000000,1,58.37083053588867,8.6182279586792,35.79999923706055,35.25,0.7200000286102295,14,29.690000534057617,1,190526_210549.093750,1.6865501403808594,-1.0731308460235596,0.0021037368569523096,0.08259979635477066,0.1329887956380844,0.0014206469058990479,-0.0014277349691838026,-0.0006074903067201376,0.004143780563026667,2.7330675948178396e-05,27.0,1,0.9274
2026-05-19T23:06:24.725762,190526_173932.984375,1,58.3709716796875,8.616632461547852,43.20000076293945,55.36000061035156,0.7599999904632568,13,29.690000534057617,1,190526_210551.093750,1.6854732036590576,-1.080234408378601,0.001579577219672501,0.08672977238893509,0.13218578696250916,0.0009129970567300916,0.0012502995086833835,0.00031345116440206766,0.004158931318670511,2.6907666324405e-05,27.0,1,0.8978
