Time, UTC Time, Label, Latitude, Longitude, Altitude, Speed, HDOP, Satelites, Course, Fix, Roll Degrees, Pitch Degrees, Dynamic Magnitude, Jerk, Jerk Std, Acceleration X, Acceleration Y, Acceleration Z, Standard Deviation, Energy, Zero Crossings
2026-04-11T23:51:28.566988,,0,58.38025665283203,8.676620483398438,49.79999923706055,1.4700000286102295,1.7300000190734863,5,158.94000244140625,1,,,,,,,,,,,
2026-04-11T23:51:29.706839,,0,58.38025665283203,8.676610946655273,49.29999923706055,1.4500000476837158,1.7300000190734863,5,154.2899932861328,1,-26.72705078125,5.5281877517700195,0.006938676815479994,0.0004103988758288324,0.00039660060429014266,0.0016055251471698284,-0.00636368989944458,0.0022518830373883247,0.0053603011183440685,0.00019723991863429546,1.0
2026-04-11T23:51:32.845464,,0,58.38025665283203,8.676610946655273,49.29999923706055,1.4700000286102295,1.7300000190734863,5,70.12999725341797,1,-26.75433921813965,5.502696990966797,0.004380418919026852,0.0012003188021481037,0.00039507244946435094,0.002548281569033861,-0.002715145004913211,0.0023070150054991245,0.004474412649869919,0.00014133994409348816,3.0
2026-04-11T23:51:35.970397,,0,58.38025665283203,8.676610946655273,49.29999923706055,1.481600046157837,1.7300000190734863,5,21.540000915527344,1,-26.811471939086914,5.494197845458984,0.006709434557706118,0.001155831734649837,0.0002889748720917851,0.0008502405253238976,-0.005687290802598,0.003456634934991598,0.0038194546941667795,0.00011099669791292399,1.0
2026-04-11T23:51:39.086198,,0,58.38026428222656,8.676600456237793,48.599998474121094,1.481600046157837,1.7300000190734863,5,21.540000915527344,1,-26.87864112854004,5.496918678283691,0.0070966314524412155,0.0006016026018187404,0.00031267094891518354,-0.00027185858925804496,-0.006690570618957281,0.002350433263927698,0.003249330213293433,9.00780432857573e-05,2.0
2026-04-11T23:51:42.216227,,0,58.38026428222656,8.676594734191895,48.5,0.0,1.7300000190734863,5,21.540000915527344,1,-26.916671752929688,5.500256538391113,0.003915910609066486,0.0010322986636310816,0.00031332430080510676,-0.0003340094699524343,-0.003789750160649419,0.0009276797063648701,0.0026355800218880177,6.671801384072751e-05,2.0
2026-04-11T23:51:45.438055,,0,58.38029861450195,8.676591873168945,46.900001525878906,2.119999885559082,1.7200000286102295,5,319.2300109863281,1,-26.927555084228516,5.493510723114014,0.001628402853384614,0.0008967205067165196,0.0003031341184396297,0.0006754091591574252,-0.001084604999050498,0.0010095296893268824,0.0026337553281337023,5.0772021495504305e-05,4.0
2026-04-11T23:51:48.596091,,0,58.38029098510742,8.676592826843262,46.900001525878906,2.140000104904175,1.7200000286102295,5,160.67999267578125,1,-26.958738327026367,5.491701602935791,0.0031137391924858093,0.0007302279118448496,0.0003062047762796283,0.00018132972763851285,-0.003108348697423935,2.568773925304413e-05,0.0025622432585805655,4.177736627752893e-05,4.0
2026-04-11T23:51:51.755682,,0,58.380306243896484,8.676589965820312,47.099998474121094,2.200000047683716,1.7200000286102295,5,335.94000244140625,1,-26.990442276000977,5.485975742340088,0.0033754457253962755,0.0003596055321395397,0.0003462254535406828,0.0005734591977670789,-0.003160042455419898,-0.001038706162944436,0.0020042203832417727,3.071311584790237e-05,4.0
2026-04-11T23:51:54.901679,,0,58.380306243896484,8.676589965820312,47.099998474121094,1.9199999570846558,1.7200000286102295,5,47.7599983215332,1,-26.977275848388672,5.485318660736084,0.0013226175215095282,0.0014799739001318812,0.0003493169788271189,6.580736953765154e-05,0.0013120152289047837,0.00015363015700131655,0.0021928243804723024,2.5907575036399066e-05,6.0
2026-04-11T23:51:58.022247,,0,58.380306243896484,8.676589965820312,47.099998474121094,1.9199999570846558,1.7200000286102295,5,47.7599983215332,1,-26.975399017333984,5.485785007476807,0.0002426435094093904,0.00036255770828574896,0.0003726400900632143,-4.6704102715011686e-05,0.0001871874846983701,0.00014715787256136537,0.0023160534910857677,2.0359522750368342e-05,6.0
2026-04-11T23:52:01.149542,,0,58.380306243896484,8.67658519744873,47.0,1.8600000143051147,1.7200000286102295,5,47.7599983215332,1,-27.012882232666016,5.4744977951049805,0.003920705057680607,0.0013105709804221988,0.00037082945345900953,0.0011303119827061892,-0.0037359928246587515,0.000369701418094337,0.002081596991047263,1.7082193153328262e-05,6.0
2026-04-11T23:52:04.353902,,0,58.38032913208008,8.67658519744873,46.79999923706055,1.7999999523162842,1.7200000286102295,5,17.09000015258789,1,-27.010719299316406,5.476819038391113,0.0009681460214778781,0.0013160990783944726,0.0003812804352492094,-0.00023246885393746197,0.0002156598202418536,0.0009147435193881392,0.0021973398979753256,1.5257118320732843e-05,6.0
2026-04-11T23:52:07.520318,,0,58.38035583496094,8.67658519744873,46.5,1.9500000476837158,1.7200000286102295,5,10.0600004196167,1,-27.024145126342773,5.483904838562012,0.0024756405036896467,0.0006114034913480282,0.0003832330694422126,-0.0007096120971255004,-0.0013388299848884344,0.001957748783752322,0.0018694319296628237,1.1368346349627245e-05,6.0
2026-04-11T23:52:10.669231,,0,58.38038635253906,8.67653751373291,45.20000076293945,2.7300000190734863,1.7200000286102295,5,202.66000366210938,1,-27.0120792388916,5.502236366271973,0.002607098314911127,0.0013833492994308472,0.0003998609317932278,-0.0018365152645856142,0.001203527208417654,-0.0014055946376174688,0.0012067354982718825,7.0118244366312865e-06,6.0
2026-04-11T23:52:13.815212,,0,58.38038635253906,8.67653751373291,45.20000076293945,2.4600000381469727,1.7200000286102295,5,133.19000244140625,1,-27.025962829589844,5.491312026977539,0.001892845262773335,0.0012631556019186974,0.0004105661064386368,0.0010941530345007777,-0.0013842445332556963,-0.0006852442747913301,0.0010926210088655353,5.836675427417504e-06,6.0
2026-04-11T23:52:16.912267,,0,58.38038635253906,8.67653751373291,45.20000076293945,2.166839838027954,1.7200000286102295,5,32.380001068115234,1,-27.000560760498047,5.49796724319458,0.002776660956442356,0.0013885328080505133,0.00042777485214173794,-0.0006664819666184485,0.0025321950670331717,-0.0009239246137440205,0.0010916106402873993,6.342489996313816e-06,6.0
2026-04-11T23:52:20.042155,,0,58.38038635253906,8.676534652709961,45.0,2.1700000762939453,1.7200000286102295,5,32.380001068115234,1,-26.97705841064453,5.519551753997803,0.003187463153153658,0.0005600359872914851,0.0004421314224600792,-0.0021612863056361675,0.0023426725529134274,-2.5479239411652088e-05,0.0010975199984386563,6.388944711943623e-06,6.0
2026-04-11T23:52:23.187972,,0,58.38040542602539,8.67653751373291,45.0,2.009999990463257,1.7200000286102295,5,32.380001068115234,1,-26.97904396057129,5.522451400756836,0.0013216796796768904,0.0010788782965391874,0.0003865368780680001,-0.000290302443318069,-0.00019761547446250916,-0.0012741702375933528,0.001064399373717606,5.42426550964592e-06,6.0
2026-04-11T23:52:26.363875,,0,58.38040542602539,8.676525115966797,44.70000076293945,2.0799999237060547,1.7200000286102295,5,32.380001068115234,1,-26.985321044921875,5.5322747230529785,0.0011677886359393597,0.0004559692752081901,0.0004011704586446285,-0.00098335649818182,-0.00062528345733881,-7.589973392896354e-05,0.0010762409074231982,5.385707027016906e-06,6.0
2026-04-11T23:52:29.538794,,0,58.38040542602539,8.676514625549316,44.400001525878906,2.1700000762939453,1.7200000286102295,5,336.9700012207031,1,-26.97489356994629,5.526141166687012,0.00173166673630476,0.0008147961343638599,0.00035231580841355026,0.0006139056640677154,0.0010388678638264537,-0.0012419915292412043,0.000904320681001991,5.679686182702426e-06,4.0
2026-04-11T23:52:33.494764,,0,58.38041305541992,8.676508903503418,44.29999923706055,2.6500000953674316,1.7200000286102295,5,16.18000030517578,1,-26.96627426147461,5.51479959487915,0.0025003524497151375,0.0008444271516054869,0.0003412220976315439,0.0011351401917636395,0.0008588823257014155,0.002055611927062273,0.0007155222119763494,4.767669906868832e-06,4.0
2026-04-11T23:52:36.600609,,0,58.38041305541992,8.676508903503418,44.29999923706055,2.500200033187866,1.7200000286102295,5,182.75999450683594,1,-26.965557098388672,5.494028091430664,0.0021084328182041645,0.0006814569351263344,0.00033009599428623915,0.0020796775352209806,7.130298763513565e-05,0.0003396274405531585,0.0006158899050205946,5.118487933941651e-06,4.0
2026-04-11T23:52:39.726458,,0,58.38037109375,8.6764497756958,44.5,2.5,1.7200000286102295,5,182.75999450683594,1,-26.97532081604004,5.474997520446777,0.0026330603286623955,0.0006875101826153696,0.00032398613984696567,0.0019055205630138516,-0.0009731163154356182,-0.001534614828415215,0.0006252633756957948,5.1989090934512205e-06,4.0
2026-04-11T23:52:42.880503,,0,58.38037109375,8.6764497756958,44.5,2.5187199115753174,1.7200000286102295,5,167.00999450683594,1,-26.968198776245117,5.47153377532959,0.0009076585993170738,0.0008047465817071497,0.00028459366876631975,0.00034679839154705405,0.0007094712345860898,-0.0004474657471291721,0.000714167661499232,4.601597083819797e-06,4.0
2026-04-11T23:52:46.057309,,0,58.38037109375,8.676454544067383,44.400001525878906,2.5899999141693115,1.7200000286102295,5,201.7899932861328,1,-27.00579071044922,5.467956066131592,0.004005005583167076,0.001514215487986803,0.00032712763641029596,0.000358270772267133,-0.0037457370199263096,0.0013715551467612386,0.0009255619370378554,5.847317424922949e-06,4.0
2026-04-11T23:52:49.258164,,0,58.38036346435547,8.676453590393066,44.29999923706055,2.4700000286102295,1.7200000286102295,5,165.0500030517578,1,-27.007652282714844,5.460952281951904,0.0014244919875636697,0.0013993007596582174,0.0003288031439296901,0.0007011211710050702,-0.0001856472808867693,-0.0012260269140824676,0.0009351242333650589,5.279250672174385e-06,4.0
2026-04-11T23:52:52.381199,,0,58.38037109375,8.676453590393066,44.29999923706055,2.440000057220459,1.7200000286102295,5,32.790000915527344,1,-27.00994873046875,5.460562705993652,0.001869666506536305,0.000996160670183599,0.0003113848506473005,3.9071630453690886e-05,-0.00022866064682602882,0.0018552197143435478,0.0008624455658718944,4.612824341165833e-06,4.0
2026-04-11T23:52:55.548929,,0,58.38036346435547,8.676454544067383,44.29999923706055,2.359999895095825,1.7200000286102295,5,312.8599853515625,1,-27.02362632751465,5.454104423522949,0.0015518332365900278,0.0006221028161235154,0.0003192675649188459,0.0006466967170126736,-0.0013633178314194083,0.00036240037297829986,0.0008478655945509672,4.6789591578999534e-06,4.0
2026-04-11T23:52:58.676456,,0,58.380348205566406,8.676498413085938,44.099998474121094,1.9900000095367432,1.4900000095367432,6,312.8599853515625,1,-27.009811401367188,5.458868980407715,0.0022479917388409376,0.0011570032220333815,0.00029397301841527224,-0.0004771467356476933,0.0013769465731456876,-0.0017116705421358347,0.0008039038511924446,5.0479329729569145e-06,4.0
2026-04-11T23:53:01.859866,,0,58.38033676147461,8.676496505737305,44.0,1.7699999809265137,1.4900000095367432,6,312.8599853515625,1,-26.999780654907227,5.447655200958252,0.0015455406391993165,0.0008298612083308399,0.0002933029900304973,0.0011226661736145616,0.0009998674504458904,0.0003585830272641033,0.0008142584119923413,4.986934982298408e-06,4.0
2026-04-11T23:53:05.034140,,0,58.38032150268555,8.676496505737305,43.79999923706055,1.7599999904632568,1.4900000095367432,6,220.14999389648438,1,-27.016441345214844,5.434548854827881,0.0021396263036876917,0.0008672722615301609,0.0002925310982391238,0.0013120840303599834,-0.0016604030970484018,-0.000315433950163424,0.0008027193252928555,4.819558853341732e-06,6.0
2026-04-11T23:53:08.169158,,0,58.38032150268555,8.676496505737305,43.79999923706055,1.8799999952316284,1.4900000095367432,6,277.2300109863281,1,-27.028728485107422,5.436691761016846,0.0012432868825271726,0.0005157654522918165,0.00031167600536718965,-0.0002144681930076331,-0.001224645646288991,-2.983666490763426e-06,0.0008369329734705389,4.529586476564873e-06,4.0
2026-04-11T23:53:11.266592,,0,58.38032150268555,8.676496505737305,43.79999923706055,1.9631198644638062,1.4900000095367432,6,271.8599853515625,1,-27.029827117919922,5.451493263244629,0.0015949305379763246,0.0005772655131295323,0.0003221638617105782,-0.0014817086048424244,-0.00010916330211330205,0.0005800225189886987,0.000810583180282265,4.090666152478661e-06,6.0
2026-04-11T23:53:14.410556,,0,58.380306243896484,8.676487922668457,43.29999923706055,1.9600000381469727,1.4900000095367432,6,271.8599853515625,1,-27.015026092529297,5.446702003479004,0.0018156205769628286,0.0009358274401165545,0.00031952315475791693,0.00047965170233510435,0.0014749106485396624,-0.000943954917602241,0.0007480463245883584,4.337929112807615e-06,6.0
2026-04-11T23:53:17.569452,,0,58.38029098510742,8.676486015319824,43.099998474121094,2.1500000953674316,1.4900000095367432,6,194.4199981689453,1,-27.035062789916992,5.450048446655273,0.00223136437125504,0.0011283101048320532,0.0002670085523277521,-0.00033493200317025185,-0.001996582141146064,-0.000938332115765661,0.0003339573449920863,3.231820983273792e-06,6.0
2026-04-11T23:53:20.875384,,0,58.38025665283203,8.676508903503418,40.099998474121094,2.0199999809265137,1.4900000095367432,6,194.4199981689453,1,-27.01186752319336,5.458075523376465,0.0028240857645869255,0.0014908049488440156,0.0002848366857506335,-0.0008034181664697826,0.0023107598535716534,0.0014108041068539023,0.0004383022023830563,3.826448846666608e-06,6.0
2026-04-11T23:53:23.995397,,0,58.38025665283203,8.676508903503418,40.099998474121094,2.0199999809265137,1.4900000095367432,6,194.4199981689453,1,-27.01186752319336,5.458075523376465,0.0028240857645869255,0.0014908049488440156,0.0002848366857506335,-0.0008034181664697826,0.0023107598535716534,0.0014108041068539023,0.0004383022023830563,3.826448846666608e-06,6.0
2026-04-11T23:53:27.125174,,0,58.3802490234375,8.67650318145752,40.0,2.009999990463257,1.4900000095367432,6,194.4199981689453,1,-26.996835708618164,5.440726280212402,0.0019740858115255833,0.0008013602928258479,0.00027512438828125596,0.001554208225570619,-0.0002668757224455476,-0.0011875306954607368,0.00042180652962997556,3.983227998105576e-06,6.0
2026-04-11T23:53:30.289118,,0,58.3802490234375,8.67650032043457,40.0,1.9199999570846558,1.4900000095367432,6,225.1300048828125,1,-27.02400016784668,5.449109077453613,0.0038270223885774612,0.0016063147922977805,0.0003412314399611205,-0.0008388835121877491,-0.0027061868458986282,0.002572727622464299,0.0007044156664051116,4.942491614201572e-06,6.0
2026-04-11T23:53:33.483965,,0,58.3802490234375,8.67650032043457,40.0,1.7599999904632568,1.4900000095367432,6,300.1400146484375,1,-27.00128746032715,5.4588446617126465,0.0029639422427862883,0.0020409394055604935,0.0004681592108681798,-0.0009747680160216987,0.0022637045476585627,-0.0016463358188048005,0.0007193982019089162,5.58211741008563e-06,6.0
2026-04-11T23:53:36.665028,,0,58.38024139404297,8.676509857177734,40.0,1.7999999523162842,1.4900000095367432,6,107.66000366210938,1,-27.006101608276367,5.4669904708862305,0.0009611018467694521,0.000980889075435698,0.0004644211439881474,-0.0008153482340276241,-0.0004795647691935301,-0.0001701226137811318,0.0008177171112038195,5.2166888053761795e-06,6.0
2026-04-11T23:53:39.759801,,0,58.38024139404297,8.676509857177734,40.0,2.2038800716400146,1.4900000095367432,6,136.19000244140625,1,-27.021343231201172,5.464310169219971,0.0015453993109986186,0.0004926376859657466,0.00046728976303711534,0.00026833958690986037,-0.0015187213430181146,9.86829400062561e-05,0.0007893926231190562,5.300938482832862e-06,6.0
2026-04-11T23:53:42.852944,,0,58.38024139404297,8.676509857177734,40.0,2.200000047683716,1.4900000095367432,6,136.19000244140625,1,-27.002613067626953,5.46385383605957,0.0019007361261174083,0.001100374385714531,0.000436234608059749,4.5684868382522836e-05,0.001866478007286787,0.00035632948856800795,0.0007725440664216876,5.407838216342498e-06,6.0
2026-04-11T23:53:46.026177,,0,58.38019943237305,8.67654037475586,39.599998474121094,0.0,1.4900000095367432,6,36.86000061035156,1,-26.98847770690918,5.45217752456665,0.00220079580321908,0.00046975674922578037,0.0004777507856488228,0.001168835791759193,0.0014083582209423184,0.0012222324730828404,0.000762282288633287,5.562540536629967e-06,5.0
2026-04-11T23:53:49.187564,,0,58.38019943237305,8.67654037475586,39.599998474121094,0.0,1.4900000095367432,6,36.86000061035156,1,-26.998430252075195,5.4608330726623535,0.0013222141424193978,0.001054586609825492,0.0004776184796355665,-0.0008666761568747461,-0.000992008950561285,0.00011419723159633577,0.0008096697856672108,5.2394671001820825e-06,5.0
2026-04-11T23:53:52.332174,,0,58.38019943237305,8.67654037475586,39.599998474121094,0.0,1.4900000095367432,6,36.86000061035156,1,-26.987844467163086,5.465683937072754,0.0012836387613788247,0.0006950171664357185,0.00046861826558597386,-0.00048560890718363225,0.0010547647252678871,-0.000547159812413156,0.0008115929667837918,4.606693892128533e-06,5.0
2026-04-11T23:53:55.420383,,0,58.38019943237305,8.67654037475586,39.599998474121094,0.0,1.4900000095367432,6,36.86000061035156,1,-27.000328063964844,5.462287902832031,0.0018407095922157168,0.0008283858187496662,0.0004652522620745003,0.0003400123387109488,-0.0012440024875104427,-0.0013134160544723272,0.0008123237639665604,4.588053798215697e-06,3.0
2026-04-11T23:53:58.552469,,0,58.38019943237305,8.67654037475586,39.599998474121094,0.0,1.4900000095367432,6,36.86000061035156,1,-27.026752471923828,5.467336177825928,0.002771083265542984,0.0005548658664338291,0.00048173347022384405,-0.0005051877233199775,-0.002632938791066408,-0.0007009428809396923,0.0008460392709821463,4.96624215884367e-06,3.0
2026-04-11T23:54:01.740227,,0,58.38019943237305,8.67654037475586,39.599998474121094,0.0,1.4900000095367432,6,36.86000061035156,1,-27.015649795532227,5.46919059753418,0.0011444123229011893,0.001189150963909924,0.0004423489444889128,-0.00018559815362095833,0.0011063190177083015,-0.00022647579316981137,0.0006452167290262878,3.632600055425428e-06,3.0
2026-04-11T23:54:04.852050,,0,58.38019943237305,8.67654037475586,39.599998474121094,0.0,1.4900000095367432,6,92.9800033569336,1,-27.008209228515625,5.475543022155762,0.0021508894860744476,0.0005726920790039003,0.0002580576401669532,-0.0006357429083436728,0.0007411351543851197,-0.0019164748955518007,0.000534282298758626,3.2167372410185635e-06,3.0
2026-04-11T23:54:07.981141,,0,58.380226135253906,8.676523208618164,40.599998474121094,0.0,1.4800000190734863,6,92.9800033569336,1,-27.00728988647461,5.480747222900391,0.000918202509637922,0.0008786632097326219,0.0002524082374293357,-0.0005206710775382817,9.14326956262812e-05,0.0007507579284720123,0.0005404319381341338,3.2086750252346974e-06,5.0
2026-04-11T23:54:11.142815,,0,58.38023376464844,8.676531791687012,40.599998474121094,0.0,1.4800000190734863,6,191.4600067138672,1,-27.033174514770508,5.470948696136475,0.0028797029517591,0.001088721794076264,0.00024698019842617214,0.0009803872089833021,-0.002577857580035925,-0.0008283598581328988,0.0006394991069100797,3.799118303504656e-06,5.0
2026-04-11T23:54:14.320926,,0,58.38023376464844,8.676531791687012,40.599998474121094,0.0,1.4800000190734863,6,191.4600067138672,1,-27.040687561035156,5.46726131439209,0.0008416692144237459,0.0006477306014858186,0.00023697945289313793,0.00036887452006340027,-0.0007482002838514745,-0.00011195975821465254,0.0007051969296298921,3.508679128572112e-06,5.0
2026-04-11T23:54:17.461287,,0,58.38023376464844,8.676531791687012,40.599998474121094,1.5199999809265137,1.4800000190734863,6,117.16000366210938,1,-27.03877830505371,5.474488735198975,0.001347850658930838,0.0005606731283478439,0.0002256887819385156,-0.0007229450857266784,0.00019004542264156044,-0.0011215766426175833,0.0006952525582164526,3.205999064448406e-06,4.0
2026-04-11T23:54:20.533582,,0,58.38023376464844,8.676531791687012,40.599998474121094,1.5199999809265137,1.4800000190734863,6,117.16000366210938,1,-27.069602966308594,5.480679035186768,0.0033431865740567446,0.0012989897513762116,0.0002615553676150739,-0.0006190253188833594,-0.0030686967074871063,0.0011733740102499723,0.0008476210641674697,4.148863808950409e-06,4.0
2026-04-11T23:54:23.880622,,0,58.38026428222656,8.676549911499023,41.5,0.0,1.4800000190734863,6,208.77999877929688,1,-27.034334182739258,5.485443115234375,0.0035697505809366703,0.0019763207528740168,0.00042567041236907244,-0.00047654862282797694,0.003511830000206828,0.00042786647100001574,0.00096379459137097,5.258402779872995e-06,6.0
2026-04-11T23:54:27.046510,,0,58.38026428222656,8.676549911499023,41.5,0.0,1.4800000190734863,6,300.7799987792969,1,-27.029476165771484,5.4827470779418945,0.0010389205999672413,0.0009943058248609304,0.00042345968540757895,0.00026979611720889807,0.00048387228162027895,0.0008788819541223347,0.00101254612673074,5.027517090638867e-06,6.0
2026-04-11T23:54:30.121892,,0,58.38026428222656,8.676549911499023,41.5,0.0,1.4800000190734863,6,300.7799987792969,1,-27.030061721801758,5.484212875366211,0.00018057710258290172,0.0003401711001060903,0.00044895289465785027,-0.0001466664980398491,-5.837032222189009e-05,8.769224223215133e-05,0.0011090576881542802,4.262887614459032e-06,4.0
2026-04-11T23:54:33.249277,,0,58.38026428222656,8.676549911499023,41.5,0.0,1.4800000190734863,6,300.7799987792969,1,-27.01332664489746,5.488612651824951,0.0017245797207579017,0.0005592855741269886,0.00045577975106425583,-0.0004402423510327935,0.001666843076236546,4.4679269194602966e-05,0.0010913379956036806,4.429336968314601e-06,4.0
2026-04-11T23:54:36.436187,,0,58.38026428222656,8.676549911499023,41.5,0.0,1.4800000190734863,6,300.7799987792969,1,-27.030405044555664,5.487199306488037,0.002033611759543419,0.0011314528528600931,0.00044741304009221494,0.0001413894642610103,-0.0017010864103212953,-0.0011053918860852718,0.0010881245834752917,4.3802619984489866e-06,4.0
2026-04-11T23:54:39.601147,,0,58.38026428222656,8.676549911499023,41.5,0.0,1.4800000190734863,6,300.7799987792969,1,-27.025571823120117,5.478915691375732,0.0023085768334567547,0.0012448109919205308,0.00045518530532717705,0.0008288227836601436,0.0004816155997104943,0.002100149169564247,0.0010564957046881318,4.828905275644502e-06,4.0
2026-04-11T23:54:42.715049,,0,58.38026428222656,8.676549911499023,41.5,0.0,1.4800000190734863,6,300.7799987792969,1,-27.01755714416504,5.483545303344727,0.0019304795423522592,0.001291194697842002,0.0004638037644326687,-0.0004633706994354725,0.0007985286647453904,-0.0016954028978943825,0.0010081568034365773,4.3723116505134385e-06,4.0
2026-04-11T23:54:49.009900,,0,58.38028335571289,8.676634788513184,42.79999923706055,2.5899999141693115,1.4800000190734863,6,45.779998779296875,1,-27.01666259765625,5.471973896026611,0.0017667047213762999,0.00045345647959038615,0.0004755683185067028,0.0005323614459484816,0.0005631705862469971,-0.0015876636607572436,0.0009816661477088928,4.529179022938479e-06,4.0
2026-04-11T23:54:52.163691,,0,58.38028335571289,8.676634788513184,42.79999923706055,2.6298398971557617,1.4800000190734863,6,351.95001220703125,1,-27.008485794067383,5.459972381591797,0.0014521194389089942,0.0005311445565894246,0.00048191918176598847,0.0012003284646198153,0.0008140845457091928,-7.161541725508869e-05,0.0008574650273658335,3.6223543702362804e-06,3.0
2026-04-11T23:54:55.324955,,0,58.38028335571289,8.676634788513184,42.79999923706055,2.9200000762939453,1.4800000190734863,6,30.299999237060547,1,-27.02523422241211,5.453090190887451,0.001985503127798438,0.0008508081082254648,0.0003280800301581621,0.0006882845191285014,-0.0016677783569321036,0.0008288559038192034,0.0006069866940379143,2.742265223787399e-06,3.0
2026-04-11T23:54:58.410530,,0,58.38028335571289,8.676634788513184,42.79999923706055,2.9200000762939453,1.4800000190734863,6,30.299999237060547,1,-26.999408721923828,5.452566623687744,0.002637603785842657,0.0013914450537413359,0.00037009327206760645,5.242239421932027e-05,0.0025714959483593702,0.0005844768602401018,0.0006618222687393427,3.3300250379397767e-06,3.0
2026-04-11T23:55:01.539517,,0,58.38029098510742,8.676618576049805,42.599998474121094,2.890000104904175,1.4800000190734863,6,30.299999237060547,1,-26.985074996948242,5.449023723602295,0.002261109882965684,0.0008273972780443728,0.00033059559063985944,0.00035445517278276384,0.0014272286789491773,-0.00171755556948483,0.000441696320194751,3.838025804725476e-06,5.0
2026-04-11T23:55:04.719238,,0,58.38028335571289,8.676616668701172,42.5,2.75,1.4800000190734863,6,85.87999725341797,1,-27.02898597717285,5.439218521118164,0.005077103152871132,0.0022436073049902916,0.0005024793208576739,0.000980700133368373,-0.004371311981230974,0.002388897817581892,0.0010407812660560012,6.118306373537052e-06,5.0
2026-04-11T23:55:07.898240,,0,58.38021469116211,8.676610946655273,42.0,1.9700000286102295,1.4800000190734863,6,111.27999877929688,1,-27.04047966003418,5.450636863708496,0.002016626764088869,0.0016601289389654994,0.0005339784547686577,-0.0011423759860917926,-0.0011448367731645703,-0.0012046199990436435,0.0010411367984488606,6.111426955612842e-06,5.0
2026-04-11T23:55:11.031218,,0,58.38021469116211,8.676610946655273,42.0,1.9500000476837158,1.4800000190734863,6,317.1099853515625,1,-27.039377212524414,5.457512855529785,0.0010998989455401897,0.0007820632308721542,0.0005406001000665128,-0.0006877604173496366,0.00010987636051140726,0.00085128762293607,0.0010951717849820852,5.699451776308706e-06,5.0
2026-04-11T23:55:14.111339,,0,58.38021469116211,8.676610946655273,42.0,1.9500000476837158,1.4800000190734863,6,317.1099853515625,1,-27.04773712158203,5.453836441040039,0.0012615055311471224,0.00045952494838275015,0.0005632391548715532,0.00036776045453734696,-0.0008325806120410562,0.0008734746370464563,0.0011248171795159578,5.4859165175003e-06,5.0
2026-04-11T23:55:17.272084,,0,58.380226135253906,8.676608085632324,41.900001525878906,1.9900000095367432,1.4800000190734863,6,20.209999084472656,1,-27.022235870361328,5.447641849517822,0.002703318139538169,0.0010716833639889956,0.0005516823148354888,0.0006199070485308766,0.0025400593876838684,0.0006868346827104688,0.0010787559440359473,6.119455974840093e-06,5.0
2026-04-11T23:55:20.435945,,0,58.380226135253906,8.676605224609375,41.900001525878906,2.200000047683716,1.4800000190734863,6,22.729999542236328,1,-27.01487922668457,5.446074485778809,0.0022946149110794067,0.000753263127990067,0.0005272997077554464,0.0001568735606269911,0.0007325374754145741,0.0021688793785870075,0.0010678423568606377,6.333856617857236e-06,4.0
2026-04-11T23:55:23.599909,,0,58.38021469116211,8.676605224609375,41.900001525878906,2.140000104904175,1.4800000190734863,6,276.989990234375,1,-27.05646324157715,5.421773910522461,0.005674086045473814,0.001722398097626865,0.000529576966073364,0.0024327419232577085,-0.004143760539591312,0.0030176586005836725,0.0014305158983916044,9.342516932520084e-06,4.0
2026-04-11T23:55:26.737669,,0,58.38021469116211,8.676605224609375,41.900001525878906,2.0999999046325684,1.4800000190734863,6,192.80999755859375,1,-27.09202766418457,5.414066314697266,0.003630728228017688,0.0011437453795224428,0.0005187572678551078,0.000772033235989511,-0.0035461026709526777,-0.00010634481441229582,0.0014333557337522507,1.026651261781808e-05,6.0
2026-04-11T23:55:29.846272,,0,58.38021469116211,8.676605224609375,41.900001525878906,2.0999999046325684,1.7400000095367432,5,192.80999755859375,1,-27.065011978149414,5.405457019805908,0.002830572659149766,0.002009115181863308,0.0005713255959562957,0.0008623820031061769,0.0026935648638755083,-0.00011466362047940493,0.001431453274562955,1.0372032193117775e-05,6.0
2026-04-11T23:55:33.010546,,0,58.38020706176758,8.676594734191895,42.29999923706055,0.0,1.7400000095367432,5,230.32000732421875,1,-27.036052703857422,5.410099029541016,0.002993884729221463,0.0004553815524559468,0.0006095885182730854,-0.00046486352221108973,0.0028873924165964127,-0.0006404796149581671,0.0014163180021569133,1.0757104973890819e-05,4.0
2026-04-11T23:55:36.192556,,0,58.38020706176758,8.676594734191895,42.29999923706055,0.0,1.7400000095367432,5,230.32000732421875,1,-27.007341384887695,5.416260242462158,0.0034287909511476755,0.0003628065169323236,0.0005556265241466463,-0.0006169367115944624,0.002862510271370411,-0.001783824758604169,0.0012457806151360273,9.35506795940455e-06,4.0
2026-04-11T23:55:39.366357,,0,58.38020706176758,8.676594734191895,42.29999923706055,0.0,1.7400000095367432,5,230.32000732421875,1,-27.00037384033203,5.420529365539551,0.0018893902888521552,0.0012961119646206498,0.0005250195390544832,-0.00042735569877550006,0.0006944123306311667,0.0017043924890458584,0.001254269853234291,9.30536953092087e-06,4.0
2026-04-11T23:55:42.473251,,0,58.38020706176758,8.676594734191895,42.29999923706055,1.2223200798034668,1.7400000095367432,5,58.150001525878906,1,-27.00015640258789,5.421514511108398,0.00018659140914678574,0.0006455329130403697,0.0005323789664544165,-9.870398207567632e-05,2.1427964384201914e-05,-0.00015689079009462148,0.0013983127428218722,9.187872819893528e-06,6.0
2026-04-11T23:55:45.595326,,0,58.380226135253906,8.676634788513184,43.0,1.2223200798034668,1.7400000095367432,5,58.150001525878906,1,-27.012374877929688,5.420330047607422,0.0023457848001271486,0.0008001952082850039,0.0005075387889519334,0.00011865314445458353,-0.0012179816840216517,0.002001286717131734,0.0013234243961051106,9.579003744875081e-06,6.0
2026-04-11T23:55:48.757531,,0,58.380226135253906,8.676647186279297,43.29999923706055,0.0,1.7400000095367432,5,218.58999633789062,1,-27.008525848388672,5.402058124542236,0.0020949963945895433,0.0011902570258826017,0.0005098468973301351,0.0018304141703993082,0.00038402192876674235,-0.0009439916466362774,0.0013402423355728388,9.28711233427748e-06,8.0
2026-04-11T23:55:51.921714,,0,58.38016128540039,8.676543235778809,44.900001525878906,1.8700000047683716,1.4700000286102295,6,193.0399932861328,1,-26.993427276611328,5.408883571624756,0.002567678689956665,0.0012656616745516658,0.0005043867859058082,-0.0006836348911747336,0.0015057178679853678,0.0019642887637019157,0.0013337178388610482,9.419883099326398e-06,8.0
2026-04-11T23:55:55.040720,,0,58.38016128540039,8.676543235778809,44.900001525878906,1.9260798692703247,1.4700000286102295,6,331.2900085449219,1,-26.988237380981445,5.41819953918457,0.001427514129318297,0.0009915074333548546,0.0004581624234560877,-0.0009333228808827698,0.0005177828716114163,-0.0009479481959715486,0.0009645940153859556,6.4041378209367394e-06,7.0
2026-04-11T23:55:58.172908,,0,58.38016128540039,8.676527976989746,45.099998474121094,1.940000057220459,1.4800000190734863,6,331.2900085449219,1,-26.991209030151367,5.423264503479004,0.0005875442875549197,0.00042345677502453327,0.0004880655906163156,-0.0005073391948826611,-0.0002961068821605295,1.165892172139138e-05,0.0009889877401292324,5.120440164319007e-06,7.0
2026-04-11T23:56:01.334825,,0,58.380149841308594,8.676506996154785,45.29999923706055,1.7200000286102295,1.4700000286102295,6,215.1999969482422,1,-26.99373435974121,5.41003942489624,0.0013575557386502624,0.0005814799224026501,0.0003428154159337282,0.001324816606938839,-0.0002516575332265347,-0.00015648265252821147,0.0009690609876997769,4.5035217226541135e-06,7.0
2026-04-11T23:56:04.507644,,0,58.38014221191406,8.676485061645508,45.400001525878906,1.6299999952316284,1.4700000286102295,6,31.209999084472656,1,-27.003873825073242,5.409120559692383,0.0015323612606152892,0.0005530363996513188,0.0003341044357512146,9.201624197885394e-05,-0.0010112724266946316,-0.0011476026847958565,0.0008989219786599278,3.842000296572223e-06,5.0
2026-04-11T23:56:07.646624,,0,58.38014221191406,8.676485061645508,45.400001525878906,1.8600000143051147,1.4700000286102295,6,38.83000183105469,1,-27.027746200561523,5.408092975616455,0.0024137485306710005,0.0006548723322339356,0.00030515948310494423,0.00010295017273165286,-0.002380365040153265,0.0003865832695737481,0.0007472077268175781,3.2489576824445976e-06,5.0
2026-04-11T23:56:10.724547,,0,58.38014221191406,8.676485061645508,45.400001525878906,1.8600000143051147,1.4700000286102295,6,38.83000183105469,1,-27.05551528930664,5.420933723449707,0.006168730091303587,0.0019266142044216394,0.0004317286075092852,-0.0012860798742622137,-0.0027688259724527597,-0.005360301584005356,0.0015555195277556777,6.697300705127418e-06,3.0
2026-04-11T23:56:13.903456,,0,58.380184173583984,8.676545143127441,49.099998474121094,1.8799999952316284,1.4700000286102295,6,34.2400016784668,1,-27.079050064086914,5.421682834625244,0.002944828709587455,0.002280502114444971,0.0005854017217643559,-7.489760901080444e-05,-0.0023443521931767464,0.0017805667594075203,0.0014374760212376714,7.561020993307466e-06,3.0
2026-04-11T23:56:17.070378,,0,58.380184173583984,8.676549911499023,49.099998474121094,1.8799999952316284,1.4700000286102295,6,53.81999969482422,1,-27.06008529663086,5.4260358810424805,0.0019506046082824469,0.0014822451630607247,0.0005900852265767753,-0.00043572706636041403,0.0018896565306931734,-0.00021023483714088798,0.0014423095853999257,7.3912365223804954e-06,3.0
2026-04-11T23:56:20.204225,,0,58.380184173583984,8.676549911499023,49.099998474121094,2.1500000953674316,1.4700000286102295,6,51.2400016784668,1,-27.041994094848633,5.430572986602783,0.0021772233303636312,0.0004292968369554728,0.0006260197842493653,-0.00045411367318592966,0.0018026989419013262,0.0011332954745739698,0.0014413255266845226,7.426365300489124e-06,1.0
2026-04-11T23:56:23.276287,,0,58.380184173583984,8.676549911499023,49.099998474121094,2.1500000953674316,1.4700000286102295,6,51.2400016784668,1,-27.031354904174805,5.430142879486084,0.001061445684172213,0.00047123117838054895,0.0006448602653108537,4.302559682400897e-05,0.0010605581337586045,-5.6779535952955484e-06,0.001484862994402647,6.879735337861348e-06,1.0
2026-04-11T23:56:26.442087,,0,58.380191802978516,8.67657470703125,49.400001525878906,2.140000104904175,1.4700000286102295,6,115.02999877929688,1,-27.024311065673828,5.437636375427246,0.0019858782179653645,0.0006015921826474369,0.0006546644726768136,-0.0007501234067603946,0.0007017113384790719,-0.001699596643447876,0.0014665735652670264,7.070326773828128e-06,1.0
2026-04-11T23:56:29.600859,,0,58.38019943237305,8.676581382751465,49.400001525878906,2.0299999713897705,1.4700000286102295,6,203.52999877929688,1,-27.018213272094727,5.442688465118408,0.0007927124970592558,0.0005259408499114215,0.0006472514942288399,-0.0005056914524175227,0.000607626570854336,-5.8815450756810606e-05,0.0014448956353589892,7.09864480086253e-06,3.0
2026-04-11T23:56:32.766839,,0,58.38021469116211,8.67657470703125,49.599998474121094,0.0,1.4700000286102295,6,70.41000366210938,1,-27.033950805664062,5.436207294464111,0.001728546223603189,0.0007875204901210964,0.0006383894360624254,0.0006486637867055833,-0.001567775965668261,0.0003304325509816408,0.0014264448545873165,7.2131360866478644e-06,3.0
2026-04-11T23:56:35.892683,,0,58.38021469116211,8.67657470703125,49.599998474121094,1.3149199485778809,1.4700000286102295,6,2.4000000953674316,1,-27.047441482543945,5.43614387512207,0.0017152074724435806,0.0004967868444509804,0.0006422859150916338,6.341128027997911e-06,-0.0013442507479339838,-0.0010653105564415455,0.0014179471181705594,7.272516995726619e-06,3.0
2026-04-11T23:56:39.003923,,0,58.380226135253906,8.676568984985352,49.5,1.3149199485778809,1.4700000286102295,6,2.4000000953674316,1,-27.028593063354492,5.432577610015869,0.0019748995546251535,0.001057826797477901,0.0006341119878925383,0.00035690635559149086,0.0018775203498080373,-0.0004977586213499308,0.001420347485691309,7.079921488184482e-06,5.0
2026-04-11T23:56:42.177067,,0,58.38024139404297,8.67657470703125,49.29999923706055,0.0,1.4700000286102295,6,338.5299987792969,1,-27.03544807434082,5.440423488616943,0.0013801694149151444,0.0008939662366174161,0.0005549119669012725,-0.0007850506226532161,-0.0006827626493759453,-0.0009068619110621512,0.000572806631680578,3.465085228526732e-06,5.0
2026-04-11T23:56:45.352545,,0,58.38024139404297,8.67657470703125,49.29999923706055,0.0,1.4700000286102295,6,342.2799987792969,1,-27.047574996948242,5.444580554962158,0.00226278486661613,0.0008960393024608493,0.0003145281516481191,-0.0004158677766099572,-0.001207881374284625,0.001867691520601511,0.00045812016469426453,3.1099029911274556e-06,5.0
2026-04-11T23:56:48.460496,,0,58.38024139404297,8.67657470703125,49.29999923706055,0.0,1.4700000286102295,6,335.45001220703125,1,-27.046831130981445,5.4371442794799805,0.0007481731008738279,0.0008237570873461664,0.00020831127767451108,0.0007442430360242724,7.444206858053803e-05,-1.7992788343690336e-05,0.0005295673618093133,2.7853934625454713e-06,5.0
2026-04-11T23:56:51.567624,,0,58.3802490234375,8.676568984985352,49.20000076293945,0.0,1.4700000286102295,6,335.45001220703125,1,-27.078733444213867,5.423945903778076,0.003502519801259041,0.0010839923052117229,0.0002161813317798078,0.0013209267053753138,-0.0031785392202436924,0.0006478319992311299,0.0007720760768279433,3.538127884894493e-06,7.0
2026-04-11T23:56:54.746154,,0,58.38025665283203,8.676458358764648,46.29999923706055,2.180000066757202,1.4700000286102295,6,28.020000457763672,1,-27.074302673339844,5.440860271453857,0.0018374565988779068,0.0015297813806682825,0.0002926232118625194,-0.0016929166158661246,0.0004414962022565305,-0.0005615702830255032,0.0007408302626572549,3.763085942409816e-06,6.0
2026-04-11T23:56:57.903134,,0,58.38024139404297,8.676451683044434,46.099998474121094,2.1112799644470215,1.690000057220459,5,253.94000244140625,1,-27.07498550415039,5.427237510681152,0.0020961137488484383,0.001195040880702436,0.00029240487492643297,0.0013633277267217636,-6.808782927691936e-05,0.001590721309185028,0.0007444320945069194,3.8080841022747336e-06,5.0
2026-04-11T23:57:01.051186,,0,58.38024139404297,8.676451683044434,46.099998474121094,2.119999885559082,1.690000057220459,5,236.92999267578125,1,-27.08034896850586,5.4221320152282715,0.0007396175060421228,0.0005866240826435387,0.00028449861565604806,0.0005110889906063676,-0.000534264778252691,1.9575803889892995e-05,0.0007517780759371817,3.799948217420024e-06,5.0
2026-04-11T23:57:01.545959,,1,58.380348205566406,8.676566123962402,65.0999984741211,0.5299999713897705,2.059999942779541,5,0.0,1,-27.08034896850586,5.4221320152282715,0.0007396175060421228,0.0005866240826435387,0.00028449861565604806,0.0005110889906063676,-0.000534264778252691,1.9575803889892995e-05,0.0007517780759371817,3.799948217420024e-06,5.0
2026-04-11T23:57:04.049997,,1,58.38037109375,8.676538467407227,65.9000015258789,0.9900000095367432,2.059999942779541,5,0.0,1,-27.07379913330078,5.4144182205200195,0.001300280331633985,0.00047756804269738495,0.000314223492750898,0.0007722422596998513,0.0006524876807816327,-0.0008176983101293445,0.0007665985031053424,3.6702338093164144e-06,5.0
2026-04-11T23:57:04.546060,,0,58.38024139404297,8.676451683044434,46.099998474121094,2.119999885559082,1.690000057220459,5,236.92999267578125,1,-27.07379913330078,5.4144182205200195,0.001300280331633985,0.00047756804269738495,0.000314223492750898,0.0007722422596998513,0.0006524876807816327,-0.0008176983101293445,0.0007665985031053424,3.6702338093164144e-06,5.0
2026-04-11T23:57:06.552905,,1,58.38037872314453,8.676529884338379,65.5999984741211,1.4900000095367432,2.059999942779541,5,0.0,1,-27.07379913330078,5.4144182205200195,0.001300280331633985,0.00047756804269738495,0.000314223492750898,0.0007722422596998513,0.0006524876807816327,-0.0008176983101293445,0.0007665985031053424,3.6702338093164144e-06,5.0
2026-04-11T23:57:07.737937,,0,58.38025665283203,8.676466941833496,45.900001525878906,2.380000114440918,1.690000057220459,5,21.719999313354492,1,-27.102359771728516,5.434380054473877,0.004710819106549025,0.0016662051202729344,0.0003557275631465018,-0.001997954910621047,-0.0028458265587687492,0.0031782491132616997,0.0011709107784554362,5.595222319243476e-06,5.0
2026-04-11T23:57:09.055915,,1,58.380428314208984,8.676608085632324,63.5,1.6100000143051147,2.059999942779541,5,0.0,1,-27.102359771728516,5.434380054473877,0.004710819106549025,0.0016662051202729344,0.0003557275631465018,-0.001997954910621047,-0.0028458265587687492,0.0031782491132616997,0.0011709107784554362,5.595222319243476e-06,5.0
2026-04-11T23:57:10.819874,,0,58.38025665283203,8.676466941833496,45.900001525878906,2.380000114440918,1.690000057220459,5,21.719999313354492,1,-27.109132766723633,5.434718608856201,0.0008263539639301598,0.0012919184518978,0.000364958104910329,-3.389787889318541e-05,-0.0006748118903487921,0.0004757527494803071,0.001228096429258585,5.273485385259846e-06,5.0
2026-04-11T23:57:11.557853,,1,58.380428314208984,8.67658805847168,63.79999923706055,1.559999942779541,2.059999942779541,5,0.0,1,-27.109132766723633,5.434718608856201,0.0008263539639301598,0.0012919184518978,0.000364958104910329,-3.389787889318541e-05,-0.0006748118903487921,0.0004757527494803071,0.001228096429258585,5.273485385259846e-06,5.0
2026-04-11T23:57:13.999705,,0,58.380271911621094,8.676518440246582,46.29999923706055,2.2799999713897705,1.6799999475479126,5,165.3699951171875,1,-27.127849578857422,5.436441898345947,0.002164933830499649,0.00042274914449080825,0.00040910180541686714,-0.00017260822642128915,-0.0018662643851712346,0.0010836059227585793,0.0012147895758971572,5.551692538574571e-06,3.0
2026-04-11T23:57:14.495622,,1,58.380428314208984,8.676592826843262,63.5,1.5399999618530273,2.059999942779541,5,0.0,1,-27.127849578857422,5.436441898345947,0.002164933830499649,0.00042274914449080825,0.00040910180541686714,-0.00017260822642128915,-0.0018662643851712346,0.0010836059227585793,0.0012147895758971572,5.551692538574571e-06,3.0
2026-04-11T23:57:16.998808,,1,58.380428314208984,8.676651954650879,63.79999923706055,2.619999885559082,2.059999942779541,5,0.0,1,-27.125890731811523,5.423109531402588,0.002519383328035474,0.001298811286687851,0.0004168958403170109,0.0013355172704905272,0.00019509554840624332,-0.002127351239323616,0.0012223564554005861,5.674401563737774e-06,5.0
2026-04-11T23:57:17.520503,,0,58.38026428222656,8.676508903503418,46.29999923706055,2.390000104904175,1.6799999475479126,5,214.92999267578125,1,-27.125890731811523,5.423109531402588,0.002519383328035474,0.001298811286687851,0.0004168958403170109,0.0013355172704905272,0.00019509554840624332,-0.002127351239323616,0.0012223564554005861,5.674401563737774e-06,5.0
2026-04-11T23:57:19.501564,,1,58.38043975830078,8.676668167114258,63.5,2.619999885559082,2.059999942779541,5,0.0,1,-27.125890731811523,5.423109531402588,0.002519383328035474,0.001298811286687851,0.0004168958403170109,0.0013355172704905272,0.00019509554840624332,-0.002127351239323616,0.0012223564554005861,5.674401563737774e-06,5.0
2026-04-11T23:57:20.598491,,0,58.38026428222656,8.676508903503418,46.29999923706055,2.390000104904175,1.6799999475479126,5,214.92999267578125,1,-27.12531089782715,5.429379940032959,0.0016979796346276999,0.0012192961294203997,0.0004134761693421751,-0.0006278324872255325,5.795172182843089e-05,0.0015765794087201357,0.001152858603745699,5.906738806515932e-06,5.0
2026-04-11T23:57:22.004392,,1,58.38043975830078,8.676645278930664,62.79999923706055,3.9000000953674316,2.049999952316284,5,0.0,1,-27.12531089782715,5.429379940032959,0.0016979796346276999,0.0012192961294203997,0.0004134761693421751,-0.0006278324872255325,5.795172182843089e-05,0.0015765794087201357,0.001152858603745699,5.906738806515932e-06,5.0
2026-04-11T23:57:23.769349,,0,58.38026428222656,8.676496505737305,46.29999923706055,243.25999450683594,1.6799999475479126,5,214.92999267578125,1,-27.107633590698242,5.419518947601318,0.0022120950743556023,0.0007710481295362115,0.000423499004682526,0.000987724051810801,0.0017630625516176224,0.0008996533579193056,0.0010616908548399806,5.169310952624073e-06,5.0
2026-04-11T23:57:24.511770,,1,58.380470275878906,8.676477432250977,46.79999923706055,5.849999904632568,3.2799999713897705,4,0.0,1,-27.107633590698242,5.419518947601318,0.0022120950743556023,0.0007710481295362115,0.000423499004682526,0.000987724051810801,0.0017630625516176224,0.0008996533579193056,0.0010616908548399806,5.169310952624073e-06,5.0
2026-04-11T23:57:26.929325,,0,58.38026428222656,8.676501274108887,46.400001525878906,2.569999933242798,1.6799999475479126,5,184.3300018310547,1,-27.06673240661621,5.42025899887085,0.004245386458933353,0.0010400866158306599,0.0003918457659892738,-7.401557377306744e-05,0.004078967496752739,-0.0011746714590117335,0.0012512721586972475,6.634016699536005e-06,4.0
2026-04-11T23:57:27.425313,,1,58.3804817199707,8.676504135131836,45.70000076293945,6.150000095367432,3.2799999713897705,4,0.0,1,-27.06673240661621,5.42025899887085,0.004245386458933353,0.0010400866158306599,0.0003918457659892738,-7.401557377306744e-05,0.004078967496752739,-0.0011746714590117335,0.0012512721586972475,6.634016699536005e-06,4.0
2026-04-11T23:57:29.927172,,1,58.3804817199707,8.67654800415039,43.0,6.510000228881836,3.1500000953674316,5,0.0,1,-27.072874069213867,5.427680015563965,0.0010753859532997012,0.0015607092063874006,0.0004243412404321134,-0.0007432140992023051,-0.0006125716608949006,-0.00047837625606916845,0.0013004351640120149,6.310293429123703e-06,3.0
2026-04-11T23:57:30.423150,,0,58.38026428222656,8.676501274108887,46.400001525878906,2.569999933242798,1.6799999475479126,5,184.3300018310547,1,-27.072874069213867,5.427680015563965,0.0010753859532997012,0.0015607092063874006,0.0004243412404321134,-0.0007432140992023051,-0.0006125716608949006,-0.00047837625606916845,0.0013004351640120149,6.310293429123703e-06,3.0
2026-04-11T23:57:32.430269,,1,58.38045883178711,8.677032470703125,25.799999237060547,16.020000457763672,1.7999999523162842,6,0.0,1,-27.072874069213867,5.427680015563965,0.0010753859532997012,0.0015607092063874006,0.0004243412404321134,-0.0007432140992023051,-0.0006125716608949006,-0.00047837625606916845,0.0013004351640120149,6.310293429123703e-06,3.0
2026-04-11T23:57:33.713164,,0,58.38029098510742,8.676603317260742,46.5,1.600000023841858,1.6799999475479126,5,184.3300018310547,1,-27.059579849243164,5.423751354217529,0.0021799912210553885,0.0006864740862511098,0.00041477542254142463,0.0003933658008463681,0.0013254322111606598,-0.0016854836139827967,0.0012131696566939354,6.73082558932947e-06,3.0
2026-04-11T23:57:34.934068,,1,58.38045883178711,8.678241729736328,13.300000190734863,23.170000076293945,1.7999999523162842,6,0.0,1,-27.059579849243164,5.423751354217529,0.0021799912210553885,0.0006864740862511098,0.00041477542254142463,0.0003933658008463681,0.0013254322111606598,-0.0016854836139827967,0.0012131696566939354,6.73082558932947e-06,3.0
2026-04-11T23:57:36.886211,,0,58.38029098510742,8.676602363586426,46.599998474121094,1.6100000143051147,1.6799999475479126,5,204.55999755859375,1,-27.034208297729492,5.426549911499023,0.0025537319015711546,0.0006341051775962114,0.0003956343571189791,-0.0002801005612127483,0.002528768964111805,-0.00022004172205924988,0.0011680122697725892,7.213907338154968e-06,3.0
2026-04-11T23:57:37.443119,,1,58.3804817199707,8.678316116333008,12.699999809265137,22.709999084472656,1.7999999523162842,6,0.0,1,-27.034208297729492,5.426549911499023,0.0025537319015711546,0.0006341051775962114,0.0003956343571189791,-0.0002801005612127483,0.002528768964111805,-0.00022004172205924988,0.0011680122697725892,7.213907338154968e-06,3.0
2026-04-11T23:57:39.938961,,1,58.380550384521484,8.678430557250977,15.300000190734863,22.59000015258789,1.6299999952316284,7,0.0,1,-27.012680053710938,5.4345245361328125,0.0023666992783546448,0.00023759665782563388,0.0004083600942976773,-0.0007984516560100019,0.002145902020856738,-0.0005990361678414047,0.0008855218184180558,5.554853032663232e-06,3.0
2026-04-11T23:57:40.435863,,0,58.38029098510742,8.676602363586426,46.599998474121094,1.940000057220459,1.6799999475479126,5,160.97000122070312,1,-27.012680053710938,5.4345245361328125,0.0023666992783546448,0.00023759665782563388,0.0004083600942976773,-0.0007984516560100019,0.002145902020856738,-0.0005990361678414047,0.0008855218184180558,5.554853032663232e-06,3.0
2026-04-11T23:57:42.441771,,1,58.38072967529297,8.679542541503906,13.199999809265137,27.170000076293945,1.6299999952316284,7,0.0,1,-27.012680053710938,5.4345245361328125,0.0023666992783546448,0.00023759665782563388,0.0004083600942976773,-0.0007984516560100019,0.002145902020856738,-0.0005990361678414047,0.0008855218184180558,5.554853032663232e-06,3.0
2026-04-11T23:57:43.517831,,0,58.38029098510742,8.676602363586426,46.599998474121094,1.940000057220459,1.6799999475479126,5,160.97000122070312,1,-27.002195358276367,5.4380927085876465,0.0012956768041476607,0.0005003670230507851,0.00040457420982420444,-0.00035719526931643486,0.001044456148520112,0.0006784553406760097,0.0008225080673582852,5.65444406674942e-06,3.0
2026-04-11T23:57:44.945540,,1,58.38087844848633,8.680553436279297,9.199999809265137,28.520000457763672,1.6299999952316284,7,0.0,1,-27.002195358276367,5.4380927085876465,0.0012956768041476607,0.0005003670230507851,0.00040457420982420444,-0.00035719526931643486,0.001044456148520112,0.0006784553406760097,0.0008225080673582852,5.65444406674942e-06,3.0
2026-04-11T23:57:46.671778,,0,58.38028335571289,8.676615715026855,46.599998474121094,1.9700000286102295,1.6799999475479126,5,160.97000122070312,1,-27.031871795654297,5.438418388366699,0.0032053664326667786,0.0012858412228524685,0.0003989925025962293,-3.2524905691388994e-05,-0.002957937540486455,0.001234472612850368,0.0008718777680769563,6.21318758931011e-06,3.0
2026-04-11T23:57:47.448075,,1,58.380889892578125,8.680676460266113,8.800000190734863,28.450000762939453,1.6299999952316284,7,0.0,1,-27.031871795654297,5.438418388366699,0.0032053664326667786,0.0012858412228524685,0.0003989925025962293,-3.2524905691388994e-05,-0.002957937540486455,0.001234472612850368,0.0008718777680769563,6.21318758931011e-06,3.0
2026-04-11T23:57:49.833490,,0,58.38028335571289,8.676608085632324,46.70000076293945,2.130000114440918,1.6799999475479126,5,279.3999938964844,1,-27.038724899291992,5.451883316040039,0.002404047641903162,0.001285929698497057,0.00039779749931767583,-0.0013482843060046434,-0.0006830013007856905,-0.0018695141188800335,0.0008701256592758,6.156403287604917e-06,3.0
2026-04-11T23:57:50.331210,,1,58.38106155395508,8.681673049926758,2.700000047683716,28.190000534057617,1.6299999952316284,7,0.0,1,-27.038724899291992,5.451883316040039,0.002404047641903162,0.001285929698497057,0.00039779749931767583,-0.0013482843060046434,-0.0006830013007856905,-0.0018695141188800335,0.0008701256592758,6.156403287604917e-06,3.0
2026-04-11T23:57:52.833508,,1,58.38108825683594,8.682467460632324,6.5,28.190000534057617,1.0800000429153442,8,0.0,1,-27.0602970123291,5.449967861175537,0.00226235156878829,0.00077164446702227,0.0003868774219881743,0.0001917698682518676,-0.0021500142756849527,-0.0006774200010113418,0.0008456740761175752,6.3799134295550175e-06,3.0
2026-04-11T23:57:53.329585,,0,58.380226135253906,8.676511764526367,47.70000076293945,2.055720090866089,1.6799999475479126,5,178.64999389648438,1,-27.0602970123291,5.449967861175537,0.00226235156878829,0.00077164446702227,0.0003868774219881743,0.0001917698682518676,-0.0021500142756849527,-0.0006774200010113418,0.0008456740761175752,6.3799134295550175e-06,3.0
2026-04-11T23:57:55.337448,,1,58.381099700927734,8.682571411132812,7.0,23.520000457763672,1.0800000429153442,8,0.0,1,-27.0602970123291,5.449967861175537,0.00226235156878829,0.00077164446702227,0.0003868774219881743,0.0001917698682518676,-0.0021500142756849527,-0.0006774200010113418,0.0008456740761175752,6.3799134295550175e-06,3.0
2026-04-11T23:57:56.512464,,0,58.38021469116211,8.676518440246582,47.79999923706055,2.3299999237060547,1.6799999475479126,5,122.63999938964844,1,-27.083810806274414,5.456087589263916,0.002642060862854123,0.00025871736579574645,0.00042917716200463474,-0.0006125213694758713,-0.002343206200748682,-0.001055787899531424,0.0008469698368571699,6.588625637959922e-06,3.0
2026-04-11T23:57:57.840484,,1,58.38100051879883,8.683167457580566,10.5,23.520000457763672,1.0099999904632568,9,0.0,1,-27.083810806274414,5.456087589263916,0.002642060862854123,0.00025871736579574645,0.00042917716200463474,-0.0006125213694758713,-0.002343206200748682,-0.001055787899531424,0.0008469698368571699,6.588625637959922e-06,3.0
2026-04-11T23:57:59.595416,,0,58.38021469116211,8.676518440246582,47.79999923706055,2.3299999237060547,1.6799999475479126,5,122.63999938964844,1,-27.061084747314453,5.44842529296875,0.0036545018665492535,0.0019903311040252447,0.0005532800569199026,0.0007668216712772846,0.0022640698589384556,0.0027643004432320595,0.0007303596357814968,6.121833393990528e-06,3.0
2026-04-11T23:58:00.343376,,1,58.38045120239258,8.683262825012207,11.699999809265137,20.229999542236328,0.9300000071525574,10,0.0,1,-27.061084747314453,5.44842529296875,0.0036545018665492535,0.0019903311040252447,0.0005532800569199026,0.0007668216712772846,0.0022640698589384556,0.0027643004432320595,0.0007303596357814968,6.121833393990528e-06,3.0
2026-04-11T23:58:02.726506,,0,58.38021469116211,8.676531791687012,47.900001525878906,2.380000114440918,1.6799999475479126,5,122.63999938964844,1,-27.036359786987305,5.441660404205322,0.002592282835394144,0.0007493943558074534,0.0005114551167935133,0.0006773362401872873,0.002464582212269306,0.0004324131296016276,0.0005912527558393776,6.678180852759397e-06,4.0
2026-04-11T23:58:03.219257,,1,58.380409240722656,8.683284759521484,11.699999809265137,19.959999084472656,0.9300000071525574,10,0.0,1,-27.036359786987305,5.441660404205322,0.002592282835394144,0.0007493943558074534,0.0005114551167935133,0.0006773362401872873,0.002464582212269306,0.0004324131296016276,0.0005912527558393776,6.678180852759397e-06,4.0
2026-04-11T23:58:05.728248,,1,58.379478454589844,8.684215545654297,11.600000381469727,22.239999771118164,0.8600000143051147,11,0.0,1,-27.01821517944336,5.431715965270996,0.0021781285759061575,0.0004228601756040007,0.0005252971895970404,0.0009957740548998117,0.0018082590540871024,-0.0006948935915715992,0.0005913586937822402,6.677369128738064e-06,2.0
2026-04-11T23:58:06.217259,,0,58.38021469116211,8.676525115966797,47.900001525878906,2.4700000286102295,1.6799999475479126,5,156.11000061035156,1,-27.01821517944336,5.431715965270996,0.0021781285759061575,0.0004228601756040007,0.0005252971895970404,0.0009957740548998117,0.0018082590540871024,-0.0006948935915715992,0.0005913586937822402,6.677369128738064e-06,2.0
2026-04-11T23:58:08.225114,,1,58.37944030761719,8.684283256530762,11.699999809265137,23.010000228881836,0.8600000143051147,11,0.0,1,-27.01821517944336,5.431715965270996,0.0021781285759061575,0.0004228601756040007,0.0005252971895970404,0.0009957740548998117,0.0018082590540871024,-0.0006948935915715992,0.0005913586937822402,6.677369128738064e-06,2.0
2026-04-11T23:58:09.636118,,0,58.380226135253906,8.676487922668457,48.79999923706055,1.850000023841858,1.6799999475479126,5,84.0,1,-27.027040481567383,5.434988498687744,0.0012858748668804765,0.0008033249760046601,0.0005219547892920673,-0.00032758587622083724,-0.0008792808512225747,-0.000879219442140311,0.0006961883627809584,6.1905620896141045e-06,4.0
2026-04-11T23:58:10.728156,,1,58.37937927246094,8.684359550476074,11.800000190734863,24.040000915527344,0.8600000143051147,11,0.0,1,-27.027040481567383,5.434988498687744,0.0012858748668804765,0.0008033249760046601,0.0005219547892920673,-0.00032758587622083724,-0.0008792808512225747,-0.000879219442140311,0.0006961883627809584,6.1905620896141045e-06,4.0
2026-04-11T23:58:12.746321,,0,58.380226135253906,8.676487922668457,48.79999923706055,1.9075599908828735,1.6799999475479126,5,17.229999542236328,1,-27.026554107666016,5.440037250518799,0.000530437973793596,0.0004501855873968452,0.0005012893816456199,-0.0005054117646068335,4.8560792492935434e-05,0.000153509943629615,0.000892314244993031,5.6585713537060656e-06,4.0
2026-04-11T23:58:13.240066,,1,58.37895965576172,8.685043334960938,14.899999618530273,20.6200008392334,0.8500000238418579,11,0.0,1,-27.026554107666016,5.440037250518799,0.000530437973793596,0.0004501855873968452,0.0005012893816456199,-0.0005054117646068335,4.8560792492935434e-05,0.000153509943629615,0.000892314244993031,5.6585713537060656e-06,4.0
2026-04-11T23:58:15.742891,,1,58.37892150878906,8.685100555419922,15.5,20.420000076293945,0.8600000143051147,11,0.0,1,-27.030399322509766,5.434797286987305,0.001027337508276105,0.0004687506298068911,0.0005035907379351556,0.0005245398497208953,-0.00038312029209919274,-0.0007959266076795757,0.000922773324418813,5.596235951088602e-06,4.0
2026-04-11T23:58:16.238879,,0,58.380226135253906,8.676487922668457,48.79999923706055,1.9075599908828735,1.6799999475479126,5,17.229999542236328,1,-27.030399322509766,5.434797286987305,0.001027337508276105,0.0004687506298068911,0.0005035907379351556,0.0005245398497208953,-0.00038312029209919274,-0.0007959266076795757,0.000922773324418813,5.596235951088602e-06,4.0
2026-04-11T23:58:18.247671,,1,58.37826156616211,8.68554973602295,18.399999618530273,23.75,0.8100000023841858,12,0.0,1,-27.030399322509766,5.434797286987305,0.001027337508276105,0.0004687506298068911,0.0005035907379351556,0.0005245398497208953,-0.00038312029209919274,-0.0007959266076795757,0.000922773324418813,5.596235951088602e-06,4.0
2026-04-11T23:58:19.413750,,0,58.38024139404297,8.676496505737305,48.79999923706055,1.9299999475479126,1.6799999475479126,5,39.79999923706055,1,-27.019145965576172,5.424230098724365,0.0015664303209632635,0.000543382775504142,0.00048816337948665023,0.0010578730143606663,0.0011209843214601278,0.00027929028146900237,0.000869816925842315,4.814169187739026e-06,6.0
2026-04-11T23:58:20.750708,,1,58.37821960449219,8.685574531555176,18.399999618530273,23.75,0.8299999833106995,12,0.0,1,-27.019145965576172,5.424230098724365,0.0015664303209632635,0.000543382775504142,0.00048816337948665023,0.0010578730143606663,0.0011209843214601278,0.00027929028146900237,0.000869816925842315,4.814169187739026e-06,6.0
2026-04-11T23:58:22.590662,,0,58.38024139404297,8.676480293273926,48.70000076293945,1.840000033378601,1.6799999475479126,5,39.79999923706055,1,-26.999221801757812,5.427177906036377,0.002783340634778142,0.0007241251296363771,0.00045742717338725924,-0.0002951056812889874,0.0019855222199112177,0.0019281075801700354,0.0008939191466197371,5.010922905057669e-06,6.0
2026-04-11T23:58:23.253727,,1,58.3779182434082,8.68582820892334,20.200000762939453,12.989999771118164,0.8100000023841858,12,0.0,1,-26.999221801757812,5.427177906036377,0.002783340634778142,0.0007241251296363771,0.00045742717338725924,-0.0002951056812889874,0.0019855222199112177,0.0019281075801700354,0.0008939191466197371,5.010922905057669e-06,6.0
2026-04-11T23:58:25.707656,,0,58.38024139404297,8.676480293273926,48.70000076293945,1.9075599908828735,1.6799999475479126,5,336.8299865722656,1,-27.029966354370117,5.415508270263672,0.0034218186046928167,0.001927086035721004,0.0005845745909027755,0.001168633229099214,-0.0030647129751741886,-0.0009750248864293098,0.0009842761792242527,5.669983693223912e-06,6.0
2026-04-11T23:58:26.203609,,1,58.37788009643555,8.685873031616211,20.399999618530273,13.350000381469727,0.8100000023841858,12,0.0,1,-27.029966354370117,5.415508270263672,0.0034218186046928167,0.001927086035721004,0.0005845745909027755,0.001168633229099214,-0.0030647129751741886,-0.0009750248864293098,0.0009842761792242527,5.669983693223912e-06,6.0
2026-04-11T23:58:28.706778,,1,58.377838134765625,8.685912132263184,20.700000762939453,13.739999771118164,0.8299999833106995,12,0.0,1,-27.033336639404297,5.409222602844238,0.0015464168973267078,0.0009052386158145964,0.0005522534484043717,0.0006293079350143671,-0.00033594685373827815,-0.0013720482820644975,0.0009864111198112369,5.211075404076837e-06,6.0
2026-04-11T23:58:29.202479,,0,58.38025665283203,8.676464080810547,48.79999923706055,1.9075599908828735,1.6799999475479126,5,336.8299865722656,1,-27.033336639404297,5.409222602844238,0.0015464168973267078,0.0009052386158145964,0.0005522534484043717,0.0006293079350143671,-0.00033594685373827815,-0.0013720482820644975,0.0009864111198112369,5.211075404076837e-06,6.0
2026-04-11T23:58:31.209313,,1,58.377601623535156,8.686095237731934,23.799999237060547,13.739999771118164,0.8299999833106995,12,0.0,1,-27.033336639404297,5.409222602844238,0.0015464168973267078,0.0009052386158145964,0.0005522534484043717,0.0006293079350143671,-0.00033594685373827815,-0.0013720482820644975,0.0009864111198112369,5.211075404076837e-06,6.0
2026-04-11T23:58:32.489552,,0,58.38029098510742,8.676451683044434,48.79999923706055,0.0,1.6799999475479126,5,336.8299865722656,1,-27.031335830688477,5.41901969909668,0.001834160997532308,0.000915641663596034,0.0004174294008407742,-0.0009806656744331121,0.00019925797823816538,0.0015371199697256088,0.0008308058022521436,4.21195181843359e-06,6.0
2026-04-11T23:58:33.712345,,1,58.37752914428711,8.686121940612793,23.799999237060547,11.600000381469727,0.8899999856948853,11,0.0,1,-27.031335830688477,5.41901969909668,0.001834160997532308,0.000915641663596034,0.0004174294008407742,-0.0009806656744331121,0.00019925797823816538,0.0015371199697256088,0.0008308058022521436,4.21195181843359e-06,6.0
2026-04-11T23:58:35.670373,,0,58.38029098510742,8.676451683044434,48.79999923706055,0.0,1.6799999475479126,5,181.66000366210938,1,-27.00979995727539,5.4212517738342285,0.0024003128055483103,0.0010457030730322003,0.00042389106238260865,-0.0002234206476714462,0.002146519487723708,-0.0010507323313504457,0.0008161359583027661,4.116108812013408e-06,6.0
2026-04-11T23:58:36.215342,,1,58.37749099731445,8.68613338470459,23.700000762939453,12.649999618530273,0.8899999856948853,11,0.0,1,-27.00979995727539,5.4212517738342285,0.0024003128055483103,0.0010457030730322003,0.00042389106238260865,-0.0002234206476714462,0.002146519487723708,-0.0010507323313504457,0.0008161359583027661,4.116108812013408e-06,6.0
2026-04-11T23:58:38.718186,,1,58.377140045166016,8.6865234375,18.899999618530273,16.350000381469727,0.8899999856948853,11,0.0,1,-27.018503189086914,5.42523717880249,0.0013111588777974248,0.0009693860774859786,0.00040384093881584704,-0.0003989603428635746,-0.000867249967996031,-0.0008988024783320725,0.0008234787965193391,3.8135981412779074e-06,6.0
2026-04-11T23:58:39.217789,,0,58.38029098510742,8.676451683044434,48.79999923706055,1.2593599557876587,1.6799999475479126,5,16.950000762939453,1,-27.018503189086914,5.42523717880249,0.0013111588777974248,0.0009693860774859786,0.00040384093881584704,-0.0003989603428635746,-0.000867249967996031,-0.0008988024783320725,0.0008234787965193391,3.8135981412779074e-06,6.0
2026-04-11T23:58:41.222258,,1,58.37712097167969,8.686553001403809,18.200000762939453,15.65999984741211,0.8299999833106995,12,0.0,1,-27.018503189086914,5.42523717880249,0.0013111588777974248,0.0009693860774859786,0.00040384093881584704,-0.0003989603428635746,-0.000867249967996031,-0.0008988024783320725,0.0008234787965193391,3.8135981412779074e-06,6.0
2026-04-11T23:58:42.327159,,0,58.38032913208008,8.676529884338379,49.5,1.2593599557876587,1.6799999475479126,5,16.950000762939453,1,-27.01689338684082,5.412301063537598,0.001692604855634272,0.0007915140013210475,0.0004040668427478522,0.001294757123105228,0.0001602271804586053,0.0010783517500385642,0.0008084336877800524,3.93474192605936e-06,6.0
2026-04-11T23:58:45.487082,,0,58.38032913208008,8.676529884338379,49.5,1.4075199365615845,1.6799999475479126,5,28.34000015258789,1,-27.01838493347168,5.40720796585083,0.0005614865222014487,0.00038913809112273157,0.00041082993266172707,0.0005098459660075605,-0.0001484204549342394,0.00018247083062306046,0.0008035529754124582,3.938132522307569e-06,6.0
2026-04-11T23:58:46.229992,,1,58.37678146362305,8.687220573425293,9.100000381469727,16.1200008392334,0.8299999833106995,12,0.0,1,-27.01838493347168,5.40720796585083,0.0005614865222014487,0.00038913809112273157,0.00041082993266172707,0.0005098459660075605,-0.0001484204549342394,0.00018247083062306046,0.0008035529754124582,3.938132522307569e-06,6.0
2026-04-11T23:58:48.651002,,0,58.38032913208008,8.676529884338379,49.5,2.0299999713897705,1.6799999475479126,5,349.3800048828125,1,-27.023738861083984,5.412013530731201,0.0016664077993482351,0.0005363077507354319,0.0004047192051075399,-0.00048110398347489536,-0.0005337260663509369,0.0015035260003060102,0.0007627863087691367,4.110281679459149e-06,4.0
2026-04-11T23:58:49.145970,,1,58.37656021118164,8.688016891479492,8.300000190734863,18.049999237060547,0.8299999833106995,12,0.0,1,-27.023738861083984,5.412013530731201,0.0016664077993482351,0.0005363077507354319,0.0004047192051075399,-0.00048110398347489536,-0.0005337260663509369,0.0015035260003060102,0.0007627863087691367,4.110281679459149e-06,4.0
2026-04-11T23:58:51.648940,,1,58.376529693603516,8.688075065612793,7.900000095367432,17.0,0.8100000023841858,12,0.0,1,-27.023710250854492,5.412849426269531,0.00032228598138317466,0.0004436915914993733,0.00041388283716514707,-8.362166408915073e-05,2.8970971470698714e-06,0.00031123508233577013,0.0008937472011893988,3.875297807098832e-06,4.0
2026-04-11T23:58:52.145913,,0,58.38032913208008,8.676529884338379,49.5,2.0299999713897705,1.6799999475479126,5,349.3800048828125,1,-27.023710250854492,5.412849426269531,0.00032228598138317466,0.0004436915914993733,0.00041388283716514707,-8.362166408915073e-05,2.8970971470698714e-06,0.00031123508233577013,0.0008937472011893988,3.875297807098832e-06,4.0
2026-04-11T23:58:54.151915,,1,58.37636184692383,8.68860912322998,4.0,14.949999809265137,0.8299999833106995,12,0.0,1,-27.023710250854492,5.412849426269531,0.00032228598138317466,0.0004436915914993733,0.00041388283716514707,-8.362166408915073e-05,2.8970971470698714e-06,0.00031123508233577013,0.0008937472011893988,3.875297807098832e-06,4.0
2026-04-11T23:58:55.305835,,0,58.380435943603516,8.676529884338379,50.29999923706055,2.359999895095825,1.4600000381469727,6,213.47000122070312,1,-27.02655792236328,5.4145188331604,0.0008188411011360586,0.00030802219407632947,0.000445631449110806,-0.00016718244296498597,-0.00028416881104931235,-0.0007495324243791401,0.0008612138917669654,3.167649538227124e-06,4.0
2026-04-11T23:58:56.655888,,1,58.376380920410156,8.688648223876953,4.0,14.359999656677246,0.8100000023841858,12,0.0,1,-27.02655792236328,5.4145188331604,0.0008188411011360586,0.00030802219407632947,0.000445631449110806,-0.00016718244296498597,-0.00028416881104931235,-0.0007495324243791401,0.0008612138917669654,3.167649538227124e-06,4.0
2026-04-11T23:58:58.488645,,0,58.38041305541992,8.676511764526367,50.0,3.2200000286102295,1.4600000381469727,6,189.4499969482422,1,-27.026540756225586,5.403280735015869,0.0012941750464960933,0.0006031184457242489,0.0002530582423787564,0.0011252141557633877,1.6620033420622349e-06,0.0006393585936166346,0.0005964958691038191,2.16425405596965e-06,6.0
2026-04-11T23:58:59.157608,,1,58.37641143798828,8.688677787780762,3.5999999046325684,13.220000267028809,0.8299999833106995,12,0.0,1,-27.026540756225586,5.403280735015869,0.0012941750464960933,0.0006031184457242489,0.0002530582423787564,0.0011252141557633877,1.6620033420622349e-06,0.0006393585936166346,0.0005964958691038191,2.16425405596965e-06,6.0
2026-04-11T23:59:01.640005,,0,58.38041305541992,8.676511764526367,50.0,3.549999952316284,1.4600000381469727,6,189.4499969482422,1,-27.027528762817383,5.405905246734619,0.00036036098026670516,0.0005202413303777575,0.0002467083977535367,-0.00026280508609488606,-9.848755144048482e-05,-0.00022603922116104513,0.0006592295248992741,1.9380995581741445e-06,6.0
2026-04-11T23:59:02.131641,,1,58.37651062011719,8.688735008239746,5.0,4.320000171661377,0.8100000023841858,12,0.0,1,-27.027528762817383,5.405905246734619,0.00036036098026670516,0.0005202413303777575,0.0002467083977535367,-0.00026280508609488606,-9.848755144048482e-05,-0.00022603922116104513,0.0006592295248992741,1.9380995581741445e-06,6.0
2026-04-11T23:59:04.634470,,1,58.376529693603516,8.68872356414795,5.0,4.699999809265137,0.8399999737739563,11,0.0,1,-27.012968063354492,5.415919780731201,0.0018052030354738235,0.0005935186636634171,0.00023073040938470513,-0.001002751523628831,0.001451567281037569,0.00038236030377447605,0.000656610878650099,1.9275607883173507e-06,6.0
2026-04-11T23:59:05.130415,,0,58.38041305541992,8.676511764526367,50.0,3.549999952316284,1.4600000381469727,6,189.4499969482422,1,-27.012968063354492,5.415919780731201,0.0018052030354738235,0.0005935186636634171,0.00023073040938470513,-0.001002751523628831,0.001451567281037569,0.00038236030377447605,0.000656610878650099,1.9275607883173507e-06,6.0
2026-04-11T23:59:07.142926,,1,58.37656021118164,8.688691139221191,5.199999809265137,5.710000038146973,0.8100000023841858,12,0.0,1,-27.012968063354492,5.415919780731201,0.0018052030354738235,0.0005935186636634171,0.00023073040938470513,-0.001002751523628831,0.001451567281037569,0.00038236030377447605,0.000656610878650099,1.9275607883173507e-06,6.0
2026-04-11T23:59:08.332502,,0,58.380393981933594,8.676440238952637,45.20000076293945,1.840000033378601,1.6699999570846558,5,277.3299865722656,1,-27.004337310791016,5.412312984466553,0.0009355767979286611,0.0004282775043975562,0.00018704475951381028,0.00036123546306043863,0.0008604468312114477,-6.666412809863687e-05,0.000528602977283299,1.4389410125659197e-06,6.0
2026-04-11T23:59:09.642284,,1,58.37678909301758,8.687931060791016,5.5,18.610000610351562,0.7400000095367432,13,0.0,1,-27.004337310791016,5.412312984466553,0.0009355767979286611,0.0004282775043975562,0.00018704475951381028,0.00036123546306043863,0.0008604468312114477,-6.666412809863687e-05,0.000528602977283299,1.4389410125659197e-06,6.0
2026-04-11T23:59:11.494247,,0,58.38038635253906,8.676441192626953,45.0,1.850000023841858,1.6699999570846558,5,155.52000427246094,1,-27.01425552368164,5.413753509521484,0.001083892653696239,0.000616667268332094,0.00013109022984281182,-0.00014428209397010505,-0.0009887281339615583,-0.00042002680129371583,0.0005228935624472797,1.3845095736542135e-06,6.0
2026-04-11T23:59:12.146254,,1,58.37683868408203,8.687747955322266,22.0,20.15999984741211,0.7400000095367432,13,0.0,1,-27.01425552368164,5.413753509521484,0.001083892653696239,0.000616667268332094,0.00013109022984281182,-0.00014428209397010505,-0.0009887281339615583,-0.00042002680129371583,0.0005228935624472797,1.3845095736542135e-06,6.0
2026-04-11T23:59:14.587317,,0,58.38038635253906,8.676441192626953,45.0,2.166839838027954,1.6699999570846558,5,192.07000732421875,1,-27.014375686645508,5.4096245765686035,0.0013642088742926717,0.0004616759833879769,9.62604972301051e-05,0.00041343807242810726,-1.2136471923440695e-05,-0.0012999952305108309,0.0004911069991067052,1.284125119127566e-06,6.0
2026-04-11T23:59:15.084183,,1,58.377079010009766,8.686847686767578,4.800000190734863,23.520000457763672,0.7400000095367432,13,0.0,1,-27.014375686645508,5.4096245765686035,0.0013642088742926717,0.0004616759833879769,9.62604972301051e-05,0.00041343807242810726,-1.2136471923440695e-05,-0.0012999952305108309,0.0004911069991067052,1.284125119127566e-06,6.0
2026-04-11T23:59:17.587284,,1,58.37712097167969,8.686751365661621,5.0,23.479999542236328,0.7400000095367432,13,0.0,1,-27.030378341674805,5.409985065460205,0.0024767776485532522,0.0005519909900613129,9.146420779870823e-05,-3.601890057325363e-05,-0.0015950589440762997,-0.0018944434123113751,0.0006286674761213362,1.866040861386864e-06,6.0
2026-04-11T23:59:18.085079,,0,58.38036346435547,8.676427841186523,44.79999923706055,2.1700000762939453,1.6699999570846558,5,192.07000732421875,1,-27.030378341674805,5.409985065460205,0.0024767776485532522,0.0005519909900613129,9.146420779870823e-05,-3.601890057325363e-05,-0.0015950589440762997,-0.0018944434123113751,0.0006286674761213362,1.866040861386864e-06,6.0
2026-04-11T23:59:20.089136,,1,58.37746047973633,8.68603801727295,9.699999809265137,20.739999771118164,0.7400000095367432,13,0.0,1,-27.030378341674805,5.409985065460205,0.0024767776485532522,0.0005519909900613129,9.146420779870823e-05,-3.601890057325363e-05,-0.0015950589440762997,-0.0018944434123113751,0.0006286674761213362,1.866040861386864e-06,6.0
2026-04-11T23:59:21.242997,,0,58.38035583496094,8.676409721374512,44.599998474121094,2.426119804382324,1.4600000381469727,6,206.75999450683594,1,-27.052814483642578,5.412042140960693,0.0025739027187228203,0.0002630313974805176,0.00011597246339078993,-0.0002058750542346388,-0.0022352836094796658,-0.001259403652511537,0.0007427491364069283,2.2508470465254504e-06,6.0
2026-04-11T23:59:22.592008,,1,58.37752151489258,8.686027526855469,11.399999618530273,20.43000030517578,0.7300000190734863,13,0.0,1,-27.052814483642578,5.412042140960693,0.0025739027187228203,0.0002630313974805176,0.00011597246339078993,-0.0002058750542346388,-0.0022352836094796658,-0.001259403652511537,0.0007427491364069283,2.2508470465254504e-06,6.0
2026-04-11T23:59:24.414926,,0,58.38033676147461,8.676398277282715,44.20000076293945,2.8399999141693115,1.4600000381469727,6,202.3699951171875,1,-27.06276512145996,5.399470806121826,0.0025278881657868624,0.0011795788304880261,0.00023872003657743335,0.0012577456654980779,-0.0009911567904055119,0.0019559916108846664,0.0007460925844497979,2.879482281059609e-06,6.0
2026-04-11T23:59:25.095936,,1,58.37794876098633,8.685785293579102,18.0,19.020000457763672,0.7400000095367432,13,0.0,1,-27.06276512145996,5.399470806121826,0.0025278881657868624,0.0011795788304880261,0.00023872003657743335,0.0012577456654980779,-0.0009911567904055119,0.0019559916108846664,0.0007460925844497979,2.879482281059609e-06,6.0
2026-04-11T23:59:27.598736,,1,58.37800979614258,8.68574047088623,18.200000762939453,19.170000076293945,0.7400000095367432,13,0.0,1,-27.06571388244629,5.411381721496582,0.0015182563802227378,0.0008522170246578753,0.00023878784850239754,-0.0011921653058379889,-0.00029411882860586047,0.0008929382311180234,0.000708540144842118,3.0429423532041255e-06,4.0
2026-04-11T23:59:28.095890,,0,58.38033676147461,8.676398277282715,44.20000076293945,2.8399999141693115,1.4600000381469727,6,202.3699951171875,1,-27.06571388244629,5.411381721496582,0.0015182563802227378,0.0008522170246578753,0.00023878784850239754,-0.0011921653058379889,-0.00029411882860586047,0.0008929382311180234,0.000708540144842118,3.0429423532041255e-06,4.0
2026-04-11T23:59:30.101726,,1,58.37807083129883,8.685704231262207,19.100000381469727,19.700000762939453,0.7300000190734863,13,0.0,1,-27.06571388244629,5.411381721496582,0.0015182563802227378,0.0008522170246578753,0.00023878784850239754,-0.0011921653058379889,-0.00029411882860586047,0.0008929382311180234,0.000708540144842118,3.0429423532041255e-06,4.0
2026-04-11T23:59:31.228700,,0,58.380271911621094,8.676376342773438,41.400001525878906,1.6200000047683716,1.4600000381469727,6,202.3699951171875,1,-27.06861686706543,5.413494110107422,0.0015639446210116148,0.00032587783061899245,0.00025328685296699405,-0.00021139666205272079,-0.0002890119212679565,0.0015224014641717076,0.0007017129100859165,3.1200456760416273e-06,4.0
2026-04-11T23:59:32.606554,,1,58.37841033935547,8.685456275939941,21.299999237060547,16.1200008392334,0.7400000095367432,13,0.0,1,-27.06861686706543,5.413494110107422,0.0015639446210116148,0.00032587783061899245,0.00025328685296699405,-0.00021139666205272079,-0.0002890119212679565,0.0015224014641717076,0.0007017129100859165,3.1200456760416273e-06,4.0
2026-04-11T23:59:34.389742,,0,58.38026428222656,8.676371574401855,41.400001525878906,0.0,1.4600000381469727,6,193.1999969482422,1,-27.041078567504883,5.412996292114258,0.0032731827814131975,0.0014226878993213177,0.00035607622703537345,4.9891736125573516e-05,0.0027447128668427467,-0.001782635459676385,0.0007222219719551504,4.178432391199749e-06,4.0
2026-04-11T23:59:35.111838,,1,58.37841033935547,8.68541431427002,21.100000381469727,14.539999961853027,0.7400000095367432,13,0.0,1,-27.041078567504883,5.412996292114258,0.0032731827814131975,0.0014226878993213177,0.00035607622703537345,4.9891736125573516e-05,0.0027447128668427467,-0.001782635459676385,0.0007222219719551504,4.178432391199749e-06,4.0
2026-04-11T23:59:37.566627,,0,58.380271911621094,8.67637825012207,41.29999923706055,0.0,1.4600000381469727,6,297.8299865722656,1,-27.049753189086914,5.420279502868652,0.0014180394355207682,0.0011980844428762794,0.000387932697776705,-0.00072902359534055,-0.000864172528963536,-0.0008559008711017668,0.0007371476967819035,4.053639713674784e-06,3.0
2026-04-11T23:59:38.066772,,1,58.37833023071289,8.684797286987305,19.899999618530273,13.760000228881836,0.7799999713897705,12,0.0,1,-27.049753189086914,5.420279502868652,0.0014180394355207682,0.0011980844428762794,0.000387932697776705,-0.00072902359534055,-0.000864172528963536,-0.0008559008711017668,0.0007371476967819035,4.053639713674784e-06,3.0
2026-04-11T23:59:40.586840,,1,58.378318786621094,8.684713363647461,19.799999237060547,14.729999542236328,0.7799999713897705,12,0.0,1,-27.05146026611328,5.416354656219482,0.0004319491854403168,0.0005196938873268664,0.0003817424294538796,0.0003928202495444566,-0.00017028595902957022,5.722821879317053e-05,0.0008128308109007776,3.984767772635678e-06,3.0
2026-04-11T23:59:41.062444,,0,58.380271911621094,8.67637825012207,41.29999923706055,0.0,1.4600000381469727,6,297.8299865722656,1,-27.05146026611328,5.416354656219482,0.0004319491854403168,0.0005196938873268664,0.0003817424294538796,0.0003928202495444566,-0.00017028595902957022,5.722821879317053e-05,0.0008128308109007776,3.984767772635678e-06,3.0
2026-04-11T23:59:43.069778,,1,58.37831115722656,8.684622764587402,20.100000381469727,15.680000305175781,0.7599999904632568,12,0.0,1,-27.05146026611328,5.416354656219482,0.0004319491854403168,0.0005196938873268664,0.0003817424294538796,0.0003928202495444566,-0.00017028595902957022,5.722821879317053e-05,0.0008128308109007776,3.984767772635678e-06,3.0
2026-04-11T23:59:44.196649,,0,58.38026428222656,8.67638111114502,41.29999923706055,1.5299999713897705,1.4600000381469727,6,297.8299865722656,1,-27.06169319152832,5.413300514221191,0.0013629519380629063,0.0003291626926511526,0.0004002617788501084,0.00030574010452255607,-0.0010194976348429918,0.0008513431530445814,0.0007914798334240913,4.053048996865982e-06,3.0
2026-04-11T23:59:45.573051,,1,58.37825012207031,8.683646202087402,21.600000381469727,20.350000381469727,0.75,13,0.0,1,-27.06169319152832,5.413300514221191,0.0013629519380629063,0.0003291626926511526,0.0004002617788501084,0.00030574010452255607,-0.0010194976348429918,0.0008513431530445814,0.0007914798334240913,4.053048996865982e-06,3.0
2026-04-11T23:59:47.393169,,0,58.38029861450195,8.676538467407227,40.900001525878906,1.7300000190734863,1.4600000381469727,6,297.8299865722656,1,-27.0504207611084,5.430938720703125,0.002106925705447793,0.0009509227238595486,0.000396755087422207,-0.0017655817791819572,0.0011230007512494922,0.00024642585776746273,0.0007770205265842378,4.310856638767291e-06,3.0
2026-04-11T23:59:48.075252,,1,58.37825012207031,8.682934761047363,21.700000762939453,19.3700008392334,0.75,13,0.0,1,-27.0504207611084,5.430938720703125,0.002106925705447793,0.0009509227238595486,0.000396755087422207,-0.0017655817791819572,0.0011230007512494922,0.00024642585776746273,0.0007770205265842378,4.310856638767291e-06,3.0
2026-04-11T23:59:50.534237,,0,58.38029861450195,8.676538467407227,40.900001525878906,1.7300000190734863,1.4600000381469727,6,53.56999969482422,1,-27.071626663208008,5.435081481933594,0.0021949063520878553,0.0011367034167051315,0.00040489312959834933,-0.0004147071740590036,-0.002112804912030697,-0.0004262481234036386,0.0007614637142978609,4.179174538876396e-06,3.0
2026-04-11T23:59:51.030096,,1,58.37825012207031,8.682843208312988,21.399999618530273,19.110000610351562,0.7300000190734863,13,0.0,1,-27.071626663208008,5.435081481933594,0.0021949063520878553,0.0011367034167051315,0.00040489312959834933,-0.0004147071740590036,-0.002112804912030697,-0.0004262481234036386,0.0007614637142978609,4.179174538876396e-06,3.0
2026-04-11T23:59:53.533090,,1,58.378379821777344,8.682513236999512,17.700000762939453,0.0,0.75,13,0.0,1,-27.075593948364258,5.434641361236572,0.0006547068478539586,0.0006552066770382226,0.00036642540362663567,4.411425470607355e-05,-0.00039563438622280955,0.0005197771824896336,0.0008072039345279336,3.559541028153035e-06,3.0
2026-04-11T23:59:54.029124,,0,58.38029861450195,8.676538467407227,40.900001525878906,1.7300000190734863,1.4600000381469727,6,53.56999969482422,1,-27.075593948364258,5.434641361236572,0.0006547068478539586,0.0006552066770382226,0.00036642540362663567,4.411425470607355e-05,-0.00039563438622280955,0.0005197771824896336,0.0008072039345279336,3.559541028153035e-06,3.0
2026-04-11T23:59:56.036127,,1,58.37860107421875,8.6820650100708,14.699999809265137,13.8100004196167,0.7099999785423279,14,0.0,1,-27.075593948364258,5.434641361236572,0.0006547068478539586,0.0006552066770382226,0.00036642540362663567,4.411425470607355e-05,-0.00039563438622280955,0.0005197771824896336,0.0008072039345279336,3.559541028153035e-06,3.0
2026-04-11T23:59:57.214933,,0,58.380306243896484,8.676553726196289,41.099998474121094,2.009999990463257,1.4600000381469727,6,45.04999923706055,1,-27.085973739624023,5.430352687835693,0.0011339079355821013,0.00022755918325856328,0.0003929638769477606,0.0004292894736863673,-0.0010343155590817332,0.00017790170386433601,0.0007727374322712421,3.049094402740593e-06,5.0
2026-04-11T23:59:58.546190,,1,58.37862014770508,8.68200969696045,14.5,14.5600004196167,0.6899999976158142,14,0.0,1,-27.085973739624023,5.430352687835693,0.0011339079355821013,0.00022755918325856328,0.0003929638769477606,0.0004292894736863673,-0.0010343155590817332,0.00017790170386433601,0.0007727374322712421,3.049094402740593e-06,5.0
2026-04-12T00:00:00.375924,,0,58.380313873291016,8.67655086517334,41.20000076293945,2.130000114440918,1.4600000381469727,6,345.82000732421875,1,-27.097511291503906,5.417664051055908,0.0019387478241696954,0.00035388703690841794,0.0004095854237675667,0.001270356122404337,-0.0011497855884954333,0.0009071558015421033,0.0007804046617820859,3.194458258803934e-06,5.0
2026-04-12T00:00:01.043851,,1,58.378780364990234,8.681618690490723,14.5,11.720000267028809,0.7099999785423279,14,0.0,1,-27.097511291503906,5.417664051055908,0.0019387478241696954,0.00035388703690841794,0.0004095854237675667,0.001270356122404337,-0.0011497855884954333,0.0009071558015421033,0.0007804046617820859,3.194458258803934e-06,5.0
2026-04-12T00:00:03.506293,,0,58.380313873291016,8.67655086517334,41.20000076293945,2.0199999809265137,1.4600000381469727,6,358.9100036621094,1,-27.1041259765625,5.408614158630371,0.0011213368270546198,0.0003393111110199243,0.0004083370149601251,0.0009061304735951126,-0.0006593962898477912,3.899249713867903e-05,0.0007940755458548665,3.0756059459235985e-06,5.0
2026-04-12T00:00:04.002555,,1,58.379150390625,8.680471420288086,12.300000190734863,15.5,0.6899999976158142,14,0.0,1,-27.1041259765625,5.408614158630371,0.0011213368270546198,0.0003393111110199243,0.0004083370149601251,0.0009061304735951126,-0.0006593962898477912,3.899249713867903e-05,0.0007940755458548665,3.0756059459235985e-06,5.0
2026-04-12T00:00:06.503880,,1,58.37921142578125,8.679891586303711,13.899999618530273,14.979999542236328,0.7099999785423279,14,0.0,1,-27.0866641998291,5.412194728851318,0.002659586491063237,0.0011015634518116713,0.0003611939318943769,-0.00035840767668560147,0.0017405137186869979,-0.001978776417672634,0.0006742776022292674,2.7115734155813698e-06,5.0
2026-04-12T00:00:06.999667,,0,58.380313873291016,8.67655086517334,41.20000076293945,2.0199999809265137,1.4600000381469727,6,358.9100036621094,1,-27.0866641998291,5.412194728851318,0.002659586491063237,0.0011015634518116713,0.0003611939318943769,-0.00035840767668560147,0.0017405137186869979,-0.001978776417672634,0.0006742776022292674,2.7115734155813698e-06,5.0
2026-04-12T00:00:09.006645,,1,58.37921905517578,8.679842948913574,14.0,14.40999984741211,0.7099999785423279,14,0.0,1,-27.0866641998291,5.412194728851318,0.002659586491063237,0.0011015634518116713,0.0003611939318943769,-0.00035840767668560147,0.0017405137186869979,-0.001978776417672634,0.0006742776022292674,2.7115734155813698e-06,5.0
2026-04-12T00:00:10.194605,,0,58.38028335571289,8.676487922668457,41.0,1.4800000190734863,1.4600000381469727,6,358.9100036621094,1,-27.09070587158203,5.4162187576293945,0.0008142784936353564,0.0009222649969160557,0.0003298410156276077,-0.0004027917457278818,-0.00040267431177198887,0.0005819465732201934,0.0007054311572574079,2.5767944862309378e-06,6.0
2026-04-12T00:00:11.509543,,1,58.37928009033203,8.679326057434082,16.100000381469727,13.4399995803833,0.7099999785423279,14,0.0,1,-27.09070587158203,5.4162187576293945,0.0008142784936353564,0.0009222649969160557,0.0003298410156276077,-0.0004027917457278818,-0.00040267431177198887,0.0005819465732201934,0.0007054311572574079,2.5767944862309378e-06,6.0
2026-04-12T00:00:13.329471,,0,58.38028335571289,8.676487922668457,41.0,1.559999942779541,1.4600000381469727,6,347.9800109863281,1,-27.08456802368164,5.418652057647705,0.0018800379475578666,0.0008159648859873414,0.00032978603849187493,-0.00024362361000385135,0.0006119104800745845,-0.0017608962953090668,0.0006275757332332432,2.911590854637325e-06,7.0
2026-04-12T00:00:14.012527,,1,58.37929916381836,8.679256439208984,16.799999237060547,13.90999984741211,0.7099999785423279,14,0.0,1,-27.08456802368164,5.418652057647705,0.0018800379475578666,0.0008159648859873414,0.00032978603849187493,-0.00024362361000385135,0.0006119104800745845,-0.0017608962953090668,0.0006275757332332432,2.911590854637325e-06,7.0
2026-04-12T00:00:16.401345,,0,58.38028335571289,8.676487922668457,41.0,1.559999942779541,1.4600000381469727,6,347.9800109863281,1,-27.07489013671875,5.408679008483887,0.0019164161058142781,0.0010888822143897414,0.00032695927075110376,0.0009980648756027222,0.0009640175849199295,0.0013218121603131294,0.0006298005464486778,3.0930921184335602e-06,7.0
2026-04-12T00:00:16.897428,,1,58.37934112548828,8.678686141967773,18.200000762939453,15.15999984741211,0.8100000023841858,12,0.0,1,-27.07489013671875,5.408679008483887,0.0019164161058142781,0.0010888822143897414,0.00032695927075110376,0.0009980648756027222,0.0009640175849199295,0.0013218121603131294,0.0006298005464486778,3.0930921184335602e-06,7.0
2026-04-12T00:00:19.400413,,1,58.37934112548828,8.678618431091309,18.5,15.15999984741211,0.8399999737739563,12,0.0,1,-27.073734283447266,5.407263278961182,0.00032136464142240584,0.0005036850343458354,0.0003282644902355969,0.00014167066547088325,0.00011513562640175223,0.00026447768323123455,0.0007194365607574582,2.659505980773247e-06,7.0
2026-04-12T00:00:19.897382,,0,58.38029098510742,8.676469802856445,40.5,1.4900000095367432,1.4600000381469727,6,356.2699890136719,1,-27.073734283447266,5.407263278961182,0.00032136464142240584,0.0005036850343458354,0.0003282644902355969,0.00014167066547088325,0.00011513562640175223,0.00026447768323123455,0.0007194365607574582,2.659505980773247e-06,7.0
2026-04-12T00:00:21.903344,,1,58.37942123413086,8.677901268005371,20.200000762939453,18.010000228881836,0.7300000190734863,13,0.0,1,-27.073734283447266,5.407263278961182,0.00032136464142240584,0.0005036850343458354,0.0003282644902355969,0.00014167066547088325,0.00011513562640175223,0.00026447768323123455,0.0007194365607574582,2.659505980773247e-06,7.0
2026-04-12T00:00:23.054308,,0,58.38028335571289,8.676464080810547,40.29999923706055,1.5371599197387695,1.4600000381469727,6,219.83999633789062,1,-27.084928512573242,5.4264020919799805,0.002246432239189744,0.0007137958309613168,0.000296890182653442,-0.0019156689522787929,-0.0011156733380630612,-0.0003632403095252812,0.0007248206529766321,2.682390459085582e-06,7.0
2026-04-12T00:00:24.406289,,1,58.37942886352539,8.677838325500488,20.899999618530273,17.770000457763672,0.75,13,0.0,1,-27.084928512573242,5.4264020919799805,0.002246432239189744,0.0007137958309613168,0.000296890182653442,-0.0019156689522787929,-0.0011156733380630612,-0.0003632403095252812,0.0007248206529766321,2.682390459085582e-06,7.0
2026-04-12T00:00:26.121070,,0,58.38028335571289,8.676464080810547,40.29999923706055,1.5371599197387695,1.4600000381469727,6,219.83999633789062,1,-27.085586547851562,5.431193828582764,0.0005623340839520097,0.0005806108238175511,0.00029815814923495054,-0.0004796914290636778,-6.545739597640932e-05,-0.0002860613167285919,0.0007356430869549513,2.6711481950769667e-06,5.0
2026-04-12T00:00:26.911043,,1,58.37955856323242,8.67655086517334,20.0,12.720000267028809,0.75,13,0.0,1,-27.085586547851562,5.431193828582764,0.0005623340839520097,0.0005806108238175511,0.00029815814923495054,-0.0004796914290636778,-6.545739597640932e-05,-0.0002860613167285919,0.0007356430869549513,2.6711481950769667e-06,5.0
2026-04-12T00:00:29.301112,,0,58.38029861450195,8.676417350769043,39.099998474121094,0.0,1.4600000381469727,6,45.29999923706055,1,-27.034120559692383,5.436892509460449,0.00551511999219656,0.0017143585719168186,0.0003972984559368342,-0.0005700652254745364,0.00512787327170372,-0.0019484595395624638,0.001408358453772962,5.584228347288445e-06,5.0
2026-04-12T00:00:29.797089,,1,58.37957000732422,8.676506996154785,20.100000381469727,12.369999885559082,0.75,13,0.0,1,-27.034120559692383,5.436892509460449,0.00551511999219656,0.0017143585719168186,0.0003972984559368342,-0.0005700652254745364,0.00512787327170372,-0.0019484595395624638,0.001408358453772962,5.584228347288445e-06,5.0
2026-04-12T00:00:32.300022,,1,58.37982940673828,8.676265716552734,25.600000381469727,13.779999732971191,0.75,12,0.0,1,-27.036134719848633,5.4348015785217285,0.0031431715469807386,0.0017429705476388335,0.0004514825122896582,0.00020913635671604425,-0.00020053761545568705,-0.0031297882087528706,0.0014573781518265605,6.196306458150502e-06,5.0
2026-04-12T00:00:32.795989,,0,58.38029861450195,8.676417350769043,39.099998474121094,0.0,1.4600000381469727,6,45.29999923706055,1,-27.036134719848633,5.4348015785217285,0.0031431715469807386,0.0017429705476388335,0.0004514825122896582,0.00020913635671604425,-0.00020053761545568705,-0.0031297882087528706,0.0014573781518265605,6.196306458150502e-06,5.0
2026-04-12T00:00:34.802891,,1,58.380001068115234,8.676213264465332,27.700000762939453,0.0,0.6700000166893005,15,0.0,1,-27.036134719848633,5.4348015785217285,0.0031431715469807386,0.0017429705476388335,0.0004514825122896582,0.00020913635671604425,-0.00020053761545568705,-0.0031297882087528706,0.0014573781518265605,6.196306458150502e-06,5.0
2026-04-12T00:00:35.883816,,0,58.38029861450195,8.676417350769043,39.099998474121094,1.2963999509811401,1.4600000381469727,6,45.29999923706055,1,-27.053848266601562,5.446019649505615,0.002413336420431733,0.0014026518911123276,0.00041860126657411456,-0.0011217971332371235,-0.0017636721022427082,0.0012063269969075918,0.001429155352525413,6.652986485278234e-06,7.0
2026-04-12T00:00:37.305857,,1,58.380001068115234,8.676213264465332,27.700000762939453,0.0,0.699999988079071,14,0.0,1,-27.053848266601562,5.446019649505615,0.002413336420431733,0.0014026518911123276,0.00041860126657411456,-0.0011217971332371235,-0.0017636721022427082,0.0012063269969075918,0.001429155352525413,6.652986485278234e-06,7.0
2026-04-12T00:00:39.033780,,0,58.38029098510742,8.676438331604004,39.20000076293945,1.2899999618530273,1.4600000381469727,6,45.29999923706055,1,-27.056385040283203,5.4469733238220215,0.0003284553240519017,0.0006642899825237691,0.0004343788023106754,-9.537845471641049e-05,-0.00025262904819101095,0.00018698768690228462,0.0015141585608944297,5.9564349612628575e-06,5.0
2026-04-12T00:00:39.812437,,1,58.38002014160156,8.67636775970459,26.5,2.390000104904175,0.6700000166893005,15,0.0,1,-27.056385040283203,5.4469733238220215,0.0003284553240519017,0.0006642899825237691,0.0004343788023106754,-9.537845471641049e-05,-0.00025262904819101095,0.00018698768690228462,0.0015141585608944297,5.9564349612628575e-06,5.0
2026-04-12T00:00:42.199593,,0,58.38028335571289,8.676440238952637,39.20000076293945,0.0,1.4600000381469727,6,234.89999389648438,1,-27.05022621154785,5.4290032386779785,0.002106853062286973,0.0007432455313391984,0.0004414607828948647,0.001797384349629283,0.0006129895336925983,-0.0009124049101956189,0.0014692599652335048,6.334013050945941e-06,6.0
2026-04-12T00:00:42.696655,,1,58.38003158569336,8.676529884338379,26.299999237060547,3.450000047683716,0.699999988079071,14,0.0,1,-27.05022621154785,5.4290032386779785,0.002106853062286973,0.0007432455313391984,0.0004414607828948647,0.001797384349629283,0.0006129895336925983,-0.0009124049101956189,0.0014692599652335048,6.334013050945941e-06,6.0
2026-04-12T00:00:45.199699,,1,58.38003158569336,8.676556587219238,26.600000381469727,0.0,0.7300000190734863,13,0.0,1,-27.03525733947754,5.428765296936035,0.0019433072302490473,0.0006509249215014279,0.0004509059072006494,2.3845939722377807e-05,0.001490698428824544,-0.001246471656486392,0.0014686790527775884,6.358203336276347e-06,6.0
2026-04-12T00:00:45.696569,,0,58.38028335571289,8.676440238952637,39.20000076293945,0.0,1.4600000381469727,6,234.89999389648438,1,-27.03525733947754,5.428765296936035,0.0019433072302490473,0.0006509249215014279,0.0004509059072006494,2.3845939722377807e-05,0.001490698428824544,-0.001246471656486392,0.0014686790527775884,6.358203336276347e-06,6.0
2026-04-12T00:00:47.702574,,1,58.38003158569336,8.676581382751465,26.700000762939453,0.7599999904632568,0.8399999737739563,11,0.0,1,-27.03525733947754,5.428765296936035,0.0019433072302490473,0.0006509249215014279,0.0004509059072006494,2.3845939722377807e-05,0.001490698428824544,-0.001246471656486392,0.0014686790527775884,6.358203336276347e-06,6.0
2026-04-12T00:00:48.835197,,0,58.38029098510742,8.676602363586426,38.900001525878906,1.9199999570846558,1.4500000476837158,6,234.89999389648438,1,-27.04488754272461,5.42526912689209,0.0013513591839000583,0.0007029954576864839,0.0004564608389046043,0.0003495042328722775,-0.0009587885579094291,-0.0008858572691679001,0.001483514322899282,6.1735554481856525e-06,6.0
2026-04-12T00:00:50.205519,,1,58.38005828857422,8.676605224609375,26.799999237060547,1.559999942779541,0.9599999189376831,11,0.0,1,-27.04488754272461,5.42526912689209,0.0013513591839000583,0.0007029954576864839,0.0004564608389046043,0.0003495042328722775,-0.0009587885579094291,-0.0008858572691679001,0.001483514322899282,6.1735554481856525e-06,6.0
2026-04-12T00:00:51.997503,,0,58.38029098510742,8.676603317260742,38.79999923706055,1.899999976158142,1.4600000381469727,6,349.510009765625,1,-27.06768798828125,5.415854454040527,0.0036812585312873125,0.001234265509992838,0.00043858386925421655,0.000941188947763294,-0.0022691667545586824,0.00274166208691895,0.0014468567678704858,7.5183934313827194e-06,6.0
2026-04-12T00:00:52.714207,,1,58.38005828857422,8.676603317260742,26.700000762939453,1.4500000476837158,0.9599999189376831,11,0.0,1,-27.06768798828125,5.415854454040527,0.0036812585312873125,0.001234265509992838,0.00043858386925421655,0.000941188947763294,-0.0022691667545586824,0.00274166208691895,0.0014468567678704858,7.5183934313827194e-06,6.0
2026-04-12T00:00:55.153311,,0,58.38029098510742,8.676603317260742,38.79999923706055,1.899999976158142,1.4600000381469727,6,347.6300048828125,1,-27.05462074279785,5.420180797576904,0.001408142619766295,0.0014343453804031014,0.0004423516511451453,-0.0004326712805777788,0.0013008741661906242,0.0003215394972357899,0.0014732653507962823,7.212033779069316e-06,6.0
2026-04-12T00:00:55.650221,,1,58.38005828857422,8.676545143127441,25.799999237060547,1.590000033378601,0.8100000023841858,12,0.0,1,-27.05462074279785,5.420180797576904,0.001408142619766295,0.0014343453804031014,0.0004423516511451453,-0.0004326712805777788,0.0013008741661906242,0.0003215394972357899,0.0014732653507962823,7.212033779069316e-06,6.0
2026-04-12T00:00:58.153293,,1,58.38005828857422,8.676525115966797,25.700000762939453,1.7300000190734863,0.8100000023841858,12,0.0,1,-27.059703826904297,5.420464038848877,0.0017293753335252404,0.0007386954384855926,0.0004265109892003238,-2.8367350751068443e-05,-0.0005062638665549457,0.0016533697489649057,0.0013785003684461117,7.4794857027882244e-06,4.0
2026-04-12T00:00:58.649796,,0,58.38029098510742,8.676603317260742,38.79999923706055,1.899999976158142,1.4600000381469727,6,347.6300048828125,1,-27.059703826904297,5.420464038848877,0.0017293753335252404,0.0007386954384855926,0.0004265109892003238,-2.8367350751068443e-05,-0.0005062638665549457,0.0016533697489649057,0.0013785003684461117,7.4794857027882244e-06,4.0
2026-04-12T00:01:00.656080,,1,58.38003158569336,8.676316261291504,25.700000762939453,4.28000020980835,0.8500000238418579,12,0.0,1,-27.059703826904297,5.420464038848877,0.0017293753335252404,0.0007386954384855926,0.0004265109892003238,-2.8367350751068443e-05,-0.0005062638665549457,0.0016533697489649057,0.0013785003684461117,7.4794857027882244e-06,4.0
2026-04-12T00:01:01.826343,,0,58.38032150268555,8.676591873168945,38.79999923706055,2.359999895095825,1.4500000476837158,6,355.760009765625,1,-27.04831314086914,5.430379390716553,0.0015070547815412283,0.0007046156679280102,0.00038753775879740715,-0.0009920117445290089,0.0011344904778525233,-7.636379450559616e-06,0.0009047234198078513,4.66495293949265e-06,4.0
2026-04-12T00:01:03.159324,,1,58.38003158569336,8.676287651062012,25.799999237060547,4.590000152587891,0.7900000214576721,12,0.0,1,-27.04831314086914,5.430379390716553,0.0015070547815412283,0.0007046156679280102,0.00038753775879740715,-0.0009920117445290089,0.0011344904778525233,-7.636379450559616e-06,0.0009047234198078513,4.66495293949265e-06,4.0
2026-04-12T00:01:05.662284,,1,58.380069732666016,8.676093101501465,27.399999618530273,5.670000076293945,0.6800000071525574,15,0.0,1,-27.03648567199707,5.424250602722168,0.003516575088724494,0.001127163297496736,0.0003050309023819864,0.0006131040281616151,0.0011777959298342466,0.0032562557607889175,0.0009588228422217071,4.9136301640828606e-06,2.0
2026-04-12T00:01:08.140922,,0,58.38024139404297,8.676386833190918,38.5,2.7039201259613037,1.4500000476837158,6,26.56999969482422,1,-27.006879806518555,5.421395778656006,0.0042207008227705956,0.00211015110835433,0.0004511250590439886,0.00028586789267137647,0.0029505756683647633,-0.0030044466257095337,0.00116758665535599,6.1126424952817615e-06,4.0
2026-04-12T00:01:08.638884,,1,58.380069732666016,8.67608642578125,27.700000762939453,5.110000133514404,0.6800000071525574,15,0.0,1,-27.006879806518555,5.421395778656006,0.0042207008227705956,0.00211015110835433,0.0004511250590439886,0.00028586789267137647,0.0029505756683647633,-0.0030044466257095337,0.00116758665535599,6.1126424952817615e-06,4.0
2026-04-12T00:01:11.145686,,1,58.380210876464844,8.676090240478516,29.299999237060547,0.0,0.7699999809265137,13,0.0,1,-27.010709762573242,5.419990062713623,0.001903867581859231,0.0018843543948605657,0.0005028571467846632,0.0001406964147463441,-0.0003815342206507921,0.0018599322065711021,0.0010017286986112595,6.4643254518159665e-06,4.0
2026-04-12T00:01:11.637829,,0,58.38025665283203,8.67638111114502,38.400001525878906,3.0299999713897705,1.4500000476837158,6,26.56999969482422,1,-27.010709762573242,5.419990062713623,0.001903867581859231,0.0018843543948605657,0.0005028571467846632,0.0001406964147463441,-0.0003815342206507921,0.0018599322065711021,0.0010017286986112595,6.4643254518159665e-06,4.0
2026-04-12T00:01:13.643898,,1,58.38024139404297,8.676116943359375,29.399999618530273,8.65999984741211,0.8500000238418579,12,0.0,1,-27.010709762573242,5.419990062713623,0.001903867581859231,0.0018843543948605657,0.0005028571467846632,0.0001406964147463441,-0.0003815342206507921,0.0018599322065711021,0.0010017286986112595,6.4643254518159665e-06,4.0
2026-04-12T00:01:14.794673,,0,58.38025665283203,8.676380157470703,38.400001525878906,2.9700000286102295,1.4600000381469727,6,229.58999633789062,1,-27.019805908203125,5.438329696655273,0.0025055452715605497,0.0011018989607691765,0.0004862915666308254,-0.001835601986385882,-0.0009062797180376947,-0.0014446383574977517,0.0009997133165597916,6.648218004556838e-06,4.0
2026-04-12T00:01:16.149791,,1,58.3803596496582,8.676456451416016,30.700000762939453,10.579999923706055,0.800000011920929,12,0.0,1,-27.019805908203125,5.438329696655273,0.0025055452715605497,0.0011018989607691765,0.0004862915666308254,-0.001835601986385882,-0.0009062797180376947,-0.0014446383574977517,0.0009997133165597916,6.648218004556838e-06,4.0
2026-04-12T00:01:17.940678,,0,58.38025665283203,8.676380157470703,38.400001525878906,3.299999952316284,1.4600000381469727,6,178.49000549316406,1,-27.00766944885254,5.4450812339782715,0.0029351708944886923,0.0014941052068024874,0.0004616373626049608,-0.0006755355279892683,0.0012089136289432645,0.002587934723123908,0.0010009950492531061,7.1320964707410894e-06,5.0
2026-04-12T00:01:18.652700,,1,58.380348205566406,8.67650032043457,30.899999618530273,10.079999923706055,0.8399999737739563,12,0.0,1,-27.00766944885254,5.4450812339782715,0.0029351708944886923,0.0014941052068024874,0.0004616373626049608,-0.0006755355279892683,0.0012089136289432645,0.002587934723123908,0.0010009950492531061,7.1320964707410894e-06,5.0
2026-04-12T00:01:21.027529,,0,58.38025665283203,8.676380157470703,38.400001525878906,3.299999952316284,1.4600000381469727,6,178.49000549316406,1,-27.01396369934082,5.442160606384277,0.00195851712487638,0.0015833915676921606,0.0004312514793127775,0.0002923158463090658,-0.0006271541933529079,-0.0018322167452424765,0.0009479522705078125,7.333058420044836e-06,5.0
2026-04-12T00:01:21.524538,,1,58.3803596496582,8.676456451416016,30.700000762939453,10.579999923706055,0.800000011920929,12,0.0,1,-27.01396369934082,5.442160606384277,0.00195851712487638,0.0015833915676921606,0.0004312514793127775,0.0002923158463090658,-0.0006271541933529079,-0.0018322167452424765,0.0009479522705078125,7.333058420044836e-06,5.0
2026-04-12T00:01:24.026593,,1,58.38024139404297,8.676116943359375,29.399999618530273,8.65999984741211,0.8500000238418579,12,0.0,1,-27.013145446777344,5.449671745300293,0.0007564853294752538,0.0006930383387953043,0.00047320936573669314,-0.0007517755148001015,8.140115824062377e-05,-2.185073753935285e-05,0.0009994694264605641,6.0351194406393915e-06,5.0
2026-04-12T00:01:24.522434,,0,58.38025665283203,8.676398277282715,38.400001525878906,3.3399999141693115,1.4600000381469727,6,185.39999389648438,1,-27.013145446777344,5.449671745300293,0.0007564853294752538,0.0006930383387953043,0.00047320936573669314,-0.0007517755148001015,8.140115824062377e-05,-2.185073753935285e-05,0.0009994694264605641,6.0351194406393915e-06,5.0
2026-04-12T00:01:26.529417,,1,58.380210876464844,8.676090240478516,29.299999237060547,0.0,0.7699999809265137,13,0.0,1,-27.013145446777344,5.449671745300293,0.0007564853294752538,0.0006930383387953043,0.00047320936573669314,-0.0007517755148001015,8.140115824062377e-05,-2.185073753935285e-05,0.0009994694264605641,6.0351194406393915e-06,5.0
2026-04-12T00:01:27.701435,,0,58.38021469116211,8.676409721374512,38.20000076293945,2.559999942779541,1.5099999904632568,5,185.39999389648438,1,-26.99791717529297,5.440430641174316,0.0020792633295059204,0.0007064948440529406,0.0005001825629733503,0.0009248405112884939,0.001517131575383246,0.0010799617739394307,0.0009629453998059034,6.2691660787095316e-06,5.0
2026-04-12T00:01:29.032362,,1,58.380069732666016,8.67608642578125,27.700000762939453,5.110000133514404,0.6800000071525574,15,0.0,1,-26.99791717529297,5.440430641174316,0.0020792633295059204,0.0007064948440529406,0.0005001825629733503,0.0009248405112884939,0.001517131575383246,0.0010799617739394307,0.0009629453998059034,6.2691660787095316e-06,5.0
2026-04-12T00:01:30.810326,,0,58.38021469116211,8.676409721374512,38.20000076293945,2.7779998779296875,1.5099999904632568,5,33.689998626708984,1,-27.023698806762695,5.433472156524658,0.0026619560085237026,0.0013624824350699782,0.0004752430832013488,0.0006965975626371801,-0.00256910128518939,-2.1902029402554035e-05,0.0009471048251725733,6.678693353023846e-06,7.0
2026-04-12T00:01:31.535272,,1,58.380069732666016,8.676093101501465,27.399999618530273,5.670000076293945,0.6800000071525574,15,0.0,1,-27.023698806762695,5.433472156524658,0.0026619560085237026,0.0013624824350699782,0.0004752430832013488,0.0006965975626371801,-0.00256910128518939,-2.1902029402554035e-05,0.0009471048251725733,6.678693353023846e-06,7.0
2026-04-12T00:01:33.944287,,0,58.38021469116211,8.676422119140625,38.20000076293945,2.7799999713897705,1.5099999904632568,5,33.689998626708984,1,-27.01627540588379,5.435790538787842,0.0007798670558258891,0.0010974971810355783,0.0004413505084812641,-0.0002320544299436733,0.0007399108726531267,8.291707490570843e-05,0.0010368818184360862,6.512390882562613e-06,7.0
2026-04-12T00:01:34.442193,,1,58.38003158569336,8.676287651062012,25.799999237060547,4.590000152587891,0.7900000214576721,12,0.0,1,-27.01627540588379,5.435790538787842,0.0007798670558258891,0.0010974971810355783,0.0004413505084812641,-0.0002320544299436733,0.0007399108726531267,8.291707490570843e-05,0.0010368818184360862,6.512390882562613e-06,7.0
2026-04-12T00:01:36.946510,,1,58.38003158569336,8.676316261291504,25.700000762939453,4.28000020980835,0.8500000238418579,12,0.0,1,-27.022682189941406,5.442562103271484,0.001930875121615827,0.0007251022616401315,0.00047384435310959816,-0.0006778107490390539,-0.0006383206928148866,-0.0016915667802095413,0.0009621240315027535,5.648588739859406e-06,7.0
2026-04-12T00:01:37.441095,,0,58.38021469116211,8.67642593383789,38.29999923706055,2.5999999046325684,1.5099999904632568,5,43.31999969482422,1,-27.022682189941406,5.442562103271484,0.001930875121615827,0.0007251022616401315,0.00047384435310959816,-0.0006778107490390539,-0.0006383206928148866,-0.0016915667802095413,0.0009621240315027535,5.648588739859406e-06,7.0
2026-04-12T00:01:39.448498,,1,58.38005828857422,8.676525115966797,25.700000762939453,1.7300000190734863,0.8100000023841858,12,0.0,1,-27.022682189941406,5.442562103271484,0.001930875121615827,0.0007251022616401315,0.00047384435310959816,-0.0006778107490390539,-0.0006383206928148866,-0.0016915667802095413,0.0009621240315027535,5.648588739859406e-06,7.0
2026-04-12T00:01:40.622837,,0,58.38021469116211,8.676440238952637,38.29999923706055,2.690000057220459,1.5099999904632568,5,217.19000244140625,1,-27.039644241333008,5.443674087524414,0.0017006875714287162,0.0006264756666496396,0.00041842428618110716,-0.00011129718041047454,-0.0016895709559321404,0.0001590623869560659,0.0006821226561442018,4.156391241849633e-06,7.0
2026-04-12T00:01:41.951745,,1,58.38005828857422,8.676545143127441,25.799999237060547,1.590000033378601,0.8100000023841858,12,0.0,1,-27.039644241333008,5.443674087524414,0.0017006875714287162,0.0006264756666496396,0.00041842428618110716,-0.00011129718041047454,-0.0016895709559321404,0.0001590623869560659,0.0006821226561442018,4.156391241849633e-06,7.0
