tree
version=v4
num_class=1
num_tree_per_iteration=1
label_index=0
max_feature_idx=7
objective=binary sigmoid:1
feature_names=Roll_Degrees speed_per_jerk_std Pitch_Degrees Speed Zero_Crossings Jerk_Std speed_per_dyn_mag Energy
feature_infos=[-3.4053234056697157:3.4460399026658495] [-0.46408341776999873:6.1316215988817016] [-3.4425961464084684:2.8991888818490024] [-1.2723171417720331:4.9957201782664225] [-3.5593023832754991:2.6995637965025949] [-1.234113599306053:7.3454926837179588] [-0.4003085149106243:9.7200724732004957] [-0.85102771728380133:9.9554373423107556]
tree_sizes=3408 3422 3407 3413 3412 3407 3417 3416 3401 3418 3423 3416 3426 3415 3425 3426 3436 3426 3418 3421 3427 3422 3421 3422 3424 3436 3431 3432 3426 3423 3434 3421 3434 3438 3417 3421 3433 3422 3439 3438 3423 3416 3432 3432 3430 3437 3423 3441 3432 3437 3436 3426 3426 3444 3442 3434 3434 3426 3429 3436 3425 3423 3430 3439 3431 3423 3419 3423 3424 3424 3421 3450 3409 3405 3406 3416 3434 3441 3417 3426 3417 3414 3414 3428 3416 3421 3427 3431 3422 3448 3409 3447 3425 3432 3413 3438 3436 3435 3441 3425 3429 3424 3422 3424 3446 3424 3415 3437 3411 3419 3426 3426 3427 3434 3408 3418 3418 3411 3439 3416 3426 3434 3436 3424 3423 3422 3424 3435 3432 3425 3428 3416 3441 3403 3428 3422 3441 3411 3411 3421 3440 3430 3417 3430 3435 3436 3431 3447 3416 3444 3424 3406 3426 3409 3432 3438 3434 3418 3422 3402 3423 3428 3439 3453 3416 3430 3444 3421 3423 3433 3434 3430 3420 3436 3409 3437 3415 3437 3428 3421 3458 3450 3441 3437 3425 3431 3465 3424 3430 3447 3428 3438 3434 3459 3443 3434 3429 3424 3456 3436

Tree=0
num_leaves=31
num_cat=0
split_feature=1 0 7 1 3 2 0 7 3 1 7 7 1 1 2 2 1 2 3 7 3 2 2 3 2 3 2 4 5 2
split_gain=676.576 534.303 242.328 279.883 170.756 89.4674 84.9786 71.5722 66.8985 53.6468 48.4015 47.785 35.5143 39.441 36.9973 53.9304 34.383 30.427 23.2627 22.5354 31.007 17.0958 16.8378 20.9742 16.9081 15.3219 20.3611 13.2912 12.141 11.7396
threshold=-0.13864725884967002 0.97532326449953566 -0.746739860539262 -0.46382645497508307 0.37211296495835683 -0.42513718670068118 1.6995613547709489 0.42672311014381181 -0.27057114623097184 -0.43380396045593289 1.6360648057523108 0.91767364430924314 -0.2051559451677101 -0.31211158294526803 0.20969313362491748 1.1551280839590246 -0.46265158438555704 0.12335412001622294 1.8328972898117075 0.39413825905448446 -0.24923470330144984 -1.166225746299419 1.1956225056939336 0.31008490777959319 1.7171019893175135 0.59706004994134887 1.6724426746176546 0.85872076455050717 0.10666346010587291 -0.21640051345653846
decision_type=2 2 2 2 2 2 2 2 2 2 2 2 2 2 2 2 2 2 2 2 2 2 2 2 2 2 2 2 2 2
left_child=1 2 9 17 5 8 -2 12 -5 -1 21 -3 13 -6 27 -16 -13 -4 -14 20 28 -10 23 29 -24 -17 -27 -15 -7 -22
right_child=6 11 3 4 7 19 -8 -9 10 -11 -12 16 18 14 15 25 -18 -19 -20 -21 22 -23 24 -25 -26 26 -28 -29 -30 -31
leaf_value=-0.09835964408691332 0.092762836514003966 -0.091080849226055763 0.094329885847058884 -0.079326647777760356 0.055357946648754437 0.013050012073940796 -0.099999938264516072 0.079576619367981438 -0.095659676615603151 0.023966824867284364 0.086433550669075682 0.078689598942503561 0.071364040227628309 0.061134523359948907 -0.071105977031828027 -0.0295775763644066 -0.086625041400928429 -0.014590871478611473 -0.054900852665015119 -0.033471609503355544 -0.0015514407944981928 -0.0049430935064503738 0.027674552391264741 0.04937098728584767 -0.031948008703299759 0.0018427428724794913 0.091921758330437905 -0.021052751352124716 0.054065547868157718 -0.039039977323751168
leaf_weight=67.023195445537567 184.78585085272789 205.43532487750053 97.116582155227661 86.858453243970871 29.956842720508575 60.617336392402649 5.9000153839588156 61.628687560558319 8.4432511329650861 10.346379429101942 11.597214847803114 7.3829341530799866 35.712689101696014 20.240777581930164 36.780406981706619 14.570453286170958 5.4798058569431287 6.8650171160697928 4.062822848558425 58.939002603292465 28.662050127983093 13.493054300546648 41.331767380237579 9.3227307796478254 16.693479508161545 17.631606072187427 9.7380437254905683 6.4985579252243033 25.68881168961525 76.946861028671265
leaf_count=172 989 549 522 247 144 254 15 318 22 45 61 38 180 99 109 52 15 26 13 207 114 53 182 44 59 71 52 24 123 264
internal_value=6.48223e-08 -0.0153955 0.00239713 0.0107752 -0.000981095 -0.0194547 0.0867986 0.0332321 -0.056168 -0.0820013 0.00381744 -0.0852273 0.0169292 0.00472844 -0.00965333 -0.0269134 0.00826198 0.0871388 0.0584669 -0.00556417 0.000780106 -0.0398598 -0.0114345 -0.0225195 0.0105215 0.0118424 0.0338926 0.0411603 0.0252582 -0.0288657
internal_weight=1265.75 1075.06 856.766 779.397 675.415 438.594 190.686 236.821 120.392 77.3696 33.5335 218.298 175.192 135.417 105.46 78.7205 12.8627 103.982 39.7755 318.202 259.263 21.9363 172.957 114.932 58.0252 41.9401 27.3696 26.7393 86.3061 105.609
internal_count=5063 4059 3457 3240 2692 1630 1004 1062 383 217 136 602 744 551 407 284 53 548 193 1247 1040 75 663 422 241 175 123 123 377 378
is_linear=0
shrinkage=1


Tree=1
num_leaves=31
num_cat=0
split_feature=1 0 7 1 3 2 0 7 3 1 7 7 1 1 1 2 2 2 7 3 3 2 1 6 7 3 2 2 3 2
split_gain=611.893 483.306 219.146 253.177 154.254 80.9168 76.8664 64.9439 60.506 48.5892 43.3832 43.2313 31.0854 29.6178 33.3897 33.0018 45.4572 27.5632 21.1025 23.4939 20.1617 15.7213 15.4729 16.3036 14.7402 12.899 18.59 12.4125 21.5102 11.6579
threshold=-0.13864725884967002 0.97532326449953566 -0.746739860539262 -0.46382645497508307 0.37211296495835683 -0.42513718670068118 1.6995613547709489 0.33517519517855848 -0.25548320253589124 -0.43380396045593289 1.6360648057523108 0.91767364430924314 -0.46265158438555704 -0.20724015157269512 -0.31211158294526803 0.20969313362491748 1.1551280839590246 0.12335412001622294 -0.17091082537422939 -0.24923470330144984 1.8328972898117075 -1.166225746299419 -0.39567619450301389 -0.36788234654004864 -0.66153469436583257 0.59706004994134887 1.6724426746176546 -0.070097782078057433 0.90994376042672809 1.2102221417103725
decision_type=2 2 2 2 2 2 2 2 2 2 2 2 2 2 2 2 2 2 2 2 2 2 2 2 2 2 2 2 2 2
left_child=1 2 9 17 5 8 -2 13 -5 -1 21 -3 -13 14 -6 -16 -17 -4 19 -7 -15 -10 23 -20 -21 -18 -27 -9 -29 -26
right_child=6 11 3 4 7 18 -8 27 10 -11 -12 12 -14 20 15 16 25 -19 22 24 -22 -23 -24 -25 29 26 -28 28 -30 -31
leaf_value=-0.093671877652269087 0.088317670045959445 -0.086709597698228613 0.089816327240859764 -0.07522160155500679 0.051221589596236128 0.030464857215144161 -0.095241869627063713 0.096184685691012919 -0.09108845881521789 0.022771748623223703 0.082267959728929918 0.074872870943060929 -0.082451040109734128 0.065457413528492853 0.039596971735374208 -0.067560106555499169 -0.028105010860821157 -0.013862142740278091 -0.013537949561082788 -0.065558459042960801 -0.052195870272033755 -0.0032900314717592585 -0.033679944156641509 0.059746272857801458 -0.012749270606842134 -0.00033287868095123376 0.087196885026235335 -0.011154388369298104 0.077400892059637474 0.020772997469105436
leaf_weight=66.861351862549782 184.38890811800957 205.00985676050186 96.900863721966743 87.298514381051064 29.018456906080246 62.087542936205864 5.8852900564670554 31.83176201581955 8.4239651411771757 10.344893634319304 11.575581952929495 7.3715171813964844 5.4695388674736005 35.328982770442963 25.594190567731857 35.372443020343781 14.567267119884489 6.8646519780158988 33.160739719867706 9.9060092121362668 4.0597629696130744 12.916411310434343 83.525207370519638 9.8417555093765241 81.570010617375374 17.265132665634159 9.351815998554228 9.4962969422340375 24.676069706678391 38.025744259357452
leaf_count=172 989 549 522 249 139 277 15 174 22 45 61 38 15 177 118 105 52 26 126 30 13 51 292 48 310 69 50 37 128 164
internal_value=2.17589e-08 -0.0146447 0.0022797 0.0102466 -0.000932805 -0.0184935 0.0826401 0.0316058 -0.05344 -0.0780696 0.00432854 -0.0811351 0.00786209 0.0153085 0.00389075 -0.00955474 -0.025987 0.0829574 -0.00528745 0.00517783 0.053331 -0.0379478 -0.0211341 0.00323423 -0.00694564 0.00971947 0.0304205 0.0737189 0.0527919 -0.00209079
internal_weight=1263.99 1073.72 855.865 778.659 674.894 438.331 190.274 236.562 120.214 77.2062 32.916 217.851 12.8411 170.558 131.169 102.151 76.5567 103.766 318.117 191.589 39.3887 21.3404 126.528 43.0025 129.502 41.1842 26.6169 66.0041 34.1724 119.596
internal_count=5063 4059 3457 3240 2692 1630 1004 1062 383 217 134 602 53 723 533 394 276 548 1247 781 190 73 466 174 504 171 119 339 165 474
is_linear=0
shrinkage=0.05


Tree=2
num_leaves=31
num_cat=0
split_feature=1 0 7 1 3 2 0 7 3 1 7 7 1 1 2 2 1 2 3 3 7 3 3 4 4 4 4 2 2 0
split_gain=555.526 439.014 198.925 229.994 139.575 73.4799 69.8181 59.2922 54.9414 44.2962 39.6398 39.2868 29.6975 28.8629 29.358 38.0674 28.1953 25.1399 24.9979 19.3672 19.139 25.5137 18.596 14.6452 33.4659 15.5826 16.0234 14.1403 12.7646 13.4106
threshold=-0.13864725884967002 0.97532326449953566 -0.746739860539262 -0.46382645497508307 0.37211296495835683 -0.42513718670068118 1.6995613547709489 0.57396743724671284 -0.27057114623097184 -0.43380396045593289 1.6360648057523108 0.91767364430924314 -0.2051559451677101 -0.31211158294526803 -0.070097782078057433 1.2102221417103725 -0.46265158438555704 0.12335412001622294 0.52390654656616109 1.8328972898117075 0.39413825905448446 -0.24923470330144984 0.59706004994134887 0.85872076455050717 0.76667852551286308 0.95076291154600423 1.2268893525324958 -1.166225746299419 1.6724426746176546 -0.75876158661485649
decision_type=2 2 2 2 2 2 2 2 2 2 2 2 2 2 2 2 2 2 2 2 2 2 2 2 2 2 2 2 2 2
left_child=1 2 9 17 5 8 -2 12 -5 -1 27 -3 13 -6 -15 18 -13 -4 -16 -14 21 -7 -17 24 -23 -25 -27 -10 29 -24
right_child=6 11 3 4 7 20 -8 -9 10 -11 -12 16 19 14 15 22 -18 -19 -20 -21 -22 23 28 25 -26 26 -28 -29 -30 -31
leaf_value=-0.089608579636795097 0.084421689169014727 -0.082866135032812857 0.085872324693336458 -0.072043127294471973 0.047519080751505745 0.023035350018384238 -0.091131787108366558 0.075611215846886626 -0.087104421681946681 0.021642076457395354 0.07857478462955747 0.07144601798076243 0.065544019414436383 0.051901800767718081 0.01813788571148078 -0.030083223989841763 -0.078751521994182255 -0.013171045390841827 -0.066388899418221223 -0.049693412445428096 -0.030755803294489736 -0.0085453002179623882 0.073159159501295951 -0.098344223558407884 0.10009286995232732 0.033468665206486468 -0.045263332391577593 -0.0043782803495264911 0.084453472110457492 -0.020067490027877253
leaf_weight=66.40908370912075 183.2793065905571 203.82041895389557 96.297913506627083 86.341854155063629 31.565123185515404 86.243208512663841 5.8441445231437674 54.939304992556572 8.3700626194477064 10.340731069445608 11.515089601278303 7.3395797610282898 36.45657305419445 17.821202173829079 11.279455006122587 13.615977093577383 5.4408293068408948 6.8636279106140128 38.957048937678337 4.0511952936649314 58.887191534042358 126.8889302611351 6.095620051026347 8.2558161318302137 7.5083471089601508 9.3708981871604937 20.82083398103714 13.491910129785539 10.57118885219097 10.506212919950487
leaf_count=172 989 549 522 247 151 377 15 288 22 45 61 38 185 86 48 48 15 26 116 13 207 490 31 21 41 42 69 53 57 39
internal_value=1.49261e-07 -0.0139617 0.00217224 0.00976028 -0.000887783 -0.0175959 0.0789969 0.0301183 -0.0509834 -0.0746194 0.00349506 -0.0775339 0.0163036 0.00542295 -0.00678477 -0.0182746 0.00750447 0.0792827 -0.0474103 0.0540191 -0.0050254 0.00082277 0.0176096 -0.0102605 -0.00247603 -0.0374718 -0.0208265 -0.0360508 0.0415077 0.0141621
internal_weight=1259.19 1070.07 853.464 776.715 673.553 437.694 189.123 235.859 119.719 76.7498 33.3771 216.601 180.92 140.412 108.847 91.0255 12.7804 103.162 50.2365 40.5078 317.975 259.088 40.789 172.845 134.397 38.4475 30.1917 21.862 27.173 16.6018
internal_count=5063 4059 3457 3240 2692 1630 1004 1062 383 217 136 602 774 576 425 339 53 548 164 198 1247 1040 175 663 531 132 111 75 127 70
is_linear=0
shrinkage=0.05


Tree=3
num_leaves=31
num_cat=0
split_feature=1 0 7 1 3 2 0 7 3 1 7 7 1 1 1 2 2 2 7 3 7 0 2 3 3 1 6 3 2 3
split_gain=506.027 400.224 181.152 209.701 126.463 66.9553 63.6436 54.0797 49.9892 40.611 36.0383 35.8402 27.1787 29.296 25.6453 23.0652 20.4444 25.9004 17.9683 19.5268 17.5186 16.4625 14.4832 14.2317 13.8069 13.6805 14.6385 13.1968 12.959 12.1528
threshold=-0.13864725884967002 0.97532326449953566 -0.746739860539262 -0.46382645497508307 0.37211296495835683 -0.42513718670068118 1.6995613547709489 0.57396743724671284 -0.27057114623097184 -0.43380396045593289 1.6360648057523108 0.91767364430924314 -0.21812508244155474 -0.31211158294526803 -0.46265158438555704 0.12335412001622294 1.5365115432400682 0.014315415679642318 -0.17091082537422939 -0.16922304231574192 -0.67389352677565262 0.17955877359780395 1.1551280839590246 1.8328972898117075 0.48717736885431012 -0.39567619450301389 -0.36788234654004864 0.59706004994134887 -1.166225746299419 0.97837290288751211
decision_type=2 2 2 2 2 2 2 2 2 2 2 2 2 2 2 2 2 2 2 2 2 2 2 2 2 2 2 2 2 2
left_child=1 2 9 15 5 8 -2 12 -5 -1 28 -3 13 -6 -13 -4 17 -15 19 21 -21 -7 24 29 -19 26 -20 -18 -10 -14
right_child=6 11 3 4 7 18 -8 -9 10 -11 -12 14 23 16 -16 -17 27 22 25 20 -22 -23 -24 -25 -26 -27 -28 -29 -30 -31
leaf_value=-0.086054224536015578 0.080975518983469927 -0.079455833585989802 0.082394110131822698 -0.068922537785550492 0.045288324402354835 0.034442893854045829 -0.087549103240672763 0.072370574377189301 -0.083600061853719265 0.02057309165829882 0.075271288801980862 0.068344138462367629 0.025603775629480432 0.037557942888554942 -0.075443408136538076 -0.01251544829143721 -0.020218382903524255 0.015190559102809524 -0.012381478584144586 -0.08059272538252614 -0.0022373311087190849 -0.045837081973645138 -0.0028143057994855967 -0.041570292208236666 -0.06463868815777922 -0.031215923619261395 0.057106458546175999 0.069616339506954131 -0.004159493529674276 0.076872672120698884
leaf_weight=65.711480587720871 181.56727313995361 201.98504331707954 95.367677718400955 85.753014743328094 31.466361120343208 61.868508636951447 5.7806847989559165 54.539218872785568 8.2869083583354932 10.334294214844702 11.421726778149603 7.2902698516845703 20.641819581389427 15.252487018704413 5.3965191543102247 6.8620443344116202 6.3031824380159405 6.3973974883556357 33.133232533931732 7.6061365455389014 114.79078358411789 7.1208997368812552 22.762689590454102 4.2180392891168585 35.323570817708969 83.4122244566679 9.8269694894552213 11.63277232646942 13.491511553525926 26.26750285923481
leaf_count=172 989 549 522 247 151 282 15 288 22 45 61 38 93 71 15 26 23 27 126 21 454 24 90 14 105 292 48 61 53 139
internal_value=2.54517e-07 -0.0133364 0.00207307 0.00931031 -0.000845889 -0.0167562 0.0757756 0.0287456 -0.0487544 -0.071564 0.00333806 -0.0743357 0.0155469 0.00333093 0.00718191 0.0760234 -0.0101862 -0.0210356 -0.00477765 0.00488386 -0.00710659 0.0261566 -0.0348949 0.0464021 -0.0523979 -0.0194097 0.0035136 0.038046 -0.0343874 0.0543125
internal_weight=1251.81 1064.46 849.792 773.747 671.517 436.712 187.348 234.805 118.953 76.0458 33.2001 214.672 180.266 129.138 12.6868 102.23 97.6721 79.7361 317.759 191.386 122.397 68.9894 64.4837 51.1274 41.721 126.372 42.9602 17.936 21.7784 46.9093
internal_count=5063 4059 3457 3240 2692 1630 1004 1062 383 217 136 602 774 528 53 548 377 293 1247 781 475 306 222 246 132 466 174 84 75 232
is_linear=0
shrinkage=0.05


Tree=4
num_leaves=31
num_cat=0
split_feature=1 0 7 1 3 4 4 2 0 1 2 7 5 4 3 7 1 7 3 2 0 0 2 1 3 5 1 2 2 2
split_gain=462.262 366.008 165.426 191.808 117.347 64.9515 75.6027 64.7426 58.1959 37.4168 33.7705 32.8057 29.2459 35.9287 26.0471 52.0696 23.3821 22.1219 31.7259 21.2708 19.491 15.8349 14.2885 11.5302 16.7549 12.9854 11.2087 10.9246 12.2748 13.441
threshold=-0.13864725884967002 0.97532326449953566 -0.746739860539262 -0.46382645497508307 0.13192560931808389 -0.24578499939545764 -0.15374285239996058 -0.42513718670068118 1.6995613547709489 -0.43380396045593289 -0.76720904743073381 0.91767364430924314 0.71227642097364385 -0.33782723843310175 -0.57370105423428386 1.2464621417669686 -0.46265158438555704 0.16525486059244152 -0.24923470330144984 0.12335412001622294 -1.0473081786632019 -1.3733166400609285 1.1956225056939336 -0.2051559451677101 1.4790172959123693 0.71227642097364385 -0.34611725550850525 -0.025406093586937156 0.88734944934584081 0.28428102731122423
decision_type=2 2 2 2 2 2 2 2 2 2 2 2 2 2 2 2 2 2 2 2 2 2 2 2 2 2 2 2 2 2
left_child=1 2 9 19 7 12 -7 14 -2 -1 -8 -3 13 20 -5 -16 -13 18 -9 -4 -6 -12 -20 24 25 27 -24 -23 29 -29
right_child=8 11 3 4 5 6 10 17 -10 -11 21 16 -14 -15 15 -17 -18 -19 22 -21 -22 23 26 -25 -26 -27 -28 28 -30 -31
leaf_value=-0.082920080336575094 0.077902117991122524 -0.07640499545494181 0.079301441248007171 -0.071764902119613991 0.07094707444082976 -0.09843462678620947 -0.074206879219161512 0.024237777876170673 -0.084401510968817137 0.019560649257469462 0.073681780297668989 0.065515721285934941 0.078875430676518768 0.094092863582934394 -0.059446268953851016 0.081718759712397379 -0.072461501394269975 -0.035373383838061406 -0.030637904065824909 -0.011893332263807689 0.0025695710162421583 0.035914728180329945 0.040829734174925116 0.047236128366947364 -0.045929280692719801 0.050507512704217918 -0.026388114256063022 0.0085865327073324955 0.010447342077476801 -0.063453454431258563
leaf_weight=64.807909101247787 179.34921139478683 199.60700652003288 94.162575110793114 71.191460072994232 12.610282376408575 17.185593664646149 10.898648440837858 81.2983009070158 5.6984952092170706 10.325939506292341 11.326527819037436 7.2263488173484802 46.18281477689743 17.580614119768143 21.652322351932529 9.3545568883419019 5.3390974998474103 53.338244020938873 67.266335189342499 6.8599892258644095 60.054675444960594 24.216611325740814 15.107372865080835 20.892313912510872 13.320578515529631 19.549453869462013 10.520985037088392 11.874292626976969 59.291328117251396 14.238997876644133
leaf_count=172 989 549 522 201 65 44 32 360 15 45 59 38 251 97 66 50 15 183 236 26 246 111 70 102 45 95 38 49 249 43
internal_value=3.52264e-07 -0.0127594 0.00198096 0.00889123 -0.00080666 0.0198398 0.00189465 -0.0220475 0.072904 -0.0688358 0.0111842 -0.0714721 0.0465143 0.0299537 -0.0551061 -0.0168578 0.00688877 -0.00719885 0.00142825 0.0731088 0.0144358 0.016511 -0.0185339 0.0125476 0.00746154 0.0129674 0.0132354 0.00627265 -0.00213241 -0.0306953
internal_weight=1242.33 1057.28 845.109 769.975 668.952 339.223 202.794 329.73 185.048 75.1338 185.609 212.172 136.428 90.2456 102.198 31.0069 12.5654 227.531 174.193 101.023 72.665 174.71 92.8947 163.384 142.491 129.171 25.6284 109.621 85.4046 26.1133
internal_count=5063 4059 3457 3240 2692 1488 829 1204 1004 217 785 602 659 408 317 116 53 887 704 548 311 753 344 694 592 547 108 452 341 92
is_linear=0
shrinkage=0.05


Tree=5
num_leaves=31
num_cat=0
split_feature=1 0 7 1 3 2 4 4 0 1 2 7 5 4 3 7 1 1 2 0 7 7 4 0 4 6 5 7 5 5
split_gain=423.318 335.658 151.419 175.943 106.365 59.3692 59.0609 68.5387 53.3594 34.6991 30.5949 30.1164 27.1118 32.8624 23.9818 47.2734 21.3631 20.5758 19.7047 17.7012 17.3265 16.127 14.4947 14.4111 13.8544 17.1901 11.702 11.495 10.9404 14.3431
threshold=-0.13864725884967002 0.97532326449953566 -0.746739860539262 -0.46382645497508307 0.13192560931808389 -0.42513718670068118 -0.24578499939545764 -0.15374285239996058 1.6995613547709489 -0.45054768402603013 -0.76720904743073381 0.91767364430924314 0.71227642097364385 -0.33782723843310175 -0.57370105423428386 1.2464621417669686 -0.46265158438555704 -0.39043945449167144 0.12335412001622294 -1.0473081786632019 -0.2166167276123086 0.20491745711470552 0.85872076455050717 -1.3733166400609285 0.39851002957302184 -0.28223374372548204 -0.53367547259000081 -0.84536552093745188 0.65903693769190641 0.20990175637667283
decision_type=2 2 2 2 2 2 2 2 2 2 2 2 2 2 2 2 2 2 2 2 2 2 2 2 2 2 2 2 2 2
left_child=1 2 9 18 5 14 12 -8 -2 -1 -9 -3 13 19 -5 -16 -13 21 -4 -6 22 26 24 -12 25 -19 -7 -11 29 -23
right_child=8 11 3 4 6 17 7 10 -10 27 23 16 -14 -15 15 -17 -18 20 -20 -21 -22 28 -24 -25 -26 -27 -28 -29 -30 -31
leaf_value=-0.081273256244367209 0.075140771275514814 -0.073655399320151041 0.076531250187111308 -0.069005248218857021 0.067734306334502267 -0.015427323377323006 -0.0939517357915301 -0.070808972334261241 -0.081617121378008722 0.066508432197770126 0.070431601293687557 0.062919328296639862 0.075832624373915039 0.09018103307473202 -0.05685647406400654 0.078001881434707057 -0.069753925171093079 0.013503339593291589 -0.011302804177653808 0.0024411863079129527 -0.042018237735573796 -0.028690786753299252 -0.040210779401906198 0.011942433529683485 0.043016873703350819 -0.045562127434324536 0.041747304663136753 -0.032679984405369379 -0.040417975801416706 0.087715838347832475
leaf_weight=62.262248516082764 176.7094561457634 196.77668318152428 92.728445827960968 70.357572108507156 12.549451902508734 11.388781845569609 17.107026010751724 10.851667627692221 5.6007076799869528 5.3431815505027771 11.25840152800083 7.1502392888069153 45.647472128272057 17.429671972990036 21.510207355022434 9.3113036006689054 5.2707437574863416 34.835378244519234 6.8575390577316275 60.052426621317863 49.941161036491394 5.9312240481376666 23.004237279295921 163.089196652174 18.253847748041153 19.057192847132683 41.782084405422211 6.4433401823043805 18.247547507286072 4.7778741270303726
leaf_count=167 989 549 522 201 65 44 44 32 15 27 59 38 251 97 66 50 15 147 26 246 166 21 78 694 85 63 197 23 61 25
internal_value=2.74689e-07 -0.0122192 0.00189377 0.00849414 -0.000769614 -0.0210351 0.018921 0.00180419 0.070325 -0.0663813 0.0106493 -0.0688891 0.0444433 0.0285284 -0.0528937 -0.0161152 0.00662051 -0.00684863 0.070483 0.0137273 -0.0181687 0.0131501 -0.0056509 0.0157193 0.00536868 -0.00738306 0.0295009 0.0122851 -0.0168737 0.0232441
internal_weight=1231.53 1049.22 840.018 765.97 666.384 328.398 337.985 202.306 182.31 74.0488 185.199 209.198 135.679 90.0316 101.179 30.8215 12.421 227.219 99.586 72.6019 145.092 82.1275 95.1507 174.348 72.1464 53.8926 53.1709 11.7865 28.9566 10.7091
internal_count=5063 4059 3457 3240 2692 1204 1488 829 1004 217 785 602 659 408 317 116 53 887 548 311 539 348 373 753 295 210 241 50 107 46
is_linear=0
shrinkage=0.05


Tree=6
num_leaves=31
num_cat=0
split_feature=1 0 7 1 3 0 2 7 3 1 7 7 2 2 2 1 2 1 3 4 1 7 5 1 2 2 2 7 1 2
split_gain=388.678 304.455 138.025 163.028 95.096 55.4729 50.8748 45.7446 38.5185 32.2908 27.6704 27.1533 21.6716 42.3497 38.4333 19.5536 18.4147 17.8921 15.6142 24.1711 15.1148 14.759 13.6632 12.2713 11.8681 13.112 11.5083 10.4382 9.69904 12.7547
threshold=-0.14119666540033413 0.97532326449953566 -0.746739860539262 -0.46382645497508307 0.37211296495835683 1.6995613547709489 -0.42513718670068118 0.42672311014381181 -0.27057114623097184 -0.45054768402603013 0.91767364430924314 1.6360648057523108 0.20969313362491748 0.97646373688526711 -0.61600749130640986 -0.46265158438555704 1.0332201840986603 -0.31211158294526803 -1.0676396928124032 -0.52191153242409583 -0.45634681619537071 -0.15974976526844467 0.33513246745313591 -0.27582429511803336 1.1956225056939336 -0.21640051345653846 -1.166225746299419 -0.83736222417866968 -0.21490634580112489 1.1551280839590246
decision_type=2 2 2 2 2 2 2 2 2 2 2 2 2 2 2 2 2 2 2 2 2 2 2 2 2 2 2 2 2 2
left_child=1 2 9 16 6 -2 8 12 -5 -1 -3 26 14 -14 -6 -12 -4 -15 19 20 -8 24 23 -23 25 -20 -10 -11 29 -19
right_child=5 10 3 4 7 -7 18 -9 11 27 15 -13 13 17 -16 -17 -18 28 21 -21 -22 22 -24 -25 -26 -27 -28 -29 -30 -31
leaf_value=-0.078774535390795777 0.072482251419282814 -0.071105693501130204 0.072483955045948997 -0.061274764078537214 -0.077028588791646133 -0.079315993350128122 -0.066852166523828568 0.062907519398295073 -0.077230914717819066 0.05583489092917622 0.060521255841004831 0.0669677307946 -0.046601705930804975 0.063143810058973071 0.056187513272919411 -0.067278892785953476 -0.039123351556384009 -0.05552444615882747 0.017356942771867868 0.061701208364996069 0.029339782036745234 -0.046454541489172378 -0.00097997544960128102 0.014757002558111802 0.021755327854531444 -0.01816458185188961 -0.0014840294462511257 -0.038565865946490731 0.038134225964874285 0.0083279615715769646
leaf_weight=61.055731520056725 176.21614056825638 192.46133980154991 94.113203555345535 83.050325661897659 6.1831320226192465 6.2313061356544486 8.3026094138622302 59.119081348180771 7.9987319558858863 6.262981653213501 7.0640655159950256 10.971983149647711 34.2978285998106 18.187544479966164 43.536875754594803 5.1933677792549116 3.8469632863998404 9.745380222797392 37.019189447164536 20.825729474425316 8.0369316190481168 55.510527968406677 42.499545887112617 9.6043980419635755 47.775617212057114 87.114040583372116 13.439912974834444 5.4997453391551954 18.541508868336678 39.603723511099815
leaf_count=167 1002 546 535 247 18 17 25 318 22 31 38 61 113 94 220 15 13 30 158 104 36 181 169 40 209 325 53 19 90 167
internal_value=1.07008e-07 -0.0118417 0.00159685 0.00790288 -0.00101357 0.0672977 -0.0148217 0.0250195 -0.0432338 -0.0641602 -0.0664667 0.00299513 0.0118511 0.000381065 0.0396209 0.00637345 0.0681011 0.0191013 -0.004463 0.0259847 -0.0195382 -0.00851131 -0.0230325 -0.0374259 0.000578935 -0.0075713 -0.0297451 0.0116972 0.00730259 -0.00428151
internal_weight=1219.31 1036.86 832.143 759.325 661.365 182.447 432.15 229.215 115.461 72.8185 204.719 32.4106 170.096 120.376 49.72 12.2574 97.9602 86.0782 316.689 37.1653 16.3395 279.523 107.614 65.1149 171.909 124.133 21.4386 11.7627 67.8906 49.3491
internal_count=5063 4044 3445 3228 2680 1019 1630 1050 383 217 599 136 732 494 238 53 548 381 1247 165 61 1082 390 221 692 483 75 50 287 197
is_linear=0
shrinkage=0.05


Tree=7
num_leaves=31
num_cat=0
split_feature=1 0 7 1 3 0 2 7 3 7 6 7 2 2 2 1 2 1 3 4 3 1 2 2 3 5 3 3 6 6
split_gain=357.343 280.471 126.88 150.13 86.3702 51.0826 46.7989 42.1224 35.3676 50.4412 30.29 25.525 19.9333 41.7605 34.2808 17.9255 17.5597 16.2072 14.1263 21.9079 14.2936 13.6817 12.291 21.3239 13.2125 12.4692 10.5299 15.367 10.7684 14.186
threshold=-0.14119666540033413 0.97532326449953566 -0.746739860539262 -0.46382645497508307 0.37211296495835683 1.6995613547709489 -0.42513718670068118 0.39413825905448446 -0.57370105423428386 1.6360648057523108 -0.33245463629139843 0.91767364430924314 0.28428102731122423 0.97646373688526711 -0.61600749130640986 -0.46265158438555704 0.12335412001622294 -0.31211158294526803 -1.0676396928124032 -0.52191153242409583 -0.90243466327238975 -0.45634681619537071 -0.21640051345653846 1.2102221417103725 0.33172614179636356 0.16650340050263726 -0.41123926640203518 0.20599354691628194 -0.36645276155110179 -0.31283735861622719
decision_type=2 2 2 2 2 2 2 2 2 2 2 2 2 2 2 2 2 2 2 2 2 2 2 2 2 2 2 2 2 2
left_child=1 2 10 16 6 -2 8 12 -5 -10 -1 -3 14 -14 -6 -13 -4 -15 19 21 -20 -8 -22 26 25 -25 28 -28 -24 -30
right_child=5 11 3 4 7 -7 18 -9 9 -11 -12 15 13 17 -16 -17 -18 -19 20 -21 22 -23 23 24 -26 -27 27 -29 29 -31
leaf_value=-0.071577558651727657 0.070200176384550353 -0.068828089167402615 0.07181268436576696 -0.064335758459710179 -0.0732921894981097 -0.077080856517430393 -0.063709573188920662 0.060039992796335165 -0.042990850087588156 0.070438421594883421 0.050233238062532118 0.058293822334136838 -0.049384789055567785 0.060283274475320808 0.052366784522814486 -0.065002335437226846 -0.0112416505613197 0.0067130495345431255 -0.073345119261092898 0.058852541875423936 0.017585976614383925 0.027899874582584146 -0.035389168794099743 -0.0070363285669875521 -0.048714003389837314 0.034011992221524116 -0.03813971195586869 0.0045736928672471325 0.070616199014482448 -0.043487257722207205
leaf_weight=65.926323041319847 172.93060244619846 188.97694206237793 89.367698729038239 68.433528184890747 6.1736002415418616 6.0948444306850424 8.277132987976076 59.631082206964493 31.311505556106567 14.266912311315535 5.5317091345787039 6.9696900844573975 31.576393991708755 17.851468995213509 44.912930577993393 5.1086420118808729 6.8519654572010031 67.525361850857735 8.1478386670351011 20.744049668312073 45.461064383387566 8.0293155163526517 8.2198861241340655 33.127913683652878 8.848145127296446 41.900428906083107 93.142082408070564 27.208372294902802 9.3826835006475431 3.8382833003997794
leaf_count=190 1002 546 522 201 18 17 25 324 103 79 27 38 102 93 227 15 26 286 24 104 194 36 29 129 29 191 315 110 48 13
internal_value=4.08699e-08 -0.011366 0.00152938 0.00756237 -0.000967987 0.0651861 -0.014144 0.0239371 -0.0416087 -0.00748533 -0.0621479 -0.0643241 0.0111255 -0.000256064 0.0371814 0.00614457 0.0658982 0.0179141 -0.00424505 0.0247642 -0.00809358 -0.018601 -0.00613267 -0.0109108 0.00907274 0.0158876 -0.0227321 -0.0284832 0.0095499 0.0374899
internal_weight=1205.77 1026.74 825.688 754.23 658.01 179.025 430.339 227.671 114.012 45.5784 71.458 201.055 168.04 116.953 51.0865 12.0783 96.2197 85.3768 316.327 37.0505 279.277 16.3064 271.129 225.668 83.8765 75.0283 141.791 120.35 21.4409 13.221
internal_count=5063 4044 3445 3228 2680 1019 1630 1050 383 182 217 599 726 481 245 53 548 379 1247 165 1082 61 1058 864 349 320 515 425 90 61
is_linear=0
shrinkage=0.05


Tree=8
num_leaves=31
num_cat=0
split_feature=1 0 7 1 3 4 4 2 0 1 2 7 5 4 6 7 7 3 1 2 0 0 1 3 2 5 2 3 2 2
split_gain=329.206 262.546 117.411 137.522 81.2483 50.3307 61.6682 46.2014 41.6747 29.1772 24.0485 23.65 22.5498 29.4344 20.1314 29.4969 16.6367 24.8224 16.4553 16.4336 15.9835 12.6059 10.8794 15.4284 10.876 10.6956 9.65423 10.6021 9.60665 9.50911
threshold=-0.13864725884967002 0.97532326449953566 -0.746739860539262 -0.46382645497508307 0.13192560931808389 -0.24578499939545764 -0.15374285239996058 -0.42513718670068118 1.6995613547709489 -0.45054768402603013 -0.76720904743073381 0.91767364430924314 0.71227642097364385 -0.33782723843310175 -0.38933618469065034 1.6090877068136946 0.16525486059244152 -0.24923470330144984 -0.46265158438555704 0.12335412001622294 -1.0473081786632019 -1.309402340048617 -0.2051559451677101 1.4790172959123693 1.1956225056939336 0.71227642097364385 -0.025406093586937156 0.21292240435448043 0.029892683561627432 -0.83663582259302116
decision_type=2 2 2 2 2 2 2 2 2 2 2 2 2 2 2 2 2 2 2 2 2 2 2 2 2 2 2 2 2 2
left_child=1 2 9 19 7 12 -7 14 -2 -1 -8 -3 13 20 -5 -16 17 -9 -13 -4 -6 -12 23 25 28 26 27 -23 -19 -17
right_child=8 11 3 4 5 6 10 16 -10 -11 21 18 -14 -15 15 29 -18 24 -20 -21 -22 22 -24 -25 -26 -27 -28 -29 -30 -31
leaf_value=-0.074646813076724494 0.068297175831070533 -0.066809966564070761 0.069740514792190234 -0.068612924064868158 0.063911852877921546 -0.090697957547577632 -0.063976781468636931 0.021610773658020929 -0.074920352626076478 0.01189475036304734 0.059985627671949177 0.056214098331271167 0.069932373071917867 0.08526988502122812 -0.046543538047741598 0.077273961922033729 -0.030677347628184495 -0.010567944652262462 -0.06289620503602987 -0.01068406121492 0.0014034129102692017 -0.02993884059765281 0.044435839970246034 -0.046936182927401759 0.011440203974565065 0.044701305281666957 -0.0039749001004918899 0.049829147346013847 -0.04888416546680386 -0.019679369997636503
leaf_weight=58.411988034844398 166.9703041613102 186.34262380003929 87.47001950442791 51.856733500957489 12.342758059501646 16.850017130374908 10.565961211919783 80.830212622880936 5.2388709783554068 11.688313513994215 13.571234866976736 6.8687424659729004 43.755057662725449 16.999257266521454 33.92550353705883 7.8239876627922058 52.830449059605598 38.310824796557426 5.018029183149336 6.849157601594924 59.650409191846848 5.3639807254076031 19.834100469946861 13.033743456006048 25.51824127137661 19.073101222515106 83.378250792622566 18.644926771521568 28.548952683806419 3.7369777113199216
leaf_count=167 989 549 522 150 65 44 32 360 15 50 71 38 251 97 109 43 183 145 15 26 246 19 99 44 108 94 334 92 91 15
internal_value=4.04275e-07 -0.0108043 0.00166705 0.00744529 -0.00066627 0.0166667 0.000844035 -0.0185181 0.0639403 -0.0602171 0.00925153 -0.0624481 0.040543 0.0260931 -0.0473172 -0.023039 -0.00611585 0.00137568 0.0059314 0.0639003 0.0121201 0.0137266 0.0097863 0.00485962 -0.0163299 0.010198 0.00406985 0.0320077 -0.0269289 0.0459347
internal_weight=1191.3 1019.09 820.864 750.764 656.445 333.063 200.315 323.382 172.209 70.1003 183.465 198.229 132.747 88.9924 97.3432 45.4865 226.039 173.208 11.8868 94.3192 71.9932 172.899 159.328 139.494 92.378 126.46 107.387 24.0089 66.8598 11.561
internal_count=5063 4059 3457 3240 2692 1488 829 1204 1004 217 785 602 659 408 317 167 887 704 53 548 311 753 682 583 344 539 445 111 236 58
is_linear=0
shrinkage=0.05


Tree=9
num_leaves=31
num_cat=0
split_feature=1 0 5 1 3 2 2 6 2 0 3 2 4 7 2 3 7 1 7 7 5 2 0 7 2 3 5 1 4 7
split_gain=304.17 247.355 109.232 115.106 78.2464 39.3311 37.3213 33.6417 32.3226 31.8576 29.9952 29.8657 22.5488 21.696 21.4398 17.9261 23.1446 15.1234 14.9056 13.9552 13.6078 12.9998 12.6144 12.2351 11.7458 12.0489 11.3586 12.6792 11.0283 10.2945
threshold=-0.12002589945162721 0.97532326449953566 -0.77662554651860782 -0.46382645497508307 0.37211296495835683 -0.42513718670068118 0.20969313362491748 -0.33245463629139843 0.97646373688526711 1.6995613547709489 -0.09789653282765988 0.97646373688526711 0.85872076455050717 0.91767364430924314 -1.2032602308913283 -1.0676396928124032 1.0762968083004807 -0.46265158438555704 1.0762968083004807 -0.29493470303753422 -0.015559208253519061 0.060977280610365857 -0.41939926974169667 -0.15974976526844467 1.1750349452891977 0.93265198423345463 0.33513246745313591 -0.27582429511803336 -0.15374285239996058 0.041367093418231436
decision_type=2 2 2 2 2 2 2 2 2 2 2 2 2 2 2 2 2 2 2 2 2 2 2 2 2 2 2 2 2 2
left_child=1 2 7 11 5 10 12 -1 18 -2 -5 -4 -6 -3 -12 16 21 -15 -8 -10 -14 -7 -16 -17 28 29 27 -25 -21 -26
right_child=9 13 3 4 6 15 8 -9 19 -11 14 -13 20 17 22 23 -18 -19 -20 24 -22 -23 -24 26 25 -27 -28 -29 -30 -31
leaf_value=-0.064768691872202841 0.068405525332035977 -0.064515714574882393 0.067175957356519767 -0.052956228920760753 0.061022418141375871 0.012216777916531724 -0.039864055260596762 0.062466927502025177 0.0039925600891862773 -0.073121533225146182 -0.053765943074950452 -0.049183308195268401 0.028016977421397762 0.054262961756549245 -0.014202300818772063 0.00068566496291597753 -0.043079470891794695 -0.060937193113180625 0.042417796972337052 -0.051707484873146414 -0.079620261269883807 0.084844165151346518 0.075372538884384707 -0.043091415166383124 0.064351993187089937 0.071389511942490144 -0.0008565328874183941 0.022105249725765375 0.048648091428149964 -0.014643524022652092
leaf_weight=69.772302195429802 153.13800668716431 185.0904233455658 87.345720022916794 83.080515176057816 71.832233011722565 10.557991147041323 37.091981917619705 5.6131333857774726 49.008812248706818 4.0822463035583487 8.9422762989997882 5.886174649000167 8.0274653881788236 6.7626480460166931 6.2590506076812771 171.34569019079208 7.9708919376134864 4.9228080809116346 6.4630853235721579 5.9935174286365509 4.6298447996377936 14.795603320002554 10.564129546284674 55.080793559551239 7.0642891526222256 28.663838684558868 42.360520139336586 8.6250365674495679 5.0393392741680128 9.9093505740165693
leaf_count=216 932 560 528 263 399 46 127 29 209 12 30 19 39 38 25 693 26 15 35 20 13 81 59 181 38 158 169 37 25 41
internal_value=3.46504e-07 -0.00998977 0.0020655 0.00785775 0.000440954 -0.0124738 0.0236256 -0.0552948 0.00859199 0.0647308 -0.0383392 0.0598296 0.0501796 -0.0603441 0.00879326 -0.00341358 0.031236 0.00573184 -0.0276543 0.0235307 -0.011355 0.0546 0.0420463 -0.00757591 0.0404274 0.0516197 -0.0209221 -0.0342645 -0.00586933 0.0182338
internal_weight=1175.92 1018.7 821.924 746.538 653.306 419.582 233.724 75.3854 149.234 157.22 108.846 93.2319 84.4895 196.776 25.7655 310.737 33.3245 11.6855 43.5551 105.679 12.6573 25.3536 16.8232 277.412 56.6703 45.6375 106.066 63.7058 11.0329 16.9736
internal_count=5063 4119 3506 3261 2714 1610 1104 245 653 944 377 547 451 613 114 1233 153 53 162 491 52 127 84 1080 282 237 387 218 45 79
is_linear=0
shrinkage=0.05


Tree=10
num_leaves=31
num_cat=0
split_feature=1 0 5 1 3 2 2 2 3 7 0 2 4 6 7 7 3 0 1 7 4 4 4 5 4 4 2 3 4 7
split_gain=281.152 228.83 100.311 99.6417 73.1535 39.9894 35.2634 34.3982 31.3245 40.9701 29.5066 29.3281 20.7839 20.6703 20.1037 14.2838 15.9919 14.2086 13.9135 12.8018 12.5109 29.8264 13.5275 12.3574 12.2271 10.9514 10.7656 11.1923 9.9838 9.75268
threshold=-0.12002589945162721 0.97532326449953566 -0.97481373065111521 -0.46382645497508307 0.37211296495835683 -0.56769956538561817 0.97646373688526711 0.20969313362491748 -0.84177820408703419 1.6360648057523108 1.6995613547709489 0.97646373688526711 0.85872076455050717 -0.39547483062184702 0.91767364430924314 0.39413825905448446 -0.24923470330144984 -0.42448128185728012 -0.46265158438555704 -0.29493470303753422 0.85872076455050717 0.76667852551286308 0.95076291154600423 -0.015559208253519061 1.2268893525324958 -0.24578499939545764 1.1750349452891977 0.93265198423345463 -0.15374285239996058 -0.67389352677565262
decision_type=2 2 2 2 2 2 2 2 2 2 2 2 2 2 2 2 2 2 2 2 2 2 2 2 2 2 2 2 2 2
left_child=1 2 13 6 5 8 -4 12 -5 -10 -2 17 -6 -1 -3 16 -7 -9 -16 -13 21 29 -22 -14 -24 -19 28 -28 -21 -18
right_child=10 14 3 4 7 15 -8 11 9 -11 -12 19 23 -15 18 -17 20 25 -20 26 22 -23 24 -25 -26 -27 27 -29 -30 -31
leaf_value=-0.072512455015745825 0.066629038036975299 -0.062696807491776613 0.063566075671520172 -0.066146384311857973 0.058877048433135126 0.017438248011304378 -0.05177956781651858 -0.046557506644168835 -0.04802688650223591 0.061574108931691941 -0.071491187764317524 0.0037939761312277675 0.026749938765102628 0.015128683520707155 0.052424338744642855 -0.025135909155185106 -0.071723514589744561 0.051837195715167442 -0.059105801710005137 -0.049221448867174535 -0.090391092653857003 0.093892941890048653 0.025535217105098387 -0.076113387713556344 -0.040471653230593603 -0.036503108939272812 0.017394913775775747 0.068823278817905162 0.046415884299241393 -0.0038275275881278015
leaf_weight=51.001833662390709 149.45359539985657 181.04024991393089 87.548490196466446 53.621395498514175 70.75465589761734 93.615181460976601 7.1687185764312735 28.979313924908638 22.162375792860985 13.858479142189024 3.9694333076477042 48.995662838220596 7.9883230775594711 7.7500894069671622 6.6526514887809753 66.631445452570915 5.5190827995538703 8.2505177259445173 4.8240926861762983 5.9816998094320297 8.1333871483802778 7.8102066963911048 10.637133210897447 4.6016796529293043 20.608865201473236 6.1036065667867652 16.910481527447701 28.256304860115051 5.0181362330913526 126.88493329286575
leaf_count=153 932 560 538 160 399 412 23 97 72 77 12 209 39 34 38 238 16 44 15 20 21 43 47 13 69 21 79 158 25 499
internal_value=1.82731e-06 -0.00960187 0.00198206 0.00687263 3.12503e-06 -0.0122149 0.0548361 0.022637 -0.0419214 -0.00585956 0.0630555 0.00820837 0.0483446 -0.0609515 -0.0586287 -0.00437905 0.000683233 -0.0264074 0.00554417 0.0224722 -0.00805051 -0.00105681 -0.0329522 -0.0108469 -0.0180008 0.0142735 0.0387657 0.0495685 -0.0055916 -0.00665768
internal_weight=1160.73 1007.31 814.792 756.04 661.323 429.482 94.7172 231.84 89.6423 36.0209 153.423 148.496 83.3447 58.7519 192.517 339.84 273.209 43.3334 11.4767 105.162 179.594 140.214 39.3794 12.59 31.246 14.3541 56.1666 45.1668 10.9998 132.404
internal_count=5063 4119 3506 3319 2758 1654 561 1104 309 149 944 653 451 187 613 1345 1107 162 53 491 695 558 137 52 116 65 282 237 45 515
is_linear=0
shrinkage=0.05


Tree=11
num_leaves=31
num_cat=0
split_feature=1 0 7 1 3 4 4 0 2 1 2 5 4 7 6 7 1 2 0 1 7 4 4 6 0 4 3 6 1 1
split_gain=260.306 205.326 92.6314 110.796 60.8999 43.2705 54.1165 37.5971 36.3945 25.5593 20.2542 19.804 26.76 18.8274 17.5222 24.9757 14.5196 14.1051 13.7 12.8115 12.2434 12.0288 11.866 14.5651 11.6408 10.6596 11.6979 11.9509 9.99858 9.53374
threshold=-0.14119666540033413 0.97532326449953566 -0.746739860539262 -0.46382645497508307 0.13192560931808389 -0.24578499939545764 -0.15374285239996058 1.6995613547709489 -0.42513718670068118 -0.45054768402603013 -0.76720904743073381 0.71227642097364385 -0.33782723843310175 0.91767364430924314 -0.38933618469065034 1.6090877068136946 -0.39043945449167144 0.12335412001622294 -1.1004659755671204 -0.46265158438555704 -0.2166167276123086 0.85872076455050717 0.39851002957302184 -0.28223374372548204 -1.3733166400609285 -0.52191153242409583 -1.0676396928124032 -0.36788234654004864 -0.46139035719728066 -0.45742541260561659
decision_type=2 2 2 2 2 2 2 2 2 2 2 2 2 2 2 2 2 2 2 2 2 2 2 2 2 2 2 2 2 2
left_child=1 2 9 17 8 11 -7 -2 14 -1 -8 12 18 -3 28 -16 25 -4 -6 -15 21 22 23 -18 -12 29 -27 -28 -5 -10
right_child=7 13 3 4 5 6 10 -9 16 -11 24 -13 -14 19 15 -17 20 -19 -20 -21 -22 -23 -24 -25 -26 26 27 -29 -30 -31
leaf_value=-0.06999883802098264 0.062876274720631717 -0.061348854414669043 0.064664141998338698 -0.0049411710179681195 0.063759266734204442 -0.086994069550276221 -0.060653770316455413 -0.070259416123700041 -0.067930311305293076 0.011772736403928771 0.062040872713317145 0.065379160541056969 0.081203599273135571 0.050684656323773142 -0.041993232828038927 0.043908270631718677 0.01293121806279857 -0.010279481599758772 0.0010249649225298597 -0.057385554348645888 -0.035296369678577959 -0.036199397381441491 0.040476209793360321 -0.041606239190053844 0.0083071052544305274 0.053813848262527157 -0.027244081706255092 0.031517707913529917 -0.072026431210358496 0.0024661730563923026
leaf_weight=54.155670449137688 158.02796094119549 173.15234836935997 81.52555675804615 6.3877821564674369 10.167823687195776 16.50892299413681 10.252835899591444 5.4869236648082724 6.4518408328294781 11.6037370711565 10.761271700263022 41.512570738792419 16.267148554325104 6.5398353934288025 32.829579368233681 11.399926543235777 34.711999207735062 6.8022366464138022 60.393010199069977 4.7228541374206525 49.106119781732559 22.752462431788445 18.142467170953751 18.912291988730431 159.0314182639122 20.389276921749115 15.182370156049727 20.118703529238701 42.564172238111496 18.894112065434456
leaf_count=167 1002 546 522 25 55 44 32 17 19 50 59 251 96 38 109 58 147 26 252 15 166 78 85 63 687 104 55 93 125 77
internal_value=1.77965e-06 -0.00973122 0.00127203 0.00638494 -0.000830886 0.014392 -0.000352687 0.0584088 -0.0163915 -0.0555696 0.00759173 0.0369735 0.0233927 -0.0572744 -0.0426628 -0.0198526 -0.00549513 0.0588926 0.010065 0.0053669 -0.015043 -0.00452065 0.00552258 -0.00630313 0.0117127 0.0114271 0.023661 0.0062453 -0.0632724 -0.0154533
internal_weight=1144.76 981.24 796.825 731.066 642.738 324.895 196.554 163.515 317.843 65.7594 180.046 128.341 86.828 184.415 93.1815 44.2295 224.662 88.3278 70.5608 11.2627 143.625 94.5192 71.7668 53.6243 169.793 81.0363 55.6904 35.3011 48.952 25.346
internal_count=5063 4044 3445 3228 2680 1476 822 1019 1204 217 778 654 403 599 317 167 887 548 307 53 539 373 295 210 746 348 252 148 150 96
is_linear=0
shrinkage=0.05


Tree=12
num_leaves=31
num_cat=0
split_feature=1 0 5 3 3 1 2 6 2 0 4 4 4 2 2 7 7 4 4 0 5 1 4 4 4 2 1 4 4 4
split_gain=241.936 200.255 87.7143 91.7812 65.151 34.1586 30.951 29.1858 27.2033 21.5612 18.673 54.5256 35.0765 21.8473 17.7266 17.3914 16.84 16.1959 14.7907 12.5929 12.4521 11.8126 13.7727 31.2917 14.9675 12.7721 11.8057 10.9335 32.289 28.3138
threshold=-0.11214803188208297 0.97532326449953566 -0.77662554651860782 -1.2294918527492065 0.37211296495835683 -0.45634681619537071 0.20969313362491748 -0.33245463629139843 0.97646373688526711 1.6995613547709489 -0.24578499939545764 -0.33782723843310175 -0.15374285239996058 -0.95748388192256695 0.97646373688526711 0.91767364430924314 0.42672311014381181 0.85872076455050717 -0.52191153242409583 -0.42448128185728012 -0.015559208253519061 -0.39043945449167144 0.85872076455050717 0.76667852551286308 0.95076291154600423 1.0727721792862168 -0.46265158438555704 0.30646788257752478 0.21442564353988061 0.39851002957302184
decision_type=2 2 2 2 2 2 2 2 2 2 2 2 2 2 2 2 2 2 2 2 2 2 2 2 2 2 2 2 2 2
left_child=1 2 7 14 5 18 17 -1 19 -2 11 -7 -12 -14 -4 -3 21 -6 -5 -8 -19 25 23 27 -24 -15 -17 28 -23 -29
right_child=9 15 3 4 6 10 8 -9 -10 -11 12 -13 13 16 -16 26 -18 20 -20 -21 -22 22 24 -25 -26 -27 -28 29 -30 -31
leaf_value=-0.060378885578404443 0.064419978627537969 -0.059505021761637383 0.059221223469265588 -0.069232063672904867 0.055268576138189196 -0.0034928527817813652 -0.044797081498924106 0.059131178426654898 0.021440855200696177 -0.068650861270109206 -0.087797405733770109 0.096559604500729368 -0.073113543833379674 0.0031145776376615675 -0.024891623757177486 0.049032397144450152 -0.049786285852826066 0.029875831840612217 0.0045136112924902541 0.012868172035394525 -0.072116324814936864 -0.008413530801373614 -0.086889888785683503 0.090206374145870807 -0.01593245299276555 0.064436555982355648 -0.055762485715406873 -0.09517310877147736 0.098058638416440858 -0.0022760629416220621
leaf_weight=65.33159476518631 137.09240460395813 173.8263523876667 87.722240924835205 33.601347029209137 70.780592158436775 112.14736232161522 28.751119494438171 5.5419613271951667 105.27841073274612 3.1131410598754874 15.496793627738951 15.499017581343649 12.896994411945341 25.783718973398209 6.7454978525638571 6.4251412153244019 19.891029119491577 8.802619740366934 8.5239450186490995 14.115838363766668 4.5340296775102606 42.36357980966568 9.5136248767375928 9.1763748526573163 33.962215036153793 12.660669535398482 4.6199348866939527 10.745642662048338 8.5593920648097974 34.654293820261955
leaf_count=216 902 565 556 101 412 454 97 29 499 10 41 87 38 109 25 38 64 45 36 65 13 164 25 51 127 66 15 28 47 138
internal_value=1.23729e-06 -0.00872146 0.00207918 0.00722022 0.000407032 -0.0116883 0.0215226 -0.0510338 0.00776898 0.0614653 -0.0067469 0.00865567 -0.0150882 -0.0099714 0.0532151 -0.0556393 -0.00604327 0.0457451 -0.0543098 -0.0258083 -0.0047982 -0.00140078 -0.00777746 0.00198192 -0.0314598 0.0233094 0.00519879 -0.00642294 0.00948285 -0.0242637
internal_weight=1128.16 987.951 803.08 732.206 637.739 405.476 232.263 70.8736 148.145 140.206 363.351 127.646 235.704 220.208 94.4677 184.871 207.311 84.1172 42.1253 42.867 13.3366 187.42 148.975 105.499 43.4758 38.4444 11.0451 96.3229 50.923 45.3999
internal_count=5063 4151 3533 3288 2707 1576 1131 245 661 912 1439 541 898 857 581 618 819 470 137 162 58 755 580 428 152 175 53 377 211 166
is_linear=0
shrinkage=0.05


Tree=13
num_leaves=31
num_cat=0
split_feature=1 0 5 1 3 2 7 7 3 7 1 1 0 6 7 7 1 2 2 4 4 4 4 1 2 3 3 3 2 1
split_gain=224.5 185.783 80.7968 79.0838 58.923 32.9275 32.9104 31.9101 27.8925 34.1532 21.7062 22.503 20.0522 18.2263 16.1697 13.1623 13.0329 12.7456 18.3564 11.8465 30.0931 16.19 15.0075 10.8856 9.70952 9.64671 9.56047 13.6388 14.3795 9.00501
threshold=-0.11214803188208297 0.97532326449953566 -0.97481373065111521 -0.46382645497508307 0.39314461680063068 -0.56769956538561817 0.33517519517855848 -0.61865989030092794 -0.84177820408703419 1.6360648057523108 -0.21812508244155474 -0.31211158294526803 1.6995613547709489 -0.39547483062184702 0.91767364430924314 0.39413825905448446 -0.40954018576513695 1.5365115432400682 0.28428102731122423 0.85872076455050717 0.76667852551286308 0.95076291154600423 1.2268893525324958 -0.46265158438555704 0.12335412001622294 0.60361343170493675 1.8328972898117075 0.99818523797762937 1.3504548344195155 -0.30052573773206609
decision_type=2 2 2 2 2 2 2 2 2 2 2 2 2 2 2 2 2 2 2 2 2 2 2 2 2 2 2 2 2 2
left_child=1 2 13 7 5 8 10 -4 -5 -10 11 -6 -2 -1 -3 16 -7 18 -13 20 -18 -21 -23 -16 -9 -19 27 28 -12 -24
right_child=12 14 3 4 6 15 -8 24 9 -11 26 17 -14 -15 23 -17 19 25 -20 21 -22 22 29 -25 -26 -27 -28 -29 -30 -31
leaf_value=-0.068463526402727515 0.062997955896226407 -0.057989788203596286 -0.039794951557956718 -0.062005660857499992 0.037778672166927763 0.026672591916935093 0.053508747141857584 0.065685882730715642 -0.043595413160492182 0.057643066332918637 0.031016433582779369 0.016010203638406977 -0.067413427487073171 0.014595712006083556 0.047457727656957528 -0.023607562529928988 -0.0025584739495277476 -0.023025851561730017 -0.040615279582948027 -0.085895368950405143 0.086125734756639594 0.026685063914083512 -0.058290132932242646 -0.054224654063620918 -0.00044360157171865843 0.056996082148460227 -0.033460628256211808 0.064931444584324496 -0.076457320477217802 0.0078565294777161992
leaf_weight=46.834575057029724 133.2746724486351 169.55879086256027 8.7707491368055326 50.642459154129028 26.153710037469864 42.415505945682526 58.015233635902405 73.554890602827072 21.269212156534195 13.694480910897253 17.553778693079952 20.074111744761467 3.0142778158187857 7.6892081648111335 6.309384286403656 66.479609772562981 176.31399522721767 6.2224400639533988 49.861283272504807 9.0388793647289258 10.114387378096579 15.433057740330694 15.837519362568854 4.5160652697086316 6.00376272201538 9.5408508926630002 4.5684864819049826 28.230725899338722 3.7830002307891837 7.6212497204542187
leaf_count=153 902 565 36 160 133 198 345 501 72 78 92 94 10 34 38 240 705 23 169 24 57 69 49 15 24 52 17 165 12 31
internal_value=8.55223e-07 -0.00839245 0.00199349 0.0063148 0.000307355 -0.0105487 0.0210915 0.0507172 -0.0382913 -0.00394261 0.00976118 -0.00281776 0.0601137 -0.0567501 -0.0542072 -0.00362978 0.00116877 -0.0152071 -0.0243616 -0.00344704 0.00225295 -0.0256174 -0.0116082 0.00503877 0.0606955 0.025408 0.035751 0.04213 0.0119614 -0.0368005
internal_weight=1112.39 976.101 795.717 741.193 652.864 428.86 224.004 88.3294 85.6062 34.9637 165.988 111.852 136.289 54.5238 180.384 343.254 276.775 85.6987 69.9354 234.359 186.428 47.9307 38.8918 10.8254 79.5587 15.7633 54.136 49.5675 21.3368 23.4588
internal_count=5063 4151 3533 3346 2785 1683 1102 561 310 150 757 471 912 187 618 1373 1133 338 263 935 762 173 149 53 525 75 286 269 104 80
is_linear=0
shrinkage=0.05


Tree=14
num_leaves=31
num_cat=0
split_feature=1 0 7 1 3 0 4 4 2 6 5 4 2 3 7 7 7 3 2 0 0 1 4 4 4 1 2 2 7 4
split_gain=208.589 161.074 74.0162 89.7161 44.0879 39.5933 36.8354 47.3752 31.138 23.7209 18.5199 24.5613 16.9395 15.731 27.0662 15.2294 14.3321 16.2176 13.8334 12.0756 10.4357 10.0426 7.70454 29.4843 19.1473 15.3183 14.0268 10.7619 12.5031 9.82128
threshold=-0.15282190267858006 0.97532326449953566 -0.75683925883010617 -0.46382645497508307 0.13192560931808389 1.6995613547709489 -0.24578499939545764 -0.15374285239996058 -0.56769956538561817 -0.33245463629139843 0.71227642097364385 -0.33782723843310175 -0.76720904743073381 -0.84177820408703419 1.2464621417669686 0.91767364430924314 0.16525486059244152 -0.16922304231574192 0.12335412001622294 -1.0473081786632019 -1.309402340048617 -0.46265158438555704 0.85872076455050717 0.76667852551286308 0.95076291154600423 -0.21490634580112489 0.014315415679642318 0.97646373688526711 -0.31554183108650741 1.2268893525324958
decision_type=2 2 2 2 2 2 2 2 2 2 2 2 2 2 2 2 2 2 2 2 2 2 2 2 2 2 2 2 2 2
left_child=1 2 9 18 8 -2 10 -8 13 -1 11 19 -9 -5 -15 -3 17 -10 -4 -6 -14 -17 23 25 -24 26 -22 -28 -29 -26
right_child=5 15 3 4 6 -7 7 12 16 -11 -12 -13 20 14 -16 21 -18 -19 -20 -21 22 -23 24 -25 29 -27 27 28 -30 -31
leaf_value=-0.062256530909401614 0.058561687944937726 -0.057004483337320777 0.060615226221688502 -0.059858714999471201 0.056125408714460562 -0.067022109186792453 -0.083825857299908491 -0.057742937283930651 0.015182649224106171 0.053433898801807635 0.061754005003023617 0.077378577954259203 0.053330586344274268 -0.053261248304505654 0.058003554540664706 0.045952249537561905 -0.027054085532715919 -0.014766030073243031 -0.01254895009724908 -0.0017579872312356679 0.03612872878137547 -0.052761818282799668 -0.094113701910900321 0.08542340049913183 0.031061352116152241 0.054687475198379847 -0.044094894971888669 -0.024266924404497958 0.025966170929001421 -0.022826373040506328
leaf_weight=54.527254968881607 150.54463817179203 158.41795700788498 75.283731907606125 48.032083347439766 10.68006221950054 6.5492061972618094 16.067959636449814 9.8812516182661039 96.080535039305687 4.8226096034049979 39.238393560051918 15.299783766269682 12.629277139902113 13.898136705160143 9.0086497664451581 6.1932682991027832 60.242599159479141 85.365637138485909 7.067063331604003 57.632955297827721 17.693235158920288 4.4118750691413862 6.129943221807479 12.416398867964743 15.613036602735518 12.889338344335554 20.573763221502304 26.87527455389499 22.978653237223632 18.443322569131851
leaf_count=185 1027 539 522 156 58 22 44 32 425 25 251 94 69 45 49 38 213 320 27 240 88 15 16 71 74 69 69 100 109 71
internal_value=1.8496e-06 -0.00892501 0.000784456 0.00526819 -0.00116961 0.0533261 0.012031 -0.00163816 -0.0144722 -0.0528558 0.0334153 0.0201163 0.00585992 -0.0435986 -0.00950366 -0.0531212 -0.00592317 0.00109259 0.0543365 0.00729151 0.00964041 0.00488594 0.00604842 0.0127136 -0.0127641 0.00377594 -0.00367082 -0.0136695 -0.00111351 0.00187829
internal_weight=1095.49 938.394 769.371 710.021 627.67 157.094 315.043 192.191 312.628 59.3499 122.851 83.6128 176.123 70.9389 22.9068 169.023 241.689 181.446 82.3508 68.313 166.242 10.6051 153.613 113.427 40.1863 101.01 88.1209 70.4277 49.8539 34.0564
internal_count=5063 4014 3422 3212 2663 1049 1455 812 1208 210 643 392 768 250 94 592 958 745 549 298 736 53 667 506 161 435 366 278 209 145
is_linear=0
shrinkage=0.05


Tree=15
num_leaves=31
num_cat=0
split_feature=1 0 5 3 3 7 1 6 1 0 4 4 4 2 7 2 7 4 1 2 2 2 5 4 4 4 4 4 4 1
split_gain=194.672 160.731 70.2604 75.4139 50.3787 29.3168 28.4312 24.6594 19.1222 17.4042 16.6512 49.2502 32.5439 18.6812 15.6267 14.902 14.0692 13.9139 13.8158 14.4258 22.656 20.099 11.0872 10.4845 38.9077 34.4367 11.3849 25.988 24.674 13.452
threshold=-0.11214803188208297 0.97532326449953566 -0.77662554651860782 -1.2294918527492065 0.39314461680063068 0.33517519517855848 -0.45634681619537071 -0.33245463629139843 -0.16476161752012378 1.6995613547709489 -0.24578499939545764 -0.33782723843310175 -0.15374285239996058 -0.95748388192256695 0.42672311014381181 0.97646373688526711 0.91767364430924314 -0.52191153242409583 -0.34927018088974965 0.28428102731122423 -0.52007271607631356 0.97646373688526711 -0.093497153620987011 0.30646788257752478 0.39851002957302184 0.21442564353988061 0.85872076455050717 0.76667852551286308 0.95076291154600423 -0.39768386775305642
decision_type=2 2 2 2 2 2 2 2 2 2 2 2 2 2 2 2 2 2 2 2 2 2 2 2 2 2 2 2 2 2
left_child=1 2 7 15 6 8 17 -1 18 -2 11 -8 -12 -14 23 -4 -3 -5 -6 20 -20 -21 -23 25 -25 -15 27 -26 -28 -30
right_child=9 16 3 4 5 -7 10 -9 -10 -11 12 -13 13 14 -16 -17 -18 -19 19 21 -22 22 -24 24 26 -27 28 -29 29 -31
leaf_value=-0.056530205468964381 0.060483618372485198 -0.055305385960055922 0.055635467381991911 -0.065461502197488683 0.067817873473585144 0.050859909871060371 -0.0028360941138301792 0.054758468308933245 0.056338770921501746 -0.065222976699771215 -0.083750054183300351 0.091729779390035487 -0.069377319500428733 -0.0019540497948464476 -0.047333102566771028 -0.022435447353770274 0.0047394978652002158 0.0072468878147365886 -0.059806874994155684 -0.047298156992019946 0.041420508090049143 -0.036927622221051747 0.013057696905363429 -0.091588283895565073 -0.00078139707906404619 0.092521160259226715 -0.084432695691570192 0.08398115897002062 0.053923383745966738 -0.013355570857701183
leaf_weight=60.816396057605743 125.79544317722321 160.9089270979166 81.32208576798439 31.490414917469025 7.7198580354452124 55.921966448426247 111.98905269801617 5.421328753232955 18.807043209671974 2.8150767087936392 15.45715671777725 15.698244467377661 12.004908382892607 51.259281158447266 19.958137452602386 6.6090508103370658 10.385303497314451 8.3179571479558927 6.638738900423049 27.722254127264023 33.021797642111778 13.864416614174841 55.512379080057144 12.850615322589872 45.682144224643707 11.881225958466528 10.601184219121931 11.274657279253004 9.2894098013639432 37.110590711236
leaf_count=216 902 565 556 101 45 345 459 29 118 10 42 90 38 206 65 25 53 36 21 91 178 50 254 34 186 66 29 65 47 141
internal_value=2.25522e-06 -0.007817 0.00183411 0.00641637 0.000308248 0.0196147 -0.010145 -0.0474216 0.0089139 0.0577321 -0.00576953 0.00879011 -0.0136016 -0.0087154 -0.00524606 0.0497675 -0.051665 -0.0502691 0.00274056 -0.000932953 0.0244762 -0.0113114 0.00306852 -0.000823929 -0.009113 0.0158235 0.000187434 0.0159974 -0.0156103 0.000113864
internal_weight=1078.15 949.537 778.242 712.005 624.073 219.208 404.865 66.2377 163.286 128.611 365.057 127.687 237.369 221.912 209.907 87.9311 171.294 39.8084 144.479 136.76 39.6605 97.099 69.3768 189.949 126.809 63.1405 113.958 56.9568 57.0012 46.4
internal_count=5063 4151 3533 3288 2707 1102 1605 245 757 912 1468 549 919 877 839 581 618 137 639 594 199 395 304 774 502 272 468 251 217 188
is_linear=0
shrinkage=0.05


Tree=16
num_leaves=31
num_cat=0
split_feature=1 0 5 1 3 7 7 2 3 7 1 6 0 7 0 7 3 7 0 1 2 2 7 4 1 4 1 1 2 5
split_gain=181.119 149.192 65.1744 64.0616 45.3654 27.8269 27.7069 27.0395 24.4764 27.8006 18.9861 16.7284 16.2316 13.3318 12.828 10.9223 11.1808 13.2088 11.8169 10.9197 11.0025 21.9128 14.1938 13.7766 9.95666 9.47122 9.26842 7.91132 13.7497 9.73989
threshold=-0.11214803188208297 0.97532326449953566 -0.97481373065111521 -0.46382645497508307 0.39314461680063068 -0.61865989030092794 1.4756994275006583 -0.56769956538561817 -0.84177820408703419 1.6360648057523108 -0.16814949846880164 -0.39547483062184702 1.6995613547709489 0.91767364430924314 -1.438978628198343 -0.17091082537422939 -0.16922304231574192 -0.66153469436583257 0.25991769633748146 -0.31910199041229742 0.39403016175515826 0.94770797635424298 0.26012387149161126 0.85872076455050717 -0.46139035719728066 -1.4423330023790664 -0.46265158438555704 -0.26022231985497252 1.2102221417103725 -0.51069789401536447
decision_type=2 2 2 2 2 2 2 2 2 2 2 2 2 2 2 2 2 2 2 2 2 2 2 2 2 2 2 2 2 2
left_child=1 2 11 5 7 -4 10 8 -5 -10 14 -1 -2 -3 -6 16 18 -18 -9 -16 23 -22 -23 -21 -17 -7 -15 28 -19 -29
right_child=12 13 3 4 6 25 -8 15 9 -11 -12 -13 -14 26 19 24 17 27 -20 20 21 22 -24 -25 -26 -27 -28 29 -30 -31
leaf_value=-0.06541566105527083 0.059305529128037354 -0.054001613015543584 -0.038842605959993906 -0.058390500806451619 0.065523639203608472 -0.0068723569298079785 0.065979295983315367 0.026843301232780212 -0.039467440106006876 0.053542113750111732 0.055338155573185978 0.015255293343116358 -0.064261777875187664 0.044360533827859185 0.031720474881860306 0.082079742260997998 -0.059612613414758479 -0.020479429898756646 -0.035507951301720478 0.037317289413824124 -0.053451589704871218 -0.0073606085930481612 0.055804180731272801 -0.034290710832642533 -0.016063233812211364 0.062200395994457126 -0.051489648711643771 -0.0056346576815560984 0.019322880296804946 0.056923767570581998
leaf_weight=42.709565475583076 121.97677212953568 156.66253678500652 8.414471819996832 47.425684615969658 8.6647955328226072 5.3536729365587226 27.259684711694717 65.753332391381264 20.268617436289787 13.309948548674582 22.362104579806328 7.5644854307174674 2.7168148756027213 6.0652700662612915 27.454158589243889 2.6356390714645377 10.088277757167814 62.198146536946297 8.5918810367584211 28.074642449617386 23.840399444103241 59.936872661113739 10.443536162376402 8.8290920704603177 132.54963892698288 67.985806241631508 4.3173382282257062 12.684158995747568 33.322393462061882 12.212342724204062
leaf_count=153 902 565 36 160 55 29 189 308 72 78 143 34 10 38 145 14 32 229 30 151 77 248 61 33 500 496 15 52 147 61
internal_value=2.42547e-06 -0.00753137 0.00176189 0.00560683 0.000266339 0.0472774 0.0188453 -0.00930313 -0.0352638 -0.0026001 0.0120688 -0.0532775 0.0566133 -0.0503652 0.00628327 -0.00311871 0.00416094 -0.00465563 0.0196375 0.00304635 -0.00295728 -0.0120216 0.00201222 0.0201853 -0.0141498 0.0571582 0.00450372 -5.1457e-05 -0.00659437 0.0250518
internal_weight=1061.67 936.978 769.933 719.659 637.905 81.754 216.865 421.04 81.0043 33.5786 189.606 50.2741 124.694 167.045 167.243 340.036 204.851 130.505 74.3452 158.579 131.125 94.2208 70.3804 36.9037 135.185 73.3395 10.3826 120.417 95.5205 24.8965
internal_count=5063 4151 3533 3346 2785 561 1102 1683 310 150 913 187 912 618 770 1373 859 521 338 715 570 386 309 184 514 525 53 489 376 113
is_linear=0
shrinkage=0.05


Tree=17
num_leaves=31
num_cat=0
split_feature=1 0 5 1 6 4 4 4 5 2 1 7 2 6 1 0 2 3 7 1 7 7 4 1 3 1 7 2 2 1
split_gain=168.629 138.746 60.5634 59.7813 46.9791 34.9135 72.2162 47.0975 29.359 28.1288 25.7169 24.1817 20.0492 15.9137 15.464 15.1494 13.9136 13.882 19.2676 14.1123 12.4371 11.5396 11.0837 10.114 19.4871 12.4874 9.57326 8.95919 8.97176 10.3876
threshold=-0.11214803188208297 0.97532326449953566 -0.97481373065111521 -0.46139035719728066 -0.39231552863354918 -0.24578499939545764 -0.15374285239996058 -0.33782723843310175 0.59476726376210587 -0.76720904743073381 -0.4358445192622965 -0.61865989030092794 -0.27567258358095698 -0.39547483062184702 -0.17231209418310087 1.6995613547709489 1.9363996917143325 0.40183159713622169 0.39413825905448446 -0.39043945449167144 0.91767364430924314 1.0762968083004807 -1.4423330023790664 -0.21490634580112489 1.4790172959123693 -0.27582429511803336 0.65680428090989029 1.8518637944562262 1.4617782034536642 -0.26995250047425862
decision_type=2 2 2 2 2 2 2 2 2 2 2 2 2 2 2 2 2 2 2 2 2 2 2 2 2 2 2 2 2 2
left_child=1 2 13 11 12 7 -7 8 14 -8 -10 -4 -5 -1 16 -2 -6 18 19 -11 -3 -14 -13 24 25 -19 -12 28 29 -21
right_child=15 20 3 4 5 6 9 -9 10 17 26 22 21 -15 -16 -17 -18 23 -20 27 -22 -23 -24 -25 -26 -27 -28 -29 -30 -31
leaf_value=-0.064416690855248829 0.058191820418779606 -0.052752527749135691 -0.037054554402481288 -0.065886617861391814 -0.012154541780206069 -0.08459819805608447 -0.05953469890482465 0.080185867532489255 -0.052784646809364656 0.030509048809256596 0.009024792077528293 -0.013188412077454879 0.026276195934812948 0.014505970483330391 0.059901054026258095 -0.063374110141637852 0.067451911191218461 0.038313226513514965 -0.051991607646258334 -0.013619748662859055 0.0043699030992977355 -0.060495250282501058 0.057466666061118159 0.045352223358688069 -0.048122579434292378 -0.0045411906365597533 0.06254960686957127 -0.056967841331539551 0.032242961924015497 0.021764575902630798
leaf_weight=41.240564614534378 118.19196659326553 152.46075454354286 8.3803660869598371 36.338406279683113 106.91732986271381 26.575802773237228 18.127078697085381 28.46666893362999 6.6229127347469321 34.60963562130928 10.449286401271818 5.998022884130477 12.161589279770853 7.557651460170745 9.0396094769239408 2.6195889711379996 5.7859064787626258 40.571613922715187 18.364047676324844 103.28169342875481 10.164243668317793 5.5940199941396704 74.40714855492115 27.200910732150078 12.20414988696575 29.257449492812157 41.659326463937759 7.8198559135198584 16.882823303341866 25.953038230538368
leaf_count=153 902 565 36 122 425 74 61 178 22 165 47 31 57 34 56 10 31 212 58 396 53 17 535 160 42 125 277 25 78 116
internal_value=3.59755e-06 -0.00725905 0.00169441 0.00538426 -7.87087e-05 0.00414883 -0.00526918 0.0204141 0.0109861 0.00103775 0.0400209 0.0437717 -0.0446087 -0.0521935 -0.00302095 0.0555559 -0.00806774 0.00451084 -0.00310187 0.00165988 -0.0491823 -0.00106171 0.052196 0.0189308 0.0101699 0.0203578 0.0518163 -0.00482626 -0.00203577 -0.00651384
internal_weight=1044.9 924.092 761.467 712.669 623.883 569.789 360.848 208.941 180.474 334.272 58.7315 88.7855 54.094 48.7982 121.743 120.812 112.703 316.145 206.911 188.547 162.625 17.7556 80.4052 109.234 82.0332 69.8291 52.1086 153.937 146.118 129.235
internal_count=5063 4151 3533 3346 2744 2548 1512 1036 858 1438 346 602 196 187 512 912 456 1377 838 780 618 74 566 539 379 337 324 615 590 512
is_linear=0
shrinkage=0.05


Tree=18
num_leaves=31
num_cat=0
split_feature=1 0 5 1 3 7 2 2 2 3 7 4 6 0 7 5 2 7 3 7 0 7 2 3 7 1 1 7 0 3
split_gain=157.106 128.876 56.3109 55.8083 38.2472 24.2351 24.143 22.4446 24.02 21.265 23.6858 16.3931 15.1614 14.1491 11.8037 11.6683 9.15262 8.83347 10.2182 10.9195 10.6035 8.82638 8.78477 10.5805 9.45661 8.55696 8.31246 8.19554 39.4671 17.9487
threshold=-0.11214803188208297 0.97532326449953566 -0.97481373065111521 -0.46382645497508307 0.37211296495835683 -0.61865989030092794 -0.56769956538561817 0.39403016175515826 0.97646373688526711 -0.84177820408703419 1.6360648057523108 0.85872076455050717 -0.39547483062184702 1.6995613547709489 0.91767364430924314 -0.015559208253519061 0.12335412001622294 -0.17091082537422939 -0.16922304231574192 -0.67389352677565262 0.25991769633748146 -0.29493470303753422 1.1750349452891977 0.93265198423345463 0.041367093418231436 -0.46265158438555704 -0.46139035719728066 -0.8141417747390739 1.9668001027168092 -1.2084602161472491
decision_type=2 2 2 2 2 2 2 2 2 2 2 2 2 2 2 2 2 2 2 2 2 2 2 2 2 2 2 2 2 2
left_child=1 2 12 5 6 -4 9 11 -9 -5 -11 -6 -1 -2 27 -13 -7 18 20 -20 -8 -10 -23 24 -24 -16 -19 28 29 -3
right_child=13 14 3 4 7 16 17 8 21 10 -12 15 -14 -15 25 -17 -18 26 19 -21 -22 22 23 -25 -26 -27 -28 -29 -30 -31
leaf_value=-0.063488810468279519 0.057135098408159349 -0.058643914329905511 -0.035352704341878621 -0.056100454026037652 0.048118402745897342 0.060408568922574318 0.025325668567174126 -0.030284983088171069 0.0018990643707456401 -0.037404326322689335 0.050043350922134147 0.025371598952600688 0.013794169844794552 -0.062552843452773108 0.04284260338059042 -0.0688794027183149 -0.0043537978554754409 0.074783617319989115 -0.06234901454269999 -0.001172545114012497 -0.033799400671897288 -0.0092591303698818725 0.055939979654560247 0.061351839958029099 -0.022225117680673798 -0.050259740311067197 -0.014734971833173899 -0.063009588389172755 0.089853125750376198 0.028092730525347234
leaf_weight=39.787959523499012 114.45414865016937 60.198051959276199 8.3455040454864484 45.127019450068474 67.394821688532829 63.377526462078094 65.371818348765373 35.996638044714928 48.584987878799438 19.702344745397568 12.757228024303911 8.3292452692985517 7.5504422932863227 2.5237122178077689 5.9388052821159363 5.421007588505744 5.9694181084632865 2.646209403872489 7.7751965373754492 117.89188362658024 8.5781711339950544 10.587920010089872 6.5423069894313839 26.056423872709274 9.4712177813053113 4.222816735506056 129.55844250321388 76.04655759036541 5.4523939341306678 6.6203653812408438
leaf_count=153 902 223 36 160 433 501 308 138 216 72 77 45 34 10 38 16 24 14 24 477 30 45 38 159 41 15 492 277 32 33
internal_value=3.47955e-06 -0.00699867 0.00162842 0.00517069 0.000223528 0.0451462 -0.00878999 0.0171213 0.00479571 -0.0339 -0.00303573 0.0379673 -0.0511622 0.0545529 -0.04798 -0.0117867 0.0548338 -0.00291876 0.00372032 -0.00495762 0.0184672 0.0172686 0.0314493 0.0416945 0.00970914 0.00415251 -0.0129432 -0.0515517 -0.0394952 -0.0500501
internal_weight=1028.28 911.303 752.824 705.485 627.793 77.6924 409.408 218.385 137.239 77.5866 32.4596 81.1451 47.3384 116.978 158.479 13.7503 69.3469 331.822 199.617 125.667 73.95 101.243 52.6579 42.0699 16.0135 10.1616 132.205 148.317 72.2708 66.8184
internal_count=5063 4151 3533 3346 2785 561 1654 1131 637 309 149 494 187 912 618 61 525 1345 839 501 338 499 283 238 79 53 506 565 288 256
is_linear=0
shrinkage=0.05


Tree=19
num_leaves=31
num_cat=0
split_feature=1 0 5 3 3 4 4 2 6 1 7 2 4 5 0 2 0 7 3 7 2 0 3 2 2 0 5 0 5 1
split_gain=146.453 120.069 52.4912 57.3449 35.502 29.9826 45.7282 23.9785 21.0054 15.8747 18.2201 13.4654 13.3252 19.1152 13.2228 12.7146 11.7293 11.0386 11.0012 15.5319 10.6714 10.4801 9.59108 9.22125 16.2277 12.4944 11.1621 11.0023 8.9067 8.79802
threshold=-0.11214803188208297 0.97532326449953566 -0.77662554651860782 -1.2294918527492065 0.13192560931808389 -0.24578499939545764 -0.15374285239996058 -0.42513718670068118 -0.33245463629139843 -0.45054768402603013 1.2464621417669686 -0.95748388192256695 -0.33782723843310175 1.067746771576741 1.6995613547709489 0.97646373688526711 -1.1004659755671204 0.91767364430924314 -1.0676396928124032 1.0762968083004807 0.060977280610365857 -1.1762779196764357 -0.90243466327238975 -0.21640051345653846 1.0508001909799718 0.16399693413939834 0.1294406426364649 -0.622045217254381 -0.42593387081195272 -0.17231209418310087
decision_type=2 2 2 2 2 2 2 2 2 2 2 2 2 2 2 2 2 2 2 2 2 2 2 2 2 2 2 2 2 2
left_child=1 2 8 15 7 12 -7 9 -1 -5 -11 -8 13 16 -2 -4 -6 -3 19 20 -9 -13 -20 25 27 -24 -26 28 -25 -18
right_child=14 17 3 4 5 6 11 18 -10 10 -12 21 -14 -15 -16 -17 29 -19 22 -21 -22 -23 23 24 26 -27 -28 -29 -30 -31
leaf_value=-0.052431641033484182 0.056128846030101875 -0.05043258449601512 0.051285175176223531 -0.061365697411989807 0.058859204717881357 -0.082022433275066392 -0.056205500576797456 0.0076510929870169386 0.051759958415619492 -0.035492316373527275 0.040686732539094717 0.042947531292342446 0.07139716495940808 0.059550082348661916 -0.061791681274759647 -0.021878146663972808 -0.0026804360304658252 0.0040298581651559036 -0.064920115255030705 -0.039887417448250119 0.076958038753136435 0.005155199188174097 0.032951290842851047 -0.0078055571117187699 -0.016538739124009147 -0.043690612563205895 0.028198287179543036 -0.0098938981839672476 -0.062176089816958963 0.059896573820347625
leaf_weight=54.801037326455116 110.77435755729675 144.17670902609825 73.272707223892212 35.011879205703735 11.115780204534529 15.767364799976347 8.106456056237219 10.320766359567648 5.3056592494249335 29.697655364871025 10.668850213289259 20.873277172446251 17.633525177836418 28.235417872667313 2.4294477701187125 6.4619290083646765 58.90508334338665 9.9455902278423292 7.2260379344224921 7.1125317811965934 12.025259733200071 151.39275849610567 26.52714304625988 10.635806530714033 24.472182467579842 6.6509416848421088 32.405965462327003 48.121404826641083 25.813844621181488 6.2089365273714057
leaf_count=216 902 565 556 126 66 46 28 46 29 107 58 116 121 209 10 25 250 53 22 24 69 686 122 42 92 22 150 185 79 41
internal_value=2.33601e-06 -0.00674736 0.00156555 0.00549855 0.000245038 0.0117418 -0.000367031 -0.0125168 -0.0432346 -0.0367279 -0.0153582 0.00677092 0.0311934 0.0244071 0.0535982 0.0453558 0.0113901 -0.0469181 -0.00388036 0.024465 0.0449478 0.00973445 -0.00847206 -0.00613625 -0.0117009 0.0175875 0.0089499 -0.0255895 -0.0463111 0.00328658
internal_weight=1012.1 898.893 744.77 684.664 604.929 318.239 196.14 286.69 60.1067 75.3784 40.3665 180.372 122.099 104.465 113.204 79.7346 76.2298 154.122 211.312 29.4586 22.346 172.266 181.853 174.627 141.449 33.1781 56.8781 84.5711 36.4497 65.114
internal_count=5063 4151 3533 3288 2707 1563 876 1144 245 291 165 830 687 566 912 581 357 618 853 139 115 802 714 692 548 144 242 306 121 291
is_linear=0
shrinkage=0.05


Tree=20
num_leaves=31
num_cat=0
split_feature=1 0 5 1 3 7 7 2 3 7 1 6 0 0 7 1 0 7 7 4 1 2 3 4 4 4 2 5 7 7
split_gain=136.578 111.59 49.0137 48.6463 32.3902 23.8001 22.1906 21.5993 18.4485 24.105 15.8436 14.2798 12.3639 11.2508 10.4877 9.52848 9.6177 15.1383 9.06462 8.74112 8.63607 8.46713 9.64218 8.77816 15.5625 13.6771 9.51363 9.28075 9.05641 11.7067
threshold=-0.11214803188208297 0.97532326449953566 -0.97481373065111521 -0.46382645497508307 0.39314461680063068 1.4756994275006583 -0.61865989030092794 -0.60179964423319177 -0.57370105423428386 1.6360648057523108 -0.16814949846880164 -0.39547483062184702 1.6995613547709489 -1.438978628198343 0.91767364430924314 -0.31910199041229742 -0.61581810745226739 0.26012387149161126 -0.17091082537422939 -1.4423330023790664 -0.22148142620401698 1.2102221417103725 0.24699002845435353 0.85872076455050717 0.76667852551286308 0.95076291154600423 0.52732995515441261 0.42538145650542575 -0.33789117339589581 -0.50106042772290393
decision_type=2 2 2 2 2 2 2 2 2 2 2 2 2 2 2 2 2 2 2 2 2 2 2 2 2 2 2 2 2 2
left_child=1 2 11 6 7 10 -4 8 -5 -10 13 -1 -2 -6 -3 -15 17 -17 21 -8 -18 23 -23 24 26 -25 27 -9 29 -27
right_child=12 14 3 4 5 -7 19 18 9 -11 -12 -13 -14 15 -16 16 20 -19 -20 -21 -22 22 -24 25 -26 28 -28 -29 -30 -31
leaf_value=-0.061946540619192997 0.055167290499256165 -0.049311615523993352 -0.034300416718875661 -0.052335488538662073 0.062371583840143068 0.062545860230191985 -0.009243555215262789 0.010252946759204143 -0.040816710139702596 0.058206491711531527 0.051248452974643338 0.013787553941180614 -0.061085108434202021 0.029132310550888607 0.0038293628365064988 -0.024258582526871339 -0.0001603350026100373 0.048002314548028967 -0.012793234449323919 0.058308775989033015 0.044041798531097333 0.036075336285201751 -0.012103321298883744 -0.083616127720639949 0.080992490440245715 0.004101843793463622 -0.032334330666444526 -0.062973879966643928 0.044014596338227095 -0.073112708340296331
leaf_weight=37.178022801876068 107.16179466247559 140.18355260789394 8.2048113197088224 45.06000579893589 8.0791233479976636 24.523204624652863 5.2027454227209082 90.548622503876686 14.517831534147264 10.657146163284777 20.746366314589977 7.4756631702184668 2.3370128870010367 26.508331395685673 9.9430649876594526 63.326190561056137 41.530669875442982 8.1846076101064664 134.93542270362377 60.188163444399834 15.056252405047415 35.100704669952393 14.748523578047751 7.5111668407917014 6.3156867176294318 13.829255208373072 18.613855391740799 4.5441021621227256 6.5134533047676113 7.6101033538579932
leaf_count=153 902 565 36 168 55 189 29 392 54 71 143 34 10 145 53 252 184 50 520 496 84 171 59 21 37 57 66 14 31 22
internal_value=2.65925e-06 -0.00650223 0.00150423 0.00478019 0.000207262 0.0162839 0.0432087 -0.00793689 -0.0331814 0.00110209 0.0100991 -0.0492676 0.0526861 0.00485157 -0.045792 0.00184579 -0.00380083 -0.0159881 -0.0027262 0.0529341 0.0116007 0.00388931 0.0218211 -0.00185965 0.00459821 -0.0237153 0.000354983 0.00675373 -0.00761937 -0.0233062
internal_weight=996.335 886.837 736.71 692.056 618.461 207.955 73.5957 410.506 70.235 25.175 183.432 44.6537 109.499 162.685 150.127 154.606 128.098 71.5108 340.271 65.3909 56.5869 205.335 49.8492 155.486 120.022 35.464 113.707 95.0927 27.9528 21.4394
internal_count=5063 4151 3533 3346 2785 1102 561 1683 293 125 913 187 912 770 618 715 570 302 1390 525 268 870 230 640 509 131 472 406 110 79
is_linear=0
shrinkage=0.05


Tree=21
num_leaves=31
num_cat=0
split_feature=1 0 5 1 6 4 4 4 5 2 7 2 1 7 1 6 0 3 7 1 7 7 4 1 3 2 7 0 6 2
split_gain=127.415 103.731 45.6354 45.7085 35.9628 27.9277 63.2078 42.5982 24.1225 23.4359 20.0579 17.1026 15.7023 15.2074 13.7815 13.6429 11.5663 10.4549 16.6379 12.3082 9.96804 9.59358 9.25012 8.89874 10.1464 11.3972 8.50393 37.6751 27.2809 8.37967
threshold=-0.11214803188208297 0.97532326449953566 -0.97481373065111521 -0.46139035719728066 -0.39231552863354918 -0.24578499939545764 -0.15374285239996058 -0.33782723843310175 0.35074444038093983 -0.76720904743073381 -0.73644990756368489 -0.27567258358095698 -0.4358445192622965 0.65680428090989029 -0.23142983651022844 -0.39547483062184702 1.6995613547709489 0.40183159713622169 0.39413825905448446 -0.39043945449167144 0.91767364430924314 1.0762968083004807 -1.4423330023790664 -0.16814949846880164 0.5557588230369781 1.4221570246247248 -0.8141417747390739 1.9668001027168092 -0.26061443977561777 1.7383792152987647
decision_type=2 2 2 2 2 2 2 2 2 2 2 2 2 2 2 2 2 2 2 2 2 2 2 2 2 2 2 2 2 2
left_child=1 2 15 10 11 7 -7 8 14 -8 -4 -5 -10 -14 -6 -1 -2 18 19 -11 26 -13 -12 24 -19 -26 27 28 -3 -21
right_child=16 20 3 4 5 6 9 -9 12 17 22 21 13 -15 -16 -17 -18 23 -20 29 -22 -23 -24 -25 25 -27 -28 -29 -30 -31
leaf_value=-0.061183751561288663 0.054245317936688867 -0.055599227386345242 -0.066086081692738052 -0.062242194284019003 -0.01596467707902148 -0.0808022702677582 -0.056347675375539134 0.077103731520452259 -0.040647828061224238 0.029043771304898998 -0.014802354620382761 0.024039693087535539 0.0053839640207899164 0.057843351107010881 0.025793781598092282 0.013111348449771043 -0.060428242981615005 0.038191825675354132 -0.04855040660774608 -0.00092758669276268792 0.0036388078851643905 -0.056220098868665337 0.050809441344061124 0.060127782301900981 -0.010426329860229983 0.035249544604106203 -0.060477582626524945 0.090836097505500091 0.077419568228176416 -0.046266163674706519
leaf_weight=35.794518560171127 103.62402829527855 57.280254781246185 4.225943684577941 32.457218125462532 79.525176554918289 25.47282400727272 16.921821549534798 26.789774537086487 6.6343541145324698 34.082358166575432 5.8142832815647116 12.0202052295208 20.766296684741974 41.270597822964191 26.289926305413246 7.468341812491416 2.246585637331008 26.628749951720238 17.927990913391113 141.77389672398567 9.9406410455703718 5.3940972387790671 70.593685671687126 10.650420680642126 50.672901943325996 18.696315884590149 69.441790580749512 5.42299661040306 4.1326329112052909 10.980674311518667
leaf_count=153 902 232 15 122 307 74 61 178 24 165 31 57 92 293 142 34 10 140 58 578 53 17 556 77 222 100 277 32 24 37
internal_value=4.34396e-06 -0.00626361 0.00144691 0.00458979 -0.000123604 0.00353051 -0.00492852 0.0184 0.0093869 0.000957904 0.039952 -0.0407949 0.0324643 0.040283 -0.00558972 -0.0483584 0.0518119 0.00407182 -0.00253985 0.00187511 -0.0446981 -0.000820856 0.0458167 0.0167662 0.0119555 0.00188418 -0.048224 -0.0354927 -0.046648 -0.00418672
internal_weight=980.941 875.071 728.852 685.59 604.956 555.084 353.808 201.276 174.486 328.335 80.6339 49.8715 68.6712 62.0369 105.815 43.2629 105.871 311.413 204.765 186.837 146.218 17.4143 76.408 106.648 95.998 69.3692 136.278 66.8359 61.4129 152.755
internal_count=5063 4151 3533 3346 2744 2548 1512 1036 858 1438 602 196 409 385 449 187 912 1377 838 780 618 74 587 539 462 322 565 288 256 615
is_linear=0
shrinkage=0.05


Tree=22
num_leaves=31
num_cat=0
split_feature=1 0 5 1 3 5 7 2 2 0 1 5 1 6 7 2 5 4 4 7 7 0 6 4 4 3 2 5 1 1
split_gain=119.472 106.652 43.3207 40.3741 35.6835 24.5041 38.0682 25.4294 21.2488 21.1398 19.0434 14.3597 14.8066 13.8779 13.7167 13.4966 10.4666 10.1161 20.0579 9.85124 10.3427 33.555 29.1166 8.91372 13.0387 8.83401 8.62795 8.0708 7.90113 7.56081
threshold=-0.02267143345338191 0.97532326449953566 -0.97481373065111521 -0.46382645497508307 0.97837290288751211 -0.015559208253519061 0.26012387149161126 1.3504548344195155 0.12335412001622294 0.06472089210630276 -0.27766187853951774 0.050414532736126907 -0.45634681619537071 -0.39547483062184702 1.3189545882589309 0.47619257875424831 0.087454868667301192 -0.24578499939545764 -0.15374285239996058 0.91767364430924314 -0.8141417747390739 1.9668001027168092 -0.2593688831365763 0.85872076455050717 0.76667852551286308 0.49815041188695208 0.88734944934584081 -0.05319933094588912 -0.46265158438555704 -0.46139035719728066
decision_type=2 2 2 2 2 2 2 2 2 2 2 2 2 2 2 2 2 2 2 2 2 2 2 2 2 2 2 2 2 2
left_child=1 2 13 8 9 -6 7 16 -4 11 29 15 14 -1 -13 23 -7 -14 -19 20 21 22 -3 24 27 -12 -17 -5 -21 -11
right_child=-2 19 3 4 5 6 -8 -9 -10 10 25 12 17 -15 -16 26 -18 18 -20 28 -22 -23 -24 -25 -26 -27 -28 -29 -30 -31
leaf_value=-0.060468673296946156 0.057416490048540408 -0.054717327813838729 0.052171208632262912 0.0080377994569579246 0.061139711706683655 0.017385918108929744 0.05488220208869863 0.042535613884398707 -0.029345512434423057 0.018505243477650389 0.053000762587774856 0.041801729077688365 0.032252624758049665 0.013860556361058575 -0.05156350510169172 -0.056774179018431126 -0.049651215931527187 -0.076239239787856516 0.012156455057071367 0.041159556717797224 -0.061596984234878444 0.082114661175174755 0.078670701946433871 -0.027251032098608768 0.079658323976562903 -0.032997376721645238 -0.016050687484928407 -0.037382961597149648 -0.049259674964423628 -0.038429832391183444
leaf_weight=34.441217251121998 82.828176505863667 55.648669205605984 60.494816929101944 95.895696222782135 35.050347059965134 7.2153662070631972 31.081817202270031 13.882811009883879 9.2116038501262647 6.298978015780448 10.231288395822046 5.213114112615588 59.326894462108612 7.6801380366086951 16.031119167804718 16.036586761474609 30.164269372820854 6.8504400998353949 101.53569758683443 5.7943634390830994 69.318784050643444 5.6915835291147223 4.4158046692609778 22.20518384128809 5.9167225807905188 4.2170298993587485 68.833987198770046 10.890939638018606 4.1439526975154859 78.497864857316017
leaf_count=153 749 233 525 443 272 35 229 76 36 28 52 27 322 36 64 51 106 20 461 38 288 32 27 83 37 19 272 39 15 295
internal_value=1.13308e-06 -0.00538939 0.00232099 0.0053047 0.00128153 0.0261262 0.0112225 -0.0152496 0.0413989 -0.00446007 -0.0251597 0.000566004 0.0106732 -0.046916 -0.0286526 -0.00812379 -0.0367111 0.0156547 0.00656949 -0.0445867 -0.0481216 -0.0339161 -0.0449109 0.0017038 0.00740857 0.0279005 -0.0237455 0.00340543 0.0034577 -0.0342005
internal_weight=965.045 882.217 737.204 695.083 625.376 117.395 82.3443 51.2624 69.7064 507.982 99.2452 408.736 188.957 42.1214 21.2442 219.779 37.3796 167.713 108.386 145.013 135.075 65.7561 60.0645 134.909 112.703 14.4483 84.8706 106.787 9.93832 84.7968
internal_count=5063 4314 3681 3492 2931 718 446 217 561 2213 394 1819 894 189 91 925 141 803 481 633 580 292 260 602 519 71 323 482 53 323
is_linear=0
shrinkage=0.05


Tree=23
num_leaves=31
num_cat=0
split_feature=1 0 5 1 3 5 7 2 7 2 7 1 6 1 7 5 2 5 7 7 0 6 3 2 2 0 2 6 0 3
split_gain=111.806 99.5281 40.3254 37.6451 32.8377 23.1464 35.2695 23.1277 19.9771 19.8768 21.9026 29.9703 15.6643 12.462 13.0935 10.4672 14.2418 9.51746 9.2507 10.0664 30.3905 26.8633 8.94564 8.70927 10.2896 8.66808 8.53442 8.02717 7.71748 12.338
threshold=-0.02267143345338191 0.97532326449953566 -0.97481373065111521 -0.46382645497508307 0.97837290288751211 -0.015559208253519061 0.26012387149161126 1.3504548344195155 -0.61865989030092794 -0.76720904743073381 1.8042701481758316 -0.44504841469390521 -0.33363423161231703 -0.46139035719728066 0.16525486059244152 0.06908149430740386 0.47619257875424831 0.087454868667301192 0.91767364430924314 -0.8141417747390739 1.9668001027168092 -0.2593688831365763 0.32684927103596262 0.86736868516273036 1.7383792152987647 0.48068473414009921 0.12335412001622294 -0.27993895846837202 -0.60929981399221511 -0.39325567783540732
decision_type=2 2 2 2 2 2 2 2 2 2 2 2 2 2 2 2 2 2 2 2 2 2 2 2 2 2 2 2 2 2
left_child=1 2 12 8 9 -6 7 17 -4 10 -5 -12 -1 -11 15 16 22 -7 19 20 21 -3 -15 28 -25 -16 -10 -24 -17 -30
right_child=-2 18 3 4 5 6 -8 -9 26 13 11 -13 -14 14 25 23 -18 -19 -20 -21 -22 -23 27 24 -26 -27 -28 -29 29 -31
leaf_value=-0.055618488215257805 0.056612991966528081 -0.053829598599617882 -0.034376877371978622 -0.057098415099751866 0.059980926734671737 0.016554559223954865 0.05355940762280003 0.040860011675924769 0.05654710702239877 0.086506161277782614 -0.053448655809723217 0.058508680762728249 0.054513235408183786 -0.0001961451038678631 -0.0126933783779281 -0.027517968062089948 -0.021413628436400243 -0.047466336118300312 0.0033556554203327117 -0.060772873103457241 0.074785059542798127 0.07348538628064942 0.063846819536873795 0.037220621121822915 -0.0061062421270914741 -0.064682403582168202 -0.0067361612745398943 0.0095511316868786764 0.075127670911641978 -0.0049891910551704598
leaf_weight=37.254888162016869 79.878480114042759 53.785480938851833 7.8801711648702613 34.598023802042007 33.96865139901638 7.1992508918046942 30.2775594368577 13.733366705477236 54.018327429890633 4.062123477458953 11.431522578001024 12.529096223413942 3.5350527018308631 125.2493499815464 93.698656439781189 17.778656378388405 71.742420427501202 29.979802861809731 9.7254497408866865 66.809517793357372 5.930362179875373 4.4890482723712912 11.186693772673609 53.620910197496414 18.407503500580788 8.767744377255438 5.91059786081314 17.38823190331459 6.4547524750232723 18.80743895471096
leaf_count=168 749 233 36 132 272 35 229 76 501 23 47 93 21 521 386 72 275 106 53 288 32 27 71 267 81 30 24 101 37 77
internal_value=-1.12621e-07 -0.00519669 0.00223059 0.00509158 0.00122834 0.0253252 0.0108258 -0.0145879 0.0404646 -0.00425877 -0.0316509 0.00509425 -0.0460739 -0.000671623 -0.00147082 0.00324319 -0.00301694 -0.0350695 -0.0436937 -0.0471862 -0.0330484 -0.0440222 0.00556313 0.0155147 0.0261481 -0.0171419 0.0503057 0.0308072 -0.00228006 0.0154815
internal_weight=950.099 870.221 729.481 688.691 620.882 115.159 81.19 50.9124 67.8091 505.723 58.5586 23.9606 40.7899 447.164 443.102 340.636 225.567 37.1791 140.74 131.014 64.2049 58.2745 153.824 115.069 72.0284 102.466 59.9289 28.5749 43.0408 25.2622
internal_count=5063 4314 3681 3492 2931 718 446 217 561 2213 272 140 189 1941 1918 1502 968 141 633 580 292 260 693 534 348 416 525 172 186 114
is_linear=0
shrinkage=0.05


Tree=24
num_leaves=31
num_cat=0
split_feature=1 0 5 1 3 5 7 2 2 2 7 1 6 1 7 5 2 0 5 5 3 7 7 0 6 3 3 0 2 0
split_gain=104.671 92.7704 37.5299 35.1915 30.2289 22.0952 31.0034 25.0095 18.9902 18.546 20.302 27.8914 14.6187 11.2906 12.0152 10.5871 10.4877 10.3657 9.32603 9.21101 10.7319 8.84394 9.79814 27.6459 24.8316 8.68424 8.299 8.60768 8.15241 7.65196
threshold=-0.02267143345338191 0.97532326449953566 -0.97481373065111521 -0.46382645497508307 0.97837290288751211 -0.066279727275328673 0.26012387149161126 1.3504548344195155 0.12335412001622294 -0.76720904743073381 1.8042701481758316 -0.44504841469390521 -0.33363423161231703 -0.46139035719728066 0.51059439352411096 0.050414532736126907 0.47619257875424831 0.25991769633748146 0.087454868667301192 0.18831013365909852 -0.064631799075224747 0.91767364430924314 -0.8141417747390739 1.9668001027168092 -0.2593688831365763 -1.0676396928124032 0.21292240435448043 0.28737937805840114 0.88734944934584081 0.088103950994934441
decision_type=2 2 2 2 2 2 2 2 2 2 2 2 2 2 2 2 2 2 2 2 2 2 2 2 2 2 2 2 2 2
left_child=1 2 12 8 9 -6 7 18 -4 10 -5 -12 -1 -11 15 16 26 19 -7 -16 -21 22 23 24 -3 -17 -15 -28 -18 -27
right_child=-2 21 3 4 5 6 -8 -9 -10 13 11 -13 -14 14 17 25 28 -19 -20 20 -22 -23 -24 -25 -26 29 27 -29 -30 -31
leaf_value=-0.054673654482849644 0.055842377177828278 -0.052974056278564829 0.05040610762621333 -0.055744766560566789 0.063314402373835552 0.010935096921623271 0.052603267281792543 0.04355217134789241 -0.027361052571524741 0.082497019080188125 -0.052468167059880846 0.057147784647721633 0.052749833098977454 -0.0037410255645794668 -0.036311991062384544 0.060970150688503588 -0.052470672447169409 -0.060724298158626434 -0.04540550459682053 -0.017143906503855246 0.041504366065767517 0.0031886155081448961 -0.059991263043260745 0.068524398523255384 0.068791223338510926 0.013975243686192976 0.014026399848451738 0.085604604539855952 -0.011431070816780159 -0.026584613991853731
leaf_weight=36.034845754504204 77.004746854305267 51.967671290040016 56.713458985090256 33.689484491944313 27.739510349929333 9.749884255230425 30.234010219573975 15.428783372044562 9.1112790703773481 4.0469038337469092 11.072049826383592 12.194628685712813 3.472176954150199 119.71580899506807 21.91843381524086 8.8929775059223157 15.097138062119482 13.090563490986822 29.778632432222366 20.17681422829628 12.716189272701738 9.7232389152050001 64.358155861496925 6.1427537798881522 4.5538550466299048 114.91521620750427 36.873771168291569 4.7400706112384787 60.974354237318039 12.937563657760618
leaf_count=168 749 233 525 132 241 47 235 89 36 23 47 93 21 490 79 50 49 46 106 79 72 53 288 32 27 530 203 28 244 48
internal_value=1.10127e-07 -0.00501133 0.00214697 0.00489235 0.00117898 0.0245564 0.0119363 -0.0104361 0.0396418 -0.00406905 -0.0309369 0.0049842 -0.0452325 -0.000638649 -0.00139975 0.00211199 -0.00427142 -0.0207497 -0.0315088 -0.0112027 0.00552908 -0.0427704 -0.0462884 -0.0322152 -0.0431636 0.0131941 0.00294501 0.0221796 -0.0195758 0.00987095
internal_weight=935.065 858.06 721.315 681.808 615.983 112.931 85.1913 54.9573 65.8247 503.052 56.9562 23.2667 39.507 446.096 442.049 374.147 237.401 67.902 39.5285 54.8114 32.893 136.746 127.022 62.6643 56.5215 136.746 161.33 41.6138 76.0715 127.853
internal_count=5063 4314 3681 3492 2931 718 477 242 561 2213 272 140 189 1941 1918 1642 1014 276 153 230 151 633 580 292 260 628 721 231 293 578
is_linear=0
shrinkage=0.05


Tree=25
num_leaves=31
num_cat=0
split_feature=1 0 7 1 3 5 7 2 1 2 7 1 2 7 7 1 3 5 7 7 0 3 4 4 4 4 4 4 2 5
split_gain=98.0317 86.4883 35.0791 39.7721 27.3765 20.7959 28.7926 22.7889 18.0327 16.538 18.4249 25.9663 10.3476 10.1939 9.38955 8.9348 12.3515 8.4979 8.46099 9.53757 25.2394 23.5185 7.65111 35.4802 18.2259 12.0443 13.4109 11.371 9.55467 14.8868
threshold=-0.02267143345338191 0.97532326449953566 -0.75683925883010617 -0.46382645497508307 0.97837290288751211 -0.066279727275328673 0.26012387149161126 1.3504548344195155 -0.45054768402603013 -0.76720904743073381 1.8042701481758316 -0.44504841469390521 0.12335412001622294 -0.81844286619447371 0.16525486059244152 -0.40954018576513695 -0.84177820408703419 0.087454868667301192 0.91767364430924314 -0.8141417747390739 1.9668001027168092 -1.2022116864321746 0.85872076455050717 0.76667852551286308 0.95076291154600423 1.2268893525324958 1.1348471134948515 1.3189314995279926 -0.011552942454124868 0.17524585309543875
decision_type=2 2 2 2 2 2 2 2 2 2 2 2 2 2 2 2 2 2 2 2 2 2 2 2 2 2 2 2 2 2
left_child=1 2 8 12 9 -6 7 17 -1 10 -5 -12 -4 -10 15 -11 -17 -7 19 20 21 -3 23 28 -24 26 -26 -27 -18 -30
right_child=-2 18 3 4 5 6 -8 -9 13 14 11 -13 -14 -15 -16 16 22 -19 -20 -21 -22 -23 24 -25 25 27 -28 -29 29 -31
leaf_value=-0.058574440780171336 0.05510069787369283 -0.052916724419416306 0.050746942453973903 -0.053962565960538639 0.062597289299911638 0.010405656685110376 0.051374742716652461 0.041933312270664387 0.049176340355722041 0.025665250182512662 -0.051520046810559307 0.055841832048164619 -0.014480775490748048 -0.051687219662199371 -0.013811888220122609 -0.08399279394287229 0.013692473799920972 -0.043456342485911563 0.0030298604135153735 -0.059247336699052355 0.063103931959921006 0.059016103747991315 -0.079858520741523331 0.078078643401126746 -0.00046923413585862254 -0.086814578969936454 0.090377886539053834 -0.0072571225839643972 -0.018373103310420202 0.017568611641294807
leaf_weight=34.111552499234676 74.210186146199703 49.625438489019871 54.181316092610359 32.375072419643402 26.128416523337364 9.7340741008520109 29.429718129336834 15.228363461792467 7.3299932852387428 39.603518098592758 10.720966100692751 11.864267870783804 6.8487345576286307 3.8055958151817304 104.28942020237446 4.2747093290090552 83.908600054681301 29.56409940123558 9.7211244404315931 61.968573503196239 6.3317229300737372 5.1829583197832099 9.0795669257640821 15.737263195216654 12.621321223676206 5.6021972894668606 5.9904632270336142 22.651044070720673 97.041184201836586 40.974933162331581
leaf_count=166 749 229 522 131 235 47 235 89 41 197 47 93 27 17 430 12 401 106 53 288 32 31 26 98 53 15 34 92 375 192
internal_value=-5.80975e-07 -0.00483443 0.00206569 0.00495222 0.00108265 0.0236421 0.0115186 -0.00999298 -0.0405397 -0.00391689 -0.0297827 0.00487831 0.0434271 0.0147061 -0.000698978 0.00335317 0.000386762 -0.0301148 -0.0418776 -0.0454237 -0.0314128 -0.0423318 0.00161527 0.00553132 -0.0150208 -0.00245921 0.0287712 -0.0230322 0.000386804 -0.00770254
internal_weight=920.136 845.926 713.096 667.849 606.819 110.085 83.9563 54.5265 45.2471 496.735 54.9603 22.5852 61.0301 11.1356 441.774 337.485 297.881 39.2982 132.83 123.109 61.1401 54.8084 293.607 237.662 55.9446 46.865 18.6118 28.2532 221.925 138.016
internal_count=5063 4314 3681 3457 2908 712 477 242 224 2196 271 140 549 58 1925 1495 1298 153 633 580 292 260 1286 1066 220 194 87 107 968 567
is_linear=0
shrinkage=0.05


Tree=26
num_leaves=31
num_cat=0
split_feature=1 0 5 3 3 6 2 2 1 4 4 4 4 2 5 4 2 4 7 2 0 7 7 0 6 3 3 0 3 5
split_gain=91.8424 80.6294 33.1613 37.7234 27.1008 18.6218 17.0312 19.3509 15.4557 11.6738 11.0961 36.7357 23.2971 11.1014 10.457 10.384 9.41672 11.6119 8.98918 8.21504 13.1949 8.0959 9.29607 23.1017 21.9854 7.84999 9.17088 8.66969 9.36953 8.67094
threshold=-0.02267143345338191 0.97532326449953566 -0.73692120443548736 -1.2294918527492065 0.37211296495835683 -0.36068926445522925 0.39403016175515826 0.97646373688526711 -0.45634681619537071 -0.52191153242409583 -0.24578499939545764 -0.33782723843310175 -0.15374285239996058 -0.95748388192256695 0.90004681355772054 -0.24578499939545764 -0.70867081470297688 1.0000000180025095e-35 0.42672311014381181 -0.60179964423319177 -1.0473081786632019 0.91767364430924314 -0.8141417747390739 1.9668001027168092 -0.2593688831365763 0.28021387243794593 0.33172614179636356 0.48068473414009921 -1.1222561098107391 0.33513246745313591
decision_type=2 2 2 2 2 2 2 2 2 2 2 2 2 2 2 2 2 2 2 2 2 2 2 2 2 2 2 2 2 2
left_child=1 2 5 14 8 -1 15 -8 9 -5 11 25 -12 -14 19 -6 -17 -18 -15 -4 -21 22 23 24 -3 27 -27 28 -10 -30
right_child=-2 21 3 4 6 -7 7 -9 10 -11 12 -13 13 18 -16 16 17 -19 -20 20 -22 -23 -24 -25 -26 26 -28 -29 29 -31
leaf_value=-0.050234391778128475 0.054384395955401892 -0.051397518076361282 -0.030605841086980674 -0.05738410524157226 0.05343196971716363 0.022377328820288471 -0.027916270287902667 0.015560219095439594 0.058372092257399789 0.015262352007228959 -0.074519372590513652 0.083768206583761162 -0.061179971431394191 -0.00064726495934772446 0.060457515828721942 -0.045208059732844023 -0.032812624016032882 0.038674395940274692 -0.037387894324711214 -0.029761955097141319 0.0536871686355379 0.0028789839008596142 -0.058536731501608041 0.058356928567947858 0.062965404250195756 0.079802405474018956 -0.014467138128126861 -0.062918032903711535 -0.019624421984059059 0.014029070726389231
leaf_weight=43.428001515567303 71.497151717543602 48.566563874483109 6.3024674579501179 24.098469570279125 36.037102334201336 11.083153173327444 34.455972597002983 99.505808047950268 5.9094586372375479 7.1768731176853171 13.387887164950369 14.217929124832152 8.8769250363111478 180.72270968556404 33.777699761092663 5.3120806366205207 6.9272242262959471 31.563122279942036 18.337431237101555 6.2844716012477901 19.237339153885841 9.7191025316715223 59.643781267106533 6.4998604059219351 4.600557029247283 5.9674408882856351 4.5448095351457596 6.3523948043584815 50.369063392281532 30.871185764670372
leaf_count=210 749 233 38 101 302 62 145 542 31 36 41 87 38 755 341 20 35 218 64 33 165 53 288 32 27 34 18 22 188 155
internal_value=-9.93986e-07 -0.00466459 0.00198845 0.00512879 0.0010946 -0.035471 0.0152722 0.00437774 -0.00707942 -0.0407136 -0.0039815 0.00838497 -0.0105877 -0.00647149 0.0410808 0.0335519 0.0171962 0.0258087 -0.00403181 0.0205148 0.0331387 -0.0410028 -0.0445774 -0.0306235 -0.0415017 -0.00191932 0.0390464 -0.00652501 -0.00241449 -0.00683614
internal_weight=905.274 833.777 704.747 650.236 584.634 54.5112 213.801 133.962 370.833 31.2753 339.557 118.232 221.325 207.937 65.602 79.8395 43.8024 38.4903 199.06 31.8243 25.5218 129.03 119.311 59.667 53.1671 104.014 10.5123 93.5021 87.1497 81.2402
internal_count=5063 4314 3681 3409 2832 272 1262 687 1570 137 1433 535 898 857 577 575 273 253 819 236 198 633 580 292 260 448 52 396 374 343
is_linear=0
shrinkage=0.05


Tree=27
num_leaves=31
num_cat=0
split_feature=1 0 5 3 6 4 4 4 2 5 3 6 5 2 2 1 7 4 7 0 6 2 3 3 7 1 7 5 1 3
split_gain=86.0609 75.5359 34.8878 32.2718 28.2039 24.6329 58.0799 36.9387 20.7163 18.1497 16.7008 13.8416 13.5034 12.7732 12.1276 11.6347 10.7706 10.1956 10.1305 20.6077 23.9914 10.013 10.8573 9.03883 13.1841 8.71152 8.25558 12.5328 7.75407 15.7233
threshold=-0.02267143345338191 1.1992588846131529 -0.97481373065111521 -1.2294918527492065 -0.39231552863354918 -0.24578499939545764 -0.15374285239996058 -0.33782723843310175 -0.79516225884486869 0.90004681355772054 0.97837290288751211 -0.33245463629139843 0.26904241267568801 -0.42513718670068118 -1.1017690559774416 -0.4358445192622965 -0.61865989030092794 -0.89008012040608409 -0.8141417747390739 1.9668001027168092 -0.24297764058301027 0.045484203462505902 0.28021387243794593 0.40183159713622169 0.39413825905448446 -0.39043945449167144 0.35610898840135946 0.023276283848430081 -0.21490634580112489 1.4790172959123693
decision_type=2 2 2 2 2 2 2 2 2 2 2 2 2 2 2 2 2 2 2 2 2 2 2 2 2 2 2 2 2 2
left_child=1 2 11 9 13 7 -7 10 -8 14 12 -1 21 -5 -4 -14 -16 -18 19 20 -3 22 -6 24 25 -10 27 -12 29 -25
right_child=-2 18 3 4 5 6 8 -9 23 -11 26 -13 15 -15 16 -17 17 -19 -20 -21 -22 -23 -24 28 -26 -27 -28 -29 -30 -31
leaf_value=-0.053735953530707349 0.053690221217102985 -0.049321150843967432 -0.066832228559271609 -0.057317258219251391 -0.0048671331847181185 -0.07894838392135721 -0.052217913239926451 0.073114550135774961 0.024651969832042944 0.060521420771400027 0.05898820435989776 0.051908604774382361 -0.039308845946218439 -0.0051407223215261238 -0.029201537070547269 0.032850657120808917 -0.019980229504735176 0.05582693035326302 -0.058977856716999524 0.054158904445082784 0.08760282285647969 -0.026570823151220488 0.062358087300832234 0.016420058598805375 -0.044030077053210603 -0.003474622594802117 0.061095185235770066 -0.020812686493998374 0.035981860580339371 -0.046078304181120661
leaf_weight=35.644974395632744 68.867286518216133 45.373277328908443 4.4358858913183203 29.011346712708473 32.6781095713377 24.34311255812645 17.284272968769073 26.023578532040119 33.625334084033966 36.299314141273499 8.9701758399605769 3.3958768248558036 6.5067943185567847 19.691201746463776 7.9584059864282599 39.478910356760025 5.8223264813423183 18.619693614542484 53.066568791866302 6.6494437605142585 3.4418396502733222 46.805883035063744 7.3587128072977057 66.472887262701988 17.287189140915871 151.85902002453804 19.363388411700726 10.897029533982275 32.586148530244827 11.85876704752445
leaf_count=182 749 225 18 130 134 76 74 190 165 368 76 22 25 84 39 229 38 169 264 32 22 173 52 337 58 619 179 46 244 44
internal_value=-2.11454e-06 -0.00449604 0.00140924 0.00406632 0.000256688 0.00346699 -0.00440933 0.0175954 0.00107302 0.0354298 0.00919822 -0.0445467 0.000732443 -0.0362215 0.0107039 0.0226404 0.0213192 0.0377689 -0.0433606 -0.0284185 -0.039667 -0.0108684 0.00748877 0.00400934 -0.00226796 0.00162428 0.037862 0.0152179 0.015485 0.00695832
internal_weight=891.677 822.809 714.278 675.237 602.102 553.399 355.317 198.083 330.974 73.1356 172.059 39.0409 132.828 48.7025 36.8363 45.9857 32.4004 24.442 108.531 55.4646 48.8151 86.8427 40.0368 313.689 202.772 185.484 39.2306 19.8672 110.918 78.3317
internal_count=5063 4314 3771 3567 2935 2721 1617 1104 1541 632 914 204 613 214 264 254 246 207 543 279 247 359 186 1467 842 784 301 122 625 381
is_linear=0
shrinkage=0.05


Tree=28
num_leaves=31
num_cat=0
split_feature=1 0 5 3 6 4 4 4 2 5 3 6 2 5 2 1 7 7 0 3 2 3 3 7 1 7 5 5 1 3
split_gain=80.67 70.5386 32.5159 30.0708 26.0355 22.5467 53.9901 34.721 19.1843 17.3668 15.5754 12.9286 12.3428 12.2648 11.2043 10.5917 9.98282 9.77037 18.9332 22.2216 9.0618 10.0773 8.22552 12.1299 8.73128 7.95431 11.8373 7.45652 7.19766 14.2629
threshold=-0.02267143345338191 1.1992588846131529 -0.97481373065111521 -1.2294918527492065 -0.39231552863354918 -0.24578499939545764 -0.15374285239996058 -0.33782723843310175 -0.79516225884486869 0.90004681355772054 0.97837290288751211 -0.33245463629139843 -0.42513718670068118 0.26904241267568801 -1.1017690559774416 -0.4358445192622965 -0.73644990756368489 -0.8141417747390739 1.9668001027168092 -1.2022116864321746 0.045484203462505902 0.28021387243794593 0.40183159713622169 0.57396743724671284 -0.39043945449167144 0.35610898840135946 -0.015559208253519061 -0.63789402783149318 -0.21490634580112489 1.4790172959123693
decision_type=2 2 2 2 2 2 2 2 2 2 2 2 2 2 2 2 2 2 2 2 2 2 2 2 2 2 2 2 2 2
left_child=1 2 11 9 12 7 -7 10 -8 14 13 -1 -5 20 -4 -15 -16 18 19 -3 21 27 23 24 -10 26 -12 -6 29 -24
right_child=-2 17 3 4 5 6 8 -9 22 -11 25 -13 -14 15 16 -17 -18 -19 -20 -21 -22 -23 28 -25 -26 -27 -28 -29 -30 -31
leaf_value=-0.052878660533823708 0.053015224335664392 -0.050319573557966395 -0.065133982579843361 -0.05656780872357911 0.033773472339908316 -0.077129257977700705 -0.050973893645093797 0.071669595770598588 0.02376268890578432 0.059779331644168543 0.063584988699620176 0.050082447970588508 -0.0048844219460911983 -0.037858184821790791 -0.054490287944283414 0.031418676823956465 0.03104092646532124 -0.058192604020813776 0.050414982127472724 0.063966636103784072 -0.025306610080084453 0.060829440342496779 0.015641976924371224 -0.049826539865966898 -0.0040625529429056942 0.060299696552906269 -0.016206791183087706 -0.019489472356890632 0.034773011500780784 -0.04404999350313514
leaf_weight=34.44235797971487 66.321579597890377 42.601649217307568 4.3267604559659949 27.952793031930923 9.1142961457371694 23.688001841306686 16.832366809248924 25.240703962743282 34.438264280557632 34.94676248729229 7.5839812010526684 3.345027044415473 19.688307657837868 6.4205467700958243 3.8851118087768581 39.22102976590395 27.984374396502972 51.142432555556297 6.7824838012456885 4.7250655442476264 46.689887881278992 7.1712389811873427 66.295125745236874 12.520616710186003 155.46195251494646 18.655848130583763 12.006939381361006 23.547058880329132 32.046958573162556 11.786428347229956
leaf_count=182 749 218 18 130 44 76 74 190 169 368 70 22 84 25 16 229 230 264 32 29 173 52 337 41 632 179 52 90 244 44
internal_value=-2.40378e-06 -0.00434049 0.00135754 0.00391188 0.000246436 0.00332475 -0.00422005 0.01694 0.00102333 0.0346378 0.00883359 -0.0437643 -0.035209 0.000701885 0.0103641 0.0216733 0.0206141 -0.0425231 -0.0277127 -0.0389093 -0.0103608 0.00715806 0.00382365 -0.00215929 0.000983534 0.0369332 0.014682 -0.00462621 0.0148205 0.00663146
internal_weight=876.866 810.544 705.293 667.505 596.362 548.721 353.07 195.652 329.382 71.143 170.411 37.7874 47.6411 132.164 36.1962 45.6416 31.8695 105.252 54.1092 47.3267 86.5225 39.8326 312.549 202.421 189.9 38.2468 19.5909 32.6614 110.129 78.0816
internal_count=5063 4314 3771 3567 2935 2721 1617 1104 1541 632 914 204 214 613 264 254 246 543 279 247 359 186 1467 842 801 301 122 134 625 381
is_linear=0
shrinkage=0.05


Tree=29
num_leaves=31
num_cat=0
split_feature=1 0 5 3 6 4 4 4 7 4 4 4 4 4 4 4 4 4 7 3 2 6 1 1 6 3 2 5 0 2
split_gain=75.6324 66.085 27.4859 24.2065 21.4486 17.1216 51.745 34.5403 15.0973 12.9588 39.1285 30.7873 16.6977 19.3626 18.2172 12.7992 49.3532 43.4501 12.4621 12.1551 19.3176 11.5127 11.0352 14.2585 11.6171 11.0291 10.7074 8.78396 8.03126 7.71953
threshold=-0.02267143345338191 0.75961552443556102 -0.97481373065111521 -1.2294918527492065 -0.39433179566134463 -0.24578499939545764 -0.15374285239996058 -0.33782723843310175 1.2464621417669686 0.85872076455050717 0.76667852551286308 0.95076291154600423 1.2268893525324958 1.3189314995279926 1.1348471134948515 0.30646788257752478 0.39851002957302184 0.21442564353988061 -0.57886118328956893 0.24699002845435353 0.045484203462505902 -0.39547483062184702 -0.2949122127224057 -0.17231209418310087 -0.32907372651871886 -1.1552715119872261 -0.3155233992441186 0.65903693769190641 1.2558773267522143 1.6911911582797596
decision_type=2 2 2 2 2 2 2 2 2 2 2 2 2 2 2 2 2 2 2 2 2 2 2 2 2 2 2 2 2 2
left_child=1 2 21 18 27 7 -7 19 -3 10 15 -11 14 -14 -13 17 -17 -8 -4 -6 -21 -1 24 29 -22 28 -15 -5 -10 -24
right_child=-2 8 3 4 5 6 9 -9 25 11 -12 12 13 26 -16 16 -18 -19 -20 20 22 -23 23 -25 -26 -27 -28 -29 -30 -31
leaf_value=-0.056847741838754351 0.052356709995747534 -0.041008184328360668 -0.016323107862309352 0.0018527861277349519 -0.0044443021874389322 -0.075604986183380962 -0.00030711219722324642 0.071502972132555367 0.065090806104295656 -0.080944353868192306 0.075129628788530689 -0.00095283184160606697 -0.082711937752400891 -0.058815385985725943 0.080392050584321514 -0.089492622972907568 0.0052750805654971852 0.083002644066049694 0.045444367969735978 0.055694351440698779 -0.016750515628813422 0.0145618585633719 -0.036691294031960607 0.062321949576504859 0.075218789077061698 -0.05404318953327452 0.010055009573183548 -0.055757709944089122 -0.037795557063170615 0.032706305363576695
leaf_weight=26.434543490409851 63.860477536916733 125.33528477698565 9.782809451222418 9.4544634819030779 91.901797451078892 22.747961014509201 90.983611725270748 24.382011748850346 7.9132162481546384 14.272105365991591 20.268267400562763 19.235577061772346 9.6646995395421964 6.9782967716455415 10.717650391161444 16.563835233449936 80.538270123302937 18.902462333440781 49.411769896745682 27.928682811558247 5.5416448712348929 7.1765515655279151 24.618289969861507 5.499223634600642 9.0262977927923185 4.393401786684989 29.50720847398043 22.042144954204559 2.4947038292884827 4.7862917780876151
leaf_count=153 749 654 59 44 397 75 417 189 70 42 135 88 28 28 71 46 377 118 495 252 27 36 98 53 60 17 145 100 12 28
internal_value=-3.46253e-06 -0.00419098 0.0024453 0.00481492 0.00163085 0.00399549 -0.00275773 0.0158636 -0.0353685 0.00245939 0.0088282 -0.0135555 -0.000917651 -0.0197859 0.0281534 0.00233596 -0.0108905 0.0140237 0.0352363 0.00785069 0.0224492 -0.0416006 0.00368107 -0.011575 0.0402337 0.0123878 -0.00311729 -0.0384645 0.0404297 -0.0253952
internal_weight=862.364 798.503 658.366 624.755 565.561 534.064 340.38 193.684 140.137 317.632 227.256 90.3755 76.1034 46.1502 29.9532 206.988 97.1021 109.886 59.1946 169.302 77.4004 33.6111 49.4717 34.9038 14.5679 14.8013 36.4855 31.4966 10.4079 29.4046
internal_count=5063 4314 3561 3372 2818 2674 1570 1104 753 1495 1093 402 360 201 159 958 423 535 554 915 518 189 266 179 87 99 173 144 82 126
is_linear=0
shrinkage=0.05


Tree=30
num_leaves=31
num_cat=0
split_feature=1 0 5 3 6 4 4 4 2 5 3 2 6 5 2 7 0 6 0 1 0 2 3 7 5 1 3 4 4 4
split_gain=70.909 61.2898 28.3644 25.8539 22.3904 19.0357 46.8948 30.7783 16.8283 16.476 14.0935 11.8626 11.8557 10.8557 10.2482 9.71975 17.8393 21.3521 9.49081 9.37372 8.13278 7.70092 8.72975 7.55089 10.8186 7.54774 9.47345 7.79657 36.5783 26.1168
threshold=-0.02267143345338191 1.1992588846131529 -0.97481373065111521 -1.2294918527492065 -0.39231552863354918 -0.24578499939545764 -0.15374285239996058 -0.33782723843310175 -0.95748388192256695 0.90004681355772054 0.97837290288751211 -0.42513718670068118 -0.33245463629139843 0.26904241267568801 -1.1017690559774416 -0.8141417747390739 1.9668001027168092 -0.24297764058301027 -1.4718732957946667 -0.4358445192622965 -1.3361055081240953 0.045484203462505902 0.28021387243794593 0.35610898840135946 -0.015559208253519061 -0.16814949846880164 0.85157337917873976 0.85872076455050717 0.76667852551286308 0.95076291154600423
decision_type=2 2 2 2 2 2 2 2 2 2 2 2 2 2 2 2 2 2 2 2 2 2 2 2 2 2 2 2 2 2
left_child=1 2 12 9 11 7 -7 10 -8 14 13 -5 -1 20 -4 16 17 -3 -16 -15 -6 22 -22 24 -12 27 -27 28 -10 -29
right_child=-2 15 3 4 5 6 8 -9 25 -11 23 -13 -14 19 18 -17 -18 -19 -20 -21 21 -23 -24 -25 -26 26 -28 29 -30 -31
leaf_value=-0.051547459755263106 0.051712206311941358 -0.047129700792682201 -0.064019805990745707 -0.055380550597874535 0.038006681512454094 -0.073949069829762376 -0.053258352762314332 0.06912452441328365 -1.2512929243000833e-05 0.058484873940182459 0.062668834305450324 -0.0038965577684135742 0.04848006851853108 -0.036092787179961887 -0.051041039252331492 -0.056915839828235198 0.049778786942598983 0.082292007248051469 0.030055697069521367 0.029656891255969254 -0.008870874117463649 -0.029142005711048909 0.057068224474262887 0.059386194818786646 -0.015279263398592983 -0.021259717947730822 0.054704766298747542 -0.076828647239051084 0.07467127522298049 0.00057610521781032938
leaf_weight=32.132975302636623 61.483952395617962 41.220612913370132 4.2151346504688254 26.153100281953812 8.0403719246387464 22.339714005589485 13.71881181001663 23.682103157043457 193.64247661828995 32.591555222868919 7.1110846176743534 19.553928002715111 3.2631023973226538 6.3036085516214362 4.1715093851089504 47.985364452004433 6.8049761354923239 3.4539116770029059 26.695483773946762 38.707430101931095 29.22438457608223 42.52647227793932 6.0603416413068762 17.504025258123875 11.901765733957289 5.749501675367358 14.341942168772219 13.013733223080633 17.911486685276031 67.012008771300316
leaf_count=182 749 225 18 130 43 76 63 190 848 368 70 84 22 25 21 264 32 22 225 229 117 153 46 179 52 34 143 40 117 296
internal_value=-1.53451e-06 -0.00404147 0.00126547 0.00363137 0.000243937 0.00309423 -0.00387218 0.015773 0.000938958 0.0328886 0.00822446 -0.0333552 -0.0423261 0.000560248 0.00910951 -0.0407266 -0.0256363 -0.0371237 0.0190959 0.0204489 -0.00986717 -0.0148141 0.00245452 0.0356901 0.0138745 0.00332456 0.0329663 0.00128208 0.00631069 -0.0120114
internal_weight=848.517 787.033 687.568 652.172 584.498 538.791 347.73 191.062 325.39 67.6737 167.379 45.707 35.3961 130.863 35.0821 99.4649 51.4795 44.6745 30.867 45.011 85.8516 77.8112 35.2847 36.5169 19.0129 311.671 20.0914 291.58 211.554 80.0257
internal_count=5063 4314 3771 3567 2935 2721 1617 1104 1541 632 914 214 204 613 264 543 279 247 246 254 359 316 163 301 122 1478 177 1301 965 336
is_linear=0
shrinkage=0.05


Tree=31
num_leaves=31
num_cat=0
split_feature=1 0 5 3 6 4 4 4 7 7 6 4 4 4 4 4 4 4 4 4 3 5 0 1 2 5 3 1 7 1
split_gain=66.4951 57.5785 23.7719 20.8785 18.4683 14.3639 45.0142 30.7911 13.3794 11.4866 10.9427 10.9011 34.1188 26.8005 15.1073 17.9571 16.9574 11.5953 45.2432 40.1756 10.6916 10.7016 10.0549 9.80382 9.52175 8.3755 8.15229 10.3067 7.2967 7.14163
threshold=-0.02267143345338191 0.75961552443556102 -0.97481373065111521 -1.2294918527492065 -0.39433179566134463 -0.24578499939545764 -0.15374285239996058 -0.33782723843310175 1.17976800211045 -0.57886118328956893 -0.39547483062184702 0.85872076455050717 0.76667852551286308 0.95076291154600423 1.2268893525324958 1.3189314995279926 1.1348471134948515 0.30646788257752478 0.39851002957302184 0.21442564353988061 0.13192560931808389 1.067746771576741 -1.0473081786632019 -0.46139035719728066 -0.3155233992441186 0.65903693769190641 0.17993259066919218 -0.17231209418310087 -0.27356535624962947 -0.39460356469970309
decision_type=2 2 2 2 2 2 2 2 2 2 2 2 2 2 2 2 2 2 2 2 2 2 2 2 2 2 2 2 2 2
left_child=1 2 10 9 25 7 -7 20 -3 -4 -1 12 17 -13 16 -16 -15 19 -19 -8 29 22 -22 -10 -17 28 -24 -28 -5 -6
right_child=-2 8 3 4 5 6 11 -9 23 -11 -12 13 -14 14 15 24 -18 18 -20 -21 21 -23 26 -25 -26 -27 27 -29 -30 -31
leaf_value=-0.055961693081167656 0.051079456377050664 -0.039405758449020334 -0.016195385939706937 -0.03637086678729623 0.0096909805955061271 -0.072672777083281945 -0.00031126451882254147 0.069178196568454628 0.039280813661664624 0.043672566584124224 0.0147084151560474 -0.077176470310770739 0.071926357917962105 -0.00094370713009940131 -0.080377963289121335 -0.056778331995030663 0.078316499490330149 -0.086416998207020951 0.0049702080397844425 0.080612883188139639 0.052116104812918854 0.050949598662115653 0.056271563710418554 -0.049434553612942161 0.0093438097976985147 -0.05433478136334368 -0.013046400196047504 0.049684022000380405 0.052531064541574718 -0.021662697258994969
leaf_weight=24.392670236527923 59.191563501954079 118.42367178946733 9.6652645245194417 5.260459303855896 33.961410805583 21.396138682961464 90.847581908106804 22.832050696015358 9.947761617600916 46.839951783418655 7.0638849735260001 13.590457230806349 19.172985389828682 19.185525231063366 9.4332175403833372 6.6816907003521875 10.409670703113081 16.285447463393211 80.431151904165745 18.452421501278877 11.708600915968416 19.941219113767147 6.1336431056261054 4.5332707911729804 29.405917204916481 20.698930442333221 47.915022179484367 7.5844068303704253 4.1123518645763415 39.039291337132454
leaf_count=153 749 652 59 22 165 75 417 189 82 495 36 42 135 88 28 28 71 46 377 118 78 208 30 19 145 100 208 80 22 146
internal_value=-1.56811e-06 -0.0039012 0.00229614 0.0044785 0.00152793 0.0037131 -0.00250165 0.0147315 -0.0338582 0.0334321 -0.040092 0.00228144 0.00812954 -0.0125645 -0.000874531 -0.0189547 0.0269349 0.00219228 -0.0104179 0.0133506 0.00725557 0.0184713 0.00964065 0.0115086 -0.00289883 -0.0365783 0.00157148 -0.00447382 0.00263515 -0.00707633
internal_weight=834.538 775.346 642.441 610.985 554.48 524.408 335.292 189.116 132.905 56.5052 31.4566 313.896 225.19 88.7065 75.116 45.5208 29.5952 206.017 96.7166 109.3 166.284 93.2829 73.3417 14.481 36.0876 30.0717 61.6331 55.4994 9.37281 73.0007
internal_count=5063 4314 3561 3372 2818 2674 1570 1104 753 554 189 1495 1093 402 360 201 159 958 423 535 915 604 396 101 173 144 318 288 44 311
is_linear=0
shrinkage=0.05


Tree=32
num_leaves=31
num_cat=0
split_feature=1 0 5 3 6 4 4 4 5 2 3 2 6 7 0 3 5 2 0 1 7 5 0 7 3 2 3 1 3 4
split_gain=62.3549 53.4809 24.7677 22.2999 19.356 16.1058 40.9544 27.4079 15.7288 14.8155 12.7217 11.3187 10.8705 9.77924 16.7788 20.5652 9.49819 9.38056 8.64574 8.51959 7.21159 9.90201 7.12118 7.0021 7.30824 6.82652 7.85453 6.78891 8.87378 6.39458
threshold=-0.02267143345338191 1.1992588846131529 -0.97481373065111521 -1.2294918527492065 -0.39231552863354918 -0.24578499939545764 -0.15374285239996058 -0.33782723843310175 0.90004681355772054 -0.95748388192256695 0.97837290288751211 -0.42513718670068118 -0.33245463629139843 -0.8141417747390739 1.9668001027168092 -1.2022116864321746 0.26904241267568801 -1.1017690559774416 -1.4718732957946667 -0.43145538629536023 0.35610898840135946 -0.015559208253519061 -1.3361055081240953 0.70558628020151504 0.25994426689521632 0.045484203462505902 0.28021387243794593 -0.16814949846880164 0.85157337917873976 0.85872076455050717
decision_type=2 2 2 2 2 2 2 2 2 2 2 2 2 2 2 2 2 2 2 2 2 2 2 2 2 2 2 2 2 2
left_child=1 2 12 8 11 7 -7 10 17 -8 16 -5 -1 14 15 -3 22 -4 -19 -18 21 -12 -6 24 -21 26 -24 29 -29 -11
right_child=-2 13 3 4 5 6 9 -9 -10 27 20 -13 -14 -15 -16 -17 19 18 -20 23 -22 -23 25 -25 -26 -27 -28 28 -30 -31
leaf_value=-0.050264620294509149 0.050456381176213386 -0.047727715339095138 -0.062965965538118007 -0.054290816489471608 0.035738761063891879 -0.071268101783994398 -0.051494730460927729 0.066943173012636178 0.057336060150512361 0.0057053738144082957 0.061815833489389009 -0.0031609632500634757 0.046940464881409606 -0.055903785606578285 0.049081893687831231 0.063442661871965109 -0.027732658482172209 -0.050027558287268785 0.028259278530891677 -0.019232304778499687 0.058564323813574598 -0.014323935921440165 -0.0082177151955546389 0.048931355129360948 0.052045573332835798 -0.027486849347792455 0.055381258175493664 -0.020228591223917753 0.053712236526190719 -0.010992389564879053
leaf_weight=29.978656783699989 56.982524685561657 37.501230828464031 4.1063074469566336 24.464848734438419 7.9488459900021544 20.962166622281075 12.964936360716818 22.132297240197659 30.479041717946529 209.87910562008619 6.6692713573575046 19.412723809480667 3.1813696771860114 45.010040372610092 6.8295580595731726 4.6790548712015143 7.9371976256370536 4.0819066464900997 25.926852323114872 10.669583544135095 16.425188317894936 11.870302036404608 29.120078206062317 20.340646296739578 5.4245395660400382 42.246866703033447 5.8259224742650977 5.7782781049609211 13.627128958702086 78.888773821294308
leaf_count=182 749 218 18 130 43 76 63 190 368 965 70 84 22 264 32 29 33 21 225 41 179 52 117 148 32 153 46 34 143 336
internal_value=-6.27037e-07 -0.00376215 0.00119099 0.00338349 0.000241792 0.0028901 -0.00355521 0.0147058 0.0312328 0.000864718 0.00767675 -0.0316695 -0.0409388 -0.0390771 -0.0236236 -0.0353956 0.000451639 0.00791172 0.0176104 0.019208 0.0344395 0.0130659 -0.00932334 0.0294339 0.00479197 -0.0139636 0.00238501 0.00306749 0.0316951 0.0011437
internal_weight=821.345 764.363 670.343 637.183 572.589 528.711 342.1 186.611 64.5941 321.138 164.478 43.8776 33.16 94.0199 49.0098 42.1803 129.514 34.1151 30.0088 44.372 34.9648 18.5396 85.1417 36.4348 16.0941 77.1929 34.946 308.173 19.4054 288.768
internal_count=5063 4314 3771 3567 2935 2721 1617 1104 632 1541 914 214 204 543 279 247 613 264 246 254 301 122 359 221 73 316 163 1478 177 1301
is_linear=0
shrinkage=0.05


Tree=33
num_leaves=31
num_cat=0
split_feature=1 0 5 3 1 6 7 3 5 7 2 2 3 5 4 4 4 4 4 4 4 4 4 4 4 4 0 5 4 5
split_gain=58.476 50.1303 20.548 17.9919 16.1946 12.6285 11.8999 11.3752 17.1492 21.8796 19.3269 11.1091 8.80566 8.53432 7.37423 19.1482 12.4457 9.0973 29.9422 14.3666 9.57575 35.3361 33.5147 10.9694 31.9045 29.5916 7.29354 6.79871 6.34826 11.7599
threshold=-0.02267143345338191 0.75961552443556102 -0.97481373065111521 -1.2294918527492065 -0.45780977284132413 -0.33245463629139843 1.17976800211045 0.97837290288751211 -0.066279727275328673 0.26012387149161126 1.3504548344195155 0.1824203381326519 -1.1852949352523394 -0.71429256722425694 1.2268893525324958 1.1348471134948515 1.3189314995279926 0.85872076455050717 0.76667852551286308 0.95076291154600423 0.30646788257752478 0.21442564353988061 0.39851002957302184 -0.24578499939545764 -0.33782723843310175 -0.15374285239996058 1.2770016973067679 0.087454868667301192 0.95076291154600423 -0.37465560615706867
decision_type=2 2 2 2 2 2 2 2 2 2 2 2 2 2 2 2 2 2 2 2 2 2 2 2 2 2 2 2 2 2
left_child=1 2 5 11 -5 -1 28 14 -9 10 27 13 26 -4 15 17 -16 18 20 -19 21 23 -22 24 -6 -25 -8 -10 -3 -30
right_child=-2 6 3 4 7 -7 12 8 9 -11 -12 -13 -14 -15 16 -17 -18 19 -20 -21 22 -23 -24 25 -26 -27 -28 -29 29 -31
leaf_value=-0.04887288495817213 0.049841088848603762 -0.045509801647077637 -0.035820270870476532 -0.04863573417768105 -0.00061108738414932472 0.065969162295683198 0.062982142967042548 0.059038664069331705 0.006820032475306762 0.047031804828296143 0.038216080438256833 -0.024500802584650601 -0.047836737214799585 0.046840675471598731 -0.078135696920964823 0.081775250695951901 -0.0069397315208286616 -0.073807543791967953 0.071288190686436895 0.0010177404673932977 -0.084255139706600049 0.08044800210521863 -0.00098084611380312692 -0.07185788273291277 0.070543935740762093 -0.0004820114429853967 -0.038360287689545254 -0.042989613068226976 0.0044646435258096188 -0.056225525593972071
leaf_weight=26.816542111337188 54.855738788843155 78.933388322591782 3.3666728883981696 15.685774035751818 138.59479352086782 2.6284319311380377 7.2140483781695348 20.538721099495888 9.1519750356674177 23.743525750935078 14.254325479269026 7.5631523281335822 4.338188871741294 43.061429753899574 7.7611339390277854 7.2883115857839575 29.355931513011456 10.481770172715189 14.974996432662008 16.534109972417355 14.691013544797896 14.200797095894812 68.045243285596371 17.961089283227921 17.773922577500343 75.823693819344044 2.3549621254205704 27.245842546224594 20.209190279245377 13.192406445741652
leaf_count=169 749 454 18 82 666 20 71 236 46 231 89 34 19 502 24 44 128 34 105 72 42 86 297 65 139 329 11 103 119 79
internal_value=-7.14052e-07 -0.00362789 0.00215543 0.00416291 0.00143116 -0.0386214 -0.0323764 0.00291735 0.0185934 0.0074275 -0.0111373 0.0316927 0.0112528 0.0408466 -0.000515726 0.00147989 -0.0218267 -2.42115e-05 0.00206423 -0.0280134 -0.000922394 0.00372372 -0.0157674 -0.000631791 0.00747687 -0.0141515 0.0380415 -0.0304653 -0.0377778 -0.0195057
internal_weight=808.641 753.785 627.543 598.098 544.107 29.445 126.242 528.421 94.9344 74.3957 50.6521 53.9913 13.9072 46.4281 433.487 396.37 37.1171 389.081 362.066 27.0159 347.091 264.354 82.7363 250.153 156.369 93.7848 9.56901 36.3978 112.335 33.4016
internal_count=5063 4314 3561 3372 2818 189 753 2736 705 469 238 554 101 520 2031 1879 152 1835 1729 106 1624 1285 339 1199 805 394 82 149 652 198
is_linear=0
shrinkage=0.05


Tree=34
num_leaves=31
num_cat=0
split_feature=1 0 7 1 6 1 2 3 5 7 2 4 7 5 3 0 6 5 3 5 3 2 0 7 7 5 5 0 1 1
split_gain=54.8345 46.6636 19.1421 21.7618 16.2708 14.3087 13.1384 11.9698 15.9569 19.8947 16.6707 10.5802 8.7755 8.46398 7.47087 10.2804 11.0862 11.7036 7.21154 8.43167 12.9836 12.5308 7.55049 6.92494 6.05709 6.48261 5.80463 6.06943 5.50773 8.56216
threshold=-0.02267143345338191 0.97532326449953566 -0.75683925883010617 -0.46139035719728066 -0.39231552863354918 -0.45054768402603013 -0.27567258358095698 0.97837290288751211 -0.066279727275328673 0.26012387149161126 1.3977233068034023 -1.4423330023790664 -0.81844286619447371 -0.71429256722425694 -1.1222561098107391 1.9668001027168092 -0.26061443977561777 1.1183285548757507 -1.0970535034223874 0.93742207714292702 -0.60631531604337974 -0.76720904743073381 0.06472089210630276 0.39413825905448446 1.0762968083004807 0.050414532736126907 0.087454868667301192 -0.60929981399221511 -0.42820906759540006 -0.40388620134612946
decision_type=2 2 2 2 2 2 2 2 2 2 2 2 2 2 2 2 2 2 2 2 2 2 2 2 2 2 2 2 2 2
left_child=1 2 5 11 6 -1 -5 18 -9 10 26 -4 -7 -13 15 16 17 28 -6 21 -21 -20 -22 -23 25 -8 -10 -28 -3 -30
right_child=-2 14 3 4 7 12 24 8 9 -11 -12 13 -14 -15 -16 -17 -18 -19 19 20 22 23 -24 -25 -26 -27 27 -29 29 -31
leaf_value=-0.055197554380826332 0.049231820602810603 -0.055620440731284498 -0.03219588325270057 -0.055335952681506033 0.0322193646013475 0.048600567067593907 -0.012672088909995487 0.058833456230986882 0.0089733239942874077 0.046351017425138051 0.04233759785915929 -0.061012193664149908 -0.04956086165443354 0.044834827312191128 -0.050837778512420731 0.029879682539853503 0.060806683393179232 0.0250111386667221 -0.060635380399938092 -0.063622948559428946 0.035925001640112302 -0.00022764981188734638 -0.030533851185752466 -0.021204239932217515 -0.045382161790906109 0.060388724404567586 -0.052096167043622445 -0.0039457776775063489 0.06125498698993706 -0.044961896841854143
leaf_weight=24.579613894224167 52.809886775910854 34.348796367645264 5.5317624136805525 22.546398669481277 16.023735716938972 6.7190471515059471 6.4797190725803393 19.892212469130754 9.475894168019293 23.623248808085918 12.005519211292265 1.9659259468317021 3.4437984377145749 48.06403648853302 42.384241692721844 7.8583090901374808 3.0687291026115409 6.5762086883187285 9.682746544480322 4.3159650862216941 34.601886171847582 301.3532867655158 4.876000113785266 45.252951413393021 4.6744379699230185 5.7130236774682999 19.60402924567461 9.8245243132114428 2.7821427211165428 5.9655510783195478
leaf_count=166 749 211 33 123 87 41 27 235 48 235 79 10 17 547 267 37 16 45 46 16 228 1370 24 185 17 32 71 44 21 36
internal_value=1.37234e-06 -0.00349666 0.001528 0.00359891 0.000585999 -0.0345647 -0.030367 0.0029756 0.0190472 0.00842868 -0.00916805 0.0334204 0.0153374 0.0406756 -0.0347349 -0.0234723 -0.0314216 -0.0371194 -0.000671474 -0.00198879 0.0187148 -0.00453361 0.0277165 -0.00296636 0.00300907 0.0215612 -0.0250622 -0.0360215 -0.0466 -0.0111804
internal_weight=796.044 743.234 640.25 605.507 549.946 34.7425 39.4136 510.532 94.4254 74.5332 50.91 55.5617 10.1628 50.03 102.984 60.5997 52.7414 49.6727 416.107 400.083 43.7939 356.289 39.4779 346.606 16.8672 12.1927 38.9044 29.4286 43.0965 8.74769
internal_count=5063 4314 3681 3457 2867 224 199 2668 712 477 242 590 58 557 633 366 329 313 1956 1869 268 1601 252 1555 76 59 163 115 268 57
is_linear=0
shrinkage=0.05


Tree=35
num_leaves=31
num_cat=0
split_feature=1 0 5 3 5 6 4 4 4 2 2 3 2 0 7 6 0 5 3 7 1 2 2 3 1 3 7 5 6 1
split_gain=51.4211 43.66 20.5128 15.3229 17.0724 15.2096 12.8506 36.2976 24.8497 12.714 11.0227 11.0189 9.87403 9.84542 9.45028 14.5449 18.3616 9.08148 9.63085 8.25695 8.04275 7.38913 7.00716 7.54643 6.11573 9.68803 6.02421 9.55329 5.89241 5.40534
threshold=-0.02267143345338191 1.1992588846131529 -1.0858275335679293 -1.2294918527492065 0.90004681355772054 -0.39231552863354918 -0.24578499939545764 -0.15374285239996058 -0.33782723843310175 -0.95748388192256695 -0.42513718670068118 1.0147971523492674 -0.60179964423319177 -1.0473081786632019 -0.8141417747390739 -0.24297764058301027 1.9668001027168092 0.20990175637667283 0.24699002845435353 1.0762968083004807 -0.43145538629536023 0.25001256699540064 0.045484203462505902 0.28021387243794593 -0.42820906759540006 -1.2259865799822136 0.35610898840135946 0.023276283848430081 -0.38624550650724232 -0.16814949846880164
decision_type=2 2 2 2 2 2 2 2 2 2 2 2 2 2 2 2 2 2 2 2 2 2 2 2 2 2 2 2 2 2
left_child=1 2 28 4 12 10 8 -8 11 -9 -5 17 -4 -14 15 16 24 22 19 21 -21 -19 23 -7 -3 -26 27 -13 -1 -11
right_child=-2 14 3 5 -6 6 7 9 -10 29 -12 26 13 -15 -16 -17 -18 18 -20 20 -22 -23 -24 -25 25 -27 -28 -29 -30 -31
leaf_value=-0.055189587078855344 0.048626984223602655 -0.0563912058967041 -0.045818012420091501 -0.052878330223053431 0.055799502651204494 -0.0039778133575265988 -0.069213821879270429 -0.049696941189838341 0.065087437097162526 0.0012009505227377146 -0.0012377506398185321 0.061068060347190492 -0.036346867557941177 0.034441992454418438 -0.054288601941939088 0.07616000149829133 0.044842478598612845 -0.055881351979454867 0.054959231164929213 -0.022529427019487139 0.050108872857016477 0.010940448155581655 -0.02328907166115407 0.055488364773031956 0.064680380754450359 -0.044019226888114035 0.057209201306496295 -0.016064429442026039 0.0048244763434021421 0.029337627606897121
leaf_weight=20.185524255037311 50.8434177339077 26.040221929550167 7.9468770921230307 22.2086131721735 27.548872731626034 32.212943613529205 19.605441227555275 11.95073541998863 20.549998920410872 286.69273418933153 19.325510323047638 6.4711624719202581 6.4484849944710758 20.612443570047617 40.604814656078815 3.5413710325956336 6.9766196012496939 8.0085091888904589 12.730431787669657 5.5156375914812079 12.328741475939752 8.5581674426794034 44.174983151257038 6.39407143741846 3.0065444633364677 6.441812492907049 14.32205133885145 10.573852404952047 5.1293538510799399 18.150006905198097
leaf_count=151 749 165 49 130 368 133 76 63 190 1308 85 73 38 192 264 22 32 27 102 24 82 37 167 52 23 37 174 46 26 178
internal_value=-8.18986e-07 -0.00336804 0.00109065 0.00288534 0.0263546 0.000262574 0.00259582 -0.00319294 0.0133048 0.000892906 -0.0288504 0.00670722 0.00318333 0.0175734 -0.0367083 -0.0211922 -0.0293108 0.000285852 0.0178033 0.00405739 0.0276566 -0.0213619 -0.00968973 0.00587094 -0.0438884 -0.00943012 0.0333047 0.013219 -0.0430294 0.00287618
internal_weight=785.1 734.257 647.645 622.33 62.5567 559.774 518.239 336.399 181.841 316.793 41.5341 161.291 35.0078 27.0609 86.6114 46.0066 42.4652 129.923 47.1415 34.4111 17.8444 16.5667 82.782 38.607 35.4886 9.44836 31.3671 17.045 25.3149 304.843
internal_count=5063 4314 3771 3594 647 2947 2732 1625 1107 1549 215 917 279 230 543 279 257 624 272 170 106 64 352 185 225 60 293 119 177 1486
is_linear=0
shrinkage=0.05


Tree=36
num_leaves=31
num_cat=0
split_feature=1 0 5 3 1 1 4 0 6 7 2 5 1 7 3 7 2 2 2 3 0 1 5 7 3 3 3 3 0 0
split_gain=48.2183 40.8003 20.5351 22.5524 20.1349 19.7937 14.7232 13.5333 12.1437 11.4401 14.2621 13.3927 11.2409 10.975 10.7612 9.52477 9.41615 8.17379 16.6968 11.7013 13.2993 10.4538 8.19139 8.0361 7.75326 10.7302 10.0652 7.1213 18.1973 6.93963
threshold=-0.02267143345338191 1.2779195046795269 -0.58544351638749659 -1.2294918527492065 -0.44882696580738807 -0.16814949846880164 0.95076291154600423 -0.74502950012727387 -0.39231552863354918 1.3189545882589309 -0.77869296559492873 0.35074444038093983 -0.43145538629536023 0.97407783099018419 -1.0478272815207041 0.97407783099018419 -0.21640051345653846 1.2102221417103725 0.029892683561627432 0.28021387243794593 -0.43335820690994825 -0.23142983651022844 -0.38634794457304028 -0.42266078600422136 0.68286303115078406 0.20599354691628194 -0.41123926640203518 -1.2294918527492065 1.9668001027168092 -1.0326204763560825
decision_type=2 2 2 2 2 2 2 2 2 2 2 2 2 2 2 2 2 2 2 2 2 2 2 2 2 2 2 2 2 2
left_child=1 2 4 15 -1 8 7 -6 13 10 -10 -11 -13 16 -12 29 -5 18 19 20 -16 24 -19 -22 25 26 -20 28 -3 -4
right_child=-2 27 3 5 6 -7 -8 -9 9 11 14 12 -14 -15 17 -17 -18 22 21 -21 23 -23 -24 -25 -26 -27 -28 -29 -30 -31
leaf_value=-0.047960864742983993 0.04802511253994686 -0.044719236178573429 -0.03316758956360321 -0.041214666618697077 0.024704984709541241 0.047867540509972384 0.06689570225066685 -0.030728181636593493 -0.047948604980285546 -0.037880543065563363 0.048621962607170943 -0.024995783829005701 0.049956917393144049 -0.04865187901815201 -0.021560940287672706 0.057551420912493712 0.045613710053261293 -0.053546472968166871 0.014809503350348131 0.032555582377776192 0.041663641296905168 0.019057648947137028 0.011530713303357483 -0.00059103034218195138 -0.050121451670095386 0.0044291674664613092 -0.041528752987567474 -0.054227392438611882 0.053447950531133152 0.028372050114796168
leaf_weight=40.094222761690617 48.954616062343121 18.954830020666126 5.9049700275063541 5.4316039979457855 17.012884248048067 21.51956008374691 6.9045362398028365 31.207205750048161 15.865834161639212 6.9924133643507949 11.239980973303316 5.9840791821479788 30.488458514213562 24.033892147243023 45.698424510657787 25.254057295620441 7.3444279730319959 5.0266255065798751 9.6487224102020246 32.370521537959576 18.78283446282148 15.748593911528586 127.16551122069359 28.064834475517277 23.285940326750278 33.798688843846321 44.451441884040833 39.760002560913563 6.2864737063646308 20.43278369307518
leaf_count=281 749 126 36 28 98 249 44 146 87 31 67 26 296 131 178 348 39 18 45 208 92 85 635 121 90 156 157 262 31 203
internal_value=-1.93728e-06 -0.003246 0.000477721 0.00410052 -0.0210012 0.000931122 -0.00139237 -0.0111704 -0.00112424 0.00111232 -0.00146659 0.0255069 0.0376594 -0.0287463 0.00039911 0.0356117 0.00869948 -0.00101226 -0.006297 0.00668057 -0.00236992 -0.0190684 0.00905614 0.0163503 -0.0244687 -0.0176728 -0.0314809 -0.0410411 -0.0202702 0.0145748
internal_weight=773.709 724.754 659.753 564.534 95.2188 512.942 55.1246 48.2201 491.423 454.613 411.148 43.465 36.4725 36.8099 395.282 51.5918 12.776 384.042 251.85 124.917 92.5461 126.933 132.192 46.8477 111.185 87.8989 54.1002 65.0013 25.2413 26.3378
internal_count=5063 4314 3895 3326 569 2739 288 244 2490 2292 1939 353 322 198 1852 587 67 1785 1132 599 391 533 653 213 448 358 202 419 157 239
is_linear=0
shrinkage=0.05


Tree=37
num_leaves=31
num_cat=0
split_feature=1 0 5 3 1 7 7 4 4 4 3 1 0 2 1 4 4 4 4 4 4 4 4 4 2 3 6 3 0 4
split_gain=45.209 38.2887 15.9838 11.6623 13.1724 12.6817 9.38868 9.1788 36.5557 27.7965 9.13896 8.37563 11.0963 8.06645 9.24454 7.61983 31.2424 23.4195 12.6921 15.1956 15.0576 9.74523 38.8476 34.5096 7.84259 7.14745 6.49333 6.46459 6.23499 6.07082
threshold=-0.02267143345338191 0.75961552443556102 -1.0858275335679293 -1.2294918527492065 -0.45780977284132413 -0.57886118328956893 1.17976800211045 -0.24578499939545764 -0.15374285239996058 -0.33782723843310175 0.13192560931808389 -0.2949122127224057 -1.0222867537475155 0.075788148535966007 -0.17662062535059755 0.85872076455050717 0.76667852551286308 0.95076291154600423 1.2268893525324958 1.3189314995279926 1.1348471134948515 0.30646788257752478 0.39851002957302184 0.21442564353988061 -0.3155233992441186 -1.1852949352523394 -0.38624550650724232 0.47087024556992019 1.2770016973067679 1.1348471134948515
decision_type=2 2 2 2 2 2 2 2 2 2 2 2 2 2 2 2 2 2 2 2 2 2 2 2 2 2 2 2 2 2
left_child=1 2 26 5 -5 -4 29 9 -9 10 -6 27 -13 -14 -15 16 21 -17 20 -20 -19 23 -23 -10 -21 28 -1 -12 -8 -3
right_child=-2 6 3 4 7 -7 25 8 15 -11 11 12 13 14 -16 17 -18 18 19 24 -22 22 -24 -25 -26 -27 -28 -29 -30 -31
leaf_value=-0.054597796252704681 0.047424873685023003 -0.041511825645453297 -0.020438380507961523 -0.046563521801313554 -0.0076127278091472437 0.039308309419273137 0.061417694591482122 -0.069135429344933969 -0.00093389523695836657 0.066405647135405463 0.016645693894696889 0.056215521481962419 0.025626568089966564 -0.034072423711916731 0.045804119689919619 -0.073702680474237864 0.069660266546111141 -0.00082808396385957513 -0.075842128024298919 -0.05430383209211035 0.074170354434497682 -0.08179485691593269 0.0035706638243825765 0.076286628254453148 0.0084764228778634893 -0.045036204652062303 0.013000484066070473 0.059175155710491069 -0.033773963143161077 -0.012417824072755598
leaf_weight=16.983103647828106 47.141627054661512 77.83182442933321 11.392989482730625 14.020542949438093 79.431843914091587 40.291661091148853 6.4219968169927579 19.354917071759701 91.212370812892914 20.45784405246377 22.113458015024662 8.0332793369889242 12.490717146545647 24.826111860573292 4.2411325275898006 12.676835685968397 18.035918667912483 19.259245671331882 8.8196159452199918 6.0131679251790002 10.256747998297216 15.961238875985144 80.757535338401794 17.195798005908728 28.80037805438042 3.9560874402523032 4.4921946302056304 14.993317894637583 2.3495437949895859 23.296877577900887
leaf_count=140 749 499 73 82 355 495 71 77 425 194 124 61 84 101 49 42 137 90 28 28 76 47 383 117 145 19 23 185 11 153
internal_value=-3.00569e-06 -0.00312581 0.00190223 0.00346894 0.0012539 0.0261382 -0.0297158 0.00255587 -0.00247642 0.0114113 0.00463913 0.0158642 0.00242109 -0.00797754 -0.0224178 0.00169907 0.00656841 -0.0109621 -8.90503e-05 -0.0172188 0.0252337 0.00102101 -0.010517 0.0113149 -0.00236729 0.0107564 -0.0404576 0.0338301 0.0359197 -0.0348095
internal_weight=763.11 715.968 602.112 580.637 528.952 51.6847 113.856 514.931 328.344 186.588 166.13 86.698 49.5912 41.558 29.0672 308.989 223.163 85.826 73.1492 43.6332 29.516 205.127 96.7188 108.408 34.8135 12.7276 21.4753 37.1068 8.77154 101.129
internal_count=5063 4314 3561 3398 2830 568 753 2748 1595 1153 959 604 295 234 150 1518 1109 409 367 201 166 972 430 542 173 101 163 309 82 652
is_linear=0
shrinkage=0.05


Tree=38
num_leaves=31
num_cat=0
split_feature=1 0 5 3 1 1 4 0 1 4 7 4 4 4 2 5 1 7 7 0 4 4 4 4 4 4 4 1 4 4
split_gain=42.3814 35.8727 17.5745 19.5806 18.5989 17.9688 13.1922 12.1811 10.6991 11.6451 9.28828 8.5716 22.8744 21.1005 9.43588 9.22178 11.2987 11.056 7.12369 18.7493 6.90718 12.1525 33.1285 22.5228 9.18849 22.2166 20.0939 9.79352 8.13501 13.5559
threshold=-0.02267143345338191 1.2779195046795269 -0.58544351638749659 -1.2294918527492065 -0.44882696580738807 -0.16814949846880164 0.95076291154600423 -0.74502950012727387 -0.45634681619537071 -0.15374285239996058 0.97407783099018419 -0.24578499939545764 -0.15374285239996058 -0.33782723843310175 -0.76720904743073381 0.18831013365909852 -0.4358445192622965 0.57396743724671284 -0.84095554109077597 1.9668001027168092 1.0000000180025095e-35 0.30646788257752478 0.39851002957302184 0.21442564353988061 0.85872076455050717 0.76667852551286308 0.95076291154600423 -0.39768386775305642 1.2268893525324958 1.1348471134948515
decision_type=2 2 2 2 2 2 2 2 2 2 2 2 2 2 2 2 2 2 2 2 2 2 2 2 2 2 2 2 2 2
left_child=1 2 4 10 -1 8 7 -6 9 -5 -4 13 -13 15 -14 -10 -17 -18 19 -3 -16 23 -23 -22 25 -24 -26 -28 29 -29
right_child=-2 18 3 5 6 -7 -8 -9 11 -11 -12 12 14 -15 20 16 17 -19 -20 -21 21 22 24 -25 26 -27 27 28 -30 -31
leaf_value=-0.046699225627952333 0.0468250394976173 -0.043529004032374766 0.013178139391289917 -0.046105704845082841 0.023810990619655532 0.046784457804192464 0.063499483992584801 -0.029120394633500815 -0.0085196565841336828 0.054973943526782421 0.056657751537115386 -0.063364553860149317 -0.042513609407733334 0.06527994489149104 -0.020905851653556153 -0.034475155714010643 0.0013361713528945371 0.044732262149141944 -0.05439707730029765 0.054772442199309615 0.0062332715361521854 -0.07900196409717225 0.0025588059217711836 0.075619117138050015 -0.073245198515499974 0.068831197367102165 0.051725737116284011 -0.0087799390546853071 -0.02222745494770335 0.076188469877717671
leaf_weight=37.766194853931665 45.402490872889757 20.320567637681965 25.727259740233421 21.762359984219078 16.806769076734781 20.467261053621769 6.9128121286630622 30.766471728682518 71.259334377944469 3.2787077575922003 23.505011681467295 15.504527054727076 13.07301355153322 15.65777752175927 31.889666244387627 9.1690571457147581 26.727299131453037 32.553167380392551 34.811695896089077 6.3716945797204962 51.231584601104259 13.268546834588049 72.227721631526947 15.155314497649668 10.667022839188574 15.329988084733484 8.2485085874795896 15.638810783624651 33.498893454670906 6.7074127197265616
leaf_count=281 749 140 239 123 98 249 44 146 305 21 348 68 77 149 130 45 125 314 249 30 230 40 324 98 36 114 46 65 135 45
internal_value=-1.24074e-06 -0.00301132 0.00046881 0.0038417 -0.0197333 0.000897942 -0.00104221 -0.0104207 -0.00104712 -0.032871 0.0339367 0.000693576 -0.00421006 0.0102391 -0.00101366 0.00407046 0.0171774 0.0251666 -0.0394966 -0.0200635 0.00096736 0.00385003 -0.0030399 0.0220732 0.00316954 0.0141621 -0.00970462 0.000870363 -0.00664114 0.0167241
internal_weight=751.707 706.304 644.8 552.548 92.2522 503.316 54.4861 47.5732 482.849 25.0411 49.2323 457.808 302.441 155.367 286.936 139.709 68.4495 59.2805 61.504 26.6923 273.863 241.974 175.587 66.3869 162.318 87.5577 74.7606 64.0936 55.8451 22.3462
internal_count=5063 4314 3895 3326 569 2739 288 244 2490 144 587 2346 1408 938 1340 789 484 439 419 170 1263 1133 805 328 765 438 327 291 245 110
is_linear=0
shrinkage=0.05


Tree=39
num_leaves=31
num_cat=0
split_feature=1 0 5 3 5 7 2 3 5 0 1 1 5 3 3 7 3 6 7 7 2 2 2 4 2 3 5 6 3 3
split_gain=39.9105 34.7291 16.3172 11.6806 15.1887 18.6418 14.4461 10.9485 19.5234 11.7725 12.0322 8.43605 8.67413 11.4571 9.64489 10.2254 8.98159 8.20285 12.3436 8.12772 18.152 8.81742 7.39806 7.87059 10.4136 7.23933 6.37754 6.3122 5.96533 6.34591
threshold=0.19676597085561209 1.2779195046795269 -1.1980381072652599 0.97837290288751211 -0.093497153620987011 0.26012387149161126 1.3977233068034023 -1.2294918527492065 0.90004681355772054 0.19962641271934417 -0.28255735216835082 -0.45780977284132413 0.18831013365909852 0.45242949323289472 0.66701311735774105 0.97407783099018419 0.60361343170493675 -0.39972502143275762 -0.73644990756368489 -0.84095554109077597 -0.88992128970837792 -0.91556293691908641 -0.60179964423319177 0.39851002957302184 0.12335412001622294 0.51049506815331835 0.087454868667301192 -0.33245463629139843 -1.1310394089458404 -0.60631531604337974
decision_type=2 2 2 2 2 2 2 2 2 2 2 2 2 2 2 2 2 2 2 2 2 2 2 2 2 2 2 2 2 2
left_child=1 2 27 7 -5 6 26 8 17 11 -11 -9 14 28 15 16 25 18 -4 20 21 -3 -20 24 -24 -13 -6 -1 -14 -30
right_child=-2 19 3 4 5 -7 -8 9 -10 10 -12 12 13 -15 -16 -17 -18 -19 22 -21 -22 -23 23 -25 -26 -27 -28 -29 29 -31
leaf_value=-0.050545651617334611 0.051246729137250473 -0.011180965934644677 -0.053026278716101695 0.056258672572915128 0.0094291031263816546 0.046807784966883759 0.040731601428711982 -0.044808632353240258 0.054015220528347778 -0.033389306074658558 0.017112681736444962 0.0011548548691631547 0.059251201558832671 0.04766855432564799 -0.047124848863153462 -0.055170014559279112 0.064218364203045372 0.06501813054649519 -0.036065995567587106 -0.054422115931106164 -0.056821275693364842 0.072918452530031874 0.028819390054956207 0.057311814136500827 -0.079628510192127577 -0.032873630285569215 -0.034551771882009884 0.021725060758408608 -0.031329883164632442 0.0074487049407450517
leaf_weight=20.290549837052826 36.136946082115173 7.1114486828446388 11.397717908024786 20.795460894703865 11.451616965234278 21.791462205350399 11.725361261516808 10.196082770824431 24.374361246824265 53.910226225852966 15.096988640725611 204.80143658816814 4.9519302472472182 18.956336915493011 12.431018725037573 8.6885235607624036 5.3334570825099936 4.0884701907634726 6.7223291471600524 34.826303604990244 14.08707809448242 5.5483641475439089 6.9090483598411137 9.5351436026394349 3.2571502774953842 16.921147167682648 29.414660401642323 3.5499065294861785 11.880021318793295 94.229229535907507
leaf_count=159 628 56 86 302 63 241 82 62 372 262 82 947 31 142 62 30 37 28 46 261 97 28 78 102 10 78 123 22 59 487
internal_value=-6.92669e-07 -0.00263025 0.000806424 0.00237011 0.0184829 0.00792186 -0.00819061 -0.000558379 0.018433 -0.00331053 -0.0223408 7.06738e-05 0.00128062 0.0117424 -0.00420023 -0.00193677 0.00010025 -0.00226134 -0.00953421 -0.0385022 -0.0177733 0.0256769 0.00922587 0.02468 -0.00592625 -0.00144209 -0.0222274 -0.0397844 0.00561037 0.00310704
internal_weight=740.41 704.273 642.7 618.859 95.1786 74.3831 52.5916 523.681 66.2842 457.396 69.0072 388.389 378.193 130.018 248.176 235.745 227.056 41.9099 37.8214 61.5732 26.7469 12.6598 26.4237 19.7013 10.1662 221.723 40.8663 23.8405 111.061 106.109
internal_count=5063 4435 3993 3812 811 509 268 3001 722 2279 344 1935 1873 719 1154 1092 1062 350 322 442 181 84 236 190 88 1025 186 181 577 546
is_linear=0
shrinkage=0.05


Tree=40
num_leaves=31
num_cat=0
split_feature=1 0 5 3 5 7 2 3 7 3 7 0 1 1 5 4 7 2 2 7 4 2 3 0 2 6 1 6 1 4
split_gain=37.5946 32.3995 15.2189 10.791 14.5597 17.299 13.2002 10.1321 18.5655 16.0374 11.9155 10.7564 11.0397 7.8069 7.92809 8.6837 7.799 17.0645 7.77203 7.6859 6.58376 8.99231 6.54503 6.36372 7.4741 8.09577 9.66211 8.01826 7.8487 6.30789
threshold=0.19676597085561209 1.2779195046795269 -1.1980381072652599 0.97837290288751211 -0.093497153620987011 0.26012387149161126 1.3977233068034023 -1.2294918527492065 0.97407783099018419 -1.2468658134203887 -0.73644990756368489 0.19962641271934417 -0.26707971074952785 -0.45780977284132413 0.050414532736126907 -1.1662064693504284 -0.84095554109077597 -0.88992128970837792 -0.91556293691908641 0.97407783099018419 0.39851002957302184 0.14572827953110773 0.35717747014800766 -1.438978628198343 -0.011552942454124868 -0.36506716036101061 -0.12330659743618767 -0.2322333485558665 -0.43925956003961947 0.85872076455050717
decision_type=2 2 2 2 2 2 2 2 2 2 2 2 2 2 2 2 2 2 2 2 2 2 2 2 2 2 2 2 2 2
left_child=1 2 -1 7 -5 6 -6 8 9 10 -4 13 -13 -9 19 -16 17 18 -3 23 21 -12 -14 -15 25 -25 29 -28 -26 -27
right_child=-2 16 3 4 5 -7 -8 11 -10 -11 20 12 22 14 15 -17 -18 -19 -20 -21 -22 -23 -24 24 28 26 27 -29 -30 -31
leaf_value=-0.039082038053628948 0.050835642416857674 -0.010691634471250468 -0.052606645952375908 0.055834162609035509 -0.021250968295981783 0.045703478151754059 0.039368037872087029 -0.043649207119802531 0.055690658062630086 0.12851102770965728 0.005185913216963726 -0.030207602327773159 0.051942206452990025 0.028258706999778522 0.064313506347300736 0.0071346058715830718 -0.053679272162307383 -0.056476504664303519 0.067968733573635656 -0.060016182523428163 0.038579844284955388 -0.09014104652580901 -0.030470079698156939 -0.02556976041610495 0.054353319807888281 0.025202667944950786 0.023969966903242795 -0.098202966496749006 -0.017408196684922696 -0.015225413226580021
leaf_weight=23.080887138843536 34.645508818328381 7.0662599876523018 11.047602094709871 19.927854806184769 40.615970298647881 21.216842498630285 11.529951579868792 9.9499026685953122 21.698739435523748 2.2608911842107764 15.374689418822532 57.409261710941792 7.2898228168487531 14.724852696061133 6.9375546202063552 154.85696526616812 33.574732795357704 13.479775816202162 5.6519639641046542 6.1789752021431914 11.146976396441458 2.948284000158309 3.5983827114105225 17.449167639017105 3.9572215676307669 53.347729191184044 2.2077636756002903 3.4285959377884856 102.59722975641489 11.778751775622366
leaf_count=181 628 56 87 302 186 241 82 62 348 17 147 282 41 79 52 814 261 97 28 21 115 8 21 70 26 279 26 30 427 49
internal_value=3.08985e-07 -0.00252896 0.000775967 0.00227554 0.0179345 0.00763966 -0.00784754 -0.000532735 0.0180189 -0.00108954 -0.00832129 -0.00315754 -0.0214531 6.77778e-05 0.00122015 0.00958637 -0.0377254 -0.0172793 0.0242649 -0.00505614 0.00828027 -0.0101528 0.0247062 -0.00343508 -0.00583122 0.00493379 0.0124556 -0.0503478 -0.0147431 0.0178909
internal_weight=730.979 696.334 636.561 613.48 93.2906 73.3628 52.1459 520.189 64.4772 42.7784 40.5176 455.712 68.2975 387.415 377.465 161.795 59.7727 26.198 12.7182 215.67 29.4699 18.323 10.8882 209.491 194.766 88.212 70.7628 5.63636 106.554 65.1265
internal_count=5063 4435 3993 3812 811 509 268 3001 722 374 357 2279 344 1935 1873 866 442 181 84 1007 270 155 62 986 907 454 384 56 453 328
is_linear=0
shrinkage=0.05


Tree=41
num_leaves=31
num_cat=0
split_feature=1 0 5 3 1 7 3 5 7 2 7 6 7 6 0 2 3 1 1 3 3 5 0 4 4 4 4 4 4 4
split_gain=35.413 30.2714 12.1202 8.56205 10.2246 9.83705 8.18076 15.3691 14.3591 12.9441 7.35031 6.49875 6.08824 12.3265 13.4824 6.36689 6.02592 6.01617 7.09928 5.28566 7.72043 6.66656 4.79725 4.74085 4.67146 15.1998 9.47394 6.99881 23.0693 9.65718
threshold=0.19676597085561209 0.75961552443556102 -1.0858275335679293 -1.2294918527492065 -0.45780977284132413 -0.57886118328956893 0.97837290288751211 -0.066279727275328673 0.26012387149161126 1.3392534082589487 1.17976800211045 -0.38624550650724232 -0.8141417747390739 -0.24297764058301027 1.9668001027168092 0.15373111848454052 -1.1852949352523394 -0.42820906759540006 -0.40058690443716677 0.68286303115078406 0.60361343170493675 0.18831013365909852 1.2770016973067679 -1.4423330023790664 1.2268893525324958 1.1348471134948515 1.3189314995279926 0.85872076455050717 0.76667852551286308 0.95076291154600423
decision_type=2 2 2 2 2 2 2 2 2 2 2 2 2 2 2 2 2 2 2 2 2 2 2 2 2 2 2 2 2 2
left_child=1 2 11 5 -5 -4 19 -8 9 -9 12 -1 13 14 17 -14 22 -3 -19 20 24 -21 -12 -7 25 27 -26 28 -6 -29
right_child=-2 10 3 4 6 23 7 8 -10 -11 16 -13 15 -15 -16 -17 -18 18 -20 21 -22 -23 -24 -25 26 -27 -28 29 -30 -31
leaf_value=-0.053783204725059132 0.05042893045758471 -0.054963133091073126 -0.018320929183414752 -0.042916122123276841 -0.00078166709837730315 -0.016832160753288156 0.056226736021380112 -0.02678883100021065 0.041525067765953466 0.029835889686472546 0.059795425083910884 0.01463971991616006 -0.048492271498941988 0.060907243146559681 0.034340021276022037 0.02061544819029118 -0.04298160277498745 0.050443237987645217 -0.041145094092485859 -0.045536610532729317 0.042611595832756227 0.021954346407532976 -0.025184972941985309 0.04218839096998879 -0.072067327135430861 0.075071931266210756 -0.0050046263935513095 -0.067840456009545955 0.067663629364085737 -0.0022627297521573084
leaf_weight=14.397232808172705 33.214936174452305 22.556481838226318 10.762682784348724 12.651734493672846 312.3382066115737 3.796559862792491 19.076521530747414 32.977538056671619 19.467337854206562 14.54339975863695 5.6254902109503746 4.5724273622035971 46.80325511470437 4.4411082901060572 7.2742048352956763 3.5883639119565478 3.631554536521433 3.3953631967306137 5.6143194660544413 13.089209929108621 10.796355016529558 5.0785356238484374 2.3563350141048431 32.775218144059181 6.5438556671142569 6.8712813556194297 26.975857172161341 8.7708777636289597 12.815966494381426 15.598095186054707
leaf_count=140 628 177 73 82 1508 28 303 143 231 95 71 25 352 34 32 21 19 26 36 64 73 33 11 467 22 46 124 32 99 68
internal_value=1.85427e-06 -0.00242845 0.0020213 0.00334135 0.00147988 0.0236962 0.00259225 0.0166326 0.00535718 -0.00945929 -0.0271059 -0.0372906 -0.0317576 -0.0180033 -0.0270262 -0.0435711 0.0104142 -0.0411676 -0.00662938 -0.00029254 0.000903405 -0.0266705 0.0347081 0.0360614 -0.000251456 0.00142695 -0.0180969 -2.08407e-05 0.00191611 -0.0258655
internal_weight=722.4 689.185 583.899 564.929 517.595 47.3345 504.943 86.0648 66.9883 47.5209 105.286 18.9697 93.6731 43.2815 38.8404 50.3916 11.6134 31.5662 9.00968 418.878 400.71 18.1677 7.98183 36.5718 389.914 356.394 33.5197 349.523 325.154 24.369
internal_count=5063 4435 3656 3491 2923 568 2841 772 469 238 779 165 678 305 271 373 101 239 62 2069 1972 97 82 495 1899 1753 146 1707 1607 100
is_linear=0
shrinkage=0.05


Tree=42
num_leaves=31
num_cat=0
split_feature=1 0 5 3 5 7 2 3 7 3 7 0 1 5 7 2 1 5 3 7 3 3 0 3 5 3 1 0 6 2
split_gain=33.3619 28.7263 13.1978 9.2783 13.3962 15.1329 12.7085 8.76543 16.9643 14.1559 10.6108 9.35801 10.323 8.19491 7.26367 15.6349 6.69275 7.05625 10.3753 8.05975 8.31012 7.90678 6.45113 10.2937 7.82721 8.0062 7.01038 8.55208 6.7311 6.4201
threshold=0.19676597085561209 1.2779195046795269 -1.1980381072652599 0.97837290288751211 -0.093497153620987011 0.42672311014381181 1.6724426746176546 -1.2294918527492065 0.97407783099018419 -1.2468658134203887 -0.73644990756368489 0.19962641271934417 -0.28255735216835082 0.11546757301991879 -0.84095554109077597 -0.88992128970837792 -0.45780977284132413 0.18831013365909852 0.42743532865164818 0.97407783099018419 0.66701311735774105 0.60361343170493675 -0.41939926974169667 -1.0818131870441572 -0.39215172231017054 -0.41123926640203518 -0.35729582234729645 -0.138302553696694 -0.38147788859165127 -0.91556293691908641
decision_type=2 2 2 2 2 2 2 2 2 2 2 2 2 2 2 2 2 2 2 2 2 2 2 2 2 2 2 2 2 2
left_child=1 2 -1 7 -5 6 13 8 9 10 -4 16 -13 -6 15 29 -9 19 -19 20 21 22 23 -18 26 -26 -24 -28 -25 -3
right_child=-2 14 3 4 5 -7 -8 11 -10 -11 -12 12 -14 -15 -16 -17 17 18 -20 -21 -22 -23 24 28 25 -27 27 -29 -30 -31
leaf_value=-0.037582316004209963 0.050025454699571106 -0.0098774722597328741 -0.05189583878034916 0.055139557011705143 0.014948085693648118 0.047258732906485759 0.065743251353167262 -0.041354783904244519 0.054849836809008172 0.12000691658879409 0.0073695160399557718 -0.030683731615898293 0.016363163060725362 -0.028744109346705113 -0.052512733111962577 -0.056115149237993961 0.038069538249675051 0.0044362330358813755 0.043018940988572604 -0.05184228772552793 -0.041573689060913556 0.061425547423630968 -0.047835752577102979 -0.066306833805010873 0.07782387606963212 0.016266957126111523 0.051819080986615529 -0.023463322190829118 -0.0081518832671742068 0.061677937925130578
leaf_weight=21.67514019459486 31.843448974192142 6.869437649846077 10.236439827829598 18.288132086396217 16.080557260662317 17.732047222554684 5.5393526144325724 9.4850153625011426 20.159690320491791 2.2798602432012549 28.803943186998367 51.945638552308083 15.034050922840832 32.265064530074596 31.385753389447927 12.487328700721262 11.947615489363669 107.98453771322966 20.776739310473204 8.4236110448837263 12.613937534391878 5.1409890055656424 8.0770476311445254 5.1553143560886374 6.3619855344295493 31.121375240385532 6.7494557090103617 8.5529401004314405 142.80032898485661 5.7657948285341281
leaf_count=181 628 56 87 302 97 224 45 62 348 17 270 262 82 143 261 97 65 561 158 30 62 37 33 16 38 146 46 42 639 28
internal_value=2.16539e-06 -0.00233438 0.000751199 0.00212785 0.0169458 0.00719259 -0.00599206 -0.000465759 0.0172479 -0.00109773 -0.00816994 -0.00287421 -0.0201237 -0.0142114 -0.0364745 -0.0164378 0.000125255 0.00117245 0.0106619 -0.0037755 -0.00207798 0.00012734 -0.00130011 -0.00657325 0.0125539 0.0267149 -0.01015 0.00974163 -0.0101782 0.0227752
internal_weight=713.583 681.739 625.231 603.556 89.9052 71.617 53.885 513.651 61.4799 41.3202 39.0404 452.171 66.9797 48.3456 56.5083 25.1226 385.191 375.706 128.761 246.945 238.521 225.907 220.766 159.903 60.8628 37.4834 23.3794 15.3024 147.956 12.6352
internal_count=5063 4435 3993 3812 811 509 285 3001 722 374 357 2279 344 240 442 181 1935 1873 719 1154 1124 1062 1025 720 305 184 121 88 655 84
is_linear=0
shrinkage=0.05


Tree=43
num_leaves=31
num_cat=0
split_feature=1 0 5 3 5 7 2 7 1 2 1 3 4 7 2 0 7 1 0 4 7 3 2 3 2 1 3 5 4 5
split_gain=31.4282 26.7786 12.2894 8.90108 12.8408 14.1051 12.0165 8.33638 18.5432 10.4576 9.45239 22.144 8.28502 6.94167 14.725 6.92745 6.66416 8.28943 6.58509 6.56566 6.34389 8.8426 11.787 6.98104 5.71251 4.96478 8.79124 6.03653 5.66007 4.92207
threshold=0.19676597085561209 1.2779195046795269 -1.2075260891967436 0.97837290288751211 -0.093497153620987011 0.42672311014381181 1.3977233068034023 -0.61865989030092794 -0.46382645497508307 -1.166225746299419 -0.43380396045593289 -0.19787482186649813 -1.4423330023790664 -0.84095554109077597 -0.88992128970837792 -0.138302553696694 1.17976800211045 -0.44504841469390521 -1.7995094254806314 1.0000000180025095e-35 0.16525486059244152 -0.26386542226486698 -0.52007271607631356 -1.1852949352523394 -0.91556293691908641 -0.40954018576513695 -0.60631531604337974 -0.3105716138764702 -1.1662064693504284 0.087454868667301192
decision_type=2 2 2 2 2 2 2 2 2 2 2 2 2 2 2 2 2 2 2 2 2 2 2 2 2 2 2 2 2 2
left_child=1 2 -1 7 -5 6 29 10 12 16 -4 19 -9 14 24 -13 -10 -18 -11 -12 25 23 -23 -22 -3 27 -27 -20 -28 -6
right_child=-2 13 3 4 5 -7 -8 8 9 18 11 15 -14 -15 -16 -17 17 -19 20 -21 21 22 -24 -25 -26 26 28 -29 -30 -31
leaf_value=-0.047647138586020071 0.049624131808280632 -0.0094381517361435269 -0.04186047364305126 0.054759346037784221 0.0092308228856754059 0.046321729067016953 0.038390651630049587 -0.026866878206106268 -0.060224978722950955 0.053745869060306484 -0.010596731810452639 -0.01992306413142661 0.044111851710085609 -0.051737872793680896 -0.0558138351371412 -0.087021920007387343 -0.053260943178047186 0.038756562171475419 -0.0085436337327484402 0.056938665148348638 0.033708929192441485 0.056436450884733841 -0.0070183037284715921 -0.03362657336273208 0.057949551444605389 -0.050730477366253704 0.042721937979332089 0.036788608343612098 0.0015520959458514279 -0.029168098763309433
leaf_weight=12.859311982989309 30.52923933416605 6.830743633210659 24.277047351002693 17.513951744884253 11.571617938578127 17.199813328683376 11.975837815552948 4.6931902319192877 11.886147126555445 5.7472910657525054 4.8719375133514431 26.639300290495161 33.158072177320719 30.290952909737825 11.940818212926386 4.495842818170785 4.6252173334360123 5.1982301585376245 10.926217608153818 13.771350305527447 4.2481737583875647 8.5201175659894925 51.885501932352781 40.986831210553646 5.8282157182693499 7.8441734984517089 8.6717352755367738 22.397082895040512 223.90633229166269 29.933366909623146
leaf_count=115 628 56 187 302 64 224 92 30 69 30 24 126 532 261 97 21 31 46 52 85 26 84 243 201 28 28 51 132 1069 129
internal_value=3.52942e-06 -0.00224175 0.000722618 0.00174743 0.0164325 0.00693544 -0.00573147 -0.00074923 0.00183736 -0.00127693 -0.0162814 -0.00380642 0.0353112 -0.0357142 -0.0159835 -0.029612 -0.0350408 -0.00456845 0.000626306 0.03929 -0.000178398 -0.0105863 0.00193189 -0.0273029 0.0215873 0.00383811 0.00133124 0.0219248 0.00308712 -0.0184625
internal_weight=705.224 674.694 619.804 606.944 88.1946 70.6806 53.4808 518.75 444.694 406.843 74.0555 49.7784 37.8513 54.8907 24.5998 31.1351 21.7096 9.82345 385.133 18.6433 379.386 105.641 60.4056 45.235 12.659 273.746 240.422 33.3233 232.578 41.505
internal_count=5063 4435 3993 3878 811 509 285 3067 2624 2062 443 256 562 442 181 147 146 77 1916 109 1886 554 327 227 84 1332 1148 184 1120 193
is_linear=0
shrinkage=0.05


Tree=44
num_leaves=31
num_cat=0
split_feature=1 0 5 4 4 4 2 1 2 3 5 0 4 4 3 5 1 7 5 7 2 1 1 7 3 2 7 7 5 4
split_gain=29.6084 24.9516 11.5753 8.16469 37.198 28.4358 18.1882 9.22974 22.753 17.7691 11.0829 9.59381 8.11182 11.5411 7.87639 16.3523 14.974 7.58161 7.54656 6.62432 13.8782 6.25985 6.22008 5.43501 6.06875 5.09738 4.52288 4.35783 14.9147 4.33646
threshold=0.19676597085561209 1.2779195046795269 -1.1980381072652599 -0.24578499939545764 -0.15374285239996058 -0.33782723843310175 -0.79516225884486869 -0.46265158438555704 0.12335412001622294 -0.84177820408703419 1.067746771576741 -1.4718732957946667 -1.1662064693504284 -1.0741643223549311 -1.0676396928124032 -0.19161203774475136 -0.43380396045593289 2.8172860743137966 -0.57967197018192596 -0.84095554109077597 -0.88992128970837792 -0.21963125476469939 -0.42385142197759129 0.70558628020151504 0.32684927103596262 -0.91556293691908641 0.91767364430924314 0.78474814065912935 -0.38634794457304028 1.0000000180025095e-35
decision_type=2 2 2 2 2 2 2 2 2 2 2 2 2 2 2 2 2 2 2 2 2 2 2 2 2 2 2 2 2 2
left_child=1 2 22 5 -5 7 26 8 -4 11 12 -9 21 -14 15 16 18 -12 -8 20 25 -11 -1 29 -25 -3 -6 28 -13 -16
right_child=-2 19 3 4 6 -7 14 9 -10 10 17 27 13 -15 23 -17 -18 -19 -20 -21 -22 -23 -24 24 -26 -27 -28 -29 -30 -31
leaf_value=-0.053692384798807904 0.049223959915706453 -0.009016022316419391 0.048020109153236047 -0.069390549599530768 -0.059082596391356546 0.064336562493699762 -0.04223630045661636 0.035399715586866894 -0.081958971714200107 0.012545858938172942 0.049067469745670174 -0.058318299184612059 -0.081187002094555372 -0.00076361075675897934 -0.014556945724483343 0.06922311031479815 0.08994224446651472 -0.0471503098937128 0.019368853018036144 -0.050949762591016037 -0.055528296626485563 0.070522391911244361 0.0072974806197874708 -0.054837435677287875 0.0088334956229697663 0.054574330828532525 0.0075171711099912804 -0.052505390811487189 0.035166265070256109 0.0049676654025765671
leaf_weight=14.628085419535639 29.270470701158047 6.7939938642084599 24.549746833741668 19.772403322160244 14.963692408055069 21.320374231785536 11.882810194045307 5.1971320360898963 3.9020667672157279 17.858192831277851 21.103363703936342 10.042932920157911 4.7074259370565406 85.183606296777725 32.265781469643116 13.579860474914311 3.9447334781289127 2.2673052772879592 8.5465403087437135 29.248152732849121 11.415388427674769 6.297758810222148 5.8531415313482276 8.8586326390504819 6.4800509028136721 5.8778780400753039 3.0727037191390982 20.736077181994915 7.417803242802619 239.76621660962701
leaf_count=147 628 56 412 92 95 236 97 27 16 89 250 39 14 451 148 125 27 18 71 261 97 68 34 30 42 28 18 131 41 1275
internal_value=3.68064e-06 -0.00215456 0.000694064 0.00196895 -0.00270336 0.0093271 0.00113681 0.00372257 0.0301939 -0.00044286 0.00836526 -0.028336 0.00193736 -0.00497523 0.00384641 0.025254 0.000756907 0.0397329 -0.016464 -0.0349587 -0.0155414 0.0276611 -0.0362627 0.00101905 -0.0279387 0.0204805 -0.0477366 -0.037008 -0.0186035 0.00265185
internal_weight=696.804 667.534 614.198 593.717 363.133 230.584 343.361 209.263 28.4518 180.812 137.418 43.3939 114.047 89.891 325.325 37.9539 24.3741 23.3707 20.4294 53.3354 24.0873 24.156 20.4812 287.371 15.3387 12.6719 18.0364 38.1968 17.4607 272.032
internal_count=5063 4435 3993 3812 2020 1792 1928 1556 428 1128 890 238 622 465 1815 320 195 268 168 442 181 157 181 1495 72 84 113 211 80 1423
is_linear=0
shrinkage=0.05


Tree=45
num_leaves=31
num_cat=0
split_feature=6 0 4 4 4 2 1 7 1 2 1 5 7 5 7 2 3 2 3 2 3 5 1 5 4 4 4 4 4 4
split_gain=28.1248 23.4604 10.747 33.6143 26.7753 17.0741 9.67515 9.29486 13.7744 18.8884 13.7423 11.6168 10.8572 9.03755 7.68039 11.5568 7.4602 5.7267 5.45411 5.44508 5.33389 17.9938 15.6775 8.57329 4.94093 9.07854 35.9238 24.8512 6.3395 21.3815
threshold=0.20202592781167614 1.3548067913565098 -0.24578499939545764 -0.15374285239996058 -0.33782723843310175 -0.79516225884486869 -0.15496332206069161 -0.65290528935721359 -0.46265158438555704 0.12335412001622294 -0.44882696580738807 1.067746771576741 3.047394467177694 -1.2075260891967436 -0.84095554109077597 -0.88992128970837792 1.8898960730662877 -0.27567258358095698 -1.2447321691274367 1.9955122524882223 -1.0676396928124032 -0.19161203774475136 -0.43380396045593289 -0.58544351638749659 1.0000000180025095e-35 0.30646788257752478 0.39851002957302184 0.21442564353988061 0.85872076455050717 0.76667852551286308
decision_type=2 2 2 2 2 2 2 2 2 2 2 2 2 2 2 2 2 2 2 2 2 2 2 2 2 2 2 2 2 2
left_child=1 2 4 -4 6 -5 7 -1 9 -9 17 19 -13 -7 15 18 -2 -10 -3 -12 21 22 23 -15 -22 27 -27 -26 29 -28
right_child=16 14 3 5 -6 13 -8 8 10 -11 11 12 -14 20 -16 -17 -18 -19 -20 -21 24 -23 -24 -25 25 26 28 -29 -30 -31
leaf_value=-0.04571167392012062 0.051788214425279512 0.046369957524539707 -0.067861876063457047 -0.047706813405887033 0.063595014010155215 -0.044240259131406612 0.049574506596156753 0.051241281274116285 -0.050050008277145369 -0.089942271224904558 -0.0039108292838631138 0.0467599418538511 -0.083295597180405564 -0.045570865303131557 -0.056084819625767515 -0.055063747075524638 -0.078383275030350141 -0.0024592242410689715 -0.021683035205931529 0.054575301942229093 -0.017638158083966359 0.067909924221904866 0.063203260801128217 0.01614035162061709 0.0013566177790587241 -0.077494372996842545 0.0015408752305473648 0.072638695992257959 -0.0070793182524161551 0.066112927908104385
leaf_weight=10.058436684310434 29.387839786708359 6.9802965745329857 20.006413891911507 18.753631748259068 20.389677252620459 10.554158069193361 10.865794010460375 23.743154522031549 18.370574921369556 2.6315807700157157 110.07628811523318 21.443770859390501 1.7345179207622994 14.433003179728987 24.07970741763711 9.9752732887864095 1.1435023061931122 9.6373229548335058 5.0919446274638194 4.1288598701357833 33.949064761400223 13.160998340696095 7.1013742163777378 9.2254951894283277 51.088414844125509 14.897246807813643 76.386866141110659 16.074355307966471 76.961678836494684 15.405575621873139
leaf_count=59 587 43 102 123 235 103 185 412 129 7 510 258 11 128 226 90 15 45 31 27 159 125 46 78 244 46 379 123 402 135
internal_value=1.132e-06 -0.00217821 0.000417264 -0.00478956 0.00886145 -0.00126476 0.00361439 0.00114 0.00359744 0.0371545 -0.00175385 0.00475367 0.0370274 0.00130263 -0.0365622 -0.0152402 0.0469129 -0.0336744 0.0176659 -0.00179638 0.00276503 0.0189835 -0.00195032 -0.0215069 0.000263552 0.00268665 -0.00306602 0.0184169 0.00350435 0.012378
internal_weight=687.737 657.205 611.078 377.998 233.08 357.992 212.69 201.825 191.766 26.3747 165.391 137.383 23.1783 339.238 46.1272 22.0475 30.5313 28.0079 12.0722 114.205 328.684 43.9209 30.7599 23.6585 284.763 250.814 183.651 67.1628 168.754 91.7924
internal_count=5063 4461 4071 2193 1878 2091 1643 1458 1399 419 980 806 269 1968 390 164 602 174 74 537 1865 377 252 206 1488 1329 962 367 916 514
is_linear=0
shrinkage=0.05


Tree=46
num_leaves=31
num_cat=0
split_feature=1 0 5 3 5 7 2 5 7 1 2 1 3 4 7 2 0 2 7 1 0 7 3 2 6 1 5 1 3 0
split_gain=26.4564 21.8267 10.2421 7.81076 11.9897 12.5989 11.144 6.89172 6.88268 15.0878 9.12296 7.7921 19.1737 7.29134 6.10301 12.3655 6.04543 6.00966 5.91318 6.77286 5.73742 5.25177 7.48176 10.2878 5.11798 5.01034 11.9327 5.13402 4.66409 4.61093
threshold=0.19676597085561209 1.2779195046795269 -1.2075260891967436 0.97837290288751211 -0.093497153620987011 0.42672311014381181 1.6724426746176546 0.11546757301991879 -0.61865989030092794 -0.46382645497508307 -1.166225746299419 -0.43380396045593289 -0.19787482186649813 -1.4423330023790664 -0.84095554109077597 -0.88992128970837792 -0.138302553696694 1.298548226536034 1.17976800211045 -0.44504841469390521 -1.7995094254806314 0.16525486059244152 -0.26386542226486698 -0.52007271607631356 -0.27387926193661766 -0.39460356469970309 0.65903693769190641 -0.46064855013779754 0.13192560931808389 -0.43335820690994825
decision_type=2 2 2 2 2 2 2 2 2 2 2 2 2 2 2 2 2 2 2 2 2 2 2 2 2 2 2 2 2 2
left_child=1 2 -1 8 -5 6 7 17 11 13 18 -4 24 -10 15 -3 29 -6 -11 -20 -12 -22 25 -24 -13 26 -23 -28 -21 -14
right_child=-2 14 3 4 5 -7 -8 -9 9 10 20 12 16 -15 -16 -17 -18 -19 19 28 21 22 23 -25 -26 -27 27 -29 -30 -31
leaf_value=-0.04607565714341056 0.048533299963861284 0.018428367114852122 -0.039606596428173199 0.054151903870054967 -0.0032952955085156924 0.045094796387959768 0.064198856886155231 -0.026594724902673346 -0.025920607922393386 -0.059370627049398245 0.050302691409720636 0.020188626977278631 -0.028268816277614496 0.042128499426487401 -0.049633448997258967 -0.055016185281328026 -0.081745586228774259 0.069354817094282706 -0.051569966868087083 0.072569901063734163 0.0034395339984339846 0.031308507564500009 0.054658543362538892 -0.0065253988069795188 0.079377900978557958 -0.058454573354056488 0.01836447526816334 -0.044823533868021265 -0.027884448222437314 0.028325972577938098
leaf_weight=11.505734406411646 26.965306539088488 12.696721605956556 22.405076488852501 16.29061845690012 12.010980617254971 16.113722510635853 5.1747419573366633 31.489902831614017 4.5287390016019335 10.735392250120642 5.7074211612343779 13.354786261916162 21.971132919192321 30.097582969814539 27.2714803814888 10.446271263062952 4.4954063519835463 3.730698373168706 4.1612204685807228 3.0916942134499532 270.29904983192682 9.3350859954953176 7.9374756850302211 51.111955218017101 5.0269181691110125 9.1849376410245878 3.8011199086904517 20.833712950348858 1.8450882025063036 4.3039506748318663
leaf_count=115 628 84 187 302 64 224 45 143 30 69 30 75 102 532 261 97 21 33 31 24 1332 49 84 243 34 33 24 121 22 24
internal_value=2.31483e-06 -0.00200803 0.000644692 0.00155728 0.0155962 0.00642957 -0.00545909 -0.0130909 -0.000804046 0.00157161 -0.00118225 -0.0151684 -0.00402877 0.0332284 -0.0336076 -0.014723 -0.0281654 0.0139224 -0.0342375 -0.00458115 0.000551167 -0.000211116 -0.00986597 0.001699 0.0363754 -0.0256905 -0.0168316 -0.0350737 0.0350258 -0.0189984
internal_weight=677.924 650.959 600.544 589.038 84.8107 68.52 52.4063 47.2316 504.228 432.67 398.044 71.5573 49.1522 34.6263 50.4145 23.143 30.7705 15.7417 19.8334 9.098 378.211 372.503 102.204 59.0494 18.3817 43.1549 33.9699 24.6348 4.93678 26.2751
internal_count=5063 4435 3993 3878 811 509 285 240 3067 2624 2062 443 256 562 442 181 147 97 146 77 1916 1886 554 327 109 227 194 145 46 126
is_linear=0
shrinkage=0.05


Tree=47
num_leaves=31
num_cat=0
split_feature=6 0 4 4 4 2 1 7 1 2 1 5 7 5 7 2 3 2 2 3 5 1 5 2 7 2 1 7 4 4
split_gain=25.0474 20.6068 9.54835 31.524 25.2624 15.2957 8.85506 8.25228 12.3593 17.4011 11.9897 10.3957 9.86582 7.88177 7.22131 10.2905 6.98505 5.39404 5.05157 5.0217 16.5039 13.4413 7.79633 4.90336 4.65668 6.18926 4.60363 4.50932 4.04367 8.6327
threshold=0.20202592781167614 1.3548067913565098 -0.24578499939545764 -0.15374285239996058 -0.33782723843310175 -0.79516225884486869 -0.15496332206069161 -0.65290528935721359 -0.46265158438555704 0.12335412001622294 -0.44882696580738807 1.067746771576741 3.047394467177694 -1.2075260891967436 -0.84095554109077597 -0.88992128970837792 1.8898960730662877 -0.27567258358095698 -0.91556293691908641 -1.0676396928124032 -0.19161203774475136 -0.43380396045593289 -0.58544351638749659 1.9955122524882223 0.70558628020151504 1.6147849523816602 -0.45742541260561659 0.91767364430924314 1.0000000180025095e-35 0.30646788257752478
decision_type=2 2 2 2 2 2 2 2 2 2 2 2 2 2 2 2 2 2 2 2 2 2 2 2 2 2 2 2 2 2
left_child=1 2 4 -4 6 27 7 -1 9 -9 17 23 -13 -7 15 18 -2 -10 -3 20 21 22 -15 -12 28 -26 -19 -5 -21 -30
right_child=16 14 3 5 -6 13 -8 8 10 -11 11 12 -14 19 -16 -17 -18 26 -20 24 -22 -23 -24 -25 25 -27 -28 -29 29 -31
leaf_value=-0.043908325958363095 0.051060219998403183 -0.015667879034683835 -0.067103828539547855 -0.057643831859131439 0.062929304354535698 -0.042885831495131102 0.048727655185320212 0.050334641658892149 -0.049030588946073567 -0.086638793716291684 -0.0037653617498012246 0.045381336402375946 -0.078582163162952134 -0.04433863676309141 -0.055001444581492247 -0.054581224164446662 -0.075696809685349975 -0.034321153643078382 0.048673592588825199 -0.015114345244351285 0.066626418372561072 0.058429056584800146 0.015437310763545604 0.05233845301059336 -0.046990085394442972 0.024750675769866476 0.035243642980304885 0.0095501271550760391 0.020193354522880146 -0.0016896036897426922
leaf_weight=9.720908544957636 27.215026412159208 6.2661390192806721 19.101514033973217 14.801638226956131 19.469870418310165 9.8179647773504239 10.226725235581396 22.343464422971014 17.187712788581852 2.5871779322624198 109.61842236295342 20.441170193254951 1.7418061867356289 13.622599460184576 22.390877816826105 9.1021124571561796 1.1320476196706284 5.1493338420987129 5.9446892142295855 31.557126339524984 12.591777324676512 7.0960458442568806 9.0976932011544687 4.0379351601004592 10.779677115380762 4.1691539734601966 4.4194340854883176 3.0034836605191222 60.694290183484554 175.05913431197405
leaf_count=59 587 46 102 105 235 103 185 412 129 7 510 258 11 128 226 90 15 22 28 147 125 46 78 27 49 23 23 18 338 931
internal_value=2.65557e-06 -0.00202812 0.000392806 -0.00454466 0.00847294 -0.00115265 0.00336262 0.00101057 0.00333906 0.0361202 -0.00168724 0.00433865 0.0356477 0.00125109 -0.0351723 -0.0143402 0.0459981 -0.0322799 0.015656 0.0025858 0.0186284 -0.00164166 -0.0204031 -0.00177213 0.000175466 -0.0269819 -0.00219194 -0.0463091 0.00169419 0.00394412
internal_weight=670.387 642.04 598.336 371.392 226.944 352.291 207.474 197.247 187.526 24.9306 162.596 135.839 22.183 334.485 43.7038 21.3129 28.3471 26.7565 12.2108 324.667 42.4081 29.8163 22.7203 113.656 282.259 14.9488 9.56877 17.8051 267.311 235.753
internal_count=5063 4461 4071 2193 1878 2091 1643 1458 1399 419 980 806 269 1968 390 164 602 174 74 1865 377 252 206 537 1488 72 45 123 1416 1269
is_linear=0
shrinkage=0.05


Tree=48
num_leaves=31
num_cat=0
split_feature=1 0 5 7 3 5 2 7 7 1 2 0 4 5 6 3 2 4 3 1 2 7 1 1 1 3 7 3 3 5
split_gain=23.6644 19.0582 9.17844 9.06279 7.19379 11.3115 11.7583 11.5257 7.59799 13.0896 8.24238 7.11859 6.60354 6.11794 5.83731 5.73902 8.26472 8.61577 5.63903 12.6003 5.59841 5.44818 5.92381 5.26887 6.59696 4.87786 4.62893 4.29426 6.37831 7.60153
threshold=0.19676597085561209 1.2779195046795269 -1.1980381072652599 -0.85067383001215435 0.97837290288751211 -0.093497153620987011 1.6724426746176546 0.54111036517919542 -0.61865989030092794 -0.46382645497508307 -1.166225746299419 0.25991769633748146 -1.4423330023790664 0.11546757301991879 -0.3174528036732836 -1.2294918527492065 -0.88992128970837792 1.0000000180025095e-35 -0.1835489244709618 -0.39768386775305642 1.298548226536034 1.17976800211045 -0.44504841469390521 -0.46139035719728066 -0.45780977284132413 0.16347304898070375 -0.25617043574329673 0.68286303115078406 0.10677908729400419 0.65903693769190641
decision_type=2 2 2 2 2 2 2 2 2 2 2 2 2 2 2 2 2 2 2 2 2 2 2 2 2 2 2 2 2 2
left_child=1 2 14 -4 8 -6 7 13 11 12 21 18 -10 20 -1 16 17 -3 19 -5 -7 -11 -23 -12 -25 -24 -15 28 -26 -30
right_child=-2 15 3 4 5 6 -8 -9 9 10 23 -13 -14 26 -16 -17 -18 -19 -20 -21 -22 22 25 24 27 -27 -28 -29 29 -31
leaf_value=-0.044734916515695146 0.047855962563005026 -0.051447952521696733 0.11484529058337595 -0.02216696427088026 0.053711931547314865 -0.0030465427367653551 0.066014046449318062 0.041869670723506336 -0.024838792750528863 -0.058796385477109116 0.054382792173432865 -0.059630031285709352 0.040718940712071022 -0.042909825383027622 0.044048481634644893 -0.046609519077448577 -0.043698064908801487 0.052208296385523913 -0.025440825695102399 0.052344898327836231 0.068213131542001829 -0.050533881787905535 0.069880060578225253 -0.040339836726966428 -0.0038414343032262088 -0.035770770738032878 -0.004798344077718085 -0.02357231194654525 0.005287594252265178 0.037369732552190935
leaf_weight=16.002449825406078 24.864320438355207 2.8458129838109034 1.7645204663276661 14.239153087139128 15.362531561404465 11.946992956101893 7.3102354146540156 12.349954873323439 4.4457716904580584 9.9649825915694255 4.4812548831105223 8.5986157208681089 28.247714508324862 16.824125096201893 2.0935613065958014 28.318353980779648 9.7738066390156728 6.7823460102081299 28.708345718681812 9.4320457838475722 3.5828134566545478 3.8751806914806366 3.0984992086887342 9.9416643157601339 193.30568258836865 1.6875078864395616 15.134285487234598 17.012822985649109 128.50564276054502 21.561445109546185
leaf_count=168 628 21 13 111 302 64 70 193 30 69 30 54 532 73 13 285 97 39 139 60 33 31 26 74 905 20 76 88 659 160
internal_value=2.03145e-06 -0.00186529 0.00059503 0.00170535 0.00135487 0.0150074 0.00615242 -0.00116069 -0.00095773 0.00140451 -0.00112163 -0.0174656 0.0318042 -0.0123513 -0.0344634 -0.0322571 -0.0113088 0.0215704 -0.0105439 0.0075231 0.0133935 -0.0335857 -0.00457998 0.000491682 -0.000160444 0.0326284 -0.0248617 0.000947953 0.00216284 0.00989711
internal_weight=662.062 637.198 589.478 571.382 569.617 82.5109 67.1484 59.8382 487.106 426.128 393.435 60.9782 32.6935 47.4882 18.096 47.7203 19.402 9.62816 52.3795 23.6712 15.5298 18.6262 8.66119 374.809 370.327 4.78601 31.9584 360.386 343.373 150.067
internal_count=5063 4435 3993 3812 3799 811 509 439 2988 2624 2062 364 562 246 181 442 157 60 310 171 97 146 77 1916 1886 46 149 1812 1724 819
is_linear=0
shrinkage=0.05


Tree=49
num_leaves=31
num_cat=0
split_feature=6 0 4 4 4 2 1 7 1 2 1 5 7 5 7 2 3 2 3 5 1 5 2 2 3 3 5 5 0 0
split_gain=22.3875 18.1697 8.464 29.6354 23.8905 13.6122 8.12375 7.25932 11.0831 16.0443 10.5157 9.28037 8.99934 6.98048 6.73742 9.40314 6.59095 5.23971 4.71286 15.1817 11.6548 7.09571 4.45214 17.0916 7.96078 7.71842 7.36738 5.88485 8.32817 5.87526
threshold=0.20202592781167614 1.3548067913565098 -0.24578499939545764 -0.15374285239996058 -0.33782723843310175 -0.79516225884486869 -0.15496332206069161 -0.65290528935721359 -0.46265158438555704 0.12335412001622294 -0.44882696580738807 1.067746771576741 3.047394467177694 -1.2075260891967436 -0.84095554109077597 -0.88992128970837792 1.8898960730662877 -0.27567258358095698 -1.0676396928124032 -0.19161203774475136 -0.43380396045593289 -0.57967197018192596 0.88734944934584081 0.39403016175515826 0.32684927103596262 0.5557588230369781 -0.60205746953552219 -0.2403278956406488 -0.4493712564754469 -0.14931433709302314
decision_type=2 2 2 2 2 2 2 2 2 2 2 2 2 2 2 2 2 2 2 2 2 2 2 2 2 2 2 2 2 2
left_child=1 2 4 -4 6 -5 7 -1 9 -9 17 -12 -13 -7 15 -3 -2 -10 19 20 21 -15 23 24 27 -26 -27 -20 -29 -30
right_child=16 14 3 5 -6 13 -8 8 10 -11 11 12 -14 18 -16 -17 -18 -19 22 -21 -22 -23 -24 -25 25 26 -28 28 29 -31
leaf_value=-0.042007420718680077 0.0503874500881916 0.014825521282080116 -0.066444699678412975 -0.04498956040301106 0.062338002335673728 -0.041848326576106362 0.047906638113340581 0.049373449433223832 -0.048221832049301541 -0.083788403397408687 -0.0017550315772743811 0.043898523981624575 -0.074389217895973594 -0.041634823558136691 -0.053892571994044992 -0.054184622091781015 -0.073401576503710445 -0.0013858932836758595 0.0052539523555917653 0.065382988963133187 0.054242943741016986 0.017066601799282911 0.0071428139962751713 -0.041860895691065686 0.051964802877718076 -0.084573943589755299 0.013316769469709083 -0.042964314695299724 0.038005226752159511 -0.017789846932218991
leaf_weight=9.3902420774102193 25.265869254246358 12.025237586349251 18.231026828289032 16.774255953729153 18.58532302454114 9.1654233150184137 9.6388549208641034 21.050754223018888 16.216149933636192 2.5343856811523429 113.1634113304317 19.591505769640211 1.7517149336636055 13.614776484668257 20.905953206121922 8.3731619641184789 1.1230831779539574 9.4524219930171949 53.126059707254171 12.056131981313227 7.1098510175943401 8.278108458966015 124.56690016388893 26.816274475306273 13.446534518152474 2.1222548037767437 20.377231322228909 20.030768662691116 7.3951067626476314 13.03424399346113
leaf_count=59 587 74 102 123 235 103 185 412 129 7 537 258 11 135 226 90 15 45 246 125 46 71 654 108 94 25 197 72 38 54
internal_value=2.69872e-06 -0.00189064 0.000362904 -0.00430352 0.00808098 -0.00104726 0.00310841 0.000872832 0.00306403 0.0350643 -0.00164787 0.00394868 0.0341902 0.00117869 -0.0339454 -0.0135019 0.0451191 -0.0309746 0.00240351 0.0182264 -0.00137609 -0.0194387 9.08171e-05 -0.00552769 0.00199415 0.0219946 0.00408327 -0.00568792 -0.0200551 0.0024071
internal_weight=655.213 628.824 587.52 366.145 221.375 347.914 202.789 193.151 183.76 23.5851 160.175 134.507 21.3432 331.14 41.3044 20.3984 26.389 25.6686 321.974 41.0589 29.0027 21.8929 280.915 156.348 129.532 35.946 22.4995 93.5862 40.4601 20.4294
internal_count=5063 4461 4071 2193 1878 2091 1643 1458 1399 419 980 806 269 1968 390 164 602 174 1865 377 252 206 1488 834 726 316 222 410 164 92
is_linear=0
shrinkage=0.05


Tree=50
num_leaves=31
num_cat=0
split_feature=1 0 5 3 7 0 2 1 4 4 4 3 4 4 3 2 2 1 1 1 4 4 4 4 4 4 4 4 4 3
split_gain=21.1869 16.7315 7.58627 5.05679 6.58799 8.13452 9.09469 6.54544 5.5158 24.5136 20.1674 4.90954 6.22793 10.0083 5.26196 5.94793 6.42545 6.27466 9.44397 4.85884 4.85521 23.9871 19.1808 8.70427 13.1555 11.9345 6.24454 30.7248 26.8838 4.99673
threshold=0.19676597085561209 0.75961552443556102 -1.0858275335679293 -1.2294918527492065 0.26012387149161126 -1.0473081786632019 -0.60179964423319177 -0.45780977284132413 -0.24578499939545764 -0.15374285239996058 -0.33782723843310175 0.13192560931808389 -1.1662064693504284 -1.0741643223549311 -0.033736660193909564 -0.35078704689246964 -0.011552942454124868 -0.4358445192622965 -0.40505955882628647 -0.35729582234729645 0.85872076455050717 0.76667852551286308 0.95076291154600423 1.2268893525324958 1.3189314995279926 1.1348471134948515 0.30646788257752478 0.39851002957302184 0.21442564353988061 1.5544565724185968
decision_type=2 2 2 2 2 2 2 2 2 2 2 2 2 2 2 2 2 2 2 2 2 2 2 2 2 2 2 2 2 2
left_child=1 2 19 4 5 -4 -7 -5 10 -10 11 14 -13 -14 15 17 -17 -9 -19 -1 21 26 -22 25 -25 -24 28 -28 -11 -29
right_child=-2 -3 3 7 -6 6 -8 8 9 20 -12 12 13 -15 -16 16 -18 18 -20 -21 22 -23 23 24 -26 -27 27 29 -30 -31
leaf_value=-0.047457455965636636 0.047186023328185132 -0.022374346711912629 -0.051225509527099811 -0.038851315600803973 0.046004740805284723 -0.050774476287869054 0.037376368304054212 -0.051522531574069545 -0.063789018981054685 -0.0016530745471821286 0.062244351471073461 0.040740058823299383 -0.082658436361749146 0.0098744829517244063 -0.031361245964504889 0.041670845901352505 -0.0017960148130151472 0.047351121512281456 -0.039001268756602279 0.030237963110065647 -0.069739752090321558 0.065427538192411747 -0.00061405800428820283 -0.072013642909970685 -0.00014938509462804117 0.069289646744786063 -0.075606894608724703 0.0004736487047746139 0.070197100187708902 0.057255840960420017
leaf_weight=11.930045597255228 22.948553096503019 84.823453038930893 5.2701591327786472 10.030530266463755 14.881840799003838 3.6757989972829863 14.34444738924503 9.0003099665045756 15.26834513992071 88.649504259228706 16.209911046549678 15.494482833892105 3.0727771818637839 59.629069197922945 15.63461598753929 13.027919247746466 24.474127791821957 6.1749194338917732 6.4983523041009885 2.4205222316086283 11.2782816439867 15.313723288476465 18.690998356789351 7.8998236060142508 32.847236689180136 9.0681594163179415 14.575094208121298 74.696515198796988 15.259946361184118 4.0863227583467951
leaf_count=148 628 779 37 82 328 23 180 56 77 434 204 146 9 479 66 63 104 44 24 17 42 139 94 28 181 83 47 357 126 38
internal_value=2.89028e-06 -0.00173171 0.00151443 0.00249473 0.0200191 0.00341514 0.0193952 0.00112079 0.0019616 -0.00202669 0.00921229 0.00359393 0.0123543 0.0053398 -0.00556295 0.00125314 0.013304 -0.0195987 0.00307303 -0.0343525 0.00119875 0.00514612 -0.00931878 0.000628414 -0.014082 0.0222216 0.000466513 -0.00891871 0.00889871 0.00341884
internal_weight=647.176 624.227 539.404 525.053 38.1722 23.2904 18.0202 486.881 476.85 307.634 169.216 153.007 78.1963 62.7018 74.8102 59.1756 37.502 21.6736 12.6733 14.3506 292.366 212.581 79.7845 68.5062 40.7471 27.7592 197.267 93.3579 103.909 78.7828
internal_count=5063 4435 3656 3491 568 240 203 2923 2841 1646 1195 991 634 488 357 291 167 124 68 165 1569 1141 428 386 209 177 1002 442 560 395
is_linear=0
shrinkage=0.05


Tree=51
num_leaves=31
num_cat=0
split_feature=6 0 3 5 6 7 2 4 4 4 2 1 2 3 0 4 4 7 0 3 5 6 1 5 2 2 2 7 3 4
split_gain=20.02 16.0852 7.892 7.17116 8.22253 6.63713 9.06444 6.13588 26.9247 21.107 12.328 7.22876 16.9205 11.693 8.64898 7.67477 13.4355 7.39623 7.57399 6.33489 12.0245 9.87579 5.04235 4.45034 6.58605 5.77991 8.57389 4.26651 4.2439 4.65371
threshold=0.20202592781167614 1.3548067913565098 1.9618303968521664 -1.1980381072652599 -0.24297764058301027 -0.84095554109077597 -0.88992128970837792 -0.24578499939545764 -0.15374285239996058 -0.33782723843310175 -0.79516225884486869 -0.46265158438555704 0.12335412001622294 -0.84177820408703419 -1.2632074522153121 -1.1662064693504284 -1.0741643223549311 1.3453600231433482 0.012906320873580865 -1.0676396928124032 -0.19161203774475136 -0.34422657263485096 -0.21963125476469939 -0.13089694119759754 0.045484203462505902 1.2400682288788545 0.55803361744650448 0.91767364430924314 0.85157337917873976 -0.89008012040608409
decision_type=2 2 2 2 2 2 2 2 2 2 2 2 2 2 2 2 2 2 2 2 2 2 2 2 2 2 2 2 2 2
left_child=1 3 -2 4 -1 6 -3 9 -9 11 27 12 -5 14 -13 22 -17 28 -19 20 21 -12 23 24 -15 26 -25 -10 29 -18
right_child=2 5 -4 7 -6 -7 -8 8 10 -11 19 13 -14 15 -16 16 17 18 -20 -21 -22 -23 -24 25 -26 -27 -28 -29 -30 -31
leaf_value=-0.042115074314802922 0.049468996211363275 0.015237305123769057 -0.10834601750106704 0.046098074757616882 0.064895100227991429 -0.053005599414493877 -0.053900974887600483 -0.065871334871218823 -0.054952006929782429 0.061163595044155743 -0.0098084852729580733 0.027318582450464104 -0.073613405894591463 0.029525808705214207 -0.034943370222216628 -0.076557811106187715 -0.031518326904938193 0.050735996256207366 -0.043890228749806061 4.3642079009853252e-05 0.064333897748866539 0.099101179878386028 0.067155962147904452 0.053276456931242847 -0.051209138162007908 0.090983439511057723 -0.052040384169003598 0.011815371691509084 0.021461608308128571 0.00020266557700796421
leaf_weight=16.360145609825853 23.799534618854526 11.988377999514343 0.81946834549307723 20.675904832780365 2.0163761749863616 19.841328844428062 7.8416252657771102 16.107285987585783 12.952969029545782 17.189860498532653 20.016526535153389 6.7369040623307219 3.4433461874723426 5.7046899944543892 32.417669825255871 5.3660659343004218 14.979744706302879 13.441496327519415 2.509464342147111 277.79511251300573 11.560567598789929 2.3230892568826702 6.8200187291949979 5.4272835068404657 4.5334862172603607 3.6658178977668276 3.0011362470686436 2.9347974695265284 16.312205836176872 50.682187117636204
leaf_count=183 593 74 9 417 29 226 90 92 104 235 177 34 16 27 207 18 66 196 14 1488 125 19 96 61 15 28 13 18 157 236
internal_value=4.11319e-06 -0.00176675 0.044216 0.000357892 -0.0303733 -0.0325601 -0.0121029 0.00137251 -0.00275939 0.00804251 0.000343831 0.00337689 0.0290077 -0.000225683 -0.0242306 0.00687095 0.00047665 0.00469796 0.035849 0.00253372 0.0229387 0.00151699 0.0295268 0.0180354 -0.0062238 0.0385717 0.0157759 -0.0426187 -0.00136359 -0.00703398
internal_weight=639.264 614.645 24.619 574.974 18.3765 39.6713 19.83 556.598 343.69 212.907 327.583 195.717 24.1193 171.598 39.1546 132.444 103.291 97.9251 15.951 311.695 33.9002 22.3396 29.1524 22.3324 10.2382 12.0942 8.42842 15.8878 81.9741 65.6619
internal_count=5063 4461 602 4071 212 390 164 3859 2023 1836 1931 1601 433 1168 241 927 687 669 210 1809 321 196 240 144 42 102 74 122 459 302
is_linear=0
shrinkage=0.05


Tree=52
num_leaves=31
num_cat=0
split_feature=1 0 5 3 2 3 5 2 7 5 7 1 2 2 7 5 2 3 0 3 2 1 5 2 4 4 0 4 3 5
split_gain=18.9357 14.4792 7.26786 5.87244 7.17816 5.41547 9.70531 10.7811 10.1642 6.68429 7.23142 6.16308 6.06852 5.19109 8.50843 4.92413 9.2579 8.395 9.42078 7.87934 6.27259 5.40465 5.3933 4.5135 4.48568 4.38069 4.06167 4.04729 6.18308 5.61555
threshold=0.050524901405908443 1.2779195046795269 -1.2084236672821309 -1.2294918527492065 -0.88992128970837792 0.97837290288751211 -0.093497153620987011 1.6724426746176546 1.0762968083004807 0.21982556466967981 -0.30489799083928354 -0.066084309080361073 1.1750349452891977 -1.166225746299419 0.97407783099018419 0.050414532736126907 0.47619257875424831 -1.2294918527492065 0.088103950994934441 0.32684927103596262 0.88734944934584081 -0.42201092308645366 -0.045336939301757896 -0.27567258358095698 0.95076291154600423 -1.4423330023790664 -0.3209887187422133 0.58259423152186895 0.38156197635317574 -0.18582787920074428
decision_type=2 2 2 2 2 2 2 2 2 2 2 2 2 2 2 2 2 2 2 2 2 2 2 2 2 2 2 2 2 2
left_child=1 2 -1 4 24 11 -7 8 9 23 -11 13 -12 14 -4 16 19 25 -19 22 -18 -22 -15 -8 -3 -17 -21 28 -23 -29
right_child=-2 3 5 -5 -6 6 7 -9 -10 10 12 -13 -14 15 -16 17 20 18 -20 26 21 27 -24 -25 -26 -27 -28 29 -30 -31
leaf_value=-0.045753724375058744 0.043134735981051497 -0.013200326037802121 -0.053774514113862117 -0.046206021349274387 -0.041591601861745493 0.053069109080235689 -0.041393332321457831 0.064823438807264946 0.04822424286206705 -0.069701277285102434 -0.032499429834558662 -0.066295017504632972 0.02852717730186748 0.0013677485642549919 0.0078065183662299163 -0.0559084904028819 -0.047050275980955604 0.0087270209938341819 -0.022775055421518642 0.045111208380272029 -0.050067992377371695 0.00080518090313406998 -0.031993781841358711 0.01823358022100614 0.055512662012525887 0.046249830266964082 0.0040024824788842481 0.052328268296371105 -0.036264795287976326 -0.013947350190475516
leaf_weight=8.4120496958494169 24.463325032964349 4.7089842371642607 11.55549092590809 24.035122409462929 8.6008341982960683 12.829649141058324 3.7784196212887755 6.8347724862396708 8.6936858277767879 7.4438345581293133 11.588596113026144 3.5767782442271701 6.281884739175438 141.83154737204313 10.900159357115625 1.1206350289285207 14.695174567401407 143.69324526190758 28.428022406995296 15.079557795077564 7.8803325295448294 30.954846024513245 13.24579383805394 19.830700807273391 4.7923361510038376 16.505192974582314 9.988809008151291 6.3460370749235153 17.669584199786186 6.4391696751117689
leaf_count=104 688 36 89 269 97 271 19 70 168 32 52 36 41 815 157 11 55 813 158 108 65 139 66 127 24 345 68 37 74 29
internal_value=4.334e-06 -0.00173179 0.000374707 -0.030007 -0.00849884 0.00107112 0.0133548 0.00544934 -0.00159386 -0.0104465 -0.0282948 -0.000906961 -0.0110472 -0.000415963 -0.0238826 0.000745049 -0.00366906 0.00688956 0.00352405 0.00272248 -0.0173787 -0.0110859 -0.0014818 0.00869085 0.0214576 0.0397547 0.0287309 -0.0060836 -0.0126656 0.0189491
internal_weight=632.205 607.741 565.604 42.1373 18.1022 557.192 77.2815 64.4519 57.6171 48.9234 25.3143 479.91 17.8705 476.334 22.4557 453.878 264.131 189.747 172.121 180.146 83.9851 69.29 155.077 23.6091 9.50132 17.6258 25.0684 61.4096 48.6244 12.7852
internal_count=5063 4375 3949 426 157 3845 780 509 439 271 125 3065 93 3029 246 2783 1456 1327 971 1057 399 344 881 146 60 356 176 279 213 66
is_linear=0
shrinkage=0.05


Tree=53
num_leaves=31
num_cat=0
split_feature=1 0 5 7 2 3 5 2 7 5 7 2 3 3 0 5 2 7 5 3 7 0 3 1 3 2 5 3 3 5
split_gain=17.9004 13.8676 7.79753 7.49217 8.85929 5.11863 10.3 10.3419 9.68273 6.31015 6.96065 5.48057 5.26368 5.89624 5.43834 5.34595 5.1083 7.67233 4.91469 9.34252 6.7194 6.30741 6.25712 8.46138 8.89684 6.99344 6.29357 6.12576 5.18471 5.08795
threshold=0.19676597085561209 1.3548067913565098 -1.2084236672821309 -0.84095554109077597 -0.88992128970837792 0.97837290288751211 -0.093497153620987011 1.6724426746176546 1.0762968083004807 0.21982556466967981 -0.25617043574329673 1.1750349452891977 0.68286303115078406 0.60361343170493675 -0.21613842206358094 0.18831013365909852 -1.166225746299419 0.97407783099018419 0.050414532736126907 -1.2294918527492065 0.97407783099018419 0.088103950994934441 0.52390654656616109 -0.31776246500554212 -0.34296264902756451 -0.32454134060283718 -0.082554548656509893 0.055876461071348658 -0.24923470330144984 -0.57967197018192596
decision_type=2 2 2 2 2 2 2 2 2 2 2 2 2 2 2 2 2 2 2 2 2 2 2 2 2 2 2 2 2 2
left_child=1 2 -1 4 -3 12 -7 8 9 -8 -11 -12 13 16 15 -14 17 -4 20 -20 22 -21 23 28 -25 27 -27 -26 29 -18
right_child=-2 3 5 -5 -6 6 7 -9 -10 10 11 -13 14 -15 -16 -17 18 -19 19 21 -22 -23 -24 24 25 26 -28 -29 -30 -31
leaf_value=-0.046080959626303521 0.04611059824867704 0.01605832053241615 -0.05290707753299248 -0.054015355406264301 -0.053568234121312036 0.052742601158787684 0.0080758756511981715 0.064124462193777168 0.047596623744712636 -0.060810388623134481 -0.029455899795122989 0.031959764314804309 -0.029909665750150721 0.038072950211944588 -0.071658366230198001 0.040250599106433187 -0.018783973477867071 0.0063220660912157141 0.041126368124297694 0.0075790289516150609 -0.05517325289654499 -0.019042793049590567 -0.03850585505069979 0.062010759990487774 -0.0064835183947009921 -0.0039925062977894726 0.046325077739575921 0.056555522717924626 -0.030696516815404213 0.0046689370989117613
leaf_weight=8.8792616687715036 20.367636723443866 12.456844393163921 11.255268145352604 18.159638430923223 7.2147296071052542 13.508106671273707 23.591887962073088 6.5705043114721766 8.3759906068444234 9.8216518163681048 9.9999936595559102 5.7047943565994492 9.8221237771213072 10.090910091996191 4.9676856696605673 3.7523129247128955 38.909848332405083 10.632805306464432 18.010953605175018 133.63243507780135 6.2219191603362551 26.693649739027023 11.541367955505846 7.3787658773362628 5.9020212069153812 83.896234024316072 6.7115084007382384 11.104235749691723 24.311334677040577 57.005933038890369
leaf_count=112 628 84 92 221 90 303 147 70 168 48 45 39 49 76 26 28 295 152 361 750 24 153 57 47 28 407 39 74 94 356
internal_value=4.98236e-06 -0.00154431 0.00040701 -0.0308566 -0.00947785 0.00114489 0.0130649 0.00469885 -0.00209237 -0.0105657 -0.0277945 -0.00714654 -0.00077415 0.00027132 -0.0268966 -0.0105156 -0.000570352 -0.0241347 0.000625461 0.00698233 -0.00385573 0.0031466 -0.00256179 -0.000798147 0.00889845 0.0052567 -0.000265376 0.0346778 -0.0100726 -0.00484513
internal_weight=626.492 606.125 568.294 37.8312 19.6716 559.414 77.5729 64.0648 57.4943 49.1183 25.5264 15.7048 481.841 463.299 18.5421 13.5744 453.208 21.8881 431.32 178.337 252.983 160.326 246.761 235.22 114.993 107.614 90.6077 17.0063 120.227 95.9158
internal_count=5063 4435 4040 395 174 3928 820 517 447 279 132 84 3108 3005 103 77 2929 244 2685 1264 1421 903 1397 1340 595 548 446 102 745 651
is_linear=0
shrinkage=0.05


Tree=54
num_leaves=31
num_cat=0
split_feature=6 0 3 4 4 4 2 1 7 2 7 3 2 1 5 2 5 1 7 6 0 4 4 4 4 5 4 4 4 4
split_gain=16.9432 13.2902 7.59917 6.13958 24.9766 20.4002 10.5597 6.80417 6.09421 7.81943 5.90497 8.86462 12.6298 9.71565 5.14816 5.00344 4.50374 8.23108 6.24517 7.25692 4.47262 4.46903 7.82773 34.3721 20.9744 8.47974 5.90489 23.8677 21.0587 6.99719
threshold=0.20202592781167614 1.3548067913565098 1.9618303968521664 -0.24578499939545764 -0.15374285239996058 -0.33782723843310175 -0.79516225884486869 -0.15496332206069161 -0.84095554109077597 -0.88992128970837792 -0.65290528935721359 -1.2294918527492065 0.12335412001622294 -0.45601644613842668 -1.2075260891967436 2.0589751712411388 0.59476726376210587 -0.44504841469390521 3.047394467177694 -0.28912375952809194 0.23344636145116224 1.0000000180025095e-35 0.30646788257752478 0.39851002957302184 0.21442564353988061 -0.36444661887830648 0.85872076455050717 0.95076291154600423 0.76667852551286308 1.2268893525324958
decision_type=2 2 2 2 2 2 2 2 2 2 2 2 2 2 2 2 2 2 2 2 2 2 2 2 2 2 2 2 2 2
left_child=1 3 -2 5 -5 7 -6 10 9 -3 -1 12 -12 -13 -8 16 -15 -18 19 20 -19 -16 24 -24 25 -23 28 -28 -25 -29
right_child=2 8 -4 4 6 -7 14 -9 -10 -11 11 13 -14 15 21 -17 17 18 -20 -21 -22 22 23 26 -26 -27 27 29 -30 -31
leaf_value=-0.039574103547954681 0.048611331873606667 0.013457880128159072 -0.1075260442254648 -0.064746485103414464 -0.041781709852286658 0.060766896515292768 -0.039030157559302676 0.046169826089558677 -0.051674473260573707 -0.05339602109875792 0.045433902580906453 -0.038494088826750948 -0.073519800342176311 -0.0041311625839599748 -0.014503167150786875 0.064262537909321488 -0.056772441152605685 0.054064224809808936 -0.064086000841052745 -0.017509226906420434 -0.011818839661253359 -0.036217628820618512 -0.073196612497973337 0.0033265315177533543 0.069236579129129547 0.013522798000882283 -0.068752369173512684 0.02427523230541085 0.065283920040850457 -0.0062600659457979343
leaf_weight=8.7390275970101339 21.371184334158901 11.993648011237385 0.80876891314983268 15.997900810092686 15.021015167236326 16.329489883035421 7.7951635457575312 8.5489417146891338 17.84666658565402 6.8844380602240554 19.766194064170126 16.098039641976357 2.5153786540031424 101.17458311468363 35.878088280558586 3.2092265039682379 3.3741647601127616 18.691610127687461 1.8178453966975201 5.9122434332966831 2.9878261536359778 10.587586976587771 15.144405066967009 84.734271660447121 15.858466586098073 44.930396843701601 12.372356981039045 31.33577785640955 16.363160576671362 46.752496957778931
leaf_count=59 593 74 9 102 123 235 103 185 226 90 420 125 8 474 185 22 23 249 13 49 16 56 54 478 136 231 56 223 164 282
internal_value=5.03585e-06 -0.00158486 0.0429179 0.000319642 -0.00370469 0.00710696 -0.000804989 0.00256298 -0.0307261 -0.0109223 0.000540079 0.00253703 0.0320052 -0.00174701 0.00110801 0.00256564 0.00108757 0.0171932 0.0256794 0.0315934 0.0449843 0.00210459 0.00424735 -0.000682217 0.0185231 0.00403702 0.0050507 -0.00422968 0.0133547 0.00599334
internal_weight=620.84 598.66 22.18 561.936 352.771 209.165 336.773 192.835 36.7248 18.8781 184.286 175.547 22.2816 153.266 321.752 137.167 133.958 32.7837 29.4095 27.5917 21.6794 313.957 278.079 206.702 71.3765 55.518 191.558 90.4606 101.097 78.0883
internal_count=5063 4461 602 4071 2193 1878 2091 1643 390 164 1458 1399 428 971 1968 846 824 350 327 314 265 1865 1680 1257 423 287 1203 561 642 505
is_linear=0
shrinkage=0.05


Tree=55
num_leaves=31
num_cat=0
split_feature=1 0 7 2 5 3 5 2 7 2 2 5 3 3 0 3 2 7 5 3 2 6 5 5 2 6 0 2 1 6
split_gain=16.0065 12.0103 6.92114 7.88638 6.91255 4.57395 9.65383 9.66885 9.35496 5.29372 10.1918 5.55082 4.78767 5.33535 4.83778 4.97891 4.68397 6.9874 4.23365 8.38033 6.37173 5.4624 6.51847 7.3308 5.65141 5.4481 5.42169 5.37878 5.32259 7.93435
threshold=0.19676597085561209 1.3548067913565098 -0.84095554109077597 -0.88992128970837792 -1.2084236672821309 0.97837290288751211 -0.093497153620987011 1.4747669837982287 1.0762968083004807 -0.39203097380639984 0.20969313362491748 0.10666346010587291 0.68286303115078406 0.60361343170493675 -0.21613842206358094 0.85157337917873976 -1.166225746299419 0.97407783099018419 0.050414532736126907 -1.2294918527492065 0.47619257875424831 -0.32289317831693826 -0.77662554651860782 -0.59310130787477144 0.15373111848454052 -0.27822812821239956 0.088103950994934441 0.88734944934584081 -0.41405905713164176 -0.39231552863354918
decision_type=2 2 2 2 2 2 2 2 2 2 2 2 2 2 2 2 2 2 2 2 2 2 2 2 2 2 2 2 2 2
left_child=1 4 3 -3 -1 12 -7 8 9 -8 -11 -12 13 16 15 -14 17 -6 20 -20 21 24 -23 25 28 -24 -21 -22 29 -18
right_child=-2 2 -4 -5 5 6 7 -9 -10 10 11 -13 14 -15 -16 -17 18 -19 19 26 27 22 23 -25 -26 -27 -28 -29 -30 -31
leaf_value=-0.045003787890780141 0.045411913091382476 0.014383094368725584 -0.052779902892774302 -0.05323226081705227 -0.052063633045431129 0.052314270913274064 -0.06846556189988387 0.048520211227659926 0.046592176264737939 0.041781373333018769 0.014117141041549368 -0.032903556659193985 -0.043296489363291259 0.036613177534778961 -0.068292335164873041 0.017735963746065415 -0.011809389394124483 0.0057211442021769636 0.039839115329094524 0.0070648627123435399 -0.045400892785769267 0.067570433648129216 0.018813877953287421 0.015861900763759158 0.030812179764445242 -0.050324528224426048 -0.01784688450946309 -0.0097395731044648479 -0.019817210386318781 0.035652530108712333
leaf_weight=8.2684700675308687 18.813296113163233 12.556630957871677 16.862940963357687 6.5683173239231101 10.638272173702719 12.668587442487476 3.9397082552313725 10.3788118455559 7.6902864631265393 8.2651609405875259 8.5371454097330552 23.703032048419118 6.1797278374433535 9.8680887520313245 4.9065724909305564 7.2759261727333069 25.742565501481288 10.293511778116224 17.052735015749931 132.18598058447242 12.750958971679209 4.9318889901041976 4.3570686727762213 55.447851590812206 9.5384268015623075 8.2341826595365983 26.16363562643528 61.925651766359806 53.735704407095916 13.383761271834372
leaf_count=112 628 84 221 90 92 303 23 109 165 57 49 114 31 76 26 46 277 152 361 750 48 49 26 290 54 40 153 316 245 76
internal_value=5.74831e-06 -0.00143224 -0.0294284 -0.00883888 0.000373152 0.00105558 0.012514 0.00444845 -0.00432512 -0.0131353 -0.00775365 -0.0204526 -0.000759532 0.000247918 -0.0257919 -0.0102942 -0.000556002 -0.0236471 0.000580061 0.00653527 -0.00359737 0.00161098 0.0120644 0.00804097 -0.00583817 -0.0263999 0.00294877 -0.0158287 -0.00960275 0.00442569
internal_weight=612.865 594.052 35.9879 19.1249 558.064 549.795 75.1827 62.5141 52.1353 44.445 40.5053 32.2402 474.613 456.25 18.3622 13.4557 446.382 20.9318 425.45 175.402 250.048 175.371 72.971 68.0391 102.4 12.5913 158.35 74.6766 92.862 39.1263
internal_count=5063 4435 395 174 4040 3928 820 517 408 243 220 163 3108 3005 103 77 2929 244 2685 1264 1421 1057 405 356 652 66 903 364 598 353
is_linear=0
shrinkage=0.05


Tree=56
num_leaves=31
num_cat=0
split_feature=6 0 3 7 2 7 1 3 1 3 3 3 5 3 0 2 3 4 7 4 4 4 4 4 4 4 4 5 4 6
split_gain=15.0771 11.4912 7.03439 5.60189 6.98167 5.52814 14.6758 13.3015 8.3415 6.42071 8.76828 8.23998 5.96337 5.91277 9.0414 6.07337 6.97328 5.96195 7.66187 6.55524 6.6912 11.9226 6.03304 12.8053 9.39398 5.55097 10.0779 7.7227 7.44537 6.98022
threshold=0.20202592781167614 1.3548067913565098 1.9618303968521664 -0.84095554109077597 -0.88992128970837792 -0.69365676979223723 -0.43380396045593289 -1.2447321691274367 -0.46382645497508307 -0.05217745825188428 0.93265198423345463 -1.2022116864321746 1.1183285548757507 0.10677908729400419 -1.3361055081240953 -0.35866510989241224 -1.0676396928124032 -1.1662064693504284 1.6360648057523108 -0.89008012040608409 -0.24578499939545764 1.0000000180025095e-35 0.30646788257752478 0.39851002957302184 0.21442564353988061 0.85872076455050717 0.76667852551286308 0.65903693769190641 0.95076291154600423 -0.15205499317171395
decision_type=2 2 2 2 2 2 2 2 2 2 2 2 2 2 2 2 2 2 2 2 2 2 2 2 2 2 2 2 2 2
left_child=1 5 -2 4 -3 6 -1 -8 12 11 -11 -9 -7 15 -15 -10 -17 -16 19 -19 -21 -22 24 -24 -23 26 27 29 -27 -25
right_child=2 3 -4 -5 -6 8 7 9 13 10 -12 -13 -14 14 17 16 -18 18 -20 20 21 22 23 25 -26 28 -28 -29 -30 -31
leaf_value=-0.04658242083124467 0.04785432477600484 0.011934211589715193 -0.10283684460169384 -0.05028128792914921 -0.053076505503980242 0.0098539179169006997 0.15505606505726835 -0.04690117017137712 -0.019808503823489601 -0.055382616407187703 0.044597049575397112 0.042136983612695418 0.054974000054446165 0.042291586219177515 0.03359809374813371 0.023145634905492464 -0.0051876443937913051 -0.031240369103605239 0.047077638769594088 0.018963508335169913 -0.033512125126263441 0.0060642663053845098 -0.076378730509223169 -0.015832695532906723 0.068257662387955234 -0.069946083119607178 0.06339428581774291 0.064246260483998049 -0.0039968146305859242 0.051134895822647797
leaf_weight=21.581180904060602 19.861819174140695 12.114308021962644 0.80586815997958083 16.626632418483496 6.2658490911126128 19.368563454598192 1.4664136953651929 3.3643549680709866 56.702315106987953 8.1294609401375002 3.0030499789863834 11.414020152762532 11.775073394179342 15.682108404114841 14.942881150171159 25.590373814105988 143.44304637610912 16.478831952437758 8.6376080941408855 43.087091749534011 26.93002763018012 23.858483128249645 5.6345283389091483 27.496621094644059 8.1441005468368513 4.9124760478734961 8.245840482413767 4.4060569144785395 33.220601649954915 4.53259452432395
leaf_count=269 593 74 9 226 90 242 10 21 394 45 67 94 343 129 160 156 642 103 153 352 143 129 19 136 72 20 88 30 215 39
internal_value=5.72188e-06 -0.00147197 0.0419786 -0.0292516 -0.0102281 0.000289612 -0.0157495 0.00855573 0.00185047 0.00026462 -0.0284126 0.0218671 0.0269133 0.000196572 0.00555536 -0.00564826 -0.000898201 0.00305631 0.000939359 -0.00098637 0.00163113 -0.00343601 0.00328829 -0.00344271 0.0218914 0.00151973 0.0134786 0.00218197 -0.0124927 -0.00635582
internal_weight=607.722 587.054 20.6677 35.0068 18.3802 552.048 48.9585 27.3773 503.089 25.9109 11.1325 14.7784 31.1436 471.946 246.21 225.736 169.033 230.528 215.585 206.947 190.468 147.381 120.451 88.4487 32.0026 82.8142 44.6811 36.4353 38.1331 32.0292
internal_count=5063 4461 602 390 164 4071 506 237 3565 227 112 115 585 2980 1788 1192 798 1659 1499 1346 1243 891 748 547 201 528 293 205 235 175
is_linear=0
shrinkage=0.05


Tree=57
num_leaves=31
num_cat=0
split_feature=1 0 3 0 5 7 3 5 2 7 2 2 5 7 2 1 2 3 2 7 2 3 5 2 3 5 1 1 2 0
split_gain=14.3887 10.3519 5.49122 6.14426 5.32463 4.55939 3.82511 8.19843 8.96309 7.75729 5.60108 9.53336 7.98237 5.56372 7.37113 4.93401 4.41373 5.12839 4.06984 6.81751 4.43941 9.31901 6.44971 6.20306 6.0456 8.59834 6.27306 8.02656 5.99557 5.62728
threshold=0.050524901405908443 1.2779195046795269 -1.2447321691274367 1.9857585475218218 -1.2084236672821309 -0.85067383001215435 0.97837290288751211 -0.10461843337997913 1.6724426746176546 1.0762968083004807 -0.42513718670068118 -0.070097782078057433 0.14141325523991108 -0.23030944281525914 1.1750349452891977 -0.066084309080361073 1.298548226536034 1.4790172959123693 -1.166225746299419 0.97407783099018419 -0.011552942454124868 0.31008490777959319 0.06908149430740386 0.65458585431633864 -1.2294918527492065 -0.71429256722425694 -0.43145538629536023 -0.4160646039992591 -0.17768995368907711 -0.60929981399221511
decision_type=2 2 2 2 2 2 2 2 2 2 2 2 2 2 2 2 2 2 2 2 2 2 2 2 2 2 2 2 2 2
left_child=1 4 3 -3 -1 -4 15 -8 9 10 -9 -12 16 -14 -15 18 17 -13 19 -6 21 24 -22 -24 25 -20 28 -28 -26 -29
right_child=-2 2 5 -5 6 -7 7 8 -10 -11 11 12 13 14 -16 -17 -18 -19 20 -21 22 -23 23 -25 26 -27 27 29 -30 -31
leaf_value=-0.042947936468271483 0.041141832895301489 -0.019372842119913993 0.018881844547002181 0.061428675598164208 -0.05138018830277058 -0.0514649057253804 0.05371901841482371 -0.067324441609023178 0.06278923021592589 0.045868131574435693 0.056400993557087421 -0.033744589414560287 -0.056404847317412743 -0.039835354003051306 0.032344734917312282 -0.058380985676516464 0.064939929043953501 0.040488263758277243 -0.020633591560850123 0.0063969470116697347 -0.011042526307306068 0.03649435527528383 -0.018741096715253255 0.01054969574226579 -0.032560715693467406 0.03957418489914203 0.056049758375654138 -0.016713076821350717 0.035347191869340648 0.0081703247781170617
leaf_weight=7.0266140438616267 20.53343553841114 12.327780451625584 2.6162847876548758 2.9076372534036627 10.091819617897274 19.256673656404022 9.9616844765841943 3.77751232497394 6.0128706712275735 7.4778020922094575 5.7081981152295986 5.0370699614286476 10.810234241187567 8.2742136865854317 6.1779774185270062 3.6894078478217116 3.7176531068980685 4.3238308876752853 8.2078284211456793 10.333782715722917 136.22839305922389 22.749801840633154 22.337553888559341 94.727073322981596 23.907262302935127 21.367009695619345 6.7717909086495629 34.162486501038074 3.7617905288934699 67.837478276342154
leaf_count=104 688 133 19 16 89 258 257 21 70 168 42 21 46 38 44 36 39 34 79 157 690 198 112 504 167 464 44 147 23 355
internal_value=6.44036e-06 -0.00144588 -0.0269981 -0.0039521 0.000295602 -0.0430505 0.000860965 0.0116483 0.00481347 -0.00148983 -0.00889434 -0.00388357 -0.0128587 -0.0292739 -0.00898004 -0.000788448 0.0188488 0.00054381 -0.000329011 -0.0221494 0.000679215 0.00648343 -0.00364635 0.00496061 0.00237091 0.0228649 -0.00207136 0.0033359 -0.0233282 -0.000163785
internal_weight=602.121 581.588 37.1084 15.2354 544.479 21.873 537.453 71.279 61.3174 55.3045 47.8267 44.0492 38.341 25.2624 14.4522 466.173 13.0786 9.3609 462.484 20.4256 442.058 188.765 253.293 117.065 166.016 29.5748 136.441 108.772 27.6691 102
internal_count=5063 4375 426 149 3949 277 3845 780 523 453 285 264 222 128 82 3065 94 55 3029 246 2783 1477 1306 616 1279 543 736 546 190 502
is_linear=0
shrinkage=0.05


Tree=58
num_leaves=31
num_cat=0
split_feature=1 0 7 2 5 6 4 4 4 2 1 2 3 0 4 4 5 0 1 0 3 5 1 5 7 2 7 5 7 5
split_gain=13.5875 9.80123 6.32705 6.97599 5.7854 4.31792 3.828 23.5831 19.5093 9.06676 4.71416 14.0838 8.90119 7.68257 6.28582 11.2304 6.0378 6.64494 4.53998 4.26175 4.0979 12.2879 9.09857 6.09521 4.53447 5.27885 4.0251 3.90704 15.1232 3.82398
threshold=0.19676597085561209 1.3548067913565098 -0.84095554109077597 -0.88992128970837792 -1.2084236672821309 5.7617034853152918 -0.24578499939545764 -0.15374285239996058 -0.33782723843310175 -0.79516225884486869 -0.46265158438555704 0.12335412001622294 -0.84177820408703419 -1.2632074522153121 -1.1662064693504284 -1.0741643223549311 1.067746771576741 0.06472089210630276 -0.21963125476469939 0.10300809933264046 -1.0676396928124032 -0.19161203774475136 -0.43380396045593289 -0.58544351638749659 0.70558628020151504 1.6147849523816602 0.97407783099018419 -0.38634794457304028 0.78474814065912935 0.016139802349858096
decision_type=2 2 2 2 2 2 2 2 2 2 2 2 2 2 2 2 2 2 2 2 2 2 2 2 2 2 2 2 2 2
left_child=1 4 3 -3 -1 -2 8 -8 10 26 11 -6 13 -12 18 -16 -17 -18 19 29 21 22 23 -11 -22 -26 -9 -15 -29 -14
right_child=5 2 -4 -5 6 -7 7 9 -10 20 12 -13 14 27 15 16 17 -19 -20 -21 24 -23 -24 -25 25 -27 -28 28 -30 -31
leaf_value=-0.043431728941101852 0.048883517509676025 0.013233327577273725 -0.051467051592218864 -0.052852591574393253 0.041819250731589222 -0.096269439178334457 -0.064402004104314195 -0.052885917321370171 0.060398696351500747 -0.040728966684159852 0.026254490170478068 -0.071724594756973056 -0.021108181975469098 -0.061236340474305595 -0.073362116241614581 -0.0015878568943125543 0.049360945253654573 -0.052792561559936418 0.067647599982731163 0.049876605859352247 0.0016096693153738722 0.062937023001893438 0.04799440734847471 0.014665192527681174 -0.046372822927565976 0.021115615272074874 0.016753666960976698 0.041958413823848781 -0.048664514881346634 0.030300057783916475
leaf_weight=7.4482466764748088 16.285053132101897 12.535597167909147 15.131758917123078 5.8599840290844432 17.66886045597494 0.52898818999528785 14.628046091645954 10.914611726999281 15.447258841246365 11.717937964946033 6.6758504733443251 3.2303793616592875 8.2258418127894455 8.7252127118408698 5.0062652826309195 81.528918663039804 11.279250567778943 1.8535370919853438 5.449129680171608 6.5981058105826369 257.72231205180287 10.736223580315707 7.2469131201505688 8.6182505115866643 10.261862013489006 4.0374791026115409 2.5619790926575652 6.5534574985504177 15.473828308284281 6.4567096326500169
leaf_count=112 611 84 221 90 421 17 96 105 236 136 34 17 32 37 18 453 200 11 73 47 1434 125 49 78 49 23 17 40 132 65
internal_value=7.6114e-06 -0.0012778 -0.0275183 -0.0078186 0.000333309 0.0443168 0.000938511 -0.00230319 0.00641949 0.00050204 0.00190559 0.0242689 -0.000947284 -0.0223649 0.00539482 -0.00037951 0.00348024 0.0349432 0.0269257 0.0164984 0.00224552 0.0175537 -0.000110934 -0.0172535 8.90739e-05 -0.0273172 -0.039647 -0.0329194 -0.0217028 0.00149879
internal_weight=596.408 579.594 33.5273 18.3956 546.066 16.814 538.618 338.446 200.173 323.818 184.725 20.8992 163.826 37.4283 126.398 99.668 94.6617 13.1328 26.7298 21.2807 310.341 38.3193 27.5831 20.3362 272.022 14.2993 13.4766 30.7525 22.0273 14.6826
internal_count=5063 4435 395 174 4040 628 3928 2112 1816 2016 1580 438 1142 243 899 682 664 211 217 144 1894 388 263 214 1506 72 122 209 172 97
is_linear=0
shrinkage=0.05


Tree=59
num_leaves=31
num_cat=0
split_feature=6 0 3 7 2 7 1 3 1 1 3 3 3 7 4 4 4 1 1 5 4 1 1 1 4 4 4 4 4 4
split_gain=12.8512 9.42751 6.59573 5.11811 6.18773 4.57066 13.0173 11.4299 6.86652 6.34607 5.89405 7.73521 7.59347 5.71855 4.63238 19.817 13.9546 6.67829 7.38382 7.47778 6.4895 5.93842 5.32773 6.40542 4.77654 21.4489 20.3224 6.51961 14.8417 10.7093
threshold=0.20202592781167614 1.3548067913565098 1.9618303968521664 -0.84095554109077597 -0.88992128970837792 -0.69365676979223723 -0.43380396045593289 -1.2447321691274367 -0.46139035719728066 -0.45780977284132413 -0.05217745825188428 0.93265198423345463 -1.2022116864321746 0.97407783099018419 0.85872076455050717 0.76667852551286308 0.95076291154600423 -0.39768386775305642 -0.28060790940264996 -0.015559208253519061 1.2268893525324958 -0.21490634580112489 -0.21490634580112489 -0.19391636527382555 0.30646788257752478 0.21442564353988061 0.39851002957302184 -0.24578499939545764 -0.33782723843310175 -0.15374285239996058
decision_type=2 2 2 2 2 2 2 2 2 2 2 2 2 2 2 2 2 2 2 2 2 2 2 2 2 2 2 2 2 2
left_child=1 5 -2 4 -3 6 -1 -8 13 -10 12 -12 -9 -7 15 21 -16 -18 20 22 -19 24 -20 -24 25 27 -26 28 -11 -29
right_child=2 3 -4 -5 -6 8 7 10 9 14 11 -13 -14 -15 16 -17 17 18 19 -21 -22 -23 23 -25 26 -27 -28 29 -30 -31
leaf_value=-0.045516408420457448 0.047029071075974697 0.010889663954782868 -0.098868850194965094 -0.048899347892186529 -0.052715092453678503 0.0064426977317386912 0.14172205389245338 -0.04561073780254702 -0.04011447870002291 0.00081317121225747571 -0.052950320271869189 0.044031394501032606 0.040700814806025061 0.047289073582428696 -0.066778288233634908 0.063223523538738155 0.037799958570153031 0.0047881769285924216 0.058016655492153651 -0.0398828579778727 -0.038623519641486387 0.018941321668249404 -0.068097682374997609 0.040424730700374556 -0.070675805877578199 0.068984411519998109 -0.001024669201488184 -0.058574715340430787 0.061652881945168027 -0.0053485345886075614
leaf_weight=19.750277414917946 17.945751857012514 12.109696332365276 0.80959515273570914 14.991212315857409 5.5883618444204322 21.419398929923773 1.5083478875458265 3.3062127083539989 9.6440758258104307 129.11037691682577 7.9885413479059899 2.7686153203248978 11.11542578600347 14.282430680468677 9.6023722067475301 13.239341510459779 8.9936195276677591 14.019049782305954 8.9189058840274811 4.4813292026519767 22.306494358927011 40.622122842818499 2.3073624707758427 3.3106927797198304 12.445221640169619 11.43020326644182 66.074742261320353 10.744327794760464 10.868007695302365 78.470333747565746
leaf_count=269 593 74 9 226 90 263 10 21 91 821 45 67 94 366 42 136 58 70 51 26 103 457 11 58 48 88 309 71 137 359
internal_value=5.78349e-06 -0.00133093 0.0407312 -0.0274029 -0.00919426 0.000251084 -0.0147441 0.0080295 0.00166557 1.43271e-05 2.0583e-05 -0.0279897 0.0209136 0.0227832 0.000880218 0.00314657 -0.0105529 -0.00216121 -0.00865507 0.0165853 -0.0218697 0.000935741 0.0339929 -0.00414595 -0.0013561 0.00213816 -0.0120642 -0.00119556 0.0055368 -0.0117587
internal_weight=590.172 571.417 18.7553 32.6893 17.6981 538.728 46.4374 26.6871 492.29 456.589 25.1788 10.7572 14.4216 35.7018 446.945 373.005 73.9398 64.3375 55.3438 19.0183 36.3255 359.765 14.537 5.61806 319.143 240.623 78.52 229.193 139.978 89.2147
internal_count=5063 4461 602 390 164 4071 506 237 3565 2936 227 112 115 629 2845 2426 419 377 319 146 173 2290 120 69 1833 1476 357 1388 958 430
is_linear=0
shrinkage=0.05


Tree=60
num_leaves=31
num_cat=0
split_feature=1 0 5 0 0 5 4 2 2 3 5 6 3 3 7 7 5 4 5 5 7 5 6 7 2 0 4 3 7 3
split_gain=12.217 8.55951 4.76046 4.40276 4.39204 6.51647 6.38007 6.17986 13.4798 11.2688 8.19388 6.1203 5.47977 6.11461 5.21811 5.1285 4.98 4.83468 5.20386 6.97426 4.89129 4.64568 4.5508 6.48613 4.92616 4.54318 4.53898 4.3074 4.42981 4.52791
threshold=0.050524901405908443 0.75961552443556102 -1.0858275335679293 -1.7995094254806314 -0.56286737773942452 -0.68409092146746275 0.21442564353988061 1.0508001909799718 0.33526351918818315 0.28021387243794593 -0.058535751475405538 -0.37505752923930619 -1.2633814394731491 1.2037771973618512 -0.19957569437762271 -0.25617043574329673 -1.0000000180025095e-35 0.30646788257752478 -0.48765445100667165 -0.25517261798024088 -0.35887941081433483 0.73300199645192177 -0.29363337163492215 -0.4340668449903769 -0.10369885149590102 0.06472089210630276 -0.24578499939545764 0.15813895348863957 0.42672311014381181 0.48717736885431012
decision_type=2 2 2 2 2 2 2 2 2 2 2 2 2 2 2 2 2 2 2 2 2 2 2 2 2 2 2 2 2 2
left_child=1 2 -1 -4 7 6 -6 8 9 10 22 21 -7 14 15 17 27 20 -19 -20 -14 -12 23 -5 -24 -18 -11 -16 29 -29
right_child=-2 -3 3 4 5 12 -8 -9 -10 26 11 -13 13 -15 16 -17 25 18 19 -21 -22 -23 24 -25 -26 -27 -28 28 -30 -31
leaf_value=-0.031072296264563582 0.039874970904231838 -0.017917684814047163 0.042354461009430196 0.03328827945673396 -0.053064744649465562 0.037093285107232754 0.017105938552015323 0.0051091079014018402 -0.03668843891052103 0.057748000943486866 0.038207002278699984 -0.053227862185395637 0.031274047265891357 0.035883355288994667 -0.039465810170660511 0.049257930803783628 0.011718653582105366 -0.04155734519131718 0.031060792790856113 -0.013064600505230181 -0.0074534716619731366 -0.032614068005059428 0.010277549895700053 -0.011072959360130171 -0.054999956400304008 -0.015379619065314607 0.012824704254538927 0.069247703080482795 -0.039036206092040802 -0.011184546980583566
leaf_weight=11.326633624732493 18.601432936266065 68.201629351824522 6.5753669235855332 16.375274382531639 8.7746077254414541 15.200997361913322 5.1350194402039042 111.90634090453386 36.543841840699315 8.2870560213923472 4.0406966693699378 15.789873436093329 29.71728515625 15.79150867462158 15.981754608452308 8.3608756102621395 45.420896850526361 7.3592099063098422 14.841572005301709 22.577256623655561 11.235700923949478 5.4238650444895029 5.2912918515503407 16.585411645472053 6.3689237385988218 23.454388022422791 17.489822560921311 3.1937309429049474 4.3326340243220329 3.8700485341250896
leaf_count=164 688 761 52 98 42 382 45 689 172 126 36 60 184 229 65 52 348 36 88 119 58 67 25 91 21 146 152 19 20 28
internal_value=4.57169e-06 -0.00130702 0.000971246 0.00171816 0.00116074 0.00603603 -0.0271598 -0.00353769 -0.0108574 -0.000988621 -0.0114121 -0.0341711 0.00812217 0.00598578 0.0035054 0.0118785 -0.00467969 0.00823312 -0.00312209 0.00443702 0.0206489 -0.00237849 0.00146896 0.0109662 -0.0253777 0.00249077 0.0272672 -0.0227184 0.000767276 0.0251811
internal_weight=584.055 565.454 497.252 485.925 479.35 235.247 13.9096 244.102 132.196 95.6522 69.8753 25.2544 221.338 206.137 190.345 94.0919 96.2535 85.731 44.778 37.4188 40.953 9.46456 44.6209 32.9607 11.6602 68.8753 25.7769 27.3782 11.3964 7.06378
internal_count=5063 4375 3614 3450 3398 1861 87 1537 848 676 398 163 1774 1392 1163 537 626 485 243 207 242 103 235 189 46 494 278 132 67 47
is_linear=0
shrinkage=0.05


Tree=61
num_leaves=31
num_cat=0
split_feature=1 0 7 2 5 1 4 6 3 5 2 7 2 2 5 3 3 7 2 5 0 2 4 1 3 0 3 5 4 2
split_gain=11.5324 8.06945 5.95303 6.31067 4.93888 4.25509 3.3389 4.16569 3.32302 8.41642 8.46594 7.23655 5.1067 7.88262 6.82252 4.40476 4.66814 4.36264 4.74018 4.31066 3.97228 3.96594 5.68447 5.43208 4.28741 3.9555 3.76628 6.20913 6.15401 5.18326
threshold=0.19676597085561209 1.3548067913565098 -0.84095554109077597 -0.88992128970837792 -1.2084236672821309 4.9250498812700654 -0.33782723843310175 -0.35577028248525716 0.97837290288751211 -0.10461843337997913 1.6724426746176546 0.54111036517919542 -0.42513718670068118 -0.070097782078057433 0.1232486851496823 0.68286303115078406 0.60361343170493675 -0.32161235890014156 1.1750349452891977 0.18831013365909852 -0.79169611427910169 -1.166225746299419 -0.24578499939545764 -0.46265158438555704 0.5557588230369781 -0.79926088106645266 0.42743532865164818 0.18831013365909852 -0.52191153242409583 0.47619257875424831
decision_type=2 2 2 2 2 2 2 2 2 2 2 2 2 2 2 2 2 2 2 2 2 2 2 2 2 2 2 2 2 2
left_child=1 4 3 6 -1 -2 -3 -8 15 -10 11 12 -11 -14 -15 16 21 -16 -19 -17 -13 22 23 -6 26 -26 -23 28 -28 -30
right_child=5 2 -4 -5 8 -7 7 -9 9 10 -12 20 13 14 17 19 -18 18 -20 -21 -22 24 -24 -25 25 -27 27 -29 29 -31
leaf_value=-0.041964783592102081 0.048239307133112405 -0.036468055851291925 -0.050149741568252963 -0.05254118262210318 0.06050674618605343 -0.096294662474421935 0.05133496113446509 -0.016027427146655719 0.053304827087938211 -0.066056461122327353 0.062035310130530645 -0.0094460300377617427 0.048395043027192532 0.018585204599466953 -0.061851212906872913 -0.039873183636599065 0.035084403707378892 -0.035324908058315438 0.020500038925367829 0.015525962432806748 0.059191614399933659 6.6442999286827221e-05 -0.058480791433200632 -0.020013389600252118 0.011866276230113918 -0.048098490090662707 -0.049043844015603404 0.055056813708014164 0.04625568149742626 -0.0074338719748913906
leaf_weight=6.8203518614172927 14.539657369256016 2.6990439891815194 13.916244758293031 5.2429480254650143 2.7044454421848068 0.52770565822720605 6.1792326867580405 3.6511230058968076 10.074268434196709 3.8225902728736321 5.661294298246502 3.1147991064935923 5.7906377352774063 10.664698813110602 7.2597957812249616 13.088962189853193 9.4382566679269058 10.633855804800996 5.9192556887865058 4.7987374588847151 6.5209368746727687 367.75863621383905 7.030260454863309 9.2884303666651249 4.102590560913085 8.3420976363122445 4.3217723630368772 8.3579331040382367 8.3549008145928401 9.7312212213873845
leaf_count=112 611 23 221 90 82 17 34 27 289 25 70 36 46 80 29 68 76 51 37 35 157 2406 74 88 26 40 18 75 70 50
internal_value=5.49057e-06 -0.00114522 -0.0256592 -0.00648237 0.000310573 0.0431773 0.012791 0.0263157 0.000857922 0.0110475 0.0038792 -0.00224885 -0.0108273 -0.00558451 -0.0146506 -0.000689778 0.000300265 -0.0295353 -0.0153624 -0.0250112 0.0370042 -0.000463241 -0.0227823 -0.00185575 0.000569875 -0.0283301 0.00147233 0.0182776 0.00455931 0.0173681
internal_weight=580.357 565.289 31.6886 17.7723 533.601 15.0674 12.5294 9.83036 526.78 69.4621 59.3879 53.7266 44.0908 40.2682 34.4776 457.318 439.431 23.8129 16.5531 17.8877 9.63574 429.992 19.0231 11.9929 410.969 12.4447 398.524 30.7658 22.4079 18.0861
internal_count=5063 4435 395 174 4040 628 84 61 3928 820 531 461 268 243 197 3108 3005 117 88 103 193 2929 244 170 2685 66 2619 213 138 120
is_linear=0
shrinkage=0.05


Tree=62
num_leaves=31
num_cat=0
split_feature=6 0 3 7 2 7 1 3 1 1 3 3 3 7 4 4 4 1 1 5 4 1 4 4 5 1 1 7 4 4
split_gain=10.8608 7.85202 6.1543 4.79481 5.60444 3.86223 12.0461 10.2921 6.13094 5.77332 5.713 6.76941 6.74507 5.47847 4.05029 18.5256 12.9857 6.14746 6.52982 6.58684 6.01131 4.96445 4.78108 7.18694 5.54969 4.7364 5.74229 4.25385 4.25333 13.8707
threshold=0.20202592781167614 1.3548067913565098 1.9618303968521664 -0.84095554109077597 -0.88992128970837792 -0.69365676979223723 -0.43380396045593289 -1.2447321691274367 -0.46139035719728066 -0.45780977284132413 -0.05217745825188428 -1.2022116864321746 0.93265198423345463 0.97407783099018419 0.85872076455050717 0.76667852551286308 0.95076291154600423 -0.39768386775305642 -0.28060790940264996 -0.015559208253519061 1.2268893525324958 -0.21490634580112489 -1.1662064693504284 -0.70599582641508996 -0.59310130787477144 -0.21490634580112489 -0.19391636527382555 -0.56222848152216776 -0.24578499939545764 -0.33782723843310175
decision_type=2 2 2 2 2 2 2 2 2 2 2 2 2 2 2 2 2 2 2 2 2 2 2 2 2 2 2 2 2 2
left_child=1 5 -2 4 -3 6 -1 -8 13 -10 11 -9 -12 -7 15 21 -16 -18 20 25 -19 28 -23 -24 27 -20 -27 -25 29 -11
right_child=2 3 -4 -5 -6 8 7 10 9 14 12 -13 -14 -15 16 -17 17 18 19 -21 -22 22 23 24 -26 26 -28 -29 -30 -31
leaf_value=-0.044677815624375831 0.04602560213748999 0.010589552470169638 -0.094039083027481041 -0.047571897349198734 -0.052418772637407601 0.0057952990602917632 0.1338431619842651 -0.043097631881901473 -0.038912354258467313 0.00078829356700768215 -0.050658726512536889 0.03964582642042918 0.043121244983070801 0.046493952644293075 -0.065624554260642107 0.062438533882601767 0.036466976261925438 0.0048929081227966232 0.054750830306720469 -0.037863261510509061 -0.037095434209031435 0.06364788639211065 -0.03463986389318234 -0.043656264619146179 0.037022140925046521 -0.065544833010056133 0.039333494460483565 0.028009119994601706 -0.0064228540349054539 0.061071129976325259
leaf_weight=18.519104357808828 16.264860544353727 12.005612751469018 0.8239932581782331 13.836472934111951 4.9985988736152676 21.027231438085437 1.5307688452303434 3.1942160874605205 9.346870478242634 127.91725246794522 7.8894285131245816 10.930370900779963 2.532956562936306 13.627663603052495 9.1657022349536401 12.629349624738095 8.9429072849452478 13.965883128345011 8.8550842478871346 4.3742828816175452 21.876782402396202 4.9157001767307511 6.9176856186240903 4.6403731238096952 19.379356901161376 2.254117164760828 3.1000552382320175 3.7391059044748527 176.76958741620183 10.311492202803491
leaf_count=269 593 74 9 226 90 263 10 21 91 821 45 94 67 366 42 136 58 70 51 26 103 82 63 39 236 11 58 37 875 137
internal_value=6.80508e-06 -0.00119313 0.0392719 -0.0257165 -0.00793253 0.000238331 -0.0138412 0.00805742 0.0015363 -2.73129e-05 0.000213317 0.0209337 -0.0278673 0.0217996 0.000799178 0.00293182 -0.00999769 -0.00195182 -0.00826451 0.0157876 -0.0207349 0.000812387 0.0174999 0.010958 0.0223213 0.0323038 -0.00482049 -0.0116776 -0.00128507 0.00528523
internal_weight=576.283 559.194 17.0889 30.8407 17.0042 528.353 44.5968 26.0777 483.756 449.102 24.547 14.1246 10.4224 34.6549 439.755 367.22 72.5348 63.3691 54.4262 18.5835 35.8427 354.591 39.5922 34.6765 27.7588 14.2093 5.35417 8.37948 314.998 138.229
internal_count=5063 4461 602 390 164 4071 506 237 3565 2936 227 115 112 629 2845 2426 419 377 319 146 173 2290 457 375 312 120 69 76 1833 958
is_linear=0
shrinkage=0.05


Tree=63
num_leaves=31
num_cat=0
split_feature=1 0 5 6 3 0 0 5 4 2 2 3 5 6 3 3 7 7 5 4 0 7 4 5 0 1 1 6 7 2
split_gain=10.3699 7.09049 4.11992 4.84338 3.98851 3.93226 3.92775 5.80412 5.71335 5.59209 11.9354 9.93751 7.50152 5.47569 4.92586 5.25987 4.74662 4.63449 4.58545 4.38622 4.54569 4.37023 4.33116 4.30214 4.14395 4.34351 4.59244 4.00549 5.88195 4.5285
threshold=0.050524901405908443 0.75961552443556102 -1.0858275335679293 -0.33245463629139843 2.0035889246897827 -1.7995094254806314 -0.56286737773942452 -0.68409092146746275 0.21442564353988061 1.0508001909799718 0.33526351918818315 0.28021387243794593 -0.058535751475405538 -0.37505752923930619 -1.2633814394731491 1.2037771973618512 -0.19957569437762271 -0.25617043574329673 -1.0000000180025095e-35 0.30646788257752478 -0.035907754437500682 -0.35887941081433483 -0.24578499939545764 0.73300199645192177 0.06472089210630276 -0.2949122127224057 -0.45835139539286102 -0.29363337163492215 -0.4340668449903769 -0.10369885149590102
decision_type=2 2 2 2 2 2 2 2 2 2 2 2 2 2 2 2 2 2 2 2 2 2 2 2 2 2 2 2 2 2
left_child=1 2 3 -1 -2 -4 9 8 -8 10 11 12 27 23 -9 16 17 19 -18 21 -21 -16 -13 -14 25 26 -20 28 -7 -29
right_child=4 -3 5 -5 -6 6 7 14 -10 -11 -12 22 13 -15 15 -17 18 -19 24 20 -22 -23 -24 -25 -26 -27 -28 29 -30 -31
leaf_value=-0.041956287762677763 0.042903881681893213 -0.016645657920785231 0.040373661594638947 0.062737984721387807 -0.098087131383003234 0.031810151477961617 -0.050151427043894282 0.035911711878470497 0.016678921227449163 0.0048377010262792026 -0.03500595896023715 0.05670122021503126 0.036697072880350401 -0.050863417257557143 0.029906558033104019 0.034146481210749813 -0.021878998764338881 0.04727811819925104 -0.046347704566772896 0.0080903224084511605 -0.026290825929736601 -0.006795134971322574 0.011827700417461451 -0.032038311439504939 -0.014730796202636003 -0.050578544601374412 0.019578002254881675 0.010356778148198647 -0.010585026763019315 -0.052613685456023032
leaf_weight=9.4751412533223611 16.385233700275425 65.285559410229325 6.4455303633585563 1.2504882477223862 0.51745367795228858 16.221007734537121 8.7579095065593702 14.441915992647408 5.0375451408326617 110.69846336171031 35.847131103277206 7.8560261065140393 4.0046636238694209 15.629222657531498 29.499671440571547 15.038884988985954 26.979271633550511 8.2283506281673748 2.8303558528423229 29.947123777121305 14.159511663019655 11.186784030869601 17.042733872309327 5.2752013225108385 23.145268920809031 2.668852042406832 39.619713619351387 5.2531265877187252 16.50714568793774 6.2543672025203687
leaf_count=151 675 761 52 13 13 98 42 382 45 689 172 126 36 60 184 229 132 52 34 164 79 58 152 67 146 13 301 25 91 21
internal_value=7.75708e-06 -0.00116808 0.000897033 -0.0297501 0.0385876 0.00158388 0.00105432 0.00570306 -0.0257477 -0.00341959 -0.0104568 -0.00109926 -0.0108526 -0.0327995 0.00769565 0.00569129 0.00341824 0.0114517 -0.00442781 0.00797511 -0.00294703 0.0198154 0.0259861 -0.00237602 0.00246922 0.0112926 0.0151824 0.00150567 0.0104272 -0.0238679
internal_weight=571.49 554.587 489.301 10.7256 16.9027 478.576 472.13 231.541 13.7955 240.589 129.891 94.0435 69.1447 24.9091 217.746 203.304 188.265 93.0214 95.2435 84.7931 44.1066 40.6865 24.8988 9.27986 68.2642 45.1189 42.4501 44.2356 32.7282 11.5075
internal_count=5063 4375 3614 164 688 3450 3398 1861 87 1537 848 676 398 163 1774 1392 1163 537 626 485 243 242 278 103 494 348 335 235 189 46
is_linear=0
shrinkage=0.05


Tree=64
num_leaves=31
num_cat=0
split_feature=1 0 7 2 3 5 5 2 3 1 6 4 4 4 4 4 4 4 4 4 6 6 5 5 1 3 2 1 4 3
split_gain=9.78483 6.66551 5.54643 5.70075 5.15907 4.23511 3.04148 9.99553 8.73298 18.3345 5.49645 3.74512 3.70993 3.05861 6.90108 18.0971 7.6922 20.6643 11.4583 5.97413 4.82443 5.61289 4.5804 4.56855 4.12504 6.5965 8.80505 6.26499 12.1286 4.70398
threshold=0.19676597085561209 1.3548067913565098 -0.84095554109077597 -0.88992128970837792 2.0035889246897827 -1.2084236672821309 1.0085710810042914 -0.76720904743073381 -1.2084602161472491 -0.43145538629536023 -0.22170762658403112 1.2268893525324958 -1.1662064693504284 1.5030157014768397 1.2268893525324958 1.1348471134948515 0.85872076455050717 0.76667852551286308 0.95076291154600423 1.3189314995279926 -0.3008378233139663 -0.34690230536733691 -0.19161203774475136 -0.97481373065111521 -0.21490634580112489 0.97837290288751211 1.4906834686067219 -0.12330659743618767 -0.24578499939545764 -1.0818131870441572
decision_type=2 2 2 2 2 2 2 2 2 2 2 2 2 2 2 2 2 2 2 2 2 2 2 2 2 2 2 2 2 2
left_child=1 5 3 -3 -2 -1 7 12 -8 -10 11 -11 -7 14 15 16 17 23 -18 -16 21 -20 -22 -9 29 26 27 -26 -29 -25
right_child=4 2 -4 -5 -6 6 8 13 9 10 -12 -13 -14 -15 19 -17 18 -19 20 -21 22 -23 -24 24 25 -27 -28 28 -30 -31
leaf_value=-0.040680089535133031 0.047593682485834246 0.012420449488791063 -0.04879835872533414 -0.052266419784081621 -0.12845436344867009 0.013978675272986411 0.046374942165078072 -0.038653064389523407 -0.036016716249382963 0.039570686720918159 -0.023018893065481161 -0.012869538023790894 -0.049634998282940303 0.019442602283285176 -0.067566733129385395 0.072521130306189341 -0.065484267024804976 0.062590249723872143 -0.003423879875580748 -0.0093606325426219533 0.015649411004417309 0.077368229435908098 -0.052656541761863754 0.015541246270347298 0.027600359726107162 0.041825950749409264 -0.067973904504143021 0.055350459081766203 -0.089714772713757815 -0.0042305700942479605
leaf_weight=6.2317284159362307 13.109226418659087 12.418597456067802 12.839248113334177 4.6931024007499245 0.42979289032518941 2.7531033847481039 13.660339444875715 7.7401671428233376 20.281567994505167 25.122323573566973 5.2739256545901325 3.9384322352707377 13.682865915820001 20.821555020287633 6.6705994866788396 8.7089471109211427 10.918021563440563 13.414629787206648 6.4211504831910151 12.998869277536869 4.0624435674399137 3.2317070923745632 6.1999261751770955 34.083436844870448 17.078440744429834 14.723485627211629 4.0266084000468245 2.3992305211722851 3.6071624010801306 256.26146858371794
leaf_count=112 619 84 221 90 9 28 379 91 163 333 34 22 141 149 34 96 57 154 46 82 30 20 23 282 119 294 17 43 17 1274
internal_value=8.62643e-06 -0.00101722 -0.0239586 -0.00532075 0.0420051 0.000293283 0.000786131 -0.000706452 0.0106192 0.00167617 0.0239414 0.0324638 -0.0389794 0.000745094 -0.000198585 0.00124839 -0.00036734 0.00172268 -0.024318 -0.0291003 -0.0017497 0.0236247 -0.0256171 -0.000679398 0.000205432 0.0148841 0.000252645 0.0121532 -0.031769 -0.00190957
internal_weight=567.802 554.263 29.9509 17.1117 13.539 524.312 518.08 449.804 68.2766 54.6162 34.3347 29.0608 16.436 433.368 412.546 392.877 384.168 353.335 30.8332 19.6695 19.9152 9.65286 10.2624 339.92 332.18 41.8349 27.1114 23.0848 6.00639 290.345
internal_count=5063 4435 395 174 628 4040 3928 2997 931 552 389 355 169 2828 2679 2563 2467 2291 176 116 119 66 53 2137 2046 490 196 179 60 1556
is_linear=0
shrinkage=0.05


Tree=65
num_leaves=31
num_cat=0
split_feature=6 0 3 7 2 5 2 3 1 7 3 6 3 1 7 4 0 0 4 5 2 1 1 5 2 7 1 7 2 2
split_gain=9.22397 6.4991 5.20284 4.51555 5.07628 3.36588 10.1285 8.26316 15.8626 5.47981 5.83447 5.3551 11.3752 9.68516 7.85711 8.00247 5.37135 5.6881 4.53974 4.04649 4.02833 4.08273 3.88868 7.97604 4.92819 5.1524 5.22908 3.50087 5.40657 7.82652
threshold=0.20202592781167614 1.3548067913565098 1.9618303968521664 -0.84095554109077597 -0.88992128970837792 0.93742207714292702 -0.76720904743073381 -1.2084602161472491 -0.43145538629536023 1.17976800211045 1.4634720665243601 -0.39847156912677489 -1.2447321691274367 -0.44644579680684154 -0.73644990756368489 0.39851002957302184 -1.0222867537475155 0.19962641271934417 -1.4423330023790664 -0.22047747631276024 1.0508001909799718 -0.39043945449167144 -0.35473606352594539 -0.73692120443548736 1.9955122524882223 0.97407783099018419 -0.35110413866307549 -0.67389352677565262 0.39403016175515826 0.88734944934584081
decision_type=2 2 2 2 2 2 2 2 2 2 2 2 2 2 2 2 2 2 2 2 2 2 2 2 2 2 2 2 2 2
left_child=1 5 -2 4 -3 6 18 -7 -9 10 20 14 -13 19 -8 16 -16 -18 -1 -14 21 -10 -15 -24 25 26 -25 -28 -29 -30
right_child=2 3 -4 -5 -6 7 11 8 9 -11 -12 12 13 22 15 -17 17 -19 -20 -21 -22 -23 23 24 -26 -27 27 28 29 -31
leaf_value=0.031969318828396501 0.04501265601380941 0.010229894669056057 -0.07946476960005272 -0.046247940460538914 -0.052157268726841392 0.045467482690060047 -0.04966230175560947 -0.033576381237390859 -0.032750555174215046 0.045056596675996007 -0.055680505662593041 0.12481762016105996 -0.0012085246628984673 -0.0086859906526730989 -0.083429691922050603 0.042180439917739697 0.025063472526293842 -0.066333617626918515 -0.050380594437648897 0.06344994153081461 0.039742346427053057 0.033033420276299567 0.044492894158879567 0.056616183908522792 0.040490626434989692 -0.036007977279758407 -0.024341725494561931 0.0094174758106253635 -0.032488391108057589 0.0003371883775254273
leaf_weight=1.9004621040076006 14.716339124366637 12.026978859677913 0.89024098403751928 12.811175061389802 4.4733237773180035 13.544802218675612 12.95558785647154 20.239350765943527 5.8148983456194401 14.781844591721891 3.287757594138383 1.8647976517677296 3.363839514553546 102.4366930834949 2.9457583278417587 7.2100230976939192 5.3150490187108534 2.5044636074453592 14.018024219200013 8.6215135157108289 9.4194342680275422 3.9680700637400204 10.964500840753315 4.1884842142462722 7.6769601032137862 9.6510200686752778 13.646445684134958 116.02593192830682 22.234155977144837 99.06609196588397
leaf_count=21 593 74 9 226 90 389 239 166 32 272 14 12 18 499 14 110 74 20 140 67 64 31 154 28 74 56 115 760 107 595
internal_value=9.79697e-06 -0.00107169 0.0379121 -0.023976 -0.00668361 0.00022526 -0.00138298 0.0103331 0.00205837 0.0214087 0.00586586 6.46827e-05 0.0016156 0.00103816 -0.0199788 0.00141537 -0.025887 -0.00420954 -0.0405491 0.0453027 0.0164036 -0.00606792 -0.000336648 0.0026807 0.000998251 -0.000146641 0.00120975 0.000285072 0.00170113 -0.00567969
internal_weight=562.564 546.957 15.6066 29.3115 16.5003 517.646 446.59 71.0562 57.5114 37.272 22.4902 430.671 399.74 397.876 30.9309 17.9753 10.7653 7.81951 15.9185 11.9854 19.2024 9.78297 385.89 283.454 272.489 264.812 255.161 250.973 237.326 121.3
internal_count=5063 4461 602 390 164 4071 3103 968 579 413 141 2942 2485 2473 457 218 108 94 161 85 127 63 2388 1889 1735 1661 1605 1577 1462 702
is_linear=0
shrinkage=0.05


Tree=66
num_leaves=31
num_cat=0
split_feature=1 0 3 0 3 7 0 5 3 2 1 7 3 3 7 7 7 2 2 3 2 4 1 3 5 4 2 4 2 0
split_gain=8.77394 5.83864 5.18191 4.90504 4.56521 4.31903 3.45581 3.15968 2.639 7.73149 7.57441 7.64869 6.02004 4.30304 3.92338 4.93209 3.76195 3.80719 4.27684 3.42798 3.68074 4.8247 4.77496 3.33087 5.92794 5.31201 5.34697 3.31237 4.19058 3.30592
threshold=0.050524901405908443 1.2779195046795269 -1.2447321691274367 1.9857585475218218 2.1046321765564988 -0.85067383001215435 1.909287300303766 -1.2084236672821309 0.90994376042672809 1.6724426746176546 -0.17231209418310087 0.26012387149161126 0.68286303115078406 0.60361343170493675 -0.33018731971312248 0.057455353229252805 -0.57453286973634998 0.28428102731122423 -0.35078704689246964 0.5557588230369781 -1.166225746299419 -0.24578499939545764 -0.46265158438555704 0.42743532865164818 0.18831013365909852 1.0000000180025095e-35 0.65458585431633864 0.21442564353988061 1.3255676003678445 -0.79926088106645266
decision_type=2 2 2 2 2 2 2 2 2 2 2 2 2 2 2 2 2 2 2 2 2 2 2 2 2 2 2 2 2 2
left_child=1 7 3 -3 6 -4 -2 -1 12 10 11 16 13 19 -14 -16 -10 18 -18 20 21 22 -9 -22 25 -25 -27 -19 -29 -21
right_child=4 2 5 -5 -6 -7 -8 8 9 -11 -12 -13 14 -15 15 -17 17 27 -20 29 23 -23 -24 24 -26 26 -28 28 -30 -31
leaf_value=-0.038179586897968229 0.046903709361701351 -0.014308035010994168 0.020580812685831545 0.059823756665641027 -0.11961134950514565 -0.049927596623366106 -0.075798137348191907 0.06119427237136104 0.040912983478420636 0.060125907914835436 0.044562556249470246 0.032366984147737345 -0.068889453179748594 0.034754778540700998 0.031116917148311541 -0.050746505052183838 -0.04534160849044401 -0.04306000647952532 0.030288921895690404 0.010478674583903655 -8.1559114730401418e-05 -0.058166050451775232 -0.019714192419256458 -0.020553023190182637 0.054087178445958388 0.071724482746863064 -6.2671800758236585e-05 -0.027019938178935596 0.033551397891773964 -0.044764075860215483
leaf_weight=5.2984993308782569 14.326544944196934 10.51069355197251 2.534850616008046 2.8327682055532923 0.45021909102797586 15.169738417491315 0.59777866303920824 2.3109222911298284 2.9486669003963391 6.8492451524361959 9.7873414522036892 11.678717538714407 5.0782558061182499 8.822537722066043 3.5109356418251974 3.8656731471419334 2.5643322095274925 14.953421801328661 6.8961837990209514 4.0375542677938929 356.58048528805375 6.0882661342620841 8.6469672732055187 11.053427889943128 8.0134023893624526 4.3339307159185392 6.4607291147112846 9.6006827428936941 4.0643093697726718 8.2254698649048787
leaf_count=104 676 133 19 16 10 258 2 82 22 114 244 217 24 70 22 20 19 78 51 26 2378 71 84 68 75 39 30 42 28 41
internal_value=9.02514e-06 -0.00104616 -0.0220993 0.00142987 0.0372568 -0.0398326 0.041989 0.000231341 0.00063326 0.00969495 0.00416776 -0.00333338 -0.000804549 0.000200548 -0.0350673 -0.0117832 -0.0134957 -0.0177088 0.00978879 -0.000532717 0.000258792 -0.0224792 -0.00265131 0.00126177 0.0173027 0.00381098 0.028759 -0.0267989 -0.00900451 -0.0265756
internal_weight=558.093 542.718 31.0481 13.3435 15.3745 17.7046 14.9243 511.67 506.371 69.3429 62.4937 52.7063 437.029 424.574 12.4549 7.37661 41.0276 38.0789 9.46052 415.751 403.488 17.0462 10.9579 386.442 29.8615 21.8481 10.7947 28.6184 13.665 12.263
internal_count=5063 4375 426 149 688 277 678 3949 3845 815 701 457 3030 2964 66 42 240 218 70 2894 2827 237 166 2590 212 137 69 148 70 67
is_linear=0
shrinkage=0.05


Tree=67
num_leaves=31
num_cat=0
split_feature=1 0 3 4 4 5 6 0 0 2 2 3 5 6 3 5 3 4 7 5 4 7 4 5 5 1 3 7 3 4
split_gain=8.28162 5.44494 4.05881 3.69681 5.17645 3.28218 4.54419 3.44593 3.58019 4.97856 10.155 8.65652 6.74921 4.86438 4.74282 4.20625 4.83263 4.81593 4.32238 4.12919 4.10885 4.07758 4.04993 4.37757 5.9807 4.12847 3.98049 4.06379 4.06154 3.96905
threshold=0.19676597085561209 0.75961552443556102 2.0035889246897827 1.3189314995279926 1.7791422345054781 -1.0858275335679293 -0.33245463629139843 -1.7995094254806314 -0.56286737773942452 1.0508001909799718 0.33526351918818315 0.28021387243794593 -0.058535751475405538 -0.37505752923930619 1.2037771973618512 -0.68409092146746275 -1.2633814394731491 0.21442564353988061 -0.19957569437762271 -1.0000000180025095e-35 -0.24578499939545764 -0.25617043574329673 0.30646788257752478 -0.48765445100667165 -0.25517261798024088 -0.35018742557421573 0.15813895348863957 0.42672311014381181 0.48717736885431012 -1.4423330023790664
decision_type=2 2 2 2 2 2 2 2 2 2 2 2 2 2 2 2 2 2 2 2 2 2 2 2 2 2 2 2 2 2
left_child=1 5 -2 -3 -5 6 -1 -7 9 10 11 12 -9 -14 15 17 29 -10 21 26 -13 22 -18 -24 25 -25 -20 28 -28 -17
right_child=2 3 -4 4 -6 7 -8 8 14 -11 -12 20 13 -15 -16 16 18 -19 19 -21 -22 -23 23 24 -26 -27 27 -29 -30 -31
leaf_value=-0.040533343593895203 0.04704380716356938 -0.019989525229669233 -0.096157666473945844 0.032057764046446315 -0.054754469264955211 0.038276757334331959 0.062259094419509942 0.0012622648184964535 -0.045176944927735135 0.0045324776049513087 -0.032970170995519972 0.055454630759617811 -0.002045825049025644 -0.048539810096096758 0.033018167035159883 -0.044213155776785751 0.019161018436527066 0.016391407065240945 -0.037212962932086271 0.002430090490259332 0.010705749927043989 0.044944084662301542 -0.0385423796032099 0.079038415097086895 -0.012423927034466098 0.01482839734620002 0.067229126746411835 -0.036871584882212836 -0.0097835805092731133 0.043862197120880013
leaf_weight=8.5996969640254957 11.581284219399091 52.98985106870532 0.51690072752535421 7.8557617701590043 2.1974988207221031 6.2885346366092554 1.2287890426814545 43.912393432110548 8.8506480250507575 109.46450545173138 34.939329482614994 7.3906666897237328 8.8539838660508412 15.428972132503985 14.651347325183449 1.4321573339402665 40.420458910986781 4.9539821483194819 15.528159216046321 66.470406161621241 16.768469268456101 8.0954459793865521 7.1676936019211999 3.2189931496977797 21.610179569572214 11.260437771677966 3.1680746152996999 4.180306501686573 3.7249401677399874 11.971909509971736
leaf_count=151 619 666 9 79 34 52 14 238 48 693 172 128 103 60 246 16 242 47 65 494 159 52 36 20 119 68 19 20 28 366
internal_value=1.07771e-05 -0.000901445 0.0409255 -0.0147158 0.0130819 0.00091451 -0.0276819 0.00151282 0.00101399 -0.00328626 -0.0100099 -0.00132358 -0.0104348 -0.0315873 0.00550493 0.00360397 0.00546221 -0.0230823 0.00336002 -0.00423233 0.0243951 0.0110598 0.00778166 -0.00285142 0.00423709 0.0291032 -0.02088 0.0020237 0.025612 0.0344518
internal_weight=554.722 542.624 12.0982 63.0431 10.0533 479.58 9.82849 469.752 463.463 236.758 127.294 92.3545 68.1953 24.283 226.705 212.054 198.249 13.8046 184.845 93.0719 24.1591 91.7732 83.6778 43.2573 36.0896 14.4794 26.6015 11.0733 6.89301 13.4041
internal_count=5063 4435 628 779 113 3656 165 3491 3439 1553 860 688 401 163 1886 1640 1545 95 1163 626 287 537 485 243 207 88 132 67 47 382
is_linear=0
shrinkage=0.05


Tree=68
num_leaves=31
num_cat=0
split_feature=1 0 0 6 3 0 5 3 1 2 0 7 6 1 7 4 7 0 0 3 7 1 1 2 2 4 1 4 4 4
split_gain=7.77798 5.21147 4.44366 8.28536 3.73752 3.29589 3.23737 8.82034 12.7993 7.2762 4.87439 4.79098 4.76967 9.21557 7.20597 7.27045 5.3185 4.90707 5.08541 4.48448 3.92313 3.91232 7.81829 3.53699 3.31397 3.07881 2.92496 2.62799 14.6231 13.8713
threshold=0.050524901405908443 1.4965490463398712 1.9668001027168092 -0.35467843929930776 2.1046321765564988 1.909287300303766 0.98480453059191408 -1.2294918527492065 -0.43145538629536023 -0.73811690150013387 1.4878611635210939 1.17976800211045 -0.39847156912677489 -0.44644579680684154 -0.73644990756368489 0.39851002957302184 -0.8141417747390739 -1.0222867537475155 0.19962641271934417 1.4445741351766204 3.047394467177694 -0.40388620134612946 -0.35729582234729645 1.0508001909799718 -0.17768995368907711 1.0000000180025095e-35 -0.39043945449167144 -0.24578499939545764 -0.15374285239996058 -0.33782723843310175
decision_type=2 2 2 2 2 2 2 2 2 2 2 2 2 2 2 2 2 2 2 2 2 2 2 2 2 2 2 2 2 2
left_child=1 6 -3 -4 5 -2 9 -8 25 10 -1 19 14 24 -11 17 21 -16 -19 23 -13 -15 -23 26 -14 -9 -10 29 -29 -18
right_child=4 2 3 -5 -6 -7 7 8 11 12 -12 20 13 16 15 -17 27 18 -20 -21 -22 22 -24 -25 -26 -27 -28 28 -30 -31
leaf_value=-0.036161153546379519 0.046383996040581424 -0.050818024349570202 0.031602979015633303 -0.06230774883893675 -0.095399779182254063 -0.075183218193530799 0.050812271847270767 -0.036426256636188849 -0.029350123119269905 -0.04933498944319125 0.041275576168417587 0.052655038758615672 0.0058019920929979121 0.090799467800609199 -0.080419323548330118 0.040924723091732319 -0.00027128790605284505 0.024153468676213399 -0.062532565736638998 -0.047904815494778479 -0.031996283120698139 -0.050823927631301141 0.052792241482827212 0.037567085036107541 0.061968317050711388 0.017173053868098302 0.028844772975950603 -0.060229036358322864 -0.0012807548494447728 0.058503946247127951
leaf_weight=21.112253624945883 13.256514150649304 9.4994041156023759 6.3464027605950832 3.7285031881183368 0.51899178326129991 0.58202287554740983 11.159437214955686 18.107791144400839 5.5224442966282368 11.97782986238599 2.2486456334590903 12.44984594453126 3.8368425779044619 2.4186835438013068 2.9018960073590279 6.9039686135947695 108.81256410200149 5.1867456678301114 2.5109121240675449 3.2975755445659152 1.5377459377050389 2.7230077162384978 5.4929620698094359 9.0663950480520707 8.3236771896481496 3.1444405168294898 3.5453661978244835 10.995760314166544 243.40886713378131 11.058749303221701
leaf_count=217 676 196 44 63 10 2 373 158 31 239 19 256 23 16 14 110 617 74 21 14 14 21 48 62 65 19 28 72 1380 181
internal_value=1.14676e-05 -0.000959009 -0.026284 -0.00315134 0.0363308 0.0412711 -1.55156e-06 0.010181 0.00218019 -0.00153673 -0.0287073 0.0205863 -4.86812e-05 0.001392 -0.0194526 0.000996292 3.80785e-05 -0.0250109 -0.0041228 0.00573024 0.0433488 0.0349054 0.0184509 0.0154834 0.0442469 -0.0284958 -0.00659687 -0.00095264 -0.00382859 0.00515103
internal_weight=551.676 537.319 19.5743 10.0749 14.3575 13.8385 517.744 67.831 56.6716 449.913 23.3609 35.4194 426.552 397.071 29.4814 17.5035 384.911 10.5996 7.69766 21.4318 13.9876 10.6347 8.21597 18.1342 12.1605 21.2522 9.06781 374.276 254.405 119.871
internal_count=5063 4375 303 107 688 678 4072 955 582 3117 236 405 2881 2423 458 219 2335 109 95 135 270 85 69 121 88 177 59 2250 1452 798
is_linear=0
shrinkage=0.05


Tree=69
num_leaves=31
num_cat=0
split_feature=6 0 3 7 2 3 3 2 1 7 3 7 6 3 2 1 4 2 3 5 1 0 7 2 2 0 5 3 0 5
split_gain=7.40373 5.13484 4.32714 4.22793 4.58359 2.98081 2.82927 7.15297 7.36785 6.8354 5.73612 3.85768 6.6277 7.84087 6.78052 4.98222 5.09559 4.98913 4.59949 5.92519 5.54664 4.16387 3.99563 3.70371 3.39479 3.31536 3.27479 3.25439 6.25826 6.15026
threshold=0.20202592781167614 1.3548067913565098 1.9618303968521664 -0.84095554109077597 -0.88992128970837792 -1.2447321691274367 0.90994376042672809 1.6724426746176546 -0.17231209418310087 0.26012387149161126 0.68286303115078406 -0.61865989030092794 -0.39547483062184702 -0.19787482186649813 -0.55970588170260027 -0.46382645497508307 -1.4423330023790664 -1.166225746299419 -1.2294918527492065 -0.53367547259000081 -0.35729582234729645 -1.0473081786632019 -0.62519319377748495 -0.23034210261387453 -0.4593602482013544 -0.3209887187422133 -0.73692120443548736 0.10677908729400419 -1.0222867537475155 0.65903693769190641
decision_type=2 2 2 2 2 2 2 2 2 2 2 2 2 2 2 2 2 2 2 2 2 2 2 2 2 2 2 2 2 2
left_child=1 6 -2 4 5 -3 10 8 9 -8 11 12 -1 14 -14 16 -13 -17 -16 20 -20 -18 23 -15 -10 -12 -23 -19 -29 -30
right_child=2 3 -4 -5 -6 -7 7 -9 24 -11 25 15 13 22 18 17 21 27 19 -21 -22 26 -24 -25 -26 -27 -28 28 29 -31
leaf_value=-0.039311972412204799 0.043687473287935229 0.03112171413181633 -0.067556914800736861 -0.045119881391156337 -0.051922331618269882 -0.020123526656371019 -0.013103493514341417 0.059665453523166927 -0.033881167391124289 0.031301355784154168 -0.015133550651908642 -0.028772860310583917 -0.056944902983032931 0.044245633898757263 0.093650408430777404 -0.030435995252292528 -0.017992377028295623 -0.0028215937175119742 -0.029792184453094835 0.074951167649920783 0.036822914657226265 -0.041918037444475517 -0.070670809305414625 -0.01980701231674057 0.054972630579834293 -0.069004756263666284 0.05108045277499227 0.030675190282280114 -0.0021740540171950457 0.032210445155487086
leaf_weight=16.120417084544897 12.884053198620673 7.0133353173732758 0.93777368962764818 11.500039609149097 3.9382342025637653 4.7661712653934938 39.282083937898278 6.4927368946373454 1.2276040157303203 11.119755444116889 7.7736603282392025 3.7701556310057667 2.5076003968715694 2.5300656463950935 2.5057475417852428 12.78260377421975 3.1184455845505061 190.1922023165971 6.1285902224481168 3.8728033155202821 6.3755621276795855 1.0106992870569271 3.430015515536069 20.899174047634006 8.6464325785636884 4.514650382101534 14.928506985306729 23.663372768089175 97.875865694135427 14.997692193835972
leaf_count=275 593 43 9 226 90 31 240 116 18 216 44 30 22 34 17 147 42 1014 36 26 57 7 15 117 259 28 488 160 533 130
internal_value=1.10671e-05 -0.000925857 0.0361398 -0.0220814 -0.00522514 0.0103871 0.000212629 0.00980172 0.00443055 -0.00330681 -0.00124581 -0.000275905 -0.0115552 -0.00228157 0.0203047 0.00172788 0.0243388 0.000207583 0.0305633 0.0209107 0.00417323 0.0348459 -0.0202689 -0.0128901 0.0439258 -0.0349255 0.0451835 0.00140645 0.007296 0.00239467
internal_weight=546.806 532.984 13.8218 27.2178 15.7177 11.7795 505.766 66.7686 60.2759 50.4018 438.998 426.71 64.37 48.2496 21.3903 362.34 22.8278 339.512 18.8827 16.377 12.5042 19.0577 26.8593 23.4292 9.87404 12.2883 15.9392 326.729 136.537 112.874
internal_count=5063 4461 602 390 164 74 4071 849 733 456 3222 3150 599 324 158 2551 567 1984 136 119 93 537 166 151 277 72 495 1837 823 663
is_linear=0
shrinkage=0.05


Tree=70
num_leaves=31
num_cat=0
split_feature=1 3 0 3 0 7 1 5 7 6 0 3 4 4 4 4 4 4 6 6 3 3 5 2 2 4 0 5 1 4
split_gain=7.03414 5.16662 4.52753 4.15058 3.97154 3.65128 2.78089 2.6271 4.86275 4.19751 3.26453 2.90829 2.56838 17.0674 12.9434 7.22635 18.7504 10.6255 3.96981 5.55552 5.31883 3.56051 5.62401 5.86587 8.30487 4.32013 4.39253 4.32782 3.84006 3.73517
threshold=0.19676597085561209 2.1046321765564988 1.2779195046795269 -1.2447321691274367 1.9857585475218218 -0.85067383001215435 -0.038227101755426506 -1.1980381072652599 -0.8507282742077924 -0.28223374372548204 -1.7995094254806314 -1.0478272815207041 1.2268893525324958 1.1348471134948515 1.3189314995279926 0.85872076455050717 0.76667852551286308 0.95076291154600423 -0.3008378233139663 -0.34690230536733691 -0.01011413932702024 0.97837290288751211 0.023276283848430081 1.6724426746176546 0.39403016175515826 0.21442564353988061 -0.2325911047311516 0.27832929787765909 -0.2051559451677101 0.30646788257752478
decision_type=2 2 2 2 2 2 2 2 2 2 2 2 2 2 2 2 2 2 2 2 2 2 2 2 2 2 2 2 2 2
left_child=2 -2 7 4 -4 -5 -7 9 -9 -1 11 -10 13 15 -14 16 21 -17 19 20 -19 29 -23 24 28 26 27 -26 -24 -12
right_child=1 -3 3 5 -6 6 -8 8 10 -11 12 -13 14 -15 -16 17 -18 18 -20 -21 -22 22 23 -25 25 -27 -28 -29 -30 -31
leaf_value=-0.037047298554150919 0.046670794310026881 -0.13482254434334034 -0.012572489073331637 0.020282481581985597 0.055006183495612586 -0.05341943093978313 0.007163792786839842 0.082158611784162408 0.080691053996781323 0.054093005673626418 0.00079136338017411995 0.0099691359967977317 -0.0696907372669993 0.070235426602638679 0.0018395135441544601 -0.064706430439991733 0.061026990335910247 0.033196971972731727 -0.023964394472801114 0.070517319990391708 -0.060101922124267904 0.04385374481470887 0.052691294414019409 0.061842768230950529 -0.0096941971338560615 0.010695314378121398 0.013695709378798155 -0.070343618976340491 -0.032610413868930724 -0.011384933588829147
leaf_weight=9.0756098292767984 10.447378113865849 0.40741767734289247 9.9012302607297915 2.5375491455197361 2.7858064137399188 12.908731244504454 2.2199137900024608 1.8326499573886383 2.334179924800992 1.4675996974110592 258.78555611148477 3.8536844113841644 7.8306645862758151 8.7762316875159723 32.874861985445023 10.393832284957172 12.842614149674771 3.456105228513481 10.366920720785854 3.5350135937333107 2.7375634573400021 10.93869088962674 7.4218109948560596 3.8202032195404163 4.6956334896385652 8.3789129778742772 3.7944897878915134 7.8734417930245399 1.6046025305986384 83.241725157946348
leaf_count=171 622 6 133 19 16 248 26 12 24 10 1959 28 39 102 236 57 156 32 56 24 10 271 152 51 34 49 42 40 8 430
internal_value=1.30568e-05 0.0398587 -0.000799508 -0.0195516 0.00226637 -0.0352202 -0.0445297 0.000334479 0.000864337 -0.0243607 0.000560013 0.0366468 9.80468e-05 0.00120327 -0.011921 -0.000193042 0.00158094 -0.0236641 -0.00243625 0.0205042 -0.00804057 -0.000373824 0.0123004 0.0031181 -0.0035253 -0.0185019 -0.0334523 -0.0476858 0.0375274 -0.00217207
internal_weight=543.141 10.8548 532.286 30.3532 12.687 17.6662 15.1286 501.933 491.389 10.5432 489.557 6.18786 483.369 442.663 40.7055 433.887 403.398 30.4894 20.0956 9.72868 6.19367 390.555 48.5278 37.5891 33.7689 24.7425 16.3636 12.5691 9.02641 342.027
internal_count=5063 628 4435 442 149 293 274 3993 3812 181 3800 52 3748 3473 275 3371 3192 179 122 66 42 3036 647 376 325 165 116 74 160 2389
is_linear=0
shrinkage=0.05


Tree=71
num_leaves=31
num_cat=0
split_feature=6 0 7 2 3 4 4 4 2 1 2 2 3 1 1 3 2 5 5 0 1 2 1 7 7 4 4 4 4 5
split_gain=6.618 4.48239 3.91194 4.298 3.82848 2.60911 19.6192 15.5083 6.35097 4.66852 3.87566 3.61437 11.9409 9.86149 6.96967 4.51013 8.75977 4.73528 4.32954 4.29597 7.47099 4.21081 4.13806 3.91043 3.70814 3.38311 6.67951 27.6434 16.8588 6.79102
threshold=0.20202592781167614 1.3548067913565098 -0.84095554109077597 -0.88992128970837792 1.9618303968521664 -0.24578499939545764 -0.15374285239996058 -0.33782723843310175 -0.79516225884486869 -0.15496332206069161 2.0589751712411388 0.045484203462505902 0.28021387243794593 -0.46139035719728066 -0.45557937764461048 -0.033736660193909564 -0.33463611165396884 -0.55705594530913183 -0.17997995827908672 0.012906320873580865 -0.40505955882628647 1.0332201840986603 -0.40388620134612946 0.61259559405185537 -0.67389352677565262 1.0000000180025095e-35 0.30646788257752478 0.39851002957302184 0.21442564353988061 -0.30451138525780075
decision_type=2 2 2 2 2 2 2 2 2 2 2 2 2 2 2 2 2 2 2 2 2 2 2 2 2 2 2 2 2 2
left_child=1 5 3 -3 -2 7 -7 9 -8 10 11 12 13 24 -15 16 19 -18 -13 20 -16 -20 -23 -24 -1 -10 28 -28 29 -27
right_child=4 2 -4 -5 -6 6 8 -9 25 -11 -12 18 -14 14 15 -17 17 -19 21 -21 -22 22 23 -25 -26 26 27 -29 -30 -31
leaf_value=-0.055083867799252374 0.042874196754360605 0.010088722017005329 -0.044047066937322327 -0.051791296556669433 -0.061314871914866002 -0.063038932033883818 -0.037074124328221353 0.05866491699510723 -0.013313283325033743 0.042966420969020647 0.055768571672560954 -0.028804072696081057 0.053923541188164371 -0.048983143244951233 0.037670827308839722 -0.024688167317714227 0.0074673361632464717 0.064773963422136482 -0.017600721358104782 -0.048896331710410246 -0.041858017646942747 -0.036604147672902591 0.0093875593989636887 0.062727592600695062 0.039807073453934319 -0.023761393723583865 -0.069448693073254505 0.0039257222156054211 0.066437862434939945 0.015633863868104211
leaf_weight=1.1066734492778714 12.051654183305796 11.663065351545809 10.823365615680812 3.6951672211289432 0.95129951648414213 12.859969750046728 11.122514672577379 12.518344211392103 34.3958784583956 6.3821011492982498 2.991767829284071 21.23558596521616 11.021472631022332 10.109036263078449 6.5897782817482922 16.530765410512693 7.1173324733972549 7.3041220009326953 24.250164605677128 6.3389870114624491 5.3508996218442926 4.0300444215536144 21.526787597686056 4.0886523239314547 14.773123953491446 15.38765888661146 13.834983687847851 177.84113692771643 13.701336763799189 37.840277280658484
leaf_count=19 593 74 226 90 9 102 123 235 192 185 24 99 211 112 51 85 31 38 134 42 20 17 118 34 423 84 63 1284 136 209
internal_value=1.34677e-05 -0.000856924 -0.0210243 -0.00479952 0.0352517 0.000198578 -0.00254707 0.00494756 1.08471e-05 0.00100927 -0.000619872 -0.00166528 0.00531898 -0.00180264 -0.0111679 -0.00340305 0.0073568 0.0364918 -0.00968243 -0.0156288 0.00203207 -0.00214825 0.010492 0.0179015 0.0331941 0.00141862 0.00337804 -0.00137037 0.0169768 0.00424509
internal_weight=539.434 526.431 26.1816 15.3582 13.003 500.249 316.984 183.266 304.124 170.747 164.365 161.373 86.2422 75.2207 59.3409 49.2319 32.7011 14.4215 75.1312 18.2797 11.9407 53.8956 29.6455 25.6154 15.8798 293.001 258.605 191.676 66.9293 53.2279
internal_count=5063 4461 390 164 602 4071 2193 1878 2091 1643 1458 1434 1032 821 379 267 182 69 402 113 71 303 169 152 442 1968 1776 1347 429 293
is_linear=0
shrinkage=0.05


Tree=72
num_leaves=31
num_cat=0
split_feature=1 0 4 3 7 6 2 5 3 3 2 0 6 1 7 4 7 0 0 0 6 7 7 0 2 3 2 1 3 5
split_gain=6.31374 4.1121 4.16127 7.23533 3.74573 3.35621 2.96535 2.78444 7.76277 12.9896 5.92715 4.56416 3.99112 8.9585 6.40632 6.4387 4.26357 4.19627 4.59394 4.01321 3.40304 3.98026 4.48286 4.87521 3.72041 3.68864 3.50618 3.17706 6.75409 2.74684
threshold=0.050524901405908443 1.4965490463398712 0.76667852551286308 -1.2447321691274367 -0.84942161351248091 5.7617034853152918 -0.97995705049585646 0.98480453059191408 -1.2084602161472491 -0.60631531604337974 -0.76720904743073381 1.4878611635210939 -0.39847156912677489 -0.44644579680684154 -0.73644990756368489 0.39851002957302184 -0.8141417747390739 -1.0222867537475155 0.19962641271934417 1.1992588846131529 -0.22170762658403112 3.047394467177694 1.17976800211045 0.31702545011914879 1.0508001909799718 0.22214829751752216 -0.16370919507584211 -0.40388620134612946 -1.2022116864321746 -0.22047747631276024
decision_type=2 2 2 2 2 2 2 2 2 2 2 2 2 2 2 2 2 2 2 2 2 2 2 2 2 2 2 2 2 2
left_child=1 7 -3 4 -4 6 -2 10 -9 -10 11 -1 14 29 -12 17 27 -16 -19 -18 21 22 24 -24 26 -26 -11 -15 -29 -14
right_child=5 2 3 -5 -6 -7 -8 8 9 20 12 -13 13 16 15 -17 19 18 -20 -21 -22 -23 23 -25 25 -27 -28 28 -30 -31
leaf_value=-0.036509719314633253 -0.012302543218937614 -0.048668115198112226 -0.0028978527615086788 -0.060182319282220675 0.079073026129510657 -0.086737843447882809 0.051883042494934951 0.046444077634903269 -0.036159706119277754 0.028813266333725954 -0.048783087697534505 0.038336289737175788 0.0071967815988355048 0.081586440924644482 -0.076026240902034914 0.039553563009155558 -0.00062219500365385356 0.023314316269927946 -0.060270632561349825 -0.058215590064153146 -0.020519779210096897 -0.04192556328702135 0.061388869320432887 -0.043988478160058797 0.066981305727978543 -0.0016047570105480564 -0.035501594597704779 -0.049148578085629294 0.048807369442724555 0.05910077813673284
leaf_weight=17.80222064442933 2.196362958289682 8.885879937559368 3.1035515144467354 3.2056745737791044 2.529582355171442 0.54327923431992609 9.9576960932463372 11.756123919039963 15.948705878108738 3.4798815231770277 10.709993040189149 2.3000357300043097 3.6474574506282798 2.4207945317029953 2.8121888600289822 6.5219621472060672 366.6797543996945 4.9732263777405041 2.4555461909621954 3.0498865358531466 4.9771091435104635 2.1373533755540839 11.41572270542383 1.2143415547907341 4.4418733529746524 3.5089973472058773 5.4191213194280916 2.6405706331133842 5.2752641700208169 8.4641857892274839
leaf_count=202 60 177 40 70 16 17 611 386 150 29 239 19 20 16 14 110 2229 74 21 34 34 16 248 8 32 25 27 19 50 70
internal_value=1.25543e-05 -0.000835188 -0.0245057 -0.000214603 0.0339115 0.0348492 0.040284 -2.82912e-06 0.00971574 0.00149806 -0.00142385 -0.0279461 -0.000153369 0.00113721 -0.0185765 0.00072283 -0.00021181 -0.0240065 -0.0043143 -0.00109728 0.0179102 0.0239597 0.0287366 0.0512572 0.0118559 0.0367119 -0.0103518 0.0314605 0.0161311 0.0434697
internal_weight=534.474 521.777 17.7247 8.83881 5.63313 12.6973 12.1541 504.052 64.2992 52.5431 439.753 20.1023 419.651 392.178 27.4729 16.7629 380.066 10.241 7.42877 369.73 36.5944 31.6173 29.4799 12.6301 16.8499 7.95087 8.899 10.3366 7.91583 12.1116
internal_count=5063 4375 303 126 56 688 671 4072 955 569 3117 221 2896 2438 458 219 2348 109 95 2263 419 385 369 256 113 57 56 85 69 90
is_linear=0
shrinkage=0.05


Tree=73
num_leaves=31
num_cat=0
split_feature=1 3 0 5 2 3 3 7 5 6 7 7 0 2 3 2 7 4 0 0 1 7 7 0 5 1 1 3 2 0
split_gain=5.95538 4.31594 4.02557 2.49768 6.39603 6.34622 11.9253 4.76434 3.36611 3.15339 3.62923 4.4128 4.61018 3.46 3.46454 3.06524 2.894 2.83152 2.72897 4.46778 2.60921 2.52993 2.48987 2.42372 2.3927 2.0452 1.93192 6.41365 4.21245 3.49644
threshold=0.19676597085561209 2.1046321765564988 2.003131675360764 0.98480453059191408 -0.99729033699712 -1.2084602161472491 -0.60631531604337974 -0.8507282742077924 -1.2068940709039884 -0.22170762658403112 3.047394467177694 1.17976800211045 0.31702545011914879 1.0508001909799718 0.22214829751752216 -0.16370919507584211 2.6636717763212521 -1.6264172963700605 1.9668001027168092 1.3548067913565098 -0.4358445192622965 -0.8507282742077924 0.97407783099018419 1.909287300303766 -1.0858275335679293 -0.35729582234729645 -0.44244565892480509 -1.1636536859952527 -0.60179964423319177 0.68073494127378409
decision_type=2 2 2 2 2 2 2 2 2 2 2 2 2 2 2 2 2 2 2 2 2 2 2 2 2 2 2 2 2 2
left_child=2 23 3 4 7 16 22 -1 20 10 11 13 -13 15 -15 -8 17 -5 19 21 -6 -10 -7 -2 25 -23 27 28 -26 -30
right_child=1 -3 -4 5 8 6 9 -9 18 -11 -12 12 -14 14 -16 -17 -18 -19 -20 -21 -22 24 -24 -25 26 -27 -28 -29 29 -31
leaf_value=0.04019510621295809 0.051194363725526659 -0.11158987975684501 -0.057215732558942023 -0.049432105572650507 -0.055433256567264048 0.00046848981097152246 0.026118039484308159 -0.038186132959010993 0.0418230725455217 -0.019681334969097106 -0.039599362907258996 0.060923881752815712 -0.042130824787612327 0.06531305576506552 -0.0015236981078418713 -0.033733046078055648 -0.027725577664958412 0.057605322421505491 0.035325161371407086 -0.044523362342421186 0.0038371223703603493 -0.048054514070152168 -0.046391360068667599 -0.079742895490586815 -0.052954445725728876 0.022236818322313365 -0.00064989471632407323 0.048938956308248613 0.012313130592645216 -0.060559353894247769
leaf_weight=2.1796978041529682 8.9514156999066419 0.45556496456265527 3.1333185769617549 0.65945009142160316 4.8650704529136419 3.725671097636222 3.5349602289497861 17.537430031225085 3.6425524912774554 5.0043020378798273 2.1494427323341361 10.939756157808004 1.2047409340739239 4.3304068967699996 3.510838458314538 5.4180923514068171 1.3195806303992856 9.7959965681657177 5.456612477079033 5.6254643220454446 3.0029646232724181 4.4847066923975945 11.854473963379858 0.36795195937156755 3.346397357061508 1.3452543448656786 370.29180698376149 8.6750398240983468 22.252000816166404 1.7775197308510531
leaf_count=16 621 6 72 5 126 20 31 252 33 35 16 248 8 32 25 27 12 370 29 128 25 90 130 1 33 14 2314 64 266 14
internal_value=1.26802e-05 0.0386789 -0.000712683 -0.000370856 -0.00166819 0.00892208 0.00137342 -0.0295212 -0.000405023 0.017155 0.0230846 0.0277405 0.0507008 0.0111371 0.0353876 -0.0101019 0.0420481 0.0508542 0.000192257 -0.000262627 -0.0328117 0.000336166 -0.0351858 0.0460246 -3.04722e-05 -0.0318349 0.000425839 0.0114751 -0.000396709 0.00692258
internal_weight=530.838 9.77493 521.064 517.93 454.483 63.4477 51.6727 19.7171 434.765 36.0925 31.0882 28.9388 12.1445 16.7943 7.84125 8.95305 11.775 10.4554 426.897 421.441 7.86804 415.815 15.5801 9.31937 412.173 5.82996 406.343 36.051 27.3759 24.0295
internal_count=5063 628 4435 4363 3404 959 572 268 3136 422 387 371 256 115 57 58 387 375 2985 2956 151 2828 150 622 2795 104 2691 377 313 280
is_linear=0
shrinkage=0.05


Tree=74
num_leaves=31
num_cat=0
split_feature=1 3 0 0 6 2 5 3 1 2 7 7 3 6 1 7 4 5 7 7 2 0 1 1 4 4 3 2 1 3
split_gain=5.66101 4.75461 3.64942 3.86415 6.7189 2.74182 2.37795 6.98871 9.58013 4.99594 5.45 3.99035 4.06788 3.54642 7.28599 5.95919 5.89291 3.95187 3.74239 3.27843 3.05989 3.01366 2.78954 6.24834 2.66316 2.6151 3.14234 2.60982 2.8233 2.35458
threshold=0.050524901405908443 2.2315840577081043 1.4965490463398712 1.9668001027168092 -0.35467843929930776 -0.97995705049585646 0.98480453059191408 -1.2294918527492065 -0.43145538629536023 -0.73811690150013387 -0.8507282742077924 1.17976800211045 1.4634720665243601 -0.39847156912677489 -0.44644579680684154 -0.73644990756368489 0.39851002957302184 0.32727077649447361 -0.8141417747390739 3.047394467177694 -0.17768995368907711 -1.0222867537475155 -0.40388620134612946 -0.35729582234729645 -1.6264172963700605 -0.52191153242409583 -1.1135130451108759 1.0508001909799718 -0.39043945449167144 -1.0000000180025095e-35
decision_type=2 2 2 2 2 2 2 2 2 2 2 2 2 2 2 2 2 2 2 2 2 2 2 2 2 2 2 2 2 2
left_child=2 5 6 -4 -5 29 9 -8 25 10 -1 12 27 15 20 -11 17 21 22 -13 -15 -17 -16 -24 -12 -9 -27 28 -10 -2
right_child=1 -3 3 4 -6 -7 7 8 11 13 24 19 -14 14 18 16 -18 -19 -20 -21 -22 -23 23 -25 -26 26 -28 -29 -30 -31
leaf_value=0.057829309618958359 -0.053157263402212711 -0.13880442147851099 -0.04973114124971046 0.028918604643366465 -0.061914477373073179 0.05176917401172651 0.048914952234361347 -0.037480859952697072 -0.027820331860629918 -0.048421574292179512 0.023977965086780611 0.050993983745588493 -0.049186797181183732 0.0032339521023911815 0.076814331390792231 -0.072043198700580069 0.038547442334729225 -0.080827435278562537 -0.0009050896318977277 -0.026380450333383265 0.057974256392825135 0.0085778245874890517 -0.048624052114999435 0.046754772324865947 -0.038321825442423164 0.04045992308715804 -0.034227429602201091 0.033832178583891051 0.029325572897264104 0.051796314895548784
leaf_weight=1.8301173523068452 1.3051100643351676 0.38472177833318788 7.7100437749177244 6.0506164915859699 3.0682594887912256 9.3069619322195614 9.3866944154724461 13.802003439515831 5.3407955281436443 9.9243676867336053 1.8971438892185712 10.700108880177138 2.958395227789878 3.7881594747304916 2.4111646451056004 1.4168936610221861 6.3135305270552626 2.2882526330649853 367.67936772666872 1.5698819383978833 7.8288589864969236 6.3720551133155841 2.5642612688243389 5.197657607495783 17.905559480190277 2.8037404268980026 2.8296233229339114 8.618781438097356 3.6306268051266724 0.90491954423487087
leaf_count=13 15 2 196 44 63 624 373 136 31 239 20 256 13 23 16 10 110 15 2250 14 65 84 21 48 203 22 19 62 29 47
internal_value=1.24701e-05 0.034105 -0.000774058 -0.0236749 -0.00164431 0.039881 -1.80927e-06 0.00919231 0.00205669 -0.00129744 -0.024724 0.018532 0.0050595 -7.85818e-05 0.00112174 -0.0178436 0.00067097 -0.0230593 -7.73854e-05 0.0410943 0.0401242 -0.00608801 0.0298378 0.015245 -0.0323534 -0.0257635 0.00294467 0.0141829 -0.00469407 -0.0101829
internal_weight=527.789 11.9017 515.887 16.8289 9.11888 11.517 499.058 61.6407 52.254 437.417 21.6328 32.8186 20.5486 415.785 389.469 26.3151 16.3907 10.0772 377.852 12.27 11.617 7.78895 10.1731 7.76192 19.8027 19.4354 5.63336 17.5902 8.97142 2.21003
internal_count=5063 688 4375 303 107 686 4072 955 582 3117 236 405 135 2881 2423 458 219 109 2335 270 88 94 85 69 223 177 41 122 60 62
is_linear=0
shrinkage=0.05


Tree=75
num_leaves=31
num_cat=0
split_feature=6 3 0 3 1 7 1 7 7 0 1 2 7 4 4 4 4 4 4 2 3 5 1 2 1 1 3 3 7 6
split_gain=5.40654 4.18896 3.54142 3.0656 15.0938 8.35453 5.23116 8.86203 8.11946 3.95998 3.93269 3.92714 2.74815 2.7454 15.5132 11.3537 6.97954 17.142 9.68786 4.7869 7.66078 9.09202 4.66149 3.7852 6.19798 7.30536 4.22549 8.48076 7.58465 5.1796
threshold=0.20202592781167614 2.2315840577081043 0.75961552443556102 -1.2447321691274367 -0.44644579680684154 -0.85023827644705052 -0.32143602321805637 -0.8507282742077924 -0.41321471806103288 1.1992588846131529 -0.014272436066050378 -0.47035950333894377 -0.39598313014161407 1.2268893525324958 1.1348471134948515 1.3189314995279926 0.85872076455050717 0.76667852551286308 0.95076291154600423 -0.011552942454124868 0.28646240215302016 -0.66729479009757864 -0.24606981199935551 1.2746346602122036 -0.23317771871060625 -0.296143025443312 0.32136272665916715 -0.28520183471375632 0.39413825905448446 -0.39784441196840931
decision_type=2 2 2 2 2 2 2 2 2 2 2 2 2 2 2 2 2 2 2 2 2 2 2 2 2 2 2 2 2 2
left_child=2 12 13 4 5 -4 -5 -8 -9 -10 -11 -7 -2 14 16 -15 17 19 -18 20 -1 -22 -23 24 25 26 27 29 -28 -21
right_child=1 -3 3 6 -6 11 7 8 9 10 -12 -13 -14 15 -16 -17 18 -19 -20 23 21 22 -24 -25 -26 -27 28 -29 -30 -31
leaf_value=0.0015725335117931342 0.050035467759124368 -0.12268004231329604 -0.051655745895294702 -0.039671459304063864 0.14936939953411249 0.030499178964078527 0.11653066109545518 -0.043528686150228924 0.063788702872131259 -0.055479861105106748 0.06201119984064031 -0.056522299200690289 -0.018836028220515638 -0.068196011103428919 0.069393010433085059 0.0007470567879036224 -0.06452542204327337 0.060232436407288995 -0.002756513052289777 -0.038829901543173492 -0.050774674038254398 0.061026573518693852 0.019325112781241646 0.0033278575940983955 0.017423778898850457 -0.03496901215687323 0.038515965144554729 -0.032189341483411855 -0.04361367698091724 0.012774871211617633
leaf_weight=115.6505090361461 9.4870216958224756 0.41272754222154695 7.1821261290460869 18.690690223127604 1.6210524365305889 9.1277779117226618 1.4564051255583788 8.9928668150678277 3.7010773830115768 1.9666463490575554 1.1166171059012411 1.5111054535955162 1.7094361037015886 7.3002830967307082 8.342316307127474 32.811768837273121 9.5125444568693656 12.357923435047267 19.080783074721694 5.8056228067725852 3.1254086513072279 12.881485018879179 13.967859026044604 94.656328175216913 17.894189193844795 30.794509936124086 11.115613577887414 28.464142069220543 3.7626568842679253 29.930884802713994
leaf_count=1074 588 2 142 218 11 136 11 161 30 49 14 20 12 44 102 240 58 163 121 69 48 240 160 639 188 139 70 114 41 159
internal_value=1.2105e-05 0.0337539 -0.000751737 -0.0126951 0.0032978 -0.00998931 -0.0213504 -0.00148033 -0.012374 0.0289225 -0.01293 0.018139 0.0395204 0.000693785 0.00189464 -0.0118004 0.000517884 0.00230861 -0.023306 0.000363713 0.00741091 0.0299369 0.0393322 -0.00425022 -0.00986443 -0.0143086 -0.00626318 -0.0118271 0.0177457 0.00439135
internal_weight=524.43 11.6092 512.821 55.3664 19.4421 17.821 35.9243 17.2336 15.7772 6.78434 3.08326 10.6389 11.1965 457.455 417.343 40.1121 409 380.407 28.5933 368.049 145.625 29.9748 26.8493 222.424 127.768 109.873 79.0789 64.2006 14.8783 35.7365
internal_count=5063 602 4461 792 309 298 483 265 254 93 63 156 600 3669 3385 284 3283 3104 179 2941 1522 448 400 1419 780 592 453 342 111 228
is_linear=0
shrinkage=0.05


Tree=76
num_leaves=31
num_cat=0
split_feature=1 3 0 2 2 7 1 1 6 3 0 4 4 4 4 4 4 4 5 6 6 6 3 7 1 5 2 1 0 1
split_gain=5.07173 3.73766 3.4291 2.65854 2.48259 7.05849 3.1118 4.8131 2.3418 2.10717 2.06481 1.97834 6.70676 17.7262 8.40235 6.28286 19.439 10.5574 4.56379 5.47637 4.20575 4.40864 6.5582 4.18839 3.78588 3.61282 3.32806 4.4983 7.48078 5.59235
threshold=0.050524901405908443 2.2315840577081043 2.003131675360764 -0.97995705049585646 -1.1760400074157753 0.70558628020151504 -0.46382645497508307 -0.44504841469390521 -0.27993895846837202 0.13192560931808389 -1.8453568566189313 1.5030157014768397 1.2268893525324958 1.1348471134948515 1.3189314995279926 0.85872076455050717 0.76667852551286308 0.95076291154600423 -0.97481373065111521 -0.36412348683650625 -0.3008378233139663 -0.34690230536733691 0.010155481456025706 -0.52188533255442915 -0.44882696580738807 -0.25517261798024088 -0.011552942454124868 -0.46139035719728066 0.52393745070997144 -0.45742541260561659
decision_type=2 2 2 2 2 2 2 2 2 2 2 2 2 2 2 2 2 2 2 2 2 2 2 2 2 2 2 2 2 2
left_child=2 3 4 9 5 -1 -7 -8 -9 -2 -6 12 13 15 -14 16 18 -17 19 -12 21 22 24 -16 -19 -22 27 -20 29 -29
right_child=1 -3 -4 -5 10 6 7 8 -10 -11 11 -13 14 -15 23 17 -18 20 26 -21 25 -23 -24 -25 -26 -27 -28 28 -30 -31
leaf_value=-0.048398427392429277 -0.050598485169028262 -0.10999275632572854 -0.057300210426176036 0.051648194825586573 0.032384906650149391 0.075089248445386919 -0.049469924861991948 0.041239267750037722 -0.044760869227365073 0.051641341409999812 -0.052933013554823494 0.014458369350032727 -0.066476066749958485 0.070033082053263349 0.023835582963800117 -0.06227957052152458 0.06277684285696275 0.00078369428933655703 0.030605348352714029 0.0093342516835091711 0.016698544474272225 0.064583986604994689 -0.070075763344009598 -0.027446145784811735 0.088223258291439136 -0.044977491183582158 -0.0037324510835884776 -0.053537867191746448 -0.032926934499491675 0.0090369247301917456
leaf_weight=9.684150857850911 1.2969087818637484 0.43664587289095003 2.6637106332927933 8.5749143743887508 4.9610607838258138 1.5946166357025493 3.2328241057693949 4.7494984809309235 0.94988736230880011 0.82426085136830796 8.9129082728177291 22.438697276636958 8.4668518621474522 9.0254479665309173 7.0812287069857147 10.790340265259145 12.33310615364462 4.1362012531608316 16.501791968010352 5.8479846194386473 3.5246838834136724 3.5858353674411765 2.4702865406870842 9.0963140577077848 1.7666508331894881 7.2755642011761683 222.02028333488852 3.6911876164376585 13.097357649356125 109.25014750473204
leaf_count=169 15 2 71 624 37 80 37 98 20 47 187 192 66 102 59 91 164 51 435 51 28 24 8 51 11 30 1353 51 137 772
internal_value=1.16686e-05 0.0333966 -0.000718306 0.0392502 -0.000420729 -0.0175914 0.0107496 -0.000736605 0.0269061 -0.0108693 0.000292933 -3.78507e-05 -0.000746708 0.000693346 -0.0261202 -0.000778469 0.00100039 -0.0215447 -0.00100818 -0.0282639 -0.00223197 0.018194 -0.00167273 -0.00499912 0.0269533 -0.0248494 9.53873e-05 0.00605761 0.00284366 0.00699183
internal_weight=520.281 11.1327 509.149 10.6961 506.485 20.211 10.5268 8.93221 5.69939 2.12117 486.274 481.313 458.874 434.23 24.6444 425.204 391.655 33.5496 379.322 14.7609 22.7592 11.959 8.37314 16.1775 5.90285 10.8002 364.561 142.54 126.039 112.941
internal_count=5063 688 4375 686 4304 404 235 155 118 62 3900 3863 3671 3495 176 3393 3150 243 2986 238 152 94 70 110 62 58 2748 1395 960 823
is_linear=0
shrinkage=0.05


Tree=77
num_leaves=31
num_cat=0
split_feature=6 3 0 7 2 7 7 3 1 2 0 4 4 4 4 4 4 4 5 6 6 3 1 3 3 7 4 4 4 5
split_gain=4.87442 3.36155 3.27985 2.55011 2.35418 5.56912 4.60438 3.61766 4.99153 2.55998 5.19343 2.07206 7.20946 15.5573 6.44463 17.4958 8.80149 6.01953 3.74026 3.63753 4.91062 5.48637 3.99442 3.49414 8.70859 6.00156 5.65472 4.31294 8.07347 3.48147
threshold=0.20202592781167614 2.2315840577081043 2.003131675360764 -0.30489799083928354 -0.99729033699712 0.51059439352411096 -0.8507282742077924 0.21292240435448043 -0.46382645497508307 -0.88992128970837792 1.414123554931721 1.5030157014768397 1.2268893525324958 1.1348471134948515 0.85872076455050717 0.76667852551286308 0.95076291154600423 1.3189314995279926 -0.97481373065111521 -0.3008378233139663 -0.34690230536733691 0.010155481456025706 -0.44882696580738807 -1.0818131870441572 -0.67520154607297966 -0.28791140180023561 -1.2582487083880722 -1.1662064693504284 -1.0741643223549311 -0.66729479009757864
decision_type=2 2 2 2 2 2 2 2 2 2 2 2 2 2 2 2 2 2 2 2 2 2 2 2 2 2 2 2 2 2
left_child=2 3 4 -2 5 6 -1 8 -7 -6 11 12 13 14 15 18 -16 -14 -11 20 21 22 -18 26 25 -25 -20 -26 -29 -30
right_child=1 -3 -4 -5 9 7 -8 -9 -10 10 -12 -13 17 -15 16 -17 19 -19 23 -21 -22 -23 -24 24 27 -27 -28 28 29 -31
leaf_value=0.033666226419643168 0.04859973387046413 -0.099702540247843321 -0.057304882551864535 -0.023377856139154995 0.024818208307337518 0.07206314237815245 -0.042493640677340135 0.054327294022641894 -0.018885251010331391 -0.032510600354782308 -0.05299615462702835 0.015504878077988518 -0.065740117568968637 0.068285334261533881 -0.062433067615327201 0.061916895605436777 -0.015730517096839394 -0.0096773536292832502 -0.027165241991557801 -0.025126760597535026 0.065754577357368213 -0.06714137556810966 0.084500931921800027 0.0018352972179393615 0.022044658211518166 -0.059508229244283554 0.020810120467170352 -0.070686695020380524 -0.033782783338288457 0.00084160616788054622
leaf_weight=2.282237000763419 9.0574307162314636 0.45705790817737657 2.5465652979910365 1.4240380246192188 10.559730021283029 1.7934723719954462 15.213876891881226 3.4093134729191652 9.4989517480134964 8.8483239505439979 4.5907371267676345 21.769008038565516 7.2244478426873693 8.4562301095575076 9.4785943608731049 11.623546369373797 2.2964489609003085 14.197112688794732 7.294822806492447 10.071396514773367 3.4459463730454445 2.4498497247695923 1.752596355974674 6.4062166512012508 21.526957465335727 10.559132128953932 38.867889792658389 4.1178226470947257 7.4705456364899865 257.64420459326357
leaf_count=16 591 2 69 9 113 98 236 109 111 209 131 170 51 107 70 165 35 94 58 53 23 8 11 34 187 48 560 15 59 1621
internal_value=1.06735e-05 0.0330326 -0.000704036 0.0388207 -0.000417394 -0.0134974 -0.0325592 0.00918748 -0.00444075 0.000477424 -8.12294e-05 0.00045207 -0.00030343 0.00116592 -0.000239486 0.00153342 -0.0227419 -0.0285846 -0.000401516 -0.00394627 0.0175038 -0.00808054 0.0276539 0.000401314 -0.00152298 -0.0363445 0.0132289 0.000508799 -0.00121314 -0.000134058
internal_weight=516.335 10.9385 505.396 10.4815 502.849 32.1979 17.4961 14.7017 11.2924 470.652 460.092 455.501 433.732 412.311 403.854 374.359 29.4948 21.4216 362.736 20.0162 9.94484 6.4989 4.04905 353.888 307.725 16.9653 46.1627 290.76 269.233 265.115
internal_count=5063 602 4461 600 4392 570 252 318 209 3822 3709 3578 3408 3263 3156 2956 200 145 2791 130 77 54 46 2582 1964 82 618 1882 1695 1680
is_linear=0
shrinkage=0.05


Tree=78
num_leaves=31
num_cat=0
split_feature=1 0 0 6 3 6 7 2 5 3 3 2 6 3 7 3 7 1 4 0 0 2 4 6 7 7 0 2 3 2
split_gain=4.63917 2.99917 3.88948 5.64443 2.88987 2.71154 3.22451 4.68166 2.04916 6.18055 8.46734 4.46397 3.16026 10.1797 6.48397 6.17617 8.31677 6.74795 3.66553 4.56309 3.83506 2.98406 2.71 2.70518 3.32858 3.93788 4.25384 2.72851 3.35463 2.67774
threshold=-0.02267143345338191 1.4965490463398712 1.9668001027168092 -0.35467843929930776 2.2315840577081043 -0.14789929351844902 -0.41321471806103288 -0.20356001073900368 0.98480453059191408 -1.2294918527492065 -0.60631531604337974 -1.1760400074157753 -0.39847156912677489 -1.2294918527492065 -0.73644990756368489 -1.2022116864321746 -0.83194502671269133 -0.44644579680684154 -0.15374285239996058 0.33311807327612236 -1.0068494770013638 -0.17768995368907711 -1.4423330023790664 -0.22170762658403112 3.047394467177694 1.17976800211045 0.31702545011914879 1.0508001909799718 0.22214829751752216 -0.16370919507584211
decision_type=2 2 2 2 2 2 2 2 2 2 2 2 2 2 2 2 2 2 2 2 2 2 2 2 2 2 2 2 2 2
left_child=1 8 -3 -4 5 6 7 -2 11 -10 -11 -1 14 -14 -13 -15 -17 21 20 -20 -16 -18 -22 24 25 27 -27 29 -29 -12
right_child=4 2 3 -5 -6 -7 -8 -9 9 10 23 12 13 15 18 16 17 -19 19 -21 22 -23 -24 -25 -26 26 -28 28 -30 -31
leaf_value=-0.039991582332739944 -0.087344406512943826 -0.051494698890643148 0.026750999275489303 -0.061825809752578523 -0.09115440914954985 0.051128981538998954 0.059316527595711238 0.052984877649616173 0.047975810814317468 -0.027981513088925714 0.02687206453644719 -0.048660372660131006 0.088917560764479903 -0.051358306337151452 -0.077312257785553062 0.065947615643374355 0.0055122661955154841 -0.0013343506176842835 0.043540540486955187 -0.040003257432165706 -0.043830695931229499 0.061380382375086057 0.023169346394200756 -0.018489443882352779 -0.039176968338475199 0.060402810774272987 -0.040707721378976908 0.063025470119819779 -0.0037569181706808884 -0.030708413479647301
leaf_weight=7.3149594813585272 1.5518973581492899 6.598727222532033 5.888409273698926 2.5894588679075223 0.47444242238998491 8.1773674478754366 1.484988342039286 0.96326700039207969 8.5556392520666105 16.019719434902072 3.2794177010655403 10.177034277468922 3.2333586439490309 5.8043654784560195 2.2883868515491486 4.8089236281812182 3.8670485261827707 367.2547061862424 6.8900622315704805 2.1427412554621696 2.4147921986877918 6.2580737955868226 4.0246276035904902 4.8440962489694384 2.0746137946844092 9.7939052721485478 1.1638408079743374 4.1326672583818427 3.4504865482449532 5.2538247071206623
leaf_count=110 19 193 44 62 2 658 30 40 373 163 29 252 26 43 12 43 27 2258 126 19 17 57 70 34 16 248 8 32 25 27
internal_value=9.45677e-06 -0.000746969 -0.022709 -0.00030368 0.0299105 0.0346272 0.000893312 -0.0336006 -6.433e-05 0.00870534 0.00198735 -0.00126867 -0.0005929 0.000567266 -0.0168394 -0.000169005 0.000608416 -0.000224197 0.00139444 0.0237225 -0.0217139 0.0400429 -0.00195577 0.0161107 0.0218607 0.0265379 0.0496637 0.0108143 0.0326381 -0.00857961
internal_weight=512.776 500.124 15.0766 8.47787 12.652 12.1775 4.00015 2.51516 485.047 58.5682 50.0126 426.479 419.164 391.226 27.9376 387.993 382.189 377.38 17.7606 9.0328 8.72781 10.1251 6.43942 33.9929 29.1488 27.0741 10.9577 16.1164 7.58315 8.53324
internal_count=5063 4314 299 106 749 747 89 59 4015 955 582 3060 2950 2454 496 2428 2385 2342 244 145 99 84 87 419 385 369 256 113 57 56
is_linear=0
shrinkage=0.05


Tree=79
num_leaves=31
num_cat=0
split_feature=1 0 3 2 2 7 1 1 2 3 3 0 0 5 5 1 3 3 6 0 5 2 5 7 6 7 4 7 2 3
split_gain=4.36521 3.02267 2.79171 2.43178 2.1054 5.98324 2.9278 4.27249 2.37672 2.35377 5.05563 1.84173 1.92663 5.33893 5.6869 4.15856 14.0971 7.87077 9.16323 7.82282 4.58179 3.77358 7.87241 4.15369 5.74833 4.079 4.06048 3.84358 3.60108 7.49209
threshold=0.050524901405908443 2.003131675360764 2.2315840577081043 -0.97995705049585646 -1.1760400074157753 0.70558628020151504 -0.46382645497508307 -0.44504841469390521 -1.6755608109096931 0.10677908729400419 0.2360169549410788 -1.8453568566189313 -0.56286737773942452 -0.46640686485422228 -0.43533496774531949 -0.32877532075770916 -0.20747623642509944 -1.2294918527492065 -0.39938820083883714 1.9857585475218218 -0.58544351638749659 1.1221486290870863 -0.40072811244689338 -0.52438976555377581 -0.2322333485558665 -0.69754952978035234 0.76667852551286308 -0.59192779024268261 0.33526351918818315 0.37211296495835683
decision_type=2 2 2 2 2 2 2 2 2 2 2 2 2 2 2 2 2 2 2 2 2 2 2 2 2 2 2 2 2 2
left_child=1 4 3 -2 5 -1 -7 -8 -9 -10 -11 -6 21 15 -15 17 -17 18 19 20 -14 22 25 24 26 -13 -23 -26 29 -24
right_child=2 -3 -4 -5 11 6 7 8 9 10 -12 12 13 14 -16 16 -18 -19 -20 -21 -22 23 28 -25 27 -27 -28 -29 -30 -31
leaf_value=-0.046939069508954941 -0.010429119430874632 -0.056983548068037265 -0.08391440133280248 0.051488256540643734 0.030754697532543229 0.07793438627381577 -0.048768022718202519 0.061763894256885325 0.059021530185460185 -0.10925282100683054 0.051778426348332497 -0.033099604593547223 -0.035360758397238894 0.06507128596165225 0.0060339771670906229 0.061264304807937334 -0.019088834683658108 -0.045536808102317333 0.067969730289830818 0.075174117080455877 0.056447902181169976 -0.045746780069415606 -0.018862490538767498 0.0098183317248825511 0.060091466509697281 0.019280820982240987 0.0095592418310460076 -0.010139912287547475 -0.028519661042333874 0.02220236177376074
leaf_weight=8.7539457436651009 2.0051392726600161 2.3696339670568696 0.48920159786939699 7.5819190777838203 4.9012255128473035 1.3636965379118908 3.0108368024229994 2.4648356013931321 0.96725888177752573 1.075056619942188 0.8916815724223851 4.285793635994195 14.802338885143405 4.1748883016407481 177.74696193449199 8.0082186311483401 17.143233104608953 16.714339995756745 4.0400888137519351 2.1198331266641608 1.4963403474539543 12.075219248421496 44.41255110502243 74.642312900163233 3.5259926058351994 27.989453877322376 4.5765411444008341 4.3533045034855595 36.734033588320017 14.811303785070775
leaf_count=169 62 71 2 624 37 80 37 55 12 6 45 45 301 33 1597 55 138 115 29 13 27 73 259 496 47 213 50 25 183 164
internal_value=1.05575e-05 -0.000646785 0.0325931 0.0385382 -0.000378223 -0.0169162 0.00997508 -0.00104507 0.0255692 -0.00483777 -0.0362443 0.000262049 -5.34805e-05 0.00301099 0.00738881 -0.00937032 0.00649559 -0.0195572 -0.000222468 -0.0151804 -0.026932 -0.00337184 -0.00903609 0.00395216 -0.0138972 0.0123253 -0.0305466 0.0212887 -0.0162209 -0.00859257
internal_weight=509.527 499.451 10.0763 9.58706 497.081 18.5273 9.77337 8.40967 5.39883 2.934 1.96674 478.554 473.653 246.246 181.922 64.3244 25.1515 39.1729 22.4586 18.4185 16.2987 227.407 128.233 99.1734 24.5311 32.2752 16.6518 7.8793 95.9579 59.2239
internal_count=5063 4375 688 686 4304 404 235 155 118 63 51 3900 3863 2308 1630 678 193 485 370 341 328 1555 864 691 195 258 123 72 606 423
is_linear=0
shrinkage=0.05


Tree=80
num_leaves=31
num_cat=0
split_feature=6 0 3 7 2 2 3 0 1 4 4 3 3 0 6 1 3 3 7 5 3 6 4 6 7 4 0 6 3 5
split_gain=4.13134 2.87822 2.53062 2.43964 2.00201 4.32398 5.76509 7.44804 4.76689 4.49047 10.3221 3.93868 11.1643 4.95115 4.34746 4.79208 3.87742 8.42265 5.69485 5.72107 5.25168 4.91933 4.89362 4.43973 4.60122 5.36678 4.17539 3.69408 5.77752 3.6056
threshold=0.20202592781167614 2.003131675360764 2.2315840577081043 -0.39598313014161407 1.2746346602122036 0.39403016175515826 0.31008490777959319 1.0626739655501971 -0.3060989708403698 -0.89008012040608409 -0.70599582641508996 0.20599354691628194 0.52390654656616109 -0.12840949000077065 -0.3164371885212402 -0.21490634580112489 0.93265198423345463 0.33172614179636356 -0.27356535624962947 0.21982556466967981 0.35169097149216128 -0.27932792123056255 0.76667852551286308 -0.3835750480981685 -0.38746261352427119 0.30646788257752478 -1.1428468996955841 -0.33245463629139843 -1.0000000180025095e-35 -0.66729479009757864
decision_type=2 2 2 2 2 2 2 2 2 2 2 2 2 2 2 2 2 2 2 2 2 2 2 2 2 2 2 2 2 2
left_child=1 4 3 -2 5 6 -1 8 -8 -7 -11 13 -13 -12 -14 -16 17 23 19 21 -19 -18 26 -6 25 -25 -22 28 -26 -10
right_child=2 -3 -4 -5 16 9 7 -9 29 10 11 12 14 -15 15 -17 18 20 -20 -21 22 -23 -24 24 27 -27 -28 -29 -30 -31
leaf_value=-0.0025183591846361826 0.049310743222722379 -0.056964103627074658 -0.077683159531320628 -0.016779652071948634 -0.026112849651039684 -0.03892959613860654 0.054592613752435216 -0.041899326887831018 -0.033008006925264718 0.066555951680905098 -0.029156091419489161 0.031824536152014443 0.02163217258585726 0.031881146654636643 -0.044296700356097542 0.0064787492622572843 -0.059331704174074032 -0.068490400158859002 0.049665667394154275 -0.051332186354760827 0.025751079942238703 0.052271155060374885 0.042864838666929042 0.061228697964963032 0.0017349610754769235 0.0055307063269095132 -0.028348223931650776 -0.0070918418697706598 0.064050601210006844 0.018812890798230536
leaf_weight=225.67982467263937 7.8344292510300866 2.2572129759937516 0.50167804956436235 1.6991820577532024 6.7512380853295317 12.671210019849239 8.8705238969996554 5.1331011196598402 3.6840330259874454 4.5134324040263882 33.518710795789957 16.302458558231592 5.0494429171085349 3.6879948023706666 16.133021442219619 6.5267279474064734 1.2623040648177264 4.6347161754965773 10.976089594885705 3.7433879934251308 4.3088813759386566 4.5340416794642824 3.6610567383468142 10.273788218386473 10.005345053970812 7.4691090881824485 20.703544927760962 20.816098362207413 5.9204879142343989 37.773746309801936
leaf_count=2168 588 69 2 12 77 76 226 107 64 28 182 94 37 24 83 61 6 17 153 18 29 82 32 70 48 41 99 103 37 430
internal_value=9.63973e-06 -0.000631869 0.0317717 0.0375314 -0.000374787 -0.00212627 0.00103108 0.0154742 0.0213259 -0.0111469 -0.00704065 -0.0111305 -0.00100669 -0.023106 -0.0203226 -0.0296718 0.00540275 0.00112707 0.0251066 -0.00315012 -0.019108 0.0279667 -0.011126 0.0121336 0.0168727 0.0377819 -0.0190286 0.00677551 0.024901 0.014208
internal_weight=506.897 496.862 10.0353 9.53361 494.604 379.544 281.141 55.4614 50.3283 98.403 85.7318 81.2184 44.0117 37.2067 27.7092 22.6597 115.06 94.5443 20.5158 9.53973 33.3082 5.79635 28.6735 61.2361 54.4848 17.7429 25.0124 36.7419 15.9258 41.4578
internal_count=5063 4461 602 600 4392 3580 2995 827 720 585 509 481 275 206 181 144 812 553 259 106 177 88 160 376 299 111 128 188 85 494
is_linear=0
shrinkage=0.05


Tree=81
num_leaves=31
num_cat=0
split_feature=1 2 7 1 1 2 3 6 7 2 3 3 3 7 0 0 7 3 2 5 6 3 3 3 3 0 0 6 0 0
split_gain=3.99061 2.69308 6.26006 2.89868 3.85718 2.31005 2.19548 2.48723 3.00032 4.06334 2.09319 4.46407 1.81204 3.09659 2.87383 2.17467 2.83577 2.06764 5.93081 6.47164 3.27737 2.89119 3.68312 3.64892 3.21973 2.75921 7.33612 2.72827 2.68253 3.40657
threshold=-0.02267143345338191 -1.1760400074157753 0.70558628020151504 -0.46382645497508307 -0.44504841469390521 -1.6755608109096931 2.2315840577081043 -0.14789929351844902 -0.41321471806103288 -0.20356001073900368 0.10677908729400419 0.2360169549410788 1.7669070551809316 -0.33018731971312248 -0.61581810745226739 -2.0163870292292185 3.047394467177694 0.97837290288751211 1.38624222016614 -0.066279727275328673 -0.32628282707309852 0.68286303115078406 0.60361343170493675 0.85157337917873976 0.5557588230369781 -0.79926088106645266 -0.61581810745226739 -0.31818591050084699 -0.622045217254381 -0.4654884990861366
decision_type=2 2 2 2 2 2 2 2 2 2 2 2 2 2 2 2 2 2 2 2 2 2 2 2 2 2 2 2 2 2
left_child=1 2 -1 -4 -5 -6 7 8 9 -2 -7 -12 15 -14 -15 -3 17 21 19 -19 -21 22 24 -23 -17 -26 -27 -25 -22 -30
right_child=6 12 3 4 5 10 -8 -9 -10 -11 11 -13 13 14 -16 16 -18 18 -20 20 28 23 -24 27 25 26 -28 -29 29 -31
leaf_value=-0.049033391978734839 -0.080514848416228801 0.05344738185413718 0.079159679407868444 -0.048022907546169558 0.060900510640182683 0.053018928258584265 -0.07224731063821517 0.051020253578159452 0.059069658759288504 0.052822547121203024 -0.10389604072799906 0.051623614765000853 -0.049374756717950975 -0.034417495945387545 0.049048286368220541 0.00040187220251583998 -0.051878006550195081 0.04946896964059469 0.045411564410891468 0.034365072156011145 -0.025709435773789729 -0.044899369638616335 0.033643667091468175 -0.037718230887496158 0.0086334561856812719 -0.091671727802454001 0.0048555815541976976 0.021374723645268559 0.056183946297381895 -0.010794672977908461
leaf_weight=9.0693359002470988 1.5687133911997082 1.9302051290869702 1.2796508455649007 2.8997620753943911 2.3323050877079354 0.98299420252442438 0.51216612756252367 7.2142465580254767 1.4302152367308725 0.89870906993746791 1.0727182552218435 0.80972332227975119 4.8344538863748312 1.9576078150421379 2.1794872628524882 377.62850768957287 2.592873837798833 5.8920337194576851 9.6656354544684273 4.0328692942857733 17.36760368663818 8.1479465588927287 8.1111579965800029 2.9373223967850208 3.8196489326655865 3.9161790423095226 3.9575061500072461 5.8301282031461579 2.5922058783471584 7.0926321865990776
leaf_count=197 19 18 80 37 55 13 2 658 30 40 6 45 46 18 40 2904 12 184 156 62 105 44 67 18 26 15 26 46 20 74
internal_value=1.07608e-05 -0.000672081 -0.0194158 0.00922959 -0.00182148 0.0239538 0.0289675 0.0336327 0.00144952 -0.0319494 -0.0061188 -0.037 5.66142e-05 -0.0222008 0.0095536 0.000485567 0.000265052 0.000558334 0.0105388 0.00142328 -0.00768349 -0.000565161 0.000296496 -0.0208101 -0.000398261 -0.026238 -0.0431547 0.00157706 -0.0139519 0.00713256
internal_weight=504.557 492.932 18.4465 9.37715 8.0975 5.19774 11.6241 11.1119 3.89764 2.46742 2.86544 1.88244 474.486 8.97155 4.1371 465.514 463.584 460.991 46.643 36.9773 31.0853 414.348 397.433 16.9154 389.322 11.6933 7.87369 8.76745 27.0524 9.68484
internal_count=5063 4314 433 236 156 119 749 747 89 59 64 51 3881 104 58 3777 3759 3747 601 445 261 3146 3038 108 2971 67 41 64 199 94
is_linear=0
shrinkage=0.05


Tree=82
num_leaves=31
num_cat=0
split_feature=1 2 7 1 1 2 3 6 7 0 3 3 3 7 0 0 7 5 1 3 7 4 7 0 1 3 3 3 3 5
split_gain=3.74653 2.53095 5.89938 2.8142 3.60888 2.17713 2.01575 2.4076 2.79408 3.66014 1.93429 4.06123 1.6604 2.8394 2.64646 1.99675 2.61086 1.99607 4.61515 10.73 3.09396 2.64455 2.59351 3.17036 2.0879 8.02751 5.95132 3.64339 3.96401 3.36691
threshold=-0.02267143345338191 -1.1760400074157753 0.70558628020151504 -0.46382645497508307 -0.44504841469390521 -1.6755608109096931 2.2315840577081043 -0.14789929351844902 -0.41321471806103288 -0.026293711217025444 0.10677908729400419 0.2360169549410788 1.7669070551809316 -0.33018731971312248 -0.61581810745226739 -2.0163870292292185 3.047394467177694 0.98480453059191408 -0.46139035719728066 -0.60631531604337974 0.97407783099018419 -1.6264172963700605 1.3841515125354047 0.19962641271934417 -0.31776246500554212 -0.36414668879330431 0.45242949323289472 0.33172614179636356 0.35717747014800766 0.050414532736126907
decision_type=2 2 2 2 2 2 2 2 2 2 2 2 2 2 2 2 2 2 2 2 2 2 2 2 2 2 2 2 2 2
left_child=1 2 -1 -4 -5 -6 7 8 9 -2 -7 -12 15 -14 -15 -3 17 24 21 20 -20 -19 -21 -24 26 -26 27 29 -29 -17
right_child=6 12 3 4 5 10 -8 -9 -10 -11 11 -13 13 14 -16 16 -18 18 19 22 -22 -23 23 -25 25 -27 -28 28 -30 -31
leaf_value=-0.04852953806616242 0.052133234372940589 0.051627195873662934 0.080532256835906701 -0.047307336438476719 0.060171703073785887 0.051659121422502369 -0.067450544708962792 0.050970655917468438 0.058623023667099816 -0.075714813890861432 -0.09895818567838495 0.051543164207895856 -0.047625349604905484 -0.03283959850979018 0.047835197459744849 -0.0095172243627351921 -0.05026392321724435 -0.05421168303008661 0.0016563560659883531 0.011978441957689668 -0.054203356206908519 0.055393951685971415 0.061506117170933988 -0.041176640927232736 0.054590256627440839 0.0012598634266814406 0.034629964914361037 -0.072367747286542813 -0.0077720840266351024 0.0034386093749347365
leaf_weight=8.7143435198813695 0.865846735425294 1.89914628304541 1.1970024816691873 2.7990126833319655 2.2447506990283723 0.95904318243265141 0.52092064917087633 6.8689130693674061 1.3705655811354507 1.5839256644248962 1.0700021609663961 0.77140452247112978 4.7632771749049425 1.9493029434233902 2.1244375482201558 120.01138884667307 2.5435982532799235 0.59851757064461697 3.6155310645699483 18.438530759885911 7.8851015754044056 6.8358112797141066 5.8417017143219701 0.86273387819528569 7.3387826438993207 183.25931404996663 9.6456207670271379 4.15718065202236 5.540150661021471 86.139952978119254
leaf_count=197 37 18 80 37 55 13 2 658 30 22 6 45 46 18 40 1035 12 4 19 128 97 295 137 9 50 1327 81 13 36 516
internal_value=1.22633e-05 -0.000640007 -0.0191732 0.00912183 -0.00177518 0.0234855 0.0285933 0.0332738 0.00145523 -0.0305282 -0.00592102 -0.03591 5.50339e-05 -0.0214149 0.00923195 0.000463396 0.000253402 0.000532637 0.0106504 0.00336295 -0.0366424 0.0465699 0.0216618 0.0482928 -0.000539166 0.0033133 -0.00379544 -0.00551256 -0.0354638 -0.00410365
internal_weight=502.416 491.206 17.7556 9.04122 7.84421 5.0452 11.2102 10.6893 3.82034 2.44977 2.80045 1.84141 473.45 8.83702 4.07374 464.613 462.714 460.17 44.0779 36.6436 11.5006 7.43433 25.143 6.70444 416.092 190.598 225.494 215.849 9.69733 206.151
internal_count=5063 4314 433 236 156 119 749 747 89 59 64 51 3881 104 58 3777 3759 3747 689 390 116 299 274 146 3058 1377 1681 1600 49 1551
is_linear=0
shrinkage=0.05


Tree=83
num_leaves=31
num_cat=0
split_feature=1 2 7 1 1 2 3 6 7 2 3 3 4 4 4 4 4 4 4 5 1 5 1 2 0 5 5 4 0 3
split_gain=3.51723 2.37749 5.55804 2.73541 3.37535 2.05237 1.8554 2.33028 2.60402 3.45783 1.78647 3.69751 1.66627 12.3301 16.6596 9.30431 9.01589 25.2274 14.4692 4.05809 3.97854 5.70106 4.17351 3.50338 3.4182 3.64205 3.4177 4.55982 2.94514 4.84627
threshold=-0.02267143345338191 -1.1760400074157753 0.70558628020151504 -0.46382645497508307 -0.44504841469390521 -1.6755608109096931 2.2315840577081043 -0.14789929351844902 -0.41321471806103288 -0.20356001073900368 0.10677908729400419 0.2360169549410788 1.0000000180025095e-35 -0.24578499939545764 -0.33782723843310175 -0.15374285239996058 0.30646788257752478 0.39851002957302184 0.21442564353988061 -0.97481373065111521 -0.3278342553295 -0.42593387081195272 -0.38101874696142085 2.0589751712411388 0.35128180797695679 -0.40935775467923635 0.98480453059191408 1.2268893525324958 -0.85142261590544377 0.21292240435448043
decision_type=2 2 2 2 2 2 2 2 2 2 2 2 2 2 2 2 2 2 2 2 2 2 2 2 2 2 2 2 2 2
left_child=1 2 -1 -4 -5 -6 7 8 9 -2 -7 -12 13 14 19 -15 18 -18 24 -3 22 -22 -17 -21 25 -14 -19 -28 29 -27
right_child=6 12 3 4 5 10 -8 -9 -10 -11 11 -13 16 15 -16 20 17 26 -20 23 21 -23 -24 -25 -26 28 27 -29 -30 -31
leaf_value=-0.048018126031910829 -0.072550877541381689 -0.044601766863668603 0.082018321641185332 -0.046584849509279283 0.059456093047974223 0.050296358410567545 -0.063175725763601503 0.050923464043561829 0.058198582814170501 0.052811940071792886 -0.094281334944544201 0.051466761551386554 -0.032026134983390402 -0.062152501101967156 0.061092657503978867 -0.017394361237467081 -0.067319196612348461 0.00068910511723212393 0.065204507779600351 -0.00067534262373541455 0.025114802547842725 -0.039618076370968522 0.036686349868609969 0.055096038876593284 0.043452501922245541 0.005301151581105998 0.065069397807571677 -0.0068305527404557967 0.00050713577334257946 0.07551599659546003
leaf_weight=8.3754117116332072 1.5901379827409985 5.1828200817108145 1.1184981269761918 2.7027576360851517 2.1603248999454077 0.93636194244027127 0.52816312015056688 6.5398143725469682 1.3129897490143765 0.84095645230263505 1.0670029595494268 0.73484448809176672 6.5278356838971368 12.750380482524632 11.581037194468079 7.5998538509011269 14.047192241996525 169.44269044417888 13.272605955600737 143.92752908542752 4.2855495885014525 16.484700206667192 6.7235365025699085 2.8720058873295775 5.7636319436132899 6.7368652075529045 4.8649701662361604 4.0332171879708767 31.964692786335949 3.8687043953686953
leaf_count=197 19 66 80 37 55 13 2 658 30 40 6 45 40 117 215 64 84 1340 137 1296 29 77 38 25 50 32 42 25 172 32
internal_value=1.29836e-05 -0.000610672 -0.0189281 0.009013 -0.00172943 0.0230195 0.0282207 0.0329146 0.00145851 -0.0291858 -0.00572739 -0.0348411 5.28598e-05 -0.00324526 0.00328551 -0.0255719 0.0027292 -0.00280615 0.0183592 -0.00111939 -0.0122813 -0.0262617 0.00799164 0.000415776 0.00702595 0.00274983 0.00227528 0.0324798 0.00808246 0.0309142
internal_weight=499.837 489.025 17.0952 8.71979 7.60129 4.89853 10.8121 10.2839 3.74408 2.43109 2.73821 1.80185 471.93 211.407 163.563 47.844 260.522 192.388 68.1343 151.982 35.0936 20.7702 14.3234 146.8 54.8617 49.0981 178.341 8.89819 42.5703 10.6056
internal_count=5063 4314 433 236 156 119 749 747 89 59 64 51 3881 1927 1602 325 1954 1491 463 1387 208 106 102 1321 326 276 1407 67 236 64
is_linear=0
shrinkage=0.05


Tree=84
num_leaves=31
num_cat=0
split_feature=1 3 0 3 1 7 1 7 7 0 2 6 2 3 5 1 2 6 0 6 6 6 3 1 3 3 2 0 7 6
split_gain=3.30434 3.32782 2.09407 2.66653 11.1868 7.06001 4.93582 6.34423 5.51696 3.7069 3.60331 2.19266 2.16874 5.86075 6.67739 4.44533 4.36765 8.02188 6.74348 5.60418 5.40951 5.98138 4.55611 3.29832 2.50781 7.08361 5.6895 4.85344 4.36118 5.87068
threshold=0.19676597085561209 2.2315840577081043 0.75961552443556102 -1.2447321691274367 -0.44644579680684154 -0.85023827644705052 -0.32143602321805637 -0.8507282742077924 -0.41321471806103288 1.1992588846131529 -0.47035950333894377 0.15663806755402554 -0.011552942454124868 0.31008490777959319 -0.66729479009757864 -0.14766467220382987 0.97646373688526711 -0.38243446807077924 0.33311807327612236 -0.39746500205177904 -0.35467843929930776 -0.34422657263485096 -1.2022116864321746 -0.24606981199935551 0.17993259066919218 0.13192560931808389 1.0081229451328322 -1.1613437297434215 -0.23030944281525914 -0.30721172444123568
decision_type=2 2 2 2 2 2 2 2 2 2 2 2 2 2 2 2 2 2 2 2 2 2 2 2 2 2 2 2 2 2
left_child=2 -2 12 4 5 -4 -5 -8 11 -10 -7 -9 13 -1 -15 16 17 19 20 -14 -19 -22 -18 -16 25 28 -26 -28 29 -24
right_child=1 -3 3 6 -6 10 7 8 9 -11 -12 -13 15 14 23 -17 22 18 -20 -21 21 -23 24 -25 26 -27 27 -29 -30 -31
leaf_value=0.0005117507952284489 0.045084636147020664 -0.10523972924775338 -0.050738494259084589 -0.037691637725837994 0.12943128596289608 0.031192963009701893 0.10361707359755626 -0.046059941104268386 0.060082560811515362 -0.019899614944739723 -0.056340807314423903 0.029357215881853745 -0.017016615879073854 -0.045691165609582675 0.050816654295517488 0.044059813917035867 -0.038244976763206547 -0.045393903662524049 0.033600896883556185 0.046475246957641839 0.04193621223264108 -0.01787383155620291 0.044812612755123819 0.017149428147069001 0.07962264643057021 0.055522700962967679 0.029079985979040459 -0.0075068013311400785 -0.0079646677295556311 -0.0034519167215887429
leaf_weight=137.204041948542 5.9701386853121212 0.39235931634902943 5.8704941608011731 16.591658744961023 1.6502206847071637 8.2926054149866086 1.3867174312472332 6.9246154036372864 3.5827713012695321 2.4320090748369694 1.3699024636298425 1.1195892626419661 5.5116371512413016 3.114750280044972 12.508768817409875 5.1080957269296041 6.6833150889724484 17.083492776378989 6.238140180706977 9.4077634010463935 4.4798138216137877 62.493530746549368 12.46677205339074 17.385940627194941 2.118166107684373 8.0172574929892999 10.244253733195363 78.706306695006788 29.218437310308218 12.737977284938099
leaf_count=1294 627 1 142 218 11 136 9 130 30 57 20 26 82 34 254 198 98 70 43 66 29 344 86 213 15 49 84 493 139 65
internal_value=1.33783e-05 0.0358145 -0.000451537 -0.010233 0.00565783 -0.00749182 -0.018756 0.00158454 -0.00847951 0.0277427 0.0187829 -0.0355634 0.000640855 0.00506253 0.0239779 -0.00214135 -0.00303055 -0.010945 -0.016557 0.0230196 -0.0202794 -0.0138732 0.00216767 0.0312367 0.00392711 0.0116451 -0.00136464 -0.00329318 0.0051813 0.0204207
internal_weight=496.312 6.3625 489.949 49.2206 17.1832 15.533 32.0374 15.4457 14.059 6.01478 9.66251 8.0442 440.728 170.214 33.0095 270.515 265.407 105.214 90.295 14.9194 84.0568 66.9733 160.192 29.8947 153.509 62.4404 91.0687 88.9506 54.4232 25.2047
internal_count=5063 628 4435 779 309 298 470 252 243 87 156 156 3656 1795 501 1861 1663 634 486 148 443 373 1029 467 931 339 592 577 290 151
is_linear=0
shrinkage=0.05


Tree=85
num_leaves=31
num_cat=0
split_feature=1 2 7 1 1 2 3 1 6 6 7 0 3 7 0 7 3 7 5 1 3 7 7 0 4 0 4 3 3 6
split_gain=3.16285 2.25644 5.10143 2.68319 3.09136 1.948 1.69548 3.84601 1.62763 2.22496 2.43754 3.04561 1.56057 1.57308 2.24072 2.3807 2.14093 1.86216 1.93002 4.38297 9.93682 2.91268 2.52264 2.97483 2.41239 2.08197 3.15813 6.26669 2.96762 2.41899
threshold=-0.02267143345338191 -1.1760400074157753 0.70558628020151504 -0.46382645497508307 -0.44504841469390521 -1.6755608109096931 0.10677908729400419 -0.40388620134612946 5.7617034853152918 -0.14789929351844902 -0.41321471806103288 -0.026293711217025444 1.9065080941201404 -0.85083716259906828 -1.7995094254806314 3.047394467177694 -0.97619779454302325 -0.85078271840343034 0.98480453059191408 -0.46139035719728066 -0.60631531604337974 0.97407783099018419 1.3841515125354047 0.19962641271934417 -1.6264172963700605 0.75961552443556102 0.95076291154600423 0.99818523797762937 0.2360169549410788 -0.14281459721210238
decision_type=2 2 2 2 2 2 2 2 2 2 2 2 2 2 2 2 2 2 2 2 2 2 2 2 2 2 2 2 2 2
left_child=1 2 -1 -4 -5 -6 -7 -8 9 10 11 -2 13 -3 16 17 -15 -16 25 24 21 -21 -22 -24 -20 29 27 -27 -28 -19
right_child=8 12 3 4 5 6 7 -9 -10 -11 -12 -13 -14 14 15 -17 -18 18 19 20 22 -23 23 -25 -26 26 28 -29 -30 -31
leaf_value=-0.047471678190095006 0.052098590815089107 -0.030433536627400094 0.083524365874366013 -0.045854112182839246 0.058721390980874824 0.048751035878473535 -0.12808309297591053 0.024485237717346595 -0.055517528038183099 0.051247673928651732 0.057985234666599585 -0.067415574955185326 -0.030476136252751015 0.07055314200438588 0.035631437726663155 -0.048737919185466799 0.007829006792391997 -0.00097155944422553774 -0.051476312294113827 0.00093126616505000192 0.011345188220999381 -0.053973401749296851 0.06116067693437216 -0.03907213872642723 0.054939636395347435 -0.037976602720559846 0.022566653161595954 0.040642107464641974 -0.049547131823888146 0.014846866222252758
leaf_weight=7.9648238690570023 0.79751337040215786 4.1147734653204671 1.0421355543658144 2.6103575527667999 2.0423977854661648 0.9161701984703513 0.67957971058785993 1.0532822897657741 0.55698151793330986 5.9607541039586041 1.2635621838271607 1.6075446456670761 4.1440416024997822 2.1871234178543091 3.7392603103071442 2.469075731933116 3.5991117386147371 349.34749755356461 0.58007129281759251 3.5675420835614187 18.292418468743566 7.4804743193089962 5.5536394873633972 0.85410224832594384 6.5029601166024795 16.105006329715259 7.8832485899329168 3.008139004930853 1.7418514806777237 25.964610325172544
leaf_count=197 37 73 80 37 55 13 3 48 17 643 30 22 45 28 48 12 27 2309 4 19 131 97 139 9 295 238 80 43 32 252
internal_value=1.33219e-05 -0.000567636 -0.0188495 0.00847227 -0.00223942 0.0220282 -0.00626212 -0.0353478 0.0275856 0.0323924 0.00175644 -0.0277849 7.0625e-05 0.000344037 0.000620021 0.000225181 0.0315379 0.000493463 0.000199447 0.0102918 0.00317217 -0.036244 0.0208024 0.0478004 0.0462246 -0.000870387 -0.0138408 -0.0256031 0.00951624 0.000122781
internal_weight=493.63 483.444 16.3087 8.34392 7.30179 4.69143 2.64903 1.73286 10.1864 9.62937 3.66862 2.40506 467.135 462.991 458.876 453.09 5.78624 450.621 446.882 42.8312 35.7482 11.048 24.7002 6.40774 7.08303 404.05 28.7382 19.1131 9.6251 375.312
internal_count=5063 4314 433 236 156 119 64 51 749 732 89 59 3881 3836 3763 3708 55 3696 3648 694 395 116 279 148 299 2954 393 281 112 2561
is_linear=0
shrinkage=0.05


Tree=86
num_leaves=31
num_cat=0
split_feature=7 1 5 2 1 3 7 0 3 4 2 7 4 2 2 7 3 1 1 1 1 2 1 2 1 6 0 6 6 7
split_gain=2.97034 2.91307 2.17553 4.83241 4.61611 8.46178 2.95436 2.94618 2.94319 2.67343 2.35143 2.23 2.41861 2.18797 2.03828 3.84982 3.68748 4.26957 4.41392 3.41549 7.1863 3.18261 3.67278 3.7084 7.37417 6.33941 4.90201 4.5581 5.48771 3.8367
threshold=3.8661535032793659 -0.02267143345338191 1.0085710810042914 -1.1760400074157753 -0.46139035719728066 -0.60631531604337974 1.17976800211045 0.06472089210630276 1.4634720665243601 -1.6264172963700605 1.0332201840986603 2.6636717763212521 -1.6264172963700605 1.3504548344195155 -0.40508591749695272 0.91767364430924314 1.3156410586167941 -0.27582429511803336 -0.14766467220382987 -0.4027682793202903 -0.42539904491439068 -0.011552942454124868 -0.14766467220382987 0.97646373688526711 -0.42820906759540006 -0.39784441196840931 0.33311807327612236 -0.35467843929930776 -0.34422657263485096 -0.52438976555377581
decision_type=2 2 2 2 2 2 2 2 2 2 2 2 2 2 2 2 2 2 2 2 2 2 2 2 2 2 2 2 2 2
left_child=1 2 3 9 11 -6 8 -8 10 -1 -7 12 -4 -12 15 16 17 19 -19 20 -5 -16 23 24 25 -23 27 -26 -29 -25
right_child=-2 -3 4 14 5 6 7 -9 -10 -11 13 -13 -14 -15 21 -17 -18 18 -20 -21 -22 22 -24 29 26 -27 -28 28 -30 -31
leaf_value=0.043095399312885217 -0.062035631851605592 0.02718972070203346 -0.046479145366648607 -0.0097965163894804773 -0.031493725742796984 -0.0075555257858713511 0.050348311197181653 -0.016217641424303608 -0.043588792899767553 -0.050689463789843195 0.067107071854850361 -0.045738800928048357 0.058842703671995317 0.012440981259389685 0.0076597073890617914 -0.076647561350209115 -0.056124936402939113 0.045346887112215184 -0.038035670381129337 -0.029677021120779325 0.067230755656896041 -0.018185231073738591 0.043184802412402787 -0.013824400234398399 -0.044454085991661445 0.054609501516640728 0.021218740496783104 0.039743203156498687 -0.017871236970853036 0.0058286062242449838
leaf_weight=0.85318702645599831 1.9212354104965914 9.8377383500337583 0.58995555154979218 23.169580398127433 12.549680227413772 6.9581619389355236 8.9896136629395169 2.0393322035670272 2.6454378440976134 6.9480145433917633 2.8737569265067577 0.64768981561064709 7.1676819217391294 5.0415174700319767 112.14556975662708 2.0607486534863702 3.5721221184357992 7.2485675401985645 2.0320780361071211 14.812357073649766 3.4832218419760492 5.0094997324049473 4.3326683747582129 31.411442808806896 15.043941080570219 7.4218693561851961 8.0695977900177223 4.4425571449100891 59.319925321266062 118.58983445353806
leaf_count=15 13 749 5 303 148 58 254 22 12 180 24 9 362 35 869 25 53 81 22 100 30 79 145 229 59 59 52 27 312 732
internal_value=1.29409e-05 0.000256571 -0.000296043 -0.00143884 0.00962995 0.00272497 0.0177676 0.0380398 0.00500528 -0.0404326 0.0136484 0.0433916 0.0508332 0.0322883 -0.000718274 -0.00956773 -0.00702282 -0.0035664 0.0270896 -0.0104277 0.000270083 0.000645692 -0.0024555 -0.00324867 -0.0107433 0.0252752 -0.0158973 -0.0196979 -0.013857 0.00171311
internal_weight=491.229 489.307 479.47 429.967 49.5028 41.0975 28.5478 11.0289 17.5189 7.8012 14.8734 8.40533 7.75764 7.91527 422.166 56.3787 54.3179 50.7458 9.28065 41.4652 26.6528 365.787 253.641 249.309 99.3074 12.4314 86.876 78.8064 63.7625 150.001
internal_count=5063 5050 4301 3372 929 553 405 276 129 195 117 376 367 59 3177 614 589 536 103 433 333 2563 1694 1549 588 138 450 398 339 961
is_linear=0
shrinkage=0.05


Tree=87
num_leaves=31
num_cat=0
split_feature=1 3 5 5 1 3 2 2 1 2 1 6 5 7 3 3 5 1 1 4 6 6 1 2 3 3 1 5 0 3
split_gain=2.78804 2.98317 1.80979 1.86461 4.99994 7.40719 3.69801 2.72407 4.33663 3.38297 6.71288 5.86945 4.7671 5.89862 3.61144 5.40083 3.59667 3.45741 7.69336 4.48936 3.45322 3.95149 3.24244 4.50548 3.21141 2.9713 5.93909 7.13351 9.54006 4.27876
threshold=0.19676597085561209 2.2315840577081043 2.8119568026088237 1.0085710810042914 -0.46139035719728066 -0.60631531604337974 -0.40508591749695272 -0.011552942454124868 -0.14766467220382987 0.97646373688526711 -0.42820906759540006 -0.39784441196840931 -0.37465560615706867 -0.65290528935721359 -0.05217745825188428 -0.34296264902756451 -0.074604571328792904 -0.33507353398644818 -0.29917434832961837 0.58259423152186895 -0.14281459721210238 -0.18218261435523173 -0.23317771871060625 0.39403016175515826 1.1530267914191812 -0.1369135563535778 -0.3592266011235079 -0.39215172231017054 -0.66772822561250655 -0.97619779454302325
decision_type=2 2 2 2 2 2 2 2 2 2 2 2 2 2 2 2 2 2 2 2 2 2 2 2 2 2 2 2 2 2
left_child=2 -2 3 6 -5 -6 -1 24 9 10 11 -9 13 -12 15 -15 17 -11 -19 -20 21 -18 -14 -24 25 26 27 29 -29 -8
right_child=1 -3 -4 4 5 -7 7 8 -10 16 12 -13 22 14 -16 -17 20 18 19 -21 -22 -23 23 -25 -26 -27 -28 28 -30 -31
leaf_value=-0.012166466568564075 0.044342885797236192 -0.098333017288199154 -0.044221804314672812 0.044582449108756202 -0.030496697328094097 0.016231265916913058 -0.0095474975000655344 -0.017293941997249446 0.043862671902990494 -0.035171512560463518 -0.046210402351515696 0.053092645438440222 -0.026323857724045857 0.023917799210614762 0.03730001989217329 -0.048409657180198296 0.0067590483751458824 0.046476606722032104 -0.022509971253845407 0.034047673310437378 0.04053732808433691 -0.036115669825213949 0.068946380114393885 -0.023079035912113324 0.047546011912042989 -0.0017914782477140559 0.039227157753703702 -0.036284957729874411 0.047450102166437261 -0.075774998927267967
leaf_weight=65.510087677277625 5.3648045104928306 0.39322131872177113 2.3445995547808698 8.2512918189167959 12.266113871708511 27.482251030858606 10.59603900462389 5.0044287126511335 5.019962291698902 10.604257972910998 4.8860349431633976 7.2564596366137248 55.748077668249607 6.4779281169176102 9.5802912302315182 4.2905371785163933 92.650951826944947 6.4944720789790109 23.388353055343039 4.1279248446226111 7.0336923534050575 5.7049145121127358 2.2189647294580928 3.3201057463884354 4.7211100962012997 61.673282316885889 16.3505441499874 4.7422227375209358 12.031917663291095 3.1679823622107515
leaf_count=839 627 1 16 377 148 399 152 79 202 112 20 59 268 36 61 16 579 35 119 27 65 26 29 20 86 396 99 37 123 10
internal_value=1.2687e-05 0.0345994 -0.000399682 -0.000185896 0.00916379 0.00181129 -0.0012233 0.000729591 -0.00214796 -0.00307635 -0.0102612 0.0243635 -0.0151678 0.00312243 0.014968 -0.00490002 0.00165509 -0.0102443 -0.00247227 -0.0140253 0.00669253 0.0042722 -0.0226987 0.0137866 0.00717666 0.00542109 0.0149079 0.00188698 0.0237773 -0.0247907
internal_weight=488.703 5.75803 482.945 480.6 47.9997 39.7484 432.601 367.09 253.807 248.787 98.7828 12.2609 86.5219 25.2348 20.3488 10.7685 150.005 44.615 34.0107 27.5163 105.39 98.3559 61.2871 5.53907 113.283 108.562 46.8887 30.5382 16.7741 13.764
internal_count=5063 628 4435 4419 924 547 3495 2656 1753 1551 588 138 450 133 113 52 963 293 181 146 670 605 317 49 903 817 421 322 160 162
is_linear=0
shrinkage=0.05


Tree=88
num_leaves=31
num_cat=0
split_feature=6 3 2 2 7 7 1 3 5 1 0 0 2 5 3 1 2 4 4 2 2 5 5 6 5 5 4 5 5 1
split_gain=2.65964 2.19534 1.91932 1.8464 3.3647 3.89811 2.6617 3.6042 2.05497 2.31289 2.27385 2.04566 3.36376 6.75229 3.88832 5.96249 4.10234 3.99126 3.40523 3.22357 4.29997 4.64876 9.92223 3.93772 3.75244 3.31812 3.02141 2.93312 4.88806 3.91292
threshold=0.20202592781167614 0.95764588972932285 -0.046937685070953881 -0.99729033699712 0.51059439352411096 -0.8507282742077924 -0.46382645497508307 0.21292240435448043 -1.2068940709039884 -0.4358445192622965 -1.7995094254806314 -0.56286737773942452 1.0508001909799718 -0.40072811244689338 0.25994426689521632 -0.33507353398644818 0.33526351918818315 0.85872076455050717 0.39851002957302184 0.47619257875424831 -0.39880530760807087 -0.058535751475405538 -0.3105716138764702 -0.37505752923930619 0.55043069004549905 -0.28403385243543783 -0.24578499939545764 -0.46640686485422228 -0.43533496774531949 -0.39700389190752938
decision_type=2 2 2 2 2 2 2 2 2 2 2 2 2 2 2 2 2 2 2 2 2 2 2 2 2 2 2 2 2 2
left_child=3 -2 -3 4 5 -1 -6 -8 9 -5 -10 12 13 -12 19 -16 17 18 26 20 -15 22 -22 24 -23 -24 -17 -13 -29 -30
right_child=1 2 -4 8 6 -7 7 -9 10 -11 11 27 -14 14 15 16 -18 -19 -20 -21 21 23 25 -25 -26 -27 -28 28 29 -31
leaf_value=0.032687443112369291 0.052743480210482391 0.036939823543471258 -0.034292260327607557 -0.055393189380796765 0.0798246514236714 -0.038937780990259296 -0.017126035456776559 0.051831742229325031 0.032500408784151495 0.0042270737897431359 0.011569283805478784 -0.006725988749731124 0.0034059982610346404 -0.059145974979355656 0.051165735212280183 0.037380506066608893 -0.029832921761902543 -0.042361726707092345 0.06718114460952801 -0.050790348863967098 -0.052592255324624061 0.045400675222058817 0.068957350132994644 -0.045175547118535248 -0.039650296472101693 0.012926836288436964 -0.022451190891056964 0.062322314035279283 0.01912585206185978 0.0012077352790340365
leaf_weight=2.2214826643466941 4.324851372279225 1.8534585293382408 1.9307711464352904 3.4824116919189692 1.1358456132002164 13.110100260004403 7.984452552162109 2.4845150378532708 5.5510902581736437 3.0526580545119932 29.512561357114464 51.801179419271648 103.20773552590981 5.7001494048163286 4.4164570970460764 3.9116767761297497 14.67347467318177 3.140025643631815 2.9860904989764085 9.7090966328978521 5.1902925670146933 2.8221914805471924 3.7477258741855612 12.846915736794474 2.399496634490788 8.9582705665379745 4.5811975561082408 3.8830040004104367 40.270566352643073 125.18191077793017
leaf_count=16 435 124 43 126 98 277 112 109 49 48 239 577 723 47 51 49 83 24 36 40 24 30 22 50 15 54 27 30 625 880
internal_value=1.30813e-05 0.0284081 0.000596138 -0.000468667 -0.0131851 -0.0285596 0.00712663 -0.000760846 0.000290793 -0.0275434 0.000700021 0.000297855 -0.00314154 -0.00903842 -0.0161866 -0.00299096 -0.0111562 0.00759007 0.0212542 -0.0248448 -0.0187988 -0.0124041 0.0056585 -0.0302944 0.00631762 0.0294534 0.00510629 0.00368541 0.00687035 0.00556894
internal_weight=486.072 8.10908 3.78423 477.963 26.9364 15.3316 11.6048 10.469 451.026 6.53507 444.491 438.94 217.803 114.596 85.0831 33.7089 29.2925 14.619 11.479 51.3741 41.665 35.9649 17.8963 18.0686 5.22169 12.706 8.49287 221.137 169.335 165.452
internal_count=5063 602 167 4461 612 293 319 221 3849 174 3675 3626 1514 791 552 270 219 136 112 282 242 195 100 95 45 76 76 2112 1535 1505
is_linear=0
shrinkage=0.05


Tree=89
num_leaves=31
num_cat=0
split_feature=7 1 3 4 4 4 2 5 1 2 4 4 4 3 3 4 4 4 0 5 2 5 5 6 7 5 7 5 4 4
split_gain=2.67227 2.48414 2.90818 1.72225 18.591 15.0203 3.79047 3.12411 3.0606 3.14959 2.57943 23.3899 18.6786 3.78383 4.50538 2.88528 14.1974 14.0432 5.86456 4.54906 4.04159 7.00416 4.96893 6.12065 4.90301 4.15304 4.06393 6.20814 4.03238 12.6948
threshold=3.8661535032793659 0.7864295468921777 2.2315840577081043 -0.24578499939545764 -0.15374285239996058 -0.33782723843310175 -1.1760400074157753 -0.97481373065111521 -0.15496332206069161 2.0589751712411388 0.30646788257752478 0.39851002957302184 0.21442564353988061 -1.0478272815207041 -0.60631531604337974 0.85872076455050717 0.95076291154600423 0.76667852551286308 0.68073494127378409 0.93742207714292702 -0.0049733233211756442 -0.31479814862358718 -0.10461843337997913 -0.31110365240049859 -0.67389352677565262 0.050414532736126907 -0.092592849949003728 -0.28845587842831838 1.2268893525324958 1.3189314995279926
decision_type=2 2 2 2 2 2 2 2 2 2 2 2 2 2 2 2 2 2 2 2 2 2 2 2 2 2 2 2 2 2
left_child=1 3 -3 5 -5 7 -6 -1 9 -9 12 -12 13 -8 -15 17 -17 18 19 20 25 24 -23 -24 -22 26 27 -13 -18 -30
right_child=-2 2 -4 4 6 -7 10 8 -10 -11 11 15 -14 14 -16 16 28 -19 -20 -21 21 22 23 -25 -26 -27 -28 -29 29 -31
leaf_value=-0.034375540688255046 -0.05953859846045087 0.050661929912975523 -0.092329731575242838 -0.061793132194619176 -0.037879908775217672 0.06012605115544755 0.029922499710338776 -0.00095382160002551331 0.038675699079530029 0.053077257126033811 -0.066468235114462551 0.0029467120993607221 0.064156910916243148 -0.057703308626495781 -0.0014561551539027284 -0.061063415007552191 0.01738996419533342 0.061357540224143525 -0.057245695560187687 0.065617814708815267 -0.021747646957805133 -0.056451097201250904 -0.029962700236643453 0.014695501136907044 0.053947996369791529 0.061761865482270889 -0.031482173746490302 0.074696913337579829 -0.065066189146230954 0.0055545035528869269
leaf_weight=6.3438362628221503 1.876554550603031 3.9642811533994964 0.39061978459358204 12.599059776403008 6.3902240684255949 11.124523718841372 9.115683753974734 141.62856692820787 5.3246127082966259 2.7495240215212098 13.251437894999979 12.158454594202345 12.715201597195117 3.7336039077490559 76.641735719982535 9.7215575557202083 29.942546186037362 11.082377232145516 4.0613733343780032 2.9202734166756263 3.1014526425860822 6.4838717468082825 15.803515780717129 14.912234004586947 6.895384185947476 4.4733774941414586 4.8414818737655869 4.0087844915688065 7.6342018172144881 38.23446700675413
leaf_count=109 13 547 1 128 168 243 112 1417 144 23 84 88 151 15 438 97 265 170 69 21 42 30 76 84 48 35 24 32 69 320
internal_value=1.20416e-05 0.000243769 0.0378361 -9.87987e-05 -0.00230044 0.00399341 0.000213795 -8.27238e-06 0.00144808 7.51416e-05 0.00104821 -0.00240436 0.00745051 -0.000606536 -0.00406895 0.00241162 -0.00417719 0.00862215 0.00128557 0.00443003 0.00197146 -0.00669228 -0.0166775 -0.00828153 0.0304639 0.0180179 0.00870357 0.0207377 0.00311754 -0.00619933
internal_weight=484.125 482.248 4.3549 477.893 310.722 167.171 298.123 156.047 149.703 144.378 291.733 189.527 102.206 89.491 80.3753 176.275 85.5328 90.7426 79.6602 75.5988 72.6786 47.1965 37.1996 30.7157 9.99684 25.4821 21.0087 16.1672 75.8112 45.8687
internal_count=5063 5050 548 4502 2566 1936 2438 1693 1584 1440 2270 1554 716 565 453 1470 751 719 549 480 459 280 190 160 90 179 144 120 654 389
is_linear=0
shrinkage=0.05


Tree=90
num_leaves=31
num_cat=0
split_feature=7 1 3 5 3 3 7 2 4 3 2 2 0 4 3 0 0 2 7 3 1 0 6 3 1 1 2 0 3 7
split_gain=2.43514 2.37977 2.50953 1.73422 3.92554 5.92603 3.36726 3.00198 3.26431 2.62102 2.29169 2.29207 2.23548 2.22945 3.00167 1.87615 2.4712 1.50827 3.41969 3.47054 3.23124 4.67644 3.13575 4.10955 3.10954 6.16329 2.92832 2.91833 5.27963 2.52413
threshold=3.8661535032793659 0.19676597085561209 2.2315840577081043 1.0085710810042914 -1.2294918527492065 -0.57370105423428386 1.17976800211045 -1.1760400074157753 -2.362754472334037 1.4634720665243601 -2.2321032813063439 1.1956225056939336 0.06472089210630276 -0.52191153242409583 -1.1222561098107391 -0.34922093074669763 -0.7820017647453148 -0.40508591749695272 0.91767364430924314 1.3156410586167941 -0.27582429511803336 -0.5347122480721701 -0.33979807070639878 0.53823247444232991 -0.4027682793202903 -0.42539904491439068 -0.4861879276598377 -0.55700999937615348 -0.12517852798265719 -0.84942161351248091
decision_type=2 2 2 2 2 2 2 2 2 2 2 2 2 2 2 2 2 2 2 2 2 2 2 2 2 2 2 2 2 2
left_child=1 3 -3 7 10 13 9 8 -1 15 -5 -12 -8 -6 -15 16 -7 18 19 20 24 -22 -23 -24 25 26 29 -26 -29 -9
right_child=-2 2 -4 4 5 6 12 17 -10 -11 11 -13 -14 14 -16 -17 -18 -19 -20 -21 21 22 23 -25 27 -27 -28 28 -30 -31
leaf_value=0.062987971552822555 -0.057098748180613661 0.043789910760180177 -0.088596439526929083 -0.065852674368749614 -0.035817510674942842 0.0090128708836675984 0.052003272331933852 -0.02823814182648085 -0.043385244418141865 -0.042319333906726417 0.061347768378039957 -0.07273601561809899 -0.0099810261363928905 0.04848107424218609 -0.03103030728807827 -0.012001291306007916 0.066553167551652262 0.00060909795472003671 -0.071366240452180582 -0.054689009700386128 0.073225284824895209 -0.060490987249208719 0.054544869560962134 -0.031774601082485018 -0.060524722080840136 0.06286592391055941 -0.05362319374482119 -0.033413847563491104 0.051618945511638259 0.010722925527681747
leaf_weight=0.80613564141094673 1.859352335333823 4.799882862251251 0.38681790232658375 0.43021777924150217 9.8606301285326463 6.2959529347717762 7.9932658788748068 5.9729794207960394 6.8467225022613993 2.6048933491110793 5.5696655227802685 0.33807045221328724 1.7782135680317877 2.2117589972913265 2.5618456304073325 5.0708947591483637 2.6519282031804323 361.21549826860428 2.0629807021468869 3.4006565092131487 3.1473319418728352 1.6432186793535946 3.2557280687615258 2.3918155459687114 4.5870409384369841 3.5219954904168871 3.0710998922586432 7.3001859616488209 2.4341157898306873 13.673937024548648
leaf_count=14 13 627 1 9 126 44 251 115 186 12 355 1 21 19 22 45 24 2654 25 53 35 10 44 39 18 30 35 62 20 153
internal_value=1.0642e-05 0.000232843 0.0339167 -0.000136754 0.00893839 0.00328112 0.0174302 -0.00114741 -0.0321801 0.0037383 0.0455613 0.0536748 0.0407234 -0.0222389 0.00580978 0.0122965 0.0260664 -0.000578822 -0.00817839 -0.00578216 -0.00252104 0.0222884 0.000299606 0.0179873 -0.00890552 0.00132203 -0.00821918 -0.0276448 -0.0121509 -0.00112187
internal_weight=479.745 477.885 5.1867 472.699 47.3673 41.0294 26.3951 425.331 7.65286 16.6237 6.33795 5.90774 9.77148 14.6342 4.7736 14.0188 8.94788 417.679 56.4631 54.4001 50.9994 10.4381 7.29076 5.64754 40.5614 26.24 22.718 14.3213 9.7343 19.6469
internal_count=5063 5050 628 4422 929 564 397 3493 200 125 365 356 272 167 41 113 68 3293 639 614 561 128 93 83 433 333 303 100 82 268
is_linear=0
shrinkage=0.05


Tree=91
num_leaves=31
num_cat=0
split_feature=6 3 2 5 4 4 4 2 6 7 2 2 1 2 1 4 4 4 4 1 5 1 0 5 5 4 5 5 2 3
split_gain=2.32419 2.02067 1.72204 1.4974 1.87105 17.2517 13.9418 3.23942 2.97859 4.01153 2.88794 2.6437 2.67721 7.32758 3.20319 2.62588 6.75723 21.5664 13.2345 3.76624 5.25081 3.67678 3.09933 4.28739 2.64437 4.08434 2.98334 5.12016 3.86217 4.89573
threshold=0.20202592781167614 0.95764588972932285 1.298548226536034 2.8119568026088237 -0.24578499939545764 -0.15374285239996058 -0.33782723843310175 -1.1760400074157753 -0.15205499317171395 -0.70462727521328905 -0.37888551563823947 2.0589751712411388 -0.46139035719728066 0.12335412001622294 -0.45780977284132413 1.0000000180025095e-35 0.30646788257752478 0.39851002957302184 0.21442564353988061 -0.3278342553295 -0.42593387081195272 -0.38101874696142085 0.35128180797695679 -0.40935775467923635 0.98480453059191408 1.2268893525324958 -0.25517261798024088 -0.28845587842831838 0.14572827953110773 0.49815041188695208
decision_type=2 2 2 2 2 2 2 2 2 2 2 2 2 2 2 2 2 2 2 2 2 2 2 2 2 2 2 2 2 2
left_child=3 -2 -3 4 6 -6 8 -7 9 -1 -10 12 13 -11 -14 19 18 -18 22 21 -21 -9 23 -17 26 -26 27 28 -19 -30
right_child=1 2 -4 -5 5 7 -8 15 10 11 -12 -13 14 -15 -16 16 17 24 -20 20 -22 -23 -24 -25 25 -27 -28 -29 29 -31
leaf_value=-0.039104581022737686 0.052619763248395394 0.01801970310994859 -0.068201798132521849 -0.040979784134616511 -0.061382647402799098 -0.036374730952360414 0.059789245685451908 -0.016668411298112085 -0.019606512779216392 0.036697477442715863 0.055199448088574334 0.051095686605397962 -0.041365137259435754 -0.067676519642721408 -0.00092395177268753288 -0.035932248276114215 -0.065697905453896352 -0.00072150882553155419 0.063564989296386543 0.023844603620664408 -0.039389721189660859 0.034656178874454581 0.03947289177343765 0.0073332608312239901 0.062014168778270443 -0.0080940219960535503 -0.0048333100304156695 0.066750673352083317 0.046665264746420104 -0.026190970185986946
leaf_weight=6.6574075715616337 3.8911665622144929 2.8718713922426109 0.72536363545805205 2.2656415929086497 11.974295198917387 6.0422159032896152 10.505065397359429 7.4175450801849365 1.8052617171779273 11.243590258061884 4.5220524081960312 2.546488723717629 5.1036804951727381 1.9772944748401631 120.54835488786921 6.6644991450011721 12.575928521342574 50.279895129613571 12.039779781363903 4.1379843167960653 15.887369284406304 6.5892301835119707 5.9694645246490827 40.660514764487743 4.4871065309271199 3.8683990277349949 97.990231115371003 3.6136625250801364 9.9957811124622804 2.997204447630792
leaf_count=91 435 161 6 16 127 168 236 64 24 433 102 21 77 7 965 40 82 527 141 35 74 38 54 228 42 25 667 34 105 38
internal_value=1.05192e-05 0.0276469 0.000633588 -0.000429463 -0.000233196 -0.00256455 0.00405307 -0.000146057 0.000260997 -0.00117453 0.0338564 0.00061105 -0.000314678 0.0210875 -0.00256657 0.000621548 0.00238773 -0.00247558 0.0162188 -0.0124121 -0.0263232 0.0074763 0.00552282 0.00124044 0.00211409 0.0295558 0.000723425 0.00886416 0.00555813 0.0298589
internal_weight=477.854 7.4884 3.59724 470.366 468.1 303.191 164.909 291.217 154.404 148.077 6.32731 141.419 138.873 13.2209 125.652 285.175 251.142 185.808 65.3343 34.0321 20.0254 14.0068 53.2945 47.325 173.232 8.35551 164.877 66.8865 63.2729 12.993
internal_count=5063 602 167 4461 4445 2489 1956 2362 1720 1594 126 1503 1482 440 1042 2194 1983 1520 463 211 109 102 322 268 1438 67 1371 704 670 143
is_linear=0
shrinkage=0.05


Tree=92
num_leaves=31
num_cat=0
split_feature=1 2 6 0 0 4 4 4 4 4 4 4 6 2 7 5 7 6 3 0 0 1 2 3 3 2 7 5 4 4
split_gain=2.18466 1.57231 1.99884 1.43651 3.43032 3.45243 1.40054 14.9719 12.4628 3.49853 11.3772 10.099 3.10851 3.87824 3.07765 2.69155 2.30094 3.11839 5.36237 3.35391 3.12763 2.63462 3.91483 2.89535 6.09745 7.56663 4.60632 6.16016 4.08686 3.92098
threshold=0.050524901405908443 -0.97995705049585646 5.7617034853152918 1.4965490463398712 1.9668001027168092 0.76667852551286308 0.85872076455050717 0.76667852551286308 0.95076291154600423 1.2268893525324958 1.1348471134948515 1.3189314995279926 -0.3008378233139663 -0.2371901505000206 -0.10487001606536688 -0.25517261798024088 -0.68018183137183863 -0.39433179566134463 -0.05217745825188428 -0.37140994613010209 1.2937303230180721 -0.46139035719728066 0.14572827953110773 -0.58162598827033074 -1.0970535034223874 -0.27567258358095698 -0.28791140180023561 -0.45594843354860759 -0.33782723843310175 -1.1662064693504284
decision_type=2 2 2 2 2 2 2 2 2 2 2 2 2 2 2 2 2 2 2 2 2 2 2 2 2 2 2 2 2 2
left_child=3 -2 -3 6 -5 -6 7 16 -8 10 12 -11 13 -10 -15 -14 17 -1 19 -19 -21 22 -18 24 25 28 27 -26 -23 -25
right_child=1 2 -4 4 5 -7 8 -9 9 11 -12 -13 15 14 -16 -17 21 18 -20 20 -22 23 -24 29 26 -27 -28 -29 -30 -31
leaf_value=-0.046842888830724072 -0.01456573820000546 0.051634247699438064 -0.053138390789250256 -0.048838197269158182 -0.040820551180237148 0.029435722835949897 -0.060694842564190311 0.060587713954796743 -0.029229306005158846 -0.063687340128038936 0.067316040873168184 0.0027948551445719158 0.013607376177601617 0.067192363910929309 -0.0024488917571992967 -0.041147673924856437 0.026688252962126333 0.056818305806985894 -0.037309041746654649 -0.033012308437077885 0.037819385017327539 -0.054070378278833611 -0.03833952390284262 0.022101405359070622 -0.041659587867492631 0.024824522840926413 -0.048232900660844139 0.04438904895766746 0.020703161853837027 -0.0001686248388973516
leaf_weight=5.9306329432874945 1.6459189997985957 4.7043520640581837 0.50398929882794608 5.0743811260908824 2.7259801719337702 4.8770929975435138 9.1988648092374188 10.367964342236517 3.2200912237167385 6.792356031946837 7.5635426249355069 35.922473361715674 3.2921276483684778 3.76649356260896 2.7409235462546331 7.0519090974703431 17.646167326252911 3.685406848788265 7.3607295542024049 3.6880710795521736 2.6989988312125206 6.2907609250396508 2.6638831272721282 21.445965710096061 4.4408423472195864 16.661631133407354 14.067137548699973 3.9122395385056752 2.5755787696689367 252.13304549269378
leaf_count=158 62 611 15 196 61 46 84 163 31 60 100 295 28 35 16 33 546 30 74 30 25 102 14 202 23 121 83 28 23 1768
internal_value=1.01566e-05 0.0280337 0.0414958 -0.000400452 -0.0170017 0.00424628 6.19823e-05 0.0013385 -0.00596478 0.00119165 0.0150541 -0.0077769 -0.00463971 0.0156511 0.0378595 -0.0237211 -0.000343567 -0.0155244 -0.00487004 0.0188356 -0.0030808 0.000694007 0.0181592 -0.000409222 -0.0117428 0.00496694 -0.0307687 -0.00135795 -0.0323494 0.00157713
internal_weight=474.65 6.85426 5.20834 467.795 12.6775 7.60307 455.118 375.569 79.5488 70.3499 27.6351 42.7148 20.0715 9.72751 6.50742 10.344 365.201 23.3638 17.4332 10.0725 6.38707 341.837 20.3101 321.527 47.9482 25.528 22.4202 8.35308 8.86634 273.579
internal_count=5063 688 626 4375 303 107 4072 3390 682 598 243 355 143 82 51 61 3227 317 159 85 55 2910 560 2350 380 246 134 51 125 1970
is_linear=0
shrinkage=0.05


Tree=93
num_leaves=31
num_cat=0
split_feature=6 3 2 5 7 4 4 4 2 6 7 2 4 4 4 4 1 5 1 3 3 7 7 0 6 6 0 6 6 5
split_gain=2.12428 1.92378 1.57914 1.33112 1.7306 1.37148 16.3124 13.4546 3.90614 2.77269 3.49217 2.721 2.37335 6.28645 20.1528 12.432 3.45117 4.73709 3.32055 2.85434 3.28181 4.77495 3.63875 4.29364 6.28325 4.2379 3.75632 2.84247 2.50396 2.41414
threshold=0.20202592781167614 0.95764588972932285 -0.046937685070953881 2.8119568026088237 2.8172860743137966 -0.24578499939545764 -0.15374285239996058 -0.33782723843310175 -1.1760400074157753 -0.15205499317171395 -0.70462727521328905 -0.37888551563823947 1.0000000180025095e-35 0.30646788257752478 0.39851002957302184 0.21442564353988061 -0.3278342553295 -0.42593387081195272 -0.38101874696142085 -1.0478272815207041 -0.39325567783540732 -0.57676508175750696 -0.38746261352427119 -0.75876158661485649 -0.27719307331990628 -0.28449672797605269 -0.59950302994564553 -0.39231552863354918 -0.28591042456503185 0.98480453059191408
decision_type=2 2 2 2 2 2 2 2 2 2 2 2 2 2 2 2 2 2 2 2 2 2 2 2 2 2 2 2 2 2
left_child=3 -2 -3 4 5 7 -7 9 -8 10 -1 -11 16 15 -15 19 18 -18 -10 27 -21 -22 25 28 -25 -23 -27 -14 -24 -16
right_child=1 2 -4 -5 -6 6 8 -9 12 11 -12 -13 13 14 29 -17 17 -19 -20 20 21 22 23 24 -26 26 -28 -29 -30 -31
leaf_value=-0.038063628968361851 0.052502158007612855 0.035951512032851567 -0.031106680108854257 -0.038842095119336568 0.036210882451833556 -0.061100573318334905 -0.04215776307828438 0.059353274710053416 -0.015762803081143719 -0.019219734243255179 -0.00021523918467721036 0.053949726416141847 0.0037450548941939618 -0.064880194533773541 0.0006986161093237278 0.06279130890021091 0.022693048067998503 -0.037524182031733251 0.033178529628727159 -0.038827348189163995 -0.037685618823486117 0.067510937324260417 0.054527017419283265 -0.031795557306622001 0.03634169310401679 -0.026162884083078 0.04747790497804609 0.073123554327490375 -0.0039201450448413293 0.028588524312634811
leaf_weight=6.3769054440781465 3.6427320796065024 1.6688441946171226 1.8524275417439637 2.2419911930337539 3.2366536571644238 11.414257614873348 5.4296123078092924 10.019326748093588 7.3364328630268574 1.7990153026767073 137.63670056220144 4.3258310789242378 2.964070544578135 12.046767611056564 163.17085117707029 11.544206483755259 4.1153473192825922 15.82370032183826 6.5689678862690908 4.5722313467413178 5.5075460709631434 5.4150412604212761 4.7504230290651321 12.256148973479865 4.6735977865755691 3.6776663940399885 3.2726297117769665 2.9413751587271681 2.9832969978451684 8.1464335210621339
leaf_count=91 435 124 43 16 38 127 164 235 64 24 1472 101 43 82 1371 141 35 74 38 19 29 31 30 57 32 19 21 22 18 67
internal_value=8.41715e-06 0.0270276 0.000674359 -0.000408528 -0.00022202 -0.000479057 -0.00248117 0.00325384 -0.000151417 -0.000489896 -0.00189116 0.0324581 0.00065804 0.00235352 -0.00237074 0.0157718 -0.0117619 -0.0250956 0.00735728 0.00553291 0.00142517 0.00575191 0.0122127 0.00111447 -0.0129857 0.0343487 0.00851176 0.038301 0.0319809 0.00202483
internal_weight=471.411 7.164 3.52127 464.247 462.005 458.768 298.611 160.158 287.196 150.138 144.014 6.12485 281.767 247.922 183.364 64.5582 33.8444 19.939 13.9054 53.014 47.1086 42.5364 37.0288 24.6635 16.9297 12.3653 6.9503 5.90545 7.73372 171.317
internal_count=5063 602 167 4461 4445 4407 2484 1923 2357 1688 1563 125 2193 1982 1520 462 211 109 102 321 256 237 208 137 89 71 40 65 48 1438
is_linear=0
shrinkage=0.05


Tree=94
num_leaves=31
num_cat=0
split_feature=6 3 3 3 2 2 2 3 2 3 7 6 6 0 5 1 3 3 0 3 7 2 2 7 0 7 5 0 2 4
split_gain=1.97245 1.85432 1.62857 1.39527 1.30138 2.75143 1.78614 7.16676 4.74738 4.46595 3.15658 2.45518 5.11473 3.8382 2.44691 2.30489 2.15541 2.20302 5.29489 4.41485 4.77741 3.93154 3.44449 3.77158 3.02161 4.25995 4.18105 3.70766 2.82658 2.79186
threshold=0.20202592781167614 0.95764588972932285 0.97837290288751211 1.6177040225510992 2.0589751712411388 2.3768788169919026 1.7383792152987647 0.59706004994134887 1.5869265971197628 -0.033736660193909564 1.0000000180025095e-35 -0.27387926193661766 -0.29036448778848489 -0.138302553696694 0.46418471707581538 -0.33406006357542656 1.7669070551809316 0.31008490777959319 -1.438978628198343 0.33812712039616932 -0.45061788046432111 0.39403016175515826 0.97646373688526711 -0.59704554463265225 -0.3209887187422133 -0.68018183137183863 -0.73692120443548736 -0.57764022232397849 0.14572827953110773 -0.24578499939545764
decision_type=2 2 2 2 2 2 2 2 2 2 2 2 2 2 2 2 2 2 2 2 2 2 2 2 2 2 2 2 2 2
left_child=4 -2 -3 -4 6 -6 8 9 16 14 -11 12 13 -10 -8 -9 17 -1 -19 20 -20 24 -23 -24 26 -26 -21 29 -27 -28
right_child=1 2 3 -5 5 -7 7 15 11 10 -12 -13 -14 -15 -16 -17 -18 18 19 21 -22 22 23 -25 25 28 27 -29 -30 -31
leaf_value=-0.0028092780777897344 0.052199412483463985 -0.093048240327641391 0.050718843901124903 -0.016954194272042904 0.036654865894810124 -0.024670660520949586 0.044545358186241973 -0.028546049942137559 0.050633606296656933 -0.045289111591728444 0.0018673905216600177 0.067479428017684112 -0.047116223839586809 -0.024354221935237702 -0.016913958080396647 0.058855846170186847 -0.028630140000986955 0.061139351791722286 -0.013733112914490831 -0.064592668290271257 0.072743771610858529 -0.02365310649416762 0.055943281934289837 -0.0029309702507345509 -0.062035978132954354 -0.00018369565885213463 0.053102759706437512 0.063379082601960235 0.063195768814166622 0.003518314600098309
leaf_weight=284.69545224076137 3.4846689286641768 0.4093813034705821 1.3697313498705628 1.7157533946447072 6.224989887326954 2.5899988082237542 3.1974123306572499 0.9259207323193549 7.5400258870795351 15.320909753441812 4.6184998676180831 3.0647482546046367 2.4527865201234809 2.2055716589093208 3.281696505844593 4.0697852564044288 6.9046809994615606 4.1082281088456503 2.4834430087357759 1.2135716229677225 4.474924831185489 20.948199498467147 2.9244000869803122 38.972234403714538 2.5377475656568995 14.335122813237836 3.8980908645317003 6.156413892284033 2.0052281222306183 10.447201185859738
leaf_count=2658 435 4 99 64 55 18 27 7 74 67 26 34 14 10 17 83 102 57 14 20 38 140 31 276 30 300 95 114 33 121
internal_value=8.03892e-06 0.0263896 0.000655179 0.0130877 -0.000390861 0.0186363 -0.000761293 -0.0122627 9.6171e-05 -0.0226478 -0.0343664 0.0274718 0.0174202 0.0336628 0.013416 0.0426565 -0.000932719 -0.000453656 0.00540317 0.00332904 0.0418802 0.000735676 -0.00709869 0.00117847 0.0128645 -0.00176623 0.0255836 0.0309215 0.007594 0.0169921
internal_weight=468.577 6.97953 3.49487 3.08548 461.597 8.81499 452.782 31.4142 421.368 26.4185 19.9394 15.2631 12.1984 9.7456 6.47911 4.99571 406.105 399.2 114.505 110.397 6.95837 103.438 62.8448 41.8966 40.5934 18.8781 21.7153 20.5017 16.3404 14.3453
internal_count=5063 602 167 163 4461 73 4388 227 4161 137 93 132 98 84 44 90 4029 3927 1269 1212 52 1160 447 307 713 363 350 330 333 216
is_linear=0
shrinkage=0.05


Tree=95
num_leaves=31
num_cat=0
split_feature=1 2 7 1 0 1 7 4 0 4 4 4 4 4 4 4 1 5 1 5 2 4 4 4 0 2 5 5 5 6
split_gain=1.90438 1.32316 3.96556 2.39007 2.5549 2.52657 2.35964 2.28115 1.61701 1.48376 8.2981 13.0889 8.13242 6.33178 18.956 11.4712 2.90428 4.33383 3.02943 2.81465 2.55637 2.46935 12.6211 12.3995 5.48077 3.44828 4.9914 6.63932 4.68131 4.37829
threshold=-0.02267143345338191 -1.1760400074157753 0.70558628020151504 -0.46382645497508307 -0.5405946855222592 -0.44504841469390521 1.6360648057523108 -1.6264172963700605 -2.0163870292292185 1.0000000180025095e-35 -0.24578499939545764 -0.33782723843310175 -0.15374285239996058 0.30646788257752478 0.39851002957302184 0.21442564353988061 -0.3278342553295 -0.42593387081195272 -0.38101874696142085 -0.97481373065111521 2.0589751712411388 0.85872076455050717 0.76667852551286308 0.95076291154600423 0.68073494127378409 -0.0049733233211756442 -0.25517261798024088 -0.10461843337997913 0.050414532736126907 -0.21679873525276261
decision_type=2 2 2 2 2 2 2 2 2 2 2 2 2 2 2 2 2 2 2 2 2 2 2 2 2 2 2 2 2 2
left_child=1 2 7 -4 -5 -6 -7 -1 -3 10 11 19 -12 15 -15 -11 18 -18 -14 -10 -21 22 24 -23 25 28 -27 -28 -16 -29
right_child=-2 8 3 4 5 6 -8 -9 9 13 12 -13 16 14 21 -17 17 -19 -20 20 -22 23 -24 -25 -26 26 27 29 -30 -31
leaf_value=0.04248616399009409 0.024032501698367965 0.047498588834574848 0.09262626257309628 -0.068148735392479384 -0.03972636629188854 -0.032332766358542472 0.058690683130835634 -0.055187836240290944 -0.041430409173779485 0.0062804690911784228 -0.060772060169807608 0.059192265936067558 -0.014956318879172282 -0.063863492387852508 0.0080805181463917495 0.062103827258395139 0.022845266910272801 -0.03438770910790049 0.031835052573416053 -0.0012985704436295003 0.048391620619672414 -0.059999246872467028 0.060536512781659127 0.0024305010632931475 -0.058039423025514805 0.026696462605218404 -0.062352494061279046 -0.010696056461611939 0.061393262591637944 0.043877259955515696
leaf_weight=0.66873806528747071 8.1078707431443018 1.7888140827417363 0.77057880256324995 1.1491550439968703 1.5526492688804858 0.94885183451697308 2.8523362502455711 5.6330752680078131 4.2992946319282046 53.25108799804002 10.518831362016497 9.4441851000301522 7.3286828827112913 11.705618258565663 20.713126694783572 11.125355777330695 4.1675401832908383 16.030830796808011 6.5514408200979179 135.59096963936463 2.6387132406234732 8.915365672670303 10.026903944090007 73.725105720572174 3.7484507150948039 10.452654229477046 5.6455219667404881 28.327931828796856 5.1392576247453681 4.2231309302151265
leaf_count=13 749 18 80 35 25 13 83 184 66 325 117 215 64 84 139 137 29 77 38 1279 25 97 162 624 60 82 27 146 41 29
internal_value=1.15048e-05 -0.000412868 -0.0157901 0.00936374 -0.000502541 0.0140171 0.0359694 -0.0448228 5.58608e-05 -0.000135465 -0.00337707 0.00218801 -0.022341 0.00244431 -0.00230872 0.0159277 -0.0104787 -0.0225788 0.00712928 -0.00158918 -0.000350018 0.00190698 0.00772187 -0.0043045 0.000954241 0.00392243 -0.0039191 -0.0122972 0.0186787 -0.00361579
internal_weight=467.042 458.934 13.5754 7.27357 6.50299 5.35384 3.80119 6.30181 445.359 443.57 196.57 151.973 44.5973 247 182.623 64.3764 34.0785 20.1984 13.8801 142.529 138.23 170.917 88.277 82.6405 78.2501 74.5016 48.6492 38.1966 25.8524 32.5511
internal_count=5063 4314 433 236 156 121 96 197 3881 3863 1910 1585 325 1953 1491 462 208 106 102 1370 1304 1407 686 721 524 464 284 202 180 175
is_linear=0
shrinkage=0.05


Tree=96
num_leaves=31
num_cat=0
split_feature=1 3 4 4 4 4 4 4 4 4 4 4 3 6 1 3 5 1 0 6 6 3 1 7 2 2 3 1 0 4
split_gain=1.78761 2.40921 1.31447 2.4133 4.38298 6.47454 2.30314 13.8544 9.30778 4.56948 13.9532 7.8822 3.44367 4.60483 5.40265 3.85774 3.79992 6.04714 3.43633 2.94125 2.87201 4.88898 2.58398 2.54357 2.39085 2.1124 3.51634 6.08631 5.19959 3.07604
threshold=0.7864295468921777 2.2315840577081043 2.1473108224874662 1.871184381500975 1.7791422345054781 1.6870999954678338 1.2268893525324958 1.1348471134948515 1.3189314995279926 0.85872076455050717 0.76667852551286308 0.95076291154600423 -0.12929344388541192 -0.32628282707309852 -0.40669931392660036 -0.026878487343073316 -0.03016219410641437 -0.23142983651022844 1.6995613547709489 -0.3008378233139663 -0.34690230536733691 0.010155481456025706 -0.44882696580738807 -0.64446643903332756 1.0861092374434731 -0.011552942454124868 0.28646240215302016 -0.24606981199935551 -0.7820017647453148 0.58259423152186895
decision_type=2 2 2 2 2 2 2 2 2 2 2 2 2 2 2 2 2 2 2 2 2 2 2 2 2 2 2 2 2 2
left_child=2 -2 3 4 5 6 7 9 -8 10 18 -11 13 14 -10 -14 17 -17 25 20 21 22 -13 -21 -18 26 -1 -28 -29 -30
right_child=1 -3 -4 -5 -6 -7 8 -9 12 11 -12 19 15 -15 -16 16 24 -19 -20 23 -22 -23 -24 -25 -26 -27 27 28 29 -31
leaf_value=0.00052987872335370138 0.05056262606139135 -0.083295306257297141 -0.041130334999488642 0.036611076626911473 -0.067924522083626801 0.078394233331898572 -0.063519055920365969 0.067230545462674762 0.028946092699699957 -0.059319110714211282 0.060082466028862386 0.00024689152763858376 -0.065604949710226304 0.086380396920429189 -0.060805273950019757 0.064066719665780578 -0.052103404713446044 -0.031799717728475958 -0.044918527451988467 0.020460458679846104 0.051534849510647178 -0.062402541845339471 0.073689744830191306 -0.037038234516211306 0.0078001164321847422 -0.0034924541377770197 0.050245629170248031 0.039237015044617844 -0.0067484850429945526 -0.080446661261489416
leaf_weight=120.92518963711336 3.0674207573756571 0.37751466035842884 1.958796297200023 4.4372332245111457 2.3935295548290005 2.6128771700896314 7.2010237416252485 7.6343495547771445 6.4860167950391761 8.7867710553109664 9.6567474277690035 3.859970763325693 2.9756761067546931 2.2197628617286709 2.2613251935690633 3.9279930144548434 4.2555079553276265 2.830192759167403 4.3626111783087245 2.5630780262872577 3.5479739159345627 2.3893047608435154 1.7364205438643692 7.7065939335152489 2.7369347512722015 211.52802879037336 10.530465761665257 6.3095097192563143 10.311541554983702 1.6412059571594007
leaf_count=1409 547 1 33 41 29 30 77 111 74 105 170 51 13 16 12 26 32 38 149 25 32 9 14 40 17 1457 254 82 157 12
internal_value=1.02636e-05 0.0358937 -0.000258592 -8.37242e-05 -0.000442848 -8.47097e-05 -0.000542031 0.000498969 -0.0128776 -0.000756287 0.000758456 -0.0193384 0.000290521 0.0220649 0.00574396 -0.0139865 -0.00281614 0.0239198 -0.000808457 -0.0032262 0.0141026 -0.00252818 0.0230344 -0.0226879 -0.0286564 -0.000275759 0.00426893 0.0199724 0.00251609 -0.0168678
internal_weight=463.232 3.44494 459.787 457.828 453.391 450.997 448.384 413.49 34.8944 405.855 375.265 30.5901 27.6934 10.9671 8.74734 16.7263 13.7506 6.75819 365.609 21.8033 11.5337 7.9857 5.59639 10.2697 6.99244 361.246 149.718 28.7927 18.2623 11.9527
internal_count=5063 548 4515 4482 4441 4412 4382 4077 305 3966 3690 276 228 102 86 126 113 64 3520 171 106 74 65 65 49 3371 1914 505 251 169
is_linear=0
shrinkage=0.05


Tree=97
num_leaves=31
num_cat=0
split_feature=6 3 3 3 0 7 5 1 3 7 0 7 2 7 4 2 3 2 4 2 2 2 6 1 7 4 5 0 7 3
split_gain=1.73936 1.73676 1.47413 1.29381 1.23872 1.85021 1.45475 3.88534 7.17406 3.8596 3.54045 2.83601 2.7184 2.85802 3.02746 2.66067 2.54003 2.15321 2.19079 2.11249 1.58023 4.89333 1.59268 5.55241 4.67285 4.42316 3.12871 2.32828 2.22222 5.69789
threshold=0.20202592781167614 0.95764588972932285 0.97837290288751211 1.6177040225510992 -2.0163870292292185 3.047394467177694 0.93742207714292702 -0.46139035719728066 -0.60631531604337974 1.17976800211045 0.06472089210630276 0.97407783099018419 -0.99729033699712 -0.8507282742077924 -2.5468387663250307 1.0508001909799718 0.22214829751752216 -2.0420442091667641 -1.6264172963700605 -0.16971278724649849 -0.88992128970837792 -0.76720904743073381 -0.39847156912677489 -0.44644579680684154 -0.8141417747390739 0.39851002957302184 0.32727077649447361 -1.0222867537475155 -0.19957569437762271 0.42743532865164818
decision_type=2 2 2 2 2 2 2 2 2 2 2 2 2 2 2 2 2 2 2 2 2 2 2 2 2 2 2 2 2 2
left_child=4 -2 -3 -4 -1 6 12 17 11 15 -11 -9 13 -6 -15 19 -17 -8 -19 -10 -14 -22 24 -24 -23 26 27 -26 -25 -30
right_child=1 2 3 -5 5 -7 7 8 9 10 -12 -13 20 14 -16 16 -18 18 -20 -21 21 22 23 28 25 -27 -28 -29 29 -31
leaf_value=0.040153395878059835 0.052097401999978026 -0.088548382965439182 0.050642554207957491 -0.016406318403479975 0.029072101112756283 -0.038496524842213262 -0.055675323905897779 0.0050481534939965378 0.019438390954568695 0.058565492843074218 -0.019790922399754364 -0.049432872541864736 0.022289644512605702 0.055853295120395913 -0.039963674584236032 0.052149093532827089 -0.0030220883842126921 -0.045272014897442397 0.058654600487595722 -0.029214427493801921 -0.053430831861346034 -0.051079899934655004 0.036638450967262363 0.0023885286723502762 -0.058280045515341765 0.034414172520401846 -0.074506831676593943 0.009320427456939678 -0.012872208055029314 0.011194217888872295
leaf_weight=1.8792080120183516 3.1802989775314918 0.40831733029335771 1.2771383938379588 1.6478035533800719 2.2269694879651061 3.1855708546936503 0.52101114951074112 3.4982096953317505 3.2317403806373477 7.0953065250068885 1.8092101905494926 7.5312006119638681 7.5011819079518309 0.89202194474637408 10.873602834530173 4.0476333908736688 4.3050665967166424 0.55364866834133852 6.0304656610824159 7.2057320773601585 4.379615399055182 5.9714721506461528 10.335621474310754 224.53710232628509 1.6223007924854753 6.0462745549157253 2.0764578450471163 5.9280803520232421 86.40544299967587 34.379866185132414
leaf_count=22 435 4 99 64 16 25 14 23 39 247 20 125 62 20 264 36 33 5 363 42 123 225 88 1650 15 115 15 92 416 366
internal_value=1.08569e-05 0.0256653 0.000446206 0.0128697 -0.000357152 -0.000525505 -0.000256111 0.00818529 0.00194926 0.0155305 0.0426451 -0.0321531 -0.00121565 -0.0228681 -0.0326992 0.00268112 0.0237133 0.0421727 0.0499156 -0.0141501 -0.000437164 -0.000883813 -0.000273863 0.000527533 -0.0134422 0.000897825 -0.0201526 -0.00520444 -0.00055328 -0.00602203
internal_weight=460.584 6.51356 3.33326 2.92494 454.07 452.191 449.005 45.8292 38.7241 27.6947 8.90452 11.0294 403.176 13.9926 11.7656 18.7902 8.3527 7.10513 6.58411 10.4375 389.183 381.682 377.303 355.658 21.6446 15.6731 9.62684 7.55038 345.322 120.785
internal_count=5063 602 167 163 4461 4439 4414 947 565 417 267 148 3467 300 284 150 69 382 368 81 3167 3105 2982 2520 462 237 122 107 2432 782
is_linear=0
shrinkage=0.05


Tree=98
num_leaves=31
num_cat=0
split_feature=1 1 1 0 3 4 6 2 2 1 0 3 5 0 4 4 4 1 3 2 0 1 6 6 6 6 2 2 0 3
split_gain=1.62982 1.50524 1.37216 1.81714 1.33253 1.28323 3.36712 3.57429 4.39103 4.00684 3.93196 3.54673 3.25304 3.17562 3.00343 14.0881 9.8682 2.89238 5.08577 2.82687 2.56289 3.82404 3.11896 2.51434 2.38102 2.15294 2.14146 6.36074 3.96474 5.6512
threshold=-0.02267143345338191 -0.038227101755426506 -0.11214803188208297 1.2438611282620182 1.9065080941201404 -0.89008012040608409 -0.19272153395928504 -0.096579260176932483 1.9363996917143325 -0.26845378018014682 -1.2632074522153121 0.5888303095777373 0.48308430622269627 -0.28741525763629017 -0.24578499939545764 -0.15374285239996058 -0.33782723843310175 -0.43925956003961947 -1.2294918527492065 -1.1760400074157753 0.75961552443556102 -0.46139035719728066 -0.39433179566134463 -0.36645276155110179 -0.36365944927428345 -0.31283735861622719 1.7383792152987647 1.5010059888074545 -0.27668454633655248 -0.25548320253589124
decision_type=2 2 2 2 2 2 2 2 2 2 2 2 2 2 2 2 2 2 2 2 2 2 2 2 2 2 2 2 2 2
left_child=1 2 4 -4 5 6 7 9 11 10 -1 23 24 -13 16 -16 20 18 -14 -17 21 -7 -23 -9 -12 -19 27 -21 29 -29
right_child=-2 -3 3 -5 -6 14 -8 8 -10 -11 12 13 17 -15 15 19 -18 25 -20 26 -22 22 -24 -25 -26 -27 -28 28 -30 -31
leaf_value=0.058989104682942689 0.022886482523241086 -0.043448148082384765 0.045129601312441425 -0.029851898289318446 -0.030280849510021763 0.054412605622134264 0.042882822616281915 -0.017927383591789262 0.028913949538568396 0.040129356594771626 -0.018300218641434458 -0.026774135230342323 0.036031352076677903 0.0391949997872241 -0.060198074506284588 -0.036734691598853154 0.05885628916653133 0.064302006609390505 -0.054535644859432554 0.0004300994008063024 -0.031654026426903653 -0.037443214261875558 0.0057656742651659267 -0.051218933653377541 -0.073474582508380626 -0.017077305782238792 -0.012330310350465494 -0.011954464784210181 -0.026583277631309785 0.058758057809165702
leaf_weight=2.1370338913984623 7.6557798660360268 2.0195398000068954 3.4125363933853796 1.0586925726383922 3.7152677774429312 3.8205715958029023 3.2726008724421254 10.27673150226474 4.0342764519155017 5.997446887195113 8.5201625609770399 3.9583206158131361 2.8553106943145439 3.3836924545466891 9.8920834045857173 4.9945814087986937 8.9130990374833328 2.8740777890197933 3.3909797165542841 225.44541077874601 4.8969097658991805 4.4545189831405869 66.896673806011677 12.656011246144773 2.5377909690141705 1.1331577263772423 26.280288010835648 3.7566960779950049 2.5128299221396437 11.398093042895196
leaf_count=18 749 32 119 12 40 210 40 61 28 43 91 37 133 37 125 165 215 102 55 1749 106 55 457 50 19 13 162 44 13 83
internal_value=1.01795e-05 -0.000378583 -0.000184636 0.0273756 -0.000462174 -0.000210557 -0.00658047 -0.00911947 -0.0200872 0.0036596 -0.0056683 -0.0266169 -0.0121519 0.00362887 0.000933306 -0.00157597 0.00894998 0.00813468 -0.0131356 0.000537439 0.0033945 0.00567767 0.0030681 -0.0363002 -0.0309627 0.0412897 0.00122847 0.00269416 0.0315844 0.0412292
internal_weight=458.151 450.495 448.476 4.47123 444.005 440.289 67.0276 63.755 34.309 29.446 23.4485 30.2748 21.3115 7.34201 373.262 284.28 88.9818 10.2535 6.24629 274.388 80.0687 75.1718 71.3512 22.9327 11.058 4.00724 269.393 243.113 17.6676 15.1548
internal_count=5063 4314 4282 131 4151 4111 727 687 213 474 431 185 413 74 3384 2341 1043 303 188 2216 828 722 512 111 110 115 2051 1889 140 127
is_linear=0
shrinkage=0.05


Tree=99
num_leaves=31
num_cat=0
split_feature=6 3 3 3 7 7 6 0 3 7 5 1 3 7 0 2 7 4 2 3 2 4 2 7 2 2 0 7 1 4
split_gain=1.55867 1.66361 1.33897 1.22851 1.22552 1.57092 1.95811 1.67055 2.53043 1.61186 1.43999 3.5516 6.37813 3.56244 3.5712 3.25177 2.71835 2.52296 2.41077 2.35734 2.001 2.02661 1.90911 1.75666 1.46765 4.25443 2.1002 1.36551 1.52749 5.53195
threshold=0.20202592781167614 0.95764588972932285 0.97837290288751211 1.6177040225510992 -0.85083716259906828 -0.85078271840343034 -0.31564561411700159 -1.7995094254806314 -1.0478272815207041 3.047394467177694 0.93742207714292702 -0.46139035719728066 -0.60631531604337974 1.17976800211045 0.48068473414009921 -0.99729033699712 0.97407783099018419 -2.5468387663250307 1.0508001909799718 0.22214829751752216 -2.0420442091667641 -1.6264172963700605 -0.16971278724649849 -0.85056494162087837 -0.88992128970837792 -0.76720904743073381 1.1992588846131529 1.9465872755734959 -0.25595609206908226 -1.1662064693504284
decision_type=2 2 2 2 2 2 2 2 2 2 2 2 2 2 2 2 2 2 2 2 2 2 2 2 2 2 2 2 2 2
left_child=4 -2 -3 -4 -1 6 -6 8 -7 10 15 20 16 18 -15 17 -13 -9 22 -20 -12 -22 -14 -19 -17 -26 27 28 -27 -30
right_child=1 2 3 -5 5 7 -8 9 -10 -11 11 12 13 14 -16 24 -18 23 19 -21 21 -23 -24 -25 25 26 -28 -29 29 -31
leaf_value=-0.029040478783860804 0.051737665693188745 -0.084763692459955506 0.05026020537837559 -0.016090307081210242 0.001236607983306783 0.072612998525376837 0.075564997787245639 0.053854834509719889 0.00158955187211286 -0.036299301057668841 -0.053508312546851601 0.0051366838566414257 0.018674805422863882 0.051225640942315048 -0.071399564881127808 0.021318675873686237 -0.048903344650969349 0.021042086031301935 0.050935207375467223 -0.0026467832201990272 -0.043697177130490455 0.058197028748269486 -0.027660775272451622 -0.041391724884284151 -0.052229381264561385 -0.0015158163116868852 -0.032048161098323716 -0.029314265927202411 0.052850646282325289 0.002647750390005857
leaf_weight=3.6876472523435941 2.9906330918893209 0.40681257424876127 1.2161933779716494 1.636211415287107 2.0961653087288146 1.9597676028497515 1.5348704494535912 0.88357798010110755 3.4828162719495586 3.1583807524293652 0.51103924913331855 3.4823804069310409 3.2227772511541843 7.7970174208749068 0.64267759770154942 7.4741008952260009 7.0145643623545766 1.277535956352948 3.9294394347816688 4.2978490833193064 0.53395498171448696 5.6687316396273664 7.1659428644925409 9.5391880311071855 4.0181728396564713 274.36609233962372 5.2000614567659786 3.9411489926278582 5.9101759963668874 76.695746945217252
leaf_count=75 435 4 99 64 41 27 12 20 28 25 14 23 39 264 3 62 125 15 36 33 5 362 42 252 116 1790 133 23 101 795
internal_value=9.89738e-06 0.0248077 9.69708e-05 0.0121999 -0.000334898 -9.7448e-05 0.0326559 -0.000366412 0.0271637 -0.000709495 -0.000450239 0.00809507 0.00210672 0.0149418 0.0418878 -0.00142189 -0.0309755 -0.0273819 0.00272564 0.0229445 0.0415903 0.0494255 -0.0132866 -0.0340178 -0.000617506 -0.00106047 -0.000498876 -4.43117e-05 0.000278843 0.0062396
internal_weight=455.742 6.24985 3.25922 2.8524 449.492 445.804 3.63104 442.173 5.44258 436.731 433.572 44.2664 37.5526 27.0557 8.4397 389.306 10.4969 11.7003 18.616 8.22729 6.71373 6.20269 10.3887 10.8167 377.605 370.131 366.113 360.913 356.972 82.6059
internal_count=5063 602 167 163 4461 4386 53 4333 55 4278 4253 946 565 417 267 3307 148 287 150 69 381 367 81 267 3020 2958 2842 2709 2686 896
is_linear=0
shrinkage=0.05


Tree=100
num_leaves=31
num_cat=0
split_feature=6 6 3 1 3 2 3 1 7 3 2 3 3 1 4 2 0 0 0 6 7 7 1 7 1 2 1 3 3 3
split_gain=1.48334 1.98912 1.97909 1.75391 1.32575 5.20807 4.79132 3.80817 4.2232 2.8191 2.81799 2.79047 2.4736 4.6155 4.21302 3.45184 2.46593 5.82893 2.423 2.26605 2.17204 2.83895 2.135 3.70383 3.54506 3.47912 3.10152 4.27325 5.6049 3.32229
threshold=1.0000000180025095e-35 -0.029339383243277305 1.9065080941201404 -0.34461165077441941 0.90994376042672809 1.6724426746176546 0.68286303115078406 -0.17662062535059755 0.26012387149161126 0.60361343170493675 -0.4593602482013544 0.5557588230369781 0.42743532865164818 -0.2920473581695896 -0.52191153242409583 0.47619257875424831 -0.57764022232397849 -0.79169611427910169 -1.309402340048617 -0.32907372651871886 -0.33018731971312248 0.11832396395250776 -0.28060790940264996 -0.66153469436583257 -0.2949122127224057 -0.070097782078057433 -0.31776246500554212 0.33172614179636356 0.32136272665916715 -0.34296264902756451
decision_type=2 2 2 2 2 2 2 2 2 2 2 2 2 2 2 2 2 2 2 2 2 2 2 2 2 2 2 2 2 2
left_child=1 4 3 -2 6 7 9 8 18 11 -9 12 22 19 -15 -16 17 -13 -6 -14 -8 -22 24 25 26 -24 27 28 -1 -28
right_child=2 -3 -4 -5 5 -7 20 10 -10 -11 -12 16 13 14 15 -17 -18 -19 -20 -21 21 -23 23 -25 -26 -27 29 -29 -30 -31
leaf_value=-0.0028846683996114897 -0.043550294364392825 -0.039675760343354932 -0.042690967600250949 0.02831842084396613 0.043668926600034796 0.057621628388911994 -0.058858952487668419 -0.021342774102667564 0.02761866149290871 0.030496157495377964 0.049854110710923612 0.0019384001218403658 0.0037639338551652929 -0.052349911153098498 0.042645019533269671 -0.015871574362918656 0.0090986979477125831 -0.087894481072749719 -0.016439275800008871 0.052910328515206273 0.01894087254574757 -0.048553121832253833 0.029678035714300555 0.013668669294765493 -0.02669001918188485 -0.044474701240029016 0.063861705545215239 -0.036225747174213528 0.069733685689456676 0.0082897112041339354
leaf_weight=227.99902210873552 0.91952462866902251 3.214166644960641 1.2765136351808894 11.05640060524456 1.7819402059540141 4.6844431590288869 4.8177651334553957 1.794962028507143 8.1826676886994374 7.3139119362458578 6.1574563761241725 3.6400355212390423 3.3092708815820506 3.4462503385730079 4.7596689807251078 5.3562653511762619 3.3835586728528124 3.5834132209420204 28.357833911664788 8.0530869988724607 3.1769356634467822 3.0573552427813411 2.1999224699102342 44.232306321151555 14.911179570481179 5.6298740725032976 3.0572173632681396 9.5175396176055056 2.6884764847345641 22.358335295692086
leaf_count=2352 6 39 12 704 21 100 36 42 214 77 227 27 33 18 56 33 27 15 228 80 22 19 35 289 71 38 25 66 23 128
internal_value=9.99682e-06 -0.000485677 0.016492 0.0228003 -0.000197728 0.00738271 -0.00119722 0.00229698 -0.00423701 -0.000242051 0.0337841 -0.000852757 -0.000102935 0.0150896 -0.0046045 0.0116612 -0.0261262 -0.042626 -0.0128855 0.0385965 -0.0336443 -0.0141588 -0.00124146 0.00805767 -0.00296722 -0.0236402 -0.00163549 -0.00339295 -0.00203836 0.0149744
internal_weight=453.917 440.665 13.2524 11.9759 437.451 50.9593 386.491 46.2749 38.3224 375.439 7.95242 368.125 357.518 24.9245 13.5622 10.1159 10.607 7.22345 30.1398 11.3624 11.0521 6.23429 332.594 52.0621 280.532 7.8298 265.621 240.205 230.687 25.4156
internal_count=5063 4341 722 710 4302 832 3470 732 463 3393 269 3316 3247 220 107 89 69 42 249 113 77 41 3027 362 2665 73 2594 2441 2375 153
is_linear=0
shrinkage=0.05


Tree=101
num_leaves=31
num_cat=0
split_feature=1 3 2 3 1 2 3 2 3 5 6 6 0 3 1 1 0 1 0 0 5 5 5 0 3 3 0 4 4 1
split_gain=1.44071 2.15611 1.21142 2.4513 2.8295 1.57263 6.26001 4.00891 3.43841 2.27233 2.12871 4.70072 3.25903 1.91801 1.84249 8.11517 4.01318 1.78158 5.30333 3.20177 4.28612 3.36931 3.53322 3.11264 3.59697 5.19354 4.46711 3.94172 5.0433 3.46341
threshold=0.7864295468921777 2.2315840577081043 2.0589751712411388 -0.26386542226486698 -0.27766187853951774 1.7383792152987647 0.63653246936096464 1.5869265971197628 -0.033736660193909564 0.46418471707581538 -0.27387926193661766 -0.29036448778848489 -0.138302553696694 1.7669070551809316 -0.3060989708403698 -0.22896010285105647 -0.79169611427910169 -0.23317771871060625 -0.75876158661485649 -0.7186822883201065 -0.47813633960003421 -0.77662554651860782 -0.66729479009757864 -0.77427946276305482 0.13192560931808389 -0.15154427531699513 -1.0677811595048523 -1.0000000180025095e-35 -0.24578499939545764 -0.35018742557421573
decision_type=2 2 2 2 2 2 2 2 2 2 2 2 2 2 2 2 2 2 2 2 2 2 2 2 2 2 2 2 2 2
left_child=2 -2 5 -4 -5 7 8 13 9 -7 11 12 -9 17 16 -16 -10 23 -19 -20 21 -21 -23 24 25 -1 27 28 -26 -28
right_child=1 -3 3 4 -6 6 -8 10 14 -11 -12 -13 -14 -15 15 -17 -18 18 19 20 -22 22 -24 -25 26 -27 29 -29 -30 -31
leaf_value=-0.0056678815147595237 0.050520837131516283 -0.079073286966530917 -0.032743052612638872 0.054799782191706704 -0.014730426779632733 0.043547413299472731 0.054022558672574231 0.048619556022954064 -0.0010436082448323494 -0.01627626513810498 0.064101287348480931 -0.046293027598324946 -0.021052765701068277 -0.026559825274714441 0.030885918935878606 -0.067090704011378899 -0.061545127499433833 0.031009875269896722 -0.053321526395946985 0.021318965513643151 0.020337308586636727 -0.06261389071535807 -0.0092205338476444871 0.0014386756219533939 0.027616899246206812 -0.036360924188870027 0.040307208362946434 0.04691408848306116 -0.059555048321408913 -0.020203998817607014
leaf_weight=38.109137794468552 2.6185864058788861 0.36578547954559315 1.83715233951807 4.5508349630981675 2.1565933413803569 3.098626444116241 3.2555906889028838 7.1853841366246325 4.103184584528214 3.2545019462704659 2.9202463859692207 2.3835293762385836 2.1900141052901745 7.0514616500586262 4.9039655588567257 3.7141223400831169 8.255707420408724 17.303350982721895 2.8524331296794108 4.8418810032308111 16.501993936020881 4.6595638543367395 9.2476106020621938 237.57000388088636 4.6365826679393649 21.590794317424297 2.7293125996366134 8.3183744512498343 2.5838405936956415 17.700008713174615
leaf_count=295 547 1 10 34 27 27 78 74 26 17 35 14 10 107 32 14 35 214 26 138 258 29 121 2548 42 97 24 61 13 109
internal_value=1.15221e-05 0.0346369 -0.000218364 0.0184284 0.0324442 -0.000579686 -0.0115171 0.000235492 -0.0193243 0.0129017 0.0258935 0.0164049 0.0323447 -0.000716345 -0.0290843 -0.0113389 -0.0414585 -0.000247448 0.00805474 -0.00236953 0.00175339 -0.0146033 -0.0271098 -0.00162784 -0.00924283 -0.0167682 0.00324777 0.023452 -0.00357773 -0.0121198
internal_weight=452.49 2.98437 449.506 8.54458 6.70743 440.961 30.5857 410.376 27.3301 6.35313 14.6792 11.7589 9.3754 395.696 20.977 8.61809 12.3589 388.645 55.4068 38.1035 35.251 18.7491 13.9072 333.238 95.6681 59.6999 35.9681 15.5388 7.22042 20.4293
internal_count=5063 548 4515 71 61 4444 229 4215 151 44 133 98 84 4082 107 46 61 3975 786 572 546 288 150 3189 641 392 249 116 55 133
is_linear=0
shrinkage=0.05


Tree=102
num_leaves=31
num_cat=0
split_feature=1 3 5 7 0 5 5 1 2 6 7 6 2 5 1 2 5 3 3 6 0 3 2 7 7 4 0 6 1 6
split_gain=1.36524 2.02946 1.17366 1.59279 1.15892 3.25521 4.06601 3.4714 4.0272 3.93244 4.74846 3.84275 3.62999 3.80606 3.44243 3.40055 3.01788 3.20624 3.77153 2.97032 2.96622 2.809 3.87624 3.4535 3.24514 2.98076 2.83795 2.7551 2.62931 2.95404
threshold=0.7864295468921777 2.2315840577081043 2.8119568026088237 2.8172860743137966 -0.56286737773942452 -0.46640686485422228 -0.43533496774531949 -0.39700389190752938 -0.60179964423319177 -0.31195241646445832 -0.49861043891919521 -0.37947432284085786 0.029892683561627432 0.55043069004549905 -0.36952369384780914 -0.11159154405166136 -0.1388013739698499 0.25994426689521632 0.35717747014800766 -0.37298353177785487 1.1992588846131529 -0.046607991313674768 -0.16370919507584211 -0.50805650686238368 -0.34665668889360962 1.1348471134948515 -0.043337407318148016 -0.3431272120600784 -0.25595609206908226 -0.13799556423001755
decision_type=2 2 2 2 2 2 2 2 2 2 2 2 2 2 2 2 2 2 2 2 2 2 2 2 2 2 2 2 2 2
left_child=2 -2 3 4 -1 -6 -7 8 -8 10 -9 -10 13 15 -14 -12 -16 -18 -19 -13 21 22 -11 25 26 28 -25 -20 -23 -30
right_child=1 -3 -4 -5 5 6 7 9 11 20 12 19 14 -15 16 -17 17 18 27 -21 -22 23 -24 24 -26 -27 -28 -29 29 -31
leaf_value=-0.0029597681020003016 0.050495731416006585 -0.076862911080542481 -0.037425084921921613 0.035650792420507046 -0.0075980944115900707 0.056387225239351628 -0.0022747212099497498 0.049238710541239981 0.014772858961425271 0.022482694794936003 -0.016474494641379324 0.096161618357329226 -0.051864035843310279 0.052374543756105701 -0.042383243143415586 0.03028561263448365 0.02529325714143903 -0.058691190607969346 0.035896145989515175 0.035605711710381904 -0.044103953599220598 -0.031619987038818846 -0.045177247423564132 0.067565416165316833 0.015969915017667629 0.035592379743018716 0.0036930466247533248 -0.019191149188858472 0.047663043441048589 -0.030646952600843026
leaf_weight=211.30778059456497 2.4920835795346643 0.35769373178482045 2.1082955976016811 3.1057520951144388 62.454844537656754 3.8745846953243008 16.464649988804013 3.377287942916154 16.216221004724506 3.8432856537401676 15.567429017275574 2.9887928441166878 7.5533063262701026 3.3863219507038584 6.9169138064608005 5.1824754700064686 6.367150183767083 3.9838175214827052 3.3451233217492717 6.2798986136913282 2.4840370826423159 7.959442420862616 4.7123241759836585 6.7409633244387805 23.847078993683702 3.9953091619536272 2.343721783719948 7.0602510385215247 2.8699793945997962 2.0749106379225779
leaf_count=1659 547 1 16 38 882 37 474 30 273 27 119 20 30 94 36 27 37 14 31 52 108 40 20 60 219 37 27 59 31 18
internal_value=1.21456e-05 0.0345101 -0.000207098 -3.12841e-05 -0.00028133 0.00215937 0.00575603 0.00457112 0.0169993 0.000353392 -0.00843087 0.0294514 -0.0117118 0.00322528 -0.0219463 -0.00479574 -0.0137804 -0.00424864 -0.0173208 0.0551326 0.00940737 0.011684 -0.0147836 0.0162282 0.0256575 -0.00214636 0.0510872 -0.00148167 -0.0138306 0.0148036
internal_weight=451.262 2.84978 448.412 446.304 443.198 231.89 169.435 165.561 41.9496 123.611 62.7401 25.4849 59.3628 24.1362 35.2266 20.7499 27.6733 20.7563 14.3892 9.26869 60.8711 58.387 8.55561 49.8314 32.9318 16.8996 9.08469 10.4054 12.9043 4.94489
internal_count=5063 548 4515 4499 4461 2802 1920 1883 819 1064 477 345 447 240 207 146 177 141 104 72 587 479 47 432 306 126 87 90 89 49
is_linear=0
shrinkage=0.05


Tree=103
num_leaves=31
num_cat=0
split_feature=1 3 4 6 4 4 4 7 4 4 4 6 2 1 3 5 2 2 0 1 3 0 0 6 1 7 7 5 2 7
split_gain=1.29402 1.91225 1.13425 4.70687 3.24122 14.1373 9.37206 2.82388 3.29131 5.98761 4.30579 3.34729 6.95602 3.1849 4.69545 3.09857 2.92277 2.08696 2.03555 3.44463 3.1601 2.06064 2.5466 2.64905 2.61334 2.56394 2.68908 2.96118 2.26195 4.35037
threshold=0.7864295468921777 2.2315840577081043 -0.89008012040608409 -0.19272153395928504 -0.24578499939545764 -0.15374285239996058 -0.33782723843310175 -0.53908969837602883 -1.1662064693504284 -1.2582487083880722 -1.0741643223549311 -0.35189208558228702 -0.13527415216203423 -0.3766540936952813 0.58121012090798951 0.80122844122339487 1.135192152285678 -1.1760400074157753 0.75961552443556102 -0.46139035719728066 -1.1915434649674137 -1.5121200943013064 -1.290409896950377 -0.25025518773771582 -0.25418482104639134 -0.56222848152216776 -0.53138584469325556 -0.36444661887830648 0.97646373688526711 -1.0000000180025095e-35
decision_type=2 2 2 2 2 2 2 2 2 2 2 2 2 2 2 2 2 2 2 2 2 2 2 2 2 2 2 2 2 2
left_child=2 -2 3 7 6 -6 18 -1 9 11 -10 -9 -13 15 -15 -12 -14 -7 19 -4 -21 -22 -23 25 -25 -24 -27 -28 -29 -30
right_child=1 -3 4 -5 5 17 -8 8 10 -11 13 12 16 14 -16 -17 -18 -19 -20 20 21 22 23 24 -26 26 27 28 29 -31
leaf_value=-0.040007881581230281 0.050471826920456542 -0.07487551318791752 0.053426186704339407 0.045506740938727301 -0.060145888476948399 -0.031902137077715227 0.058302576767497664 -0.016624897062312263 -0.064395991076223 0.073598450523421219 0.047513472071362084 0.070044158261723319 -0.041760307057262858 -0.041145164472261596 0.02767590198841401 -0.011033372590488826 0.023827600460740336 0.00096241590124564462 -0.027430949951911917 -0.065487190858402419 0.051553740427931288 -0.043850202071996081 0.053503175960526832 0.0061398901486238583 -0.038989385413601044 -0.052297102170268055 -0.021382062155179182 0.0067917544307410059 0.013585410798925765 0.076870385043334752
leaf_weight=6.7766132308170191 2.3716377024538811 0.34904730319976796 3.6257679364643982 4.1425319360569111 9.9906973801553232 4.9169918363913885 8.7594833553303015 15.640462557785217 4.2816343940794459 2.9260260700248137 3.7969540953636187 4.1935284780338407 3.7106317356228828 10.610276969149714 3.2337838076055041 5.5827660756185651 3.1325501091778278 274.8317048670724 4.884494107682257 1.6234178468585003 2.3063045088201752 2.7262865938246241 3.2414047010242859 6.8949110051617026 5.9989050794392877 1.8053612466901388 6.5447696102782933 28.093645126558869 9.3963455110788328 3.819428337737917
leaf_count=78 547 1 210 82 128 168 243 135 32 92 29 41 24 45 76 140 29 2270 119 11 21 19 24 42 60 7 34 283 45 28
internal_value=1.22281e-05 0.0343905 -0.000196789 -0.00614209 0.000869057 -0.00170242 0.00917328 -0.00949118 -0.00587001 0.00570027 -0.0183227 -0.00174699 0.0193369 -0.00982846 -0.0250695 0.0126667 -0.0117366 0.000384773 0.0038578 0.00586669 0.0034866 0.00506753 0.00350288 0.00546501 -0.0148567 0.0104181 0.00760586 0.00986577 0.0148165 0.0318751
internal_weight=450.208 2.72069 447.488 68.0278 379.46 289.739 89.7205 63.8852 57.1086 29.6032 27.5054 26.6772 11.0367 23.2238 13.8441 9.37972 6.84318 279.749 80.961 76.0765 72.4508 70.8274 68.5211 65.7948 12.8938 52.901 49.6595 47.8542 41.3094 13.2158
internal_count=5063 548 4515 803 3712 2566 1146 721 643 321 322 229 94 290 121 169 53 2438 903 784 574 563 542 523 102 421 397 390 356 73
is_linear=0
shrinkage=0.05


Tree=104
num_leaves=31
num_cat=0
split_feature=1 4 7 7 6 0 3 1 0 2 7 7 7 0 5 0 0 0 3 4 7 5 6 3 1 5 3 0 6 7
split_gain=1.25869 1.19413 1.15026 1.47008 1.80338 1.49471 2.96236 3.42114 5.44874 3.08841 2.52265 2.40068 2.18509 1.44334 3.69302 4.53923 3.5976 2.10959 1.94975 3.08242 2.04519 3.58172 5.59864 3.39224 4.27324 6.94696 3.71786 4.40487 4.67151 3.91902
threshold=-0.02267143345338191 0.21442564353988061 -0.85083716259906828 -0.85078271840343034 -0.31564561411700159 0.75961552443556102 -1.2447321691274367 -0.28060790940264996 1.1992588846131529 -0.47035950333894377 -0.8141417747390739 -0.84942161351248091 -0.85067383001215435 -0.56286737773942452 -0.68409092146746275 -0.069008756503063734 0.28737937805840114 -0.57060052400486871 -1.2633814394731491 -1.4423330023790664 -0.19957569437762271 -0.2089925407955199 -0.33672322835548191 -0.1369135563535778 -0.3420282068769539 -0.39215172231017054 -0.11524854744325756 0.33311807327612236 -0.32289317831693826 -0.68018183137183863
decision_type=2 2 2 2 2 2 2 2 2 2 2 2 2 2 2 2 2 2 2 2 2 2 2 2 2 2 2 2 2 2
left_child=2 -2 -1 4 -4 13 9 12 -9 11 -10 -7 -8 17 15 -15 -17 -5 19 -16 23 22 -22 24 25 -20 -25 28 -28 -30
right_child=1 -3 3 5 -6 6 7 8 10 -11 -12 -13 -14 14 18 16 -18 -19 20 -21 21 -23 -24 26 -26 -27 27 -29 29 -31
leaf_value=-0.028571463932863996 0.0074904531383187924 0.052776475209408091 0.0016404493452822943 -0.0017072562926887379 0.073386089441995317 -0.0083416181003182228 0.023434110393059523 0.048131969604581527 0.047781146647366095 -0.054579973763192104 -0.048584387684444445 0.041619541799587809 -0.044458172643071572 -0.048734557115963702 -0.045984932351481683 0.040180946003582359 -0.033336236683177901 -0.040517840220124862 -0.031846862400872401 0.040542410804134989 -0.047616622265861379 0.0033203394205527531 0.022314335920536568 -0.051187466894521888 0.064628553346319118 0.034623765598613021 -0.021986303155691077 0.058143571594275446 -0.035128426895747321 0.016503958460765251
leaf_weight=3.5735870804637662 4.8033556495793155 2.0886359671130776 2.0872299829497938 206.99078786419705 1.5091474913060654 4.1720434147864571 1.3184516504406918 3.7635600129142421 0.81836815550923336 1.5933918193913985 3.9915925124660134 5.6749920719303182 11.720939070917664 7.2021333854645491 1.1927914591506121 3.8350277701392752 2.9396479222923517 3.5616147769615045 5.6614482812583491 7.5074394366238248 8.9159857053309661 69.042931739473715 4.2152019077911964 2.9477530270814887 5.4624506738036862 12.858252691105008 14.17592886276543 3.8379552713595322 4.0841234046965829 36.699568759184331
leaf_count=73 371 378 41 1587 12 91 12 37 13 37 131 121 222 75 16 65 19 20 30 366 39 689 47 13 34 104 75 40 30 275
internal_value=1.17239e-05 0.0212145 -0.000319369 -8.87485e-05 0.0317471 -0.000352447 -0.0105724 -0.0214628 0.00307004 0.0100015 -0.0321887 0.0204517 -0.0375934 0.000489679 0.00364217 -0.0210988 0.00828058 -0.00236376 0.00560025 0.0286796 0.00440434 -0.00123206 -0.0251683 0.00980712 0.0257663 0.0143038 0.00360849 0.00635563 0.00273916 0.0113334
internal_weight=448.246 6.89199 441.354 437.781 3.59638 434.184 33.0533 21.6129 8.57352 11.4404 4.80996 9.84704 13.0394 401.131 190.579 13.9768 6.77468 210.552 176.602 8.70023 167.902 82.1741 13.1312 85.7275 23.9822 18.5197 61.7453 58.7976 54.9596 40.7837
internal_count=5063 749 4314 4241 53 4188 664 415 181 249 144 212 234 3524 1917 159 84 1607 1758 382 1376 775 86 601 168 134 433 420 380 305
is_linear=0
shrinkage=0.05


Tree=105
num_leaves=31
num_cat=0
split_feature=6 6 2 7 0 1 0 5 7 1 1 7 3 2 2 2 7 4 4 2 2 3 5 3 5 2 2 1 7 0
split_gain=1.19883 1.82801 1.74145 2.39699 1.24683 1.10273 1.15393 1.09355 2.742 3.03268 3.55431 3.06995 2.21151 2.97954 2.06961 2.04413 2.42959 2.59336 1.85203 1.73113 3.50143 2.76233 2.34185 1.55353 1.55086 1.83616 3.837 1.76469 1.59442 1.61198
threshold=1.0000000180025095e-35 -0.029339383243277305 1.5161293629221668 -0.4887832616065409 -1.290409896950377 4.9250498812700654 1.5464894616584608 0.93742207714292702 3.8661535032793659 -0.46382645497508307 -0.43145538629536023 1.6360648057523108 -1.1679209745811572 0.22685237560406593 1.0508001909799718 -0.99729033699712 -0.8507282742077924 -2.5468387663250307 -1.0000000180025095e-35 -0.16971278724649849 -1.2587128543365562 0.17993259066919218 1.0338854456169975 0.17185520774841392 -1.2068940709039884 -0.88992128970837792 -0.76720904743073381 -0.4358445192622965 -0.8507282742077924 0.97532326449953566
decision_type=2 2 2 2 2 2 2 2 2 2 2 2 2 2 2 2 2 2 2 2 2 2 2 2 2 2 2 2 2 2
left_child=1 7 3 4 -2 6 -6 15 9 18 12 14 -11 -14 19 16 -1 -18 -9 20 -12 -21 -23 -16 27 -26 -27 -17 -28 -30
right_child=2 -3 -4 -5 5 -7 -8 8 -10 10 11 -13 13 -15 23 24 17 -19 -20 21 -22 22 -24 -25 25 26 28 -29 29 -31
leaf_value=0.026789217985043797 -0.062434130403732184 -0.038322020227739124 0.082637178665638578 -0.021164217963388469 0.040799888142776311 -0.045825360123297687 -0.052467009491160704 0.042906507908696781 -0.056895022457904745 0.01849962208372441 -0.056671738305266686 0.04873312379888442 -0.037120418775406512 0.033751725332412157 0.053524271872789311 -0.054870355898181615 0.052487473667973808 -0.038100034289746787 0.19370123766791889 -0.062094108370946859 0.051090392140041622 0.043515329518900948 -0.027142110750047296 0.0082223216313419834 0.025973159023149214 -0.051049250294860064 0.037162704727175186 0.0020977276042596985 0.00021390260000402774 -0.027249627211962574
leaf_weight=2.2250904887914649 0.37459735758602519 3.159821512643247 0.89047154597938138 4.0197724658064518 6.4869459569454193 0.43777753505855788 0.34950562333688129 3.7976284045726061 1.6088174302130926 3.8491759970784178 1.0442098216153692 5.8093553509097537 9.1173027874901837 1.7710639424622048 3.2292374018579713 2.7632839689031243 0.86027043964713712 9.6820197734050435 0.21515320613980193 2.6004996821284374 2.7103373217396438 1.9851332940161226 2.8653774727135897 4.5715478174388409 6.7067235205322495 3.7053750641643992 2.8775428272783747 2.675703993998467 348.83892400423065 5.4261208283714941
leaf_count=16 3 39 22 41 631 17 8 357 12 46 26 216 126 12 31 126 20 254 9 10 43 14 33 38 58 107 33 37 2571 107
internal_value=1.0079e-05 -0.000430525 0.0152393 0.0100959 0.0265244 0.0311054 0.0360317 -0.000152687 0.00720758 0.00957478 0.00537293 0.0169236 -0.0140765 -0.0255926 0.00720086 -0.00101462 -0.0206874 -0.0307079 0.0509917 -0.00656544 0.0211197 -0.0205159 0.00177535 0.0269757 -0.000341229 5.09672e-05 -0.000430823 -0.026845 9.43462e-05 -0.000206744
internal_weight=446.655 434.096 12.5591 11.6686 7.64883 7.27423 6.83645 430.936 45.1748 43.566 39.5532 24.8157 14.7375 10.8884 19.0063 385.761 12.7674 10.5423 4.01278 11.2056 3.75455 7.45101 4.85051 7.80079 372.994 367.555 360.848 5.43899 357.143 354.265
internal_count=5063 4341 722 700 659 656 639 4302 973 961 595 411 184 138 195 3329 290 274 366 126 69 57 47 69 3039 2876 2818 163 2711 2678
is_linear=0
shrinkage=0.05


Tree=106
num_leaves=31
num_cat=0
split_feature=6 3 3 2 3 3 3 7 0 5 7 6 1 5 1 5 4 2 4 2 0 3 2 2 3 0 5 7 0 3
split_gain=1.14866 1.46992 1.22322 1.06735 2.97067 6.0031 5.01153 4.66092 4.60529 4.50545 4.00596 3.98034 3.75471 3.72212 3.49423 3.27232 3.03656 2.86776 3.58373 3.51913 4.09736 3.82187 3.79926 2.70386 5.2401 2.67088 2.55937 2.54203 2.44996 2.22781
threshold=0.20202592781167614 0.95764588972932285 0.97837290288751211 1.2746346602122036 0.17993259066919218 0.93265198423345463 0.10677908729400419 -0.27356535624962947 -1.1762779196764357 0.21982556466967981 -0.15974976526844467 -0.27932792123056255 -0.22896010285105647 0.1232486851496823 -0.42201092308645366 0.1294406426364649 -0.24578499939545764 0.39403016175515826 -1.2582487083880722 0.15373111848454052 -0.85142261590544377 0.32684927103596262 0.13139565650439944 0.88734944934584081 -0.41123926640203518 -0.93008118435067455 -0.42593387081195272 -0.41784247469026076 -0.60929981399221511 0.010155481456025706
decision_type=2 2 2 2 2 2 2 2 2 2 2 2 2 2 2 2 2 2 2 2 2 2 2 2 2 2 2 2 2 2
left_child=3 -2 -3 17 6 12 8 9 13 11 15 -7 16 14 -5 -10 -6 19 -19 22 -21 26 -1 24 -20 27 -22 -25 -12 -26
right_child=1 2 -4 4 5 7 -8 -9 10 -11 28 -13 -14 -15 -16 -17 -18 18 23 20 21 -23 -24 25 29 -27 -28 -29 -30 -31
leaf_value=0.00048627433585731047 0.051414607314642861 -0.082237835878275489 0.011842993133912939 -0.046914541608265754 0.018465191320147869 -0.05517817972016479 0.051699132478881506 0.046084683826710021 0.0094550277292987806 -0.049709272806740389 0.013772275345625999 0.05127856530388606 -0.049055798960971293 -0.068966496192543414 0.043334639112952218 0.059609243001365719 -0.01476402336303431 -0.053081623868404093 0.03817844291815805 0.072955589041706334 0.021934409904864824 0.051071302772511075 -0.039248415711190573 -0.038008420251619768 -0.049780993579885052 0.0077980707462270999 -0.02503609414441629 -0.00064734006774285228 -0.027598492572298062 -0.017601855656579148
leaf_weight=219.50338453869335 2.4631906987633547 0.39975409861654077 2.5454794133547693 1.9768242910504339 9.0110387299209815 1.157566718291491 7.3787542954087249 9.302475647069512 6.1366368527524173 3.3952225120738149 9.5863059312105161 3.6360815349034983 6.1301909256726494 3.2198251914232969 2.344547387212514 6.9191930908709764 29.005393588915467 4.4415823705494395 3.5652974136173752 3.2370635997504023 5.3274395652115381 4.3915499979630104 6.185412752442061 7.5295284036546972 7.3620549812912968 35.445664495229721 6.3653633259236795 11.516353161074219 5.7102307863533506 19.964108335785568
leaf_count=2863 435 4 163 44 60 6 48 153 45 18 50 82 28 14 20 55 161 28 26 27 37 56 42 56 31 230 39 77 28 137
internal_value=9.34379e-06 0.0229115 -0.00092652 -0.00027233 0.00412844 -0.00292123 0.0141701 0.0218684 0.00645519 -0.005641 0.0156919 0.0255715 -0.0127432 -0.0282716 0.00204988 0.0360352 -0.0068877 -0.00165118 -0.00929342 0.00115059 0.0216306 0.0113012 -0.000602727 -0.00701558 -0.018833 -0.000316245 -0.00363553 -0.0154175 -0.00167152 -0.0262714
internal_weight=445.154 5.40842 2.94523 439.745 104.91 61.638 43.2723 17.4913 35.8936 8.18887 28.3524 4.79365 44.1466 7.5412 4.32137 13.0558 38.0164 334.835 89.8246 245.01 19.3214 16.0844 225.689 85.383 30.8915 54.4915 11.6928 19.0459 15.2965 27.3262
internal_count=5063 602 167 4461 812 508 304 259 256 106 178 88 249 78 64 100 221 3649 585 3064 159 132 2905 557 194 363 76 133 78 168
is_linear=0
shrinkage=0.05


Tree=107
num_leaves=31
num_cat=0
split_feature=4 4 4 4 4 4 4 4 4 4 3 6 1 3 5 5 0 6 2 7 2 7 2 2 3 1 0 4 2 1
split_gain=1.13999 2.03331 4.02039 5.73479 2.11623 12.6396 8.48164 4.2187 12.9409 7.46408 2.88878 4.0559 4.80901 3.35604 3.37435 5.32032 2.76104 2.55027 2.66863 2.58935 2.45425 2.37086 1.93875 1.93049 3.06004 5.33551 4.1451 2.69078 4.19842 2.62513
threshold=2.1473108224874662 1.871184381500975 1.7791422345054781 1.6870999954678338 1.2268893525324958 1.1348471134948515 1.3189314995279926 0.85872076455050717 0.76667852551286308 0.95076291154600423 -0.12929344388541192 -0.32628282707309852 -0.40669931392660036 -0.026878487343073316 -0.03016219410641437 -0.45594843354860759 1.6995613547709489 -0.3008378233139663 -0.2371901505000206 -0.10487001606536688 -0.54953720779853144 -0.64446643903332756 1.0861092374434731 -0.011552942454124868 0.28646240215302016 -0.24606981199935551 -0.7820017647453148 -0.24578499939545764 -0.53099410422326032 -0.31334456634823332
decision_type=2 2 2 2 2 2 2 2 2 2 2 2 2 2 2 2 2 2 2 2 2 2 2 2 2 2 2 2 2 2
left_child=1 2 3 4 5 7 -6 8 16 -9 11 12 -8 -12 15 -15 23 18 20 -20 -11 -19 -16 24 29 -26 -27 28 -28 -1
right_child=-2 -3 -4 -5 6 -7 10 9 -10 17 13 -13 -14 14 22 -17 -18 21 19 -21 -22 -23 -24 -25 25 26 27 -29 -30 -31
leaf_value=-0.0037283867828794511 -0.039202423260375034 0.034407078787528952 -0.066987257003615144 0.076424209947374533 -0.062632368127395921 0.06617955358030056 0.027636144384876951 -0.059114133097037475 0.05968933224270162 0.016877527532214519 -0.062185353051870743 0.082450919922526691 -0.058725627582707579 -0.047604237925807445 -0.049312850387546209 0.050822580688796727 -0.043081586625373522 0.020444716891176662 0.063242532302031473 -0.0021723116560646307 -0.054183859848301534 -0.035388652182490127 0.0057320240856156036 -0.0031432862195042606 0.049428909615875691 0.037903355276203927 -0.048640126687605666 -0.029239642088149699 0.056506571660004827 0.013243365068381335
leaf_weight=84.998178942361847 1.8457988421432663 4.2954175288323304 2.2392480624839655 2.4524890186730763 6.7014528349973252 7.2496219547465435 6.1667991876602164 8.217215411365034 9.164084885735063 2.8089731037616747 2.8504778915084925 2.1236786302179125 2.1824250128120175 1.924762108828874 4.0487745990976656 4.7888073502108455 3.7649557678960255 2.5468100931029767 3.5533763412386179 2.6343000419437885 2.1412532646209002 7.5020031770691258 2.6444879174232483 205.70621365797706 9.6103860810399073 5.9357143607921925 1.4564251946285365 8.3396711004897899 2.7268867597449598 31.128624624339864
leaf_count=1187 34 53 29 39 77 154 74 105 213 37 15 22 12 67 32 49 149 55 35 16 18 40 17 1506 254 82 33 195 100 364
internal_value=1.00159e-05 0.000173803 -0.000162219 0.000181484 -0.000250434 0.000760863 -0.0123347 -0.000448261 0.00102791 -0.0186635 0.000275266 0.0207547 0.00506182 -0.0129175 -0.00244246 0.0226039 -0.000492102 -0.00297487 0.0135025 0.0353933 -0.0138605 -0.021238 -0.0275648 -3.38384e-05 0.00440202 0.0192173 0.00348783 -0.0128246 0.0198996 0.000821013
internal_weight=443.749 441.904 437.608 435.369 432.916 399.485 33.4317 392.235 362.831 29.4039 26.7302 10.4729 8.34922 16.2573 13.4068 6.71357 353.667 21.1867 11.1379 6.18768 4.95023 10.0488 6.69326 349.902 144.196 28.0691 18.4587 12.523 4.18331 116.127
internal_count=5063 5029 4976 4947 4908 4543 365 4389 4083 306 288 108 86 180 165 116 3870 201 106 51 55 95 49 3721 2215 664 410 328 133 1551
is_linear=0
shrinkage=0.05


Tree=108
num_leaves=31
num_cat=0
split_feature=1 3 0 2 2 2 3 2 3 0 7 6 6 0 5 3 1 1 0 0 5 5 4 2 0 3 3 1 0 4
split_gain=1.08342 1.51581 1.11539 1.04224 2.27621 1.36261 5.36975 3.53485 3.34272 3.15938 2.49137 1.92552 4.06993 2.84921 1.90792 1.77685 1.73289 1.63431 4.87098 2.90269 3.76807 4.01149 3.16156 4.70807 2.57166 3.18151 4.6858 4.16249 3.84281 3.72159
threshold=0.19676597085561209 2.2315840577081043 1.909287300303766 2.0589751712411388 2.3768788169919026 1.7383792152987647 0.59706004994134887 1.5869265971197628 0.13192560931808389 -0.72714610480119424 -0.061750213120091421 -0.27387926193661766 -0.29036448778848489 -0.138302553696694 0.10666346010587291 1.7669070551809316 -0.33203770776548741 -0.23317771871060625 -0.75876158661485649 -0.7186822883201065 -0.59310130787477144 -0.77662554651860782 0.30646788257752478 1.4906834686067219 -0.77427946276305482 0.13192560931808389 -0.15154427531699513 -0.35018742557421573 -1.0677811595048523 1.0000000180025095e-35
decision_type=2 2 2 2 2 2 2 2 2 2 2 2 2 2 2 2 2 2 2 2 2 2 2 2 2 2 2 2 2 2
left_child=3 2 -2 5 -5 7 8 15 9 -7 14 12 13 -9 -10 17 -8 24 -19 -20 21 -21 23 -22 25 26 -1 -27 29 -29
right_child=1 -3 -4 4 -6 6 16 11 10 -11 -12 -13 -14 -15 -16 -17 -18 18 19 20 22 -23 -24 -25 -26 27 -28 28 -30 -31
leaf_value=-0.005067606420724409 0.050514433968369882 -0.071829814137990805 -0.06171749173714404 0.034251834736841485 -0.022864953044330533 0.030454835722933754 -0.017872927924365064 0.046236765019384368 -0.02423827810850045 -0.027202039066211145 0.00044577617142387867 0.061568283276840989 -0.043195257032485737 -0.019542721667658559 -0.064212052552667986 -0.026332009260709277 0.057421728750994806 0.030161415938182213 -0.051361303846512218 0.02255747684938772 0.048248987411902138 -0.037465228519412003 -0.00432956978100276 -0.054680060946880937 0.0012778183647263221 0.04690550592028906 -0.034505694617666421 -0.0096159483348221796 -0.018828163834843384 0.043625409557650173
leaf_weight=37.556358156958595 2.5982597998809069 0.33283764123916615 0.24199706315994252 5.8738297098316234 2.4811136815696955 5.1387986037880182 0.98737893998622883 6.9493397362530214 5.7382450886070746 4.4192193523049408 4.0248121991753534 2.8322001551277927 2.346333496272563 2.1572220697999001 6.2214395515620708 6.6320656426250926 3.3801033045165232 16.805902540683746 2.7948164581321171 4.0038970136083654 8.7470434368588048 9.133740693330763 10.240433549042789 1.2726187901571382 231.79035504930653 4.7445916123688212 21.119255339726806 6.5670522414147872 17.41961864521727 6.5619119331240654
leaf_count=295 626 1 1 55 16 38 8 74 28 22 24 35 14 10 25 97 84 214 26 68 149 91 158 10 2548 46 97 48 109 46
internal_value=1.0778e-05 0.0291219 0.040952 -0.000200147 0.0172902 -0.000540315 -0.0108341 0.000230032 -0.0195945 0.00379676 -0.0335814 0.0246537 0.015525 0.0306545 -0.0450327 -0.000675271 0.0403995 -0.00022602 0.00791678 -0.00241245 0.00168372 -0.0191724 0.0152078 0.0351757 -0.00155079 -0.00852804 -0.0156633 0.00333452 -0.00343262 0.0169943
internal_weight=441.113 3.17309 2.84026 437.94 8.35494 429.585 29.91 399.675 25.5425 9.55802 15.9845 14.2851 11.4529 9.10656 11.9597 385.39 4.36748 378.758 52.9985 36.1925 33.3977 13.1376 20.2601 10.0197 325.759 93.9688 58.6756 35.2932 30.5486 13.129
internal_count=5063 628 627 4435 71 4364 229 4135 137 60 77 133 98 84 53 4002 92 3905 716 502 476 159 317 159 3189 641 392 249 203 94
is_linear=0
shrinkage=0.05


Tree=109
num_leaves=31
num_cat=0
split_feature=4 4 4 4 4 4 4 4 4 4 1 1 7 0 6 6 3 7 6 1 1 3 2 1 5 0 2 6 7 3
split_gain=1.05358 1.787 3.72384 5.32758 1.91232 11.9314 8.01718 3.89524 12.22 7.1346 2.62201 3.86117 4.13967 2.56976 2.28537 2.51166 4.04972 2.14285 1.97098 1.86094 1.77369 3.09189 5.42169 4.3713 4.34266 3.68926 2.88577 2.66136 1.9424 4.73691
threshold=2.1473108224874662 1.871184381500975 1.7791422345054781 1.6870999954678338 1.2268893525324958 1.1348471134948515 1.3189314995279926 0.85872076455050717 0.76667852551286308 0.95076291154600423 -0.40774424676820548 -0.36429312117611773 -0.710970024005113 1.6995613547709489 -0.3008378233139663 -0.34690230536733691 0.010155481456025706 -0.64446643903332756 -0.18959009584928685 -0.37548381642404088 -0.21490634580112489 0.97837290288751211 1.4906834686067219 -0.17662062535059755 -0.77662554651860782 -0.6402321059652577 -0.47035950333894377 -0.35860644971831063 -0.67389352677565262 -0.1369135563535778
decision_type=2 2 2 2 2 2 2 2 2 2 2 2 2 2 2 2 2 2 2 2 2 2 2 2 2 2 2 2 2 2
left_child=1 2 3 4 5 7 -6 8 13 -9 -8 -12 -13 20 15 16 -11 18 -16 -3 28 22 23 -22 27 -26 -23 -25 29 -1
right_child=-2 19 -4 -5 6 -7 10 9 -10 14 11 12 -14 -15 17 -17 -18 -19 -20 -21 21 26 -24 24 25 -27 -28 -29 -30 -31
leaf_value=-0.0052115641700844623 -0.038008805986825406 -0.0091734015447571121 -0.06576604533522333 0.075225000416015098 -0.061964288066115106 0.065713503943995319 0.028106210249706772 -0.058721890707802316 0.059367973205651306 0.02043889985769182 -0.0474370709791102 0.084481628304092504 -0.0046412898063927987 -0.042200999963813254 0.071255604651737456 0.048407854644497511 -0.059601129820994171 -0.033752493959472482 -0.01810161433028341 0.058617007124612125 0.037230040048806083 -0.030333605870028868 -0.058256054254789996 -0.03685737366408319 0.018957364234108712 -0.045016571821418876 0.041949863625056462 0.051804298143062581 -0.00032187250338780178 -0.072402114824368924
leaf_weight=14.468192592263224 1.8145547723397601 1.6519663725048301 2.1513662631623438 2.3520778992678961 6.4155760812573126 6.9395133119542143 6.4364355895668295 7.8655518218874958 8.7452094089239818 5.3497674651443985 4.8439148953184512 1.4406823366880441 13.628476251848037 3.6501524294726542 1.0655135614797475 3.4183197896927604 2.242902260273695 7.4374693655408883 1.4664067353587595 2.6147061637602738 8.8499467168003338 1.605560490861534 3.392354004085063 1.089077405631542 3.2783624762669206 7.2093759402632713 9.8626136013772321 3.7982653030194351 291.56664728582837 3.2040173057466736
leaf_count=247 34 20 29 39 77 154 77 105 213 65 24 73 114 149 10 32 9 40 45 33 78 26 18 8 30 48 385 362 2505 14
internal_value=1.20537e-05 0.000169553 -0.000147176 0.000179893 -0.000231298 0.000728028 -0.0118405 -0.000429588 0.000984265 -0.0181099 0.00036358 -0.00860358 0.00387928 -0.000466345 -0.00288442 0.0128179 -0.00320522 -0.0202273 0.0195028 0.03237 -2.90006e-05 0.0100069 0.000944781 0.00923498 -0.00687908 -0.025019 0.0318301 0.0320473 -0.00129747 -0.0173934
internal_weight=439.855 438.04 433.774 431.622 429.27 396.505 32.7651 389.566 360.72 28.8459 26.3495 19.9131 15.0692 351.975 20.9804 11.011 7.59267 9.96939 2.53192 4.26667 348.324 39.0856 27.6174 24.225 15.3751 10.4877 11.4682 4.88734 309.239 17.6722
internal_count=5063 5029 4976 4947 4908 4543 365 4389 4083 306 288 211 187 3870 201 106 74 95 55 53 3721 955 544 526 448 78 411 370 2766 261
is_linear=0
shrinkage=0.05


Tree=110
num_leaves=31
num_cat=0
split_feature=5 7 0 0 5 1 2 5 7 1 6 4 6 2 3 5 5 7 6 3 1 2 2 1 4 3 7 6 6 4
split_gain=1.01513 1.41605 1.03881 2.53694 4.30291 1.95551 1.8879 5.12715 3.23618 2.98507 3.28378 3.01104 2.80218 2.42568 4.22792 4.18653 6.70313 3.41613 3.57422 2.62271 5.88605 3.93177 2.35951 4.14361 2.30119 2.22162 2.84829 2.35449 2.84848 2.90842
threshold=2.8119568026088237 2.8172860743137966 -0.56286737773942452 -0.5405946855222592 -1.0000000180025095e-35 -0.15282190267858006 1.1221486290870863 -0.40072811244689338 -0.69365676979223723 -0.42820906759540006 -0.30961816054206109 0.39851002957302184 -0.30610758541892824 0.33526351918818315 0.28021387243794593 -0.3105716138764702 -0.24796046245105077 -0.50106042772290393 -0.37505752923930619 0.15813895348863957 -0.2949122127224057 0.91608359588794719 -0.4593602482013544 -0.45742541260561659 -0.24578499939545764 -0.24923470330144984 0.20491745711470552 -0.21539865707548347 -0.18218261435523173 0.39851002957302184
decision_type=2 2 2 2 2 2 2 2 2 2 2 2 2 2 2 2 2 2 2 2 2 2 2 2 2 2 2 2 2 2
left_child=1 2 5 4 -4 6 7 8 -1 11 -11 -8 -12 14 15 -9 -17 -18 22 -15 21 -21 -19 -24 -16 -14 27 -27 -29 -30
right_child=-2 -3 3 -5 -6 -7 9 13 -10 10 12 -13 25 19 24 16 17 18 -20 20 -22 -23 23 -25 -26 26 -28 28 29 -31
leaf_value=-0.034401322026054899 -0.035443152303050514 0.034243505278984204 -0.0012596503038623643 0.0013236066340146522 0.077552495953823769 0.026121773265847345 -0.067981482265754761 -0.052297350010591617 0.017673983901358017 0.017580380535768984 -0.051480689487652977 0.0034032315147220654 0.053413570152755822 -0.046756538340037665 0.05085849019659347 0.043167783773156311 0.036603792966168842 -0.03487596673973125 -0.035500219736482749 -0.016652485549432505 -0.038747301257131946 0.044581516158056583 -0.02056865345757472 0.068200810106165771 0.0044749198416858468 -0.014358606398079957 0.04140170503609597 0.049723873710721782 -0.021147418856212085 0.03396861714486079
leaf_weight=3.4084088811650899 2.0095153301954261 3.0290607144124797 4.1476463405415416 218.89075638074428 2.9734573252499095 5.7499057967215768 2.9480285961180916 6.4376317150890818 23.924769803881645 30.420841042883694 2.837820445187389 2.9608858013525605 1.847778696566819 9.3933300822973234 3.6447562165558329 5.3290877975523427 2.6112940572202197 2.5102782065514484 18.215272583067428 5.5812015086412412 12.384787933900954 4.9432946667075157 2.6157352891750634 2.6427769754081947 10.039871407672761 28.319445266854014 3.4184374860487869 3.503981238231062 6.985164590179922 3.641259865835309
leaf_count=36 16 38 38 3284 22 204 26 31 158 205 14 49 16 45 88 33 21 65 83 30 69 31 37 21 90 169 43 26 47 28
internal_value=1.24153e-05 0.000176071 -6.26193e-05 0.00227908 0.0316488 -0.00262787 -0.00345208 -0.00769293 0.0111803 0.00209685 0.00460041 -0.0322115 -0.0032103 -0.0136671 -0.00718833 -0.0153312 -0.00831639 -0.0179111 -0.0233896 -0.0245069 -0.0153841 0.0121088 0.0050058 0.0240443 0.0168287 -0.000339514 -0.00250493 -0.00604068 0.0106297 -0.00226131
internal_weight=437.366 435.357 432.328 226.012 7.1211 206.316 200.566 113.682 27.3332 86.8836 80.9747 5.90891 50.5539 86.3493 54.0467 40.3621 33.9244 28.5954 25.9841 32.3026 22.9093 10.5245 7.76879 5.25851 13.6846 47.7161 45.8683 42.4499 14.1304 10.6264
internal_count=5063 5047 5009 3344 60 1665 1461 838 194 623 548 75 343 644 469 291 260 227 206 175 130 61 123 58 178 329 313 270 101 75
is_linear=0
shrinkage=0.05


Tree=111
num_leaves=31
num_cat=0
split_feature=4 4 4 4 4 4 4 4 4 4 3 6 1 3 5 1 1 0 6 2 7 2 7 6 2 2 3 1 0 0
split_gain=0.97077 1.63364 3.45538 4.96383 1.7436 11.2538 7.62384 3.5754 11.5306 6.82167 2.42707 3.656 4.06379 3.00503 2.97479 4.92499 3.98446 2.38968 2.08919 2.34029 2.32258 2.0952 1.94057 1.84912 1.82446 1.72144 2.63758 5.04066 3.39994 2.47264
threshold=2.1473108224874662 1.871184381500975 1.7791422345054781 1.6870999954678338 1.2268893525324958 1.1348471134948515 1.3189314995279926 0.85872076455050717 0.76667852551286308 0.95076291154600423 -0.12929344388541192 -0.32628282707309852 -0.40669931392660036 -0.026878487343073316 -0.03016219410641437 -0.23142983651022844 -0.18458070058130868 1.6995613547709489 -0.3008378233139663 -0.2371901505000206 -0.10487001606536688 -0.54953720779853144 -0.64446643903332756 -0.18959009584928685 1.0861092374434731 -0.011552942454124868 0.28646240215302016 -0.24606981199935551 -0.7820017647453148 -0.74502950012727387
decision_type=2 2 2 2 2 2 2 2 2 2 2 2 2 2 2 2 2 2 2 2 2 2 2 2 2 2 2 2 2 2
left_child=1 2 3 4 5 7 -6 8 17 -9 11 12 -8 -12 15 -15 -17 25 19 21 -21 -11 23 -20 -16 26 -1 -28 -29 -30
right_child=-2 -3 -4 -5 6 -7 10 9 -10 18 13 -13 -14 14 24 16 -18 -19 22 20 -22 -23 -24 -25 -26 -27 27 28 29 -31
leaf_value=0.00089535714585429679 -0.03676295703446282 0.031132161292362549 -0.064770696649654944 0.074051928246969975 -0.061443981716830257 0.065235307102631493 0.025024006829661594 -0.058329472102810503 0.059065786807658706 0.014614574553600707 -0.059436640579469839 0.079196763314152097 -0.055682072243737571 0.059124021592681521 -0.047313684098401795 -0.073928502798180182 0.048407825136632034 -0.041329376628629719 0.070055521765918768 0.05994379937377009 -0.0027586743660170847 -0.051642018881499469 -0.032270153885493473 -0.017367139764139828 0.0065500906013900261 -0.0029776448894069307 0.048182931764201575 0.034912686225447645 -0.10110485497783446 -0.0064290898359849972
leaf_weight=115.68091869470663 1.7872494575567532 4.2168701721820971 2.0582032147794953 2.2613959603477261 6.1572475298307827 6.6401486978866151 6.1238472517579785 7.5195124791935113 8.3332488650921714 2.8216028502211001 2.743715360062196 2.0438201655633774 2.0928073059767476 3.7780725210905057 3.9352597026154399 1.7739441096782669 1.0652596170548365 3.5380255337804547 1.030036509037018 3.4547877721488476 2.5796066857874402 2.0674571543931961 7.3985922676511073 1.4653480290435252 2.6179425418376923 203.76102300011553 9.2486498651560414 5.6077288254164186 0.7337530530057873 11.471504034474487
leaf_count=1551 34 53 29 39 77 154 74 105 213 37 15 22 12 26 32 10 80 149 10 35 16 18 40 45 17 1506 254 82 5 323
internal_value=1.1284e-05 0.000162647 -0.000141059 0.000169777 -0.000222713 0.00069472 -0.0113843 -0.000413493 0.000938414 -0.0175109 0.000391634 0.0193534 0.00446792 -0.0118337 -0.00191695 0.0217305 -0.0280283 -0.000445393 -0.00276678 0.012308 0.0331395 -0.0134036 -0.0194101 0.0187189 -0.0257956 -2.79409e-05 0.00418268 0.0182351 0.00268588 -0.0121208
internal_weight=436.008 434.22 430.003 427.945 425.684 393.352 32.3319 386.712 358.375 28.3369 26.1747 10.2605 8.21665 15.9142 13.1705 6.61728 2.8392 350.042 20.8174 10.9235 6.03439 4.88906 9.89398 2.49538 6.5532 346.504 142.743 27.0616 17.813 12.2053
internal_count=5063 5029 4976 4947 4908 4543 365 4389 4083 306 288 108 86 180 165 116 90 3870 201 106 51 55 95 55 49 3721 2215 664 410 328
is_linear=0
shrinkage=0.05


Tree=112
num_leaves=31
num_cat=0
split_feature=6 3 2 3 3 7 3 0 7 5 0 3 6 0 0 5 0 7 0 1 7 6 2 5 7 1 2 5 3 4
split_gain=0.954722 1.3931 1.06643 0.962914 6.1014 6.41814 6.04143 3.05002 2.41233 2.41601 1.93996 3.57221 2.85183 1.84339 2.60113 2.10279 1.64538 1.59829 3.13981 1.61023 1.55373 1.34364 2.1142 1.93663 3.56868 1.50616 4.75436 3.19484 2.62342 2.32706
threshold=0.20202592781167614 0.95764588972932285 1.298548226536034 -1.2294918527492065 -1.2468658134203887 -0.84942161351248091 -1.2162327775001465 -1.0473081786632019 2.6636717763212521 0.80122844122339487 -1.6877215719069374 -1.0478272815207041 -0.32954005603889941 1.9668001027168092 0.19962641271934417 -0.94660553505273415 1.9668001027168092 -0.85061938581651642 1.1992588846131529 -0.12002589945162721 -0.40728030073649374 -0.39433179566134463 -0.68256253185379967 -0.24796046245105077 0.97407783099018419 -0.44244565892480509 0.11515883161561412 1.067746771576741 -0.94007824472661794 -1.1662064693504284
decision_type=2 2 2 2 2 2 2 2 2 2 2 2 2 2 2 2 2 2 2 2 2 2 2 2 2 2 2 2 2 2
left_child=3 -2 -3 4 5 16 -5 20 9 13 11 -8 -13 14 15 -9 -1 -12 21 -20 -7 22 -19 -24 -25 26 27 -23 -27 -30
right_child=1 2 -4 6 -6 7 10 8 -10 -11 17 12 -14 -15 -16 -17 -18 18 19 -21 -22 25 23 24 -26 28 -28 -29 29 -31
leaf_value=-0.051119326906123565 0.051521671331008392 0.015484375402390244 -0.057614438921658233 -0.058534677046602049 0.061235948192138637 -0.058883968836590264 0.074997529588598427 -0.029758783958726644 -0.063288533446378761 0.060315864552095894 0.034400922446185658 -0.047011636808392258 0.027367841387741343 0.057521570489691545 -0.014961655353439424 0.038870041332972186 0.0017635193645913903 -0.051887464295491618 -0.052214726201748732 -0.0055972886101415438 0.0041824743393926323 0.0178118585211419 -0.042613117472168692 0.049979419369354239 -0.025013341451599891 -0.025777267055566495 0.066394852966338624 -0.04580917776664388 0.016854735032809959 -0.00083577070606460154
leaf_weight=6.2326732557266933 2.1983951146248719 2.1073936612810944 0.65371447755023826 4.5067969318479291 4.6163683906197539 2.0070343399420385 2.4039200618863106 1.3356325039640067 0.83796552568673988 3.6206783032976082 3.1921441666781893 1.9364535957574842 3.8526946650817973 2.2391059696674338 6.4335262281820169 6.7921743663028007 1.9252133220434187 3.1799026224762192 4.4648899887688458 3.1658223825506857 1.9022036097012449 6.368872498162089 2.3962138146162033 2.9844489432871324 3.3864551596343517 9.9991356655955297 3.5205462509766212 2.8591235904023051 19.764308923855424 312.74290182022378
leaf_count=278 435 161 6 50 42 23 21 27 6 349 28 10 46 17 97 146 10 80 225 64 38 52 11 24 36 61 39 35 224 2422
internal_value=1.16129e-05 0.0218234 -0.00182235 -0.000240741 0.00736385 -9.85536e-05 -0.000979209 0.0123938 0.0198577 0.0232696 -0.000307591 0.023763 0.00248812 0.0152857 0.00879103 0.0275924 -0.0386393 -0.000829282 -0.00112931 -0.0328741 -0.0281963 -0.000469629 -0.0169626 -0.0042951 0.010117 8.50205e-05 0.0169599 -0.00189994 -0.000543084 0.000215757
internal_weight=433.627 4.9595 2.76111 428.667 37.9426 33.3262 390.725 25.1683 21.2591 20.4211 386.218 8.19307 5.78915 16.8004 14.5613 8.12781 8.15789 378.025 374.833 7.63071 3.90924 367.202 11.947 8.76712 6.3709 355.255 12.7485 9.228 342.506 332.507
internal_count=5063 602 167 4461 1033 991 3428 703 642 636 3378 77 56 287 270 173 288 3301 3273 289 61 2984 151 71 60 2833 126 87 2707 2646
is_linear=0
shrinkage=0.05


Tree=113
num_leaves=31
num_cat=0
split_feature=4 6 4 4 4 4 4 4 3 7 5 5 1 3 5 6 4 4 4 4 5 4 2 5 5 2 3 1 5 5
split_gain=0.98071 4.53764 3.06273 13.1564 8.73989 2.28297 6.13759 4.54328 3.66119 4.22653 3.51119 4.3436 3.41452 4.5288 3.05951 2.29794 2.0024 5.37909 16.985 11.1448 2.57952 4.09596 3.1738 2.64538 3.93801 2.86512 4.52258 7.07865 2.82112 4.98932
threshold=-0.89008012040608409 -0.19272153395928504 -0.24578499939545764 -0.15374285239996058 -0.33782723843310175 -1.1662064693504284 -1.2582487083880722 -1.0741643223549311 0.14899473318106873 1.5121498164802818 -0.66729479009757864 -0.35693597133945582 -0.3766540936952813 0.58121012090798951 -1.0103651099613307 -0.38816478206688265 1.0000000180025095e-35 0.30646788257752478 0.39851002957302184 0.21442564353988061 0.98480453059191408 1.2268893525324958 -0.91556293691908641 -0.25517261798024088 -0.28845587842831838 0.14572827953110773 0.49815041188695208 -0.35729582234729645 -0.40072811244689338 -0.48765445100667165
decision_type=2 2 2 2 2 2 2 2 2 2 2 2 2 2 2 2 2 2 2 2 2 2 2 2 2 2 2 2 2 2
left_child=1 5 4 -4 -2 6 8 -7 10 -10 14 -12 -9 -14 -1 -13 -5 19 -19 -18 22 -22 -20 24 25 28 27 -27 29 -24
right_child=2 -3 3 16 -6 7 -8 12 9 -11 11 15 13 -15 -16 -17 17 18 20 -21 21 -23 23 -25 -26 26 -28 -29 -30 -31
leaf_value=-0.039011416141230028 0.0040507493032539508 0.044469704082654563 -0.059746236196731639 -0.010692695633872344 0.057883738716901924 -0.064689336103628273 0.072677187272111254 0.010363276944502264 0.040833494099248836 -0.046869805080429212 -0.071664150790607103 -0.030894315647352982 -0.041532124127531815 0.026637636766115365 0.027909291928022686 0.025885290004556562 0.005202088869870657 -0.062420722463511193 -0.050651362353245515 0.061366976801644546 0.065391870839431224 -0.0090955460543522739 -0.0022276316350929542 -0.0041686603797757736 0.062289705143631295 -0.022855957418349882 -0.028113142333413034 0.072587499938809322 -0.022112789649055293 0.044933395501921713
leaf_weight=2.4305349909700453 78.605211840942502 4.2317845963407299 9.3796438658609969 34.843564862385392 8.3395162147935462 4.5975913768634227 2.6810773271135977 10.952020348049704 6.4009029855951649 1.7490686895325778 4.7732435874640977 5.1385550973936951 11.213832594454287 3.1126027782447645 5.7447609165683442 2.7279254840686828 52.869789209682494 11.047183028422294 2.9985262744594356 10.603949522133915 3.938411707058548 3.4730743635445833 27.423838018439699 89.274743120651692 3.3228297512978378 2.7525967685505739 2.7816715623484916 6.6022490421310058 10.567528917919843 7.0497431550174978
leaf_count=46 934 162 128 282 278 40 93 188 74 20 19 68 49 78 38 20 420 99 137 181 46 31 622 661 34 59 44 52 92 68
internal_value=1.01318e-05 -0.00561186 0.0010205 -0.00153357 0.00921427 -0.00905671 0.000301776 -0.0189697 -0.00639749 0.0220115 -0.0175208 -0.0340363 -0.0106543 -0.0267214 0.00801361 -0.0112044 0.000492084 0.00215253 -0.00245604 0.014585 0.00167943 0.0304865 0.000281918 0.00130161 0.00937357 0.00629839 0.0278602 0.0445039 0.000488468 0.00741666
internal_weight=431.628 65.7539 365.874 278.929 86.9447 61.5221 31.6461 29.876 28.965 8.14997 20.815 12.6397 25.2785 14.3264 8.1753 7.86648 269.55 234.706 171.232 63.4737 160.185 7.41149 152.774 149.775 60.5005 57.1776 12.1365 9.35485 45.0411 34.4736
internal_count=5063 895 4168 2956 1212 733 378 355 285 94 191 107 315 127 84 88 2828 2546 1945 601 1846 77 1769 1632 971 937 155 111 782 690
is_linear=0
shrinkage=0.05


Tree=114
num_leaves=31
num_cat=0
split_feature=2 2 2 3 2 3 0 5 7 6 7 3 1 0 0 0 4 4 2 1 5 4 7 1 1 3 5 2 3 0
split_gain=0.933486 2.12383 1.28799 4.82169 3.07062 2.83039 2.81057 2.21342 2.33996 1.94682 1.88451 1.59588 1.81028 3.42407 2.94208 2.23891 2.95044 2.71178 2.26162 5.09288 2.28616 2.81511 2.15805 3.037 2.41158 2.62387 3.02407 2.13806 5.334 4.4071
threshold=2.0589751712411388 2.3768788169919026 1.7383792152987647 0.59706004994134887 1.5869265971197628 0.13192560931808389 -0.72714610480119424 0.10666346010587291 -0.19957569437762271 -0.33097360547839155 0.78474814065912935 1.7669070551809316 -0.23317771871060625 -0.75876158661485649 -0.62828024045233177 -0.77427946276305482 -0.89008012040608409 1.5030157014768397 0.045484203462505902 -0.26845378018014682 -0.17997995827908672 -1.1662064693504284 0.51059439352411096 -0.41405905713164176 -0.45208244068792114 -1.2294918527492065 0.36173399127181904 1.38624222016614 -0.27986773922169217 -0.89816587276139959
decision_type=2 2 2 2 2 2 2 2 2 2 2 2 2 2 2 2 2 2 2 2 2 2 2 2 2 2 2 2 2 2
left_child=2 -2 4 5 11 6 -4 -7 -9 -5 -6 12 15 -14 -15 17 18 27 19 22 -20 -22 23 -17 25 26 -24 -1 -29 -30
right_child=1 -3 3 9 10 7 -8 8 -10 -11 -12 -13 13 14 -16 16 -18 -19 20 -21 21 -23 24 -25 -26 -27 -28 28 29 -31
leaf_value=-0.01283721536649185 0.033459757399064066 -0.022002888700871734 0.028665920324964685 -0.026665892078236716 0.031423067463866833 -0.011756141713289691 -0.02635097456410784 -0.07635091880931609 -0.02328019485971149 0.057437858126632761 -0.019592224192528811 -0.02399237417554357 0.02788450740066041 -0.0297840203029088 0.0068444655171262594 -0.001072160240281673 0.0036797947980679382 0.039035906947280791 -0.064036441747367293 0.059857510768341227 0.017889377720734189 -0.038375975422631027 -0.091783256450192571 -0.060216270294219588 0.031499857020756743 -0.053773974574611132 0.04269020067889754 -0.055324076039951813 0.04526269791985893 -0.025464322466995273
leaf_weight=75.166812984505668 5.7206167867407185 2.4719235175289214 4.9946581590920687 0.87278628908097733 11.725669946521519 7.3837201576679936 4.3371202535927349 4.086405176669361 4.2239142134785617 3.2512084331829092 2.1407396206632248 7.0401902995072296 16.038180782692507 6.6905130827799431 30.35574249480851 4.4262044429779053 192.16445209295489 2.9654567651450625 3.4062804989516726 2.850839787162843 3.6736158831045023 5.6300922017544499 0.51915478706359985 4.2590664806775766 4.4194610109552714 2.6453159488737583 2.1473796786740422 2.5957217048853645 7.5418774187564841 3.1110976003110382
leaf_count=516 56 18 38 11 121 36 22 15 26 81 12 134 214 73 1017 72 2045 27 20 18 32 30 5 26 116 53 131 26 55 17
internal_value=9.33008e-06 0.0167251 -0.000316214 -0.0104557 0.000438709 -0.0187106 0.00309578 -0.0316769 -0.0493765 0.0396385 0.0235472 -0.000409784 3.81993e-05 0.00858472 0.000229401 -0.00139063 0.0012783 -0.00799549 -0.0123037 -0.00233131 -0.0289904 -0.0161593 -0.011958 -0.0300751 0.00421172 -0.018492 0.0165092 -0.00957292 0.00894713 0.0246076
internal_weight=428.856 8.19254 420.664 29.1498 391.514 25.0258 9.33178 15.694 8.31032 4.12399 13.8664 377.647 370.607 53.0844 37.0463 317.523 226.142 91.381 33.9774 21.2674 12.71 9.30371 18.4166 8.68527 9.73131 5.31185 2.66653 88.4155 13.2487 10.653
internal_count=5063 74 4989 229 4760 137 60 77 41 92 133 4627 4493 1304 1090 3189 2548 641 503 421 82 62 403 98 305 189 136 614 98 72
is_linear=0
shrinkage=0.05


Tree=115
num_leaves=31
num_cat=0
split_feature=4 4 4 4 0 4 4 4 4 4 4 6 5 6 1 1 3 0 6 6 3 7 0 5 3 2 2 3 1 0
split_gain=0.910765 1.42716 3.1586 4.61045 1.69797 1.63054 10.4792 7.1722 3.31184 10.7395 6.43091 2.39503 3.15047 4.17261 3.33064 2.75482 2.17575 2.14114 1.9428 2.20348 3.47587 1.91388 4.14519 1.78115 1.67145 3.14912 1.54263 2.35357 4.74891 3.39252
threshold=2.1473108224874662 1.871184381500975 1.7791422345054781 1.6870999954678338 -0.5347122480721701 1.2268893525324958 1.1348471134948515 1.3189314995279926 0.85872076455050717 0.76667852551286308 0.95076291154600423 -0.34952813990062109 -0.1388013739698499 -0.31925498733582119 -0.23142983651022844 -0.18458070058130868 0.42743532865164818 1.6995613547709489 -0.3008378233139663 -0.34690230536733691 0.010155481456025706 -0.33465174375543633 1.9668001027168092 -1.1408902004391888 -0.22530740658762852 0.68908008171291002 -0.011552942454124868 0.28646240215302016 -0.24606981199935551 0.68073494127378409
decision_type=2 2 2 2 2 2 2 2 2 2 2 2 2 2 2 2 2 2 2 2 2 2 2 2 2 2 2 2 2 2
left_child=1 2 3 5 -3 6 8 -7 9 17 -10 21 13 -13 -15 -16 -14 26 19 20 23 22 -9 -12 -20 -26 27 -1 29 -29
right_child=-2 4 -4 -5 -6 7 -8 11 10 -11 18 12 16 14 15 -17 -18 -19 24 -21 -22 -23 -24 -25 25 -27 -28 28 -30 -31
leaf_value=0.00090320195647304959 -0.036078900955421989 -0.0023270308182472069 -0.063842801822530312 0.07303665972601206 0.061481905395847941 -0.061051917357658907 0.064791335629020536 -0.043013958468901388 -0.05793795215265695 0.058643041474651193 -0.025882157309853271 -0.030520188888946621 -0.049336314998491969 0.061177756335812551 -0.090348365583691193 0.047410337082824154 -0.0025423658971281027 -0.040416160477326497 -0.053581314197194967 0.045778623436441193 -0.056638366682750622 0.057190417535560062 0.068060120728803172 0.038025736497711501 -0.03927495711661215 0.026980816315228834 -0.0028106042875016657 0.05646583293936866 0.0023484091895454909 -0.056620719508667629
leaf_weight=113.63853206462227 1.741212970111518 2.1060170717537403 1.9364210129715491 2.1592231648974112 2.0646923044696441 5.8613258479163077 6.2697375209536395 2.071993812918663 7.135352905374023 7.8788950829766682 1.5574836600571895 3.488491810858255 5.4332488998770661 4.2625192692503386 0.78114257659763608 0.67780553502960927 4.576498253736645 3.3100345819257191 2.564851354341954 3.3167697712779054 2.1586827784776688 2.8628103993833092 1.4126189053058626 3.6343986913561821 3.631418145494532 3.5433479733765125 201.31677287584171 8.1547425433527678 17.449443263467401 0.72190267685800869
leaf_count=1551 34 15 29 39 38 77 154 40 105 213 30 19 26 29 4 85 46 149 16 32 9 29 10 35 55 24 1506 242 410 12
internal_value=8.98374e-06 0.000156496 -0.000131285 0.000162549 0.0292613 -0.00021415 0.00067691 -0.011166 -0.000380899 0.000923903 -0.017079 0.000270427 -0.00852405 0.0125801 0.0388592 -0.0263477 -0.0279419 -0.000395814 -0.00279253 0.0119489 -0.00331602 0.0268997 0.0020141 0.0188544 -0.0189381 -0.00655371 -7.66267e-06 0.00402392 0.0174947 0.0472689
internal_weight=427.718 425.977 421.806 419.87 4.17071 417.711 386.282 31.4285 380.013 352.47 27.5423 25.5671 19.2197 9.20996 5.72147 1.45895 10.0097 344.591 20.407 10.6673 7.35057 6.34742 3.48461 5.19188 9.73962 7.17477 341.281 139.965 26.3261 8.87665
internal_count=5063 5029 4976 4947 53 4908 4543 365 4389 4083 306 288 209 137 118 89 72 3870 201 106 74 79 50 65 95 79 3721 2215 664 254
is_linear=0
shrinkage=0.05


Tree=116
num_leaves=31
num_cat=0
split_feature=3 3 3 7 7 3 0 0 1 7 5 0 3 6 7 0 7 7 6 0 0 5 2 2 2 3 1 5 3 5
split_gain=0.890939 5.55883 5.53206 5.84156 2.93606 2.93626 2.66978 2.54664 2.72021 2.22376 2.32254 1.71689 3.23867 2.56433 1.66517 1.5648 1.42094 1.34064 2.4214 1.2601 2.05437 1.95176 1.25406 1.24139 3.33861 3.72139 3.47042 3.4005 3.68388 2.89831
threshold=-1.2294918527492065 -1.2162327775001465 -1.2468658134203887 -0.84942161351248091 -0.8507282742077924 -1.2022116864321746 -1.0473081786632019 1.1992588846131529 -0.12762423356280558 2.6636717763212521 0.80122844122339487 -1.6877215719069374 -1.0478272815207041 -0.32954005603889941 0.61259559405185537 1.9668001027168092 -0.40728030073649374 -0.41321471806103288 -0.25567461871577313 1.9668001027168092 0.33311807327612236 -0.94660553505273415 -1.5518385629752418 0.97646373688526711 0.33526351918818315 0.32684927103596262 -0.43925956003961947 -0.66729479009757864 0.52390654656616109 -0.38016789873922541
decision_type=2 2 2 2 2 2 2 2 2 2 2 2 2 2 2 2 2 2 2 2 2 2 2 2 2 2 2 2 2 2
left_child=2 -2 3 15 5 -3 16 11 -9 10 14 12 -6 -14 19 -1 -5 18 -10 20 21 -8 -12 24 25 -13 -26 28 -27 -28
right_child=1 4 -4 6 7 -7 9 8 17 -11 22 23 13 -15 -16 -17 -18 -19 -20 -21 -22 -23 -24 -25 26 27 29 -29 -30 -31
leaf_value=-0.051023780386539153 -0.057386621719696954 -0.029764114876549147 0.058965822941064373 -0.056295037925359129 0.072684843271221364 0.072858493531567994 -0.028418960592182775 -0.052728208708277859 -0.082281565008562985 -0.062043163792268187 0.17234281314511879 -0.0033421919362752873 -0.044917334914005326 0.026620311819319377 -0.042145680515689933 0.0013275733650470302 0.0047751394928126842 0.061638510146123864 0.016926532011945623 0.054917634521190466 -0.013268507345524323 0.038495604802032457 0.052154208040246113 0.0033466270197472781 0.05111946119446046 0.054967838411433816 0.018002079497811321 0.019174659230178574 -0.062080575191840653 -0.02314190292081679
leaf_weight=5.7420664471574154 4.2759015895426264 0.95367922633886371 4.5646713618189088 1.9404440838843586 2.3302517142146826 2.5900101452134541 1.2874591564759601 4.7437854507006705 0.85900789499282915 0.80797103606164355 0.23329110420310017 144.95268362178467 1.8874572739005087 3.7248405031859866 1.1895526973530639 1.8996084183454511 1.870754496660086 0.79716471675783207 2.1657173421699554 2.1324820127338162 4.6326600518077603 7.0960614001378515 3.1150262423325223 139.32682205690071 1.8850068263709534 0.90167429996654336 4.8556769315619013 34.012943787733093 2.6416712952777743 36.12095999950543
leaf_count=278 50 9 42 23 21 405 27 231 8 6 38 1031 10 47 19 10 38 14 176 17 69 155 311 1028 17 24 52 634 51 222
internal_value=9.69761e-06 -0.0006912 0.00747755 0.00012086 -6.11165e-05 0.0452407 0.0121091 -0.000482242 -0.0274371 0.0192552 0.0225918 0.000137356 0.023135 0.00256167 0.0148172 -0.03801 -0.0263183 0.00395449 -0.0112481 0.0192902 0.0134533 0.0282195 0.0605282 -0.000363497 -0.00265714 0.000292005 -0.0152149 0.0143186 -0.0322953 -0.0182664
internal_weight=425.537 389.025 36.512 31.9474 384.749 3.54369 24.3057 381.206 8.56568 20.4945 19.6865 372.64 7.94255 5.6123 16.3382 7.64167 3.8112 3.82189 3.02473 15.1487 13.0162 8.38352 3.34832 364.697 225.371 182.509 42.8616 37.5563 3.54335 40.9766
internal_count=5063 4030 1033 991 3980 414 703 3566 429 642 636 3137 78 57 287 288 61 198 184 268 251 182 349 3059 2031 1740 291 709 75 274
is_linear=0
shrinkage=0.05


Tree=117
num_leaves=31
num_cat=0
split_feature=1 3 3 3 3 7 0 7 5 7 0 1 0 3 6 0 4 0 4 4 7 0 2 6 2 5 7 1 2 5
split_gain=0.855938 1.37651 0.861904 5.18015 5.02092 5.45927 2.45586 2.06252 2.27179 1.83217 3.11234 1.8556 1.57573 2.99736 2.34216 1.53844 1.52677 1.67805 1.58727 1.46833 1.3209 1.21636 2.49921 1.18916 2.01117 1.78851 3.20033 1.33122 4.31027 2.93395
threshold=0.19676597085561209 2.2315840577081043 -1.2294918527492065 -1.2162327775001465 -1.2468658134203887 -0.84942161351248091 -1.0473081786632019 2.6636717763212521 0.80122844122339487 -0.8507282742077924 1.1992588846131529 -0.12762423356280558 -1.6877215719069374 -1.0478272815207041 -0.32954005603889941 1.9668001027168092 0.21442564353988061 0.19962641271934417 -1.8105015903610546 -1.0000000180025095e-35 -0.40728030073649374 1.9668001027168092 -0.47035950333894377 -0.39433179566134463 -0.68256253185379967 -0.24796046245105077 0.97407783099018419 -0.44244565892480509 0.11515883161561412 1.067746771576741
decision_type=2 2 2 2 2 2 2 2 2 2 2 2 2 2 2 2 2 2 2 2 2 2 2 2 2 2 2 2 2 2
left_child=2 -2 4 -4 5 15 20 8 16 -5 12 -12 13 -11 -15 -1 17 18 -8 -10 -7 22 -18 24 -14 -26 -27 28 29 -25
right_child=1 -3 3 9 -6 6 7 -9 19 10 11 -13 23 14 -16 -17 21 -19 -20 -21 -22 -23 -24 27 25 26 -28 -29 -30 -31
leaf_value=-0.050974095573892986 0.041451314968105918 -0.069479418042827742 -0.05661342075230627 0.042352624140526193 0.056439195407865864 -0.054666764445565091 -0.032302800874995805 -0.060859903334584534 0.05196653635456823 0.07051780397919441 -0.052610019635379618 -0.0016949219397252278 -0.05175837928460221 -0.043214658653939052 0.025549274212762735 0.0012614458252260419 -0.021605176304823229 -0.021177535995049065 0.039043479466389801 0.19573128756691671 0.004541139437083062 0.06600872378212988 0.047520853786915784 0.01703726171381512 -0.041047440184472372 0.048493649428410363 -0.023565317992227539 -0.00044423426943524414 0.064661694559468394 -0.04492420247296159
leaf_weight=5.4672121331095722 2.3493038949090983 0.31743550300598133 4.1215135287493458 2.5063370773568741 4.5314342202618709 1.8993936879560354 1.0166978770866988 0.78312913374975224 2.9988485795911499 2.2829851750284433 4.5223101647570729 2.9612958990037432 2.9543725792318574 1.8643307387828825 3.68790165381506 1.8992386907339094 2.2137440145015725 4.478341355919838 3.3421778827905744 0.1887869215570287 1.8688446376472736 1.8696231693029401 3.1942392978817207 6.3176676835864765 2.3482188135385513 2.8997833169996721 3.2879337780177593 339.25219891301822 3.3526532696560016 2.7387147657573223
leaf_count=278 627 1 50 21 42 23 11 6 341 21 231 51 80 10 47 10 34 56 76 8 38 14 96 52 11 24 36 2694 39 35
internal_value=8.97348e-06 0.0282467 -0.000169956 -0.000859399 0.00725635 0.000117763 0.0117368 0.0186857 0.021913 -0.000256237 -0.000538405 -0.0324627 0.000105577 0.0222901 0.00245969 -0.0375066 0.014284 0.000317728 0.0224021 0.060481 -0.0253028 0.0312433 0.0192243 -0.000373068 -0.0162017 -0.00389512 0.0102041 0.000144122 0.0162293 -0.00170033
internal_weight=423.517 2.66674 420.85 385.098 35.7517 31.2203 23.8538 20.0856 19.3025 380.977 378.47 7.48361 370.987 7.83522 5.55223 7.36645 16.1148 8.83722 4.35888 3.18764 3.76824 7.27761 5.40798 363.152 11.4903 8.53594 6.18772 351.661 12.409 9.05638
internal_count=5063 628 4435 3402 1033 991 703 642 636 3352 3331 282 3049 78 57 288 287 143 87 349 61 144 130 2971 151 71 60 2820 126 87
is_linear=0
shrinkage=0.05


Tree=118
num_leaves=31
num_cat=0
split_feature=6 6 2 7 0 7 7 6 6 3 1 1 7 3 3 1 5 1 0 7 1 4 2 4 1 3 0 7 0 5
split_gain=0.842257 1.77664 1.57048 1.70132 1.29401 0.953278 2.84693 2.11702 2.29654 2.36376 2.88541 3.15167 4.00832 3.0373 2.55862 3.5428 3.6289 3.54652 2.81812 2.22163 2.06528 2.06314 2.20783 2.40156 2.03599 1.86851 1.82759 1.77735 1.73955 2.5554
threshold=1.0000000180025095e-35 -0.029339383243277305 1.5161293629221668 -0.4887832616065409 -1.290409896950377 -0.57886118328956893 -0.57453286973634998 -0.0846927823952877 -0.15205499317171395 0.85157337917873976 -0.18822960466321795 -0.26022231985497252 -0.66755077798382867 0.41751206909177146 -0.25548320253589124 -0.43380396045593289 -0.45594843354860759 -0.40954018576513695 1.9857585475218218 -0.69365676979223723 -0.46139035719728066 1.0000000180025095e-35 0.14572827953110773 -0.24578499939545764 -0.35729582234729645 -1.1915434649674137 0.75961552443556102 -0.66755077798382867 1.1992588846131529 -1.0858275335679293
decision_type=2 2 2 2 2 2 2 2 2 2 2 2 2 2 2 2 2 2 2 2 2 2 2 2 2 2 2 2 2 2
left_child=1 5 3 4 -2 7 -7 8 9 10 11 14 -13 -14 15 18 17 -17 19 -1 21 22 23 26 -19 -22 -8 -12 -27 -30
right_child=2 -3 -4 -5 -6 6 20 -9 -10 -11 27 12 13 -15 -16 16 -18 24 -20 -21 25 -23 -24 -25 -26 28 -28 -29 29 -31
leaf_value=-0.0334598740452993 -0.066094030268534998 -0.038960478058574416 0.081103551573077692 -0.018837088892462803 0.029241542710644022 0.045141068715411292 0.041066266943748375 0.051741424900082114 -0.039623615281974077 0.044305337181044624 -0.0031153596597141477 -0.029294548731802567 0.073474373939698731 0.0077892170682079005 -0.027534099131008162 0.044539989148544547 0.057492257548606568 -0.038007693234465754 0.039879309464663858 0.0048872628591909535 -0.040804834787708841 0.046281171557382261 -0.058211461605099449 -0.036000058265893753 0.0076539149721037121 0.00045357456688713748 -0.006218173425005964 -0.063135653393149832 0.057506739197906859 -0.050854478137295135
leaf_weight=12.621874808799472 0.37784450221806665 2.959125915542244 0.80048162303865034 3.6740177182946328 6.1374840780626982 3.6229551136493674 5.9336354199331236 1.5960928369313467 4.8727522478438905 2.4331619380973271 1.9446633444167671 2.6371429748833179 3.7846675440669113 3.2896470436826348 12.37228055950254 3.7139475615695128 3.9208699497394255 4.4180882107466459 2.0504258424043647 5.3898533796891579 2.826987510547041 4.5794782978482536 1.1756154969334591 1.9808023385703588 5.4560550274327397 306.73353948374279 3.1170463203452528 3.3724838816560796 0.65169936511665616 3.2941854717209926
leaf_count=385 3 39 22 41 656 33 366 44 72 79 25 22 32 27 67 33 33 55 15 59 29 114 6 19 48 2451 88 26 17 157
internal_value=7.72324e-06 -0.000357769 0.0136681 0.00837035 0.0237127 -7.76483e-05 0.00105943 -0.00521731 -0.00647511 -0.00407879 -0.00589074 -0.00274498 0.0233174 0.0429299 -0.00781279 -0.0013185 0.0151167 0.00288915 -0.0156621 -0.0219848 0.000575898 0.0176623 0.00692602 0.0138677 -0.0127769 -0.000338989 0.0247815 -0.0411842 2.92248e-05 -0.0329576
internal_weight=421.739 410.749 10.9898 10.1893 6.51533 407.79 333.916 73.874 72.2779 67.4052 64.972 59.6549 9.71146 7.07431 49.9434 37.5711 17.509 13.5881 20.0622 18.0117 330.293 16.7866 12.2071 11.0315 9.87414 313.506 9.05068 5.31715 310.679 3.94588
internal_count=5063 4341 722 700 659 4302 3280 1022 978 906 827 776 81 59 695 628 169 136 459 444 3247 593 479 473 103 2654 454 51 2625 174
is_linear=0
shrinkage=0.05


Tree=119
num_leaves=31
num_cat=0
split_feature=4 4 4 4 0 4 4 4 4 4 4 6 5 6 1 1 3 0 6 6 3 7 0 6 5 5 1 2 4 4
split_gain=0.845121 1.35425 2.88239 4.28698 1.62463 1.60259 9.79329 6.73738 3.05515 9.96476 6.14746 2.1419 2.81072 3.63681 3.08271 2.466 1.99401 1.79913 1.77973 2.06698 3.1802 1.76782 3.5863 1.69775 1.60374 2.70351 1.99529 1.51025 1.42529 14.5904
threshold=2.1473108224874662 1.871184381500975 1.7791422345054781 1.6870999954678338 -0.5347122480721701 1.2268893525324958 1.1348471134948515 1.3189314995279926 0.85872076455050717 0.76667852551286308 0.95076291154600423 -0.34952813990062109 -0.1388013739698499 -0.31925498733582119 -0.23142983651022844 -0.18458070058130868 0.42743532865164818 1.6995613547709489 -0.3008378233139663 -0.34690230536733691 0.010155481456025706 -0.33465174375543633 1.9668001027168092 -0.39547483062184702 -0.25517261798024088 -0.32142873521376752 -0.22359998143760404 0.91608359588794719 0.30646788257752478 0.39851002957302184
decision_type=2 2 2 2 2 2 2 2 2 2 2 2 2 2 2 2 2 2 2 2 2 2 2 2 2 2 2 2 2 2
left_child=1 2 3 5 -3 6 8 -7 9 17 -10 21 13 -13 -15 -16 -14 28 19 20 23 22 -9 -12 25 26 -20 -18 -1 -30
right_child=-2 4 -4 -5 -6 7 -8 11 10 -11 18 12 16 14 15 -17 27 -19 24 -21 -22 -23 -24 -25 -26 -27 -28 -29 29 -31
leaf_value=0.0018819359159087075 -0.035532351406031046 -0.0021710765894256945 -0.06312414830162337 0.072223387310881501 0.061011437127979441 -0.060934385837752771 0.064489899615783719 -0.043114775392493504 -0.057819749313421098 0.058061504509045361 -0.0039822294508534643 -0.029102213850039957 -0.047385923618916609 0.058323870394397397 -0.087789132310006512 0.046590555974047175 -0.031571607017732699 -0.038894193700640366 -0.078041823123983806 0.044688411380988821 -0.054721095007839574 0.055248321600618315 0.06518225792539728 0.05670209447010436 -0.03220777528486312 0.071897225301117168 0.023667077756957419 0.026152124427258283 -0.061988268504945127 0.0020115394921477545
leaf_weight=252.48484855215065 1.6660744259133924 2.0724577400833368 1.8081270097754885 2.0525667963083825 1.9985735081136216 5.5752573763020363 5.9166648918762794 1.8939026948064568 6.7670149705372777 7.4626690028235307 3.1077838893979814 3.3523085983470136 5.3522339039482123 4.1661945423111373 0.76551107177511368 0.61622306983916886 2.2359884204342961 3.0001252801157525 0.9191199094057082 3.2598627423867592 2.1171849630773067 2.770937321707609 1.2818774580955503 1.8319453448057172 6.5199628858827019 1.1589246243238447 1.0143720929045232 2.2973641864955425 10.108469218015669 74.820129039464518
leaf_count=3032 34 15 29 39 38 77 154 40 105 213 49 19 26 29 4 85 29 149 3 32 9 29 10 16 35 12 45 17 76 613
internal_value=7.85694e-06 0.000149267 -0.00013248 0.0001434 0.0288468 -0.000216751 0.000664649 -0.011282 -0.00034352 0.000907403 -0.0166442 -8.92595e-05 -0.00836789 0.0120149 0.0368597 -0.0278587 -0.026719 -0.00034555 -0.00266293 0.0117597 -0.00345129 0.0260631 0.000598429 0.0185231 -0.0181425 0.0115123 -0.0246821 -0.00231899 -2.79347e-06 -0.00560592
internal_weight=420.395 418.729 414.658 412.849 4.07103 410.797 380.489 30.3078 374.572 347.876 26.6962 24.7325 18.7858 8.90024 5.54793 1.38173 9.88559 340.414 19.9292 10.3168 7.05691 5.94672 3.17578 4.93973 9.61238 3.09242 1.93349 4.53335 337.413 84.9286
internal_count=5063 5029 4976 4947 53 4908 4543 365 4389 4083 306 288 209 137 118 89 72 3870 201 106 74 79 50 65 95 60 48 46 3721 689
is_linear=0
shrinkage=0.05


Tree=120
num_leaves=31
num_cat=0
split_feature=2 3 1 2 3 2 3 0 6 5 7 7 3 1 0 0 5 5 5 6 3 6 6 7 0 6 0 4 3 3
split_gain=0.838929 2.0715 4.17126 1.15233 4.326 2.70363 2.54114 2.53343 2.32069 1.97796 2.08064 1.77779 1.3498 1.6291 3.03125 2.64869 2.25648 3.84431 2.51243 2.12085 2.06371 2.06228 2.2776 2.05354 1.995 2.94758 1.94867 2.67999 2.54962 4.25534
threshold=2.0589751712411388 -0.086352922830449708 -0.27582429511803336 1.7383792152987647 0.59706004994134887 1.5869265971197628 0.13192560931808389 -0.72714610480119424 -0.33875611237805747 0.10666346010587291 -0.33789117339589581 0.78474814065912935 1.7669070551809316 -0.23317771871060625 -0.75876158661485649 -0.7186822883201065 -0.47813633960003421 -0.77662554651860782 -0.66729479009757864 -0.31452320102605441 0.5557588230369781 -0.29279242191010552 -0.26061443977561777 -0.39598313014161407 -0.37140994613010209 -0.18959009584928685 -0.77427946276305482 -0.89008012040608409 0.13192560931808389 -0.15154427531699513
decision_type=2 2 2 2 2 2 2 2 2 2 2 2 2 2 2 2 2 2 2 2 2 2 2 2 2 2 2 2 2 2
left_child=3 -2 -3 5 6 12 7 -5 -6 -8 -11 -7 13 26 20 -16 17 19 -19 -17 -15 -22 -23 -24 -18 -26 28 -28 29 -1
right_child=1 2 -4 4 8 11 9 -9 -10 10 -12 -13 -14 14 15 16 24 18 -20 -21 21 22 23 -25 25 -27 27 -29 -30 -31
leaf_value=-0.0037294961150303296 -0.016660351039100931 0.069478714491738355 -0.025303933754680891 0.027789202250852074 -0.04237343168774383 0.030166884058350957 -0.011208114958192138 -0.024971500998229205 0.057104986704413496 -0.073657583074834276 -0.023143312705274203 -0.019501608363142599 -0.022393098776051716 0.048641779179028385 -0.048181340917871379 -0.017458515514281424 0.038983037077955161 -0.052839946905745019 -0.0065445067881801629 0.048321265248902977 0.062615732573187963 -0.041306933098674586 0.059791763159755498 -0.0045165421749120641 0.02242908144225339 -0.043194372972654792 -0.011979561723438236 0.0034973024933535853 0.0032646144077173502 -0.032494636418448235
leaf_weight=35.511723087634891 3.0405139792710543 3.2449038811028004 1.807289156364275 4.8746381085366011 0.71805705409497056 11.428158889058976 7.3292633183300486 4.2667505666613632 3.1944001500960431 3.8590145036578196 4.3210600875318015 2.1387701574712983 6.8413994102738789 6.3335280856117597 2.617366157937794 1.8079808300826661 6.6510009500198066 4.4549403390847155 8.5648176963441056 3.8025496386690074 1.6360187171958376 2.2653765659779292 1.9289786804001763 3.4826336400583409 5.4638218763284385 2.4913934571668523 32.8841908571776 187.20928053476382 33.805328436661512 20.153726788237691
leaf_count=295 16 30 28 38 8 121 36 22 84 14 27 12 134 73 26 23 114 29 121 633 21 21 49 50 98 46 503 2045 249 97
internal_value=6.25006e-06 0.0159482 0.0355727 -0.00030839 -0.0099951 0.000416913 -0.0177472 0.0031631 0.0388476 -0.030072 -0.0469738 0.0223369 -0.000391409 2.54762e-05 0.00825968 0.000246288 0.00405995 -0.00747557 -0.0223853 0.0271239 0.0266223 0.0116474 0.000785701 0.0184063 0.0187736 0.0018773 -0.0013444 0.0011849 -0.00756635 -0.0141439
internal_weight=418.129 8.09271 5.05219 410.036 28.5632 381.473 24.6507 9.14139 3.91246 15.5093 8.18007 13.5669 367.906 361.065 51.5004 35.8539 33.2365 18.6303 13.0198 5.61053 15.6465 9.31301 7.67699 5.41161 14.6062 7.95522 309.564 220.093 89.4708 55.6654
internal_count=5063 74 58 4989 229 4760 137 60 92 77 41 133 4627 4493 1304 1090 1064 806 150 656 214 141 120 99 258 144 3189 2548 641 392
is_linear=0
shrinkage=0.05


Tree=121
num_leaves=31
num_cat=0
split_feature=5 7 4 4 4 1 2 3 2 5 2 2 5 3 3 2 3 4 3 2 2 3 1 6 6 4 1 1 0 2
split_gain=0.803712 1.23086 0.847433 12.0824 9.75803 2.04913 2.54723 2.26117 2.03111 1.92958 2.93365 2.42113 2.41533 2.25666 2.84656 3.69241 2.10262 3.15523 1.8839 2.50648 6.0639 4.85006 4.69192 3.87351 3.57819 3.31076 3.30301 4.12946 2.95564 3.73433
threshold=2.8119568026088237 2.8172860743137966 -0.24578499939545764 -0.15374285239996058 -0.33782723843310175 -0.15496332206069161 -0.56769956538561817 -0.24923470330144984 -1.1760400074157753 -0.16502873174825422 0.045484203462505902 2.0589751712411388 -0.12304435915002798 0.25994426689521632 -0.086352922830449708 -0.57608522678031926 -0.47768704581111826 -1.2582487083880722 1.6177040225510992 1.0332201840986603 0.88734944934584081 0.28021387243794593 -0.27766187853951774 -0.32354231091743663 -0.27387926193661766 -0.52191153242409583 -0.32054121352941184 -0.3592266011235079 -0.89064726744976597 0.61764094035972605
decision_type=2 2 2 2 2 2 2 2 2 2 2 2 2 2 2 2 2 2 2 2 2 2 2 2 2 2 2 2 2 2
left_child=1 2 4 -4 5 9 7 -7 -5 10 13 12 -11 14 15 -1 17 -17 19 20 21 23 -23 28 25 26 27 -21 -14 -30
right_child=-2 -3 3 8 -6 6 -8 -9 -10 11 -12 -13 18 -15 -16 16 -18 -19 -20 24 -22 22 -24 -25 -26 -27 -28 -29 29 -31
leaf_value=-0.031356335000419157 -0.032596842611099075 0.03255819656580701 -0.059130108415767969 -0.036302335318346611 0.057312814700970618 0.06643179055716994 0.054581094115213551 -0.045905173133157499 0.00076408686866028062 0.037512397973568479 -0.023793035732274811 0.064942308008649322 -0.032084855571212677 0.041877193436452569 -0.032651072491769143 -0.024546896235494955 0.045264259511143469 0.029212478646933306 -0.037949400907331073 0.0083236860102223649 -0.061340291033651274 0.070518644508676606 -0.0043072339838152729 -0.039405222377633116 0.057650538193198347 0.047826059617114634 0.031131670656067097 -0.054106929545168325 0.0047470841673317677 0.1027872616468527
leaf_weight=5.1876984341070118 1.8815853325650085 2.9102196241728953 8.8673368883319181 3.7502130866050711 7.8251588047714895 0.62813029414974186 3.635670678690075 1.5615975039545444 254.87081494985614 4.5639513870701185 20.216387102380395 1.5684942230582226 5.3754668491892472 3.0094754002057007 6.4954256559722117 4.9059574725106412 4.706508412957187 6.1519060237333179 3.1264073820784679 5.9510069601237801 4.3188443481922141 4.4023868914227933 3.9972067847847921 7.442920377943671 4.0876980796456328 3.8111561685800561 4.6134203579276809 4.7732607871294013 21.38651977386326 1.0174901783466328
leaf_count=76 16 38 128 164 276 14 243 43 2653 32 110 18 42 37 30 30 25 63 51 31 18 162 29 29 36 24 38 17 584 6
internal_value=7.56175e-06 0.000155332 -7.34125e-05 -0.0017411 0.00300815 -9.50921e-05 0.0289218 -0.013681 0.000226594 -0.00138436 -0.00902659 0.00343011 0.00220677 0.000774915 -0.00373174 0.00523365 0.0172746 0.00536147 3.82014e-05 0.00170678 -0.00482549 0.00076982 0.0349104 -0.0073718 0.0151839 0.00611859 -0.00424501 -0.0194635 0.00121088 0.00919963
internal_weight=417.04 415.159 412.249 267.488 144.76 136.935 5.8254 2.18973 258.621 131.11 50.6734 80.4362 78.8677 30.457 27.4475 20.9521 15.7644 11.0579 74.3038 71.1774 47.9408 43.622 8.39959 35.2224 23.2365 19.1488 15.3377 10.7243 27.7795 22.404
internal_count=5063 5047 5009 2945 2064 1788 300 57 2817 1488 371 1117 1099 261 224 194 118 93 1067 1016 870 852 191 661 146 110 86 48 632 590
is_linear=0
shrinkage=0.05


Tree=122
num_leaves=31
num_cat=0
split_feature=4 4 4 4 4 4 4 5 4 2 1 3 3 3 1 7 0 0 7 7 7 7 3 3 7 1 5 3 6 5
split_gain=0.792586 6.91114 9.28951 6.34788 4.79314 14.5307 10.5884 2.49987 3.54319 2.69426 2.30782 4.07147 2.7475 3.0247 3.16525 4.96222 2.7209 6.59662 5.34985 5.75682 2.85658 2.287 2.39084 3.96585 3.54121 4.52054 5.09412 3.37874 2.75581 2.90181
threshold=1.0000000180025095e-35 -0.24578499939545764 -0.33782723843310175 -0.15374285239996058 0.30646788257752478 0.39851002957302184 0.21442564353988061 0.98480453059191408 1.2268893525324958 -0.91556293691908641 -0.33203770776548741 -0.15154427531699513 0.45242949323289472 -1.2447321691274367 -0.46382645497508307 -0.84942161351248091 0.23344636145116224 -0.2325911047311516 -0.15974976526844467 -0.31102296284855563 -0.14651982572841701 0.20491745711470552 0.51049506815331835 0.82139750702889514 -0.67389352677565262 -0.27766187853951774 -0.51069789401536447 0.68286303115078406 -0.34119523730057044 -0.082554548656509893
decision_type=2 2 2 2 2 2 2 2 2 2 2 2 2 2 2 2 2 2 2 2 2 2 2 2 2 2 2 2 2 2
left_child=1 2 -1 -3 6 -6 -2 9 -9 -7 12 -12 13 14 15 -11 17 18 19 -15 -18 22 24 27 -13 28 -27 -24 -26 -30
right_child=4 3 -4 -5 5 7 -8 8 -10 10 11 21 -14 16 -16 -17 20 -19 -20 -21 -22 -23 23 -25 25 26 -28 -29 29 -31
leaf_value=-0.00013954532020842228 0.0047731613918658607 -0.058797720684465295 0.057028295710919566 -0.010482918919730102 -0.060987781770806562 -0.050525934408397581 0.060856099437205602 0.064182343365825623 -0.0071512585427605376 -0.036703341282785532 0.047285977130948044 -0.032851200314456118 0.04471039932763704 -0.012296252137664585 0.073639298117531865 0.029375679975101206 -0.050996276427214743 0.042794995125465495 -0.039063258119909079 0.049506191549692644 0.0049348671068478707 0.043541789079002344 -0.018158833631684575 0.0048447797754074071 -0.036519170833533177 -0.0013179891144410821 0.066177964429578434 -0.085671999928897416 -0.0054579562899400649 0.040217184362794596
leaf_weight=139.52105155528989 52.132902895682491 8.4813515427522344 7.4874107439536592 34.26167600415647 9.9666136493906361 2.5996540780179194 10.036261618137358 3.6908573284745207 3.2947604265064001 4.6174101792275861 5.8090097741223863 4.2217705711955196 2.622048493474721 19.417810315266252 1.8856172459200031 7.3853502795100221 7.8894536150619388 5.7550608478486529 14.120304029434921 4.6752294786274424 3.2123850993812066 3.405026923865079 7.6739122730214167 17.545327194267884 3.9041248224675682 4.5358527097851038 7.285622665658595 2.443186572403647 9.9204640788957494 5.354102890938516
leaf_count=1829 420 128 278 282 99 137 181 46 31 182 82 164 25 127 17 146 57 42 61 35 19 45 82 330 20 35 58 10 53 42
internal_value=7.86322e-06 -0.00237322 0.00277212 -0.0200699 0.00201236 -0.0024874 0.0138269 0.00131682 0.0305379 -7.86502e-05 0.000834117 0.00714818 -0.00552561 -0.00743576 0.0134163 0.00395537 -0.0126945 -0.0071099 -0.0146257 -0.000303552 -0.0348123 0.00363086 0.00146979 -0.00953129 0.0101098 0.0159604 0.04028 -0.0344626 0.000970143 0.0105523
internal_weight=415.152 189.751 147.008 42.743 225.4 163.231 62.1692 153.264 6.98562 146.279 143.679 72.0984 71.5807 68.9586 13.8884 12.0028 55.0702 43.9684 38.2133 24.093 11.1018 66.2894 62.8844 27.6624 35.2219 31.0002 11.8215 10.1171 19.1787 15.2746
internal_count=5063 2517 2107 410 2546 1945 601 1846 77 1769 1632 921 711 686 345 328 341 265 223 162 76 839 794 422 372 208 93 92 115 95
is_linear=0
shrinkage=0.05


Tree=123
num_leaves=31
num_cat=0
split_feature=2 3 1 2 3 2 7 3 5 6 0 4 3 1 0 0 0 7 6 4 3 2 4 0 3 5 7 6 0 0
split_gain=0.765942 1.85346 3.72079 1.04398 3.95392 2.46984 2.45594 2.2841 3.60886 2.09139 1.68783 1.98796 1.22553 1.51695 2.81136 2.46253 1.88854 2.07679 2.58868 4.19284 2.77531 2.94789 1.89921 2.28543 1.86634 1.92712 2.00554 1.84826 2.17539 1.74768
threshold=2.0589751712411388 -0.086352922830449708 -0.27582429511803336 1.7383792152987647 0.59706004994134887 1.5869265971197628 0.08315301357037648 0.31008490777959319 0.25992859678448271 -0.33875611237805747 -0.79169611427910169 -1.0000000180025095e-35 1.7669070551809316 -0.23317771871060625 -0.75876158661485649 -0.62828024045233177 -0.5347122480721701 -0.83194502671269133 -0.22596989657021074 -1.1662064693504284 0.21292240435448043 1.135192152285678 1.2268893525324958 1.1315074668859582 0.5557588230369781 -0.34092390700903202 -0.31554183108650741 -0.09442100190138579 0.41589820205327693 -0.6902887309671617
decision_type=2 2 2 2 2 2 2 2 2 2 2 2 2 2 2 2 2 2 2 2 2 2 2 2 2 2 2 2 2 2
left_child=3 -2 -3 5 6 12 7 8 -5 -6 11 -7 13 29 24 -16 -17 -18 20 -20 -19 22 23 -22 -15 -26 -27 -21 -29 -1
right_child=1 2 -4 4 9 10 -8 -9 -10 -11 -12 -13 -14 14 15 16 17 18 19 27 21 -23 -24 -25 25 26 -28 28 -30 -31
leaf_value=-0.0064788257060940354 -0.015529108488396753 0.067264731896625921 -0.023155540622413776 0.03073333408302514 -0.039106846339957126 0.0012826413203376613 0.012689352035124338 -0.042508760207856738 -0.03299195977796756 0.056631105382174134 -0.00073575081712338704 0.053531074194842078 -0.021510586442493325 0.047405873004594937 -0.027616445295418346 0.051403687113313418 0.054311490217993599 -0.021611638515141012 0.061168123307003941 -0.048584564300801852 0.056627111635656396 -0.043897382984251374 -0.016728197854282228 -0.018131118489228885 -0.023201561796677206 0.060804146782619063 0.0034082295967151747 0.057905665038926885 -0.043180784609479224 0.0014568604213495465
leaf_weight=106.26263108267449 3.0039796102792025 3.1233246186748147 1.7896666903980065 3.6788695855066269 0.70393731724470887 2.7563619134016326 5.4376335479319087 9.624579528346656 5.6090956712141633 3.0078168404288581 5.1803408158011726 5.3622185518033794 6.7315601382870218 6.1140038799494496 6.4476946843788019 2.1721951281651846 1.8290852983482206 4.3657826925627914 1.3280988945625711 6.0971584604121736 6.7125077075324935 1.332932048710062 1.4651642772369085 1.2060042093507943 2.7581218469422302 2.5781599075999102 3.7151851388625801 1.0266498539131164 1.1051155535969881 199.88825691642705
leaf_count=757 16 30 28 26 8 27 31 47 33 84 43 63 134 73 73 59 548 42 62 76 107 10 16 39 41 47 53 34 24 2432
internal_value=7.82289e-06 0.0154099 0.0343271 -0.000293632 -0.00959709 0.000399908 -0.0169247 -0.0254392 -0.00775101 0.0384743 0.0215634 0.0357921 -0.000375148 2.40452e-05 0.00807535 0.000300544 0.00658532 0.0029072 -0.000908754 -0.0212683 0.0119921 0.0256818 0.0355654 0.0452413 0.0260639 0.0116481 0.0269213 -0.034573 0.00550205 -0.00129756
internal_weight=412.414 7.91697 4.91299 404.497 28.0619 376.435 24.3502 18.9125 9.28797 3.71175 13.2989 8.11858 363.136 356.405 50.2539 35.0884 28.6407 26.4685 24.6394 9.55702 15.0824 10.7166 9.38368 7.91851 15.1655 9.05147 6.29335 8.22892 2.13177 306.151
internal_count=5063 74 58 4989 229 4760 137 106 59 92 133 90 4627 4493 1304 1090 1017 958 410 196 214 172 162 146 214 141 100 134 58 3189
is_linear=0
shrinkage=0.05


Tree=124
num_leaves=31
num_cat=0
split_feature=5 7 3 3 6 7 0 7 3 2 7 1 2 2 4 4 5 1 7 3 5 5 7 7 5 7 2 6 7 0
split_gain=0.747217 1.1264 0.832351 4.57375 4.18053 5.47404 2.35134 2.32134 2.8002 1.98893 3.43369 3.87389 1.60971 1.64897 2.84002 1.95358 1.58029 1.56675 3.84948 3.46653 2.40817 1.49858 1.34508 2.02354 4.66684 2.20043 2.63722 2.09523 4.42309 4.60709
threshold=2.8119568026088237 2.8172860743137966 -1.2294918527492065 -1.2162327775001465 -0.39938820083883714 -0.84942161351248091 1.1315074668859582 -0.8507282742077924 -1.2022116864321746 -0.76720904743073381 1.8042701481758316 -0.44504841469390521 0.97646373688526711 -0.41472141487963993 -0.24578499939545764 -0.70599582641508996 -0.94660553505273415 -0.44644579680684154 0.97407783099018419 -1.1679209745811572 -0.22047747631276024 0.90004681355772054 2.007156443220742 1.3189545882589309 -0.11261185320675467 0.91767364430924314 1.0332201840986603 -0.36987084108345514 -0.2166167276123086 -0.27668454633655248
decision_type=2 2 2 2 2 2 2 2 2 2 2 2 2 2 2 2 2 2 2 2 2 2 2 2 2 2 2 2 2 2
left_child=1 2 4 -4 5 -1 12 8 -5 10 -9 -12 13 14 16 -15 -7 18 20 -20 -11 -22 23 25 -25 27 -27 28 -19 -30
right_child=-2 -3 3 7 -6 6 -8 9 -10 17 11 -13 -14 15 -16 -17 -18 22 19 -21 21 -23 -24 24 -26 26 -28 -29 29 -31
leaf_value=-0.040240557856757966 -0.031540050959879974 0.031154439964785161 -0.055172109276029696 -0.031339544193635202 0.052076538349878 -0.063090581547998612 0.050207477200287377 -0.03122805133561056 0.072337288962806584 -0.0088557338883869241 -0.051278096312966384 0.05792738759480906 -0.030483608373304241 -0.0060190868547174521 -0.029447436727348217 0.054089847341927712 0.032146789133780884 0.0072860035287326576 0.043377867259833058 -0.043981817731498132 0.064899527377402372 0.017737928875390743 -0.03233087793582122 -0.06136238000474608 0.041158471661038046 -0.051182701983114767 0.0043245697523027473 0.0012514468785385998 -0.046846907402083804 0.011771702977578829
leaf_weight=6.410394141450527 1.8680991386063386 2.9094395253341636 3.8198457402177146 0.91553762368857894 4.5442318972200146 0.47780863940716223 3.4425280923023811 11.847593800164757 2.2563612736994392 2.4178822189569464 1.1847265064716341 2.5817708510439834 2.6982962070032945 2.1162161822430789 4.6890161144547173 3.7418879247270516 4.9276887215673923 15.027505098376425 1.6179310008883474 3.808902693912386 4.8675432354211798 2.5757079366594553 3.282858886756002 1.3260951414704321 6.813190410146488 4.6636139899492246 3.9542462984099984 284.06748778570909 11.813329014927151 4.6797807682305566
leaf_count=286 16 38 50 9 43 2 66 408 405 13 38 116 34 40 57 139 358 94 16 49 58 19 36 7 109 30 29 2422 47 29
internal_value=1.03494e-05 0.000154286 -6.75525e-05 -0.000740483 0.00753817 0.000437629 0.0122404 -0.000178084 0.042412 -0.000546652 -0.0180076 0.0235775 0.00523252 0.0112737 -0.000972346 0.0323757 0.0237285 0.000230278 0.0158842 -0.0179368 0.0344967 0.0485794 -0.000482762 -0.000168171 0.0244552 -0.000786349 -0.0257136 -0.000105654 -0.012336 -0.0302144
internal_weight=411.348 409.479 406.57 373.522 33.0481 28.5038 22.0934 369.702 3.1719 366.53 15.6141 3.7665 18.6509 15.9526 10.0945 5.8581 5.4055 350.916 15.288 5.42683 9.86113 7.44325 335.628 332.345 8.13929 324.206 8.61786 315.588 31.5206 16.4931
internal_count=5063 5047 5009 3984 1025 982 696 3934 414 3520 562 154 630 596 417 179 360 2958 155 65 90 77 2803 2767 116 2651 59 2592 170 76
is_linear=0
shrinkage=0.05


Tree=125
num_leaves=31
num_cat=0
split_feature=0 7 2 3 7 1 1 7 2 7 5 3 1 6 7 1 5 3 1 1 2 4 6 2 4 7 2 3 2 1
split_gain=0.715169 1.39503 1.2401 1.79895 1.07608 2.97543 1.12133 1.07042 2.41174 1.03809 2.8554 3.03179 4.51493 2.4731 1.97054 1.45192 3.11637 2.76436 1.50459 1.54035 1.25195 1.72731 1.4624 1.14077 3.07638 2.05626 1.15157 3.75799 3.7056 2.84112
threshold=-1.7995094254806314 3.047394467177694 0.33526351918818315 -0.59808554519913548 2.3434037954808695 -0.44244565892480509 -0.38736132627346781 2.0479351457535846 0.91608359588794719 1.3189545882589309 -0.11261185320675467 -0.14361931080031545 -0.46139035719728066 -0.38933618469065034 0.91767364430924314 -0.28844605265989637 0.55043069004549905 0.40564173719204472 -0.39308060143096307 -0.462054069539728 0.78261853570006845 1.0000000180025095e-35 -0.22170762658403112 -1.1760400074157753 -2.5468387663250307 0.51059439352411096 1.7383792152987647 0.59706004994134887 1.5869265971197628 -0.22896010285105647
decision_type=2 2 2 2 2 2 2 2 2 2 2 2 2 2 2 2 2 2 2 2 2 2 2 2 2 2 2 2 2 2
left_child=2 4 3 -1 7 -6 -7 9 -9 14 -11 12 -12 -14 23 16 -16 18 19 -18 21 22 -13 24 -2 -26 28 29 -25 -28
right_child=1 -3 -4 -5 5 6 -8 8 -10 10 11 20 13 -15 15 -17 17 -19 -20 -21 -22 -23 -24 26 25 -27 27 -29 -30 -31
leaf_value=0.072234348507487986 0.08380086963459854 -0.035692983286066661 -0.016460034136120041 -0.00035181180160863282 -0.044281593991472593 0.071705535988784014 0.0035737018746308533 -0.0058558658979132186 -0.11040700837881233 -0.059543197070091092 0.05515253366259229 0.055967402620065179 -0.052959922424614773 0.00811024930758566 -0.057029857051246503 0.022947063821171627 0.057636202309982468 -0.053966951169648884 0.068704043267049361 -0.020174985900609167 0.066867660251037173 -0.04369738393867284 -0.044076336318983451 0.00034496019810081251 -0.046562328408229152 0.061012888276547675 -0.0092259869099850806 0.032271863910050796 0.02946793557506763 -0.055815123111358514
leaf_weight=1.7072175093926487 0.60552900005131949 2.7534729717299333 1.6867915135808287 1.707159097073599 1.1042343780864028 2.0873944016639143 0.84976056800223831 2.4832457317970689 0.70909257978200901 1.2904924470931316 2.5900497243273994 2.4638765442650774 3.3449670495465398 3.2866028118878612 4.7651746128685755 1.7052668798714865 0.87872654572129105 1.8692576410248873 1.1198612600564968 2.3028407935053115 3.0689197829924524 0.75708413496613491 0.42886074865236601 315.40322011488024 4.390990227693691 0.49421185581013549 23.85755093023181 4.8093325183726838 11.314463744871317 3.7925500245764878
leaf_count=24 15 25 22 19 40 48 22 86 3 8 226 134 73 28 25 18 76 21 11 28 32 5 9 3469 187 13 136 118 124 18
internal_value=9.74692e-06 -0.00022486 0.0186143 0.0359419 1.82137e-05 0.0256885 0.051994 -0.000242624 -0.0290791 -9.29981e-06 0.0119923 0.0177836 -0.000829163 -0.0226936 -0.000557384 -0.0199649 -0.0266563 -0.00320101 0.0188602 0.00131592 0.04333 0.0235386 0.0411355 0.000115373 -0.0225029 -0.0356795 0.000461139 -0.00852094 0.00135351 -0.0156163
internal_weight=409.628 404.527 5.10117 3.41438 401.774 4.04139 2.93715 397.732 3.19234 394.54 17.2309 15.9404 9.22162 6.63157 377.309 12.6411 10.9359 6.17069 4.30143 3.18157 6.71874 3.64982 2.89274 364.668 5.49073 4.8852 359.177 32.4594 326.718 27.6501
internal_count=5063 4998 65 43 4973 110 70 4863 89 4774 515 507 327 101 4259 179 161 136 115 104 180 148 143 4080 215 200 3865 272 3593 154
is_linear=0
shrinkage=0.05


Tree=126
num_leaves=31
num_cat=0
split_feature=1 3 5 6 2 2 2 6 2 2 2 3 0 2 5 0 4 1 1 6 1 2 3 5 5 0 6 0 7 5
split_gain=0.711927 2.43047 3.60714 2.53408 1.92882 1.96497 1.20588 1.40325 0.974659 2.11539 1.1592 2.28764 4.97513 2.82143 3.93885 4.75915 2.68973 2.9008 3.41261 2.30255 2.28865 3.08819 3.08534 3.11176 4.38116 4.70319 3.55699 3.16687 2.62468 2.34851
threshold=-0.15282190267858006 0.90994376042672809 -0.77662554651860782 -0.21124819907070977 -0.99729033699712 -1.0726734178302917 -0.4593602482013544 5.7617034853152918 2.0589751712411388 2.3768788169919026 -0.011552942454124868 0.28021387243794593 0.84888361198872497 -0.070097782078057433 -0.58544351638749659 -0.82874150453645379 0.85872076455050717 -0.24606981199935551 -0.22148142620401698 -0.23482350838685837 -0.26845378018014682 -0.20356001073900368 -1.2294918527492065 -0.34092390700903202 -0.13089694119759754 -0.48726836259587936 -0.37832564518515827 -0.27668454633655248 -0.071441279943650807 -0.37465560615706867
decision_type=2 2 2 2 2 2 2 2 2 2 2 2 2 2 2 2 2 2 2 2 2 2 2 2 2 2 2 2 2 2
left_child=8 2 4 -4 5 -2 -3 -8 10 -10 11 13 16 20 -15 -16 17 -13 -19 -18 22 -22 -1 29 28 26 -26 -27 -25 -24
right_child=1 6 3 -5 -6 -7 7 -9 9 -11 -12 12 -14 14 15 -17 19 18 -20 -21 21 -23 23 24 25 27 -28 -29 -30 -31
leaf_value=0.011478581835814199 0.025762804584916438 -0.012164467161038882 0.004552201501063345 -0.056689094928662434 0.059167687270434692 -0.10781686062031233 0.052000677336811331 -0.051003505197395951 0.035968899334347423 -0.021123015046471523 -0.0030789442519154981 0.055688856460859575 -0.058188539484012758 -0.02561566280060365 -0.015846187334148842 0.075248024811489997 0.022154578001587266 -0.026091446955125549 0.040040914848273282 -0.052558460422294832 0.03449102455173364 -0.014816570718729325 -0.016972092346706439 0.025941905703066995 0.018045714889959496 0.034379724695851439 -0.046555818383500279 -0.0079750207488722552 -0.019150870068821216 -0.060793044408708419
leaf_weight=24.580564146046527 0.88151485717389733 1.1273537767119703 3.3267077053897083 3.4315731325186798 2.5626125626731664 0.40033465158194415 4.8070820342982179 0.35507044941186894 5.0225237691774955 2.3967264918610454 225.13500155787915 7.910907392739321 1.9819262172095466 2.5944112185388803 2.0798251330852509 4.6159736933186633 2.3326263399794698 3.2921550869941711 4.787550817010926 1.8483914909884323 9.0808519884012622 4.8831381052732459 23.669425610918555 16.029627130832527 2.6048658639192572 5.5271824281662658 11.707395901903505 21.899857052601899 4.0404267115518371 3.511062758974723
leaf_count=814 61 31 35 26 464 2 416 14 48 16 1620 252 99 40 10 45 29 23 70 18 79 24 213 119 34 74 56 283 31 17
internal_value=9.53418e-06 0.0100597 -0.00454765 -0.0265436 0.0341196 -0.0159555 0.0346844 0.0449157 -0.000424068 0.0175258 -0.000770775 0.00249791 0.0174037 8.44773e-05 0.026687 0.0469527 0.0248309 0.0341669 0.0130946 -0.0108754 -0.00185338 0.0172484 -0.00420203 -0.00853329 -0.00233311 -0.0115639 -0.0347982 0.000560439 0.016864 -0.0226327
internal_weight=408.425 16.8922 10.6027 6.75828 3.84446 1.28185 6.28951 5.16215 391.532 7.41925 384.113 158.978 22.1536 136.825 9.29021 6.6958 20.1716 15.9906 8.07971 4.18102 127.534 13.964 113.57 88.9898 61.8094 41.7393 14.3123 27.427 20.0701 27.1805
internal_count=5063 1049 588 61 527 63 461 430 4014 64 3950 2330 491 1839 95 55 392 345 93 47 1744 103 1641 827 597 447 90 357 150 230
is_linear=0
shrinkage=0.05


Tree=127
num_leaves=31
num_cat=0
split_feature=4 4 4 4 4 4 4 6 7 1 2 0 0 6 7 6 6 3 4 3 2 6 0 2 1 2 2 2 5 7
split_gain=0.698448 3.51858 8.96885 4.42344 2.87759 9.04174 5.79196 2.45883 2.66327 3.34954 2.00587 1.8852 3.17316 2.22882 2.36858 1.73796 1.97394 2.77378 1.6773 1.57612 2.83519 1.55686 1.52381 1.30298 2.05904 2.09181 3.30994 2.93397 3.756 3.70273
threshold=1.5030157014768397 1.2268893525324958 1.1348471134948515 1.3189314995279926 0.85872076455050717 0.76667852551286308 0.95076291154600423 -0.35369013894309176 -0.53560526985519852 -0.32143602321805637 0.61764094035972605 -0.79169611427910169 -0.4493712564754469 -0.2593688831365763 -0.32161235890014156 -0.3008378233139663 -0.34690230536733691 0.010155481456025706 1.7791422345054781 -0.22530740658762852 0.68908008171291002 -0.39547483062184702 1.6995613547709489 -0.011552942454124868 -0.15282190267858006 0.15373111848454052 0.28428102731122423 0.97646373688526711 -0.42593387081195272 -0.077484585659465879
decision_type=2 2 2 2 2 2 2 2 2 2 2 2 2 2 2 2 2 2 2 2 2 2 2 2 2 2 2 2 2 2
left_child=1 2 4 -3 5 22 -6 -5 9 -9 -10 -2 -13 14 18 16 17 21 -14 -17 -21 -8 23 -1 25 -25 -27 28 -28 -30
right_child=11 3 -4 7 6 -7 15 8 10 -11 -12 12 13 -15 -16 19 -18 -19 -20 20 -22 -23 -24 24 -26 26 27 -29 29 -31
leaf_value=0.0038578484038257923 0.037106035402539289 -0.060528029004757802 0.064208872612635221 0.03380128545364932 -0.057536014228809211 0.057478764354043616 -0.0042680120534790344 -0.031149204676645417 -0.062217789246602456 0.064542459067194746 -0.0090387072321994784 -0.040480178348860044 0.0036971667034590237 0.054724291338712372 0.040070939024190254 -0.052504754079812865 0.044537155854893873 -0.052405540676267084 -0.052540848251640959 -0.038082846120557151 0.026236358398259808 0.054887577976435502 -0.037350715150354416 -0.016065646974440698 0.038116886263095534 0.025307045131126821 0.033357955573616031 0.00096108936184819164 -0.036134915612278877 -0.0033853075724418363
leaf_weight=132.48566131305415 4.6319092726334956 5.2414791793562481 5.464743672986514 2.9631036333739766 6.4320055828429785 6.9171145737636826 3.0383228138089207 1.8170025679282846 3.5310709420591575 1.8411004520021377 3.5619163420051336 3.5682660620659599 3.6369436900131396 2.5527905756607625 2.691350783687084 2.4700773912481964 3.1457056808285424 2.0251490138471127 2.0864471502136439 3.4262781441211665 3.4270336292684078 1.7545098569244144 2.7492548362351945 27.180778198409826 3.0616990573471403 11.073287071660159 3.6305932272225609 116.0620781891048 17.63234586827457 16.906076695770025
leaf_count=2215 47 77 154 41 105 213 49 11 25 52 22 21 43 103 37 16 32 9 41 55 24 16 149 190 215 79 24 776 92 130
internal_value=1.09114e-05 -0.000449553 0.000630025 -0.0214584 -0.000326015 0.000901832 -0.016448 -0.00652629 -0.017641 0.0170118 -0.0355126 0.00932793 0.000476289 0.0138014 0.00138657 -0.00274564 0.0117732 -0.00334349 -0.0168043 -0.0182616 -0.0059197 0.017387 -0.000281272 2.94087e-05 -0.00256441 -0.00321149 -0.0010979 -0.00299369 -0.0150192 -0.0201044
internal_weight=407.006 387.838 368.883 18.9557 363.418 337.699 25.7191 13.7142 10.7511 3.6581 7.09299 19.1677 14.5358 10.9675 8.41474 19.2871 9.96369 6.81798 5.72339 9.32339 6.85331 4.79283 330.782 328.033 195.547 192.485 165.304 154.231 38.169 34.5384
internal_count=5063 4771 4543 228 4389 4083 306 151 110 63 47 292 245 224 121 201 106 74 84 95 79 65 3870 3721 1506 1291 1101 1022 246 222
is_linear=0
shrinkage=0.05


Tree=128
num_leaves=31
num_cat=0
split_feature=4 4 4 4 4 4 4 5 4 2 1 1 5 6 3 3 5 5 0 3 2 0 1 6 7 3 5 5 2 3
split_gain=0.694418 6.1981 8.59844 6.19845 4.21708 13.5971 10.1475 2.33893 3.20365 2.38183 2.25234 3.61573 3.31269 2.37111 4.87297 2.09315 2.07706 6.03412 4.20916 3.13075 4.96656 2.72291 3.80558 2.66287 2.52976 2.24896 2.06726 3.51344 2.53074 3.80816
threshold=1.0000000180025095e-35 -0.24578499939545764 -0.33782723843310175 -0.15374285239996058 0.30646788257752478 0.39851002957302184 0.21442564353988061 0.98480453059191408 0.85872076455050717 -0.91556293691908641 -0.3278342553295 -0.38101874696142085 -0.42593387081195272 -0.31452320102605441 0.32136272665916715 0.024024123639265985 -0.30451138525780075 -0.16502873174825422 -0.79926088106645266 0.21292240435448043 -0.88992128970837792 -0.55700999937615348 -0.38101874696142085 -0.31378094921513777 -0.656253607388949 0.055876461071348658 -0.25517261798024088 -0.28845587842831838 0.14572827953110773 0.49815041188695208
decision_type=2 2 2 2 2 2 2 2 2 2 2 2 2 2 2 2 2 2 2 2 2 2 2 2 2 2 2 2 2 2
left_child=1 2 -1 -3 6 -6 16 9 -9 -7 11 -5 13 -12 -15 -10 19 -18 -19 20 -2 -20 -23 -24 -21 -22 27 28 -11 -30
right_child=4 3 -4 10 5 7 -8 8 15 26 12 -13 -14 14 -16 -17 17 18 21 24 25 22 23 -25 -26 -27 -28 -29 29 -31
leaf_value=-8.6338719393132967e-05 0.042847698821123777 -0.058497411566460135 0.056591956977442286 -0.017941335640256122 -0.060411753104136545 -0.050347716564085654 0.060377387419963929 0.074260680804186532 0.045082411356513197 -0.00054046665054218986 -0.059134418030767057 0.032583573986979232 -0.032067276658759435 0.087262257511037389 -0.028766498703939932 -0.026795198712331561 0.060237133896476981 0.035125116782600448 -0.031798133512707764 -0.046666787178755061 -0.026184989322238918 0.044359920988009532 -0.034731161091276941 0.016729659061783225 0.041055411064364833 -0.082263650902762275 -0.0041526580621718406 0.059638273151902566 0.042274542908197661 -0.026949779578683497
leaf_weight=136.9483217371162 2.1826937277801344 8.0868814573623222 7.0352954771369687 7.6816151426173747 9.4916931488551182 2.3154752529226235 9.5639247517101449 2.5516646481119087 1.7351772529073057 41.123036623932414 0.8340829201042651 6.5691789509728498 15.010435271542525 1.9828810709295788 1.6645234604366121 2.4331680508330464 5.3113438887521616 7.3877733191475263 7.9948615208268192 1.0397083351854233 6.7335472992854193 4.2437460608780393 5.6884344615973532 4.5044337557628751 3.9225233113393179 2.4341114934068173 84.240136609878391 3.1413284293375972 8.6006582160480303 2.5835094695212311
leaf_count=1829 28 128 278 74 99 137 181 31 23 782 6 43 83 36 40 23 42 53 41 52 62 39 23 35 32 13 661 34 111 44
internal_value=9.74382e-06 -0.00223899 0.00268306 -0.0191814 0.00191577 -0.00239047 0.0130836 0.00131249 0.0301364 -5.15317e-05 -0.00975884 0.0053491 -0.0208044 0.0169196 0.0343116 0.00312564 0.00429107 0.0111373 0.0023917 -0.0104528 -0.0249361 -0.008389 0.00457475 -0.0119896 0.0226755 -0.0410745 0.000782176 0.00827942 0.00519504 0.0262839
internal_weight=405.036 185.813 143.984 41.8296 219.223 158.216 61.0071 148.724 6.72001 142.004 33.7427 14.2508 19.4919 4.48149 3.6474 4.16835 51.4432 35.1306 29.8192 16.3126 11.3504 22.4315 14.4366 10.1929 4.96223 9.16766 139.689 55.4485 52.3072 11.1842
internal_count=5063 2517 2107 410 2546 1945 601 1846 77 1769 282 117 165 82 76 46 420 233 191 187 103 138 97 58 84 75 1632 971 937 155
is_linear=0
shrinkage=0.05


Tree=129
num_leaves=31
num_cat=0
split_feature=5 7 3 6 2 0 6 5 6 1 7 7 2 3 6 7 7 2 5 2 4 2 2 3 2 1 5 6 1 5
split_gain=0.696287 0.973953 0.726172 1.20463 1.19717 1.22184 1.17558 1.12894 2.36723 3.36136 2.58471 2.0984 1.93409 2.08176 1.4273 1.28918 2.40838 2.00513 1.45114 1.26123 1.25113 1.19399 1.1742 4.05677 2.88298 2.39085 4.10886 2.0427 1.69853 1.64969
threshold=2.8119568026088237 2.8172860743137966 1.9065080941201404 1.0000000180025095e-35 1.5161293629221668 -0.7186822883201065 -0.029339383243277305 0.93742207714292702 -0.39972502143275762 -0.43145538629536023 1.6360648057523108 1.9465872755734959 0.52732995515441261 -1.1679209745811572 -0.39847156912677489 1.3189545882589309 0.91767364430924314 0.25001256699540064 0.37720302436401082 1.1956225056939336 0.21442564353988061 -1.1017690559774416 1.7383792152987647 0.59706004994134887 1.5869265971197628 -0.22896010285105647 0.25992859678448271 -0.29036448778848489 -0.35729582234729645 0.73300199645192177
decision_type=2 2 2 2 2 2 2 2 2 2 2 2 2 2 2 2 2 2 2 2 2 2 2 2 2 2 2 2 2 2
left_child=1 2 3 6 5 -5 7 11 19 12 -11 15 13 14 -10 16 22 -18 -17 20 -9 -15 24 25 29 26 -24 28 -26 -1
right_child=-2 -3 -4 4 -6 -7 -8 8 9 10 -12 -13 -14 21 -16 18 17 -19 -20 -21 -22 -23 23 -25 27 -27 -28 -29 -30 -31
leaf_value=0.00041022803444851186 -0.030999601483106029 0.029234125546628822 -0.022096688392141451 -0.015514546422298412 0.080187847944406448 0.026099058584460162 -0.034857536440838714 0.051728572496962978 -0.022524789590404704 0.0088302867949736543 0.056530270091629288 -0.041201565777469307 0.039717435969728106 0.0029893033331295266 0.045483326377621584 -0.0063628682177157645 -0.05989936548933459 -0.0086067533662871048 0.046337817556441688 -0.061066143097667697 0.19617983511005502 -0.047812914266626871 0.011920782923681079 0.039846053455800647 0.018019866942897821 -0.054314898976357474 -0.031430540963129444 -0.0015574746408029542 0.071848521824910291 -0.022787696710841437
leaf_weight=285.49064746801741 1.8021998801268626 2.8577582978177807 3.7036101415287694 2.5825821305625132 0.71958543662913221 5.5646827659802485 2.4414287952240548 2.6601518746465445 1.5740503836423161 16.057159743388187 3.4502121782861641 3.2009491687640539 1.3568775579333294 1.4323507295921434 1.5131450183689583 2.2787133613601318 3.0431969831697625 5.0958415372297168 3.0607123225927353 0.2334463745355605 0.15885039512068022 6.0071632601320779 10.521712465211758 3.6006191186606875 2.8187669040635228 3.6488792430609456 11.3748891511932 3.6673614419996721 3.0525438874028623 7.875198650173842
leaf_count=2761 16 38 63 34 22 654 36 357 18 187 189 18 9 35 23 20 26 37 23 1 7 88 61 90 40 17 62 36 30 65
internal_value=9.48335e-06 0.000148831 -5.99125e-05 0.000146981 0.0183681 0.0129081 -0.000271997 -5.16318e-05 0.00858409 0.00449658 0.0172668 -0.000904566 -0.0164663 -0.0237083 0.0108084 -0.000531258 -0.000913881 -0.0277851 0.0238467 0.0506195 0.0598684 -0.0380318 -0.000255228 -0.00984042 0.000667079 -0.0168437 -0.0105994 0.027719 0.0460058 -0.000212504
internal_weight=402.845 401.043 398.185 394.482 8.86685 8.14726 385.615 383.173 34.4434 31.391 19.5074 348.73 11.8836 10.5267 3.0872 345.529 340.19 8.13904 5.33943 3.05245 2.819 7.43951 332.051 29.1461 302.905 25.5455 21.8966 9.53867 5.87131 293.366
internal_count=5063 5047 5009 4946 710 688 4236 4200 914 549 376 3286 173 164 41 3268 3225 63 43 365 364 123 3162 230 2932 140 123 106 70 2826
is_linear=0
shrinkage=0.05


Tree=130
num_leaves=31
num_cat=0
split_feature=4 6 4 4 4 4 4 4 1 3 3 2 2 2 5 0 6 5 1 1 5 5 0 5 2 3 1 6 3 6
split_gain=0.680282 3.87251 2.25792 10.2799 6.80433 1.91399 5.07342 4.26479 2.90625 3.71267 2.80666 4.15153 4.17904 2.80192 2.06205 1.60934 1.60869 1.81923 1.58615 2.93868 2.61442 2.21743 3.98668 2.57848 2.77952 2.56794 3.01312 2.5487 2.26661 2.03679
threshold=-0.89008012040608409 -0.19272153395928504 -0.24578499939545764 -0.15374285239996058 -0.33782723843310175 -1.1662064693504284 -1.2582487083880722 -1.0741643223549311 -0.3766540936952813 0.58121012090798951 -0.47768704581111826 0.045484203462505902 -0.41472141487963993 1.224572414588293 0.80122844122339487 -0.50440306274913083 -0.38724948635164586 -0.03016219410641437 -0.15759797771925957 -0.19131681984381652 -0.31479814862358718 0.1232486851496823 -0.19990965918933243 0.27832929787765909 0.14572827953110773 0.31008490777959319 -0.46139035719728066 -0.28449672797605269 -0.27986773922169217 -0.36239024773633338
decision_type=2 2 2 2 2 2 2 2 2 2 2 2 2 2 2 2 2 2 2 2 2 2 2 2 2 2 2 2 2 2
left_child=1 5 4 -4 18 6 10 -7 14 -10 16 12 -12 -13 -9 -11 17 -1 19 20 29 22 -22 -23 25 26 -25 28 -26 -2
right_child=2 -3 3 -5 -6 7 -8 8 9 15 11 13 -14 -15 -16 -17 -18 -19 -20 -21 21 23 -24 24 27 -27 -28 -29 -30 -31
leaf_value=0.015217642505676358 0.0090372754072105804 0.043893799268855782 -0.058178832953683195 0.00034096518797398071 0.056345738431532282 -0.064063403372697669 0.071130569509398597 0.031932667877704601 -0.037688784583736534 -0.006424112209302309 -0.0062413835899230961 -0.040904430095687144 0.075300104352933633 0.017368259924377554 -0.013697192804239162 0.068583296046906717 -0.047292832804477908 -0.032364549131690262 0.04882486091733456 -0.049957593401855585 0.012686259410841864 -0.026200840673129906 0.07095337591751591 0.039526578586632673 0.0086630469097016879 0.05803507721272836 -0.021216178383473002 -0.0056277227014004628 0.065197163445839521 -0.026774681914603516
leaf_weight=3.8542665373533973 6.5218223738484111 3.8209938309155396 7.7357667062897226 251.07800784264691 6.713944067945703 4.1769648469053235 2.3587737772613755 5.4612438455224073 10.822385359555481 1.6609138094354414 2.7854144307784727 4.4457664829678816 3.6048725196160358 3.8485999805852771 4.5294491697568446 1.2558266657870278 4.3595193489454696 4.195426495745779 1.9072923508938391 2.5628370307385913 16.435534996911887 6.5020304862409821 3.5740264747291794 2.4549716857727608 2.8076866418123245 1.4847638981882472 12.124249293468898 3.8323081582784635 4.8107780436985195 10.148741655051706
leaf_count=55 63 162 128 2828 278 40 93 48 49 30 43 28 32 36 140 48 28 63 111 17 95 34 25 225 14 91 131 25 45 58
internal_value=9.59326e-06 -0.00484492 0.000881344 -0.00140815 0.0081181 -0.00809164 0.000798945 -0.0174747 -0.00927409 -0.0241954 -0.00532408 0.00946937 0.0397576 -0.0138658 0.0112456 0.0258709 -0.0228302 -0.00958176 0.0038104 0.00263846 0.00454512 0.00988621 0.0230937 0.00211722 0.00880908 -0.00460815 -0.0109878 0.0276318 0.0443622 -0.0127644
internal_weight=401.875 61.1804 340.695 258.814 81.881 57.3594 29.4526 27.9068 23.7298 13.7391 27.0939 14.6847 6.39029 8.29437 9.99069 2.91674 12.4092 8.04969 75.167 73.2598 70.6969 54.0263 20.0096 34.0168 27.5148 16.064 14.5792 11.4508 7.61846 16.6706
internal_count=5063 895 4168 2956 1212 733 378 355 315 127 285 139 75 64 188 78 146 118 934 823 806 685 120 565 531 447 356 84 59 121
is_linear=0
shrinkage=0.05


Tree=131
num_leaves=31
num_cat=0
split_feature=4 4 4 4 4 4 4 6 7 1 3 2 6 1 1 3 1 3 6 6 3 7 3 2 0 5 1 3 2 1
split_gain=0.65149 3.23394 8.48482 4.20179 2.67736 8.53981 5.50674 2.21661 2.42679 2.11741 2.70828 1.85582 1.74144 3.00762 3.61076 2.43402 2.39576 1.65384 1.61462 1.82729 2.54153 1.51525 1.46221 2.52485 1.38785 1.30808 1.28278 2.66546 4.19249 3.46482
threshold=1.5030157014768397 1.2268893525324958 1.1348471134948515 1.3189314995279926 0.85872076455050717 0.76667852551286308 0.95076291154600423 -0.35369013894309176 -0.51271148558943047 -0.32143602321805637 0.38156197635317574 1.0081229451328322 -0.25025518773771582 -0.38904933890305127 -0.37548381642404088 0.52390654656616109 -0.42539904491439068 0.21292240435448043 -0.3008378233139663 -0.34690230536733691 0.010155481456025706 -0.67389352677565262 -0.22530740658762852 0.68908008171291002 1.6995613547709489 -0.03016219410641437 -0.21490634580112489 0.97837290288751211 1.4906834686067219 -0.17662062535059755
decision_type=2 2 2 2 2 2 2 2 2 2 2 2 2 2 2 2 2 2 2 2 2 2 2 2 2 2 2 2 2 2
left_child=1 2 4 -3 5 24 -6 -5 9 -9 -11 -10 13 16 -15 -14 -2 -16 19 20 21 -8 -20 -24 26 -17 -1 28 29 -28
right_child=12 3 -4 7 6 -7 18 8 11 10 -12 -13 15 14 17 25 -18 -19 22 -21 -22 -23 23 -25 -26 -27 27 -29 -30 -31
leaf_value=-0.001065146690451509 -0.0069699645784321116 -0.059964956618230161 0.063944921290573983 0.031914052581666144 -0.057172708632972913 0.057217233156439389 -0.007286412772039251 -0.030063380628270821 -0.063534110964202875 0.079340033703529253 -0.027226673696338795 -0.008879414810661063 0.078958450386671791 -0.07281483131297177 -0.019602790651619531 0.043828289959656659 0.059126074252721032 0.026426290781143343 -0.051013857477156622 0.043037435992690158 -0.051005213472473832 0.049883510377768357 -0.036391116437980063 0.024615854062279223 -0.036462927909548234 -0.051191269725992451 0.034265786512617823 0.03105883631230787 -0.054943297723124118 -0.0072546834121479525
leaf_weight=288.52472707943525 2.3694324279204011 5.0018926081247637 5.2106712250970295 2.9591933097690353 6.1491730925627079 6.59095028520096 2.7934264196082972 1.8039168422110377 3.2121181634720397 1.63886939000804 0.9371025877771898 3.0073373951017857 1.9022096911212423 2.0938919759355485 4.3504513301886618 0.67784997308626771 3.2535101170651624 3.5390202947892249 2.437825555447489 3.1069765286520132 1.9749600207433102 1.9809119114652278 3.3894913039403001 3.394371509552002 2.6273347211536011 0.77780795493163146 7.9522122098132995 9.8904504759702814 3.0113507797941557 13.647738661733458
leaf_count=2766 69 77 154 41 105 213 42 11 23 29 28 19 49 10 28 48 34 36 16 32 9 23 55 24 149 18 78 411 18 448
internal_value=9.60105e-06 -0.000440332 0.000601423 -0.0207969 -0.0003219 0.000870459 -0.0160254 -0.00634734 -0.0170294 0.0114802 0.0405726 -0.0371065 0.00905475 0.00202663 -0.0144465 0.0417192 0.0312741 0.00104471 -0.00276293 0.0113069 -0.00329997 0.0164339 -0.017801 -0.00586569 -0.00026995 -0.00694392 2.44251e-05 0.00913609 0.000326079 0.00803144
internal_weight=400.207 381.243 362.683 18.5604 357.472 332.245 25.2271 13.5585 10.5993 4.37989 2.57597 6.21946 18.9642 15.6063 9.98336 3.35787 5.62294 7.88947 19.078 9.85627 6.7493 4.77434 9.22169 6.78386 325.654 1.45566 323.026 34.5018 24.6113 21.6
internal_count=5063 4771 4543 228 4389 4083 306 151 110 68 57 42 292 177 74 115 103 64 201 106 74 65 95 79 3870 66 3721 955 544 526
is_linear=0
shrinkage=0.05


Tree=132
num_leaves=31
num_cat=0
split_feature=4 4 4 4 4 4 4 5 4 2 1 1 5 6 3 1 3 3 1 1 3 3 1 7 7 5 6 7 3 3
split_gain=0.61467 5.42003 7.71354 5.66967 3.85548 12.7532 9.62855 2.14454 2.95193 2.2396 2.0372 3.26641 2.99235 2.08504 4.50638 1.96754 3.6568 2.59053 2.59451 2.82502 2.46487 3.45042 4.66655 5.88409 4.2058 2.23908 3.34968 2.18136 1.96234 3.56045
threshold=1.0000000180025095e-35 -0.24578499939545764 -0.33782723843310175 -0.15374285239996058 0.30646788257752478 0.39851002957302184 0.21442564353988061 0.98480453059191408 0.85872076455050717 -0.91556293691908641 -0.3278342553295 -0.38101874696142085 -0.42593387081195272 -0.31452320102605441 0.32136272665916715 -0.33203770776548741 -0.15154427531699513 0.45242949323289472 -0.34012113947976458 -0.34284551158743826 0.31008490777959319 -0.0035608185246976624 -0.39567619450301389 -0.61422268835643312 -0.15359757116135364 -0.05319933094588912 -0.37505752923930619 0.20491745711470552 0.51049506815331835 0.82139750702889514
decision_type=2 2 2 2 2 2 2 2 2 2 2 2 2 2 2 2 2 2 2 2 2 2 2 2 2 2 2 2 2 2
left_child=1 2 -1 -3 6 -6 -2 9 -9 -7 11 -5 13 -12 -15 17 -17 18 19 20 21 22 25 -24 -23 -11 -27 28 -18 -30
right_child=4 3 -4 10 5 7 -8 8 -10 15 12 -13 -14 14 -16 16 27 -19 -20 -21 -22 24 23 -25 -26 26 -28 -29 29 -31
leaf_value=-3.779171565397398e-05 0.0040979252427184691 -0.05786432186214862 0.056119588887949025 -0.017244024981032047 -0.059819538967801025 -0.050196734905987611 0.059822748261174688 0.07225878172396942 0.0028908455328394201 -0.0046997499343365435 -0.055913121499971546 0.03088502022496924 -0.030740528634532412 0.084227817188387621 -0.027892362232887026 0.045536200972190605 0.0090952101018037194 0.044788061082815758 -0.039237972666437602 0.046811930898653764 -0.044835334342229846 0.060365721839065571 0.035571326116230643 -0.040577249144326685 -0.015349423226668185 0.060928895976048184 -0.0041359623049671487 0.043174520321635788 -0.033003691983848137 0.0049609606109620157
leaf_weight=135.17433564574458 51.003161223954521 7.3724568209145209 6.4044814030639818 7.643336929846555 9.0862356324214471 2.1941666012862688 9.1411537689855304 2.4756772385444483 4.0305344078224152 20.039886890910566 0.81920813862234343 6.5431692358106357 14.876130691729488 1.9407325254287564 1.6650980052072553 5.5652516224654383 33.888157452805899 2.4907117355614892 5.753849182277917 2.6070481762289992 3.8900992572307578 4.2743215076625347 3.0323001160286394 15.526468425989149 3.2126372531056466 3.7581685348413885 4.1763069964945272 3.2500344226136795 9.7944856750546041 16.714919323916547
leaf_count=1829 420 128 278 74 99 137 181 31 46 354 6 43 83 36 40 82 372 25 31 15 18 34 35 75 15 81 28 45 92 330
internal_value=9.40057e-06 -0.00212726 0.00250255 -0.0181694 0.00181486 -0.00233702 0.0125674 0.00122391 0.029286 -7.86467e-05 -0.00943035 0.00495429 -0.0200032 0.0160938 0.032453 0.000718365 0.00666967 -0.00527198 -0.00715342 -0.00410289 -0.00639501 -0.00362685 -0.00869559 -0.0281354 0.0278765 0.00420119 0.026682 0.00327124 0.00112402 -0.00906592
internal_weight=398.345 182.439 141.579 40.8601 215.906 155.761 60.1443 146.675 6.50621 140.169 33.4877 14.1865 19.3012 4.42504 3.60583 137.975 69.2128 68.7618 66.2711 60.5172 57.9102 54.0201 46.5331 18.5588 7.48696 27.9744 7.93448 63.6476 60.3976 26.5094
internal_count=5063 2517 2107 410 2546 1945 601 1846 77 1769 282 117 165 82 76 1632 921 711 686 655 640 622 573 110 49 463 109 839 794 422
is_linear=0
shrinkage=0.05


Tree=133
num_leaves=31
num_cat=0
split_feature=2 3 3 3 0 0 5 3 3 6 7 4 0 2 5 7 3 5 3 2 5 4 0 5 2 6 2 1 7 3
split_gain=0.620373 2.64826 4.71352 3.65157 4.75578 3.81234 4.46321 2.6942 3.72212 2.66602 2.6515 3.96151 3.54731 2.00258 1.99346 2.96254 1.96816 2.6251 3.58243 2.62234 2.7608 3.98649 1.46476 1.34617 1.33203 1.32863 1.29534 2.95302 4.39605 5.53611
threshold=1.2746346602122036 0.17993259066919218 -0.28520183471375632 0.22854921515606239 -1.1762779196764357 -0.12840949000077065 0.52717283728338815 -0.17531916886703405 -0.1081093888793558 -0.33245463629139843 0.44561524603018893 -0.33782723843310175 -1.0838150183705155 1.2569050543246274 0.15234394855142047 -0.19315127929234177 0.27030765155177999 0.71227642097364385 0.59706004994134887 1.6724426746176546 0.21982556466967981 -0.52191153242409583 -1.7534109638410478 0.90004681355772054 2.2807881190120596 0.20202592781167614 0.045484203462505902 -0.23317771871060625 -0.61422268835643312 -0.41123926640203518
decision_type=2 2 2 2 2 2 2 2 2 2 2 2 2 2 2 2 2 2 2 2 2 2 2 2 2 2 2 2 2 2
left_child=13 2 10 -3 -5 16 -7 -4 -9 -10 11 -2 22 25 -11 -16 -6 18 -18 20 21 -20 -13 -19 -21 26 -1 28 -28 -30
right_child=1 3 7 4 5 6 -8 8 9 14 -12 12 -14 -15 15 -17 17 23 19 24 -22 -23 -24 -25 -26 -27 27 -29 29 -31
leaf_value=0.0017050858132272952 -0.039827739311121532 -0.048460090486573099 0.067785087728953308 0.045321440089906934 0.03476110862161607 0.079624295790979654 -0.018776473994358906 -0.028772147543863154 0.057795765172735707 -0.0049786572495678855 -0.043165878237896728 0.021577408373864349 0.064469880905695109 -0.038908432661665188 0.059604195521842096 -0.0022719497991488613 -0.030181921954615294 0.050153449036255127 -0.045247947614882517 0.056044887478904848 -0.040412756925202076 0.038973216217917363 -0.052965937213551972 -0.0054666646051508465 -0.018064019892648643 0.031904362309326861 -0.046425364183805523 0.014365881024592582 0.017402988553758346 -0.011881320357991819
leaf_weight=176.27864769962616 3.2355350768193594 4.1750298961997023 3.3316344721242812 5.237161641707643 2.344727871939539 2.704451573546975 2.0079565150663257 3.3804022073745754 5.4347266163677039 6.0856161366682446 4.2800026535987845 1.3899281355552369 3.2067167470231652 3.4629198238253585 4.5156605355441615 3.3842053003609136 20.798316006548703 2.3271588715724638 2.098508880008005 2.753574619418941 4.3934701913967729 4.2517756049055659 1.2531621074303982 2.0428252210840583 0.77755483309738327 3.0986814112984566 7.0312334964983156 16.7691692316439 20.690918393433094 73.35913036391139
leaf_count=2692 28 21 23 72 16 33 13 19 38 30 19 32 39 20 33 21 107 22 29 80 26 57 23 23 16 594 66 249 165 457
internal_value=9.34718e-06 0.00352217 0.0134333 -0.00347921 0.00015059 -0.00493684 0.0376957 0.0257859 0.019649 0.0280774 -0.0107189 0.00456656 0.0291211 -0.00110528 0.016529 0.0330972 -0.0097445 -0.0123902 -0.0169433 0.00234523 -0.00994067 0.0111416 -0.0137657 0.0241529 0.0397261 -0.000664849 -0.00100797 -0.00506611 -0.00828983 -0.0054388
internal_weight=396.101 95.4101 39.4976 55.9125 51.7375 46.5003 4.71241 26.1322 22.8006 19.4202 13.3653 9.08534 5.84981 300.691 13.9855 7.89987 41.7879 39.4432 35.0732 14.2749 10.7438 6.35028 2.64309 4.36998 3.53113 297.228 294.129 117.85 101.081 94.05
internal_count=5063 820 305 515 494 422 46 164 141 122 141 122 94 4243 84 54 376 360 315 208 112 86 55 45 96 4223 3629 937 688 622
is_linear=0
shrinkage=0.05


Tree=134
num_leaves=31
num_cat=0
split_feature=2 3 1 3 6 6 2 0 5 0 5 2 2 6 3 0 7 0 7 3 5 3 7 6 2 7 3 1 1 2
split_gain=0.632059 1.5573 3.31602 0.802086 1.12241 1.12755 1.1143 1.06233 1.15944 1.08565 1.3641 1.00206 1.75248 3.21653 4.72738 5.30851 3.48895 3.42464 2.23667 2.22797 2.22055 1.92718 3.74313 2.19686 1.74064 3.59822 3.81555 3.32595 2.97237 4.51757
threshold=2.0589751712411388 -0.086352922830449708 -0.27582429511803336 1.7669070551809316 1.0000000180025095e-35 -0.029339383243277305 1.5161293629221668 -0.58648197672848079 0.93742207714292702 0.44437074682022748 -0.89638250271369191 1.7383792152987647 1.2746346602122036 -0.24595711618427002 0.27030765155177999 -1.1762779196764357 -0.15359757116135364 -1.0326204763560825 -0.31102296284855563 -0.020934763955563481 -0.86625793235845328 0.97837290288751211 -0.31102296284855563 -0.29613615649060593 0.045484203462505902 -0.68840290491317269 -1.0676396928124032 -0.45780977284132413 -0.23317771871060625 0.15373111848454052
decision_type=2 2 2 2 2 2 2 2 2 2 2 2 2 2 2 2 2 2 2 2 2 2 2 2 2 2 2 2 2 2
left_child=3 -2 -3 4 5 11 7 -6 9 -9 -11 12 24 14 15 18 19 -16 20 -17 -14 23 -23 -19 -1 -26 27 -27 29 -28
right_child=1 2 -4 -5 6 -7 -8 8 -10 10 -12 -13 13 -15 17 16 -18 21 -20 -21 -22 22 -24 -25 25 26 28 -29 -30 -31
leaf_value=0.0022007028585868949 -0.014218103747564976 0.064766638656400241 -0.023714325189454766 -0.017386723208523917 -0.007784671974405852 -0.034993628992420985 0.084198216980217996 0.0667649230320254 -0.05799015052707901 0.050627238601036156 -0.029024096152877515 -0.0095927279022769499 -0.0019394138927578183 0.031826815173390782 0.038222697235684895 0.027751842854153705 0.008398651168396375 -0.020436221895975826 0.0054354797578539255 0.076205207053148538 -0.088267481717563309 -0.050577279983559001 0.041027573394338893 -0.066239089289574282 -0.051141049761438719 -0.0087820755843498032 -0.037839697426823075 0.049156776429406086 0.014424558324489113 -0.0056820440600609569
leaf_weight=170.65899159817491 2.9062088401988149 2.9113594950176775 1.6642047201748926 6.7235398328630245 3.3769055935554206 2.3365345911588511 0.59505263343453396 1.7523551115300491 0.34585857391357411 1.1629807131830605 0.99948376230895508 26.114532181993127 1.2618152657523753 11.806270033121107 2.531068695709112 4.8131103068590173 9.176828274503352 8.5629185680300015 3.52148270048201 4.6786794047802696 1.8183223791420458 1.8906674003228543 2.7187513704411677 3.7707363329827777 4.2038987809792152 4.2321743201464415 12.770461102947591 5.9723645169287902 14.048531093169002 75.425475372001529
leaf_count=2567 16 30 28 147 49 32 17 57 2 534 22 204 46 118 28 41 54 44 21 39 9 15 38 19 67 42 68 62 176 471
internal_value=1.03693e-05 0.0144047 0.0325847 -0.000267719 3.4742e-05 -0.00036905 0.0182959 0.0131613 0.0297626 0.0375152 0.0138127 -0.000150383 0.000566713 0.00861238 0.00248701 0.0167541 0.0303818 -0.0160264 -0.0217833 0.0516354 -0.0529022 -0.0241305 0.00345357 -0.0344394 -0.00101689 -0.00572411 -0.0040262 0.0251275 -0.0069359 -0.0103384
internal_weight=394.752 7.48177 4.57556 387.27 380.546 372.314 8.23264 7.63758 4.26068 3.91482 2.16246 369.977 343.863 56.5507 44.7444 25.2702 18.6686 19.4741 6.60162 9.49179 3.08014 16.9431 4.60942 12.3337 287.312 116.653 112.449 10.2045 102.244 88.1959
internal_count=5063 74 58 4989 4842 4161 681 664 615 613 556 4129 3925 472 354 210 134 144 76 80 55 116 53 63 3453 886 819 104 715 539
is_linear=0
shrinkage=0.05


Tree=135
num_leaves=31
num_cat=0
split_feature=0 7 2 3 7 1 1 7 2 7 5 3 1 6 7 2 5 3 1 1 2 4 6 2 4 7 6 2 2 3
split_gain=0.627182 1.22186 1.07089 1.6215 0.970561 2.76553 1.07322 0.97416 2.0022 0.893837 2.45409 2.6848 3.91276 2.33282 1.71637 1.3442 1.50502 2.47205 1.59418 1.68284 1.11514 1.48054 1.39896 0.983649 2.76369 1.98544 0.904904 0.87777 2.88893 2.82022
threshold=-1.7995094254806314 3.047394467177694 0.33526351918818315 -0.59808554519913548 2.3434037954808695 -0.44244565892480509 -0.38101874696142085 2.0479351457535846 0.91608359588794719 1.3189545882589309 -0.11261185320675467 -0.14361931080031545 -0.46139035719728066 -0.38933618469065034 0.91767364430924314 1.6422874790923792 0.55043069004549905 0.40564173719204472 -0.39308060143096307 -0.462054069539728 0.78261853570006845 1.0000000180025095e-35 -0.22170762658403112 -1.1760400074157753 -2.5468387663250307 0.74309833099607925 -0.39811361744582835 1.7383792152987647 1.5869265971197628 0.59706004994134887
decision_type=2 2 2 2 2 2 2 2 2 2 2 2 2 2 2 2 2 2 2 2 2 2 2 2 2 2 2 2 2 2
left_child=2 4 3 -1 7 -6 -7 9 -9 14 -11 12 26 -14 23 16 -16 18 19 -18 21 22 -13 24 -2 -26 -12 28 -25 -29
right_child=1 -3 -4 -5 5 6 -8 8 -10 10 11 20 13 -15 15 -17 17 -19 -20 -21 -22 -23 -24 27 25 -27 -28 29 -30 -31
leaf_value=0.069245382252326348 0.078659936179678688 -0.034044609026993487 -0.015521717032535593 -0.00063452301247838758 -0.044066611109530182 0.070769102134359579 0.0011504212065477331 -0.0060101297936199305 -0.10110758161661415 -0.057571175097306242 0.041845185996193621 0.055503345681383279 -0.052789796459010233 0.0083929197403253379 -0.044149050053684018 0.02879068676933115 0.057411489362326588 -0.056781081514441716 0.068905011788134671 -0.028456352201473523 0.064864404051305849 -0.041524946980393669 -0.044550566640288107 0.00034136738726899815 -0.045951238120730098 0.06277473547296665 0.13368284609552181 -0.013671340810922248 0.026844400071932985 0.029849225213899672
leaf_weight=1.64512901334092 0.60781056620180596 2.6508016996085635 1.6279079951345918 1.6757161682471626 1.0461904429830613 1.9907568704802545 0.76680016098543902 2.3769922654610123 0.72148931026458729 1.1884605847299123 2.0462667738320306 2.2179022706113765 3.0727051235735416 3.1604717262089261 5.2181960879825038 1.3081867485307146 0.7985416220035394 1.7049824516288934 1.0265778340399276 1.9987980509176853 2.8857076368294656 0.71200684085488308 0.41468466771766266 304.33882025862113 4.1032529585063449 0.46774865686893452 0.30868934094905798 26.626649106852714 10.641728201881049 4.3274823257233939
leaf_count=24 15 25 22 19 40 52 18 86 3 8 224 134 73 28 36 11 76 19 10 27 32 5 9 3469 192 8 2 154 124 118
internal_value=1.09597e-05 -0.000214216 0.0176987 0.0339836 1.8063e-05 0.02515 0.0514101 -0.000232007 -0.0281538 -3.84084e-06 0.0115594 0.0171038 -0.00102339 -0.0217677 -0.000513498 -0.019064 -0.0248891 -0.00671154 0.0156131 -0.00394412 0.0420911 0.0224423 0.0397429 0.000123424 -0.0215062 -0.0348254 0.0538833 0.000447229 0.00123678 -0.00758703
internal_weight=393.677 388.729 4.94875 3.32085 386.078 3.80375 2.75756 382.274 3.09848 379.176 16.0069 14.8184 8.58813 6.23318 363.169 12.0553 10.7471 5.5289 3.82392 2.79734 6.2303 3.34459 2.63259 351.113 5.17881 4.571 2.35496 345.935 314.981 30.9541
internal_count=5063 4998 65 43 4973 110 70 4863 89 4774 515 507 327 101 4259 179 168 132 113 103 180 148 143 4080 215 200 226 3865 3593 272
is_linear=0
shrinkage=0.05


Tree=136
num_leaves=31
num_cat=0
split_feature=5 7 3 6 2 6 1 5 6 1 7 7 4 3 2 7 7 2 5 2 2 1 6 3 0 1 1 3 2 0
split_gain=0.63079 0.919636 0.667143 1.00613 1.06201 1.00556 0.981769 0.966377 2.13214 3.02302 2.40505 1.73462 1.52375 2.14375 1.15947 1.11671 2.09184 1.78798 1.0981 1.02931 1.48896 1.83992 1.69578 1.40553 1.02118 0.953341 3.49898 2.51392 2.42371 3.13095
threshold=2.8119568026088237 2.8172860743137966 1.9065080941201404 1.0000000180025095e-35 1.5161293629221668 -0.029339383243277305 -0.050431728407436129 0.93742207714292702 -0.39972502143275762 -0.43145538629536023 1.6360648057523108 1.9465872755734959 -0.52191153242409583 -1.1310394089458404 -1.0000000180025095e-35 1.3189545882589309 0.91767364430924314 0.25001256699540064 0.40948991007561591 1.0508001909799718 0.94770797635424298 -0.38472164537518416 -0.26618386134292282 0.17185520774841392 1.414123554931721 -0.35473606352594539 -0.35110413866307549 -0.34296264902756451 0.20969313362491748 -1.1178883423134944
decision_type=2 2 2 2 2 2 2 2 2 2 2 2 2 2 2 2 2 2 2 2 2 2 2 2 2 2 2 2 2 2
left_child=1 2 3 5 6 7 -5 11 14 12 19 15 -10 -14 24 16 25 -18 -17 20 21 -11 -23 -21 -9 -1 -27 28 29 -28
right_child=-2 -3 -4 4 -6 -7 -8 8 9 10 -12 -13 13 -15 -16 18 17 -19 -20 23 -22 22 -24 -25 -26 26 27 -29 -30 -31
leaf_value=-0.0038699201621334475 -0.030121506446352649 0.028671343718231941 -0.021569533768669574 0.0037849947170971593 0.078526687021662267 -0.032737219609402325 0.050560542118311992 0.051622022564581184 -0.030086490031087446 -0.014365165078618262 0.056325910045179665 -0.037980633762201579 0.044769186168059291 -0.027335976396329443 -0.060158576823786995 -0.0018185159546657639 -0.057108883363307675 -0.0078821583360635713 0.044701113161189215 0.051579973149656837 -0.042871262130024713 0.065573830807756486 -0.010168374710690561 0.0044638345104952215 0.18934779656590872 0.052328210225648777 -0.03820555936082401 -0.0006171641833716098 0.061325049430283156 0.023408958518781959
leaf_weight=115.45872213272378 1.7291988385841239 2.8048332605976602 3.5724525526165953 6.2924799988977611 0.65352919849101443 2.3658089330419889 1.3651640479802134 2.4447537788655618 7.1770976036787033 4.0812247432768336 3.1623394764028481 3.1126906438730648 2.0241615111008286 2.1005250378511864 0.22081561386585136 2.401207440532743 2.9470520094037047 4.9308794625103474 2.6893117893487215 2.6623338283970943 1.8191879093647001 1.9317370435455803 1.1968285320326724 3.9037912208586931 0.14243122935295094 3.3695883490145198 2.5923123881220809 190.50873128906824 2.9209145829081526 10.075280165998263
leaf_count=1290 16 38 63 91 22 36 597 363 129 45 189 18 19 25 1 24 26 37 19 31 8 51 15 37 1 36 10 1702 30 94
internal_value=1.07526e-05 0.000144037 -6.21199e-05 0.000137683 0.0173453 -0.000242436 0.0121239 -3.68145e-05 0.00815124 0.00425894 0.016567 -0.000826003 -0.0161686 0.00804914 0.0498177 -0.000483733 -0.000839232 -0.0262974 0.0227577 0.00850474 -0.00244953 0.00774976 0.0365988 0.0235678 0.0592042 -0.00022199 0.00178876 0.000962464 0.0202673 0.0108001
internal_weight=392.657 390.928 388.123 384.551 8.31117 376.24 7.65764 373.874 32.8672 30.0592 18.7574 341.007 11.3018 4.12469 2.808 337.894 332.803 7.87793 5.09052 15.5951 9.02898 7.20979 3.12857 6.56613 2.58719 324.926 209.467 206.097 15.5885 12.6676
internal_count=5063 5047 5009 4946 710 4236 688 4200 914 549 376 3286 173 44 365 3268 3225 63 43 187 119 111 66 68 364 3162 1872 1836 134 104
is_linear=0
shrinkage=0.05


Tree=137
num_leaves=31
num_cat=0
split_feature=4 4 4 4 4 4 4 6 7 1 3 2 0 0 6 7 4 6 2 1 2 7 5 0 0 1 3 2 1 5
split_gain=0.635096 2.94844 7.96425 3.93425 2.53172 8.00047 5.24105 1.97786 2.13172 1.91886 2.38433 1.75132 1.62889 2.73729 1.87527 2.07742 1.56028 1.43428 1.67724 2.03365 1.64928 1.33892 1.90458 1.22779 1.2081 1.08286 2.4167 3.58258 3.09694 2.84368
threshold=1.5030157014768397 1.2268893525324958 1.1348471134948515 1.3189314995279926 0.85872076455050717 0.76667852551286308 0.95076291154600423 -0.35369013894309176 -0.51271148558943047 -0.32143602321805637 0.38156197635317574 1.0081229451328322 -0.79169611427910169 -0.4493712564754469 -0.2593688831365763 -0.32161235890014156 1.7791422345054781 -0.3008378233139663 -0.2371901505000206 -0.35729582234729645 -0.5896457867967777 -0.64446643903332756 -0.25517261798024088 1.6995613547709489 1.1315074668859582 -0.21490634580112489 0.97837290288751211 1.4906834686067219 -0.17662062535059755 -0.77662554651860782
decision_type=2 2 2 2 2 2 2 2 2 2 2 2 2 2 2 2 2 2 2 2 2 2 2 2 2 2 2 2 2 2
left_child=1 2 4 -3 5 23 -6 -5 9 -9 -11 -10 -2 -14 15 16 -15 18 20 -20 -8 22 -19 25 -16 -1 27 28 -27 -30
right_child=12 3 -4 7 6 -7 17 8 11 10 -12 -13 13 14 24 -17 -18 21 19 -21 -22 -23 -24 -25 -26 26 -28 -29 29 -31
leaf_value=-0.00098060783543948331 0.035420296727978778 -0.059387282897517137 0.063779645528180218 0.030087861497990687 -0.056940301778772733 0.057026677244981054 0.014797170923005351 -0.029662412103806851 -0.062001724103225721 0.075143498579854529 -0.025809022156291536 -0.0080607307296297805 -0.037946521993174824 0.0042717336586643633 0.071013493112128845 0.038840402470321028 -0.051157610426394107 0.051002470545248216 0.0057209280545411721 0.070260412537171843 -0.046969039465492385 -0.027993336317031658 -0.046845824358110244 -0.03512463714003216 -0.013581766574498017 0.032167898227051225 0.029859517208601562 -0.052402085770122044 0.028808683855389424 -0.021996285505933189
leaf_weight=283.51882735127583 4.4495263686403659 4.7217860398814091 4.9132875654031514 2.9220381462946543 5.8871705906931338 6.2154225591220884 2.4773864536546197 1.7581062978133557 3.0853585295844805 1.6055327728390696 0.92005938047077496 2.937339486554265 3.4532081419602045 3.5715923998504868 1.8755143142770951 2.5861370032653204 1.9697800280991939 1.4272972826147454 3.2753850854933262 1.945614147931338 1.9171065147966144 6.8569564651697839 0.76326171122491349 2.5039050357881925 0.54458271776093159 7.8277005506679442 9.5068691966589522 2.8640493154525748 3.8655477431602803 9.580732337664811
leaf_count=2766 47 77 154 41 105 213 35 11 23 29 28 19 21 43 25 37 41 51 34 17 20 40 4 149 78 78 411 18 370 78
internal_value=1.16101e-05 -0.000435961 0.00056277 -0.020207 -0.00032357 0.000842895 -0.0158074 -0.00622197 -0.0165164 0.0104465 0.038367 -0.0356941 0.00906709 0.00069192 0.0133419 0.00183749 -0.0154316 -0.00283221 0.0106132 0.0297717 -0.0121485 -0.0171217 0.016909 -0.000249508 0.0519774 2.58197e-05 0.00850678 9.69149e-05 0.00716469 -0.00739083
internal_weight=391.747 373.297 355.347 17.9502 350.433 325.883 24.5502 13.2284 10.3064 4.2837 2.52559 6.0227 18.4503 14.0008 10.5476 8.12751 5.54137 18.663 9.61549 5.221 4.39449 9.04752 2.19056 319.668 2.4201 317.164 33.6449 24.138 21.274 13.4463
internal_count=5063 4771 4543 228 4389 4083 306 151 110 68 57 42 292 245 224 121 84 201 106 51 55 95 55 3870 103 3721 955 544 526 448
is_linear=0
shrinkage=0.05


Tree=138
num_leaves=31
num_cat=0
split_feature=4 6 4 4 4 2 2 5 2 7 6 0 6 1 3 2 5 2 0 1 3 2 4 3 1 3 2 3 3 3
split_gain=0.596713 3.39735 1.99809 9.18875 6.07101 1.82218 2.6824 2.55569 3.15015 4.16222 2.31443 2.618 3.91747 3.17724 3.41305 2.09511 2.22217 1.95282 1.57486 2.45408 2.20957 1.87056 2.76566 8.10589 6.108 2.75794 2.63818 3.44619 3.64148 6.74158
threshold=-0.89008012040608409 -0.19272153395928504 -0.24578499939545764 -0.15374285239996058 -0.33782723843310175 1.9363996917143325 0.68908008171291002 -0.17997995827908672 1.0332201840986603 0.54111036517919542 -0.27932792123056255 -1.2632074522153121 -0.34209364974838347 -0.27456685831717897 -0.064631799075224747 -1.3949975490437752 -0.94660553505273415 -0.35866510989241224 0.75961552443556102 -0.46139035719728066 -1.1915434649674137 -0.35078704689246964 -0.70599582641508996 0.22854921515606239 -0.36629924393897523 0.21292240435448043 1.2746346602122036 -0.29617489298671468 0.28021387243794593 0.49815041188695208
decision_type=2 2 2 2 2 2 2 2 2 2 2 2 2 2 2 2 2 2 2 2 2 2 2 2 2 2 2 2 2 2
left_child=1 5 4 -4 18 6 10 -8 -9 -10 11 -1 15 14 -14 -13 -17 -16 19 -2 -21 25 23 24 -23 -22 27 -24 -29 -30
right_child=2 -3 3 -5 -6 -7 7 8 9 -11 -12 12 13 -15 17 16 -18 -19 -20 20 21 22 26 -25 -26 -27 -28 28 29 -31
leaf_value=0.039866709331157935 0.052168465228765497 0.042150849642168836 -0.057659021784127934 0.00027611176323575872 0.055915964865675433 0.026665259974571132 -0.05857759498127784 -0.051979046071068291 -0.025833689046294645 0.049700178609314138 -0.039979693572686256 0.042231588730086034 -0.068965144022926417 0.07783460150788675 -0.00047711026525679541 -0.064324635783389858 -0.011318779402015134 0.09847979519956504 -0.027669810655809715 -0.058854387989240177 -0.024520470063258491 0.016845600066175845 0.024354138187387714 -0.018342453182447427 0.10864812794633266 0.03838976835574695 0.02562611270810012 -0.030908485829189588 0.07502458580865129 -0.015533175115719578
leaf_weight=3.9573237246368036 2.7060346517246208 3.6476864496944463 7.0417867307551196 243.71011170902057 6.0428827344439915 3.6169244572520247 4.5949561814777562 3.7402055673301184 4.6116874953731894 3.0169586129486561 3.7002582973800662 1.6177723021246482 1.117001779843122 2.379158113384622 1.2349120925646278 2.2044632830657092 19.187379888724536 0.83609670400619496 3.7754204898374146 1.3867991920560587 9.6372810695320279 3.5532649606466293 7.9333164095878486 5.1577093279920518 3.6971181901171715 2.126557773910462 9.6279190639033896 13.462199294939664 2.787689942866562 7.8213629210367799
leaf_count=32 210 162 128 2828 278 30 33 20 28 27 41 55 8 35 40 39 332 13 143 11 102 19 47 39 24 102 72 54 27 84
internal_value=1.15558e-05 -0.00459951 0.000841249 -0.00135086 0.00773672 -0.00765479 -0.0100329 -0.0271093 -0.0143907 0.00403826 -0.00250954 0.00175212 -0.003526 0.03411 0.00147906 -0.012632 -0.0167811 0.0394732 0.00378489 0.00548388 0.00360373 0.00492 0.00885317 0.0295724 0.0636576 -0.0131481 0.00267805 -0.00422541 -0.0136446 0.00826225
internal_weight=389.93 59.4628 330.467 250.752 79.7156 55.8151 52.1982 15.9638 11.3689 7.62865 36.2344 32.5341 28.5768 5.56717 3.18801 23.0096 21.3918 2.07101 73.6727 69.8973 67.1912 65.8044 54.0406 12.4081 7.25038 11.7638 41.6325 32.0046 24.0713 10.6091
internal_count=5063 895 4168 2956 1212 733 703 108 75 55 595 554 522 96 61 426 371 53 934 791 581 570 366 82 43 204 284 212 165 111
is_linear=0
shrinkage=0.05


Tree=139
num_leaves=31
num_cat=0
split_feature=4 4 4 4 4 4 4 6 7 1 3 2 6 1 1 3 1 6 6 3 1 3 2 5 7 6 3 0 7 0
split_gain=0.577602 2.72099 7.54582 3.77216 2.33434 7.57684 5.01502 1.79926 1.9585 1.74485 2.17779 1.67273 1.49401 2.61456 2.63658 2.11128 2.10985 1.30715 1.55454 2.4118 1.84917 1.28608 2.33317 1.14757 1.12771 3.11213 4.44434 2.55146 1.50499 1.58102
threshold=1.5030157014768397 1.2268893525324958 1.1348471134948515 1.3189314995279926 0.85872076455050717 0.76667852551286308 0.95076291154600423 -0.35369013894309176 -0.51271148558943047 -0.32143602321805637 0.38156197635317574 1.0081229451328322 -0.25025518773771582 -0.38904933890305127 -0.33943496168549753 0.52390654656616109 -0.42539904491439068 -0.3008378233139663 -0.34690230536733691 0.010155481456025706 -0.44882696580738807 -0.22530740658762852 0.68908008171291002 -0.03016219410641437 -0.68018183137183863 -0.39433179566134463 -1.2294918527492065 -1.0677811595048523 -0.656253607388949 -0.7820017647453148
decision_type=2 2 2 2 2 2 2 2 2 2 2 2 2 2 2 2 2 2 2 2 2 2 2 2 2 2 2 2 2 2
left_child=1 2 4 -3 5 24 -6 -5 9 -9 -11 -10 13 16 -15 -14 -2 18 19 20 -8 -19 -23 -17 25 -1 -27 -28 29 -26
right_child=12 3 -4 7 6 -7 17 8 11 10 -12 -13 15 14 -16 23 -18 21 -20 -21 -22 22 -24 -25 28 26 27 -29 -30 -31
leaf_value=-0.046612048735303294 -0.0065769067303982744 -0.058946256755614837 0.063540506262464866 0.028648163172208904 -0.056622699122670775 0.056777844931745793 -0.0051073227608511435 -0.028475832120552977 -0.060784425162552086 0.072118501163443635 -0.024490459166511037 -0.0076715986039802096 0.075333047923906882 -0.041324025734428511 0.010977928430315352 0.0426546076063474 0.056620639655713303 -0.048067074215642804 0.040371527246861577 -0.051170331943054398 0.062966132469923997 -0.034779185980975687 0.024647993194225129 -0.049522537138539054 -0.013279511433067302 0.088500038786432339 0.042648032213119323 -0.016783385715293111 0.00012651214081822973 0.050905843454412125
leaf_weight=4.836662087589505 2.284066085703671 4.5253124893642971 4.6897864390630266 2.9142398294061431 5.6320369674358544 5.9361094351625061 3.238240313716235 1.7410887237638233 2.9928394383750838 1.5893403810914608 0.92159439949318755 2.9373025307431817 1.8068298475118347 4.5163821964524686 5.1655281158164144 0.62489776231814176 3.1310710017569372 2.3639707792317495 2.944945485331119 1.8811105554923413 1.4417870552279057 3.3063586564967373 3.3002226585522294 0.73457191395573296 1.430332386633381 1.279647817835216 2.0965907648205802 13.025712369824751 292.07219946791884 2.9140243185684076
leaf_count=210 69 77 154 41 105 213 51 11 23 29 28 19 49 30 44 48 34 16 32 9 14 55 24 18 15 10 28 558 3012 37
internal_value=1.05914e-05 -0.000417856 0.000540968 -0.0195919 -0.000308772 0.000809475 -0.0153181 -0.00599345 -0.0159082 0.00998857 0.0366599 -0.0344767 0.00869084 0.00214167 -0.0134197 0.0399175 0.0299644 -0.00272765 0.0101914 -0.00335491 0.0158642 -0.0164179 -0.00509319 -0.00715212 -0.000236421 -0.011366 -0.000972519 -0.00854368 0.000561026 0.0297735
internal_weight=388.275 370.011 352.39 17.6217 347.7 323.591 24.1087 13.0964 10.1822 4.25202 2.51093 5.93014 18.2633 15.097 9.68191 3.1663 5.41514 18.4766 9.50608 6.56114 4.68003 8.97055 6.60658 1.35947 317.655 21.2386 16.402 15.1223 296.417 4.34436
internal_count=5063 4771 4543 228 4389 4083 306 151 110 68 57 42 292 177 74 115 103 201 106 74 65 95 79 66 3870 806 596 586 3064 52
is_linear=0
shrinkage=0.05


Tree=140
num_leaves=31
num_cat=0
split_feature=2 1 2 1 6 0 6 6 5 3 6 6 0 7 3 7 3 2 2 2 2 2 5 5 6 3 2 2 4 5
split_gain=0.584221 2.71813 2.08144 3.65204 4.44837 3.26687 2.78207 4.37555 2.50848 2.42116 3.32713 2.17254 1.75529 1.92912 2.42078 3.43694 3.18342 3.87936 3.09101 4.26979 2.91199 1.64837 2.47861 5.24748 2.40668 3.47544 4.03993 2.80763 4.07487 2.32374
threshold=-0.011552942454124868 -0.15282190267858006 0.97646373688526711 -0.43925956003961947 -0.39746500205177904 0.33311807327612236 -0.35467843929930776 -0.34422657263485096 -0.37465560615706867 -0.67520154607297966 -0.37417434729910565 -0.27993895846837202 -1.4063577054802423 -0.66755077798382867 0.52390654656616109 -0.10933444010768077 0.42743532865164818 0.84114298833008749 0.25001256699540064 0.15373111848454052 0.78261853570006845 -0.40508591749695272 -0.30451138525780075 -0.25517261798024088 -0.37505752923930619 0.25994426689521632 -0.096579260176932483 -0.16971278724649849 -0.24578499939545764 -0.37465560615706867
decision_type=2 2 2 2 2 2 2 2 2 2 2 2 2 2 2 2 2 2 2 2 2 2 2 2 2 2 2 2 2 2
left_child=21 2 3 4 -2 6 8 -8 -5 -4 -11 -7 -9 -14 16 -16 17 18 19 -15 -17 -1 29 -24 -25 26 27 28 -26 -23
right_child=1 -3 9 5 -6 11 7 12 -10 10 -12 -13 13 14 15 20 -18 -19 -20 -21 -22 22 23 24 25 -27 -28 -29 -30 -31
leaf_value=-0.0038863928716694794 -0.018996406263347115 0.042470804576754187 -0.022819279279471819 -0.0010446539383988174 0.049526005621400679 -6.4621706358470132e-05 0.042861725254710305 0.024556118678059687 -0.046256353488608938 0.056769056139588429 0.0021957622151392675 0.057693830931002887 -0.052118365269666872 -0.024418427389014691 -0.047505428241977232 0.032606461359429691 0.034600120059638279 0.033381198828201557 -0.043014207664097477 0.037352986659345014 -0.040237768236002641 0.0039905673559279984 0.059289965240831868 0.037448327808570471 0.040316271982984431 0.029426395634048419 0.033228966266762403 -0.0395381426594218 -0.018518017466185196 -0.022990463460443832
leaf_weight=64.799249897827394 4.1004210100509226 3.4383211049716911 9.4361939085647446 4.2172988951206198 5.6076132664456946 4.6157348179258406 3.6626017093658367 2.8328877650201241 11.257244197651742 2.8587209256365886 121.22768395906314 2.5152950859628609 3.423670387826852 8.6399869583547417 9.6417837329208833 3.2333937394432715 4.3539857156574717 4.0275369174778453 8.7327562496066076 4.137014638632535 2.3831370938569307 38.303651888971217 5.7287808931432656 6.115657743997871 4.0866258442401895 9.6580832843901572 5.4326440319418934 7.592860298231245 10.516739618033169 10.080249977298079
leaf_count=1648 84 276 140 26 58 39 29 21 53 22 869 23 20 43 61 44 34 26 44 34 14 915 55 126 31 134 29 38 58 69
internal_value=9.83053e-06 -0.00164334 -0.00232996 -0.00832945 0.0205839 -0.0119432 -0.0152034 -0.00993977 -0.0339347 0.00159634 0.00345303 0.0203082 -0.0137018 -0.0159331 -0.0131892 -0.0293938 -0.00491733 -0.0116549 -0.0200875 -0.00441771 0.0016981 0.00229476 0.00640216 0.0143127 0.00837612 0.00360782 -0.00541745 -0.0148764 -0.00205375 -0.00163063
internal_weight=386.658 224.343 220.905 87.3824 9.70803 77.6743 70.5433 55.0688 15.4745 133.523 124.086 7.13103 51.4062 48.5733 45.1496 15.2583 29.8913 25.5373 21.5098 12.777 5.61653 162.315 97.5153 49.1314 43.4026 37.287 27.6289 22.1962 14.6034 48.3839
internal_count=5063 1960 1684 653 142 511 449 370 79 1031 891 62 341 320 300 119 181 147 121 77 58 3103 1455 471 416 290 156 127 89 984
is_linear=0
shrinkage=0.05


Tree=141
num_leaves=31
num_cat=0
split_feature=3 3 7 3 5 1 2 4 0 1 7 0 1 2 0 0 7 1 4 4 2 2 2 1 1 1 1 5 2 0
split_gain=0.57637 4.03029 3.64465 3.43008 3.84552 1.93212 1.7139 1.80858 1.64565 3.51314 3.90646 1.6876 1.89411 1.58258 1.50381 1.48246 1.63535 1.62849 1.34372 1.32082 1.27658 1.26571 1.33676 1.09919 2.70653 2.2126 2.73262 3.28316 2.14951 2.68034
threshold=-1.2294918527492065 -1.2022116864321746 -0.84876828316482522 -1.2468658134203887 -1.1774996148071211 -0.46139035719728066 0.12335412001622294 -0.33782723843310175 0.7248467009251045 -0.2920473581695896 -0.41321471806103288 1.1992588846131529 -0.014272436066050378 -0.32454134060283718 0.35128180797695679 0.19962641271934417 -0.36685548547529795 -0.46382645497508307 -1.4423330023790664 1.3189314995279926 -0.38538943861786096 -0.91556293691908641 -0.47035950333894377 -0.39567619450301389 -0.4027682793202903 -0.37783602592331683 -0.3739386548856477 0.35074444038093983 0.045484203462505902 -0.46970897686602664
decision_type=2 2 2 2 2 2 2 2 2 2 2 2 2 2 2 2 2 2 2 2 2 2 2 2 2 2 2 2 2 2
left_child=3 5 -3 4 -1 -2 13 -8 23 19 20 -12 -13 14 15 16 -6 -18 -16 -10 -11 -20 -23 24 -4 28 27 -27 29 -25
right_child=1 2 8 -5 6 -7 7 -9 9 10 11 12 -14 -15 18 -17 17 -19 21 -21 -22 22 -24 25 -26 26 -28 -29 -30 -31
leaf_value=-0.042254326905662082 0.018020688857749986 0.057033920159138322 0.0024611924121582646 0.04916952648587334 -0.022699388056252327 -0.050694861167259325 -0.059944120513591985 0.0079240733098297073 -0.053695016654776523 -0.04366034912599949 0.070083542776944771 -0.054128224720417055 0.060504923066802163 0.045921679391365405 0.095515923379669257 -0.051401196207502858 0.053368110393827356 -0.06367151447969796 -0.023115888050468148 0.017865320037368061 0.016759651698429679 0.035308890740389419 -0.036031638399583253 -0.027448794409765366 0.034707417401085398 -0.0013484734427403914 -0.00017842299054497674 0.080751087347491743 -0.026194988367953972 0.029505321488412312
leaf_weight=4.4760264549404445 1.247624486684799 2.7972040809690943 46.774892093264498 4.0965060014277688 2.6800859626382669 5.6811783532612017 1.7145029520615933 2.2964251204393795 5.4577919770963481 3.1772509390721089 2.2334055202081795 0.75306835677474759 0.69100009743124202 3.3752916905796111 0.57903660368174303 1.621813115198165 1.9023767211474556 0.35223742574452765 1.5980098545551298 0.73121250118128944 1.2060900117503477 5.4829364551696917 0.74596509523689647 3.616210893727839 7.5587850511074057 2.5674780942499629 246.79133755306248 2.3163472909945995 15.741234812885521 4.8180890860967356
leaf_count=251 11 529 471 42 37 79 16 41 147 132 27 40 14 140 11 35 198 2 47 21 60 191 22 26 78 17 2199 26 87 66
internal_value=8.72655e-06 -0.000562848 0.000190608 0.00655533 4.75465e-05 -0.0383217 0.00851983 -0.0210867 -0.000271025 -0.0169074 0.00484633 0.0428478 0.000724796 0.0149955 0.00801908 -0.00992916 0.00370082 0.0350831 0.0220184 -0.0452404 -0.0270356 0.0165811 0.0267652 0.000446954 0.00694722 -0.000833388 0.000554493 0.0375905 -0.0152817 0.00508621
internal_weight=385.081 354.16 347.231 30.9212 26.8247 6.9288 22.3487 4.01093 344.434 14.2498 8.06081 3.67747 1.44407 18.3378 14.9625 6.55651 4.9347 2.25461 8.40595 6.189 4.38334 7.82691 6.2289 330.184 54.3337 275.851 251.675 4.88383 24.1755 8.4343
internal_count=5063 4030 3940 1033 991 90 740 57 3411 441 273 81 54 683 543 272 237 200 271 168 192 260 213 2970 549 2421 2242 43 179 92
is_linear=0
shrinkage=0.05


Tree=142
num_leaves=31
num_cat=0
split_feature=4 6 4 4 4 7 4 4 4 7 3 1 1 3 7 5 5 2 5 7 0 1 6 6 7 0 0 0 2 2
split_gain=0.558773 3.10947 1.76418 8.64169 5.7033 1.6755 1.96827 3.90976 3.50178 2.06078 1.98914 3.1682 2.09094 1.9692 3.73668 3.20429 2.58615 1.79957 1.65555 1.55955 1.3571 2.24742 1.8298 1.57084 2.42682 2.58587 3.4112 2.314 2.44803 2.22061
threshold=-0.89008012040608409 -0.19272153395928504 -0.24578499939545764 -0.15374285239996058 -0.33782723843310175 -0.53908969837602883 -1.1662064693504284 -1.2582487083880722 -1.0741643223549311 -0.40728030073649374 0.58121012090798951 -0.3766540936952813 -0.4027682793202903 0.055876461071348658 1.5277480785305613 -0.66729479009757864 -0.35693597133945582 -0.38697613192657848 -0.10461843337997913 0.51059439352411096 0.75961552443556102 -0.46139035719728066 -0.39433179566134463 -0.25025518773771582 -0.56222848152216776 -0.1935210574943913 0.012906320873580865 -1.0068494770013638 0.1092970045600427 -0.35078704689246964
decision_type=2 2 2 2 2 2 2 2 2 2 2 2 2 2 2 2 2 2 2 2 2 2 2 2 2 2 2 2 2 2
left_child=1 5 4 -4 20 17 7 13 -8 -10 11 12 -11 15 19 -7 -17 -1 -3 -15 21 -2 -23 24 -24 29 -27 -25 -29 -26
right_child=2 18 3 -5 -6 6 8 -9 9 10 -12 -13 -14 14 -16 16 -18 -19 -20 -21 -22 22 23 27 25 26 -28 28 -30 -31
leaf_value=-0.0031105367259918974 0.051169901314389955 0.070618917694316663 -0.05733041820034708 0.00030228805689597659 0.055479206597225154 0.017891027143628422 -0.062137311846189772 0.069177003258213049 0.05486833132407009 -0.0052840227124347876 0.029547388868903169 -0.036954157651009144 0.065033343596293605 0.02053354350791637 -0.046486842426929749 -0.066855559871198816 -0.011356442712315774 -0.060419642564091991 0.0019782899289953531 0.07506890610478345 -0.026300419385158477 -0.031829120631650706 0.05206676205945137 0.037538718934059551 -0.026441285724907851 0.065331747172654095 0.0057527512834185295 0.007856917025454619 -0.041198620262696065 0.0059148939520065709
leaf_weight=2.5736419265158474 2.5532411055173716 2.0153699863003571 6.6852015687618396 240.36541352741187 5.7078014684375367 6.0257204314693835 3.3667557076551047 2.1774892149260259 1.2591673610732019 5.9457854921929618 2.591460106894373 9.2529885582625813 1.2858269172720627 3.9069689111784092 1.6415991568937895 3.0277247205376634 6.8434258182533059 2.9285133306402704 1.5572104370221485 1.9729439178481696 3.612887085764668 3.4983570538461199 3.1056242557242433 2.0823873886838546 6.4032844118773857 3.9240836191456889 6.1958025586791337 4.4450391416903567 5.9440295489039272 30.852117093745619
leaf_count=49 210 141 128 2828 278 42 32 92 13 143 72 42 20 44 21 14 86 35 21 28 143 55 25 27 103 56 41 54 41 179
internal_value=7.64996e-06 -0.00449691 0.000815772 -0.00125726 0.00735449 -0.00744343 -0.00452261 0.00509141 -0.0149048 -0.0070849 -0.0111743 -0.0175759 0.00721885 -0.000867395 0.0202111 -0.0108406 -0.0283794 -0.0336132 0.0407 0.0388323 0.00357181 0.00513585 0.00336708 0.00532299 0.00924876 0.00644188 0.0288551 -0.0105674 -0.0202098 0.000353665
internal_weight=383.748 58.3726 325.375 247.051 78.3247 54.8 49.2979 25.5959 23.702 20.3352 19.0761 16.4846 7.23161 23.4184 7.52151 15.8969 9.87115 5.50216 3.57258 5.87991 72.6169 69.004 66.4507 62.9524 50.4809 47.3753 10.1199 12.4715 10.3891 37.2554
internal_count=5063 895 4168 2956 1212 733 649 327 322 290 277 205 163 235 93 142 100 84 162 72 934 791 581 526 404 379 97 122 95 282
is_linear=0
shrinkage=0.05


Tree=143
num_leaves=31
num_cat=0
split_feature=0 7 7 1 1 3 3 5 6 5 0 7 3 2 7 1 7 7 5 4 5 0 0 5 1 7 5 7 5 6
split_gain=0.54839 1.02322 0.912102 2.53898 1.02214 0.773119 3.24211 2.95437 3.37258 3.44801 1.95516 1.77066 2.49697 2.19583 1.83659 2.08105 1.31167 1.22202 1.72824 1.71728 1.8577 1.45764 1.24208 1.40433 1.20699 3.41609 1.9861 1.4796 3.08131 1.61393
threshold=-1.7995094254806314 3.047394467177694 2.3434037954808695 -0.44244565892480509 -0.38101874696142085 -1.2294918527492065 -1.2162327775001465 1.1183285548757507 -0.39938820083883714 -1.1774996148071211 1.9857585475218218 -0.8507282742077924 -1.2022116864321746 -0.76720904743073381 1.8042701481758316 -0.44504841469390521 2.007156443220742 -0.8141417747390739 -0.30451138525780075 -1.4423330023790664 -0.082554548656509893 0.33311807327612236 -0.069008756503063734 -0.77662554651860782 -0.44644579680684154 1.0237309374120167 -0.29792424116667887 1.3189545882589309 -0.11261185320675467 -0.36987084108345514
decision_type=2 2 2 2 2 2 2 2 2 2 2 2 2 2 2 2 2 2 2 2 2 2 2 2 2 2 2 2 2 2
left_child=-1 2 5 -4 -5 7 -7 8 9 -2 17 12 -8 14 -13 -16 24 -11 21 -20 -21 22 23 -19 25 26 -15 29 -29 -26
right_child=1 -3 3 4 -6 6 11 -9 -10 10 -12 13 -14 16 15 -17 -18 18 19 20 -22 -23 -24 -25 27 -27 -28 28 -30 -31
leaf_value=0.016836883807015476 -0.047297484672412939 -0.031821031372627422 -0.044419893716316779 0.070240593035272358 0.0011111287061601409 -0.051641830439093594 -0.032109315045687155 0.060722073745241092 0.044789004565351009 -0.029781339827983262 0.058624388558452978 -0.029938725751561809 0.073115383988279645 -0.020364291654286076 -0.051359527054371405 0.06074797605922732 -0.035094069938161679 -0.030208596596968181 -0.065354252237702554 -0.034891223389384399 0.02272216198478752 -0.0066258531079044919 0.079754534820656781 0.043933190754992302 -0.011861144640858527 -0.025152690658986954 0.041494518016090068 -0.056523844159225005 0.036094787980359706 0.00036978130069237434
leaf_weight=4.7798512073932207 3.9288176966365489 2.5420420719310632 0.96131630730815265 1.8778956860769545 0.74759078770875809 3.1191712685395023 0.81797846499830518 2.4006844245595849 4.0569151863455764 2.9633763912134006 1.5180101450532664 10.266521224577444 1.8142956371884782 1.5548382401466359 0.61686360044404853 1.2584683368913818 2.636418910464271 0.89436164963990439 1.2441418804228419 2.3522833543829731 3.4531075907870732 2.6437246822752059 1.3749704612419122 2.2340893102809791 29.94609832437709 3.7562108738347879 7.8427875530906013 1.0553876608610151 6.0219468296272671 271.53137956018327
leaf_count=65 237 25 40 52 18 49 9 329 41 83 15 408 405 8 24 73 30 7 9 36 111 40 27 50 170 53 85 7 109 2448
internal_value=7.24008e-06 -0.000205893 8.48207e-06 0.0251014 0.0505564 -0.000233916 -0.0008988 0.00759519 0.00281189 -0.00472111 0.00423457 -0.000432073 0.0404168 -0.000751626 -0.0216276 0.0238718 2.9865e-05 -0.000576851 0.00551922 -0.0120465 -0.000622176 0.022845 0.0401458 0.0227375 0.000317707 0.0151508 0.03126 -0.000314633 0.0222833 -0.00084513
internal_weight=382.212 377.432 374.89 3.5868 2.62549 371.303 342.238 29.0645 26.6638 22.6069 18.6781 339.119 2.63227 336.487 12.1419 1.87533 324.345 17.1601 14.1967 7.04953 5.80539 7.14715 4.50342 3.12845 321.709 13.1538 9.39763 308.555 7.07733 301.477
internal_count=5063 4998 4973 110 70 4863 3878 985 656 615 378 3829 414 3415 505 97 2910 363 280 156 147 124 84 57 2880 146 93 2734 116 2618
is_linear=0
shrinkage=0.05


Tree=144
num_leaves=31
num_cat=0
split_feature=3 6 2 6 1 7 7 6 6 3 2 0 3 1 7 7 3 5 0 2 1 1 0 1 7 2 6 6 1 1
split_gain=0.540253 0.905061 0.997318 0.961967 0.833353 0.714242 2.25372 1.93955 1.91117 1.82145 2.16047 1.99409 2.35408 4.12472 2.98508 2.72874 2.52367 2.08978 1.62862 1.59636 1.54383 2.27986 1.66703 1.98279 1.50784 1.32644 1.3141 1.28921 1.28668 1.26945
threshold=1.9065080941201404 1.0000000180025095e-35 1.5161293629221668 -0.029339383243277305 -0.050431728407436129 -0.57886118328956893 -0.57453286973634998 -0.0846927823952877 -0.15205499317171395 0.85157337917873976 -0.046937685070953881 -0.14931433709302314 -1.2447321691274367 -0.44644579680684154 -0.85023827644705052 -0.85061938581651642 -1.2022116864321746 -0.53367547259000081 -0.74502950012727387 -0.88992128970837792 -0.17662062535059755 -0.26707971074952785 -0.85142261590544377 -0.46064855013779754 -0.63314204634062909 -0.3155233992441186 -0.2687111751578436 -0.30610758541892824 -0.34376398143365322 -0.46139035719728066
decision_type=2 2 2 2 2 2 2 2 2 2 2 2 2 2 2 2 2 2 2 2 2 2 2 2 2 2 2 2 2 2
left_child=1 3 4 5 -3 7 -7 8 9 10 11 17 13 14 -13 16 -14 18 -1 -16 21 22 23 -12 -23 -17 -19 -24 -20 -8
right_child=-2 2 -4 -5 -6 6 29 -9 -10 -11 20 12 15 -15 19 25 -18 26 28 -21 -22 24 27 -25 -26 -27 -28 -29 -30 -31
leaf_value=0.030708049398688542 -0.019141136812000463 0.0043287721118795029 0.077937064683512081 -0.032515124621336829 0.05052489126889536 0.042589876677857269 0.015296019127944416 0.05439793000879195 -0.038117760541640011 0.043749625839423434 -0.051849582484690827 -0.0453431861006139 -0.02256694482042617 0.0891178409650763 0.039798478448991204 -0.058590299560832552 0.056811237580675682 0.017083608903541461 -0.059752758006627382 -0.013882277308494626 -0.052681222721888445 -0.0058461574454790515 -0.014967311483763929 0.01525423530950358 0.045054992092541483 -0.013054680858996477 0.065209920958134465 -0.049534722224544428 0.0064189425960126494 -0.00011254596924235661
leaf_weight=2.1547939199954271 3.6481557362712911 6.0457459539175034 0.61870780412573356 2.2836014740169039 1.1642392639187154 3.2317207478918126 14.02486772101838 1.3581501496955741 4.3140907782362765 1.9599395883269597 1.4392076120711861 2.6544250107835952 2.4066237288061529 1.4776934012770659 3.5185308651998639 4.1750248854514211 1.7147751301527021 2.7615254865959287 1.4627706636674704 2.2839501216076323 2.5874844733625677 3.6741592492908239 5.121589261107153 4.6821702532470288 2.4087549559772006 2.5922924394253641 2.91633717343211 5.6983464751392559 1.4757814686745403 284.93387447920395
leaf_count=18 66 91 22 36 597 32 593 41 71 74 67 152 34 11 35 97 16 33 27 55 19 25 89 33 21 26 27 26 16 2613
internal_value=7.66452e-06 0.000192894 0.0170161 -0.000163725 0.0117883 3.75611e-05 0.00105925 -0.00472419 -0.0059891 -0.00364644 -0.00527028 0.00347827 -0.00555601 0.0120442 -0.00142302 -0.021614 0.0104596 0.0209437 -0.00230931 0.0186689 -0.0160625 -0.0119472 -0.0213751 -0.000522658 0.01431 -0.0411474 0.0418029 -0.0331723 -0.0265204 0.000610307
internal_weight=380.789 377.141 7.82869 369.312 7.20999 367.029 302.19 64.8384 63.4803 59.1662 57.2062 31.5945 20.8233 9.9346 8.45691 10.8887 4.1214 10.7712 5.09335 5.80248 25.6117 23.0242 16.9413 6.12138 6.08291 6.76732 5.67786 10.8199 2.93855 298.959
internal_count=5063 4997 710 4287 688 4251 3238 1013 972 901 827 547 426 253 242 173 50 121 61 90 280 261 215 100 46 123 60 115 43 3206
is_linear=0
shrinkage=0.05


Tree=145
num_leaves=31
num_cat=0
split_feature=4 4 4 4 4 4 4 0 6 0 7 0 5 7 0 5 6 2 1 1 5 1 3 3 1 1 3 0 0 2
split_gain=0.542045 4.38954 6.27005 4.91054 3.44162 11.6653 8.9251 1.94656 3.67372 2.74004 2.66985 3.7485 2.96307 2.63847 2.60732 1.94652 2.52533 1.92049 1.84167 2.80776 2.58849 1.69445 3.17547 2.42181 2.34458 2.49942 2.09668 2.34864 3.47717 3.87307
threshold=1.0000000180025095e-35 -0.24578499939545764 -0.33782723843310175 -0.15374285239996058 0.30646788257752478 0.39851002957302184 0.21442564353988061 -0.79926088106645266 -0.29101108924101798 0.35128180797695679 -0.34665668889360962 -0.67531453442185896 0.050414532736126907 -0.50805650686238368 -1.1004659755671204 0.98480453059191408 -0.30518766608255438 -0.91556293691908641 -0.3278342553295 -0.38101874696142085 -0.42593387081195272 -0.33203770776548741 -0.15154427531699513 0.45242949323289472 -0.34012113947976458 -0.34284551158743826 -1.2447321691274367 0.37639115951305729 -0.51066842063112439 1.3977233068034023
decision_type=2 2 2 2 2 2 2 2 2 2 2 2 2 2 2 2 2 2 2 2 2 2 2 2 2 2 2 2 2 2
left_child=1 2 -1 -3 6 -6 7 8 14 10 11 -9 -12 -13 -2 17 -17 -7 19 -5 -20 23 -23 24 25 26 -19 28 -28 -30
right_child=4 3 -4 18 5 15 -8 9 -10 -11 12 13 -14 -15 -16 16 -18 21 20 -21 -22 22 -24 -25 -26 -27 27 -29 29 -31
leaf_value=1.2336186891669184e-05 0.016176720229972717 -0.057022933450365 0.054983938637089481 -0.01624137702812074 -0.059180627501142641 -0.050156549001616452 0.059153129624367154 -0.039387327908654068 -0.0079726653133080656 0.030217081215306665 -0.04406749428203565 -0.0016373720430543197 -0.0028795019382185736 0.048784736282910975 0.078034158193558134 0.056920671205644702 -0.0080759428456218512 0.012343091736275196 0.014997152282509458 0.029106883226944037 -0.029266448990229101 0.043472597305341865 0.0030175400244307968 0.045007627840256748 -0.038313889197124078 0.043981642561084361 -0.01852654858665638 -0.037745602964304188 0.027844686368484126 -0.03546350711849381
leaf_weight=129.13816472445615 3.5618032421916723 6.3639944421593091 5.4042916023754506 7.3090273761190474 8.5003678274806571 1.8898609451716755 8.5703671261435357 3.0696471817791453 5.9557099649682623 5.6262753414921454 7.5792161608114936 5.2024475993821389 10.301560863386838 5.1755432607606009 3.2652046605944633 3.4539832607842982 2.6341563686728469 11.854027721099554 4.2787543438607818 6.4040112951770407 14.48171746497974 5.2683401770773264 61.185736466315582 2.3231905698776236 5.4512307979166499 2.5914997421205035 22.056031649000943 7.0720736794173709 10.654341235756872 3.1243267878890029
leaf_count=1829 26 128 278 74 99 137 181 14 40 135 42 41 64 34 24 44 33 345 82 43 83 82 839 25 31 15 141 59 83 12
internal_value=6.94353e-06 -0.00205398 0.00222043 -0.0168616 0.00173843 -0.00231363 0.0120277 0.00390744 0.0207259 -0.00191009 -0.00767982 0.00915134 -0.0203381 0.0235083 0.0457617 0.00115007 0.0287986 -0.000111092 -0.00899093 0.00493633 -0.0191711 0.000607698 0.00622473 -0.00512382 -0.00697825 -0.00399985 -0.00627053 -0.011413 -0.00621618 0.0134895
internal_weight=379.747 173.38 134.542 38.8375 206.367 148.059 58.3078 49.7374 12.7827 36.9547 31.3284 13.4476 17.8808 10.378 6.82701 139.559 6.08814 133.471 32.4735 13.713 18.7605 131.581 66.4541 65.1267 62.8035 57.3523 54.7608 42.9068 35.8347 13.7787
internal_count=5063 2517 2107 410 2546 1945 601 420 90 330 195 89 106 75 50 1846 77 1769 282 117 165 1632 921 711 686 655 640 295 236 95
is_linear=0
shrinkage=0.05


Tree=146
num_leaves=31
num_cat=0
split_feature=2 3 6 3 6 1 5 2 6 2 2 6 6 3 3 1 4 7 1 1 4 7 7 2 1 1 0 3 0 7
split_gain=0.544737 1.59517 1.86757 0.699327 0.888378 0.97566 1.08938 1.31748 0.882289 0.866224 1.50562 2.83342 2.78199 3.55749 3.07061 1.4829 2.83157 1.43735 1.65567 2.4519 2.53135 1.40922 1.80939 1.23798 1.03172 3.18854 3.90709 3.42295 2.99926 2.82
threshold=2.0589751712411388 -0.26386542226486698 -0.27099365882653137 1.7669070551809316 1.0000000180025095e-35 -0.34461165077441941 -0.26059382145146842 -0.046937685070953881 -0.029339383243277305 1.7383792152987647 1.5010059888074545 -0.24595711618427002 -0.29036448778848489 -0.27986773922169217 0.06273455772060299 -0.34284551158743826 -0.15374285239996058 0.42672311014381181 -0.40505955882628647 -0.355444591869857 -0.24578499939545764 -0.37880598641783331 -0.58343449572315864 1.6422874790923792 -0.25595609206908226 -0.2949122127224057 0.33311807327612236 0.42743532865164818 -1.3733166400609285 -0.25617043574329673
decision_type=2 2 2 2 2 2 2 2 2 2 2 2 2 2 2 2 2 2 2 2 2 2 2 2 2 2 2 2 2 2
left_child=3 -2 -3 4 8 -6 7 -7 9 10 24 12 13 23 -15 -16 -17 18 -11 -20 -21 22 -22 -12 25 27 29 -1 -26 -27
right_child=1 2 -4 -5 5 6 -8 -9 -10 17 11 -13 -14 14 15 16 -18 -19 19 20 21 -23 -24 -25 28 26 -28 -29 -30 -31
leaf_value=-0.00099973585963594042 -0.030551012491392367 0.048235218641806826 -0.011549886173380809 -0.016553552699809543 -0.039478840224138612 0.029996985832756645 0.047862772089106075 -0.027668249609538276 -0.031718591164385287 0.038557830107633057 -0.056950121466604803 0.061072422301623991 -0.032804115604460775 0.074843710970941835 -0.012430794535257635 -0.0080471253474879902 0.0715360453584689 0.018086093469215615 -0.042660075081084367 0.032072279036982787 -0.00213925326874311 0.011115185568676396 -0.053337506421170813 0.0058028912580783826 0.051329933814704555 -0.028274296807604477 0.030111879878140065 0.022605131017196467 0.0028822885226986502 0.00054842610114087407
leaf_weight=191.50701106828637 1.5916463406756518 3.5382351372390981 2.0707595885032783 6.4691183289978644 0.69128016103059042 2.4604227759991772 2.6536641041748217 1.6579444039380176 2.2242266919929525 1.3873665779829085 1.7979900659993338 2.7418661271221927 3.5912599996663639 2.8678665515035373 3.107217536307874 2.1918097685556885 2.280761472880835 4.0978143841493866 6.6667145863175454 3.351738367113291 3.1279414778109689 2.8939854204654525 3.8494101651012893 1.39625928690657 3.3959824270568779 26.576395019888878 4.5038403787184498 16.697152530599851 53.856277555692941 12.467341363895683
leaf_count=2358 10 37 27 147 6 559 43 73 32 18 14 34 29 23 20 21 23 35 30 41 28 33 19 34 54 138 57 311 723 86
internal_value=6.47508e-06 0.0136271 0.0261634 -0.000258234 3.13385e-05 0.0171042 0.0228801 0.00678251 -0.000326002 -0.000128955 0.000557615 0.0138616 0.0063502 0.0166576 0.0307759 0.0141025 0.0325358 -0.00903014 -0.0142525 -0.0179362 -0.00547107 -0.0182186 -0.0303854 -0.0295197 -0.000302399 -0.00168018 -0.0139841 0.000893281 0.00575602 -0.0190707
internal_weight=377.711 7.20064 5.60899 370.511 364.042 7.46331 6.77203 4.11837 356.578 354.354 328.979 19.975 17.2332 13.6419 10.4477 7.57979 4.47257 25.375 21.2772 19.8898 13.2231 9.87134 6.97735 3.19425 309.004 251.752 43.5476 208.204 57.2523 39.0437
internal_count=5063 74 64 4989 4842 681 675 632 4161 4129 3925 198 164 135 87 64 44 204 169 151 121 80 47 48 3727 2950 281 2669 777 224
is_linear=0
shrinkage=0.05


Tree=147
num_leaves=31
num_cat=0
split_feature=5 7 2 2 3 5 2 4 6 2 0 5 6 2 1 1 0 2 6 5 7 2 3 1 7 0 7 2 2 7
split_gain=0.532584 0.885269 0.627328 1.48916 0.748934 0.841782 1.49751 1.26243 0.812527 0.896334 0.822946 0.908049 0.798348 0.783204 1.47498 4.49981 3.28155 2.57141 2.39485 1.44446 4.51985 2.51861 2.13132 3.34305 2.43286 2.26624 3.82583 2.23574 2.93046 2.14141
threshold=2.8119568026088237 2.8172860743137966 2.3768788169919026 2.0589751712411388 1.7669070551809316 0.11546757301991879 -0.020769468235039557 0.21442564353988061 1.0000000180025095e-35 1.5161293629221668 -0.7186822883201065 0.93742207714292702 -0.029339383243277305 1.7383792152987647 -0.22896010285105647 -0.2920473581695896 -0.7687425769311943 1.7731382848477517 -0.34952813990062109 0.55043069004549905 0.91767364430924314 0.25001256699540064 -0.57370105423428386 -0.46139035719728066 0.26012387149161126 -0.17281873471782655 0.51059439352411096 1.1125579642141628 -0.16971278724649849 -0.21190730468962385
decision_type=2 2 2 2 2 2 2 2 2 2 2 2 2 2 2 2 2 2 2 2 2 2 2 2 2 2 2 2 2 2
left_child=1 2 3 4 8 6 -6 -7 12 10 -10 -12 13 19 15 16 17 -15 -18 20 -1 -22 23 24 -21 27 -27 28 29 -24
right_child=-2 -3 -4 -5 5 7 -8 -9 9 -11 11 -13 -14 14 -16 -17 18 -19 -20 22 21 -23 25 -25 -26 26 -28 -29 -30 -31
leaf_value=0.00032772996412785093 -0.028216066718066396 0.02868316265756984 -0.027038584407952249 0.027875748387728175 -0.030061934857308348 -0.051380357838339441 0.057628588404953211 0.0037581384147700619 -0.012707721397678264 0.079820691091655863 0.030082501761452964 -0.057370468614448347 -0.030233892440006061 -0.026095141042641212 -0.03949856055293393 0.049052731941328483 0.0055120505271900504 0.031251994068622856 -0.047976586892018475 -0.05010467550441608 -0.072978041856338521 -0.017782857082962063 -0.04436062364801481 -0.023142587326832637 0.041122156989691426 -0.032724527028859987 0.031055843145114972 0.040423471308682402 -0.0025492443134462533 0.059983194665806996
leaf_weight=262.78389666951261 1.6641350972931821 2.6955725376028559 2.1445835005724794 4.7574312990764147 1.0706428197445346 2.6318685952574015 0.89288814191240717 1.7142601723317055 2.3037133378675207 0.51860986812971521 4.2389321136870413 0.31917455792427052 2.2169704111292949 3.1312721688300424 3.3524241003906345 3.3928301497362545 2.9384302813559771 5.2024035947397351 7.2702914772089589 0.87910822127014299 2.9239571406505984 7.0502890893258154 0.56741718947887143 10.642123954836277 4.3326513427309692 5.5673514162190241 4.0700990969780833 10.503454150632022 11.44406345440075 3.6851618990767765
leaf_count=2714 16 38 17 55 36 30 50 28 34 17 628 2 32 19 39 39 19 48 40 10 19 53 2 172 386 61 109 104 89 157
internal_value=7.31197e-06 0.000132478 -7.41016e-05 8.20197e-05 -0.000279607 -0.0173565 0.0098141 -0.0296319 2.02511e-05 0.0164391 0.0116487 0.0239587 -0.000324049 -0.000134452 -0.00860977 -0.00388895 -0.013576 0.00970454 -0.0325807 0.000526116 -0.00092623 -0.0339634 0.00818965 -0.00707497 0.0257342 0.0149424 -0.00578873 0.0225682 0.0106203 0.0460607
internal_weight=376.906 375.242 372.546 370.402 365.644 6.30966 1.96353 4.34613 359.335 7.38043 6.86182 4.55811 351.954 349.737 25.2877 21.9352 18.5424 8.33368 10.2087 324.45 272.758 9.97425 51.6914 15.8539 5.21176 35.8375 9.63745 26.2001 15.6966 4.25258
internal_count=5063 5047 5009 4992 4937 144 86 58 4793 681 664 630 4112 4080 204 165 126 67 59 3876 2786 72 1090 568 396 522 170 352 248 159
is_linear=0
shrinkage=0.05


Tree=148
num_leaves=31
num_cat=0
split_feature=4 6 6 0 6 2 5 5 0 5 4 4 4 4 0 1 6 6 7 2 0 0 0 0 2 0 3 1 0 7
split_gain=0.508974 2.9294 1.56479 1.55896 3.08162 1.73655 2.26766 1.67075 1.56844 1.55742 1.53888 7.73878 5.05432 1.32363 1.28053 1.98308 1.58381 1.36383 2.14201 2.35747 2.56469 2.46491 2.40575 2.03407 2.28571 2.0007 1.92037 1.78784 3.53091 1.7451
threshold=-0.89008012040608409 -0.19272153395928504 -0.27518943119448119 -1.2632074522153121 -0.29478339519378022 -1.3949975490437752 -0.94660553505273415 -0.70443532405077514 -1.629495391513599 -0.10461843337997913 -0.24578499939545764 -0.15374285239996058 -0.33782723843310175 -1.1662064693504284 0.75961552443556102 -0.46139035719728066 -0.39433179566134463 -0.25025518773771582 -0.56222848152216776 -0.35078704689246964 -0.5347122480721701 -0.16050314608511973 0.06472089210630276 -1.0068494770013638 0.1092970045600427 -0.40050501136958616 0.38156197635317574 -0.32271615250635416 -0.65462115085170292 -0.30489799083928354
decision_type=2 2 2 2 2 2 2 2 2 2 2 2 2 2 2 2 2 2 2 2 2 2 2 2 2 2 2 2 2 2
left_child=1 2 3 8 5 -5 -7 -8 -1 -3 12 -12 14 -4 15 -2 -17 18 -18 20 -20 25 -22 -19 26 27 -25 28 -21 -26
right_child=10 9 13 4 -6 6 7 -9 -10 -11 11 -13 -14 -15 -16 16 17 23 19 21 22 -23 -24 24 29 -27 -28 -29 -30 -31
leaf_value=-0.0013523381726541956 0.049999871120996714 0.070384393963378367 -0.0042182318069390237 0.041133229936833715 0.057751109613077667 -0.060934843494655645 0.023332353939015834 -0.012974725550030666 0.051876097866059359 0.0025631211434981155 -0.056749167886186849 0.00026770735193109251 0.054814050252203331 -0.05196955061868419 -0.026268378088495966 -0.030209191975315249 0.049265534253939772 0.036093461409462617 -0.04479251458702696 0.0052875051481079301 0.034462435168671667 0.038186144692009226 -0.048389702965782218 -0.023103392405863066 -0.011146625155692279 -0.021004418350431167 0.042811886760159713 -0.0054269267602686209 0.055416845660999775 -0.065760738378818726
leaf_weight=3.4145795311778784 2.3650884113740167 1.9161177861387844 2.543633583933115 1.5710977694252495 1.7309116080868978 2.2733977579046032 3.5090274563990453 32.662747833062902 2.3271617649588725 1.516334107145666 6.1050045178271821 236.24497739225626 5.1472306588548227 3.3791461354121557 3.4356125929625696 3.3279932765290132 3.0782041288912216 2.0244883866980663 4.2951720699202269 10.652384668588631 2.9785489242058159 7.0560224545188452 1.2412927029654381 2.3143702363595349 2.8438887516967952 5.8105688979849246 2.114555147010833 9.694046841002999 5.2409669216722259 3.011671356856823
leaf_count=28 210 141 34 65 37 48 29 442 22 21 128 2828 278 28 143 55 25 27 47 56 88 45 14 11 26 36 43 59 34 15
internal_value=7.5181e-06 -0.00435126 -0.00722866 -0.0042063 -0.007566 -0.0103913 -0.0124969 -0.00945257 0.0202215 0.0404234 0.000784273 -0.0011686 0.00696025 -0.031462 0.00351456 0.00501822 0.00339856 0.00519223 0.0088594 0.00621131 -0.0175935 0.0114825 0.010091 -0.00971815 -0.0187361 0.00548143 0.00836733 0.011496 0.0218181 -0.0392361
internal_weight=375.826 56.8442 53.4117 47.4889 41.7472 40.0163 38.4452 36.1718 5.74174 3.43245 318.982 242.35 76.6321 5.92278 71.4849 68.0493 65.6842 62.3562 50.0472 46.969 8.51501 38.454 4.21984 12.309 10.2845 31.398 4.42893 25.5874 15.8934 5.85556
internal_count=5063 895 733 671 621 584 519 471 50 162 4168 2956 1212 62 934 791 581 526 404 379 149 230 102 122 95 185 54 149 90 41
is_linear=0
shrinkage=0.05


Tree=149
num_leaves=31
num_cat=0
split_feature=0 7 7 1 1 2 3 7 2 0 3 7 5 3 1 6 7 1 5 3 1 1 2 4 6 2 4 7 1 2
split_gain=0.496616 0.914151 0.821727 2.37378 0.968357 0.814759 1.46988 0.683568 1.56544 1.23209 1.23533 0.709433 1.83202 2.27068 3.03872 1.92544 1.47173 1.36456 2.17779 1.96215 1.24722 1.06567 0.992767 1.2117 1.24766 0.811512 2.3248 1.60235 0.911636 0.754617
threshold=-1.7995094254806314 3.047394467177694 2.3434037954808695 -0.44244565892480509 -0.38101874696142085 0.33526351918818315 -0.59808554519913548 2.0479351457535846 0.91608359588794719 -0.91421028282151262 -0.57370105423428386 1.3189545882589309 -0.11261185320675467 -0.14361931080031545 -0.46139035719728066 -0.38933618469065034 0.91767364430924314 -0.28844605265989637 0.55043069004549905 0.40564173719204472 -0.39308060143096307 -0.462054069539728 0.78261853570006845 -0.24578499939545764 -0.22170762658403112 -1.1760400074157753 -2.5468387663250307 0.74309833099607925 -0.014272436066050378 -0.011552942454124868
decision_type=2 2 2 2 2 2 2 2 2 2 2 2 2 2 2 2 2 2 2 2 2 2 2 2 2 2 2 2 2 2
left_child=5 2 7 -4 -5 6 -1 11 9 -9 -11 16 -13 14 -14 -16 25 18 -18 20 21 -20 23 24 -15 26 -2 28 -28 -27
right_child=1 -3 3 4 -6 -7 -8 8 -10 10 -12 12 13 22 15 -17 17 -19 19 -21 -22 -23 -24 -25 -26 29 27 -29 -30 -31
leaf_value=0.065459218590171078 0.072932964444203899 -0.030319131677142192 -0.044527300233226812 0.069596351403895293 0.0014804070463683915 -0.013485362254968745 -0.0027232869632841049 -0.083706196481288409 -0.088133749285739652 -0.020350887715104626 0.064929406465216541 -0.054358869626339158 0.050751791205315956 0.057390001135894958 -0.052470085469732378 0.0065889470795274605 -0.051880930017458818 0.024652158270570254 0.055371929544242526 -0.047259981190383701 0.066318373595028041 -0.018717478148222399 0.062170391210453306 -0.033726746651768613 -0.041744480905107489 0.0033522134356833116 -0.054022097318268306 0.054073020870687209 0.024853216115862126 -0.0015273415030702486
leaf_weight=1.5504321129992602 0.58180502429604519 2.5019753612577906 0.91573531529866192 1.7702268532011662 0.7398312932346004 1.5570297515951095 1.6125981801887967 0.38783136568963583 0.72354609519243229 1.0308570254128429 0.72209936263970909 0.99774803500622589 2.0083321647252879 1.7445956552401189 2.5926393084228039 2.9507178459316492 4.2940072389319521 1.5875410633161653 0.64315228117629808 1.759086870588362 0.95052241347730282 1.9780827732756734 2.665949251037091 0.77268047071993073 0.38796710129827272 131.41763849288691 3.2144660616759211 0.45950326323509205 0.4134549126029009 199.53442719433224
leaf_count=24 15 25 40 52 18 22 19 2 3 47 37 8 226 129 73 28 25 18 76 21 11 28 32 10 9 2091 188 8 4 1774
internal_value=7.15832e-06 -0.000198571 6.63556e-06 0.0243802 0.0495194 0.016123 0.0306979 -0.000222871 -0.0245523 -0.00306301 0.0147788 -2.98054e-05 0.010956 0.015922 -0.00194227 -0.0210331 -0.000477072 -0.0182967 -0.0253808 -0.0040349 0.0172534 -0.00053873 0.0401368 0.0199181 0.0393549 0.000118246 -0.0205809 -0.0338917 -0.0450331 0.000410279
internal_weight=374.466 369.746 367.244 3.42579 2.51006 4.72006 3.16303 363.819 2.86433 2.14079 1.75296 360.954 14.1206 13.1229 7.55169 5.54336 346.834 11.2124 9.62485 5.33084 3.57176 2.62124 5.57119 2.90524 2.13256 335.621 4.66923 4.08742 3.62792 330.952
internal_count=5063 4998 4973 110 70 65 43 4863 89 86 84 4774 515 507 327 101 4259 179 161 136 115 104 180 148 138 4080 215 200 192 3865
is_linear=0
shrinkage=0.05


Tree=150
num_leaves=31
num_cat=0
split_feature=4 4 4 4 4 4 4 7 7 1 0 0 7 3 5 2 7 7 3 6 7 0 3 2 2 0 7 0 3 0
split_gain=0.500042 3.83022 5.6377 4.53499 3.17084 10.8657 8.45825 1.83517 2.47499 2.44076 1.88274 5.04413 4.09745 4.74785 3.62905 3.35988 2.91728 2.87689 2.59612 3.23504 2.20565 2.79212 1.94698 2.60137 1.90596 1.78364 3.63527 3.11744 2.7145 2.48931
threshold=1.0000000180025095e-35 -0.24578499939545764 -0.33782723843310175 -0.15374285239996058 0.30646788257752478 0.39851002957302184 0.21442564353988061 -0.45957395064676776 -0.48293051057545872 -0.2051559451677101 -0.035907754437500682 -0.34922093074669763 -0.15974976526844467 0.35717747014800766 0.40948991007561591 -0.38985815442266381 -0.2440021580182096 -0.24792214010414368 0.024024123639265985 -0.33875611237805747 -0.26719538535998649 -0.56286737773942452 0.41751206909177146 0.91608359588794719 -0.73811690150013387 -0.79926088106645266 -0.61865989030092794 -0.98678564803337465 0.13192560931808389 -0.73448109002052886
decision_type=2 2 2 2 2 2 2 2 2 2 2 2 2 2 2 2 2 2 2 2 2 2 2 2 2 2 2 2 2 2
left_child=1 2 -1 -3 6 -6 25 8 -7 10 11 12 16 18 -15 24 20 -13 19 -14 21 22 23 -9 -12 26 -2 28 -28 -27
right_child=4 3 -4 -5 5 7 -8 9 -10 -11 15 17 13 14 -16 -17 -18 -19 -20 -21 -22 -23 -24 -25 -26 29 27 -29 -30 -31
leaf_value=-2.7893593551413805e-07 -0.030533881981574487 -0.056515922545776531 0.054609555348657517 -0.0086219794715831129 -0.058504220251510447 -0.0024178397937451076 0.058668019805235054 -0.0077182832712387106 -0.03990628034407423 0.048451765189878176 -0.012312929624154381 0.0079498750658024454 -0.027730730340440282 -0.01110249418852354 0.053608636477601383 -0.026840349823114257 0.050580507941437758 0.072629836826258939 -0.047905557129130999 0.03270588426447385 -0.034224689500506299 0.063355385223828109 -0.023939967123710611 0.041686347498929507 0.061429240199132207 -0.047490645523545712 -0.015211295057298777 0.075113648323274163 0.048929766940816369 0.0019444515669421341
leaf_weight=126.87029103271198 2.7681930037215343 5.8410421726293853 4.9089345704996949 32.133386958390474 8.1027414468117041 57.717048843274824 8.1948514311807212 5.1963087425101566 4.7662738543003789 3.2846632178407154 1.5448879117611789 2.8182057281956077 7.295144148287366 4.5763243660330755 4.1145348842255771 10.213484677020459 5.2305778688751152 4.4085344192571929 7.5116444006562224 3.179147291928536 2.611561902100223 2.5511577678844324 3.8315581083297721 5.4684313284233212 2.024519135709852 2.7534129153937092 3.5209737569093695 3.1724135940894476 3.1034230478107929 33.891943116555922
leaf_count=1829 18 128 278 282 99 1087 181 38 44 74 75 26 55 28 51 73 50 41 33 21 16 25 31 57 21 14 17 24 31 316
internal_value=6.7858e-06 -0.00199775 0.002034 -0.0159888 0.00167603 -0.00222821 0.0116361 0.00106785 -0.00527749 0.00629425 0.00438627 0.00828548 0.00280286 -0.0108111 0.0195339 -0.0122464 0.0173944 0.0474066 -0.0254739 -0.00938706 0.00856475 0.0151198 0.006631 0.0176143 0.0295126 0.00380406 0.0200604 0.0343564 0.0148378 -0.00176994
internal_weight=373.606 169.754 131.779 37.9744 203.852 146.447 57.4052 138.344 62.4833 75.8607 72.576 58.7931 51.5664 26.6768 8.69086 13.7829 24.8896 7.22674 17.9859 10.4743 19.659 17.0475 14.4963 10.6647 3.56941 49.2104 12.565 9.79681 6.6244 36.6454
internal_count=5063 2517 2107 410 2546 1945 601 1846 1131 715 641 472 405 188 79 169 217 67 109 76 167 151 126 95 96 420 90 72 48 330
is_linear=0
shrinkage=0.05


Tree=151
num_leaves=31
num_cat=0
split_feature=4 4 4 4 4 4 4 6 7 1 3 2 0 0 6 7 4 6 2 7 2 3 2 0 0 0 7 6 3 0
split_gain=0.498954 2.50187 7.01489 3.46331 2.11561 6.89337 4.80476 1.47004 1.82024 1.50601 2.01685 1.41488 1.37564 2.22998 1.49113 1.87188 1.28159 1.16966 1.50913 1.6414 1.31253 1.24022 1.97173 1.0664 0.997128 0.993695 0.972521 2.53611 3.31968 2.32514
threshold=1.5030157014768397 1.2268893525324958 1.1348471134948515 1.3189314995279926 0.85872076455050717 0.76667852551286308 0.95076291154600423 -0.35369013894309176 -0.51271148558943047 -0.32143602321805637 0.38156197635317574 1.0081229451328322 -0.79169611427910169 -0.4493712564754469 -0.2593688831365763 -0.32161235890014156 1.7791422345054781 -0.3008378233139663 -0.2371901505000206 -0.10487001606536688 -0.54953720779853144 -0.22530740658762852 0.68908008171291002 1.1315074668859582 -1.290409896950377 0.25991769633748146 -0.68018183137183863 -0.39433179566134463 -1.2294918527492065 -1.0677811595048523
decision_type=2 2 2 2 2 2 2 2 2 2 2 2 2 2 2 2 2 2 2 2 2 2 2 2 2 2 2 2 2 2
left_child=1 2 4 -3 5 26 -6 -5 9 -9 -11 -10 24 -14 15 16 25 18 20 -20 -8 -19 -23 -16 -2 -15 27 -1 -29 -30
right_child=12 3 -4 7 6 -7 17 8 11 10 -12 -13 13 14 23 -17 -18 21 19 -21 -22 22 -24 -25 -26 -27 -28 28 29 -31
leaf_value=-0.045533386627560228 0.010777024981764586 -0.058427712791603692 0.06342624163850144 0.026178768094129876 -0.056416860435418194 0.056148063899507175 0.01070522177691558 -0.026448063422194884 -0.058938511959831907 0.070667188657526817 -0.023885490848105432 -0.0088207299111034958 -0.035368318691523522 -0.033611472108957791 0.066948944781131267 0.037574112724608484 -0.049240921249607113 -0.047293456962850297 0.054772543586238967 -0.0034177873053414932 -0.046969122755307187 -0.032176093927416612 0.023353571421272395 -0.016780801675859231 0.059830939707424362 0.022983341580150952 0.00053237784087825581 0.07544747296085734 0.040861368227645641 -0.016963977169083242
leaf_weight=4.1790984296239939 2.2551045650616288 4.2234015384456152 4.3765892399824216 2.7576345377601692 5.3518410415854332 5.5247123892186201 2.5005836398340788 1.6547105151694266 2.7849340953398478 1.5155161399161445 0.89826347184134636 2.8487306735478342 3.2790068443864593 1.202508293092251 1.7193550214287792 2.4761173706501722 1.8082244230899958 2.263350827852264 2.7324415631592274 2.1776846386492261 1.6291617611423133 3.1760533957276458 3.2185950474813581 0.48827319155680005 1.9162659831345106 2.1847264459356666 285.08219041500706 1.2813410721719272 2.0317243493627766 12.041764356021298
leaf_count=210 29 77 154 41 105 213 37 11 23 29 28 19 21 12 25 37 41 16 35 16 18 55 24 78 18 31 3064 10 28 558
internal_value=7.77026e-06 -0.00039747 0.000536658 -0.0192986 -0.000289422 0.00079674 -0.0149041 -0.00603528 -0.0151915 0.0102932 0.0354804 -0.0335958 0.00829167 0.000359923 0.0122185 0.001798 -0.0152526 -0.00235057 0.010229 0.0289646 -0.012047 -0.015485 -0.00422655 0.04843 0.0333117 0.00289152 -0.000207147 -0.0109999 -0.00160101 -0.008616
internal_weight=371.58 354.25 337.567 16.6832 333.191 310.141 23.0497 12.4598 9.70215 4.06849 2.41378 5.63366 17.3296 13.1582 9.8792 7.67158 5.19546 17.6979 9.03987 4.91013 4.12975 8.658 6.39465 2.20763 4.17137 3.38723 304.616 19.5339 15.3548 14.0735
internal_count=5063 4771 4543 228 4389 4083 306 151 110 68 57 42 292 245 224 121 84 201 106 51 55 95 79 103 47 43 3870 806 596 586
is_linear=0
shrinkage=0.05


Tree=152
num_leaves=31
num_cat=0
split_feature=2 1 2 6 6 0 6 6 1 7 6 5 4 5 3 7 7 7 3 0 3 7 5 1 7 0 4 0 5 2
split_gain=0.477453 2.47685 1.83618 3.37491 3.03581 2.7017 3.1687 3.74128 2.16731 2.06861 3.13267 1.83475 3.26787 2.08016 1.72649 1.43511 2.40438 1.50618 3.14376 7.02502 3.98228 1.84706 1.61445 1.42653 1.41045 1.39287 2.72086 1.79008 3.24531 2.80163
threshold=-0.011552942454124868 -0.15282190267858006 0.97646373688526711 -0.38243446807077924 -0.39746500205177904 0.33311807327612236 -0.35467843929930776 -0.34422657263485096 -0.31444694197131567 -0.52438976555377581 -0.21288651265249184 -0.17997995827908672 -0.52191153242409583 -0.11261185320675467 0.35169097149216128 -0.61865989030092794 -0.53908969837602883 -0.051650814829247237 0.52390654656616109 -0.45731938332780431 0.27030765155177999 0.18861142052113231 0.57596506989537255 -0.39567619450301389 -0.49166880397535356 0.038836760499984184 -3.3752180892845045 -0.29509550138511847 -0.63789402783149318 -0.084911859067514403
decision_type=2 2 2 2 2 2 2 2 2 2 2 2 2 2 2 2 2 2 2 2 2 2 2 2 2 2 2 2 2 2
left_child=25 2 3 4 -2 6 23 -8 -7 10 -4 12 -11 -13 -12 -9 -17 18 19 20 -18 -19 -23 -5 -15 27 -27 -1 -29 -30
right_child=1 -3 9 5 -6 8 7 15 -10 11 14 13 -14 24 -16 16 17 21 -20 -21 -22 22 -24 -25 -26 26 -28 28 29 -31
leaf_value=0.0022688030349199834 -0.017682680188818509 0.042502254334008949 -0.022507243897528124 -0.012650578295151885 0.038629344360956774 -0.017155337466164929 0.040521448520289799 -0.032633288113069307 0.041466626345039274 -0.034365151150863131 -0.0096015558094214859 0.044571051938114066 0.015832432195177281 0.036812744490826603 0.045254993289188063 0.020867784630819539 -0.01308341932641887 0.032063516340367755 -0.047243623407544316 -0.057039039870521051 0.045385327659594819 -0.029588647475457724 0.016530660274644872 -0.047628846637233227 0.0042732554446849313 0.096856896529582293 -0.0050776081752445246 -0.031721518799306604 0.019972248326158334 0.085053937189114387
leaf_weight=74.878927176294383 3.7096805435139686 3.1498896279372266 17.435882289661098 4.2811821545474222 6.745187745895235 2.577655435539782 3.522305996157221 7.7092978516593496 4.0600837958045295 7.5686520002782345 2.6592075973749152 3.5498747685924164 5.671849522739647 3.4651732612401238 3.1138805439695716 5.7519812248647133 6.6580478101968712 3.3873877413571156 7.7540074316784731 5.2419797126203802 5.1763500743545592 4.9636231279000622 3.0719848688459024 9.1336545152589661 85.51859412365593 0.66210836172103782 58.046778337680735 2.7426940635778037 16.003334563400138 1.8441644606646104
leaf_count=917 84 276 182 26 67 20 29 51 40 34 17 29 36 26 29 39 39 23 53 25 38 37 38 44 678 29 1771 38 330 18
internal_value=7.1023e-06 -0.00151068 -0.00216239 -0.00792745 0.0186483 -0.0117185 -0.014748 -0.00927547 0.0187018 0.00158068 -0.0119371 0.00454675 -0.012862 0.00703773 0.0199869 -0.0128036 -0.00916423 -0.0139291 -0.0208416 -0.008853 0.0124907 0.00109661 -0.0119574 -0.036466 0.0055404 0.00213228 -0.00392801 0.00585906 0.0189155 0.0266971
internal_weight=370.055 215.877 212.728 83.7444 10.4549 73.2895 66.6518 53.237 6.63774 128.983 23.209 105.774 13.2405 92.5336 5.77309 49.7147 42.0054 36.2534 24.8304 17.0764 11.8344 11.423 8.03561 13.4148 88.9838 154.178 58.7089 95.4691 20.5902 17.8475
internal_count=5063 1960 1684 653 151 502 442 372 60 1031 228 803 70 733 46 343 292 253 155 102 77 98 75 70 704 3103 1800 1303 386 348
is_linear=0
shrinkage=0.05


Tree=153
num_leaves=31
num_cat=0
split_feature=5 7 2 2 3 0 5 2 0 1 1 0 5 3 3 4 2 5 7 6 1 2 7 4 6 5 6 0 0 0
split_gain=0.474578 0.8367 0.61074 1.32343 0.75066 1.28765 1.19158 1.35783 0.974211 0.81929 2.8875 3.00827 2.42955 1.65752 2.70475 2.8412 2.45335 3.25341 1.82845 1.80889 2.4209 2.62062 1.99173 1.64603 2.35269 2.62776 1.67754 1.54051 1.48671 3.23281
threshold=2.8119568026088237 2.8172860743137966 2.3768788169919026 2.0589751712411388 1.7669070551809316 -1.1004659755671204 0.11546757301991879 -0.020769468235039557 -0.58648197672848079 -0.24932488679882023 -0.24785693536914943 -1.438978628198343 0.27832929787765909 0.97837290288751211 0.5557588230369781 0.30646788257752478 1.298548226536034 -0.066279727275328673 -0.26719538535998649 -0.3318673490874508 -0.22359998143760404 1.7731382848477517 -0.59192779024268261 -1.0741643223549311 -0.22596989657021074 -0.77662554651860782 -0.30280023703911912 -0.138302553696694 -0.98678564803337465 -0.57764022232397849
decision_type=2 2 2 2 2 2 2 2 2 2 2 2 2 2 2 2 2 2 2 2 2 2 2 2 2 2 2 2 2 2
left_child=1 2 3 4 9 -6 7 -7 -8 -1 -11 -12 13 14 19 28 17 -15 -19 -13 22 23 -21 -22 26 -26 -25 -28 -16 -30
right_child=-2 -3 -4 -5 5 6 8 -9 -10 10 11 12 -14 16 15 -17 -18 18 -20 20 21 -23 -24 24 25 -27 27 -29 29 -31
leaf_value=-0.0010874210573331442 -0.027140229348408085 0.028094041168538697 -0.02684559361447594 0.026554053240579602 0.068522646136739113 -0.028755322869774433 -0.058835748166557067 0.057485637218309273 -0.0066116535243922366 0.074965724858785596 0.059076458438800987 -0.016044570108801625 -0.06579123090509785 0.04689558614928746 0.047435614590187671 -0.055137614417904005 0.058773608402840183 0.014741391399457668 -0.029978119000683534 0.003853392679585402 0.056883900059506769 -0.063719320314109554 0.061022185782265176 -0.018138111356101848 0.046810475849112861 -0.037333590492962844 0.061693596203528933 0.0017868223419756895 -0.054921207892448254 0.01128990171932817
leaf_weight=289.22987886151532 1.6030674171634007 2.6544454109389326 2.1188465643208465 4.6588380563771343 0.40468647831585247 1.0382021707482632 2.4318865993991499 0.81446926551870924 1.4111975689884273 1.4498791843652714 2.3470868602162218 6.8198771802708462 1.3171677733771492 3.7171355539467177 1.1653117081150401 4.1707786200568071 2.8415541462018146 4.3854400382842869 4.7740585831925255 2.4682365357875824 1.5924449511221563 1.3581923060119159 3.9805465489625904 1.7317707350011913 1.16272905224468 4.5932541089132659 2.9075883314944799 1.700904189608986 2.9150381912477306 5.0155952663626522
leaf_count=3298 16 38 17 55 5 36 19 48 36 13 54 57 15 343 13 71 103 55 32 15 71 7 38 24 354 37 43 21 18 111
internal_value=5.52064e-06 0.000124037 -7.964e-05 7.68511e-05 -0.000267956 -0.017657 -0.0237801 0.00915783 -0.0396588 3.37149e-05 0.00522907 0.00357058 0.00134808 0.00289142 -0.00233696 -0.0209668 0.016723 0.00744352 -0.00856704 0.00639172 0.01351 0.00252507 0.0391411 0.00909783 0.0028069 -0.0203362 0.0238173 0.0395832 -0.00529847 -0.0130471
internal_weight=368.78 367.177 364.523 362.404 357.745 6.10044 5.69576 1.85267 3.84308 351.644 62.4146 60.9647 58.6176 57.3005 41.5823 13.2667 15.7182 12.8766 9.1595 28.3155 21.4957 15.0469 6.44878 13.6887 12.0962 5.75598 6.34026 4.60849 9.09595 7.93063
internal_count=5063 5047 5009 4992 4937 144 139 84 55 4793 1495 1482 1428 1413 880 213 533 430 87 667 610 557 53 550 479 391 88 64 142 129
is_linear=0
shrinkage=0.05


Tree=154
num_leaves=31
num_cat=0
split_feature=4 6 2 2 5 2 7 6 0 6 1 3 2 2 1 5 4 4 4 0 2 2 2 7 6 1 4 4 4 4
split_gain=0.479383 2.54258 1.51522 2.23779 2.29327 2.53929 3.58513 1.81827 2.01262 3.28859 2.69165 2.90946 1.72908 1.5413 1.93286 1.49136 1.34541 6.96479 4.49889 1.19754 1.57884 1.8785 1.43188 1.41928 2.26398 1.72475 1.12404 2.83796 10.2673 7.9927
threshold=-0.89008012040608409 -0.19272153395928504 1.9363996917143325 0.68908008171291002 -0.17997995827908672 1.0332201840986603 0.54111036517919542 -0.27932792123056255 -1.2632074522153121 -0.34209364974838347 -0.27456685831717897 -0.064631799075224747 -0.35866510989241224 -1.3949975490437752 -0.2030289896160529 -0.10461843337997913 -0.24578499939545764 -0.15374285239996058 -0.33782723843310175 -1.0838150183705155 -0.60179964423319177 -0.61600749130640986 0.1824203381326519 -0.051650814829247237 -0.38243446807077924 -0.40774424676820548 1.0000000180025095e-35 0.30646788257752478 0.39851002957302184 0.21442564353988061
decision_type=2 2 2 2 2 2 2 2 2 2 2 2 2 2 2 2 2 2 2 2 2 2 2 2 2 2 2 2 2 2
left_child=1 2 3 7 -5 -6 -7 8 -1 13 11 -11 -13 -10 19 -3 18 -18 -2 -15 21 -21 23 25 -25 -22 -19 29 -29 -28
right_child=16 15 -4 4 5 6 -8 -9 9 10 -12 12 -14 14 -16 -17 17 26 -20 20 22 -23 -24 24 -26 -27 27 28 -30 -31
leaf_value=0.036067712168463238 0.0034651489471123013 0.069036537262644235 0.025075148731669345 -0.056918211788975395 -0.047628574819677867 -0.024595698969827884 0.046878439455842712 -0.036414225101469681 0.037367699041951634 -0.067135230756651051 0.07375846095778274 -0.0019515625056292436 0.093958637206899731 -0.060920151027800053 -0.072055532990182358 0.0015526597562095469 -0.056277366647344701 -0.0084641051537026994 0.054331553553338657 -0.021553369344257514 0.023767322188808317 -0.12596940705632173 -0.041289418625165192 -0.001686170174594328 0.065374210609194905 -0.032305548067236893 0.0036117770068991467 -0.058105459589657515 0.0011044251001779053 0.058146087356210935
leaf_weight=3.7615916819777331 70.248875973280519 1.7975659064832146 3.4526962963864198 4.1398617532104245 3.5994368158280832 4.4412875459529459 2.9001326095312834 3.4617095268331495 1.4930303855799163 1.0195187376812103 2.255901473574343 1.1531936107203362 0.79311181418597687 1.1302601136267281 1.3952823439612938 1.5034278873354185 5.579479291685856 31.873275673831813 4.6336651030578642 4.5807135540526449 2.3574082953855395 0.47544904076494354 1.671185198239981 2.8902891678735601 2.2293485580012136 3.2787538394331923 48.673516242299229 7.7400690193753681 135.42121500769281 7.7948183393455102
leaf_count=32 934 141 30 33 20 28 27 41 55 8 35 40 13 5 8 21 128 282 278 201 36 7 16 66 18 14 420 99 1846 181
internal_value=6.78713e-06 -0.00426241 -0.00693966 -0.00919426 -0.0252211 -0.0132274 0.00363923 -0.00207439 0.00182505 -0.00299495 0.0325975 0.0012892 0.0371315 -0.0116386 -0.0152954 0.0383012 0.000770145 -0.00107523 0.00661272 -0.0110406 -0.00781601 -0.031372 0.00176821 0.00845829 0.0275153 -0.00885224 0.0002552 0.00164734 -0.00209678 0.0111396
internal_weight=367.746 55.7812 52.4802 49.0275 15.0807 10.9409 7.34142 33.9467 30.485 26.7234 5.22173 2.96582 1.94631 21.5017 20.0087 3.30099 311.965 237.082 74.8825 18.6134 17.4831 5.05616 12.427 10.7558 5.11964 5.63616 231.503 199.63 143.161 56.4683
internal_count=5063 895 733 703 108 75 55 595 554 522 96 61 53 426 371 162 4168 2956 1212 363 358 208 150 134 84 50 2828 2546 1945 601
is_linear=0
shrinkage=0.05


Tree=155
num_leaves=31
num_cat=0
split_feature=3 3 6 7 7 3 0 1 2 4 2 3 0 4 5 0 3 6 4 7 7 6 1 5 2 1 3 7 5 7
split_gain=0.485789 3.26051 2.46717 3.73843 1.50044 2.21406 1.75172 1.8442 1.45871 1.72335 1.47291 1.34263 1.29859 1.60031 1.06796 1.04421 2.08824 1.75641 1.02436 1.01725 1.24104 0.904473 2.02049 3.29197 1.92709 1.75246 1.37948 2.4322 5.14326 2.11786
threshold=-1.2294918527492065 -1.2162327775001465 -0.39938820083883714 -0.84942161351248091 -0.8507282742077924 -1.2022116864321746 1.1992588846131529 -0.12762423356280558 0.12335412001622294 -0.33782723843310175 -0.32454134060283718 -1.2447321691274367 1.1315074668859582 -0.24578499939545764 -0.89638250271369191 -1.6877215719069374 -1.0478272815207041 -0.32954005603889941 -1.4423330023790664 -0.41321471806103288 -0.78711023160481963 -0.39231552863354918 -0.44504841469390521 1.1709899726458219 -0.21640051345653846 -0.46064855013779754 -0.58162598827033074 -0.28791140180023561 -0.33265651916400002 -0.51271148558943047
decision_type=2 2 2 2 2 2 2 2 2 2 2 2 2 2 2 2 2 2 2 2 2 2 2 2 2 2 2 2 2 2
left_child=2 -2 3 -1 5 -3 15 -8 10 -10 12 -4 13 14 -5 16 -6 -18 -16 20 -9 24 23 -23 25 -17 27 28 29 -24
right_child=1 4 11 8 6 -7 7 19 9 -11 -12 -13 -14 -15 18 21 17 -19 -20 -21 -22 22 26 -25 -26 -27 -28 -29 -30 -31
leaf_value=-0.037801854839209267 -0.051415466289745665 -0.030768434937028556 0.06812647671209901 -0.040260641990391706 0.063126165148027644 0.072581922975141142 -0.052870809691931454 0.043942682360507426 -0.058841122075550034 0.011738549356093524 0.048461367714072494 0.010534996918288171 0.036516104313936641 -0.021790128314053667 -0.0077451237895814016 0.027810810164777457 -0.039279573255462136 0.024859513137217144 0.045449624603982441 0.05875706384654962 -0.037799343688558015 0.057926516612720129 -0.028297533295934093 -0.025146707757766153 0.0066754620537046632 -0.042195284627913957 0.00077246117128205603 -0.029150154167202499 0.062289784767195683 0.020440380596639753
leaf_weight=5.0999085553921821 3.1178991382475933 0.76215902063995633 2.2497943793423474 0.64368362724781469 1.9600860383361576 1.6190113947959606 3.2201115878997371 0.66104383271886091 1.5187954870052638 2.0087601935956618 2.9965237188152924 1.8393950667232264 3.2779318825341752 4.4386989788617948 1.3144297651015264 1.0564990378916261 1.6780947521328919 2.9329273487674068 2.9055435048066967 0.62441235035657783 1.5604676612420008 3.6273883329704395 7.3272877940908065 1.7766273263841865 6.4232688574120385 5.8104893206618726 276.5650008910452 10.928927415050564 2.8455105070024755 3.2034573843702665
leaf_count=286 50 9 25 4 21 405 231 148 17 37 137 19 66 68 21 18 10 47 353 14 36 52 61 20 57 122 2622 61 27 19
internal_value=5.95713e-06 -0.000521314 0.00629928 0.000230527 -4.70431e-05 0.0395018 -0.000330523 -0.026953 0.0103833 -0.0186497 0.0169581 0.0422207 0.0094543 -8.16456e-05 0.0197301 0.000164648 0.0198945 0.0015173 0.0288806 0.00237252 -0.0134758 -0.000241051 0.000313064 0.0306153 -0.0130106 -0.0314247 -0.000231204 -0.0116518 0.00264513 -0.0134714
internal_weight=365.994 337.701 28.2935 24.2043 334.583 2.38117 332.202 6.06604 19.1044 3.52756 15.5768 4.08919 12.5803 9.30236 4.86366 326.136 6.57111 4.61102 4.21997 2.84592 2.22151 319.564 306.274 5.40402 13.2903 6.86699 300.87 24.3052 13.3763 10.5307
internal_count=5063 4030 1033 989 3980 414 3566 429 703 54 649 44 512 446 378 3137 78 57 374 198 184 3059 2862 72 197 140 2790 168 107 80
is_linear=0
shrinkage=0.05


Tree=156
num_leaves=31
num_cat=0
split_feature=4 4 4 4 4 4 4 6 7 1 2 2 1 1 0 7 0 6 6 0 0 0 5 4 0 1 5 2 2 7
split_gain=0.461641 2.25895 6.62507 3.30424 1.92718 6.42185 4.54022 1.34246 1.67354 1.35118 1.89254 1.33426 1.29938 3.98872 2.00584 1.88845 1.39733 1.55235 1.09578 1.43825 0.912385 2.30747 0.882205 0.87466 0.86665 0.877282 2.2196 2.45792 2.45134 3.33955
threshold=1.5030157014768397 1.2268893525324958 1.1348471134948515 1.3189314995279926 0.85872076455050717 0.76667852551286308 0.95076291154600423 -0.35369013894309176 -0.51271148558943047 -0.32143602321805637 -0.3155233992441186 1.0081229451328322 -0.38904933890305127 -0.37548381642404088 -0.79169611427910169 -0.42600910403595682 -0.3634738359158679 -0.27387926193661766 -0.21288651265249184 -0.22536324344435524 -0.7820017647453148 -0.3634738359158679 -0.25517261798024088 1.7791422345054781 1.6995613547709489 -0.21490634580112489 -0.61999852096124008 1.1125579642141628 -0.33463611165396884 -0.43836793644577693
decision_type=2 2 2 2 2 2 2 2 2 2 2 2 2 2 2 2 2 2 2 2 2 2 2 2 2 2 2 2 2 2
left_child=1 2 4 -3 5 24 -6 -5 9 -9 -11 -10 15 -14 -15 23 -16 -18 20 -20 -8 -22 -19 -2 25 -1 -27 28 29 -28
right_child=12 3 -4 7 6 -7 18 8 11 10 -12 -13 13 14 16 -17 17 22 19 -21 21 -23 -24 -25 -26 26 27 -29 -30 -31
leaf_value=-0.00090243523936369037 0.021026720996015175 -0.058010672971679417 0.063305348152563765 0.025311906351112426 -0.05607901376513659 0.055747255970347333 -0.013039552345920621 -0.025097884469218908 -0.057864640601960428 -0.011168212447745214 0.078508737437771633 -0.0086136510422442462 -0.067947091163589643 0.051154902672609359 -0.030467518477792794 0.060451167550366093 -0.008798762700092444 0.069602934800723257 -0.00090590268270827456 -0.064343629797384741 0.046153349755426037 -0.0065216088218357287 -0.00058538759422184961 -0.041218182431584913 -0.032569638497696424 -0.0085024548852696696 -0.049039219854125515 -0.0060216695121936004 0.047267469033544417 0.047294215993876128
leaf_weight=267.22807157656644 1.5607320452108981 4.00682481029071 4.1469078611989962 2.71682646078989 5.0670646538492319 5.2167640559491693 4.8801930043846413 1.608669975306839 2.6585345854982716 1.1589144368772397 1.1949693732894955 2.8486556108109653 1.8675184564199305 2.4324993849731982 2.6334432745352387 2.4787829145789173 2.957114990567788 1.4269591624615712 2.2290977891534571 1.4911466788034857 3.3999255988746908 5.3515546680428043 0.65236497856676301 0.88407145673409093 2.0547179102431974 12.177057626715397 1.84560216171667 6.3818514030426732 8.356622960884124 1.7552643843228004
leaf_count=2766 30 77 154 41 105 213 38 11 23 42 15 19 11 24 17 37 34 77 23 42 30 68 26 36 149 560 24 145 187 39
internal_value=5.39903e-06 -0.000386689 0.000503839 -0.0186215 -0.000291531 0.000748426 -0.0144404 -0.00567068 -0.0145594 0.0102203 0.0343571 -0.032389 0.00807706 -0.000816461 0.0115933 0.0296984 -0.000953701 0.0144784 -0.00228122 -0.026333 0.0042828 0.0139425 0.0475821 -0.00148181 -0.000208601 1.47209e-05 0.00804614 0.0190342 0.0324068 -0.0020809
internal_weight=364.669 347.775 331.582 16.1934 327.435 305.016 22.419 12.1866 9.46974 3.96255 2.35388 5.50719 16.8935 11.9699 10.1024 4.92359 7.66988 5.03644 17.3519 3.72024 13.6317 8.75148 2.07932 2.4448 299.799 297.744 30.5164 18.3393 11.9575 3.60087
internal_count=5063 4771 4543 228 4389 4083 306 151 110 68 57 42 292 189 178 103 154 137 201 65 136 98 103 66 3870 3721 955 395 250 63
is_linear=0
shrinkage=0.05


Tree=157
num_leaves=31
num_cat=0
split_feature=3 3 7 3 7 1 4 2 0 1 7 4 0 1 0 0 0 7 2 0 5 5 5 3 2 0 0 3 7 5
split_gain=0.455681 3.05804 2.64959 2.29278 2.97027 1.53956 1.37339 2.13589 1.3678 2.71999 3.09553 1.44707 1.3388 1.57488 1.25926 1.21824 1.16353 1.60082 1.87026 1.0686 1.10014 1.14814 1.06544 1.03277 3.60317 3.80999 2.70451 2.38597 2.15064 3.47137
threshold=-1.2294918527492065 -1.2022116864321746 -0.84876828316482522 -1.2468658134203887 -0.84942161351248091 -0.46139035719728066 0.39851002957302184 0.13139565650439944 0.7248467009251045 -0.2920473581695896 -0.41321471806103288 1.6870999954678338 1.1992588846131529 -0.014272436066050378 1.9668001027168092 1.3548067913565098 1.414123554931721 -0.8141417747390739 -0.47035950333894377 1.1315074668859582 -0.71429256722425694 -0.36444661887830648 -0.52191516768356661 -1.0970535034223874 -0.21640051345653846 -1.2632074522153121 0.17955877359780395 -0.94007824472661794 -0.51271148558943047 0.8360412980496148
decision_type=2 2 2 2 2 2 2 2 2 2 2 2 2 2 2 2 2 2 2 2 2 2 2 2 2 2 2 2 2 2
left_child=3 5 -3 4 14 -2 7 15 23 11 -11 -10 -12 -14 -1 19 17 -8 -19 20 -6 -22 -20 24 25 -4 -27 -25 -26 -30
right_child=1 2 8 -5 6 -7 16 -9 9 10 12 -13 13 -15 -16 -17 -18 18 22 -21 21 -23 -24 27 28 26 -28 -29 29 -31
leaf_value=-0.050632383208984513 0.014776825694676116 0.052676730728513678 0.072663805250767308 0.042350035232501887 -0.021065572815434627 -0.048034533825159841 -0.051823746833054268 -0.054680165559554461 -0.052450364702966545 -0.026472562049673111 0.06515499597742018 0.028983875010781576 -0.053854615373263984 0.058117162682768043 0.0022698805228633483 -0.053781586192826941 0.064570249438904742 -0.01906278928062323 0.11228484971557107 0.068989069540045231 0.051941395364874611 0.0053120439447582922 0.035836135931312428 -0.031706964388823922 -0.0060299371964658843 -0.047311421813647433 0.022801527965979826 0.00031600027931984415 0.064596580425092961 -0.0036671227034694776
leaf_weight=3.441486473195261 1.2181018590927122 2.3832504607271394 1.0871780458837745 3.781144999433308 2.4407088491134372 4.8999034168664357 0.74196650180965651 1.5752537949010719 4.7902354401303455 3.8512801644392312 2.0006842873990522 0.61563588690478344 0.66094660095404856 0.59829100640490607 1.6710852980613706 0.74770547635853368 1.6322483979165552 1.4248265218920999 0.56915589328855265 0.76955839898437339 1.8259829878807101 4.7652385016553955 2.2873624739004299 5.9363314947113386 3.1456347303465018 5.0042301793582764 1.8967235619202254 288.79646968352608 5.7211844190023804 2.76115199085325
leaf_count=278 11 529 8 42 24 79 20 27 157 192 27 11 40 14 10 16 18 22 11 31 39 406 89 50 32 78 32 2674 73 23
internal_value=5.97531e-06 -0.000502882 0.000147957 0.00617262 0.00044733 -0.0355287 0.00964565 -0.000372345 -0.000235042 -0.0164438 0.003878 -0.0431764 0.0397342 -0.000654403 -0.0333409 0.00773715 0.0278955 0.0159785 0.0277288 0.0124301 0.00761103 0.0182299 0.0510684 0.000410377 0.0115194 -0.0143351 -0.0280409 -0.000328987 0.0292807 0.0423755
internal_weight=363.041 335.367 329.249 27.6737 23.8926 6.11801 18.78 12.1244 326.866 12.5171 7.1112 5.40587 3.25992 1.25924 5.11257 10.5492 6.65556 5.02331 4.28134 9.80149 9.03193 6.59122 2.85652 314.349 19.6161 7.98813 6.90095 294.733 11.628 8.48234
internal_count=5063 4030 3940 1033 991 90 703 543 3411 441 273 168 81 54 288 516 160 142 122 500 469 445 100 2970 246 118 110 2724 128 96
is_linear=0
shrinkage=0.05


Tree=158
num_leaves=31
num_cat=0
split_feature=2 1 2 1 6 2 0 6 6 5 3 6 1 7 7 6 7 3 0 6 3 7 5 4 4 4 1 7 1 7
split_gain=0.460607 2.12469 1.72533 3.03882 3.34633 2.83472 2.65273 2.34953 3.53689 2.20209 1.7165 2.87756 1.60354 1.318 2.8173 1.68677 1.47117 2.80082 6.31786 3.93423 3.65856 1.61744 1.43492 1.29816 3.60753 3.56932 3.16215 6.41225 3.50207 3.36289
threshold=-0.011552942454124868 -0.15282190267858006 0.97646373688526711 -0.43925956003961947 -0.39746500205177904 1.0081229451328322 0.33311807327612236 -0.35467843929930776 -0.34422657263485096 -0.42593387081195272 -0.67520154607297966 -0.37417434729910565 -0.31444694197131567 -0.60763494068423818 -0.53908969837602883 -0.28223374372548204 -0.051650814829247237 0.52390654656616109 -0.45731938332780431 -0.31283735861622719 0.27030765155177999 0.18861142052113231 0.57596506989537255 0.30646788257752478 0.21442564353988061 0.39851002957302184 -0.296143025443312 0.22247571020795212 -0.24932488679882023 -0.23569941818341852
decision_type=2 2 2 2 2 2 2 2 2 2 2 2 2 2 2 2 2 2 2 2 2 2 2 2 2 2 2 2 2 2
left_child=-1 2 3 4 -2 -4 7 9 -9 -5 -7 -12 -8 15 -15 -10 17 18 19 -16 -21 -18 -23 24 26 -25 29 28 -28 -13
right_child=1 -3 5 6 -6 10 12 8 13 -11 11 23 -14 14 16 -17 21 -19 -20 20 -22 22 -24 25 -26 -27 27 -29 -30 -31
leaf_value=0.0021226880758742615 -0.017138948533709914 0.041350119058571562 0.057170157308187822 0.0024988726547949336 0.046461307401489765 -0.02129615067779448 -0.01058727128066188 0.039688716807593283 -0.0023015712199702465 -0.043082608679961637 0.052969068863988611 0.030053590676576175 0.039409426699690907 0.027927466950679915 -0.02478276734300466 -0.048006600361476671 0.030525888679198494 -0.046144300830797014 -0.055666471326933267 -0.0054185975809540356 0.06733749264131518 -0.027700607739683088 0.01609565428300409 -0.061591269190559045 0.057436848310053717 -0.0021193630370437999 -0.042283870729769857 0.041038370749329811 -0.001699046849760466 -8.02664278359848e-05
leaf_weight=150.15577097394271 3.5010701317805797 2.8539801291772156 2.250854746438562 3.5035672374069682 5.0533966845832747 8.3836762562859786 2.7051298236474395 3.4622657867148439 3.2769644809886813 10.872414866462348 2.718223236501216 15.294183565303674 3.9389966768212608 4.6156090199947277 4.5872591286897597 5.2572564543224782 3.3344055572524933 7.4168710871599606 5.0845622345805195 3.1250048801302919 3.8647792981937528 4.899480308406055 3.0248682816745713 2.6804604679346076 3.1621177070774129 42.923270968254656 10.925779467914257 4.8744615917094043 10.351423253538094 23.46109785977751
leaf_count=3103 84 276 19 24 58 139 22 29 23 55 22 94 40 32 24 34 23 53 25 19 33 37 38 14 50 324 61 64 90 154
internal_value=5.15315e-06 -0.00149889 -0.00208528 -0.00776209 0.0204318 0.00155805 -0.0110674 -0.0140847 -0.00913419 -0.031974 0.000554848 0.00212878 0.0190535 -0.0126204 -0.00881046 -0.0304568 -0.013609 -0.0205852 -0.00920759 0.0111969 0.0348096 0.00131048 -0.0109828 0.000913053 0.00528658 -0.00561496 0.00274593 -0.0106889 -0.0225392 0.0118116
internal_weight=361.559 211.403 208.549 81.5239 8.55447 127.026 72.9694 66.3253 51.9493 14.376 124.775 116.391 6.64413 48.4871 39.9528 8.53422 35.3372 24.0785 16.6616 11.577 6.98978 11.2588 7.92435 113.673 68.0691 45.6037 64.9069 26.1517 21.2772 38.7553
internal_count=5063 1960 1684 653 142 1031 511 449 370 79 1012 873 62 341 284 57 252 154 101 76 52 98 75 851 513 338 463 215 151 248
is_linear=0
shrinkage=0.05


Tree=159
num_leaves=31
num_cat=0
split_feature=1 1 5 3 7 7 3 0 4 3 7 7 3 7 6 3 2 2 3 0 6 5 6 5 7 1 2 0 3 7
split_gain=0.43599 2.29282 2.00622 2.86592 2.16381 1.79459 2.21094 5.86237 1.74698 2.09724 3.23883 1.80774 1.50464 4.38983 2.0971 1.49283 1.51446 1.44531 2.41803 1.43779 1.44505 2.77356 2.55904 4.02619 2.93494 1.95989 3.19906 1.77556 1.65395 1.80645
threshold=-0.39567619450301389 -0.37783602592331683 0.71227642097364385 1.4634720665243601 0.26012387149161126 3.8661535032793659 -0.58162598827033074 -1.438978628198343 0.30646788257752478 0.098244510122195552 -0.23030944281525914 -0.043729184363922029 -1.0970535034223874 -0.34665668889360962 -0.36788234654004864 -0.41123926640203518 0.52732995515441261 -1.2587128543365562 -0.22827989313435496 -1.8453568566189313 -0.39294241009227687 -1.1774996148071211 -0.3835750480981685 -1.1905288610973466 -0.51271148558943047 -0.46139035719728066 -0.21640051345653846 -0.38533136794031014 -1.1915434649674137 0.48320896311820999
decision_type=2 2 2 2 2 2 2 2 2 2 2 2 2 2 2 2 2 2 2 2 2 2 2 2 2 2 2 2 2 2
left_child=5 8 -3 -4 -5 6 12 -8 9 10 -2 -11 19 -14 -15 16 -9 -17 -19 -1 21 -21 27 -24 -25 -23 -27 -22 -28 -30
right_child=1 2 3 4 -6 -7 7 15 -10 11 -12 -13 13 14 -16 17 -18 18 -20 20 22 25 23 24 -26 26 28 -29 29 -31
leaf_value=0.07411700829681718 0.022990509877436976 -0.00056765926217179185 0.035333866974004945 -0.060199855516816572 0.018591570793973295 -0.059554402000608575 -0.076011930698745844 0.024847080445736802 -0.03141811263592903 -0.024818542101167892 -0.03329087549570308 0.06737015356469582 0.032534115414813838 -0.040508797572622289 0.011189114616192902 -0.034700010436178069 0.078416433476388991 -0.0060491812253763754 0.045984971633181451 -0.046099841124046415 0.059862146128735375 0.011155144973331118 0.053124764519498394 -0.056515166215451329 0.017682269061269362 -0.045736547689179535 -0.027268272992519701 0.0077985975155748059 0.055056911297858439 -0.0097386952699460017
leaf_weight=0.72080396511591871 3.9700812273658803 239.70179517046199 8.8111469305586052 1.6323131192475551 1.869178859516978 1.125770978629588 1.4542893879115606 2.748630171176047 10.21169243659824 0.78175853192806277 7.177781765349212 1.6629118784330774 3.8274671097751698 9.020778887672348 2.5067056360421693 1.159381328616292 2.5372712230309844 3.7986364201642564 5.4158715946832627 3.3012453955598096 4.0262189586646855 20.772405131661792 2.244288878981024 3.272655684966594 2.248486205004161 4.791426015086472 2.2030112724751234 2.760311825433746 2.3915033629164153 1.9549714401364324
leaf_count=12 35 2870 168 13 90 9 6 29 83 5 38 48 33 80 20 33 23 29 98 249 42 746 24 38 22 122 16 38 27 17
internal_value=4.08746e-06 -0.000957641 0.000443423 0.0201271 -0.0181391 0.0031514 0.00400032 0.020016 -0.0157906 -0.00405016 -0.0132474 0.03789 -0.00014996 -0.013862 -0.0292668 0.0289339 0.0505608 0.0179142 0.0245341 0.00400388 0.00299245 -0.00245812 0.0162573 -0.00334418 -0.0262982 0.00202824 -0.0146889 0.0386861 0.00802469 0.0259129
internal_weight=360.101 275.819 252.014 12.3126 3.50149 84.2821 83.1564 17.1141 23.8042 13.5925 11.1479 2.44467 66.0423 15.355 11.5275 15.6598 5.2859 10.3739 9.21451 50.6873 49.9665 35.4146 14.552 7.76543 5.52114 32.1133 11.3409 6.78653 6.54949 4.34647
internal_count=5063 3350 3141 271 103 1713 1704 218 209 126 73 53 1486 133 100 212 52 160 127 1353 1341 1177 164 84 60 928 182 80 60 44
is_linear=0
shrinkage=0.05


Tree=160
num_leaves=31
num_cat=0
split_feature=4 4 4 4 4 4 4 1 1 5 5 4 5 5 0 3 2 0 1 6 2 3 5 7 3 0 2 3 1 3
split_gain=0.453173 3.3284 4.88092 4.16049 2.40358 9.33699 7.38963 1.78208 2.39657 2.1971 1.72546 2.21017 1.67029 5.3049 3.10699 2.52367 3.62646 2.05043 3.47803 2.14902 1.75665 1.7301 1.90071 2.98041 1.67345 1.84783 1.64577 1.57077 1.54127 2.84901
threshold=1.0000000180025095e-35 -0.24578499939545764 -0.33782723843310175 -0.15374285239996058 0.30646788257752478 0.39851002957302184 0.21442564353988061 -0.3278342553295 -0.38101874696142085 -0.42593387081195272 0.98480453059191408 1.2268893525324958 -0.30451138525780075 -0.16502873174825422 -0.79926088106645266 0.21292240435448043 -0.88992128970837792 -0.55700999937615348 -0.38101874696142085 -0.31378094921513777 1.0081229451328322 0.33812712039616932 -0.3260658716455348 -0.66153469436583257 0.024024123639265985 -0.55700999937615348 -0.91556293691908641 0.32136272665916715 -0.33203770776548741 -0.15154427531699513
decision_type=2 2 2 2 2 2 2 2 2 2 2 2 2 2 2 2 2 2 2 2 2 2 2 2 2 2 2 2 2 2
left_child=1 2 -1 -3 6 -6 12 8 -5 27 26 -12 15 -14 -15 16 -2 20 -19 -20 -16 -17 23 -23 25 -18 -7 -9 -28 -30
right_child=4 3 -4 7 5 10 -8 9 -10 -11 11 -13 13 14 17 21 24 18 19 -21 -22 22 -24 -25 -26 -27 28 -29 29 -31
leaf_value=5.3878579743928518e-05 0.036019392394645994 -0.056093004870514968 0.053986630691251251 -0.014512252385935865 -0.057357806605526279 -0.049993774219968756 0.05749755264682848 0.039185479535428669 0.02805422271786644 -0.027877306052033875 0.058650694665858816 -0.0043251334918548148 0.057105659348420948 0.030961568669802819 -0.051766510432176796 0.068557490586846445 0.0083119344767850212 0.044015568498953744 -0.032915227156448443 0.014260685113410727 -0.0033902537580868725 -0.047209336732338146 -0.05987589258186729 0.069493283540870338 -0.074147346296463051 -0.047270643070975067 -0.0050292440572751347 -0.023579973009702694 0.042085086047942859 0.0029589513849773976
leaf_weight=123.07399079721654 2.0429826301988205 5.3170641296310341 4.3430788952973662 6.9758586485404521 7.188223738456144 1.6278067950624961 7.2543381717405273 2.4469264753861379 6.2867674678564089 14.032253426266832 2.8970263376831999 2.6839706257451326 5.0000413374509618 6.6546801086515179 4.0108422208577403 1.3343151791486878 2.5315200705081207 3.7961112689226875 5.5357538955286136 4.2807405143976274 3.5265109315514565 0.88377891853451762 0.92067582905292544 1.4360344843007622 2.3417680138372816 3.6529766074963845 61.53369425307028 1.6820174156455321 5.0558160761138415 58.344930318853585
leaf_count=1829 28 128 278 74 99 137 181 40 43 83 46 31 42 53 21 15 16 39 23 35 20 46 3 20 17 42 711 42 82 839
internal_value=3.76087e-06 -0.00193092 0.00189221 -0.0151895 0.00163634 -0.00186197 0.010466 -0.00826839 0.00566516 -0.0184437 0.00115685 0.0283648 0.00335041 0.00969101 0.00116455 -0.0103844 -0.023813 -0.00821086 0.00337362 -0.0123429 -0.0291327 0.0206398 0.000909075 0.0250331 -0.0381495 -0.0245188 -4.29346e-05 0.0136166 0.000607889 0.00607902
internal_weight=358.692 164.158 127.417 36.7409 194.535 139.331 55.2031 31.4238 13.2626 18.1612 132.143 5.581 47.9487 32.8047 27.8046 15.1441 10.5692 21.15 13.6126 9.81649 7.53735 4.5748 3.24049 2.31981 8.52626 6.1845 126.562 4.12894 124.934 63.4007
internal_count=5063 2517 2107 410 2546 1945 601 282 117 165 1846 77 420 233 191 187 103 138 97 58 41 84 69 66 75 58 1769 82 1632 921
is_linear=0
shrinkage=0.05


Tree=161
num_leaves=31
num_cat=0
split_feature=2 1 2 1 6 0 6 6 5 7 3 7 3 6 2 2 2 7 6 5 4 5 6 0 3 6 3 7 1 1
split_gain=0.435082 2.00155 1.60181 2.63015 2.92986 2.36272 2.17219 3.21492 1.98105 1.72665 1.84953 3.52102 2.55488 3.61476 3.01556 2.29543 1.9052 1.70207 2.92217 1.60588 2.76449 1.84073 1.59332 1.55598 2.11715 1.5037 1.47054 1.34598 1.25297 3.27229
threshold=-0.011552942454124868 -0.15282190267858006 0.97646373688526711 -0.43925956003961947 -0.39746500205177904 0.33311807327612236 -0.35467843929930776 -0.34422657263485096 -0.42593387081195272 -0.66755077798382867 0.52390654656616109 -0.10933444010768077 0.32684927103596262 -0.30961816054206109 0.84114298833008749 0.25001256699540064 0.78261853570006845 -0.52438976555377581 -0.21288651265249184 -0.17997995827908672 -0.52191153242409583 -0.11261185320675467 -0.32289317831693826 -0.83993075316165222 0.055876461071348658 -0.27993895846837202 0.35169097149216128 -0.37880598641783331 -0.31334456634823332 -0.29067397953638613
decision_type=2 2 2 2 2 2 2 2 2 2 2 2 2 2 2 2 2 2 2 2 2 2 2 2 2 2 2 2 2 2
left_child=28 2 3 4 -2 6 8 -8 -5 -9 12 -12 14 -14 15 23 22 18 -4 20 -19 -21 -13 -11 -25 -7 -20 -15 -1 -30
right_child=1 -3 17 5 -6 25 7 9 -10 10 11 16 13 27 -16 -17 -18 19 26 21 -22 -23 -24 24 -26 -27 -28 -29 29 -31
leaf_value=-0.001507048871021545 -0.01624603842327961 0.040962325241725883 -0.021469517022268205 0.0019629710840640929 0.044028319103101288 0.00041251169111483263 0.038131750078463277 -0.047897016005552101 -0.041662911435298329 0.018386410094612792 -0.044854445603557724 -0.010915377792066198 -0.032285385174562968 0.020906374508100598 0.029997331173224253 -0.042350030543712294 -0.02399801554795079 -0.032539192309635104 -0.0074678371690764566 0.041987590940790798 0.014349398607928705 0.0051030773280596083 0.060707253116967064 0.0082009937582114469 -0.047310477897557421 0.05063348781248711 0.044268814583432431 0.069185095284806028 0.034661355051197856 0.0025053964841488924
leaf_weight=92.504340929444879 3.441685187863186 2.7423656298196866 16.728628460783515 3.4494103472679845 4.8675709408707899 4.2676839339546859 3.4130734531208793 3.1466567609459082 10.595569977536796 4.1868446478620145 8.5516406507231277 1.3150848769582801 2.2512445412576199 3.2625874117948115 3.662676826119422 6.9256243184208861 3.0091386381536722 7.3072102349251509 2.5444641513749948 3.5195310716517261 5.5169379245489818 86.897330897161737 1.8960173563100395 3.3480653222650547 3.5270596630871296 2.2904337639920405 2.9844600996002555 2.5894913435913605 9.5280738348374125 46.636730989732314
leaf_count=1815 84 276 182 24 58 39 29 20 55 27 61 17 12 30 24 38 18 34 17 29 36 704 30 23 18 23 29 23 102 1186
internal_value=3.5524e-06 -0.0014715 -0.00203778 -0.00756689 0.0190627 -0.0106535 -0.0135339 -0.00874601 -0.0309485 -0.0121022 -0.00957255 -0.0240352 -0.00239223 0.0215567 -0.0113559 -0.0197763 0.00458728 0.00148668 -0.0110542 0.00419034 -0.0123678 0.00653883 0.0313747 -0.00564351 -0.0202774 0.0179523 0.0204591 0.0422693 0.00206964 0.00796049
internal_weight=356.908 208.238 205.496 79.9976 8.30926 71.6883 65.1302 51.0852 14.045 47.6721 44.5255 14.7719 29.7536 8.10332 21.6503 17.9876 6.22024 125.499 22.2576 103.241 12.8241 90.4169 3.2111 11.062 6.87512 6.55812 5.52892 5.85208 148.669 56.1648
internal_count=5063 1960 1684 653 142 511 449 370 79 341 321 126 195 65 130 106 65 1031 228 803 70 733 47 68 41 62 46 53 3103 1288
is_linear=0
shrinkage=0.05


Tree=162
num_leaves=31
num_cat=0
split_feature=3 3 6 5 7 3 0 1 3 2 4 2 5 0 7 4 0 5 5 7 7 6 2 5 7 1 5 3 1 0
split_gain=0.448653 2.76484 1.90669 3.09025 1.31362 1.934 1.50138 1.74289 1.26537 1.16334 1.41075 1.36264 1.06618 1.9193 1.88032 1.24023 0.882162 1.91183 0.991437 0.844853 1.20761 0.798257 1.66947 1.81874 3.23469 1.48487 3.04953 1.21162 1.93395 1.51869
threshold=-1.2294918527492065 -1.2162327775001465 -0.39938820083883714 -1.1774996148071211 -0.8507282742077924 -1.2022116864321746 1.1992588846131529 -0.12762423356280558 -1.2447321691274367 0.12335412001622294 -0.33782723843310175 -0.32454134060283718 0.80122844122339487 1.9857585475218218 2.6636717763212521 -1.6264172963700605 -1.6877215719069374 -0.66729479009757864 0.06383055740506724 -0.41321471806103288 -0.42976575353497698 -0.39231552863354918 -0.68256253185379967 -0.2089925407955199 0.97407783099018419 -0.44504841469390521 1.1709899726458219 -0.94007824472661794 -0.41405905713164176 -1.5629715759517562
decision_type=2 2 2 2 2 2 2 2 2 2 2 2 2 2 2 2 2 2 2 2 2 2 2 2 2 2 2 2 2 2
left_child=2 -2 3 -1 5 -3 16 -8 -4 11 -11 12 13 15 -14 -5 17 -6 -19 20 -9 22 -18 -24 -25 26 -23 28 -27 -29
right_child=1 4 8 9 6 -7 7 19 -10 10 -12 -13 14 -15 -16 -17 21 18 -20 -21 -22 25 23 24 -26 27 -28 29 -30 -31
leaf_value=-0.045524737590370158 -0.049671357305165115 -0.028767588102025194 0.064715803157387355 0.039795834445608011 0.065155099183176649 0.070785322103510601 -0.052852308246148262 0.0063047650528736997 0.0076978386914990683 -0.05791285521293156 0.0078161586610443756 0.044618299608025686 0.058603462657821383 0.056064982073091955 -0.037301898545875421 -0.015170130288479128 -0.051414514329224205 -0.015629344264464405 0.032006207146153966 0.057431558025375751 -0.09103644484841783 0.055733437483966253 -0.032115679772891835 0.044014260188663605 -0.026643388725241329 -0.0019586480455519657 -0.026493950867685953 -0.033330816812341131 -0.050714181442360645 0.00076792017591138448
leaf_weight=3.1212245989590945 2.8346276746597132 0.72447519190609488 2.1131618660874669 1.1735506579279888 1.6354932580143211 1.4936744578299102 2.9071655892767012 1.7504641158157033 1.8035199064761389 1.3649355401284995 2.0311656403355292 2.9038294921629086 2.0514097493141885 1.323294237256049 0.6806512523908167 8.1766294969711542 2.2718444182537487 2.9006555858068159 1.7520868729334322 0.56283983308821817 0.38952112197875988 3.2624843770172438 3.6840316969901314 3.5550860576331607 2.9754473501816392 6.1554157300852239 1.7230844367295501 3.3036263212561598 3.0376678341999632 282.01153292553499
leaf_count=249 50 9 25 15 24 405 231 183 19 15 42 140 341 15 11 161 94 33 21 14 1 52 22 38 43 41 20 25 30 2694
internal_value=2.41416e-06 -0.00050394 0.00623034 0.000700149 -7.65473e-05 0.0382701 -0.000339172 -0.0259804 0.0384607 0.00802189 -0.0186012 0.0135656 0.00683915 -0.000294903 0.0347101 -0.0082713 0.000112796 0.0186544 0.00230881 0.00292302 -0.0114133 -0.000260926 -0.0126475 -0.0040253 0.0118212 0.000255494 0.0273145 -0.000202573 -0.0180689 0.000373095
internal_weight=355.675 328.931 26.7434 22.8267 326.097 2.21815 323.878 5.60999 3.91668 19.7055 3.3961 16.3094 13.4055 10.6735 2.73206 9.35018 318.268 6.28824 4.65274 2.70283 2.13999 311.98 12.4864 10.2146 6.53053 299.494 4.98557 294.508 9.19308 285.315
internal_count=5063 4030 1033 989 3980 414 3566 429 44 740 57 683 543 191 352 176 3137 78 54 198 184 3059 197 103 81 2862 72 2790 71 2719
is_linear=0
shrinkage=0.05


Tree=163
num_leaves=31
num_cat=0
split_feature=3 6 2 6 1 2 2 1 7 7 7 6 0 1 6 0 3 7 1 6 1 4 2 4 0 0 1 7 5 3
split_gain=0.431528 0.752726 0.833429 0.755882 0.665129 0.771696 0.66452 0.586189 0.850535 0.553186 0.57747 0.988913 0.631565 2.73053 3.81227 2.10081 2.02182 1.98066 1.48551 3.5116 2.35601 1.51651 1.49548 1.49056 1.48414 2.91892 2.83343 2.22937 2.34569 2.50457
threshold=1.9065080941201404 1.0000000180025095e-35 1.5161293629221668 -0.029339383243277305 -0.34461165077441941 1.4906834686067219 0.94770797635424298 -0.050431728407436129 -0.61865989030092794 -0.85083716259906828 -0.85078271840343034 -0.31564561411700159 0.19962641271934417 -0.26845378018014682 -0.3501833362154681 1.1010208163340491 0.13192560931808389 0.42672311014381181 -0.39700389190752938 -0.37718243638449012 -0.35311514822929291 1.3189314995279926 -1.5518385629752418 -1.0741643223549311 -0.077368966116429919 -0.053233841534520675 -0.24606981199935551 -0.14651982572841701 -0.35693597133945582 -1.1386595671349553
decision_type=2 2 2 2 2 2 2 2 2 2 2 2 2 2 2 2 2 2 2 2 2 2 2 2 2 2 2 2 2 2
left_child=1 3 4 9 -3 6 7 8 -6 -1 11 -11 24 14 16 -15 18 -16 19 21 -20 22 -14 -24 -12 -26 27 28 29 -27
right_child=-2 2 -4 -5 5 -7 -8 -9 -10 10 12 -13 13 15 17 -17 -18 -19 20 -21 -22 -23 23 -25 25 26 -28 -29 -30 -31
leaf_value=-0.025885659467901102 -0.017878902828282677 -0.037366294496835734 0.075689482865645086 -0.030161836713600204 -0.023393946115894258 -0.054064515420727377 0.058329935727436472 0.050465388838912786 0.026540122567109015 -0.0013197049890000345 -0.00020848355693812905 0.068432707598359246 0.058947387413930442 0.037403642253061704 -0.035839377298339907 -0.0087862960586738755 0.070839984417989249 0.023164556597293124 -0.057168665487424865 0.051980856747461696 0.010404146695447052 0.039232378360096791 -0.043446275497817918 -0.0049354851803692567 0.064188285541172521 0.04574392912747563 -0.030797197929732345 -0.00062344567164060764 0.057531493328311527 -0.027077597749225985
leaf_weight=2.0469288851600131 3.3423026145901522 0.62802688777446736 0.54901697818422679 2.0858005043119183 1.5565401786006989 0.35899958014488209 1.0028336294344624 0.84379972342867393 1.8861454101279367 1.2904575702268632 256.57563013030449 0.83818040462210675 0.7722875089384712 5.9944842339027655 14.250334894750269 4.1769896646728739 0.99117111042141814 1.5799827596638341 2.7904602916678414 3.2287744437344363 2.3988885073922601 1.7981940754689265 3.1025228085927781 13.214492088649411 2.4460685041267451 2.2552424280438572 4.1422582289669618 11.120865884004163 4.6821179704275036 2.4782159253954887
leaf_count=74 66 6 22 36 28 2 40 579 33 41 2624 12 14 82 181 151 11 32 25 42 33 41 70 430 55 61 48 160 51 13
internal_value=2.19147e-06 0.000172418 0.0166147 -0.00015357 0.0114472 0.0168747 0.0216895 0.0131174 0.00396345 2.93521e-05 0.000185312 0.0261463 2.18158e-05 -0.00491853 -0.0103017 0.0184354 0.000690512 -0.0299503 -0.00185585 0.00379328 -0.0259317 -0.00444428 -0.00904008 -0.0122579 0.000967368 0.0120899 0.00692604 0.0145349 0.0324387 0.00761801
internal_weight=354.428 351.086 6.82536 344.26 6.27635 5.64832 5.28932 4.28649 3.44269 342.175 340.128 2.12864 337.999 54.2986 44.1271 10.1715 28.2968 15.8303 27.3056 22.1163 5.18935 18.8875 17.0893 16.317 283.7 27.1248 24.6787 20.5364 9.41558 4.73346
internal_count=5063 4997 710 4287 688 682 680 640 61 4251 4177 53 4124 1112 879 233 666 213 655 597 58 555 514 500 3012 388 333 285 125 74
is_linear=0
shrinkage=0.05


Tree=164
num_leaves=31
num_cat=0
split_feature=7 7 7 5 3 6 5 1 2 3 2 1 5 3 0 1 0 2 4 7 2 3 2 6 2 6 6 1 7 5
split_gain=0.420798 1.61781 1.48475 1.64081 2.41258 1.77324 1.30221 2.20869 1.73558 1.30179 1.26228 1.25132 2.0509 1.79356 1.14074 1.02619 0.780927 0.757767 1.91439 1.36728 0.790719 2.33777 2.08301 1.51514 2.96651 1.48322 4.70293 1.43545 1.4078 1.25679
threshold=1.3189545882589309 0.91767364430924314 3.8661535032793659 0.29012884117033955 -0.13889482796338054 -0.31452320102605441 0.73300199645192177 -0.45995569555809002 -1.2858166076709543 0.39314461680063068 -0.91556293691908641 -0.28844605265989637 0.55043069004549905 0.40564173719204472 -0.053233841534520675 -0.462054069539728 1.1315074668859582 -1.1760400074157753 -2.5468387663250307 0.74309833099607925 1.7383792152987647 0.59706004994134887 1.5869265971197628 -0.35189208558228702 1.8976409016047884 -0.29036448778848489 -0.27387926193661766 -0.35729582234729645 0.18861142052113231 0.077539468599918629
decision_type=2 2 2 2 2 2 2 2 2 2 2 2 2 2 2 2 2 2 2 2 2 2 2 2 2 2 2 2 2 2
left_child=1 17 3 -2 6 -6 -5 10 -9 -7 -8 12 -3 14 -14 -16 -12 18 -1 -20 22 23 -19 24 -22 27 -27 -24 -23 -25
right_child=2 11 -4 4 5 9 7 8 -10 -11 16 -13 13 -15 15 -17 -18 20 19 -21 21 28 25 29 -26 26 -28 -29 -30 -31
leaf_value=0.064409397724426734 -0.020837162772638394 -0.051507078173063485 -0.047536696664295754 0.039843497927700998 0.058473550008452869 -0.042693767985675285 -0.028285093634380455 0.032876644822005065 -0.037137825267347595 0.054010839660917978 0.060356247011321085 0.022773466861489303 0.055800294699287503 -0.046065973791951896 0.055427904314647281 -0.025594753071127727 0.0018916748627212186 0.00048808245684596246 -0.045709767721351838 0.047665771933176379 -0.022955818126957409 0.054850420460231301 0.017179120653357059 -0.0052439182549832344 0.043732335665291396 -0.058760207875783593 0.05030879640697037 0.068982543128077972 -0.0065335342414619456 -0.031965276168353859
leaf_weight=0.5688432385213672 3.5999193072784754 4.3229974065907282 1.1923571461811651 1.9613184239715398 4.3521667045424692 0.89579991437494288 0.81565931718797013 1.0902942088432608 4.703963912092143 0.56908915453823283 1.888109126826748 1.5099720805883396 1.2064295525196929 1.7061087903566656 0.52136821346357365 1.5605003889650131 0.81889120955020178 278.85256362386281 3.1889551080530505 0.44699450954794873 3.6926311580464306 2.2103528695297423 2.8318846612237394 7.6381659107282784 3.0408077645115554 1.7917149607092144 2.2042210983345267 2.5336830003652722 1.6176400064723564 10.380635873880236
leaf_count=15 31 26 13 12 203 7 97 34 92 53 183 18 24 21 64 27 25 3522 192 8 22 84 47 49 25 12 35 30 34 58
internal_value=2.13767e-06 -0.000440781 0.00671701 0.00984284 0.0163034 0.0424577 0.00281367 -0.00498153 -0.0239633 -0.00512536 0.0262408 -0.0194502 -0.0262929 -0.00446834 0.0171143 -0.00530402 0.0426702 0.00020041 -0.020886 -0.0342304 0.000480289 -0.00745234 0.00126691 -0.013076 0.00716042 0.0244661 0.00140397 0.0416413 0.0289107 -0.0206381
internal_weight=353.714 331.826 21.8876 20.6952 17.0953 5.81706 11.2782 9.31692 5.79426 1.46489 3.52266 10.8274 9.3174 4.99441 3.2883 2.08187 2.707 320.999 4.20479 3.63595 316.794 28.5802 288.214 24.7522 6.73344 9.3615 3.99594 5.36557 3.82799 18.0188
internal_count=5063 4313 750 737 706 263 443 431 126 60 305 180 162 136 115 91 208 4133 215 200 3918 272 3646 154 47 124 47 77 118 107
is_linear=0
shrinkage=0.05


Tree=165
num_leaves=31
num_cat=0
split_feature=4 4 4 4 4 4 4 1 1 0 5 0 6 5 1 1 6 6 3 1 5 6 3 6 6 6 1 7 2 1
split_gain=0.40526 1.98474 6.18114 3.11773 1.72676 5.95605 4.31128 1.13907 3.51732 1.73115 1.70485 1.18476 1.35888 1.12697 1.6675 2.46348 1.10003 1.39821 2.00443 1.6533 1.17579 2.23393 0.755695 0.741873 2.2074 1.89249 2.18908 1.81188 1.23669 1.51828
threshold=1.5030157014768397 1.2268893525324958 1.1348471134948515 1.3189314995279926 0.85872076455050717 0.76667852551286308 0.95076291154600423 -0.38904933890305127 -0.37548381642404088 -0.79169611427910169 -0.54377795567752274 -0.3634738359158679 -0.27387926193661766 -0.2089925407955199 -0.24606981199935551 -0.35110413866307549 -0.3008378233139663 -0.34690230536733691 0.010155481456025706 -0.44882696580738807 -0.25517261798024088 -0.27822812821239956 1.0338475325817387 -0.14281459721210238 -0.10823721838504627 -0.1656106505691787 -0.22148142620401698 -0.50805650686238368 1.38624222016614 -0.21490634580112489
decision_type=2 2 2 2 2 2 2 2 2 2 2 2 2 2 2 2 2 2 2 2 2 2 2 2 2 2 2 2 2 2
left_child=1 2 4 -3 5 23 -6 10 -9 -10 -2 -11 -13 14 15 -5 17 18 19 -8 21 -18 -14 25 27 -1 -27 -25 29 -26
right_child=7 3 -4 13 6 -7 16 8 9 11 -12 12 22 -15 -16 -17 20 -19 -20 -21 -22 -23 -24 24 28 26 -28 -29 -30 -31
leaf_value=-0.00020243318815275823 -0.0041086457902109628 -0.057457652496535241 0.062976256586045096 -0.011423786977147202 -0.055857289875976657 0.05526282984845491 -0.0055236290403929255 -0.066241347972016029 0.048768508733669509 -0.028213679359293222 0.057248277815955012 -0.0079589655133914163 0.066782233663410295 -0.018498020515914645 -0.035528840078722937 0.070645926858893024 -0.056394401723379756 0.040736259152775976 -0.048588507957600613 0.062773298316462556 -0.027532003158249798 0.044119327922535118 -0.00071852906114889647 -0.0045211012156187308 -0.02286929881338717 -0.0037343207747628226 -0.060560111534256694 0.06124479276710592 0.029222733735847595 0.014674888638243394
leaf_weight=265.14522375486558 2.102919727563858 3.7630903252866093 3.9076150050677816 1.8005231646820892 4.7778644891222966 4.9186948475544332 2.83636375050992 1.7337369879242039 2.3184863845817745 2.5648302156478167 2.4524553208611932 2.8861276241950686 1.3515325362677653 6.6998937234748164 1.3076765762525608 1.8578689163550737 0.80011714994907412 2.6521658771671364 1.7086342843249438 1.2887255512177946 5.7504269743803853 1.7882848594454115 0.59814341960009176 1.5787940871668977 6.7642705293837935 4.2450614464469254 2.8210005150176576 3.110907883965413 2.7986736861639647 4.4737896135775355
leaf_count=3121 59 77 154 32 105 213 51 11 24 17 44 34 58 56 47 16 3 32 9 14 35 57 45 42 56 27 30 48 61 485
internal_value=2.96451e-06 -0.000366488 0.000474535 -0.0178839 -0.000294801 0.000701646 -0.0139416 0.00777584 -0.000635759 0.0110672 0.0289238 -0.000743897 0.0138256 -0.00511856 0.0129321 0.0302543 -0.00203838 0.0106353 -0.00304942 0.0158131 -0.0149355 0.0130489 0.0460736 -0.000220785 0.00940554 -0.000883015 -0.026421 0.0391046 -0.000516991 -0.00792323
internal_weight=352.804 336.796 321.367 15.4291 317.459 295.856 21.6026 16.0082 11.4529 9.71912 4.55538 7.40063 4.8358 11.666 4.96607 3.65839 16.8247 8.48589 5.83372 4.12509 8.33883 2.5884 1.94968 290.938 18.7264 272.211 7.06606 4.6897 14.0367 11.2381
internal_count=5063 4771 4543 228 4389 4083 306 292 189 178 103 154 137 151 95 48 201 106 74 65 95 60 103 3870 692 3178 57 90 602 541
is_linear=0
shrinkage=0.05


Tree=166
num_leaves=31
num_cat=0
split_feature=5 7 2 2 3 6 6 1 5 2 2 3 6 3 5 7 2 1 4 7 2 5 5 1 0 1 6 2 6 3
split_gain=0.395147 0.775721 0.578935 1.13363 0.658383 0.698438 0.716832 0.714125 0.932884 1.02455 0.707204 2.26843 2.60369 1.43371 1.22559 2.98102 2.45464 1.99058 1.95956 1.72597 3.08005 2.89036 1.70502 1.51724 3.05993 1.4903 2.07268 3.3043 1.50386 1.51322
threshold=2.8119568026088237 2.8172860743137966 2.3768788169919026 2.0589751712411388 1.7669070551809316 1.0000000180025095e-35 -0.029339383243277305 -0.34461165077441941 -0.26059382145146842 -0.046937685070953881 1.8518637944562262 0.38156197635317574 -0.26320106624132844 0.17993259066919218 0.55043069004549905 0.91767364430924314 0.25001256699540064 -0.38101874696142085 -0.89008012040608409 -0.14651982572841701 0.94770797635424298 0.71227642097364385 0.52717283728338815 -0.46139035719728066 0.088103950994934441 -0.33801954408412704 -0.31378094921513777 0.74268532260317244 -0.24838967400691755 1.1422061972712707
decision_type=2 2 2 2 2 2 2 2 2 2 2 2 2 2 2 2 2 2 2 2 2 2 2 2 2 2 2 2 2 2
left_child=1 2 3 4 5 6 10 -7 9 -9 14 13 -13 -12 15 22 -17 19 -18 20 -16 -21 -1 -23 -25 26 27 -19 29 -27
right_child=-2 -3 -4 -5 -6 7 -8 8 -10 -11 11 12 -14 -15 17 16 18 25 -20 21 -22 23 -24 24 -26 28 -28 -29 -30 -31
leaf_value=0.00051625661420325205 -0.025998221149016083 0.027751732479500437 -0.026305701491529138 0.02505247819759095 -0.017214785850657909 -0.035499935168671025 -0.029823465525538818 0.027592018551257525 0.046019030814264068 -0.027582226484571912 -0.0021572874197713587 0.058040814431877211 -0.025529904981331487 -0.041426094423122721 -0.055802173627372935 -0.06874800975895029 -0.045645450213443954 0.072069192589720568 0.0083288943462373928 0.065107747553970641 0.011793650069210352 0.029148499884980378 -0.036551043036603441 0.00630772915826118 -0.040671444979133081 -0.02003682635962474 0.058520348138863809 -0.016354235079535619 -0.038417612384255333 0.036173265954849286
leaf_weight=251.09720663703047 1.4550623820396129 2.5202104109339407 2.0930268546799189 4.4820606675348236 5.6299844837049013 0.60258912388235319 2.0422558721620581 2.0806780821294528 2.3509934766916549 1.4126403199625199 4.0876853256486338 2.1205722228623922 1.6628495386103166 5.388339969329536 3.3752743275836101 2.6898187426850182 2.7497968664392829 1.5510355832520879 4.3288980119396001 1.9359753681346799 3.3656457592733204 4.1549805132090141 3.1411337461322537 15.75391800014768 4.4437960623763493 1.8208553651347754 4.6504538045264789 3.3139014197513461 1.5959614757448424 3.4964741310686804
leaf_count=2755 16 38 17 55 144 6 32 559 43 73 29 40 28 23 32 19 22 76 34 21 32 389 17 269 89 14 75 24 16 76
internal_value=3.81632e-06 0.000111934 -8.85679e-05 7.03347e-05 -0.000258178 2.66118e-05 -0.000292987 0.0163249 0.0216684 0.00528046 -0.000108401 -0.0114189 0.0213107 -0.0244867 0.000370031 -0.000983162 -0.0280883 0.00759334 -0.012638 0.000518925 -0.0220525 0.00630668 5.82873e-05 0.00163215 -0.00402838 0.0218163 0.0346525 0.0118369 0.00414878 0.0169248
internal_weight=351.394 349.939 347.419 345.326 340.844 335.214 328.767 6.4469 5.84431 3.49332 326.725 13.2594 3.78342 9.47603 313.465 264.007 9.76851 49.4583 7.07869 33.0296 6.74092 26.2887 254.238 24.3527 20.1977 16.4287 9.51539 4.86494 6.91329 5.31733
internal_count=5063 5047 5009 4992 4937 4793 4112 681 675 632 4080 120 68 52 3960 2847 75 1113 56 832 64 768 2772 747 358 281 175 100 106 90
is_linear=0
shrinkage=0.05


Tree=167
num_leaves=31
num_cat=0
split_feature=7 7 4 3 0 1 1 3 5 3 0 2 7 2 3 0 5 2 7 2 7 2 5 4 7 0 6 0 1 2
split_gain=0.393224 2.45804 2.4156 2.35732 2.39238 2.46589 2.81794 2.73125 3.28153 2.24174 6.52203 3.67343 2.39168 2.09803 4.23269 5.65891 2.58047 2.77441 2.66961 6.96637 3.4198 2.07954 2.04768 3.83544 2.44311 2.23969 6.01433 2.10873 2.1105 1.95325
threshold=-0.19315127929234177 -0.2440021580182096 0.39851002957302184 0.52390654656616109 -1.0068494770013638 -0.24606981199935551 -0.24230433343095112 0.97837290288751211 0.11546757301991879 0.35169097149216128 -0.70125156854479342 1.298548226536034 -0.46825779985102467 1.2746346602122036 0.27030765155177999 -0.9979583371450621 -0.066279727275328673 1.0081229451328322 -0.43836793644577693 0.1824203381326519 -0.38746261352427119 -0.40508591749695272 -0.3105716138764702 0.30646788257752478 -0.42600910403595682 -0.85142261590544377 -0.35236635950217582 -0.58648197672848079 -0.27582429511803336 0.14572827953110773
decision_type=2 2 2 2 2 2 2 2 2 2 2 2 2 2 2 2 2 2 2 2 2 2 2 2 2 2 2 2 2 2
left_child=1 3 -3 9 -5 -6 -7 -8 21 13 11 12 -11 16 15 -15 17 22 -18 20 -20 -9 25 24 -24 26 -1 28 -27 -12
right_child=-2 2 -4 4 5 6 7 8 -10 10 29 -13 -14 14 -16 -17 18 -19 19 -21 -22 -23 23 -25 -26 27 -28 -29 -30 -31
leaf_value=0.072354615113564016 -0.002067821054536444 0.0058151050571077076 0.048197686841228445 0.024380054440301557 -0.033848449799588023 0.090876694789730039 -0.029890183781033031 -0.047074413256533922 -0.031041199793070903 0.047786274164033013 0.015828943518118227 -0.041542376713781554 -0.024536684570779538 -0.012654205414013416 -0.026928095733151209 0.045282278358921617 -0.036264297936976456 -0.038272808573731699 0.022416012895206647 0.04269940018385137 -0.044118133864915227 0.035210133115719237 0.063449768095810405 -0.0035063022904908434 0.01029188252466235 -0.051552913650054835 -0.0054860689094602668 -0.00091913847937163127 0.001883132686154361 0.060098518846427709
leaf_weight=3.6588412392884493 138.52263923129067 9.2626792213413847 5.2774107619188717 4.1464932053349903 12.13592586352024 0.73144935909658571 8.8398797796980997 0.86563508491963137 3.7749327613273636 2.9323566453531384 3.8498827979492471 5.027791733853519 1.8734336565248684 6.4995322558097586 5.0021346071735016 11.989482065895572 10.241758650518024 4.1821045923861666 2.5739345778711131 5.3759764656424514 7.7355245091021052 6.79664052010048 5.2880704577546567 9.8497272161766869 3.655699581839146 4.4299716781824827 7.7117812000215036 48.024995794985443 3.1701167700812212 7.0625147397513501
leaf_count=35 1931 91 55 80 102 9 180 42 55 37 133 32 17 87 27 115 96 58 29 46 60 388 49 81 40 32 52 1023 23 58
internal_value=3.87424e-06 0.00135775 0.0211981 -0.000103454 -0.0114253 -0.0159047 -0.00553923 -0.00901721 0.00711563 0.00253308 0.0178675 -0.0116649 0.0195927 0.000250798 0.0138761 0.0249156 -0.00251089 0.00149415 -0.016409 -0.00344451 -0.0275067 0.0259141 0.00343274 0.0180177 0.0417219 -0.000658596 0.0195615 -0.0047919 -0.0292639 0.0444803
internal_weight=350.489 211.967 14.5401 197.427 37.291 33.1445 21.0085 20.2771 11.4372 160.136 20.746 9.83358 4.80579 139.39 23.4911 18.489 115.899 89.9713 25.9272 15.6854 10.3095 7.66228 85.7892 18.7935 8.94377 66.9957 11.3706 55.6251 7.60009 10.9124
internal_count=5063 3132 146 2986 856 776 674 665 485 2130 277 86 54 1853 229 202 1624 1393 231 135 89 430 1335 170 89 1165 87 1078 55 191
is_linear=0
shrinkage=0.05


Tree=168
num_leaves=31
num_cat=0
split_feature=2 1 2 2 0 3 3 2 3 5 2 5 1 3 4 5 1 6 3 3 6 0 0 3 7 0 7 3 1 0
split_gain=0.412861 1.81243 1.52405 2.3812 2.11699 2.69992 2.29943 2.04879 2.00232 1.99659 1.90409 1.87944 2.60188 1.80817 1.88119 2.09826 1.8029 1.91551 1.64534 1.61705 2.32799 1.57358 1.55735 1.57972 1.28662 1.89019 1.23876 1.20306 2.75823 2.31194
threshold=-0.011552942454124868 -0.15282190267858006 0.15373111848454052 0.28428102731122423 -0.069008756503063734 -0.41123926640203518 -0.34296264902756451 0.97646373688526711 -0.47768704581111826 -0.38016789873922541 0.13139565650439944 0.32727077649447361 -0.31444694197131567 -1.1441460810311181 -0.52191153242409583 -0.57967197018192596 -0.25595609206908226 -0.3174528036732836 1.0739295189355347 -0.67520154607297966 -0.37417434729910565 -0.70125156854479342 -0.63503183254521678 0.51049506815331835 0.51059439352411096 -1.0222867537475155 0.26012387149161126 0.31008490777959319 -0.24606981199935551 0.52393745070997144
decision_type=2 2 2 2 2 2 2 2 2 2 2 2 2 2 2 2 2 2 2 2 2 2 2 2 2 2 2 2 2 2
left_child=27 2 4 21 5 13 -6 8 -5 -10 16 12 -11 14 -2 -16 17 -7 -13 24 -21 -4 -14 -24 25 -9 -20 -1 29 -29
right_child=1 -3 3 7 6 10 -8 19 9 11 -12 18 22 -15 15 -17 -18 -19 26 20 -22 -23 23 -25 -26 -27 -28 28 -30 -31
leaf_value=-1.4412517718442999e-06 -0.061495989407153034 0.040118738066897315 0.056466911586803482 0.018659219693998978 -0.023047517415689889 -0.062878936372771629 0.034562485741728773 -0.033841067813025531 0.018333027132392318 -0.060064534522265803 -0.068232320593935733 0.010063633669553216 -0.037437539744908516 0.028212747096050053 -0.049110014946759602 0.063018223494320749 0.0081538480195782418 -0.015334259482929878 -0.057146279792293024 0.04949739822283547 0.001863222531400944 0.011722883363566645 0.027032068005564343 -0.020969104821316163 -0.061699607918504699 0.021019680200386196 -0.0011148267155459274 0.047206793845457826 0.0013191464064745272 -0.051379705000776869
leaf_weight=121.22478044143645 1.5811819266527893 2.5890122418641104 2.6194924646988511 4.7192141870036712 2.9250325639732182 3.6585344503400865 4.2468453561887136 3.7027278302703048 3.7311743693426243 5.2405709344893721 2.956829192582517 7.1635584030300361 5.9581964556127796 3.8699133465997937 0.73785570985637605 0.96014422457665183 3.2807935662567571 5.0325536988675594 2.0456871036440138 2.6247370755299917 112.66833950905129 7.8642812585458142 2.7388001810759315 4.5808925377205014 1.5222381874918935 2.7259921415243293 1.9050082159228621 6.520275535935073 17.229536474973429 0.65435830119531591
leaf_count=2163 8 276 26 44 39 14 38 92 25 30 12 53 37 34 29 19 39 33 18 22 869 75 18 31 7 41 31 248 655 37
internal_value=4.76135e-06 -0.00144892 -0.00198417 -0.000188028 -0.0125346 -0.0202013 0.0110664 -0.00168857 -0.0118249 -0.0161368 -0.0323012 -0.020477 -0.0302322 0.00506568 -0.0222512 0.0142936 -0.0234269 -0.0353483 -0.00422302 0.00144362 0.00294765 0.0229027 -0.0184579 -0.00300857 -0.0203656 -0.0105783 -0.0301282 0.0020376 0.0121663 0.0382153
internal_weight=349.279 203.65 201.061 171.811 29.2497 22.0778 7.17188 161.327 38.0831 33.3639 14.9287 29.6327 18.5185 7.1491 3.27918 1.698 11.9719 8.69109 11.1143 123.244 115.293 10.4838 13.2779 7.31969 7.95096 6.42872 3.9507 145.629 24.4042 7.17463
internal_count=5063 1960 1684 1419 265 188 77 1318 287 243 98 218 116 90 56 48 86 47 102 1031 891 101 86 49 140 133 49 3103 940 285
is_linear=0
shrinkage=0.05


Tree=169
num_leaves=31
num_cat=0
split_feature=3 3 3 7 4 2 0 7 3 0 1 0 0 5 2 2 2 0 4 0 7 2 5 7 7 4 0 5 5 5
split_gain=0.403542 2.53131 1.72104 2.43003 1.22036 1.77078 1.15878 1.11636 1.78611 1.33222 1.65426 1.04172 0.97975 1.05099 0.99106 1.00488 1.73606 1.06131 1.77051 0.963324 1.49571 1.6882 0.945762 0.805917 1.09353 0.793655 0.726411 1.79396 0.861225 0.724358
threshold=-1.2294918527492065 -1.2162327775001465 -1.2468658134203887 -0.84942161351248091 0.39851002957302184 0.13139565650439944 1.9668001027168092 -0.8507282742077924 -1.2022116864321746 1.1992588846131529 -0.12762423356280558 1.3548067913565098 1.1315074668859582 -0.94660553505273415 -1.1725986639662989 -0.6461876042686906 -0.60179964423319177 0.75961552443556102 -0.24578499939545764 1.414123554931721 -0.8141417747390739 -0.47035950333894377 -0.52191516768356661 -0.41321471806103288 -0.42976575353497698 -0.15374285239996058 -1.6877215719069374 -0.66729479009757864 0.06383055740506724 -0.48765445100667165
decision_type=2 2 2 2 2 2 2 2 2 2 2 2 2 2 2 2 2 2 2 2 2 2 2 2 2 2 2 2 2 2
left_child=2 -2 3 6 5 11 -1 8 -3 26 -11 12 13 -5 25 -16 -17 18 -18 20 -6 -22 -23 24 -12 -15 27 -9 -29 -28
right_child=1 7 -4 4 19 -7 -8 9 -10 10 23 -13 -14 14 15 16 17 -19 -20 -21 21 22 -24 -25 -26 -27 29 28 -30 -31
leaf_value=-0.050548518843914009 -0.04899784686568473 -0.028610175015552564 0.03811229308435226 -0.057178968287980171 -0.051692343721449235 -0.053284824057385952 0.0021684978986932736 0.063927052612850283 0.069568763570018996 -0.052717741903158033 0.0062759837082441055 -0.053051293789641962 0.067696157982017321 0.017107542697928045 0.050222873709359239 -0.069293809362709777 0.056061458445459934 -0.046757822428300254 -0.015642667576990704 0.061294513575357812 -0.017496251433868126 0.10914166578965048 0.035478476214847419 0.057356423698921882 -0.087133480486825454 -0.060452815014129892 -0.0065277876717995389 -0.015377522670654085 0.029561734824127703 0.00070817804339866428
leaf_weight=2.9281574739143315 2.6660574034322044 0.6986056515015665 3.5949758864007881 0.60286786383949476 0.70119390124455083 1.397594230249523 1.6186461299657819 1.5363820847123859 1.3750260785454873 2.6871296785539016 1.6875065901549537 0.67819300945848304 0.70745382364839393 0.57005483756074682 1.8739962247782402 0.64464456052519548 2.2431808712426591 0.53696260193828482 1.3970665226224688 1.5347845647484062 1.3849622989073389 0.54675265075638879 2.1459162863902748 0.5431367764249434 0.38475778698921215 0.7826966592110709 39.749908916652203 2.8484416003338984 1.7038267981261013 266.23128866165644
leaf_count=278 50 9 42 9 20 27 10 24 405 231 183 16 31 81 172 22 140 15 23 18 22 11 89 14 1 7 502 33 21 2557
internal_value=2.88272e-06 -0.000479828 0.00600853 0.000831964 0.00918694 -0.000555368 -0.0317814 -7.49023e-05 0.0364923 -0.000313823 -0.0251656 0.00678682 0.011123 0.00649684 0.0112664 0.0191525 0.00707717 0.0188631 0.0285426 0.0268314 0.0157631 0.0273629 0.050436 0.0031421 -0.0110674 -0.0277686 0.000108446 0.0172095 0.00144238 -0.000231844
internal_weight=348.002 322.112 25.8901 22.2951 17.7483 11.4347 4.5468 319.446 2.07363 317.372 5.30253 10.0371 9.35892 8.65147 8.0486 6.69585 4.82185 4.17721 3.64025 6.31361 4.77883 4.07763 2.69267 2.6154 2.07226 1.35275 312.07 6.08865 4.55227 305.981
internal_count=5063 4030 1033 991 703 543 288 3980 414 3566 429 516 500 469 460 372 200 178 163 160 142 122 100 198 184 88 3137 78 54 3059
is_linear=0
shrinkage=0.05


Tree=170
num_leaves=31
num_cat=0
split_feature=4 4 4 4 4 4 4 4 6 7 2 1 2 3 7 3 6 6 0 1 2 6 3 0 0 1 5 2 2 7
split_gain=0.382467 0.67972 1.84249 5.78371 2.93801 1.58713 5.5871 4.09266 1.11269 1.35526 1.24604 1.08076 1.68552 1.19355 1.0595 1.36123 2.83079 0.994711 1.27325 0.942512 0.908375 1.61624 1.20812 0.817377 1.88272 0.703993 2.03035 2.26968 2.29398 2.95217
threshold=2.0552685834498221 1.5030157014768397 1.2268893525324958 1.1348471134948515 1.3189314995279926 0.85872076455050717 0.76667852551286308 0.95076291154600423 -0.35369013894309176 -0.51271148558943047 1.0081229451328322 -0.32143602321805637 -0.3155233992441186 0.49815041188695208 -0.55795461216458686 -0.075495066108994466 -0.27719307331990628 -0.21288651265249184 -0.22536324344435524 -0.33801954408412704 -0.0049733233211756442 -0.31452320102605441 -1.2381788330847976 -0.7820017647453148 -0.3634738359158679 -0.21490634580112489 -0.61999852096124008 1.1125579642141628 -0.33463611165396884 -0.43836793644577693
decision_type=2 2 2 2 2 2 2 2 2 2 2 2 2 2 2 2 2 2 2 2 2 2 2 2 2 2 2 2 2 2
left_child=1 2 3 5 -4 6 25 -7 -6 11 -11 -10 13 -13 20 -16 19 23 -19 -17 21 22 -3 -9 -25 -1 -27 28 29 -28
right_child=-2 14 4 -5 8 7 -8 17 9 10 -12 12 -14 -15 15 16 -18 18 -20 -21 -22 -23 -24 24 -26 26 27 -29 -30 -31
leaf_value=-0.0010399162228739896 -0.026757055784190964 0.021556321027903655 -0.057193775396935279 0.062560498356948852 0.024517137410772407 -0.055540754889618217 0.05501020088890584 -0.012315792958760301 -0.023307742169057913 -0.055889556055466673 -0.0069303087938414531 0.038382405734833848 0.074650094170116851 -0.067009249771033882 0.049923179838122757 -0.039622280868985692 0.0562199408831675 -0.0012943057935384092 -0.06331194063730701 0.0075113833238112555 -0.039794120751042737 0.061417052386473173 -0.047910954413461784 0.043844111753959372 -0.0051391230385683965 -0.0087816616083150906 -0.046247558849351007 -0.0065401060939864562 0.046395755549494079 0.045376147467707059
leaf_weight=257.98739507864229 1.3301643487357058 1.1996038416400554 3.5547375021269518 3.7051775612926567 2.4775808292906722 4.5481542119523537 4.6557015462603877 4.6422916501760527 1.4712174693122491 2.4332294306950661 2.7893739338032901 0.55328526024822922 1.130492616910489 0.52216906432295218 2.8121170266531408 2.0491727162152529 2.0581383716780675 2.1034182375296955 1.3644594360375748 2.198608482722193 1.5264764518942682 0.96642356875236179 1.3086586683057237 3.209926049225035 5.044620580039914 11.906662158144174 1.829776880796999 6.1150761054013847 7.7957677825470464 1.6922156959772117
leaf_count=2886 41 31 77 154 41 105 213 38 11 23 19 25 15 17 35 15 35 23 42 25 34 64 12 30 68 572 37 145 187 43
internal_value=2.59853e-06 0.000105577 -0.000351993 0.000457501 -0.0175154 -0.000277897 0.00067513 -0.0135839 -0.00511835 -0.0133685 -0.0297406 0.00988449 0.0320215 -0.0127888 0.0108498 0.0209935 0.00809241 -0.00192311 -0.0256956 -0.0152264 -0.00764421 0.00647968 -0.0146875 0.00446915 0.0139089 -0.000205288 0.00713375 0.018004 0.0312654 -0.00222501
internal_weight=346.982 345.652 331.533 316.601 14.9321 312.895 291.983 20.9129 11.3773 8.89977 5.2226 3.67716 2.20595 1.07545 14.1192 9.11804 6.30592 16.3647 3.46788 4.24778 5.00116 3.47469 2.50826 12.8968 8.25455 287.327 29.3395 17.4328 11.3178 3.52199
internal_count=5063 5022 4771 4543 228 4389 4083 306 151 110 42 68 57 42 251 110 75 201 65 40 141 107 43 136 98 3870 984 412 267 80
is_linear=0
shrinkage=0.05


Tree=171
num_leaves=31
num_cat=0
split_feature=2 1 2 1 6 7 5 0 6 1 3 6 2 2 2 4 7 3 6 7 7 0 1 1 1 4 3 0 3 2
split_gain=0.382636 1.67607 1.38485 2.36439 2.50936 2.08934 3.39905 2.14508 1.63773 1.94663 4.11658 1.93067 1.7103 3.15792 2.3551 1.57585 1.75575 1.46059 2.1335 1.35161 1.23233 1.72109 1.13602 2.90762 3.46706 2.7634 2.5799 2.57411 6.32047 3.99869
threshold=-0.011552942454124868 -0.15282190267858006 0.97646373688526711 -0.43925956003961947 -0.39746500205177904 -0.68018183137183863 -0.38016789873922541 -1.2076624475671431 -0.35467843929930776 -0.3592266011235079 0.06273455772060299 -0.31564561411700159 0.28428102731122423 0.14572827953110773 0.081484897571375295 0.21442564353988061 -0.38362429773179402 -0.67520154607297966 -0.37417434729910565 0.08315301357037648 0.51059439352411096 -1.0222867537475155 -0.31334456634823332 -0.29067397953638613 -0.27766187853951774 -1.1662064693504284 0.06273455772060299 -0.65462115085170292 -1.1341045413758299 -0.084911859067514403
decision_type=2 2 2 2 2 2 2 2 2 2 2 2 2 2 2 2 2 2 2 2 2 2 2 2 2 2 2 2 2 2
left_child=22 2 3 4 -2 -5 7 -7 19 11 -11 -10 13 14 -12 16 -9 20 -19 -8 21 -4 27 -24 26 -26 -25 28 -1 -29
right_child=1 -3 17 5 -6 6 8 15 9 10 12 -13 -14 -15 -16 -17 -18 18 -20 -21 -22 -23 23 24 25 -27 -28 29 -30 -31
leaf_value=0.041714458171480923 -0.015049925728944771 0.039349621025678183 -0.03293415409926919 -0.047888915744765115 0.043114357017052518 0.058402784611628358 -0.050391276739502493 0.016898187528897116 0.051664234202539183 -0.062447624159050356 0.018005203300303804 -0.0072612282302094364 -0.015944121567111176 0.055031982633091704 -0.045983220427333216 0.024436245052453828 -0.029483374214580572 0.047785115346740549 0.0017625052941637545 -0.014759216983993169 -0.061019230947139493 0.020246846962280837 0.033290042577554406 -0.065160856492938984 0.042151660550983044 0.0027080432769001541 0.0010032475696518139 -0.00044519146272588273 -0.030543168655146859 0.044063473741778839
leaf_weight=3.7097837151959565 3.1514336650725454 2.4919472872861652 3.5292853848077352 3.4756585857830933 4.5053407982923082 2.1337123801931765 5.1617027297615987 3.600577300414443 2.3622619621455669 3.9494511298835269 3.2776405407348665 3.3777529522776595 20.237371030729264 2.7355517204850912 2.5619088080711663 5.881947422400116 4.708734793122856 2.5759589588269582 112.31757857231423 5.4942455971613526 1.4633370265364645 2.6740364450961347 9.1985436085378733 3.0581745393574229 5.0995653409045181 34.357613536471035 2.8429610643070191 63.719745487207547 16.428010861971416 5.4802481529768547
leaf_count=91 84 276 92 24 58 22 22 27 18 21 33 24 155 32 21 43 29 22 869 40 7 41 102 17 117 1025 27 1514 131 79
internal_value=3.2587e-06 -0.00140216 -0.00191201 -0.00718517 0.0191747 -0.010112 -0.00810693 0.0116607 -0.0146716 -0.00987043 -0.0145763 0.0169891 -0.00801439 0.0106999 -0.0100676 0.00463289 -0.00938539 0.00138436 0.00279435 -0.0320193 -0.0197459 -0.0100097 0.00197294 0.00765799 0.00245988 0.00780586 -0.0332853 -0.00149881 -0.0172319 0.00307964
internal_weight=345.562 201.667 199.175 76.6153 7.65677 68.9585 65.4829 16.325 49.1579 38.5019 32.7619 5.74001 28.8125 8.5751 5.83955 14.1913 8.30931 122.56 114.894 10.6559 7.66666 6.20332 143.895 54.5569 45.3583 39.4572 5.90114 89.3378 20.1378 69.2
internal_count=5063 1960 1684 653 142 511 487 121 366 304 262 42 241 86 54 99 56 1031 891 62 140 133 3103 1288 1186 1142 44 1815 222 1593
is_linear=0
shrinkage=0.05


Tree=172
num_leaves=31
num_cat=0
split_feature=4 4 4 4 4 4 4 1 7 5 5 0 5 4 0 6 6 7 0 7 6 5 7 7 3 7 3 1 3 7
split_gain=0.390108 3.23102 4.42609 3.96992 2.07503 8.58368 6.94211 1.6327 2.24219 2.0255 1.95714 1.65967 1.60161 1.85024 1.56397 2.84097 2.04597 2.02693 5.4145 3.26394 2.75955 3.03938 2.43029 2.82333 2.33547 1.87967 1.47847 1.41996 2.61901 2.83708
threshold=1.0000000180025095e-35 -0.24578499939545764 -0.33782723843310175 -0.15374285239996058 0.30646788257752478 0.39851002957302184 0.21442564353988061 -0.3278342553295 -0.31102296284855563 0.55043069004549905 -0.42593387081195272 -0.68181993197758373 0.98480453059191408 0.85872076455050717 -0.79926088106645266 -0.29101108924101798 -0.35467843929930776 -0.34665668889360962 -0.73448109002052886 -0.51271148558943047 -0.27719307331990628 0.06908149430740386 -0.54486078311365405 -0.57676508175750696 0.22214829751752216 -0.85051049742524054 0.32136272665916715 -0.33203770776548741 0.033777987082598694 -0.23569941818341852
decision_type=2 2 2 2 2 2 2 2 2 2 2 2 2 2 2 2 2 2 2 2 2 2 2 2 2 2 2 2 2 2
left_child=1 2 -1 -3 6 -6 14 8 11 -10 26 -5 27 -14 15 16 -2 18 -16 22 21 -19 23 25 -21 -20 -9 -7 29 -29
right_child=4 3 -4 7 5 12 -8 10 9 -11 -12 -13 13 -15 17 -17 -18 20 19 24 -22 -23 -24 -25 -26 -27 -28 28 -30 -31
leaf_value=0.00027010145831153127 0.00090850722861381778 -0.055933249288026232 0.053551141858769906 0.070396706643345866 -0.056928811487458889 -0.0055143316406657929 0.05703593290097312 0.037307824601155358 -0.033675328171961449 0.014994411559853461 -0.027276329146637558 0.0075430292340545012 0.065405175206320207 0.004342489665161404 -0.082049703570096388 -0.0072982422817104743 0.062384118618559192 -0.045578475872921451 0.041622958140282218 0.074615195285922406 0.021738656582736507 -0.00084888851700874257 -0.059176685682982115 0.079025526544699298 0.012352852419711048 -0.026587671140196046 -0.024209894953750328 0.014610690369770385 8.386785934665471e-05 0.076700593250483118
leaf_weight=119.07139643342816 2.014635007828474 5.0990638841176397 4.0296640231390475 1.8586967159062613 6.700373640516772 59.575696497806348 6.8128770485345731 2.4064333839924101 4.2988030258566159 4.2523909267038107 13.537125092232598 2.4147074301727116 2.0422527450136831 3.1602018950507045 1.4015413345769001 5.4897736618295294 4.1236965879797935 7.544117273064332 1.477124181867105 3.5327547690831169 4.4426130875945118 7.647893579211086 1.452871191781014 1.2713393922895191 2.6254522302187979 3.1936984932981431 1.6438583626295438 10.265323138824895 48.623807278869208 2.2415319171268484
leaf_count=1829 17 128 278 17 99 777 181 40 25 33 83 42 31 46 6 40 33 45 68 32 36 55 7 9 23 49 42 159 815 18
internal_value=2.29733e-06 -0.00181862 0.00201424 -0.0151054 0.00155811 -0.00178479 0.00991744 -0.00825999 0.0053069 -0.00947254 -0.0181529 0.0348809 0.00114976 0.028313 0.00297175 0.0188352 0.0422075 -0.00236115 0.0115077 0.0211824 -0.0129244 -0.0230609 -0.00120873 0.0129646 0.0480706 -0.0050164 0.0123401 -2.09756e-05 0.00533265 0.0257387
internal_weight=344.252 158.612 123.101 35.5111 185.64 132.609 53.0304 30.412 12.8246 8.55119 17.5874 4.2734 125.909 5.20245 46.2175 11.6281 6.13833 34.5894 14.9548 13.5532 19.6346 15.192 7.39503 5.94216 6.15821 4.67082 4.05029 120.706 61.1307 12.5069
internal_count=5063 2517 2107 410 2546 1945 601 282 117 58 165 59 1846 77 420 90 50 330 194 188 136 100 133 126 55 117 82 1769 992 177
is_linear=0
shrinkage=0.05


Tree=173
num_leaves=31
num_cat=0
split_feature=0 1 1 1 1 2 6 7 3 2 0 7 6 2 7 7 2 1 3 6 2 3 1 7 1 2 5 1 7 2
split_gain=0.383292 2.44397 2.55633 3.11191 2.35465 2.2033 2.7599 2.49202 1.86669 1.73374 1.85627 1.79244 1.6086 1.56324 1.50467 1.32065 1.25606 2.78571 2.41773 3.75936 3.11512 2.41248 2.30437 3.24591 2.7639 2.69053 2.36191 2.24295 2.86243 2.23689
threshold=0.19962641271934417 -0.26845378018014682 -0.39768386775305642 -0.35473606352594539 -0.42539904491439068 -0.26224916385226049 -0.33875611237805747 -0.8507282742077924 0.17810373746348818 -0.39094442253818518 0.23344636145116224 -0.42600910403595682 -0.30425525517985647 -0.39387514729750878 -0.83194502671269133 -0.099316708110293542 -0.21640051345653846 -0.31776246500554212 -1.0676396928124032 -0.36987084108345514 -0.10369885149590102 -0.4176402145212082 -0.3254904793730195 0.39413825905448446 -0.39567619450301389 -0.19694801781479346 0.36173399127181904 -0.45780977284132413 -0.51271148558943047 -0.24605481186746206
decision_type=2 2 2 2 2 2 2 2 2 2 2 2 2 2 2 2 2 2 2 2 2 2 2 2 2 2 2 2 2 2
left_child=16 2 4 15 -2 7 -7 -5 -9 11 -11 14 -8 -6 -3 -4 17 29 20 21 -18 -20 23 -21 -25 -24 -26 -22 -29 -1
right_child=1 9 3 5 13 6 12 8 -10 10 -12 -13 -14 -15 -16 -17 18 -19 19 22 27 -23 25 24 26 -27 -28 28 -30 -31
leaf_value=-0.0045697239811029267 -0.0048439227759112316 0.053003226809889718 -0.065662683207185699 0.03315109780756894 0.009249889298300824 0.05615069091581653 -0.035458931951503757 -0.059730718002824618 0.0087407350812107164 -0.075803693455042634 0.042335024971312286 0.032861797079832604 0.021697690271792712 0.071254115633975976 -0.039118119035037868 -0.023314531202926023 0.078422099611551471 0.020680114419236312 -0.044945903403190657 0.010404264782632735 -0.013152567675209099 -0.0031561876092511955 -0.060306730081520779 0.035495515319906495 -0.050146477344472709 -0.0041304714358837823 -0.0050217048305033554 -0.00096752390148921192 0.05547839460369252 0.048970695841215245
leaf_weight=33.955256063956767 19.960537860868499 0.52123543288325924 4.2756554002407938 1.331587276421488 2.2987742751138285 2.3456119503825903 2.7261052345857024 4.1172664869809523 1.3127607003552837 0.35325884819030573 5.6593408628832549 2.1328155342489481 2.2445265050046155 1.822420485317706 2.963060425594449 3.2331763085676384 1.8473140489659297 23.341952534508891 8.1822078833356482 66.866201287601143 6.316721103619785 5.9758202582597724 2.1728899773443109 2.1793572455644599 5.3847168227657658 111.71389020676725 6.2838910968275741 4.7529825419187546 4.2581939648371154 2.0697469618171445
leaf_count=733 622 340 64 14 53 21 22 62 39 1 322 58 27 15 114 29 46 264 41 480 221 40 19 17 30 1166 58 55 63 27
internal_value=3.11252e-06 -0.00372873 -0.00893977 -0.0214343 0.00226026 -0.0075697 0.0114463 -0.0281455 -0.0431771 0.0167344 0.035394 -0.00323904 -0.00964943 0.0366686 -0.0253372 -0.0474283 0.000752593 0.00722464 -0.000948017 -0.0024316 0.0170844 -0.0273073 -0.000621787 0.00584124 -0.0161918 -0.00520228 -0.0258455 0.009692 0.0257058 -0.00149366
internal_weight=342.599 57.2981 45.6684 21.5867 24.0817 14.0779 7.31624 6.76161 5.43003 11.6297 6.0126 5.61711 4.97063 4.12119 3.4843 7.50883 285.301 59.367 225.934 208.759 17.1752 14.158 194.601 80.7142 13.848 113.887 11.6686 15.3279 9.01118 36.025
internal_count=5063 1803 968 278 690 185 70 115 101 835 323 512 49 68 454 93 3260 1024 2236 1851 385 81 1770 585 105 1185 88 339 118 760
is_linear=0
shrinkage=0.05


Tree=174
num_leaves=31
num_cat=0
split_feature=7 7 5 1 3 7 1 5 3 1 1 5 0 6 7 2 0 2 2 4 7 1 2 3 2 6 6 5 0 3
split_gain=0.401959 1.34159 1.37604 1.3028 2.7847 1.29859 1.113 1.78818 1.51165 1.05833 1.16686 1.04542 1.14737 1.41863 1.20667 1.08512 1.06581 1.00597 0.673795 2.18636 1.27844 0.808888 0.68027 2.03586 1.9022 1.40812 4.27338 1.3392 2.77231 1.73934
threshold=1.3189545882589309 3.8661535032793659 -0.11261185320675467 -0.44504841469390521 -1.1636536859952527 0.91767364430924314 -0.28844605265989637 0.55043069004549905 0.40564173719204472 -0.41405905713164176 -0.462054069539728 0.40948991007561591 0.23344636145116224 -0.31452320102605441 3.047394467177694 2.3768788169919026 -0.20972681290296477 -1.8573812722865977 -1.1760400074157753 -3.0990916482980135 0.70558628020151504 -0.014272436066050378 1.7383792152987647 0.59706004994134887 1.5869265971197628 -0.29036448778848489 -0.27387926193661766 0.25992859678448271 -0.81942582564791822 0.31008490777959319
decision_type=2 2 2 2 2 2 2 2 2 2 2 2 2 2 2 2 2 2 2 2 2 2 2 2 2 2 2 2 2 2
left_child=5 2 -2 4 17 18 7 -7 9 10 -9 -5 13 14 15 -13 -15 -4 19 -1 21 -21 24 27 -20 -26 -27 28 -24 -30
right_child=1 -3 3 11 -6 6 -8 8 -10 -11 -12 12 -14 16 -16 -17 -18 -19 22 20 -22 -23 23 -25 25 26 -28 -29 29 -31
leaf_value=0.096543416238819915 -0.052404932551932043 -0.046211857856783112 -0.05220206388426743 0.0001223401751331329 -0.046801552586391827 -0.048943622029072494 0.022052786573061253 0.054650446057310897 -0.042462447580448759 0.049835283370651892 -0.034726335849515039 0.064364234060938844 -0.014596725022386162 0.053806582749002491 -0.0037661226984339034 -0.013148505628358356 -0.041001362580414202 0.030659557174740715 0.00039878341099773947 -0.053480484577344882 0.043959233911407297 0.024711282863882043 -0.027959437213420812 0.02783893937595551 0.04101174530661502 -0.056584858584996803 0.048987957853440352 -0.024733784619906156 0.043806725039041511 -0.0053863321992576735
leaf_weight=0.36286649806425009 0.85263954475522652 1.132823348045348 0.41236531198956683 3.9092474596109197 2.518034524051473 4.0722269979305548 1.4950491343624879 0.51410471962299054 1.6589447529986499 1.3557720850221824 1.2606563959270718 4.8982713969307943 1.18639750033617 0.44845272751990706 0.95461150817573059 0.49735812842845906 0.87449373601702862 3.277650939009618 269.39202554404619 2.7237882880726838 0.47679047659039486 0.37647045031189819 5.4652524259872761 3.6309735108807208 5.1126123962458223 1.7565972264856102 2.1098042441299167 11.425217063631861 3.6053163637407151 3.5822485014796257
leaf_count=8 8 13 20 32 91 26 18 76 21 15 24 211 14 41 11 2 18 289 3522 191 10 6 35 118 77 12 35 73 26 20
internal_value=2.28301e-06 0.00671005 0.00973338 0.0125253 -0.00626331 -0.000436609 -0.017853 -0.0245855 -0.00387506 0.0165733 -0.00883608 0.0216601 0.0311635 0.0382387 0.0480515 0.0572193 -0.00886334 0.0213996 0.000145216 -0.0204001 -0.0322632 -0.0439855 0.000409679 -0.0070616 0.00115337 0.0237927 0.00102374 -0.0123246 -0.00111939 0.0192891
internal_weight=341.339 20.9623 19.8295 18.9769 6.20805 320.377 10.3568 8.8617 4.78948 3.13053 1.77476 12.7688 8.85958 7.67319 6.35024 5.39563 1.32295 3.69002 310.02 3.93992 3.57705 3.10026 306.08 27.709 278.371 8.97901 3.8664 24.078 12.6528 7.18756
internal_count=5063 750 737 729 400 4313 180 162 136 115 100 329 297 283 224 213 59 309 4133 215 207 197 3918 272 3646 124 47 154 81 46
is_linear=0
shrinkage=0.05


Tree=175
num_leaves=31
num_cat=0
split_feature=3 3 3 7 0 4 2 4 5 7 7 3 0 1 4 0 7 2 2 3 6 1 5 5 4 1 2 1 3 1
split_gain=0.380957 2.29676 1.47938 2.24738 1.11442 1.11361 1.47 1.21593 1.20847 0.956387 0.921511 1.69386 1.23015 1.49632 0.88386 0.860933 1.49288 1.45971 0.710857 2.34148 2.64758 1.02723 1.79675 2.05308 1.77162 1.26387 1.42452 3.60894 4.14087 2.85215
threshold=-1.2294918527492065 -1.2162327775001465 -1.2468658134203887 -0.84942161351248091 1.9668001027168092 0.21442564353988061 0.13139565650439944 -3.0990916482980135 -0.71429256722425694 2.6636717763212521 -0.8507282742077924 -1.2022116864321746 1.1992588846131529 -0.12762423356280558 -1.4423330023790664 1.414123554931721 -0.61865989030092794 -0.2371901505000206 -0.76720904743073381 -0.84177820408703419 -0.28912375952809194 -0.44644579680684154 0.73300199645192177 -0.22047747631276024 -0.52191153242409583 -0.43145538629536023 -0.21640051345653846 -0.4160646039992591 -0.84177820408703419 -0.26845378018014682
decision_type=2 2 2 2 2 2 2 2 2 2 2 2 2 2 2 2 2 2 2 2 2 2 2 2 2 2 2 2 2 2
left_child=2 -2 3 4 -1 6 7 -5 -9 14 11 -3 18 -14 -10 16 17 -7 19 -12 -21 22 23 -20 -24 -23 27 -27 -29 -30
right_child=1 10 -4 5 -6 15 -8 8 9 -11 12 -13 13 -15 -16 -17 -18 -19 21 20 -22 25 24 -25 -26 26 -28 28 29 -31
leaf_value=-0.050521141493192256 -0.048139083354997551 -0.029653562638737758 0.036127372895438707 0.098528096439367274 0.0019441700959497935 -0.058446514417639352 -0.052405266186025659 -0.028140863668054412 -0.017551878165424067 -0.053389419906858006 -0.051600259533409326 0.06810003535411617 -0.052443379761379298 0.0025070054093057751 0.028493059767514074 0.059019322793043533 0.039122876210578257 0.026284688285906563 -0.0068508692019332192 0.019202828449163201 -0.055517327579045816 -0.019259343389138209 -0.027842453201895837 0.054467501215955075 0.031557606508635816 0.061909642489755223 -0.0012208239532131798 -0.06524405604830899 -0.00076385257444411064 0.025298305257601229
leaf_weight=2.7323357145069229 2.5064717241330063 0.67907630978152145 3.4933987988624713 0.34226958267391161 1.6076892577111719 1.0406363774091008 1.2156417358200986 2.3733196253888353 1.3239462710917029 0.49688863719347853 2.8185675223357975 1.2755537878838357 2.4817700746352784 2.4736827848537351 4.8978212280780893 1.4920394481159744 2.8235504151671189 0.99364123446866814 2.0609454140067101 5.3189024287858047 1.525564884825142 8.3183239032514376 3.3919100938364863 4.0431683338247222 1.992740884888917 2.9227847419679156 223.91800909681479 2.0274443030357352 32.283428757684305 15.556023644516243
leaf_count=278 50 9 42 7 10 15 25 33 22 9 108 405 231 198 435 19 113 25 13 210 46 64 55 63 24 21 2046 9 269 209
internal_value=2.2984e-06 -0.00046689 0.00596501 0.00102733 -0.0310862 0.0092259 -0.000655645 0.00601251 0.00252974 0.0133639 -8.5243e-05 0.0341385 -0.000300247 -0.025013 0.018695 0.0257991 0.0155957 -0.0170596 9.97267e-05 -0.013246 0.00254844 0.000534645 0.015193 0.0337644 -0.0058598 -5.62012e-05 0.000521079 0.00790971 0.00474468 0.00771082
internal_weight=340.428 315.594 24.8332 21.3398 4.34002 16.9998 10.6499 9.43425 9.09198 6.71866 313.088 1.95463 311.133 4.95545 6.22177 6.34987 4.85783 2.03428 306.178 9.66303 6.84447 296.515 11.4888 6.10411 5.38465 285.026 276.708 52.7897 49.8669 47.8395
internal_count=5063 4030 1033 991 288 703 531 506 499 466 3980 414 3566 429 457 172 153 40 3137 364 256 2773 155 76 79 2618 2554 508 487 478
is_linear=0
shrinkage=0.05


Tree=176
num_leaves=31
num_cat=0
split_feature=7 7 5 7 3 4 1 5 1 1 2 2 5 6 3 1 1 5 1 1 0 2 4 7 1 2 3 2 7 6
split_gain=0.388403 1.23593 1.29064 1.19429 1.14698 1.66272 1.50182 3.61025 1.60636 1.8468 1.04354 1.028 0.930716 1.14176 1.74456 0.912523 1.74163 2.14683 1.0114 0.794362 0.643318 0.622858 1.96777 1.15584 0.770759 0.606417 1.85908 1.76033 1.35659 1.29524
threshold=1.3189545882589309 3.8661535032793659 -0.11261185320675467 0.91767364430924314 -0.13889482796338054 -1.4423330023790664 -0.39567619450301389 0.73300199645192177 -0.45995569555809002 -0.44504841469390521 -1.0265590758240741 1.6422874790923792 0.22799415586362698 -0.31452320102605441 0.39314461680063068 -0.30052573773206609 -0.3739386548856477 0.42538145650542575 -0.39308060143096307 -0.462054069539728 1.2770016973067679 -1.1760400074157753 -3.3752180892845045 0.70558628020151504 -0.014272436066050378 1.7383792152987647 0.59706004994134887 1.5869265971197628 0.18861142052113231 -0.29036448778848489
decision_type=2 2 2 2 2 2 2 2 2 2 2 2 2 2 2 2 2 2 2 2 2 2 2 2 2 2 2 2 2 2
left_child=3 2 -2 21 6 -6 7 -4 10 -10 -9 15 -7 -14 -15 16 17 -5 19 -19 -12 22 -1 24 -24 27 -27 -23 -28 -29
right_child=1 -3 4 11 5 12 -8 8 9 -11 20 -13 13 14 -16 -17 -18 18 -20 -21 -22 25 23 -25 -26 26 28 29 -30 -31
leaf_value=0.091417604740639077 -0.051660471132017195 -0.044898739051605345 0.085802987917603449 -0.06411211374017585 -0.05669045035830033 -0.0032305753850571067 -0.04584432170374015 -0.034473537745764449 -0.051819624776184493 0.0085985763122840252 0.051567241107677401 0.02726245333331977 0.057673591460919355 -0.043099755633489202 0.063986022795244624 0.017398587457897637 -0.054400473435889274 0.05432368836843026 0.063173479733597743 -0.018650202639253734 -0.0079686545362355251 0.0003587004532455562 -0.053318505853867798 0.040012620234029829 0.023476229864175153 -0.011704413145293852 0.054421554667238574 0.039685368243959969 -0.0076228522297219206 0.001058962559361032
leaf_weight=0.35833967803046141 0.82151471544057741 1.0975321289151896 1.3286286955699385 1.1782784480601538 0.54069346282631148 1.3232464557513548 1.4173571467399586 0.60688895930070819 2.4429167760536075 2.622678677551443 2.034964444872458 1.1478335768915702 3.9547272224444892 0.81638485565781616 0.71206103003351018 1.210945539176463 3.6559319789521396 0.48056794295553018 0.81330709718167948 1.6649451572448013 0.58394383639097203 268.45327887503663 2.5613170724827805 0.48209587298333634 0.37450948636978765 23.99119057413191 1.9907115311361843 5.0317914639599621 1.5804784219362771 3.8164008376188558
leaf_count=7 8 13 11 10 7 14 6 83 92 33 213 11 200 6 55 16 29 76 10 28 9 3522 192 10 6 154 84 77 34 47
internal_value=9.30641e-07 0.00670622 0.0096552 -0.000426123 0.0123951 0.0277023 0.00220573 0.00928514 -0.00297623 -0.0205385 0.0246025 -0.0173004 0.0344064 0.0434893 0.00678857 -0.0229813 -0.0292559 -0.00703581 0.0156935 -0.00230497 0.0382924 0.000128908 -0.0200529 -0.0317396 -0.0435222 0.000378895 -0.00669438 0.00108194 0.026963 0.023025
internal_weight=339.095 20.3035 19.206 318.792 18.3845 7.34711 11.0374 9.62002 8.29139 5.0656 3.2258 10.1518 6.80642 5.48317 1.52845 9.00398 7.79303 4.1371 2.95882 2.14551 2.61891 308.64 3.77626 3.41792 2.93583 304.864 27.5624 277.301 3.57119 8.84819
internal_count=5063 750 737 4313 729 282 447 441 430 125 305 180 275 261 61 169 153 124 114 104 222 4133 215 208 198 3918 272 3646 118 124
is_linear=0
shrinkage=0.05


Tree=177
num_leaves=31
num_cat=0
split_feature=7 7 5 7 3 4 1 5 1 1 2 2 5 6 3 1 1 5 1 1 0 2 4 7 1 3 3 2 7 3
split_gain=0.358571 1.13289 1.20395 1.09479 1.06675 1.78716 1.3849 3.33554 1.4817 1.76958 0.967737 0.940679 0.896042 1.07981 1.63125 0.841463 1.60575 1.95899 0.95483 0.744728 0.674649 0.58155 1.77897 1.08482 0.739197 0.562281 2.83201 5.11298 2.81072 2.62084
threshold=1.3189545882589309 3.8661535032793659 -0.11261185320675467 0.91767364430924314 -0.13889482796338054 -1.6264172963700605 -0.39567619450301389 0.73300199645192177 -0.45995569555809002 -0.44504841469390521 -0.91556293691908641 1.6422874790923792 0.22799415586362698 -0.31452320102605441 0.39314461680063068 -0.30052573773206609 -0.3739386548856477 0.42538145650542575 -0.39308060143096307 -0.462054069539728 1.1315074668859582 -1.1760400074157753 -3.3752180892845045 0.70558628020151504 -0.014272436066050378 0.52390654656616109 0.37211296495835683 1.3633758468861632 -0.32161235890014156 0.82139750702889514
decision_type=2 2 2 2 2 2 2 2 2 2 2 2 2 2 2 2 2 2 2 2 2 2 2 2 2 2 2 2 2 2
left_child=3 2 -2 21 6 -6 7 -4 10 -10 -9 15 -7 -14 -15 16 17 -5 19 -19 -12 22 -1 24 -24 26 -23 -28 29 -27
right_child=1 -3 4 11 5 12 -8 8 9 -11 20 -13 13 14 -16 -17 -18 18 -20 -21 -22 25 23 -25 -26 28 27 -29 -30 -31
leaf_value=0.084769396513409936 -0.050921375345344425 -0.043152176179861897 0.083368965650069377 -0.061434002097509238 -0.064887749576064982 -0.0030713918442508655 -0.044493503496970871 -0.026553033710172182 -0.051733516585613884 0.0081781729433354471 0.056279695561381606 0.025919048670376633 0.056807230210381914 -0.041627336209800386 0.063508451752887427 0.016555791372454089 -0.052714398302346199 0.054152210905011648 0.062464618411058818 -0.017878769087758425 -0.00084549140417686036 -0.00038208302723122516 -0.053178102998289213 0.037932803599495066 0.022400533182761209 -0.03076791997645973 0.031173263454485942 -0.019841997356998483 0.0067814674452156137 -0.0014643610587411536
leaf_weight=0.36689433222636614 0.79250631667674198 1.0851801559329022 1.2997813709080279 1.1684181746095408 0.49273046385496844 1.3222619835287286 1.3881205618381489 0.73482807300752417 2.327544609317556 2.6197022981941647 1.69831042829901 1.1469830065034319 3.8681780821643765 0.80333709716796897 0.68229881109436974 1.2090120390057553 3.5860306438989937 0.45854150282684614 0.78219817951321768 1.6503272750414906 0.74294948391616333 218.09042724054598 2.442670838558116 0.48307729745283712 0.37291137967258592 13.801146536919989 18.202011260902513 6.7265268131159237 30.806483133288566 17.065017916815123
leaf_count=7 8 13 11 10 6 14 6 97 92 33 183 11 201 6 55 16 29 76 10 28 25 2407 192 10 6 175 272 53 429 582
internal_value=1.10519e-06 0.0065197 0.00939107 -0.000405494 0.0120495 0.0270056 0.0021322 0.00900064 -0.00289873 -0.0200086 0.0237526 -0.0166861 0.0337879 0.0428912 0.00665773 -0.022205 -0.0283344 -0.00679783 0.0152833 -0.00221673 0.0388948 0.000122565 -0.0196743 -0.0312911 -0.043168 0.000360729 0.00144277 0.0174077 -0.00390301 -0.0145668
internal_weight=338.216 19.8577 18.7725 318.359 17.98 7.16881 10.8112 9.42312 8.12333 4.94725 3.17609 10.0015 6.67608 5.35381 1.48564 8.85453 7.64552 4.05949 2.89107 2.10887 2.44126 308.357 3.66555 3.29866 2.81558 304.692 243.019 24.9285 61.6726 30.8662
internal_count=5063 750 737 4313 729 282 447 441 430 125 305 180 276 262 61 169 153 124 114 104 208 4133 215 208 198 3918 2732 325 1186 757
is_linear=0
shrinkage=0.05


Tree=178
num_leaves=31
num_cat=0
split_feature=0 1 1 1 2 6 7 1 3 0 6 5 6 6 1 5 0 6 0 7 5 4 5 3 7 7 5 1 6 7
split_gain=0.358323 2.23514 2.36742 3.26001 2.04901 2.39612 2.18303 1.86896 1.77367 1.61048 2.33591 1.47947 1.42213 1.4189 1.23512 1.3298 1.17284 2.95017 2.51753 2.80494 2.42846 2.00308 1.39017 1.30159 1.29683 1.18759 1.45749 1.07936 2.39008 2.71474
threshold=0.19962641271934417 -0.26845378018014682 -0.39700389190752938 -0.35473606352594539 -0.26224916385226049 -0.33875611237805747 -0.8507282742077924 -0.42539904491439068 0.17810373746348818 1.1010208163340491 -0.34690230536733691 -1.0000000180025095e-35 -0.12100358303044831 -0.29960205085642433 -0.24405104999721308 -1.0858275335679293 -0.077368966116429919 -0.21124819907070977 0.038836760499984184 -0.19315127929234177 -0.3105716138764702 1.2268893525324958 -0.97481373065111521 -1.1386595671349553 -0.71567944692779772 0.57396743724671284 -0.40935775467923635 -0.45208244068792114 -0.36788234654004864 0.91767364430924314
decision_type=2 2 2 2 2 2 2 2 2 2 2 2 2 2 2 2 2 2 2 2 2 2 2 2 2 2 2 2 2 2
left_child=16 2 7 -4 6 -6 -5 -2 -8 10 -3 -9 -12 -7 -11 -16 22 18 21 20 23 25 -1 -20 -24 26 -18 -26 29 -29
right_child=1 9 3 4 5 13 8 11 -10 14 12 -13 -14 -15 15 -17 17 -19 19 -21 -22 -23 24 -25 27 -27 -28 28 -30 -31
leaf_value=-0.032534793528772608 -0.0047445437359971941 -0.040152874128673376 -0.04965397093862 0.030541785871366325 0.052437081041225297 -0.032858069802448465 -0.058625786832841358 0.0059372907969793415 0.0089963432402264364 0.066066511371175446 0.059435529043070416 0.063986843355910358 -0.0034977297164357005 0.021229822866748696 0.032094728586445465 -0.029606117685752643 0.023010817536946289 -0.038481133470457833 0.036967927647691932 -0.014079366235096022 0.063360983247578606 -0.019008256393997641 0.025703438918704642 -0.023801582314501073 0.014991275046430191 0.019631598050074466 0.081767928043154456 -0.022113248338293236 0.00070431329904297585 0.020515708739881979
leaf_weight=3.3048177050659424 19.185658486967441 0.92564624967053521 6.7446074195322607 1.2945449603721506 2.358677432872355 2.7343616550788283 3.9403138835914433 2.5255411098478362 1.286234473576769 0.54822973522823293 4.1763980330433697 1.941309169109444 1.1434480373864042 2.1786078047007331 1.184029645504779 3.3271677432931028 1.5604798833373932 2.733395082934293 1.525159622775391 8.8365343058248929 2.8888894568663117 1.297787823481485 4.8526916867704122 2.0866824723780155 10.893273263238369 2.3876375093241222 3.260933710727846 22.627653157338504 209.08959985722322 4.4730064682662478
leaf_count=178 622 7 87 14 21 24 62 41 39 18 75 33 31 25 543 161 29 42 46 109 34 19 85 16 367 77 39 141 2004 74
internal_value=1.02504e-06 -0.00367137 -0.00874675 -0.0211665 -0.00723621 0.0110137 -0.0275866 0.00203724 -0.0419842 0.0161678 0.0331534 0.0311658 0.0459087 -0.00887333 -0.00479971 -0.0134118 0.000724181 0.0107201 0.0163603 0.00426058 0.0291903 0.0381754 -0.000316666 0.00185934 0.000105961 0.0484697 0.0627508 -0.00039677 -0.00110648 -0.0150773
internal_weight=337.313 55.4948 44.1899 20.5373 13.7927 7.27165 6.52109 23.6525 5.22655 11.3049 6.24549 4.46685 5.31985 4.91297 5.05943 4.5112 281.819 26.5775 23.8441 15.3373 6.50073 8.50684 255.241 3.61184 251.936 7.20905 4.82141 247.084 236.19 27.1007
internal_count=5063 1803 968 272 185 70 115 696 101 835 113 74 106 49 722 704 3260 411 369 205 96 164 2849 62 2671 145 68 2586 2219 215
is_linear=0
shrinkage=0.05


Tree=179
num_leaves=31
num_cat=0
split_feature=4 4 4 4 4 4 4 1 7 6 5 5 3 0 0 7 0 3 7 0 7 6 5 3 7 7 7 5 6 5
split_gain=0.36064 2.92104 4.15634 3.89057 1.80613 8.03819 6.58085 1.48182 2.04167 1.83243 1.72985 1.65195 2.13289 1.54946 1.41659 2.66834 2.73928 2.19818 1.83971 4.87148 2.93178 2.51536 2.68586 1.90801 1.77445 2.6338 1.57104 1.41507 1.78008 1.28479
threshold=1.0000000180025095e-35 -0.24578499939545764 -0.33782723843310175 -0.15374285239996058 0.30646788257752478 0.39851002957302184 0.21442564353988061 -0.3278342553295 -0.31102296284855563 -0.32514326332362692 0.55043069004549905 -0.42593387081195272 0.32136272665916715 -0.68181993197758373 -0.79926088106645266 -0.61865989030092794 -0.98678564803337465 0.13192560931808389 -0.34665668889360962 -0.73448109002052886 -0.50805650686238368 -0.27719307331990628 0.06908149430740386 0.22214829751752216 -0.54486078311365405 -0.57676508175750696 -0.85051049742524054 0.98480453059191408 -0.30518766608255438 -0.25517261798024088
decision_type=2 2 2 2 2 2 2 2 2 2 2 2 2 2 2 2 2 2 2 2 2 2 2 2 2 2 2 2 2 2
left_child=1 2 -1 -3 6 -6 14 8 13 -9 -10 12 -11 -5 15 -2 17 -17 19 -16 24 22 -20 -22 25 26 -21 29 -29 -7
right_child=4 3 -4 7 5 27 -8 9 10 11 -12 -13 -14 -15 18 16 -18 -19 21 20 23 -23 -24 -25 -26 -27 -28 28 -30 -31
leaf_value=0.00023262333467344114 -0.028214910031618308 -0.055911330292447194 0.053362487221764399 0.068793109503621094 -0.056584267832264973 0.0066068862829639285 0.056645365088652512 -0.05128225077452301 -0.031782976042629522 0.053366270061637369 0.013906145554166929 -0.019590443553652165 -0.023868293345284657 0.0072468558587806507 -0.0787616653578605 -0.015821855048820149 0.071145047673272815 0.044629117280724884 -0.043873826907256969 0.038210078413429188 0.07242287833741011 0.020766404649762815 -0.0012409095147676782 0.014383202517031715 -0.045656406766788789 0.077426904591527915 -0.024944256922336712 0.052771234952214842 -0.0071821300716663934 -0.0040615162180463208
leaf_weight=116.23662097135093 2.4550731964409342 4.8880174824735141 3.8014524054015046 1.8056853525340546 6.3295324411010361 46.134996611377574 6.4564605138730249 3.2191558713093427 4.1507050907239336 2.0430813751881973 4.136046402156353 10.405234183301213 1.5891978952568022 2.3580972886411473 1.3724903473630501 3.3065329417586318 2.8440071316435924 2.7583212098106742 7.3723058999748918 1.4423546661855589 3.2362182429060384 4.3448602454736855 7.4050140206236392 2.5176138821989298 1.682688149390742 1.2352455537766216 3.103766503627412 2.8902797745540738 2.1658725570887318 72.678939041390549
leaf_count=1829 18 128 278 17 99 1022 181 18 25 37 33 69 41 42 6 17 24 31 45 68 31 36 55 22 9 9 49 44 33 747
internal_value=8.15572e-07 -0.00177405 0.00191518 -0.0145749 0.00151102 -0.0016249 0.00943404 -0.00777341 0.00537344 -0.0172587 -0.00897883 -0.0094563 0.0195745 0.0339373 0.0026718 0.0179386 0.0306575 0.0116715 -0.00247439 0.0108973 0.0202071 -0.0126771 -0.0225102 0.0470274 -0.000467965 0.0126843 -0.00490719 0.00118342 0.0270894 8.09837e-05
internal_weight=336.366 154.633 120.038 34.5952 181.733 130.2 51.533 29.7072 12.4505 17.2567 8.28675 14.0375 3.63228 4.16378 45.0765 11.3639 8.90886 6.06485 33.7126 14.5904 13.2179 19.1222 14.7773 5.75383 7.46405 5.78137 4.54612 123.87 5.05615 118.814
internal_count=5063 2517 2107 410 2546 1945 601 282 117 165 58 147 78 59 420 90 72 48 330 194 188 136 100 53 135 126 117 1846 77 1769
is_linear=0
shrinkage=0.05


Tree=180
num_leaves=31
num_cat=0
split_feature=7 1 7 6 5 3 3 0 0 0 2 7 0 1 6 7 0 2 7 4 0 4 0 5 2 4 0 1 5 5
split_gain=0.371711 0.488772 0.455523 1.1783 0.614723 0.479558 1.47728 0.814169 0.855938 1.03369 0.807512 1.05237 1.52982 1.24408 1.09802 0.832828 0.804382 0.993826 1.61578 2.248 0.868769 0.824485 0.746593 1.49266 0.732417 1.05932 0.652065 0.569694 4.06796 2.81933
threshold=-0.85083716259906828 -0.31334456634823332 -0.85078271840343034 -0.34422657263485096 -1.2120251905911796 -1.2294918527492065 -1.2108986667677659 -1.0473081786632019 -0.39415026142350457 -0.25049164574821214 -0.99729033699712 0.91767364430924314 -0.43335820690994825 -0.44504841469390521 -0.2983102475404501 -0.8427249774490102 0.10300809933264046 -0.88992128970837792 -0.61865989030092794 -1.0741643223549311 -0.035907754437500682 -0.52191153242409583 -1.6877215719069374 -0.66729479009757864 -0.4861879276598377 0.39851002957302184 -1.629495391513599 -0.39567619450301389 -0.33265651916400002 0.57596506989537255
decision_type=2 2 2 2 2 2 2 2 2 2 2 2 2 2 2 2 2 2 2 2 2 2 2 2 2 2 2 2 2 2
left_child=1 -1 3 -2 -4 7 -7 24 -9 -10 11 15 -13 -14 -15 -8 20 -18 21 -20 -11 -19 23 -12 -6 -26 -24 28 -28 -30
right_child=2 -3 4 -5 5 6 10 8 9 16 22 12 13 14 -16 -17 17 18 19 -21 -22 -23 26 -25 25 -27 27 -29 29 -31
leaf_value=-0.030187288853732258 -0.051333691479006106 0.052495006198212138 -0.03789234051242301 0.044413747729619903 0.036065624183670472 -0.042547210757580868 0.041738420002020132 0.038218997115970516 -0.035501017585543249 0.012494937226571209 0.062495125956686187 -0.045822671356537198 -0.05067550706145562 0.054639592516570051 -0.022143760466344073 -0.044741312179342005 0.018911877322996585 0.021362102373838048 -0.036183271162766213 0.045841850222515447 0.078653312587676411 -0.057203158372476741 -0.027680602965752046 0.0032485816348733158 -0.058856687860603933 0.0042539510032163245 -0.02188493681747164 -0.0007618783512151543 0.030158691125614808 0.00052755540496064724
leaf_weight=1.7526861864607779 0.40673769626300771 0.19903765548951824 1.0675773425318755 1.5300893897074264 0.56024991790764067 2.0646680081263176 0.30601760186255011 2.5542407762259307 1.3104967776453165 1.1961235244525599 1.4287859387695787 1.2523620872525496 0.51299630571156729 1.8177605755918196 0.62592780770501155 3.0846259698737404 6.8600892041577035 0.40961714694276485 1.4211401711218075 2.0262801531352976 0.84803356288465614 1.8073613359592871 2.1192563849035642 4.1537084934534496 1.310473451972942 1.3497380164917556 10.286671595182268 248.13969141838606 14.923674521502106 17.37276589096291
leaf_count=72 33 219 86 134 26 43 35 142 64 87 24 63 32 89 13 217 118 16 31 204 47 104 16 51 26 46 70 2555 153 247
internal_value=1.43001e-06 -0.0217553 0.000129044 0.0243066 -1.25107e-05 0.000110129 -0.000395384 0.00730252 0.011355 0.00703374 -0.000110996 -0.0162058 0.000493788 0.020112 0.0349723 -0.0369362 0.0108599 0.00611343 -0.00938662 0.0120284 0.0399412 -0.0426872 0.000298875 0.0184122 -0.015893 -0.0268356 -4.64214e-05 0.000155021 0.00549796 0.0142196
internal_weight=334.699 1.95172 332.747 1.93683 330.81 329.743 308.089 21.6538 18.4334 15.8791 306.024 7.59969 4.20905 2.95668 2.44369 3.39064 14.5686 12.5245 5.6644 3.44742 2.04416 2.21698 298.425 5.58249 3.22046 2.66021 292.842 290.723 42.5831 32.2964
internal_count=5063 291 4772 167 4605 4519 3608 911 813 671 3565 449 197 134 102 252 607 473 355 235 134 120 3116 75 98 72 3041 3025 470 400
is_linear=0
shrinkage=0.05


Tree=181
num_leaves=31
num_cat=0
split_feature=0 4 0 5 3 3 2 0 0 0 0 5 7 6 7 2 2 1 2 0 0 6 6 1 3 7 6 2 1 1
split_gain=0.354248 1.21379 0.819408 0.689384 0.790225 1.65871 1.39081 2.28168 2.35699 2.19662 3.39927 1.51842 1.60014 1.3893 1.37553 1.29659 1.05916 1.31171 1.02919 2.99591 2.30023 2.57854 3.13352 2.36799 2.07753 4.18111 3.83596 1.94274 2.47342 1.72779
threshold=0.75961552443556102 -3.3752180892845045 0.77620918278452933 -1.0934923319098908 -1.0970535034223874 -0.94007824472661794 -0.22282392668704715 -0.6402321059652577 0.33311807327612236 0.35128180797695679 -0.39415026142350457 0.61273984603391474 -0.51271148558943047 -0.39784441196840931 -0.56222848152216776 -0.85835929721882731 -0.29520936434105816 -0.462054069539728 -0.21640051345653846 0.41589820205327693 0.38960198768594984 -0.36987084108345514 -0.37505752923930619 -0.34376398143365322 -0.28520183471375632 -0.043729184363922029 -0.28758627763639916 -0.17768995368907711 -0.12002589945162721 -0.39768386775305642
decision_type=2 2 2 2 2 2 2 2 2 2 2 2 2 2 2 2 2 2 2 2 2 2 2 2 2 2 2 2 2 2
left_child=3 -2 -3 -1 6 -6 9 11 -9 10 14 12 -8 -14 -5 -11 17 -16 19 29 21 22 -20 -22 25 26 -23 -26 -29 -7
right_child=1 2 -4 4 5 18 7 8 -10 15 -12 -13 13 -15 16 -17 -18 -19 20 -21 23 24 -24 -25 27 -27 -28 28 -30 -31
leaf_value=-0.023299674457156895 0.05536534033927068 -0.04629758366052325 -0.0056406791812095656 0.083539641268392029 -0.027928457794789554 0.034083519065690515 -0.016884781672347894 0.050966587863129222 -0.019434108537085461 -0.013976643457090116 -0.031971768157502627 -0.043682639433123123 -0.0062253455961303562 0.059788690305198428 0.024356425532370957 0.054162658901467112 0.067696692918974594 -0.042901727381642746 0.0021886274123766101 -0.031637570329397839 -0.0073509999651848821 0.045493629544824762 -0.048266307832820529 0.051658613360204698 -0.028266582193798181 -0.021344031686060444 -0.016347368019048941 -0.0020210959369366256 0.052576712700970363 0.0065004881369726229
leaf_weight=3.0251187491812734 0.78233082569204526 1.3144412250258053 21.674913973503863 0.77011726610362519 5.2775483331643036 6.5366048204014069 2.8219187494833018 6.3704146196832863 1.461690100142732 0.9974721581093039 7.8150519945193109 1.607500080950558 1.3016723431646822 2.0557051044888803 1.8204807954025457 2.3265274069271973 0.65512032154947464 1.2045871121808884 5.8641131217591465 4.6999014553148291 2.9173050597310066 10.084592571947724 6.4752380885183793 4.0746686000493346 6.9774106923723584 5.5915186293423167 3.3375134761445233 168.67939688067418 2.1002008028444825 43.18945598686696
leaf_count=202 37 20 1275 7 51 124 36 151 25 39 252 16 19 34 111 109 12 20 40 48 17 87 34 53 57 29 25 1375 220 538
internal_value=1.30082e-06 -0.00588106 -0.00796528 0.00045232 0.000686358 -0.000166939 0.00822743 0.0187727 0.0378278 -0.00233782 -0.0121085 -0.000393329 0.0108681 0.0341947 0.0227729 0.0337153 0.0100568 -0.00242588 0.000374642 0.00651986 -0.00117305 -0.00211633 -0.0242883 0.0270377 -0.000725939 0.0149829 0.0301164 -0.00240622 -0.00134967 0.0101263
internal_weight=333.811 23.7717 22.9894 310.039 307.014 275.805 31.2083 15.6189 7.8321 15.5894 12.2654 7.7868 6.1793 3.35738 4.45031 3.324 3.68019 3.02507 270.528 54.426 216.102 209.11 12.3394 6.99197 196.771 19.0136 13.4221 177.757 170.78 49.7261
internal_count=5063 1332 1295 3731 3529 2698 831 281 176 550 402 105 89 53 150 148 143 131 2647 710 1937 1867 74 70 1793 141 112 1652 1595 662
is_linear=0
shrinkage=0.05


Tree=182
num_leaves=31
num_cat=0
split_feature=2 3 6 7 7 1 3 6 6 2 2 6 1 5 4 5 4 2 2 3 6 5 5 7 2 1 4 5 7 5
split_gain=0.372271 1.22059 1.49792 0.509647 0.650458 0.755587 0.590946 0.670888 0.676211 0.670811 0.633823 0.741801 0.827363 0.989201 0.873066 0.618861 1.10951 0.970835 0.603438 2.10467 2.27156 1.25913 1.1121 2.3558 1.91444 1.78506 1.71614 1.49739 1.48989 1.87333
threshold=2.0589751712411388 -0.26386542226486698 -0.27099365882653137 3.047394467177694 2.5950448677195861 -0.43145538629536023 1.7669070551809316 1.0000000180025095e-35 -0.029339383243277305 1.5161293629221668 1.4906834686067219 0.20202592781167614 -0.28060790940264996 -0.1388013739698499 0.58259423152186895 0.11546757301991879 0.39851002957302184 -0.020769468235039557 1.8518637944562262 0.38156197635317574 -0.26320106624132844 0.48308430622269627 0.55043069004549905 0.91767364430924314 0.25001256699540064 -0.38101874696142085 -0.89008012040608409 0.52717283728338815 -0.39873256202133184 0.71227642097364385
decision_type=2 2 2 2 2 2 2 2 2 2 2 2 2 2 2 2 2 2 2 2 2 2 2 2 2 2 2 2 2 2
left_child=3 -2 -3 4 6 -6 7 8 18 10 11 12 -9 14 -14 17 -17 -8 22 21 -21 -20 23 27 -25 28 -26 -1 -24 -30
right_child=1 2 -4 -5 5 -7 15 9 -10 -11 -12 -13 13 -15 -16 16 -18 -19 19 20 -22 -23 25 24 26 -27 -28 -29 29 -31
leaf_value=0.00042149056622705597 -0.029731560466819108 0.043753045366638772 -0.012133930044752749 -0.02367498631617361 -0.0081639566893208886 0.056689244637998785 -0.023937889808938212 -0.044295920896152925 -0.029537630866326676 0.075813907056007795 -0.054125118220492645 0.045034022892669258 -0.023578552365545562 0.062392960187252017 0.047223616368065435 -0.047660261489344075 0.0097646553734829777 0.057395071847747031 -0.0068649265724208116 0.05766940894472268 -0.023269825339894318 -0.044308121737553663 -0.05042693260551593 -0.063826600210721132 -0.043664015242244607 0.021317548383105161 0.0099682366974935752 -0.034731482190546017 0.041233510861605059 -0.001443734300266166
leaf_weight=239.18347021000227 1.3910761261358855 3.2382671395316716 1.9038859537686215 2.3024399592541149 0.77263954235240806 1.0725992936640967 0.87616096349665873 0.71675590029917691 1.9625216359272588 0.44345087962574314 0.34107518568634976 1.5624527024920096 1.4666538591845903 0.81530095811467473 0.61923902295529831 2.4385168734006588 1.2840764279244465 0.63124644942581565 5.0501369545236212 1.9689269284717732 1.5486902754637411 4.0425178972072899 1.3752024527639175 2.4657338452525419 2.5050618331879377 15.525439762306631 3.6866950076073408 3.0682128509506574 2.8600492335390326 25.47348994994536
leaf_count=2755 10 37 27 30 24 27 36 9 32 17 2 564 51 13 25 32 26 50 33 40 28 19 14 19 22 277 32 17 28 767
internal_value=2.56761e-06 0.0118201 0.0230609 -0.00023422 -6.7518e-05 0.0295339 -0.000237197 3.8109e-05 -0.000280755 0.0166479 0.011896 0.0162428 0.00380901 0.0156936 -0.00255951 -0.0169072 -0.027852 0.0101213 -9.47899e-05 -0.0108068 0.0220345 -0.0235119 0.000361343 -0.000939625 -0.0265678 0.00757768 -0.0117303 -2.37357e-05 0.000397381 0.0028642
internal_weight=332.592 6.53323 5.14215 326.059 323.756 1.84524 321.911 316.681 310.716 5.96493 5.52148 5.1804 3.61795 2.90119 2.08589 5.23 3.72259 1.50741 308.754 12.6103 3.51762 9.09265 296.143 250.909 8.65749 45.2342 6.19176 242.252 29.7087 28.3335
internal_count=5063 74 64 4989 4959 51 4908 4764 4083 681 664 662 98 89 76 144 58 86 4051 120 68 52 3931 2845 73 1086 54 2772 809 795
is_linear=0
shrinkage=0.05


Tree=183
num_leaves=31
num_cat=0
split_feature=3 0 3 0 3 1 3 2 3 2 7 0 4 4 7 5 5 1 1 5 5 7 1 7 1 5 2 7 3 4
split_gain=0.349167 3.92731 3.49181 2.3196 3.38898 4.10096 3.7934 3.38672 4.33262 2.34516 2.31478 2.2093 1.9221 3.03585 1.89261 1.74843 1.72823 1.55799 2.80066 2.50783 2.88134 1.93133 3.42498 3.25034 4.10206 2.57407 3.81641 5.26335 3.17739 2.39835
threshold=0.10677908729400419 -1.438978628198343 0.11180837645850385 -1.0222867537475155 -0.59808554519913548 -0.42820906759540006 -0.44568238141683508 1.3504548344195155 -0.24923470330144984 0.28428102731122423 -0.4887832616065409 -0.9979583371450621 -1.1662064693504284 -1.0741643223549311 1.9465872755734959 -0.66729479009757864 -0.77662554651860782 -0.25693319524943425 -0.23317771871060625 -0.31479814862358718 -0.37465560615706867 -0.15974976526844467 -0.39567619450301389 -0.14651982572841701 -0.40774424676820548 -0.25517261798024088 1.1956225056939336 -0.51788368417503794 -0.1369135563535778 -0.24578499939545764
decision_type=2 2 2 2 2 2 2 2 2 2 2 2 2 2 2 2 2 2 2 2 2 2 2 2 2 2 2 2 2 2
left_child=3 -2 -3 4 5 9 -6 8 -8 10 -1 -5 14 -14 -4 16 -15 19 -19 20 -13 25 23 -23 -25 -21 28 -28 29 -27
right_child=1 2 12 11 6 -7 7 -9 -10 -11 -12 17 13 15 -16 -17 -18 18 -20 21 -22 22 -24 24 -26 26 27 -29 -30 -31
leaf_value=0.069262338129564463 0.046533321663876658 0.066600157188425907 0.033096509788146759 0.057098397309729487 -0.071162343677899961 0.063432197540365831 0.022519215941769602 0.025698597338367275 -0.044089396959306332 -0.043833701760944581 -0.0066548015267760569 -0.0050113297895011582 -0.065865964627724635 0.023477834515918165 -0.039353975356804988 -5.9502524417524231e-05 -0.050867369768215764 0.060421392548765766 0.00067599659906232654 0.042724671840501299 -0.040246846124194081 -0.066805760304254169 -0.018048116983464726 0.0034504920363466933 0.054848166881738374 0.047633711070147078 -0.017192741659845252 0.059004470539849155 -0.023097520712796773 -0.0019101834697515523
leaf_weight=1.3032966218888731 4.7400693476665756 1.9614636213518668 6.8221772197866803 1.7456040661782015 3.755954064428809 2.6009525880217543 3.2386358436197069 3.836451285518705 9.9169265609234554 3.0077425613999367 4.3735453748959126 41.479650764376856 1.8295675860717882 1.0346355945366665 1.0386355172377078 136.46064469590783 3.1974469013512126 2.967537575867027 5.7860249222430848 6.0005449783056966 6.7454636113252482 1.3234694674611081 20.066818434046585 19.567460018442944 4.8427575710229602 3.6742142229340944 3.4625422768294811 6.5601194086484593 11.288235935149716 7.2878773853881293
leaf_count=15 91 20 176 16 15 28 24 29 59 83 71 704 12 408 29 1680 27 27 247 61 52 6 119 676 50 48 21 72 76 121
internal_value=2.47888e-06 0.00171334 0.00031881 -0.00153472 -0.0136945 0.00835653 -0.0256888 -0.0156372 -0.0276917 -0.00813812 0.0107744 0.00119305 -0.000545705 -0.00187326 0.0235238 -0.00104109 -0.0326919 0.000501191 0.0209302 -0.000850494 -0.00993988 0.0043632 -0.00256438 0.00950965 0.0136473 0.0126532 0.00706197 0.0326805 -0.00447791 0.0146957
internal_weight=331.916 157.085 152.345 174.832 32.0335 11.2855 20.748 16.992 13.1556 8.68458 5.67684 142.798 150.383 142.522 7.86081 140.693 4.23208 141.053 8.75356 132.299 48.2251 84.074 45.8005 25.7337 24.4102 38.2735 32.273 10.0227 22.2503 10.9621
internal_count=5063 2443 2352 2620 324 197 127 112 83 169 86 2296 2332 2127 205 2115 435 2280 274 2006 756 1250 851 732 726 399 338 93 245 169
is_linear=0
shrinkage=0.05


Tree=184
num_leaves=31
num_cat=0
split_feature=2 1 2 1 6 7 5 6 6 3 3 0 6 7 6 5 3 0 1 3 6 7 0 7 0 3 5 0 0 0
split_gain=0.36005 1.54391 1.37943 1.95513 2.04076 1.97429 3.00006 1.26762 1.53048 1.29982 1.6036 3.62506 2.72451 2.45791 2.0393 3.63071 1.82568 1.76038 1.45105 1.26306 1.97739 1.46009 1.24271 1.3677 1.27218 1.19266 1.1659 2.0731 2.35063 2.4601
threshold=-0.011552942454124868 -0.15282190267858006 0.97646373688526711 -0.43925956003961947 -0.39746500205177904 -0.66755077798382867 -0.38016789873922541 -0.35467843929930776 -0.34422657263485096 0.06273455772060299 0.52390654656616109 -0.45731938332780431 -0.31283735861622719 -0.10933444010768077 -0.32354231091743663 0.55043069004549905 0.27030765155177999 -0.44175651805882721 -0.37068443839158899 -0.67520154607297966 -0.36239024773633338 0.20491745711470552 -1.1762779196764357 -0.50446318995027728 -0.55700999937615348 -0.14361931080031545 -0.058535751475405538 -0.39415026142350457 -0.2325911047311516 0.088103950994934441
decision_type=2 2 2 2 2 2 2 2 2 2 2 2 2 2 2 2 2 2 2 2 2 2 2 2 2 2 2 2 2 2
left_child=-1 2 3 4 -2 -5 22 -8 -9 18 11 12 -11 17 -15 -16 -14 -12 -10 -4 21 -21 -7 24 -24 -25 -22 -28 -29 -30
right_child=1 -3 19 5 -6 6 7 8 9 10 13 -13 16 14 15 -17 -18 -19 -20 20 26 -23 23 25 -26 -27 27 28 29 -31
leaf_value=0.0019723788855078822 -0.014058083213809486 0.039701204818680828 -0.019181695157294877 -0.044010780959338802 0.040784601216251659 0.046405178986460224 -0.029824016090659069 0.032267703598266737 -0.0049836415162729485 -0.020390392399425607 -0.053269600956857677 -0.040854398334797315 0.0017029780870137488 -0.028507687405037438 0.077866180712229616 -0.020559878296413855 0.055800617821922166 -0.0041186201717336628 -0.05041419859251868 0.0048662816259953719 -0.0079070868904634588 0.04750311667398785 -0.00082484805524168307 -0.025448152626467813 0.049783505678570553 0.012673855857195163 0.0086025710067910034 -0.034155199379525568 0.0319339294596067 -0.016563394057847746
leaf_weight=136.35699934737931 2.9094492066651583 2.2604923752078312 6.9718953173141918 3.9888392235152415 4.0679873456247142 2.1802924848161629 9.9767828201875073 2.0482185180298904 3.0531361680477858 2.8804638013243666 5.4481912879273295 3.1875440981239107 2.3610961847007266 2.7263326317770327 1.8615753576159622 1.8863429580815134 4.5942392204888165 2.7368414816446514 4.1422238983213964 3.9303327612578851 27.572551379911602 4.1052369824610651 2.3171360287815332 4.2138980235904437 2.675731547176837 3.9983631311915815 58.630358790745959 6.7419625443872091 4.4572883695363981 6.3262893930077553
leaf_count=3103 84 276 140 27 58 23 62 20 19 16 43 21 13 29 19 27 42 28 25 28 178 32 24 23 19 31 522 48 44 39
internal_value=2.96177e-06 -0.0013795 -0.00186318 -0.00725895 0.0179163 -0.00990931 -0.00772551 -0.0140102 -0.00973763 -0.0122044 -0.00728335 0.00548425 0.0205015 -0.0186261 0.00439423 0.0283279 0.0374363 -0.0368349 -0.0311371 0.00146577 0.00275376 0.0266487 0.0114337 0.00565953 0.0262967 -0.00688741 0.000902685 0.0040923 -0.0109965 0.00348251
internal_weight=330.608 194.251 191.991 73.2547 6.97744 66.2772 62.2884 46.903 36.9262 34.878 27.6826 13.0233 9.8358 14.6593 6.47425 3.74792 6.95534 8.18503 7.19536 118.736 111.764 8.03557 15.3854 13.2051 4.99287 8.21226 103.728 76.1559 17.5255 10.7836
internal_count=5063 1960 1684 653 142 511 484 364 302 282 238 92 71 146 75 46 55 71 44 1031 891 60 120 97 43 54 831 653 131 83
is_linear=0
shrinkage=0.05


Tree=185
num_leaves=31
num_cat=0
split_feature=4 4 4 4 4 4 4 7 7 1 0 0 7 3 5 7 2 3 6 3 7 6 0 7 0 6 0 0 7 0
split_gain=0.366568 2.66783 3.8911 3.71319 1.63851 7.52684 6.23006 1.39672 2.16232 2.10864 1.5103 3.81466 3.09932 3.79193 3.01097 2.81593 2.57319 2.41139 3.22146 2.38364 2.37184 1.89121 1.67484 1.37285 1.34076 2.46851 1.81117 1.69866 1.84449 2.40386
threshold=1.0000000180025095e-35 -0.24578499939545764 -0.33782723843310175 -0.15374285239996058 0.30646788257752478 0.39851002957302184 0.21442564353988061 -0.45957395064676776 -0.55354463231791107 -0.2051559451677101 -0.035907754437500682 -0.34922093074669763 -0.15974976526844467 0.35717747014800766 0.40948991007561591 -0.31102296284855563 -0.38985815442266381 0.024024123639265985 -0.33875611237805747 0.41751206909177146 -0.2440021580182096 -0.28449672797605269 -0.6402321059652577 0.057455353229252805 -0.79926088106645266 -0.29101108924101798 -1.1004659755671204 0.35128180797695679 -0.34665668889360962 -0.67531453442185896
decision_type=2 2 2 2 2 2 2 2 2 2 2 2 2 2 2 2 2 2 2 2 2 2 2 2 2 2 2 2 2 2
left_child=1 2 -1 -3 6 -6 24 8 -7 10 11 12 19 17 -15 -13 -12 18 23 20 21 -9 -21 -14 25 26 -2 28 29 -26
right_child=4 3 -4 -5 5 7 -8 9 -10 -11 16 15 13 14 -16 -17 -18 -19 -20 22 -22 -23 -24 -25 27 -27 -28 -29 -30 -31
leaf_value=0.00014429500354448528 0.014128651498918782 -0.055584581937332879 0.053209354983623273 -0.0075526609098153195 -0.056161595627523986 0.0020525971807424984 0.056386203380028692 0.0046611433080548537 -0.019363801161638522 0.04796566055953938 0.027565007417046906 -0.0034886449699250326 0.002939064154112301 -0.0087809786499385856 0.053230816626190697 0.067167673589199423 -0.02568627289858192 -0.045613267614489729 0.036592483763720728 -0.02940880559452938 0.065047838586990314 0.047749180099409386 0.023968969157746482 -0.044055593963888098 -0.033621232978404469 -0.0068600543860123653 0.070704953029500972 0.025217064805335577 -0.018105617053702904 0.019819585943130651
leaf_weight=114.09806414681952 3.0188639862462878 4.6684259246103457 3.5624358649947672 29.13607776290155 5.9939672115724525 37.222237344714813 6.1397883379540863 8.9294628917705214 17.247177897545043 2.8706001376267514 3.0566959457355543 2.0985799948684871 2.5013262188877015 4.3749265959486356 3.54251015977934 4.298478615935891 8.7984375273808819 6.9212172497063866 2.9491119142621809 3.9583473582752049 3.2247556163929412 3.5626831157132992 2.3373469342477611 4.1035493328236043 2.7185214385390273 5.2752666594460589 2.6619174797087908 4.7573761652456588 16.180459741270173 9.3131768674356845
leaf_count=1829 26 128 278 282 99 948 181 93 183 74 96 21 28 28 51 46 73 33 21 35 34 31 24 27 14 40 24 135 106 75
internal_value=2.23655e-06 -0.00180589 0.00175096 -0.0141859 0.00154033 -0.00145948 0.0092093 0.00122814 -0.00472868 0.00603302 0.00417134 0.00779226 0.00280252 -0.00947262 0.018965 0.0439886 -0.0119561 -0.0231388 -0.0068576 0.0164049 0.0268183 0.0169496 -0.00959171 -0.0262583 0.00261505 0.0177687 0.0406393 -0.00242062 -0.00708113 0.00774481
internal_weight=329.522 151.465 117.661 33.8045 178.057 127.991 50.0654 121.997 54.4694 67.528 64.6574 52.8023 46.4052 24.3926 7.91744 6.39706 11.8551 16.4752 9.55399 22.0126 15.7169 12.4921 6.29569 6.60488 43.9256 10.956 5.68078 32.9695 28.2122 12.0317
internal_count=5063 2517 2107 410 2546 1945 601 1846 1131 715 641 472 405 188 79 67 169 109 76 217 158 124 59 55 420 90 50 330 195 89
is_linear=0
shrinkage=0.05


Tree=186
num_leaves=31
num_cat=0
split_feature=7 7 1 7 6 5 3 3 2 7 0 1 6 7 5 7 0 7 1 1 1 7 4 1 1 7 3 3 3 4
split_gain=0.348552 0.487634 0.504704 0.430083 1.07295 0.574992 0.481789 1.36916 0.79107 0.965095 1.40271 1.02526 1.43374 0.758704 0.726821 1.22139 0.767626 0.805383 0.712859 0.962585 0.632285 3.18626 1.99853 1.03675 1.2366 2.53634 3.40625 1.58638 2.3881 1.40518
threshold=-0.85083716259906828 -0.85094605099034426 -0.31334456634823332 -0.85078271840343034 -0.34422657263485096 -1.2120251905911796 -1.2294918527492065 -1.2108986667677659 -0.99729033699712 0.91767364430924314 -0.5405946855222592 -0.44504841469390521 -0.22170762658403112 -0.8427249774490102 1.1183285548757507 2.6636717763212521 -1.4718732957946667 0.74309833099607925 -0.45995569555809002 -0.45780977284132413 -0.44644579680684154 1.0762968083004807 0.30646788257752478 -0.43145538629536023 -0.40954018576513695 -0.26719538535998649 -0.58162598827033074 -0.84177820408703419 -1.0676396928124032 -1.1662064693504284
decision_type=2 2 2 2 2 2 2 2 2 2 2 2 2 2 2 2 2 2 2 2 2 2 2 2 2 2 2 2 2 2
left_child=1 -1 -3 4 -2 -5 14 -8 9 13 -11 -12 -13 -9 16 -16 -7 -18 -10 -20 21 22 -21 -22 25 -25 -27 28 -26 -29
right_child=3 2 -4 5 -6 6 7 8 18 10 11 12 -14 -15 15 -17 17 -19 19 20 23 -23 -24 24 27 26 -28 29 -30 -31
leaf_value=0.037078202470985887 -0.051305347546502192 -0.041656003647347228 0.052644423883360894 -0.037184417373545164 0.042837745074467533 -0.035042090646629165 -0.041986517667976488 0.040802494714780015 0.037031591274296859 -0.058113912978443073 -0.050616974067619516 0.042954531880048101 -0.056023528717092701 -0.043999324816526235 0.057028767034669942 -0.027997414728788046 0.0091826269062721243 -0.041982267747911944 -0.039531825880953581 0.04956674103622466 -0.017363952856658951 -0.042594043274154607 -0.0096684180059347924 0.048925201040589367 0.013797942700574647 -0.03505579804576156 0.040472840200584816 0.015112068423832073 -0.064779009534370977 -0.00064241666595135812
leaf_weight=0.30039531788497686 0.37868667941074807 1.4394131266744805 0.15740530157927324 1.0369165613665234 1.5073285637772631 1.1654774359194622 1.9664242505095888 0.2892756660585295 1.3133365605026472 0.82663472939748306 0.50358920637518201 2.2786380259785806 0.43585820891894389 2.9897738168365313 1.6108685574727126 0.5724668881157412 16.882275245152417 0.80584004742558946 1.5232036891393352 4.4233196077402663 8.4211520710960013 1.9327821198385207 2.0999421803280711 3.9420902919955552 1.6735804115887734 3.4686524868011475 2.6205535594490339 15.024999624525661 2.2901003335136911 244.00729072401009
leaf_count=47 33 64 180 86 134 59 43 35 19 40 34 116 7 217 343 12 469 28 46 59 71 39 28 34 33 19 47 235 15 2471
internal_value=3.22309e-06 -0.0213658 -0.0323604 0.000127587 0.0239351 -1.09518e-05 0.00010836 -0.000401225 -0.000128703 -0.0163597 -1.7214e-05 0.0149062 0.0270619 -0.0365182 0.00742457 0.034735 0.00426189 0.00685164 0.000277362 0.000111727 0.00032002 0.0137915 0.030498 -8.47262e-05 0.000448228 0.0176779 -0.00255126 -0.000208954 -0.0316016 0.000271412
internal_weight=327.888 1.89721 1.59682 325.991 1.88602 324.105 323.068 302.031 300.065 7.32377 4.04472 3.21809 2.7145 3.27905 21.0369 2.18334 18.8536 17.6881 292.741 291.428 289.904 8.45604 6.52326 281.448 273.027 10.0313 6.08921 262.996 3.96368 259.032
internal_count=5063 291 244 4772 167 4605 4519 3608 3565 449 197 157 123 252 911 355 556 497 3116 3097 3051 126 87 2925 2854 100 66 2754 48 2706
is_linear=0
shrinkage=0.05


Tree=187
num_leaves=31
num_cat=0
split_feature=4 4 4 4 4 4 4 1 1 6 5 3 6 3 6 1 6 7 6 5 0 0 6 6 6 7 7 1 0 0
split_gain=0.344295 2.4121 3.69092 3.60035 1.47252 7.14529 5.9568 1.32077 1.863 1.69351 1.47333 1.96474 1.41383 1.28319 2.07045 1.98544 2.58062 2.38793 5.57033 2.40605 2.20791 1.90822 2.68616 1.80709 1.42861 1.26227 1.95786 1.95066 1.35701 3.561
threshold=1.0000000180025095e-35 -0.24578499939545764 -0.33782723843310175 -0.15374285239996058 0.30646788257752478 0.39851002957302184 0.21442564353988061 -0.3278342553295 -0.38101874696142085 -0.32514326332362692 -0.42593387081195272 0.32136272665916715 -0.30721172444123568 0.25994426689521632 -0.15205499317171395 -0.38267713559522587 -0.36788234654004864 -0.34967834175151719 -0.30425525517985647 -0.31479814862358718 -0.17281873471782655 -0.75876158661485649 -0.27993895846837202 -0.37604852547621803 -0.39231552863354918 -0.45957395064676776 -0.55354463231791107 -0.2051559451677101 -0.035907754437500682 -0.1935210574943913
decision_type=2 2 2 2 2 2 2 2 2 2 2 2 2 2 2 2 2 2 2 2 2 2 2 2 2 2 2 2 2 2
left_child=1 2 -1 -3 6 -6 13 8 -5 -9 11 -11 -10 15 21 16 23 18 -17 -20 -19 -15 -23 24 -2 26 -7 28 29 -27
right_child=4 3 -4 7 5 25 -8 9 12 10 -12 -13 -14 14 -16 17 -18 20 19 -21 -22 22 -24 -25 -26 27 -28 -29 -30 -31
leaf_value=9.8902639536886281e-05 -0.0098064391670117431 -0.055404880848498775 0.05303015385758883 -0.013519427754766332 -0.055874644283115664 0.00203072355239427 0.056079880267578555 -0.049570199637905238 0.049402545212860347 0.051680069578913836 -0.018293966815299056 -0.023059707029477988 0.00018405067341192516 0.054745716714036136 -0.023409854025548588 0.055385030807301096 0.056994447341366911 -0.0084060335385871508 -0.055542808047515907 0.0045363928071956881 -0.053777155026421386 -0.012451656834625048 0.045570837348561898 -0.056066724900905862 0.056360291918402021 0.0040597561901250653 -0.01836927547694964 0.046592149313734413 -0.011275113749433404 0.05706346251485267
leaf_weight=113.57940318348119 2.2319786455482244 4.460685654426924 3.3917912466713451 6.2457371581112966 5.7374781780526964 37.118177168697002 5.8748940549266981 3.0997615102678564 3.0368859260343015 2.009354631882164 10.290526793687599 1.5635183060658162 2.8083859905600566 3.4984756144694975 2.8959828406805164 3.6639955472201109 2.7533726291730991 6.3031768053770065 2.9036594097851776 3.9111361671239155 4.6665947672445345 4.9926143656484765 3.3219226428773254 1.2282818183302877 1.2857099752873185 48.919523289659992 17.216838797030505 2.8110164247918865 11.804577102011534 3.3883199454285196
leaf_count=1829 49 128 278 74 99 948 181 18 25 37 69 41 18 41 73 32 24 29 35 20 23 34 36 7 17 437 183 74 169 35
internal_value=2.46763e-06 -0.00175469 0.00163374 -0.0135807 0.00150041 -0.00135154 0.00881258 -0.00715949 0.00546753 -0.0161598 -0.00868944 0.0189733 0.0257553 0.00245184 0.0144774 -0.0036586 0.0184865 -0.0114015 0.00566817 -0.0210623 -0.0277071 0.0237656 0.0107302 -0.0038539 0.0143774 0.00122828 -0.00443331 0.00582492 0.00403748 0.00749315
internal_weight=327.014 150.486 116.971 33.5149 176.528 126.996 49.5318 29.0542 12.091 16.9632 13.8634 3.57287 5.84527 43.6569 14.709 28.9479 7.49934 21.4486 10.4788 6.8148 10.9698 11.813 8.31454 4.74597 3.51769 121.258 54.335 66.9234 64.1124 52.3078
internal_count=5063 2517 2107 410 2546 1945 601 282 117 165 147 78 43 420 184 236 97 139 87 55 52 111 70 73 66 1846 1131 715 641 472
is_linear=0
shrinkage=0.05


Tree=188
num_leaves=31
num_cat=0
split_feature=6 6 6 7 7 0 2 2 5 6 5 4 6 4 7 7 4 4 4 3 1 1 5 3 5 3 2 2 5 5
split_gain=0.35808 1.92613 1.46749 1.56816 2.11739 1.35867 1.17902 2.20428 1.31112 1.67082 1.6695 1.57458 1.04493 0.829181 1.23798 1.58986 1.42008 2.50177 2.34451 1.67519 2.48837 2.08166 1.51901 1.99039 2.43106 1.88413 1.87743 1.39234 1.33134 1.09797
threshold=-0.14281459721210238 -0.12100358303044831 -0.17830460910784876 -0.29278415730983426 -0.47364777521918411 -0.82874150453645379 -0.40508591749695272 -0.046937685070953881 -0.082554548656509893 -0.077463063335750967 0.37720302436401082 0.58259423152186895 -0.11697074803004846 -0.89008012040608409 -0.55795461216458686 -0.35509553921749554 -1.1662064693504284 -1.2582487083880722 -1.0741643223549311 0.58121012090798951 -0.3766540936952813 -0.4027682793202903 -0.66729479009757864 0.17810373746348818 -0.18582787920074428 -0.47768704581111826 0.47619257875424831 -0.38697613192657848 -0.32142873521376752 0.80122844122339487
decision_type=2 2 2 2 2 2 2 2 2 2 2 2 2 2 2 2 2 2 2 2 2 2 2 2 2 2 2 2 2 2
left_child=2 -2 13 4 5 -4 -3 12 9 -9 -10 -11 -8 14 27 28 17 22 -18 20 21 29 25 24 -24 -17 -25 -1 -16 -20
right_child=1 6 3 -5 -6 -7 7 8 10 11 -12 -13 -14 -15 15 16 18 -19 19 -21 -22 -23 23 26 -26 -27 -28 -29 -30 -31
leaf_value=-0.00069583266157463195 0.050236518187139957 -0.031535648353362644 0.038363366059530585 0.01209905170176428 -0.062180376396135384 -0.024162926649679312 -0.026444024729463091 -0.061001310759640708 0.03146315786850052 -0.019823555802955993 -0.023687984771079782 0.062789601441938139 0.044576600565556006 0.0014008310732082233 0.040628619791398174 -0.011108385310733396 -0.060270532749728045 0.065144146831094166 0.026394777232596624 0.028979510621066025 -0.035488785590101955 0.073731866680720709 -0.058102016362595016 0.063400656907586242 -0.0032371949726503237 0.053829892714530328 -0.0059587477824525831 -0.057559566419209507 -0.0076131973578655371 -0.025360951281121664
leaf_weight=1.9993614021223036 2.2326534923631725 2.4110430870496264 1.1413081347709519 3.0419351952150446 3.1213416436221451 3.6390201325993985 0.595583356916907 1.9180041464278472 3.6404385787900431 2.8640649271546867 2.2023283592425287 0.72221903153695155 3.9716080551588693 246.83290530997328 3.4820603230036795 2.1722011622041464 2.688343900255858 1.4665832174941851 1.645661290269343 2.3726150210713959 7.4383248444646668 1.0129940526094285 3.4749178513884571 1.3850286770612008 4.8191403773380399 2.2993659747298851 3.300816441886127 2.3322334878612301 2.4269383267965159 2.7159035300137475
leaf_count=47 60 128 15 32 23 51 3 31 47 109 29 38 549 3203 32 19 31 86 19 73 37 20 20 31 78 28 38 37 26 123
internal_value=2.74737e-06 0.00638975 -0.000428026 -0.0184059 -0.0301495 -0.00923471 0.0010477 0.00598415 -0.00582159 -0.0233325 0.0106749 -0.00318661 0.0353152 0.000241472 -0.005843 -0.00325935 -0.0071258 0.0024224 -0.0172318 -0.00961252 -0.0167588 0.00916334 -0.0028486 -0.0115068 -0.0262236 0.0222841 0.0145423 -0.0313126 0.0208148 -0.00583301
internal_weight=325.367 20.5579 304.809 10.9436 7.90167 4.78033 18.3253 15.9142 11.3471 5.50429 5.84277 3.58628 4.56719 293.865 47.0325 42.7009 36.7919 18.9181 17.8738 15.1855 12.8129 5.37456 17.4515 12.9799 8.29406 4.47157 4.68585 4.33159 5.909 4.36156
internal_count=5063 994 4069 121 89 66 934 806 254 178 76 147 552 3948 745 661 603 300 303 272 199 162 214 167 98 47 69 84 58 142
is_linear=0
shrinkage=0.05


Tree=189
num_leaves=31
num_cat=0
split_feature=0 4 3 1 1 0 5 7 2 5 5 0 4 6 6 5 3 4 3 7 5 0 0 3 2 0 7 4 5 6
split_gain=0.336926 1.12717 0.733195 2.54343 1.96654 1.78693 2.0514 1.3535 1.74248 1.02417 1.08536 0.802133 0.789229 0.768933 0.925053 0.595003 0.704977 1.18733 1.68086 1.05019 1.21241 0.944557 1.12454 1.02464 0.77837 2.13523 1.42994 2.38268 1.22251 0.766348
threshold=0.75961552443556102 -3.3752180892845045 -1.2447321691274367 -0.44644579680684154 -0.32143602321805637 1.9857585475218218 1.1183285548757507 -0.8507282742077924 0.12335412001622294 -0.27667805638516701 -0.45594843354860759 1.9668001027168092 1.3189314995279926 -0.3658286794303377 -0.22374630413371241 -1.0934923319098908 -1.1310394089458404 -1.4423330023790664 -1.1441460810311181 -0.15359757116135364 0.73300199645192177 0.68073494127378409 -1.7534109638410478 -1.2162327775001465 -0.22282392668704715 -1.0222867537475155 -0.42600910403595682 1.0000000180025095e-35 -0.58544351638749659 -0.37077810667724748
decision_type=2 2 2 2 2 2 2 2 2 2 2 2 2 2 2 2 2 2 2 2 2 2 2 2 2 2 2 2 2 2
left_child=15 -2 3 5 12 6 11 -6 9 10 13 -3 -4 -9 -15 -1 17 -17 19 24 -21 22 -22 -24 26 -26 27 -19 -27 -18
right_child=1 2 4 -5 7 -7 -8 8 -10 -11 -12 -13 -14 14 -16 16 29 18 -20 20 21 -23 23 -25 25 28 -28 -29 -30 -31
leaf_value=-0.022089797628038317 0.053551434464864184 -0.051715755755747023 -0.039763645277069874 0.072320138038407963 0.065127697033912274 0.045810069386174906 0.048790636488299316 0.048903886200629819 0.052110737856827065 -0.052759094474659186 0.049517689215337689 -0.0069192398502868572 0.0010905699765232314 -0.048337943330676876 0.01391932247575829 -0.021982568340333426 -0.0078948279509851293 0.050020636806618529 0.051421770113220466 0.050983894512788258 0.070456458879089176 0.10813072722262998 0.018380201320373817 -0.041372765251904808 -0.025153702305840742 0.0057191924969498976 -0.04383725313308847 -0.023036485923773983 0.056254972557374008 0.00081856719939491375
leaf_weight=2.9000343622756182 0.77294643828645604 2.6779962014406919 6.1878859829157626 1.1773478016257328 0.81622857526236092 1.2572973389178512 0.88112435548100609 0.39430927450303022 1.1588465508539227 1.3715135818929307 0.79693078226409841 1.5941798128187654 1.4613122961018232 1.6655646704020912 0.92971271337592032 2.8348064711317447 28.139543033088557 1.7742578852921722 2.4543139522429511 2.5893241707235601 0.47906765004154994 0.21297568775480602 1.3976885213924175 1.4741652337834108 2.5627771115396172 2.3553938711993396 2.3104156127665192 3.0083627693820745 2.4327385843498686 244.41467943057069
leaf_count=202 37 192 189 11 402 16 75 10 31 102 34 10 28 48 147 38 277 26 44 70 10 18 274 47 33 32 42 44 84 2490
internal_value=2.36853e-06 -0.0058114 -0.00786253 0.00477182 -0.0143479 -0.00763386 -0.0206731 0.00453716 -0.00329198 -0.0157392 -0.00233026 -0.0349998 -0.0319588 -0.0161513 -0.0260354 0.000448871 0.000667886 0.00855322 0.0123084 0.00764777 0.0249456 0.00602771 -0.00046169 -0.0122919 0.00027876 0.0116804 -0.0115374 0.00406626 0.0313952 -8.10371e-05
internal_weight=324.484 23.1432 22.3702 7.58795 14.7823 6.4106 5.1533 7.13311 6.31688 5.15803 3.78652 4.27218 7.6492 2.98959 2.59528 301.341 298.441 25.8863 23.0515 20.5972 6.15322 3.5639 3.35092 2.87185 14.4439 7.35091 7.09304 4.78262 4.78813 272.554
internal_count=5063 1332 1295 304 991 293 277 774 372 341 239 202 217 205 195 3731 3529 762 724 680 419 349 331 321 261 149 112 70 116 2767
is_linear=0
shrinkage=0.05


Tree=190
num_leaves=31
num_cat=0
split_feature=6 6 6 6 7 7 7 1 2 2 5 6 5 4 6 4 6 0 3 2 0 6 6 6 6 2 3 1 2 3
split_gain=0.32939 1.79782 1.36545 1.63738 1.09635 2.08617 1.318 1.1349 1.06343 2.02689 1.1919 1.52294 1.52094 1.46664 0.96913 0.866477 1.24858 1.04059 2.21099 1.63729 1.3924 2.22744 2.06706 2.05842 2.28466 1.83371 1.62112 1.37027 1.27928 2.54814
threshold=-0.14281459721210238 -0.12100358303044831 -0.18586707669922423 -0.19272153395928504 -0.5812295057998208 -0.68840290491317269 -0.29278415730983426 -0.26995250047425862 -0.40508591749695272 -0.046937685070953881 -0.082554548656509893 -0.077463063335750967 0.37720302436401082 0.58259423152186895 -0.11697074803004846 -0.89008012040608409 -0.27518943119448119 -0.89064726744976597 0.14899473318106873 -0.096579260176932483 -0.069008756503063734 -0.35860644971831063 -0.32514326332362692 -0.35467843929930776 -0.3658286794303377 1.2746346602122036 -1.0139937791610334 -0.28255735216835082 -0.061192252338557442 -0.47768704581111826
decision_type=2 2 2 2 2 2 2 2 2 2 2 2 2 2 2 2 2 2 2 2 2 2 2 2 2 2 2 2 2 2
left_child=2 -2 3 15 5 -4 7 -6 -3 14 11 -11 -12 -13 -10 16 17 18 19 -1 21 25 -23 24 26 28 -22 -25 29 -19
right_child=1 8 4 -5 6 -7 -8 -9 9 10 12 13 -14 -15 -16 -17 -18 20 -20 -21 23 22 -24 27 -26 -27 -28 -29 -30 -31
leaf_value=0.026027348020104452 0.049136166961420071 -0.03026231549122876 -0.03415823740548693 0.036411638311172272 -0.010973715673502742 0.041265183610654788 -0.0024336266638202587 -0.056035771617341162 -0.025335292308349341 -0.05847443894748397 0.030150250770475437 -0.01887012520567348 -0.02269064992557266 0.062255606722082496 0.043384123477775226 0.00112373926039652 -0.029599721209891378 -0.019182962267907288 0.047516878555408273 -0.023190518677497447 -0.014479858919010866 -0.056241473235283682 -0.0016514809785777224 -0.0042548543594944331 -0.064765957119756398 0.051279393029278746 0.03383483770116167 0.047959612520434985 -0.057181800352552319 0.071495722726505395
leaf_weight=2.735372691298835 2.1739890188910094 2.3630589591921369 1.6618479103199209 3.1091068240348241 2.2231516084866589 2.0449734827270722 4.0770945250987998 3.7611224569845945 0.59162700176239269 1.9025684939697383 3.605024028103788 2.8505614757013977 2.1884947731159627 0.69245285162469361 3.8631200441886921 241.00064384791767 5.1451915970537803 3.557243565912358 2.8781969361007214 4.4203821299597603 5.8847145752515599 5.0818306317087263 2.6322909194859658 2.0508421322447248 1.6406881848815835 1.4507757178507743 2.4627962559461585 3.2440956847276583 1.2153303232043988 0.99044351605698411
leaf_count=25 60 128 21 30 19 30 41 40 3 31 47 109 29 38 549 3155 62 81 39 30 207 63 42 34 12 15 23 46 10 44
internal_value=2.4078e-06 0.00617965 -0.000409674 0.000321984 -0.015794 0.00745124 -0.0243581 -0.0392953 0.00100784 0.00571625 -0.00559644 -0.0223912 0.0101897 -0.00301477 0.0342576 -6.98112e-05 -0.006407 -0.00344189 0.010509 -0.0043764 -0.00807537 -0.0189365 -0.0376137 0.00253333 -0.010827 0.00103609 -0.0002254 0.0277358 -0.0116121 0.000566003
internal_weight=323.499 20.2309 303.268 289.5 13.7682 3.70682 10.0614 5.98427 18.0569 15.6938 11.2391 5.44558 5.79352 3.54301 4.45475 286.391 45.3902 40.245 10.034 7.15575 30.2111 14.9279 7.71412 15.2831 9.9882 7.21379 8.34751 5.29494 5.76302 4.54769
internal_count=5063 994 4069 3918 151 51 100 59 934 806 254 178 76 147 552 3888 733 671 94 55 577 255 105 322 242 150 230 80 135 125
is_linear=0
shrinkage=0.05


Tree=191
num_leaves=31
num_cat=0
split_feature=7 7 3 3 7 2 7 5 1 6 3 7 0 4 2 0 1 2 5 5 5 0 7 2 7 0 3 3 0 0
split_gain=0.319853 0.428185 0.365863 1.49759 0.975714 0.890151 1.04383 1.2676 1.48561 1.56873 0.866933 1.49287 0.967456 0.871219 1.17915 0.865257 0.867946 1.44949 0.938594 1.06032 1.4969 0.753851 1.33566 1.24577 0.68417 0.626691 1.06973 1.12272 0.600597 0.590759
threshold=-0.85083716259906828 -0.85094605099034426 -1.2294918527492065 -1.2162327775001465 -0.8500749438601366 -0.99729033699712 0.91767364430924314 2.0457313172377964 -0.44504841469390521 -0.22170762658403112 -1.2468658134203887 -0.84942161351248091 1.9668001027168092 0.21442564353988061 0.13139565650439944 1.3548067913565098 -0.46382645497508307 -1.6755608109096931 -0.71429256722425694 -0.23140606756786361 0.36173399127181904 1.414123554931721 -0.61865989030092794 -0.2371901505000206 -0.8507282742077924 -1.6877215719069374 -0.97619779454302325 -1.0000000180025095e-35 1.274874605814577 -1.629495391513599
decision_type=2 2 2 2 2 2 2 2 2 2 2 2 2 2 2 2 2 2 2 2 2 2 2 2 2 2 2 2 2 2
left_child=1 -1 10 -4 24 6 -6 8 -8 -10 11 12 -2 14 15 16 17 -13 -19 -20 -21 22 23 -15 -5 26 -7 -28 -26 -27
right_child=2 -3 3 4 5 25 7 -9 9 -11 -12 13 -14 21 -16 -17 -18 18 19 20 -22 -23 -24 -25 28 29 27 -29 -30 -31
leaf_value=0.034168330600166961 -0.05047650186321602 -0.032006921364631152 -0.044781279879635968 0.063405281107873288 -0.039540459468017319 0.05456901181693477 -0.050964017609106342 -0.050196734028994522 0.053956816610856752 -0.054447211618775998 0.031624834620433133 0.12671556646291815 0.0026182664935507447 -0.057643004428764924 -0.050996528459556982 -0.052591450000752597 -0.033593899376821397 -0.019575145600612038 0.056120285467886624 -0.024530227670426397 0.041804482234452794 0.056513281391764827 0.037692034609869071 0.02317915324367897 0.052732406280960348 -0.026881998122385911 -0.020080576053651135 0.034959706998881283 -0.046284521048999994 3.6480784982544234e-05
leaf_weight=0.29250773644889694 1.9525943818735005 1.4876712442055566 1.8836003555916239 1.025622294298955 3.100652908848132 1.4084639167413113 0.65037856809794981 0.97119450464379031 1.8778739485424019 0.40585995721630697 2.9379095046315333 0.28499030350940291 1.5304234176874159 0.95853540068492293 1.0201526997843746 0.59058690164238292 0.99642019998281739 1.78055047057569 1.6100138230249283 1.7954252250492584 1.6158557207672855 1.3839986450038848 2.590737211517991 0.94863498024642401 0.27188468351960082 2.0530927947256705 2.1605351697653532 1.6221260451711708 0.35066683293553069 281.21005152584985
leaf_count=47 224 244 42 190 236 19 38 35 118 7 38 32 9 15 25 15 16 23 44 35 341 19 113 25 51 16 14 41 30 2961
internal_value=2.05857e-06 -0.0211334 0.000119274 -0.000338588 -5.68309e-05 -0.000270837 -0.0178807 -0.000683823 0.015705 0.0346915 0.00634276 0.00244556 -0.0271469 0.0090629 -0.000148265 0.00583213 0.0101007 0.0162443 0.0116156 0.0226759 0.0068912 0.0242439 0.0143146 -0.0174417 0.038307 0.000156872 0.0173725 0.00352246 -0.00304121 -0.000158624
internal_weight=322.769 1.78018 320.989 298.992 297.108 295.46 7.00596 3.90531 2.93411 2.28373 21.9968 19.0589 3.48302 15.5759 9.694 8.67384 8.08326 7.08684 6.80185 5.02129 3.41128 5.88191 4.49791 1.90717 1.64817 288.454 5.19113 3.78266 0.622552 283.263
internal_count=5063 291 4772 3798 3756 3485 434 198 163 125 974 936 233 703 531 506 491 475 443 420 376 172 153 40 271 3051 74 55 81 2977
is_linear=0
shrinkage=0.05


Tree=192
num_leaves=31
num_cat=0
split_feature=4 4 4 7 6 3 3 2 5 6 7 7 4 2 1 4 3 0 6 2 2 3 0 2 6 6 6 6 6 6
split_gain=0.327194 5.06827 5.03153 2.05436 1.34609 1.93416 2.26536 2.06808 1.94106 1.73281 1.91228 1.89874 2.06423 2.37179 1.54688 1.48198 1.42976 1.55672 1.41849 1.48387 1.31959 2.41151 1.2591 0.924809 0.856193 0.844258 0.664006 1.68334 1.32095 3.74349
threshold=0.85872076455050717 0.95076291154600423 0.76667852551286308 0.74309833099607925 -0.3008378233139663 -0.033736660193909564 0.13192560931808389 0.68908008171291002 -0.31479814862358718 -0.32289317831693826 -0.18520242672919754 -0.29278415730983426 1.2268893525324958 -0.26224916385226049 -0.39700389190752938 1.5030157014768397 -1.2447321691274367 1.9668001027168092 -0.27099365882653137 -1.0000000180025095e-35 1.6422874790923792 0.52390654656616109 -0.41223940504135409 -0.5896457867967777 -0.18959009584928685 -0.17257129349285358 -0.14281459721210238 -0.12100358303044831 -0.18586707669922423 -0.19272153395928504
decision_type=2 2 2 2 2 2 2 2 2 2 2 2 2 2 2 2 2 2 2 2 2 2 2 2 2 2 2 2 2 2
left_child=2 -2 26 4 9 18 -7 8 24 11 -11 12 13 23 -13 -10 17 -14 -6 -20 21 -9 -16 -3 -8 -26 28 -28 29 -1
right_child=1 3 -4 -5 5 6 7 20 15 10 -12 14 16 -15 22 -17 -18 -19 19 -21 -22 -23 -24 -25 25 -27 27 -29 -30 -31
leaf_value=-0.00060337452798308515 -0.055380816631329148 0.013177162352288153 0.054494249964584719 -0.054466803344915972 -0.056416320465519948 0.046036967752567742 0.05889478229455615 0.066652844059449587 -0.055848652079700446 0.061726508799959723 -0.0075713442658474853 0.053368325344358675 -0.021305228057287146 0.059373993633078104 -0.019672169893589955 0.0061067792538849501 -0.042148486210089618 0.058392929649622796 0.045618594957746256 -0.035234144238810043 -0.019277228001942273 -0.0067878382061217412 0.035505259546924753 -0.039356007214882784 -0.059659025932143374 0.050346460071144496 0.052468778515898075 0.003611799144743748 -0.017330589912518544 0.066344849727856148
leaf_weight=236.20491712147486 4.3360462275450109 1.998657194664702 4.2773265859432277 1.605061461450531 2.8407919427845627 2.5173646608745956 0.81755236117169039 2.2086553135886788 3.8158918606350198 3.03877667512279 1.4805715102702333 2.9208202356821857 1.9963740858947896 2.0234478544443881 2.2316192984580994 1.2920266649452967 4.4048729386413434 0.88402248173952092 0.92091983889986329 1.4785723690874881 2.0115171014331281 2.2631162226316519 1.9263808726100258 1.4423590204678474 0.43636215291917102 0.29055068476009427 2.0055058106663664 14.581427931625511 11.543040981399825 2.1066626759711644
leaf_count=3051 105 26 213 13 22 35 23 23 56 44 19 53 101 49 17 43 47 11 38 12 17 27 25 23 3 148 53 639 108 19
internal_value=1.98511e-06 -0.00366417 0.000695112 0.00112267 0.00309487 -0.00621552 0.00258668 -0.00574028 -0.0253259 0.0110843 0.039024 0.00471619 -0.00681269 0.0164172 0.025481 -0.0401773 -0.0242368 0.00315493 -0.0325082 -0.00420304 0.0143561 0.0294853 0.00589126 -0.00884299 0.0237913 -0.0156893 -0.000168554 0.00951904 -0.000811678 -1.15555e-05
internal_weight=321.901 51.1823 270.719 46.8463 45.2412 20.8933 15.653 13.1357 6.65238 24.3479 4.51935 19.8286 12.7497 5.46446 7.07882 5.10792 7.28527 2.8804 5.24028 2.39949 6.48329 4.47177 4.158 3.44102 1.54447 0.726913 266.442 16.5869 249.855 238.312
internal_count=5063 980 4083 875 862 447 375 340 273 415 63 352 257 98 95 99 159 112 72 50 67 50 42 49 174 151 3870 692 3178 3070
is_linear=0
shrinkage=0.05


Tree=193
num_leaves=31
num_cat=0
split_feature=0 4 0 2 3 1 0 5 1 6 5 6 3 7 5 1 6 0 2 3 5 7 2 3 3 2 3 4 5 1
split_gain=0.323126 0.956685 0.675951 0.62473 0.809322 2.23497 1.48307 1.79139 0.779593 0.941252 1.23747 0.969914 0.959807 1.33461 1.09183 0.900772 0.738767 0.695798 0.578156 1.94113 2.96934 1.79211 1.74274 3.54561 1.75792 2.9699 3.53082 3.03656 2.90999 2.8918
threshold=0.75961552443556102 -3.3752180892845045 0.77620918278452933 0.1824203381326519 -1.2447321691274367 -0.44644579680684154 1.9857585475218218 1.1183285548757507 -0.41405905713164176 -0.3658286794303377 -0.27667805638516701 -0.35750179788349218 -1.2022116864321746 -0.8507282742077924 -0.45594843354860759 -0.11214803188208297 -0.39726750436450692 1.9668001027168092 -0.011552942454124868 0.31008490777959319 -0.66729479009757864 -0.656253607388949 -0.070097782078057433 0.084833031709353066 -0.1369135563535778 -0.32454134060283718 1.0000000180025095e-35 -0.70599582641508996 -0.045336939301757896 -0.31057493385839324
decision_type=2 2 2 2 2 2 2 2 2 2 2 2 2 2 2 2 2 2 2 2 2 2 2 2 2 2 2 2 2 2
left_child=18 -2 -3 4 5 6 7 17 16 -10 11 -11 -13 -14 15 -15 -6 -4 19 21 -21 -1 24 -24 29 26 -26 -28 -29 -23
right_child=1 2 3 -5 8 -7 -8 -9 9 10 -12 12 13 14 -16 -17 -18 -19 -20 20 -22 22 23 -25 25 -27 27 28 -30 -31
leaf_value=0.024462349292367271 0.048741735051615387 -0.044539242935765805 -0.051387227447638406 0.02909801719411112 0.0023897375781877098 0.070315396818900394 0.043962756536810525 0.047693544087310316 0.040182940404642639 -0.069312208741137138 -0.047003461479854791 -0.029199831980565378 0.064875825840096504 -0.047290110988816816 0.051299431418085906 0.015469948540997617 -0.055186672011324225 -0.0080335850540689709 -0.0012712891868480103 -0.032747694920623752 0.025267033142688688 -0.0014302692935917677 0.05598469901213235 -0.015604542282239739 -0.031756953659501472 -0.024389506483910896 -0.012760033893606075 0.075426010605392738 0.0062704554682800747 0.041555573966097048
leaf_weight=7.0680683521786696 0.77499406761490064 1.1832449227804342 2.2690630061551929 1.2152055012993503 0.77413993468508158 1.1223206929862595 1.1545987725257871 0.82069280417636026 0.88757343380712761 0.50350837665610626 2.1173540342715276 1.6450062760850475 1.0420844601612831 1.2186604003654797 0.75987449864622814 1.0769879458821379 1.9874845305457789 1.562994856387377 186.44898548116907 2.5380931564141092 16.835653399000876 39.218269801087445 3.6738394652493289 3.2681195866316557 4.4837114983238271 20.590116841718554 3.9192352644167814 3.305584987625477 2.8179200087324752 4.3461116328835478
leaf_count=130 37 20 190 30 14 11 16 69 30 11 149 38 405 57 34 148 63 10 1907 54 468 812 47 17 33 125 49 28 31 30
internal_value=2.6151e-06 -0.00582895 -0.0078107 -0.00565474 -0.00788423 0.00572325 -0.00675975 -0.0193467 -0.0157339 -0.00877449 -0.0139701 -0.00277222 0.00306196 0.0160136 -0.000650791 -0.0178467 -0.0390468 -0.0337044 0.000434655 0.00327294 0.0176667 0.000264434 -0.00173307 0.0222821 -0.00385191 -0.0121762 0.00513533 0.0216064 0.0436019 0.00285813
internal_weight=320.629 22.1158 21.3408 20.1575 18.9423 6.92967 5.80735 4.65275 12.0127 9.25105 8.36348 6.24612 5.74261 4.09761 3.05552 2.29565 2.76162 3.83206 298.514 112.065 19.3737 92.691 85.6229 6.94196 78.681 35.1166 14.5265 10.0427 6.1235 43.5644
internal_count=5063 1332 1295 1275 1245 296 285 269 949 872 842 693 682 644 239 205 77 200 3731 1824 522 1302 1172 64 1108 266 141 108 59 842
is_linear=0
shrinkage=0.05


Tree=194
num_leaves=31
num_cat=0
split_feature=3 6 2 6 2 2 6 5 7 6 0 0 6 6 0 4 7 0 3 2 2 1 7 3 7 7 5 7 4 6
split_gain=0.324776 0.551415 0.694587 0.63194 0.561525 0.64086 0.546043 0.500339 0.790139 0.485936 1.89518 1.46358 1.04734 1.16362 0.98037 2.19003 1.20505 1.40142 0.87059 2.53252 2.56756 2.4049 3.25677 1.3989 1.05705 0.855371 1.14538 0.828659 0.806694 1.92915
threshold=1.9065080941201404 1.0000000180025095e-35 1.5161293629221668 -0.029339383243277305 1.4906834686067219 1.1125579642141628 0.20202592781167614 0.087454868667301192 -0.61865989030092794 -0.14281459721210238 -0.22536324344435524 -1.4063577054802423 -0.18586707669922423 -0.19272153395928504 -0.75876158661485649 1.0000000180025095e-35 -0.29278415730983426 -0.27668454633655248 1.2037771973618512 1.3392534082589487 0.39403016175515826 -0.21490634580112489 0.11832396395250776 1.1063914385421136 0.33517519517855848 -0.30489799083928354 0.14141325523991108 0.51059439352411096 -0.89008012040608409 -0.27518943119448119
decision_type=2 2 2 2 2 2 2 2 2 2 2 2 2 2 2 2 2 2 2 2 2 2 2 2 2 2 2 2 2 2
left_child=1 3 4 9 5 6 7 8 -3 12 11 -11 13 18 15 -14 17 -16 23 20 -20 22 -22 28 -25 26 -13 -26 29 -1
right_child=-2 2 -4 -5 -6 -7 -8 -9 -10 10 -12 25 14 -15 16 -17 -18 -19 19 -21 21 -23 -24 24 27 -27 -28 -29 -30 -31
leaf_value=-0.0030228227968182217 -0.016594748753691733 -0.017128686016644776 0.073824510460829287 -0.028932782728356678 -0.053493196348847763 0.057007601595750995 0.037524730478878277 -0.040301432508715117 0.043238649595717882 -0.026740714065615397 -0.021184688395423999 0.036934499482549031 -0.034702209488701861 0.031587217487296509 -0.053664780178062858 0.031124971474153391 0.0094970310202805372 -0.0041951911670243917 0.045457765867648867 0.058290669836615551 -0.055748077885943839 0.039939116418911305 0.017723106141502507 -0.040013577413851253 -0.031054195890582482 0.058841986531497914 -0.021416903296829146 0.055548092784819585 0.0010479288698956825 -0.03962505899261437
leaf_weight=37.036139460280538 2.9206028803018844 1.3319278589333412 0.47110440934193309 1.8919864306808438 0.32242222875356663 0.75342587419436302 1.0632214306533567 0.72631003049900744 0.91402904572896582 1.1846726970979942 3.2935988261015137 2.9600779620814128 2.2065800311393096 2.943760182010009 3.9334644910413759 2.9563395531149581 1.9411259428597976 2.2508657947764736 2.5729420627758364 2.460722454416099 3.7711798157542944 1.7481097892159576 2.5136947995051742 3.7295468414085908 0.51337217353284337 2.2183554796502003 1.1747401398606596 0.59794997307471931 223.25556903550751 3.9874812299385658
leaf_count=581 66 48 22 36 2 34 568 11 25 16 75 73 22 28 36 33 19 38 186 71 28 36 39 48 6 43 13 35 2785 40
internal_value=2.36942e-06 0.000155416 0.0157307 -0.000124032 0.0103763 0.0146764 0.00677315 -0.00422712 0.00743879 5.22193e-05 0.0104556 0.0242806 -0.000325383 0.000314078 -0.0140464 0.00299109 -0.024872 -0.0356597 -1.21623e-05 0.0125916 0.00198876 -0.0119342 -0.0263626 -0.000624115 -0.0272595 0.0337945 0.0203563 0.0155424 -0.000136227 -0.00658055
internal_weight=319.645 316.725 5.58244 311.142 5.11134 4.78891 4.03549 2.97227 2.24596 309.25 10.8314 7.53785 298.419 285.13 13.2884 5.16292 8.12546 6.18433 282.187 13.0666 10.6059 8.03298 6.28487 269.12 4.84087 6.35317 4.13482 1.11132 264.279 41.0236
internal_count=5063 4997 710 4287 688 686 652 84 73 4251 220 145 4031 3883 148 55 93 74 3855 360 289 103 67 3495 89 129 86 41 3406 621
is_linear=0
shrinkage=0.05


Tree=195
num_leaves=31
num_cat=0
split_feature=3 0 3 0 3 1 3 2 3 2 7 0 0 4 4 7 5 5 1 1 5 5 5 1 3 3 2 3 3 0
split_gain=0.322305 3.49793 3.10812 2.10394 3.11475 3.45522 3.32778 3.07179 3.848 1.95068 1.96947 1.78507 1.6861 1.56362 2.50488 1.67436 1.49887 1.47032 1.26277 2.39719 2.20605 2.4982 1.73108 3.14373 2.09392 2.06865 2.33176 2.20442 1.89225 1.81474
threshold=0.10677908729400419 -1.438978628198343 0.11180837645850385 -1.0222867537475155 -0.59808554519913548 -0.42820906759540006 -0.44568238141683508 1.3504548344195155 -0.24923470330144984 0.28428102731122423 -0.42600910403595682 -0.9979583371450621 -1.4063577054802423 -1.1662064693504284 -1.0741643223549311 1.9465872755734959 -0.66729479009757864 -0.77662554651860782 -0.25693319524943425 -0.23317771871060625 -0.31479814862358718 -0.35693597133945582 0.73300199645192177 -0.39567619450301389 -0.22530740658762852 -0.41123926640203518 -0.57608522678031926 -0.30653830812391109 -1.2084602161472491 0.11684086180059737
decision_type=2 2 2 2 2 2 2 2 2 2 2 2 2 2 2 2 2 2 2 2 2 2 2 2 2 2 2 2 2 2
left_child=3 -2 -3 4 5 9 -6 8 -8 10 -1 -5 -12 15 -15 -4 17 -16 20 -20 21 -13 25 24 28 26 -22 -27 -24 -30
right_child=1 2 13 11 6 -7 7 -9 -10 -11 12 18 -14 14 16 -17 -18 -19 19 -21 22 -23 23 -25 -26 27 -28 -29 29 -31
leaf_value=0.056070502477519796 0.045539470072198662 0.064141825239639377 0.031151947800114696 0.051892300931856886 -0.067921984676404978 0.0609592576858351 0.020647326857857935 0.024483136053523098 -0.042924647562052179 -0.041473133431214865 0.026487096124560849 -0.0054729494671164778 -0.04133033852555705 -0.063201627892400372 0.023372570418769237 -0.037702428287161097 -2.7055236473017431e-05 -0.047863969498829671 0.056680139968736457 0.00022297020294704888 -0.017457533870992168 -0.043295412413191577 0.025577898609307727 -0.046289872361240159 0.04209838828395402 -0.028182541502210563 0.028831820316072471 0.0063500997041685539 -0.0048303559458917952 -0.055211320863084112
leaf_weight=1.6433123741298921 4.4124002441531038 1.885417962053906 6.4757637504371806 1.7109548039734352 3.671046324074271 2.4323248495347789 3.1745799519121674 3.7508496502414337 9.514608306810258 2.7225981523515657 1.7150562739698223 41.056489684269764 1.9684316259808841 1.6350007930304844 0.94834478429402214 1.0223163074115289 131.94191320569371 3.0666990440804502 2.8364711399190128 5.577030120926791 3.2388686978374635 4.8853315667365669 3.3221531994640801 4.3407148830592659 2.6779962481232369 5.3041842329548663 17.001502297702245 35.902472516696434 6.5550903358962369 2.4574945280328393
leaf_count=20 91 20 176 16 15 28 24 29 59 83 40 724 26 12 408 29 1680 27 27 247 63 32 379 24 55 36 237 261 124 71
internal_value=2.81222e-06 0.00167476 0.000357879 -0.00150867 -0.0133628 0.00873619 -0.0248806 -0.0152696 -0.0270202 -0.0070443 0.0105527 0.001141 -0.00975409 -0.000470981 -0.00168268 0.0217641 -0.000942864 -0.0310381 0.000498536 0.0192566 -0.000746673 -0.00949489 0.00422742 -0.00881306 0.00202282 0.00833467 0.0214246 0.00190501 -0.00667799 -0.0185679
internal_weight=318.847 151.388 146.975 167.46 30.5928 10.4817 20.1111 16.44 12.6892 8.0494 5.3268 136.867 3.68349 145.09 137.592 7.49808 135.957 4.01504 135.156 8.4135 126.742 45.9418 80.8005 19.3534 15.0127 61.447 20.2404 41.2067 12.3347 9.01258
internal_count=5063 2443 2352 2620 324 197 127 112 83 169 86 2296 66 2332 2127 205 2115 435 2280 274 2006 756 1250 653 629 597 300 297 574 195
is_linear=0
shrinkage=0.05


Tree=196
num_leaves=31
num_cat=0
split_feature=4 4 4 7 6 3 3 2 5 6 7 7 4 2 1 2 3 4 3 0 6 3 0 2 6 6 7 1 3 0
split_gain=0.313977 4.76941 4.72541 1.87498 1.26262 1.77262 2.01422 1.91514 1.79251 1.599 1.74749 1.6989 1.85554 2.21165 1.43096 1.4299 2.31652 1.37519 1.26957 1.42867 1.26462 1.22952 1.13573 0.894654 0.783094 0.770805 0.621804 1.88613 1.82344 2.0669
threshold=0.85872076455050717 0.95076291154600423 0.76667852551286308 0.74309833099607925 -0.3008378233139663 -0.033736660193909564 0.13192560931808389 0.68908008171291002 -0.31479814862358718 -0.32289317831693826 -0.18520242672919754 -0.29278415730983426 1.2268893525324958 -0.26224916385226049 -0.39700389190752938 1.7055050932287139 0.52390654656616109 1.5030157014768397 -1.2447321691274367 1.9668001027168092 -0.27099365882653137 -0.33823813570999683 -0.41223940504135409 -0.54953720779853144 -0.18959009584928685 -0.17257129349285358 -0.69365676979223723 -0.43380396045593289 -0.05217745825188428 -0.37140994613010209
decision_type=2 2 2 2 2 2 2 2 2 2 2 2 2 2 2 2 2 2 2 2 2 2 2 2 2 2 2 2 2 2
left_child=2 -2 26 4 9 20 -7 8 24 11 -11 12 13 23 -13 16 -9 -10 19 -14 -6 -22 -16 -3 -8 -26 27 -1 29 -29
right_child=1 3 -4 -5 5 6 7 15 17 10 -12 14 18 -15 22 -17 -18 -19 -20 -21 21 -23 -24 -25 25 -27 -28 28 -30 -31
leaf_value=-0.041877822004038341 -0.055097908253612229 0.011831518927642575 0.054202238831713802 -0.05291295451486238 -0.054806998469165494 0.043304079407207513 0.058195706084288271 0.065047290108465466 -0.054782814051274387 0.060440943423421135 -0.006700386599747532 0.051887174836557193 -0.020578834472211018 0.058288916967266152 -0.018657533826060696 -0.022682339632337706 -0.0069224052751439159 0.0056297042848321511 -0.040409897818615897 0.057786736139815414 0.043600476081925549 -0.032208705852894585 0.033926784102754785 -0.040959508094986948 -0.058334542895942046 0.050227209187952759 0.00041924482776423767 0.062378230078257338 -0.024621001147921734 -0.0017154292052639162
leaf_weight=3.5513912989990777 4.1300788947846732 2.065780711825937 4.0612589196389299 1.5567372606601555 2.7464847818482667 2.5019059524056546 0.77307543018832581 2.2383962776511908 3.6922295786789618 2.9128493987955153 1.4522973252460314 2.8132147588767111 1.9261918982956596 1.9415138342883471 2.2211527228355408 1.8995377572719006 2.2339718957664445 1.2646459449897518 4.2811169663327711 0.83316029608249653 0.84101436655328177 1.4692037147615344 1.909697885625065 1.3124356297776105 0.41222397284582035 0.27099110056588205 250.38132860782207 1.8464876033831386 4.1778137746005077 3.9457622036134117
leaf_count=218 105 28 213 13 22 35 23 24 56 44 19 53 101 49 17 16 27 43 47 11 20 30 25 21 3 148 3087 28 384 153
internal_value=1.94133e-06 -0.00364808 0.000678919 0.00101492 0.00292234 -0.00621237 0.00227623 -0.00575249 -0.0250418 0.0107735 0.0381028 0.00459376 -0.00652411 0.0157627 0.0243832 0.0136617 0.029098 -0.0393698 -0.0233639 0.00308291 -0.0318743 -0.00461105 0.00565227 -0.00867777 0.0237273 -0.0152745 -0.000144763 -0.0105887 0.000556666 0.0187167
internal_weight=317.664 49.6999 267.964 45.5698 44.0131 20.3437 15.287 12.7851 6.41317 23.6694 4.36515 19.3043 12.3602 5.31973 6.94407 6.37191 4.47237 4.95688 7.04047 2.75935 5.0567 2.31022 4.13085 3.37822 1.45629 0.683215 263.903 13.5215 9.97006 5.79225
internal_count=5063 980 4083 875 862 447 375 340 273 415 63 352 257 98 95 67 51 99 159 112 72 50 42 49 174 151 3870 783 565 181
is_linear=0
shrinkage=0.05


Tree=197
num_leaves=31
num_cat=0
split_feature=2 3 1 4 2 3 0 0 7 0 2 6 2 2 1 6 5 7 0 0 6 1 3 1 1 2 2 0 3 7
split_gain=0.316719 1.12264 2.32082 1.69555 2.22454 1.82875 1.72703 1.51818 1.71691 1.45084 1.51293 1.15258 1.10949 2.34896 1.63544 1.84506 1.52664 2.84097 1.59131 1.44422 1.73271 2.29569 1.8553 2.23221 2.03735 1.60696 1.87365 1.81623 1.41015 1.3465
threshold=-0.011552942454124868 0.31008490777959319 -0.24606981199935551 -0.24578499939545764 -0.53595654394085257 0.5557588230369781 -0.138302553696694 0.52393745070997144 -0.656253607388949 -1.1960492460871797 -0.17768995368907711 -0.30851460239835921 0.97646373688526711 1.0081229451328322 -0.43925956003961947 -0.39746500205177904 -0.38016789873922541 -0.66755077798382867 -1.2076624475671431 0.44437074682022748 -0.36365944927428345 -0.38736132627346781 0.06273455772060299 -0.3592266011235079 -0.34376398143365322 0.28428102731122423 0.14572827953110773 -0.64840092863485543 0.39314461680063068 -0.52438976555377581
decision_type=2 2 2 2 2 2 2 2 2 2 2 2 2 2 2 2 2 2 2 2 2 2 2 2 2 2 2 2 2 2
left_child=1 -1 7 4 -4 6 -5 8 -3 -7 11 -11 14 -14 15 -2 17 -16 -19 20 -18 -22 23 -23 -24 26 27 -26 -29 -20
right_child=12 2 3 5 -6 9 -8 -9 -10 10 -12 -13 13 -15 16 -17 19 18 29 -21 21 22 24 -25 25 -27 -28 28 -30 -31
leaf_value=-0.00017117345569655216 -0.013884468175936915 -0.068463558652558515 -0.02619473544291849 0.047164047085704444 0.055549372597709604 0.052142116333882452 -0.041491934099363907 -0.046991030314957299 0.052642527445469427 0.052437244093763019 0.014282784310681241 -0.043074379445498391 0.054502392264251777 0.00074551394972120972 -0.03974910574661164 0.040263192762625161 -0.039693058785526925 0.055396454900110338 0.02643257512987229 0.024935068884142157 0.05275618729180731 -0.0091636112538464754 0.033941794022999371 -0.060551118508077387 0.035532205519692883 -0.020213682794607394 0.052505471994618608 -0.062529590316619338 -0.001184645083014482 -0.0060972465895844782
leaf_weight=107.87286428408697 2.6943366171326488 0.30987626314163197 1.2009631235559939 2.2824171567335729 2.7110455857182414 0.65081563591956992 0.72342586863669112 0.47740504436660547 5.2656419123522964 0.33459277765359541 1.8250978870782999 5.643033899628791 2.0690654497593632 113.78549714444671 3.1482570397784029 3.7809058490674934 6.3394831912592045 1.8867456326261169 5.1566268308670251 2.3235672200098625 1.3431207546964277 4.3174588978290558 2.6716465711360753 4.1394743006676418 1.7712688376195722 17.634053644607775 1.7636893392773343 1.5512350723147497 2.3650877715554088 8.3037042921641806
leaf_count=2163 84 1 47 36 135 21 87 37 247 9 40 280 20 1141 80 58 35 23 75 30 14 27 27 25 24 145 29 8 41 74
internal_value=2.28374e-06 0.00190514 0.0123595 0.0020328 0.0304544 -0.00766978 0.0258269 0.0385843 0.0459117 -0.0195803 -0.0255626 -0.0377282 -0.00131309 0.00170557 -0.00622561 0.0177324 -0.00862278 0.0035172 0.0123927 -0.0134807 -0.0155141 -0.0114328 -0.0138135 -0.0343166 -0.00756668 -0.0119874 0.00748067 -0.00648127 -0.0254831 0.00636487
internal_weight=316.342 129.297 21.4243 15.3714 3.91201 11.4594 3.00584 6.05292 5.57552 8.45354 7.80272 5.97763 187.045 115.855 71.1907 6.47524 64.7154 18.4953 15.3471 46.2201 43.8965 37.557 36.2139 8.45693 27.757 25.0853 7.45128 5.68759 3.91632 13.4603
internal_count=5063 3103 940 655 182 473 123 285 248 350 329 289 1960 1161 799 142 657 252 172 405 375 340 326 52 274 247 102 73 49 149
is_linear=0
shrinkage=0.05


Tree=198
num_leaves=31
num_cat=0
split_feature=7 7 3 3 3 7 0 3 2 2 4 7 2 7 4 4 7 5 0 4 5 2 7 5 3 6 0 3 6 6
split_gain=0.311197 0.362394 0.350562 1.35599 0.839425 1.33617 0.838666 0.786173 0.779758 1.11593 1.11232 0.875083 0.716161 1.4384 0.863374 0.913101 0.853923 1.14148 0.708108 1.08013 0.58451 0.774953 0.884119 1.20002 1.47897 1.49481 0.566605 0.926144 0.957721 0.615538
threshold=-0.85083716259906828 -0.85094605099034426 -1.2294918527492065 -1.2162327775001465 -1.2468658134203887 -0.84942161351248091 1.9668001027168092 -1.2633814394731491 0.09883762722424165 -0.32454134060283718 -0.33782723843310175 -0.8141417747390739 -0.88147088073115476 -0.61865989030092794 -0.15374285239996058 -0.24578499939545764 -0.57096677492206271 -0.0081480580512220038 -0.3634738359158679 -1.4423330023790664 -1.2028265917582632 -0.99729033699712 -0.051650814829247237 2.0073386583520576 -0.84177820408703419 -0.29478339519378022 -1.6877215719069374 -0.97619779454302325 -0.32954005603889941 -0.26618386134292282
decision_type=2 2 2 2 2 2 2 2 2 2 2 2 2 2 2 2 2 2 2 2 2 2 2 2 2 2 2 2 2 2
left_child=1 -1 4 -4 5 6 -2 8 9 12 -10 -11 16 -14 15 18 -7 -18 -15 -20 -5 22 -22 24 -24 -26 27 -23 -29 -30
right_child=2 -3 3 20 -6 7 -8 -9 10 11 -12 -13 13 14 -16 -17 17 -19 19 -21 21 26 23 -25 25 -27 -28 28 29 -31
leaf_value=0.031109092444283434 -0.050420989885036474 -0.032012464828718543 -0.044058180440109757 0.032963480808609918 0.031710997203044711 0.049903728134748221 0.00080187179308973473 -0.046154734571398882 -0.055372670715563302 -0.051008614688806381 0.012369775587284007 0.058986633240776333 -0.041421102977471466 0.054403436722611956 0.054843288812417228 -0.07497677996599407 -0.041446210543727671 0.039268623135263213 -0.049984453732584075 0.022953558875962236 -0.046974953308995843 0.052839012505119555 -0.0510386536959236 -0.050363458182852962 0.044337023971743598 -0.044508476937699937 -0.00012029695352596992 -0.031650372032052634 0.048185830148030996 -0.0028122599673253684
leaf_weight=0.27216689656779625 1.7337869771290617 1.3820231306017365 1.7621885231928889 1.3333838961698337 2.8264209018088868 1.8935780562460425 1.4822833165526388 0.62504616100340804 0.98983296030201051 0.19903536420315537 1.5625328592723224 1.9755221348605108 1.6355598149821169 0.69921597710345063 0.98317959462292437 0.34952220320701588 0.82280835136771202 0.93666707235388524 0.79396639484912279 1.407244791422271 1.8057653453142846 1.3189274962060151 0.81732899765484024 1.153020750149153 2.2158270947693381 0.60206304510938924 277.92132722843962 1.2433194164186714 1.1769086711574348 1.1898821872309775
leaf_count=47 224 244 42 239 38 28 9 11 20 9 37 123 26 41 33 1 15 133 7 219 197 20 47 37 134 33 2994 8 24 23
internal_value=2.81784e-06 -0.021627 0.000116964 -0.000330145 0.00637035 0.00241103 -0.0268124 0.00872987 0.0111375 0.0166015 -0.0139014 0.0489189 0.0092209 -0.00159778 0.0137888 0.00136895 0.0266013 0.00152281 0.0105692 -0.00335484 -6.51415e-05 -0.000217295 -0.0171618 -0.0059185 0.00817857 0.0253545 0.000177727 0.0169817 0.00388147 0.022547
internal_weight=315.11 1.65419 313.456 292.54 20.9162 18.0898 3.21607 14.8737 14.2487 11.6963 2.55237 2.17456 9.52174 5.86869 4.23313 3.24995 3.65305 1.75948 2.90043 2.20121 290.778 289.444 6.59401 4.78824 3.63522 2.81789 282.85 4.92904 3.61011 2.36679
internal_count=5063 291 4772 3798 974 936 233 703 692 635 57 132 503 327 301 268 176 148 267 226 3756 3517 448 251 214 167 3069 75 55 47
is_linear=0
shrinkage=0.05


Tree=199
num_leaves=31
num_cat=0
split_feature=5 7 2 2 3 5 4 2 1 1 0 5 6 5 5 1 3 3 2 0 7 7 5 2 6 1 1 3 3 4
split_gain=0.317613 0.543723 0.437046 1.07467 0.494338 0.57749 0.85604 0.771034 0.538004 2.46064 1.95849 1.59896 1.27908 1.46044 2.07054 1.07653 1.02568 1.77686 0.89755 0.976811 0.804998 2.26742 2.80813 2.02437 2.00615 1.92835 1.89134 1.30422 2.67046 1.70437
threshold=2.8119568026088237 2.8172860743137966 2.3768788169919026 2.1611193906498811 1.7669070551809316 0.11546757301991879 0.39851002957302184 -0.020769468235039557 -0.24932488679882023 -0.24785693536914943 -1.438978628198343 0.27832929787765909 -0.38243446807077924 -0.77662554651860782 -0.70443532405077514 -0.25113365607720761 -0.0035608185246976624 0.21292240435448043 -0.99729033699712 1.4803035774077438 0.08315301357037648 -0.19315127929234177 -0.05319933094588912 0.52732995515441261 -0.34758311178984164 -0.24230433343095112 -0.24068405909462601 0.97837290288751211 0.66701311735774105 0.30646788257752478
decision_type=2 2 2 2 2 2 2 2 2 2 2 2 2 2 2 2 2 2 2 2 2 2 2 2 2 2 2 2 2 2
left_child=1 2 3 4 8 7 -7 -6 15 -10 -11 12 -12 18 -15 -1 -16 -18 19 -14 21 25 23 -23 -22 -19 -27 28 -28 -30
right_child=-2 -3 -4 -5 5 6 -8 -9 9 10 11 -13 13 14 16 -17 17 20 -20 -21 24 22 -24 -25 -26 26 27 -29 29 -31
leaf_value=-0.00061190052624365181 -0.025532996431599037 0.025079992435353478 -0.023722544047637049 0.030221018053327338 -0.020820862421444583 -0.04543294249271098 0.0067662945689167505 0.056524852912075499 0.074129789088618933 0.056304155162581193 -0.071709998798859295 -0.058305953151913031 -0.066953043653969452 -0.039246165094152519 0.044902109217085331 -0.034812208144346338 -0.031662053172449543 0.058865413414014849 0.049980599784491347 0.034521734348122189 -0.029846498330025298 0.058667521027518869 -0.057913225084702952 -0.035764599297430311 0.043665427429340771 -0.06449921990969644 0.012074426067993091 0.02562198307442556 -0.0059986424303080238 -0.069640207476679039
leaf_weight=246.37021880300017 1.2130278174299736 2.1635658968007183 1.9412427590577852 2.9285486108856267 0.76142784851253942 2.2237499984912579 1.2143258089781737 0.55858772358624176 1.2436330216005433 1.6643403802299861 0.57352204620838065 1.1051107563544054 0.39586428063921664 2.989251014078028 1.4670365278143354 2.3226463031023732 3.5064858701080288 1.7890613314229948 2.5516552779154074 0.59153653096291237 1.2528787329792974 1.2321931901387873 3.0948596034431928 1.052129103336483 3.5800499535398549 0.93888833187520049 12.094618944800471 7.1871144741307935 2.3987346617504945 1.8738142721122129
leaf_count=3299 16 38 17 36 36 32 26 50 13 54 2 15 5 23 17 15 29 22 596 71 9 33 14 14 90 6 136 301 32 16
internal_value=2.46492e-06 0.000101406 -7.2419e-05 7.61773e-05 -0.00021229 -0.0162028 -0.0269962 0.0119093 4.02512e-05 0.00463531 0.00295188 0.00116433 0.00251746 0.00340443 0.000943599 -0.000931311 0.00384072 0.00233478 0.034317 -0.00616108 0.0056013 0.00269999 -0.0268763 0.0151733 0.0246083 0.00875337 0.00509302 0.00786701 7.04835e-05 -0.03391
internal_weight=314.28 313.067 310.904 308.962 306.034 4.75809 3.43808 1.32002 301.276 52.5828 51.3391 49.6748 48.5697 47.9962 44.4571 248.693 41.4679 40.0008 3.53906 0.987401 36.4943 31.6614 5.37918 2.28432 4.83293 26.2822 24.4932 23.5543 16.3672 4.27255
internal_count=5063 5047 5009 4992 4956 144 58 86 4812 1498 1485 1431 1416 1414 742 3314 719 702 672 76 673 574 61 47 99 513 491 485 184 48
is_linear=0
shrinkage=0.05


end of trees

feature_importances:
Speed=877
Pitch_Degrees=854
Zero_Crossings=845
speed_per_jerk_std=811
Energy=805
Roll_Degrees=671
Jerk_Std=621
speed_per_dyn_mag=516

parameters:
[boosting: gbdt]
[objective: binary]
[metric: binary_logloss]
[tree_learner: serial]
[device_type: cpu]
[data_sample_strategy: bagging]
[data: ]
[valid: ]
[num_iterations: 200]
[learning_rate: 0.05]
[num_leaves: 31]
[num_threads: 12]
[seed: 42]
[deterministic: 0]
[force_col_wise: 0]
[force_row_wise: 0]
[histogram_pool_size: -1]
[max_depth: -1]
[min_data_in_leaf: 20]
[min_sum_hessian_in_leaf: 0.001]
[bagging_fraction: 1]
[pos_bagging_fraction: 1]
[neg_bagging_fraction: 1]
[bagging_freq: 0]
[bagging_seed: 400]
[bagging_by_query: 0]
[feature_fraction: 1]
[feature_fraction_bynode: 1]
[feature_fraction_seed: 30056]
[extra_trees: 0]
[extra_seed: 12879]
[early_stopping_round: 0]
[early_stopping_min_delta: 0]
[first_metric_only: 0]
[max_delta_step: 0]
[lambda_l1: 0]
[lambda_l2: 0]
[linear_lambda: 0]
[min_gain_to_split: 0]
[drop_rate: 0.1]
[max_drop: 50]
[skip_drop: 0.5]
[xgboost_dart_mode: 0]
[uniform_drop: 0]
[drop_seed: 17869]
[top_rate: 0.2]
[other_rate: 0.1]
[min_data_per_group: 100]
[max_cat_threshold: 32]
[cat_l2: 10]
[cat_smooth: 10]
[max_cat_to_onehot: 4]
[top_k: 20]
[monotone_constraints: ]
[monotone_constraints_method: basic]
[monotone_penalty: 0]
[feature_contri: ]
[forcedsplits_filename: ]
[refit_decay_rate: 0.9]
[cegb_tradeoff: 1]
[cegb_penalty_split: 0]
[cegb_penalty_feature_lazy: ]
[cegb_penalty_feature_coupled: ]
[path_smooth: 0]
[interaction_constraints: ]
[verbosity: -1]
[saved_feature_importance_type: 0]
[use_quantized_grad: 0]
[num_grad_quant_bins: 4]
[quant_train_renew_leaf: 0]
[stochastic_rounding: 1]
[linear_tree: 0]
[max_bin: 255]
[max_bin_by_feature: ]
[min_data_in_bin: 3]
[bin_construct_sample_cnt: 200000]
[data_random_seed: 175]
[is_enable_sparse: 1]
[enable_bundle: 1]
[use_missing: 1]
[zero_as_missing: 0]
[feature_pre_filter: 1]
[pre_partition: 0]
[two_round: 0]
[header: 0]
[label_column: ]
[weight_column: ]
[group_column: ]
[ignore_column: ]
[categorical_feature: ]
[forcedbins_filename: ]
[precise_float_parser: 0]
[parser_config_file: ]
[objective_seed: 16083]
[num_class: 1]
[is_unbalance: 0]
[scale_pos_weight: 1]
[sigmoid: 1]
[boost_from_average: 1]
[reg_sqrt: 0]
[alpha: 0.9]
[fair_c: 1]
[poisson_max_delta_step: 0.7]
[tweedie_variance_power: 1.5]
[lambdarank_truncation_level: 30]
[lambdarank_norm: 1]
[label_gain: ]
[lambdarank_position_bias_regularization: 0]
[eval_at: ]
[multi_error_top_k: 1]
[auc_mu_weights: ]
[num_machines: 1]
[local_listen_port: 12400]
[time_out: 120]
[machine_list_filename: ]
[machines: ]
[gpu_platform_id: -1]
[gpu_device_id: -1]
[gpu_use_dp: 0]
[num_gpu: 1]

end of parameters

pandas_categorical:[]
