Time, UTC Time, Label, Latitude, Longitude, Altitude, Speed, HDOP, Satelites, Course, Fix, Accel UTC, Roll Degrees, Pitch Degrees, Dynamic Magnitude, Jerk, Jerk Std, Acceleration X, Acceleration Y, Acceleration Z, Standard Deviation, Energy, Zero Crossings
2026-04-26T16:56:19.048199,260426_135145.000000,1,58.3400993347168,8.582630157470703,8.300000190734863,1.6299999952316284,1.9800000190734863,4,0.0,1,260426_145556.984375,-8.995892524719238,4.2243452072143555,0.0009061011369340122,0.04066052287817001,0.04857036471366882,0.0007132464088499546,-0.0005560332792811096,-5.590943692368455e-05,0.00128917396068573,1.2127111403970048e-05,21.0
2026-04-26T16:56:22.096272,260426_135157.000000,1,58.34001922607422,8.582685470581055,18.5,1.8799999952316284,1.9800000190734863,4,0.0,1,260426_145556.984375,-8.997506141662598,4.239501953125,0.002091457135975361,0.017266657203435898,0.048745047301054,-6.138550816103816e-05,0.0019276165403425694,-0.0008091472554951906,0.0012746824650093913,1.2822702956327703e-05,23.0
2026-04-26T16:56:25.259541,260426_135158.000000,1,58.34001922607422,8.582690238952637,18.399999618530273,1.9800000190734863,1.9800000190734863,4,0.0,1,260426_145556.984375,-8.998235702514648,4.2562456130981445,0.002814579987898469,0.11433611065149307,0.04965812340378761,-0.0006071426905691624,0.0017112013883888721,-0.002150587737560272,0.0011803628876805305,1.2284505828574765e-05,21.0
2026-04-26T16:56:28.184289,260426_135159.000000,1,58.34001922607422,8.582688331604004,18.200000762939453,1.940000057220459,1.9800000190734863,4,0.0,1,260426_145556.984375,-8.999573707580566,4.278789520263672,0.0041197543032467365,0.05375438556075096,0.04343966022133827,-0.0021480971481651068,0.003505874192342162,-0.00025865226052701473,0.0012219123309478164,1.0448182365507819e-05,22.0
2026-04-26T16:56:31.276274,260426_135210.000000,1,58.34001922607422,8.582673072814941,23.100000381469727,3.119999885559082,1.9800000190734863,4,0.0,1,260426_145556.984375,-9.01010513305664,4.280898094177246,0.0030139568261802197,0.06579390168190002,0.04217827692627907,0.00045902340207248926,-0.0029551780316978693,-0.00037437520222738385,0.0013272337382659316,1.074476313078776e-05,20.0
2026-04-26T16:56:34.354098,260426_135211.000000,1,58.34001922607422,8.582677841186523,23.399999618530273,3.369999885559082,1.9800000190734863,4,0.0,1,260426_145556.984375,-9.014245986938477,4.287159442901611,0.0033221046905964613,0.1138027235865593,0.043402548879384995,-0.002588038332760334,0.0012026983313262463,-0.001700574648566544,0.0013374207774177194,1.0833322448888794e-05,18.0
2026-04-26T16:56:37.433742,260426_135212.000000,1,58.34001922607422,8.582680702209473,24.0,3.8299999237060547,1.9800000190734863,4,0.0,1,260426_145556.984375,-9.001030921936035,4.280456066131592,0.00376316555775702,0.02661580964922905,0.03881329298019409,0.00046290725003927946,0.00261916546151042,0.0026621611323207617,0.0013252783101052046,1.0309103345207404e-05,22.0
2026-04-26T16:56:40.386014,260426_135222.000000,1,58.34006881713867,8.582596778869629,23.700000762939453,6.420000076293945,1.850000023841858,5,0.0,1,260426_145628.000000,-8.997231483459473,4.286230564117432,0.00231835781596601,0.07680752873420715,0.04042556881904602,-0.0011927395826205611,-3.0345225241035223e-05,0.0019877711310982704,0.0012850043131038547,1.007302853395231e-05,19.0
2026-04-26T16:56:43.457174,260426_135223.000000,1,58.34006881713867,8.582599639892578,23.399999618530273,6.429999828338623,1.850000023841858,5,0.0,1,260426_145628.000000,-9.003852844238281,4.288064479827881,0.004361779894679785,0.08161603659391403,0.04197777062654495,-0.0032341426704078913,0.002908294787630439,0.0003275164635851979,0.001320714014582336,1.0378251317888498e-05,17.0
2026-04-26T16:56:46.456167,260426_135224.000000,1,58.34006881713867,8.582584381103516,23.0,6.429999828338623,1.850000023841858,5,0.0,1,260426_145628.000000,-8.989295959472656,4.286328315734863,0.004940931685268879,0.15073634684085846,0.04733971878886223,0.0041145444847643375,0.00267992215231061,-0.0005489496979862452,0.0013194034108892083,1.18916241262923e-05,21.0
2026-04-26T16:56:49.605444,260426_135245.000000,1,58.33993911743164,8.582758903503418,25.399999618530273,3.869999885559082,1.9900000095367432,5,0.0,1,260426_145628.000000,-8.990669250488281,4.283336162567139,0.001971970545127988,0.10346072167158127,0.04805733636021614,0.00019410988898016512,0.0010417723096907139,0.0016630394384264946,0.0013871161499992013,1.1500436812639236e-05,25.0
2026-04-26T16:56:52.612666,260426_135246.000000,1,58.33993148803711,8.582773208618164,25.0,4.039999961853027,1.9900000095367432,5,0.0,1,260426_145628.000000,-9.007047653198242,4.281813144683838,0.006491113919764757,0.17206166684627533,0.04937567189335823,5.159463034942746e-05,-0.00573867280036211,-0.003033074550330639,0.0014936572406440973,1.1534120858414099e-05,29.0
2026-04-26T16:56:55.650090,260426_135247.000000,1,58.33992004394531,8.582773208618164,24.700000762939453,4.28000020980835,1.9900000095367432,5,0.0,1,260426_145628.000000,-9.00423526763916,4.28549861907959,0.004113230854272842,0.13119331002235413,0.04796747863292694,0.0006515976274386048,0.0033386193681508303,-0.0023125114385038614,0.001377756125293672,1.1447226825112011e-05,33.0
2026-04-26T16:56:58.737312,260426_135256.000000,1,58.33924865722656,8.583008766174316,19.200000762939453,31.309999465942383,1.4900000095367432,6,0.0,1,260426_145644.984375,-8.991965293884277,4.293645858764648,0.003682885318994522,0.06895361840724945,0.048508744686841965,-0.0028136831242591143,0.0023646648041903973,0.0002349310670979321,0.0013089674757793546,1.0675064004317392e-05,33.0
2026-04-26T16:57:01.788688,260426_135257.000000,1,58.33916091918945,8.583012580871582,18.5,34.029998779296875,1.4900000095367432,6,0.0,1,260426_145644.984375,-8.987114906311035,4.2968668937683105,0.0030431202612817287,0.12186256796121597,0.0452677421271801,-0.0020451145246624947,0.0022420857567340136,-0.00022613987675867975,0.0013249727198854089,1.0537547495914623e-05,31.0
2026-04-26T16:57:01.788961,260426_135257.000000,1,58.33916091918945,8.583012580871582,18.5,34.029998779296875,1.4900000095367432,6,0.0,1,260426_145644.984375,-8.987114906311035,4.2968668937683105,0.0030431202612817287,0.12186256796121597,0.0452677421271801,-0.0020451145246624947,0.0022420857567340136,-0.00022613987675867975,0.0013249727198854089,1.0537547495914623e-05,31.0
2026-04-26T16:57:01.789593,260426_135257.000000,1,58.33916091918945,8.583012580871582,18.5,34.029998779296875,1.4900000095367432,6,0.0,1,260426_145644.984375,-8.987114906311035,4.2968668937683105,0.0030431202612817287,0.12186256796121597,0.0452677421271801,-0.0020451145246624947,0.0022420857567340136,-0.00022613987675867975,0.0013249727198854089,1.0537547495914623e-05,31.0
2026-04-26T16:57:01.862363,260426_135257.000000,1,58.33916091918945,8.583012580871582,18.5,34.029998779296875,1.4900000095367432,6,0.0,1,260426_145644.984375,-8.987114906311035,4.2968668937683105,0.0030431202612817287,0.12186256796121597,0.0452677421271801,-0.0020451145246624947,0.0022420857567340136,-0.00022613987675867975,0.0013249727198854089,1.0537547495914623e-05,31.0
2026-04-26T16:57:04.755221,260426_135258.000000,1,58.33906173706055,8.583027839660645,17.700000762939453,36.41999816894531,1.4900000095367432,6,0.0,1,260426_145644.984375,-8.984670639038086,4.293798446655273,0.0038458527997136116,0.06916047632694244,0.05197492986917496,-0.001401954679749906,-0.00355649646371603,-0.0004200459807179868,0.0016385511262342334,1.2513636647781823e-05,25.0
2026-04-26T16:57:04.755475,260426_135258.000000,1,58.33906173706055,8.583027839660645,17.700000762939453,36.41999816894531,1.4900000095367432,6,0.0,1,260426_145644.984375,-8.984670639038086,4.293798446655273,0.0038458527997136116,0.06916047632694244,0.05197492986917496,-0.001401954679749906,-0.00355649646371603,-0.0004200459807179868,0.0016385511262342334,1.2513636647781823e-05,25.0
2026-04-26T16:57:04.755633,260426_135258.000000,1,58.33906173706055,8.583027839660645,17.700000762939453,36.41999816894531,1.4900000095367432,6,0.0,1,260426_145644.984375,-8.984670639038086,4.293798446655273,0.0038458527997136116,0.06916047632694244,0.05197492986917496,-0.001401954679749906,-0.00355649646371603,-0.0004200459807179868,0.0016385511262342334,1.2513636647781823e-05,25.0
2026-04-26T16:57:04.768516,260426_135258.000000,1,58.33906173706055,8.583027839660645,17.700000762939453,36.41999816894531,1.4900000095367432,6,0.0,1,260426_145644.984375,-8.984670639038086,4.293798446655273,0.0038458527997136116,0.06916047632694244,0.05197492986917496,-0.001401954679749906,-0.00355649646371603,-0.0004200459807179868,0.0016385511262342334,1.2513636647781823e-05,25.0
2026-04-26T16:57:04.784608,260426_135258.000000,1,58.33906173706055,8.583027839660645,17.700000762939453,36.41999816894531,1.4900000095367432,6,0.0,1,260426_145644.984375,-8.984670639038086,4.293798446655273,0.0038458527997136116,0.06916047632694244,0.05197492986917496,-0.001401954679749906,-0.00355649646371603,-0.0004200459807179868,0.0016385511262342334,1.2513636647781823e-05,25.0
2026-04-26T16:57:07.863786,260426_135309.000000,1,58.33803939819336,8.583166122436523,14.300000190734863,35.630001068115234,1.350000023841858,7,0.0,1,260426_145644.984375,-8.971643447875977,4.246354103088379,0.013814234174787998,0.19166678190231323,0.06517800688743591,0.01016561035066843,-0.00412571057677269,-0.008394758217036724,0.0032287253998219967,3.077909059356898e-05,22.0
2026-04-26T16:57:10.899265,260426_135318.000000,1,58.33721160888672,8.58259391784668,20.200000762939453,35.630001068115234,1.3300000429153442,8,0.0,1,260426_145644.984375,-8.962584495544434,4.151803493499756,0.01652558706700802,1.1304905414581299,0.25544431805610657,0.010891840793192387,-0.012133707292377949,-0.002689975779503584,0.00907809566706419,0.00015065430488903075,22.0
2026-04-26T16:57:14.057077,260426_135319.000000,1,58.337120056152344,8.582526206970215,20.0,38.65999984741211,1.3300000429153442,8,0.0,1,260426_145700.000000,-8.59714126586914,4.019814968109131,0.02981629967689514,0.28713327646255493,0.253632128238678,0.025317292660474777,0.014301316812634468,-0.006596876308321953,0.012688091024756432,0.0003876181726809591,20.0
2026-04-26T16:57:16.942358,260426_135320.000000,1,58.33702850341797,8.582463264465332,19.799999237060547,36.63999938964844,1.3300000429153442,8,0.0,1,260426_145700.000000,-8.780863761901855,3.0861880779266357,0.07161889225244522,0.15681467950344086,0.39198970794677734,0.038979336619377136,-0.059936631470918655,-0.00418055709451437,0.042705684900283813,0.0029429441783577204,20.0
2026-04-26T16:57:20.011164,260426_135331.000000,1,58.33612823486328,8.581883430480957,18.399999618530273,28.790000915527344,1.3300000429153442,8,0.0,1,260426_145715.015625,-9.374238967895508,3.393702268600464,0.1301952600479126,0.7509253025054932,0.39273202419281006,-0.08251174539327621,-0.09935032576322556,0.01649632304906845,0.05085897073149681,0.004969045054167509,18.0
2026-04-26T16:57:23.108592,260426_135332.000000,1,58.33610153198242,8.581808090209961,18.399999618530273,24.0,1.3300000429153442,8,0.0,1,260426_145715.015625,-9.356412887573242,4.041358470916748,0.10644929111003876,0.6200462579727173,0.4253402054309845,-0.09388917684555054,0.04964510351419449,0.00718588987365365,0.04935525730252266,0.006120545789599419,20.0
2026-04-26T16:57:26.052569,260426_135343.000000,1,58.33607864379883,8.581673622131348,17.600000381469727,0.0,1.090000033378601,9,0.0,1,260426_145715.015625,-9.272496223449707,4.533473968505859,0.15847289562225342,1.042988657951355,0.43842455744743347,-0.15187256038188934,-0.03905537724494934,-0.022870637476444244,0.04587987810373306,0.007675802800804377,16.0
2026-04-26T16:57:29.129788,260426_135352.000000,1,58.33631134033203,8.581014633178711,16.200000762939453,36.689998626708984,1.159999966621399,9,0.0,1,260426_145715.015625,-7.586778163909912,4.460387706756592,0.025244733318686485,0.18141186237335205,0.45290786027908325,0.01065665390342474,-0.020573008805513382,-0.01002415455877781,0.0528203547000885,0.012651916593313217,12.0
2026-04-26T16:57:32.209298,260426_135353.000000,1,58.33638000488281,8.58086109161377,15.800000190734863,41.619998931884766,1.159999966621399,9,0.0,1,260426_145715.015625,-8.69023609161377,4.268987655639648,0.15747277438640594,0.1666802018880844,0.3879929780960083,0.025881072506308556,-0.15532837808132172,-0.0009684544056653976,0.052747808396816254,0.012224746868014336,8.0
2026-04-26T16:57:35.276104,260426_135354.000000,1,58.336448669433594,8.5806884765625,15.5,45.70000076293945,1.090000033378601,9,0.0,1,260426_145715.015625,-10.28780746459961,2.64536190032959,0.12909667193889618,0.4385583996772766,0.3872125446796417,0.00946092326194048,-0.1278943568468094,0.014814678579568863,0.05949865281581879,0.01596817374229431,8.0
2026-04-26T16:57:38.219214,260426_135404.000000,1,58.33713912963867,8.578451156616211,14.100000381469727,55.88999938964844,1.090000033378601,9,0.0,1,260426_145715.015625,-11.380501747131348,3.6905503273010254,0.08493607491254807,0.3039599061012268,0.3779802918434143,-0.07835738360881805,-0.027405807748436928,0.01797715574502945,0.05635525658726692,0.01791631430387497,10.0
2026-04-26T16:57:41.577808,260426_135414.000000,1,58.33790969848633,8.576350212097168,16.600000381469727,48.599998474121094,1.3200000524520874,8,0.0,1,260426_145731.015625,-11.39831256866455,4.13515567779541,0.12278516590595245,1.2431726455688477,0.5069853663444519,-0.11204984039068222,0.048286620527505875,0.013763400726020336,0.05637803301215172,0.01563442312180996,12.0
2026-04-26T16:57:44.389557,260426_135423.000000,1,58.338401794433594,8.575265884399414,18.600000381469727,28.6200008392334,1.159999966621399,9,0.0,1,260426_145731.015625,-10.814460754394531,4.6618757247924805,0.15117818117141724,4.313276767730713,0.8076717257499695,0.06475293636322021,0.08828113973140717,-0.10425132513046265,0.04673658683896065,0.015730882063508034,16.0
2026-04-26T16:57:47.498100,260426_135424.000000,1,58.33842849731445,8.5751314163208,18.600000381469727,30.1200008392334,1.090000033378601,9,0.0,1,260426_145731.015625,-10.089077949523926,4.930731296539307,0.07910840213298798,0.627295732498169,0.7909595966339111,-0.037660080939531326,0.06949938833713531,0.003113395534455776,0.04089929908514023,0.01595679484307766,20.0
2026-04-26T16:57:47.498313,260426_135424.000000,1,58.33842849731445,8.5751314163208,18.600000381469727,30.1200008392334,1.090000033378601,9,0.0,1,260426_145731.015625,-10.089077949523926,4.930731296539307,0.07910840213298798,0.627295732498169,0.7909595966339111,-0.037660080939531326,0.06949938833713531,0.003113395534455776,0.04089929908514023,0.01595679484307766,20.0
2026-04-26T16:57:47.498690,260426_135424.000000,1,58.33842849731445,8.5751314163208,18.600000381469727,30.1200008392334,1.090000033378601,9,0.0,1,260426_145731.015625,-10.089077949523926,4.930731296539307,0.07910840213298798,0.627295732498169,0.7909595966339111,-0.037660080939531326,0.06949938833713531,0.003113395534455776,0.04089929908514023,0.01595679484307766,20.0
2026-04-26T16:57:47.587290,260426_135424.000000,1,58.33842849731445,8.5751314163208,18.600000381469727,30.1200008392334,1.090000033378601,9,0.0,1,260426_145731.015625,-10.089077949523926,4.930731296539307,0.07910840213298798,0.627295732498169,0.7909595966339111,-0.037660080939531326,0.06949938833713531,0.003113395534455776,0.04089929908514023,0.01595679484307766,20.0
2026-04-26T16:57:50.468538,260426_135433.000000,1,58.33903884887695,8.573468208312988,19.600000381469727,58.11000061035156,0.8799999952316284,10,0.0,1,260426_145746.000000,-9.418469429016113,5.089406967163086,0.08049848675727844,0.401336669921875,0.8375042080879211,-0.012727940455079079,0.07845409214496613,0.012765642255544662,0.03605853021144867,0.009476969949901104,24.0
2026-04-26T16:57:53.535487,260426_135434.000000,1,58.33911895751953,8.57324504852295,19.5,58.11000061035156,0.8899999856948853,10,0.0,1,260426_145746.000000,-8.622736930847168,5.043666362762451,0.11030710488557816,2.070265769958496,0.9522240161895752,0.10882101953029633,0.014333113096654415,-0.01096383761614561,0.03309633582830429,0.008013992570340633,24.0
2026-04-26T16:57:56.572681,260426_135443.000000,1,58.34001922607422,8.571399688720703,17.899999618530273,56.84000015258789,0.9700000882148743,9,0.0,1,260426_145747.015625,-8.327868461608887,3.988069534301758,0.0724608525633812,1.6108145713806152,0.9456836581230164,0.0597192645072937,0.03937017172574997,0.011583372950553894,0.037049151957035065,0.009524143300950527,22.0
2026-04-26T16:57:59.651357,260426_135444.000000,1,58.34012985229492,8.571213722229004,18.299999237060547,56.83000183105469,0.9599999189376831,9,0.0,1,260426_145747.015625,-8.175568580627441,4.462223529815674,0.08426297456026077,6.0165934562683105,1.2491897344589233,0.002206356730312109,-0.038318932056427,-0.07501360028982162,0.04034137353301048,0.009784857742488384,22.0
2026-04-26T16:58:02.782053,260426_135453.000000,1,58.340789794921875,8.569366455078125,22.600000381469727,46.029998779296875,0.9100000262260437,10,0.0,1,260426_145747.015625,-7.95414400100708,4.501178741455078,0.019668584689497948,0.9274020195007324,1.2576425075531006,0.016034958884119987,0.007257499732077122,-0.008778497576713562,0.04344558343291283,0.009133616462349892,26.0
2026-04-26T16:58:05.684116,260426_135454.000000,1,58.34083938598633,8.569172859191895,23.0,42.86000061035156,0.9100000262260437,10,0.0,1,260426_145747.015625,-7.698586463928223,4.54360818862915,0.05688422918319702,0.8588293790817261,1.2543303966522217,-0.01906352862715721,0.05356752872467041,-0.0017080139368772507,0.04558049514889717,0.008863587863743305,26.0
2026-04-26T16:58:05.684388,260426_135454.000000,1,58.34083938598633,8.569172859191895,23.0,42.86000061035156,0.9100000262260437,10,0.0,1,260426_145747.015625,-7.698586463928223,4.54360818862915,0.05688422918319702,0.8588293790817261,1.2543303966522217,-0.01906352862715721,0.05356752872467041,-0.0017080139368772507,0.04558049514889717,0.008863587863743305,26.0
2026-04-26T16:58:05.684904,260426_135454.000000,1,58.34083938598633,8.569172859191895,23.0,42.86000061035156,0.9100000262260437,10,0.0,1,260426_145747.015625,-7.698586463928223,4.54360818862915,0.05688422918319702,0.8588293790817261,1.2543303966522217,-0.01906352862715721,0.05356752872467041,-0.0017080139368772507,0.04558049514889717,0.008863587863743305,26.0
2026-04-26T16:58:05.697899,260426_135454.000000,1,58.34083938598633,8.569172859191895,23.0,42.86000061035156,0.9100000262260437,10,0.0,1,260426_145747.015625,-7.698586463928223,4.54360818862915,0.05688422918319702,0.8588293790817261,1.2543303966522217,-0.01906352862715721,0.05356752872467041,-0.0017080139368772507,0.04558049514889717,0.008863587863743305,26.0
2026-04-26T16:58:08.755181,260426_135502.000000,1,58.341041564941406,8.568428993225098,25.100000381469727,7.340000152587891,0.8799999952316284,10,0.0,1,260426_145747.015625,-7.6253662109375,5.120659351348877,0.017090430483222008,0.9949586987495422,1.1900615692138672,-0.013684251345694065,0.010224968194961548,-0.0005235609132796526,0.04488878324627876,0.007122789043933153,28.0
2026-04-26T16:58:08.755620,260426_135502.000000,1,58.341041564941406,8.568428993225098,25.100000381469727,7.340000152587891,0.8799999952316284,10,0.0,1,260426_145747.015625,-7.6253662109375,5.120659351348877,0.017090430483222008,0.9949586987495422,1.1900615692138672,-0.013684251345694065,0.010224968194961548,-0.0005235609132796526,0.04488878324627876,0.007122789043933153,28.0
2026-04-26T16:58:08.789062,260426_135502.000000,1,58.341041564941406,8.568428993225098,25.100000381469727,7.340000152587891,0.8799999952316284,10,0.0,1,260426_145747.015625,-7.6253662109375,5.120659351348877,0.017090430483222008,0.9949586987495422,1.1900615692138672,-0.013684251345694065,0.010224968194961548,-0.0005235609132796526,0.04488878324627876,0.007122789043933153,28.0
2026-04-26T16:58:11.862562,260426_135503.000000,1,58.341060638427734,8.568389892578125,25.299999237060547,14.130000114440918,0.9100000262260437,10,0.0,1,260426_145747.015625,-7.854696750640869,5.184235572814941,0.03644037991762161,1.876192331314087,1.195540189743042,0.012271049432456493,-0.0030106855556368828,0.034179795533418655,0.037025559693574905,0.004621637053787708,28.0
2026-04-26T16:58:14.807486,260426_135511.000000,1,58.34138107299805,8.568273544311523,27.100000381469727,15.0600004196167,0.9100000262260437,10,0.0,1,260426_145747.015625,-7.4392170906066895,4.292791366577148,0.11894726008176804,2.241844892501831,0.7227320671081543,0.06559520214796066,0.09899354726076126,-0.006782231852412224,0.031228620558977127,0.0041924272663891315,24.0
2026-04-26T16:58:17.908105,260426_135512.000000,1,58.341400146484375,8.56824016571045,27.700000762939453,11.670000076293945,0.9100000262260437,10,0.0,1,260426_145803.015625,-5.795270919799805,2.668670892715454,0.14682354032993317,0.45158466696739197,0.7184288501739502,0.052738212049007416,0.13686031103134155,0.0067144595086574554,0.05747096613049507,0.010942881926894188,24.0
2026-04-26T16:58:17.908372,260426_135512.000000,1,58.341400146484375,8.56824016571045,27.700000762939453,11.670000076293945,0.9100000262260437,10,0.0,1,260426_145803.015625,-5.795270919799805,2.668670892715454,0.14682354032993317,0.45158466696739197,0.7184288501739502,0.052738212049007416,0.13686031103134155,0.0067144595086574554,0.05747096613049507,0.010942881926894188,24.0
2026-04-26T16:58:17.908824,260426_135512.000000,1,58.341400146484375,8.56824016571045,27.700000762939453,11.670000076293945,0.9100000262260437,10,0.0,1,260426_145803.015625,-5.795270919799805,2.668670892715454,0.14682354032993317,0.45158466696739197,0.7184288501739502,0.052738212049007416,0.13686031103134155,0.0067144595086574554,0.05747096613049507,0.010942881926894188,24.0
2026-04-26T16:58:17.973956,260426_135512.000000,1,58.341400146484375,8.56824016571045,27.700000762939453,11.670000076293945,0.9100000262260437,10,0.0,1,260426_145803.015625,-5.795270919799805,2.668670892715454,0.14682354032993317,0.45158466696739197,0.7184288501739502,0.052738212049007416,0.13686031103134155,0.0067144595086574554,0.05747096613049507,0.010942881926894188,24.0
2026-04-26T16:58:20.935909,260426_135520.000000,1,58.34149169921875,8.568268775939941,28.700000762939453,4.239999771118164,0.8799999952316284,10,0.0,1,260426_145803.015625,-7.603621482849121,1.0219712257385254,0.4505959451198578,7.404557704925537,1.2389713525772095,0.34390702843666077,-0.25913748145103455,-0.1327117532491684,0.09386876225471497,0.024181656539440155,24.0
2026-04-26T16:58:24.006816,260426_135530.000000,1,58.34148025512695,8.568273544311523,29.299999237060547,0.25,0.8799999952316284,10,0.0,1,260426_145818.000000,-8.693801879882812,0.896847665309906,0.15412548184394836,0.8541891574859619,1.2705391645431519,-0.058476533740758896,-0.1423148810863495,-0.009035062044858932,0.08880390971899033,0.02903885580599308,18.0
2026-04-26T16:58:27.078142,260426_135531.000000,1,58.341461181640625,8.56828498840332,29.5,0.25,0.8799999952316284,10,0.0,1,260426_145818.000000,-9.576248168945312,1.1761637926101685,0.25224101543426514,1.8409771919250488,1.3972485065460205,-0.055613212287425995,-0.24061235785484314,-0.05136523023247719,0.07982849329710007,0.03319636359810829,20.0
2026-04-26T16:58:30.066041,260426_135539.000000,1,58.341461181640625,8.568324089050293,30.0,0.0,0.8799999952316284,10,0.0,1,260426_145818.000000,-10.962554931640625,1.7812284231185913,0.0810929462313652,0.6114038825035095,1.3894779682159424,-0.04676492139697075,-0.06130879372358322,-0.025106575340032578,0.06929043680429459,0.03467593342065811,16.0
2026-04-26T16:58:33.131515,260426_135540.000000,1,58.341461181640625,8.568324089050293,30.0,0.0,0.8199999928474426,12,0.0,1,260426_145819.015625,-10.968917846679688,2.0046842098236084,0.06301671266555786,1.37272310256958,1.3887317180633545,0.017841098830103874,0.012482230551540852,-0.05913539603352547,0.08776245266199112,0.028100203722715378,17.0
2026-04-26T16:58:36.224437,260426_135548.000000,1,58.341461181640625,8.568324089050293,30.0,0.0,0.8199999928474426,12,0.0,1,260426_145819.015625,-10.155878067016602,2.2901082038879395,0.12671644985675812,1.2972145080566406,0.9644275307655334,-0.055603984743356705,0.09640282392501831,-0.06059494987130165,0.05638239532709122,0.01599554345011711,15.0
2026-04-26T16:58:39.266683,260426_135549.000000,1,58.341461181640625,8.568324089050293,30.0,0.0,0.8199999928474426,12,0.0,1,260426_145834.000000,-9.90174674987793,2.8230931758880615,0.041630133986473083,1.02463698387146,0.927666962146759,-0.02716059796512127,-0.03112611547112465,-0.005151213146746159,0.04940475896000862,0.01194574125111103,15.0
2026-04-26T16:58:42.245233,260426_135557.000000,1,58.341461181640625,8.568324089050293,30.0,0.0,0.8199999928474426,12,0.0,1,260426_145834.000000,-9.678540229797363,2.9578230381011963,0.05584857985377312,0.9731120467185974,0.6185768246650696,-0.04319315403699875,0.031524498015642166,-0.01611277274787426,0.039023470133543015,0.007815555669367313,17.0
2026-04-26T16:58:45.318308,260426_135558.000000,1,58.341461181640625,8.568324089050293,30.0,0.0,0.8199999928474426,12,0.0,1,260426_145834.000000,-9.246721267700195,3.1746134757995605,0.047734811902046204,0.4480960965156555,0.5916420221328735,-0.028064820915460587,0.037688832730054855,-0.008398231118917465,0.03423144295811653,0.004995304625481367,21.0
2026-04-26T16:58:48.403600,260426_135607.000000,1,58.341461181640625,8.568324089050293,30.0,0.0,0.8199999928474426,12,0.0,1,260426_145834.000000,-7.517566204071045,2.950228214263916,0.12899497151374817,1.118350625038147,0.5102626085281372,0.0749366357922554,0.10359659790992737,-0.017086446285247803,0.042236026376485825,0.00851571187376976,16.0
2026-04-26T16:58:51.448161,260426_135615.000000,1,58.341461181640625,8.568324089050293,30.0,0.0,0.8399999737739563,12,0.0,1,260426_145834.000000,-7.107802391052246,2.14603328704834,0.03818457946181297,0.5465351343154907,0.43149334192276,0.035683032125234604,0.013592814095318317,-0.00013750698417425156,0.041489481925964355,0.007310884539037943,16.0
2026-04-26T16:58:54.423039,260426_135616.000000,1,58.341461181640625,8.568324089050293,30.0,0.0,0.8399999737739563,12,0.0,1,260426_145835.015625,-7.623623847961426,4.995106220245361,0.15502901375293732,0.9712303280830383,0.49385979771614075,-0.11207695305347443,-0.09938089549541473,-0.03995237499475479,0.07669295370578766,0.01877567544579506,14.0
2026-04-26T16:58:57.489157,260426_135624.000000,1,58.341461181640625,8.568324089050293,30.0,0.0,0.800000011920929,13,0.0,1,260426_145835.015625,-8.838030815124512,3.776672601699829,0.1740877479314804,0.92039954662323,0.5866206884384155,0.12992067635059357,-0.11587245762348175,-0.0008599506691098213,0.07200255990028381,0.024299977347254753,20.0
2026-04-26T16:59:00.569276,260426_135635.000000,1,58.341461181640625,8.568324089050293,30.0,0.0,0.800000011920929,13,0.0,1,260426_145850.000000,-9.266704559326172,3.875821352005005,0.12037194520235062,2.0184788703918457,0.6594628691673279,-0.08271007239818573,0.06994463503360748,0.05249950662255287,0.06910969316959381,0.025071876123547554,20.0
2026-04-26T16:59:00.569525,260426_135635.000000,1,58.341461181640625,8.568324089050293,30.0,0.0,0.800000011920929,13,0.0,1,260426_145850.000000,-9.266704559326172,3.875821352005005,0.12037194520235062,2.0184788703918457,0.6594628691673279,-0.08271007239818573,0.06994463503360748,0.05249950662255287,0.06910969316959381,0.025071876123547554,20.0
2026-04-26T16:59:00.569687,260426_135635.000000,1,58.341461181640625,8.568324089050293,30.0,0.0,0.800000011920929,13,0.0,1,260426_145850.000000,-9.266704559326172,3.875821352005005,0.12037194520235062,2.0184788703918457,0.6594628691673279,-0.08271007239818573,0.06994463503360748,0.05249950662255287,0.06910969316959381,0.025071876123547554,20.0
2026-04-26T16:59:00.658166,260426_135635.000000,1,58.341461181640625,8.568324089050293,30.0,0.0,0.800000011920929,13,0.0,1,260426_145850.000000,-9.266704559326172,3.875821352005005,0.12037194520235062,2.0184788703918457,0.6594628691673279,-0.08271007239818573,0.06994463503360748,0.05249950662255287,0.06910969316959381,0.025071876123547554,20.0
2026-04-26T16:59:03.718638,260426_135643.000000,1,58.341461181640625,8.568324089050293,30.0,0.0,0.7799999713897705,14,0.0,1,260426_145850.000000,-9.275835990905762,3.852724552154541,0.007547823246568441,0.4182986319065094,0.6624450087547302,-0.004420374054461718,-0.005001053214073181,-0.0035241153091192245,0.08117346465587616,0.02233145199716091,26.0
2026-04-26T16:59:06.607074,260426_135644.000000,1,58.341461181640625,8.568324089050293,30.0,0.0,0.7799999713897705,14,0.0,1,260426_145850.000000,-9.17137336730957,3.6412436962127686,0.023326760157942772,0.7454543113708496,0.7367379665374756,0.006976150907576084,0.014794372953474522,0.016631221398711205,0.08646612614393234,0.02095063030719757,24.0
2026-04-26T16:59:09.744317,260426_135652.000000,1,58.341461181640625,8.568324089050293,30.0,0.0,0.7799999713897705,14,0.0,1,260426_145850.000000,-8.85140609741211,3.4714746475219727,0.024584976956248283,0.8839967250823975,0.711970329284668,0.022066477686166763,-0.00591280497610569,0.009084618650376797,0.06336908042430878,0.01082679908722639,24.0
2026-04-26T16:59:12.744945,260426_135700.000000,1,58.341461181640625,8.568324089050293,30.0,0.0,0.7599999904632568,13,0.0,1,260426_145850.000000,-8.991256713867188,3.6649649143218994,0.07078710943460464,1.0142658948898315,0.6828559637069702,-0.05654064565896988,0.035974692553281784,0.02279895544052124,0.03127891570329666,0.003486882196739316,22.0
2026-04-26T16:59:15.821322,260426_135701.000000,1,58.341461181640625,8.568324089050293,30.0,0.0,0.7799999713897705,14,0.0,1,260426_145906.000000,-8.943587303161621,4.180734157562256,0.052304428070783615,1.3934050798416138,0.6490729451179504,0.02741577848792076,0.04416164755821228,-0.005820447113364935,0.023694273084402084,0.002847658470273018,20.0
2026-04-26T16:59:18.786969,260426_135709.000000,1,58.341461181640625,8.568324089050293,30.0,0.0,0.7900000214576721,13,0.0,1,260426_145906.000000,-8.95829963684082,3.9466311931610107,0.049952659755945206,1.2064430713653564,0.609191358089447,-0.045533694326877594,0.01170833595097065,-0.016877969726920128,0.018712343648076057,0.0026475703343749046,22.0
2026-04-26T16:59:21.980754,260426_135710.000000,1,58.341461181640625,8.568324089050293,30.0,0.0,0.7900000214576721,13,0.0,1,260426_145906.000000,-8.82951545715332,4.2798542976379395,0.035691920667886734,1.6224273443222046,0.6352964639663696,-0.025949176400899887,-0.01573258638381958,0.018789341673254967,0.01898106187582016,0.0029000716749578714,26.0
2026-04-26T16:59:24.859800,260426_135718.000000,1,58.341461181640625,8.568324089050293,30.0,0.0,0.7900000214576721,13,0.0,1,260426_145906.000000,-8.795306205749512,4.242891311645508,0.04896147549152374,0.7758840322494507,0.741981029510498,0.039682354778051376,0.018917610868811607,0.02155599743127823,0.023626694455742836,0.0034356273245066404,26.0
2026-04-26T16:59:28.004033,260426_135727.000000,1,58.341461181640625,8.568324089050293,30.0,0.0,0.8100000023841858,12,0.0,1,260426_145906.000000,-8.72807502746582,4.5608320236206055,0.058493953198194504,3.4811313152313232,0.9383146166801453,0.05024809017777443,0.027898328378796577,-0.010879100300371647,0.031404729932546616,0.004391124937683344,26.0
2026-04-26T16:59:31.073996,260426_135735.000000,1,58.341461181640625,8.568324089050293,30.0,0.0,0.7699999809265137,13,0.0,1,260426_145906.000000,-7.373460292816162,4.590770721435547,0.08097776025533676,2.761493682861328,1.0927393436431885,-0.028192583471536636,0.06835532188415527,-0.03301704302430153,0.03871363401412964,0.006790410727262497,25.0
2026-04-26T16:59:34.096207,260426_135736.000000,1,58.341461181640625,8.568324089050293,30.0,0.0,0.800000011920929,13,0.0,1,260426_145922.000000,-6.7339677810668945,3.9885711669921875,0.13397875428199768,0.9778847694396973,1.1580497026443481,0.11970493942499161,0.05960759520530701,-0.008244451135396957,0.04069150611758232,0.008348695933818817,27.0
2026-04-26T16:59:37.344595,260426_135745.000000,1,58.341461181640625,8.568324089050293,30.0,0.0,0.800000011920929,13,0.0,1,260426_145922.000000,-6.414871692657471,1.9957525730133057,0.31593286991119385,2.0659778118133545,1.163220763206482,0.30554696917533875,0.02265697531402111,-0.07707978039979935,0.06360983848571777,0.01617242954671383,25.0
2026-04-26T16:59:40.311996,260426_135753.000000,1,58.341461181640625,8.568324089050293,30.0,0.0,0.800000011920929,13,0.0,1,260426_145922.000000,-6.320986270904541,3.8895680904388428,0.1628427654504776,0.7877405881881714,1.137259602546692,-0.14088745415210724,-0.009853264316916466,-0.08106420189142227,0.0702257975935936,0.023707784712314606,25.0
2026-04-26T16:59:43.319867,260426_135802.000000,1,58.341461181640625,8.568324089050293,30.0,0.0,0.800000011920929,13,0.0,1,260426_145936.984375,-5.835242748260498,3.505988597869873,0.04341281205415726,0.23378607630729675,0.9611989259719849,-0.03795154020190239,0.010123391635715961,0.018489714711904526,0.06866832822561264,0.02372721955180168,21.0
2026-04-26T16:59:46.399332,260426_135810.000000,1,58.341461181640625,8.568324089050293,30.0,0.0,0.800000011920929,13,0.0,1,260426_145936.984375,-5.210590839385986,3.5432753562927246,0.07331657409667969,0.5276995897293091,0.8367335796356201,0.017483549192547798,0.06913091242313385,0.017045889049768448,0.07168632745742798,0.022402573376893997,20.0
2026-04-26T16:59:49.404608,260426_135811.000000,1,58.341461181640625,8.568324089050293,30.0,0.0,0.800000011920929,13,0.0,1,260426_145936.984375,-5.637612819671631,3.603606700897217,0.03601262345910072,0.057858239859342575,0.5398007035255432,-0.009137950837612152,-0.034823328256607056,0.0008617735002189875,0.07676994800567627,0.02127641625702381,18.0
2026-04-26T16:59:52.549795,260426_135819.000000,1,58.341461181640625,8.568324089050293,30.0,0.0,0.7699999809265137,14,0.0,1,260426_145936.984375,-6.0902204513549805,3.6725621223449707,0.03604588285088539,0.15141677856445312,0.4541909098625183,-0.0012579364702105522,-0.03593822941184044,-0.002483314834535122,0.06763836741447449,0.012313403189182281,16.0
2026-04-26T16:59:55.423228,260426_135820.000000,1,58.341461181640625,8.568324089050293,30.0,0.0,0.7699999809265137,14,0.0,1,260426_145936.984375,-6.896212577819824,3.738035202026367,0.08708607405424118,1.8456851243972778,0.7265760898590088,-0.031453847885131836,0.07804004102945328,-0.022458642721176147,0.0372832752764225,0.005247415509074926,14.0
2026-04-26T16:59:58.506750,260426_135828.000000,1,58.341461181640625,8.568324089050293,30.0,0.0,0.7799999713897705,13,0.0,1,260426_145936.984375,-7.023764610290527,3.8147358894348145,0.011612934060394764,0.08181341737508774,0.7067588567733765,-0.005554760340601206,-0.00941453967243433,0.003920626826584339,0.03541993722319603,0.003249941160902381,16.0
2026-04-26T17:00:01.510649,260426_135837.000000,1,58.341461181640625,8.568324089050293,30.0,0.0,0.800000011920929,13,0.0,1,260426_145952.984375,-7.107685089111328,3.8561432361602783,0.009998323395848274,0.06074659153819084,0.7088525891304016,-0.00341725698672235,-0.009148925542831421,0.0021414938382804394,0.03584858775138855,0.0023331851698458195,10.0
2026-04-26T17:00:04.658310,260426_135845.000000,1,58.341461181640625,8.568324089050293,30.0,0.0,0.7400000095367432,14,0.0,1,260426_145952.984375,-7.161615371704102,3.8665924072265625,0.006799506489187479,0.08744752407073975,0.709976315498352,0.0007795702549628913,-0.00662060035392642,0.0013391089159995317,0.03695756569504738,0.002184647601097822,8.0
2026-04-26T17:00:07.630042,260426_135846.000000,1,58.341461181640625,8.568324089050293,30.0,0.0,0.7699999809265137,14,0.0,1,260426_145952.984375,-7.226238250732422,3.8995912075042725,0.0060569304041564465,0.08087928593158722,0.7126195430755615,-0.0018585746875032783,-0.005357815884053707,0.0021274203900247812,0.03428962454199791,0.0014854551991447806,10.0
2026-04-26T17:00:10.700999,260426_135854.000000,1,58.341461181640625,8.568324089050293,30.0,0.0,0.7699999809265137,14,0.0,1,260426_145952.984375,-7.262585639953613,3.921704053878784,0.006147362291812897,0.04080985113978386,0.07188764214515686,-0.0031119617633521557,-0.004480034112930298,0.00283461669459939,0.003245692700147629,7.740480214124545e-05,8.0
2026-04-26T17:00:13.691016,260426_135855.000000,1,58.341461181640625,8.568324089050293,30.0,0.0,0.7699999809265137,14,0.0,1,260426_145952.984375,-7.3336992263793945,3.9455387592315674,0.0031581721268594265,0.03445480763912201,0.04930732771754265,-0.00223543681204319,-0.0010762452147901058,0.001954115927219391,0.0022217268124222755,4.133205220568925e-05,13.0
2026-04-26T17:00:16.841662,260426_135903.000000,1,58.341461181640625,8.568324089050293,30.0,0.0,0.7699999809265137,14,0.0,1,260426_150008.000000,-7.3564863204956055,3.954467535018921,0.0041783517226576805,0.04896191507577896,0.04970044642686844,-0.002637856639921665,-0.0031512288842350245,0.000755045679397881,0.002159303752705455,3.2008956623030826e-05,17.0
2026-04-26T17:00:16.841782,260426_135903.000000,1,58.341461181640625,8.568324089050293,30.0,0.0,0.7699999809265137,14,0.0,1,260426_150008.000000,-7.3564863204956055,3.954467535018921,0.0041783517226576805,0.04896191507577896,0.04970044642686844,-0.002637856639921665,-0.0031512288842350245,0.000755045679397881,0.002159303752705455,3.2008956623030826e-05,17.0
2026-04-26T17:00:16.842357,260426_135903.000000,1,58.341461181640625,8.568324089050293,30.0,0.0,0.7699999809265137,14,0.0,1,260426_150008.000000,-7.3564863204956055,3.954467535018921,0.0041783517226576805,0.04896191507577896,0.04970044642686844,-0.002637856639921665,-0.0031512288842350245,0.000755045679397881,0.002159303752705455,3.2008956623030826e-05,17.0
2026-04-26T17:00:16.853661,260426_135903.000000,1,58.341461181640625,8.568324089050293,30.0,0.0,0.7699999809265137,14,0.0,1,260426_150008.000000,-7.3564863204956055,3.954467535018921,0.0041783517226576805,0.04896191507577896,0.04970044642686844,-0.002637856639921665,-0.0031512288842350245,0.000755045679397881,0.002159303752705455,3.2008956623030826e-05,17.0
2026-04-26T17:00:19.814222,260426_135904.000000,1,58.341461181640625,8.568324089050293,30.0,0.0,0.7699999809265137,14,0.0,1,260426_150008.000000,-7.382546901702881,3.953549861907959,0.0030145016498863697,0.04721773415803909,0.04152567312121391,-0.000937764358241111,-0.002659208606928587,-0.0010660337284207344,0.0020416146144270897,2.6694364350987598e-05,19.0
2026-04-26T17:00:19.814552,260426_135904.000000,1,58.341461181640625,8.568324089050293,30.0,0.0,0.7699999809265137,14,0.0,1,260426_150008.000000,-7.382546901702881,3.953549861907959,0.0030145016498863697,0.04721773415803909,0.04152567312121391,-0.000937764358241111,-0.002659208606928587,-0.0010660337284207344,0.0020416146144270897,2.6694364350987598e-05,19.0
2026-04-26T17:00:19.815189,260426_135904.000000,1,58.341461181640625,8.568324089050293,30.0,0.0,0.7699999809265137,14,0.0,1,260426_150008.000000,-7.382546901702881,3.953549861907959,0.0030145016498863697,0.04721773415803909,0.04152567312121391,-0.000937764358241111,-0.002659208606928587,-0.0010660337284207344,0.0020416146144270897,2.6694364350987598e-05,19.0
2026-04-26T17:00:19.818992,260426_135904.000000,1,58.341461181640625,8.568324089050293,30.0,0.0,0.7699999809265137,14,0.0,1,260426_150008.000000,-7.382546901702881,3.953549861907959,0.0030145016498863697,0.04721773415803909,0.04152567312121391,-0.000937764358241111,-0.002659208606928587,-0.0010660337284207344,0.0020416146144270897,2.6694364350987598e-05,19.0
2026-04-26T17:00:22.883436,260426_135912.000000,1,58.341461181640625,8.568324089050293,30.0,0.0,0.7699999809265137,14,0.0,1,260426_150008.000000,-7.393820285797119,3.9612538814544678,0.002862706081941724,0.05034326761960983,0.039678409695625305,-0.0017939265817403793,-0.0003128866956103593,0.0022088491823524237,0.001752481795847416,1.8799055396812037e-05,17.0
2026-04-26T17:00:25.965788,260426_135921.000000,1,58.341461181640625,8.568324089050293,30.0,0.0,0.7699999809265137,14,0.0,1,260426_150008.984375,-7.406170845031738,3.9693667888641357,0.002320069121196866,0.08179308474063873,0.04349469393491745,-0.002294350415468216,0.00010351141099818051,-0.00032857636688277125,0.0015423651784658432,1.4449551599682309e-05,23.0
2026-04-26T17:00:28.916463,260426_135929.000000,1,58.341461181640625,8.568324089050293,30.0,0.0,0.7699999809265137,14,0.0,1,260426_150008.984375,-7.4250617027282715,3.978837251663208,0.0026063506957143545,0.03591897711157799,0.03840045630931854,-0.00024277722695842385,-0.0016889332327991724,0.0019701849669218063,0.0011093046050518751,1.0821639079949819e-05,23.0
2026-04-26T17:00:32.000536,260426_135930.000000,1,58.341461181640625,8.568324089050293,30.0,0.0,0.8299999833106995,13,0.0,1,260426_150008.984375,-7.421730041503906,3.9846088886260986,0.0031595942564308643,0.11059548705816269,0.03961853310465813,-0.0014985684538260102,-0.0022358663845807314,-0.001654759980738163,0.0010304253082722425,1.0284594281984027e-05,23.0
2026-04-26T17:00:32.000829,260426_135930.000000,1,58.341461181640625,8.568324089050293,30.0,0.0,0.8299999833106995,13,0.0,1,260426_150008.984375,-7.421730041503906,3.9846088886260986,0.0031595942564308643,0.11059548705816269,0.03961853310465813,-0.0014985684538260102,-0.0022358663845807314,-0.001654759980738163,0.0010304253082722425,1.0284594281984027e-05,23.0
2026-04-26T17:00:32.001025,260426_135930.000000,1,58.341461181640625,8.568324089050293,30.0,0.0,0.8299999833106995,13,0.0,1,260426_150008.984375,-7.421730041503906,3.9846088886260986,0.0031595942564308643,0.11059548705816269,0.03961853310465813,-0.0014985684538260102,-0.0022358663845807314,-0.001654759980738163,0.0010304253082722425,1.0284594281984027e-05,23.0
2026-04-26T17:00:32.048669,260426_135930.000000,1,58.341461181640625,8.568324089050293,30.0,0.0,0.8299999833106995,13,0.0,1,260426_150008.984375,-7.421730041503906,3.9846088886260986,0.0031595942564308643,0.11059548705816269,0.03961853310465813,-0.0014985684538260102,-0.0022358663845807314,-0.001654759980738163,0.0010304253082722425,1.0284594281984027e-05,23.0
2026-04-26T17:00:35.067963,260426_135938.000000,1,58.341461181640625,8.568324089050293,30.0,0.0,0.8299999833106995,13,0.0,1,260426_150008.984375,-7.423408508300781,3.9913253784179688,0.001795329968445003,0.07027623057365417,0.03929562121629715,0.0007399592432193458,-0.001248961198143661,-0.0010562982643023133,0.0008979141712188721,8.409659130848013e-06,27.0
2026-04-26T17:00:35.068090,260426_135938.000000,1,58.341461181640625,8.568324089050293,30.0,0.0,0.8299999833106995,13,0.0,1,260426_150008.984375,-7.423408508300781,3.9913253784179688,0.001795329968445003,0.07027623057365417,0.03929562121629715,0.0007399592432193458,-0.001248961198143661,-0.0010562982643023133,0.0008979141712188721,8.409659130848013e-06,27.0
2026-04-26T17:00:35.068190,260426_135938.000000,1,58.341461181640625,8.568324089050293,30.0,0.0,0.8299999833106995,13,0.0,1,260426_150008.984375,-7.423408508300781,3.9913253784179688,0.001795329968445003,0.07027623057365417,0.03929562121629715,0.0007399592432193458,-0.001248961198143661,-0.0010562982643023133,0.0008979141712188721,8.409659130848013e-06,27.0
2026-04-26T17:00:38.097584,260426_135939.000000,1,58.341461181640625,8.568324089050293,30.0,0.0,0.7900000214576721,13,0.0,1,260426_150024.000000,-7.432711124420166,3.9948387145996094,0.0010059057967737317,0.08151781558990479,0.046825505793094635,-0.000822572794277221,-0.0005660830647684634,0.00012153307034168392,0.0010263902368023992,8.702876584720798e-06,29.0
2026-04-26T17:00:41.177115,260426_135947.000000,1,58.341461181640625,8.568324089050293,30.0,0.0,0.7300000190734863,15,0.0,1,260426_150024.000000,-7.44093132019043,3.992659330368042,0.0037678915541619062,0.03926164656877518,0.04594729095697403,-0.0013197215739637613,-0.0033071679063141346,-0.001232063164934516,0.001060911570675671,8.588710443291347e-06,27.0
2026-04-26T17:00:44.243293,260426_135955.000000,1,58.341461181640625,8.568324089050293,30.0,0.0,0.699999988079071,15,0.0,1,260426_150024.000000,-7.44814920425415,3.9962589740753174,0.0031549970153719187,0.040549371391534805,0.045326340943574905,0.0017804264789447188,-0.002596962731331587,0.00019968103151768446,0.000983456033281982,8.13742917671334e-06,28.0
2026-04-26T17:00:47.197036,260426_135956.000000,1,58.341461181640625,8.568324089050293,30.0,0.0,0.7300000190734863,15,0.0,1,260426_150024.000000,-7.459554195404053,3.999803304672241,0.004161988850682974,0.13237443566322327,0.05033981427550316,-0.001025715610012412,0.003859604010358453,0.0011719701578840613,0.0011917240917682648,1.0309209756087512e-05,26.0
2026-04-26T17:00:50.324080,260426_140004.000000,1,58.341461181640625,8.568324089050293,30.0,0.0,0.7300000190734863,15,0.0,1,260426_150024.000000,-7.456729888916016,4.004651069641113,0.004500692244619131,0.13924483954906464,0.06202508881688118,-0.0009940107120200992,0.003816053504124284,0.0021693112794309855,0.0014777735341340303,1.2401686944940593e-05,24.0
2026-04-26T17:00:53.456346,260426_140012.000000,1,58.341461181640625,8.568324089050293,30.0,0.0,0.7300000190734863,15,0.0,1,260426_150039.015625,-7.453519344329834,4.00425910949707,0.001445382833480835,0.03846866637468338,0.058503296226263046,-0.0005706321680918336,0.000575705140363425,0.0011966928141191602,0.0014534079236909747,1.3452402527036611e-05,26.0
2026-04-26T17:00:56.373702,260426_140013.000000,1,58.341461181640625,8.568324089050293,30.0,0.0,0.75,14,0.0,1,260426_150039.015625,-7.453454494476318,4.003092288970947,0.001958055654540658,0.029825789853930473,0.057280443608760834,-0.0017011299496516585,-0.000541889516171068,-0.0008040489628911018,0.001515078591182828,1.2731822607747745e-05,24.0
2026-04-26T17:00:59.437611,260426_140021.000000,1,58.341461181640625,8.568324089050293,30.0,0.0,0.7300000190734863,15,0.0,1,260426_150039.015625,-7.443862438201904,4.009249210357666,0.0025529409758746624,0.056342318654060364,0.05378811061382294,-0.00042383899562992156,0.0025069727562367916,0.00023012238671071827,0.0014644761104136705,1.1979190276178997e-05,24.0
2026-04-26T17:01:02.500974,260426_140022.000000,1,58.341461181640625,8.568324089050293,30.0,0.0,0.7200000286102295,15,0.0,1,260426_150039.015625,-7.437123775482178,4.009778022766113,0.002577860141173005,0.06852293014526367,0.05309400334954262,0.0019111850997433066,0.0012000022688880563,-0.001246085623279214,0.0014159850543364882,1.1749640179914422e-05,26.0
2026-04-26T17:01:02.501261,260426_140022.000000,1,58.341461181640625,8.568324089050293,30.0,0.0,0.7200000286102295,15,0.0,1,260426_150039.015625,-7.437123775482178,4.009778022766113,0.002577860141173005,0.06852293014526367,0.05309400334954262,0.0019111850997433066,0.0012000022688880563,-0.001246085623279214,0.0014159850543364882,1.1749640179914422e-05,26.0
2026-04-26T17:01:05.466217,260426_140030.000000,1,58.341461181640625,8.568324089050293,30.0,0.0,0.7200000286102295,15,0.0,1,260426_150054.000000,-7.419162750244141,4.008703231811523,0.004020913038402796,0.0790654644370079,0.03604106605052948,0.002767707221210003,0.0018761756364256144,0.0022332717198878527,0.0010958993807435036,8.422563041676767e-06,20.0
2026-04-26T17:01:08.510323,260426_140031.000000,1,58.341461181640625,8.568324089050293,30.0,0.0,0.7200000286102295,15,0.0,1,260426_150054.000000,-7.422436237335205,4.009449481964111,0.0029492161702364683,0.08557747304439545,0.034361086785793304,0.0009143962524831295,-0.002203167648985982,0.00173430354334414,0.0010661829728633165,8.231087122112513e-06,20.0
2026-04-26T17:01:11.688698,260426_140039.000000,1,58.341461181640625,8.568324089050293,30.0,0.0,0.7400000095367432,14,0.0,1,260426_150054.000000,-7.42151403427124,4.002810478210449,0.007663283031433821,0.2015974223613739,0.04021086543798447,0.004972812719643116,-0.005829341243952513,0.00012578675523400307,0.00124882732052356,9.454674000153318e-06,18.0
2026-04-26T17:01:14.694495,260426_140040.000000,1,58.341461181640625,8.568324089050293,30.0,0.0,0.699999988079071,15,0.0,1,260426_150054.000000,-7.420262336730957,4.011598110198975,0.003201476763933897,0.06644829362630844,0.03981836885213852,-0.0018704107496887445,0.0020271034445613623,0.0016253824578598142,0.0012145546497777104,8.846852324495558e-06,18.0
2026-04-26T17:01:17.665221,260426_140048.000000,1,58.341461181640625,8.568324089050293,30.0,0.0,0.699999988079071,15,0.0,1,260426_150054.000000,-7.4213738441467285,4.013429164886475,0.003549571381881833,0.05650341883301735,0.03956790640950203,-0.0013698606053367257,0.003262575250118971,-0.0002802534436341375,0.0011845758417621255,8.170610271918122e-06,18.0
2026-04-26T17:01:20.729216,260426_140056.000000,1,58.341461181640625,8.568324089050293,30.0,0.0,0.7200000286102295,15,0.0,1,260426_150108.984375,-7.415457248687744,4.008856296539307,0.004357697442173958,0.14951775968074799,0.04273752495646477,0.001342271687462926,0.004127940163016319,-0.000384636630769819,0.0011763452785089612,8.243052434409037e-06,20.0
2026-04-26T17:01:20.729379,260426_140056.000000,1,58.341461181640625,8.568324089050293,30.0,0.0,0.7200000286102295,15,0.0,1,260426_150108.984375,-7.415457248687744,4.008856296539307,0.004357697442173958,0.14951775968074799,0.04273752495646477,0.001342271687462926,0.004127940163016319,-0.000384636630769819,0.0011763452785089612,8.243052434409037e-06,20.0
2026-04-26T17:01:20.729941,260426_140056.000000,1,58.341461181640625,8.568324089050293,30.0,0.0,0.7200000286102295,15,0.0,1,260426_150108.984375,-7.415457248687744,4.008856296539307,0.004357697442173958,0.14951775968074799,0.04273752495646477,0.001342271687462926,0.004127940163016319,-0.000384636630769819,0.0011763452785089612,8.243052434409037e-06,20.0
2026-04-26T17:01:20.748434,260426_140056.000000,1,58.341461181640625,8.568324089050293,30.0,0.0,0.7200000286102295,15,0.0,1,260426_150108.984375,-7.415457248687744,4.008856296539307,0.004357697442173958,0.14951775968074799,0.04273752495646477,0.001342271687462926,0.004127940163016319,-0.000384636630769819,0.0011763452785089612,8.243052434409037e-06,20.0
2026-04-26T17:01:20.751220,260426_140056.000000,1,58.341461181640625,8.568324089050293,30.0,0.0,0.7200000286102295,15,0.0,1,260426_150108.984375,-7.415457248687744,4.008856296539307,0.004357697442173958,0.14951775968074799,0.04273752495646477,0.001342271687462926,0.004127940163016319,-0.000384636630769819,0.0011763452785089612,8.243052434409037e-06,20.0
2026-04-26T17:01:23.851241,260426_140057.000000,1,58.341461181640625,8.568324089050293,30.0,0.0,0.800000011920929,14,0.0,1,260426_150108.984375,-7.426450729370117,4.012314319610596,0.0038569378666579723,0.11182482540607452,0.04320927709341049,-0.001027346239425242,0.003714090446010232,-0.00016143624088726938,0.0012519509764388204,8.74141369422432e-06,24.0
2026-04-26T17:01:26.879333,260426_140105.000000,1,58.341461181640625,8.568324089050293,30.0,0.0,0.7699999809265137,14,37.91999816894531,1,260426_150124.000000,-7.416713237762451,4.012745380401611,0.0018673463491722941,0.034817200154066086,0.03596347197890282,0.0007015546434558928,0.0017288335366174579,-7.705877942498773e-05,0.0010446420637890697,7.288994311238639e-06,26.0
2026-04-26T17:01:26.879619,260426_140105.000000,1,58.341461181640625,8.568324089050293,30.0,0.0,0.7699999809265137,14,37.91999816894531,1,260426_150124.000000,-7.416713237762451,4.012745380401611,0.0018673463491722941,0.034817200154066086,0.03596347197890282,0.0007015546434558928,0.0017288335366174579,-7.705877942498773e-05,0.0010446420637890697,7.288994311238639e-06,26.0
2026-04-26T17:01:26.879808,260426_140105.000000,1,58.341461181640625,8.568324089050293,30.0,0.0,0.7699999809265137,14,37.91999816894531,1,260426_150124.000000,-7.416713237762451,4.012745380401611,0.0018673463491722941,0.034817200154066086,0.03596347197890282,0.0007015546434558928,0.0017288335366174579,-7.705877942498773e-05,0.0010446420637890697,7.288994311238639e-06,26.0
2026-04-26T17:01:26.955258,260426_140105.000000,1,58.341461181640625,8.568324089050293,30.0,0.0,0.7699999809265137,14,37.91999816894531,1,260426_150124.000000,-7.416713237762451,4.012745380401611,0.0018673463491722941,0.034817200154066086,0.03596347197890282,0.0007015546434558928,0.0017288335366174579,-7.705877942498773e-05,0.0010446420637890697,7.288994311238639e-06,26.0
2026-04-26T17:01:29.847662,260426_140114.000000,1,58.341461181640625,8.568324089050293,30.0,0.0,0.75,14,37.91999816894531,1,260426_150124.000000,-7.4046735763549805,4.0145487785339355,0.0019721074495464563,0.06844672560691833,0.0364016629755497,-0.0014350939309224486,-1.695327227935195e-05,-0.001352562801912427,0.0010267563629895449,7.048839506751392e-06,24.0
2026-04-26T17:01:29.847790,260426_140114.000000,1,58.341461181640625,8.568324089050293,30.0,0.0,0.75,14,37.91999816894531,1,260426_150124.000000,-7.4046735763549805,4.0145487785339355,0.0019721074495464563,0.06844672560691833,0.0364016629755497,-0.0014350939309224486,-1.695327227935195e-05,-0.001352562801912427,0.0010267563629895449,7.048839506751392e-06,24.0
2026-04-26T17:01:29.847861,260426_140114.000000,1,58.341461181640625,8.568324089050293,30.0,0.0,0.75,14,37.91999816894531,1,260426_150124.000000,-7.4046735763549805,4.0145487785339355,0.0019721074495464563,0.06844672560691833,0.0364016629755497,-0.0014350939309224486,-1.695327227935195e-05,-0.001352562801912427,0.0010267563629895449,7.048839506751392e-06,24.0
2026-04-26T17:01:29.984020,260426_140114.000000,1,58.341461181640625,8.568324089050293,30.0,0.0,0.75,14,37.91999816894531,1,260426_150124.000000,-7.4046735763549805,4.0145487785339355,0.0019721074495464563,0.06844672560691833,0.0364016629755497,-0.0014350939309224486,-1.695327227935195e-05,-0.001352562801912427,0.0010267563629895449,7.048839506751392e-06,24.0
2026-04-26T17:01:32.980396,260426_140115.000000,1,58.341461181640625,8.568324089050293,30.0,0.0,0.75,14,37.91999816894531,1,260426_150124.000000,-7.406893253326416,4.015321254730225,0.0027107051573693752,0.05616810545325279,0.0367620475590229,0.0013991404557600617,-0.00230010855011642,0.0003159582265652716,0.001091471640393138,7.144051323848544e-06,28.0
2026-04-26T17:01:36.011553,260426_140124.000000,1,58.341461181640625,8.568324089050293,30.0,0.0,0.8799999952316284,11,37.91999816894531,1,260426_150124.000000,-7.402399063110352,4.011600017547607,0.002208567224442959,0.04829445481300354,0.034390173852443695,0.0014521746197715402,-0.0008881421526893973,-0.0014071823097765446,0.0010744290193542838,6.131258487585001e-06,26.0
2026-04-26T17:01:39.087760,260426_140141.000000,1,58.341461181640625,8.568324089050293,30.0,0.0,0.7799999713897705,13,37.91999816894531,1,260426_150124.000000,-7.407290458679199,4.010440349578857,0.0029322344344109297,0.06027606874704361,0.032104071229696274,-0.0013469138648360968,0.00030579965095967054,0.002586563117802143,0.0010315085528418422,5.255039013718488e-06,22.0
2026-04-26T17:01:42.110307,260426_140142.000000,1,58.341461181640625,8.568324089050293,30.0,0.0,0.8399999737739563,12,37.91999816894531,1,260426_150124.984375,-7.388909339904785,4.017570495605469,0.0024377168156206608,0.07524566352367401,0.03253258764743805,0.0019557587802410126,-0.0012033804086968303,0.0008181361481547356,0.0010865915101021528,5.671724011335755e-06,26.0
2026-04-26T17:01:45.058004,260426_140150.000000,1,58.341461181640625,8.568324089050293,30.0,0.0,0.8399999737739563,12,37.91999816894531,1,260426_150124.984375,-7.406967639923096,4.019462585449219,0.009350950829684734,0.16182926297187805,0.03712569549679756,0.0006140762707218528,-0.009324653074145317,0.00033771025482565165,0.0014754232252016664,7.388306585198734e-06,24.0
2026-04-26T17:01:48.294392,260426_140159.000000,1,58.341461181640625,8.568324089050293,30.0,0.0,0.8500000238418579,12,37.91999816894531,1,260426_150124.984375,-7.420710563659668,4.013724327087402,0.004469550214707851,0.09462764114141464,0.03696415573358536,0.00016380948363803327,0.0009730073506943882,-0.00435927789658308,0.0015557225560769439,7.907096005510539e-06,22.0
2026-04-26T17:01:51.255451,260426_140200.000000,1,58.341461181640625,8.568324089050293,30.0,0.0,0.8399999737739563,12,37.91999816894531,1,260426_150124.984375,-7.421152114868164,4.013790130615234,0.0022016973234713078,0.0760716050863266,0.0433037132024765,0.0016058830078691244,-0.000819800712633878,-0.0012635416351258755,0.0015438082627952099,9.506073183729313e-06,26.0
2026-04-26T17:01:54.210037,260426_140208.000000,1,58.341461181640625,8.568324089050293,30.0,0.0,0.8399999737739563,12,37.91999816894531,1,260426_150140.000000,-7.420393943786621,4.016937732696533,0.003869529813528061,0.07117688655853271,0.04331202059984207,0.000963171012699604,-0.003622701158747077,0.000959999393671751,0.0014955132501199841,9.906536433845758e-06,29.0
2026-04-26T17:01:57.288958,260426_140216.000000,1,58.341461181640625,8.568324089050293,30.0,0.0,0.8399999737739563,12,37.91999816894531,1,260426_150140.000000,-7.412976264953613,4.018031120300293,0.003409129334613681,0.11865779012441635,0.0434207059442997,-0.0017589330673217773,-0.002493342151865363,-0.0015203823568299413,0.0015289487782865763,9.829869668465108e-06,29.0
2026-04-26T17:02:00.369299,260426_140217.000000,1,58.341461181640625,8.568324089050293,30.0,0.0,0.8899999856948853,11,37.91999816894531,1,260426_150140.000000,-7.427393913269043,4.010380744934082,0.0012663061497732997,0.029954150319099426,0.0420084074139595,0.00034124654484912753,-0.00019548302225302905,-0.0012036894913762808,0.0013748016208410263,8.627933311800007e-06,27.0
2026-04-26T17:02:03.448443,260426_140225.000000,1,58.341461181640625,8.568324089050293,30.0,0.0,0.8399999737739563,12,37.91999816894531,1,260426_150140.000000,-7.410557746887207,4.012991428375244,0.001780145918019116,0.0466587096452713,0.041473597288131714,0.00011285004438832402,0.0017741640331223607,9.233986202161759e-05,0.0013397041475400329,7.921816177258734e-06,27.0
2026-04-26T17:02:06.402212,260426_140226.000000,1,58.341461181640625,8.568324089050293,30.0,0.0,0.8399999737739563,12,37.91999816894531,1,260426_150140.000000,-7.420750141143799,4.012435436248779,0.004409708548337221,0.09048471599817276,0.04119238629937172,-0.00036697060568258166,-0.0038219792768359184,0.0021687184926122427,0.0013509445125237107,8.391409210162237e-06,22.0
2026-04-26T17:02:09.475665,260426_140234.000000,1,58.341461181640625,8.568324089050293,30.0,0.0,0.800000011920929,12,37.91999816894531,1,260426_150140.000000,-7.413549423217773,4.015288829803467,0.0010096915066242218,0.04779607057571411,0.04187289625406265,0.0008949665352702141,-0.00036837634979747236,0.000287768489215523,0.0013412998523563147,8.082582098722924e-06,24.0
2026-04-26T17:02:12.471056,260426_140235.000000,1,58.341461181640625,8.568324089050293,30.0,0.0,0.800000011920929,12,37.91999816894531,1,260426_150140.000000,-7.4148664474487305,4.016635417938232,0.0016362083842977881,0.048273082822561264,0.04249284043908119,0.0016299440758302808,-0.00013483219663612545,-4.775388151756488e-05,0.0012789956526830792,7.726845069555566e-06,22.0
2026-04-26T17:02:15.664915,260426_140243.000000,1,58.341461181640625,8.568324089050293,30.0,0.0,0.7699999809265137,13,37.91999816894531,1,260426_150210.000000,-7.423824310302734,4.014107704162598,0.0027871804777532816,0.05027985945343971,0.04170786961913109,0.0016670332988724113,-0.002147016115486622,-0.0006161947385407984,0.0012278009671717882,7.373457719950238e-06,22.0
2026-04-26T17:02:18.586042,260426_140244.000000,1,58.341461181640625,8.568324089050293,30.0,0.0,0.8299999833106995,12,37.91999816894531,1,260426_150210.000000,-7.4180521965026855,4.015413284301758,0.00248834490776062,0.05154585465788841,0.042623430490493774,-0.00017019723600242287,0.00023584990412928164,0.0024712886661291122,0.0012112302938476205,7.401332823064877e-06,24.0
2026-04-26T17:02:18.586481,260426_140244.000000,1,58.341461181640625,8.568324089050293,30.0,0.0,0.8299999833106995,12,37.91999816894531,1,260426_150210.000000,-7.4180521965026855,4.015413284301758,0.00248834490776062,0.05154585465788841,0.042623430490493774,-0.00017019723600242287,0.00023584990412928164,0.0024712886661291122,0.0012112302938476205,7.401332823064877e-06,24.0
2026-04-26T17:02:21.682008,260426_140252.000000,1,58.341461181640625,8.568324089050293,30.0,0.0,0.8299999833106995,12,37.91999816894531,1,260426_150210.000000,-7.41768741607666,4.00900936126709,0.003285254817456007,0.06371115148067474,0.0384405143558979,0.0017016689525917172,-0.0013692781794816256,-0.0024540370795875788,0.0012249317951500416,6.687364475510549e-06,26.0
2026-04-26T17:02:24.779508,260426_140253.000000,1,58.341461181640625,8.568324089050293,30.0,0.0,0.8299999833106995,12,37.91999816894531,1,260426_150210.000000,-7.402499675750732,4.003875732421875,0.002612972166389227,0.07141292095184326,0.037566009908914566,0.001432098331861198,-0.0021502997260540724,0.00039106045733205974,0.0011489029275253415,7.436200576194096e-06,25.0
2026-04-26T17:02:27.866460,260426_140301.000000,1,58.341461181640625,8.568324089050293,30.0,0.0,0.7799999713897705,12,37.91999816894531,1,260426_150210.000000,-7.4104814529418945,4.008084774017334,0.0022081690840423107,0.07528563588857651,0.032453957945108414,-0.0006152505520731211,-0.0021056944970041513,-0.00025204711710102856,0.0010181233519688249,6.184087396832183e-06,27.0
2026-04-26T17:02:30.782593,260426_140302.000000,1,58.341461181640625,8.568324089050293,30.0,0.0,0.7400000095367432,13,37.91999816894531,1,260426_150224.984375,-7.391205787658691,4.009585380554199,0.0034672897309064865,0.035887621343135834,0.03087308257818222,-0.0019684298895299435,0.0027575513813644648,0.0007370842504315078,0.001092978985980153,6.5545254983589984e-06,23.0
2026-04-26T17:02:33.872932,260426_140318.000000,1,58.341461181640625,8.568324089050293,30.0,0.0,0.7799999713897705,12,37.91999816894531,1,260426_150224.984375,-7.390455722808838,4.0120415687561035,0.0007754507241770625,0.05577951669692993,0.03196321800351143,0.00037294335197657347,0.0006237173220142722,0.0002705804945435375,0.001061644172295928,6.968748493818566e-06,23.0
2026-04-26T17:02:36.888324,260426_140319.000000,1,58.341461181640625,8.568324089050293,30.0,0.0,0.7699999809265137,12,37.91999816894531,1,260426_150224.984375,-7.372616767883301,4.015305995941162,0.0024274648167192936,0.02169794961810112,0.04098314791917801,-0.0007999837398529053,0.0017883836990222335,-0.0014332812279462814,0.001252032001502812,7.842973900551442e-06,23.0
2026-04-26T17:02:39.916603,260426_140328.000000,1,58.341461181640625,8.568324089050293,30.0,0.0,0.7799999713897705,12,37.91999816894531,1,260426_150224.984375,-7.375919342041016,4.019540786743164,0.001688984571956098,0.10150206834077835,0.0461709089577198,-0.0008795242174528539,-0.0014341521309688687,-0.0001493771414970979,0.001249306253157556,8.539258487871848e-06,25.0
2026-04-26T17:02:42.957014,260426_140336.000000,1,58.341461181640625,8.568324089050293,30.0,0.0,0.699999988079071,14,37.91999816894531,1,260426_150226.000000,-7.374791145324707,4.022319316864014,0.0038392553105950356,0.14090493321418762,0.04756289720535278,-0.0020904820412397385,0.0031464998610317707,-0.000685058010276407,0.0011648652143776417,8.904302376322448e-06,25.0
2026-04-26T17:02:46.028879,260426_140346.000000,1,58.341461181640625,8.568324089050293,30.0,0.0,0.6600000262260437,15,37.91999816894531,1,260426_150226.000000,-7.366836071014404,4.025582313537598,0.002949109999462962,0.033738940954208374,0.04758625477552414,-0.000498197041451931,0.0025509302504360676,-0.0013934861635789275,0.0011120389681309462,8.605084985902067e-06,25.0
2026-04-26T17:02:49.099970,260426_140354.000000,1,58.341461181640625,8.568324089050293,30.0,0.0,0.6700000166893005,14,37.91999816894531,1,260426_150226.000000,-7.355067253112793,4.031949043273926,0.003940735477954149,0.08825613558292389,0.042860765010118484,-0.0017379779601469636,0.003533539827913046,0.0001514075556769967,0.0011238238075748086,8.828070349409245e-06,23.0
2026-04-26T17:02:52.260371,260426_140355.000000,1,58.341461181640625,8.568324089050293,30.0,0.0,0.6399999856948853,15,37.91999816894531,1,260426_150240.984375,-7.345059394836426,4.035127639770508,0.0030025262385606766,0.10426972806453705,0.040997687727212906,0.001885628211311996,0.00020334799773991108,0.0023277071304619312,0.001019306480884552,8.699013960722368e-06,23.0
2026-04-26T17:02:55.144173,260426_140403.000000,1,58.341461181640625,8.568324089050293,30.0,0.0,0.6399999856948853,16,37.91999816894531,1,260426_150240.984375,-7.338395118713379,4.03138542175293,0.0020972965285182,0.040350597351789474,0.04049142077565193,0.0013897601747885346,0.0005831829039379954,0.0014584640739485621,0.0009927190840244293,8.983171028376091e-06,23.0
2026-04-26T17:02:58.224978,260426_140404.000000,1,58.341461181640625,8.568324089050293,30.0,0.0,0.6600000262260437,15,37.91999816894531,1,260426_150240.984375,-7.3418450355529785,4.026960372924805,0.0035142258275300264,0.07845170795917511,0.03886651247739792,-0.0024542214814573526,0.0018116927240043879,-0.0017448067665100098,0.001141158863902092,9.150960977422073e-06,23.0
2026-04-26T17:03:01.303699,260426_140412.000000,1,58.341461181640625,8.568324089050293,30.0,0.0,0.6600000262260437,14,37.91999816894531,1,260426_150240.984375,-7.343987941741943,4.028097152709961,0.0020614550448954105,0.05034945532679558,0.04143019765615463,-0.0012827966129407287,-0.0015178557951003313,0.0005478543462231755,0.001339754555374384,1.024171433527954e-05,21.0
2026-04-26T17:03:04.383528,260426_140413.000000,1,58.341461181640625,8.568324089050293,30.0,0.0,0.6299999952316284,16,37.91999816894531,1,260426_150240.984375,-7.349996089935303,4.024892807006836,0.0022137858904898167,0.05120168998837471,0.0399857833981514,0.0010839925380423665,-0.001928622485138476,7.888826075941324e-05,0.0012962481705471873,9.870928806776647e-06,22.0
2026-04-26T17:03:07.285430,260426_140421.000000,1,58.341461181640625,8.568324089050293,30.0,0.0,0.699999988079071,15,37.91999816894531,1,260426_150240.984375,-7.3412909507751465,4.0142502784729,0.0030753291212022305,0.06239955127239227,0.04287935420870781,0.002063817111775279,-0.002052860101684928,-0.0009920052252709866,0.001480136183090508,1.0194327842327766e-05,20.0
2026-04-26T17:03:10.397467,260426_140422.000000,1,58.341461181640625,8.568324089050293,30.0,0.0,0.6800000071525574,15,37.91999816894531,1,260426_150240.984375,-7.354236602783203,4.005685806274414,0.004888883326202631,0.11721078306436539,0.04350505396723747,0.000323122541885823,0.004803894553333521,-0.0008481548866257071,0.0015514896949753165,1.1400793482607696e-05,20.0
2026-04-26T17:03:10.397712,260426_140422.000000,1,58.341461181640625,8.568324089050293,30.0,0.0,0.6800000071525574,15,37.91999816894531,1,260426_150240.984375,-7.354236602783203,4.005685806274414,0.004888883326202631,0.11721078306436539,0.04350505396723747,0.000323122541885823,0.004803894553333521,-0.0008481548866257071,0.0015514896949753165,1.1400793482607696e-05,20.0
2026-04-26T17:03:10.397932,260426_140422.000000,1,58.341461181640625,8.568324089050293,30.0,0.0,0.6800000071525574,15,37.91999816894531,1,260426_150240.984375,-7.354236602783203,4.005685806274414,0.004888883326202631,0.11721078306436539,0.04350505396723747,0.000323122541885823,0.004803894553333521,-0.0008481548866257071,0.0015514896949753165,1.1400793482607696e-05,20.0
2026-04-26T17:03:10.404822,260426_140422.000000,1,58.341461181640625,8.568324089050293,30.0,0.0,0.6800000071525574,15,37.91999816894531,1,260426_150240.984375,-7.354236602783203,4.005685806274414,0.004888883326202631,0.11721078306436539,0.04350505396723747,0.000323122541885823,0.004803894553333521,-0.0008481548866257071,0.0015514896949753165,1.1400793482607696e-05,20.0
2026-04-26T17:03:13.488031,260426_140430.000000,1,58.341461181640625,8.568324089050293,30.0,0.0,0.7099999785423279,13,37.91999816894531,1,260426_150240.984375,-7.349376201629639,4.000912666320801,0.0036145527847111225,0.1420721560716629,0.04920589551329613,0.0024657663889229298,0.0011107842437922955,-0.0023981546983122826,0.0015018990961834788,1.1104645636805799e-05,22.0
2026-04-26T17:03:16.422428,260426_140439.000000,1,58.341461181640625,8.568324089050293,30.0,0.0,0.699999988079071,14,37.91999816894531,1,260426_150256.984375,-7.340005874633789,3.9952340126037598,0.0008809766150079668,0.09829328954219818,0.05058356747031212,-0.00047483271919190884,0.00033795105991885066,0.00066063815029338,0.0016931798309087753,1.3076526556687895e-05,24.0
2026-04-26T17:03:19.562404,260426_140448.000000,1,58.341461181640625,8.568324089050293,30.0,0.0,0.6200000047683716,17,37.91999816894531,1,260426_150256.984375,-7.336841106414795,3.9870007038116455,0.002907378599047661,0.08357621729373932,0.052223045378923416,-0.00011300374171696603,-0.002759605646133423,0.0009081054595299065,0.001680211047641933,1.3763125934929121e-05,28.0
2026-04-26T17:03:22.627177,260426_140456.000000,1,58.341461181640625,8.568324089050293,30.0,0.0,0.6200000047683716,17,37.91999816894531,1,260426_150256.984375,-7.316415309906006,3.9911935329437256,0.001229893765412271,0.041153158992528915,0.05030788853764534,-0.0005345628596842289,0.0008296477608382702,-0.0007338704890571535,0.0014942953130230308,1.1658941730274819e-05,36.0
2026-04-26T17:03:25.655623,260426_140457.000000,1,58.341461181640625,8.568324089050293,30.0,0.0,0.6299999952316284,16,37.91999816894531,1,260426_150256.984375,-7.318523406982422,3.98528790473938,0.0013879566686227918,0.026552719995379448,0.05026089772582054,0.0002023909182753414,0.0010685041779652238,0.0008624154725112021,0.0014894834021106362,1.042889471136732e-05,34.0
2026-04-26T17:03:28.600818,260426_140505.000000,1,58.341461181640625,8.568324089050293,30.0,0.0,0.6899999976158142,16,37.91999816894531,1,260426_150256.984375,-7.317298412322998,3.990288496017456,0.0015122502809390426,0.010199581272900105,0.04518839344382286,-0.0009597459575161338,2.5281377020291984e-05,-0.0011683960910886526,0.001141722546890378,7.609641215822194e-06,30.0
2026-04-26T17:03:31.698840,260426_140514.000000,1,58.341461181640625,8.568324089050293,30.0,0.0,0.6700000166893005,16,37.91999816894531,1,260426_150256.984375,-7.308294296264648,3.983001470565796,0.0019896067678928375,0.06248511001467705,0.04198785498738289,-2.9708447982557118e-05,-0.000572271179407835,-0.0019052973948419094,0.0010203799465671182,7.11122811480891e-06,28.0
2026-04-26T17:03:34.735676,260426_140522.000000,1,58.341461181640625,8.568324089050293,30.0,0.0,0.699999988079071,15,37.91999816894531,1,260426_150256.984375,-7.303899765014648,3.9736502170562744,0.0036409785971045494,0.07752599567174911,0.038498520851135254,0.001818932476453483,-0.0017414969624951482,-0.0026297143194824457,0.0010156636126339436,6.756795301043894e-06,20.0
2026-04-26T17:03:34.735922,260426_140522.000000,1,58.341461181640625,8.568324089050293,30.0,0.0,0.699999988079071,15,37.91999816894531,1,260426_150256.984375,-7.303899765014648,3.9736502170562744,0.0036409785971045494,0.07752599567174911,0.038498520851135254,0.001818932476453483,-0.0017414969624951482,-0.0026297143194824457,0.0010156636126339436,6.756795301043894e-06,20.0
2026-04-26T17:03:37.824307,260426_140523.000000,1,58.341461181640625,8.568324089050293,30.0,0.0,0.6700000166893005,16,37.91999816894531,1,260426_150327.015625,-7.313096046447754,3.9759669303894043,0.002563767833635211,0.07960586994886398,0.03597889468073845,0.0005167808849364519,0.0023303115740418434,-0.0009356767404824495,0.0009740330278873444,6.949504040676402e-06,22.0
2026-04-26T17:03:40.819795,260426_140531.000000,1,58.341461181640625,8.568324089050293,30.0,0.0,0.6200000047683716,17,37.91999816894531,1,260426_150327.015625,-7.311214923858643,3.976271152496338,0.0015250217402353883,0.03956780955195427,0.03425845503807068,-0.0015108395600691438,2.8166166885057464e-05,-0.00020557708921842277,0.0009800270199775696,7.020372322585899e-06,20.0
2026-04-26T17:03:40.820084,260426_140531.000000,1,58.341461181640625,8.568324089050293,30.0,0.0,0.6200000047683716,17,37.91999816894531,1,260426_150327.015625,-7.311214923858643,3.976271152496338,0.0015250217402353883,0.03956780955195427,0.03425845503807068,-0.0015108395600691438,2.8166166885057464e-05,-0.00020557708921842277,0.0009800270199775696,7.020372322585899e-06,20.0
2026-04-26T17:03:40.820449,260426_140531.000000,1,58.341461181640625,8.568324089050293,30.0,0.0,0.6200000047683716,17,37.91999816894531,1,260426_150327.015625,-7.311214923858643,3.976271152496338,0.0015250217402353883,0.03956780955195427,0.03425845503807068,-0.0015108395600691438,2.8166166885057464e-05,-0.00020557708921842277,0.0009800270199775696,7.020372322585899e-06,20.0
2026-04-26T17:03:40.901382,260426_140531.000000,1,58.341461181640625,8.568324089050293,30.0,0.0,0.6200000047683716,17,37.91999816894531,1,260426_150327.015625,-7.311214923858643,3.976271152496338,0.0015250217402353883,0.03956780955195427,0.03425845503807068,-0.0015108395600691438,2.8166166885057464e-05,-0.00020557708921842277,0.0009800270199775696,7.020372322585899e-06,20.0
2026-04-26T17:03:43.879905,260426_140540.000000,1,58.341461181640625,8.568324089050293,30.0,0.0,0.6200000047683716,17,37.91999816894531,1,260426_150327.015625,-7.311093807220459,3.9701266288757324,0.00277545303106308,0.06583134829998016,0.03471304103732109,0.001015373389236629,0.0007621196564286947,0.0024680618662387133,0.0010044312803074718,7.1080039560911246e-06,20.0
2026-04-26T17:03:46.871257,260426_140548.000000,1,58.341461181640625,8.568324089050293,30.0,0.0,0.6299999952316284,16,37.91999816894531,1,260426_150327.015625,-7.334652900695801,3.9777674674987793,0.004102618899196386,0.07213979959487915,0.03829081356525421,-0.0030206728260964155,0.000441154174041003,-0.0027408753521740437,0.0011596317635849118,8.431037713307887e-06,24.0
2026-04-26T17:03:50.023942,260426_140549.000000,1,58.341461181640625,8.568324089050293,30.0,0.0,0.6100000143051147,17,37.91999816894531,1,260426_150327.015625,-7.337199687957764,3.978166103363037,0.0007957976777106524,0.06371566653251648,0.04133593663573265,0.0007542914245277643,-0.00018332060426473618,0.000175305045559071,0.0011951761553063989,8.750896995479707e-06,22.0
2026-04-26T17:03:53.000121,260426_140557.000000,1,58.341461181640625,8.568324089050293,30.0,0.0,0.6200000047683716,16,37.91999816894531,1,260426_150342.000000,-7.326990127563477,3.978757381439209,0.004980755504220724,0.10194016247987747,0.043219540268182755,-0.0027657654136419296,0.0028817616403102875,-0.0029755530413240194,0.0012396422680467367,8.836114830046427e-06,20.0
2026-04-26T17:03:56.067082,260426_140605.000000,1,58.341461181640625,8.568324089050293,30.0,0.0,0.6299999952316284,16,37.91999816894531,1,260426_150342.000000,-7.324700355529785,3.982351779937744,0.0020002357196062803,0.05505416542291641,0.04578773304820061,0.00020473526092246175,0.0009063981124199927,0.001771290204487741,0.0012466955231502652,9.207457878801506e-06,22.0
2026-04-26T17:03:59.121180,260426_140606.000000,1,58.341461181640625,8.568324089050293,30.0,0.0,0.6100000143051147,17,37.91999816894531,1,260426_150342.000000,-7.302201747894287,3.9788625240325928,0.005367537960410118,0.18324215710163116,0.05443675443530083,0.0003293891786597669,-0.0030815969221293926,0.004382433835417032,0.0013769208453595638,1.1228900802962016e-05,22.0
2026-04-26T17:04:02.238952,260426_140614.000000,1,58.341461181640625,8.568324089050293,30.0,0.0,0.5899999737739563,18,37.91999816894531,1,260426_150342.000000,-7.28812837600708,3.9746007919311523,0.002749416511505842,0.09361281991004944,0.05338144302368164,0.0006933463155291975,0.0026559524703770876,0.0001564572157803923,0.0013389319647103548,1.0560448572505265e-05,24.0
2026-04-26T17:04:05.181468,260426_140615.000000,1,58.341461181640625,8.568324089050293,30.0,0.0,0.5899999737739563,18,37.91999816894531,1,260426_150342.000000,-7.290006637573242,3.9872756004333496,0.003130133729428053,0.09031903743743896,0.05583079904317856,-0.000643491861410439,0.0013018035097047687,-0.002772898180410266,0.0013157841749489307,1.0603528608044144e-05,30.0
2026-04-26T17:04:08.249567,260426_140623.000000,1,58.341461181640625,8.568324089050293,30.0,0.0,0.5899999737739563,18,37.91999816894531,1,260426_150342.000000,-7.291043758392334,3.9909770488739014,0.004145575687289238,0.11688365787267685,0.05489562451839447,-0.0011178664863109589,0.0036191712133586407,0.0016845680074766278,0.0012189236003905535,1.0865089279832318e-05,28.0
2026-04-26T17:04:11.338577,260426_140631.000000,1,58.341461181640625,8.568324089050293,30.0,0.0,0.5899999737739563,18,37.91999816894531,1,260426_150358.000000,-7.292489051818848,3.99226713180542,0.003629129845649004,0.1396484375,0.053350646048784256,-0.0008295112056657672,0.0030699819326400757,0.0017486297292634845,0.0012432059738785028,1.0644644135027193e-05,24.0
2026-04-26T17:04:14.393741,260426_140632.000000,1,58.341461181640625,8.568324089050293,30.0,0.0,0.6000000238418579,17,37.91999816894531,1,260426_150358.000000,-7.2856879234313965,3.984264373779297,0.0008463427075184882,0.056618064641952515,0.051012687385082245,0.00047324318438768387,-0.0005065605510026217,-0.0004855237202718854,0.0011895038187503815,1.0276168723066803e-05,24.0
2026-04-26T17:04:17.418045,260426_140640.000000,1,58.341461181640625,8.568324089050293,30.0,0.0,0.6100000143051147,17,37.91999816894531,1,260426_150358.000000,-7.289783477783203,3.9834678173065186,0.002348259324207902,0.039111681282520294,0.05168437585234642,0.0003002941084560007,-0.0022486380767077208,0.0006064422195777297,0.0011542363790795207,1.0768213542178273e-05,22.0
2026-04-26T17:04:20.460781,260426_140657.000000,1,58.341461181640625,8.568324089050293,30.0,0.0,0.5899999737739563,18,37.91999816894531,1,260426_150358.000000,-7.282857894897461,3.9810616970062256,0.0020048872102051973,0.08480469137430191,0.048109862953424454,-0.0007471786229871213,0.00042557064443826675,-0.0018111283425241709,0.0011378234485164285,1.1068570529459976e-05,22.0
2026-04-26T17:04:23.508711,260426_140658.000000,1,58.341461181640625,8.568324089050293,30.0,0.0,0.6100000143051147,17,37.91999816894531,1,260426_150358.000000,-7.283860206604004,3.980104684829712,0.001808875473216176,0.01845208741724491,0.045853644609451294,-0.0013559517683461308,0.0011904793791472912,0.00012721607345156372,0.0011341423960402608,9.891129593597725e-06,22.0
2026-04-26T17:04:26.459307,260426_140714.000000,1,58.341461181640625,8.568324089050293,30.0,0.0,0.5899999737739563,18,37.91999816894531,1,260426_150412.984375,-7.284895896911621,3.9761133193969727,0.004864695947617292,0.105374276638031,0.04189317300915718,0.001841645804233849,0.0044932980090379715,-0.000289622024865821,0.0011386340484023094,8.635631274955813e-06,26.0
2026-04-26T17:04:29.519206,260426_140723.000000,1,58.341461181640625,8.568324089050293,30.0,0.0,0.5899999737739563,18,37.91999816894531,1,260426_150412.984375,-7.280717372894287,3.9711201190948486,0.0010198933305218816,0.10225197672843933,0.04092607647180557,0.0003066841163672507,-0.0009692265302874148,-8.202021126635373e-05,0.0011153251398354769,8.73981844051741e-06,26.0
2026-04-26T17:04:32.629226,260426_140724.000000,1,58.341461181640625,8.568324089050293,30.0,0.0,0.5899999737739563,18,37.91999816894531,1,260426_150412.984375,-7.287726879119873,3.9670755863189697,0.00216721766628325,0.04352124407887459,0.04380247741937637,0.0009647412225604057,-0.0003372699720785022,-0.0019111137371510267,0.0011285970686003566,9.056412636709865e-06,28.0
2026-04-26T17:04:35.742169,260426_140732.000000,1,58.341461181640625,8.568324089050293,30.0,0.0,0.5699999928474426,19,37.91999816894531,1,260426_150412.984375,-7.275206565856934,3.9611010551452637,0.0008193511166609824,0.06381799280643463,0.04319365695118904,-0.0005141706205904484,0.00022027386876288801,-0.0005987020558677614,0.0011142025468870997,8.320714186993428e-06,28.0
2026-04-26T17:04:35.742505,260426_140732.000000,1,58.341461181640625,8.568324089050293,30.0,0.0,0.5699999928474426,19,37.91999816894531,1,260426_150412.984375,-7.275206565856934,3.9611010551452637,0.0008193511166609824,0.06381799280643463,0.04319365695118904,-0.0005141706205904484,0.00022027386876288801,-0.0005987020558677614,0.0011142025468870997,8.320714186993428e-06,28.0
2026-04-26T17:04:38.651920,260426_140741.000000,1,58.341461181640625,8.568324089050293,30.0,0.0,0.5699999928474426,19,37.91999816894531,1,260426_150428.000000,-7.260882377624512,3.9460647106170654,0.001703108660876751,0.044944316148757935,0.043731387704610825,0.0008385913679376245,0.000748134043533355,0.001279702759347856,0.0012125257635489106,9.464552022109274e-06,26.0
2026-04-26T17:04:38.652204,260426_140741.000000,1,58.341461181640625,8.568324089050293,30.0,0.0,0.5699999928474426,19,37.91999816894531,1,260426_150428.000000,-7.260882377624512,3.9460647106170654,0.001703108660876751,0.044944316148757935,0.043731387704610825,0.0008385913679376245,0.000748134043533355,0.001279702759347856,0.0012125257635489106,9.464552022109274e-06,26.0
2026-04-26T17:04:38.652453,260426_140741.000000,1,58.341461181640625,8.568324089050293,30.0,0.0,0.5699999928474426,19,37.91999816894531,1,260426_150428.000000,-7.260882377624512,3.9460647106170654,0.001703108660876751,0.044944316148757935,0.043731387704610825,0.0008385913679376245,0.000748134043533355,0.001279702759347856,0.0012125257635489106,9.464552022109274e-06,26.0
2026-04-26T17:04:38.760244,260426_140741.000000,1,58.341461181640625,8.568324089050293,30.0,0.0,0.5699999928474426,19,37.91999816894531,1,260426_150428.000000,-7.260882377624512,3.9460647106170654,0.001703108660876751,0.044944316148757935,0.043731387704610825,0.0008385913679376245,0.000748134043533355,0.001279702759347856,0.0012125257635489106,9.464552022109274e-06,26.0
2026-04-26T17:04:41.836059,260426_140742.000000,1,58.341461181640625,8.568324089050293,30.0,0.0,0.5699999928474426,19,37.91999816894531,1,260426_150428.000000,-7.2113037109375,3.9362001419067383,0.029960909858345985,0.6606115698814392,0.0951538160443306,-0.001782021252438426,0.029903745278716087,-0.0004964096006006002,0.0039708479307591915,2.8651429602177814e-05,25.0
2026-04-26T17:04:44.803613,260426_140751.000000,1,58.341461181640625,8.568324089050293,30.0,0.0,0.5799999833106995,18,37.91999816894531,1,260426_150428.000000,-7.213332653045654,3.940864086151123,0.001981667708605528,0.02600155584514141,0.09302185475826263,0.001909218612127006,-0.00043192756129428744,0.0003087557852268219,0.00399145670235157,2.6764124413602985e-05,29.0
2026-04-26T17:04:44.803933,260426_140751.000000,1,58.341461181640625,8.568324089050293,30.0,0.0,0.5799999833106995,18,37.91999816894531,1,260426_150428.000000,-7.213332653045654,3.940864086151123,0.001981667708605528,0.02600155584514141,0.09302185475826263,0.001909218612127006,-0.00043192756129428744,0.0003087557852268219,0.00399145670235157,2.6764124413602985e-05,29.0
2026-04-26T17:04:44.804163,260426_140751.000000,1,58.341461181640625,8.568324089050293,30.0,0.0,0.5799999833106995,18,37.91999816894531,1,260426_150428.000000,-7.213332653045654,3.940864086151123,0.001981667708605528,0.02600155584514141,0.09302185475826263,0.001909218612127006,-0.00043192756129428744,0.0003087557852268219,0.00399145670235157,2.6764124413602985e-05,29.0
2026-04-26T17:04:44.817637,260426_140751.000000,1,58.341461181640625,8.568324089050293,30.0,0.0,0.5799999833106995,18,37.91999816894531,1,260426_150428.000000,-7.213332653045654,3.940864086151123,0.001981667708605528,0.02600155584514141,0.09302185475826263,0.001909218612127006,-0.00043192756129428744,0.0003087557852268219,0.00399145670235157,2.6764124413602985e-05,29.0
2026-04-26T17:04:47.778195,260426_140759.000000,1,58.341461181640625,8.568324089050293,30.0,0.0,0.5699999928474426,19,37.91999816894531,1,260426_150428.000000,-7.238004207611084,3.9364969730377197,0.0023139002732932568,0.10803980380296707,0.09314429759979248,-0.002205639611929655,-0.0006529598031193018,0.00025086093228310347,0.003992936573922634,2.723674515436869e-05,27.0
2026-04-26T17:04:50.856050,260426_140800.000000,1,58.341461181640625,8.568324089050293,30.0,0.0,0.5899999737739563,18,37.91999816894531,1,260426_150428.000000,-7.2313103675842285,3.9374210834503174,0.004070871975272894,0.07059040665626526,0.09320032596588135,0.0005171181401237845,0.0034434639383107424,0.002108825370669365,0.004001913592219353,2.6660080038709566e-05,31.0
2026-04-26T17:04:53.934871,260426_140808.000000,1,58.341461181640625,8.568324089050293,30.0,0.0,0.5699999928474426,19,37.91999816894531,1,260426_150443.015625,-7.227817535400391,3.9376931190490723,0.002404026919975877,0.09345926344394684,0.09247889369726181,0.0017602908192202449,-0.0010900137713178992,-0.0012217162875458598,0.0039839353412389755,2.5499921321170405e-05,31.0
2026-04-26T17:04:57.012582,260426_140816.000000,1,58.341461181640625,8.568324089050293,30.0,0.0,0.5799999833106995,18,37.91999816894531,1,260426_150443.015625,-7.2330169677734375,3.9419820308685303,0.0013574139447882771,0.07365553826093674,0.03627404943108559,0.0008815881446935236,0.0005152737721800804,-0.0008943532011471689,0.0011143072042614222,7.673740583413746e-06,31.0
2026-04-26T17:04:59.965383,260426_140817.000000,1,58.341461181640625,8.568324089050293,30.0,0.0,0.5799999833106995,18,37.91999816894531,1,260426_150443.015625,-7.242912292480469,3.9438376426696777,0.0006158851319923997,0.040798913687467575,0.038458969444036484,-0.00013707144535146654,-0.0005827125278301537,-0.00014481719699688256,0.0012874993262812495,8.521323252352886e-06,25.0
2026-04-26T17:05:03.030633,260426_140825.000000,1,58.341461181640625,8.568324089050293,30.0,0.0,0.5899999737739563,17,37.91999816894531,1,260426_150443.015625,-7.237161159515381,3.934389352798462,0.009150036610662937,0.18320970237255096,0.04372657835483551,0.0025364989414811134,0.004964384250342846,0.00725563382729888,0.0016209024470299482,1.0651416232576594e-05,27.0
2026-04-26T17:05:06.181884,260426_140842.000000,1,58.341461181640625,8.568324089050293,30.0,0.0,0.5899999737739563,17,37.91999816894531,1,260426_150443.015625,-7.229397773742676,3.9367334842681885,0.0019582645036280155,0.09882724285125732,0.04469716548919678,0.0014811214059591293,-0.001241436810232699,0.0003160921623930335,0.0016223478596657515,1.108577816921752e-05,25.0
2026-04-26T17:05:09.173807,260426_140843.000000,1,58.341461181640625,8.568324089050293,30.0,0.0,0.5899999737739563,17,37.91999816894531,1,260426_150458.000000,-7.231231689453125,3.947899103164673,0.006808630656450987,0.1707995980978012,0.0479373000562191,-0.004106240812689066,0.0051817577332258224,0.0016265370650216937,0.0017316475277766585,1.2469647117541172e-05,25.0
2026-04-26T17:05:12.246045,260426_140851.000000,1,58.341461181640625,8.568324089050293,30.0,0.0,0.5699999928474426,19,37.91999816894531,1,260426_150458.000000,-7.222647190093994,3.952404022216797,0.003633098676800728,0.10095496475696564,0.04773332551121712,0.0007055825553834438,-0.002157586393877864,0.002836613915860653,0.001684381510131061,1.197762685478665e-05,25.0
2026-04-26T17:05:15.190294,260426_140859.000000,1,58.341461181640625,8.568324089050293,30.0,0.0,0.5699999928474426,19,37.91999816894531,1,260426_150512.984375,-7.217008113861084,3.9582715034484863,0.0019606994464993477,0.02604975923895836,0.04595685377717018,0.0013370244996622205,0.0014334275620058179,-4.464984522201121e-05,0.0016670414479449391,1.139497271651635e-05,23.0
2026-04-26T17:05:15.190629,260426_140859.000000,1,58.341461181640625,8.568324089050293,30.0,0.0,0.5699999928474426,19,37.91999816894531,1,260426_150512.984375,-7.217008113861084,3.9582715034484863,0.0019606994464993477,0.02604975923895836,0.04595685377717018,0.0013370244996622205,0.0014334275620058179,-4.464984522201121e-05,0.0016670414479449391,1.139497271651635e-05,23.0
2026-04-26T17:05:18.293128,260426_140900.000000,1,58.341461181640625,8.568324089050293,30.0,0.0,0.5799999833106995,18,37.91999816894531,1,260426_150512.984375,-7.221330642700195,3.963404893875122,0.0012385542504489422,0.0983658879995346,0.048679549247026443,0.0005180832813493907,-0.0008090973133221269,-0.0007816443685442209,0.0013569742441177368,9.770829819899518e-06,23.0
2026-04-26T17:05:21.430368,260426_140908.000000,1,58.341461181640625,8.568324089050293,30.0,0.0,0.5899999737739563,18,37.91999816894531,1,260426_150512.984375,-7.2258076667785645,3.960771083831787,0.000508744444232434,0.04575514793395996,0.048045847564935684,-7.94524748926051e-05,0.00048169956426136196,0.0001430865959264338,0.0014343458460643888,9.644618330639787e-06,25.0
2026-04-26T17:05:24.512818,260426_140909.000000,1,58.341461181640625,8.568324089050293,30.0,0.0,0.5799999833106995,18,37.91999816894531,1,260426_150512.984375,-7.221687316894531,3.957878351211548,0.0029791835695505142,0.08976849913597107,0.04641759395599365,-4.1894716559909284e-05,-0.002213381929323077,-0.0019936696626245975,0.001204397063702345,7.971224476932548e-06,23.0
2026-04-26T17:05:27.399392,260426_140917.000000,1,58.341461181640625,8.568324089050293,30.0,0.0,0.5899999737739563,17,37.91999816894531,1,260426_150512.984375,-7.228754043579102,3.9543325901031494,0.0003740393149200827,0.013712955638766289,0.04839402064681053,-0.0001888709084596485,0.0001698104024399072,0.00027458625845611095,0.0012756093638017774,8.202337085094769e-06,23.0
2026-04-26T17:05:30.498552,260426_140925.000000,1,58.34136962890625,8.568196296691895,31.5,9.920000076293945,0.5799999833106995,18,37.91999816894531,1,260426_150514.000000,-7.236177921295166,3.945017099380493,0.002438627416267991,0.11281024664640427,0.05211598053574562,-0.0004222890711389482,-0.0022917729802429676,-0.0007185766007751226,0.0014261946780607104,9.558703823131509e-06,23.0
2026-04-26T17:05:33.633170,260426_140926.000000,1,58.34135055541992,8.56818962097168,31.600000381469727,9.470000267028809,0.5799999833106995,18,37.91999816894531,1,260426_150514.000000,-7.226824760437012,3.9511783123016357,0.0026774704456329346,0.12866978347301483,0.047948818653821945,0.0018417499959468842,-0.0012898449786007404,-0.001453652512282133,0.0013441556366160512,9.03920408745762e-06,19.0
2026-04-26T17:05:36.565981,260426_140934.000000,1,58.34117126464844,8.567811965942383,33.70000076293945,24.540000915527344,0.5799999833106995,18,37.91999816894531,1,260426_150514.000000,-7.242743492126465,3.981715679168701,0.01426185853779316,0.36240851879119873,0.08838176727294922,0.004127546213567257,0.013425442390143871,0.0024741599336266518,0.003886183723807335,3.228784407838248e-05,21.0
2026-04-26T17:05:39.583111,260426_140935.000000,1,58.341129302978516,8.56771183013916,33.79999923706055,24.43000030517578,0.5799999833106995,18,37.91999816894531,1,260426_150514.000000,-7.278401851654053,3.9726641178131104,0.007137117441743612,0.18347541987895966,0.12866683304309845,0.00022760327556170523,0.0011979249538853765,-0.007032184861600399,0.005098775960505009,5.914597204537131e-05,20.0
2026-04-26T17:05:42.771299,260426_140952.000000,1,58.34130859375,8.565814971923828,33.099998474121094,0.28999999165534973,0.9200000166893005,10,37.91999816894531,1,260426_150528.984375,-7.764894962310791,4.442351341247559,0.1285375952720642,0.24231287837028503,0.1738106906414032,-0.09378235042095184,-0.08767638355493546,0.006295816972851753,0.03277287259697914,0.0013759125722572207,22.0
2026-04-26T17:05:45.851667,260426_141001.000000,1,58.34149169921875,8.565285682678223,34.400001525878906,24.6299991607666,0.699999988079071,15,37.91999816894531,1,260426_150528.984375,-7.728201389312744,5.5133209228515625,0.10245215147733688,0.7755220532417297,0.287913978099823,-0.099301278591156,0.024819843471050262,0.004435640759766102,0.05031787231564522,0.0038789466489106417,22.0
2026-04-26T17:05:48.798575,260426_141009.000000,1,58.34164810180664,8.5640869140625,39.79999923706055,40.880001068115234,0.6100000143051147,16,37.91999816894531,1,260426_150528.984375,-6.800658702850342,4.9920268058776855,0.07189451158046722,0.12607444822788239,0.2839752733707428,0.04855584353208542,0.052971355617046356,0.002277580089867115,0.050184465944767,0.0054986197501420975,18.0
2026-04-26T17:05:51.782044,260426_141010.000000,1,58.341678619384766,8.563899993896484,39.400001525878906,43.25,0.6200000047683716,16,37.91999816894531,1,260426_150528.984375,-7.852142333984375,4.037283420562744,0.137493297457695,0.6043204665184021,0.3053508996963501,0.12098201364278793,-0.06405241787433624,-0.012847025878727436,0.05388728529214859,0.009986525401473045,16.0
2026-04-26T17:05:54.840300,260426_141026.000000,1,58.34225082397461,8.56040096282959,47.599998474121094,48.970001220703125,0.5899999737739563,17,37.91999816894531,1,260426_150528.984375,-9.15637493133545,2.266819953918457,0.1935303509235382,1.337108850479126,0.5779914855957031,0.17057347297668457,-0.09139485657215118,0.0023803934454917908,0.046932097524404526,0.016774162650108337,13.0
2026-04-26T17:05:54.840557,260426_141026.000000,1,58.34225082397461,8.56040096282959,47.599998474121094,48.970001220703125,0.5899999737739563,17,37.91999816894531,1,260426_150528.984375,-9.15637493133545,2.266819953918457,0.1935303509235382,1.337108850479126,0.5779914855957031,0.17057347297668457,-0.09139485657215118,0.0023803934454917908,0.046932097524404526,0.016774162650108337,13.0
2026-04-26T17:05:54.840737,260426_141026.000000,1,58.34225082397461,8.56040096282959,47.599998474121094,48.970001220703125,0.5899999737739563,17,37.91999816894531,1,260426_150528.984375,-9.15637493133545,2.266819953918457,0.1935303509235382,1.337108850479126,0.5779914855957031,0.17057347297668457,-0.09139485657215118,0.0023803934454917908,0.046932097524404526,0.016774162650108337,13.0
2026-04-26T17:05:54.864214,260426_141026.000000,1,58.34225082397461,8.56040096282959,47.599998474121094,48.970001220703125,0.5899999737739563,17,37.91999816894531,1,260426_150528.984375,-9.15637493133545,2.266819953918457,0.1935303509235382,1.337108850479126,0.5779914855957031,0.17057347297668457,-0.09139485657215118,0.0023803934454917908,0.046932097524404526,0.016774162650108337,13.0
2026-04-26T17:05:57.827180,260426_141027.000000,1,58.34233093261719,8.560211181640625,47.599998474121094,49.34000015258789,0.5899999737739563,17,37.91999816894531,1,260426_150544.000000,-9.136887550354004,2.8931422233581543,0.0599132776260376,2.625687837600708,1.0208346843719482,0.013469936326146126,0.045552246272563934,0.03651238605380058,0.04554023966193199,0.017030581831932068,15.0
2026-04-26T17:06:00.871203,260426_141035.000000,1,58.342979431152344,8.558691024780273,51.099998474121094,52.65999984741211,0.5799999833106995,18,37.91999816894531,1,260426_150544.000000,-8.813220024108887,1.7929080724716187,0.15309911966323853,1.621092438697815,1.073510766029358,0.12335342913866043,0.0906633660197258,0.0018511675298213959,0.0423165000975132,0.019012009724974632,19.0
2026-04-26T17:06:03.968320,260426_141036.000000,1,58.343048095703125,8.558478355407715,51.599998474121094,53.0099983215332,0.5799999833106995,18,37.91999816894531,1,260426_150544.000000,-8.947113990783691,1.6373190879821777,0.07242411375045776,1.5114938020706177,1.1740047931671143,-0.014775598421692848,-0.07043778896331787,0.008090263232588768,0.04278772696852684,0.0182009469717741,23.0
2026-04-26T17:06:06.961694,260426_141044.000000,1,58.34355926513672,8.556926727294922,54.5,35.97999954223633,0.5899999737739563,18,37.91999816894531,1,260426_150544.000000,-9.153985977172852,2.8090145587921143,0.11089098453521729,2.854384660720825,1.162919521331787,0.0052992356941103935,0.0827145054936409,0.07366844266653061,0.043978821486234665,0.014706334099173546,28.0
2026-04-26T17:06:06.963268,260426_141044.000000,1,58.34355926513672,8.556926727294922,54.5,35.97999954223633,0.5899999737739563,18,37.91999816894531,1,260426_150544.000000,-9.153985977172852,2.8090145587921143,0.11089098453521729,2.854384660720825,1.162919521331787,0.0052992356941103935,0.0827145054936409,0.07366844266653061,0.043978821486234665,0.014706334099173546,28.0
2026-04-26T17:06:06.963798,260426_141044.000000,1,58.34355926513672,8.556926727294922,54.5,35.97999954223633,0.5899999737739563,18,37.91999816894531,1,260426_150544.000000,-9.153985977172852,2.8090145587921143,0.11089098453521729,2.854384660720825,1.162919521331787,0.0052992356941103935,0.0827145054936409,0.07366844266653061,0.043978821486234665,0.014706334099173546,28.0
2026-04-26T17:06:06.967745,260426_141044.000000,1,58.34355926513672,8.556926727294922,54.5,35.97999954223633,0.5899999737739563,18,37.91999816894531,1,260426_150544.000000,-9.153985977172852,2.8090145587921143,0.11089098453521729,2.854384660720825,1.162919521331787,0.0052992356941103935,0.0827145054936409,0.07366844266653061,0.043978821486234665,0.014706334099173546,28.0
2026-04-26T17:06:10.106948,260426_141052.000000,1,58.3437614440918,8.556221961975098,53.5,19.940000534057617,0.5899999737739563,18,37.91999816894531,1,260426_150559.015625,-8.683467864990234,2.8646159172058105,0.04272954538464546,2.950258731842041,1.1501439809799194,0.015340808779001236,-0.019679293036460876,0.03468715772032738,0.040568798780441284,0.012580981478095055,28.0
2026-04-26T17:06:13.195105,260426_141053.000000,1,58.3437614440918,8.556137084960938,53.29999923706055,18.149999618530273,0.5799999833106995,18,37.91999816894531,1,260426_150559.015625,-8.171651840209961,1.6401617527008057,0.09800176322460175,0.6539879441261292,1.0570659637451172,0.08461125195026398,0.04844994097948074,-0.009893670678138733,0.04319358244538307,0.014241229742765427,26.0
2026-04-26T17:06:16.138164,260426_141101.000000,1,58.34320068359375,8.555879592895508,53.400001525878906,36.72999954223633,0.5799999833106995,18,37.91999816894531,1,260426_150559.015625,-8.471906661987305,4.233195781707764,0.08494479954242706,2.019042730331421,1.0426490306854248,0.022090665996074677,-0.048666566610336304,-0.06602413952350616,0.08058717101812363,0.024862002581357956,22.0
2026-04-26T17:06:19.146722,260426_141102.000000,1,58.343109130859375,8.555865287780762,52.599998474121094,38.75,0.5799999833106995,18,37.91999816894531,1,260426_150614.000000,-10.006181716918945,2.872098922729492,0.11115314811468124,0.7727476954460144,0.9365428686141968,0.045459821820259094,-0.09573759883642197,0.033507294952869415,0.07609585672616959,0.028840437531471252,24.0
2026-04-26T17:06:22.191488,260426_141110.000000,1,58.3421516418457,8.55552864074707,53.70000076293945,48.599998474121094,0.5799999833106995,18,37.91999816894531,1,260426_150614.000000,-10.746466636657715,2.7472052574157715,0.11320818960666656,2.7635505199432373,0.9662978649139404,-0.02014206536114216,-0.10480736196041107,0.03775985166430473,0.07325585931539536,0.02904970943927765,26.0
2026-04-26T17:06:25.464824,260426_141119.000000,1,58.341121673583984,8.555031776428223,52.29999923706055,36.029998779296875,0.5799999833106995,18,37.91999816894531,1,260426_150614.000000,-10.632957458496094,2.750443935394287,0.028260985389351845,0.8416652679443359,0.9714279770851135,0.0001221692655235529,-0.011272978037595749,-0.02591502107679844,0.08118785917758942,0.027408557012677193,26.0
2026-04-26T17:06:25.465116,260426_141119.000000,1,58.341121673583984,8.555031776428223,52.29999923706055,36.029998779296875,0.5799999833106995,18,37.91999816894531,1,260426_150614.000000,-10.632957458496094,2.750443935394287,0.028260985389351845,0.8416652679443359,0.9714279770851135,0.0001221692655235529,-0.011272978037595749,-0.02591502107679844,0.08118785917758942,0.027408557012677193,26.0
2026-04-26T17:06:25.465312,260426_141119.000000,1,58.341121673583984,8.555031776428223,52.29999923706055,36.029998779296875,0.5799999833106995,18,37.91999816894531,1,260426_150614.000000,-10.632957458496094,2.750443935394287,0.028260985389351845,0.8416652679443359,0.9714279770851135,0.0001221692655235529,-0.011272978037595749,-0.02591502107679844,0.08118785917758942,0.027408557012677193,26.0
2026-04-26T17:06:25.482289,260426_141119.000000,1,58.341121673583984,8.555031776428223,52.29999923706055,36.029998779296875,0.5799999833106995,18,37.91999816894531,1,260426_150614.000000,-10.632957458496094,2.750443935394287,0.028260985389351845,0.8416652679443359,0.9714279770851135,0.0001221692655235529,-0.011272978037595749,-0.02591502107679844,0.08118785917758942,0.027408557012677193,26.0
2026-04-26T17:06:28.342746,260426_141128.000000,1,58.34035110473633,8.554936408996582,57.0,43.689998626708984,0.6100000143051147,17,37.91999816894531,1,260426_150614.000000,-10.653482437133789,3.486955165863037,0.08701594173908234,2.2327191829681396,0.9347155690193176,-0.015059368684887886,-0.006044895388185978,-0.08548946678638458,0.06609499454498291,0.01799822598695755,26.0
2026-04-26T17:06:31.392988,260426_141136.000000,1,58.33951187133789,8.555705070495605,55.5,47.34000015258789,0.5799999833106995,18,37.91999816894531,1,260426_150628.984375,-10.120945930480957,3.4484989643096924,0.0686471164226532,0.7730583548545837,0.9237719774246216,-0.00983864814043045,0.06447266042232513,0.021422039717435837,0.04221244901418686,0.010576200671494007,22.0
2026-04-26T17:06:34.466079,260426_141144.000000,1,58.33877182006836,8.556568145751953,54.099998474121094,43.029998779296875,0.5799999833106995,18,37.91999816894531,1,260426_150628.984375,-9.90291690826416,3.172586441040039,0.07924297451972961,1.263448715209961,0.9609254598617554,-0.07323306798934937,0.024361107498407364,-0.017969492822885513,0.03394124656915665,0.008214320987462997,22.0
2026-04-26T17:06:34.466347,260426_141144.000000,1,58.33877182006836,8.556568145751953,54.099998474121094,43.029998779296875,0.5799999833106995,18,37.91999816894531,1,260426_150628.984375,-9.90291690826416,3.172586441040039,0.07924297451972961,1.263448715209961,0.9609254598617554,-0.07323306798934937,0.024361107498407364,-0.017969492822885513,0.03394124656915665,0.008214320987462997,22.0
2026-04-26T17:06:37.435809,260426_141145.000000,1,58.33869171142578,8.556705474853516,53.400001525878906,42.72999954223633,0.5799999833106995,18,37.91999816894531,1,260426_150628.984375,-9.645392417907715,3.1869969367980957,0.05142298340797424,2.2378084659576416,0.8425124883651733,-0.0177573524415493,0.03541922941803932,0.03277922794222832,0.030736714601516724,0.006577366031706333,16.0
2026-04-26T17:06:40.479261,260426_141153.000000,1,58.338111877441406,8.556639671325684,54.0,37.380001068115234,0.5799999833106995,18,37.91999816894531,1,260426_150630.000000,-9.313462257385254,3.460808038711548,0.05553904175758362,2.046604633331299,0.8816307783126831,0.00754203274846077,-0.013247901573777199,0.05340595543384552,0.027159426361322403,0.006541160400956869,20.0
2026-04-26T17:06:43.545982,260426_141154.000000,1,58.33808135986328,8.55637264251709,54.599998474121094,42.54999923706055,0.5799999833106995,18,37.91999816894531,1,260426_150630.000000,-9.16014289855957,3.581195116043091,0.06279600411653519,0.9379429221153259,0.891544759273529,-0.04083128646016121,-0.0009950227104127407,0.04769857972860336,0.028135528787970543,0.0061919204890728,22.0
2026-04-26T17:06:46.595230,260426_141202.000000,1,58.33757019042969,8.555910110473633,52.70000076293945,34.0099983215332,0.5799999833106995,18,37.91999816894531,1,260426_150630.000000,-8.981598854064941,3.791363000869751,0.02191419154405594,1.2201316356658936,0.9273433089256287,-0.018182815983891487,0.0027720355428755283,-0.011913555674254894,0.026436060667037964,0.005682135000824928,22.0
2026-04-26T17:06:52.726654,260426_141211.000000,1,58.33673858642578,8.556365013122559,52.599998474121094,35.189998626708984,0.5799999833106995,18,37.91999816894531,1,260426_150644.984375,-8.173737525939941,4.61650276184082,0.0961611419916153,2.9336705207824707,1.0158624649047852,-0.020811932161450386,0.09382466971874237,0.0032803965732455254,0.032888107001781464,0.005584395956248045,31.0
2026-04-26T17:06:55.805460,260426_141219.000000,1,58.3360595703125,8.55512523651123,48.5,35.189998626708984,0.6200000047683716,18,37.91999816894531,1,260426_150644.984375,-7.3359856605529785,4.606677532196045,0.09918949753046036,1.0309933423995972,0.981640100479126,-0.06686171889305115,0.052008628845214844,0.05160590261220932,0.03540753573179245,0.006497166119515896,27.0
2026-04-26T17:06:58.835839,260426_141220.000000,1,58.335960388183594,8.55489730834961,48.29999923706055,35.189998626708984,0.6200000047683716,18,37.91999816894531,1,260426_150644.984375,-7.24330997467041,5.655179977416992,0.23011453449726105,1.9854166507720947,0.9494680166244507,-0.21742235124111176,0.009657816030085087,0.07474587112665176,0.047567907720804214,0.008753001689910889,25.0
2026-04-26T17:07:02.014626,260426_141228.000000,1,58.33518981933594,8.553057670593262,51.0,35.189998626708984,0.5799999833106995,18,37.91999816894531,1,260426_150646.000000,-6.395639896392822,9.359010696411133,0.35738319158554077,1.512016773223877,0.9420380592346191,-0.35089054703712463,0.06725957244634628,0.008642945438623428,0.13167229294776917,0.035665225237607956,27.0
2026-04-26T17:07:02.016123,260426_141228.000000,1,58.33518981933594,8.553057670593262,51.0,35.189998626708984,0.5799999833106995,18,37.91999816894531,1,260426_150646.000000,-6.395639896392822,9.359010696411133,0.35738319158554077,1.512016773223877,0.9420380592346191,-0.35089054703712463,0.06725957244634628,0.008642945438623428,0.13167229294776917,0.035665225237607956,27.0
2026-04-26T17:07:02.016542,260426_141228.000000,1,58.33518981933594,8.553057670593262,51.0,35.189998626708984,0.5799999833106995,18,37.91999816894531,1,260426_150646.000000,-6.395639896392822,9.359010696411133,0.35738319158554077,1.512016773223877,0.9420380592346191,-0.35089054703712463,0.06725957244634628,0.008642945438623428,0.13167229294776917,0.035665225237607956,27.0
2026-04-26T17:07:02.021960,260426_141228.000000,1,58.33518981933594,8.553057670593262,51.0,35.189998626708984,0.5799999833106995,18,37.91999816894531,1,260426_150646.000000,-6.395639896392822,9.359010696411133,0.35738319158554077,1.512016773223877,0.9420380592346191,-0.35089054703712463,0.06725957244634628,0.008642945438623428,0.13167229294776917,0.035665225237607956,27.0
2026-04-26T17:07:04.971403,260426_141237.000000,1,58.33422088623047,8.551182746887207,54.599998474121094,59.08000183105469,0.6299999952316284,16,37.91999816894531,1,260426_150646.000000,-7.290751934051514,9.60328483581543,0.1554618924856186,1.0631422996520996,0.9192869067192078,0.09879094362258911,-0.1165068969130516,0.02889450266957283,0.12881585955619812,0.03995005041360855,25.0
2026-04-26T17:07:07.948750,260426_141245.000000,1,58.333370208740234,8.54977798461914,60.599998474121094,55.470001220703125,0.6399999856948853,17,37.91999816894531,1,260426_150646.000000,-8.84869384765625,8.114398956298828,0.10262884199619293,2.0749998092651367,0.8268422484397888,0.022997088730335236,-0.09999502450227737,0.002192750573158264,0.1207379549741745,0.04517783969640732,19.0
2026-04-26T17:07:11.010662,260426_141246.000000,1,58.33325958251953,8.54961109161377,60.79999923706055,59.130001068115234,0.6200000047683716,17,37.91999816894531,1,260426_150646.000000,-8.249251365661621,7.648433685302734,0.06962964683771133,3.550602436065674,0.9278602004051208,-0.041839007288217545,0.03630377724766731,0.042187925428152084,0.12035150080919266,0.0451437383890152,21.0
2026-04-26T17:07:14.007163,260426_141254.000000,1,58.33229064941406,8.54820442199707,62.79999923706055,63.040000915527344,0.6399999856948853,17,37.91999816894531,1,260426_150700.984375,-8.532205581665039,7.114675045013428,0.06708761304616928,1.6201690435409546,0.9610480666160583,0.016999009996652603,0.06391891837120056,0.01123177818953991,0.09878281503915787,0.034234318882226944,23.0
2026-04-26T17:07:17.162805,260426_141302.000000,1,58.33110809326172,8.547283172607422,52.79999923706055,66.97000122070312,0.6200000047683716,17,37.91999816894531,1,260426_150700.984375,-7.999473571777344,6.860153675079346,0.08412221819162369,0.6526793837547302,0.9904898405075073,0.036569900810718536,0.07564258575439453,-0.004170005209743977,0.05216701328754425,0.01640230230987072,23.0
2026-04-26T17:07:20.139485,260426_141303.000000,1,58.33094024658203,8.5472412109375,51.70000076293945,70.23999786376953,0.6200000047683716,17,37.91999816894531,1,260426_150700.984375,-7.5490570068359375,6.554371356964111,0.03746886923909187,1.3754371404647827,1.0860381126403809,-0.012496105395257473,0.030656438320875168,-0.017548391595482826,0.046405017375946045,0.012291813269257545,23.0
2026-04-26T17:07:23.195715,260426_141311.000000,1,58.32952117919922,8.547144889831543,52.5,69.97000122070312,0.5799999833106995,18,37.91999816894531,1,260426_150700.984375,-7.825036525726318,5.984006881713867,0.11341260373592377,2.0685369968414307,1.0935763120651245,0.08669524639844894,0.025241030380129814,-0.06862393021583557,0.040250014513731,0.010454002767801285,25.0
2026-04-26T17:07:26.204441,260426_141319.000000,1,58.32815170288086,8.547333717346191,47.70000076293945,67.48999786376953,0.6000000238418579,17,37.91999816894531,1,260426_150700.984375,-7.599360466003418,5.485263347625732,0.06644257158041,2.144998788833618,1.0687718391418457,-0.002101429272443056,-0.0031193485483527184,0.06633602827787399,0.03721550107002258,0.009443338960409164,27.0
2026-04-26T17:07:29.349548,260426_141320.000000,1,58.3279914855957,8.547384262084961,47.400001525878906,67.48999786376953,0.6000000238418579,17,37.91999816894531,1,260426_150716.000000,-7.380117893218994,5.2545623779296875,0.024230865761637688,1.8214263916015625,1.0744456052780151,-0.014973584562540054,0.01827428489923477,0.005383032839745283,0.03818704932928085,0.008302856236696243,25.0
2026-04-26T17:07:32.322953,260426_141328.000000,1,58.3266716003418,8.547530174255371,43.400001525878906,65.5199966430664,0.6399999856948853,17,37.91999816894531,1,260426_150716.000000,-7.314725875854492,5.323463439941406,0.06683333963155746,2.1486806869506836,1.3557733297348022,-0.04108082503080368,-0.024265941232442856,0.04679984599351883,0.0779155045747757,0.014933327212929726,23.0
2026-04-26T17:07:35.379743,260426_141336.000000,1,58.325618743896484,8.547283172607422,49.20000076293945,41.529998779296875,0.6200000047683716,17,37.91999816894531,1,260426_150716.000000,-7.710278034210205,5.695174694061279,0.04930425435304642,0.9086624383926392,1.298788070678711,-0.033611394464969635,-0.02970399521291256,0.02046598494052887,0.0754498839378357,0.013593638315796852,21.0
2026-04-26T17:07:38.483081,260426_141337.000000,1,58.325531005859375,8.547204971313477,50.400001525878906,37.5099983215332,0.6399999856948853,17,37.91999816894531,1,260426_150716.000000,-7.504907131195068,5.542448997497559,0.05932283774018288,2.050051212310791,1.2462111711502075,0.05145025625824928,-0.02795012667775154,0.00953205581754446,0.07823088020086288,0.012316862121224403,15.0
2026-04-26T17:07:41.562202,260426_141345.000000,1,58.32524871826172,8.546490669250488,50.5,21.729999542236328,0.5799999833106995,18,37.91999816894531,1,260426_150716.000000,-7.440694332122803,5.3678107261657715,0.008353253826498985,0.6944090723991394,1.1930733919143677,-0.003579876385629177,-0.0064719244837760925,0.0038827224634587765,0.07959487289190292,0.011877118609845638,17.0
2026-04-26T17:07:44.614714,260426_141346.000000,1,58.325199127197266,8.546488761901855,49.400001525878906,22.040000915527344,0.5799999833106995,18,37.91999816894531,1,260426_150716.000000,-7.19454288482666,4.5088324546813965,0.12447954714298248,2.332772731781006,0.8925806879997253,0.09979233890771866,0.029603444039821625,-0.06826625764369965,0.031457364559173584,0.0051320684142410755,21.0
2026-04-26T17:07:47.723244,260426_141354.000000,1,58.32466125488281,8.547277450561523,47.0,47.5,0.5799999833106995,18,37.91999816894531,1,260426_150716.000000,-6.960488319396973,4.4432196617126465,0.047573022544384,2.2504923343658447,0.9413225650787354,0.017962031066417694,0.04378337040543556,-0.00485529750585556,0.0316615104675293,0.004850393161177635,23.0
2026-04-26T17:07:50.675354,260426_141402.000000,1,58.32350158691406,8.54796314239502,38.79999923706055,63.779998779296875,0.6000000238418579,17,37.91999816894531,1,260426_150746.000000,-6.900352954864502,4.582136154174805,0.047958776354789734,1.4094345569610596,0.9606896638870239,-0.021750062704086304,-0.02598496340215206,-0.033937595784664154,0.03163667395710945,0.0049614314921200275,30.0
2026-04-26T17:07:53.708493,260426_141403.000000,1,58.32334899902344,8.54802417755127,37.599998474121094,63.779998779296875,0.6399999856948853,16,37.91999816894531,1,260426_150746.000000,-7.0547966957092285,4.911075592041016,0.023948635905981064,2.1340444087982178,0.992315948009491,0.011948312632739544,-0.018060866743326187,0.010226435028016567,0.03199301287531853,0.004991294350475073,32.0
2026-04-26T17:07:56.741582,260426_141411.000000,1,58.32207107543945,8.547348022460938,34.79999923706055,70.36000061035156,0.6600000262260437,15,37.91999816894531,1,260426_150746.000000,-6.517144203186035,4.506888389587402,0.19175979495048523,4.518292427062988,1.0644880533218384,0.14602743089199066,0.04323303699493408,-0.1165277361869812,0.037195827811956406,0.005590679123997688,30.0
2026-04-26T17:07:59.759286,260426_141412.000000,1,58.321929931640625,8.54716968536377,34.0,68.55000305175781,0.7300000190734863,13,37.91999816894531,1,260426_150746.000000,-5.561402797698975,1.62361741065979,0.18947435915470123,0.49778473377227783,0.9947852492332458,0.18271709978580475,0.03710711747407913,0.033735062927007675,0.07263944298028946,0.015458475798368454,24.0
2026-04-26T17:08:02.830135,260426_141420.000000,1,58.321128845214844,8.545815467834473,23.799999237060547,41.02000045776367,0.6499999761581421,16,37.91999816894531,1,260426_150800.984375,-6.149247646331787,0.5987759828567505,0.1081591546535492,1.4587937593460083,0.9329241514205933,-0.015627305954694748,-0.10696207731962204,0.0036474987864494324,0.07427270710468292,0.01885404996573925,24.0
2026-04-26T17:08:05.904077,260426_141429.000000,1,58.32078170776367,8.545563697814941,21.100000381469727,24.8799991607666,0.6100000143051147,17,37.91999816894531,1,260426_150800.984375,-6.9443278312683105,1.2863352298736572,0.11394373327493668,1.2280218601226807,0.9332357048988342,-0.05381565913558006,-0.09953993558883667,-0.013373535126447678,0.06784389913082123,0.020787809044122696,20.0
2026-04-26T17:08:08.962118,260426_141437.000000,1,58.32020950317383,8.546666145324707,21.299999237060547,46.65999984741211,0.5799999833106995,18,37.91999816894531,1,260426_150800.984375,-5.895930290222168,2.304436683654785,0.11314476281404495,1.1654404401779175,1.056006908416748,-0.06719369441270828,0.08501017093658447,0.03255786746740341,0.05503122881054878,0.02453724667429924,22.0
2026-04-26T17:08:08.964300,260426_141437.000000,1,58.32020950317383,8.546666145324707,21.299999237060547,46.65999984741211,0.5799999833106995,18,37.91999816894531,1,260426_150800.984375,-5.895930290222168,2.304436683654785,0.11314476281404495,1.1654404401779175,1.056006908416748,-0.06719369441270828,0.08501017093658447,0.03255786746740341,0.05503122881054878,0.02453724667429924,22.0
2026-04-26T17:08:11.888210,260426_141445.000000,1,58.31956100463867,8.547956466674805,27.399999618530273,45.290000915527344,0.6399999856948853,16,37.91999816894531,1,260426_150800.984375,-5.875823974609375,5.407227993011475,0.20383508503437042,0.8906612396240234,0.9053782224655151,-0.19702228903770447,-0.051795653998851776,-0.006940621882677078,0.06038175895810127,0.03116776794195175,24.0
2026-04-26T17:08:18.087082,260426_141454.000000,1,58.3189811706543,8.549304962158203,29.299999237060547,37.18000030517578,0.5799999833106995,18,37.91999816894531,1,260426_150802.000000,-8.921785354614258,6.49764347076416,0.13148532807826996,1.90987229347229,0.940741777420044,-0.021191347390413284,-0.12881764769554138,0.01566297933459282,0.05701723322272301,0.030711974948644638,25.0
2026-04-26T17:08:21.076552,260426_141503.000000,1,58.318790435791016,8.550363540649414,25.299999237060547,25.389999389648438,0.5799999833106995,18,37.91999816894531,1,260426_150802.000000,-9.026140213012695,6.272663593292236,0.06880082935094833,0.3981670141220093,0.8124427795410156,0.05837276950478554,0.02187112718820572,-0.029117494821548462,0.06341058760881424,0.029399309307336807,21.0
2026-04-26T17:08:21.076991,260426_141503.000000,1,58.318790435791016,8.550363540649414,25.299999237060547,25.389999389648438,0.5799999833106995,18,37.91999816894531,1,260426_150802.000000,-9.026140213012695,6.272663593292236,0.06880082935094833,0.3981670141220093,0.8124427795410156,0.05837276950478554,0.02187112718820572,-0.029117494821548462,0.06341058760881424,0.029399309307336807,21.0
2026-04-26T17:08:21.077369,260426_141503.000000,1,58.318790435791016,8.550363540649414,25.299999237060547,25.389999389648438,0.5799999833106995,18,37.91999816894531,1,260426_150802.000000,-9.026140213012695,6.272663593292236,0.06880082935094833,0.3981670141220093,0.8124427795410156,0.05837276950478554,0.02187112718820572,-0.029117494821548462,0.06341058760881424,0.029399309307336807,21.0
2026-04-26T17:08:21.079823,260426_141503.000000,1,58.318790435791016,8.550363540649414,25.299999237060547,25.389999389648438,0.5799999833106995,18,37.91999816894531,1,260426_150802.000000,-9.026140213012695,6.272663593292236,0.06880082935094833,0.3981670141220093,0.8124427795410156,0.05837276950478554,0.02187112718820572,-0.029117494821548462,0.06341058760881424,0.029399309307336807,21.0
2026-04-26T17:08:24.128360,260426_141511.000000,1,58.31903076171875,8.551077842712402,24.200000762939453,32.310001373291016,0.5799999833106995,18,37.91999816894531,1,260426_150802.000000,-8.614523887634277,5.1806416511535645,0.10579817742109299,0.751265823841095,0.6712686419487,0.10206695646047592,0.023322388529777527,-0.015220267698168755,0.06332742422819138,0.028498800471425056,19.0
2026-04-26T17:08:27.208746,260426_141512.000000,1,58.319091796875,8.551191329956055,23.600000381469727,33.029998779296875,0.5799999833106995,18,37.91999816894531,1,260426_150816.984375,-8.097562789916992,2.044588565826416,0.21585813164710999,0.459309846162796,0.6589235663414001,0.21140959858894348,0.0433247834444046,0.004866342060267925,0.055570028722286224,0.027048995718359947,21.0
2026-04-26T17:08:30.181476,260426_141520.000000,1,58.31951904296875,8.552425384521484,23.399999618530273,42.81999969482422,0.6499999761581421,16,37.91999816894531,1,260426_150816.984375,-8.032533645629883,1.9090300798416138,0.1176857128739357,0.7244079113006592,0.5442473888397217,-0.10733272135257721,0.0459507554769516,0.014769602566957474,0.05719552934169769,0.020879922434687614,15.0
2026-04-26T17:08:33.258260,260426_141521.000000,1,58.3195686340332,8.552607536315918,23.600000381469727,44.880001068115234,0.6499999761581421,16,37.91999816894531,1,260426_150816.984375,-7.091098785400391,2.5943572521209717,0.12206185609102249,0.27550315856933594,0.4768505096435547,-0.06491966545581818,0.1031591147184372,0.0065369075164198875,0.056880444288253784,0.020618703216314316,14.0
2026-04-26T17:08:36.338257,260426_141538.000000,1,58.32059097290039,8.555474281311035,34.5,40.709999084472656,0.6499999761581421,16,37.91999816894531,1,260426_150816.984375,-4.769047737121582,3.092073440551758,0.13524918258190155,1.465526819229126,0.5309157967567444,-0.013477900996804237,0.12728679180145264,-0.04368937760591507,0.05105429142713547,0.02270858734846115,14.0
2026-04-26T17:08:39.400287,260426_141546.000000,1,58.32122039794922,8.556527137756348,38.0,48.77000045776367,0.6600000262260437,15,37.91999816894531,1,260426_150832.000000,-3.4615602493286133,3.487344741821289,0.12491290271282196,0.4228104054927826,0.5107735991477966,-0.016421036794781685,0.12377657741308212,0.0035973070189356804,0.04578098654747009,0.020963072776794434,12.0
2026-04-26T17:08:42.463823,260426_141547.000000,1,58.32133102416992,8.556686401367188,38.20000076293945,49.7599983215332,0.6600000262260437,15,37.91999816894531,1,260426_150832.000000,-3.414783239364624,3.548163652420044,0.10822786390781403,0.22194649279117584,0.5032597184181213,-0.009508355520665646,-0.10592733323574066,-0.02005644515156746,0.030635345727205276,0.015349003486335278,12.0
2026-04-26T17:08:45.444607,260426_141555.000000,1,58.32210922241211,8.557908058166504,42.29999923706055,49.11000061035156,0.5799999833106995,18,37.91999816894531,1,260426_150832.000000,-4.178191184997559,3.5917935371398926,0.07575549185276031,0.3302430510520935,0.46857210993766785,0.0008450947352685034,-0.07566207647323608,0.0036648872774094343,0.027985066175460815,0.015435072593390942,12.0
2026-04-26T17:08:48.514709,260426_141603.000000,1,58.322608947753906,8.55945110321045,44.400001525878906,48.900001525878906,0.6200000047683716,17,37.91999816894531,1,260426_150832.984375,-4.971734046936035,3.6420679092407227,0.0645483061671257,0.013795353472232819,0.48734989762306213,-0.0024419273249804974,-0.06396167725324631,-0.008332204073667526,0.034339539706707,0.013350074179470539,10.0
2026-04-26T17:08:51.519130,260426_141604.000000,1,58.32265090942383,8.559686660766602,43.099998474121094,46.029998779296875,0.6200000047683716,17,37.91999816894531,1,260426_150832.984375,-5.734854698181152,3.6935510635375977,0.051277510821819305,0.10639319568872452,0.44070884585380554,-0.004268902353942394,-0.05096365883946419,-0.0037235813215374947,0.03791134059429169,0.0100031653419137,8.0
2026-04-26T17:08:54.702935,260426_141612.000000,1,58.32297897338867,8.561264991760254,40.79999923706055,48.13999938964844,0.6399999856948853,17,37.91999816894531,1,260426_150832.984375,-6.193023204803467,3.736470937728882,0.04704714193940163,0.09436914324760437,0.19916875660419464,-0.006921509746462107,-0.04644782096147537,-0.0028506540693342686,0.024248631671071053,0.005763710010796785,2.0
2026-04-26T17:08:57.587647,260426_141613.000000,1,58.32305145263672,8.561487197875977,38.900001525878906,48.47999954223633,0.6200000047683716,17,37.91999816894531,1,260426_150832.984375,-6.927621841430664,3.863264560699463,0.03234283626079559,0.06211230903863907,0.07058768719434738,-0.005388646386563778,-0.0317528061568737,-0.0029632258228957653,0.013501588255167007,0.002758912742137909,0.0
2026-04-26T17:09:00.691411,260426_141621.000000,1,58.3237190246582,8.56259822845459,34.5,37.13999938964844,0.5799999833106995,18,37.91999816894531,1,260426_150848.000000,-7.214221477508545,3.912097692489624,0.032760173082351685,0.08682574331760406,0.060103900730609894,-0.007524610497057438,-0.03170415014028549,-0.003384670242667198,0.01096310093998909,0.002066914224997163,0.0
2026-04-26T17:09:00.691593,260426_141621.000000,1,58.3237190246582,8.56259822845459,34.5,37.13999938964844,0.5799999833106995,18,37.91999816894531,1,260426_150848.000000,-7.214221477508545,3.912097692489624,0.032760173082351685,0.08682574331760406,0.060103900730609894,-0.007524610497057438,-0.03170415014028549,-0.003384670242667198,0.01096310093998909,0.002066914224997163,0.0
2026-04-26T17:09:00.692015,260426_141621.000000,1,58.3237190246582,8.56259822845459,34.5,37.13999938964844,0.5799999833106995,18,37.91999816894531,1,260426_150848.000000,-7.214221477508545,3.912097692489624,0.032760173082351685,0.08682574331760406,0.060103900730609894,-0.007524610497057438,-0.03170415014028549,-0.003384670242667198,0.01096310093998909,0.002066914224997163,0.0
2026-04-26T17:09:00.709465,260426_141621.000000,1,58.3237190246582,8.56259822845459,34.5,37.13999938964844,0.5799999833106995,18,37.91999816894531,1,260426_150848.000000,-7.214221477508545,3.912097692489624,0.032760173082351685,0.08682574331760406,0.060103900730609894,-0.007524610497057438,-0.03170415014028549,-0.003384670242667198,0.01096310093998909,0.002066914224997163,0.0
2026-04-26T17:09:03.744737,260426_141629.000000,1,58.32395935058594,8.56334114074707,36.0,23.1299991607666,0.5799999833106995,18,37.91999816894531,1,260426_150848.000000,-7.484411716461182,3.9554524421691895,0.031873565167188644,0.13254067301750183,0.06925340741872787,-0.0039000902324914932,-0.03157517686486244,-0.0019291946664452553,0.008699201047420502,0.0015919983852654696,0.0
2026-04-26T17:09:06.855500,260426_141630.000000,1,58.32392883300781,8.563440322875977,35.70000076293945,24.3799991607666,0.5799999833106995,18,37.91999816894531,1,260426_150848.000000,-8.976499557495117,4.272695064544678,0.167123481631279,0.2830972373485565,0.08686699718236923,-0.04006514698266983,-0.16219371557235718,-0.004271216690540314,0.0473017618060112,0.0054387422278523445,0.0
2026-04-26T17:09:09.918657,260426_141638.000000,1,58.323829650878906,8.563915252685547,34.20000076293945,12.960000038146973,0.6000000238418579,17,37.91999816894531,1,260426_150903.015625,-11.0742826461792,4.09886360168457,0.12249206006526947,0.7839347124099731,0.31957459449768066,0.015888703987002373,-0.12105543166399002,0.00987100601196289,0.06136806681752205,0.010588240809738636,4.0
2026-04-26T17:09:13.074921,260426_141646.000000,1,58.32353973388672,8.565118789672852,35.599998474121094,42.689998626708984,0.6000000238418579,17,37.91999816894531,1,260426_150903.015625,-12.092147827148438,4.567438125610352,0.07137861102819443,0.292484849691391,0.3649801015853882,-0.04099027439951897,-0.057413697242736816,-0.010879825800657272,0.05721547454595566,0.0121245626360178,6.0
2026-04-26T17:09:16.163263,260426_141647.000000,1,58.32352066040039,8.565314292907715,34.900001525878906,42.689998626708984,0.5799999833106995,18,37.91999816894531,1,260426_150903.015625,-12.295987129211426,5.152483940124512,0.06580105423927307,0.5376002788543701,0.3600809872150421,-0.06476305425167084,-0.004354918375611305,0.01079627126455307,0.053212374448776245,0.012542972341179848,10.0
2026-04-26T17:09:19.323434,260426_141703.000000,1,58.323219299316406,8.567096710205078,34.5,23.799999237060547,0.6800000071525574,15,37.91999816894531,1,260426_150903.015625,-12.347857475280762,5.490103244781494,0.03146384283900261,0.7595040798187256,0.36181071400642395,-0.018564922735095024,0.02538645640015602,0.0009192000143229961,0.05057201161980629,0.009653085842728615,14.0
2026-04-26T17:09:19.323742,260426_141703.000000,1,58.323219299316406,8.567096710205078,34.5,23.799999237060547,0.6800000071525574,15,37.91999816894531,1,260426_150903.015625,-12.347857475280762,5.490103244781494,0.03146384283900261,0.7595040798187256,0.36181071400642395,-0.018564922735095024,0.02538645640015602,0.0009192000143229961,0.05057201161980629,0.009653085842728615,14.0
2026-04-26T17:09:19.324886,260426_141703.000000,1,58.323219299316406,8.567096710205078,34.5,23.799999237060547,0.6800000071525574,15,37.91999816894531,1,260426_150903.015625,-12.347857475280762,5.490103244781494,0.03146384283900261,0.7595040798187256,0.36181071400642395,-0.018564922735095024,0.02538645640015602,0.0009192000143229961,0.05057201161980629,0.009653085842728615,14.0
2026-04-26T17:09:22.388601,260426_141704.000000,1,58.323211669921875,8.567219734191895,34.5,27.309999465942383,0.6800000071525574,15,37.91999816894531,1,260426_150904.000000,-12.326443672180176,5.813055992126465,0.031573615968227386,0.9522819519042969,0.37258997559547424,-0.010911587625741959,-0.008146408945322037,-0.028486251831054688,0.03908579424023628,0.005842364858835936,16.0
2026-04-26T17:09:25.461412,260426_141712.000000,1,58.32304000854492,8.568254470825195,30.799999237060547,17.020000457763672,0.6499999761581421,16,37.91999816894531,1,260426_150904.000000,-12.278295516967773,6.008307933807373,0.033168092370033264,0.47341281175613403,0.35987773537635803,-0.0013222217094153166,0.03311224654316902,-0.0013975962065160275,0.022746292874217033,0.0029900595545768738,20.0
2026-04-26T17:09:28.534541,260426_141713.000000,1,58.323020935058594,8.56833267211914,30.799999237060547,16.34000015258789,0.6499999761581421,16,37.91999816894531,1,260426_150919.015625,-12.034305572509766,6.299474716186523,0.04954783618450165,0.5852327346801758,0.36313286423683167,-0.04038732498884201,0.027653193101286888,-0.007691110949963331,0.01647048629820347,0.002019844250753522,20.0
2026-04-26T17:09:31.626062,260426_141721.000000,1,58.32286834716797,8.569154739379883,27.0,17.1200008392334,0.6499999761581421,16,37.91999816894531,1,260426_150919.015625,-11.821847915649414,6.386317729949951,0.06588177382946014,0.8654499650001526,0.3647240996360779,-0.03442252054810524,0.020976826548576355,-0.052110180258750916,0.015718482434749603,0.0019171296153217554,20.0
2026-04-26T17:09:34.677210,260426_141729.000000,1,58.32270050048828,8.569488525390625,24.399999618530273,14.229999542236328,0.6600000262260437,16,37.91999816894531,1,260426_150919.015625,-10.73677921295166,6.587653160095215,0.05082650110125542,0.4019513726234436,0.3824571371078491,-0.013606441207230091,0.04896355792880058,-0.0008762185461819172,0.023315582424402237,0.003006917890161276,22.0
2026-04-26T17:09:37.919648,260426_141730.000000,1,58.32270812988281,8.56954574584961,24.5,10.930000305175781,0.6600000262260437,16,37.91999816894531,1,260426_150919.015625,-10.150309562683105,6.338529586791992,0.06698644906282425,0.3993111252784729,0.3640707731246948,0.03659670427441597,0.05058138817548752,0.024277333170175552,0.022426584735512733,0.003146444447338581,16.0
2026-04-26T17:09:40.795191,260426_141738.000000,1,58.32273864746094,8.569585800170898,25.600000381469727,0.0,0.6399999856948853,16,37.91999816894531,1,260426_150919.015625,-9.039584159851074,6.075082778930664,0.06773889809846878,0.24658071994781494,0.3532696068286896,0.003080703318119049,0.055763665586709976,0.03833380341529846,0.021896755322813988,0.004331395495682955,14.0
2026-04-26T17:09:43.925215,260426_141739.000000,1,58.32273864746094,8.569585800170898,25.600000381469727,0.0,0.6399999856948853,16,37.91999816894531,1,260426_150934.000000,-8.718765258789062,6.078281402587891,0.04295782372355461,0.6668437123298645,0.3633607029914856,0.012097099795937538,0.03952791169285774,0.011686689220368862,0.020776480436325073,0.004452703520655632,15.0
2026-04-26T17:09:46.861657,260426_141747.000000,1,58.32273864746094,8.569585800170898,25.600000381469727,0.0,0.6399999856948853,16,37.91999816894531,1,260426_150934.000000,-8.213584899902344,5.918172359466553,0.11244983226060867,1.433890700340271,0.3792204260826111,0.06978552043437958,0.08102885633707047,0.034774575382471085,0.018911099061369896,0.0038262465968728065,13.0
2026-04-26T17:09:50.003434,260426_141739.000000,1,58.32273864746094,8.569585800170898,25.600000381469727,0.0,0.6399999856948853,16,37.91999816894531,1,260426_150934.000000,-7.565423488616943,5.770315647125244,0.1033923402428627,1.3713369369506836,0.39430272579193115,0.0037696606013923883,0.08017830550670624,0.06517058610916138,0.020181383937597275,0.004381702747195959,9.0
2026-04-26T17:09:53.012140,260426_141738.000000,1,58.32273864746094,8.569585800170898,25.600000381469727,0.0,0.6399999856948853,16,37.91999816894531,1,260426_150948.984375,-7.357702255249023,5.760468482971191,0.02624308504164219,0.8058269619941711,0.46917980909347534,-0.010873403400182724,0.015312896110117435,0.018329862505197525,0.023262297734618187,0.004081163555383682,7.0
2026-04-26T17:09:56.148497,260426_141730.000000,1,58.32270812988281,8.56954574584961,24.5,10.930000305175781,0.6600000262260437,16,37.91999816894531,1,260426_150948.984375,-7.280946254730225,5.528030872344971,0.05199739336967468,0.9104161262512207,0.47925153374671936,0.051557812839746475,0.0010789716616272926,0.006660086568444967,0.022238466888666153,0.003360241884365678,9.0
2026-04-26T17:09:56.148921,260426_141730.000000,1,58.32270812988281,8.56954574584961,24.5,10.930000305175781,0.6600000262260437,16,37.91999816894531,1,260426_150948.984375,-7.280946254730225,5.528030872344971,0.05199739336967468,0.9104161262512207,0.47925153374671936,0.051557812839746475,0.0010789716616272926,0.006660086568444967,0.022238466888666153,0.003360241884365678,9.0
2026-04-26T17:09:56.149256,260426_141730.000000,1,58.32270812988281,8.56954574584961,24.5,10.930000305175781,0.6600000262260437,16,37.91999816894531,1,260426_150948.984375,-7.280946254730225,5.528030872344971,0.05199739336967468,0.9104161262512207,0.47925153374671936,0.051557812839746475,0.0010789716616272926,0.006660086568444967,0.022238466888666153,0.003360241884365678,9.0
2026-04-26T17:09:56.196819,260426_141730.000000,1,58.32270812988281,8.56954574584961,24.5,10.930000305175781,0.6600000262260437,16,37.91999816894531,1,260426_150948.984375,-7.280946254730225,5.528030872344971,0.05199739336967468,0.9104161262512207,0.47925153374671936,0.051557812839746475,0.0010789716616272926,0.006660086568444967,0.022238466888666153,0.003360241884365678,9.0
2026-04-26T17:09:59.115282,260426_141729.000000,1,58.32270050048828,8.569488525390625,24.399999618530273,14.229999542236328,0.6600000262260437,16,37.91999816894531,1,260426_150948.984375,-7.040574073791504,5.681576728820801,0.04144713655114174,0.6406236290931702,0.47582781314849854,-0.024298660457134247,0.015725910663604736,0.02966707944869995,0.023288141936063766,0.0028645687270909548,15.0
2026-04-26T17:10:02.218865,260426_141721.000000,1,58.32286834716797,8.569154739379883,27.0,17.1200008392334,0.6499999761581421,16,37.91999816894531,1,260426_150948.984375,-6.933594226837158,5.792496204376221,0.018106618896126747,0.42711198329925537,0.453637957572937,-0.014402174390852451,0.010342349298298359,-0.0036691795103251934,0.02024339884519577,0.0019203205592930317,20.0
2026-04-26T17:10:05.291651,260426_141713.000000,1,58.323020935058594,8.56833267211914,30.799999237060547,16.34000015258789,0.6499999761581421,16,37.91999816894531,1,260426_150950.000000,-6.853924751281738,6.01377010345459,0.04036985710263252,0.5028814673423767,0.46103256940841675,-0.040329620242118835,0.0015018766280263662,-0.000995853915810585,0.013171632774174213,0.0013412035768851638,26.0
2026-04-26T17:10:05.291960,260426_141713.000000,1,58.323020935058594,8.56833267211914,30.799999237060547,16.34000015258789,0.6499999761581421,16,37.91999816894531,1,260426_150950.000000,-6.853924751281738,6.01377010345459,0.04036985710263252,0.5028814673423767,0.46103256940841675,-0.040329620242118835,0.0015018766280263662,-0.000995853915810585,0.013171632774174213,0.0013412035768851638,26.0
2026-04-26T17:10:05.292270,260426_141713.000000,1,58.323020935058594,8.56833267211914,30.799999237060547,16.34000015258789,0.6499999761581421,16,37.91999816894531,1,260426_150950.000000,-6.853924751281738,6.01377010345459,0.04036985710263252,0.5028814673423767,0.46103256940841675,-0.040329620242118835,0.0015018766280263662,-0.000995853915810585,0.013171632774174213,0.0013412035768851638,26.0
2026-04-26T17:10:05.303997,260426_141713.000000,1,58.323020935058594,8.56833267211914,30.799999237060547,16.34000015258789,0.6499999761581421,16,37.91999816894531,1,260426_150950.000000,-6.853924751281738,6.01377010345459,0.04036985710263252,0.5028814673423767,0.46103256940841675,-0.040329620242118835,0.0015018766280263662,-0.000995853915810585,0.013171632774174213,0.0013412035768851638,26.0
2026-04-26T17:10:08.447934,260426_141712.000000,1,58.32304000854492,8.568254470825195,30.799999237060547,17.020000457763672,0.6499999761581421,16,37.91999816894531,1,260426_150950.000000,-6.757888317108154,6.179183483123779,0.02438368648290634,0.9814983010292053,0.42394113540649414,-0.008760553784668446,0.010640005581080914,-0.020114850252866745,0.013636864721775055,0.0013753371313214302,26.0
2026-04-26T17:10:11.425756,260426_141704.000000,1,58.323211669921875,8.567219734191895,34.5,27.309999465942383,0.6800000071525574,15,37.91999816894531,1,260426_150950.000000,-6.73825216293335,6.202328681945801,0.03472427651286125,0.6036581993103027,0.41316935420036316,-0.008996184915304184,0.018800998106598854,0.027773484587669373,0.013865468092262745,0.0012576445005834103,24.0
2026-04-26T17:10:14.527992,260426_141703.000000,1,58.323219299316406,8.567096710205078,34.5,23.799999237060547,0.6800000071525574,15,37.91999816894531,1,260426_151004.984375,-6.578145980834961,5.974682331085205,0.05762827768921852,0.6153658032417297,0.42757609486579895,0.04873666912317276,-0.006659799255430698,0.030023369938135147,0.013494663871824741,0.0011608075583353639,24.0
2026-04-26T17:10:17.568959,260426_141647.000000,1,58.32352066040039,8.565314292907715,34.900001525878906,42.689998626708984,0.5799999833106995,18,37.91999816894531,1,260426_151004.984375,-6.633422374725342,5.654147148132324,0.048214271664619446,0.3693605065345764,0.4521067142486572,0.04782673716545105,-0.000810302619356662,-0.006046645808964968,0.017361843958497047,0.001526274485513568,26.0
2026-04-26T17:10:20.763722,260426_141646.000000,1,58.32353973388672,8.565118789672852,35.599998474121094,42.689998626708984,0.6000000238418579,17,37.91999816894531,1,260426_151004.984375,-6.819106101989746,5.022165775299072,0.07632523775100708,0.652043879032135,0.42147114872932434,0.07575395703315735,0.006522694602608681,0.0066583785228431225,0.022786932066082954,0.0021491905208677053,26.0
2026-04-26T17:10:23.690224,260426_141638.000000,1,58.323829650878906,8.563915252685547,34.20000076293945,12.960000038146973,0.6000000238418579,17,37.91999816894531,1,260426_151004.984375,-6.65562629699707,3.343623638153076,0.1276749223470688,0.5854735970497131,0.44126033782958984,0.10651740431785583,0.07012507319450378,-0.0061154430732131,0.035395070910453796,0.005185776390135288,30.0
2026-04-26T17:10:26.860613,260426_141630.000000,1,58.32392883300781,8.563440322875977,35.70000076293945,24.3799991607666,0.5799999833106995,18,37.91999816894531,1,260426_151020.000000,-6.138736248016357,2.5819544792175293,0.12680265307426453,0.5338264107704163,0.5440150499343872,0.11120059341192245,-0.02318561263382435,-0.05635395646095276,0.04128566011786461,0.008211236447095871,30.0
2026-04-26T17:10:29.922883,260426_141629.000000,1,58.32395935058594,8.56334114074707,36.0,23.1299991607666,0.5799999833106995,18,37.91999816894531,1,260426_151020.000000,-6.636050701141357,1.7791858911514282,0.08486267179250717,1.746982455253601,0.6529273986816406,0.06925162672996521,-0.0322561077773571,-0.036951713263988495,0.04020184651017189,0.010555151849985123,27.0
2026-04-26T17:10:32.841993,260426_141621.000000,1,58.3237190246582,8.56259822845459,34.5,37.13999938964844,0.5799999833106995,18,37.91999816894531,1,260426_151020.000000,-6.460943222045898,6.3356614112854,0.27482736110687256,1.1911661624908447,0.6610207557678223,-0.27415019273757935,0.019121283665299416,0.0024753492325544357,0.10169883072376251,0.036320414394140244,17.0
2026-04-26T17:10:35.897043,260426_141613.000000,1,58.32305145263672,8.561487197875977,38.900001525878906,48.47999954223633,0.6200000047683716,17,37.91999816894531,1,260426_151020.984375,-7.694362163543701,8.366445541381836,0.14131461083889008,1.4392098188400269,0.8732576966285706,0.06303588300943375,-0.1257936954498291,-0.013124000281095505,0.10502342134714127,0.04947748780250549,15.0
2026-04-26T17:10:38.978915,260426_141612.000000,1,58.32297897338867,8.561264991760254,40.79999923706055,48.13999938964844,0.6399999856948853,17,37.91999816894531,1,260426_151020.984375,-8.311971664428711,5.83126163482666,0.26526668667793274,0.6853227615356445,0.8646159172058105,0.25914129614830017,-0.05392484739422798,0.017444726079702377,0.09780886769294739,0.06032579019665718,13.0
2026-04-26T17:10:42.073310,260426_141604.000000,1,58.32265090942383,8.559686660766602,43.099998474121094,46.029998779296875,0.6200000047683716,17,37.91999816894531,1,260426_151020.984375,-9.01962661743164,5.574795246124268,0.06569984555244446,0.6216416954994202,0.8268411755561829,-0.029715439304709435,-0.05621901527047157,0.016519224271178246,0.10836931318044662,0.058298829942941666,13.0
2026-04-26T17:10:45.054321,260426_141603.000000,1,58.322608947753906,8.55945110321045,44.400001525878906,48.900001525878906,0.6200000047683716,17,37.91999816894531,1,260426_151020.984375,-8.648285865783691,5.8832902908325195,0.07208032160997391,0.9971675872802734,0.7752625346183777,-0.06691212207078934,0.0250194501131773,0.009610805660486221,0.11689451336860657,0.03882704675197601,19.0
2026-04-26T17:10:48.193344,260426_141555.000000,1,58.32210922241211,8.557908058166504,42.29999923706055,49.11000061035156,0.5799999833106995,18,37.91999816894531,1,260426_151036.000000,-8.156049728393555,5.562442779541016,0.10452895611524582,0.4778325855731964,0.5801893472671509,0.08664319664239883,0.04602465033531189,0.036069244146347046,0.09034132212400436,0.021899139508605003,17.0
2026-04-26T17:10:51.321517,260426_141547.000000,1,58.32133102416992,8.556686401367188,38.20000076293945,49.7599983215332,0.6600000262260437,15,37.91999816894531,1,260426_151036.000000,-7.9155144691467285,4.511979103088379,0.12052401155233383,1.3174341917037964,0.4267980456352234,0.11625100672245026,0.006720252800732851,0.03108985722064972,0.08213119208812714,0.017857208847999573,17.0
2026-04-26T17:10:54.267460,260426_141546.000000,1,58.32122039794922,8.556527137756348,38.0,48.77000045776367,0.6600000262260437,15,37.91999816894531,1,260426_151036.000000,-7.518309593200684,3.3488211631774902,0.10965809971094131,1.009967565536499,0.4534550905227661,0.10802718997001648,-0.00048324104864150286,-0.018835918977856636,0.03369820863008499,0.006858165375888348,17.0
2026-04-26T17:10:57.325379,260426_141538.000000,1,58.32059097290039,8.555474281311035,34.5,40.709999084472656,0.6499999761581421,16,37.91999816894531,1,260426_151036.000000,-6.748147010803223,2.53963041305542,0.061800505965948105,0.8393450379371643,0.4174883961677551,0.009928577579557896,0.0548907145857811,0.02660330757498741,0.031501710414886475,0.007836202159523964,16.0
2026-04-26T17:11:00.378026,260426_141521.000000,1,58.3195686340332,8.552607536315918,23.600000381469727,44.880001068115234,0.6499999761581421,16,37.91999816894531,1,260426_151036.000000,-5.366403579711914,2.9846348762512207,0.09270352125167847,0.4069617986679077,0.41027069091796875,-0.04576835408806801,0.08057837188243866,-0.0025153080932796,0.01927262172102928,0.009861605241894722,14.0
2026-04-26T17:11:03.348743,260426_141520.000000,1,58.31951904296875,8.552425384521484,23.399999618530273,42.81999969482422,0.6499999761581421,16,37.91999816894531,1,260426_151051.015625,-4.447897911071777,3.4960973262786865,0.06060235947370529,0.6911868453025818,0.4092845320701599,-0.014606382697820663,0.0540136881172657,-0.023277059197425842,0.01770799793303013,0.008816549554467201,18.0
2026-04-26T17:11:06.421233,260426_141512.000000,1,58.319091796875,8.551191329956055,23.600000381469727,33.029998779296875,0.5799999833106995,18,37.91999816894531,1,260426_151051.015625,-3.5776586532592773,3.702066421508789,0.20220525562763214,0.5866581201553345,0.39935725927352905,-0.050581786781549454,0.1957305669784546,0.004242285154759884,0.03272029012441635,0.010979507118463516,20.0
2026-04-26T17:11:09.449089,260426_141511.000000,1,58.31903076171875,8.551077842712402,24.200000762939453,32.310001373291016,0.5799999833106995,18,37.91999816894531,1,260426_151051.015625,-2.830685615539551,4.821842193603516,0.2264316976070404,0.8081788420677185,0.3951956331729889,-0.21262741088867188,-0.07758758217096329,-0.006408220157027245,0.04097012057900429,0.014232238754630089,20.0
2026-04-26T17:11:12.564900,260426_141503.000000,1,58.318790435791016,8.550363540649414,25.299999237060547,25.389999389648438,0.5799999833106995,18,37.91999816894531,1,260426_151051.015625,-3.29606556892395,8.427202224731445,0.20179778337478638,4.639935493469238,0.9353179335594177,-0.06930270791053772,-0.04936722666025162,0.18298186361789703,0.09537830948829651,0.03480488806962967,20.0
2026-04-26T17:11:15.711629,260426_141454.000000,1,58.3189811706543,8.549304962158203,29.299999237060547,37.18000030517578,0.5799999833106995,18,37.91999816894531,1,260426_151106.000000,-3.736060857772827,7.266392707824707,0.1522197127342224,0.831348180770874,0.9306621551513672,0.13488005101680756,0.05950397625565529,-0.0379142165184021,0.0929880142211914,0.03584708273410797,18.0
2026-04-26T17:11:15.712103,260426_141454.000000,1,58.3189811706543,8.549304962158203,29.299999237060547,37.18000030517578,0.5799999833106995,18,37.91999816894531,1,260426_151106.000000,-3.736060857772827,7.266392707824707,0.1522197127342224,0.831348180770874,0.9306621551513672,0.13488005101680756,0.05950397625565529,-0.0379142165184021,0.0929880142211914,0.03584708273410797,18.0
2026-04-26T17:11:15.712363,260426_141454.000000,1,58.3189811706543,8.549304962158203,29.299999237060547,37.18000030517578,0.5799999833106995,18,37.91999816894531,1,260426_151106.000000,-3.736060857772827,7.266392707824707,0.1522197127342224,0.831348180770874,0.9306621551513672,0.13488005101680756,0.05950397625565529,-0.0379142165184021,0.0929880142211914,0.03584708273410797,18.0
2026-04-26T17:11:15.718876,260426_141454.000000,1,58.3189811706543,8.549304962158203,29.299999237060547,37.18000030517578,0.5799999833106995,18,37.91999816894531,1,260426_151106.000000,-3.736060857772827,7.266392707824707,0.1522197127342224,0.831348180770874,0.9306621551513672,0.13488005101680756,0.05950397625565529,-0.0379142165184021,0.0929880142211914,0.03584708273410797,18.0
2026-04-26T17:11:18.605316,260426_141446.000000,1,58.319488525390625,8.548107147216797,28.5,43.52000045776367,0.6399999856948853,16,37.91999816894531,1,260426_151106.000000,-3.6796135902404785,7.10496711730957,0.10355681926012039,1.6412591934204102,0.9447400569915771,-0.10078064352273941,0.007097126450389624,0.022735580801963806,0.09632258862257004,0.03535395488142967,20.0
2026-04-26T17:11:21.696425,260426_141445.000000,1,58.31956100463867,8.547956466674805,27.399999618530273,45.290000915527344,0.6399999856948853,16,37.91999816894531,1,260426_151106.000000,-4.401859283447266,6.6623077392578125,0.07503154873847961,0.24980615079402924,0.9693364500999451,0.02396993152797222,-0.0710512101650238,-0.0026269254740327597,0.09806738793849945,0.03251633793115616,14.0
2026-04-26T17:11:24.820026,260426_141437.000000,1,58.32020950317383,8.546666145324707,21.299999237060547,46.65999984741211,0.5799999833106995,18,37.91999816894531,1,260426_151120.000000,-5.013648509979248,6.4982709884643555,0.05831171199679375,0.17436054348945618,0.9796930551528931,0.011246565729379654,-0.056966207921504974,-0.00534992478787899,0.08622130751609802,0.02349390834569931,12.0
2026-04-26T17:11:27.924662,260426_141429.000000,1,58.32078170776367,8.545563697814941,21.100000381469727,24.8799991607666,0.6100000143051147,17,37.91999816894531,1,260426_151120.000000,-5.513274669647217,6.346512794494629,0.04990413784980774,0.10056504607200623,0.8075483441352844,0.014209836721420288,-0.047789379954338074,-0.002163059078156948,0.03514191135764122,0.009344162419438362,10.0
2026-04-26T17:11:30.769116,260426_141420.000000,1,58.321128845214844,8.545815467834473,23.799999237060547,41.02000045776367,0.6499999761581421,16,37.91999816894531,1,260426_151120.000000,-6.130842208862305,6.158166885375977,0.03992513567209244,0.08054503798484802,0.3534103035926819,0.013713907450437546,-0.0374959334731102,-3.4617260098457336e-06,0.02934540994465351,0.005907775834202766,4.0
2026-04-26T17:11:33.865052,260426_141412.000000,1,58.321929931640625,8.54716968536377,34.0,68.55000305175781,0.7300000190734863,13,37.91999816894531,1,260426_151120.000000,-6.644773960113525,5.991822242736816,0.03217579424381256,0.03150941804051399,0.11754133552312851,0.009650052525103092,-0.030644694343209267,-0.00174952601082623,0.02789495326578617,0.004305826500058174,6.0
2026-04-26T17:11:36.944001,260426_141411.000000,1,58.32207107543945,8.547348022460938,34.79999923706055,70.36000061035156,0.6600000262260437,15,37.91999816894531,1,260426_151120.000000,-6.909523963928223,5.9069905281066895,0.026219138875603676,0.08923442661762238,0.06086322292685509,0.008245641365647316,-0.024870049208402634,-0.000966058112680912,0.013873478397727013,0.0023250917438417673,4.0
2026-04-26T17:11:39.901886,260426_141403.000000,1,58.32334899902344,8.54802417755127,37.599998474121094,63.779998779296875,0.6399999856948853,16,37.91999816894531,1,260426_151120.000000,-7.2475810050964355,5.759396553039551,0.0193486250936985,0.0427820086479187,0.0541158989071846,0.00747749675065279,-0.017801791429519653,-0.0012460174039006233,0.010307887569069862,0.0012903274036943913,8.0
2026-04-26T17:11:42.973453,260426_141402.000000,1,58.32350158691406,8.54796314239502,38.79999923706055,63.779998779296875,0.6000000238418579,17,37.91999816894531,1,260426_151120.000000,-7.444639205932617,5.655165195465088,0.017729170620441437,0.056031014770269394,0.05703773349523544,0.0063086883164942265,-0.016309648752212524,0.002918781014159322,0.008569451980292797,0.0007818873855285347,14.0
2026-04-26T17:11:46.046968,260426_141354.000000,1,58.32466125488281,8.547277450561523,47.0,47.5,0.5799999833106995,18,37.91999816894531,1,260426_151135.015625,-7.64755392074585,5.573686122894287,0.01252695545554161,0.0697455182671547,0.051661036908626556,0.003310309024527669,-0.011949007399380207,0.0017854042816907167,0.006687215529382229,0.00044466517283581197,16.0
2026-04-26T17:11:49.120535,260426_141346.000000,1,58.325199127197266,8.546488761901855,49.400001525878906,22.040000915527344,0.5799999833106995,18,37.91999816894531,1,260426_151135.015625,-7.729028701782227,5.543774604797363,0.00569901941344142,0.04922397807240486,0.05110993608832359,0.0018976967548951507,-0.005261012818664312,-0.0010951317381113768,0.005812902469187975,0.0003091204271186143,20.0
2026-04-26T17:11:52.072313,260426_141345.000000,1,58.32524871826172,8.546490669250488,50.5,21.729999542236328,0.5799999833106995,18,37.91999816894531,1,260426_151148.984375,-7.833540916442871,5.517375469207764,0.007301819045096636,0.081949882209301,0.04898989945650101,0.0013222048291936517,-0.007032694295048714,0.0014524271246045828,0.004425771068781614,0.0001787151995813474,24.0
2026-04-26T17:11:55.118734,260426_141337.000000,1,58.325531005859375,8.547204971313477,50.400001525878906,37.5099983215332,0.6399999856948853,17,37.91999816894531,1,260426_151148.984375,-7.87699556350708,5.500344753265381,0.003023238852620125,0.06505435705184937,0.05202048271894455,0.0020669656805694103,-0.0008757079485803843,0.0020250335801392794,0.004529502242803574,0.00013438123278319836,25.0
2026-04-26T17:11:58.238480,260426_141336.000000,1,58.325618743896484,8.547283172607422,49.20000076293945,41.529998779296875,0.6200000047683716,17,37.91999816894531,1,260426_151148.984375,-7.912164211273193,5.484857559204102,0.0058996970765292645,0.09890995919704437,0.047044139355421066,0.0013688269536942244,-0.005636876914650202,-0.001076268032193184,0.004090721253305674,9.421861614100635e-05,25.0
2026-04-26T17:12:01.302238,260426_141328.000000,1,58.3266716003418,8.547530174255371,43.400001525878906,65.5199966430664,0.6399999856948853,17,37.91999816894531,1,260426_151148.984375,-7.9666595458984375,5.471094131469727,0.005354085937142372,0.07571005076169968,0.04565178602933884,-0.0017115954542532563,-0.005072264466434717,-9.384599979966879e-05,0.003117010463029146,5.286564919515513e-05,25.0
2026-04-26T17:12:04.441858,260426_141320.000000,1,58.3279914855957,8.547384262084961,47.400001525878906,67.48999786376953,0.6000000238418579,17,37.91999816894531,1,260426_151148.984375,-8.019015312194824,5.447041034698486,0.0027509378269314766,0.027125924825668335,0.04653499275445938,0.0003615742898546159,-0.002713196212425828,0.0002747523249126971,0.0025510021951049566,3.574064248823561e-05,25.0
2026-04-26T17:12:07.343681,260426_141319.000000,1,58.32815170288086,8.547333717346191,47.70000076293945,67.48999786376953,0.6000000238418579,17,37.91999816894531,1,260426_151150.000000,-8.967265129089355,5.9558186531066895,0.17366501688957214,0.3494890034198761,0.1261952519416809,-0.08341722935438156,-0.15227507054805756,-0.0036612972617149353,0.04577771946787834,0.0026040757074952126,21.0
2026-04-26T17:12:10.475298,260426_141311.000000,1,58.32952117919922,8.547144889831543,52.5,69.97000122070312,0.5799999833106995,18,37.91999816894531,1,260426_151150.000000,-10.670464515686035,5.3152570724487305,0.19231127202510834,1.443386435508728,0.4172488749027252,-0.008213350549340248,-0.17377668619155884,0.08196239173412323,0.08406305313110352,0.01024529617279768,18.0
2026-04-26T17:12:13.517665,260426_141303.000000,1,58.33094024658203,8.5472412109375,51.70000076293945,70.23999786376953,0.6200000047683716,17,37.91999816894531,1,260426_151150.000000,-12.075231552124023,5.567336082458496,0.11324809491634369,1.487633228302002,0.5947736501693726,0.012557155452668667,-0.09600038826465607,0.058748386800289154,0.08353989571332932,0.013732329942286015,20.0
2026-04-26T17:12:16.543222,260426_141302.000000,1,58.33110809326172,8.547283172607422,52.79999923706055,66.97000122070312,0.6200000047683716,17,37.91999816894531,1,260426_151150.000000,-12.676487922668457,5.500336170196533,0.03563326224684715,0.10469643026590347,0.8345476984977722,-0.013382885605096817,-0.014552826061844826,0.029645290225744247,0.07576305419206619,0.015668071806430817,20.0
2026-04-26T17:12:19.563248,260426_141254.000000,1,58.33229064941406,8.54820442199707,62.79999923706055,63.040000915527344,0.6399999856948853,17,37.91999816894531,1,260426_151204.984375,-11.94177532196045,5.730492115020752,0.08440419286489487,0.7380298972129822,0.8098331689834595,0.018764132633805275,0.08224429190158844,0.002801939845085144,0.06245759129524231,0.016881750896573067,20.0
2026-04-26T17:12:22.607838,260426_141246.000000,1,58.33325958251953,8.54961109161377,60.79999923706055,59.130001068115234,0.6200000047683716,17,37.91999816894531,1,260426_151204.984375,-11.577615737915039,5.733950138092041,0.05359682813286781,2.0707054138183594,0.8081150650978088,0.02659512311220169,0.04387294128537178,-0.015507548116147518,0.06188618391752243,0.015420104376971722,20.0
2026-04-26T17:12:25.672123,260426_141245.000000,1,58.333370208740234,8.54977798461914,60.599998474121094,55.470001220703125,0.6399999856948853,17,37.91999816894531,1,260426_151204.984375,-10.789334297180176,5.680626392364502,0.037140488624572754,0.8880541920661926,1.0265634059906006,0.006360681261867285,0.0319877490401268,-0.017769120633602142,0.032888103276491165,0.00756530836224556,25.0
2026-04-26T17:12:28.635449,260426_141237.000000,1,58.33422088623047,8.551182746887207,54.599998474121094,59.08000183105469,0.6299999952316284,16,37.91999816894531,1,260426_151219.015625,-9.96457576751709,6.183070182800293,0.08305259793996811,2.3625192642211914,1.0985205173492432,-0.00019532954320311546,0.07206420600414276,-0.04128493741154671,0.02967393398284912,0.007301713339984417,25.0
2026-04-26T17:12:31.720417,260426_141228.000000,1,58.33518981933594,8.553057670593262,51.0,35.189998626708984,0.5799999833106995,18,37.91999816894531,1,260426_151219.015625,-8.846035957336426,6.763929843902588,0.14332787692546844,0.8076756596565247,1.0201646089553833,-0.07520364224910736,0.1218046322464943,0.0071358466520905495,0.0355820395052433,0.00949525460600853,25.0
2026-04-26T17:12:34.799471,260426_141220.000000,1,58.335960388183594,8.55489730834961,48.29999923706055,35.189998626708984,0.6200000047683716,18,37.91999816894531,1,260426_151219.015625,-7.541235446929932,6.812713623046875,0.1790296733379364,1.7406949996948242,1.0998271703720093,0.08428049087524414,0.15786582231521606,-0.005177926272153854,0.04421684145927429,0.012821066193282604,23.0
2026-04-26T17:12:37.776128,260426_141219.000000,1,58.3360595703125,8.55512523651123,48.5,35.189998626708984,0.6200000047683716,18,37.91999816894531,1,260426_151219.015625,-6.50544548034668,4.337348461151123,0.11763158440589905,0.8359786868095398,1.045207142829895,0.08991670608520508,0.07002737373113632,0.029126303270459175,0.05161355808377266,0.020104732364416122,22.0
2026-04-26T17:12:40.958899,260426_141211.000000,1,58.33673858642578,8.556365013122559,52.599998474121094,35.189998626708984,0.5799999833106995,18,37.91999816894531,1,260426_151219.015625,-6.261963844299316,6.020274639129639,0.3370443880558014,1.000106930732727,0.9655409455299377,-0.3345472514629364,-0.004336410667747259,-0.04072152450680733,0.07009439915418625,0.027104610577225685,20.0
2026-04-26T17:12:43.896830,260426_141210.000000,1,58.33684158325195,8.556363105773926,52.900001525878906,35.189998626708984,0.5799999833106995,18,37.91999816894531,1,260426_151219.015625,-6.450157165527344,8.376035690307617,0.0888092890381813,1.1597415208816528,0.9193479418754578,-0.04568953812122345,-0.07588847726583481,0.006363623775541782,0.07951890677213669,0.03648974373936653,16.0
2026-04-26T17:12:46.912264,260426_141202.000000,1,58.33757019042969,8.555910110473633,52.70000076293945,34.0099983215332,0.5799999833106995,18,37.91999816894531,1,260426_151219.015625,-7.281216144561768,6.216024398803711,0.24491390585899353,2.020853281021118,1.2668015956878662,0.22165343165397644,-0.08905302733182907,0.05405675247311592,0.08180662989616394,0.039478592574596405,18.0
2026-04-26T17:12:53.019629,260426_141153.000000,1,58.338111877441406,8.556639671325684,54.0,37.380001068115234,0.5799999833106995,18,37.91999816894531,1,260426_151219.015625,-7.296115875244141,5.8943095207214355,0.02569626085460186,0.4400944709777832,1.3169167041778564,-0.018925271928310394,-0.0006801221752539277,0.017368633300065994,0.09747841209173203,0.02560972049832344,18.0
2026-04-26T17:12:56.138108,260426_141145.000000,1,58.33869171142578,8.556705474853516,53.400001525878906,42.72999954223633,0.5799999833106995,18,37.91999816894531,1,260426_151219.015625,-6.744648456573486,5.668674945831299,0.11595666408538818,1.637948989868164,1.2779523134231567,0.052813224494457245,0.08590970933437347,-0.057238392531871796,0.06852936744689941,0.01282680407166481,16.0
2026-04-26T17:12:59.217699,260426_141144.000000,1,58.33877182006836,8.556568145751953,54.099998474121094,43.029998779296875,0.5799999833106995,18,37.91999816894531,1,260426_151219.015625,-5.658969879150391,5.815967559814453,0.1327696442604065,1.837900996208191,1.2435766458511353,-0.008081380277872086,0.12300974130630493,-0.049305930733680725,0.0627220869064331,0.011419917456805706,14.0
2026-04-26T17:13:02.225475,260426_141136.000000,1,58.33951187133789,8.555705070495605,55.5,47.34000015258789,0.5799999833106995,18,37.91999816894531,1,260426_151248.984375,-4.870700836181641,5.561305046081543,0.025369005277752876,0.25762853026390076,0.735991895198822,0.009287861175835133,0.023365609347820282,0.0033719860948622227,0.042489178478717804,0.006334674544632435,18.0
2026-04-26T17:13:05.185413,260426_141128.000000,1,58.34035110473633,8.554936408996582,57.0,43.689998626708984,0.6100000143051147,17,37.91999816894531,1,260426_151248.984375,-5.40447473526001,5.524389266967773,0.06042589619755745,0.060360826551914215,0.5109474062919617,0.0031852624379098415,-0.06031397730112076,-0.0018349895253777504,0.03913269191980362,0.005792603362351656,12.0
2026-04-26T17:13:08.306761,260426_141119.000000,1,58.341121673583984,8.555031776428223,52.29999923706055,36.029998779296875,0.5799999833106995,18,37.91999816894531,1,260426_151303.015625,-5.9087371826171875,5.492880344390869,0.05005074292421341,0.024744343012571335,0.520882248878479,0.004284196998924017,-0.049815669655799866,-0.0022630859166383743,0.035684481263160706,0.0061037903651595116,12.0
2026-04-26T17:13:11.390309,260426_141110.000000,1,58.3421516418457,8.55552864074707,53.70000076293945,48.599998474121094,0.5799999833106995,18,37.91999816894531,1,260426_151303.015625,-6.34089469909668,5.471052646636963,0.04309640824794769,0.02889140136539936,0.4656681418418884,-0.0004925690009258687,-0.043090563267469406,-0.0005111726932227612,0.03297809511423111,0.005435045808553696,10.0
2026-04-26T17:13:14.411161,260426_141102.000000,1,58.343109130859375,8.555865287780762,52.599998474121094,38.75,0.5799999833106995,18,37.91999816894531,1,260426_151303.015625,-6.701729774475098,5.445556163787842,0.036282699555158615,0.04815942421555519,0.3716711401939392,0.002916634315624833,-0.036067891865968704,0.002652245108038187,0.02450360171496868,0.003490902716293931,8.0
2026-04-26T17:13:17.437478,260426_141101.000000,1,58.34320068359375,8.555879592895508,53.400001525878906,36.72999954223633,0.5799999833106995,18,37.91999816894531,1,260426_151304.000000,-7.143845558166504,5.407456874847412,0.030204424634575844,0.06762772053480148,0.13662539422512054,0.0024409694597125053,-0.029960257932543755,-0.002954969648271799,0.013607929460704327,0.0019832714460790157,4.0
2026-04-26T17:13:20.464822,260426_141053.000000,1,58.3437614440918,8.556137084960938,53.29999923706055,18.149999618530273,0.5799999833106995,18,37.91999816894531,1,260426_151304.000000,-7.500616073608398,5.388001441955566,0.020779814571142197,0.04292876273393631,0.05619397759437561,0.002320559462532401,-0.020559892058372498,0.001925259130075574,0.01115452405065298,0.001588959596119821,4.0
2026-04-26T17:13:26.603035,260426_141044.000000,1,58.34355926513672,8.556926727294922,54.5,35.97999954223633,0.5899999737739563,18,37.91999816894531,1,260426_151318.000000,-7.845297336578369,5.358335018157959,0.01301357988268137,0.06929299235343933,0.05473421514034271,0.001431432319805026,-0.012769593857228756,-0.002059543039649725,0.008336689323186874,0.0008311078418046236,6.0
2026-04-26T17:13:29.542512,260426_141036.000000,1,58.343048095703125,8.558478355407715,51.599998474121094,53.0099983215332,0.5799999833106995,18,37.91999816894531,1,260426_151318.000000,-8.034002304077148,5.335536479949951,0.009766452014446259,0.02753279358148575,0.05289572477340698,-0.0014167322078719735,-0.009652159176766872,0.000460738199763,0.007188273593783379,0.0005227010115049779,8.0
2026-04-26T17:13:32.655071,260426_141035.000000,1,58.342979431152344,8.558691024780273,51.099998474121094,52.65999984741211,0.5799999833106995,18,37.91999816894531,1,260426_151318.000000,-8.206195831298828,5.328349590301514,0.012537544593214989,0.09640174359083176,0.055994436144828796,0.000854594400152564,-0.012507733888924122,-0.0001276419498026371,0.0055733551271259785,0.00032797313178889453,12.0
2026-04-26T17:13:35.734606,260426_141027.000000,1,58.34233093261719,8.560211181640625,47.599998474121094,49.34000015258789,0.5899999737739563,17,37.91999816894531,1,260426_151318.000000,-8.309091567993164,5.315733909606934,0.011847048066556454,0.04514770209789276,0.05604306235909462,0.0005244277999736369,-0.01175695937126875,-0.0013606694992631674,0.004204147029668093,0.00023728198721073568,13.0
2026-04-26T17:13:38.769593,260426_141026.000000,1,58.34225082397461,8.56040096282959,47.599998474121094,48.970001220703125,0.5899999737739563,17,37.91999816894531,1,260426_151332.984375,-8.402844429016113,5.306075572967529,0.005434716586023569,0.028891609981656075,0.05606016516685486,3.528599700075574e-05,-0.005423477850854397,0.0003475453704595566,0.004007184412330389,0.0001569212763570249,15.0
2026-04-26T17:13:41.726185,260426_141010.000000,1,58.341678619384766,8.563899993896484,39.400001525878906,43.25,0.6200000047683716,16,37.91999816894531,1,260426_151332.984375,-8.480574607849121,5.291903018951416,0.00831800140440464,0.04210362955927849,0.057366445660591125,0.00075011100852862,-0.008283192291855812,0.00012336182408034801,0.0036256222520023584,0.00011237812577746809,17.0
2026-04-26T17:13:44.820806,260426_141009.000000,1,58.34164810180664,8.5640869140625,39.79999923706055,40.880001068115234,0.6100000143051147,16,37.91999816894531,1,260426_151332.984375,-8.524486541748047,5.274512767791748,0.0012821382842957973,0.07081517577171326,0.06823544204235077,0.0006226548575796187,-0.0007645736914128065,0.0008195160189643502,0.003599039977416396,9.437630797037855e-05,15.0
2026-04-26T17:13:47.918329,260426_141001.000000,1,58.34149169921875,8.565285682678223,34.400001525878906,24.6299991607666,0.699999988079071,15,37.91999816894531,1,260426_151332.984375,-11.201993942260742,5.1133713722229,0.08109907805919647,0.7375841736793518,0.22392649948596954,0.03491312265396118,-0.07048856467008591,0.019735701382160187,0.06431076675653458,0.006851542741060257,15.0
2026-04-26T17:13:51.133810,260426_140952.000000,1,58.34130859375,8.565814971923828,33.099998474121094,0.28999999165534973,0.9200000166893005,10,37.91999816894531,1,260426_151348.000000,-11.71379566192627,4.755949020385742,0.041358646005392075,0.08113771677017212,0.38217630982398987,-0.00810775626450777,-0.03744107484817505,0.015587422996759415,0.06378625333309174,0.008063423447310925,13.0
2026-04-26T17:13:54.163349,260426_140935.000000,1,58.341129302978516,8.56771183013916,33.79999923706055,24.43000030517578,0.5799999833106995,18,37.91999816894531,1,260426_151348.000000,-12.080370903015137,4.795539379119873,0.027765270322561264,0.8865786194801331,0.4536904990673065,-0.011163282208144665,-0.02416185475885868,-0.007905451580882072,0.05962358042597771,0.008463408797979355,15.0
2026-04-26T17:13:57.277052,260426_140934.000000,1,58.34117126464844,8.567811965942383,33.70000076293945,24.540000915527344,0.5799999833106995,18,37.91999816894531,1,260426_151348.000000,-12.701780319213867,4.981847286224365,0.048867177218198776,1.6070483922958374,0.8524074554443359,0.015418699011206627,-0.046352267265319824,0.001316011417657137,0.05148348584771156,0.010570423677563667,17.0
2026-04-26T17:14:00.332629,260426_140926.000000,1,58.34135055541992,8.56818962097168,31.600000381469727,9.470000267028809,0.5799999833106995,18,37.91999816894531,1,260426_151348.000000,-12.769773483276367,5.3445515632629395,0.05914231389760971,0.5715906023979187,0.8704273700714111,0.009977702051401138,-0.043311234563589096,-0.03901789337396622,0.039546433836221695,0.00828802864998579,17.0
2026-04-26T17:14:03.353699,260426_140925.000000,1,58.34136962890625,8.568196296691895,31.5,9.920000076293945,0.5799999833106995,18,37.91999816894531,1,260426_151348.000000,-12.709619522094727,5.598141670227051,0.06168404966592789,1.629770278930664,1.2618587017059326,-0.05239751562476158,0.0037877019494771957,-0.03232763335108757,0.03763917088508606,0.007106753531843424,19.0
2026-04-26T17:14:06.404356,260426_140917.000000,1,58.341461181640625,8.568324089050293,30.0,0.0,0.5899999737739563,17,37.91999816894531,1,260426_151403.015625,-12.905259132385254,6.055639743804932,0.028624804690480232,0.627365231513977,1.2548810243606567,-0.009886765852570534,0.005848438944667578,0.026218831539154053,0.03859366476535797,0.007061511278152466,18.0
2026-04-26T17:14:09.449230,260426_140909.000000,1,58.341461181640625,8.568324089050293,30.0,0.0,0.5799999833106995,18,37.91999816894531,1,260426_151403.015625,-12.360004425048828,5.943754196166992,0.08446700125932693,0.7992498278617859,1.242462158203125,0.01611238345503807,0.08170206844806671,0.014136426150798798,0.03775058314204216,0.007427554111927748,20.0
2026-04-26T17:14:12.581597,260426_140908.000000,1,58.341461181640625,8.568324089050293,30.0,0.0,0.5899999737739563,18,37.91999816894531,1,260426_151403.015625,-11.725229263305664,5.939335823059082,0.07513292878866196,0.41615599393844604,1.116655707359314,-0.010944033041596413,0.07422640919685364,0.003952959552407265,0.03290433809161186,0.006498849485069513,16.0
2026-04-26T17:14:15.698178,260426_140900.000000,1,58.341461181640625,8.568324089050293,30.0,0.0,0.5799999833106995,18,37.91999816894531,1,260426_151403.015625,-10.989326477050781,5.861355781555176,0.049766842275857925,1.1459755897521973,1.1025781631469727,0.04391821101307869,0.004049886949360371,0.023054877296090126,0.02982749417424202,0.005999293178319931,20.0
2026-04-26T17:14:18.632222,260426_140859.000000,1,58.341461181640625,8.568324089050293,30.0,0.0,0.5699999928474426,19,37.91999816894531,1,260426_151403.015625,-11.154528617858887,5.830320358276367,0.04121828079223633,0.6829113364219666,0.513911783695221,-0.026448052376508713,-0.03027748502790928,-0.00909510999917984,0.026526428759098053,0.004525633063167334,17.0
2026-04-26T17:14:21.688576,260426_140851.000000,1,58.341461181640625,8.568324089050293,30.0,0.0,0.5699999928474426,19,37.91999816894531,1,260426_151403.015625,-10.62759017944336,5.862324237823486,0.05994052067399025,0.9946275353431702,0.3849620223045349,0.020186152309179306,0.05642302706837654,0.0013519972562789917,0.019442465156316757,0.003830937435850501,14.0
2026-04-26T17:14:24.871325,260426_140843.000000,1,58.341461181640625,8.568324089050293,30.0,0.0,0.5899999737739563,17,37.91999816894531,1,260426_151403.015625,-10.444212913513184,5.409244060516357,0.06313803046941757,1.4341120719909668,0.45606112480163574,0.010905817151069641,0.061621420085430145,-0.008383004926145077,0.03046305850148201,0.00478738360106945,16.0
2026-04-26T17:14:27.870519,260426_140842.000000,1,58.341461181640625,8.568324089050293,30.0,0.0,0.5899999737739563,17,37.91999816894531,1,260426_151419.015625,-10.927701950073242,4.519534587860107,0.07001550495624542,0.8102324604988098,0.5530128479003906,0.0692298412322998,-0.010033467784523964,0.002954605733975768,0.03343832492828369,0.0051512885838747025,16.0
2026-04-26T17:14:30.794427,260426_140825.000000,1,58.341461181640625,8.568324089050293,30.0,0.0,0.5899999737739563,17,37.91999816894531,1,260426_151419.015625,-10.53964900970459,4.644787311553955,0.09266277402639389,1.0623364448547363,0.5447474718093872,-0.022230934351682663,0.08699816465377808,-0.02287997677922249,0.03453224152326584,0.005142373498529196,20.0
2026-04-26T17:14:33.868068,260426_140817.000000,1,58.341461181640625,8.568324089050293,30.0,0.0,0.5799999833106995,18,37.91999816894531,1,260426_151419.015625,-9.243185043334961,4.460124492645264,0.13377736508846283,1.1897077560424805,0.6026638746261597,0.0067483652383089066,0.13331975042819977,0.00875704362988472,0.040182165801525116,0.00795621145516634,22.0
2026-04-26T17:14:36.940074,260426_140816.000000,1,58.341461181640625,8.568324089050293,30.0,0.0,0.5799999833106995,18,37.91999816894531,1,260426_151419.015625,-7.919850826263428,4.752501487731934,0.09919034689664841,0.6777045130729675,0.6324648857116699,-0.04573870822787285,0.08752501010894775,-0.009277365170419216,0.04067729413509369,0.00967869907617569,22.0
2026-04-26T17:14:40.009891,260426_140808.000000,1,58.341461181640625,8.568324089050293,30.0,0.0,0.5699999928474426,19,37.91999816894531,1,260426_151419.015625,-6.872652053833008,5.747971057891846,0.10057929158210754,1.2946854829788208,0.5279059410095215,-0.06960983574390411,0.07259751111268997,-0.0005166650516912341,0.03647478297352791,0.009668082930147648,20.0
2026-04-26T17:14:40.010216,260426_140808.000000,1,58.341461181640625,8.568324089050293,30.0,0.0,0.5699999928474426,19,37.91999816894531,1,260426_151419.015625,-6.872652053833008,5.747971057891846,0.10057929158210754,1.2946854829788208,0.5279059410095215,-0.06960983574390411,0.07259751111268997,-0.0005166650516912341,0.03647478297352791,0.009668082930147648,20.0
2026-04-26T17:14:40.010484,260426_140808.000000,1,58.341461181640625,8.568324089050293,30.0,0.0,0.5699999928474426,19,37.91999816894531,1,260426_151419.015625,-6.872652053833008,5.747971057891846,0.10057929158210754,1.2946854829788208,0.5279059410095215,-0.06960983574390411,0.07259751111268997,-0.0005166650516912341,0.03647478297352791,0.009668082930147648,20.0
2026-04-26T17:14:40.019168,260426_140808.000000,1,58.341461181640625,8.568324089050293,30.0,0.0,0.5699999928474426,19,37.91999816894531,1,260426_151419.015625,-6.872652053833008,5.747971057891846,0.10057929158210754,1.2946854829788208,0.5279059410095215,-0.06960983574390411,0.07259751111268997,-0.0005166650516912341,0.03647478297352791,0.009668082930147648,20.0
2026-04-26T17:14:43.071802,260426_140800.000000,1,58.341461181640625,8.568324089050293,30.0,0.0,0.5899999737739563,18,37.91999816894531,1,260426_151419.015625,-6.711511611938477,6.197842597961426,0.1226939707994461,1.5692780017852783,0.6237549781799316,-0.0989692360162735,0.03320058062672615,0.06447187811136246,0.030618347227573395,0.011062395758926868,18.0
2026-04-26T17:14:46.025682,260426_140759.000000,1,58.341461181640625,8.568324089050293,30.0,0.0,0.5699999928474426,19,37.91999816894531,1,260426_151434.000000,-6.099484443664551,5.718301773071289,0.11376843601465225,1.4585003852844238,0.610293447971344,-0.0033538946881890297,0.052189674228429794,0.10103587061166763,0.02965554967522621,0.00952540710568428,14.0
2026-04-26T17:14:49.104591,260426_140751.000000,1,58.341461181640625,8.568324089050293,30.0,0.0,0.5799999833106995,18,37.91999816894531,1,260426_151434.000000,-5.607591152191162,5.60682487487793,0.0396488755941391,1.1439647674560547,0.5872542858123779,-0.032159190624952316,0.003680405206978321,0.022897038608789444,0.03166089579463005,0.008439815603196621,12.0
2026-04-26T17:14:52.194084,260426_140742.000000,1,58.341461181640625,8.568324089050293,30.0,0.0,0.5699999928474426,19,37.91999816894531,1,260426_151434.000000,-5.639470100402832,4.497195243835449,0.19924792647361755,0.49825528264045715,0.5825061798095703,0.19869737327098846,-0.0064686257392168045,-0.013313374482095242,0.041404031217098236,0.009713455103337765,10.0
2026-04-26T17:14:52.194351,260426_140742.000000,1,58.341461181640625,8.568324089050293,30.0,0.0,0.5699999928474426,19,37.91999816894531,1,260426_151434.000000,-5.639470100402832,4.497195243835449,0.19924792647361755,0.49825528264045715,0.5825061798095703,0.19869737327098846,-0.0064686257392168045,-0.013313374482095242,0.041404031217098236,0.009713455103337765,10.0
2026-04-26T17:14:52.194671,260426_140742.000000,1,58.341461181640625,8.568324089050293,30.0,0.0,0.5699999928474426,19,37.91999816894531,1,260426_151434.000000,-5.639470100402832,4.497195243835449,0.19924792647361755,0.49825528264045715,0.5825061798095703,0.19869737327098846,-0.0064686257392168045,-0.013313374482095242,0.041404031217098236,0.009713455103337765,10.0
2026-04-26T17:14:52.194978,260426_140742.000000,1,58.341461181640625,8.568324089050293,30.0,0.0,0.5699999928474426,19,37.91999816894531,1,260426_151434.000000,-5.639470100402832,4.497195243835449,0.19924792647361755,0.49825528264045715,0.5825061798095703,0.19869737327098846,-0.0064686257392168045,-0.013313374482095242,0.041404031217098236,0.009713455103337765,10.0
2026-04-26T17:14:55.256192,260426_140741.000000,1,58.341461181640625,8.568324089050293,30.0,0.0,0.5699999928474426,19,37.91999816894531,1,260426_151434.000000,-6.908565998077393,2.229755163192749,0.1091034859418869,1.011216640472412,0.5784546732902527,0.058374419808387756,-0.08626712113618851,-0.03246507793664932,0.04756571725010872,0.013417192734777927,14.0
2026-04-26T17:14:58.383179,260426_140732.000000,1,58.341461181640625,8.568324089050293,30.0,0.0,0.5699999928474426,19,37.91999816894531,1,260426_151434.000000,-7.272123336791992,2.1041157245635986,0.08190023899078369,1.4617737531661987,0.5799872875213623,-0.004699521232396364,-0.07687804847955704,0.027844736352562904,0.045733749866485596,0.013702921569347382,12.0
2026-04-26T17:15:01.308023,260426_140724.000000,1,58.341461181640625,8.568324089050293,30.0,0.0,0.5899999737739563,18,37.91999816894531,1,260426_151448.984375,-8.565630912780762,2.1375985145568848,0.08636108040809631,0.813275158405304,0.4246372580528259,0.056477319449186325,-0.06524371355772018,-0.0034358222037553787,0.04376104101538658,0.014316624030470848,14.0
2026-04-26T17:15:04.378493,260426_140723.000000,1,58.341461181640625,8.568324089050293,30.0,0.0,0.5899999737739563,18,37.91999816894531,1,260426_151448.984375,-8.699219703674316,2.2879676818847656,0.02330288104712963,0.19465447962284088,0.4171293377876282,-0.006577285937964916,-0.009583813138306141,-0.020196883007884026,0.045188628137111664,0.014192584902048111,14.0
2026-04-26T17:15:07.468407,260426_140714.000000,1,58.341461181640625,8.568324089050293,30.0,0.0,0.5899999737739563,18,37.91999816894531,1,260426_151503.015625,-8.603327751159668,2.8249969482421875,0.10291721671819687,1.1993882656097412,0.4499954581260681,-0.08125528693199158,0.04799865558743477,0.0410567931830883,0.041271407157182693,0.009619053453207016,12.0
2026-04-26T17:15:10.468732,260426_140658.000000,1,58.341461181640625,8.568324089050293,30.0,0.0,0.6100000143051147,17,37.91999816894531,1,260426_151503.015625,-7.747568607330322,3.1616432666778564,0.10173270851373672,0.4411602318286896,0.44200512766838074,-0.04730350896716118,0.08944113552570343,0.010592745617032051,0.03224640712141991,0.007400731556117535,14.0
2026-04-26T17:15:13.594313,260426_140657.000000,1,58.341461181640625,8.568324089050293,30.0,0.0,0.5899999737739563,18,37.91999816894531,1,260426_151503.015625,-7.130984306335449,3.404237985610962,0.061064377427101135,3.3784737586975098,1.0517876148223877,-0.0192768182605505,-0.00970485620200634,0.05712336301803589,0.05655432492494583,0.012199065648019314,14.0
2026-04-26T17:15:16.583316,260426_140640.000000,1,58.341461181640625,8.568324089050293,30.0,0.0,0.6100000143051147,17,37.91999816894531,1,260426_151504.000000,-5.4306416511535645,3.4335947036743164,0.1118185818195343,0.16065004467964172,1.166168451309204,-0.008067675866186619,0.10567951947450638,-0.03563910722732544,0.05917622148990631,0.013829639181494713,15.0
2026-04-26T17:15:22.649183,260426_140631.000000,1,58.341461181640625,8.568324089050293,30.0,0.0,2.2203423549165212e+38,18,37.91999816894531,1,260426_151504.000000,-6.1695427894592285,4.354949474334717,0.09616786241531372,0.9597550630569458,1.2048990726470947,0.03490632027387619,-0.08948813378810883,0.004656195640563965,0.05007650703191757,0.01699969917535782,15.0
2026-04-26T17:15:25.778488,260426_140623.000000,1,58.341461181640625,8.568324089050293,30.0,0.0,0.5899999737739563,18,37.91999816894531,1,260426_151504.000000,-6.9475884437561035,3.8366358280181885,0.05117383971810341,1.2350751161575317,0.9454416036605835,0.001428963034413755,0.013961391523480415,0.0492117814719677,0.051852036267519,0.01539844274520874,13.0
2026-04-26T17:15:28.806293,260426_140615.000000,1,58.341461181640625,8.568324089050293,30.0,0.0,0.5899999737739563,18,37.91999816894531,1,260426_151504.000000,-6.963072299957275,4.099152088165283,0.033922627568244934,0.2415316253900528,0.5723501443862915,-0.03374765068292618,-0.00013413664419203997,-0.0034383973106741905,0.04158889129757881,0.008265366777777672,15.0
2026-04-26T17:15:31.988133,260426_140614.000000,1,58.341461181640625,8.568324089050293,30.0,0.0,0.5899999737739563,18,37.91999816894531,1,260426_151504.000000,-6.13382625579834,4.060423374176025,0.1121126040816307,0.6559359431266785,0.4431968033313751,0.016428040340542793,0.11047455668449402,0.009732863865792751,0.04133913666009903,0.0069784303195774555,14.0
2026-04-26T17:15:34.994579,260426_140606.000000,1,58.341461181640625,8.568324089050293,30.0,0.0,0.6100000143051147,17,37.91999816894531,1,260426_151504.000000,-5.254349231719971,3.511338472366333,0.14104513823986053,0.7566367983818054,0.4423809349536896,0.08909997344017029,0.10732907056808472,-0.02086615189909935,0.040774766355752945,0.007249975576996803,16.0
2026-04-26T17:15:38.054190,260426_140605.000000,1,58.341461181640625,8.568324089050293,30.0,0.0,0.6299999952316284,16,37.91999816894531,1,260426_151504.000000,-4.250048637390137,1.5957438945770264,0.060297537595033646,0.8039035797119141,0.591913104057312,-0.018860887736082077,0.03140692785382271,0.04789222404360771,0.06106586009263992,0.011812085285782814,20.0
2026-04-26T17:15:41.188534,260426_140557.000000,1,58.341461181640625,8.568324089050293,30.0,0.0,0.6200000047683716,16,37.91999816894531,1,260426_151532.984375,-4.182819366455078,2.4958176612854004,0.09929140657186508,0.3958449363708496,0.6265990734100342,-0.09912566840648651,0.005469322204589844,-0.0017237733118236065,0.05601292476058006,0.01362267043441534,18.0
2026-04-26T17:15:44.210015,260426_140549.000000,1,58.341461181640625,8.568324089050293,30.0,0.0,0.6100000143051147,17,37.91999816894531,1,260426_151532.984375,-4.108845233917236,3.7439193725585938,0.15861451625823975,0.9841178059577942,0.6403746604919434,-0.1427481472492218,-0.010079671628773212,-0.06841002404689789,0.04772524535655975,0.01682926155626774,19.0
2026-04-26T17:15:47.284552,260426_140548.000000,1,58.341461181640625,8.568324089050293,30.0,0.0,0.6299999952316284,16,37.91999816894531,1,260426_151532.984375,-3.204585313796997,4.633822441101074,0.010135244578123093,0.16037879884243011,0.6925449371337891,0.004259863402694464,-0.0018974561244249344,-0.00899868831038475,0.05698145180940628,0.018833652138710022,20.0
