Time, UTC Time, Label, Latitude, Longitude, Altitude, Speed, HDOP, Satelites, Course, Fix, Accel UTC, Roll Degrees, Pitch Degrees, Dynamic Magnitude, Jerk, Jerk Std, Acceleration X, Acceleration Y, Acceleration Z, Standard Deviation, Energy, Zero Crossings
2026-04-25T18:48:10.542576,250426_153832.000000,1,58.38045120239258,8.676777839660645,84.0999984741211,0.8799999952316284,2.0,5,197.61000061035156,1,250426_164747.015625,-12.393935203552246,14.639278411865234,0.0024971021339297295,0.11489997059106827,0.04571192339062691,-0.0009444743627682328,-0.0007679988630115986,0.0021802899427711964,0.0012262435629963875,8.701187653059606e-06,25.0
2026-04-25T18:48:13.514499,250426_153842.000000,1,58.38045120239258,8.676759719848633,81.90000915527344,0.8799999952316284,2.0,5,197.61000061035156,1,250426_164747.015625,-12.404598236083984,14.638954162597656,0.005436248145997524,0.1595432311296463,0.046063926070928574,-0.000600657716859132,-0.0051941522397100925,0.0014875432243570685,0.0013027616078034043,9.487115676165558e-06,30.0
2026-04-25T18:48:16.583685,250426_153843.015625,1,58.38045883178711,8.676774978637695,82.9000015258789,0.8799999952316284,2.0,5,197.61000061035156,1,250426_164802.000000,-12.401395797729492,14.645771026611328,0.0010583617258816957,0.06346196681261063,0.04455481842160225,-0.0002133386005880311,0.0006984166102483869,0.000766048498917371,0.0013391685206443071,8.638698091090191e-06,34.0
2026-04-25T18:48:19.657679,250426_153844.000000,1,58.3804817199707,8.676798820495605,86.19999694824219,1.1699999570846558,2.0,5,197.61000061035156,1,250426_164802.000000,-12.410703659057617,14.645430564880371,0.003032619133591652,0.044374674558639526,0.04405219480395317,-0.00035975195351056755,0.002961142919957638,0.000546799972653389,0.0014178542187437415,8.92613570613321e-06,32.0
2026-04-25T18:48:22.621932,250426_153854.000000,1,58.380619049072266,8.676726341247559,96.30000305175781,2.640000104904175,2.0,5,197.61000061035156,1,250426_164802.000000,-12.39709186553955,14.606645584106445,0.011420958675444126,0.15325960516929626,0.05508975684642792,0.00983258243650198,0.005262481048703194,0.0024627058301120996,0.0024944422766566277,1.8485909095034003e-05,26.0
2026-04-25T18:48:25.702429,250426_153855.015625,1,58.380619049072266,8.67669677734375,96.90000915527344,2.7300000190734863,2.0,5,197.61000061035156,1,250426_164802.000000,-12.385171890258789,14.543082237243652,0.00963720865547657,0.10295739769935608,0.0600462444126606,0.009057387709617615,0.0015238525811582804,0.0029184564482420683,0.0028346851468086243,2.7398595193517394e-05,25.0
2026-04-25T18:48:28.771106,250426_153856.000000,1,58.380619049072266,8.676675796508789,95.80001068115234,2.8499999046325684,2.0,5,197.61000061035156,1,250426_164802.000000,-12.38004207611084,14.498318672180176,0.009947903454303741,0.05722013860940933,0.061183445155620575,0.00911685824394226,0.0003868623171001673,0.003961566369980574,0.0032870809081941843,3.5880497307516634e-05,21.0
2026-04-25T18:48:31.843175,250426_153906.000000,1,58.38058090209961,8.676514625549316,86.30000305175781,3.490000009536743,2.0,5,197.61000061035156,1,250426_164816.984375,-12.360668182373047,14.432221412658691,0.003371012397110462,0.15274709463119507,0.06256202608346939,0.0033141851890832186,-0.0006155654555186629,3.1305127777159214e-05,0.0031339742708951235,4.451010681805201e-05,19.0
2026-04-25T18:48:34.802928,250426_153907.015625,1,58.38059997558594,8.67648983001709,87.40000915527344,3.299999952316284,2.0,5,197.61000061035156,1,250426_164816.984375,-12.336565017700195,14.3859281539917,0.00380825437605381,0.06583152711391449,0.07082771509885788,0.0014272078406065702,0.0025877400767058134,-0.002401973819360137,0.002853078069165349,4.950491347699426e-05,21.0
2026-04-25T18:48:37.885657,250426_153919.015625,1,58.38072967529297,8.67641544342041,98.5999984741211,2.6600000858306885,2.0,5,197.61000061035156,1,250426_164832.000000,-12.334977149963379,14.358233451843262,0.005240799859166145,0.18590226769447327,0.11748695373535156,-0.00503234937787056,0.00038072458119131625,0.0014129712944850326,0.0037089490797370672,6.125889194663614e-05,23.0
2026-04-25T18:48:40.946465,250426_153920.000000,1,58.3807487487793,8.676407814025879,99.00000762939453,3.559999942779541,2.0,5,197.61000061035156,1,250426_164832.000000,-12.36737060546875,14.505485534667969,0.014073600992560387,0.0569232739508152,0.13847769796848297,-0.014041781425476074,-0.0005647374782711267,-0.0007587622385472059,0.005795417353510857,0.00011065269791288301,22.0
2026-04-25T18:48:44.028617,250426_153920.984375,1,58.38079071044922,8.676411628723145,98.9000015258789,4.760000228881836,2.0,5,197.61000061035156,1,250426_164832.000000,-12.421745300292969,14.692570686340332,0.04902181401848793,0.8551897406578064,0.21313735842704773,-0.04249782860279083,-0.011446021497249603,-0.021588455885648727,0.00981723889708519,0.00022668938618153334,20.0
2026-04-25T18:48:46.968693,250426_153932.000000,1,58.38130187988281,8.676525115966797,96.80000305175781,19.90999984741211,2.0,5,197.61000061035156,1,250426_164832.000000,-12.37079906463623,14.94702434539795,0.0098631102591753,0.09597986936569214,0.2141600251197815,-0.006071907468140125,0.0016431536059826612,-0.0075969030149281025,0.00907523650676012,0.00028679947718046606,16.0
2026-04-25T18:48:50.070563,250426_153943.015625,1,58.3820686340332,8.676310539245605,89.80000305175781,27.540000915527344,2.0,5,197.61000061035156,1,250426_164832.984375,-12.35015869140625,14.94964599609375,0.007111057639122009,0.08538556843996048,0.21349434554576874,0.007044668775051832,0.00023460789816454053,-0.0009406044264324009,0.009088447317481041,0.0002811528102029115,16.0
2026-04-25T18:48:53.132428,250426_153944.984375,1,58.38220977783203,8.67626953125,88.80000305175781,28.1299991607666,2.0,5,197.61000061035156,1,250426_164832.984375,-12.403136253356934,14.932766914367676,0.014313029125332832,0.11140262335538864,0.2077770084142685,-0.0030747537966817617,-0.013976476155221462,0.00025844061747193336,0.009004120714962482,0.00029509345768019557,12.0
2026-04-25T18:48:56.213357,250426_153956.000000,1,58.38291931152344,8.675970077514648,84.80000305175781,27.0,1.9900000095367432,5,197.61000061035156,1,250426_164832.984375,-12.283674240112305,14.915197372436523,0.05166611820459366,0.8764970898628235,0.4240804612636566,-0.03566437214612961,0.02906815893948078,0.023504942655563354,0.014111356809735298,0.0004926633555442095,19.0
2026-04-25T18:48:59.186145,250426_153956.984375,1,58.38298034667969,8.675909996032715,85.19999694824219,26.43000030517578,1.9900000095367432,5,197.61000061035156,1,250426_164848.000000,-12.433825492858887,15.348889350891113,0.023994209244847298,0.13478289544582367,0.4556645154953003,-0.021234450861811638,-0.0003099322784692049,-0.011167995631694794,0.02003706432878971,0.0008425887790508568,19.0
2026-04-25T18:49:02.256466,250426_154007.015625,1,58.38386917114258,8.676546096801758,79.9000015258789,57.22999954223633,1.9900000095367432,5,197.61000061035156,1,250426_164848.000000,-12.387214660644531,15.400808334350586,0.04562424123287201,0.2176978886127472,0.45970481634140015,0.039010368287563324,0.02061961218714714,0.011601472273468971,0.02018572948873043,0.0009445138857699931,17.0
2026-04-25T18:49:05.317202,250426_154008.984375,1,58.384159088134766,8.676815032958984,79.19999694824219,61.720001220703125,1.9900000095367432,5,197.61000061035156,1,250426_164903.015625,-12.349645614624023,13.74133586883545,0.20163311064243317,0.2451726198196411,0.4582909643650055,0.2007436752319336,-0.004537986591458321,-0.018365435302257538,0.05951414629817009,0.006121399812400341,13.0
2026-04-25T18:49:08.425573,250426_154019.015625,1,58.38555908203125,8.678166389465332,76.9000015258789,62.25,1.9900000095367432,5,197.61000061035156,1,250426_164903.015625,-12.344500541687012,12.048511505126953,0.22405341267585754,0.8295539617538452,0.5079106092453003,0.2199343740940094,-0.01400205958634615,-0.04040719196200371,0.07408270239830017,0.011720484122633934,11.0
2026-04-25T18:49:11.370338,250426_154020.000000,1,58.385711669921875,8.678301811218262,76.5,62.40999984741211,1.9900000095367432,5,197.61000061035156,1,250426_164903.015625,-12.91000747680664,10.060783386230469,0.1397392451763153,0.24099688231945038,0.6072610020637512,0.13731424510478973,-0.02553468942642212,-0.004453778266906738,0.07198534160852432,0.0172320157289505,10.0
2026-04-25T18:49:14.442511,250426_154020.984375,1,58.385860443115234,8.678433418273926,75.69999694824219,62.68000030517578,1.9900000095367432,5,197.61000061035156,1,250426_164903.015625,-11.676745414733887,8.289112091064453,0.17110060155391693,0.224429652094841,0.5392017364501953,0.09290929138660431,0.1436765342950821,-0.0005755163729190826,0.061537351459264755,0.02327568456530571,8.0
2026-04-25T18:49:17.512032,250426_154031.015625,1,58.386959075927734,8.680401802062988,75.0,62.20000076293945,1.9900000095367432,5,197.61000061035156,1,250426_164903.015625,-11.95198917388916,7.003800392150879,0.12652195990085602,0.9071259498596191,0.5698493719100952,0.091149240732193,-0.08611980080604553,-0.01682266965508461,0.03582799434661865,0.02559443563222885,10.0
2026-04-25T18:49:20.468333,250426_154032.984375,1,58.38711929321289,8.680920600891113,75.0999984741211,61.41999816894531,1.9900000095367432,5,197.61000061035156,1,250426_164904.000000,-11.896827697753906,6.346756458282471,0.13447117805480957,3.886692523956299,1.4942229986190796,0.11963244527578354,0.05886229872703552,0.017487354576587677,0.047479648143053055,0.020054740831255913,14.0
2026-04-25T18:49:23.510501,250426_154043.015625,1,58.38793182373047,8.683303833007812,73.4000015258789,59.33000183105469,4.360000133514404,5,197.61000061035156,1,250426_164904.000000,-11.268407821655273,5.321568012237549,0.08943982422351837,0.9747031927108765,1.4705522060394287,0.07373197376728058,0.04987620189785957,0.008685771375894547,0.04366624355316162,0.017435874789953232,12.0
2026-04-25T18:49:26.625841,250426_154044.000000,1,58.388038635253906,8.68350601196289,73.19999694824219,61.68000030517578,1.9900000095367432,5,197.61000061035156,1,250426_164919.015625,-10.73343276977539,4.718258380889893,0.06331512331962585,4.104687213897705,1.5824702978134155,-0.052339132875204086,-0.005127538926899433,-0.03525802865624428,0.04722757637500763,0.015797855332493782,17.0
2026-04-25T18:49:29.699443,250426_154044.984375,1,58.38814926147461,8.683709144592285,73.0,61.25,1.9900000095367432,5,197.61000061035156,1,250426_164919.015625,-10.421141624450684,4.597016334533691,0.1770244985818863,1.4696334600448608,1.9014087915420532,-0.14164356887340546,0.022674469277262688,-0.10373351722955704,0.04958454892039299,0.016190113499760628,21.0
2026-04-25T18:49:32.669996,250426_154055.015625,1,58.38922119140625,8.685897827148438,71.80000305175781,61.0099983215332,4.380000114440918,5,197.61000061035156,1,250426_164919.015625,-10.285266876220703,5.102074146270752,0.07131243497133255,0.6300103068351746,1.8700169324874878,0.05147722736001015,0.04323095083236694,0.023804277181625366,0.05356954038143158,0.014684218913316727,21.0
2026-04-25T18:49:35.741785,250426_154056.984375,1,58.389408111572266,8.686354637145996,71.30001068115234,61.84000015258789,1.9900000095367432,5,197.61000061035156,1,250426_164919.015625,-9.2926025390625,4.0910468101501465,0.11804769188165665,0.8705374598503113,1.4958405494689941,0.09962645173072815,0.062249522656202316,-0.011611430905759335,0.045035216957330704,0.013634352944791317,21.0
2026-04-25T18:49:38.814685,250426_154107.015625,1,58.39057159423828,8.68836498260498,66.5999984741211,62.619998931884766,1.9900000095367432,5,197.61000061035156,1,250426_164919.015625,-7.951326847076416,4.035721302032471,0.1341894567012787,3.8841803073883057,1.5419318675994873,-0.10314109921455383,0.019758224487304688,-0.08353644609451294,0.04521983861923218,0.015073664486408234,20.0
2026-04-25T18:49:41.783145,250426_154108.000000,1,58.390689849853516,8.688568115234375,66.30001068115234,62.56999969482422,1.9900000095367432,5,197.61000061035156,1,250426_164934.000000,-7.185783863067627,5.513761043548584,0.11825200915336609,0.7653750777244568,0.8937546014785767,-0.11114872992038727,0.029888777062296867,-0.02713223733007908,0.03710576146841049,0.013649196363985538,14.0
2026-04-25T18:49:44.854349,250426_154119.015625,1,58.3920783996582,8.69040298461914,64.19999694824219,62.20000076293945,1.9900000095367432,5,197.61000061035156,1,250426_164934.000000,-7.201310634613037,6.030079364776611,0.08447946608066559,1.0980342626571655,0.6781459450721741,-0.05570072680711746,-0.016651660203933716,-0.061293814331293106,0.034960947930812836,0.013567540794610977,14.0
2026-04-25T18:49:47.925185,250426_154120.984375,1,58.39234924316406,8.690654754638672,64.30000305175781,61.58000183105469,3.8299999237060547,4,197.61000061035156,1,250426_164934.000000,-6.974434852600098,7.626392364501953,0.08340884000062943,0.4571533799171448,0.6951755285263062,-0.07300203293561935,0.039330799132585526,-0.008990335278213024,0.0271605271846056,0.015432246029376984,12.0
2026-04-25T18:49:50.997007,250426_154131.015625,1,58.39387893676758,8.69153881072998,61.5,64.02999877929688,2.109999895095825,4,197.61000061035156,1,250426_164934.000000,-6.805356979370117,8.600580215454102,0.14053644239902496,3.353360652923584,1.1140865087509155,-0.04500435292720795,0.05527002364397049,0.1211211085319519,0.035489410161972046,0.017741311341524124,14.0
2026-04-25T18:49:53.969405,250426_154132.000000,1,58.39405059814453,8.691579818725586,60.900001525878906,64.02999877929688,2.109999895095825,4,197.61000061035156,1,250426_164948.984375,-7.60378360748291,8.220335006713867,0.03954332321882248,0.3996785879135132,1.0557801723480225,0.035325776785612106,-0.015911338850855827,0.007911580614745617,0.044153984636068344,0.016397032886743546,12.0
2026-04-25T18:49:57.047248,250426_154143.015625,1,58.395599365234375,8.690848350524902,55.599998474121094,61.310001373291016,1.7799999713897705,5,197.61000061035156,1,250426_164948.984375,-7.289144992828369,8.884739875793457,0.10387776046991348,1.0503747463226318,1.0798544883728027,-0.08909282088279724,0.053413473069667816,-0.00024229008704423904,0.04253169894218445,0.014767863787710667,14.0
2026-04-25T18:50:00.110676,250426_154154.000000,1,58.39717102050781,8.691327095031738,48.20000076293945,60.54999923706055,3.6700000762939453,6,197.61000061035156,1,250426_164948.984375,-6.72598123550415,7.649330139160156,0.12696219980716705,0.6301321983337402,1.0826092958450317,0.08898746222257614,-0.07698387652635574,0.047687679529190063,0.04587206616997719,0.01529177650809288,18.0
2026-04-25T18:50:03.181623,250426_154156.000000,1,58.39741134643555,8.691632270812988,46.0,60.79999923706055,3.6700000762939453,6,197.61000061035156,1,250426_164950.000000,-7.910925388336182,5.108185768127441,0.27099329233169556,1.1799395084381104,1.1183310747146606,0.21896901726722717,-0.15379461646080017,0.042862020432949066,0.0849374458193779,0.02835584618151188,20.0
2026-04-25T18:50:06.255101,250426_154204.984375,1,58.398529052734375,8.693102836608887,29.399999618530273,60.79999923706055,1.5700000524520874,7,197.61000061035156,1,250426_164950.000000,-9.1285400390625,4.797036647796631,0.11311104148626328,0.9738083481788635,0.8316010236740112,0.016110988333821297,-0.11150506883859634,-0.01005798950791359,0.08389144390821457,0.02803656831383705,20.0
2026-04-25T18:50:09.224495,250426_154206.000000,1,58.398658752441406,8.693245887756348,27.899999618530273,61.040000915527344,1.5700000524520874,7,197.61000061035156,1,250426_165004.000000,-9.03627872467041,4.863475322723389,0.034224845468997955,1.5302776098251343,0.756423830986023,0.011234241537749767,0.017287513241171837,-0.027318011969327927,0.09322250634431839,0.024945855140686035,21.0
2026-04-25T18:50:12.298071,250426_154215.015625,1,58.39990997314453,8.69417953491211,18.600000381469727,55.290000915527344,1.2899999618530273,7,197.61000061035156,1,250426_165004.000000,-8.723897933959961,4.625306606292725,0.08632735162973404,2.1545662879943848,0.7737600207328796,0.045588597655296326,0.010153786279261112,0.07260160148143768,0.09511827677488327,0.024750394746661186,23.0
2026-04-25T18:50:15.367385,250426_154224.000000,1,58.400821685791016,8.694528579711914,9.600000381469727,33.47999954223633,1.8899999856948853,6,197.61000061035156,1,250426_165004.000000,-8.45125675201416,4.695005893707275,0.06217481940984726,1.3093417882919312,0.7482641935348511,-0.03889930248260498,0.04441376402974129,-0.01949281245470047,0.09854193776845932,0.02107778750360012,25.0
2026-04-25T18:50:18.337250,250426_154224.984375,1,58.40087890625,8.694575309753418,8.600000381469727,32.029998779296875,1.8899999856948853,6,197.61000061035156,1,250426_165004.984375,-7.996511936187744,4.894250869750977,0.06545466929674149,0.5063672065734863,0.7328133583068848,-0.04597624018788338,0.0465872697532177,-0.00035434309393167496,0.04514497146010399,0.006715309806168079,25.0
2026-04-25T18:50:21.408771,250426_154226.000000,1,58.40095138549805,8.694595336914062,7.699999809265137,50.150001525878906,1.8899999856948853,6,197.61000061035156,1,250426_165004.984375,-7.797443389892578,4.996152877807617,0.04844902455806732,0.8917218446731567,0.7410470247268677,0.028145354241132736,0.019311023876070976,-0.03438359126448631,0.02536679431796074,0.003553040325641632,29.0
2026-04-25T18:50:24.472143,250426_154235.015625,1,58.40188980102539,8.69459056854248,-0.8999999761581421,53.290000915527344,1.1200000047683716,8,197.61000061035156,1,250426_165019.015625,-7.535245895385742,4.7185564041137695,0.09267637878656387,1.3713786602020264,0.6717194318771362,0.09194394946098328,0.005679431837052107,-0.010147268883883953,0.028572797775268555,0.004332990851253271,27.0
2026-04-25T18:50:27.553830,250426_154236.000000,1,58.40201950073242,8.694645881652832,-1.7999999523162842,54.63999938964844,1.1200000047683716,8,197.61000061035156,1,250426_165019.015625,-7.408054351806641,3.697537660598755,0.08796472102403641,0.9864510297775269,0.6829315423965454,0.08718740940093994,0.0004646353190764785,-0.011658958159387112,0.033388689160346985,0.005843027960509062,27.0
2026-04-25T18:50:30.522735,250426_154244.984375,1,58.403228759765625,8.69553279876709,-7.0,58.34000015258789,1.440000057220459,8,197.61000061035156,1,250426_165019.015625,-7.270120620727539,3.092517375946045,0.05605887249112129,0.6802018284797668,0.6521416902542114,-0.04870060086250305,0.02652149833738804,-0.008213354274630547,0.039381496608257294,0.007119411136955023,25.0
2026-04-25T18:50:33.553207,250426_154246.000000,1,58.40336990356445,8.695642471313477,-7.0,58.34000015258789,1.440000057220459,8,197.61000061035156,1,250426_165020.000000,-7.345752716064453,3.7554192543029785,0.044375769793987274,1.3707585334777832,0.5291009545326233,0.04023640975356102,-0.0013500008499249816,-0.018665961921215057,0.03884728252887726,0.006992276292294264,23.0
2026-04-25T18:50:36.599244,250426_154247.015625,1,58.403499603271484,8.695752143859863,-7.300000190734863,57.849998474121094,1.1200000047683716,8,197.61000061035156,1,250426_165020.000000,-6.843149662017822,4.147550106048584,0.06289643794298172,0.300853967666626,0.5255220532417297,-0.03981390222907066,0.04689595848321915,0.01309901662170887,0.037579815834760666,0.007442906498908997,19.0
2026-04-25T18:50:39.738900,250426_154256.000000,1,58.404720306396484,8.696494102478027,-11.199999809265137,54.5,1.559999942779541,7,197.61000061035156,1,250426_165020.000000,-6.852542400360107,4.480329513549805,0.02512725256383419,0.7691727876663208,0.5437451601028442,0.008542218245565891,-0.007950629107654095,-0.022253017872571945,0.03732192516326904,0.007411682978272438,21.0
2026-04-25T18:50:42.707917,250426_154306.000000,1,58.406009674072266,8.696394920349121,-14.5,50.599998474121094,1.7799999713897705,7,197.61000061035156,1,250426_165020.000000,-6.951235294342041,4.881272315979004,0.06474427878856659,1.5486431121826172,0.5348180532455444,-0.06336577981710434,0.013276924379169941,-0.0005682043265551329,0.025782642886042595,0.004349312745034695,19.0
2026-04-25T18:50:45.780509,250426_154307.015625,1,58.4061393737793,8.696361541748047,-14.600000381469727,50.599998474121094,1.2699999809265137,7,197.61000061035156,1,250426_165035.015625,-7.0997514724731445,5.1510396003723145,0.05322238802909851,0.860773503780365,0.5320524573326111,0.049936939030885696,-0.013527306728065014,-0.012487472966313362,0.022936461493372917,0.00426265737041831,19.0
2026-04-25T18:50:48.854030,250426_154316.984375,1,58.4073486328125,8.696352005004883,-15.399999618530273,51.41999816894531,1.4299999475479126,8,197.61000061035156,1,250426_165035.015625,-6.956209182739258,4.917850971221924,0.03973618894815445,0.6814842820167542,0.5312528610229492,0.01734575629234314,0.02746233157813549,-0.022889073938131332,0.022906223312020302,0.003566345199942589,19.0
2026-04-25T18:50:51.923822,250426_154318.000000,1,58.407470703125,8.696390151977539,-15.399999618530273,53.47999954223633,1.4299999475479126,8,197.61000061035156,1,250426_165035.015625,-7.186290740966797,5.39735221862793,0.03956739977002144,1.406983494758606,0.712013304233551,0.0335611067712307,-0.01661168597638607,-0.012778222560882568,0.025441139936447144,0.003608870320022106,21.0
2026-04-25T18:50:54.870376,250426_154327.015625,1,58.4086799621582,8.696697235107422,-16.299999237060547,53.29999923706055,1.1200000047683716,8,197.61000061035156,1,250426_165035.015625,-7.222873210906982,5.5565972328186035,0.014651065692305565,0.7499435544013977,0.6989724636077881,0.0035087766591459513,-0.011773873120546341,0.007982363924384117,0.02895326539874077,0.003654765198007226,24.0
2026-04-25T18:50:57.966123,250426_154328.000000,1,58.408809661865234,8.696744918823242,-15.899999618530273,52.59000015258789,1.1200000047683716,8,197.61000061035156,1,250426_165035.015625,-7.6751933097839355,5.760626792907715,0.08422452956438065,1.5930416584014893,0.8110840320587158,-0.06370367854833603,-0.04329168424010277,0.03407994657754898,0.02928849123418331,0.003566186409443617,26.0
2026-04-25T18:51:00.957628,250426_154336.984375,1,58.409908294677734,8.697274208068848,-13.199999809265137,46.130001068115234,1.149999976158142,7,197.61000061035156,1,250426_165050.000000,-7.914752006530762,6.767668724060059,0.09958381950855255,0.4875929355621338,0.8129584789276123,-0.09890172630548477,0.002717867260798812,-0.01131369173526764,0.03166116029024124,0.00492579210549593,24.0
2026-04-25T18:51:04.008038,250426_154338.000000,1,58.410030364990234,8.697344779968262,-10.300000190734863,45.29999923706055,1.1200000047683716,8,197.61000061035156,1,250426_165050.000000,-8.02877140045166,7.045010566711426,0.06250295042991638,0.9837670922279358,0.8107864260673523,-0.043805841356515884,-0.038569457828998566,-0.02236211486160755,0.03190254792571068,0.005129701923578978,26.0
2026-04-25T18:51:07.079569,250426_154356.984375,1,58.41188049316406,8.698559761047363,0.30000001192092896,32.869998931884766,1.1100000143051147,8,197.61000061035156,1,250426_165050.000000,-8.15536880493164,7.779665946960449,0.03517185524106026,0.5635992884635925,0.7066524624824524,-0.016586769372224808,-0.030663175508379936,0.004659210331737995,0.030443502590060234,0.005013515241444111,24.0
2026-04-25T18:51:10.150613,250426_154406.000000,1,58.4127197265625,8.698871612548828,4.099999904632568,44.40999984741211,1.7699999809265137,7,197.61000061035156,1,250426_165050.000000,-8.203307151794434,8.11508846282959,0.02993430197238922,0.5808759331703186,0.742921769618988,0.005532559007406235,-0.02917562797665596,0.0037730440963059664,0.028540685772895813,0.005413290113210678,21.0
2026-04-25T18:51:13.143270,250426_154415.015625,1,58.41371154785156,8.69922161102295,5.699999809265137,42.349998474121094,1.7699999809265137,7,197.61000061035156,1,250426_165104.984375,-8.150075912475586,9.04823112487793,0.05422427877783775,1.3841607570648193,0.6211080551147461,-0.024201273918151855,0.020136578008532524,-0.044148486107587814,0.030311090871691704,0.005832052323967218,27.0
2026-04-25T18:51:16.295370,250426_154416.000000,1,58.413818359375,8.699260711669922,5.599999904632568,44.52000045776367,1.2699999809265137,7,197.61000061035156,1,250426_165104.984375,-8.096380233764648,9.414905548095703,0.05029972270131111,0.5584273338317871,0.6248006820678711,-0.00634936336427927,0.012126924470067024,-0.048401299864053726,0.029741596430540085,0.005179530940949917,27.0
2026-04-25T18:51:19.265604,250426_154424.000000,1,58.41474914550781,8.699625015258789,7.199999809265137,52.040000915527344,1.7699999809265137,7,11.199999809265137,1,250426_165104.984375,-7.93666410446167,9.939806938171387,0.04448843002319336,2.291722059249878,0.6786227822303772,0.04023309797048569,0.01434495858848095,-0.012439475394785404,0.030378907918930054,0.00502603966742754,25.0
2026-04-25T18:51:22.336904,250426_154424.984375,1,58.41487121582031,8.699678421020508,7.199999809265137,54.04999923706055,1.2699999809265137,7,11.199999809265137,1,250426_165106.000000,-7.732470512390137,10.076393127441406,0.04071841388940811,0.4495338499546051,0.6552435755729675,0.022602610290050507,0.02362225018441677,-0.024271398782730103,0.027808377519249916,0.004826499614864588,21.0
2026-04-25T18:51:25.408711,250426_154435.015625,1,58.41587829589844,8.700164794921875,9.100000381469727,31.649999618530273,1.7599999904632568,7,11.199999809265137,1,250426_165106.000000,-7.663275241851807,10.256051063537598,0.024173319339752197,0.6264456510543823,0.6150803565979004,-0.023374276235699654,-0.002452743472531438,-0.005654785316437483,0.027283862233161926,0.004485720302909613,23.0
2026-04-25T18:51:28.481727,250426_154444.000000,1,58.41659164428711,8.700483322143555,11.800000190734863,40.599998474121094,1.4199999570846558,8,11.199999809265137,1,250426_165106.000000,-8.214794158935547,10.45751953125,0.07414652407169342,0.5460662841796875,0.6011225581169128,-0.027403458952903748,-0.06860674917697906,-0.006314467638731003,0.02258211374282837,0.003636776003986597,19.0
2026-04-25T18:51:31.450645,250426_154511.015625,1,58.41925048828125,8.698862075805664,7.5,88.0,1.4199999570846558,8,11.199999809265137,1,250426_165106.000000,-8.708128929138184,10.497483253479004,0.08311696350574493,0.8895334601402283,0.5822976231575012,0.0756276324391365,-0.025881817564368248,-0.022782037034630775,0.02173762395977974,0.0039491127245128155,19.0
2026-04-25T18:51:34.456407,250426_154512.000000,1,58.419490814208984,8.699017524719238,7.199999809265137,90.97000122070312,1.1100000143051147,8,11.199999809265137,1,250426_165120.984375,-8.466680526733398,10.190770149230957,0.10247857868671417,0.8885887861251831,0.5096449255943298,0.07471487671136856,0.055761080235242844,-0.04254699870944023,0.02205754816532135,0.0036071864888072014,23.0
2026-04-25T18:51:37.593940,250426_154531.015625,1,58.424041748046875,8.700053215026855,5.199999809265137,92.45999908447266,1.409999966621399,8,11.199999809265137,1,250426_165120.984375,-8.250275611877441,10.02560043334961,0.028728852048516273,0.5466388463973999,0.5184332728385925,0.005112156271934509,0.0214223712682724,-0.018447082489728928,0.022648869082331657,0.0034606256522238255,26.0
2026-04-25T18:51:40.565476,250426_154539.015625,1,58.42583084106445,8.699621200561523,5.5,87.8399887084961,1.409999966621399,8,11.199999809265137,1,250426_165120.984375,-8.410837173461914,9.756163597106934,0.01946371980011463,1.097615361213684,0.5850221514701843,0.01132466271519661,-0.010508200153708458,-0.011839180253446102,0.02238238789141178,0.003561203135177493,20.0
2026-04-25T18:51:43.636879,250426_154540.000000,1,58.426048278808594,8.699522018432617,5.699999809265137,89.00000762939453,1.409999966621399,8,11.199999809265137,1,250426_165120.984375,-8.941678047180176,9.557455062866211,0.08933514356613159,0.8712706565856934,0.5746708512306213,-0.02259869873523712,-0.08123166859149933,-0.029520902782678604,0.023257795721292496,0.0036938253324478865,20.0
2026-04-25T18:51:46.707553,250426_154548.984375,1,58.42792892456055,8.697903633117676,9.800000190734863,94.44999694824219,1.409999966621399,8,11.199999809265137,1,250426_165120.984375,-9.44471549987793,9.482267379760742,0.021255234256386757,1.4611270427703857,0.6042459607124329,-0.0021631827112287283,-0.02049987204372883,0.005182747263461351,0.023344429209828377,0.0031605693511664867,20.0
2026-04-25T18:51:49.780665,250426_154550.000000,1,58.428131103515625,8.697649955749512,10.0,94.45999908447266,1.409999966621399,8,11.199999809265137,1,250426_165136.000000,-8.999749183654785,9.755342483520508,0.046226128935813904,1.0383949279785156,0.6271434426307678,0.027097905054688454,0.024094244465231895,-0.028670992702245712,0.023200098425149918,0.0035209644120186567,20.0
2026-04-25T18:51:52.750554,250426_154559.015625,1,58.429691314697266,8.694903373718262,13.0,93.510009765625,1.100000023841858,8,11.199999809265137,1,250426_165136.000000,-8.680838584899902,10.049052238464355,0.04079510271549225,0.2307555377483368,0.6119508147239685,-0.04022861272096634,0.003211374394595623,0.0059653958305716515,0.02274227887392044,0.00366789847612381,19.0
2026-04-25T18:51:55.773148,250426_154600.000000,1,58.42985916137695,8.694580078125,13.399999618530273,93.55000305175781,1.1100000143051147,8,11.199999809265137,1,250426_165136.000000,-8.38673210144043,10.859525680541992,0.146043062210083,0.8894021511077881,0.7124527096748352,-0.13767926394939423,0.02269105799496174,0.04310574010014534,0.030020030215382576,0.005027219653129578,21.0
2026-04-25T18:51:58.894254,250426_154608.984375,1,58.43141174316406,8.691864967346191,16.200000762939453,93.66999816894531,1.100000023841858,8,11.199999809265137,1,250426_165136.000000,-8.604037284851074,11.303526878356934,0.08855515718460083,1.5191236734390259,0.7098124623298645,-0.05601875111460686,-0.02095220796763897,0.06530636548995972,0.03294600546360016,0.004850354511290789,27.0
2026-04-25T18:52:01.967097,250426_154610.000000,1,58.43159866333008,8.691607475280762,16.5,93.69999694824219,1.100000023841858,8,11.199999809265137,1,250426_165136.000000,-8.854377746582031,11.289915084838867,0.05075744539499283,1.330009937286377,0.7167751789093018,-0.03385448828339577,0.014042381197214127,0.03511415049433708,0.03174282982945442,0.005073944106698036,25.0
2026-04-25T18:52:04.934137,250426_154619.015625,1,58.43355941772461,8.690247535705566,17.299999237060547,91.66999816894531,1.100000023841858,8,11.199999809265137,1,250426_165151.015625,-8.413986206054688,11.26379108428955,0.05921779200434685,1.0440253019332886,0.7258537411689758,0.0355541817843914,0.0439164862036705,-0.01771974377334118,0.03181711956858635,0.005301377270370722,21.0
2026-04-25T18:52:07.955253,250426_154620.000000,1,58.43378829956055,8.690183639526367,17.299999237060547,90.25000762939453,1.100000023841858,8,11.199999809265137,1,250426_165151.015625,-8.205329895019531,11.114657402038574,0.03372974693775177,0.6649451851844788,0.7104925513267517,-0.0305853970348835,-0.004235460888594389,-0.013575352728366852,0.03221554309129715,0.0048211719840765,20.0
2026-04-25T18:52:11.078892,250426_154630.000000,1,58.43608093261719,8.690431594848633,13.5,91.0,1.7400000095367432,7,11.199999809265137,1,250426_165151.015625,-8.260075569152832,11.262682914733887,0.02187194675207138,1.2713979482650757,0.57854825258255,0.010804467834532261,0.01581481099128723,0.010561119765043259,0.026640476658940315,0.00384259014390409,20.0
2026-04-25T18:52:14.050070,250426_154631.015625,1,58.43629837036133,8.690516471862793,139.0,90.23001098632812,1.7400000095367432,7,11.199999809265137,1,250426_165151.015625,-8.404911994934082,11.01811408996582,0.10598079860210419,1.253589391708374,0.6151579022407532,0.10533123463392258,-0.0038167089223861694,0.011076709255576134,0.024940872564911842,0.0037090436089783907,20.0
2026-04-25T18:52:17.124889,250426_154639.015625,1,58.438140869140625,8.691269874572754,14.0,96.48999786376953,1.399999976158142,8,11.199999809265137,1,250426_165206.000000,-8.237741470336914,10.4093656539917,0.11149913817644119,1.946996808052063,0.7225227952003479,0.1008625477552414,0.03338746726512909,-0.03382430225610733,0.02564765326678753,0.00402576569467783,24.0
2026-04-25T18:52:20.194474,250426_154640.000000,1,58.43836975097656,8.691370010375977,14.199999809265137,93.7300033569336,1.2599999904632568,7,11.199999809265137,1,250426_165206.000000,-8.272321701049805,10.368562698364258,0.034350015223026276,2.0423974990844727,0.8303181529045105,0.016322685405611992,0.027395015582442284,0.012767406180500984,0.025862228125333786,0.004244533367455006,24.0
2026-04-25T18:52:23.264368,250426_154648.984375,1,58.440391540527344,8.692402839660645,15.199999809265137,93.02999877929688,1.399999976158142,8,11.199999809265137,1,250426_165206.000000,-8.310190200805664,10.516209602355957,0.01937439665198326,1.3967758417129517,0.8339443802833557,-0.008582825772464275,0.007670208811759949,0.015584294684231281,0.026438016444444656,0.004287539515644312,27.0
2026-04-25T18:52:26.226319,250426_154658.000000,1,58.4423713684082,8.693716049194336,16.700000762939453,96.27999877929688,1.399999976158142,8,11.199999809265137,1,250426_165206.000000,-8.412256240844727,10.436561584472656,0.028412312269210815,2.2548635005950928,0.9591967463493347,0.027076303958892822,-0.004018472973257303,0.007614795118570328,0.025651950389146805,0.004584333393722773,23.0
2026-04-25T18:52:29.306808,250426_154659.015625,1,58.442588806152344,8.693902015686035,17.200000762939453,95.26000213623047,1.399999976158142,8,11.199999809265137,1,250426_165206.000000,-8.357926368713379,10.989240646362305,0.143633171916008,2.7388203144073486,0.9781278967857361,-0.13590243458747864,0.04420638084411621,0.014381110668182373,0.028708256781101227,0.004921497777104378,21.0
2026-04-25T18:52:32.379106,250426_154707.015625,1,58.444278717041016,8.695624351501465,21.799999237060547,95.79000091552734,1.399999976158142,8,11.199999809265137,1,250426_165220.984375,-8.100875854492188,11.23939037322998,0.02619101107120514,1.6500240564346313,0.9631370306015015,-0.01788485050201416,-0.00911713670939207,-0.016821976751089096,0.027361581102013588,0.004521441645920277,21.0
2026-04-25T18:52:35.452449,250426_154708.000000,1,58.444480895996094,8.69587516784668,22.5,95.83999633789062,1.399999976158142,8,11.199999809265137,1,250426_165220.984375,-8.092582702636719,11.410279273986816,0.014499902725219727,1.2573035955429077,0.9153649210929871,-0.00797575805336237,0.011417338624596596,-0.004034711048007011,0.026492759585380554,0.004345589783042669,24.0
2026-04-25T18:52:38.406319,250426_154716.984375,1,58.44614028930664,8.698491096496582,27.100000381469727,94.31999969482422,1.100000023841858,8,11.199999809265137,1,250426_165220.984375,-7.905124664306641,11.282120704650879,0.035473618656396866,1.0754759311676025,0.9396679997444153,0.03459857031702995,0.005452541634440422,0.00562017597258091,0.026914725080132484,0.004010443575680256,26.0
2026-04-25T18:52:41.491323,250426_154718.000000,1,58.4463005065918,8.698820114135742,27.799999237060547,94.31999969482422,1.100000023841858,8,11.199999809265137,1,250426_165220.984375,-8.059865951538086,11.45284652709961,0.024063121527433395,0.9950194954872131,0.8048860430717468,-0.023940838873386383,-0.00029221182921901345,-0.0024051209911704063,0.026122136041522026,0.003395939478650689,26.0
2026-04-25T18:52:44.563364,250426_154727.015625,1,58.44757080078125,8.702038764953613,33.79999923706055,93.9000015258789,1.100000023841858,8,11.199999809265137,1,250426_165220.984375,-8.213134765625,11.484850883483887,0.025269698351621628,0.77195143699646,0.7770955562591553,0.004276335705071688,-0.024541152641177177,0.004242931958287954,0.019886525347828865,0.002542488044127822,28.0
2026-04-25T18:52:47.635385,250426_154739.015625,1,58.449710845947266,8.705547332763672,41.0,96.22000885009766,1.2599999904632568,7,11.199999809265137,1,250426_165220.984375,-8.209868431091309,11.261528968811035,0.06651223450899124,1.1342060565948486,0.693335235118866,0.058962609618902206,-0.021875176578760147,-0.021650977432727814,0.019991977140307426,0.002163903322070837,24.0
2026-04-25T18:52:50.605306,250426_154748.000000,1,58.4516487121582,8.707113265991211,46.70000076293945,96.22000885009766,1.3899999856948853,8,11.199999809265137,1,250426_165236.984375,-8.206502914428711,11.476736068725586,0.0796186551451683,4.337565898895264,0.8309283256530762,0.056537844240665436,0.03720356523990631,-0.04193444550037384,0.02378522977232933,0.002568295691162348,25.0
2026-04-25T18:52:53.676993,250426_154756.984375,1,58.45363998413086,8.708226203918457,49.099998474121094,92.58999633789062,1.3899999856948853,8,11.199999809265137,1,250426_165236.984375,-8.171012878417969,11.734634399414062,0.02770598791539669,0.9570931196212769,0.8730997443199158,-0.00309730414301157,-0.023071961477398872,-0.015023752115666866,0.026829812675714493,0.0029329760000109673,25.0
2026-04-25T18:52:56.748461,250426_154758.000000,1,58.453861236572266,8.708353996276855,49.400001525878906,90.9100112915039,1.3899999856948853,8,11.199999809265137,1,250426_165236.984375,-7.987975120544434,11.60188102722168,0.060102079063653946,1.8982555866241455,0.9554181694984436,-0.04240117967128754,0.04122888296842575,0.010704178363084793,0.026172280311584473,0.003262741956859827,23.0
2026-04-25T18:52:59.822801,250426_154816.000000,1,58.45726013183594,8.711766242980957,51.900001525878906,81.88999938964844,1.3899999856948853,8,11.199999809265137,1,250426_165236.984375,-8.146332740783691,11.71319580078125,0.0033577706199139357,0.26956385374069214,0.9624239206314087,0.0029104154091328382,-0.0012502188328653574,0.0011140273418277502,0.02661641500890255,0.00338763277977705,19.0
2026-04-25T18:53:02.790370,250426_154826.000000,1,58.45869064331055,8.714442253112793,52.0,74.55000305175781,1.3899999856948853,8,11.199999809265137,1,250426_165236.984375,-8.116196632385254,11.820039749145508,0.05358942225575447,0.6447278261184692,0.9887433648109436,-0.03677234798669815,0.02983766980469227,0.025086533278226852,0.02849780209362507,0.0036141008604317904,19.0
2026-04-25T18:53:05.814415,250426_154827.015625,1,58.45880889892578,8.714703559875488,52.099998474121094,73.08999633789062,1.3899999856948853,8,11.199999809265137,1,250426_165252.000000,-7.138332366943359,10.72292709350586,0.17212443053722382,3.262798309326172,0.9053745269775391,0.15919771790504456,-0.022969432175159454,-0.061280570924282074,0.0475740022957325,0.007048345170915127,17.0
2026-04-25T18:53:08.859278,250426_154835.015625,1,58.45970916748047,8.716890335083008,50.5,74.30000305175781,1.090000033378601,8,11.199999809265137,1,250426_165252.000000,-7.199784755706787,12.41942310333252,0.22335444390773773,0.5803592801094055,0.892051637172699,-0.2211863100528717,0.004485711455345154,-0.030719898641109467,0.06878338754177094,0.013055635616183281,17.0
2026-04-25T18:53:12.005940,250426_154836.000000,1,58.45981979370117,8.717183113098145,50.599998474121094,74.75,1.090000033378601,8,11.199999809265137,1,250426_165252.000000,-7.592343330383301,13.521956443786621,0.16321365535259247,1.1944307088851929,0.8383474946022034,0.07620900869369507,-0.14225582778453827,-0.024375582113862038,0.09205536544322968,0.02297571860253811,17.0
2026-04-25T18:53:14.976082,250426_154844.000000,1,58.46065902709961,8.719488143920898,52.599998474121094,73.94999694824219,1.090000033378601,8,11.199999809265137,1,250426_165252.000000,-9.148345947265625,12.244488716125488,0.18695399165153503,3.8011841773986816,1.0361738204956055,0.13414226472377777,-0.12938342988491058,0.01475071907043457,0.08040763437747955,0.028432054445147514,21.0
2026-04-25T18:53:18.047461,250426_154855.015625,1,58.46186065673828,8.723034858703613,54.20000076293945,85.1600112915039,1.3799999952316284,8,11.199999809265137,1,250426_165307.015625,-9.448774337768555,12.281164169311523,0.09559357166290283,0.77437824010849,1.220556378364563,-0.05645038187503815,0.05991443991661072,0.0485977977514267,0.07358645647764206,0.03080661967396736,18.0
2026-04-25T18:53:21.118996,250426_154903.015625,1,58.46274948120117,8.725835800170898,52.79999923706055,88.48999786376953,1.3799999952316284,8,11.199999809265137,1,250426_165307.015625,-8.874755859375,11.936347007751465,0.04652617126703262,0.5858533382415771,1.2106890678405762,0.022511767223477364,0.04033655673265457,0.005555834621191025,0.07952423393726349,0.027895092964172363,18.0
2026-04-25T18:53:24.192433,250426_154904.000000,1,58.46287155151367,8.7261962890625,52.29999923706055,88.37999725341797,1.3799999952316284,8,11.199999809265137,1,250426_165307.015625,-8.387194633483887,11.872475624084473,0.057829223573207855,1.1639866828918457,1.17610502243042,-0.014905411750078201,0.04888710752129555,-0.027057316154241562,0.06278331577777863,0.01596287079155445,20.0
2026-04-25T18:53:27.132254,250426_154912.000000,1,58.46379852294922,8.728910446166992,45.0,83.30001068115234,1.090000033378601,8,11.199999809265137,1,250426_165307.015625,-8.277381896972656,12.509373664855957,0.027415532618761063,1.0124019384384155,1.171207070350647,0.024591144174337387,-0.0057696932926774025,-0.01065822970122099,0.04849490895867348,0.009756896644830704,16.0
2026-04-25T18:53:30.233985,250426_154912.984375,1,58.46392059326172,8.729228973388672,44.70000076293945,82.1500015258789,1.090000033378601,8,11.199999809265137,1,250426_165307.015625,-8.301438331604004,12.943583488464355,0.07581336796283722,1.5913959741592407,0.7059792876243591,-0.051342882215976715,-0.05562278628349304,-0.004204843193292618,0.030232345685362816,0.00588227016851306,18.0
2026-04-25T18:53:33.308537,250426_154920.984375,1,58.464908599853516,8.731599807739258,41.70000076293945,77.0199966430664,1.3799999952316284,8,11.199999809265137,1,250426_165322.000000,-9.049116134643555,13.199566841125488,0.06892945617437363,0.9523730874061584,0.7049373388290405,0.037382662296295166,-0.04246477037668228,-0.039377015084028244,0.0322636216878891,0.006000239867717028,22.0
2026-04-25T18:53:36.377031,250426_154922.000000,1,58.46501922607422,8.731882095336914,41.5,76.93000030517578,1.090000033378601,8,11.199999809265137,1,250426_165322.000000,-9.07005786895752,13.096609115600586,0.08366110920906067,2.3773748874664307,0.7616837024688721,0.06752815842628479,0.02998768724501133,-0.03924115002155304,0.03523640334606171,0.005825894884765148,22.0
2026-04-25T18:53:39.312380,250426_154931.015625,1,58.46622848510742,8.73427677154541,40.599998474121094,76.93000030517578,3.0899999141693115,7,11.199999809265137,1,250426_165322.000000,-8.82822036743164,12.776803970336914,0.1004667580127716,2.9755895137786865,0.8642387986183167,0.09598582983016968,0.004009297117590904,-0.02939756214618683,0.0355992317199707,0.0056170932948589325,24.0
2026-04-25T18:53:42.418976,250426_154932.000000,1,58.46636962890625,8.734539985656738,40.400001525878906,79.68000030517578,1.2699999809265137,7,11.199999809265137,1,250426_165322.000000,-9.422566413879395,12.499189376831055,0.08912158012390137,2.664773941040039,0.9414832592010498,-0.02271108329296112,-0.08617919683456421,-9.301677346229553e-05,0.03414810448884964,0.0056255836971104145,24.0
2026-04-25T18:53:45.401215,250426_154940.000000,1,58.46757888793945,8.736599922180176,40.400001525878906,79.68000030517578,1.2699999809265137,7,11.199999809265137,1,250426_165322.000000,-9.398550033569336,12.499956130981445,0.058072127401828766,0.7499716281890869,0.9335509538650513,0.012615328654646873,0.04142352566123009,-0.038695186376571655,0.02726397104561329,0.003870647167786956,20.0
2026-04-25T18:53:48.562335,250426_154940.984375,1,58.467750549316406,8.736856460571289,40.099998474121094,84.41999816894531,1.090000033378601,8,11.199999809265137,1,250426_165322.000000,-9.138608932495117,12.803898811340332,0.018424874171614647,1.1196556091308594,0.9423375129699707,0.0011208865325897932,-0.0029769400134682655,0.018148206174373627,0.027289779856801033,0.004030773416161537,22.0
2026-04-25T18:53:51.535058,250426_154950.000000,1,58.46923065185547,8.739124298095703,37.599998474121094,84.83999633789062,1.5299999713897705,7,11.199999809265137,1,250426_165322.000000,-9.10434627532959,12.68689250946045,0.043323032557964325,1.5341222286224365,0.9467964768409729,-0.012148724868893623,0.024012861773371696,0.033951081335544586,0.027515262365341187,0.0039013419300317764,22.0
2026-04-25T18:53:54.536339,250426_154951.015625,1,58.469398498535156,8.73936939239502,37.20000076293945,84.97000885009766,1.5299999713897705,7,11.199999809265137,1,250426_165322.000000,-8.985074996948242,12.659895896911621,0.1261076033115387,2.1790354251861572,0.823197603225708,0.0935848131775856,0.02362007275223732,-0.08116095513105392,0.02561933733522892,0.003197074169293046,18.0
2026-04-25T18:53:57.678513,250426_154959.015625,1,58.47074890136719,8.741144180297852,36.0,77.72000122070312,1.5299999713897705,7,11.199999809265137,1,250426_165322.000000,-8.755311012268066,13.017158508300781,0.10953208059072495,1.339231014251709,0.894320547580719,-0.10056968033313751,0.042297348380088806,0.009692821651697159,0.02760222740471363,0.003672665683552623,16.0
2026-04-25T18:54:00.648584,250426_155000.000000,1,58.47092819213867,8.741332054138184,35.599998474121094,77.8499984741211,1.25,7,11.199999809265137,1,250426_165322.000000,-8.767118453979492,13.441245079040527,0.020051350817084312,0.9408115148544312,0.8743560910224915,-0.005400218069553375,-0.010657478123903275,-0.01610318198800087,0.029264692217111588,0.003570746397599578,19.0
2026-04-25T18:54:03.718049,250426_155008.984375,1,58.472591400146484,8.742883682250977,32.099998474121094,86.33999633789062,1.2400000095367432,7,22.549999237060547,1,250426_165322.000000,-9.166069030761719,13.294977188110352,0.08326753973960876,0.3313579559326172,0.8763973712921143,0.02655952423810959,-0.04178794473409653,-0.06694655865430832,0.027425279840826988,0.004135326016694307,17.0
2026-04-25T18:54:06.789211,250426_155010.000000,1,58.4727897644043,8.7430419921875,31.600000381469727,87.69000244140625,1.2400000095367432,7,22.549999237060547,1,250426_165352.984375,-8.870499610900879,13.463911056518555,0.03139415383338928,1.7193615436553955,0.987192690372467,-0.024461235851049423,0.018253162503242493,0.007352747023105621,0.030502300709486008,0.004809659905731678,21.0
2026-04-25T18:54:09.864072,250426_155019.015625,1,58.474571228027344,8.744726181030273,30.5,87.8399887084961,1.3700000047683716,8,22.549999237060547,1,250426_165352.984375,-7.2573018074035645,14.01407527923584,0.10921236872673035,0.8879225850105286,0.9019003510475159,-0.028559641912579536,0.10293985903263092,-0.022695191204547882,0.05604345351457596,0.009145092219114304,21.0
2026-04-25T18:54:12.806199,250426_155028.000000,1,58.47608184814453,8.7469482421875,24.5,81.44999694824219,1.090000033378601,8,22.549999237060547,1,250426_165352.984375,-7.247560501098633,14.529644012451172,0.032142769545316696,0.3284614682197571,0.8750155568122864,-0.016665266826748848,0.014660212211310863,-0.023248756304383278,0.056093063205480576,0.008725810796022415,18.0
2026-04-25T18:54:16.006938,250426_155028.984375,1,58.47623062133789,8.747213363647461,24.399999618530273,80.56999969482422,1.0800000429153442,8,22.549999237060547,1,250426_165352.984375,-8.415432929992676,15.225951194763184,0.19009554386138916,0.17773224413394928,0.8434974551200867,-0.03575121611356735,-0.1866879016160965,0.002408169209957123,0.06533773243427277,0.012207990512251854,20.0
2026-04-25T18:54:18.974633,250426_155038.000000,1,58.477439880371094,8.749853134155273,22.799999237060547,88.5999984741211,1.0800000429153442,8,22.549999237060547,1,250426_165408.000000,-10.900391578674316,15.458560943603516,0.22607220709323883,2.798389434814453,0.8802168369293213,-0.017432326450943947,-0.2153463363647461,0.06656358391046524,0.0843006893992424,0.021301770582795143,18.0
2026-04-25T18:54:22.048073,250426_155123.015625,1,58.486488342285156,8.761640548706055,36.099998474121094,102.27999877929688,1.2400000095367432,7,22.549999237060547,1,250426_165408.000000,-12.245680809020996,15.1008882522583,0.11297781020402908,0.6221675872802734,0.6899499297142029,0.00313563016243279,-0.11179734766483307,0.01598464325070381,0.08048368990421295,0.024133162572979927,18.0
2026-04-25T18:54:25.007600,250426_155124.000000,1,58.486698150634766,8.761895179748535,37.099998474121094,102.94999694824219,1.2400000095367432,7,22.549999237060547,1,250426_165408.000000,-11.939589500427246,14.220526695251465,0.11164728552103043,1.2074204683303833,0.7381607294082642,0.1052168756723404,-0.03729349374771118,-0.0019284272566437721,0.07529480010271072,0.020211737602949142,20.0
2026-04-25T18:54:28.090191,250426_155134.000000,1,58.48897171020508,8.764490127563477,41.400001525878906,104.37999725341797,1.1200000047683716,8,22.549999237060547,1,250426_165408.000000,-11.342391014099121,14.454736709594727,0.08315521478652954,1.4465723037719727,0.8061433434486389,-0.024886872619390488,0.07912592589855194,-0.005875456612557173,0.07020591199398041,0.02133657969534397,21.0
2026-04-25T18:54:31.160237,250426_155142.000000,1,58.49076843261719,8.766599655151367,47.099998474121094,103.95999908447266,0.9300000071525574,9,22.549999237060547,1,250426_165408.000000,-10.373095512390137,14.480575561523438,0.0865255817770958,1.0407836437225342,0.8644274473190308,-0.05243709683418274,0.06744833290576935,0.013702156022191048,0.05757908895611763,0.015169280581176281,21.0
2026-04-25T18:54:34.125273,250426_155143.015625,1,58.4909782409668,8.766851425170898,47.29999923706055,101.73999786376953,0.9300000071525574,9,22.549999237060547,1,250426_165423.015625,-9.708259582519531,13.990934371948242,0.06615693867206573,2.791414260864258,0.8657313585281372,-0.030985532328486443,0.0369865708053112,0.04526180028915405,0.03002586029469967,0.0074126143008470535,21.0
2026-04-25T18:54:37.170328,250426_155152.000000,1,58.4929313659668,8.76913833618164,50.70000076293945,101.73999786376953,0.9300000071525574,9,22.549999237060547,1,250426_165423.015625,-9.51335620880127,13.571873664855957,0.08773867040872574,0.7743646502494812,0.8950005173683167,0.07797739654779434,0.03758437559008598,-0.014318333938717842,0.029044097289443016,0.007241664454340935,21.0
2026-04-25T18:54:40.274016,250426_155152.984375,1,58.493141174316406,8.769394874572754,51.29999923706055,102.4800033569336,0.9300000071525574,9,22.549999237060547,1,250426_165423.015625,-9.107759475708008,13.404645919799805,0.04986172169446945,3.121129274368286,0.9697222709655762,-0.0023095374926924706,0.0442751981317997,0.022815871983766556,0.030919792130589485,0.007441970054060221,17.0
2026-04-25T18:54:43.257649,250426_155202.000000,1,58.494991302490234,8.77188777923584,57.099998474121094,99.66999816894531,0.9300000071525574,9,22.549999237060547,1,250426_165423.015625,-8.687349319458008,13.83132553100586,0.03644423186779022,1.3885139226913452,1.0243124961853027,-0.015618907287716866,0.0005909854080528021,0.03292236849665642,0.02940383553504944,0.006760782096534967,18.0
2026-04-25T18:54:46.418573,250426_155203.015625,1,58.49517059326172,8.77219009399414,57.20000076293945,98.58000946044922,0.9300000071525574,9,22.549999237060547,1,250426_165438.000000,-8.915491104125977,13.718159675598145,0.04030034318566322,2.2639999389648438,0.9891292452812195,0.009064973331987858,-0.023697834461927414,0.03131064772605896,0.029506772756576538,0.006109586451202631,22.0
2026-04-25T18:54:49.387773,250426_155204.000000,1,58.4953498840332,8.772500038146973,57.70000076293945,98.5199966430664,0.9300000071525574,9,22.549999237060547,1,250426_165438.000000,-8.851119041442871,13.68923282623291,0.06271754205226898,1.146299123764038,0.984201967716217,-0.04695936292409897,-0.0246545672416687,0.03347328305244446,0.028422441333532333,0.005556291900575161,18.0
2026-04-25T18:54:52.459585,250426_155212.984375,1,58.49681091308594,8.775579452514648,61.29999923706055,98.55000305175781,1.350000023841858,8,22.549999237060547,1,250426_165438.000000,-8.679804801940918,13.35250473022461,0.05885551497340202,2.0450992584228516,0.9230753779411316,-0.019317716360092163,-0.04236627742648125,0.035998549312353134,0.027834942564368248,0.004921381827443838,22.0
2026-04-25T18:54:55.439538,250426_155214.000000,1,58.4969482421875,8.775958061218262,61.599998474121094,98.55000305175781,1.0800000429153442,8,22.549999237060547,1,250426_165439.015625,-8.777782440185547,13.226720809936523,0.06028909608721733,0.4090750217437744,0.8264486789703369,0.054471276700496674,-0.0228645708411932,-0.012036056257784367,0.02513936161994934,0.004472069907933474,22.0
2026-04-25T18:54:58.484672,250426_155223.015625,1,58.49803161621094,8.779714584350586,65.4000015258789,98.94999694824219,1.0800000429153442,8,22.549999237060547,1,250426_165439.015625,-8.633049011230469,12.46353816986084,0.03873864933848381,2.2415108680725098,0.7961673736572266,0.03820819407701492,-0.0018953531980514526,0.006101189646869898,0.030422180891036987,0.00530790351331234,22.0
2026-04-25T18:55:01.575761,250426_155224.000000,1,58.49811935424805,8.780153274536133,65.5999984741211,99.2699966430664,1.0800000429153442,8,22.549999237060547,1,250426_165439.015625,-8.231001853942871,12.377982139587402,0.11841663718223572,3.5076427459716797,0.8750616908073425,-0.10474159568548203,0.05465114116668701,0.008059230633080006,0.030467163771390915,0.00527508370578289,24.0
2026-04-25T18:55:04.646967,250426_155232.984375,1,58.49879837036133,8.784173965454102,60.599998474121094,99.1500015258789,0.9300000071525574,9,22.549999237060547,1,250426_165439.015625,-8.93384838104248,12.52712345123291,0.08024720847606659,0.9541391730308533,0.918178141117096,0.025530381128191948,-0.07588107138872147,0.005465964321047068,0.040078114718198776,0.00860507506877184,22.0
2026-04-25T18:55:07.718546,250426_155234.000000,1,58.498878479003906,8.784611701965332,60.79999923706055,84.22000122070312,0.9300000071525574,9,22.549999237060547,1,250426_164942.000000,-9.676729202270508,12.5203218460083,0.040866125375032425,0.19347496330738068,0.892724871635437,0.030323337763547897,-0.02619320899248123,-0.008028149604797363,0.038218021392822266,0.008684702217578888,20.0
2026-04-25T18:55:10.686723,250426_155244.000000,1,58.49958038330078,8.788640975952148,57.0,80.29000091552734,0.9300000071525574,9,22.549999237060547,1,250426_165454.000000,-9.818812370300293,12.705354690551758,0.06546907871961594,2.7275514602661133,1.0520298480987549,-0.04500332102179527,-0.0008505820296704769,0.047541335225105286,0.038544755429029465,0.009184438735246658,21.0
2026-04-25T18:55:13.760763,250426_155252.000000,1,58.49991989135742,8.79124641418457,55.599998474121094,64.97000122070312,0.9300000071525574,9,22.549999237060547,1,250426_165454.000000,-10.035613059997559,12.899388313293457,0.047688569873571396,1.1434836387634277,1.1196577548980713,-0.006293222773820162,0.0014135176315903664,-0.04725036025047302,0.040244508534669876,0.0086299367249012,19.0
2026-04-25T18:55:16.756487,250426_155300.984375,1,58.499908447265625,8.793705940246582,59.70000076293945,37.7599983215332,1.340000033378601,8,22.549999237060547,1,250426_165454.000000,-9.910916328430176,12.980998039245605,0.02265803888440132,1.9724249839782715,1.0702401399612427,-0.010076331906020641,0.016237981617450714,-0.01217301283031702,0.03550903871655464,0.00566861592233181,21.0
2026-04-25T18:55:19.903622,250426_155302.000000,1,58.499900817871094,8.793867111206055,59.900001525878906,32.619998931884766,1.2300000190734863,7,22.549999237060547,1,250426_165454.000000,-9.681357383728027,12.98820972442627,0.02677319385111332,0.5379095673561096,1.051780343055725,0.010520277544856071,0.010609009303152561,-0.022216584533452988,0.03229870647192001,0.0040549300611019135,27.0
2026-04-25T18:55:22.872865,250426_155311.015625,1,58.499549865722656,8.795093536376953,60.099998474121094,33.33000183105469,0.9200000166893005,9,22.549999237060547,1,250426_165508.984375,-9.647387504577637,13.347928047180176,0.05666627362370491,0.5937987565994263,0.8518800139427185,-0.04979435354471207,0.017999740317463875,0.020189065486192703,0.027388453483581543,0.003221282036975026,25.0
2026-04-25T18:55:25.945021,250426_155320.000000,1,58.499549865722656,8.796491622924805,59.599998474121094,43.779998779296875,1.340000033378601,8,22.549999237060547,1,250426_165508.984375,-9.668126106262207,13.480128288269043,0.0523347444832325,1.889145851135254,0.7289398312568665,-0.016388101503252983,-0.013011634349822998,0.04796929657459259,0.021232260391116142,0.0023723908234387636,27.0
2026-04-25T18:55:28.939628,250426_155320.984375,1,58.49956130981445,8.796721458435059,59.70000076293945,47.13999938964844,0.9200000166893005,9,85.62999725341797,1,250426_165508.984375,-9.495903968811035,13.546050071716309,0.03525938838720322,1.1350488662719727,0.7001794576644897,0.018873445689678192,0.02330969087779522,0.018538491800427437,0.019513679668307304,0.0023307243827730417,27.0
2026-04-25T18:55:32.088509,250426_155330.000000,1,58.499359130859375,8.798583030700684,58.79999923706055,35.56999969482422,1.2899999618530273,9,85.62999725341797,1,250426_165508.984375,-9.235505104064941,13.5833740234375,0.04047779366374016,1.37830650806427,0.6961327195167542,0.021199624985456467,0.03437762334942818,-0.0026844902895390987,0.019127963110804558,0.00258679804392159,27.0
2026-04-25T18:55:35.059610,250426_155331.015625,1,58.499298095703125,8.798697471618652,58.400001525878906,34.5099983215332,1.0299999713897705,9,85.62999725341797,1,250426_165508.984375,-9.039238929748535,13.58427906036377,0.09634879231452942,1.8657538890838623,0.6679918766021729,-0.057660747319459915,0.05019145831465721,0.058644212782382965,0.02011989615857601,0.002668961649760604,25.0
2026-04-25T18:55:38.130124,250426_155340.000000,1,58.4989013671875,8.800104141235352,54.400001525878906,55.59000015258789,1.399999976158142,8,85.62999725341797,1,250426_165508.984375,-7.721484661102295,12.71032428741455,0.1721123456954956,2.719482421875,0.8175914287567139,0.1632813662290573,0.019701167941093445,-0.050731755793094635,0.042604438960552216,0.006910619325935841,26.0
2026-04-25T18:55:41.201564,250426_155340.984375,1,58.49882888793945,8.800350189208984,53.79999923706055,59.75,1.399999976158142,8,85.62999725341797,1,250426_165508.984375,-8.088118553161621,11.164509773254395,0.11325903981924057,1.1046489477157593,0.9732756018638611,0.11310107260942459,0.003228043671697378,-0.00503368116915226,0.05392904952168465,0.010992918163537979,24.0
2026-04-25T18:55:44.173380,250426_155348.984375,1,58.498130798339844,8.80247688293457,49.0,59.75,0.8600000143051147,10,85.62999725341797,1,250426_165508.984375,-7.8594818115234375,14.881421089172363,0.32191282510757446,0.8352169990539551,0.9752069115638733,-0.320331335067749,-0.03003649041056633,0.010653875768184662,0.09890514612197876,0.030336957424879074,22.0
2026-04-25T18:55:47.244786,250426_155350.000000,1,58.49802017211914,8.802709579467773,48.79999923706055,68.06999969482422,0.8799999952316284,10,137.0399932861328,1,250426_165508.984375,-9.095090866088867,14.293451309204102,0.22069469094276428,1.827612042427063,1.0442930459976196,0.003382604569196701,-0.05347175523638725,0.2140922248363495,0.08683567494153976,0.03463318198919296,22.0
2026-04-25T18:55:50.315045,250426_155351.015625,1,58.49787902832031,8.802916526794434,48.70000076293945,74.7699966430664,0.8600000143051147,10,137.0399932861328,1,250426_165539.015625,-8.994104385375977,14.047334671020508,0.06447871774435043,2.2062981128692627,1.0770509243011475,-0.005165933631360531,0.011033154092729092,-0.06331735849380493,0.09392230957746506,0.033080197870731354,25.0
2026-04-25T18:55:53.386577,250426_155400.000000,1,58.49633026123047,8.803621292114258,44.5,75.56999969482422,0.949999988079071,8,137.0399932861328,1,250426_165539.015625,-9.025186538696289,14.353494644165039,0.057992614805698395,0.8338319063186646,1.0473421812057495,-0.053284745663404465,0.022169336676597595,0.005692081991583109,0.09971407800912857,0.02917318046092987,25.0
2026-04-25T18:55:56.460628,250426_155408.984375,1,58.4946403503418,8.803821563720703,37.29999923706055,74.97000122070312,0.8600000143051147,10,137.0399932861328,1,250426_165539.015625,-7.526663780212402,14.11027717590332,0.18736033141613007,1.6026637554168701,0.9095956683158875,0.10650511085987091,0.1439317762851715,0.05517429858446121,0.09264829009771347,0.026328913867473602,23.0
2026-04-25T18:55:59.429681,250426_155410.000000,1,58.494449615478516,8.803911209106445,36.5,74.97000122070312,0.9200000166893005,9,137.0399932861328,1,250426_165539.015625,-6.779561519622803,12.653829574584961,0.1487434208393097,3.089535713195801,0.9117641448974609,-0.0033750617876648903,-0.14156977832317352,0.04551055654883385,0.0592702254652977,0.01762676052749157,21.0
2026-04-25T18:56:02.501713,250426_155419.015625,1,58.492801666259766,8.803983688354492,27.100000381469727,74.79000091552734,0.9399999976158142,9,137.0399932861328,1,250426_165554.000000,-7.075502872467041,13.514116287231445,0.3255520164966583,1.3397281169891357,0.9272496104240417,-0.3224537670612335,0.034360941499471664,0.028757810592651367,0.07597285509109497,0.02373879961669445,21.0
2026-04-25T18:56:05.578232,250426_155420.000000,1,58.492618560791016,8.803863525390625,26.100000381469727,74.8499984741211,0.9399999976158142,9,137.0399932861328,1,250426_165554.000000,-8.126165390014648,13.751370429992676,0.12143783271312714,1.7119340896606445,0.8840116858482361,0.0995124876499176,-0.06030777096748352,-0.034747444093227386,0.0696554034948349,0.02769278548657894,18.0
2026-04-25T18:56:08.542792,250426_155430.000000,1,58.49092102050781,8.801758766174316,15.699999809265137,80.0999984741211,0.9399999976158142,8,137.0399932861328,1,250426_165554.000000,-8.976552963256836,11.74990177154541,0.18602947890758514,2.175168514251709,0.9611409306526184,0.16517075896263123,-0.06807572394609451,-0.05187758803367615,0.0521765761077404,0.03389715030789375,20.0
2026-04-25T18:56:11.614867,250426_155439.015625,1,58.489139556884766,8.801370620727539,12.600000381469727,80.5999984741211,0.9300000071525574,9,137.0399932861328,1,250426_165608.000000,-10.11266803741455,9.038479804992676,0.28822436928749084,2.1779277324676514,0.9788458347320557,0.26708075404167175,-0.10649369657039642,-0.020006446167826653,0.06172071397304535,0.04386107996106148,18.0
2026-04-25T18:56:14.688168,250426_155440.000000,1,58.48894119262695,8.801344871520996,12.100000381469727,80.1100082397461,0.9200000166893005,9,137.0399932861328,1,250426_165608.000000,-11.351024627685547,8.730161666870117,0.15465955436229706,0.8976103067398071,1.0717957019805908,-0.10609761625528336,-0.11200205236673355,-0.010881830006837845,0.0644998550415039,0.043416623026132584,20.0
2026-04-25T18:56:17.758204,250426_155448.984375,1,58.487159729003906,8.801465034484863,14.300000190734863,81.0,0.9200000166893005,9,137.0399932861328,1,250426_165608.000000,-11.061891555786133,9.20297908782959,0.043289925903081894,1.409199833869934,1.0767242908477783,-0.023574646562337875,0.036168769001960754,0.003173971315845847,0.07950795441865921,0.03592420369386673,18.0
2026-04-25T18:56:20.722413,250426_155450.000000,1,58.486968994140625,8.801603317260742,15.0,79.54000091552734,0.9200000166893005,9,137.0399932861328,1,250426_165608.000000,-11.251544952392578,10.472915649414062,0.21416299045085907,2.349058151245117,1.046358585357666,-0.19972722232341766,-0.028367221355438232,0.07190349698066711,0.0815996453166008,0.029317151755094528,14.0
2026-04-25T18:56:23.800717,250426_155459.015625,1,58.486148834228516,8.803250312805176,14.300000190734863,30.479999542236328,0.8700000047683716,9,137.0399932861328,1,250426_165608.000000,-11.112343788146973,11.287708282470703,0.050519660115242004,0.844360888004303,1.003260612487793,-0.04970708116889,-0.008736743591725826,-0.0022609177976846695,0.0850086659193039,0.027038581669330597,14.0
2026-04-25T18:56:26.871713,250426_155500.000000,1,58.48611068725586,8.80335807800293,14.199999809265137,30.479999542236328,0.8700000047683716,9,137.0399932861328,1,250426_165608.984375,-10.737475395202637,11.627846717834473,0.05337585136294365,2.6300389766693115,0.9920890927314758,-0.024292225018143654,0.04746831953525543,0.00237229373306036,0.049757327884435654,0.011543669737875462,18.0
2026-04-25T18:56:29.945207,250426_155508.000000,1,58.48609161376953,8.804981231689453,17.799999237060547,30.479999542236328,0.8799999952316284,10,137.0399932861328,1,250426_165608.984375,-10.100618362426758,11.486716270446777,0.06609554588794708,2.5789425373077393,1.0041824579238892,0.020744720473885536,0.062487177550792694,0.0057991873472929,0.048556067049503326,0.011398796923458576,24.0
2026-04-25T18:56:32.903531,250426_155508.984375,1,58.486080169677734,8.805268287658691,17.899999618530273,61.349998474121094,0.8799999952316284,10,137.0399932861328,1,250426_165623.015625,-9.608622550964355,11.874560356140137,0.0983024463057518,2.043445110321045,1.1091681718826294,0.03630409017205238,0.012015461921691895,0.0905594453215599,0.052773598581552505,0.013064108788967133,24.0
2026-04-25T18:56:35.985183,250426_155518.000000,1,58.48527145385742,8.807805061340332,20.899999618530273,73.73001098632812,0.8600000143051147,10,137.0399932861328,1,250426_165623.015625,-9.452080726623535,12.353805541992188,0.06344623863697052,0.554042398929596,1.125741720199585,-0.0567963644862175,-0.017780140042304993,-0.021987825632095337,0.05257740616798401,0.012710205279290676,22.0
2026-04-25T18:56:38.974821,250426_155528.000000,1,58.483821868896484,8.810094833374023,23.5,74.43000030517578,1.1399999856948853,8,137.0399932861328,1,250426_165636.984375,-9.058573722839355,12.591312408447266,0.10983400791883469,1.6499743461608887,1.132735252380371,0.07145349681377411,0.028190551325678825,-0.07850603759288788,0.045438848435878754,0.010091045871376991,24.0
2026-04-25T18:56:42.129244,250426_155536.984375,1,58.4824104309082,8.811844825744629,24.299999237060547,73.51000213623047,0.8799999952316284,10,137.0399932861328,1,250426_165636.984375,-8.69826889038086,12.386255264282227,0.03731532022356987,1.0108513832092285,2.0732452869415283,0.0034544789232313633,0.013219078071415424,0.03472399339079857,0.06861374527215958,0.014862843789160252,20.0
2026-04-25T18:56:45.089792,250426_155538.000000,1,58.48223876953125,8.81197738647461,25.0,72.55001068115234,0.8600000143051147,10,137.0399932861328,1,250426_165636.984375,-8.955941200256348,12.575844764709473,0.13263586163520813,2.024101495742798,2.1244373321533203,-0.06641508638858795,-0.03259940445423126,0.11008444428443909,0.06806982308626175,0.014934355393052101,14.0
2026-04-25T18:56:48.111796,250426_155547.015625,1,58.48114013671875,8.812432289123535,31.100000381469727,32.45000076293945,0.8600000143051147,10,137.0399932861328,1,250426_165636.984375,-8.85708236694336,12.59847354888916,0.07416579872369766,0.8672278523445129,2.132937431335449,-0.059133656322956085,0.015598139725625515,-0.04195801913738251,0.06492511928081512,0.012466810643672943,18.0
2026-04-25T18:56:51.233184,250426_155548.000000,1,58.48106002807617,8.812417030334473,31.200000762939453,30.579999923706055,0.8600000143051147,10,137.0399932861328,1,250426_165636.984375,-8.551126480102539,12.690242767333984,0.09169125556945801,2.2416868209838867,2.128265380859375,-0.060359418392181396,0.050424084067344666,0.047132138162851334,0.06607479602098465,0.012338723056018353,15.0
2026-04-25T18:56:54.314442,250426_155556.984375,1,58.48017883300781,8.8132905960083,31.700000762939453,60.130001068115234,0.9300000071525574,9,137.0399932861328,1,250426_165638.000000,-8.76372241973877,12.59427547454834,0.06382635980844498,1.5491958856582642,1.3985095024108887,0.02750048041343689,-0.027770740911364555,-0.05046100914478302,0.03880665451288223,0.00742732547223568,19.0
2026-04-25T18:56:57.272456,250426_155558.000000,1,58.48003005981445,8.813411712646484,31.799999237060547,62.13999938964844,0.9200000166893005,9,137.0399932861328,1,250426_165638.000000,-8.72039794921875,12.866826057434082,0.11316193640232086,0.6149044036865234,1.2273591756820679,-0.06753849983215332,0.045881543308496475,0.07835214585065842,0.037359416484832764,0.007525925058871508,21.0
2026-04-25T18:57:00.347261,250426_155607.015625,1,58.478668212890625,8.814922332763672,29.399999618530273,72.77999877929688,1.600000023841858,7,137.0399932861328,1,250426_165652.000000,-8.661651611328125,12.510793685913086,0.061065275222063065,1.1273958683013916,1.0579185485839844,0.03449604660272598,-0.040085189044475555,0.030531426891684532,0.028619326651096344,0.006275549530982971,23.0
2026-04-25T18:57:03.418851,250426_155608.000000,1,58.47853088378906,8.815126419067383,29.0,68.91000366210938,1.600000023841858,7,137.0399932861328,1,250426_165652.000000,-8.813726425170898,12.383455276489258,0.03205666318535805,1.2464886903762817,0.928851842880249,0.020204078406095505,-0.014844748191535473,0.01997644454240799,0.028956858441233635,0.005784096196293831,21.0
2026-04-25T18:57:06.397627,250426_155616.984375,1,58.47747039794922,8.816742897033691,21.0,43.54999923706055,1.0199999809265137,8,137.0399932861328,1,250426_165652.000000,-8.765519142150879,12.4371919631958,0.10425607115030289,1.3169225454330444,0.9995614290237427,-0.027722090482711792,-0.04863446205854416,0.08795171976089478,0.03156597539782524,0.006592096295207739,20.0
2026-04-25T18:57:09.562478,250426_155618.000000,1,58.477378845214844,8.816794395446777,19.899999618530273,35.97999954223633,1.840000033378601,7,137.0399932861328,1,250426_165706.000000,-8.61790657043457,12.573680877685547,0.05973915755748749,1.987250804901123,1.037348985671997,0.0047725168988108635,0.030789144337177277,-0.050970762968063354,0.030209477990865707,0.006283457390964031,20.0
2026-04-25T18:57:12.542384,250426_155628.000000,1,58.47679138183594,8.817261695861816,16.299999237060547,29.469999313354492,0.8799999952316284,10,137.0399932861328,1,250426_165706.000000,-9.099479675292969,12.6368989944458,0.057883236557245255,1.5354440212249756,1.0398621559143066,-0.0055596837773919106,-0.0506274588406086,0.027503076940774918,0.03002358414232731,0.006590596865862608,20.0
2026-04-25T18:57:15.516415,250426_155636.984375,1,58.477378845214844,8.818055152893066,11.800000190734863,39.2400016784668,0.8799999952316284,10,137.0399932861328,1,250426_165706.000000,-9.504106521606445,12.903772354125977,0.09732964634895325,0.7687254548072815,1.0534237623214722,-0.06587305665016174,-0.07083884626626968,-0.010754475370049477,0.03134060278534889,0.0061853257939219475,20.0
2026-04-25T18:57:18.584048,250426_155638.000000,1,58.477481842041016,8.81814956665039,11.399999618530273,44.970001220703125,0.8799999952316284,10,137.0399932861328,1,250426_165706.000000,-9.631007194519043,12.358149528503418,0.0899517610669136,1.804486632347107,1.0011190176010132,0.08013724535703659,-0.04026144742965698,-0.00695386528968811,0.03276349976658821,0.006044548936188221,24.0
2026-04-25T18:57:21.654558,250426_155647.015625,1,58.47853088378906,8.818927764892578,7.699999809265137,50.970001220703125,0.8600000143051147,10,137.0399932861328,1,250426_165706.000000,-9.76547622680664,11.968955993652344,0.11397252231836319,1.690982460975647,0.9607154726982117,0.07929738610982895,-0.06841160356998444,-0.04496124014258385,0.033752329647541046,0.006078863516449928,26.0
2026-04-25T18:57:24.726694,250426_155648.000000,1,58.47861862182617,8.81908893585205,8.0,50.93000030517578,1.0700000524520874,9,137.0399932861328,1,250426_165706.000000,-9.339871406555176,11.448291778564453,0.06666432321071625,1.9218546152114868,1.066313624382019,0.007290646433830261,0.06325606256723404,0.019739534705877304,0.03955650329589844,0.006949377711862326,24.0
2026-04-25T18:57:27.790045,250426_155656.984375,1,58.47856903076172,8.82132625579834,6.300000190734863,50.93000030517578,1.1100000143051147,8,137.0399932861328,1,250426_165706.000000,-9.262136459350586,11.003011703491211,0.04152292385697365,1.6626715660095215,1.153291940689087,0.03959576413035393,0.000774304149672389,0.012479150667786598,0.04069097712635994,0.007363819982856512,24.0
2026-04-25T18:57:30.768724,250426_155658.000000,1,58.47848129272461,8.821572303771973,6.599999904632568,50.93000030517578,1.1100000143051147,8,137.0399932861328,1,250426_165706.000000,-9.205560684204102,10.5313720703125,0.04539410397410393,1.7194547653198242,1.198221206665039,0.03878035768866539,0.023014798760414124,0.005198820494115353,0.04090902954339981,0.007696592248976231,28.0
2026-04-25T18:57:33.840491,250426_155707.015625,1,58.47809982299805,8.823755264282227,6.900000095367432,50.93000030517578,0.8799999952316284,10,137.0399932861328,1,250426_165706.000000,-8.801206588745117,10.466933250427246,0.06783176213502884,1.141756296157837,1.2280148267745972,-0.026196222752332687,0.05673033744096756,0.02639269456267357,0.03965595364570618,0.007949434220790863,25.0
2026-04-25T18:57:36.833410,250426_155708.000000,1,58.4781608581543,8.824007987976074,6.400000095367432,55.79999923706055,0.8600000143051147,10,137.0399932861328,1,250426_165722.000000,-8.552780151367188,10.162664413452148,0.06290412694215775,2.647040843963623,1.1523644924163818,0.021558530628681183,0.05167665705084801,0.028664996847510338,0.036449264734983444,0.006732522044330835,23.0
2026-04-25T18:57:39.883476,250426_155726.000000,1,58.479488372802734,8.827351570129395,-0.20000000298023224,58.88999938964844,1.2100000381469727,7,137.0399932861328,1,250426_165722.000000,-8.556268692016602,10.132144927978516,0.0697556585073471,0.5876786112785339,1.139591097831726,0.04182429239153862,0.009486684575676918,-0.05501439422369003,0.03722170740365982,0.006461525335907936,23.0
2026-04-25T18:57:42.956634,250426_155727.015625,1,58.479610443115234,8.82750129699707,-0.800000011920929,58.88999938964844,1.159999966621399,8,137.0399932861328,1,250426_165736.000000,-8.91832447052002,10.808380126953125,0.04649145528674126,0.6307358145713806,1.090112328529358,-0.033053502440452576,-0.0040664030238986015,-0.032440491020679474,0.03839649260044098,0.006890944670885801,19.0
2026-04-25T18:57:46.026649,250426_155746.000000,1,58.48183822631836,8.830374717712402,-3.0,58.29999923706055,0.8799999952316284,10,137.0399932861328,1,250426_165736.000000,-8.882434844970703,11.218749046325684,0.05353188142180443,1.2580161094665527,0.9803136587142944,-0.03311677277088165,0.017230644822120667,0.03836725652217865,0.03799846023321152,0.006420210003852844,19.0
2026-04-25T18:57:49.097584,250426_155747.015625,1,58.48197937011719,8.83045482635498,-2.700000047683716,56.40999984741211,0.9300000071525574,9,137.0399932861328,1,250426_165736.000000,-8.462045669555664,11.339299201965332,0.07963301241397858,1.2222323417663574,0.9547976851463318,0.023188568651676178,0.05990036204457283,-0.04707071930170059,0.03925742581486702,0.006757908966392279,22.0
2026-04-25T18:57:52.063362,250426_155756.000000,1,58.483131408691406,8.831316947937012,-2.0,54.869998931884766,0.9200000166893005,9,137.0399932861328,1,250426_165736.000000,-7.974307537078857,11.62132453918457,0.07330052554607391,0.4722082018852234,1.1607362031936646,-0.06791739165782928,0.02401355467736721,0.013547845184803009,0.03814015910029411,0.00786669086664915,26.0
2026-04-25T18:57:55.139783,250426_155756.984375,1,58.48324966430664,8.831401824951172,-2.5,57.15999984741211,0.9200000166893005,9,137.0399932861328,1,250426_165736.000000,-7.704190731048584,12.033863067626953,0.1092398390173912,1.6545588970184326,1.200408697128296,-0.08476293832063675,-0.06611967086791992,-0.019410699605941772,0.0366707518696785,0.008384719491004944,26.0
2026-04-25T18:57:58.150129,250426_155816.000000,1,58.48461151123047,8.83504867553711,10.5,54.9900016784668,0.9399999976158142,9,137.0399932861328,1,250426_165736.000000,-7.573531150817871,12.259329795837402,0.056501880288124084,2.7059240341186523,1.8280210494995117,-0.046978674829006195,0.021359026432037354,0.023005615919828415,0.0658649280667305,0.013241724111139774,26.0
2026-04-25T18:58:01.283908,250426_155816.984375,1,58.484619140625,8.835272789001465,11.5,47.91999816894531,0.8600000143051147,10,137.0399932861328,1,250426_165736.000000,-7.738185405731201,12.708221435546875,0.15971921384334564,1.6672831773757935,1.8332043886184692,-0.11938326805830002,-0.06716779619455338,0.08213617652654648,0.06860227137804031,0.013652240857481956,23.0
2026-04-25T18:58:04.355703,250426_155824.984375,1,58.485260009765625,8.83636474609375,18.0,47.369998931884766,0.8600000143051147,10,137.0399932861328,1,250426_165736.000000,-7.852298259735107,12.463507652282715,0.04017651453614235,1.6293963193893433,1.7701462507247925,0.015097741968929768,0.02082233689725399,-0.030864879488945007,0.07050028443336487,0.012958434410393238,21.0
2026-04-25T18:58:07.287306,250426_155826.000000,1,58.48537063598633,8.836395263671875,18.700000762939453,47.38999938964844,0.8799999952316284,10,137.0399932861328,1,250426_165736.000000,-8.09078598022461,12.70260238647461,0.06708893924951553,1.2497810125350952,1.682945728302002,0.03502722829580307,-0.05357775464653969,0.020085899159312248,0.07136312127113342,0.011194199323654175,23.0
2026-04-25T18:58:10.397796,250426_155834.000000,1,58.486148834228516,8.83708667755127,22.700000762939453,38.189998626708984,0.8600000143051147,10,137.0399932861328,1,250426_165736.000000,-8.186807632446289,12.628305435180664,0.061173215508461,0.6394491195678711,0.9361281394958496,0.027245420962572098,-0.006833392195403576,0.054342929273843765,0.04056732356548309,0.005840681027621031,19.0
2026-04-25T18:58:13.474509,250426_155835.015625,1,58.48619079589844,8.837238311767578,23.5,37.52000045776367,0.8600000143051147,10,137.0399932861328,1,250426_165736.000000,-8.448473930358887,12.308588981628418,0.06735938042402267,2.879164218902588,1.0831009149551392,-0.02378976345062256,-0.01773878186941147,0.060470402240753174,0.03848524019122124,0.0062550632283091545,21.0
2026-04-25T18:58:16.438519,250426_155843.015625,1,58.48674011230469,8.838216781616211,24.399999618530273,41.380001068115234,0.8799999952316284,10,137.0399932861328,1,250426_165806.000000,-8.790569305419922,12.215286254882812,0.07621113955974579,1.8963556289672852,1.0580897331237793,-0.017791347578167915,-0.06877447664737701,0.027598515152931213,0.029441306367516518,0.0049400026910007,24.0
2026-04-25T18:58:19.512697,250426_155844.000000,1,58.48685836791992,8.838239669799805,24.600000381469727,42.5099983215332,0.8600000143051147,10,137.0399932861328,1,250426_165806.000000,-8.820225715637207,12.364038467407227,0.10543838143348694,1.831667184829712,1.0651068687438965,-0.0991232618689537,-0.02066856622695923,0.02940482273697853,0.03070857562124729,0.005083535797894001,24.0
2026-04-25T18:58:22.583626,250426_155852.000000,1,58.48781967163086,8.838319778442383,21.399999618530273,44.70000076293945,0.8799999952316284,10,137.0399932861328,1,250426_165806.000000,-8.416060447692871,12.450475692749023,0.12632392346858978,2.560281753540039,1.0764000415802002,0.10133343935012817,0.07495544850826263,0.00842316821217537,0.029457127675414085,0.005881768651306629,24.0
2026-04-25T18:58:25.645284,250426_155852.984375,1,58.48793029785156,8.838375091552734,21.299999237060547,45.5099983215332,0.8799999952316284,10,137.0399932861328,1,250426_165820.000000,-7.052049160003662,12.509439468383789,0.14943648874759674,2.1517977714538574,1.0996114015579224,-0.02010064572095871,0.1365760862827301,0.057220641523599625,0.03676319122314453,0.008593268692493439,22.0
2026-04-25T18:58:28.602148,250426_155900.984375,1,58.48857879638672,8.839475631713867,19.600000381469727,49.459999084472656,0.8600000143051147,10,137.0399932861328,1,250426_165820.000000,-6.8272705078125,12.709734916687012,0.08255241811275482,2.544736862182617,0.9628511667251587,-0.0765036791563034,-0.013837059959769249,0.027760114520788193,0.03647860512137413,0.00792386569082737,17.0
2026-04-25T18:58:31.697109,250426_155902.000000,1,58.48862838745117,8.839710235595703,19.600000381469727,49.459999084472656,0.8600000143051147,10,137.0399932861328,1,250426_165820.000000,-6.7655930519104,12.956255912780762,0.024254534393548965,0.43292832374572754,0.9938989281654358,-0.002067280001938343,0.02294367551803589,-0.007589242421090603,0.03752662613987923,0.007774570025503635,17.0
2026-04-25T18:58:34.769883,250426_155910.000000,1,58.489219665527344,8.841054916381836,19.600000381469727,47.040000915527344,0.8600000143051147,10,137.0399932861328,1,250426_165820.000000,-7.315459251403809,13.361907005310059,0.048988766968250275,1.1399956941604614,0.9251170754432678,0.013705849647521973,-0.042521584779024124,-0.020098857581615448,0.036471810191869736,0.007462497800588608,15.0
2026-04-25T18:58:37.839662,250426_155911.015625,1,58.489341735839844,8.841134071350098,19.399999618530273,47.630001068115234,0.8799999952316284,10,137.0399932861328,1,250426_165835.015625,-7.954834938049316,13.450910568237305,0.0823604017496109,0.7140671610832214,0.9318434000015259,-0.010106565430760384,-0.07330954819917679,-0.03614974021911621,0.03433981537818909,0.006836095824837685,15.0
2026-04-25T18:58:40.815095,250426_155919.015625,1,58.490230560302734,8.841676712036133,17.600000381469727,46.31999969482422,0.8799999952316284,10,137.0399932861328,1,250426_165835.015625,-8.750032424926758,13.462566375732422,0.11307308077812195,0.5427827835083008,0.80204176902771,-0.026925936341285706,-0.08437694609165192,0.07029256969690323,0.027587033808231354,0.005979088135063648,15.0
2026-04-25T18:58:43.882209,250426_155920.000000,1,58.49032974243164,8.841753005981445,17.299999237060547,48.43000030517578,0.8799999952316284,10,137.0399932861328,1,250426_165835.015625,-9.729790687561035,13.175284385681152,0.10080423951148987,1.273727297782898,0.829259991645813,-0.03962453082203865,-0.07023735344409943,0.06048227474093437,0.028658563271164894,0.007082901429384947,19.0
2026-04-25T18:58:46.953271,250426_155928.000000,1,58.49129104614258,8.84238338470459,11.399999618530273,51.90999984741211,0.8799999952316284,10,137.0399932861328,1,250426_165835.015625,-10.037200927734375,12.858858108520508,0.055032748728990555,1.6887437105178833,0.820285439491272,-0.0034440774470567703,0.01840200647711754,0.05175043269991875,0.027682216838002205,0.007392951752990484,21.0
2026-04-25T18:58:50.025856,250426_155928.984375,1,58.49142074584961,8.842462539672852,10.899999618530273,51.90999984741211,0.8799999952316284,10,137.0399932861328,1,250426_165835.015625,-9.912818908691406,12.992074012756348,0.08616602420806885,2.188272714614868,1.0703399181365967,0.005157796666026115,0.04972781613469124,-0.07017923891544342,0.02979578822851181,0.008088842034339905,25.0
2026-04-25T18:58:52.994595,250426_155936.984375,1,58.492271423339844,8.843052864074707,8.199999809265137,44.959999084472656,0.8600000143051147,10,137.0399932861328,1,250426_165835.015625,-9.894120216369629,13.161125183105469,0.04139181226491928,1.9153519868850708,1.0734028816223145,-0.04011339321732521,0.009727814234793186,0.0030931103974580765,0.031341951340436935,0.006962008308619261,21.0
2026-04-25T18:58:56.067884,250426_155938.000000,1,58.49237823486328,8.843123435974121,8.5,45.29999923706055,0.8799999952316284,10,137.0399932861328,1,250426_165835.015625,-9.907546997070312,13.368896484375,0.027306757867336273,1.159119963645935,1.1012822389602661,0.021166693419218063,-0.0005120412679389119,-0.017244359478354454,0.03295425325632095,0.006018610205501318,23.0
2026-04-25T18:58:59.140817,250426_155946.000000,1,58.49327850341797,8.843770980834961,9.699999809265137,47.56999969482422,0.8799999952316284,10,137.0399932861328,1,250426_165835.015625,-10.02442741394043,13.303622245788574,0.05635615065693855,0.8369000554084778,1.0761951208114624,0.05113699287176132,0.023645073175430298,0.0013907160609960556,0.031131677329540253,0.0052720848470926285,21.0
2026-04-25T18:59:02.212142,250426_155955.015625,1,58.49414825439453,8.844926834106445,9.800000190734863,47.06999969482422,0.9200000166893005,9,137.0399932861328,1,250426_165835.015625,-9.803235054016113,12.617560386657715,0.07502481341362,0.9705827832221985,1.0920648574829102,0.042075760662555695,0.007829919457435608,0.06162017583847046,0.04056544601917267,0.006397289223968983,17.0
2026-04-25T18:59:05.180845,250426_160004.984375,1,58.49480056762695,8.846711158752441,11.5,42.02000045776367,0.8799999952316284,10,137.0399932861328,1,250426_165835.015625,-9.978075981140137,12.917654037475586,0.09190227091312408,2.772660255432129,1.2389487028121948,-0.09066393226385117,-0.007580617442727089,-0.012985087931156158,0.04214898869395256,0.007037167437374592,17.0
2026-04-25T18:59:08.191787,250426_160012.984375,1,58.49518966674805,8.847880363464355,11.899999618530273,41.13999938964844,0.8199999928474426,11,137.0399932861328,1,250426_165835.015625,-9.419441223144531,13.049281120300293,0.08495508879423141,2.167027235031128,1.3584038019180298,0.004409685730934143,0.010967168025672436,-0.0841287299990654,0.041656240820884705,0.008195779286324978,17.0
2026-04-25T18:59:11.324724,250426_160014.000000,1,58.4952507019043,8.848038673400879,11.899999618530273,41.13999938964844,0.8100000023841858,11,137.0399932861328,1,250426_165835.015625,-9.434676170349121,12.8286714553833,0.06572400033473969,0.8818812966346741,1.3409656286239624,0.054705433547496796,0.003990388475358486,-0.03620823845267296,0.04224312677979469,0.008545459248125553,17.0
2026-04-25T18:59:14.294762,250426_160022.000000,1,58.49580001831055,8.849516868591309,12.0,50.939998626708984,0.8100000023841858,11,137.0399932861328,1,250426_165835.015625,-9.092894554138184,13.109404563903809,0.04974640905857086,1.253943681716919,1.3355927467346191,0.013975824229419231,0.04599391296505928,0.012803973630070686,0.043050769716501236,0.009424629621207714,15.0
2026-04-25T18:59:17.366945,250426_160030.000000,1,58.49641036987305,8.851122856140137,17.100000381469727,52.310001373291016,0.8100000023841858,11,137.0399932861328,1,250426_165906.000000,-8.69677734375,12.517049789428711,0.16011697053909302,2.1199886798858643,1.2591297626495361,0.13155406713485718,-0.0445055291056633,-0.07968833297491074,0.042050305753946304,0.009642497636377811,15.0
2026-04-25T18:59:20.440112,250426_160039.015625,1,58.4971809387207,8.852381706237793,21.5,39.9900016784668,0.8700000047683716,10,137.0399932861328,1,250426_165906.000000,-8.389455795288086,12.718974113464355,0.0966172069311142,3.544675350189209,1.2678624391555786,0.09487318247556686,0.01753811165690422,-0.00513589009642601,0.0399555042386055,0.009891632944345474,17.0
2026-04-25T18:59:23.510443,250426_160040.000000,1,58.49728012084961,8.852404594421387,22.100000381469727,42.0,0.8799999952316284,10,137.0399932861328,1,250426_165906.000000,-8.023528099060059,12.813258171081543,0.06019921228289604,1.1712080240249634,1.152432918548584,-0.02809094451367855,0.051746342331171036,0.01253634411841631,0.04068228229880333,0.009617763571441174,15.0
2026-04-25T18:59:26.459452,250426_160048.000000,1,58.498191833496094,8.852078437805176,25.100000381469727,46.20000076293945,0.8199999928474426,11,137.0399932861328,1,250426_165906.000000,-7.846536159515381,12.715468406677246,0.07453714311122894,1.7252663373947144,1.1373467445373535,-0.02272431179881096,0.01764366775751114,0.06876111775636673,0.0408845879137516,0.0077820830047130585,17.0
2026-04-25T18:59:29.552812,250426_160048.984375,1,58.49831008911133,8.852036476135254,25.5,46.599998474121094,0.8199999928474426,11,137.0399932861328,1,250426_165906.000000,-7.903279781341553,12.49915599822998,0.08951697498559952,3.370792865753174,0.9812801480293274,0.08793801814317703,-0.016665508970618248,0.001566210761666298,0.03597300872206688,0.006523527670651674,17.0
2026-04-25T18:59:32.625877,250426_160056.984375,1,58.499290466308594,8.852086067199707,30.200000762939453,46.599998474121094,0.8100000023841858,11,137.0399932861328,1,250426_165920.984375,-7.63362455368042,12.493525505065918,0.008611919358372688,1.2624433040618896,1.0629878044128418,-0.004197613801807165,0.0031155517790466547,-0.006843867711722851,0.03325273096561432,0.005629068240523338,15.0
2026-04-25T18:59:35.695847,250426_160058.000000,1,58.49940872192383,8.852190017700195,30.799999237060547,52.369998931884766,0.8100000023841858,11,137.0399932861328,1,250426_165920.984375,-7.83415412902832,12.305768013000488,0.06731909513473511,2.5154755115509033,0.9980562925338745,0.005137305706739426,-0.02278805896639824,-0.06313614547252655,0.03008520044386387,0.005039630923420191,15.0
2026-04-25T18:59:38.642387,250426_160115.015625,1,58.5015983581543,8.852829933166504,34.79999923706055,52.619998931884766,0.8100000023841858,11,137.0399932861328,1,250426_165935.015625,-8.51510238647461,12.33302116394043,0.10511276125907898,3.9484128952026367,1.1181626319885254,0.010343870148062706,-0.01373821496963501,0.10369648039340973,0.03841158375144005,0.007406631484627724,17.0
2026-04-25T18:59:41.687283,250426_160132.984375,1,58.503700256347656,8.853639602661133,26.700000762939453,44.27000045776367,0.8199999928474426,11,137.0399932861328,1,250426_165935.015625,-8.722295761108398,11.935537338256836,0.08033184707164764,0.723218560218811,1.1240565776824951,0.05399142950773239,-0.054737456142902374,-0.02327965945005417,0.03659923002123833,0.007608947344124317,19.0
2026-04-25T18:59:44.809075,250426_160140.984375,1,58.50389099121094,8.855385780334473,16.0,49.349998474121094,0.8199999928474426,11,137.0399932861328,1,250426_165935.015625,-8.821420669555664,11.778035163879395,0.14366579055786133,2.939445734024048,1.2075573205947876,0.07751093059778214,0.02620323747396469,-0.11809024959802628,0.036329206079244614,0.008205086924135685,21.0
2026-04-25T18:59:47.881316,250426_160200.000000,1,58.50484848022461,8.858868598937988,1.5,52.83000183105469,0.9900000095367432,10,137.0399932861328,1,250426_165935.015625,-8.943011283874512,11.73644733428955,0.05411157011985779,0.9513750076293945,1.12228262424469,-0.012966819107532501,-0.043806109577417374,0.028999105095863342,0.03775961697101593,0.00785299576818943,25.0
2026-04-25T18:59:50.841439,250426_160208.984375,1,58.50571823120117,8.859933853149414,-2.5999999046325684,33.25,0.9900000095367432,10,137.0399932861328,1,250426_165935.015625,-8.98534107208252,12.032736778259277,0.10807645320892334,0.79735267162323,1.098753809928894,-0.011031932197511196,-0.043374303728342056,-0.09837422519922256,0.03924966976046562,0.007768493145704269,25.0
2026-04-25T18:59:53.923114,250426_160218.000000,1,58.50603103637695,8.861448287963867,-1.7000000476837158,36.630001068115234,0.8299999833106995,11,137.0399932861328,1,250426_165936.000000,-8.998991966247559,11.57092571258545,0.11635560542345047,3.734226942062378,1.140093207359314,-0.07033070921897888,0.004511592444032431,0.09258436411619186,0.0373191274702549,0.007181063294410706,26.0
2026-04-25T18:59:56.996326,250426_160227.015625,1,58.50579071044922,8.862234115600586,2.4000000953674316,14.119999885559082,0.8100000023841858,11,137.0399932861328,1,250426_165936.000000,-8.993996620178223,11.421052932739258,0.06465671211481094,1.2221324443817139,1.436383843421936,0.04454305022954941,-0.04398264363408089,0.01618439331650734,0.04165666922926903,0.008500887081027031,24.0
2026-04-25T18:59:59.958339,250426_160235.015625,1,58.50503921508789,8.861664772033691,4.099999904632568,39.72999954223633,0.8299999833106995,11,137.0399932861328,1,250426_165950.000000,-9.126372337341309,11.975617408752441,0.09119933843612671,1.1737375259399414,1.4081519842147827,-0.03505409508943558,-0.0400870218873024,-0.07403755933046341,0.03790075331926346,0.007940626703202724,26.0
2026-04-25T19:00:03.001280,250426_160236.000000,1,58.504940032958984,8.86169147491455,4.199999809265137,41.650001525878906,0.8100000023841858,11,137.0399932861328,1,250426_165950.000000,-9.03652286529541,12.089170455932617,0.08556318283081055,1.3009285926818848,1.4275850057601929,-0.017863066866993904,0.023216750472784042,0.08039247989654541,0.037094004452228546,0.008383640088140965,24.0
2026-04-25T19:00:06.110573,250426_160244.000000,1,58.504249572753906,8.86246109008789,3.4000000953674316,40.0099983215332,0.9700000882148743,9,137.0399932861328,1,250426_165950.000000,-9.150899887084961,11.998648643493652,0.12404191493988037,3.17240571975708,1.529675006866455,0.099347323179245,-0.0154681745916605,-0.07264465093612671,0.03928409889340401,0.00895936880260706,24.0
2026-04-25T19:00:09.181972,250426_160244.984375,1,58.50419998168945,8.86262321472168,3.200000047683716,40.04999923706055,1.0399999618530273,8,137.0399932861328,1,250426_165950.000000,-8.999124526977539,12.49587345123291,0.03541119769215584,2.9709768295288086,1.5147126913070679,0.018482957035303116,0.012538265436887741,-0.027479536831378937,0.037552546709775925,0.00883122906088829,23.0
2026-04-25T19:00:12.252414,250426_160252.984375,1,58.50373077392578,8.863943099975586,-0.699999988079071,40.04999923706055,0.9700000882148743,9,137.0399932861328,1,250426_165950.000000,-8.485997200012207,12.680455207824707,0.14216862618923187,2.826533794403076,1.2302724123001099,-0.12008704990148544,0.00031961360946297646,0.07609806209802628,0.03612344712018967,0.008319932967424393,21.0
2026-04-25T19:00:15.223600,250426_160254.000000,1,58.503658294677734,8.864053726196289,-1.0,38.36000061035156,0.9700000882148743,9,137.0399932861328,1,250426_170004.984375,-8.854259490966797,12.84740924835205,0.05877458304166794,2.8929991722106934,1.2464237213134766,0.009926803410053253,0.02668987400829792,-0.051415570080280304,0.03639984130859375,0.008072800934314728,19.0
2026-04-25T19:00:18.295246,250426_160302.000000,1,58.50276184082031,8.863823890686035,-1.2999999523162842,49.130001068115234,0.8299999833106995,11,137.0399932861328,1,250426_170004.984375,-9.066181182861328,13.035402297973633,0.0947161465883255,1.8451684713363647,1.2352824211120605,0.016512669622898102,-0.09309770166873932,-0.005594613030552864,0.03615150228142738,0.008069072850048542,19.0
2026-04-25T19:00:21.272891,250426_160303.015625,1,58.50263977050781,8.863763809204102,-0.8999999761581421,49.83000183105469,0.8299999833106995,11,137.0399932861328,1,250426_170004.984375,-8.912426948547363,13.036380767822266,0.07157251238822937,1.5647861957550049,1.1715322732925415,0.05946704372763634,0.00498457346111536,0.0395151749253273,0.03091820701956749,0.0073218257166445255,19.0
2026-04-25T19:00:24.336844,250426_160311.015625,1,58.5017204284668,8.863544464111328,0.6000000238418579,42.84000015258789,0.8299999833106995,11,137.0399932861328,1,250426_170004.984375,-8.452730178833008,12.497418403625488,0.04116383567452431,2.2064905166625977,1.2151517868041992,0.010469673201441765,0.028689241036772728,-0.02760026976466179,0.03198041394352913,0.007220051251351833,20.0
2026-04-25T19:00:27.406989,250426_160319.015625,1,58.50099182128906,8.863645553588867,1.899999976158142,33.400001525878906,0.8299999833106995,11,137.0399932861328,1,250426_170020.000000,-8.262091636657715,12.601534843444824,0.11233839392662048,1.4588377475738525,1.3995457887649536,0.07578027993440628,-0.031242240220308304,-0.07681918889284134,0.03659679368138313,0.00825776718556881,16.0
2026-04-25T19:00:30.481193,250426_160320.000000,1,58.500911712646484,8.86368179321289,2.5999999046325684,34.34000015258789,0.8299999833106995,11,137.0399932861328,1,250426_170020.000000,-7.443988800048828,12.578431129455566,0.16528499126434326,1.5881699323654175,1.387250542640686,0.043177634477615356,0.15953144431114197,-0.0021302346140146255,0.0406147800385952,0.009653802961111069,20.0
2026-04-25T19:00:33.553398,250426_160328.000000,1,58.500240325927734,8.863987922668457,4.699999809265137,37.189998626708984,0.8199999928474426,11,137.0399932861328,1,250426_170020.000000,-7.185531139373779,12.688085556030273,0.059912391006946564,1.0175024271011353,1.4366233348846436,-0.05487571656703949,0.010748633183538914,-0.02150852046906948,0.041803400963544846,0.00954288151115179,24.0
2026-04-25T19:00:36.520576,250426_160336.984375,1,58.49974822998047,8.864581108093262,8.699999809265137,23.56999969482422,0.8199999928474426,11,137.0399932861328,1,250426_170020.000000,-7.123001575469971,12.690136909484863,0.15896762907505035,2.879333972930908,2.161917209625244,-0.03950556367635727,-0.15131641924381256,-0.02851935848593712,0.058889687061309814,0.013470727950334549,27.0
2026-04-25T19:00:39.592938,250426_160338.000000,1,58.49977111816406,8.86469841003418,8.399999618530273,22.0,0.8299999833106995,11,137.0399932861328,1,250426_170020.000000,-7.5989155769348145,12.530712127685547,0.10740271210670471,2.8119401931762695,2.1488442420959473,-0.046319618821144104,-0.09297259151935577,-0.02731177769601345,0.059119101613759995,0.013873114250600338,31.0
2026-04-25T19:00:42.588708,250426_160346.000000,1,58.49977111816406,8.86594009399414,7.400000095367432,40.279998779296875,0.8899999856948853,10,137.0399932861328,1,250426_170020.984375,-7.716216087341309,11.937971115112305,0.09880473464727402,2.930992364883423,2.1221446990966797,0.07543818652629852,-0.030338549986481667,-0.05613400787115097,0.058590635657310486,0.011697759851813316,31.0
2026-04-25T19:00:45.634399,250426_160347.015625,1,58.49977111816406,8.866131782531738,7.5,40.91999816894531,0.8899999856948853,10,137.0399932861328,1,250426_170020.984375,-7.848338603973389,11.967595100402832,0.08300386369228363,2.1635987758636475,2.126460313796997,0.0286206416785717,-0.05238023027777672,-0.05767852067947388,0.0592641718685627,0.01153391320258379,31.0
2026-04-25T19:00:48.708458,250426_160355.015625,1,58.499610900878906,8.867804527282715,5.699999809265137,41.81999969482422,1.2300000190734863,9,137.0399932861328,1,250426_170020.984375,-8.185358047485352,12.22675609588623,0.11849511414766312,0.9065510034561157,2.1253671646118164,-0.002798272529616952,-0.11542949080467224,0.02663257345557213,0.0562814362347126,0.012571423314511776,27.0
2026-04-25T19:00:51.777598,250426_160356.000000,1,58.49958038330078,8.868005752563477,5.099999904632568,41.90999984741211,1.2300000190734863,9,137.0399932861328,1,250426_170020.984375,-8.62619400024414,11.940065383911133,0.010408567264676094,1.4694302082061768,1.5570608377456665,0.01030077412724495,-0.0012189953122287989,-0.0008639221778139472,0.042394619435071945,0.009299399331212044,24.0
2026-04-25T19:00:54.772288,250426_160404.000000,1,58.499210357666016,8.869373321533203,3.799999952316284,40.529998779296875,1.2300000190734863,9,137.0399932861328,1,250426_170020.984375,-8.756808280944824,11.833858489990234,0.04870704561471939,1.7369755506515503,1.6372768878936768,0.0264123622328043,-0.03171052038669586,-0.025869015604257584,0.047488052397966385,0.010098316706717014,26.0
2026-04-25T19:00:57.923701,250426_160404.984375,1,58.499149322509766,8.869527816772461,3.4000000953674316,38.869998931884766,1.2300000190734863,9,137.0399932861328,1,250426_170020.984375,-9.148381233215332,11.985708236694336,0.08572474122047424,1.5346890687942505,1.6223430633544922,-0.049710121005773544,-0.03505787253379822,0.0604034848511219,0.04329448938369751,0.010611346922814846,24.0
2026-04-25T19:01:00.894484,250426_160412.984375,1,58.49890899658203,8.870630264282227,3.5,26.600000381469727,0.8799999952316284,10,137.0399932861328,1,250426_170020.984375,-9.36658000946045,12.042498588562012,0.10017871111631393,1.3893953561782837,1.6481513977050781,0.04337279871106148,-0.03971221297979355,-0.08110188692808151,0.04393631964921951,0.010519125498831272,24.0
2026-04-25T19:01:03.963887,250426_160414.000000,1,58.4988899230957,8.870757102966309,3.4000000953674316,26.719999313354492,0.8799999952316284,10,137.0399932861328,1,250426_170050.000000,-9.660937309265137,12.094337463378906,0.11113596707582474,2.1188669204711914,1.5431731939315796,-0.06850997358560562,-0.04425225034356117,0.07549385726451874,0.046977605670690536,0.010058237239718437,26.0
2026-04-25T19:01:07.035853,250426_160422.000000,1,58.4987907409668,8.871871948242188,3.0999999046325684,29.770000457763672,0.8700000047683716,10,137.0399932861328,1,250426_170050.000000,-9.78774642944336,11.829010963439941,0.04372059553861618,1.9360038042068481,1.1891531944274902,0.0068289716728031635,-0.02904372476041317,0.03195805847644806,0.04064252972602844,0.008037293329834938,26.0
2026-04-25T19:01:10.108826,250426_160440.984375,1,58.49837875366211,8.874591827392578,-2.700000047683716,31.719999313354492,0.9300000071525574,10,137.0399932861328,1,250426_170050.000000,-9.31723403930664,12.176299095153809,0.040639396756887436,2.9654970169067383,1.2354354858398438,-0.014090307056903839,0.03159124776721001,0.021331118419766426,0.0411946102976799,0.008970099501311779,24.0
2026-04-25T19:01:13.039633,250426_160448.984375,1,58.49837112426758,8.87578010559082,-3.4000000953674316,38.75,0.8299999833106995,11,137.0399932861328,1,250426_170050.000000,-7.541885852813721,11.418364524841309,0.14473196864128113,1.2025538682937622,1.1805064678192139,0.05548759177327156,0.11263908445835114,0.07197850942611694,0.05081895366311073,0.011239145882427692,30.0
2026-04-25T19:01:16.149514,250426_160456.984375,1,58.49872970581055,8.876994132995605,-1.5,26.1200008392334,0.8299999833106995,11,137.0399932861328,1,250426_170104.984375,-6.551114559173584,11.45274543762207,0.17043669521808624,2.2881228923797607,1.0798277854919434,-0.1091320812702179,0.11336538940668106,0.06547629088163376,0.048534318804740906,0.01180194690823555,24.0
2026-04-25T19:01:19.220877,250426_160458.000000,1,58.498741149902344,8.877120018005371,-1.399999976158142,26.780000686645508,0.8299999833106995,11,137.0399932861328,1,250426_170104.984375,-5.831366539001465,11.757017135620117,0.0258006751537323,3.662471055984497,1.0570522546768188,0.011694666929543018,0.010108400136232376,-0.020657438784837723,0.046501729637384415,0.012316974811255932,22.0
2026-04-25T19:01:22.293798,250426_160506.000000,1,58.49909973144531,8.87739372253418,-1.7000000476837158,22.8799991607666,0.9300000071525574,10,137.0399932861328,1,250426_170104.984375,-6.108700752258301,11.801813125610352,0.06764239817857742,1.5636790990829468,1.0463476181030273,0.017690325155854225,-0.029944073408842087,-0.05801636353135109,0.047646306455135345,0.012826506048440933,20.0
2026-04-25T19:01:25.224352,250426_160507.015625,1,58.499149322509766,8.877172470092773,-1.399999976158142,32.220001220703125,0.9300000071525574,10,137.0399932861328,1,250426_170104.984375,-7.456814289093018,11.550610542297363,0.08173845708370209,1.755543828010559,0.9668808579444885,-0.05278773233294487,-0.06036461889743805,-0.015834901481866837,0.04528467357158661,0.012349444441497326,18.0
2026-04-25T19:01:28.334489,250426_160516.000000,1,58.49980163574219,8.87539005279541,-2.0,57.2400016784668,0.9300000071525574,10,137.0399932861328,1,250426_170104.984375,-7.863225936889648,12.010783195495605,0.09961385279893875,1.707344889640808,0.9608670473098755,-0.07998340576887131,-0.05725289508700371,-0.015737872570753098,0.03778068348765373,0.011378716677427292,18.0
2026-04-25T19:01:31.409302,250426_160524.000000,1,58.50054931640625,8.874014854431152,-2.799999952316284,45.22999954223633,0.9300000071525574,10,137.0399932861328,1,250426_170120.000000,-8.219878196716309,12.05911636352539,0.07999134808778763,1.1133437156677246,0.9690147638320923,0.04622391611337662,-0.023986538872122765,-0.06071746349334717,0.03893491253256798,0.00814252533018589,20.0
2026-04-25T19:01:34.376681,250426_160524.984375,1,58.500648498535156,8.873921394348145,-3.0,43.61000061035156,0.9300000071525574,10,137.0399932861328,1,250426_170120.000000,-8.548857688903809,12.159528732299805,0.09536819905042648,1.6890227794647217,0.969316303730011,-0.08592827618122101,-0.04100804030895233,-0.008736282587051392,0.03606634587049484,0.0072891865856945515,22.0
2026-04-25T19:01:37.448689,250426_160532.984375,1,58.501190185546875,8.87370777130127,-1.7999999523162842,14.34000015258789,0.8299999833106995,11,137.0399932861328,1,250426_170120.000000,-8.86876106262207,12.067182540893555,0.046323493123054504,2.0082638263702393,0.9839036464691162,0.0032466473057866096,0.00964561477303505,-0.045191675424575806,0.03319636732339859,0.00648124935105443,22.0
2026-04-25T19:01:40.522826,250426_160540.984375,1,58.50162887573242,8.873746871948242,1.399999976158142,34.279998779296875,0.8299999833106995,11,137.0399932861328,1,250426_170120.000000,-9.235504150390625,12.173917770385742,0.03983936458826065,1.4762133359909058,1.0085539817810059,0.030631141737103462,0.007227691356092691,-0.02442680299282074,0.03161565214395523,0.005635401234030724,24.0
2026-04-25T19:01:43.493378,250426_160550.000000,1,58.502750396728516,8.874518394470215,11.5,61.0,0.8199999928474426,11,137.0399932861328,1,250426_170135.015625,-9.429271697998047,11.989350318908691,0.043532148003578186,3.669682741165161,1.0018442869186401,-0.043502774089574814,-0.001106163952499628,0.0011546178720891476,0.030922312289476395,0.0053855967707931995,24.0
2026-04-25T19:01:46.536309,250426_160559.015625,1,58.50410079956055,8.874801635742188,18.100000381469727,61.779998779296875,0.8199999928474426,11,137.0399932861328,1,250426_170135.015625,-9.430737495422363,11.949090003967285,0.03459187597036362,1.578121542930603,0.9905849695205688,0.02213110402226448,0.012623045593500137,0.02339809015393257,0.029698992148041725,0.005507413763552904,22.0
2026-04-25T19:01:49.634468,250426_160608.000000,1,58.505409240722656,8.873978614807129,25.600000381469727,58.5,0.8199999928474426,11,137.0399932861328,1,250426_170135.015625,-9.322163581848145,11.682985305786133,0.05939193069934845,1.3811532258987427,0.8877114057540894,0.049385976046323776,0.03296787664294243,-0.001243116334080696,0.02820698544383049,0.005045714788138866,24.0
2026-04-25T19:01:52.707277,250426_160616.000000,1,58.5064811706543,8.873186111450195,26.399999618530273,56.349998474121094,0.8799999952316284,10,137.0399932861328,1,250426_170136.000000,-8.54033374786377,11.96459674835205,0.06757895648479462,1.7751303911209106,0.8638027310371399,-0.013459444046020508,0.06599396467208862,0.0055276984348893166,0.02798132412135601,0.005141023546457291,24.0
2026-04-25T19:01:55.777429,250426_160616.984375,1,58.50659942626953,8.873065948486328,26.600000381469727,57.349998474121094,0.8700000047683716,10,137.0399932861328,1,250426_170136.000000,-8.062507629394531,10.90272045135498,0.11405108869075775,3.7457334995269775,1.2956678867340088,0.06626571714878082,0.05711955204606056,0.07317008823156357,0.05114971101284027,0.0095724668353796,22.0
2026-04-25T19:01:58.717226,250426_160626.000000,1,58.50749969482422,8.871227264404297,27.799999237060547,61.630001068115234,0.9399999976158142,9,137.0399932861328,1,250426_170150.000000,-8.668009757995605,10.984024047851562,0.08899937570095062,0.9686480164527893,1.2660496234893799,-0.08082891255617142,-0.03643105924129486,-0.007768716663122177,0.050636015832424164,0.011403408832848072,20.0
2026-04-25T19:02:01.762309,250426_160635.015625,1,58.507850646972656,8.868606567382812,32.099998474121094,62.38999938964844,0.8600000143051147,10,137.0399932861328,1,250426_170150.000000,-8.880363464355469,11.596658706665039,0.11066590249538422,2.5106210708618164,1.3031829595565796,-0.03429150953888893,-0.093183234333992,-0.04886635020375252,0.0488455593585968,0.012774080969393253,19.0
2026-04-25T19:02:04.892658,250426_160644.000000,1,58.50836181640625,8.867058753967285,33.599998474121094,32.02000045776367,0.8199999928474426,11,137.0399932861328,1,250426_170150.000000,-9.132081985473633,12.21151065826416,0.23545579612255096,2.2949509620666504,1.3404324054718018,-0.21942903101444244,-0.06245531141757965,0.05822093039751053,0.054024189710617065,0.015077315270900726,17.0
2026-04-25T19:02:07.964260,250426_160644.984375,1,58.50846862792969,8.867094993591309,33.70000076293945,36.27000045776367,0.8199999928474426,11,137.0399932861328,1,250426_170204.000000,-8.418074607849121,13.066445350646973,0.07607167959213257,1.321548581123352,1.386970043182373,-0.02037830650806427,0.07117071747779846,-0.01750297099351883,0.05058438330888748,0.016891533508896828,15.0
2026-04-25T19:02:10.931878,250426_160702.000000,1,58.51066970825195,8.866415023803711,31.600000381469727,27.280000686645508,1.8799999952316284,7,137.0399932861328,1,250426_170204.000000,-8.312795639038086,13.399333000183105,0.13191033899784088,2.1570074558258057,1.1004257202148438,-0.10349175333976746,0.030423827469348907,0.07592222839593887,0.048219747841358185,0.015600824728608131,17.0
2026-04-25T19:02:14.005166,250426_160703.015625,1,58.51068115234375,8.866304397583008,31.799999237060547,22.100000381469727,1.4299999475479126,8,137.0399932861328,1,250426_170204.000000,-8.251129150390625,13.654545783996582,0.13113154470920563,1.406009554862976,1.1417042016983032,-0.07597840577363968,0.013888205401599407,0.10597112774848938,0.04461192339658737,0.013202155940234661,21.0
2026-04-25T19:02:16.989222,250426_160711.015625,1,58.51007080078125,8.865571975708008,30.600000381469727,46.5099983215332,0.8700000047683716,10,137.0399932861328,1,250426_170204.000000,-8.62759780883789,13.514883995056152,0.08180129528045654,2.947131633758545,1.3655660152435303,-0.0668543353676796,-0.040724389255046844,0.023737624287605286,0.0443686917424202,0.011196780949831009,22.0
2026-04-25T19:02:20.152864,250426_160712.000000,1,58.50994110107422,8.865496635437012,30.399999618530273,49.29999923706055,0.8799999952316284,10,137.0399932861328,1,250426_170204.984375,-8.557397842407227,13.540928840637207,0.09139150381088257,3.58520770072937,1.48114013671875,-0.045544303953647614,0.03191046044230461,0.0725247859954834,0.037881702184677124,0.01051089633256197,24.0
2026-04-25T19:02:23.119581,250426_160720.984375,1,58.508750915527344,8.864706039428711,26.600000381469727,56.68000030517578,0.9700000882148743,9,137.0399932861328,1,250426_170204.984375,-8.663681030273438,13.789459228515625,0.05879361927509308,2.078062057495117,1.502701759338379,0.03751879185438156,-0.044695720076560974,0.007164004724472761,0.03680448234081268,0.010023007169365883,28.0
2026-04-25T19:02:26.180755,250426_160728.984375,1,58.507720947265625,8.863862991333008,27.299999237060547,55.11000061035156,1.0499999523162842,8,137.0399932861328,1,250426_170204.984375,-9.186410903930664,14.20833969116211,0.06501811742782593,1.166701078414917,1.5113469362258911,0.009743759408593178,-0.03157542645931244,0.05599469691514969,0.0372919887304306,0.010237480513751507,28.0
2026-04-25T19:02:29.261792,250426_160738.000000,1,58.50666046142578,8.862854957580566,26.799999237060547,51.119998931884766,0.949999988079071,9,137.0399932861328,1,250426_170223.015625,-9.42490291595459,14.656046867370605,0.09215395897626877,1.0379844903945923,1.5113486051559448,-0.0553438663482666,-0.035155534744262695,0.06475721299648285,0.041119255125522614,0.011326181702315807,30.0
2026-04-25T19:02:32.233416,250426_160739.015625,1,58.50653839111328,8.862763404846191,26.700000762939453,48.689998626708984,0.9599999189376831,9,137.0399932861328,1,250426_170223.015625,-9.335354804992676,14.60446548461914,0.030656052753329277,0.6206496953964233,1.5071321725845337,-0.00868447870016098,-0.028826501220464706,-0.005779796279966831,0.04310139641165733,0.010345951654016972,30.0
2026-04-25T19:02:35.304981,250426_160747.015625,1,58.5059814453125,8.862105369567871,26.0,25.260000228881836,0.8799999952316284,10,137.0399932861328,1,250426_170223.015625,-9.594371795654297,14.41384506225586,0.16647681593894958,2.9505934715270996,1.2909611463546753,0.13095150887966156,-0.1019757017493248,0.012930164113640785,0.04195621609687805,0.00981210544705391,30.0
2026-04-25T19:02:38.377626,250426_160756.000000,1,58.50598907470703,8.860456466674805,25.899999618530273,44.189998626708984,0.8399999737739563,11,137.0399932861328,1,250426_170224.000000,-9.665498733520508,14.111226081848145,0.0396273173391819,1.1092358827590942,1.047287940979004,0.02332368679344654,-0.018857913091778755,0.025898046791553497,0.0430121123790741,0.007951945997774601,26.0
2026-04-25T19:02:41.352343,250426_160804.000000,1,58.50524139404297,8.859207153320312,20.0,53.939998626708984,0.8399999737739563,11,210.57000732421875,1,250426_170224.000000,-9.392655372619629,14.103334426879883,0.07113379240036011,0.5434091091156006,1.0253080129623413,0.06748110055923462,0.007336930371820927,-0.0212717168033123,0.04500925913453102,0.007645046338438988,26.0
2026-04-25T19:02:44.417161,250426_160804.984375,1,58.50511932373047,8.859075546264648,19.700000762939453,52.91999816894531,0.8199999928474426,11,210.57000732421875,1,250426_170224.000000,-9.189399719238281,14.073052406311035,0.06893189996480942,0.6714453101158142,0.8664647936820984,0.002398008480668068,-0.011324363760650158,-0.06795303523540497,0.03422435373067856,0.005452981684356928,24.0
2026-04-25T19:02:47.491552,250426_160812.984375,1,58.50421905517578,8.858197212219238,19.299999237060547,49.040000915527344,0.8199999928474426,11,210.57000732421875,1,250426_170224.000000,-9.352282524108887,14.105868339538574,0.06360848248004913,2.873303174972534,0.905846118927002,0.06100874021649361,-0.009845906868577003,0.015067525207996368,0.03430387005209923,0.0050698500126600266,24.0
2026-04-25T19:02:50.561636,250426_160822.000000,1,58.50386047363281,8.856395721435547,17.600000381469727,50.41999816894531,0.8199999928474426,11,210.57000732421875,1,250426_170224.000000,-9.032051086425781,13.806496620178223,0.0707092210650444,1.4149199724197388,1.0640895366668701,0.008729536086320877,0.05472170189023018,-0.04392180219292641,0.03950914368033409,0.00639774464070797,21.0
2026-04-25T19:02:53.634671,250426_160831.015625,1,58.50389099121094,8.8543701171875,20.399999618530273,47.599998474121094,1.0499999523162842,9,210.57000732421875,1,250426_170224.000000,-9.030803680419922,13.87457275390625,0.03955050930380821,2.1337149143218994,1.1003921031951904,0.0019293981604278088,0.02218976989388466,0.03268232196569443,0.03593556582927704,0.006693822331726551,21.0
2026-04-25T19:02:56.604247,250426_160832.000000,1,58.50389099121094,8.854145050048828,21.200000762939453,46.11000061035156,0.8199999928474426,11,210.57000732421875,1,250426_170224.000000,-8.973121643066406,13.748948097229004,0.053305353969335556,2.5570874214172363,1.11991286277771,0.03687107563018799,-0.031014863401651382,-0.022804884240031242,0.03700758144259453,0.006602573208510876,23.0
2026-04-25T19:02:59.675460,250426_160840.000000,1,58.50325012207031,8.853203773498535,25.799999237060547,47.29999923706055,0.8199999928474426,11,210.57000732421875,1,250426_170224.000000,-9.233304023742676,13.986567497253418,0.12217830866575241,1.6420890092849731,1.164701223373413,-0.059831324964761734,-0.007880192250013351,0.10623396188020706,0.039038415998220444,0.007962947711348534,21.0
2026-04-25T19:03:02.747275,250426_160848.984375,1,58.50218963623047,8.85340404510498,30.5,46.5,0.8399999737739563,11,210.57000732421875,1,250426_170256.000000,-9.455541610717773,13.91372013092041,0.06756577640771866,1.9426522254943848,1.182661771774292,0.048319704830646515,-0.04722626507282257,0.0001423289068043232,0.036881837993860245,0.00833639595657587,19.0
2026-04-25T19:03:05.818696,250426_160850.000000,1,58.502079010009766,8.853315353393555,31.100000381469727,49.75,0.8700000047683716,10,210.57000732421875,1,250426_170256.000000,-8.995471954345703,13.853302001953125,0.1442403346300125,1.7223131656646729,1.159386157989502,0.06916885823011398,0.07075614482164383,-0.10495004802942276,0.03868510574102402,0.00869512278586626,19.0
2026-04-25T19:03:08.789830,250426_160856.984375,1,58.50127029418945,8.852639198303223,35.099998474121094,49.75,0.8999999761581421,10,210.57000732421875,1,250426_170256.000000,-9.142827033996582,13.683576583862305,0.2744259238243103,2.540940046310425,1.1009432077407837,0.045275185257196426,-0.09678151458501816,-0.2527708411216736,0.04442001134157181,0.009631975553929806,18.0
2026-04-25T19:03:11.860654,250426_160858.000000,1,58.501129150390625,8.852636337280273,35.70000076293945,53.709999084472656,0.8700000047683716,10,210.57000732421875,1,250426_170256.000000,-9.560616493225098,13.79358196258545,0.09819130599498749,2.016827344894409,1.0668978691101074,0.006477588787674904,-0.07031910866498947,-0.06822606176137924,0.04346850886940956,0.008492187596857548,20.0
2026-04-25T19:03:14.934065,250426_160859.015625,1,58.500999450683594,8.852675437927246,36.29999923706055,52.59000015258789,0.8799999952316284,10,210.57000732421875,1,250426_170256.984375,-9.660371780395508,13.545855522155762,0.05207528546452522,2.575554370880127,1.0327601432800293,0.022681351751089096,0.015510201454162598,0.044236015528440475,0.043465811759233475,0.008285378105938435,22.0
2026-04-25T19:03:18.007817,250426_160907.015625,1,58.49998092651367,8.852883338928223,39.5,49.02000045776367,0.8799999952316284,10,210.57000732421875,1,250426_170256.984375,-9.723471641540527,13.299623489379883,0.1637623906135559,0.7736511826515198,1.0137825012207031,0.16212168335914612,0.019327789545059204,-0.012693220749497414,0.04460124298930168,0.008449614979326725,24.0
2026-04-25T19:03:20.973985,250426_160908.000000,1,58.49987030029297,8.852801322937012,39.400001525878906,50.58000183105469,0.8799999952316284,10,210.57000732421875,1,250426_170256.984375,-9.147581100463867,13.366146087646484,0.038184456527233124,0.9237880110740662,0.9952238202095032,-0.0005744132213294506,0.03609629347920418,0.012441078200936317,0.044315338134765625,0.007858062162995338,26.0
2026-04-25T19:03:24.049904,250426_160916.000000,1,58.49898910522461,8.851913452148438,38.5,47.63999938964844,0.8399999737739563,11,210.57000732421875,1,250426_170311.015625,-8.87987995147705,12.958317756652832,0.045762259513139725,3.2274506092071533,1.0943667888641357,-0.020598154515028,-0.032831985503435135,0.024330250918865204,0.036875706166028976,0.006613278761506081,25.0
2026-04-25T19:03:27.118570,250426_160916.984375,1,58.498878479003906,8.851835250854492,38.599998474121094,47.63999938964844,0.8199999928474426,11,210.57000732421875,1,250426_170311.015625,-8.833819389343262,12.391866683959961,0.08786933869123459,0.628624439239502,1.2482205629348755,0.0756462812423706,-0.03698873519897461,0.02510964684188366,0.04240836575627327,0.008512302301824093,21.0
2026-04-25T19:03:30.087132,250426_160924.984375,1,58.49795150756836,8.851995468139648,34.900001525878906,45.279998779296875,0.8399999737739563,11,210.57000732421875,1,250426_170311.015625,-8.508058547973633,11.983386039733887,0.06604892760515213,1.913029432296753,1.2283236980438232,0.04203389212489128,0.04976433888077736,-0.010914400219917297,0.04343552887439728,0.008717539720237255,17.0
2026-04-25T19:03:33.118238,250426_160934.000000,1,58.4969482421875,8.852192878723145,32.099998474121094,37.11000061035156,0.8399999737739563,11,210.57000732421875,1,250426_170311.015625,-8.539012908935547,12.019139289855957,0.12972195446491241,1.821995735168457,1.3436449766159058,-0.1250917613506317,0.009821128100156784,-0.03291473910212517,0.04329964518547058,0.009159108623862267,15.0
2026-04-25T19:03:36.233235,250426_160935.015625,1,58.49686050415039,8.852167129516602,31.700000762939453,37.220001220703125,0.8199999928474426,11,210.57000732421875,1,250426_170326.000000,-8.687054634094238,11.503589630126953,0.1808595359325409,3.6129310131073,1.346400499343872,0.1648567020893097,-0.005121747497469187,-0.07420381903648376,0.044342342764139175,0.01000884734094143,16.0
2026-04-25T19:03:39.303405,250426_160943.015625,1,58.496150970458984,8.850763320922852,29.799999237060547,57.93000030517578,0.8700000047683716,10,210.57000732421875,1,250426_170326.000000,-8.734140396118164,11.44407844543457,0.031251441687345505,2.027837038040161,1.288602590560913,-0.024528104811906815,0.01797604188323021,0.007203236222267151,0.047471050173044205,0.009807324036955833,18.0
2026-04-25T19:03:42.273031,250426_160952.000000,1,58.49542999267578,8.84861946105957,25.100000381469727,57.22999954223633,0.9300000071525574,9,210.57000732421875,1,250426_170326.000000,-8.232312202453613,11.455405235290527,0.07574077695608139,4.610520839691162,1.4356800317764282,-0.056661006063222885,-0.012462668120861053,0.04869166016578674,0.04810987785458565,0.010232132859528065,22.0
2026-04-25T19:03:45.347678,250426_161000.984375,1,58.4948616027832,8.84682846069336,20.899999618530273,35.20000076293945,0.8899999856948853,9,210.57000732421875,1,250426_170326.000000,-8.032617568969727,11.036996841430664,0.11951252073049545,2.38045334815979,1.457810401916504,0.09921064227819443,0.06522195041179657,0.013659760355949402,0.05132734030485153,0.010938134044408798,26.0
2026-04-25T19:03:48.415548,250426_161002.000000,1,58.49481964111328,8.84666919708252,20.600000381469727,37.88999938964844,0.9200000166893005,9,210.57000732421875,1,250426_170326.000000,-8.007497787475586,11.261341094970703,0.05902501195669174,1.1538065671920776,1.428328514099121,-0.047426775097846985,0.0019370275549590588,0.03508419543504715,0.051447708159685135,0.01073750015348196,26.0
2026-04-25T19:03:51.387292,250426_161011.015625,1,58.49419021606445,8.844951629638672,18.100000381469727,50.02000045776367,0.8399999737739563,11,210.57000732421875,1,250426_170340.984375,-8.037550926208496,11.780324935913086,0.05332498624920845,1.0355043411254883,1.4262970685958862,-0.05114232003688812,0.006313915364444256,0.013716843910515308,0.04663138464093208,0.009318658150732517,22.0
2026-04-25T19:03:54.458288,250426_161019.015625,1,58.493431091308594,8.84371566772461,16.700000762939453,52.91999816894531,0.8199999928474426,11,210.57000732421875,1,250426_170340.984375,-7.795190334320068,12.175131797790527,0.17175142467021942,1.90373694896698,1.3532829284667969,-0.11419102549552917,0.09088265895843506,0.0905500203371048,0.045743510127067566,0.009099929593503475,22.0
2026-04-25T19:03:57.530659,250426_161028.000000,1,58.4923095703125,8.842883110046387,14.5,49.13999938964844,0.8199999928474426,11,210.57000732421875,1,250426_170355.015625,-7.75645637512207,12.306053161621094,0.039758969098329544,2.176621198654175,1.6785659790039062,-0.0351867601275444,0.007477686740458012,0.016933735460042953,0.06697922199964523,0.01347409375011921,20.0
2026-04-25T19:04:00.604277,250426_161036.984375,1,58.491241455078125,8.842193603515625,11.699999809265137,52.2599983215332,0.8199999928474426,11,210.57000732421875,1,250426_170355.015625,-7.331393241882324,12.44404125213623,0.026731031015515327,1.6851967573165894,1.7323955297470093,-0.009539082646369934,0.023364249616861343,0.008812814019620419,0.0690421387553215,0.014911767095327377,20.0
2026-04-25T19:04:03.675243,250426_161044.984375,1,58.490360260009766,8.841601371765137,12.300000190734863,41.439998626708984,0.8199999928474426,11,210.57000732421875,1,250426_170355.015625,-6.620538234710693,12.976967811584473,0.12600454688072205,0.6952396631240845,1.7046518325805664,-0.09008197486400604,0.07739762961864471,0.04209500551223755,0.06892642378807068,0.014609144069254398,14.0
2026-04-25T19:04:06.614269,250426_161046.000000,1,58.49026870727539,8.841527938842773,12.600000381469727,42.5099983215332,0.8500000238418579,11,210.57000732421875,1,250426_170355.015625,-5.8106279373168945,13.513843536376953,0.04822375997900963,1.2377560138702393,1.707303524017334,-0.012316437438130379,0.04289321228861809,0.018275901675224304,0.06769569963216782,0.01600947231054306,19.0
2026-04-25T19:04:09.717156,250426_161103.015625,1,58.488590240478516,8.839676856994629,13.199999809265137,52.7400016784668,0.8500000238418579,11,210.57000732421875,1,250426_170355.015625,-5.35418701171875,13.40529727935791,0.08223335444927216,1.6098451614379883,1.2288740873336792,0.040324531495571136,0.027506057173013687,0.06617909669876099,0.0403471402823925,0.009350722655653954,21.0
2026-04-25T19:04:12.788266,250426_161104.000000,1,58.48854064941406,8.839421272277832,13.0,54.9900016784668,0.8500000238418579,11,210.57000732421875,1,250426_170356.000000,-5.682309627532959,12.716561317443848,0.10890880227088928,1.9652682542800903,0.9880245327949524,0.033942654728889465,-0.045192476361989975,0.09309491515159607,0.03696092218160629,0.008988654240965843,19.0
2026-04-25T19:04:15.862113,250426_161112.000000,1,58.48781967163086,8.838165283203125,17.200000762939453,54.9900016784668,0.8500000238418579,11,210.57000732421875,1,250426_170356.000000,-5.9484028816223145,12.32749080657959,0.05273032560944557,1.0503993034362793,1.0279215574264526,0.0027794470079243183,-0.04715675115585327,-0.023430801928043365,0.03588128089904785,0.009716734290122986,19.0
2026-04-25T19:04:18.831103,250426_161112.984375,1,58.487709045410156,8.838106155395508,17.600000381469727,46.68000030517578,0.8199999928474426,11,210.57000732421875,1,250426_170356.000000,-6.288588047027588,12.602167129516602,0.07155945897102356,1.806335210800171,1.0229161977767944,-0.06241725757718086,-0.032125625759363174,0.013884755782783031,0.035368651151657104,0.008391582407057285,21.0
2026-04-25T19:04:21.900671,250426_161120.984375,1,58.48674011230469,8.838056564331055,19.799999237060547,43.5,0.8199999928474426,11,210.57000732421875,1,250426_170410.000000,-4.90602970123291,12.904555320739746,0.11723365634679794,0.5210697650909424,0.9867708683013916,-0.016467567533254623,0.11587968468666077,0.006666783709079027,0.03942253813147545,0.009857532568275928,17.0
2026-04-25T19:04:24.887335,250426_161130.000000,1,58.48606872558594,8.836801528930664,19.200000762939453,43.56999969482422,0.8199999928474426,11,210.57000732421875,1,250426_170410.000000,-5.267897605895996,10.93423843383789,0.14393681287765503,1.2416205406188965,0.8098697066307068,-0.019231334328651428,-0.13516472280025482,-0.0455901175737381,0.07657686620950699,0.022333018481731415,15.0
2026-04-25T19:04:28.044653,250426_161138.000000,1,58.4852409362793,8.836124420166016,20.899999618530273,46.97999954223633,0.8500000238418579,11,210.57000732421875,1,250426_170410.000000,-6.1353678703308105,11.385790824890137,0.11453618854284286,0.9047244191169739,0.8218297362327576,-0.03233103081583977,-0.10447026044130325,-0.03404718264937401,0.07659269869327545,0.02280566282570362,15.0
2026-04-25T19:04:31.015316,250426_161139.015625,1,58.4851188659668,8.836111068725586,21.200000762939453,47.540000915527344,0.8500000238418579,11,210.57000732421875,1,250426_170410.000000,-6.319765567779541,12.778050422668457,0.11299068480730057,0.5044623017311096,0.7242044806480408,-0.10260026156902313,-0.002309414790943265,0.04727313295006752,0.074287548661232,0.02339571714401245,15.0
2026-04-25T19:04:34.087552,250426_161148.000000,1,58.48453140258789,8.834614753723145,19.100000381469727,47.810001373291016,0.8500000238418579,11,210.57000732421875,1,250426_170424.984375,-6.2159810066223145,13.689528465270996,0.2731158137321472,3.6774702072143555,0.8608708381652832,-0.27238157391548157,-0.015582830645143986,0.012558627873659134,0.07676837593317032,0.026620253920555115,10.0
2026-04-25T19:04:37.160138,250426_161204.984375,1,58.48358917236328,8.831437110900879,10.399999618530273,58.06999969482422,0.8199999928474426,11,210.57000732421875,1,250426_170424.984375,-7.026103496551514,14.552997589111328,0.18714642524719238,1.1627875566482544,0.9526886343955994,0.1399146467447281,-0.12223012745380402,-0.022527139633893967,0.07912096381187439,0.028501754626631737,14.0
2026-04-25T19:04:40.128461,250426_161206.000000,1,58.48345947265625,8.831361770629883,9.699999809265137,56.22999954223633,0.8199999928474426,11,210.57000732421875,1,250426_170424.984375,-8.73263931274414,12.99140453338623,0.19525063037872314,0.8806575536727905,0.9340130090713501,0.09454454481601715,-0.16944749653339386,-0.021718153730034828,0.08177288621664047,0.030856147408485413,12.0
2026-04-25T19:04:43.155022,250426_161214.000000,1,58.4824104309082,8.830617904663086,8.199999809265137,57.9900016784668,0.8199999928474426,11,210.57000732421875,1,250426_170424.984375,-9.822930335998535,12.030324935913086,0.054364170879125595,1.3271898031234741,0.9021781086921692,0.0027164919301867485,0.0426144003868103,-0.03364665061235428,0.08668027818202972,0.03190918639302254,14.0
2026-04-25T19:04:46.273010,250426_161215.015625,1,58.482269287109375,8.830526351928711,9.0,59.95000076293945,0.8500000238418579,11,210.57000732421875,1,250426_170424.984375,-9.457046508789062,12.072491645812988,0.06833407282829285,1.9573287963867188,0.9154000878334045,0.026711024343967438,0.024749908596277237,-0.05782307684421539,0.09262198209762573,0.030781827867031097,18.0
2026-04-25T19:04:49.344730,250426_161223.015625,1,58.48112106323242,8.829866409301758,11.5,59.619998931884766,0.9599999189376831,9,210.57000732421875,1,250426_170426.000000,-7.495347499847412,10.695274353027344,0.20767395198345184,0.3381885886192322,0.5805466771125793,0.18926876783370972,0.08240678906440735,-0.022692037746310234,0.0753350704908371,0.027112040668725967,18.0
2026-04-25T19:04:52.313737,250426_161224.000000,1,58.480979919433594,8.829788208007812,11.600000381469727,58.38999938964844,0.9599999189376831,9,210.57000732421875,1,250426_170426.000000,-7.422869682312012,10.690860748291016,0.1899217963218689,1.5071372985839844,0.8166004419326782,-0.18898887932300568,0.012341424822807312,0.014184040948748589,0.06649890542030334,0.020877452567219734,18.0
2026-04-25T19:04:55.339891,250426_161232.984375,1,58.4799690246582,8.828289031982422,12.899999618530273,62.029998779296875,0.9900000095367432,10,210.57000732421875,1,250426_170426.000000,-7.867702960968018,13.290757179260254,0.15543927252292633,0.7359973192214966,0.8230128288269043,0.08825062215328217,-0.12792180478572845,-0.0030340286903083324,0.09904692322015762,0.03128664568066597,18.0
2026-04-25T19:04:58.458581,250426_161240.984375,1,58.47916030883789,8.826803207397461,13.699999809265137,52.38999938964844,0.8500000238418579,11,210.57000732421875,1,250426_170426.000000,-10.177070617675781,11.217439651489258,0.23887087404727936,0.8893172144889832,0.8264347910881042,0.1720837503671646,-0.16206201910972595,-0.03438565880060196,0.086252860724926,0.042707785964012146,16.0
2026-04-25T19:05:01.533367,250426_161242.000000,1,58.47908020019531,8.826620101928711,13.699999809265137,51.369998931884766,0.8199999928474426,11,210.57000732421875,1,250426_170426.000000,-10.796975135803223,11.687704086303711,0.09067544341087341,0.8523618578910828,0.8260130882263184,-0.07803066074848175,0.0031124455854296684,-0.04608215019106865,0.0797673687338829,0.04395873844623566,16.0
2026-04-25T19:05:04.500405,250426_161250.000000,1,58.478519439697266,8.82508659362793,14.5,46.290000915527344,0.9900000095367432,10,210.57000732421875,1,250426_170426.000000,-9.36490249633789,11.845345497131348,0.15213145315647125,1.1834396123886108,0.6678560972213745,0.05527973547577858,0.09996799379587173,-0.10047155618667603,0.08849974721670151,0.038668226450681686,15.0
2026-04-25T19:05:07.570655,250426_161251.015625,1,58.47848129272461,8.824906349182129,14.800000190734863,42.06999969482422,0.9900000095367432,10,210.57000732421875,1,250426_170455.015625,-9.06745719909668,12.029251098632812,0.12205704301595688,2.4266631603240967,0.7403791546821594,-0.08803143352270126,0.06355774402618408,0.05575663596391678,0.06233108416199684,0.023522822186350822,17.0
2026-04-25T19:05:10.645612,250426_161259.015625,1,58.478111267089844,8.82342529296875,17.200000762939453,42.06999969482422,0.8500000238418579,11,210.57000732421875,1,250426_170455.015625,-8.645478248596191,11.204288482666016,0.10703102499246597,0.906622052192688,0.8059094548225403,0.07237260043621063,0.07676979154348373,-0.01800685189664364,0.05821435898542404,0.01945437490940094,15.0
2026-04-25T19:05:13.716102,250426_161300.000000,1,58.47808074951172,8.823193550109863,17.799999237060547,47.02000045776367,0.8199999928474426,11,210.57000732421875,1,250426_170455.015625,-8.482684135437012,10.638420104980469,0.07241015881299973,1.7730393409729004,0.7891400456428528,0.009492086246609688,0.06741030514240265,0.024677559733390808,0.03201041370630264,0.00965888798236847,15.0
2026-04-25T19:05:16.685938,250426_161308.984375,1,58.47808074951172,8.823193550109863,17.799999237060547,58.47999954223633,0.8199999928474426,11,210.57000732421875,1,250426_170455.015625,-8.4075345993042,9.692931175231934,0.12857812643051147,1.8304469585418701,0.9496724605560303,0.12097938358783722,0.028625117614865303,-0.03281653672456741,0.040032681077718735,0.00940969493240118,16.0
2026-04-25T19:05:19.750555,250426_161316.984375,1,58.47877883911133,8.819168090820312,19.0,54.90999984741211,1.0299999713897705,9,210.57000732421875,1,250426_170455.015625,-8.26503849029541,9.071452140808105,0.04953853785991669,2.2822604179382324,1.0381169319152832,0.031198857352137566,0.03175763785839081,-0.02172902598977089,0.04264512658119202,0.008774999529123306,18.0
2026-04-25T19:05:22.744360,250426_161318.000000,1,58.478660583496094,8.818954467773438,19.0,54.189998626708984,1.0299999713897705,9,210.57000732421875,1,250426_170510.000000,-7.84638786315918,10.193777084350586,0.15358641743659973,1.7995444536209106,0.9912527799606323,-0.14659979939460754,0.012828297913074493,0.0439627468585968,0.043722037225961685,0.009197982959449291,20.0
2026-04-25T19:05:25.788529,250426_161326.000000,1,58.477760314941406,8.817977905273438,18.0,49.0099983215332,0.8500000238418579,11,210.57000732421875,1,250426_170510.000000,-7.889124870300293,10.894624710083008,0.065355584025383,0.878910481929779,0.9988816380500793,-0.06041722744703293,0.015330685302615166,-0.0196489579975605,0.043568164110183716,0.009506196714937687,22.0
2026-04-25T19:05:28.872170,250426_161335.015625,1,58.477439880371094,8.817081451416016,16.299999237060547,32.86000061035156,0.8500000238418579,11,210.57000732421875,1,250426_170524.000000,-7.62087869644165,11.367965698242188,0.07771744579076767,2.1596453189849854,0.9221351742744446,-0.06720201671123505,0.03540055453777313,0.016452690586447716,0.042520079761743546,0.009106217883527279,24.0
2026-04-25T19:05:31.933314,250426_161343.015625,1,58.4782600402832,8.815531730651855,16.399999618530273,72.04000091552734,1.5700000524520874,8,318.92999267578125,1,250426_170524.000000,-7.6327924728393555,11.320096015930176,0.05879399552941322,1.5053718090057373,0.9794043302536011,0.04655895754694939,0.010251141153275967,-0.034408025443553925,0.03836161643266678,0.008987290784716606,27.0
2026-04-25T19:05:35.014837,250426_161344.000000,1,58.47840881347656,8.815313339233398,16.600000381469727,75.25,1.559999942779541,8,318.92999267578125,1,250426_170524.000000,-7.59627628326416,10.659210205078125,0.2154991328716278,1.8141343593597412,1.373908519744873,0.15849518775939941,-0.022071704268455505,-0.14433294534683228,0.045019060373306274,0.011474210768938065,25.0
2026-04-25T19:05:37.975073,250426_161352.000000,1,58.479679107666016,8.813732147216797,18.899999618530273,70.98001098632812,0.8799999952316284,10,318.92999267578125,1,250426_170524.000000,-7.650058269500732,10.194520950317383,0.15011803805828094,2.3689589500427246,1.406244158744812,-0.0781370997428894,-0.024982213973999023,0.1257215440273285,0.04690321162343025,0.011633820831775665,21.0
2026-04-25T19:05:41.056213,250426_161352.984375,1,58.47983932495117,8.813581466674805,19.200000762939453,69.76000213623047,0.8899999856948853,10,318.92999267578125,1,250426_170524.000000,-7.315267086029053,9.480563163757324,0.017217231914401054,1.1983059644699097,1.4341580867767334,0.009975992143154144,0.008980881422758102,-0.010782226920127869,0.04742509871721268,0.011353394947946072,25.0
2026-04-25T19:05:44.118967,250426_161400.984375,1,58.48088836669922,8.812776565551758,22.100000381469727,35.70000076293945,0.8899999856948853,10,318.92999267578125,1,250426_170539.015625,-7.110688209533691,9.123005867004395,0.09553195536136627,3.1807122230529785,1.5316516160964966,-0.03711788356304169,-0.0004943851381540298,0.08802483975887299,0.04860536381602287,0.011624181643128395,24.0
2026-04-25T19:05:47.199445,250426_161410.000000,1,58.48162841796875,8.812447547912598,25.0,50.290000915527344,0.8600000143051147,11,318.92999267578125,1,250426_170539.015625,-7.011387348175049,9.486302375793457,0.15009331703186035,2.8372867107391357,1.3828136920928955,-0.1281423717737198,0.03574112430214882,0.06949897110462189,0.04694646969437599,0.011119207367300987,22.0
2026-04-25T19:05:50.169623,250426_161411.015625,1,58.48175811767578,8.812365531921387,25.5,55.72999954223633,0.8199999928474426,11,318.92999267578125,1,250426_170539.015625,-6.571292400360107,11.742447853088379,0.1553206443786621,2.602342367172241,1.2373855113983154,-0.15353712439537048,0.022403346374630928,-0.006995897740125656,0.05665748938918114,0.014059972018003464,24.0
2026-04-25T19:05:53.241890,250426_161420.000000,1,58.483211517333984,8.811238288879395,32.0,79.27999877929688,0.8799999952316284,10,318.92999267578125,1,250426_170539.015625,-6.722945213317871,13.497530937194824,0.09915632009506226,2.0569469928741455,1.1871775388717651,-0.06729327142238617,-0.04878489673137665,-0.054070547223091125,0.058309391140937805,0.017009282484650612,24.0
2026-04-25T19:05:56.240388,250426_161428.000000,1,58.48440170288086,8.80925464630127,35.400001525878906,79.27999877929688,1.1100000143051147,8,318.92999267578125,1,250426_170540.000000,-6.910056114196777,14.385381698608398,0.015398239716887474,0.3761029839515686,1.0933977365493774,-0.010560953989624977,0.00192282535135746,0.011039692908525467,0.05997120961546898,0.017604529857635498,18.0
2026-04-25T19:05:59.385891,250426_161428.984375,1,58.48455047607422,8.808989524841309,36.0,76.93000030517578,1.1100000143051147,8,318.92999267578125,1,250426_170540.000000,-6.947319984436035,13.636703491210938,0.06553221493959427,0.8960675001144409,1.0541350841522217,0.048152949661016464,0.0012460174039006233,-0.04443209618330002,0.05949792265892029,0.018866049125790596,18.0
2026-04-25T19:06:02.355379,250426_161438.000000,1,58.48577880859375,8.80703067779541,34.70000076293945,70.80999755859375,1.1100000143051147,8,318.92999267578125,1,250426_170540.000000,-7.2080912590026855,13.490424156188965,0.05086235702037811,0.734890341758728,1.0214998722076416,0.021914232522249222,-0.03410157561302185,-0.030721787363290787,0.06664444506168365,0.015988284721970558,16.0
2026-04-25T19:06:05.428693,250426_161447.015625,1,58.486228942871094,8.804383277893066,34.0,56.65999984741211,0.8600000143051147,11,318.92999267578125,1,250426_170554.000000,-7.179291725158691,14.060102462768555,0.05752531811594963,1.3590737581253052,1.0718990564346313,-0.05279072746634483,0.02270052395761013,-0.002643253654241562,0.053265538066625595,0.011088312603533268,18.0
2026-04-25T19:06:08.489310,250426_161455.015625,1,58.4864616394043,8.803098678588867,35.099998474121094,30.6200008392334,0.8600000143051147,11,318.92999267578125,1,250426_170554.000000,-7.252285003662109,15.244580268859863,0.1543712317943573,0.8748803734779358,1.0254257917404175,-0.14159974455833435,-0.03208734095096588,0.052444200962781906,0.05233906954526901,0.010379466228187084,20.0
2026-04-25T19:06:11.465273,250426_161456.000000,1,58.486480712890625,8.802952766418457,35.29999923706055,32.36000061035156,0.8600000143051147,11,318.92999267578125,1,250426_170554.000000,-7.167629241943359,15.443811416625977,0.036982711404561996,3.1722071170806885,1.0417715311050415,-0.01882672868669033,0.031090598553419113,0.006830078549683094,0.04894792661070824,0.008957413956522942,18.0
2026-04-25T19:06:14.540521,250426_161504.000000,1,58.487220764160156,8.801514625549316,33.79999923706055,68.70999908447266,0.8999999761581421,10,318.92999267578125,1,250426_170554.000000,-6.301382541656494,15.705885887145996,0.1366632580757141,1.0163602828979492,1.0219242572784424,-0.05763595551252365,0.11890111118555069,0.0348922535777092,0.04325675591826439,0.010263919830322266,18.0
2026-04-25T19:06:17.614496,250426_161512.000000,1,58.48868942260742,8.80124282836914,26.399999618530273,83.87999725341797,1.4700000286102295,8,318.92999267578125,1,250426_170554.000000,-5.417832851409912,15.61739730834961,0.101972296833992,3.7707297801971436,1.0410854816436768,-0.03485524281859398,0.06240250542759895,0.07272818684577942,0.03973273187875748,0.011729354038834572,20.0
2026-04-25T19:06:20.674967,250426_161512.984375,1,58.48891067504883,8.801315307617188,25.5,83.94000244140625,1.4700000286102295,8,318.92999267578125,1,250426_170608.984375,-5.158779144287109,13.258671760559082,0.08861813694238663,0.7685424089431763,0.9825273752212524,-0.040088314563035965,0.07899077981710434,-0.0025607836432754993,0.07346635311841965,0.021601488813757896,18.0
2026-04-25T19:06:23.647512,250426_161520.984375,1,58.490570068359375,8.801477432250977,24.5,79.1500015258789,0.8799999952316284,10,318.92999267578125,1,250426_170608.984375,-6.736637115478516,15.020221710205078,0.2603752017021179,0.7987039685249329,1.0140589475631714,0.20379434525966644,-0.15991419553756714,-0.026278547942638397,0.09430690854787827,0.03582896292209625,18.0
2026-04-25T19:06:26.727453,250426_161522.000000,1,58.49076843261719,8.801592826843262,24.600000381469727,79.5999984741211,0.9599999189376831,9,318.92999267578125,1,250426_170623.015625,-9.011810302734375,13.178553581237793,0.23699887096881866,0.8889173269271851,0.9944320917129517,0.10493398457765579,-0.21248087286949158,0.0030338577926158905,0.10324802994728088,0.05171588808298111,18.0
2026-04-25T19:06:29.798440,250426_161530.000000,1,58.492130279541016,8.803415298461914,28.600000381469727,79.12000274658203,0.8700000047683716,10,318.92999267578125,1,250426_170623.015625,-9.879128456115723,12.62766170501709,0.04230431467294693,1.4373928308486938,0.9620221853256226,0.03922181576490402,-0.001682397210970521,-0.01576305367052555,0.10012807697057724,0.05262822285294533,19.0
2026-04-25T19:06:32.870853,250426_161539.015625,1,58.493778228759766,8.8043212890625,36.20000076293945,77.25,0.8999999761581421,10,318.92999267578125,1,250426_170623.015625,-10.019669532775879,12.405983924865723,0.09756360203027725,1.1335816383361816,1.0220494270324707,-0.005326177924871445,-0.061364736407995224,0.07566146552562714,0.10710468143224716,0.05126708000898361,19.0
2026-04-25T19:06:35.829322,250426_161547.015625,1,58.49531173706055,8.803679466247559,43.900001525878906,77.55999755859375,1.5700000524520874,8,318.92999267578125,1,250426_170623.015625,-10.77225112915039,10.364051818847656,0.14580410718917847,2.0380971431732178,0.9451082944869995,-0.011930618435144424,-0.07817394286394119,0.12249626219272614,0.09683678299188614,0.039568353444337845,21.0
2026-04-25T19:06:38.911728,250426_161548.000000,1,58.49549865722656,8.803629875183105,45.0,77.08999633789062,1.5700000524520874,8,318.92999267578125,1,250426_170623.015625,-11.059294700622559,9.317456245422363,0.19160018861293793,0.9516140818595886,0.8829617500305176,0.1870516985654831,-0.022642293944954872,-0.034779638051986694,0.09176178276538849,0.0324302539229393,23.0
2026-04-25T19:06:41.984651,250426_161556.000000,1,58.49705123901367,8.803704261779785,51.5,76.80000305175781,0.8700000047683716,10,318.92999267578125,1,250426_170624.000000,-11.217812538146973,9.91468620300293,0.15871009230613708,1.356763482093811,0.9244045615196228,-0.126599982380867,-0.0712779313325882,0.06388106197118759,0.04770480841398239,0.015470533631742,23.0
2026-04-25T19:06:45.054537,250426_161556.984375,1,58.497230529785156,8.803628921508789,51.5,73.37999725341797,0.9100000262260437,10,318.92999267578125,1,250426_170624.000000,-11.308353424072266,10.7482328414917,0.15630079805850983,1.7807514667510986,1.0300571918487549,-0.1513984203338623,0.030297627672553062,-0.024300437420606613,0.04532038792967796,0.016333092004060745,27.0
2026-04-25T19:06:48.007144,250426_161604.984375,1,58.498390197753906,8.802303314208984,58.29999923706055,61.25,0.8999999761581421,10,318.92999267578125,1,250426_170624.000000,-10.866952896118164,10.75113296508789,0.13782493770122528,2.0130677223205566,1.339491605758667,0.13573960959911346,0.010050512850284576,-0.021667080000042915,0.047459039837121964,0.016520749777555466,29.0
2026-04-25T19:06:51.096961,250426_161612.984375,1,58.49897003173828,8.800423622131348,62.0,56.68000030517578,0.8799999952316284,10,318.92999267578125,1,250426_170624.000000,-10.324427604675293,10.748409271240234,0.04666898399591446,1.0293500423431396,1.4845354557037354,0.04120012745261192,0.008640266954898834,-0.020146694034337997,0.04855993017554283,0.015132283791899681,29.0
2026-04-25T19:06:54.169661,250426_161614.000000,1,58.49903106689453,8.800190925598145,62.400001525878906,56.68000030517578,0.8999999761581421,10,318.92999267578125,1,250426_170639.015625,-10.020824432373047,10.659717559814453,0.052877143025398254,1.3679604530334473,1.4762027263641357,-0.01980195753276348,0.034152016043663025,0.035178329795598984,0.048379234969615936,0.01294134370982647,29.0
2026-04-25T19:06:57.241209,250426_161622.000000,1,58.49943923950195,8.79903507232666,63.099998474121094,28.56999969482422,0.8600000143051147,11,318.92999267578125,1,250426_170639.015625,-9.57945728302002,10.58316707611084,0.12295567244291306,2.325376272201538,1.571683406829834,0.08526834100484848,0.07054568082094193,-0.05357905477285385,0.04936828836798668,0.012494035065174103,25.0
2026-04-25T19:07:00.210238,250426_161639.015625,1,58.49967956542969,8.795831680297852,66.19999694824219,28.229999542236328,0.9599999189376831,10,318.92999267578125,1,250426_170639.015625,-7.824211120605469,11.031702995300293,0.18536680936813354,3.7726993560791016,1.373696208000183,-0.07589123398065567,0.14979007840156555,0.07851308584213257,0.05010102316737175,0.013620665296912193,19.0
2026-04-25T19:07:03.283084,250426_161640.000000,1,58.49971008300781,8.795700073242188,66.0999984741211,27.850000381469727,0.9599999189376831,10,318.92999267578125,1,250426_170652.984375,-5.170095920562744,11.251870155334473,0.17995284497737885,1.002487063407898,1.3415921926498413,-0.036204732954502106,0.172610804438591,0.03574567288160324,0.05828489735722542,0.02035413309931755,17.0
2026-04-25T19:07:06.354908,250426_161648.984375,1,58.49972152709961,8.794561386108398,67.9000015258789,27.959999084472656,0.8600000143051147,11,318.92999267578125,1,250426_170652.984375,-4.996059894561768,9.202038764953613,0.1746121644973755,1.910302758216858,1.2445975542068481,0.1728413850069046,-0.015422272495925426,-0.019427351653575897,0.0658254325389862,0.027355030179023743,15.0
2026-04-25T19:07:09.425854,250426_161704.984375,1,58.500980377197266,8.79353141784668,68.80001068115234,38.779998779296875,0.8199999928474426,11,318.92999267578125,1,250426_170652.984375,-4.79586935043335,11.15896987915039,0.47483667731285095,2.6659324169158936,1.3294333219528198,-0.47296106815338135,-0.04027092456817627,0.012487664818763733,0.09715607762336731,0.04251158609986305,13.0
2026-04-25T19:07:12.371291,250426_161706.000000,1,58.501068115234375,8.79349422454834,68.30000305175781,37.0099983215332,0.9399999976158142,10,318.92999267578125,1,250426_170652.984375,-7.53547477722168,10.572213172912598,0.25440698862075806,0.6927828192710876,1.1626732349395752,0.1920842081308365,-0.16483326256275177,0.025623532012104988,0.11273303627967834,0.07127943634986877,15.0
2026-04-25T19:07:15.468148,250426_161714.000000,1,58.50141143798828,8.79315185546875,66.30001068115234,23.209999084472656,0.8700000047683716,11,318.92999267578125,1,250426_170708.000000,-8.800308227539062,10.257360458374023,0.09599780291318893,0.8766733407974243,1.1246953010559082,0.05376055836677551,-0.07937034964561462,-0.005072335712611675,0.1166384369134903,0.07043817639350891,15.0
2026-04-25T19:07:18.541321,250426_161715.015625,1,58.501380920410156,8.793046951293945,66.0999984741211,24.1200008392334,0.8199999928474426,11,318.92999267578125,1,250426_170708.000000,-9.127017974853516,10.145286560058594,0.050273675471544266,0.19627434015274048,0.9680439829826355,0.030806442722678185,-0.02020210400223732,-0.034209366887807846,0.13508129119873047,0.06443024426698685,15.0
2026-04-25T19:07:21.602959,250426_161723.015625,1,58.500648498535156,8.791912078857422,64.69999694824219,71.69000244140625,0.9399999976158142,10,318.92999267578125,1,250426_170708.000000,-9.100675582885742,10.02226448059082,0.05531487986445427,1.1254338026046753,1.1052100658416748,0.05338944494724274,0.0016660382971167564,0.014371046796441078,0.14352820813655853,0.05600518733263016,17.0
2026-04-25T19:07:24.584021,250426_161731.015625,1,58.49985122680664,8.788907051086426,63.400001525878906,94.07000732421875,0.8299999833106995,10,318.92999267578125,1,250426_170708.000000,-8.731735229492188,10.387096405029297,0.025823986157774925,0.6956741213798523,1.0073022842407227,0.003939236979931593,0.003870571032166481,-0.025226563215255737,0.0945635512471199,0.024698087945580482,19.0
2026-04-25T19:07:27.653325,250426_161732.000000,1,58.49977111816406,8.788463592529297,63.400001525878906,96.0999984741211,0.8999999761581421,10,318.92999267578125,1,250426_170708.000000,-7.694166660308838,10.827668190002441,0.08968627452850342,1.6830816268920898,1.0130962133407593,-0.00815021712332964,0.08178078383207321,-0.035904109477996826,0.04613438621163368,0.0098192123696208,21.0
2026-04-25T19:07:30.643366,250426_161740.000000,1,58.499080657958984,8.784839630126953,62.0,103.55999755859375,0.8199999928474426,11,318.92999267578125,1,250426_170708.000000,-6.051562786102295,10.997673034667969,0.1401238739490509,1.5203253030776978,1.073452353477478,-0.054237909615039825,0.11270873248577118,0.06316403299570084,0.04601679742336273,0.011662554927170277,23.0
2026-04-25T19:07:33.798338,250426_161758.000000,1,58.49726867675781,8.776483535766602,69.0,106.93000030517578,0.8199999928474426,11,318.92999267578125,1,250426_170708.000000,-3.5635995864868164,11.475871086120605,0.13966472446918488,0.9269416928291321,0.9062000513076782,0.010181398130953312,0.1372053176164627,0.024026580154895782,0.047714393585920334,0.016722626984119415,21.0
2026-04-25T19:07:36.767624,250426_161806.000000,1,58.49599075317383,8.773298263549805,70.69999694824219,103.73999786376953,0.8899999856948853,10,318.92999267578125,1,250426_170723.015625,-2.2408945560455322,10.956594467163086,0.11291082948446274,1.315998911857605,0.8717283010482788,0.07698900252580643,0.08084341883659363,0.01690828613936901,0.04256133362650871,0.01921488158404827,21.0
2026-04-25T19:07:39.838499,250426_161807.015625,1,58.49580001831055,8.772937774658203,70.9000015258789,104.2300033569336,0.8899999856948853,10,318.92999267578125,1,250426_170723.015625,-2.8088502883911133,9.363676071166992,0.21770966053009033,2.1132967472076416,0.8288108110427856,0.21015386283397675,-0.05328112840652466,0.01984873041510582,0.04287661239504814,0.02482765167951584,20.0
2026-04-25T19:07:42.823411,250426_161815.015625,1,58.494239807128906,8.770366668701172,70.69999694824219,103.75,0.9900000095367432,9,318.92999267578125,1,250426_170723.015625,-3.870974063873291,11.87279224395752,0.29791590571403503,3.0281982421875,0.956678032875061,-0.29268839955329895,-0.01402389444410801,-0.05376531183719635,0.06277383118867874,0.03552630543708801,14.0
2026-04-25T19:07:45.881689,250426_161823.015625,1,58.4924201965332,8.768144607543945,65.9000015258789,109.63999938964844,0.8299999833106995,11,211.44000244140625,1,250426_170723.015625,-4.637373447418213,16.372102737426758,0.467523992061615,2.5599682331085205,1.2092969417572021,-0.46374911069869995,-0.04389260336756706,0.039860889315605164,0.09063654392957687,0.05873332545161247,8.0
2026-04-25T19:07:48.956576,250426_161824.000000,1,58.49216842651367,8.767878532409668,65.5,111.94000244140625,0.8199999928474426,11,211.44000244140625,1,250426_170723.015625,-5.1480817794799805,18.603302001953125,0.3172692358493805,1.596195936203003,1.2648638486862183,-0.29640039801597595,-0.04772784933447838,0.10260908305644989,0.09075658023357391,0.06726524978876114,10.0
2026-04-25T19:07:52.026069,250426_161832.000000,1,58.49024963378906,8.765640258789062,63.70000076293945,111.9800033569336,0.8700000047683716,11,211.44000244140625,1,250426_170723.015625,-5.7952141761779785,13.163565635681152,0.2659183740615845,2.6883227825164795,1.3596431016921997,0.22455953061580658,-0.062374427914619446,-0.128043070435524,0.1025199368596077,0.09215369820594788,6.0
2026-04-25T19:07:55.096008,250426_161832.984375,1,58.49000930786133,8.765364646911621,63.599998474121094,111.9800033569336,0.9100000262260437,10,211.44000244140625,1,250426_170723.015625,-7.093992233276367,12.45584487915039,0.06315773725509644,2.6673057079315186,1.589036464691162,0.032256871461868286,-0.053492221981287,-0.009326142258942127,0.09887612611055374,0.09323202818632126,7.0
2026-04-25T19:07:58.067853,250426_161840.984375,1,58.48807907104492,8.763090133666992,58.599998474121094,115.0,0.8299999833106995,11,211.44000244140625,1,250426_170752.000000,-7.7153754234313965,10.358458518981934,0.30234017968177795,1.8342781066894531,1.7911885976791382,0.2892877161502838,-0.010255856439471245,0.08727540820837021,0.1053362637758255,0.0825820341706276,13.0
2026-04-25T19:08:01.093152,250426_161842.000000,1,58.48783874511719,8.762802124023438,57.900001525878906,114.91000366210938,0.8700000047683716,11,211.44000244140625,1,250426_170752.000000,-9.481043815612793,7.943116664886475,0.2756730318069458,1.8421419858932495,1.9332619905471802,0.15338847041130066,-0.19374100863933563,-0.12219659239053726,0.10274967551231384,0.07373025268316269,17.0
2026-04-25T19:08:04.210877,250426_161850.000000,1,58.48588180541992,8.760492324829102,54.099998474121094,114.58000183105469,0.8199999928474426,11,211.44000244140625,1,250426_170752.000000,-10.061732292175293,8.677472114562988,0.042131491005420685,2.6930558681488037,1.9190819263458252,-0.02836662530899048,-0.02808189205825329,-0.013483483344316483,0.11050168424844742,0.06607314944267273,21.0
2026-04-25T19:08:07.285341,250426_161858.000000,1,58.48400115966797,8.758268356323242,49.70000076293945,107.51000213623047,0.8299999833106995,11,211.44000244140625,1,250426_170752.000000,-10.591734886169434,9.931666374206543,0.10876815766096115,3.868513345718384,1.928977370262146,-0.016431042924523354,-0.028294458985328674,0.103730209171772,0.08199581503868103,0.040353916585445404,23.0
2026-04-25T19:08:10.228125,250426_161859.015625,1,58.483768463134766,8.758001327514648,49.099998474121094,107.44000244140625,0.8700000047683716,11,211.44000244140625,1,250426_170752.000000,-9.905621528625488,10.732597351074219,0.2075417935848236,1.6975371837615967,1.7952204942703247,-0.15896551311016083,0.0944875031709671,-0.09421080350875854,0.08210224658250809,0.03766001760959625,21.0
2026-04-25T19:08:13.325761,250426_161940.984375,1,58.475521087646484,8.746709823608398,80.9000015258789,79.80000305175781,1.4199999570846558,7,211.44000244140625,1,250426_170752.000000,-9.59947395324707,14.079419136047363,0.2548750638961792,2.701794147491455,1.258472204208374,-0.24186652898788452,-0.01582438498735428,0.0788128599524498,0.0669405460357666,0.03191279247403145,21.0
2026-04-25T19:08:16.394895,250426_161942.000000,1,58.475460052490234,8.746305465698242,66.9000015258789,79.80000305175781,1.2000000476837158,8,211.44000244140625,1,250426_170752.000000,-9.816043853759766,15.668172836303711,0.09242021292448044,2.9194445610046387,1.2929284572601318,-0.07275820523500443,0.020874934270977974,0.05302806943655014,0.066016286611557,0.03056276962161064,23.0
2026-04-25T19:08:19.366391,250426_161950.000000,1,58.47433090209961,8.744226455688477,41.400001525878906,81.05000305175781,0.949999988079071,10,211.44000244140625,1,250426_170752.000000,-9.7540864944458,16.76500129699707,0.13987411558628082,2.3300747871398926,1.3851245641708374,0.13927951455116272,0.004995390307158232,-0.011875629425048828,0.07263217121362686,0.03484176844358444,24.0
2026-04-25T19:08:22.438919,250426_161951.015625,1,58.474151611328125,8.744027137756348,41.400001525878906,80.05000305175781,0.8299999833106995,11,211.44000244140625,1,250426_170808.000000,-9.467140197753906,14.860028266906738,0.2612611949443817,1.3383283615112305,1.3729052543640137,0.25473952293395996,0.0013175178319215775,-0.0579952597618103,0.07130933552980423,0.03878999873995781,22.0
2026-04-25T19:08:25.510124,250426_162000.000000,1,58.472408294677734,8.742502212524414,42.79999923706055,90.16999816894531,0.8500000238418579,10,211.44000244140625,1,250426_170808.000000,-9.829102516174316,13.077858924865723,0.22658106684684753,0.6391376256942749,1.4042541980743408,0.21739301085472107,-0.06207721680402756,-0.015022458508610725,0.06853029131889343,0.036853089928627014,26.0
2026-04-25T19:08:28.580878,250426_162016.984375,1,58.469181060791016,8.73891544342041,52.400001525878906,85.98999786376953,0.8999999761581421,10,211.44000244140625,1,250426_170808.000000,-9.885113716125488,12.50357723236084,0.15067370235919952,1.4384392499923706,1.3142609596252441,-0.07869132608175278,0.0732775628566742,0.10554921627044678,0.0728037878870964,0.03054194152355194,24.0
2026-04-25T19:08:31.653029,250426_162024.984375,1,58.467838287353516,8.736886978149414,56.0,83.08999633789062,0.8299999833106995,11,211.44000244140625,1,250426_170822.000000,-9.443042755126953,12.572279930114746,0.07100775092840195,1.3734774589538574,1.295318365097046,-0.07075737416744232,-0.004971338901668787,0.003283308818936348,0.06522666662931442,0.023854650557041168,24.0
2026-04-25T19:08:34.592594,250426_162026.000000,1,58.467689514160156,8.736631393432617,56.099998474121094,83.08999633789062,0.8299999833106995,11,211.44000244140625,1,250426_170822.000000,-10.374567031860352,12.325815200805664,0.2156638205051422,1.2109386920928955,1.3197919130325317,0.18907009065151215,-0.10310066491365433,-0.011560157872736454,0.06807929277420044,0.027150332927703857,22.0
2026-04-25T19:08:37.695671,250426_162034.000000,1,58.46643829345703,8.734526634216309,54.29999923706055,83.2699966430664,0.8299999833106995,11,211.44000244140625,1,250426_170822.000000,-11.33455753326416,12.007524490356445,0.09613034129142761,0.6261705756187439,1.3240457773208618,-0.02629975974559784,-0.06916400045156479,-0.06136535108089447,0.064987413585186,0.024820620194077492,27.0
2026-04-25T19:08:40.767539,250426_162035.015625,1,58.46630096435547,8.73425006866455,54.20000076293945,81.29000854492188,0.8299999833106995,11,211.44000244140625,1,250426_170822.000000,-11.485779762268066,12.405210494995117,0.09835300594568253,1.8273712396621704,1.3505260944366455,0.04391355440020561,0.03464966267347336,-0.08089692890644073,0.05829234793782234,0.016681566834449768,23.0
2026-04-25T19:08:43.840648,250426_162043.015625,1,58.465091705322266,8.732048988342285,52.79999923706055,84.19001007080078,0.8999999761581421,10,211.44000244140625,1,250426_170822.000000,-10.912192344665527,12.925779342651367,0.08526173233985901,1.6150315999984741,1.3367183208465576,-0.07829070836305618,-0.009947811253368855,0.03226713836193085,0.057622477412223816,0.016116956248879433,23.0
2026-04-25T19:08:46.798807,250426_162044.000000,1,58.46495819091797,8.731736183166504,52.400001525878906,84.2699966430664,0.9399999976158142,10,211.44000244140625,1,250426_170822.000000,-10.616049766540527,13.062697410583496,0.07175891101360321,1.4289603233337402,1.4273462295532227,-0.06710726022720337,-0.02114672213792801,-0.014098703861236572,0.0634702816605568,0.015599269419908524,21.0
2026-04-25T19:08:49.814920,250426_162052.000000,1,58.46392059326172,8.729171752929688,49.900001525878906,85.87999725341797,0.8799999952316284,11,211.44000244140625,1,250426_170822.000000,-10.03305435180664,13.270455360412598,0.09723115712404251,0.8505367040634155,1.5390437841415405,-0.07220759242773056,0.06124551594257355,-0.022112183272838593,0.05435491353273392,0.011517385020852089,22.0
2026-04-25T19:08:52.952208,250426_162052.984375,1,58.46379852294922,8.728841781616211,49.70000076293945,86.5999984741211,0.8299999833106995,11,211.44000244140625,1,250426_170822.000000,-9.290616035461426,13.205301284790039,0.10960856825113297,2.7187981605529785,1.5030196905136108,-0.062355298548936844,0.0784340351819992,0.04442925006151199,0.055195145308971405,0.011635249480605125,22.0
2026-04-25T19:08:55.923215,250426_162100.984375,1,58.46281814575195,8.726046562194824,46.29999923706055,89.11000061035156,0.8299999833106995,11,211.44000244140625,1,250426_170822.000000,-8.951409339904785,12.688989639282227,0.12708213925361633,1.8803284168243408,1.5646716356277466,-0.041100941598415375,0.07402880489826202,0.09476453810930252,0.05872705578804016,0.012837108224630356,24.0
2026-04-25T19:08:58.955139,250426_162102.000000,1,58.46268844604492,8.72568416595459,46.099998474121094,89.63999938964844,0.8799999952316284,11,211.44000244140625,1,250426_170822.000000,-8.185356140136719,12.91581916809082,0.16048748791217804,3.9074816703796387,1.4958410263061523,0.0413309782743454,0.054782286286354065,-0.14507544040679932,0.055219899863004684,0.014309815131127834,22.0
2026-04-25T19:09:02.065421,250426_162111.015625,1,58.4616584777832,8.722436904907227,46.20000076293945,75.29000091552734,0.8299999833106995,11,211.44000244140625,1,250426_170822.000000,-7.464478492736816,13.321168899536133,0.09942249953746796,1.289323329925537,1.4064810276031494,-0.01499853190034628,0.09090179204940796,-0.03737301379442215,0.05324006825685501,0.015109079889953136,21.0
2026-04-25T19:09:05.137076,250426_162119.015625,1,58.460819244384766,8.719831466674805,46.20000076293945,89.40000915527344,0.8299999833106995,11,211.44000244140625,1,250426_170852.000000,-5.451171875,13.392882347106934,0.12579041719436646,0.9985777139663696,1.3527638912200928,0.03687513619661331,0.11090648919343948,0.04651028662919998,0.05206600949168205,0.019317248836159706,21.0
2026-04-25T19:09:08.108557,250426_162120.000000,1,58.460689544677734,8.719481468200684,46.20000076293945,86.43000793457031,0.8299999833106995,11,211.44000244140625,1,250426_170852.000000,-4.876209259033203,12.128084182739258,0.12622521817684174,0.6446348428726196,1.302024483680725,0.12455883622169495,0.017145724967122078,0.011132100597023964,0.04993574693799019,0.020364226773381233,15.0
2026-04-25T19:09:11.179208,250426_162128.000000,1,58.45977020263672,8.716776847839355,42.5,82.6500015258789,0.9200000166893005,10,211.44000244140625,1,250426_170906.000000,-4.326709270477295,10.140185356140137,0.09353053569793701,2.7849013805389404,1.3805831670761108,0.07214343547821045,0.01077786460518837,0.058541636914014816,0.04521431401371956,0.025030188262462616,11.0
2026-04-25T19:09:14.250500,250426_162136.000000,1,58.45875930786133,8.714295387268066,40.099998474121094,80.37999725341797,0.8299999833106995,11,211.44000244140625,1,250426_170906.000000,-4.564732074737549,11.813332557678223,0.3046717643737793,2.927001953125,1.215287685394287,-0.3014586567878723,0.043636441230773926,-0.006589137017726898,0.0711386650800705,0.030709462240338326,13.0
2026-04-25T19:09:17.322372,250426_162136.984375,1,58.4586181640625,8.714000701904297,40.0,83.08999633789062,0.8299999833106995,11,211.44000244140625,1,250426_170906.000000,-4.758124828338623,14.546549797058105,0.21268723905086517,2.4475631713867188,1.1834419965744019,-0.16731205582618713,-0.046073079109191895,-0.12296265363693237,0.08712314814329147,0.042773567140102386,8.0
2026-04-25T19:09:20.293460,250426_162144.984375,1,58.45746994018555,8.711758613586426,35.5,81.69999694824219,0.8299999833106995,11,211.44000244140625,1,250426_170906.000000,-6.966457843780518,13.504559516906738,0.2598862051963806,2.7767035961151123,1.1998834609985352,0.1300686150789261,-0.20790556073188782,-0.08601318299770355,0.0876295268535614,0.04566015675663948,12.0
2026-04-25T19:09:23.364488,250426_162146.000000,1,58.45732116699219,8.711515426635742,35.29999923706055,80.3399887084961,0.8299999833106995,11,211.44000244140625,1,250426_170906.000000,-8.35377025604248,12.991461753845215,0.07225331664085388,0.8396295309066772,0.99018794298172,-0.016141263768076897,-0.05526323616504669,-0.043657489120960236,0.09416340291500092,0.04361484572291374,12.0
2026-04-25T19:09:26.436250,250426_162154.000000,1,58.45600128173828,8.709823608398438,33.900001525878906,79.9100112915039,0.8799999952316284,11,211.44000244140625,1,250426_170907.015625,-8.00853443145752,13.324715614318848,0.04341912269592285,2.201124906539917,1.0186283588409424,-0.015453021042048931,0.033435847610235214,0.022988442331552505,0.10441217571496964,0.039081525057554245,20.0
2026-04-25T19:09:29.508143,250426_162202.000000,1,58.4544792175293,8.708477020263672,32.900001525878906,85.80999755859375,0.8799999952316284,11,211.44000244140625,1,250426_170907.015625,-7.987307071685791,12.866695404052734,0.08422250300645828,0.8645068407058716,1.0000966787338257,0.08357243239879608,-0.0073996130377054214,-0.007370556704699993,0.08766981959342957,0.02640598453581333,22.0
2026-04-25T19:09:32.448429,250426_162203.015625,1,58.454280853271484,8.708334922790527,33.20000076293945,87.23001098632812,0.8299999833106995,11,211.44000244140625,1,250426_170907.015625,-7.746837615966797,10.788756370544434,0.20677556097507477,2.810379981994629,0.9133070111274719,0.19855782389640808,-0.014300340786576271,-0.055914394557476044,0.06531017273664474,0.01897590048611164,18.0
2026-04-25T19:09:35.552058,250426_162211.015625,1,58.45252990722656,8.707296371459961,34.20000076293945,92.70999908447266,0.8799999952316284,11,211.44000244140625,1,250426_170907.015625,-7.764240264892578,8.2418212890625,0.10670757293701172,0.6340370178222656,0.8568798899650574,0.10588307678699493,-0.00460036750882864,-0.012414333410561085,0.06027169153094292,0.017204051837325096,20.0
2026-04-25T19:09:38.623352,250426_162212.000000,1,58.452308654785156,8.707169532775879,34.20000076293945,92.8499984741211,0.9599999189376831,10,211.44000244140625,1,250426_170936.000000,-7.859648704528809,8.70138168334961,0.1161176934838295,2.6372621059417725,0.942257821559906,-0.10288554430007935,3.32794152200222e-05,0.05383196473121643,0.062044620513916016,0.017230352386832237,20.0
2026-04-25T19:09:41.694869,250426_162220.000000,1,58.45050048828125,8.706022262573242,34.099998474121094,94.73999786376953,0.949999988079071,9,211.44000244140625,1,250426_170936.000000,-8.11613655090332,9.611568450927734,0.16567717492580414,0.6753139495849609,0.888308584690094,-0.15438389778137207,-0.05913477763533592,0.010844958946108818,0.06008363887667656,0.019239863380789757,14.0
2026-04-25T19:09:44.664405,250426_162230.000000,1,58.44852066040039,8.703889846801758,32.0,90.43000030517578,0.8299999833106995,11,211.44000244140625,1,250426_170936.000000,-8.439126968383789,12.126861572265625,0.18530426919460297,0.7665606141090393,0.857983410358429,-0.17994707822799683,-0.04228418320417404,-0.012991033494472504,0.05783138424158096,0.02578756958246231,14.0
2026-04-25T19:09:47.735035,250426_162238.000000,1,58.447288513183594,8.701321601867676,30.799999237060547,92.76998901367188,0.8899999856948853,11,211.44000244140625,1,250426_170936.000000,-9.048168182373047,13.769336700439453,0.12850265204906464,2.275487184524536,0.8440161943435669,-0.07169333845376968,-0.07875269651412964,-0.07190971821546555,0.049469493329524994,0.020519111305475235,12.0
2026-04-25T19:09:50.807468,250426_162239.015625,1,58.44715118408203,8.700966835021973,30.600000381469727,91.72000122070312,0.8999999761581421,10,211.44000244140625,1,250426_170936.000000,-9.301871299743652,13.809494018554688,0.06719929724931717,1.5679551362991333,0.8034586310386658,0.004103027284145355,-0.05635920166969299,0.03636689484119415,0.05486741289496422,0.017420900985598564,8.0
2026-04-25T19:09:53.767377,250426_162247.015625,1,58.44602966308594,8.69813346862793,29.799999237060547,92.86000061035156,0.8299999833106995,11,211.44000244140625,1,250426_170936.984375,-8.874085426330566,13.168993949890137,0.10395549237728119,1.4937188625335693,0.7712573409080505,-0.055827174335718155,0.047462329268455505,0.0737387165427208,0.05415947735309601,0.016408739611506462,10.0
2026-04-25T19:09:56.812251,250426_162248.000000,1,58.44586944580078,8.697809219360352,29.700000762939453,91.57000732421875,0.8899999856948853,11,211.44000244140625,1,250426_170936.984375,-8.768661499023438,12.976801872253418,0.03425252437591553,2.6691808700561523,0.8042498230934143,-0.02397022396326065,0.02394992671906948,-0.0050064679235219955,0.04825949668884277,0.01152980700135231,12.0
2026-04-25T19:09:59.921164,250426_162256.000000,1,58.44451141357422,8.695642471313477,28.0,88.37001037597656,0.9700000882148743,10,211.44000244140625,1,250426_170952.000000,-8.539117813110352,12.909173011779785,0.05006728321313858,1.8753398656845093,0.8848345279693604,0.044797394424676895,0.011955060064792633,-0.01889451965689659,0.038961488753557205,0.007606928236782551,13.0
2026-04-25T19:10:02.992706,250426_162256.984375,1,58.44432067871094,8.69540023803711,27.799999237060547,89.16000366210938,0.8999999761581421,10,211.44000244140625,1,250426_170952.000000,-8.355531692504883,13.453184127807617,0.0478583388030529,0.5896560549736023,0.8829869031906128,0.0019450352992862463,0.04493715986609459,-0.016348985955119133,0.034744590520858765,0.006090438459068537,13.0
2026-04-25T19:10:05.963168,250426_162306.000000,1,58.44253921508789,8.69360637664795,25.399999618530273,91.68000030517578,0.8899999856948853,11,211.44000244140625,1,250426_170952.000000,-8.055989265441895,13.490601539611816,0.09857595711946487,0.4040292501449585,0.8028932809829712,-0.030108001083135605,0.03706089407205582,0.08623930811882019,0.0324389711022377,0.005844391416758299,13.0
2026-04-25T19:10:09.034685,250426_162314.000000,1,58.44078063964844,8.692377090454102,22.600000381469727,94.23999786376953,0.8299999833106995,11,211.44000244140625,1,250426_170952.000000,-8.21336555480957,12.761192321777344,0.081599161028862,0.9371388554573059,0.7554640173912048,0.07134246081113815,-0.03179594501852989,0.02361554652452469,0.030217407271265984,0.005541328340768814,13.0
2026-04-25T19:10:12.107689,250426_162315.015625,1,58.4405517578125,8.692251205444336,22.200000762939453,94.69001007080078,0.8799999952316284,10,211.44000244140625,1,250426_170952.000000,-8.836915016174316,12.61621379852295,0.09461230784654617,1.3317983150482178,0.686937689781189,0.012306696735322475,-0.09379078447818756,-0.0018225451931357384,0.028401387855410576,0.005970078054815531,13.0
2026-04-25T19:10:15.080082,250426_162323.015625,1,58.43872833251953,8.691360473632812,20.799999237060547,94.69001007080078,0.8799999952316284,10,211.44000244140625,1,250426_170952.984375,-9.847379684448242,12.524259567260742,0.03954917937517166,1.112488031387329,0.7296995520591736,0.007696179207414389,-0.038553230464458466,0.004307550843805075,0.02560800313949585,0.006763344630599022,16.0
2026-04-25T19:10:18.150478,250426_162324.000000,1,58.43849182128906,8.691253662109375,20.700000762939453,95.77999877929688,0.8799999952316284,10,211.44000244140625,1,250426_170952.984375,-9.378021240234375,12.731451034545898,0.07306123524904251,1.2028812170028687,0.7690834403038025,-0.030543649569153786,0.04427067190408707,0.04944832623004913,0.02806849218904972,0.006805031094700098,20.0
2026-04-25T19:10:21.219773,250426_162332.000000,1,58.43661117553711,8.690481185913086,21.600000381469727,95.77999877929688,0.8799999952316284,10,211.44000244140625,1,250426_171008.000000,-8.830202102661133,11.563173294067383,0.20705139636993408,0.8572031259536743,0.890383243560791,0.1946144998073578,0.07020850479602814,0.008138738572597504,0.039113134145736694,0.00938925426453352,18.0
2026-04-25T19:10:24.292522,250426_162332.984375,1,58.436378479003906,8.69039535522461,21.600000381469727,96.08000946044922,0.9200000166893005,10,211.44000244140625,1,250426_171008.000000,-9.162299156188965,11.359543800354004,0.06500343233346939,0.980702817440033,0.9050830602645874,-0.0363040529191494,-0.05362686887383461,0.005623252131044865,0.03927607461810112,0.009129754267632961,20.0
2026-04-25T19:10:27.264832,250426_162340.984375,1,58.43444061279297,8.689971923828125,23.399999618530273,99.69001007080078,0.8299999833106995,11,211.44000244140625,1,250426_171008.000000,-9.555492401123047,11.956612586975098,0.05808316543698311,1.1290018558502197,0.8965816497802734,-0.05568193271756172,-0.005185854155570269,-0.015693413093686104,0.03938404843211174,0.008870520628988743,18.0
2026-04-25T19:10:30.332814,250426_162350.000000,1,58.4322509765625,8.690802574157715,26.0,97.19999694824219,1.0299999713897705,9,211.44000244140625,1,250426_171023.015625,-9.798223495483398,14.109265327453613,0.14438588917255402,0.47254613041877747,0.8827161192893982,-0.14395582675933838,-0.010807368904352188,0.0026842057704925537,0.05204981565475464,0.013665255159139633,18.0
2026-04-25T19:10:33.406544,250426_162359.015625,1,58.43043899536133,8.693126678466797,26.100000381469727,97.19999694824219,1.2899999618530273,7,211.44000244140625,1,250426_171023.015625,-9.373930931091309,13.382118225097656,0.059095337986946106,2.104457139968872,0.9027946591377258,0.006297346204519272,0.02766302414238453,0.05183975026011467,0.05010334774851799,0.014743604697287083,16.0
2026-04-25T19:10:36.477306,250426_162400.000000,1,58.43027114868164,8.693466186523438,26.0,99.7699966430664,1.2899999618530273,7,211.44000244140625,1,250426_171023.015625,-9.734792709350586,12.13084888458252,0.139906108379364,0.6706634759902954,0.7696226239204407,0.1336575448513031,-0.04011783376336098,0.009996907785534859,0.04925134405493736,0.015770284458994865,16.0
2026-04-25T19:10:39.548872,250426_162408.000000,1,58.42893981933594,8.696187973022461,24.5,97.29000091552734,0.8799999952316284,10,211.44000244140625,1,250426_171023.015625,-10.33671760559082,10.89632797241211,0.04872126132249832,1.118265986442566,0.7196542024612427,-0.012840247713029385,-0.04324505105614662,0.01840529963374138,0.048843082040548325,0.01766720786690712,16.0
2026-04-25T19:10:42.519323,250426_162416.984375,1,58.42723083496094,8.69861125946045,22.0,93.18000030517578,0.9300000071525574,9,211.44000244140625,1,250426_171023.015625,-10.227730751037598,11.588509559631348,0.16042132675647736,1.2932920455932617,0.6679206490516663,-0.15954232215881348,0.005185551010072231,0.015948673710227013,0.046301212161779404,0.015857700258493423,14.0
2026-04-25T19:10:45.590705,250426_162424.984375,1,58.425418853759766,8.699712753295898,18.700000762939453,95.79000091552734,0.8799999952316284,10,211.44000244140625,1,250426_171023.015625,-9.945420265197754,12.811806678771973,0.08348503708839417,2.439328670501709,0.6672638058662415,-0.0744074285030365,0.03779827803373337,-0.0021389294415712357,0.04394025355577469,0.014869767241179943,14.0
2026-04-25T19:10:48.663603,250426_162426.000000,1,58.42518997192383,8.699793815612793,18.200000762939453,91.20999908447266,0.8799999952316284,10,211.44000244140625,1,250426_171039.015625,-9.810812950134277,13.33051586151123,0.03339943662285805,1.1515518426895142,0.6917692422866821,-0.01616509258747101,0.013035745359957218,-0.0261587742716074,0.04654331132769585,0.011996256187558174,14.0
2026-04-25T19:10:51.735265,250426_162434.000000,1,58.42335891723633,8.699990272521973,15.5,92.0199966430664,0.8899999856948853,11,211.44000244140625,1,250426_171039.015625,-9.568671226501465,13.499967575073242,0.05193265154957771,1.9834933280944824,0.7099481821060181,-0.043926555663347244,0.02129264362156391,0.01772233471274376,0.03763735294342041,0.007816108874976635,14.0
2026-04-25T19:10:54.706042,250426_162435.015625,1,58.42314147949219,8.69997501373291,15.199999809265137,90.94001007080078,0.8299999833106995,11,211.44000244140625,1,250426_171039.015625,-9.295620918273926,13.610474586486816,0.05583023652434349,1.1323310136795044,0.7111286520957947,0.007297476287931204,0.0439247190952301,-0.03368057310581207,0.037695880979299545,0.007134395185858011,14.0
2026-04-25T19:10:57.776574,250426_162443.015625,1,58.421348571777344,8.699633598327637,14.600000381469727,89.72000122070312,1.0399999618530273,8,211.44000244140625,1,250426_171040.000000,-7.773799896240234,13.760587692260742,0.17143455147743225,1.0582352876663208,0.7335441708564758,-0.006058879196643829,0.16138216853141785,0.057522960007190704,0.03939402475953102,0.00797673687338829,15.0
2026-04-25T19:11:00.758958,250426_162444.000000,1,58.4211311340332,8.69957447052002,14.300000190734863,89.72000122070312,1.0399999618530273,8,211.44000244140625,1,250426_171040.000000,-7.576228141784668,12.681832313537598,0.03757331520318985,0.33390316367149353,0.7068561315536499,-0.014798835851252079,0.014603955671191216,-0.03129653260111809,0.03773888945579529,0.007619581185281277,11.0
2026-04-25T19:11:03.919962,250426_162452.000000,1,58.41965866088867,8.698836326599121,12.899999618530273,89.72000122070312,1.0399999618530273,8,211.44000244140625,1,250426_171055.015625,-7.606790542602539,13.077715873718262,0.04828284680843353,1.3434427976608276,0.788342297077179,0.028222760185599327,-0.006724162492901087,-0.038593970239162445,0.038548246026039124,0.008339718915522099,13.0
2026-04-25T19:11:06.891051,250426_162452.984375,1,58.41950988769531,8.698704719543457,12.600000381469727,65.62000274658203,1.0399999618530273,8,211.44000244140625,1,250426_171055.015625,-7.340032577514648,13.952069282531738,0.15123680233955383,1.4365798234939575,0.8195734024047852,-0.14439526200294495,0.04100130498409271,0.018479056656360626,0.03820877522230148,0.010073525831103325,17.0
2026-04-25T19:11:09.962395,250426_162500.984375,1,58.41913986206055,8.697145462036133,11.300000190734863,42.31999969482422,0.9100000262260437,10,211.44000244140625,1,250426_171055.015625,-6.481767654418945,14.125548362731934,0.1933613121509552,3.917079448699951,0.9189702868461609,-0.18185412883758545,0.06563284248113632,-0.0031633414328098297,0.03637484088540077,0.012321761809289455,19.0
2026-04-25T19:11:12.941681,250426_162502.000000,1,58.419071197509766,8.697020530700684,11.399999618530273,40.349998474121094,0.9100000262260437,10,211.44000244140625,1,250426_171055.015625,-4.961532115936279,14.070773124694824,0.0830533355474472,0.5248295068740845,0.913848876953125,0.017566729336977005,0.07970217615365982,-0.015389250591397285,0.03737417608499527,0.011150781065225601,20.0
2026-04-25T19:11:16.003731,250426_162510.000000,1,58.41815185546875,8.69762134552002,11.699999809265137,52.45000076293945,0.8299999833106995,11,211.44000244140625,1,250426_171055.015625,-4.170454025268555,13.645878791809082,0.08502424508333206,1.6870758533477783,0.9571717381477356,0.0459243543446064,0.06555835157632828,0.02867363579571247,0.03514287248253822,0.01162693277001381,24.0
2026-04-25T19:11:19.075614,250426_162511.015625,1,58.41807174682617,8.697823524475098,11.899999618530273,52.529998779296875,0.8299999833106995,11,211.44000244140625,1,250426_171110.000000,-4.92235803604126,8.610548973083496,0.34684881567955017,2.077589273452759,1.1867430210113525,0.33532941341400146,-0.06786181032657623,-0.05703555792570114,0.11369223892688751,0.04081206023693085,18.0
2026-04-25T19:11:22.138197,250426_162519.015625,1,58.41754913330078,8.699128150939941,9.899999618530273,29.75,0.8600000143051147,10,211.44000244140625,1,250426_171110.000000,-6.727233409881592,8.993012428283691,0.21903248131275177,1.5984843969345093,1.2304798364639282,-0.01832493580877781,-0.21344171464443207,-0.04562964290380478,0.11236291378736496,0.045803532004356384,16.0
2026-04-25T19:11:25.122381,250426_162527.015625,1,58.41716003417969,8.70009708404541,8.800000190734863,29.75,0.9300000071525574,10,211.44000244140625,1,250426_171111.015625,-7.020810604095459,9.455133438110352,0.09865780174732208,4.313723564147949,1.328756332397461,-0.07855308055877686,-0.00916751753538847,0.05898077040910721,0.11397307366132736,0.044843487441539764,18.0
2026-04-25T19:11:28.163530,250426_162536.000000,1,58.4162483215332,8.70021915435791,10.399999618530273,39.650001525878906,0.8299999833106995,11,211.44000244140625,1,250426_171111.015625,-7.094760894775391,9.780771255493164,0.15252484381198883,3.996711015701294,1.7463270425796509,-0.012518513947725296,0.07524625957012177,0.13207995891571045,0.11535348743200302,0.04777294769883156,19.0
2026-04-25T19:11:31.260474,250426_162536.984375,1,58.416160583496094,8.700133323669434,10.300000190734863,37.810001373291016,0.8299999833106995,11,211.44000244140625,1,250426_171111.015625,-6.927878379821777,9.833354949951172,0.05823802947998047,0.5686467885971069,1.7529911994934082,0.0511508509516716,-0.019098712131381035,0.020260749384760857,0.11915990710258484,0.04722445085644722,15.0
2026-04-25T19:11:34.332885,250426_162544.984375,1,58.41524887084961,8.69970989227295,10.0,55.43000030517578,0.8700000047683716,10,211.44000244140625,1,250426_171111.015625,-8.510945320129395,9.931479454040527,0.09466750174760818,1.3787513971328735,1.6199535131454468,-0.053718507289886475,-0.05845954269170761,0.051562972366809845,0.07228730618953705,0.022031785920262337,17.0
2026-04-25T19:11:37.403863,250426_162546.000000,1,58.41511154174805,8.699652671813965,9.899999618530273,58.040000915527344,0.9200000166893005,9,211.44000244140625,1,250426_171111.015625,-6.610149383544922,10.406431198120117,0.1991921365261078,1.6572413444519043,1.5812991857528687,-0.08716095983982086,0.17454646527767181,0.04017478972673416,0.057700108736753464,0.018447374925017357,15.0
2026-04-25T19:11:40.378242,250426_162554.000000,1,58.41395950317383,8.699219703674316,8.300000190734863,53.33000183105469,0.9200000166893005,9,211.44000244140625,1,250426_171126.000000,-5.158252716064453,11.907495498657227,0.15761373937129974,1.0078210830688477,1.4912561178207397,-0.13163559138774872,0.04421928897500038,0.07455748319625854,0.060097239911556244,0.02370832860469818,12.0
2026-04-25T19:11:43.452154,250426_162555.015625,1,58.4138298034668,8.699167251586914,8.300000190734863,53.959999084472656,0.9200000166893005,9,211.44000244140625,1,250426_171126.000000,-5.580936908721924,12.447070121765137,0.17115359008312225,1.3807631731033325,0.8127745985984802,0.00434127077460289,-0.13099037110805511,-0.1100737452507019,0.05355539917945862,0.021016208454966545,10.0
2026-04-25T19:11:46.436208,250426_162604.000000,1,58.4127082824707,8.69873046875,8.0,43.58000183105469,0.9200000166893005,9,211.44000244140625,1,250426_171140.984375,-8.60404109954834,12.337485313415527,0.2226603776216507,2.940685272216797,0.7859920263290405,-0.0317523255944252,-0.2159593403339386,-0.04394308105111122,0.05628368258476257,0.028658362105488777,12.0
2026-04-25T19:11:49.489131,250426_162620.000000,1,58.41123962402344,8.698101997375488,8.300000190734863,46.66999816894531,0.8999999761581421,11,211.44000244140625,1,250426_171140.984375,-9.451593399047852,12.34151840209961,0.15931907296180725,0.7031323909759521,0.7815256118774414,-0.030737897381186485,-0.1527353972196579,0.03331144526600838,0.055202119052410126,0.030063623562455177,14.0
2026-04-25T19:11:52.560587,250426_162620.984375,1,58.41114044189453,8.698026657104492,8.300000190734863,45.369998931884766,0.9200000166893005,10,211.44000244140625,1,250426_171140.984375,-10.096542358398438,11.8954496383667,0.06326126307249069,0.975111186504364,0.9121852517127991,0.040483180433511734,-0.030048497021198273,-0.03821239620447159,0.05999834090471268,0.027060937136411667,14.0
2026-04-25T19:11:55.631531,250426_162628.984375,1,58.41053009033203,8.697600364685059,5.099999904632568,21.059999465942383,0.9200000166893005,10,211.44000244140625,1,250426_171142.000000,-10.492963790893555,12.364859580993652,0.09984521567821503,1.7842283248901367,0.8505463004112244,0.05944905802607536,-0.03959483653306961,-0.06976479291915894,0.06376295536756516,0.020823707804083824,14.0
2026-04-25T19:11:58.705201,250426_162638.000000,1,58.409908294677734,8.6972017288208,2.9000000953674316,48.650001525878906,0.8999999761581421,11,211.44000244140625,1,250426_171142.000000,-10.487970352172852,12.132379531860352,0.024541666731238365,0.1833907514810562,0.8521840572357178,0.01338217593729496,0.015303031541407108,0.013748746365308762,0.07006169110536575,0.01920243352651596,18.0
2026-04-25T19:12:01.666527,250426_162639.015625,1,58.4097900390625,8.697134971618652,3.5999999046325684,51.04999923706055,0.8999999761581421,11,211.44000244140625,1,250426_171142.000000,-10.317328453063965,12.102896690368652,0.012095830403268337,1.0061157941818237,0.8253359794616699,-0.009482094086706638,-0.007374178618192673,-0.0014214441180229187,0.05645700916647911,0.010095600038766861,16.0
2026-04-25T19:12:04.745964,250426_162647.015625,1,58.40864181518555,8.69666862487793,3.4000000953674316,63.470001220703125,0.8799999952316284,10,211.44000244140625,1,250426_171142.000000,-9.856939315795898,11.915000915527344,0.04277442768216133,1.672722339630127,0.6361150145530701,-0.003934547770768404,0.01985158585011959,-0.03768402338027954,0.028748098760843277,0.004227338824421167,18.0
2026-04-25T19:12:07.819234,250426_162648.000000,1,58.40848159790039,8.696633338928223,3.0999999046325684,62.93000030517578,0.9300000071525574,10,211.44000244140625,1,250426_171156.984375,-9.601698875427246,12.02575397491455,0.06516361236572266,1.1299889087677002,0.671310544013977,0.05027584731578827,0.03746659681200981,0.017745131626725197,0.027367638424038887,0.004107225686311722,22.0
2026-04-25T19:12:10.891587,250426_162656.000000,1,58.40726852416992,8.696306228637695,4.900000095367432,55.939998626708984,0.8299999833106995,11,211.44000244140625,1,250426_171156.984375,-9.070070266723633,11.721399307250977,0.040663931518793106,0.6300528645515442,0.6343247890472412,0.031897835433483124,0.023576537147164345,-0.008957150392234325,0.02692377381026745,0.0037843268364667892,20.0
2026-04-25T19:12:13.859801,250426_162704.000000,1,58.40623092651367,8.696253776550293,3.4000000953674316,53.439998626708984,0.8299999833106995,11,172.5800018310547,1,250426_171156.984375,-8.652173042297363,11.365935325622559,0.19310763478279114,3.3685600757598877,0.7092278599739075,-0.14359577000141144,0.03199268504977226,0.12508907914161682,0.0329553484916687,0.00519384304061532,17.0
2026-04-25T19:12:16.933139,250426_162704.984375,1,58.40610885620117,8.696301460266113,2.5,54.939998626708984,0.9300000071525574,10,172.5800018310547,1,250426_171212.000000,-8.650250434875488,11.117756843566895,0.054647017270326614,1.4801005125045776,1.005037784576416,-0.051655709743499756,0.0028549381531774998,0.017602093517780304,0.03775566816329956,0.007151669356971979,19.0
2026-04-25T19:12:20.002861,250426_162714.000000,1,58.40483856201172,8.696524620056152,-0.5,60.59000015258789,0.8299999833106995,11,172.5800018310547,1,250426_171212.000000,-9.090773582458496,10.851404190063477,0.08525664359331131,3.269374370574951,1.505467414855957,0.04319775477051735,-0.073475681245327,-0.0019933953881263733,0.04537548869848251,0.009719077497720718,19.0
2026-04-25T19:12:22.978019,250426_162722.000000,1,58.403770446777344,8.695989608764648,-3.200000047683716,56.58000183105469,1.0,10,172.5800018310547,1,250426_171212.984375,-9.77176284790039,11.065685272216797,0.16702909767627716,3.6847825050354004,2.1108667850494385,-0.10304336249828339,-0.09455215185880661,0.09132729470729828,0.05476509407162666,0.013211152516305447,23.0
2026-04-25T19:12:26.044983,250426_162731.015625,1,58.40256881713867,8.694934844970703,-6.300000190734863,56.68000030517578,0.8500000238418579,11,172.5800018310547,1,250426_171212.984375,-10.24312686920166,10.849519729614258,0.07659338414669037,0.8503293395042419,2.1701278686523438,0.021561671048402786,-0.0713472068309784,-0.017641304060816765,0.05425544083118439,0.014592008665204048,25.0
2026-04-25T19:12:29.117760,250426_162732.000000,1,58.40242004394531,8.694825172424316,-6.800000190734863,56.29999923706055,0.8500000238418579,11,172.5800018310547,1,250426_171212.984375,-10.981620788574219,11.236520767211914,0.10579857975244522,2.7602059841156006,2.149843692779541,-0.05664803832769394,-0.0732574611902237,0.05116330087184906,0.05150724947452545,0.013433470390737057,29.0
2026-04-25T19:12:32.190422,250426_162740.984375,1,58.40127944946289,8.694290161132812,-16.100000381469727,56.29999923706055,0.8500000238418579,11,172.5800018310547,1,250426_171228.000000,-11.69571304321289,11.021364212036133,0.07426135987043381,2.0189223289489746,2.1803226470947266,-0.04336109757423401,-0.05860902741551399,-0.014126107096672058,0.05245790258049965,0.013728742487728596,27.0
2026-04-25T19:12:35.260810,250426_162748.984375,1,58.40065002441406,8.694210052490234,-19.299999237060547,32.58000183105469,0.8700000047683716,12,172.5800018310547,1,250426_171228.000000,-11.530901908874512,11.299586296081543,0.12610916793346405,1.0066486597061157,2.051875591278076,-0.09938035160303116,0.051248595118522644,0.05831509828567505,0.04967125132679939,0.011975840665400028,29.0
2026-04-25T19:12:38.229673,250426_162750.000000,1,58.40055847167969,8.694235801696777,-19.299999237060547,36.06999969482422,0.8299999833106995,11,172.5800018310547,1,250426_171228.000000,-11.453704833984375,11.513717651367188,0.07825007289648056,1.069399356842041,1.734004259109497,-0.07620055973529816,-0.00585288368165493,0.01680159382522106,0.04399338364601135,0.01029640156775713,27.0
2026-04-25T19:12:41.305025,250426_162758.000000,1,58.399620056152344,8.69389533996582,-19.600000381469727,36.06999969482422,0.800000011920929,12,172.5800018310547,1,250426_171228.000000,-11.287054061889648,12.25052261352539,0.07423898577690125,2.1215436458587646,1.1657227277755737,-0.05267806723713875,0.024728495627641678,0.04609718173742294,0.04149763286113739,0.008328352123498917,24.0
2026-04-25T19:12:44.373689,250426_162806.000000,1,58.3985595703125,8.693204879760742,-18.600000381469727,54.720001220703125,0.8799999952316284,12,172.5800018310547,1,250426_171228.984375,-11.03693675994873,11.902425765991211,0.04471729323267937,1.4390186071395874,1.1237075328826904,0.03172288462519646,-0.023941008374094963,-0.020496904850006104,0.04024380445480347,0.008153322152793407,22.0
2026-04-25T19:12:47.447472,250426_162815.015625,1,58.397518157958984,8.691888809204102,-8.300000190734863,58.77000045776367,0.800000011920929,12,172.5800018310547,1,250426_171228.984375,-10.50651741027832,11.923677444458008,0.043677736073732376,0.44206103682518005,0.8610510230064392,0.006288260221481323,0.02985639125108719,0.03125377371907234,0.03523729369044304,0.006906809285283089,20.0
2026-04-25T19:12:50.414905,250426_162816.000000,1,58.39738845825195,8.691746711730957,-8.5,57.45000076293945,0.800000011920929,12,172.5800018310547,1,250426_171228.984375,-9.560117721557617,13.415257453918457,0.07496887445449829,0.949196994304657,0.8891178965568542,-0.04675784334540367,0.04282806068658829,0.039997413754463196,0.04716857522726059,0.010113870725035667,18.0
2026-04-25T19:12:56.559585,250426_162824.984375,1,58.39630126953125,8.690590858459473,-1.600000023841858,56.5099983215332,0.9100000262260437,10,172.5800018310547,1,250426_171228.984375,-9.4630126953125,14.457218170166016,0.08769309520721436,4.2754106521606445,1.0452015399932861,-0.025292810052633286,0.038935448974370956,0.07439342886209488,0.048062022775411606,0.011555229313671589,20.0
2026-04-25T19:12:59.522434,250426_162832.984375,1,58.395118713378906,8.69063663482666,3.200000047683716,58.970001220703125,0.8500000238418579,11,172.5800018310547,1,250426_171244.984375,-9.368300437927246,13.651806831359863,0.09471383690834045,1.2598458528518677,1.319238543510437,0.07032724469900131,0.06097595393657684,0.017513491213321686,0.05288025364279747,0.01290961354970932,22.0
2026-04-25T19:13:02.600989,250426_162842.000000,1,58.39393997192383,8.691489219665527,4.099999904632568,54.0,0.8299999833106995,11,172.5800018310547,1,250426_171244.984375,-9.402484893798828,13.628617286682129,0.06506913155317307,0.22704076766967773,1.3223682641983032,0.03986092656850815,-0.019487764686346054,0.04759543389081955,0.05225607007741928,0.012865837663412094,22.0
2026-04-25T19:13:05.674188,250426_162850.000000,1,58.39278030395508,8.690978050231934,8.899999618530273,58.27000045776367,0.8299999833106995,11,172.5800018310547,1,250426_171300.000000,-9.6754150390625,12.920269966125488,0.03265490010380745,0.3654990494251251,1.310836672782898,0.029805950820446014,0.012490589171648026,0.004683281295001507,0.04746405780315399,0.009640056639909744,22.0
2026-04-25T19:13:08.746867,250426_162851.015625,1,58.39263916015625,8.690885543823242,10.399999618530273,57.630001068115234,0.8799999952316284,10,172.5800018310547,1,250426_171300.000000,-9.726268768310547,12.742355346679688,0.5148316025733948,14.164196968078613,2.2349588871002197,0.3400416076183319,-0.025149967521429062,-0.38573411107063293,0.07856257259845734,0.013846996240317822,22.0
2026-04-25T19:13:11.817189,250426_162859.015625,1,58.3915901184082,8.690061569213867,15.600000381469727,59.220001220703125,0.9100000262260437,10,172.5800018310547,1,250426_171300.000000,-9.717856407165527,12.763335227966309,0.015161414630711079,0.857737123966217,2.2050716876983643,-0.003911241423338652,-0.014284060336649418,0.0032459660433232784,0.07587350904941559,0.012051289901137352,24.0
2026-04-25T19:13:14.749329,250426_162900.000000,1,58.391441345214844,8.689972877502441,14.300000190734863,60.29999923706055,0.800000011920929,12,172.5800018310547,1,250426_171300.000000,-10.030675888061523,12.467826843261719,0.04736289009451866,1.9279621839523315,2.171304225921631,-0.030997740104794502,0.03565533831715584,-0.0033287042751908302,0.07692895084619522,0.012171396054327488,26.0
2026-04-25T19:13:17.857958,250426_162908.000000,1,58.39046859741211,8.688570976257324,13.0,60.34000015258789,0.800000011920929,12,172.5800018310547,1,250426_171300.000000,-10.206621170043945,12.958237648010254,0.0859713926911354,1.5485917329788208,2.3823482990264893,-0.07758253067731857,-0.018349099904298782,0.03217673301696777,0.08033162355422974,0.013128532096743584,24.0
2026-04-25T19:13:20.836633,250426_162916.984375,1,58.38943099975586,8.686864852905273,15.0,57.709999084472656,0.9399999976158142,11,172.5800018310547,1,250426_171300.984375,-10.207846641540527,12.506074905395508,0.03571608290076256,1.4466421604156494,1.5640642642974854,0.017983756959438324,-0.022505877539515495,0.021111812442541122,0.04700842872262001,0.008154771290719509,24.0
2026-04-25T19:13:23.891942,250426_162918.000000,1,58.38933181762695,8.686655044555664,141.0,57.709999084472656,0.9399999976158142,11,172.5800018310547,1,250426_171300.984375,-10.140459060668945,12.312552452087402,0.04818308725953102,0.38178059458732605,1.5609409809112549,0.041604313999414444,-0.001241714577190578,-0.024272391572594643,0.046705588698387146,0.008042396977543831,24.0
2026-04-25T19:13:26.972315,250426_162926.000000,1,58.38861083984375,8.684943199157715,14.899999618530273,56.59000015258789,0.800000011920929,12,172.5800018310547,1,250426_171316.000000,-10.171616554260254,12.100131034851074,0.03776642680168152,1.0989935398101807,1.574010968208313,-0.029938768595457077,0.021021442487835884,0.009384669363498688,0.04626065120100975,0.008006039075553417,27.0
2026-04-25T19:13:30.037615,250426_162934.000000,1,58.387821197509766,8.683416366577148,10.300000190734863,56.0099983215332,0.800000011920929,12,172.5800018310547,1,250426_171316.000000,-9.99038314819336,12.156598091125488,0.043851587921381,2.1770877838134766,1.4052586555480957,-0.03907442092895508,0.005754981655627489,0.019053388386964798,0.03645613044500351,0.006224960088729858,27.0
2026-04-25T19:13:33.118142,250426_162935.015625,1,58.387718200683594,8.683234214782715,9.399999618530273,57.650001525878906,0.800000011920929,12,172.5800018310547,1,250426_171316.000000,-9.272322654724121,12.339007377624512,0.06734722852706909,0.26439619064331055,0.8595260381698608,-0.005118532106280327,0.06689620018005371,0.0058606574311852455,0.025099337100982666,0.0047014085575938225,25.0
2026-04-25T19:13:36.063588,250426_162943.015625,1,58.38700866699219,8.68150520324707,12.800000190734863,56.720001220703125,0.8100000023841858,11,172.5800018310547,1,250426_171316.000000,-7.970400810241699,12.127864837646484,0.11531374603509903,0.3775193691253662,1.1485788822174072,0.0026543540880084038,0.11092643439769745,0.031393326818943024,0.042624581605196,0.008240562863647938,27.0
2026-04-25T19:13:39.158360,250426_162944.000000,1,58.3869514465332,8.681281089782715,13.5,54.58000183105469,0.800000011920929,12,172.5800018310547,1,250426_171316.000000,-6.357392311096191,11.586902618408203,0.20787614583969116,1.2104618549346924,1.143839955329895,0.18423660099506378,0.07903061807155609,-0.05498665198683739,0.048629242926836014,0.01305968314409256,20.0
2026-04-25T19:13:42.220090,250426_162952.000000,1,58.386329650878906,8.679393768310547,5.400000095367432,57.02000045776367,0.800000011920929,12,172.5800018310547,1,250426_171331.015625,-5.575695037841797,12.20992660522461,0.1056634709239006,0.5937075614929199,1.0844368934631348,0.022519994527101517,0.10323523730039597,-0.00032313354313373566,0.047682274132966995,0.015060584992170334,18.0
2026-04-25T19:13:45.300679,250426_163000.000000,1,58.38541030883789,8.678221702575684,-0.20000000298023224,57.349998474121094,0.800000011920929,12,172.5800018310547,1,250426_171331.015625,-5.406484127044678,12.3108549118042,0.04304893687367439,0.049207594245672226,1.1007386445999146,-0.01721293479204178,-0.0394323356449604,0.0014200955629348755,0.04661402851343155,0.014975925907492638,14.0
2026-04-25T19:13:48.243324,250426_163000.984375,1,58.38528060913086,8.678106307983398,0.10000000149011612,58.33000183105469,0.800000011920929,12,172.5800018310547,1,250426_171346.000000,-5.957367420196533,12.554519653320312,0.042574699968099594,0.19103582203388214,1.1088840961456299,-0.016266854479908943,-0.039238493889570236,0.0028870664536952972,0.053051844239234924,0.013522620312869549,8.0
2026-04-25T19:13:51.342604,250426_163010.000000,1,58.38412094116211,8.67699146270752,7.400000095367432,56.34000015258789,0.800000011920929,12,172.5800018310547,1,250426_171346.000000,-6.301794528961182,12.695545196533203,0.032909344881772995,0.19936783611774445,0.5715214610099792,-0.012607349082827568,-0.02876199409365654,-0.00984008889645338,0.05348461493849754,0.009658065624535084,6.0
2026-04-25T19:13:54.405595,250426_163018.000000,1,58.383201599121094,8.67601203918457,10.800000190734863,48.0,0.8600000143051147,11,172.5800018310547,1,250426_171346.000000,-6.700695037841797,12.853802680969238,0.022651609033346176,0.04613092914223671,0.27913567423820496,-0.010511457920074463,-0.020054997876286507,-0.0006337845697999001,0.03341785818338394,0.0035958453081548214,4.0
2026-04-25T19:13:57.486402,250426_163019.015625,1,58.38309860229492,8.675878524780273,11.399999618530273,44.5,0.949999988079071,11,172.5800018310547,1,250426_171346.000000,-6.902469158172607,12.937821388244629,0.021203013136982918,0.0592036135494709,0.08196883648633957,-0.0070306407287716866,-0.01996682770550251,-0.0012098003644496202,0.014008255675435066,0.001478455844335258,2.0
2026-04-25T19:14:00.425389,250426_163027.015625,1,58.38251876831055,8.675832748413086,17.299999237060547,27.260000228881836,0.8799999952316284,12,172.5800018310547,1,250426_171346.000000,-7.214391231536865,13.048561096191406,0.013302415609359741,0.0954948142170906,0.07971887290477753,-0.004064041189849377,-0.012665817514061928,-0.0001220970880240202,0.007326250895857811,0.0006922041065990925,2.0
2026-04-25T19:14:03.528981,250426_163035.015625,1,58.38203811645508,8.676182746887207,18.600000381469727,27.260000228881836,0.9100000262260437,11,172.5800018310547,1,250426_171346.000000,-7.330880165100098,13.099781036376953,0.015172547660768032,0.08254016190767288,0.07861291617155075,-0.0061356364749372005,-0.01384416501969099,-0.0009482810273766518,0.006741009186953306,0.0005223636981099844,2.0
2026-04-25T19:14:06.591660,250426_163036.000000,1,58.3819694519043,8.676182746887207,18.799999237060547,27.260000228881836,0.8500000238418579,11,172.5800018310547,1,250426_171346.000000,-7.545385360717773,13.169503211975098,0.012399171479046345,0.10574817657470703,0.09102501720190048,-0.0023925872519612312,-0.012098200619220734,-0.0012839478440582752,0.005510170012712479,0.0003009797364939004,5.0
2026-04-25T19:14:09.563464,250426_163044.000000,1,58.3814811706543,8.67618465423584,21.5,22.549999237060547,0.9100000262260437,11,172.5800018310547,1,250426_171402.000000,-7.6327362060546875,13.20083999633789,0.006974217481911182,0.11299456655979156,0.09232314676046371,-0.0019142660312354565,-0.006648424081504345,-0.0008796300971880555,0.0048219901509583,0.00022683097631670535,5.0
2026-04-25T19:14:12.605103,250426_163052.984375,1,58.38087844848633,8.676376342773438,27.0,25.829999923706055,0.8799999952316284,12,172.5800018310547,1,250426_171402.000000,-7.686972618103027,13.224407196044922,0.006517489906400442,0.10252121835947037,0.07155072689056396,-0.003427599323913455,-0.004513067193329334,0.0032189227640628815,0.004453902132809162,0.0001657611719565466,5.0
2026-04-25T19:14:15.714124,250426_163054.000000,1,58.380828857421875,8.676370620727539,27.5,22.690000534057617,0.8799999952316284,12,172.5800018310547,1,250426_171402.000000,-7.731959819793701,13.243861198425293,0.006667194422334433,0.05994560942053795,0.06958960741758347,-0.00473032845184207,-0.004668711684644222,-0.000527832773514092,0.004282193724066019,0.0001249549095518887,9.0
2026-04-25T19:14:18.694952,250426_163102.000000,1,58.3804817199707,8.676279067993164,31.5,22.690000534057617,0.9100000262260437,11,172.5800018310547,1,250426_171402.000000,-7.928745269775391,13.353437423706055,0.019527165219187737,0.4797772169113159,0.25000032782554626,0.011144468560814857,-0.013255290687084198,0.009022647514939308,0.010728739202022552,0.00027224121731705964,19.0
2026-04-25T19:14:21.756025,250426_163103.015625,1,58.38045120239258,8.676279067993164,32.0,16.31999969482422,0.9100000262260437,11,172.5800018310547,1,250426_171402.000000,-8.064654350280762,13.290775299072266,0.023641269654035568,0.0717545747756958,0.24956125020980835,0.014132760465145111,-0.01621921919286251,-0.009803654626011848,0.010823003947734833,0.0002851683530025184,18.0
2026-04-25T19:14:24.829273,250426_163111.015625,1,58.380340576171875,8.676633834838867,33.599998474121094,9.489999771118164,1.0099999904632568,9,172.5800018310547,1,250426_171402.000000,-9.863304138183594,12.998071670532227,0.20168077945709229,0.7703719735145569,0.3026754856109619,0.1482546031475067,-0.13589966297149658,-0.015066096559166908,0.06231935694813728,0.006012077443301678,20.0
2026-04-25T19:14:27.899672,250426_163120.000000,1,58.38026809692383,8.676918983459473,34.70000076293945,0.0,0.9700000882148743,10,172.5800018310547,1,250426_171402.000000,-11.316184997558594,12.386216163635254,0.09117837995290756,1.5855376720428467,0.45207974314689636,0.03169919550418854,-0.07316264510154724,-0.044225387275218964,0.06647513061761856,0.009996455162763596,22.0
2026-04-25T19:14:30.965698,250426_163128.000000,1,58.38029098510742,8.676827430725098,35.79999923706055,0.0,1.0199999809265137,9,172.5800018310547,1,250426_171418.000000,-10.785368919372559,12.07070255279541,0.08414123952388763,1.8231014013290405,0.7609192132949829,0.014396283775568008,0.07922191172838211,0.0244209636002779,0.05952371656894684,0.011087157763540745,24.0
2026-04-25T19:14:33.944493,250426_163128.984375,1,58.38029098510742,8.6768217086792,35.900001525878906,0.0,1.0199999809265137,9,172.5800018310547,1,250426_171418.000000,-9.62573528289795,12.36330509185791,0.11470423638820648,2.382474184036255,0.7995617985725403,-0.0455174595117569,0.09617727249860764,0.04283870384097099,0.049582500010728836,0.013403565622866154,22.0
2026-04-25T19:14:37.012530,250426_163138.000000,1,58.380348205566406,8.67680835723877,35.79999923706055,2.359999895095825,0.9700000882148743,10,172.5800018310547,1,250426_171418.000000,-8.568266868591309,12.605719566345215,0.11596421152353287,1.6625916957855225,0.8013907074928284,-0.04116373136639595,0.10106673091650009,0.039227038621902466,0.04206395894289017,0.01387110073119402,25.0
2026-04-25T19:14:40.014288,250426_163146.000000,1,58.38037109375,8.676752090454102,35.0,2.680000066757202,0.9700000882148743,10,172.5800018310547,1,250426_171418.000000,-7.804632186889648,13.149497032165527,0.09764441102743149,1.485360860824585,0.9275453090667725,-0.07719767093658447,-0.05160535126924515,0.030196666717529297,0.03097875975072384,0.010337765328586102,25.0
2026-04-25T19:14:43.153734,250426_163147.015625,1,58.38037109375,8.676733016967773,34.79999923706055,4.489999771118164,0.9700000882148743,10,172.5800018310547,1,250426_171418.000000,-8.10380744934082,13.202237129211426,0.05190204456448555,0.4406049847602844,0.8967469334602356,0.01866283267736435,-0.04633265733718872,0.014099860563874245,0.03402075543999672,0.010099615901708603,21.0
2026-04-25T19:14:46.132606,250426_163155.015625,1,58.380348205566406,8.676608085632324,33.20000076293945,0.0,0.9700000882148743,10,172.5800018310547,1,250426_171418.000000,-8.22504997253418,12.921467781066895,0.06341923773288727,0.5578544735908508,0.8325395584106445,0.056643035262823105,-0.02831781469285488,-0.0034157964400947094,0.040337949991226196,0.009044862352311611,25.0
2026-04-25T19:14:49.197962,250426_163147.015625,1,58.38037109375,8.676733016967773,34.79999923706055,4.489999771118164,0.9700000882148743,10,172.5800018310547,1,250426_171418.000000,-8.199533462524414,12.692736625671387,0.03588790073990822,1.4196323156356812,0.8105382919311523,0.028464369475841522,-0.0007298261625692248,-0.021844644099473953,0.04021689295768738,0.007303593680262566,24.0
2026-04-25T19:14:52.271775,250426_163146.000000,1,58.38037109375,8.676752090454102,35.0,2.680000066757202,0.9700000882148743,10,172.5800018310547,1,250426_171448.000000,-8.540534019470215,12.121548652648926,0.1117510050535202,1.3689343929290771,0.7338348031044006,0.06953193247318268,-0.03264247253537178,-0.08116690814495087,0.032119255512952805,0.004922016058117151,22.0
2026-04-25T19:14:55.342948,250426_163138.000000,1,58.380348205566406,8.67680835723877,35.79999923706055,2.359999895095825,0.9700000882148743,10,172.5800018310547,1,250426_171448.000000,-9.00511646270752,11.938942909240723,0.05695941299200058,1.1683157682418823,0.6217406988143921,0.032094910740852356,-0.042022764682769775,-0.0211749579757452,0.025536280125379562,0.0038135480135679245,24.0
2026-04-25T19:14:58.284358,250426_163128.984375,1,58.38029098510742,8.6768217086792,35.900001525878906,0.0,1.0199999809265137,9,172.5800018310547,1,250426_171448.000000,-9.053194046020508,11.6309175491333,0.07416068762540817,3.257779359817505,1.2771360874176025,0.05423104390501976,0.028046295046806335,0.04209758713841438,0.03394704312086105,0.005166542716324329,26.0
2026-04-25T19:15:01.386411,250426_163128.000000,1,58.38029098510742,8.676827430725098,35.79999923706055,0.0,1.0199999809265137,9,172.5800018310547,1,250426_171448.000000,-9.83067512512207,12.061013221740723,0.10159225761890411,1.3632012605667114,1.272222638130188,-0.07735693454742432,-0.05648655444383621,0.03385501727461815,0.03349310904741287,0.0061066364869475365,24.0
2026-04-25T19:15:04.456723,250426_163120.000000,1,58.38026809692383,8.676918983459473,34.70000076293945,0.0,0.9700000882148743,10,172.5800018310547,1,250426_171448.984375,-9.765154838562012,12.234762191772461,0.036092232912778854,0.402138888835907,1.274190902709961,-0.013074195012450218,0.03112952411174774,0.012754111550748348,0.03278769180178642,0.006037401966750622,23.0
2026-04-25T19:15:07.526530,250426_163111.015625,1,58.380340576171875,8.676633834838867,33.599998474121094,9.489999771118164,1.0099999904632568,9,172.5800018310547,1,250426_171448.984375,-9.642437934875488,12.304293632507324,0.052239783108234406,1.3655575513839722,1.2776328325271606,-0.038818616420030594,0.024606265127658844,-0.02483227103948593,0.03229406103491783,0.005569330416619778,25.0
2026-04-25T19:15:10.497324,250426_163103.015625,1,58.38045120239258,8.676279067993164,32.0,16.31999969482422,0.9100000262260437,11,172.5800018310547,1,250426_171448.984375,-10.179586410522461,12.343302726745605,0.10679206252098083,0.5425714254379272,1.29000723361969,0.013175125233829021,-0.10543981939554214,0.010649234987795353,0.035007357597351074,0.005546418484300375,21.0
2026-04-25T19:15:13.568711,250426_163102.000000,1,58.3804817199707,8.676279067993164,31.5,22.690000534057617,0.9100000262260437,11,172.5800018310547,1,250426_171448.984375,-11.326950073242188,12.360620498657227,0.07187063246965408,1.1275007724761963,0.7346700429916382,-0.024035096168518066,-0.06768550723791122,0.0025248760357499123,0.030087484046816826,0.005433759652078152,17.0
2026-04-25T19:15:16.641648,250426_163054.000000,1,58.380828857421875,8.676370620727539,27.5,22.690000534057617,0.8799999952316284,12,172.5800018310547,1,250426_171448.984375,-12.174354553222656,12.155998229980469,0.08028167486190796,0.9972274899482727,0.7057539820671082,0.030412830412387848,-0.06875699758529663,0.028154605999588966,0.030934516340494156,0.005570433102548122,17.0
2026-04-25T19:15:19.713727,250426_163052.984375,1,58.38087844848633,8.676376342773438,27.0,25.829999923706055,0.8799999952316284,12,172.5800018310547,1,250426_171504.000000,-12.1180419921875,11.929484367370605,0.023195499554276466,1.1137293577194214,0.7070289254188538,-0.009922865778207779,-0.02096226066350937,0.00038931705057621,0.03236525505781174,0.005577887408435345,21.0
2026-04-25T19:15:22.686153,250426_163044.000000,1,58.3814811706543,8.67618465423584,21.5,22.549999237060547,0.9100000262260437,11,172.5800018310547,1,250426_171504.000000,-11.315717697143555,11.815519332885742,0.13057059049606323,0.43527519702911377,0.7058112025260925,0.032662779092788696,0.1263023167848587,0.005435474216938019,0.0334976390004158,0.006767494138330221,21.0
2026-04-25T19:15:25.754561,250426_163036.000000,1,58.3819694519043,8.676182746887207,18.799999237060547,27.260000228881836,0.8500000238418579,11,172.5800018310547,1,250426_171504.000000,-9.773591995239258,11.899953842163086,0.12749433517456055,0.12102750688791275,0.5312572717666626,0.00773504888638854,0.12721318006515503,-0.003432726487517357,0.048177845776081085,0.009523430839180946,21.0
2026-04-25T19:15:28.739289,250426_163035.015625,1,58.38203811645508,8.676182746887207,18.600000381469727,27.260000228881836,0.9100000262260437,11,172.5800018310547,1,250426_171504.000000,-10.53084659576416,11.3638277053833,0.11880744248628616,1.418319582939148,0.5730990171432495,0.02442064881324768,-0.10062753409147263,-0.05824895203113556,0.05707092583179474,0.013155336491763592,19.0
2026-04-25T19:15:31.797646,250426_163027.015625,1,58.38251876831055,8.675832748413086,17.299999237060547,27.260000228881836,0.8799999952316284,12,172.5800018310547,1,250426_171519.015625,-11.135899543762207,10.945894241333008,0.07844401150941849,0.8165975213050842,0.5677938461303711,0.07751911878585815,-0.011007428169250488,-0.004804705269634724,0.057190511375665665,0.01343662478029728,21.0
2026-04-25T19:15:34.872036,250426_163019.015625,1,58.38309860229492,8.675878524780273,11.399999618530273,44.5,0.949999988079071,11,172.5800018310547,1,250426_171519.015625,-10.739964485168457,10.350515365600586,0.059704817831516266,0.8315061926841736,0.5565728545188904,0.045013248920440674,0.034843560308218,-0.018011078238487244,0.051718033850193024,0.014440289698541164,18.0
2026-04-25T19:15:37.941472,250426_163018.000000,1,58.383201599121094,8.67601203918457,10.800000190734863,48.0,0.8600000143051147,11,172.5800018310547,1,250426_171519.015625,-10.218221664428711,10.555051803588867,0.07903898507356644,2.646921157836914,0.6313677430152893,-0.018096787855029106,0.02324577048420906,-0.07334372401237488,0.04776914045214653,0.012302783317863941,22.0
2026-04-25T19:15:41.013030,250426_163010.000000,1,58.38412094116211,8.67699146270752,7.400000095367432,56.34000015258789,0.800000011920929,12,172.5800018310547,1,250426_171519.015625,-10.229814529418945,11.055876731872559,0.057082511484622955,0.869064211845398,0.6285721659660339,-0.009883999824523926,-0.05043121054768562,-0.024847786873579025,0.03971309959888458,0.008947664871811867,24.0
2026-04-25T19:15:43.983513,250426_163000.984375,1,58.38528060913086,8.678106307983398,0.10000000149011612,58.33000183105469,0.800000011920929,12,172.5800018310547,1,250426_171519.015625,-10.795947074890137,11.386186599731445,0.054511573165655136,1.4546560049057007,0.5590860247612,0.027406876906752586,-0.04654111713171005,-0.007368811871856451,0.023728877305984497,0.005156285595148802,24.0
2026-04-25T19:15:47.008301,250426_163000.000000,1,58.38541030883789,8.678221702575684,-0.20000000298023224,57.349998474121094,0.800000011920929,12,172.5800018310547,1,250426_171534.000000,-10.717870712280273,11.375958442687988,0.02081301249563694,0.24881494045257568,0.5731682777404785,0.002519116969779134,-0.00230496097356081,-0.02053101733326912,0.0181801188737154,0.003665628843009472,25.0
2026-04-25T19:15:50.053348,250426_162952.000000,1,58.386329650878906,8.679393768310547,5.400000095367432,57.02000045776367,0.800000011920929,12,172.5800018310547,1,250426_171534.000000,-10.334671974182129,11.468985557556152,0.056024741381406784,0.7426462173461914,0.5858570337295532,-0.019013643264770508,0.04724148288369179,-0.023355841636657715,0.01783820241689682,0.003429062431678176,23.0
2026-04-25T19:15:53.197679,250426_162944.000000,1,58.3869514465332,8.681281089782715,13.5,54.58000183105469,0.800000011920929,12,172.5800018310547,1,250426_171534.000000,-10.17885684967041,11.330427169799805,0.03833549842238426,0.6137377023696899,0.4927738904953003,0.03618645668029785,0.008326271548867226,-0.009530155919492245,0.01649867184460163,0.0030869930051267147,23.0
2026-04-25T19:15:56.168042,250426_162943.015625,1,58.38700866699219,8.68150520324707,12.800000190734863,56.720001220703125,0.8100000023841858,11,172.5800018310547,1,250426_171534.000000,-9.879195213317871,10.999802589416504,0.18794958293437958,4.578187942504883,1.4196743965148926,0.03167435899376869,0.10970743745565414,0.14928516745567322,0.04024411737918854,0.004971356596797705,23.0
2026-04-25T19:15:59.239593,250426_162935.015625,1,58.387718200683594,8.683234214782715,9.399999618530273,57.650001525878906,0.800000011920929,12,172.5800018310547,1,250426_171548.984375,-9.193082809448242,11.419904708862305,0.049513448029756546,1.327378511428833,1.4152616262435913,0.035301417112350464,0.03471864014863968,-8.694455027580261e-05,0.04341885820031166,0.006212329491972923,25.0
2026-04-25T19:16:02.311049,250426_162934.000000,1,58.387821197509766,8.683416366577148,10.300000190734863,56.0099983215332,0.800000011920929,12,172.5800018310547,1,250426_171548.984375,-8.461957931518555,11.442968368530273,0.09243402630090714,1.875907063484192,1.4139496088027954,-0.01835562288761139,0.08442623913288116,0.03285316377878189,0.04322385415434837,0.007099888287484646,30.0
2026-04-25T19:16:05.384210,250426_162926.000000,1,58.38861083984375,8.684943199157715,14.899999618530273,56.59000015258789,0.800000011920929,12,172.5800018310547,1,250426_171548.984375,-7.376701354980469,11.399090766906738,0.029831156134605408,0.8397477269172668,1.4148255586624146,0.0020264673512429,0.023613277822732925,0.018116414546966553,0.044744666665792465,0.008414776995778084,28.0
2026-04-25T19:16:08.323127,250426_162918.000000,1,58.38933181762695,8.686655044555664,141.0,57.709999084472656,0.9399999976158142,11,172.5800018310547,1,250426_171548.984375,-7.364272117614746,11.510614395141602,0.08287688344717026,0.11900123953819275,1.4157357215881348,-0.067064069211483,0.011513651348650455,0.04731198027729988,0.04680556058883667,0.00840720348060131,26.0
2026-04-25T19:16:11.426091,250426_162916.984375,1,58.38943099975586,8.686864852905273,15.0,57.709999084472656,0.9399999976158142,11,172.5800018310547,1,250426_171548.984375,-7.533203125,11.089722633361816,0.02328747883439064,0.4713454246520996,0.6312791705131531,-0.009090053848922253,-0.006177528295665979,0.02053084969520569,0.03209981694817543,0.005299201235175133,26.0
2026-04-25T19:16:14.498758,250426_162908.000000,1,58.39046859741211,8.688570976257324,13.0,60.34000015258789,0.800000011920929,12,172.5800018310547,1,250426_171604.000000,-7.723423957824707,11.491950988769531,0.04666132852435112,1.9861843585968018,0.6786513924598694,-0.011636908166110516,-0.02182687073945999,-0.039565764367580414,0.03310596942901611,0.005308729596436024,20.0
2026-04-25T19:16:17.570684,250426_162900.000000,1,58.391441345214844,8.689972877502441,14.300000190734863,60.29999923706055,0.800000011920929,12,172.5800018310547,1,250426_171604.000000,-8.277056694030762,11.670585632324219,0.10088559985160828,0.5259347558021545,0.6538726687431335,-0.031380895525217056,-0.09541013836860657,0.009489459916949272,0.030617790296673775,0.004565478768199682,20.0
2026-04-25T19:16:20.539214,250426_162859.015625,1,58.3915901184082,8.690061569213867,15.600000381469727,59.220001220703125,0.9100000262260437,10,172.5800018310547,1,250426_171604.000000,-9.020377159118652,11.828673362731934,0.09563566744327545,0.4877975285053253,0.6423819661140442,0.02394840680062771,-0.09218812733888626,-0.008602607995271683,0.02941383607685566,0.004613697994500399,18.0
2026-04-25T19:16:23.610772,250426_162851.015625,1,58.39263916015625,8.690885543823242,10.399999618530273,57.630001068115234,0.8799999952316284,10,172.5800018310547,1,250426_171604.000000,-9.351978302001953,11.58487319946289,0.09632547944784164,0.7259454727172852,0.6274536848068237,0.09027373045682907,-0.006595738232135773,-0.032950688153505325,0.028772085905075073,0.005588681902736425,20.0
2026-04-25T19:16:26.683084,250426_162850.000000,1,58.39278030395508,8.690978050231934,8.899999618530273,58.27000045776367,0.8299999833106995,11,172.5800018310547,1,250426_171604.000000,-9.180935859680176,11.68707275390625,0.01205619890242815,1.123261570930481,0.6813564300537109,0.006621143780648708,0.003922814503312111,-0.009280296973884106,0.030352475121617317,0.005074657965451479,18.0
2026-04-25T19:16:29.638185,250426_162842.000000,1,58.39393997192383,8.691489219665527,4.099999904632568,54.0,0.8299999833106995,11,172.5800018310547,1,250426_171604.000000,-8.468928337097168,12.609367370605469,0.11994551122188568,1.8716316223144531,0.6522221565246582,-0.1180434301495552,0.011659106239676476,0.017797207459807396,0.03263586387038231,0.006697498727589846,20.0
2026-04-25T19:16:32.724145,250426_162832.984375,1,58.395118713378906,8.69063663482666,3.200000047683716,58.970001220703125,0.8500000238418579,11,172.5800018310547,1,250426_171604.000000,-8.449637413024902,12.048126220703125,0.06585387885570526,0.5181057453155518,0.6513040661811829,0.05045633390545845,0.013479430228471756,-0.040114786475896835,0.03257400169968605,0.006081266328692436,24.0
2026-04-25T19:16:35.797839,250426_162824.984375,1,58.39630126953125,8.690590858459473,-1.600000023841858,56.5099983215332,0.9100000262260437,10,172.5800018310547,1,250426_171620.000000,-7.367961883544922,11.40235710144043,0.11587543785572052,1.559847354888916,0.6604281067848206,0.0913793295621872,0.0448230616748333,-0.05538798123598099,0.03333570435643196,0.007109600119292736,26.0
2026-04-25T19:16:38.870252,250426_162824.000000,1,58.39643096923828,8.690656661987305,-2.5,54.880001068115234,0.9100000262260437,10,172.5800018310547,1,250426_171620.000000,-6.914225101470947,10.59837532043457,0.1097574308514595,1.3020989894866943,0.6653032898902893,0.09715393930673599,0.050561245530843735,0.007167002186179161,0.03199678659439087,0.008111399598419666,24.0
2026-04-25T19:16:41.837058,250426_162816.000000,1,58.39738845825195,8.691746711730957,-8.5,57.45000076293945,0.800000011920929,12,172.5800018310547,1,250426_171620.000000,-7.416538238525391,10.016973495483398,0.06285225600004196,1.1282366514205933,0.5765208005905151,0.009934796020388603,-0.04798555001616478,-0.03935851529240608,0.03189614787697792,0.00926410872489214,22.0
2026-04-25T19:16:44.909234,250426_162815.015625,1,58.397518157958984,8.691888809204102,-8.300000190734863,58.77000045776367,0.800000011920929,12,172.5800018310547,1,250426_171620.000000,-7.6927666664123535,10.770829200744629,0.17302939295768738,5.181615352630615,0.9629548788070679,-0.16808626055717468,-0.036694128066301346,0.018431589007377625,0.0383426696062088,0.010083471424877644,19.0
2026-04-25T19:16:47.910156,250426_162806.000000,1,58.3985595703125,8.693204879760742,-18.600000381469727,54.720001220703125,0.8799999952316284,12,172.5800018310547,1,250426_171620.000000,-7.830381870269775,11.63680648803711,0.08043529838323593,5.019151210784912,1.3777579069137573,-0.02707980014383793,-0.03154652938246727,-0.06885737180709839,0.04391760379076004,0.012012524530291557,23.0
2026-04-25T19:16:51.054515,250426_162758.000000,1,58.399620056152344,8.69389533996582,-19.600000381469727,36.06999969482422,0.800000011920929,12,172.5800018310547,1,250426_171620.000000,-8.179165840148926,12.15825080871582,0.030319536104798317,0.5593427419662476,1.6322895288467407,-0.016247836872935295,0.01844889670610428,-0.01774599403142929,0.058445513248443604,0.015021369792521,23.0
2026-04-25T19:16:54.025114,250426_162750.000000,1,58.40055847167969,8.694235801696777,-19.299999237060547,36.06999969482422,0.8299999833106995,11,172.5800018310547,1,250426_171620.000000,-8.293351173400879,12.776713371276855,0.09036964178085327,4.692490577697754,1.8659672737121582,0.05085955560207367,-0.07461781054735184,-0.003487185575067997,0.06438011676073074,0.016318442299962044,21.0
2026-04-25T19:16:57.094399,250426_162748.984375,1,58.40065002441406,8.694210052490234,-19.299999237060547,32.58000183105469,0.8700000047683716,12,172.5800018310547,1,250426_171620.000000,-8.74707317352295,12.68709659576416,0.03860601782798767,1.7049057483673096,1.8526129722595215,-0.021588938310742378,0.015467345714569092,-0.028019698336720467,0.06359454989433289,0.01569441147148609,20.0
2026-04-25T19:17:00.167793,250426_162740.984375,1,58.40127944946289,8.694290161132812,-16.100000381469727,56.29999923706055,0.8500000238418579,11,172.5800018310547,1,250426_171650.000000,-8.634047508239746,12.533771514892578,0.04478457570075989,1.8439278602600098,1.7250046730041504,-0.0008456606883555651,0.04020165279507637,-0.019717253744602203,0.06125331670045853,0.013589081354439259,18.0
2026-04-25T19:17:03.239288,250426_162732.000000,1,58.40242004394531,8.694825172424316,-6.800000190734863,56.29999923706055,0.8500000238418579,11,172.5800018310547,1,250426_171650.000000,-8.950206756591797,12.60183334350586,0.08929780125617981,1.3950835466384888,1.6131880283355713,-0.003225204534828663,-0.0724211037158966,-0.05214286968111992,0.0614212304353714,0.012095259502530098,18.0
2026-04-25T19:17:06.208588,250426_162731.015625,1,58.40256881713867,8.694934844970703,-6.300000190734863,56.68000030517578,0.8500000238418579,11,172.5800018310547,1,250426_171650.000000,-10.362789154052734,12.233858108520508,0.11995954066514969,0.8795731067657471,1.3277080059051514,0.06736992299556732,-0.0968865379691124,0.02155420184135437,0.04671567305922508,0.009904429316520691,20.0
2026-04-25T19:17:09.282101,250426_162722.000000,1,58.403770446777344,8.695989608764648,-3.200000047683716,56.58000183105469,1.0,10,172.5800018310547,1,250426_171650.000000,-10.949621200561523,13.033252716064453,0.08248073607683182,0.49513372778892517,0.7118247747421265,-0.06771262735128403,-0.0434003546833992,-0.018288826569914818,0.03030386194586754,0.007695975713431835,18.0
2026-04-25T19:17:12.352655,250426_162714.000000,1,58.40483856201172,8.696524620056152,-0.5,60.59000015258789,0.8299999833106995,11,172.5800018310547,1,250426_171650.000000,-10.42096996307373,14.359375953674316,0.08761654794216156,2.013101816177368,0.6732040047645569,-0.0859239399433136,0.01697990484535694,-0.0023277848958969116,0.029524680227041245,0.008749518543481827,20.0
2026-04-25T19:17:15.423644,250426_162704.984375,1,58.40610885620117,8.696301460266113,2.5,54.939998626708984,0.9300000071525574,10,172.5800018310547,1,250426_171650.000000,-9.563281059265137,13.596455574035645,0.14571736752986908,1.3556222915649414,0.6165952086448669,0.12355075776576996,0.06290623545646667,-0.04485052451491356,0.026862138882279396,0.010252672247588634,18.0
2026-04-25T19:17:18.398088,250426_162704.000000,1,58.40623092651367,8.696253776550293,3.4000000953674316,53.439998626708984,0.8299999833106995,11,172.5800018310547,1,250426_171650.000000,-7.043562889099121,10.696059226989746,0.3277468979358673,3.2191994190216064,0.7305376529693604,0.1806226521730423,0.27321189641952515,0.012196190655231476,0.09587381780147552,0.028256315737962723,18.0
2026-04-25T19:17:21.465706,250426_162656.000000,1,58.40726852416992,8.696306228637695,4.900000095367432,55.939998626708984,0.8299999833106995,11,211.44000244140625,1,250426_171706.000000,-6.6917924880981445,10.755694389343262,0.06471331417560577,2.692589282989502,0.7620341181755066,0.032655682414770126,-0.02394145540893078,-0.050479955971241,0.0961649939417839,0.028221579268574715,16.0
2026-04-25T19:17:24.540602,250426_162648.000000,1,58.40848159790039,8.696633338928223,3.0999999046325684,62.93000030517578,0.9300000071525574,10,211.44000244140625,1,250426_171706.000000,-7.087716102600098,10.885839462280273,0.11493517458438873,1.6273207664489746,0.8349851965904236,0.10895958542823792,-0.03337585926055908,-0.01496511697769165,0.09758171439170837,0.028517937287688255,22.0
2026-04-25T19:17:27.612978,250426_162647.015625,1,58.40864181518555,8.69666862487793,3.4000000953674316,63.470001220703125,0.8799999952316284,10,211.44000244140625,1,250426_171706.000000,-7.372883319854736,10.744301795959473,0.04518778249621391,0.671334981918335,0.825978696346283,0.037115104496479034,-0.02563214860856533,0.0027198733296245337,0.10498713701963425,0.026945672929286957,25.0
2026-04-25T19:17:30.581408,250426_162639.015625,1,58.4097900390625,8.697134971618652,3.5999999046325684,51.04999923706055,0.8999999761581421,11,211.44000244140625,1,250426_171706.000000,-7.366847038269043,10.508933067321777,0.07070988416671753,0.6974912285804749,0.8283740282058716,-0.04976101592183113,-0.04417324438691139,-0.02392599731683731,0.10914646834135056,0.02459481917321682,25.0
2026-04-25T19:17:33.587410,250426_162638.000000,1,58.409908294677734,8.6972017288208,2.9000000953674316,48.650001525878906,0.8999999761581421,11,211.44000244140625,1,250426_171720.984375,-7.616997718811035,10.365535736083984,0.11788558959960938,1.8262778520584106,0.7665377259254456,0.088394396007061,-0.06132568418979645,0.04819341376423836,0.0350707471370697,0.005464272573590279,25.0
2026-04-25T19:17:36.722822,250426_162628.984375,1,58.41053009033203,8.697600364685059,5.099999904632568,21.059999465942383,0.9200000166893005,10,211.44000244140625,1,250426_171720.984375,-7.511465072631836,10.182572364807129,0.035059139132499695,1.2284833192825317,0.7909771203994751,0.031709764152765274,-0.0121268630027771,-0.008750605396926403,0.02892875112593174,0.004366518463939428,25.0
2026-04-25T19:17:39.797342,250426_162620.984375,1,58.41114044189453,8.698026657104492,8.300000190734863,45.369998931884766,0.9200000166893005,10,211.44000244140625,1,250426_171720.984375,-6.55565881729126,10.78382682800293,0.11876329034566879,1.0646690130233765,0.7790645360946655,0.015982605516910553,0.09904614835977554,0.06355419754981995,0.03438659757375717,0.00634365389123559,20.0
2026-04-25T19:17:42.765125,250426_162620.000000,1,58.41123962402344,8.698101997375488,8.300000190734863,46.66999816894531,0.8999999761581421,11,211.44000244140625,1,250426_171720.984375,-6.409160614013672,11.566324234008789,0.09575096517801285,1.1876100301742554,0.8814769387245178,-0.06904750317335129,0.04377729818224907,-0.049842122942209244,0.0361667200922966,0.007780725136399269,20.0
2026-04-25T19:17:45.772276,250426_162604.000000,1,58.4127082824707,8.69873046875,8.0,43.58000183105469,0.9200000166893005,9,211.44000244140625,1,250426_171720.984375,-6.682980060577393,12.136957168579102,0.05696329474449158,0.7305797338485718,0.8653652667999268,0.031477026641368866,-0.03890671953558922,-0.027208104729652405,0.03710292652249336,0.0076781101524829865,22.0
2026-04-25T19:17:48.908828,250426_162555.015625,1,58.4138298034668,8.699167251586914,8.300000190734863,53.959999084472656,0.9200000166893005,9,211.44000244140625,1,250426_171720.984375,-6.814826488494873,12.330201148986816,0.04445360228419304,0.7895992994308472,0.8402834534645081,-0.023166298866271973,-0.03626108169555664,0.01116150338202715,0.037248123437166214,0.007299912627786398,26.0
2026-04-25T19:17:51.879548,250426_162554.000000,1,58.41395950317383,8.699219703674316,8.300000190734863,53.33000183105469,0.9200000166893005,9,211.44000244140625,1,250426_171720.984375,-7.432664394378662,12.72795581817627,0.07014599442481995,0.8796463012695312,0.7288800477981567,0.03552718088030815,-0.04671802744269371,-0.03841492161154747,0.03403777256608009,0.006179056596010923,24.0
2026-04-25T19:17:54.909675,250426_162546.000000,1,58.41511154174805,8.699652671813965,9.899999618530273,58.040000915527344,0.9200000166893005,9,211.44000244140625,1,250426_171751.015625,-8.649404525756836,12.687826156616211,0.08121626824140549,1.261441707611084,0.5145561695098877,0.008397049270570278,-0.06690262258052826,-0.04527264088392258,0.024366572499275208,0.004853519611060619,24.0
2026-04-25T19:17:57.952459,250426_162544.984375,1,58.41524887084961,8.69970989227295,10.0,55.43000030517578,0.8700000047683716,10,211.44000244140625,1,250426_171751.015625,-9.030385971069336,12.619043350219727,0.04310457035899162,0.9959948658943176,0.4604044556617737,-0.013775894418358803,-0.02519572526216507,0.032146599143743515,0.021688062697649002,0.00438082916662097,24.0
2026-04-25T19:18:01.094107,250426_162536.984375,1,58.416160583496094,8.700133323669434,10.300000190734863,37.810001373291016,0.8299999833106995,11,211.44000244140625,1,250426_171751.015625,-9.336819648742676,11.94674015045166,0.10455027967691422,0.5863633751869202,0.45996546745300293,0.09405454248189926,-0.041818998754024506,0.018321476876735687,0.02023630030453205,0.00524958735331893,24.0
2026-04-25T19:18:04.063919,250426_162536.000000,1,58.4162483215332,8.70021915435791,10.399999618530273,39.650001525878906,0.8299999833106995,11,211.44000244140625,1,250426_171751.015625,-9.419201850891113,11.13471794128418,0.04720861837267876,0.7343482375144958,0.46481528878211975,0.03241962194442749,-0.033474285155534744,0.007556065451353788,0.02117624320089817,0.005831325426697731,22.0
2026-04-25T19:18:07.138372,250426_162527.015625,1,58.41716003417969,8.70009708404541,8.800000190734863,29.75,0.9300000071525574,10,211.44000244140625,1,250426_171751.015625,-9.703425407409668,10.276988983154297,0.0673656016588211,0.8298472762107849,0.4957323372364044,0.05370276793837547,0.03678412735462189,-0.01735123060643673,0.020767133682966232,0.006655220407992601,22.0
2026-04-25T19:18:10.208862,250426_162519.015625,1,58.41754913330078,8.699128150939941,9.899999618530273,29.75,0.8600000143051147,10,211.44000244140625,1,250426_171806.000000,-10.157294273376465,9.391523361206055,0.08376583456993103,0.5499919056892395,0.5259414315223694,0.0720793828368187,-0.03453945368528366,-0.025065992027521133,0.025667689740657806,0.007002594880759716,22.0
2026-04-25T19:18:13.281402,250426_162511.015625,1,58.41807174682617,8.697823524475098,11.899999618530273,52.529998779296875,0.8299999833106995,11,211.44000244140625,1,250426_171806.000000,-10.630270004272461,8.982038497924805,0.07111579924821854,0.7996373772621155,0.5689181685447693,0.05054004490375519,-0.04830479621887207,-0.013031059876084328,0.02516300417482853,0.00745370052754879,22.0
2026-04-25T19:18:16.250301,250426_162510.000000,1,58.41815185546875,8.69762134552002,11.699999809265137,52.45000076293945,0.8299999833106995,11,211.44000244140625,1,250426_171806.000000,-10.58568000793457,10.084380149841309,0.23641934990882874,0.8228722214698792,0.5816764831542969,-0.22959405183792114,0.040603142231702805,0.03914159536361694,0.052454520016908646,0.01132064126431942,22.0
2026-04-25T19:18:19.268661,250426_162502.000000,1,58.419071197509766,8.697020530700684,11.399999618530273,40.349998474121094,0.9100000262260437,10,211.44000244140625,1,250426_171806.000000,-10.309051513671875,12.71565055847168,0.10266917198896408,0.4198541045188904,0.6497717499732971,-0.10198261588811874,0.00993162952363491,0.006470485590398312,0.06107914447784424,0.016757860779762268,22.0
2026-04-25T19:18:22.393888,250426_162500.984375,1,58.41913986206055,8.697145462036133,11.300000190734863,42.31999969482422,0.9100000262260437,10,211.44000244140625,1,250426_171806.000000,-10.078907012939453,13.779690742492676,0.07815679162740707,0.515099287033081,0.6308382153511047,-0.07241504639387131,0.025142520666122437,0.01524464413523674,0.06160416454076767,0.018056225031614304,22.0
2026-04-25T19:18:25.465032,250426_162452.984375,1,58.41950988769531,8.698704719543457,12.600000381469727,65.62000274658203,1.0399999618530273,8,211.44000244140625,1,250426_171806.000000,-9.726297378540039,14.260390281677246,0.09006263315677643,2.475447416305542,0.6296064257621765,-0.062417708337306976,-0.04313555359840393,0.04852456599473953,0.06199700012803078,0.018307019025087357,18.0
2026-04-25T19:18:28.403393,250426_162452.000000,1,58.41965866088867,8.698836326599121,12.899999618530273,89.72000122070312,1.0399999618530273,8,211.44000244140625,1,250426_171822.000000,-9.524070739746094,15.607309341430664,0.01877627708017826,0.8368220329284668,0.5961447358131409,-0.0009238948114216328,-0.016622448340058327,-0.008682698011398315,0.058567605912685394,0.01889423467218876,14.0
2026-04-25T19:18:34.580777,250426_162443.015625,1,58.421348571777344,8.699633598327637,14.600000381469727,89.72000122070312,1.0399999618530273,8,211.44000244140625,1,250426_171822.000000,-9.118793487548828,13.334540367126465,0.08946095407009125,2.612842082977295,0.800598680973053,0.06754322350025177,-0.0058505237102508545,0.05836905166506767,0.06385701149702072,0.01695331372320652,13.0
2026-04-25T19:18:37.651611,250426_162435.015625,1,58.42314147949219,8.69997501373291,15.199999809265137,90.94001007080078,0.8299999833106995,11,211.44000244140625,1,250426_171822.000000,-9.522904396057129,12.738466262817383,0.09283368289470673,1.0809698104858398,0.8173291683197021,0.07545182853937149,-0.021156616508960724,-0.04977462813258171,0.06446895748376846,0.015572508797049522,13.0
2026-04-25T19:18:40.620610,250426_162434.000000,1,58.42335891723633,8.699990272521973,15.5,92.0199966430664,0.8899999856948853,11,211.44000244140625,1,250426_171822.000000,-10.27013111114502,11.066781997680664,0.10415930300951004,0.6158670783042908,0.815974235534668,0.08935923874378204,-0.05223270505666733,-0.011654699221253395,0.0576864555478096,0.014187945984303951,21.0
2026-04-25T19:18:43.692613,250426_162426.000000,1,58.42518997192383,8.699793815612793,18.200000762939453,91.20999908447266,0.8799999952316284,10,211.44000244140625,1,250426_171836.984375,-10.23365592956543,11.699105262756348,0.12340440601110458,1.9407484531402588,0.8617554306983948,-0.11376995593309402,0.03966175764799118,0.02668314054608345,0.05223063752055168,0.015298434533178806,27.0
2026-04-25T19:18:46.765508,250426_162424.984375,1,58.425418853759766,8.699712753295898,18.700000762939453,95.79000091552734,0.8799999952316284,10,211.44000244140625,1,250426_171836.984375,-10.138771057128906,12.171833992004395,0.07528411597013474,0.19095800817012787,0.8036757111549377,-0.06936398148536682,-0.025941362604498863,-0.013541849330067635,0.04700867086648941,0.012550351209938526,27.0
2026-04-25T19:18:49.736679,250426_162416.984375,1,58.42723083496094,8.69861125946045,22.0,93.18000030517578,0.9300000071525574,9,211.44000244140625,1,250426_171836.984375,-10.114063262939453,12.467698097229004,0.030262961983680725,0.6736282110214233,0.709723174571991,0.021014723926782608,0.021679237484931946,0.0020588627085089684,0.03535560891032219,0.008621519431471825,25.0
2026-04-25T19:18:52.807187,250426_162408.000000,1,58.42893981933594,8.696187973022461,24.5,97.29000091552734,0.8799999952316284,10,211.44000244140625,1,250426_171836.984375,-9.951216697692871,12.582054138183594,0.07088644802570343,1.184308648109436,0.691737711429596,0.05593462660908699,0.02559368684887886,-0.03523024171590805,0.039493005722761154,0.0074038440361619,25.0
2026-04-25T19:18:55.879193,250426_162400.000000,1,58.43027114868164,8.693466186523438,26.0,99.7699966430664,1.2899999618530273,7,211.44000244140625,1,250426_171836.984375,-8.976186752319336,12.349174499511719,0.12314338237047195,1.7065107822418213,0.7386900186538696,0.04285373166203499,0.1092647984623909,0.037270016968250275,0.0362979993224144,0.006905046291649342,23.0
2026-04-25T19:18:58.949985,250426_162359.015625,1,58.43043899536133,8.693126678466797,26.100000381469727,97.19999694824219,1.2899999618530273,7,211.44000244140625,1,250426_171852.000000,-8.78747272491455,11.443321228027344,0.1224275454878807,2.11346173286438,0.7383633255958557,0.10376910120248795,-0.001084919087588787,-0.06495613604784012,0.03655146807432175,0.0068572331219911575,15.0
2026-04-25T19:19:01.897697,250426_162350.000000,1,58.4322509765625,8.690802574157715,26.0,97.19999694824219,1.0299999713897705,9,211.44000244140625,1,250426_171852.000000,-8.558533668518066,12.165904998779297,0.1086495891213417,1.099819540977478,0.7695457935333252,-0.10149876028299332,0.035431016236543655,0.01572820171713829,0.03781811520457268,0.006914624013006687,21.0
2026-04-25T19:19:04.993799,250426_162340.984375,1,58.43444061279297,8.689971923828125,23.399999618530273,99.69001007080078,0.8299999833106995,11,211.44000244140625,1,250426_171852.984375,-8.77731704711914,12.960447311401367,0.0701882466673851,1.1733531951904297,0.8243389129638672,-0.04896160960197449,-0.04951101541519165,0.0088209742680192,0.039315223693847656,0.00829210877418518,18.0
2026-04-25T19:19:08.065212,250426_162332.984375,1,58.436378479003906,8.69039535522461,21.600000381469727,96.08000946044922,0.9200000166893005,10,211.44000244140625,1,250426_171852.984375,-9.7296142578125,13.529253959655762,0.12404026091098785,2.143735408782959,0.9152869582176208,-0.07557268440723419,-0.09764063358306885,-0.011876963078975677,0.03719045966863632,0.010817905887961388,18.0
2026-04-25T19:19:11.137473,250426_162332.000000,1,58.43661117553711,8.690481185913086,21.600000381469727,95.77999877929688,0.8799999952316284,10,211.44000244140625,1,250426_171852.984375,-10.299017906188965,13.648843765258789,0.06709546595811844,0.8007858991622925,0.918424129486084,0.05001479759812355,-0.011121382936835289,-0.04332016780972481,0.035863157361745834,0.01061661634594202,14.0
2026-04-25T19:19:14.082587,250426_162324.000000,1,58.43849182128906,8.691253662109375,20.700000762939453,95.77999877929688,0.8799999952316284,10,211.44000244140625,1,250426_171852.984375,-10.527007102966309,13.618488311767578,0.029171686619520187,1.7807137966156006,0.8520401120185852,0.022479599341750145,0.014224456623196602,0.01197162363678217,0.04137798026204109,0.00859798677265644,14.0
2026-04-25T19:19:17.176656,250426_162323.015625,1,58.43872833251953,8.691360473632812,20.799999237060547,94.69001007080078,0.8799999952316284,10,211.44000244140625,1,250426_171852.984375,-10.230709075927734,13.911224365234375,0.08129840344190598,1.6616673469543457,1.0310603380203247,-0.06488238275051117,0.021941250190138817,0.043798256665468216,0.05123409256339073,0.00985259935259819,14.0
2026-04-25T19:19:20.252667,250426_162315.015625,1,58.4405517578125,8.692251205444336,22.200000762939453,94.69001007080078,0.8799999952316284,10,211.44000244140625,1,250426_171908.000000,-10.415372848510742,13.66663932800293,0.05565798282623291,0.3940678834915161,0.9954663515090942,0.051757048815488815,0.01000667829066515,-0.017857369035482407,0.04981284216046333,0.007736357860267162,16.0
2026-04-25T19:19:23.311692,250426_162314.000000,1,58.44078063964844,8.692377090454102,22.600000381469727,94.23999786376953,0.8299999833106995,11,211.44000244140625,1,250426_171908.000000,-10.005183219909668,13.288156509399414,0.08489648252725601,0.7890429496765137,0.9594635367393494,0.052910979837179184,0.06438326835632324,0.0162060409784317,0.043143630027770996,0.005615802947431803,20.0
2026-04-25T19:19:26.262560,250426_162306.000000,1,58.44253921508789,8.69360637664795,25.399999618530273,91.68000030517578,0.8899999856948853,11,211.44000244140625,1,250426_171908.000000,-9.747485160827637,13.277496337890625,0.03432110697031021,0.39903953671455383,1.0205984115600586,0.027910329401493073,-0.019197938963770866,-0.005512794479727745,0.04594573378562927,0.006469713523983955,24.0
2026-04-25T19:19:29.363884,250426_162256.984375,1,58.44432067871094,8.69540023803711,27.799999237060547,89.16000366210938,0.8999999761581421,10,211.44000244140625,1,250426_171908.000000,-9.867667198181152,13.00903034210205,0.06976594030857086,0.7693577408790588,0.9876573085784912,0.058215949684381485,0.024310430511832237,-0.02978578768670559,0.046138375997543335,0.006542867980897427,26.0
2026-04-25T19:19:32.349380,250426_162256.000000,1,58.44451141357422,8.695642471313477,28.0,88.37001037597656,0.9700000882148743,10,211.44000244140625,1,250426_171908.000000,-9.381488800048828,11.851954460144043,0.17232517898082733,3.0962846279144287,0.9068799614906311,0.14877882599830627,0.05897951126098633,-0.06389249861240387,0.04174238070845604,0.007172989193350077,28.0
2026-04-25T19:19:35.508593,250426_162248.000000,1,58.44586944580078,8.697809219360352,29.700000762939453,91.57000732421875,0.8899999856948853,11,211.44000244140625,1,250426_171908.000000,-8.742960929870605,11.093993186950684,0.07567822188138962,2.2169029712677,0.963095486164093,0.01448951754719019,-0.0014147181063890457,0.07426469773054123,0.04345976561307907,0.009430243633687496,22.0
2026-04-25T19:19:38.476453,250426_162247.015625,1,58.44602966308594,8.69813346862793,29.799999237060547,92.86000061035156,0.8299999833106995,11,211.44000244140625,1,250426_171924.000000,-9.364253044128418,10.508747100830078,0.09771128743886948,1.8713784217834473,0.9588630795478821,0.028382549062371254,-0.09017431735992432,0.024708688259124756,0.041648656129837036,0.00925320666283369,26.0
2026-04-25T19:19:41.548474,250426_162239.015625,1,58.44715118408203,8.700966835021973,30.600000381469727,91.72000122070312,0.8999999761581421,10,211.44000244140625,1,250426_171924.000000,-9.560086250305176,10.858891487121582,0.089546799659729,1.2822681665420532,1.006568431854248,-0.07954561710357666,-0.028481362387537956,0.02966371551156044,0.04022284224629402,0.010425749234855175,24.0
2026-04-25T19:19:44.619687,250426_162238.000000,1,58.447288513183594,8.701321601867676,30.799999237060547,92.76998901367188,0.8899999856948853,11,211.44000244140625,1,250426_171924.000000,-9.319136619567871,11.532271385192871,0.06449151784181595,0.6905133128166199,0.9782445430755615,-0.04199244827032089,0.03766382858157158,0.031260620802640915,0.04149565100669861,0.010536843910813332,22.0
2026-04-25T19:19:47.692975,250426_162230.000000,1,58.44852066040039,8.703889846801758,32.0,90.43000030517578,0.8299999833106995,11,211.44000244140625,1,250426_171924.000000,-8.646539688110352,11.936874389648438,0.05415601655840874,1.2006045579910278,0.9524887800216675,-0.027552228420972824,0.0008320277556777,-0.04661605879664421,0.03587540239095688,0.009555481374263763,21.0
2026-04-25T19:19:50.661510,250426_162220.000000,1,58.45050048828125,8.706022262573242,34.099998474121094,94.73999786376953,0.949999988079071,9,211.44000244140625,1,250426_171924.000000,-8.417535781860352,12.327142715454102,0.04104112833738327,0.5331951379776001,0.8323133587837219,-0.024349790066480637,0.024733154103159904,0.021902810782194138,0.03458394855260849,0.007249792106449604,19.0
2026-04-25T19:19:56.805497,250426_162211.015625,1,58.45252990722656,8.707296371459961,34.20000076293945,92.70999908447266,0.8799999952316284,11,211.44000244140625,1,250426_171924.000000,-7.456893444061279,12.977380752563477,0.09832903742790222,0.7352361083030701,0.9214179515838623,-0.048454854637384415,0.03418350964784622,0.07843604683876038,0.0279723908752203,0.006126973778009415,21.0
2026-04-25T19:19:59.777398,250426_162203.015625,1,58.454280853271484,8.708334922790527,33.20000076293945,87.23001098632812,0.8299999833106995,11,211.44000244140625,1,250426_171954.000000,-7.302077293395996,12.849173545837402,0.0824880450963974,1.8082680702209473,1.0305900573730469,0.06061037629842758,0.0451517254114151,0.03304515406489372,0.029092812910676003,0.005635083187371492,21.0
2026-04-25T19:20:02.801386,250426_162202.000000,1,58.4544792175293,8.708477020263672,32.900001525878906,85.80999755859375,0.8799999952316284,11,211.44000244140625,1,250426_171954.000000,-6.57034158706665,13.267016410827637,0.17154169082641602,5.091081619262695,1.831616759300232,-0.03588232398033142,-0.013987462967634201,-0.1671626716852188,0.05458871275186539,0.011583950370550156,27.0
2026-04-25T19:20:05.920998,250426_162154.000000,1,58.45600128173828,8.709823608398438,33.900001525878906,79.9100112915039,0.8799999952316284,11,211.44000244140625,1,250426_171955.015625,-6.465484142303467,12.741230964660645,0.11159627139568329,1.2621562480926514,1.8178379535675049,0.005368467420339584,0.05988311022520065,0.09401553869247437,0.05285090580582619,0.012743187136948109,23.0
2026-04-25T19:20:08.995298,250426_162146.000000,1,58.45732116699219,8.711515426635742,35.29999923706055,80.3399887084961,0.8299999833106995,11,211.44000244140625,1,250426_171955.015625,-6.0168561935424805,12.741585731506348,0.09654854983091354,3.336427688598633,1.8216278553009033,0.06358848512172699,0.07249372452497482,0.004773637279868126,0.05437035113573074,0.013859659433364868,19.0
2026-04-25T19:20:11.960815,250426_162144.984375,1,58.45746994018555,8.711758613586426,35.5,81.69999694824219,0.8299999833106995,11,211.44000244140625,1,250426_171955.015625,-5.109748363494873,13.10573959350586,0.07908059656620026,0.5861467719078064,1.8050249814987183,0.002672368660569191,0.07902834564447403,-0.0010579442605376244,0.05161748453974724,0.014409891329705715,21.0
2026-04-25T19:20:14.988463,250426_162136.984375,1,58.4586181640625,8.714000701904297,40.0,83.08999633789062,0.8299999833106995,11,211.44000244140625,1,250426_171955.015625,-6.910508632659912,12.545762062072754,0.0864691436290741,2.087515354156494,1.802489995956421,0.00949916709214449,-0.08488769829273224,-0.013444619253277779,0.050529807806015015,0.01804874651134014,20.0
2026-04-25T19:20:18.104227,250426_162136.000000,1,58.45875930786133,8.714295387268066,40.099998474121094,80.37999725341797,0.8299999833106995,11,211.44000244140625,1,250426_171955.015625,-8.264439582824707,12.054533958435059,0.21666572988033295,3.2148022651672363,1.1739999055862427,-0.10897122323513031,-0.18655166029930115,0.016364499926567078,0.04938879609107971,0.018570713698863983,18.0
2026-04-25T19:20:21.177130,250426_162128.000000,1,58.45977020263672,8.716776847839355,42.5,82.6500015258789,0.9200000166893005,10,211.44000244140625,1,250426_172010.000000,-9.296698570251465,12.090832710266113,0.04700242355465889,1.6506413221359253,1.1921626329421997,0.03204704076051712,-0.03249124810099602,-0.011248720809817314,0.0493415929377079,0.01988515816628933,18.0
2026-04-25T19:20:24.149438,250426_162120.000000,1,58.460689544677734,8.719481468200684,46.20000076293945,86.43000793457031,0.8299999833106995,11,211.44000244140625,1,250426_172010.000000,-10.048921585083008,12.341386795043945,0.06653247773647308,1.6870529651641846,1.1079260110855103,0.006090863607823849,-0.05058576539158821,-0.042784951627254486,0.04631306603550911,0.019473887979984283,18.0
2026-04-25T19:20:27.322649,250426_162119.015625,1,58.460819244384766,8.719831466674805,46.20000076293945,89.40000915527344,0.8299999833106995,11,211.44000244140625,1,250426_172010.000000,-10.08100700378418,12.711499214172363,0.04495617002248764,0.9920939207077026,1.1035950183868408,-0.044631991535425186,0.005379435606300831,-0.0003220904618501663,0.057076595723629,0.017467699944972992,14.0
2026-04-25T19:20:30.291853,250426_162111.015625,1,58.4616584777832,8.722436904907227,46.20000076293945,75.29000091552734,0.8299999833106995,11,211.44000244140625,1,250426_172010.000000,-8.535462379455566,13.298877716064453,0.08199970424175262,1.75590980052948,1.0903937816619873,-0.028693001717329025,0.0677177757024765,0.03626246005296707,0.05026806890964508,0.014168278314173222,18.0
2026-04-25T19:20:33.254950,250426_162102.000000,1,58.46268844604492,8.72568416595459,46.099998474121094,89.63999938964844,0.8799999952316284,11,211.44000244140625,1,250426_172010.000000,-8.75019645690918,13.57483959197998,0.15619312226772308,2.890942335128784,0.8803229928016663,0.03781740367412567,-0.15144087374210358,-0.005638576112687588,0.04632485285401344,0.011742264032363892,18.0
2026-04-25T19:20:33.255539,250426_162102.000000,1,58.46268844604492,8.72568416595459,46.099998474121094,89.63999938964844,0.8799999952316284,11,211.44000244140625,1,250426_172010.000000,-8.75019645690918,13.57483959197998,0.15619312226772308,2.890942335128784,0.8803229928016663,0.03781740367412567,-0.15144087374210358,-0.005638576112687588,0.04632485285401344,0.011742264032363892,18.0
2026-04-25T19:20:36.332448,250426_162100.984375,1,58.46281814575195,8.726046562194824,46.29999923706055,89.11000061035156,0.8299999833106995,11,211.44000244140625,1,250426_172010.000000,-10.680821418762207,13.586983680725098,0.12397835403680801,1.1641061305999756,0.8699719309806824,0.02352839522063732,-0.09810111671686172,-0.07206396758556366,0.05247489735484123,0.014338057488203049,14.0
2026-04-25T19:20:39.394138,250426_162052.984375,1,58.46379852294922,8.728841781616211,49.70000076293945,86.5999984741211,0.8299999833106995,11,211.44000244140625,1,250426_172010.000000,-11.29201602935791,13.909382820129395,0.0795712098479271,1.9839328527450562,0.8807858824729919,0.041419368237257004,-0.05821690335869789,-0.03502578288316727,0.04779905453324318,0.015104827471077442,16.0
2026-04-25T19:20:42.475562,250426_162052.000000,1,58.46392059326172,8.729171752929688,49.900001525878906,85.87999725341797,0.8799999952316284,11,211.44000244140625,1,250426_172026.000000,-11.955061912536621,14.51478099822998,0.06421671062707901,0.8311923742294312,1.0025876760482788,-0.04867129772901535,-0.03341098874807358,0.025270462036132812,0.04673357680439949,0.01515418291091919,14.0
2026-04-25T19:20:45.435975,250426_162044.000000,1,58.46495819091797,8.731736183166504,52.400001525878906,84.2699966430664,0.9399999976158142,10,211.44000244140625,1,250426_172026.000000,-12.03563404083252,15.252555847167969,0.03518792241811752,0.9799070358276367,0.9589293003082275,-0.013370120897889137,0.028150277212262154,-0.01633988320827484,0.04873238131403923,0.013326846063137054,18.0
2026-04-25T19:20:48.507507,250426_162043.015625,1,58.465091705322266,8.732048988342285,52.79999923706055,84.19001007080078,0.8999999761581421,10,211.44000244140625,1,250426_172040.984375,-12.313334465026855,15.438233375549316,0.10543714463710785,0.4502377510070801,1.0022584199905396,-0.09326885640621185,-0.02656867913901806,0.04137653112411499,0.03569788113236427,0.009582501836121082,16.0
2026-04-25T19:20:51.579823,250426_162035.015625,1,58.46630096435547,8.73425006866455,54.20000076293945,81.29000854492188,0.8299999833106995,11,211.44000244140625,1,250426_172040.984375,-12.050812721252441,15.32129192352295,0.09969296306371689,0.47942617535591125,1.0290228128433228,-0.05131629854440689,0.08520691841840744,0.006716003641486168,0.0306820347905159,0.00806711707264185,20.0
2026-04-25T19:20:54.663092,250426_162034.000000,1,58.46643829345703,8.734526634216309,54.29999923706055,83.2699966430664,0.8299999833106995,11,211.44000244140625,1,250426_172040.984375,-11.492287635803223,15.195252418518066,0.05030236020684242,1.1901893615722656,1.0214794874191284,-0.011781450361013412,0.04477158561348915,0.019673075526952744,0.030067203566432,0.007542363367974758,20.0
2026-04-25T19:20:57.616731,250426_162026.000000,1,58.467689514160156,8.736631393432617,56.099998474121094,83.08999633789062,0.8299999833106995,11,211.44000244140625,1,250426_172040.984375,-8.790895462036133,12.162073135375977,0.2694999575614929,2.28686785697937,1.054212212562561,0.25760143995285034,0.03777161240577698,-0.06960627436637878,0.09342192113399506,0.025900254026055336,20.0
2026-04-25T19:21:00.702564,250426_162024.984375,1,58.467838287353516,8.736886978149414,56.0,83.08999633789062,0.8299999833106995,11,211.44000244140625,1,250426_172040.984375,-8.372146606445312,13.911160469055176,0.27117598056793213,1.609257459640503,1.0569052696228027,-0.26794999837875366,0.041177213191986084,0.006607607007026672,0.10384612530469894,0.03359119966626167,20.0
2026-04-25T19:21:03.765193,250426_162016.984375,1,58.469181060791016,8.73891544342041,52.400001525878906,85.98999786376953,0.8999999761581421,10,211.44000244140625,1,250426_172040.984375,-7.405306816101074,17.452810287475586,0.16243834793567657,0.7436551451683044,0.8822893500328064,-0.1561221182346344,0.04180165380239487,0.016270382329821587,0.1024278923869133,0.04834088310599327,14.0
2026-04-25T19:21:06.846002,250426_162000.000000,1,58.472408294677734,8.742502212524414,42.79999923706055,90.16999816894531,0.8500000238418579,10,211.44000244140625,1,250426_172040.984375,-7.570785999298096,19.32733726501465,0.11641227453947067,0.48346689343452454,0.8947840929031372,-0.10992292314767838,-0.021697916090488434,-0.03159064054489136,0.08964923024177551,0.05185006558895111,14.0
2026-04-25T19:21:09.820008,250426_161951.015625,1,58.474151611328125,8.744027137756348,41.400001525878906,80.05000305175781,0.8299999833106995,11,211.44000244140625,1,250426_172056.984375,-7.639131546020508,20.913389205932617,0.16656671464443207,2.0354726314544678,0.7991018891334534,-0.14986929297447205,-0.054234422743320465,0.04839732125401497,0.08644992113113403,0.04921599477529526,10.0
2026-04-25T19:21:12.890302,250426_161950.000000,1,58.47433090209961,8.744226455688477,41.400001525878906,81.05000305175781,0.949999988079071,10,211.44000244140625,1,250426_172056.984375,-8.66649055480957,19.15073013305664,0.187201127409935,1.1682603359222412,0.7661288380622864,0.15050174295902252,-0.09635064750909805,-0.055767722427845,0.08147460967302322,0.047258514910936356,10.0
2026-04-25T19:21:15.950725,250426_161942.000000,1,58.475460052490234,8.746305465698242,66.9000015258789,79.80000305175781,1.2000000476837158,8,211.44000244140625,1,250426_172112.000000,-9.641087532043457,18.122438430786133,0.1618146002292633,0.895697832107544,0.7614222168922424,0.12573164701461792,-0.08898311108350754,-0.049573443830013275,0.07229384034872055,0.039424747228622437,12.0
2026-04-25T19:21:19.032234,250426_161940.984375,1,58.475521087646484,8.746709823608398,80.9000015258789,79.80000305175781,1.4199999570846558,7,211.44000244140625,1,250426_172112.000000,-9.53726577758789,17.432518005371094,0.05311319977045059,0.4657028317451477,0.7765265703201294,0.04721679165959358,0.023644516244530678,-0.005702981725335121,0.0661037266254425,0.029765000566840172,14.0
2026-04-25T19:21:22.004432,250426_161859.015625,1,58.483768463134766,8.758001327514648,49.099998474121094,107.44000244140625,0.8700000047683716,11,211.44000244140625,1,250426_172112.000000,-9.01417064666748,16.592021942138672,0.08999336510896683,1.1898517608642578,0.8058332204818726,0.02989945188164711,0.07566265016794205,0.038470663130283356,0.07583952695131302,0.024622755125164986,16.0
2026-04-25T19:21:25.073596,250426_161858.000000,1,58.48400115966797,8.758268356323242,49.70000076293945,107.51000213623047,0.8299999833106995,11,211.44000244140625,1,250426_172112.000000,-8.193438529968262,15.276759147644043,0.12372510880231857,0.3434007167816162,0.6812193989753723,0.10450567305088043,0.062238242477178574,-0.022646566852927208,0.06985732913017273,0.02075609751045704,16.0
2026-04-25T19:21:28.146116,250426_161850.000000,1,58.48588180541992,8.760492324829102,54.099998474121094,114.58000183105469,0.8199999928474426,11,211.44000244140625,1,250426_172112.000000,-7.16839599609375,14.347288131713867,0.06186067685484886,0.7485955357551575,0.7142579555511475,0.03524140268564224,0.04713483154773712,-0.019055046141147614,0.0381278470158577,0.011272285133600235,14.0
2026-04-25T19:21:31.220784,250426_161842.000000,1,58.48783874511719,8.762802124023438,57.900001525878906,114.91000366210938,0.8700000047683716,11,211.44000244140625,1,250426_172127.015625,-5.306934833526611,14.952475547790527,0.2609929144382477,1.5096544027328491,0.8248162865638733,-0.25294429063796997,0.02731972560286522,0.05822468176484108,0.05278656631708145,0.01616494730114937,16.0
2026-04-25T19:21:34.186665,250426_161840.984375,1,58.48807907104492,8.763090133666992,58.599998474121094,115.0,0.8299999833106995,11,211.44000244140625,1,250426_172127.015625,-4.412650108337402,14.258915901184082,0.10522427409887314,2.6854827404022217,0.8709079027175903,-0.024033453315496445,0.08639812469482422,0.05504457280039787,0.04935814067721367,0.018368041142821312,14.0
2026-04-25T19:21:37.258639,250426_161832.984375,1,58.49000930786133,8.765364646911621,63.599998474121094,111.9800033569336,0.9100000262260437,10,211.44000244140625,1,250426_172128.000000,-3.890892505645752,13.453840255737305,0.08566891402006149,1.8020228147506714,0.8897956609725952,0.029569432139396667,0.03900795057415962,-0.07030782848596573,0.045781318098306656,0.02194110117852688,16.0
2026-04-25T19:21:40.332297,250426_161832.000000,1,58.49024963378906,8.765640258789062,63.70000076293945,111.9800033569336,0.8700000047683716,11,211.44000244140625,1,250426_172128.000000,-3.726456642150879,13.011837005615234,0.08398360759019852,1.4724749326705933,0.9343441128730774,0.035865336656570435,0.06390681117773056,0.04102247208356857,0.046441033482551575,0.021513037383556366,14.0
2026-04-25T19:21:43.404147,250426_161824.000000,1,58.49216842651367,8.767878532409668,65.5,111.94000244140625,0.8199999928474426,11,211.44000244140625,1,250426_172128.000000,-3.838399648666382,12.645652770996094,0.08456524461507797,0.1799803227186203,0.9365513920783997,0.023735905066132545,-0.08081493526697159,-0.007538819219917059,0.05816268175840378,0.01951725035905838,14.0
2026-04-25T19:21:46.344316,250426_161823.015625,1,58.4924201965332,8.768144607543945,65.9000015258789,109.63999938964844,0.8299999833106995,11,211.44000244140625,1,250426_172128.000000,-4.593228816986084,12.38392448425293,0.049894895404577255,0.10158195346593857,0.8235811591148376,0.018200313672423363,-0.046155739575624466,-0.005281705409288406,0.05395325645804405,0.0127099072560668,12.0
2026-04-25T19:21:49.445193,250426_161815.015625,1,58.494239807128906,8.770366668701172,70.69999694824219,103.75,0.9900000095367432,9,318.92999267578125,1,250426_172128.000000,-5.189877033233643,12.181510925292969,0.04194607958197594,0.07633434981107712,0.6929268836975098,0.01367527898401022,-0.03965418040752411,7.865030784159899e-05,0.045452456921339035,0.0075280978344380856,16.0
2026-04-25T19:21:52.516451,250426_161807.015625,1,58.49580001831055,8.772937774658203,70.9000015258789,104.2300033569336,0.8899999856948853,10,318.92999267578125,1,250426_172128.000000,-5.509369373321533,12.062115669250488,0.030146358534693718,0.08803964406251907,0.34601324796676636,0.009942327626049519,-0.028415469452738762,-0.001585638616234064,0.021244322881102562,0.0035033090971410275,14.0
2026-04-25T19:21:55.591942,250426_161806.000000,1,58.49599075317383,8.773298263549805,70.69999694824219,103.73999786376953,0.8899999856948853,10,318.92999267578125,1,250426_172128.000000,-6.0413103103637695,11.881705284118652,0.02326766960322857,0.07041832059621811,0.05299887806177139,0.005625455174595118,-0.02255014143884182,0.001108948839828372,0.013002214021980762,0.0018337804358452559,16.0
2026-04-25T19:21:58.560185,250426_161758.000000,1,58.49726867675781,8.776483535766602,69.0,106.93000030517578,0.8199999928474426,11,318.92999267578125,1,250426_172144.000000,-6.225442409515381,11.810806274414062,0.020991504192352295,0.09707983583211899,0.041383057832717896,0.00803653709590435,-0.01937607116997242,0.0007906841929070652,0.010415105149149895,0.001286266720853746,16.0
2026-04-25T19:22:04.704968,250426_161732.000000,1,58.49977111816406,8.788463592529297,63.400001525878906,96.0999984741211,0.8999999761581421,10,318.92999267578125,1,250426_172144.000000,-6.578427791595459,11.709000587463379,0.013361010700464249,0.08731348067522049,0.11371033638715744,0.004906001500785351,-0.011996910907328129,0.0032437480986118317,0.007872036658227444,0.0006725130951963365,22.0
2026-04-25T19:22:07.672682,250426_161731.015625,1,58.49985122680664,8.788907051086426,63.400001525878906,94.07000732421875,0.8299999833106995,10,318.92999267578125,1,250426_172159.015625,-6.757765769958496,11.660619735717773,0.014255824498832226,0.11361157894134521,0.11391907930374146,0.00031316839158535004,-0.014077622443437576,-0.0022250907495617867,0.006970537360757589,0.000416043505538255,22.0
2026-04-25T19:22:10.706481,250426_161723.015625,1,58.500648498535156,8.791912078857422,64.69999694824219,71.69000244140625,0.9399999976158142,10,318.92999267578125,1,250426_172159.015625,-6.8875885009765625,11.620929718017578,0.006478023249655962,0.033031441271305084,0.11388090997934341,0.002195989014580846,-0.005992748774588108,0.0011087704915553331,0.006291892845183611,0.0002537957043386996,29.0
2026-04-25T19:22:13.815395,250426_161715.015625,1,58.501380920410156,8.793046951293945,66.0999984741211,24.1200008392334,0.8199999928474426,11,318.92999267578125,1,250426_172159.015625,-6.960727214813232,11.598136901855469,0.008951750583946705,0.08596070110797882,0.11994975805282593,0.0012659432832151651,-0.008856406435370445,-0.00030867516761645675,0.006189066916704178,0.00020109974138904363,29.0
2026-04-25T19:22:16.793072,250426_161714.000000,1,58.50141143798828,8.79315185546875,66.30001068115234,23.209999084472656,0.8700000047683716,11,318.92999267578125,1,250426_172159.015625,-7.058892726898193,11.542146682739258,0.004159889649599791,0.08779297769069672,0.289235383272171,0.0013418057933449745,-0.003654578235000372,0.0014657072024419904,0.010779738426208496,0.00026125693693757057,23.0
2026-04-25T19:22:19.857715,250426_161706.000000,1,58.501068115234375,8.79349422454834,68.30000305175781,37.0099983215332,0.9399999976158142,10,318.92999267578125,1,250426_172214.000000,-7.09893274307251,11.535540580749512,0.006016124039888382,0.12774750590324402,0.28942131996154785,0.002139701973646879,-0.005558033939450979,-0.0008506969315931201,0.010973092168569565,0.00024290588044095784,25.0
2026-04-25T19:22:22.929278,250426_161704.984375,1,58.500980377197266,8.79353141784668,68.80001068115234,38.779998779296875,0.8199999928474426,11,318.92999267578125,1,250426_172214.000000,-7.139851093292236,11.52138614654541,0.005185043439269066,0.06217296048998833,0.28984442353248596,0.00023259158479049802,-0.004995506722480059,0.0013694848166778684,0.011172216385602951,0.00022850367531646043,25.0
2026-04-25T19:22:26.002507,250426_161648.984375,1,58.49972152709961,8.794561386108398,67.9000015258789,27.959999084472656,0.8600000143051147,11,318.92999267578125,1,250426_172214.000000,-7.175814151763916,11.51762866973877,0.0029410370625555515,0.060599468648433685,0.2892838716506958,-0.001170189818367362,-0.0021879032719880342,-0.0015790610341355205,0.011366564780473709,0.0002182483731303364,25.0
2026-04-25T19:22:29.073145,250426_161640.000000,1,58.49971008300781,8.795700073242188,66.0999984741211,27.850000381469727,0.9599999189376831,10,318.92999267578125,1,250426_172215.015625,-7.194772243499756,11.500191688537598,0.0034647262655198574,0.05606913939118385,0.28858888149261475,0.001919822534546256,-0.000805361254606396,-0.002769476966932416,0.011540889739990234,0.00020147512259427458,23.0
2026-04-25T19:22:32.019090,250426_161639.015625,1,58.49967956542969,8.795831680297852,66.19999694824219,28.229999542236328,0.9599999189376831,10,318.92999267578125,1,250426_172215.015625,-7.226974010467529,11.503679275512695,0.0026214877143502235,0.038974277675151825,0.05724332109093666,-0.002552760299295187,0.0005944870063103735,4.688653280027211e-05,0.0020299404859542847,2.395494084339589e-05,23.0
2026-04-25T19:22:35.116163,250426_161622.000000,1,58.49943923950195,8.79903507232666,63.099998474121094,28.56999969482422,0.8600000143051147,11,318.92999267578125,1,250426_172215.015625,-7.237957954406738,11.510494232177734,0.004341003019362688,0.08193875104188919,0.04782004654407501,0.0004218856920488179,-0.004319494124501944,-9.10392845980823e-05,0.0018775160424411297,1.9990480723208748e-05,21.0
2026-04-25T19:22:38.187704,250426_161614.000000,1,58.49903106689453,8.800190925598145,62.400001525878906,56.68000030517578,0.8999999761581421,10,318.92999267578125,1,250426_172215.015625,-7.2464213371276855,11.498862266540527,0.001441729604266584,0.05256744846701622,0.036676470190286636,0.0012592661660164595,-0.0006764901336282492,0.0001876010064734146,0.001574934576638043,1.4724321772519033e-05,20.0
2026-04-25T19:22:41.158347,250426_161612.984375,1,58.49897003173828,8.800423622131348,62.0,56.68000030517578,0.8799999952316284,10,318.92999267578125,1,250426_172230.000000,-7.264864444732666,11.50662612915039,0.001807474996894598,0.09610414505004883,0.03874937444925308,0.0012788687599822879,-0.000757903209887445,-0.0010281259892508388,0.0011953579960390925,1.0843216841749381e-05,22.0
2026-04-25T19:22:44.201025,250426_161604.984375,1,58.498390197753906,8.802303314208984,58.29999923706055,61.25,0.8999999761581421,10,318.92999267578125,1,250426_172230.000000,-7.2688422203063965,11.49725341796875,0.0022426547948271036,0.0255906842648983,0.039558470249176025,0.0010751262307167053,-0.0018700136570259929,-0.0006137207965366542,0.0011346008395776153,1.0228452993032988e-05,24.0
2026-04-25T19:22:47.299692,250426_161556.984375,1,58.497230529785156,8.803628921508789,51.5,73.37999725341797,0.9100000262260437,10,318.92999267578125,1,250426_172230.000000,-7.266735076904297,11.489690780639648,0.0031590620055794716,0.15455807745456696,0.0437394417822361,-0.001933890045620501,0.0007344119949266315,0.002387547167018056,0.0011588092893362045,1.0268334335705731e-05,24.0
2026-04-25T19:22:50.371552,250426_161556.000000,1,58.49705123901367,8.803704261779785,51.5,76.80000305175781,0.8700000047683716,10,318.92999267578125,1,250426_172244.984375,-7.299985408782959,11.46850872039795,0.027450764551758766,0.6851596236228943,0.12460193037986755,-0.006171351298689842,-0.025876231491565704,-0.006773441098630428,0.005058551672846079,4.635186996893026e-05,24.0
2026-04-25T19:22:53.444100,250426_161548.000000,1,58.49549865722656,8.803629875183105,45.0,77.08999633789062,1.5700000524520874,8,318.92999267578125,1,250426_172244.984375,-7.336134910583496,12.85522174835205,0.15655463933944702,1.1255009174346924,0.2677447497844696,-0.1557273268699646,0.014850220642983913,-0.006149865686893463,0.05440478026866913,0.003751227632164955,24.0
2026-04-25T19:22:56.383388,250426_161547.015625,1,58.49531173706055,8.803679466247559,43.900001525878906,77.55999755859375,1.5700000524520874,8,318.92999267578125,1,250426_172244.984375,-6.991871356964111,15.27941608428955,0.21213071048259735,1.086524248123169,0.6372891068458557,-0.2014404535293579,0.011790551245212555,0.06543824076652527,0.079527348279953,0.011291209608316422,19.0
2026-04-25T19:22:59.484881,250426_161539.015625,1,58.493778228759766,8.8043212890625,36.20000076293945,77.25,0.8999999761581421,10,318.92999267578125,1,250426_172244.984375,-7.4859089851379395,15.159841537475586,0.059963423758745193,0.808908224105835,0.701254665851593,0.05693770572543144,-0.018459860235452652,0.0035976534709334373,0.07129692286252975,0.01243687979876995,15.0
2026-04-25T19:23:02.470660,250426_161530.000000,1,58.492130279541016,8.803415298461914,28.600000381469727,79.12000274658203,0.8700000047683716,10,318.92999267578125,1,250426_172246.000000,-8.568317413330078,15.074950218200684,0.08590766787528992,0.6075727939605713,0.6969637870788574,0.024463439360260963,-0.0794210210442543,-0.021770834922790527,0.05612054094672203,0.014320513233542442,11.0
2026-04-25T19:23:05.527895,250426_161522.000000,1,58.49076843261719,8.801592826843262,24.600000381469727,79.5999984741211,0.9599999189376831,9,318.92999267578125,1,250426_172246.000000,-9.222342491149902,15.191718101501465,0.12470358610153198,1.1174274682998657,0.6929186582565308,0.006292195059359074,-0.1232227087020874,-0.018098531290888786,0.04977572336792946,0.015913458541035652,9.0
2026-04-25T19:23:08.598727,250426_161520.984375,1,58.490570068359375,8.801477432250977,24.5,79.1500015258789,0.8799999952316284,10,318.92999267578125,1,250426_172246.000000,-11.483636856079102,13.27371883392334,0.2285570502281189,1.7844576835632324,0.8170710206031799,0.174251526594162,-0.14771714806556702,0.007373614236712456,0.06500191986560822,0.021884478628635406,12.0
2026-04-25T19:23:11.670605,250426_161512.984375,1,58.48891067504883,8.801315307617188,25.5,83.94000244140625,1.4700000286102295,8,318.92999267578125,1,250426_172300.984375,-13.007037162780762,13.335047721862793,0.12863515317440033,1.6226062774658203,0.9147875308990479,-0.07468189299106598,-0.09955151379108429,0.03254401683807373,0.0629020631313324,0.019701795652508736,10.0
2026-04-25T19:23:14.743645,250426_161512.000000,1,58.48868942260742,8.80124282836914,26.399999618530273,83.87999725341797,1.4700000286102295,8,318.92999267578125,1,250426_172300.984375,-13.187077522277832,13.477842330932617,0.05908791720867157,1.3356778621673584,0.8860862255096436,0.04449079930782318,-0.015542654320597649,-0.035642340779304504,0.06596390902996063,0.01936323568224907,14.0
2026-04-25T19:23:17.701384,250426_161504.000000,1,58.487220764160156,8.801514625549316,33.79999923706055,68.70999908447266,0.8999999761581421,10,318.92999267578125,1,250426_172300.984375,-13.226727485656738,13.51112174987793,0.03125790134072304,0.49847832322120667,0.9137521386146545,0.022032611072063446,0.011225073598325253,-0.019121143966913223,0.06886152923107147,0.018797289580106735,12.0
2026-04-25T19:23:20.784580,250426_161456.000000,1,58.486480712890625,8.802952766418457,35.29999923706055,32.36000061035156,0.8600000143051147,11,318.92999267578125,1,250426_172300.984375,-12.875006675720215,13.590174674987793,0.0494593009352684,2.1449429988861084,0.9536807537078857,-0.00959305465221405,0.04317266866564751,0.022143088281154633,0.06391311436891556,0.013811974786221981,20.0
2026-04-25T19:23:23.787551,250426_161455.015625,1,58.4864616394043,8.803098678588867,35.099998474121094,30.6200008392334,0.8600000143051147,11,318.92999267578125,1,250426_172300.984375,-11.362792015075684,13.869582176208496,0.18384642899036407,2.434123992919922,0.8610004782676697,-0.08703306317329407,0.15644142031669617,0.0418429970741272,0.04286112263798714,0.00848213117569685,16.0
2026-04-25T19:23:26.929179,250426_161447.015625,1,58.486228942871094,8.804383277893066,34.0,56.65999984741211,0.8600000143051147,11,318.92999267578125,1,250426_172300.984375,-9.971531867980957,13.260331153869629,0.09980220347642899,3.1407809257507324,0.9024783968925476,0.08764788508415222,0.04643537476658821,-0.011049199849367142,0.050090596079826355,0.009911390952765942,20.0
2026-04-25T19:23:29.899409,250426_161438.000000,1,58.48577880859375,8.80703067779541,34.70000076293945,70.80999755859375,1.1100000143051147,8,318.92999267578125,1,250426_172300.984375,-9.374909400939941,11.599834442138672,0.1367197334766388,0.9189090132713318,0.9005919694900513,0.11661407351493835,0.05195217579603195,0.04893273860216141,0.05601351708173752,0.014862796291708946,16.0
2026-04-25T19:23:32.971102,250426_161428.984375,1,58.48455047607422,8.808989524841309,36.0,76.93000030517578,1.1100000143051147,8,318.92999267578125,1,250426_172316.984375,-9.28183650970459,14.914054870605469,0.11317919939756393,2.6366119384765625,1.056162714958191,-0.11119657009840012,-0.020734023302793503,-0.0038671009242534637,0.0761227160692215,0.03027535229921341,12.0
2026-04-25T19:23:35.969323,250426_161428.000000,1,58.48440170288086,8.80925464630127,35.400001525878906,79.27999877929688,1.1100000143051147,8,318.92999267578125,1,250426_172316.984375,-11.525411605834961,12.645913124084473,0.17168234288692474,1.9127469062805176,1.1078559160232544,0.05966973304748535,-0.13365747034549713,0.08972196280956268,0.071123868227005,0.04246768355369568,14.0
2026-04-25T19:23:39.115564,250426_161420.000000,1,58.483211517333984,8.811238288879395,32.0,79.27999877929688,0.8799999952316284,10,318.92999267578125,1,250426_172316.984375,-11.974555015563965,12.87899398803711,0.034276869148015976,1.4328681230545044,1.0971590280532837,-0.008630081079900265,0.004651890601962805,-0.032844871282577515,0.08303705602884293,0.04000914469361305,12.0
2026-04-25T19:23:42.083523,250426_161411.015625,1,58.48175811767578,8.812365531921387,25.5,55.72999954223633,0.8199999928474426,11,318.92999267578125,1,250426_172316.984375,-11.954501152038574,13.239289283752441,0.0273036677390337,0.36387526988983154,1.0094096660614014,-0.015653660520911217,-0.02139323577284813,-0.006540842354297638,0.09940958023071289,0.03553481772542,16.0
2026-04-25T19:23:45.155602,250426_161410.000000,1,58.48162841796875,8.812447547912598,25.0,50.290000915527344,0.8600000143051147,11,318.92999267578125,1,250426_172316.984375,-11.52078628540039,13.706968307495117,0.05975816026329994,1.498340368270874,0.997843325138092,-0.04376913979649544,0.020024225115776062,0.03541652858257294,0.08968518674373627,0.022562306374311447,22.0
2026-04-25T19:23:48.227798,250426_161400.984375,1,58.48088836669922,8.812776565551758,22.100000381469727,35.70000076293945,0.8899999856948853,10,318.92999267578125,1,250426_172316.984375,-11.085006713867188,13.64315414428711,0.026103073731064796,0.7009963393211365,0.7235962152481079,0.0026057609356939793,0.005223538726568222,-0.02544199675321579,0.05087778717279434,0.007893319241702557,22.0
2026-04-25T19:23:51.197373,250426_161352.984375,1,58.47983932495117,8.813581466674805,19.200000762939453,69.76000213623047,0.8899999856948853,10,318.92999267578125,1,250426_172316.984375,-10.965265274047852,13.276176452636719,0.03172804042696953,0.6258543133735657,0.6326831579208374,0.019989803433418274,0.023577304556965828,0.007154516875743866,0.024358069524168968,0.003102379385381937,22.0
2026-04-25T19:23:54.270890,250426_161352.000000,1,58.479679107666016,8.813732147216797,18.899999618530273,70.98001098632812,0.8799999952316284,10,318.92999267578125,1,250426_172316.984375,-11.58896255493164,12.719744682312012,0.06516561657190323,1.425570011138916,0.6108658313751221,0.02176319807767868,-0.04610278457403183,-0.04058883339166641,0.03139354661107063,0.004196907393634319,22.0
2026-04-25T19:23:57.342461,250426_161344.000000,1,58.47840881347656,8.815313339233398,16.600000381469727,75.25,1.559999942779541,8,318.92999267578125,1,250426_172348.000000,-11.463923454284668,12.023555755615234,0.09608808904886246,0.33039700984954834,0.5995197296142578,0.09191584587097168,0.026727324351668358,0.008369509130716324,0.030763134360313416,0.004487235099077225,22.0
2026-04-25T19:24:00.414731,250426_161343.015625,1,58.4782600402832,8.815531730651855,16.399999618530273,72.04000091552734,1.5700000524520874,8,318.92999267578125,1,250426_172348.000000,-11.231225967407227,12.033905029296875,0.06440837681293488,2.1774048805236816,0.6003848314285278,0.02479129284620285,0.05099007114768028,-0.030558839440345764,0.031172700226306915,0.004436439834535122,20.0
2026-04-25T19:24:03.485147,250426_161335.015625,1,58.477439880371094,8.817081451416016,16.299999237060547,32.86000061035156,0.8500000238418579,11,210.57000732421875,1,250426_172348.000000,-8.956244468688965,12.520599365234375,0.19299282133579254,1.7592440843582153,0.6682844758033752,0.00283821951597929,0.1902378648519516,-0.03236860781908035,0.05140750855207443,0.010059491731226444,24.0
2026-04-25T19:24:06.456019,250426_161326.000000,1,58.477760314941406,8.817977905273438,18.0,49.0099983215332,0.8500000238418579,11,210.57000732421875,1,250426_172403.015625,-8.5628662109375,11.895804405212402,0.031922806054353714,0.48340731859207153,0.8146591186523438,0.028593938797712326,0.013530736789107323,0.004286197479814291,0.05153350159525871,0.011797381564974785,25.0
2026-04-25T19:24:09.526671,250426_161318.000000,1,58.478660583496094,8.818954467773438,19.0,54.189998626708984,1.0299999713897705,9,210.57000732421875,1,250426_172403.015625,-9.328144073486328,13.757888793945312,0.2133249044418335,2.283740520477295,0.8703807592391968,-0.15929192304611206,-0.13616915047168732,-0.03989426791667938,0.07325944304466248,0.019209571182727814,27.0
2026-04-25T19:24:12.514714,250426_161316.984375,1,58.47877883911133,8.819168090820312,19.0,54.90999984741211,1.0299999713897705,9,210.57000732421875,1,250426_172403.015625,-11.4163818359375,13.190452575683594,0.1779586374759674,1.9904680252075195,0.9154066443443298,-0.024879369884729385,-0.16819751262664795,0.05253460630774498,0.07023824006319046,0.025246068835258484,23.0
2026-04-25T19:24:15.670968,250426_161308.984375,1,58.47808074951172,8.823193550109863,17.799999237060547,58.47999954223633,0.8199999928474426,11,210.57000732421875,1,250426_172403.015625,-12.041024208068848,13.404339790344238,0.08849502354860306,1.4859446287155151,0.8943560719490051,-0.05736616253852844,0.06731909513473511,0.00293779862113297,0.06850150227546692,0.02471325546503067,23.0
2026-04-25T19:24:18.640825,250426_161300.000000,1,58.47808074951172,8.823193550109863,17.799999237060547,47.02000045776367,0.8199999928474426,11,210.57000732421875,1,250426_172403.015625,-11.468503952026367,13.69965648651123,0.05355381220579147,1.3256843090057373,1.079358458518982,-0.03604245185852051,0.03935438022017479,-0.004492799285799265,0.06827540695667267,0.02221957966685295,23.0
2026-04-25T19:24:21.711663,250426_161259.015625,1,58.478111267089844,8.82342529296875,17.200000762939453,42.06999969482422,0.8500000238418579,11,210.57000732421875,1,250426_172404.000000,-10.122538566589355,13.748302459716797,0.08681731671094894,0.7871997952461243,0.9797186255455017,-0.02343655936419964,0.08337889611721039,-0.005994564853608608,0.06364323943853378,0.020873064175248146,22.0
2026-04-25T19:24:24.783613,250426_161251.015625,1,58.47848129272461,8.824906349182129,14.800000190734863,42.06999969482422,0.9900000095367432,10,210.57000732421875,1,250426_172404.000000,-8.192461013793945,13.67510986328125,0.12506601214408875,1.2686545848846436,0.9945807456970215,-0.07446632534265518,0.09336207807064056,0.037145595997571945,0.042015641927719116,0.015117932111024857,22.0
2026-04-25T19:24:27.754008,250426_161250.000000,1,58.478519439697266,8.82508659362793,14.5,46.290000915527344,0.9900000095367432,10,210.57000732421875,1,250426_172419.015625,-7.413940906524658,14.194520950317383,0.08249522000551224,1.0650960206985474,0.9939215779304504,-0.00269892206415534,0.07124294340610504,-0.04150445759296417,0.03971375897526741,0.013895917683839798,20.0
2026-04-25T19:24:30.825852,250426_161242.000000,1,58.47908020019531,8.826620101928711,13.699999809265137,51.369998931884766,0.8199999928474426,11,210.57000732421875,1,250426_172419.015625,-6.177208423614502,13.618025779724121,0.1375475376844406,2.022170066833496,1.0161974430084229,0.08325009047985077,0.10908513516187668,0.009443748742341995,0.0494077205657959,0.01799047365784645,24.0
2026-04-25T19:24:33.899698,250426_161240.984375,1,58.47916030883789,8.826803207397461,13.699999809265137,52.38999938964844,0.8500000238418579,11,210.57000732421875,1,250426_172419.015625,-5.765650749206543,13.421350479125977,0.11659802496433258,2.2130861282348633,0.8339201211929321,-0.09528811275959015,0.010882764123380184,0.06630866974592209,0.05179829150438309,0.017536558210849762,20.0
2026-04-25T19:24:36.969971,250426_161232.984375,1,58.4799690246582,8.828289031982422,12.899999618530273,62.029998779296875,0.9900000095367432,10,210.57000732421875,1,250426_172420.000000,-6.789844036102295,16.64002799987793,0.18095692992210388,1.710866093635559,0.9923449754714966,0.10173757374286652,-0.13497167825698853,-0.06463377177715302,0.10908535867929459,0.04264400899410248,18.0
2026-04-25T19:24:39.940009,250426_161224.000000,1,58.480979919433594,8.829788208007812,11.600000381469727,58.38999938964844,0.9599999189376831,9,210.57000732421875,1,250426_172420.000000,-9.426527976989746,16.400022506713867,0.21683120727539062,1.4996581077575684,0.9668656587600708,-0.11322477459907532,-0.180043026804924,0.04219517111778259,0.10629096627235413,0.04647770896553993,20.0
2026-04-25T19:24:43.010725,250426_161223.015625,1,58.48112106323242,8.829866409301758,11.5,59.619998931884766,0.9599999189376831,9,210.57000732421875,1,250426_172420.000000,-10.850502967834473,16.008403778076172,0.1893998384475708,1.6822625398635864,1.3671103715896606,-0.12971875071525574,-0.10132114589214325,0.09369832277297974,0.10234679281711578,0.051721010357141495,20.0
2026-04-25T19:24:46.011240,250426_161215.015625,1,58.482269287109375,8.830526351928711,9.0,59.95000076293945,0.8500000238418579,11,210.57000732421875,1,250426_172420.000000,-12.225593566894531,15.597195625305176,0.02725471928715706,4.874607086181641,1.5313972234725952,-0.0019175974885001779,-0.0259087011218071,0.008239036425948143,0.10162419825792313,0.05075700581073761,20.0
2026-04-25T19:24:49.156310,250426_161214.000000,1,58.4824104309082,8.830617904663086,8.199999809265137,57.9900016784668,0.8199999928474426,11,210.57000732421875,1,250426_172435.015625,-12.082002639770508,15.526472091674805,0.06378668546676636,0.9378068447113037,1.667553186416626,0.03609291464090347,0.04716777801513672,-0.023264635354280472,0.07100682705640793,0.03414342179894447,20.0
2026-04-25T19:24:52.125175,250426_161206.000000,1,58.48345947265625,8.831361770629883,9.699999809265137,56.22999954223633,0.8199999928474426,11,210.57000732421875,1,250426_172435.015625,-11.88223934173584,14.581597328186035,0.250306636095047,6.2322845458984375,1.7735259532928467,0.2190919667482376,0.024553794413805008,0.11852946877479553,0.07149583101272583,0.029720375314354897,18.0
2026-04-25T19:24:55.199537,250426_161204.984375,1,58.48358917236328,8.831437110900879,10.399999618530273,58.06999969482422,0.8199999928474426,11,210.57000732421875,1,250426_172435.015625,-11.937751770019531,14.251004219055176,0.0812196210026741,0.4353768527507782,1.8077949285507202,0.06930915266275406,-0.02974209003150463,-0.030137643218040466,0.0767328217625618,0.02306419052183628,16.0
2026-04-25T19:24:58.268644,250426_161148.000000,1,58.48453140258789,8.834614753723145,19.100000381469727,47.810001373291016,0.8500000238418579,11,210.57000732421875,1,250426_172450.000000,-10.863279342651367,14.513273239135742,0.322964072227478,5.545724868774414,2.90883469581604,-0.2250049114227295,0.2096751481294632,0.09856420010328293,0.09530828893184662,0.025825994089245796,18.0
2026-04-25T19:25:01.340764,250426_161139.015625,1,58.4851188659668,8.836111068725586,21.200000762939453,47.540000915527344,0.8500000238418579,11,210.57000732421875,1,250426_172450.000000,-11.135363578796387,14.575474739074707,0.1162569671869278,6.038663387298584,2.9350016117095947,0.10904313623905182,0.011252172291278839,-0.03871260955929756,0.0971943736076355,0.02378506399691105,20.0
2026-04-25T19:25:04.309677,250426_161138.000000,1,58.4852409362793,8.836124420166016,20.899999618530273,46.97999954223633,0.8500000238418579,11,210.57000732421875,1,250426_172450.000000,-10.631123542785645,14.481802940368652,0.07431059330701828,2.274101972579956,2.8845953941345215,-0.0467623807489872,0.04918285086750984,0.030271952971816063,0.09494300931692123,0.02266077511012554,22.0
2026-04-25T19:25:07.383871,250426_161130.000000,1,58.48606872558594,8.836801528930664,19.200000762939453,43.56999969482422,0.8199999928474426,11,210.57000732421875,1,250426_172450.000000,-10.271261215209961,14.086302757263184,0.18403926491737366,2.039883852005005,2.83215594291687,0.15416426956653595,-0.0013318955898284912,-0.10050900280475616,0.08349350839853287,0.018425140529870987,21.0
2026-04-25T19:25:10.454076,250426_161120.984375,1,58.48674011230469,8.838056564331055,19.799999237060547,43.5,0.8199999928474426,11,210.57000732421875,1,250426_172451.015625,-9.179096221923828,13.942407608032227,0.10080624371767044,2.762193441390991,2.767207384109497,-0.018497876822948456,0.0990898460149765,0.0009647291153669357,0.08069086819887161,0.01859976351261139,23.0
2026-04-25T19:25:13.526399,250426_161112.984375,1,58.487709045410156,8.838106155395508,17.600000381469727,46.68000030517578,0.8199999928474426,11,210.57000732421875,1,250426_172451.015625,-8.605569839477539,14.120028495788574,0.09236297756433487,1.9965190887451172,2.371222496032715,0.021682802587747574,0.06090332567691803,0.06596635282039642,0.07112915068864822,0.01806258223950863,25.0
2026-04-25T19:25:16.497088,250426_161112.000000,1,58.48781967163086,8.838165283203125,17.200000762939453,54.9900016784668,0.8500000238418579,11,210.57000732421875,1,250426_172451.015625,-7.761502742767334,13.915550231933594,0.08482908457517624,1.758760929107666,2.5726234912872314,0.04476423189043999,0.06400811672210693,0.03309226781129837,0.07098676264286041,0.02080693282186985,21.0
2026-04-25T19:25:19.568169,250426_161104.000000,1,58.48854064941406,8.839421272277832,13.0,54.9900016784668,0.8500000238418579,11,210.57000732421875,1,250426_172506.000000,-7.302562713623047,14.781976699829102,0.1743975579738617,2.2288851737976074,2.5097084045410156,-0.14934323728084564,0.02533283829689026,0.08642542362213135,0.07147777080535889,0.021472131833434105,21.0
2026-04-25T19:25:22.550540,250426_161103.015625,1,58.488590240478516,8.839676856994629,13.199999809265137,52.7400016784668,0.8500000238418579,11,210.57000732421875,1,250426_172506.000000,-6.760957717895508,16.538646697998047,0.1497785598039627,1.1163569688796997,2.5040283203125,-0.0847860723733902,0.0870976597070694,0.08751533925533295,0.06903182715177536,0.026347387582063675,22.0
2026-04-25T19:25:25.714082,250426_161046.000000,1,58.49026870727539,8.841527938842773,12.600000381469727,42.5099983215332,0.8500000238418579,11,210.57000732421875,1,250426_172506.000000,-6.509967803955078,15.6224946975708,0.16036230325698853,2.0305917263031006,2.4653799533843994,0.15371404588222504,0.04204465076327324,0.01789717748761177,0.07056085020303726,0.026565659791231155,22.0
2026-04-25T19:25:28.680892,250426_161044.984375,1,58.490360260009766,8.841601371765137,12.300000190734863,41.439998626708984,0.8199999928474426,11,210.57000732421875,1,250426_172506.000000,-6.747660160064697,12.261713981628418,0.26740819215774536,2.7987701892852783,1.6006397008895874,0.2623898386955261,0.009285960346460342,0.05071957781910896,0.08093202859163284,0.03250652179121971,18.0
2026-04-25T19:25:31.755177,250426_161036.984375,1,58.491241455078125,8.842193603515625,11.699999809265137,52.2599983215332,0.8199999928474426,11,210.57000732421875,1,250426_172520.984375,-7.101082801818848,11.035982131958008,0.15323573350906372,0.6740407943725586,1.6236369609832764,0.13304480910301208,-0.07455480098724365,0.014894729480147362,0.0781245231628418,0.03634903207421303,14.0
2026-04-25T19:25:34.733372,250426_161028.000000,1,58.4923095703125,8.842883110046387,14.5,49.13999938964844,0.8199999928474426,11,210.57000732421875,1,250426_172520.984375,-7.755878925323486,10.399499893188477,0.05866902321577072,2.3468551635742188,1.635540246963501,0.034782178699970245,-0.02191385254263878,-0.041857339441776276,0.07612209767103195,0.035428933799266815,16.0
2026-04-25T19:25:37.794822,250426_161019.015625,1,58.493431091308594,8.84371566772461,16.700000762939453,52.91999816894531,0.8199999928474426,11,210.57000732421875,1,250426_172520.984375,-8.00255298614502,11.12458324432373,0.07409501820802689,0.9048616886138916,1.8481048345565796,-0.0686715692281723,-0.02231861837208271,-0.016618279740214348,0.08108585327863693,0.0343596525490284,16.0
2026-04-25T19:25:40.867025,250426_161011.015625,1,58.49419021606445,8.844951629638672,18.100000381469727,50.02000045776367,0.8399999737739563,11,210.57000732421875,1,250426_172520.984375,-7.405045032501221,11.805703163146973,0.18317461013793945,3.8521387577056885,1.8674675226211548,-0.12180195748806,0.09137983620166779,0.10181818902492523,0.07818428426980972,0.030714819207787514,16.0
2026-04-25T19:25:43.939202,250426_161002.000000,1,58.49481964111328,8.84666919708252,20.600000381469727,37.88999938964844,0.9200000166893005,9,210.57000732421875,1,250426_172520.984375,-6.921088218688965,14.127281188964844,0.20179075002670288,1.3648643493652344,1.6029845476150513,-0.19044509530067444,0.06670782715082169,0.00048360228538513184,0.060483235865831375,0.02358231507241726,22.0
2026-04-25T19:25:47.011024,250426_161000.984375,1,58.4948616027832,8.84682846069336,20.899999618530273,35.20000076293945,0.8899999856948853,9,210.57000732421875,1,250426_172520.984375,-6.832925319671631,17.09185791015625,0.2685356140136719,2.0919055938720703,1.4636460542678833,-0.2681163549423218,-0.014808721840381622,0.0023871958255767822,0.07103428989648819,0.029369525611400604,22.0
2026-04-25T19:25:49.979886,250426_160952.000000,1,58.49542999267578,8.84861946105957,25.100000381469727,57.22999954223633,0.9300000071525574,9,210.57000732421875,1,250426_172520.984375,-7.053150177001953,18.069067001342773,0.17411719262599945,2.386165142059326,1.331329345703125,-0.10181120783090591,0.026063017547130585,0.13882359862327576,0.07050669193267822,0.030311983078718185,18.0
2026-04-25T19:25:53.056206,250426_160943.015625,1,58.496150970458984,8.850763320922852,29.799999237060547,57.93000030517578,0.8700000047683716,10,210.57000732421875,1,250426_172536.984375,-5.234843730926514,16.449064254760742,0.2335725575685501,1.8281160593032837,1.85097074508667,0.19893021881580353,-0.05415324866771698,-0.10977399349212646,0.07005821168422699,0.040970753878355026,18.0
2026-04-25T19:25:56.128071,250426_160935.015625,1,58.49686050415039,8.852167129516602,31.700000762939453,37.220001220703125,0.8199999928474426,11,210.57000732421875,1,250426_172536.984375,-6.44675350189209,15.350252151489258,0.1229139193892479,0.9747105240821838,1.7736085653305054,0.011247621849179268,-0.10414642095565796,-0.06430275738239288,0.07303991168737411,0.04200189560651779,14.0
2026-04-25T19:25:59.187066,250426_160934.000000,1,58.4969482421875,8.852192878723145,32.099998474121094,37.11000061035156,0.8399999737739563,11,210.57000732421875,1,250426_172536.984375,-7.079089641571045,16.871700286865234,0.29249435663223267,1.3338446617126465,1.7744114398956299,-0.2916901111602783,-0.008736185729503632,0.01983698457479477,0.07248353958129883,0.04289830103516579,12.0
2026-04-25T19:26:02.138239,250426_160924.984375,1,58.49795150756836,8.851995468139648,34.900001525878906,45.279998779296875,0.8399999737739563,11,210.57000732421875,1,250426_172536.984375,-7.612100124359131,19.861637115478516,0.16435693204402924,0.83523029088974,1.8303884267807007,-0.15866833925247192,-0.04286260902881622,0.0005997829139232635,0.07311879098415375,0.040020108222961426,12.0
2026-04-25T19:26:05.240545,250426_160916.984375,1,58.498878479003906,8.851835250854492,38.599998474121094,47.63999938964844,0.8199999928474426,11,210.57000732421875,1,250426_172536.984375,-8.082818031311035,20.891908645629883,0.06073165312409401,2.108938455581665,1.6682977676391602,0.04085860773921013,-0.04232001304626465,-0.015097159892320633,0.07057522237300873,0.04048621654510498,10.0
2026-04-25T19:26:08.310650,250426_160916.000000,1,58.49898910522461,8.851913452148438,38.5,47.63999938964844,0.8399999737739563,11,210.57000732421875,1,250426_172536.984375,-8.404206275939941,16.89591407775879,0.3860876262187958,3.5432567596435547,1.3250700235366821,0.3723035156726837,-0.08298182487487793,-0.05973069742321968,0.10167612880468369,0.05118296295404434,12.0
2026-04-25T19:26:11.382767,250426_160908.000000,1,58.49987030029297,8.852801322937012,39.400001525878906,50.58000183105469,0.8799999952316284,10,210.57000732421875,1,250426_172536.984375,-9.434466361999512,14.820765495300293,0.053761910647153854,2.0376851558685303,1.5068435668945312,0.014888663776218891,-0.023012900725007057,-0.04625015705823898,0.1141117736697197,0.05817214399576187,18.0
2026-04-25T19:26:14.353058,250426_160907.015625,1,58.49998092651367,8.852883338928223,39.5,49.02000045776367,0.8799999952316284,10,210.57000732421875,1,250426_172536.984375,-9.059176445007324,15.000361442565918,0.06890879571437836,0.9680111408233643,1.4287022352218628,0.0011354926973581314,0.0007459986954927444,-0.06889539957046509,0.12215782701969147,0.05162828043103218,18.0
2026-04-25T19:26:17.424267,250426_160859.015625,1,58.500999450683594,8.852675437927246,36.29999923706055,52.59000015258789,0.8799999952316284,10,210.57000732421875,1,250426_172536.984375,-8.958816528320312,16.56529998779297,0.23743097484111786,3.9020843505859375,1.498890995979309,-0.22669799625873566,-0.008368817158043385,0.07008176296949387,0.12225017696619034,0.0501154325902462,20.0
2026-04-25T19:26:20.495858,250426_160858.000000,1,58.501129150390625,8.852636337280273,35.70000076293945,53.709999084472656,0.8700000047683716,10,210.57000732421875,1,250426_172608.000000,-7.8807573318481445,19.546255111694336,0.17957904934883118,2.647860288619995,1.4549068212509155,-0.11682645976543427,0.11826566606760025,0.06792238354682922,0.11017069965600967,0.048241253942251205,22.0
2026-04-25T19:26:23.567807,250426_160856.984375,1,58.50127029418945,8.852639198303223,35.099998474121094,49.75,0.8999999761581421,10,210.57000732421875,1,250426_172608.000000,-6.627064228057861,19.631059646606445,0.1649065911769867,1.246152639389038,1.2870991230010986,0.09199212491512299,0.1368563324213028,-0.0014061108231544495,0.06964249908924103,0.026147358119487762,22.0
2026-04-25T19:26:26.539220,250426_160850.000000,1,58.502079010009766,8.853315353393555,31.100000381469727,49.75,0.8700000047683716,10,210.57000732421875,1,250426_172608.000000,-5.98459005355835,17.53688621520996,0.2714875638484955,1.9306871891021729,1.438807725906372,0.2703031599521637,8.747819811105728e-05,-0.02533130720257759,0.07084125280380249,0.035422537475824356,18.0
2026-04-25T19:26:29.610206,250426_160848.984375,1,58.50218963623047,8.85340404510498,30.5,46.5,0.8399999737739563,11,210.57000732421875,1,250426_172608.000000,-6.349696159362793,14.715032577514648,0.16833364963531494,0.756057858467102,1.5374269485473633,0.1507290154695511,-0.023570263758301735,0.07114371657371521,0.06709050387144089,0.04334089159965515,18.0
2026-04-25T19:26:32.682250,250426_160840.000000,1,58.50325012207031,8.853203773498535,25.799999237060547,47.29999923706055,0.8199999928474426,11,210.57000732421875,1,250426_172608.000000,-6.765607833862305,13.75383186340332,0.12679995596408844,1.4795444011688232,1.4969836473464966,0.12535278499126434,-0.018413100391626358,-0.005086103454232216,0.07331374287605286,0.034727081656455994,16.0
2026-04-25T19:26:35.754028,250426_160832.000000,1,58.50389099121094,8.854145050048828,21.200000762939453,46.11000061035156,0.8199999928474426,11,210.57000732421875,1,250426_172608.000000,-6.307748794555664,14.526433944702148,0.10045665502548218,1.687838077545166,1.3321744203567505,-0.044169630855321884,0.08645697683095932,0.025802580639719963,0.07813801616430283,0.03036229871213436,14.0
2026-04-25T19:26:38.722613,250426_160831.015625,1,58.50389099121094,8.8543701171875,20.399999618530273,47.599998474121094,1.0499999523162842,9,210.57000732421875,1,250426_172624.000000,-6.169511318206787,13.418678283691406,0.2407381683588028,2.2343077659606934,1.2973133325576782,0.23352551460266113,-0.04851516708731651,-0.03266455605626106,0.07391661405563354,0.027727274224162102,18.0
2026-04-25T19:26:41.794804,250426_160822.000000,1,58.50386047363281,8.856395721435547,17.600000381469727,50.41999816894531,0.8199999928474426,11,210.57000732421875,1,250426_172624.000000,-5.86497163772583,13.507020950317383,0.10964962840080261,0.8098446726799011,1.1407090425491333,-0.08657500892877579,0.05847446620464325,-0.03329480439424515,0.06369247287511826,0.020707761868834496,20.0
2026-04-25T19:26:44.871290,250426_160812.984375,1,58.50421905517578,8.858197212219238,19.299999237060547,49.040000915527344,0.8199999928474426,11,210.57000732421875,1,250426_172624.000000,-7.353219985961914,12.799630165100098,0.1855631321668625,1.8062070608139038,1.147740125656128,0.14894194900989532,-0.10969365388154984,-0.014740228652954102,0.059266433119773865,0.019723739475011826,26.0
2026-04-25T19:26:47.835825,250426_160804.984375,1,58.50511932373047,8.859075546264648,19.700000762939453,52.91999816894531,0.8199999928474426,11,210.57000732421875,1,250426_172639.015625,-8.074010848999023,11.773094177246094,0.08748793601989746,0.8940216302871704,1.1404097080230713,0.08148499578237534,-0.027008013799786568,-0.01687902770936489,0.055242083966732025,0.02028413861989975,22.0
2026-04-25T19:26:50.908334,250426_160804.000000,1,58.50524139404297,8.859207153320312,20.0,53.939998626708984,0.8399999737739563,11,210.57000732421875,1,250426_172639.015625,-8.214200973510742,11.025155067443848,0.03194789960980415,1.9964244365692139,1.2069023847579956,0.014530164189636707,-0.02481134608387947,0.013926222920417786,0.05781023949384689,0.02081987075507641,22.0
2026-04-25T19:26:53.910126,250426_160756.000000,1,58.50598907470703,8.860456466674805,25.899999618530273,44.189998626708984,0.8399999737739563,11,137.0399932861328,1,250426_172639.015625,-7.940905570983887,10.181035995483398,0.032320838421583176,1.841501235961914,1.320103406906128,0.030265649780631065,0.008194309659302235,0.007840948179364204,0.05891061946749687,0.019414355978369713,20.0
2026-04-25T19:26:57.055548,250426_160747.015625,1,58.5059814453125,8.862105369567871,26.0,25.260000228881836,0.8799999952316284,10,137.0399932861328,1,250426_172639.015625,-8.938667297363281,9.5859956741333,0.12090408056974411,1.826420545578003,1.5368635654449463,0.08702542632818222,-0.08027932792901993,-0.024486739188432693,0.058402568101882935,0.016591081395745277,22.0
2026-04-25T19:27:00.022026,250426_160739.015625,1,58.50653839111328,8.862763404846191,26.700000762939453,48.689998626708984,0.9599999189376831,9,137.0399932861328,1,250426_172640.000000,-9.111809730529785,10.004829406738281,0.028471436351537704,0.9502366185188293,1.5471173524856567,-0.010852252133190632,-0.011214635334908962,-0.023813508450984955,0.05032595247030258,0.012264702469110489,21.0
2026-04-25T19:27:03.094067,250426_160738.000000,1,58.50666046142578,8.862854957580566,26.799999237060547,51.119998931884766,0.949999988079071,9,137.0399932861328,1,250426_172640.000000,-9.378844261169434,11.034095764160156,0.13699908554553986,0.9164386987686157,1.6256052255630493,-0.11361466348171234,-0.06724308431148529,-0.03658995032310486,0.0585634782910347,0.014331873506307602,19.0
2026-04-25T19:27:06.165662,250426_160728.984375,1,58.507720947265625,8.863862991333008,27.299999237060547,55.11000061035156,1.0499999523162842,8,137.0399932861328,1,250426_172640.000000,-9.69870376586914,11.998177528381348,0.158323734998703,1.2233185768127441,1.392663836479187,-0.15447424352169037,0.034050993621349335,-0.006681503728032112,0.055194344371557236,0.013051152229309082,15.0
2026-04-25T19:27:09.240620,250426_160720.984375,1,58.508750915527344,8.864706039428711,26.600000381469727,56.68000030517578,0.9700000882148743,9,137.0399932861328,1,250426_172655.015625,-10.349944114685059,12.420312881469727,0.06204815208911896,0.8500125408172607,1.2597837448120117,-0.050049833953380585,-0.024962857365608215,-0.026867128908634186,0.04889849200844765,0.01152379997074604,19.0
2026-04-25T19:27:12.209369,250426_160712.000000,1,58.50994110107422,8.865496635437012,30.399999618530273,49.29999923706055,0.8799999952316284,10,137.0399932861328,1,250426_172655.015625,-10.728267669677734,12.383951187133789,0.0820930004119873,1.2471895217895508,1.3282318115234375,0.011303518898785114,-0.038170572370290756,-0.07179483026266098,0.048045262694358826,0.011622828431427479,19.0
2026-04-25T19:27:15.278640,250426_160711.015625,1,58.51007080078125,8.865571975708008,30.600000381469727,46.5099983215332,0.8700000047683716,10,137.0399932861328,1,250426_172655.015625,-10.799764633178711,12.252248764038086,0.14716215431690216,3.6452791690826416,1.3654379844665527,0.13216136395931244,-0.00929654948413372,-0.06405972689390182,0.0496152862906456,0.011530201882123947,18.0
2026-04-25T19:27:18.350438,250426_160703.015625,1,58.51068115234375,8.866304397583008,31.799999237060547,22.100000381469727,1.4299999475479126,8,137.0399932861328,1,250426_172655.015625,-9.987356185913086,11.968927383422852,0.15214881300926208,2.3617117404937744,1.2673442363739014,0.10476578772068024,0.02467963472008705,-0.10753746330738068,0.03823425620794296,0.010594747960567474,20.0
2026-04-25T19:27:21.422819,250426_160702.000000,1,58.51066970825195,8.866415023803711,31.600000381469727,27.280000686645508,1.8799999952316284,7,137.0399932861328,1,250426_172655.015625,-9.65460205078125,11.981545448303223,0.05276451259851456,1.1211202144622803,1.3573341369628906,0.00198777811601758,0.03729581832885742,-0.037271492183208466,0.03395608067512512,0.009839477948844433,22.0
2026-04-25T19:27:24.383063,250426_160644.984375,1,58.50846862792969,8.867094993591309,33.70000076293945,36.27000045776367,0.8199999928474426,11,137.0399932861328,1,250426_172710.000000,-9.570175170898438,12.895545959472656,0.08273210376501083,2.928380250930786,1.288513422012329,-0.04239661991596222,-0.0065957000479102135,-0.07073630392551422,0.035396043211221695,0.009805923327803612,22.0
2026-04-25T19:27:27.468562,250426_160644.000000,1,58.50836181640625,8.867058753967285,33.599998474121094,32.02000045776367,0.8199999928474426,11,137.0399932861328,1,250426_172710.000000,-9.388077735900879,13.609466552734375,0.05943923443555832,1.6098812818527222,1.2227840423583984,-0.0582037977874279,0.011956476606428623,0.0015438823029398918,0.03794829174876213,0.010233002714812756,20.0
2026-04-25T19:27:30.538162,250426_160635.015625,1,58.507850646972656,8.868606567382812,32.099998474121094,62.38999938964844,0.8600000143051147,10,137.0399932861328,1,250426_172724.984375,-8.951252937316895,13.257411003112793,0.061384741216897964,2.182466983795166,1.2535959482192993,-0.02155786193907261,-0.024576149880886078,-0.051955342292785645,0.043176017701625824,0.011421858333051205,20.0
2026-04-25T19:27:33.611894,250426_160626.000000,1,58.50749969482422,8.871227264404297,27.799999237060547,61.630001068115234,0.9399999976158142,9,137.0399932861328,1,250426_172724.984375,-8.819330215454102,11.448893547058105,0.19450223445892334,2.476271867752075,1.2248131036758423,0.1934850513935089,0.015732308849692345,-0.01213032566010952,0.05822788551449776,0.01610705442726612,16.0
2026-04-25T19:27:36.577257,250426_160616.984375,1,58.50659942626953,8.873065948486328,26.600000381469727,57.349998474121094,0.8700000047683716,10,137.0399932861328,1,250426_172724.984375,-8.900781631469727,10.811214447021484,0.11010394245386124,0.871983528137207,1.1239768266677856,0.07640368491411209,-0.07604286819696426,-0.022424034774303436,0.05595337226986885,0.01622588559985161,14.0
2026-04-25T19:27:39.649986,250426_160616.000000,1,58.5064811706543,8.873186111450195,26.399999618530273,56.349998474121094,0.8799999952316284,10,137.0399932861328,1,250426_172724.984375,-10.105050086975098,9.197945594787598,0.11953551322221756,1.2378296852111816,1.4347360134124756,0.024733638390898705,-0.11693723499774933,-0.0016335267573595047,0.0614490732550621,0.020710520446300507,14.0
2026-04-25T19:27:42.722663,250426_160608.000000,1,58.505409240722656,8.873978614807129,25.600000381469727,58.5,0.8199999928474426,11,137.0399932861328,1,250426_172726.000000,-11.158783912658691,9.145885467529297,0.09433803707361221,1.7668761014938354,1.3943817615509033,-0.09103082120418549,-0.02024184912443161,-0.014259075745940208,0.05841778218746185,0.021348100155591965,16.0
2026-04-25T19:27:45.796300,250426_160559.015625,1,58.50410079956055,8.874801635742188,18.100000381469727,61.779998779296875,0.8199999928474426,11,137.0399932861328,1,250426_172726.000000,-10.603462219238281,10.373710632324219,0.18947945535182953,1.59037184715271,1.3807504177093506,-0.15936629474163055,0.09035038203001022,0.048390671610832214,0.051771629601716995,0.02144281379878521,18.0
2026-04-25T19:27:51.769350,250426_160540.984375,1,58.50162887573242,8.873746871948242,1.399999976158142,34.279998779296875,0.8299999833106995,11,137.0399932861328,1,250426_172740.984375,-9.640554428100586,12.389369010925293,0.06016707047820091,0.8815881013870239,1.2852789163589478,-0.02584642730653286,-0.05043482407927513,-0.020208094269037247,0.06500820815563202,0.02442488633096218,22.0
2026-04-25T19:27:54.816232,250426_160532.984375,1,58.501190185546875,8.87370777130127,-1.7999999523162842,14.34000015258789,0.8299999833106995,11,137.0399932861328,1,250426_172740.984375,-9.301704406738281,12.460792541503906,0.0750158354640007,0.8633478879928589,1.239013671875,-0.05407782271504402,0.026965461671352386,0.0444503054022789,0.06884464621543884,0.022285347804427147,24.0
2026-04-25T19:27:57.876397,250426_160524.984375,1,58.500648498535156,8.873921394348145,-3.0,43.61000061035156,0.9300000071525574,10,137.0399932861328,1,250426_172756.000000,-9.166040420532227,12.355642318725586,0.08928707242012024,1.3853198289871216,1.193595290184021,0.08528871834278107,0.02641965076327324,0.00013132020831108093,0.0740162655711174,0.021381421014666557,21.0
2026-04-25T19:28:00.951502,250426_160524.000000,1,58.50054931640625,8.874014854431152,-2.799999952316284,45.22999954223633,0.9300000071525574,10,137.0399932861328,1,250426_172756.000000,-9.004539489746094,12.522011756896973,0.05083153024315834,0.6462084650993347,1.141289234161377,-0.024045823141932487,0.024853721261024475,0.03725501149892807,0.07552210241556168,0.01937198080122471,18.0
2026-04-25T19:28:04.022148,250426_160516.000000,1,58.49980163574219,8.87539005279541,-2.0,57.2400016784668,0.9300000071525574,10,137.0399932861328,1,250426_172756.000000,-8.131765365600586,12.118844985961914,0.17380179464817047,2.9046552181243896,1.124900460243225,0.11318773776292801,0.05669142305850983,-0.1190868616104126,0.040256649255752563,0.00922864768654108,18.0
2026-04-25T19:28:07.096502,250426_160507.015625,1,58.499149322509766,8.877172470092773,-1.399999976158142,32.220001220703125,0.9300000071525574,10,137.0399932861328,1,250426_172756.000000,-7.982086658477783,12.092851638793945,0.06739813089370728,1.3487142324447632,1.1434990167617798,0.01578727550804615,0.0019252598285675049,0.06549475342035294,0.050960101187229156,0.009751166217029095,20.0
2026-04-25T19:28:10.063286,250426_160506.000000,1,58.49909973144531,8.87739372253418,-1.7000000476837158,22.8799991607666,0.9300000071525574,10,137.0399932861328,1,250426_172756.000000,-9.453529357910156,11.8577241897583,0.06998735666275024,1.3163032531738281,1.1700329780578613,-0.02047022618353367,-0.04407548904418945,0.0503641813993454,0.052752535790205,0.012023338116705418,20.0
2026-04-25T19:28:13.135671,250426_160458.000000,1,58.498741149902344,8.877120018005371,-1.399999976158142,26.780000686645508,0.8299999833106995,11,137.0399932861328,1,250426_172756.984375,-9.45582389831543,12.398815155029297,0.06600850820541382,1.5050781965255737,1.1524978876113892,0.008132314309477806,0.031935423612594604,-0.057193681597709656,0.05070236697793007,0.012146872468292713,23.0
2026-04-25T19:28:16.206474,250426_160456.984375,1,58.49872970581055,8.876994132995605,-1.5,26.1200008392334,0.8299999833106995,11,137.0399932861328,1,250426_172756.984375,-9.21403694152832,13.632431030273438,0.2817946970462799,3.5341508388519287,1.196756362915039,-0.2577458918094635,0.07119744271039963,0.08891697227954865,0.053910065442323685,0.015114766545593739,25.0
2026-04-25T19:28:19.185314,250426_160448.984375,1,58.49837112426758,8.87578010559082,-3.4000000953674316,38.75,0.8299999833106995,11,137.0399932861328,1,250426_172756.984375,-9.079203605651855,15.740326881408691,0.06468881666660309,4.650041580200195,1.4940203428268433,-0.051182400435209274,-0.022556155920028687,0.032499611377716064,0.067548006772995,0.021806957200169563,23.0
2026-04-25T19:28:22.248643,250426_160440.984375,1,58.49837875366211,8.874591827392578,-2.700000047683716,31.719999313354492,0.9300000071525574,10,137.0399932861328,1,250426_172756.984375,-8.963080406188965,17.34804916381836,0.05272713676095009,2.103118419647217,1.4200518131256104,-0.04007146134972572,0.02784019708633423,0.019983798265457153,0.07161816209554672,0.023125378414988518,23.0
2026-04-25T19:28:25.320286,250426_160422.000000,1,58.4987907409668,8.871871948242188,3.0999999046325684,29.770000457763672,0.8700000047683716,10,137.0399932861328,1,250426_172756.984375,-9.339845657348633,17.21634864807129,0.061449531465768814,0.6665908694267273,1.403714895248413,-0.011449391953647137,-0.038442812860012054,-0.04655218869447708,0.0758139044046402,0.021701466292142868,25.0
2026-04-25T19:28:28.391421,250426_160414.000000,1,58.4988899230957,8.870757102966309,3.4000000953674316,26.719999313354492,0.8799999952316284,10,137.0399932861328,1,250426_172756.984375,-9.394293785095215,17.81721305847168,0.1411091834306717,1.7964022159576416,1.4094018936157227,-0.13028833270072937,-0.030044488608837128,0.04510074481368065,0.07852571457624435,0.020295197144150734,24.0
2026-04-25T19:28:31.465944,250426_160412.984375,1,58.49890899658203,8.870630264282227,3.5,26.600000381469727,0.8799999952316284,10,137.0399932861328,1,250426_172756.984375,-9.222079277038574,17.928024291992188,0.0386793278157711,1.9627474546432495,1.1520222425460815,0.028914708644151688,0.005170329473912716,-0.025165405124425888,0.06623131781816483,0.0140589764341712,24.0
2026-04-25T19:28:34.433713,250426_160404.984375,1,58.499149322509766,8.869527816772461,3.4000000953674316,38.869998931884766,1.2300000190734863,9,137.0399932861328,1,250426_172827.015625,-9.23272705078125,18.00018310546875,0.04976310208439827,0.9311008453369141,0.9550690650939941,-0.045112062245607376,0.019278397783637047,0.00834334921091795,0.02640262246131897,0.0059478129260241985,24.0
2026-04-25T19:28:37.447987,250426_160404.000000,1,58.499210357666016,8.869373321533203,3.799999952316284,40.529998779296875,1.2300000190734863,9,137.0399932861328,1,250426_172827.015625,-8.237433433532715,17.41261863708496,0.14879988133907318,3.8688066005706787,1.0328069925308228,-0.06498727202415466,0.10635381937026978,0.08128299564123154,0.030109938234090805,0.007685531862080097,22.0
2026-04-25T19:28:40.577636,250426_160356.000000,1,58.49958038330078,8.868005752563477,5.099999904632568,41.90999984741211,1.2300000190734863,9,137.0399932861328,1,250426_172827.015625,-8.496774673461914,16.42828369140625,0.13351747393608093,3.5717034339904785,1.6251966953277588,0.017010079696774483,-0.1272238790988922,0.036764904856681824,0.05262023210525513,0.013751843944191933,21.0
2026-04-25T19:28:43.648852,250426_160355.015625,1,58.499610900878906,8.867804527282715,5.699999809265137,41.81999969482422,1.2300000190734863,9,137.0399932861328,1,250426_172827.015625,-10.05025863647461,15.814834594726562,0.07821258157491684,1.1410263776779175,1.6726802587509155,-0.007601666264235973,-0.07649245113134384,0.014433532953262329,0.05418616905808449,0.016751227900385857,19.0
2026-04-25T19:28:46.585171,250426_160347.015625,1,58.49977111816406,8.866131782531738,7.5,40.91999816894531,0.8899999856948853,10,137.0399932861328,1,250426_172827.015625,-10.30321979522705,15.241333961486816,0.042172472923994064,2.674788475036621,1.6729637384414673,-0.010107696056365967,0.018381765112280846,0.0365850031375885,0.05467737838625908,0.017093351110816002,21.0
2026-04-25T19:28:49.691679,250426_160346.000000,1,58.49977111816406,8.86594009399414,7.400000095367432,40.279998779296875,0.8899999856948853,10,137.0399932861328,1,250426_172827.015625,-10.017428398132324,14.948808670043945,0.038652174174785614,2.744109630584717,1.7464112043380737,0.0025259051471948624,0.03160076215863228,0.022113392129540443,0.056723568588495255,0.01702284999191761,25.0
2026-04-25T19:28:52.763612,250426_160338.000000,1,58.49977111816406,8.86469841003418,8.399999618530273,22.0,0.8299999833106995,11,137.0399932861328,1,250426_172843.015625,-9.806918144226074,14.78369426727295,0.035115908831357956,2.3145151138305664,1.6633057594299316,-0.00390981137752533,0.033092670142650604,0.011077702976763248,0.050938814878463745,0.01335823256522417,27.0
2026-04-25T19:28:55.837696,250426_160336.984375,1,58.49974822998047,8.864581108093262,8.699999809265137,23.56999969482422,0.8199999928474426,11,137.0399932861328,1,250426_172843.015625,-9.821508407592773,14.850220680236816,0.11516474932432175,3.497058391571045,1.4161702394485474,0.07613469660282135,-0.0009945249184966087,-0.0864027738571167,0.04246444255113602,0.010100109502673149,28.0
2026-04-25T19:28:58.803480,250426_160328.000000,1,58.500240325927734,8.863987922668457,4.699999809265137,37.189998626708984,0.8199999928474426,11,137.0399932861328,1,250426_172843.015625,-9.898741722106934,14.507039070129395,0.07831539213657379,1.2830818891525269,1.3932552337646484,0.06777599453926086,-0.03918648138642311,0.0020336098968982697,0.03389092534780502,0.00782951433211565,28.0
2026-04-25T19:29:01.867302,250426_160320.000000,1,58.500911712646484,8.86368179321289,2.5999999046325684,34.34000015258789,0.8299999833106995,11,137.0399932861328,1,250426_172843.015625,-9.22623348236084,14.206781387329102,0.08404061198234558,1.682142972946167,1.326034665107727,-0.05088752135634422,0.053775303065776825,0.03976810351014137,0.03299901634454727,0.007522521074861288,24.0
2026-04-25T19:29:04.947829,250426_160319.015625,1,58.50099182128906,8.863645553588867,1.899999976158142,33.400001525878906,0.8299999833106995,11,137.0399932861328,1,250426_172843.015625,-9.325199127197266,14.346985816955566,0.28994622826576233,9.259833335876465,1.758435845375061,-0.06462652236223221,-0.0024506188929080963,0.2826414704322815,0.05546123534440994,0.01308803167194128,20.0
2026-04-25T19:29:07.909433,250426_160311.015625,1,58.5017204284668,8.863544464111328,0.6000000238418579,42.84000015258789,0.8299999833106995,11,137.0399932861328,1,250426_172843.015625,-10.434765815734863,13.9506254196167,0.08529029786586761,4.399230003356934,1.7600454092025757,0.06415653973817825,-0.05384061112999916,-0.01611090451478958,0.05327174440026283,0.014645271003246307,17.0
2026-04-25T19:29:10.991186,250426_160303.015625,1,58.50263977050781,8.863763809204102,-0.8999999761581421,49.83000183105469,0.8299999833106995,11,137.0399932861328,1,250426_172843.015625,-10.700270652770996,14.472479820251465,0.034202754497528076,1.5402799844741821,1.7993109226226807,-0.00985909253358841,0.015324855223298073,-0.0289443489164114,0.05757821351289749,0.014286002144217491,17.0
2026-04-25T19:29:13.989641,250426_160302.000000,1,58.50276184082031,8.863823890686035,-1.2999999523162842,49.130001068115234,0.8299999833106995,11,137.0399932861328,1,250426_172859.015625,-10.387909889221191,14.480698585510254,0.059409718960523605,2.1180782318115234,1.8108187913894653,-0.03355231136083603,0.03713015466928482,0.03201732784509659,0.058835193514823914,0.014024458825588226,15.0
2026-04-25T19:29:17.044081,250426_160254.000000,1,58.503658294677734,8.864053726196289,-1.0,38.36000061035156,0.9700000882148743,9,137.0399932861328,1,250426_172859.015625,-10.290769577026367,14.58382797241211,0.03495335206389427,1.746631383895874,1.7539105415344238,0.013500832952558994,0.029345786198973656,-0.013352502137422562,0.05560244619846344,0.01185285672545433,17.0
2026-04-25T19:29:23.174820,250426_160244.984375,1,58.50419998168945,8.86262321472168,3.200000047683716,40.04999923706055,1.0399999618530273,8,137.0399932861328,1,250426_172859.015625,-9.771870613098145,14.556517601013184,0.08666520565748215,0.40935686230659485,1.2355680465698242,0.0750872939825058,-0.019276488572359085,-0.0387449786067009,0.03473597392439842,0.0064898645505309105,20.0
2026-04-25T19:29:26.174233,250426_160244.000000,1,58.504249572753906,8.86246109008789,3.4000000953674316,40.0099983215332,0.9700000882148743,9,137.0399932861328,1,250426_172859.015625,-9.421571731567383,14.63288402557373,0.021704290062189102,1.533160924911499,1.0994110107421875,0.006771441549062729,0.01496751420199871,0.01418440230190754,0.028759697452187538,0.005782533437013626,20.0
2026-04-25T19:29:29.319855,250426_160236.000000,1,58.504940032958984,8.86169147491455,4.199999809265137,41.650001525878906,0.8100000023841858,11,137.0399932861328,1,250426_172859.015625,-9.28964614868164,14.18541431427002,0.06442022323608398,0.5313015580177307,1.0255903005599976,0.05941291153430939,0.024052686989307404,-0.006445103324949741,0.030046863481402397,0.005127033218741417,20.0
2026-04-25T19:29:32.288900,250426_160235.015625,1,58.50503921508789,8.861664772033691,4.099999904632568,39.72999954223633,0.8299999833106995,11,137.0399932861328,1,250426_172859.015625,-8.812393188476562,13.518268585205078,0.08068226277828217,1.0273585319519043,0.9865386486053467,0.03419109061360359,0.07266394793987274,0.007781216874718666,0.029065929353237152,0.005667918361723423,18.0
2026-04-25T19:29:35.361262,250426_160227.015625,1,58.50579071044922,8.862234115600586,2.4000000953674316,14.119999885559082,0.8100000023841858,11,137.0399932861328,1,250426_172928.984375,-9.29942798614502,13.108036994934082,0.11200892180204391,0.5265689492225647,0.75774085521698,-0.006047751754522324,-0.11023128032684326,0.018933838233351707,0.03429638594388962,0.00672007305547595,20.0
2026-04-25T19:29:38.355421,250426_160218.000000,1,58.50603103637695,8.861448287963867,-1.7000000476837158,36.630001068115234,0.8299999833106995,11,137.0399932861328,1,250426_172928.984375,-10.334498405456543,12.430813789367676,0.040136806666851044,0.436839759349823,0.5687453746795654,0.015626009553670883,-0.029290538281202316,-0.022557824850082397,0.03893253207206726,0.007878913544118404,21.0
2026-04-25T19:29:41.506699,250426_160208.984375,1,58.50571823120117,8.859933853149414,-2.5999999046325684,33.25,0.9900000095367432,10,137.0399932861328,1,250426_172928.984375,-10.299178123474121,12.817581176757812,0.08066350966691971,1.2083027362823486,0.5628193616867065,-0.06361763179302216,0.04360004886984825,0.023631205782294273,0.039339009672403336,0.0081478301435709,23.0
2026-04-25T19:29:44.474825,250426_160200.000000,1,58.50484848022461,8.858868598937988,1.5,52.83000183105469,0.9900000095367432,10,137.0399932861328,1,250426_172928.984375,-10.879337310791016,13.965733528137207,0.12692084908485413,1.3168553113937378,0.7017523050308228,-0.11727108806371689,-0.04699289798736572,-0.012168027460575104,0.039921119809150696,0.00994793325662613,21.0
2026-04-25T19:29:47.492471,250426_160140.984375,1,58.50389099121094,8.855385780334473,16.0,49.349998474121094,0.8199999928474426,11,137.0399932861328,1,250426_172928.984375,-11.00152587890625,14.720521926879883,0.04507395252585411,0.9113553166389465,0.6573072075843811,-0.011575788259506226,0.0067561618052423,0.04303506389260292,0.03914952650666237,0.008786838501691818,23.0
2026-04-25T19:29:50.609300,250426_160132.984375,1,58.503700256347656,8.853639602661133,26.700000762939453,44.27000045776367,0.8199999928474426,11,137.0399932861328,1,250426_172928.984375,-11.468721389770508,13.424009323120117,0.12842772901058197,0.6295033693313599,0.7197430729866028,0.11914864927530289,-0.046302925795316696,-0.012382137589156628,0.03736768662929535,0.008655051700770855,18.0
2026-04-25T19:29:53.690244,250426_160115.015625,1,58.5015983581543,8.852829933166504,34.79999923706055,52.619998931884766,0.8100000023841858,11,137.0399932861328,1,250426_172944.984375,-11.593151092529297,12.699403762817383,0.060133881866931915,1.16262948513031,0.7058966159820557,0.04180607199668884,-0.041062720119953156,0.013497776351869106,0.034286241978406906,0.009355777874588966,16.0
2026-04-25T19:29:56.662200,250426_160058.000000,1,58.49940872192383,8.852190017700195,30.799999237060547,52.369998931884766,0.8100000023841858,11,137.0399932861328,1,250426_172944.984375,-11.053154945373535,12.528651237487793,0.05042969062924385,1.3220347166061401,0.6842743754386902,0.006475826259702444,0.049863703548908234,0.003850783221423626,0.03448614850640297,0.009230599738657475,20.0
2026-04-25T19:29:59.722902,250426_160056.984375,1,58.499290466308594,8.852086067199707,30.200000762939453,46.599998474121094,0.8100000023841858,11,137.0399932861328,1,250426_172944.984375,-11.043564796447754,13.302933692932129,0.129163458943367,2.762024164199829,0.9219198226928711,0.00028770603239536285,-0.06691370159387589,-0.11047929525375366,0.04297754913568497,0.010369688272476196,20.0
2026-04-25T19:30:02.794518,250426_160048.984375,1,58.49831008911133,8.852036476135254,25.5,46.599998474121094,0.8199999928474426,11,137.0399932861328,1,250426_172946.000000,-12.351605415344238,13.689569473266602,0.08509698510169983,0.9562974572181702,0.9016736149787903,0.0179807897657156,-0.0815359428524971,0.016434039920568466,0.04255128279328346,0.012555676512420177,18.0
2026-04-25T19:30:05.875688,250426_160048.000000,1,58.498191833496094,8.852078437805176,25.100000381469727,46.20000076293945,0.8199999928474426,11,137.0399932861328,1,250426_172946.000000,-12.610156059265137,13.751436233520508,0.042924076318740845,1.3292683362960815,1.0462137460708618,-0.03827950730919838,-0.015536069869995117,-0.01165272668004036,0.04523102566599846,0.011824153363704681,20.0
2026-04-25T19:30:08.845482,250426_160040.000000,1,58.49728012084961,8.852404594421387,22.100000381469727,42.0,0.8799999952316284,10,137.0399932861328,1,250426_172946.000000,-12.25337028503418,13.87048053741455,0.03449862077832222,1.809928059577942,1.1586096286773682,0.009367422200739384,0.025127511471509933,-0.02170286886394024,0.044823288917541504,0.01171618141233921,24.0
2026-04-25T19:30:11.918022,250426_160039.015625,1,58.4971809387207,8.852381706237793,21.5,39.9900016784668,0.8700000047683716,10,137.0399932861328,1,250426_172946.000000,-11.533069610595703,13.997832298278809,0.06851337850093842,0.3104332685470581,1.4105472564697266,-0.029295315966010094,0.0618380531668663,0.003452821634709835,0.038049012422561646,0.010908931493759155,22.0
2026-04-25T19:30:14.980049,250426_160030.000000,1,58.49641036987305,8.851122856140137,17.100000381469727,52.310001373291016,0.8100000023841858,11,137.0399932861328,1,250426_172946.000000,-11.14172077178955,14.226903915405273,0.05259966105222702,1.5860099792480469,1.392465353012085,0.02755541168153286,0.03517885506153107,-0.027746563777327538,0.03725529462099075,0.00963901448994875,22.0
2026-04-25T19:30:17.941415,250426_160022.000000,1,58.49580001831055,8.849516868591309,12.0,50.939998626708984,0.8100000023841858,11,137.0399932861328,1,250426_172946.000000,-10.282806396484375,14.47172737121582,0.05723360925912857,0.7543933391571045,1.3468562364578247,-0.010213673114776611,0.04373602569103241,-0.0354757234454155,0.035825107246637344,0.008458179421722889,22.0
2026-04-25T19:30:21.031901,250426_160014.000000,1,58.4952507019043,8.848038673400879,11.899999618530273,41.13999938964844,0.8100000023841858,11,137.0399932861328,1,250426_173002.000000,-9.984573364257812,15.014928817749023,0.14025643467903137,0.41114532947540283,1.301620364189148,-0.09454009681940079,0.03892119973897934,0.09601655602455139,0.03815494477748871,0.00933067686855793,20.0
2026-04-25T19:30:24.105104,250426_160012.984375,1,58.49518966674805,8.847880363464355,11.899999618530273,41.13999938964844,0.8199999928474426,11,137.0399932861328,1,250426_173002.000000,-9.731390953063965,14.771424293518066,0.03313504904508591,1.4607560634613037,1.2977123260498047,0.029621506109833717,-0.005361398681998253,0.01384749822318554,0.04092982038855553,0.009244491346180439,20.0
2026-04-25T19:30:27.176465,250426_160004.984375,1,58.49480056762695,8.846711158752441,11.5,42.02000045776367,0.8799999952316284,10,137.0399932861328,1,250426_173002.000000,-9.608983039855957,13.748157501220703,0.056015077978372574,1.5104140043258667,1.0784552097320557,0.041438791900873184,0.030202476307749748,-0.022546084597706795,0.046774089336395264,0.009965192526578903,24.0
2026-04-25T19:30:30.120076,250426_155955.015625,1,58.49414825439453,8.844926834106445,9.800000190734863,47.06999969482422,0.9200000166893005,9,137.0399932861328,1,250426_173002.000000,-9.061027526855469,13.286198616027832,0.027955301105976105,0.9949860572814941,1.1587432622909546,0.019324950873851776,0.019262071698904037,0.006084219086915255,0.04711638018488884,0.01006047148257494,22.0
2026-04-25T19:30:33.218732,250426_155946.000000,1,58.49327850341797,8.843770980834961,9.699999809265137,47.56999969482422,0.8799999952316284,10,137.0399932861328,1,250426_173002.000000,-8.860444068908691,12.654796600341797,0.17294368147850037,1.737860918045044,1.3943086862564087,0.16751308739185333,-0.014168749563395977,-0.04059718921780586,0.05208302289247513,0.01153995655477047,26.0
2026-04-25T19:30:36.291040,250426_155938.000000,1,58.49237823486328,8.843123435974121,8.5,45.29999923706055,0.8799999952316284,10,137.0399932861328,1,250426_173020.000000,-9.02724552154541,12.751777648925781,0.020853281021118164,0.5295397639274597,1.4585301876068115,-0.0011814301833510399,0.009119474329054356,0.018716268241405487,0.05483468621969223,0.012273727916181087,22.0
2026-04-25T19:30:39.259473,250426_155936.984375,1,58.492271423339844,8.843052864074707,8.199999809265137,44.959999084472656,0.8600000143051147,10,137.0399932861328,1,250426_173020.000000,-8.926812171936035,12.803696632385254,0.026225868612527847,1.303317666053772,1.4536325931549072,0.002098415745422244,0.020758522674441338,-0.01588951051235199,0.05469478666782379,0.011574550531804562,22.0
2026-04-25T19:30:42.330412,250426_155928.984375,1,58.49142074584961,8.842462539672852,10.899999618530273,51.90999984741211,0.8799999952316284,10,137.0399932861328,1,250426_173020.000000,-8.343560218811035,14.467818260192871,0.12304865568876266,3.5727579593658447,1.4193601608276367,-0.09886527061462402,-0.0010898332111537457,0.07324918359518051,0.05695772543549538,0.01275632157921791,20.0
2026-04-25T19:30:45.402179,250426_155928.000000,1,58.49129104614258,8.84238338470459,11.399999618530273,51.90999984741211,0.8799999952316284,10,137.0399932861328,1,250426_173039.015625,-8.160691261291504,15.390503883361816,0.044894665479660034,1.4591829776763916,1.3358317613601685,-0.04251938685774803,-0.010970027185976505,-0.009342959150671959,0.057671334594488144,0.012810303829610348,26.0
2026-04-25T19:30:48.473803,250426_155920.000000,1,58.49032974243164,8.841753005981445,17.299999237060547,48.43000030517578,0.8799999952316284,10,137.0399932861328,1,250426_173039.015625,-7.027276039123535,14.969489097595215,0.1125657930970192,1.8637807369232178,1.207796335220337,-0.024164468050003052,0.08333108574151993,0.07171516865491867,0.05855397880077362,0.014796338975429535,24.0
2026-04-25T19:30:54.514669,250426_155911.015625,1,58.489341735839844,8.841134071350098,19.399999618530273,47.630001068115234,0.8799999952316284,10,137.0399932861328,1,250426_173039.015625,-7.776491641998291,14.118158340454102,0.07606879621744156,1.6452082395553589,1.0439413785934448,0.03327373042702675,-0.011608229018747807,0.06741341948509216,0.04520661383867264,0.009551032446324825,25.0
2026-04-25T19:30:57.599449,250426_155910.000000,1,58.489219665527344,8.841054916381836,19.600000381469727,47.040000915527344,0.8600000143051147,10,137.0399932861328,1,250426_173040.000000,-7.942910194396973,13.319311141967773,0.07552172243595123,0.836134135723114,0.9796744585037231,0.06307411193847656,-0.005176592618227005,0.04121152311563492,0.04069636017084122,0.008701206184923649,21.0
2026-04-25T19:31:00.660465,250426_155902.000000,1,58.48862838745117,8.839710235595703,19.600000381469727,49.459999084472656,0.8600000143051147,10,137.0399932861328,1,250426_173040.000000,-8.289727210998535,12.987127304077148,0.0715450569987297,2.20792293548584,0.9897822737693787,0.03190568834543228,-0.06053315848112106,-0.02089160680770874,0.0410599485039711,0.008777689188718796,19.0
2026-04-25T19:31:03.730939,250426_155900.984375,1,58.48857879638672,8.839475631713867,19.600000381469727,49.459999084472656,0.8600000143051147,10,137.0399932861328,1,250426_173040.000000,-8.729656219482422,12.995654106140137,0.05281847342848778,1.9512901306152344,0.9981756210327148,0.0015462394803762436,-0.03788930922746658,0.036766842007637024,0.032092031091451645,0.006211903877556324,16.0
2026-04-25T19:31:06.701224,250426_155852.984375,1,58.48793029785156,8.838375091552734,21.299999237060547,45.5099983215332,0.8799999952316284,10,137.0399932861328,1,250426_173055.015625,-8.791555404663086,12.845726013183594,0.061115920543670654,1.1041227579116821,0.8285526037216187,-0.0035186419263482094,-0.024289779365062714,-0.05597124993801117,0.023453999310731888,0.005540869664400816,16.0
2026-04-25T19:31:09.774644,250426_155852.000000,1,58.48781967163086,8.838319778442383,21.399999618530273,44.70000076293945,0.8799999952316284,10,137.0399932861328,1,250426_173055.015625,-8.869403839111328,13.179245948791504,0.03273917734622955,0.6696638464927673,0.7675371766090393,-0.004694088362157345,-0.03130900114774704,-0.008340595290064812,0.02302250638604164,0.004955512937158346,16.0
2026-04-25T19:31:12.845082,250426_155844.000000,1,58.48685836791992,8.838239669799805,24.600000381469727,42.5099983215332,0.8600000143051147,10,137.0399932861328,1,250426_173110.000000,-8.380603790283203,13.400416374206543,0.06716115027666092,1.741489052772522,0.9661233425140381,0.03101949766278267,0.058534931391477585,0.011048650369048119,0.02475612238049507,0.005145295988768339,18.0
2026-04-25T19:31:15.815002,250426_155843.015625,1,58.48674011230469,8.838216781616211,24.399999618530273,41.380001068115234,0.8799999952316284,10,137.0399932861328,1,250426_173110.000000,-7.9752349853515625,14.094883918762207,0.16916769742965698,2.245586633682251,0.9941485524177551,-0.14176324009895325,0.08934811502695084,-0.023190731182694435,0.03420012444257736,0.0066479407250881195,18.0
2026-04-25T19:31:18.886675,250426_155835.015625,1,58.48619079589844,8.837238311767578,23.5,37.52000045776367,0.8600000143051147,10,137.0399932861328,1,250426_173110.000000,-7.331535816192627,13.510029792785645,0.14851336181163788,0.9419128894805908,0.9815478920936584,0.1458827704191208,-0.020608004182577133,-0.018701475113630295,0.0368279404938221,0.00844865944236517,20.0
2026-04-25T19:31:21.959992,250426_155834.000000,1,58.486148834228516,8.83708667755127,22.700000762939453,38.189998626708984,0.8600000143051147,10,137.0399932861328,1,250426_173110.000000,-7.2774977684021,13.73672103881836,0.08484436571598053,1.2495568990707397,0.9308397769927979,0.04290619120001793,0.06366893649101257,-0.03610943257808685,0.03541387990117073,0.008509139530360699,18.0
2026-04-25T19:31:25.032212,250426_155826.000000,1,58.48537063598633,8.836395263671875,18.700000762939453,47.38999938964844,0.8799999952316284,10,137.0399932861328,1,250426_173110.000000,-7.995042324066162,12.351640701293945,0.1070108413696289,0.516297459602356,1.183023452758789,0.00032742880284786224,-0.10495395213365555,-0.020877782255411148,0.04653049260377884,0.0133447190746665,20.0
2026-04-25T19:31:27.982338,250426_155824.984375,1,58.485260009765625,8.83636474609375,18.0,47.369998931884766,0.8600000143051147,10,137.0399932861328,1,250426_173111.015625,-10.08041000366211,11.24904727935791,0.16161224246025085,1.666124939918518,1.1635466814041138,-0.04469756782054901,-0.15505465865135193,-0.008871007710695267,0.058599457144737244,0.01963789202272892,20.0
2026-04-25T19:31:31.027598,250426_155816.984375,1,58.484619140625,8.835272789001465,11.5,47.91999816894531,0.8600000143051147,10,137.0399932861328,1,250426_173111.015625,-10.661136627197266,11.290491104125977,0.09302456676959991,0.6335546970367432,1.1605312824249268,-0.05297381430864334,-0.06384669244289398,0.04208260774612427,0.05830684304237366,0.01947045512497425,20.0
2026-04-25T19:31:37.215574,250426_155756.984375,1,58.48324966430664,8.831401824951172,-2.5,57.15999984741211,0.9200000166893005,9,137.0399932861328,1,250426_173111.015625,-11.080758094787598,12.908462524414062,0.1122497022151947,1.6065917015075684,1.3095917701721191,-0.10368719696998596,-0.01946476846933365,0.03834167495369911,0.05772747844457626,0.020325619727373123,22.0
2026-04-25T19:31:40.162326,250426_155756.000000,1,58.483131408691406,8.831316947937012,-2.0,54.869998931884766,0.9200000166893005,9,137.0399932861328,1,250426_173127.015625,-10.482251167297363,14.422952651977539,0.09075624495744705,1.9358752965927124,1.0829668045043945,-0.0807400718331337,0.03516025096178055,0.02194296568632126,0.046823423355817795,0.016569873318076134,24.0
2026-04-25T19:31:43.256613,250426_155747.015625,1,58.48197937011719,8.83045482635498,-2.700000047683716,56.40999984741211,0.9300000071525574,9,137.0399932861328,1,250426_173127.015625,-9.848424911499023,14.886061668395996,0.11541438847780228,1.3468904495239258,1.092511534690857,0.03541644662618637,0.09188449382781982,-0.06019465625286102,0.03707289695739746,0.012731892988085747,26.0
2026-04-25T19:31:46.329983,250426_155746.000000,1,58.48183822631836,8.830374717712402,-3.0,58.29999923706055,0.8799999952316284,10,137.0399932861328,1,250426_173127.015625,-7.74713659286499,13.934063911437988,0.15330787003040314,0.6963663101196289,1.048020839691162,0.020910724997520447,0.15181252360343933,0.004358615726232529,0.04490053281188011,0.017572414129972458,22.0
2026-04-25T19:31:49.298703,250426_155727.015625,1,58.479610443115234,8.82750129699707,-0.800000011920929,58.88999938964844,1.159999966621399,8,137.0399932861328,1,250426_173127.015625,-9.401718139648438,14.197562217712402,0.21522776782512665,0.29276034235954285,0.8851057887077332,-0.022702202200889587,-0.213815838098526,0.009507294744253159,0.04874122515320778,0.02094331942498684,20.0
2026-04-25T19:31:52.370502,250426_155726.000000,1,58.479488372802734,8.827351570129395,-0.20000000298023224,58.88999938964844,1.2100000381469727,7,137.0399932861328,1,250426_173127.015625,-12.146821022033691,14.741487503051758,0.10422396659851074,4.172869682312012,1.0506514310836792,-0.09210100024938583,0.006314230151474476,-0.04837532341480255,0.06695006042718887,0.031308844685554504,20.0
2026-04-25T19:31:55.442712,250426_155708.000000,1,58.4781608581543,8.824007987976074,6.400000095367432,55.79999923706055,0.8600000143051147,10,137.0399932861328,1,250426_173142.000000,-12.144098281860352,14.764270782470703,0.06979816406965256,2.0393857955932617,1.1381361484527588,-0.06088849529623985,0.032134659588336945,0.0114777572453022,0.07219724357128143,0.0306010190397501,16.0
2026-04-25T19:31:58.516340,250426_155707.015625,1,58.47809982299805,8.823755264282227,6.900000095367432,50.93000030517578,0.8799999952316284,10,137.0399932861328,1,250426_173142.000000,-12.066502571105957,15.417551040649414,0.02656918577849865,0.752366840839386,1.2108982801437378,-0.02494758553802967,0.008241049945354462,-0.003952819854021072,0.08026497811079025,0.028189387172460556,18.0
2026-04-25T19:32:01.587496,250426_155658.000000,1,58.47848129272461,8.821572303771973,6.599999904632568,50.93000030517578,1.1100000143051147,8,137.0399932861328,1,250426_173142.000000,-11.476425170898438,16.164159774780273,0.2686912715435028,2.0898821353912354,1.248482584953308,-0.18564008176326752,0.04196923226118088,0.18966111540794373,0.08304691314697266,0.0276170801371336,16.0
2026-04-25T19:32:04.557068,250426_155656.984375,1,58.47856903076172,8.82132625579834,6.300000190734863,50.93000030517578,1.1100000143051147,8,137.0399932861328,1,250426_173142.000000,-10.671465873718262,16.86381721496582,0.09584356099367142,3.082134246826172,1.256499171257019,0.06638526916503906,-0.0025321361608803272,-0.0690838098526001,0.05603593587875366,0.013146922923624516,18.0
2026-04-25T19:32:07.631698,250426_155648.000000,1,58.47861862182617,8.81908893585205,8.0,50.93000030517578,1.0700000524520874,9,137.0399932861328,1,250426_173142.000000,-10.147842407226562,16.060400009155273,0.17105963826179504,1.5898751020431519,1.0813343524932861,0.1251218169927597,0.08879989385604858,-0.07563404738903046,0.05108627304434776,0.011972278356552124,14.0
2026-04-25T19:32:10.702037,250426_155647.015625,1,58.47853088378906,8.818927764892578,7.699999809265137,50.970001220703125,0.8600000143051147,10,137.0399932861328,1,250426_173158.000000,-8.605005264282227,15.311223983764648,0.05847024917602539,1.563723087310791,0.912388801574707,0.05402745306491852,-0.010685397312045097,0.019637364894151688,0.05624725669622421,0.015100127086043358,16.0
2026-04-25T19:32:13.669696,250426_155638.000000,1,58.477481842041016,8.81814956665039,11.399999618530273,44.970001220703125,0.8799999952316284,10,137.0399932861328,1,250426_173158.000000,-9.294084548950195,14.692193984985352,0.13914784789085388,1.0611188411712646,0.8730838894844055,0.08293350040912628,-0.10700059682130814,-0.03217190504074097,0.054466575384140015,0.016776708886027336,20.0
2026-04-25T19:32:16.743016,250426_155636.984375,1,58.477378845214844,8.818055152893066,11.800000190734863,39.2400016784668,0.8799999952316284,10,137.0399932861328,1,250426_173212.984375,-8.619919776916504,17.071317672729492,0.3735915720462799,2.3619143962860107,0.7986383438110352,-0.34748896956443787,0.07869201898574829,0.1123817041516304,0.08171851933002472,0.024716133251786232,22.0
2026-04-25T19:32:22.886961,250426_155618.000000,1,58.477378845214844,8.816794395446777,19.899999618530273,35.97999954223633,1.840000033378601,7,137.0399932861328,1,250426_173212.984375,-9.0681734085083,17.61789894104004,0.20155251026153564,1.8773126602172852,0.758213460445404,0.19572319090366364,-0.035106733441352844,-0.03291440010070801,0.08232932537794113,0.03314848989248276,20.0
2026-04-25T19:32:25.854920,250426_155616.984375,1,58.47747039794922,8.816742897033691,21.0,43.54999923706055,1.0199999809265137,8,137.0399932861328,1,250426_173212.984375,-10.290496826171875,14.899667739868164,0.12532378733158112,0.5737678408622742,1.1748377084732056,0.09606269747018814,-0.07971419394016266,0.011120232753455639,0.09116417169570923,0.04023301601409912,20.0
2026-04-25T19:32:28.927887,250426_155608.000000,1,58.47853088378906,8.815126419067383,29.0,68.91000366210938,1.600000023841858,7,137.0399932861328,1,250426_173212.984375,-11.166524887084961,14.210317611694336,0.08939321339130402,0.922901451587677,1.2784652709960938,-0.029137808829545975,-0.07985372841358185,-0.027668002992868423,0.0893353596329689,0.04063837230205536,20.0
2026-04-25T19:32:31.998660,250426_155607.015625,1,58.478668212890625,8.814922332763672,29.399999618530273,72.77999877929688,1.600000023841858,7,137.0399932861328,1,250426_173214.000000,-11.466691970825195,13.832453727722168,0.10563488304615021,1.0388394594192505,1.5248839855194092,0.07102273404598236,-0.026471853256225586,-0.0735781267285347,0.0785752609372139,0.03174091875553131,20.0
2026-04-25T19:32:35.062236,250426_155558.000000,1,58.48003005981445,8.813411712646484,31.799999237060547,62.13999938964844,0.9200000166893005,9,137.0399932861328,1,250426_173214.000000,-11.698688507080078,13.661365509033203,0.08227504044771194,1.9826579093933105,1.7019330263137817,0.004985976964235306,-0.0739617869257927,0.03569279611110687,0.07357373088598251,0.026181675493717194,26.0
2026-04-25T19:32:38.018210,250426_155556.984375,1,58.48017883300781,8.8132905960083,31.700000762939453,60.130001068115234,0.9300000071525574,9,137.0399932861328,1,250426_173228.984375,-11.392521858215332,13.844375610351562,0.10702413320541382,4.373087406158447,1.7430267333984375,-0.07730726152658463,0.050873853266239166,0.053755033761262894,0.05870998650789261,0.017398037016391754,30.0
2026-04-25T19:32:41.062870,250426_155548.000000,1,58.48106002807617,8.812417030334473,31.200000762939453,30.579999923706055,0.8600000143051147,10,137.0399932861328,1,250426_173228.984375,-11.15450668334961,14.746908187866211,0.2893657088279724,4.470685005187988,1.677480936050415,-0.21430057287216187,0.032557547092437744,0.1916971206665039,0.053393106907606125,0.014989414252340794,30.0
2026-04-25T19:32:44.185027,250426_155547.015625,1,58.48114013671875,8.812432289123535,31.100000381469727,32.45000076293945,0.8600000143051147,10,137.0399932861328,1,250426_173228.984375,-10.922991752624512,15.360481262207031,0.04713570326566696,1.1570574045181274,1.8534692525863647,0.02313990704715252,0.030076807364821434,-0.027958987280726433,0.062459662556648254,0.015739496797323227,30.0
2026-04-25T19:32:47.256797,250426_155538.000000,1,58.48223876953125,8.81197738647461,25.0,72.55001068115234,0.8600000143051147,10,137.0399932861328,1,250426_173230.000000,-10.74150562286377,14.782015800476074,0.06497617810964584,2.222121000289917,1.7215989828109741,0.059833139181137085,-0.013672463595867157,-0.021329859271645546,0.0591403990983963,0.013806700706481934,28.0
2026-04-25T19:32:50.228571,250426_155536.984375,1,58.4824104309082,8.811844825744629,24.299999237060547,73.51000213623047,0.8799999952316284,10,137.0399932861328,1,250426_173230.000000,-10.23619556427002,15.131155967712402,0.030536694452166557,0.5587254762649536,1.6081372499465942,0.024314958602190018,0.012312421575188637,-0.013772320002317429,0.06168524548411369,0.013313357718288898,26.0
2026-04-25T19:32:53.246259,250426_155528.000000,1,58.483821868896484,8.810094833374023,23.5,74.43000030517578,1.1399999856948853,8,137.0399932861328,1,250426_173230.000000,-9.915007591247559,15.301080703735352,0.16063866019248962,1.6250231266021729,1.6240596771240234,-0.13761501014232635,0.04214879497885704,0.07134682685136795,0.06115763634443283,0.01390820275992155,28.0
2026-04-25T19:32:56.370811,250426_155518.000000,1,58.48527145385742,8.807805061340332,20.899999618530273,73.73001098632812,0.8600000143051147,10,137.0399932861328,1,250426_173230.000000,-9.859574317932129,15.192831039428711,0.13382488489151,2.0721447467803955,1.3619929552078247,-0.11741525679826736,0.0299588181078434,0.056791067123413086,0.048041749745607376,0.010349014773964882,22.0
2026-04-25T19:32:59.442577,250426_155508.984375,1,58.486080169677734,8.805268287658691,17.899999618530273,61.349998474121094,0.8799999952316284,10,137.0399932861328,1,250426_173250.000000,-9.607879638671875,15.369142532348633,0.04414178058505058,1.6811068058013916,1.309704065322876,-0.03157874196767807,-0.030211446806788445,-0.006208742968738079,0.048753537237644196,0.010716522112488747,24.0
2026-04-25T19:33:02.413815,250426_155508.000000,1,58.48609161376953,8.804981231689453,17.799999237060547,30.479999542236328,0.8799999952316284,10,137.0399932861328,1,250426_173250.000000,-9.572463989257812,15.158031463623047,0.27225756645202637,4.865824222564697,1.5262389183044434,0.225663959980011,-0.05067051947116852,-0.14364007115364075,0.05390053242444992,0.013376176357269287,23.0
2026-04-25T19:33:05.484211,250426_155500.000000,1,58.48611068725586,8.80335807800293,14.199999809265137,30.479999542236328,0.8700000047683716,9,137.0399932861328,1,250426_173250.000000,-9.661943435668945,14.777347564697266,0.24051856994628906,2.858574867248535,1.6138854026794434,0.20976601541042328,-0.028463877737522125,-0.1141805648803711,0.059085290879011154,0.01569714955985546,23.0
2026-04-25T19:33:08.556013,250426_155459.015625,1,58.486148834228516,8.803250312805176,14.300000190734863,30.479999542236328,0.8700000047683716,9,137.0399932861328,1,250426_173251.015625,-9.585345268249512,14.426421165466309,0.05718107521533966,2.4895355701446533,1.5571374893188477,0.02399010956287384,0.023435421288013458,-0.04631340131163597,0.05948704481124878,0.01492355577647686,21.0
2026-04-25T19:33:11.631211,250426_155450.000000,1,58.486968994140625,8.801603317260742,15.0,79.54000091552734,0.9200000166893005,9,137.0399932861328,1,250426_173251.015625,-9.596406936645508,14.415569305419922,0.11408339440822601,2.900566816329956,1.559260606765747,0.026058508083224297,0.0001329369843006134,-0.11106736212968826,0.06031709164381027,0.014896887354552746,19.0
2026-04-25T19:33:14.598138,250426_155448.984375,1,58.487159729003906,8.801465034484863,14.300000190734863,81.0,0.9200000166893005,9,137.0399932861328,1,250426_173251.015625,-9.064764022827148,14.707071304321289,0.13465219736099243,2.6150364875793457,1.5374433994293213,0.10517871379852295,0.009746379218995571,-0.0835084393620491,0.05915446951985359,0.01521492563188076,19.0
2026-04-25T19:33:17.670386,250426_155440.000000,1,58.48894119262695,8.801344871520996,12.100000381469727,80.1100082397461,0.9200000166893005,9,137.0399932861328,1,250426_173311.015625,-8.413320541381836,15.114014625549316,0.07061951607465744,1.0377048254013062,1.4575090408325195,-0.03982725366950035,0.05811581015586853,-0.004843409638851881,0.05797507241368294,0.01417937409132719,17.0
2026-04-25T19:33:20.741635,250426_155439.015625,1,58.489139556884766,8.801370620727539,12.600000381469727,80.5999984741211,0.9300000071525574,9,137.0399932861328,1,250426_173311.015625,-8.071531295776367,15.004297256469727,0.10658662766218185,2.2412631511688232,1.2126981019973755,0.07020304352045059,0.06838002800941467,-0.04190957918763161,0.0498618558049202,0.011973327025771141,19.0
2026-04-25T19:33:23.815655,250426_155430.000000,1,58.49092102050781,8.801758766174316,15.699999809265137,80.0999984741211,0.9399999976158142,8,137.0399932861328,1,250426_173311.015625,-6.96732759475708,14.792831420898438,0.058622296899557114,1.8881754875183105,1.1539987325668335,0.028041046112775803,0.045545704662799835,-0.023997124284505844,0.039253272116184235,0.010523990727961063,21.0
2026-04-25T19:33:26.782824,250426_155420.000000,1,58.492618560791016,8.803863525390625,26.100000381469727,74.8499984741211,0.9399999976158142,9,137.0399932861328,1,250426_173312.000000,-6.676802158355713,13.811112403869629,0.059050384908914566,3.517061948776245,1.059207797050476,-0.03956028074026108,-0.03514266759157181,0.026209264993667603,0.03890519589185715,0.01129185315221548,27.0
2026-04-25T19:33:29.856592,250426_155419.015625,1,58.492801666259766,8.803983688354492,27.100000381469727,74.79000091552734,0.9399999976158142,9,137.0399932861328,1,250426_173312.000000,-6.497488498687744,16.17118263244629,0.341467022895813,2.338987350463867,0.9338860511779785,-0.33791202306747437,0.048921212553977966,-0.004681937396526337,0.07582525163888931,0.02115393616259098,25.0
2026-04-25T19:33:32.926936,250426_155410.000000,1,58.494449615478516,8.803911209106445,36.5,74.97000122070312,0.9200000166893005,9,137.0399932861328,1,250426_173312.000000,-6.420861721038818,17.380352020263672,0.07810475677251816,2.376206874847412,0.9847205281257629,0.009958927519619465,-0.06789825111627579,0.0372961200773716,0.08339714258909225,0.027162782847881317,25.0
2026-04-25T19:33:35.897137,250426_155408.984375,1,58.4946403503418,8.803821563720703,37.29999923706055,74.97000122070312,0.8600000143051147,10,137.0399932861328,1,250426_173312.000000,-7.091282367706299,16.865116119384766,0.1311313509941101,2.5110995769500732,1.179413080215454,0.11738181859254837,-0.04847820848226547,-0.03266194462776184,0.08212759345769882,0.028205541893839836,27.0
2026-04-25T19:33:38.969328,250426_155400.000000,1,58.49633026123047,8.803621292114258,44.5,75.56999969482422,0.949999988079071,8,137.0399932861328,1,250426_173312.000000,-7.725804328918457,17.4747257232666,0.1685412973165512,1.3394159078598022,1.3011806011199951,-0.16260406374931335,0.009490535594522953,0.043312955647706985,0.08423803746700287,0.028532393276691437,27.0
2026-04-25T19:33:45.111658,250426_155350.000000,1,58.49802017211914,8.802709579467773,48.79999923706055,68.06999969482422,0.8799999952316284,10,137.0399932861328,1,250426_173328.984375,-8.600000381469727,16.0352840423584,0.16060250997543335,1.882560133934021,1.4094269275665283,0.05492008849978447,-0.05061616003513336,-0.14217929542064667,0.08394278585910797,0.029829908162355423,25.0
2026-04-25T19:33:48.084037,250426_155348.984375,1,58.498130798339844,8.80247688293457,49.0,59.75,0.8600000143051147,10,85.62999725341797,1,250426_173328.984375,-8.713833808898926,16.12409782409668,0.1746577024459839,4.768989086151123,1.47880220413208,-0.1694992482662201,-0.029141565784811974,0.030431676656007767,0.05964067950844765,0.01829659380018711,25.0
2026-04-25T19:33:51.154799,250426_155340.984375,1,58.49882888793945,8.800350189208984,53.79999923706055,59.75,1.399999976158142,8,85.62999725341797,1,250426_173344.000000,-8.790238380432129,15.682992935180664,0.054282914847135544,1.1133158206939697,1.5126019716262817,0.05398732051253319,0.005403872579336166,0.0016739824786782265,0.049654942005872726,0.014657612890005112,23.0
2026-04-25T19:33:54.231890,250426_155340.000000,1,58.4989013671875,8.800104141235352,54.400001525878906,55.59000015258789,1.399999976158142,8,85.62999725341797,1,250426_173344.000000,-8.84521484375,14.985115051269531,0.08603590726852417,1.2905843257904053,1.5717053413391113,0.021123070269823074,-0.03574001416563988,0.07535677403211594,0.05574125796556473,0.014502231031656265,21.0
2026-04-25T19:33:57.302085,250426_155331.015625,1,58.499298095703125,8.798697471618652,58.400001525878906,34.5099983215332,1.0299999713897705,9,85.62999725341797,1,250426_173344.000000,-8.435563087463379,15.008537292480469,0.12277177721261978,2.9336013793945312,1.508705973625183,0.07066459208726883,0.060153521597385406,-0.08038020133972168,0.059720661491155624,0.014702368527650833,17.0
2026-04-25T19:34:00.240112,250426_155330.000000,1,58.499359130859375,8.798583030700684,58.79999923706055,35.56999969482422,1.2899999618530273,9,85.62999725341797,1,250426_173344.000000,-7.672832489013672,14.41800594329834,0.15598170459270477,2.6837050914764404,1.5065388679504395,0.10688911378383636,-0.10253316909074783,-0.04890765994787216,0.05629684403538704,0.0133436294272542,19.0
2026-04-25T19:34:03.341148,250426_155320.984375,1,58.49956130981445,8.796721458435059,59.70000076293945,47.13999938964844,0.9200000166893005,9,85.62999725341797,1,250426_173344.984375,-8.141904830932617,14.402420997619629,0.0835876539349556,0.41769933700561523,1.3907198905944824,-0.06484414637088776,0.011228366754949093,0.051536936312913895,0.05237842723727226,0.013167633675038815,17.0
2026-04-25T19:34:06.412072,250426_155320.000000,1,58.499549865722656,8.796491622924805,59.599998474121094,43.779998779296875,1.340000033378601,8,22.549999237060547,1,250426_173344.984375,-8.43417739868164,15.61339282989502,0.15492667257785797,0.7266920208930969,1.2875304222106934,-0.13435517251491547,-0.07124790549278259,-0.029575247317552567,0.056478288024663925,0.014389928430318832,16.0
2026-04-25T19:34:09.491732,250426_155311.015625,1,58.499549865722656,8.795093536376953,60.099998474121094,33.33000183105469,0.9200000166893005,9,22.549999237060547,1,250426_173344.984375,-8.59816837310791,17.831871032714844,0.19071552157402039,0.8640677332878113,1.1484415531158447,-0.1833919733762741,-0.04264545068144798,-0.030350618064403534,0.06856022030115128,0.021893050521612167,14.0
2026-04-25T19:34:12.419767,250426_155302.000000,1,58.499900817871094,8.793867111206055,59.900001525878906,32.619998931884766,1.2300000190734863,7,22.549999237060547,1,250426_173344.984375,-10.031290054321289,14.55717658996582,0.29300227761268616,3.5005457401275635,1.4402176141738892,0.2797631323337555,-0.06455075740814209,0.058447763323783875,0.08916955441236496,0.03721550107002258,16.0
2026-04-25T19:34:15.524788,250426_155300.984375,1,58.499908447265625,8.793705940246582,59.70000076293945,37.7599983215332,1.340000033378601,8,22.549999237060547,1,250426_173344.984375,-10.431961059570312,13.33505630493164,0.08297207951545715,1.8305280208587646,1.5610857009887695,0.0021125860512256622,-0.06011724844574928,0.057147350162267685,0.09366273880004883,0.040722716599702835,18.0
2026-04-25T19:34:18.597703,250426_155252.000000,1,58.49991989135742,8.79124641418457,55.599998474121094,64.97000122070312,0.9300000071525574,9,22.549999237060547,1,250426_173400.000000,-10.013402938842773,12.246362686157227,0.1738908588886261,4.529632568359375,1.70686674118042,-0.14525769650936127,-0.09515772014856339,-0.009123571217060089,0.0830300897359848,0.044238362461328506,20.0
2026-04-25T19:34:21.672211,250426_155244.000000,1,58.49958038330078,8.788640975952148,57.0,80.29000091552734,0.9300000071525574,9,22.549999237060547,1,250426_173400.000000,-9.59708023071289,11.896087646484375,0.12102530151605606,3.635592222213745,1.8404253721237183,0.08883913606405258,0.03504234179854393,-0.07434222102165222,0.09216298162937164,0.03555221110582352,25.0
2026-04-25T19:34:24.642179,250426_155234.000000,1,58.498878479003906,8.784611701965332,60.79999923706055,84.22000122070312,0.9300000071525574,9,22.549999237060547,1,250426_173414.000000,-9.665512084960938,10.255111694335938,0.23030675947666168,1.209376335144043,1.7136608362197876,0.22686633467674255,-0.0043401336297392845,-0.039421264082193375,0.08990980684757233,0.03129859268665314,25.0
2026-04-25T19:34:27.710872,250426_155232.984375,1,58.49879837036133,8.784173965454102,60.599998474121094,99.1500015258789,0.9300000071525574,9,22.549999237060547,1,250426_173414.000000,-10.619053840637207,9.046393394470215,0.12180709093809128,0.6840663552284241,1.638946771621704,0.06950889527797699,-0.09978965669870377,-0.006892487406730652,0.06606768816709518,0.022152865305542946,21.0
2026-04-25T19:34:30.782798,250426_155224.000000,1,58.49811935424805,8.780153274536133,65.5999984741211,99.2699966430664,1.0800000429153442,8,22.549999237060547,1,250426_173414.000000,-11.007180213928223,9.561098098754883,0.23799048364162445,6.425873756408691,1.6401844024658203,-0.18226508796215057,0.010422949679195881,0.1526770144701004,0.06043623015284538,0.020503034815192223,23.0
2026-04-25T19:34:33.754200,250426_155223.015625,1,58.49803161621094,8.779714584350586,65.4000015258789,98.94999694824219,1.0800000429153442,8,22.549999237060547,1,250426_173414.000000,-9.793168067932129,10.665362358093262,0.10394588857889175,1.9116548299789429,1.5515543222427368,-0.0658864974975586,0.08039723336696625,4.9514113925397396e-05,0.06308650970458984,0.01972474902868271,22.0
2026-04-25T19:34:36.826398,250426_155214.000000,1,58.4969482421875,8.775958061218262,61.599998474121094,98.55000305175781,1.0800000429153442,8,22.549999237060547,1,250426_173428.984375,-8.817992210388184,11.025728225708008,0.1665564477443695,1.295889973640442,1.285520315170288,-0.09587381780147552,0.13487888872623444,0.01889299601316452,0.05867142230272293,0.020153051242232323,22.0
2026-04-25T19:34:39.895984,250426_155212.984375,1,58.49681091308594,8.775579452514648,61.29999923706055,98.55000305175781,1.350000023841858,8,22.549999237060547,1,250426_173428.984375,-8.559419631958008,11.423483848571777,0.01623690314590931,1.6405452489852905,1.353716492652893,0.0007136494386941195,0.003594508394598961,-0.01581794209778309,0.05873633921146393,0.018575120717287064,24.0
2026-04-25T19:34:42.967992,250426_155204.000000,1,58.4953498840332,8.772500038146973,57.70000076293945,98.5199966430664,0.9300000071525574,9,22.549999237060547,1,250426_173428.984375,-8.084373474121094,12.238454818725586,0.235181987285614,2.036410331726074,1.3497724533081055,-0.17989511787891388,0.06657335162162781,0.13607461750507355,0.054514192044734955,0.014415503479540348,24.0
2026-04-25T19:34:45.936695,250426_155203.015625,1,58.49517059326172,8.77219009399414,57.20000076293945,98.58000946044922,0.9300000071525574,9,22.549999237060547,1,250426_173428.984375,-7.663783550262451,13.162423133850098,0.14466449618339539,4.521578788757324,1.399335503578186,-0.13537801802158356,0.005027242004871368,0.05074772983789444,0.05327722430229187,0.014850735664367676,22.0
2026-04-25T19:34:49.010576,250426_155202.000000,1,58.494991302490234,8.77188777923584,57.099998474121094,99.66999816894531,0.9300000071525574,9,22.549999237060547,1,250426_173428.984375,-7.512187480926514,14.769487380981445,0.12421171367168427,1.9445829391479492,1.3232945203781128,-0.12129826843738556,0.021951433271169662,-0.015277869999408722,0.04894707351922989,0.015563863329589367,19.0
2026-04-25T19:34:52.007795,250426_155152.984375,1,58.493141174316406,8.769394874572754,51.29999923706055,102.4800033569336,0.9300000071525574,9,22.549999237060547,1,250426_173430.000000,-7.566582202911377,16.00547981262207,0.08571846038103104,3.876465320587158,1.3490926027297974,0.012490112334489822,-0.03046911023557186,-0.07914091646671295,0.05287215858697891,0.015425070188939571,23.0
2026-04-25T19:34:55.154765,250426_155152.000000,1,58.4929313659668,8.76913833618164,50.70000076293945,101.73999786376953,0.9300000071525574,9,22.549999237060547,1,250426_173430.000000,-7.664999008178711,16.13603973388672,0.06999491900205612,3.628495454788208,1.3888697624206543,-0.005572290159761906,-0.01908370852470398,-0.06711222231388092,0.05210912227630615,0.015592921525239944,23.0
2026-04-25T19:34:58.125584,250426_155143.015625,1,58.4909782409668,8.766851425170898,47.29999923706055,101.73999786376953,0.9300000071525574,9,22.549999237060547,1,250426_173444.000000,-7.638700485229492,16.61436653137207,0.0571819506585598,2.139636993408203,1.4894895553588867,0.014243208803236485,-0.013493558391928673,-0.05371062085032463,0.04922504350543022,0.015073543414473534,23.0
2026-04-25T19:35:01.195164,250426_155142.000000,1,58.49076843261719,8.766599655151367,47.099998474121094,103.95999908447266,0.9300000071525574,9,22.549999237060547,1,250426_173444.000000,-7.7635817527771,16.197084426879883,0.17370033264160156,3.230586290359497,1.4516538381576538,0.1454370617866516,-0.016776062548160553,-0.09347956627607346,0.05098092555999756,0.015130051411688328,25.0
2026-04-25T19:35:04.266877,250426_155134.000000,1,58.48897171020508,8.764490127563477,41.400001525878906,104.37999725341797,1.1200000047683716,8,22.549999237060547,1,250426_173444.000000,-7.972134113311768,15.226668357849121,0.07581191509962082,0.7232354879379272,1.3666579723358154,0.06453913450241089,0.009002622216939926,0.03874402493238449,0.048685815185308456,0.012643502093851566,22.0
2026-04-25T19:35:07.236371,250426_155124.000000,1,58.486698150634766,8.761895179748535,37.099998474121094,102.94999694824219,1.2400000095367432,7,22.549999237060547,1,250426_173444.000000,-6.806252956390381,14.035321235656738,0.1505364179611206,1.9986652135849,1.3425530195236206,-0.0049927495419979095,0.10566750913858414,0.1071011945605278,0.04395065829157829,0.01280505582690239,16.0
2026-04-25T19:35:10.309044,250426_155123.015625,1,58.486488342285156,8.761640548706055,36.099998474121094,102.27999877929688,1.2400000095367432,7,22.549999237060547,1,250426_173444.000000,-6.404078006744385,13.817582130432129,0.034217674285173416,0.44461551308631897,1.2289067506790161,-0.024022160097956657,0.008750954642891884,0.02274216338992119,0.044325221329927444,0.0119218984618783,18.0
2026-04-25T19:35:13.379621,250426_155038.000000,1,58.477439880371094,8.749853134155273,22.799999237060547,88.5999984741211,1.0800000429153442,8,22.549999237060547,1,250426_173459.015625,-6.697642803192139,16.079965591430664,0.18940824270248413,1.2261842489242554,1.1139886379241943,-0.1033112108707428,-0.13114535808563232,-0.08946043998003006,0.07914765924215317,0.021605119109153748,12.0
2026-04-25T19:35:16.451627,250426_155028.984375,1,58.47623062133789,8.747213363647461,24.399999618530273,80.56999969482422,1.0800000429153442,8,22.549999237060547,1,250426_173459.015625,-7.996926784515381,16.17949867248535,0.11915668845176697,1.009480595588684,1.3674709796905518,0.05300484225153923,-0.10128207504749298,-0.03362651914358139,0.07739229500293732,0.02444489486515522,14.0
2026-04-25T19:35:16.451978,250426_155028.984375,1,58.47623062133789,8.747213363647461,24.399999618530273,80.56999969482422,1.0800000429153442,8,22.549999237060547,1,250426_173459.015625,-7.996926784515381,16.17949867248535,0.11915668845176697,1.009480595588684,1.3674709796905518,0.05300484225153923,-0.10128207504749298,-0.03362651914358139,0.07739229500293732,0.02444489486515522,14.0
2026-04-25T19:35:19.523718,250426_155028.000000,1,58.47608184814453,8.7469482421875,24.5,81.44999694824219,1.090000033378601,8,22.549999237060547,1,250426_173459.015625,-8.909344673156738,15.848923683166504,0.11226606369018555,4.268682479858398,1.4185024499893188,-0.042635347694158554,0.02342265658080578,0.10117942839860916,0.0756092444062233,0.02499661222100258,18.0
2026-04-25T19:35:22.495295,250426_155019.015625,1,58.474571228027344,8.744726181030273,30.5,87.8399887084961,1.3700000047683716,8,22.549999237060547,1,250426_173459.015625,-8.858323097229004,15.656291961669922,0.07057996094226837,2.087958574295044,1.4005378484725952,0.05651096999645233,0.021047519519925117,-0.036674827337265015,0.08399756252765656,0.021694619208574295,24.0
2026-04-25T19:35:25.569262,250426_155010.000000,1,58.4727897644043,8.7430419921875,31.600000381469727,87.69000244140625,1.2400000095367432,7,22.549999237060547,1,250426_173459.015625,-8.750123977661133,15.693979263305664,0.04614294320344925,0.8715270161628723,1.4120088815689087,0.02421758510172367,0.014709793031215668,-0.036418426781892776,0.0853978842496872,0.021512432023882866,26.0
2026-04-25T19:35:28.640021,250426_155008.984375,1,58.472591400146484,8.742883682250977,32.099998474121094,86.33999633789062,1.2400000095367432,7,22.549999237060547,1,250426_173514.000000,-7.745457172393799,15.379262924194336,0.10184876620769501,1.680220603942871,1.3747930526733398,0.032158419489860535,0.09654854983091354,0.004169359803199768,0.04552195966243744,0.01078880950808525,26.0
2026-04-25T19:35:31.599505,250426_155000.000000,1,58.47092819213867,8.741332054138184,35.599998474121094,77.8499984741211,1.25,7,11.199999809265137,1,250426_173514.000000,-7.770368576049805,15.800398826599121,0.08001644164323807,3.3021440505981445,1.1256386041641235,-0.07497375458478928,-0.0016263832803815603,0.027909133583307266,0.03264320641756058,0.007541975472122431,24.0
2026-04-25T19:35:34.678861,250426_154959.015625,1,58.47074890136719,8.741144180297852,36.0,77.72000122070312,1.5299999713897705,7,11.199999809265137,1,250426_173528.000000,-6.824586391448975,15.625141143798828,0.09009413421154022,1.341533899307251,1.0684930086135864,0.05793403089046478,0.062493324279785156,-0.029243558645248413,0.03236948698759079,0.008117370307445526,22.0
2026-04-25T19:35:37.751565,250426_154951.015625,1,58.469398498535156,8.73936939239502,37.20000076293945,84.97000885009766,1.5299999713897705,7,11.199999809265137,1,250426_173528.000000,-7.280602931976318,15.510390281677246,0.13390080630779266,2.153672218322754,1.1138863563537598,0.0038759037852287292,-0.06189831346273422,-0.11867182701826096,0.03294897824525833,0.009572658687829971,18.0
2026-04-25T19:35:40.732408,250426_154950.000000,1,58.46923065185547,8.739124298095703,37.599998474121094,84.83999633789062,1.5299999713897705,7,11.199999809265137,1,250426_173528.000000,-8.414167404174805,14.988286018371582,0.07660111039876938,1.548033356666565,1.1364127397537231,-0.06123904511332512,-0.03828258439898491,0.025533365085721016,0.039024531841278076,0.01261395774781704,22.0
2026-04-25T19:35:43.792585,250426_154940.984375,1,58.467750549316406,8.736856460571289,40.099998474121094,84.41999816894531,1.090000033378601,8,11.199999809265137,1,250426_173528.000000,-9.043449401855469,14.939934730529785,0.10103794187307358,2.157904863357544,1.1459770202636719,-0.04027401655912399,-0.02446455880999565,0.08937647193670273,0.04107099398970604,0.011744145303964615,22.0
2026-04-25T19:35:46.865879,250426_154940.000000,1,58.46757888793945,8.736599922180176,40.400001525878906,79.68000030517578,1.2699999809265137,7,11.199999809265137,1,250426_173528.000000,-9.161795616149902,14.98204517364502,0.04212120920419693,1.648868441581726,1.1013903617858887,-0.03861382603645325,0.016705401241779327,-0.0020243986509740353,0.042811013758182526,0.01150524988770485,24.0
2026-04-25T19:35:49.936959,250426_154932.000000,1,58.46636962890625,8.734539985656738,40.400001525878906,79.68000030517578,1.2699999809265137,7,11.199999809265137,1,250426_173528.984375,-9.74647331237793,14.725168228149414,0.06820927560329437,0.6234084367752075,1.1054238080978394,-0.03946071118116379,-0.04989079013466835,0.024622466415166855,0.043687958270311356,0.011320560239255428,19.0
2026-04-25T19:35:52.913163,250426_154931.015625,1,58.46622848510742,8.73427677154541,40.599998474121094,76.93000030517578,3.0899999141693115,7,11.199999809265137,1,250426_173528.984375,-9.82776165008545,14.418318748474121,0.08035896718502045,2.738208293914795,1.0501964092254639,-0.04645686224102974,0.00024715159088373184,0.06556876003742218,0.038858432322740555,0.008663555607199669,19.0
2026-04-25T19:35:55.981257,250426_154922.000000,1,58.46501922607422,8.731882095336914,41.5,76.93000030517578,1.090000033378601,8,11.199999809265137,1,250426_173528.984375,-9.73999309539795,14.744685173034668,0.038435112684965134,2.5862648487091064,1.0688848495483398,0.012398416176438332,0.033507656306028366,0.014169475063681602,0.033571090549230576,0.007586897816509008,15.0
2026-04-25T19:35:59.052864,250426_154920.984375,1,58.464908599853516,8.731599807739258,41.70000076293945,77.0199966430664,1.3799999952316284,8,11.199999809265137,1,250426_173528.984375,-9.303323745727539,14.94278621673584,0.08227932453155518,2.578824281692505,1.2451857328414917,0.019309405237436295,0.059573933482170105,0.05336647108197212,0.0380551815032959,0.00940475333482027,17.0
2026-04-25T19:36:02.048685,250426_154912.984375,1,58.46392059326172,8.729228973388672,44.70000076293945,82.1500015258789,1.090000033378601,8,11.199999809265137,1,250426_173528.984375,-8.953248023986816,14.763739585876465,0.103051096200943,1.3978497982025146,1.4273312091827393,0.0651206523180008,0.06378171592950821,-0.048069991171360016,0.039822764694690704,0.010028780438005924,21.0
2026-04-25T19:36:05.195161,250426_154912.000000,1,58.46379852294922,8.728910446166992,45.0,83.30001068115234,1.090000033378601,8,11.199999809265137,1,250426_173528.984375,-8.682286262512207,14.523394584655762,0.07143489271402359,2.38285231590271,1.4297064542770386,-0.005732360761612654,0.05413464456796646,-0.04625498503446579,0.03742585331201553,0.009419365786015987,23.0
2026-04-25T19:36:08.167127,250426_154904.000000,1,58.46287155151367,8.7261962890625,52.29999923706055,88.37999725341797,1.3799999952316284,8,11.199999809265137,1,250426_173528.984375,-8.572270393371582,14.853409767150879,0.1520908921957016,3.282851457595825,1.4479992389678955,-0.10045433044433594,0.04882432520389557,0.10323156416416168,0.038848474621772766,0.009723956696689129,23.0
2026-04-25T19:36:11.183171,250426_154903.015625,1,58.46274948120117,8.725835800170898,52.79999923706055,88.48999786376953,1.3799999952316284,8,11.199999809265137,1,250426_173528.984375,-6.783301830291748,14.740208625793457,0.07836825400590897,2.1319024562835693,1.3037009239196777,0.025001052767038345,0.06768389046192169,-0.030584663152694702,0.04046815633773804,0.010691196657717228,23.0
2026-04-25T19:36:14.308572,250426_154855.015625,1,58.46186065673828,8.723034858703613,54.20000076293945,85.1600112915039,1.3799999952316284,8,11.199999809265137,1,250426_173559.015625,-5.85720157623291,14.526935577392578,0.1863483339548111,1.7991564273834229,1.2759013175964355,-0.0034874044358730316,0.13483071327209473,0.12858545780181885,0.04583101347088814,0.011966525577008724,19.0
2026-04-25T19:36:17.382890,250426_154844.000000,1,58.46065902709961,8.719488143920898,52.599998474121094,73.94999694824219,1.090000033378601,8,11.199999809265137,1,250426_173559.015625,-5.49796199798584,14.242905616760254,0.10848791152238846,2.65155291557312,1.3743577003479004,-0.07461090385913849,0.032731447368860245,-0.0716344341635704,0.045513030141592026,0.01240533497184515,23.0
2026-04-25T19:36:20.349824,250426_154836.000000,1,58.45981979370117,8.717183113098145,50.599998474121094,74.75,1.090000033378601,8,11.199999809265137,1,250426_173559.015625,-6.727146148681641,16.985462188720703,0.13519389927387238,3.3214399814605713,1.527768611907959,0.0037847510538995266,-0.1305793821811676,0.03481510654091835,0.08403069525957108,0.02904217317700386,21.0
2026-04-25T19:36:23.366294,250426_154835.015625,1,58.45970916748047,8.716890335083008,50.5,74.30000305175781,1.090000033378601,8,11.199999809265137,1,250426_173612.984375,-7.641223430633545,16.975439071655273,0.09839848428964615,1.5797178745269775,1.4857177734375,0.03884077072143555,0.03690933808684349,-0.08253094553947449,0.08524506539106369,0.02817462757229805,23.0
2026-04-25T19:36:26.411309,250426_154827.015625,1,58.45880889892578,8.714703559875488,52.099998474121094,73.08999633789062,1.3899999856948853,8,11.199999809265137,1,250426_173612.984375,-7.975659370422363,16.549551010131836,0.04373340681195259,1.1469212770462036,1.47455632686615,0.03974881395697594,-0.011376742273569107,-0.014255261979997158,0.08731825649738312,0.027136001735925674,19.0
2026-04-25T19:36:29.564502,250426_154826.000000,1,58.45869064331055,8.714442253112793,52.0,74.55000305175781,1.3899999856948853,8,11.199999809265137,1,250426_173612.984375,-8.086904525756836,15.558072090148926,0.14268240332603455,1.0252795219421387,1.497744083404541,0.13663935661315918,0.027645990252494812,0.030391700565814972,0.08652278035879135,0.02784365974366665,17.0
2026-04-25T19:36:32.535898,250426_154816.000000,1,58.45726013183594,8.711766242980957,51.900001525878906,81.88999938964844,1.3899999856948853,8,11.199999809265137,1,250426_173612.984375,-9.341320037841797,13.117120742797852,0.1800527125597,1.5539430379867554,1.269443154335022,0.09828119724988937,-0.1277315467596054,0.08027725666761398,0.08002717792987823,0.029639925807714462,18.0
2026-04-25T19:36:35.597248,250426_154758.000000,1,58.453861236572266,8.708353996276855,49.400001525878906,90.9100112915039,1.3899999856948853,8,11.199999809265137,1,250426_173628.000000,-10.526829719543457,11.797021865844727,0.1379004567861557,2.5361437797546387,1.071396827697754,-0.11984273791313171,0.020654870197176933,0.06502025574445724,0.07560989260673523,0.0261828675866127,16.0
2026-04-25T19:36:38.678622,250426_154756.984375,1,58.45363998413086,8.708226203918457,49.099998474121094,92.58999633789062,1.3899999856948853,8,11.199999809265137,1,250426_173628.000000,-10.753067016601562,12.015830993652344,0.0774872824549675,0.6931046843528748,1.0821716785430908,-0.06538707762956619,-0.04068392142653465,-0.008580699563026428,0.07694967836141586,0.025802021846175194,16.0
2026-04-25T19:36:41.750860,250426_154748.000000,1,58.4516487121582,8.707113265991211,46.70000076293945,96.22000885009766,1.3899999856948853,8,11.199999809265137,1,250426_173628.000000,-10.33202075958252,12.464493751525879,0.04054304212331772,1.6256771087646484,1.0380266904830933,-0.03767283260822296,0.007596183568239212,0.012914879247546196,0.079018734395504,0.025709860026836395,18.0
2026-04-25T19:36:44.680028,250426_154739.015625,1,58.449710845947266,8.705547332763672,41.0,96.22000885009766,1.2599999904632568,7,11.199999809265137,1,250426_173628.000000,-10.267441749572754,13.555229187011719,0.07619216293096542,1.2652835845947266,0.9699283838272095,-0.035191599279642105,0.02387074939906597,-0.06322171539068222,0.0774373859167099,0.020315110683441162,25.0
2026-04-25T19:36:47.794478,250426_154727.015625,1,58.44757080078125,8.702038764953613,33.79999923706055,93.9000015258789,1.100000023841858,8,11.199999809265137,1,250426_173628.000000,-10.315552711486816,15.112004280090332,0.14001736044883728,0.46802079677581787,0.7791776061058044,-0.13163228332996368,0.001473062438890338,0.0477035827934742,0.05358746275305748,0.012392198666930199,23.0
2026-04-25T19:36:50.865157,250426_154718.000000,1,58.4463005065918,8.698820114135742,27.799999237060547,94.31999969482422,1.100000023841858,8,11.199999809265137,1,250426_173628.984375,-10.6452054977417,15.492504119873047,0.08730167895555496,1.6110812425613403,0.746854841709137,-0.003561650402843952,-0.07562011480331421,0.043479837477207184,0.043659359216690063,0.009340902790427208,25.0
2026-04-25T19:36:53.834435,250426_154716.984375,1,58.44614028930664,8.698491096496582,27.100000381469727,94.31999969482422,1.100000023841858,8,11.199999809265137,1,250426_173628.984375,-10.753900527954102,15.376461029052734,0.008686290122568607,0.327492356300354,0.7490779757499695,-0.008060814812779427,0.0031250587198883295,-0.0008419649675488472,0.045604657381772995,0.008904431946575642,27.0
2026-04-25T19:36:56.907385,250426_154708.000000,1,58.444480895996094,8.69587516784668,22.5,95.83999633789062,1.399999976158142,8,11.199999809265137,1,250426_173628.984375,-10.463264465332031,15.063032150268555,0.09057122468948364,1.5804437398910522,0.7758116722106934,0.08833347260951996,0.0048647127114236355,0.01940823160111904,0.043767571449279785,0.008839840069413185,25.0
2026-04-25T19:36:59.977599,250426_154707.015625,1,58.444278717041016,8.695624351501465,21.799999237060547,95.79000091552734,1.399999976158142,8,11.199999809265137,1,250426_173643.015625,-11.228940963745117,12.819243431091309,0.02632368728518486,1.142921805381775,0.8307300806045532,-0.015654191374778748,-0.020573770627379417,-0.004960112273693085,0.07647480070590973,0.017763838171958923,22.0
2026-04-25T19:37:03.052850,250426_154659.015625,1,58.442588806152344,8.693902015686035,17.200000762939453,95.26000213623047,1.399999976158142,8,11.199999809265137,1,250426_173643.015625,-10.436461448669434,13.424363136291504,0.07530538737773895,1.4997639656066895,0.9512940645217896,-0.030248422175645828,0.055187009274959564,0.04135611280798912,0.07430581748485565,0.01604982279241085,26.0
2026-04-25T19:37:06.009909,250426_154658.000000,1,58.4423713684082,8.693716049194336,16.700000762939453,96.27999877929688,1.399999976158142,8,11.199999809265137,1,250426_173643.015625,-9.978022575378418,14.030525207519531,0.18537716567516327,1.7898162603378296,0.9566282629966736,-0.16792431473731995,0.045604534447193146,0.06392452120780945,0.07462895661592484,0.017635101452469826,22.0
2026-04-25T19:37:09.046326,250426_154648.984375,1,58.440391540527344,8.692402839660645,15.199999809265137,93.02999877929688,1.399999976158142,8,11.199999809265137,1,250426_173643.015625,-9.258082389831543,17.27825164794922,0.136104017496109,1.8432931900024414,0.954575777053833,-0.13059566915035248,-0.038318414241075516,0.0008796006441116333,0.07387199252843857,0.027845239266753197,22.0
2026-04-25T19:37:12.156716,250426_154640.000000,1,58.43836975097656,8.691370010375977,14.199999809265137,93.7300033569336,1.2599999904632568,7,11.199999809265137,1,250426_173658.000000,-9.277321815490723,17.981399536132812,0.046842921525239944,1.1350096464157104,0.9055675268173218,-0.022319549694657326,-0.010663919150829315,-0.039779115468263626,0.05996845290064812,0.01935563050210476,22.0
2026-04-25T19:37:15.235063,250426_154639.015625,1,58.438140869140625,8.691269874572754,14.0,96.48999786376953,1.399999976158142,8,11.199999809265137,1,250426_173658.000000,-8.875715255737305,18.384599685668945,0.09876272082328796,1.5093603134155273,0.8991151452064514,0.003895476460456848,0.04635671526193619,0.08712035417556763,0.05952732637524605,0.019245721399784088,22.0
2026-04-25T19:37:18.196322,250426_154631.015625,1,58.43629837036133,8.690516471862793,139.0,90.23001098632812,1.7400000095367432,7,11.199999809265137,1,250426_173658.000000,-8.883890151977539,16.468021392822266,0.2408619523048401,1.116957664489746,0.7398625016212463,0.23540110886096954,-0.02759534679353237,-0.042886994779109955,0.06491009145975113,0.02437848038971424,16.0
2026-04-25T19:37:21.226348,250426_154630.000000,1,58.43608093261719,8.690431594848633,13.5,91.0,1.7400000095367432,7,11.199999809265137,1,250426_173658.000000,-9.364313125610352,12.4298095703125,0.12658017873764038,1.0167163610458374,0.7615983486175537,0.12526339292526245,-0.01814544014632702,-0.0015379562973976135,0.07338126003742218,0.03465995937585831,14.0
2026-04-25T19:37:24.339301,250426_154620.000000,1,58.43378829956055,8.690183639526367,17.299999237060547,90.25000762939453,1.100000023841858,8,11.199999809265137,1,250426_173658.000000,-9.624611854553223,12.351298332214355,0.04052625969052315,1.1340904235839844,0.7928069829940796,0.013529358431696892,-0.006592745892703533,-0.03762804716825485,0.08047166466712952,0.028717273846268654,14.0
2026-04-25T19:37:27.419828,250426_154619.015625,1,58.43355941772461,8.690247535705566,17.299999237060547,91.66999816894531,1.100000023841858,8,11.199999809265137,1,250426_173712.984375,-7.313052177429199,12.784046173095703,0.1970801055431366,0.9451680779457092,0.8964524865150452,0.003023628145456314,0.19411598145961761,0.03391772881150246,0.07892974466085434,0.03397591784596443,14.0
2026-04-25T19:37:33.461541,250426_154608.984375,1,58.43141174316406,8.691864967346191,16.200000762939453,93.66999816894531,1.100000023841858,8,11.199999809265137,1,250426_173727.015625,-8.035168647766113,15.527770042419434,0.13397952914237976,1.5417639017105103,0.9722027778625488,-0.11814955621957779,-0.04870843142271042,-0.04023291915655136,0.07876541465520859,0.030786536633968353,14.0
2026-04-25T19:37:36.525041,250426_154600.000000,1,58.42985916137695,8.694580078125,13.399999618530273,93.55000305175781,1.1100000143051147,8,11.199999809265137,1,250426_173727.015625,-8.025314331054688,15.828583717346191,0.05607733875513077,4.594932556152344,1.0580586194992065,-0.007157057523727417,-0.03798564523458481,0.04062677547335625,0.06817534565925598,0.022664012387394905,14.0
2026-04-25T19:37:39.606366,250426_154559.015625,1,58.429691314697266,8.694903373718262,13.0,93.510009765625,1.100000023841858,8,11.199999809265137,1,250426_173727.015625,-8.049492835998535,15.606605529785156,0.039581503719091415,1.0840167999267578,1.1587661504745483,0.032110247761011124,0.00971300806850195,-0.02100677788257599,0.07005002349615097,0.021883709356188774,12.0
2026-04-25T19:37:42.575615,250426_154550.000000,1,58.428131103515625,8.697649955749512,10.0,94.45999908447266,1.409999966621399,8,11.199999809265137,1,250426_173727.015625,-6.920836925506592,14.998013496398926,0.11861612647771835,1.9175596237182617,1.169081449508667,-0.02518482133746147,0.08731655776500702,0.07623208314180374,0.05974142253398895,0.01709103025496006,14.0
2026-04-25T19:37:45.647764,250426_154548.984375,1,58.42792892456055,8.697903633117676,9.800000190734863,94.44999694824219,1.409999966621399,8,11.199999809265137,1,250426_173727.015625,-5.434991359710693,12.899988174438477,0.15573370456695557,3.6318559646606445,1.201859474182129,0.12677928805351257,0.05940460041165352,0.06819892674684525,0.05777783319354057,0.01738896407186985,14.0
2026-04-25T19:37:48.717894,250426_154540.000000,1,58.426048278808594,8.699522018432617,5.699999809265137,89.00000762939453,1.409999966621399,8,11.199999809265137,1,250426_173728.000000,-6.0101118087768555,11.448546409606934,0.13025473058223724,1.060282588005066,1.2442797422409058,-0.10108432918787003,-0.08139405399560928,-0.011102277785539627,0.06532521545886993,0.023030107840895653,14.0
2026-04-25T19:37:51.791837,250426_154539.015625,1,58.42583084106445,8.699621200561523,5.5,87.8399887084961,1.409999966621399,8,11.199999809265137,1,250426_173728.000000,-7.182464122772217,11.500012397766113,0.16005240380764008,1.0001959800720215,1.1652075052261353,0.045797258615493774,-0.1500493884086609,-0.03169480711221695,0.06128761172294617,0.02549327351152897,16.0
2026-04-25T19:37:54.760303,250426_154531.015625,1,58.424041748046875,8.700053215026855,5.199999809265137,92.45999908447266,1.409999966621399,8,11.199999809265137,1,250426_173742.000000,-9.4102783203125,10.222872734069824,0.13875484466552734,1.5136761665344238,1.0451916456222534,0.10327509045600891,-0.084746815264225,-0.03748519718647003,0.050484299659729004,0.032114848494529724,14.0
2026-04-25T19:37:57.795186,250426_154512.000000,1,58.419490814208984,8.699017524719238,7.199999809265137,90.97000122070312,1.1100000143051147,8,11.199999809265137,1,250426_173742.000000,-10.152962684631348,10.794686317443848,0.05009838938713074,2.826064109802246,1.0557773113250732,-0.020782440900802612,-0.04513376206159592,0.006393942050635815,0.05187121778726578,0.03200177848339081,15.0
2026-04-25T19:38:00.906255,250426_154511.015625,1,58.41925048828125,8.698862075805664,7.5,88.0,1.4199999570846558,8,11.199999809265137,1,250426_173742.000000,-10.108835220336914,11.118535041809082,0.11119957268238068,1.7952769994735718,1.0044885873794556,-0.1055777370929718,0.02557007595896721,0.02376672253012657,0.059671007096767426,0.02608209289610386,15.0
2026-04-25T19:38:03.976912,250426_154444.000000,1,58.41659164428711,8.700483322143555,11.800000190734863,40.599998474121094,1.4199999570846558,8,11.199999809265137,1,250426_173742.000000,-9.763667106628418,11.66829776763916,0.05026315897703171,1.404208779335022,0.8904886245727539,-0.018864255398511887,0.0462808683514595,-0.005348509643226862,0.05745456740260124,0.01841128058731556,15.0
2026-04-25T19:38:06.949109,250426_154435.015625,1,58.41587829589844,8.700164794921875,9.100000381469727,31.649999618530273,1.7599999904632568,7,11.199999809265137,1,250426_173742.000000,-10.351082801818848,12.00417709350586,0.0381920225918293,1.672045111656189,0.8849316835403442,0.022765545174479485,-0.022256845608353615,-0.02109486795961857,0.059523001313209534,0.01403631828725338,15.0
2026-04-25T19:38:10.018555,250426_154424.984375,1,58.41487121582031,8.699678421020508,7.199999809265137,54.04999923706055,1.2699999809265137,7,11.199999809265137,1,250426_173756.984375,-9.736520767211914,12.649638175964355,0.11966688930988312,1.6449328660964966,0.974855363368988,-0.11573437601327896,0.029280131682753563,-0.00826992467045784,0.035691551864147186,0.00752143794670701,21.0
2026-04-25T19:38:13.091027,250426_154424.000000,1,58.41474914550781,8.699625015258789,7.199999809265137,52.040000915527344,1.7699999809265137,7,11.199999809265137,1,250426_173756.984375,-9.379039764404297,12.978005409240723,0.07236827909946442,1.0618116855621338,0.8795496225357056,-0.04870064556598663,0.05155990645289421,0.01438720803707838,0.02966747060418129,0.006499167066067457,23.0
2026-04-25T19:38:16.064065,250426_154416.000000,1,58.413818359375,8.699260711669922,5.599999904632568,44.52000045776367,1.2699999809265137,7,197.61000061035156,1,250426_173756.984375,-9.391794204711914,13.503621101379395,0.09952028840780258,2.4270803928375244,1.0172293186187744,-0.08735731989145279,-0.026977095752954483,0.039309337735176086,0.04161084443330765,0.00735708512365818,25.0
2026-04-25T19:38:19.132703,250426_154415.015625,1,58.41371154785156,8.69922161102295,5.699999809265137,42.349998474121094,1.7699999809265137,7,197.61000061035156,1,250426_173756.984375,-9.098992347717285,14.355293273925781,0.16728129982948303,1.3767095804214478,1.078432321548462,-0.1345202624797821,0.0674225315451622,0.07308579236268997,0.044736046344041824,0.008125100284814835,25.0
2026-04-25T19:38:22.204144,250426_154406.000000,1,58.4127197265625,8.698871612548828,4.099999904632568,44.40999984741211,1.7699999809265137,7,197.61000061035156,1,250426_173812.000000,-9.10653018951416,14.95617389678955,0.04861462488770485,0.7962420582771301,1.0650274753570557,-0.03349420055747032,0.006414422765374184,-0.03464643284678459,0.04403305798768997,0.008768167346715927,25.0
2026-04-25T19:38:25.278645,250426_154356.984375,1,58.41188049316406,8.698559761047363,0.30000001192092896,32.869998931884766,1.1100000143051147,8,197.61000061035156,1,250426_173812.000000,-9.123766899108887,15.911080360412598,0.055003609508275986,1.1774674654006958,0.9854139685630798,-0.038815807551145554,0.003215733915567398,0.0388379842042923,0.044347841292619705,0.00926223024725914,19.0
2026-04-25T19:38:28.350046,250426_154338.000000,1,58.410030364990234,8.697344779968262,-10.300000190734863,45.29999923706055,1.1200000047683716,8,197.61000061035156,1,250426_173812.000000,-9.069751739501953,16.388423919677734,0.04444471746683121,1.8982958793640137,1.0512789487838745,0.029912883415818214,0.003680483903735876,0.032665058970451355,0.03840898349881172,0.008206238970160484,21.0
2026-04-25T19:38:31.320668,250426_154336.984375,1,58.409908294677734,8.697274208068848,-13.199999809265137,46.130001068115234,1.149999976158142,7,197.61000061035156,1,250426_173826.000000,-8.953767776489258,17.098926544189453,0.05940528213977814,1.625361680984497,0.8863176703453064,-0.0327179953455925,-0.04762478545308113,0.013798551633954048,0.03316853940486908,0.008315078914165497,19.0
2026-04-25T19:38:34.390159,250426_154328.000000,1,58.408809661865234,8.696744918823242,-15.899999618530273,52.59000015258789,1.1200000047683716,8,197.61000061035156,1,250426_173826.000000,-8.661409378051758,17.238489151000977,0.053417447954416275,0.8505703210830688,0.8602575659751892,-0.03392591327428818,4.18173149228096e-05,0.041260816156864166,0.031972695142030716,0.007559393532574177,17.0
2026-04-25T19:38:37.462691,250426_154327.015625,1,58.4086799621582,8.696697235107422,-16.299999237060547,53.29999923706055,1.1200000047683716,8,197.61000061035156,1,250426_173826.000000,-8.563297271728516,17.65692901611328,0.07799142599105835,0.42822927236557007,0.9841296672821045,-0.07653219997882843,0.004353866446763277,-0.014371106401085854,0.031562235206365585,0.007846548222005367,15.0
2026-04-25T19:38:40.533568,250426_154318.000000,1,58.407470703125,8.696390151977539,-15.399999618530273,53.47999954223633,1.4299999475479126,8,197.61000061035156,1,250426_173826.000000,-9.317249298095703,17.33390998840332,0.06490489095449448,0.9292470216751099,0.9198542237281799,0.022434011101722717,-0.043601781129837036,0.042523451149463654,0.03211820870637894,0.00833149254322052,12.0
2026-04-25T19:38:43.504374,250426_154316.984375,1,58.4073486328125,8.696352005004883,-15.399999618530273,51.41999816894531,1.4299999475479126,8,197.61000061035156,1,250426_173840.984375,-9.195494651794434,17.111515045166016,0.06962025165557861,0.9357780814170837,0.9611835479736328,0.04330122470855713,0.012081862427294254,0.053160250186920166,0.0308507289737463,0.008131111040711403,10.0
2026-04-25T19:38:46.576377,250426_154307.015625,1,58.4061393737793,8.696361541748047,-14.600000381469727,50.599998474121094,1.2699999809265137,7,197.61000061035156,1,250426_173840.984375,-9.440215110778809,16.87120246887207,0.08923159539699554,1.5032572746276855,0.955021321773529,-0.044346801936626434,-0.0636860802769661,0.04404225945472717,0.035915348678827286,0.008196818642318249,10.0
2026-04-25T19:38:49.646651,250426_154306.000000,1,58.406009674072266,8.696394920349121,-14.5,50.599998474121094,1.7799999713897705,7,197.61000061035156,1,250426_173840.984375,-9.590119361877441,16.34421157836914,0.06396050751209259,1.6061166524887085,0.930590808391571,0.05960829555988312,0.01845087669789791,0.014048559591174126,0.03902924805879593,0.008184718899428844,12.0
2026-04-25T19:38:52.719877,250426_154256.000000,1,58.404720306396484,8.696494102478027,-11.199999809265137,54.5,1.559999942779541,7,197.61000061035156,1,250426_173840.984375,-9.280291557312012,15.879426002502441,0.07026317715644836,2.3723156452178955,1.0760407447814941,-0.019588733091950417,0.034370530396699905,0.05806773900985718,0.039621323347091675,0.007398982532322407,18.0
2026-04-25T19:38:55.689112,250426_154247.015625,1,58.403499603271484,8.695752143859863,-7.300000190734863,57.849998474121094,1.1200000047683716,8,197.61000061035156,1,250426_173840.984375,-8.50567626953125,15.653386116027832,0.11515747010707855,0.6535014510154724,1.1191390752792358,-0.07308527827262878,0.0075761605985462666,0.08867010474205017,0.03904764726758003,0.007504149805754423,21.0
2026-04-25T19:38:58.761985,250426_154246.000000,1,58.40336990356445,8.695642471313477,-7.0,58.34000015258789,1.440000057220459,8,197.61000061035156,1,250426_173842.000000,-8.515910148620605,15.483580589294434,0.16947077214717865,1.5855602025985718,1.113932728767395,-0.08563019335269928,-0.02460869960486889,0.1441604048013687,0.04202469810843468,0.00805907603353262,21.0
2026-04-25T19:39:01.834556,250426_154244.984375,1,58.403228759765625,8.69553279876709,-7.0,58.34000015258789,1.440000057220459,8,197.61000061035156,1,250426_173842.000000,-8.63156509399414,14.989523887634277,0.06044228747487068,1.029815435409546,1.1496448516845703,0.0566873662173748,-0.019152769818902016,-0.008543095551431179,0.039149560034275055,0.008053216151893139,21.0
2026-04-25T19:39:04.906870,250426_154236.000000,1,58.40201950073242,8.694645881652832,-1.7999999523162842,54.63999938964844,1.1200000047683716,8,197.61000061035156,1,250426_173842.000000,-8.821383476257324,14.593350410461426,0.031290777027606964,0.7784203886985779,1.1201727390289307,0.022761179134249687,-0.002579414751380682,0.021316375583410263,0.03689507767558098,0.007702152710407972,19.0
2026-04-25T19:39:07.874726,250426_154235.015625,1,58.40188980102539,8.69459056854248,-0.8999999761581421,53.290000915527344,1.1200000047683716,8,197.61000061035156,1,250426_173856.000000,-9.228167533874512,13.47685432434082,0.12282345443964005,0.790500819683075,0.9343244433403015,0.10784564912319183,-0.05165504664182663,-0.028047675266861916,0.03652304410934448,0.008260385133326054,19.0
2026-04-25T19:39:10.881424,250426_154226.000000,1,58.40095138549805,8.694595336914062,7.699999809265137,50.150001525878906,1.8899999856948853,6,197.61000061035156,1,250426_173856.000000,-7.3760457038879395,13.579232215881348,0.1802850216627121,3.893444299697876,1.3952761888504028,0.06349974125623703,0.14216506481170654,-0.09088213741779327,0.05642972141504288,0.013342181220650673,19.0
2026-04-25T19:39:14.019599,250426_154224.984375,1,58.40087890625,8.694575309753418,8.600000381469727,32.029998779296875,1.8899999856948853,6,197.61000061035156,1,250426_173856.000000,-8.141145706176758,13.506023406982422,0.04725417494773865,2.1039421558380127,1.3965744972229004,-0.0027480917051434517,-0.019460050389170647,0.04297338426113129,0.05457282438874245,0.01352809276431799,21.0
2026-04-25T19:39:16.987570,250426_154224.000000,1,58.400821685791016,8.694528579711914,9.600000381469727,33.47999954223633,1.8899999856948853,6,197.61000061035156,1,250426_173856.000000,-8.591577529907227,14.36209774017334,0.0751861184835434,1.7739633321762085,1.3787808418273926,-0.07196762412786484,0.0003493772819638252,-0.021759867668151855,0.05319786071777344,0.014514243230223656,21.0
2026-04-25T19:39:20.061943,250426_154215.015625,1,58.39990997314453,8.69417953491211,18.600000381469727,55.290000915527344,1.2899999618530273,7,197.61000061035156,1,250426_173911.015625,-8.012810707092285,15.352128028869629,0.07210943102836609,1.3427292108535767,1.4308114051818848,-0.024307802319526672,0.06394235789775848,0.022809555754065514,0.04947130009531975,0.01572611555457115,23.0
2026-04-25T19:39:23.132302,250426_154206.000000,1,58.398658752441406,8.693245887756348,27.899999618530273,61.040000915527344,1.5700000524520874,7,197.61000061035156,1,250426_173911.015625,-8.423463821411133,15.181798934936523,0.04407905042171478,0.915798008441925,1.529674768447876,0.034968890249729156,-0.025217631831765175,0.009176640771329403,0.054169461131095886,0.015992194414138794,21.0
2026-04-25T19:39:26.203725,250426_154204.984375,1,58.398529052734375,8.693102836608887,29.399999618530273,60.79999923706055,1.5700000524520874,7,197.61000061035156,1,250426_173911.015625,-8.872878074645996,14.775259017944336,0.029602106660604477,0.7745444774627686,1.232641577720642,0.019495435059070587,-0.009410152211785316,-0.020190635696053505,0.043033089488744736,0.012013332918286324,21.0
2026-04-25T19:39:29.172914,250426_154156.000000,1,58.39741134643555,8.691632270812988,46.0,60.79999923706055,3.6700000762939453,6,197.61000061035156,1,250426_173911.015625,-9.583783149719238,14.242772102355957,0.09048739075660706,1.8204903602600098,1.259325623512268,0.08560983091592789,-0.02910808101296425,-0.003412407822906971,0.04512256383895874,0.011852209456264973,22.0
2026-04-25T19:39:32.246724,250426_154154.000000,1,58.39717102050781,8.691327095031738,48.20000076293945,60.54999923706055,3.6700000762939453,6,197.61000061035156,1,250426_173911.015625,-10.077342987060547,13.53083324432373,0.0036648923996835947,0.555695116519928,1.319936752319336,0.0012351823970675468,0.0033306372351944447,-0.0009014528477564454,0.047929227352142334,0.010891394689679146,20.0
2026-04-25T19:39:35.319284,250426_154143.015625,1,58.395599365234375,8.690848350524902,55.599998474121094,61.310001373291016,1.7799999713897705,5,197.61000061035156,1,250426_173911.015625,-10.13901424407959,13.285347938537598,0.12184447050094604,0.941024124622345,1.2955927848815918,0.0773421972990036,0.0590362623333931,-0.07334153354167938,0.050316181033849716,0.010259878821671009,16.0
2026-04-25T19:39:38.388961,250426_154132.000000,1,58.39405059814453,8.691579818725586,60.900001525878906,64.02999877929688,2.109999895095825,4,197.61000061035156,1,250426_173911.015625,-9.827188491821289,13.2349214553833,0.05341506376862526,0.3276612162590027,1.2249940633773804,0.03854130208492279,0.006293660961091518,0.036443471908569336,0.04615147039294243,0.00808604434132576,16.0
2026-04-25T19:39:41.359477,250426_154131.015625,1,58.39387893676758,8.69153881072998,61.5,64.02999877929688,2.109999895095825,4,197.61000061035156,1,250426_173911.015625,-10.39661693572998,11.674135208129883,0.15978780388832092,1.4528794288635254,1.1613199710845947,0.13026179373264313,-0.08665546029806137,0.032478298991918564,0.04745425656437874,0.009750972501933575,11.0
2026-04-25T19:39:44.430616,250426_154120.984375,1,58.39234924316406,8.690654754638672,64.30000305175781,61.58000183105469,3.8299999237060547,4,197.61000061035156,1,250426_173911.015625,-10.957954406738281,11.330903053283691,0.11176005005836487,1.745699405670166,1.0652880668640137,-0.11059607565402985,0.01567501202225685,-0.0036207307130098343,0.04428132250905037,0.010743417777121067,13.0
2026-04-25T19:39:47.503036,250426_154119.015625,1,58.3920783996582,8.69040298461914,64.19999694824219,62.20000076293945,1.9900000095367432,5,197.61000061035156,1,250426_173911.015625,-11.110865592956543,12.195287704467773,0.05216363072395325,1.7159134149551392,1.0694663524627686,-0.037129152566194534,-0.03615124523639679,0.005963025614619255,0.03955397382378578,0.011258576065301895,13.0
2026-04-25T19:39:50.575783,250426_154108.000000,1,58.390689849853516,8.688568115234375,66.30001068115234,62.56999969482422,1.9900000095367432,5,197.61000061035156,1,250426_173911.015625,-11.001893043518066,12.957571029663086,0.02607937529683113,0.753147304058075,0.8992224335670471,-0.013421381823718548,-0.0035010632127523422,-0.022084899246692657,0.037894390523433685,0.010829998180270195,17.0
2026-04-25T19:39:53.543868,250426_154107.015625,1,58.39057159423828,8.68836498260498,66.5999984741211,62.619998931884766,1.9900000095367432,5,197.61000061035156,1,250426_173940.984375,-10.661369323730469,13.291802406311035,0.06926432996988297,2.5581884384155273,0.8821781277656555,-0.06340640783309937,-0.02776971273124218,-0.0024532005190849304,0.034203119575977325,0.008739977143704891,19.0
2026-04-25T19:39:56.616197,250426_154056.984375,1,58.389408111572266,8.686354637145996,71.30001068115234,61.84000015258789,1.9900000095367432,5,197.61000061035156,1,250426_173940.984375,-10.667097091674805,13.588996887207031,0.014241755940020084,3.5942928791046143,1.0064946413040161,-0.013903197832405567,-0.003016721922904253,-0.0006542995106428862,0.03767184540629387,0.008493182249367237,23.0
2026-04-25T19:39:59.687585,250426_154055.015625,1,58.38922119140625,8.685897827148438,71.80000305175781,61.0099983215332,4.380000114440918,5,197.61000061035156,1,250426_173940.984375,-10.285065650939941,13.76155948638916,0.0373045988380909,1.631287693977356,0.9849798083305359,-0.004369745962321758,0.0006072930991649628,-0.037042807787656784,0.033967118710279465,0.006856284104287624,23.0
2026-04-25T19:40:02.760310,250426_154044.984375,1,58.38814926147461,8.683709144592285,73.0,61.25,1.9900000095367432,5,197.61000061035156,1,250426_173940.984375,-9.240421295166016,14.305243492126465,0.161014124751091,1.700321912765503,0.9600121974945068,-0.028210492804646492,0.15433108806610107,-0.036216430366039276,0.04007082059979439,0.00818264577537775,21.0
2026-04-25T19:40:05.729605,250426_154044.000000,1,58.388038635253906,8.68350601196289,73.19999694824219,61.68000030517578,1.9900000095367432,5,197.61000061035156,1,250426_173940.984375,-8.430342674255371,14.658681869506836,0.13265718519687653,2.26212739944458,0.9733690619468689,-0.10105215758085251,0.0809113085269928,0.028978422284126282,0.039434440433979034,0.009168888442218304,23.0
2026-04-25T19:40:08.802593,250426_154043.015625,1,58.38793182373047,8.683303833007812,73.4000015258789,59.33000183105469,4.360000133514404,5,197.61000061035156,1,250426_173956.000000,-10.27415657043457,14.947473526000977,0.13204742968082428,1.2088408470153809,1.0269405841827393,-0.05762934684753418,-0.1187543049454689,-0.0035775676369667053,0.05515236034989357,0.014500184915959835,22.0
2026-04-25T19:40:11.874011,250426_154032.984375,1,58.38711929321289,8.680920600891113,75.0999984741211,61.41999816894531,1.9900000095367432,5,197.61000061035156,1,250426_173956.000000,-10.825762748718262,15.494344711303711,0.10366741567850113,2.214308977127075,0.9118356704711914,0.015218391083180904,-0.09875129908323288,-0.027631735429167747,0.05125156417489052,0.014688903465867043,18.0
2026-04-25T19:40:14.946168,250426_154031.015625,1,58.386959075927734,8.680401802062988,75.0,62.20000076293945,1.9900000095367432,5,197.61000061035156,1,250426_174010.000000,-11.828347206115723,15.861788749694824,0.07065329700708389,1.7841941118240356,1.0559395551681519,-0.016254741698503494,-0.06865917146205902,-0.0036864113062620163,0.046956975013017654,0.016392866149544716,20.0
2026-04-25T19:40:17.915414,250426_154020.984375,1,58.385860443115234,8.678433418273926,75.69999694824219,62.68000030517578,1.9900000095367432,5,197.61000061035156,1,250426_174010.000000,-12.362733840942383,15.954792022705078,0.09896676987409592,2.1931984424591064,1.085120439529419,-0.07612390071153641,0.02896975725889206,0.05621678754687309,0.04723227396607399,0.01634158566594124,20.0
2026-04-25T19:40:20.921140,250426_154020.000000,1,58.385711669921875,8.678301811218262,76.5,62.40999984741211,1.9900000095367432,5,197.61000061035156,1,250426_174010.000000,-11.702723503112793,15.56446361541748,0.0886630266904831,1.3281793594360352,1.2370766401290894,0.03678227216005325,0.07054804265499115,-0.03913016617298126,0.03988386690616608,0.014255859889090061,20.0
2026-04-25T19:40:24.082949,250426_154019.015625,1,58.38555908203125,8.678166389465332,76.9000015258789,62.25,1.9900000095367432,5,197.61000061035156,1,250426_174010.000000,-9.816173553466797,15.811201095581055,0.13944032788276672,0.5402203798294067,1.3075765371322632,0.020049123093485832,0.13706721365451813,-0.01594414934515953,0.03678516671061516,0.014286568388342857,25.0
2026-04-25T19:40:27.029319,250426_154008.984375,1,58.384159088134766,8.676815032958984,79.19999694824219,61.720001220703125,1.9900000095367432,5,197.61000061035156,1,250426_174010.000000,-9.14180850982666,16.093320846557617,0.092867411673069,2.2929012775421143,1.339139699935913,-0.04751921445131302,0.07652191817760468,-0.0225981418043375,0.039113882929086685,0.014261028729379177,27.0
2026-04-25T19:40:30.100802,250426_154007.015625,1,58.38386917114258,8.676546096801758,79.9000015258789,57.22999954223633,1.9900000095367432,5,197.61000061035156,1,250426_174011.015625,-9.02646541595459,16.120698928833008,0.07282590866088867,2.6763908863067627,1.4452693462371826,-0.006704307626932859,-0.07251135259866714,-0.0008768681436777115,0.04467092454433441,0.014329287223517895,29.0
2026-04-25T19:40:33.105458,250426_153956.984375,1,58.38298034667969,8.675909996032715,85.19999694824219,26.43000030517578,1.9900000095367432,5,197.61000061035156,1,250426_174011.015625,-9.063557624816895,15.883602142333984,0.051404885947704315,0.6336562037467957,1.4580068588256836,-0.04562653228640556,0.023285232484340668,-0.004298814572393894,0.04500950500369072,0.01453328039497137,31.0
2026-04-25T19:40:36.246173,250426_153956.000000,1,58.38291931152344,8.675970077514648,84.80000305175781,27.0,1.9900000095367432,5,197.61000061035156,1,250426_174011.015625,-9.264509201049805,16.456701278686523,0.08831511437892914,3.3907408714294434,1.415372610092163,0.05679430812597275,-0.0037359739653766155,-0.06752783060073853,0.04346916452050209,0.013730865903198719,30.0
2026-04-25T19:40:39.215962,250426_153944.984375,1,58.38220977783203,8.67626953125,88.80000305175781,28.1299991607666,2.0,5,197.61000061035156,1,250426_174011.015625,-8.97481632232666,16.308881759643555,0.024951815605163574,1.1984144449234009,1.370680332183838,0.002325774170458317,0.006093345582485199,-0.02408432960510254,0.04465446621179581,0.011620131321251392,29.0
2026-04-25T19:40:42.288006,250426_153943.015625,1,58.3820686340332,8.676310539245605,89.80000305175781,27.540000915527344,2.0,5,197.61000061035156,1,250426_174011.015625,-8.981193542480469,16.090150833129883,0.12034446001052856,2.410524606704712,1.1844980716705322,0.10273775458335876,0.03058057650923729,-0.05470439791679382,0.04142681136727333,0.010513910092413425,29.0
2026-04-25T19:40:45.358612,250426_153932.000000,1,58.38130187988281,8.676525115966797,96.80000305175781,19.90999984741211,2.0,5,197.61000061035156,1,250426_174011.015625,-8.726414680480957,15.816237449645996,0.06875372678041458,4.112107753753662,1.243796706199646,0.05556982755661011,0.03808530047535896,0.013732396066188812,0.04507474601268768,0.010408451780676842,27.0
2026-04-25T19:40:48.329586,250426_153920.984375,1,58.38079071044922,8.676411628723145,98.9000015258789,4.760000228881836,2.0,5,197.61000061035156,1,250426_174040.000000,-9.048946380615234,15.590743064880371,0.061698418110609055,1.4302847385406494,1.1999545097351074,-0.005406002514064312,-0.06137535721063614,-0.003245767205953598,0.044922586530447006,0.009516727179288864,27.0
2026-04-25T19:40:51.402552,250426_153920.000000,1,58.3807487487793,8.676407814025879,99.00000762939453,3.559999942779541,2.0,5,197.61000061035156,1,250426_174040.000000,-8.942362785339355,15.90352725982666,0.07427836209535599,1.6799800395965576,1.2343391180038452,-0.06850841641426086,0.025486934930086136,0.013201805762946606,0.04307124391198158,0.008528194390237331,28.0
2026-04-25T19:40:54.471588,250426_153919.015625,1,58.38072967529297,8.67641544342041,98.5999984741211,2.6600000858306885,2.0,5,197.61000061035156,1,250426_174040.000000,-9.615440368652344,16.370756149291992,0.11796628683805466,2.2058608531951904,1.1877515316009521,0.04593481868505478,-0.012836549431085587,-0.10789467394351959,0.03890432044863701,0.00864415243268013,24.0
2026-04-25T19:40:57.543908,250426_153907.015625,1,58.38059997558594,8.67648983001709,87.40000915527344,3.299999952316284,2.0,5,197.61000061035156,1,250426_174040.984375,-10.336092948913574,16.017221450805664,0.03888912498950958,2.477086067199707,1.2530659437179565,0.026982545852661133,-0.012329958379268646,-0.025145139545202255,0.04172811284661293,0.009452980011701584,26.0
2026-04-25T19:41:00.616199,250426_153906.000000,1,58.38058090209961,8.676514625549316,86.30000305175781,3.490000009536743,2.0,5,197.61000061035156,1,250426_174040.984375,-10.400214195251465,15.917186737060547,0.034946031868457794,0.08995763957500458,1.2418760061264038,0.029924161732196808,0.011179329827427864,0.014170117676258087,0.04429687187075615,0.009088326245546341,26.0
2026-04-25T19:41:03.587128,250426_153856.000000,1,58.380619049072266,8.676675796508789,95.80001068115234,2.8499999046325684,2.0,5,197.61000061035156,1,250426_174040.984375,-10.202507972717285,15.94212818145752,0.02192091755568981,1.0523720979690552,1.1683108806610107,-0.014929402619600296,-0.01025239285081625,-0.01235022209584713,0.034791044890880585,0.007990631274878979,26.0
2026-04-25T19:41:06.657840,250426_153855.015625,1,58.380619049072266,8.67669677734375,96.90000915527344,2.7300000190734863,2.0,5,197.61000061035156,1,250426_174040.984375,-9.853445053100586,15.347407341003418,0.06750036031007767,2.325946807861328,1.1981827020645142,0.04198058694601059,0.05226568877696991,0.007888350635766983,0.03762171044945717,0.008159265853464603,24.0
2026-04-25T19:41:09.729501,250426_153854.000000,1,58.380619049072266,8.676726341247559,96.30000305175781,2.640000104904175,2.0,5,197.61000061035156,1,250426_174040.984375,-9.723197937011719,14.658720970153809,0.055062223225831985,1.2764586210250854,1.1927690505981445,0.03473428636789322,0.032347675412893295,0.02791067399084568,0.0373239703476429,0.008220870047807693,22.0
2026-04-25T19:41:12.691329,250426_153844.000000,1,58.3804817199707,8.676798820495605,86.19999694824219,1.1699999570846558,2.0,5,197.61000061035156,1,250426_174040.984375,-9.33683967590332,14.727291107177734,0.054992031306028366,0.6161147952079773,1.1744070053100586,-0.050811175256967545,-0.01988031342625618,-0.006864500232040882,0.036153022199869156,0.007805828470736742,22.0
2026-04-25T19:41:15.770790,250426_153843.015625,1,58.38045883178711,8.676774978637695,82.9000015258789,0.8799999952316284,2.0,5,197.61000061035156,1,250426_174040.984375,-8.9935884475708,14.64653205871582,0.10711823403835297,1.090903639793396,1.192246675491333,-0.024490538984537125,0.08985795825719833,0.05291574448347092,0.03615384176373482,0.00813187938183546,24.0
2026-04-25T19:41:18.842295,250426_153842.000000,1,58.38045120239258,8.676759719848633,81.90000915527344,0.8799999952316284,2.0,5,197.61000061035156,1,250426_174040.984375,-8.764516830444336,14.755386352539062,0.09765617549419403,2.1209423542022705,1.1386972665786743,0.06170516833662987,0.022573109716176987,-0.07224719226360321,0.03597870096564293,0.007827174849808216,25.0
2026-04-25T19:41:21.914736,250426_153832.000000,1,58.38045120239258,8.676777839660645,84.0999984741211,0.8799999952316284,2.0,5,197.61000061035156,1,250426_174110.000000,-8.692781448364258,14.540592193603516,0.09054645895957947,2.2608940601348877,1.0984644889831543,0.0579281710088253,0.015555977821350098,-0.06783068180084229,0.032865144312381744,0.0064519839361310005,25.0
2026-04-25T19:41:24.884716,250426_153842.000000,1,58.38045120239258,8.676759719848633,81.90000915527344,0.8799999952316284,2.0,5,197.61000061035156,1,250426_174110.000000,-8.763260841369629,14.876794815063477,0.10895457118749619,1.868965983390808,1.0976836681365967,-0.10554949939250946,0.01450298260897398,0.02280493825674057,0.03374011069536209,0.006642454769462347,23.0
2026-04-25T19:41:27.956932,250426_153843.015625,1,58.38045883178711,8.676774978637695,82.9000015258789,0.8799999952316284,2.0,5,197.61000061035156,1,250426_174110.000000,-7.911362648010254,14.660637855529785,0.1574719399213791,3.2683353424072266,0.965186357498169,-0.0039581917226314545,0.10311789810657501,0.11894725263118744,0.034276898950338364,0.006951868534088135,21.0
2026-04-25T19:41:31.028118,250426_153844.000000,1,58.3804817199707,8.676798820495605,86.19999694824219,1.1699999570846558,2.0,5,197.61000061035156,1,250426_174124.000000,-7.858536243438721,13.208701133728027,0.08611378073692322,0.927236020565033,0.9723348617553711,0.04606446996331215,0.00582834891974926,0.07252363860607147,0.052352067083120346,0.011131265200674534,17.0
2026-04-25T19:41:34.101780,250426_153854.000000,1,58.380619049072266,8.676726341247559,96.30000305175781,2.640000104904175,2.0,5,197.61000061035156,1,250426_174124.000000,-7.95429801940918,12.584393501281738,0.07606612890958786,1.7277696132659912,1.0121955871582031,0.018434368073940277,-0.002134818583726883,-0.07376769930124283,0.05815983936190605,0.012457537464797497,14.0
2026-04-25T19:41:37.069831,250426_153855.015625,1,58.380619049072266,8.67669677734375,96.90000915527344,2.7300000190734863,2.0,5,197.61000061035156,1,250426_174124.000000,-7.81776237487793,15.362895965576172,0.27959293127059937,1.4011950492858887,0.95907062292099,-0.2791813313961029,-0.014038106426596642,0.005738288164138794,0.07422375679016113,0.022251810878515244,12.0
2026-04-25T19:41:40.144296,250426_153856.000000,1,58.380619049072266,8.676675796508789,95.80001068115234,2.8499999046325684,2.0,5,197.61000061035156,1,250426_174124.000000,-7.985518455505371,16.14048194885254,0.034048814326524734,1.271714687347412,0.9623751044273376,-0.016464147716760635,-0.028360070660710335,-0.009162969887256622,0.0756402388215065,0.023564891889691353,10.0
2026-04-25T19:41:43.138693,250426_153906.000000,1,58.38058090209961,8.676514625549316,86.30000305175781,3.490000009536743,2.0,5,197.61000061035156,1,250426_174124.000000,-7.441958427429199,15.673213958740234,0.18374012410640717,2.3919544219970703,0.9456291198730469,0.012462236918509007,0.16819071769714355,-0.07291782647371292,0.07821637392044067,0.024576006457209587,16.0
2026-04-25T19:41:46.286534,250426_153907.015625,1,58.38059997558594,8.67648983001709,87.40000915527344,3.299999952316284,2.0,5,197.61000061035156,1,250426_174124.000000,-6.209390640258789,14.34508991241455,0.01883874274790287,5.140151500701904,1.024771809577942,0.006037025712430477,-0.016602136194705963,0.006543824449181557,0.07689066976308823,0.024893945083022118,17.0
2026-04-25T19:41:49.258010,250426_153919.015625,1,58.38072967529297,8.67641544342041,98.5999984741211,2.6600000858306885,2.0,5,197.61000061035156,1,250426_174124.000000,-5.981865406036377,13.783365249633789,0.04388919472694397,2.5145912170410156,1.0548633337020874,0.019834212958812714,0.010602658614516258,0.03768884390592575,0.07633980363607407,0.02363608591258526,18.0
2026-04-25T19:41:55.400402,250426_153920.984375,1,58.38079071044922,8.676411628723145,98.9000015258789,4.760000228881836,2.0,5,197.61000061035156,1,250426_174124.000000,-7.431248188018799,20.762224197387695,0.27719035744667053,1.3012824058532715,1.1241190433502197,0.17134831845760345,-0.2150624841451645,-0.03496243432164192,0.11709411442279816,0.06784860789775848,12.0
2026-04-25T19:41:58.472356,250426_153932.000000,1,58.38130187988281,8.676525115966797,96.80000305175781,19.90999984741211,2.0,5,197.61000061035156,1,250426_174152.984375,-8.720412254333496,18.50257682800293,0.15201018750667572,2.4876041412353516,1.2608978748321533,0.14564061164855957,-0.04148625209927559,0.013221219182014465,0.10899022966623306,0.07177472114562988,10.0
2026-04-25T19:42:01.440717,250426_153943.015625,1,58.3820686340332,8.676310539245605,89.80000305175781,27.540000915527344,2.0,5,197.61000061035156,1,250426_174152.984375,-9.231876373291016,17.521364212036133,0.0823138877749443,1.1550445556640625,1.1788601875305176,0.08041825145483017,0.010858616791665554,0.013804754242300987,0.11288614571094513,0.07011225074529648,10.0
2026-04-25T19:42:04.458279,250426_153944.984375,1,58.38220977783203,8.67626953125,88.80000305175781,28.1299991607666,2.0,5,197.61000061035156,1,250426_174154.000000,-8.993057250976562,16.07653045654297,0.11120972037315369,2.8889973163604736,1.2085353136062622,0.07744681090116501,0.07846266031265259,-0.01460154540836811,0.10383367538452148,0.052743397653102875,14.0
2026-04-25T19:42:07.503491,250426_153956.000000,1,58.38291931152344,8.675970077514648,84.80000305175781,27.0,1.9900000095367432,5,197.61000061035156,1,250426_174154.000000,-8.756296157836914,15.142072677612305,0.09667246043682098,0.5308772921562195,1.1959125995635986,0.07988375425338745,-0.028373267501592636,-0.046466194093227386,0.06294425576925278,0.03019067272543907,16.0
2026-04-25T19:42:10.659120,250426_153956.984375,1,58.38298034667969,8.675909996032715,85.19999694824219,26.43000030517578,1.9900000095367432,5,197.61000061035156,1,250426_174154.000000,-8.739278793334961,16.276548385620117,0.11215563118457794,0.6046853065490723,1.1597857475280762,-0.11103581637144089,-0.015080816112458706,-0.00474373996257782,0.06045939400792122,0.024231167510151863,14.0
2026-04-25T19:42:13.626115,250426_154007.015625,1,58.38386917114258,8.676546096801758,79.9000015258789,57.22999954223633,1.9900000095367432,5,197.61000061035156,1,250426_174154.000000,-10.387445449829102,15.909769058227539,0.1426011025905609,1.4519723653793335,0.9411302208900452,-0.05394634231925011,-0.13111598789691925,0.015279483050107956,0.04635849967598915,0.017241613939404488,14.0
2026-04-25T19:42:16.700096,250426_154008.984375,1,58.384159088134766,8.676815032958984,79.19999694824219,61.720001220703125,1.9900000095367432,5,197.61000061035156,1,250426_174154.000000,-10.749307632446289,16.072904586791992,0.11344825476408005,3.5044922828674316,0.9168466329574585,0.10365023463964462,0.02883746102452278,-0.035993557423353195,0.046262022107839584,0.012966535054147243,14.0
2026-04-25T19:42:19.770521,250426_154019.015625,1,58.38555908203125,8.678166389465332,76.9000015258789,62.25,1.9900000095367432,5,197.61000061035156,1,250426_174154.000000,-10.246341705322266,16.507339477539062,0.0413956418633461,1.4876192808151245,0.7798965573310852,-0.016427014023065567,0.018560748547315598,0.03315495699644089,0.04591758921742439,0.010736053809523582,12.0
2026-04-25T19:42:22.843352,250426_154020.000000,1,58.385711669921875,8.678301811218262,76.5,62.40999984741211,1.9900000095367432,5,197.61000061035156,1,250426_174154.000000,-9.8436279296875,16.556303024291992,0.07598432153463364,1.1700141429901123,0.9130046963691711,0.04273489862680435,-0.0016165650449693203,-0.0628071054816246,0.04216145724058151,0.009264043532311916,16.0
2026-04-25T19:42:25.774256,250426_154020.984375,1,58.385860443115234,8.678433418273926,75.69999694824219,62.68000030517578,1.9900000095367432,5,197.61000061035156,1,250426_174208.984375,-9.317910194396973,16.18856430053711,0.017152657732367516,1.5929720401763916,0.9539944529533386,0.01209551002830267,0.010406207293272018,-0.006294691935181618,0.03353388234972954,0.005947520025074482,22.0
2026-04-25T19:42:28.818446,250426_154031.015625,1,58.386959075927734,8.680401802062988,75.0,62.20000076293945,1.9900000095367432,5,197.61000061035156,1,250426_174208.984375,-8.35969066619873,16.749378204345703,0.15486277639865875,2.0832581520080566,0.9504852890968323,-0.04509230703115463,0.11093404144048691,0.09819778054952621,0.034180913120508194,0.0069830529391765594,24.0
2026-04-25T19:42:31.958128,250426_154032.984375,1,58.38711929321289,8.680920600891113,75.0999984741211,61.41999816894531,1.9900000095367432,5,197.61000061035156,1,250426_174223.015625,-7.75920295715332,16.810535430908203,0.0273938849568367,0.508754551410675,0.889493465423584,0.010522780008614063,0.013746241107583046,-0.021230565384030342,0.03322073444724083,0.006917088758200407,24.0
2026-04-25T19:42:34.929574,250426_154043.015625,1,58.38793182373047,8.683303833007812,73.4000015258789,59.33000183105469,4.360000133514404,5,197.61000061035156,1,250426_174223.015625,-7.846609592437744,16.676908493041992,0.09223408997058868,1.9912543296813965,0.8631852269172668,0.08187827467918396,-0.0241102147847414,-0.03495386615395546,0.032427284866571426,0.006373319774866104,24.0
2026-04-25T19:42:37.998654,250426_154044.000000,1,58.388038635253906,8.68350601196289,73.19999694824219,61.68000030517578,1.9900000095367432,5,197.61000061035156,1,250426_174223.015625,-8.067392349243164,16.444833755493164,0.11028052866458893,1.4697544574737549,0.7727586627006531,0.07985839247703552,-0.022858066484332085,-0.07253923267126083,0.03421120345592499,0.00598108908161521,24.0
2026-04-25T19:42:41.001179,250426_154044.984375,1,58.38814926147461,8.683709144592285,73.0,61.25,1.9900000095367432,5,197.61000061035156,1,250426_174236.984375,-6.878384590148926,15.998761177062988,0.18695102632045746,4.357702255249023,0.9201739430427551,0.1207059770822525,-0.008959272876381874,-0.1424797624349594,0.042312927544116974,0.008805694989860058,24.0
2026-04-25T19:42:44.045523,250426_154055.015625,1,58.38922119140625,8.685897827148438,71.80000305175781,61.0099983215332,4.380000114440918,5,197.61000061035156,1,250426_174236.984375,-7.746636867523193,16.241445541381836,0.12251739948987961,1.6795992851257324,0.964379608631134,-0.03203415870666504,-0.11190564185380936,0.038228947669267654,0.0420522578060627,0.008982166647911072,22.0
2026-04-25T19:42:47.113857,250426_154056.984375,1,58.389408111572266,8.686354637145996,71.30001068115234,61.84000015258789,1.9900000095367432,5,197.61000061035156,1,250426_174236.984375,-8.170029640197754,16.247777938842773,0.0938493087887764,2.1036086082458496,0.9621542096138,0.07453730702400208,-0.0447707399725914,-0.035319454967975616,0.041909489780664444,0.008298193104565144,22.0
2026-04-25T19:42:50.183004,250426_154107.015625,1,58.39057159423828,8.68836498260498,66.5999984741211,62.619998931884766,1.9900000095367432,5,197.61000061035156,1,250426_174236.984375,-8.745226860046387,16.175294876098633,0.0764501616358757,0.6162822246551514,1.0096359252929688,0.050948239862918854,-0.043617017567157745,-0.03669413924217224,0.03804348409175873,0.009119700640439987,24.0
2026-04-25T19:42:53.260082,250426_154108.000000,1,58.390689849853516,8.688568115234375,66.30001068115234,62.56999969482422,1.9900000095367432,5,197.61000061035156,1,250426_174236.984375,-8.767136573791504,16.05242156982422,0.037169184535741806,0.5364230871200562,0.99210125207901,0.021442273631691933,-0.029673896729946136,-0.006421607453376055,0.03884631767868996,0.00864650309085846,22.0
2026-04-25T19:42:56.327839,250426_154119.015625,1,58.3920783996582,8.69040298461914,64.19999694824219,62.20000076293945,1.9900000095367432,5,197.61000061035156,1,250426_174236.984375,-8.706135749816895,16.18508529663086,0.12498314678668976,2.554495334625244,0.7959588170051575,0.06969749182462692,-0.05217495560646057,-0.08967060595750809,0.031835827976465225,0.004715284798294306,26.0
2026-04-25T19:42:56.328162,250426_154119.015625,1,58.3920783996582,8.69040298461914,64.19999694824219,62.20000076293945,1.9900000095367432,5,197.61000061035156,1,250426_174236.984375,-8.706135749816895,16.18508529663086,0.12498314678668976,2.554495334625244,0.7959588170051575,0.06969749182462692,-0.05217495560646057,-0.08967060595750809,0.031835827976465225,0.004715284798294306,26.0
2026-04-25T19:42:59.297660,250426_154120.984375,1,58.39234924316406,8.690654754638672,64.30000305175781,61.58000183105469,3.8299999237060547,4,197.61000061035156,1,250426_174236.984375,-8.647924423217773,16.353639602661133,0.052378010004758835,0.8452292084693909,0.7417926788330078,-0.018801920115947723,0.00795090850442648,0.04823616147041321,0.025688566267490387,0.0033755709882825613,24.0
2026-04-25T19:43:02.367617,250426_154131.015625,1,58.39387893676758,8.69153881072998,61.5,64.02999877929688,2.109999895095825,4,197.61000061035156,1,250426_174252.000000,-8.670855522155762,16.190214157104492,0.13249197602272034,6.500967025756836,1.3274751901626587,-0.09806466847658157,-0.06892375648021698,-0.0564531609416008,0.03877997770905495,0.004659103229641914,20.0
2026-04-25T19:43:05.360700,250426_154132.000000,1,58.39405059814453,8.691579818725586,60.900001525878906,64.02999877929688,2.109999895095825,4,197.61000061035156,1,250426_174252.000000,-8.35926342010498,16.44895362854004,0.03392503410577774,0.8470086455345154,1.322765827178955,0.00168487592600286,0.03278816491365433,0.008544320240616798,0.03905206918716431,0.0046783084981143475,18.0
2026-04-25T19:43:08.513022,250426_154143.015625,1,58.395599365234375,8.690848350524902,55.599998474121094,61.310001373291016,1.7799999713897705,5,197.61000061035156,1,250426_174252.984375,-8.634598731994629,16.19269561767578,0.0551433190703392,1.737430214881897,1.3550268411636353,0.046257905662059784,-0.01932379975914955,0.022969163954257965,0.039656952023506165,0.005097093991935253,18.0
2026-04-25T19:43:11.449536,250426_154154.000000,1,58.39717102050781,8.691327095031738,48.20000076293945,60.54999923706055,3.6700000762939453,6,197.61000061035156,1,250426_174252.984375,-9.077654838562012,15.608078002929688,0.07490590959787369,0.9823219776153564,1.3560724258422852,0.06218472868204117,-0.04093144088983536,-0.008280827663838863,0.03872840106487274,0.005914490204304457,16.0
2026-04-25T19:43:14.554412,250426_154156.000000,1,58.39741134643555,8.691632270812988,46.0,60.79999923706055,3.6700000762939453,6,197.61000061035156,1,250426_174252.984375,-9.370471000671387,15.2260160446167,0.07478892803192139,0.9137229323387146,1.3618401288986206,0.051555342972278595,-0.052887532860040665,0.01176176592707634,0.03769452124834061,0.00601017102599144,16.0
2026-04-25T19:43:17.626710,250426_154204.984375,1,58.398529052734375,8.693102836608887,29.399999618530273,60.79999923706055,1.5700000524520874,7,197.61000061035156,1,250426_174307.015625,-9.196639060974121,15.158612251281738,0.023355334997177124,0.7989892959594727,0.7390961647033691,-0.004643501713871956,0.02287856675684452,-0.0006933666300028563,0.026477983221411705,0.004175927489995956,18.0
2026-04-25T19:43:20.697470,250426_154206.000000,1,58.398658752441406,8.693245887756348,27.899999618530273,61.040000915527344,1.5700000524520874,7,197.61000061035156,1,250426_174307.015625,-9.006630897521973,15.420833587646484,0.06687482446432114,1.274542212486267,0.684589684009552,-0.06431200355291367,0.018223682418465614,0.002026183530688286,0.02398539148271084,0.003802693448960781,20.0
2026-04-25T19:43:23.630566,250426_154215.015625,1,58.39990997314453,8.69417953491211,18.600000381469727,55.290000915527344,1.2899999618530273,7,197.61000061035156,1,250426_174320.984375,-8.950846672058105,16.21966552734375,0.0990721806883812,1.6493390798568726,0.6889516711235046,0.04659213498234749,-0.0020192358642816544,-0.08740933984518051,0.041651755571365356,0.0061490656808018684,18.0
2026-04-25T19:43:26.676399,250426_154224.000000,1,58.400821685791016,8.694528579711914,9.600000381469727,33.47999954223633,1.8899999856948853,6,197.61000061035156,1,250426_174320.984375,-9.058755874633789,16.006027221679688,0.030239813029766083,0.8996779322624207,0.6821717619895935,-0.0013349748915061355,-0.02999422699213028,-0.0036069899797439575,0.04158314689993858,0.0056796749122440815,20.0
2026-04-25T19:43:29.813196,250426_154224.984375,1,58.40087890625,8.694575309753418,8.600000381469727,32.029998779296875,1.8899999856948853,6,197.61000061035156,1,250426_174320.984375,-8.728676795959473,16.12823486328125,0.04719781503081322,0.646290123462677,0.641595721244812,-0.04000236466526985,0.014222131110727787,0.020619787275791168,0.04134715348482132,0.005317543167620897,18.0
2026-04-25T19:43:32.884056,250426_154226.000000,1,58.40095138549805,8.694595336914062,7.699999809265137,50.150001525878906,1.8899999856948853,6,197.61000061035156,1,250426_174320.984375,-8.549783706665039,15.60599422454834,0.05747302621603012,0.7374057769775391,0.6300904154777527,0.05512676015496254,-0.00711063714697957,-0.014616010710597038,0.04125243052840233,0.0054874117486178875,18.0
2026-04-25T19:43:35.852608,250426_154235.015625,1,58.40188980102539,8.69459056854248,-0.8999999761581421,53.290000915527344,1.1200000047683716,8,197.61000061035156,1,250426_174320.984375,-8.463201522827148,15.300341606140137,0.03985626623034477,0.9070870876312256,0.6088318824768066,0.014608141034841537,0.016390476375818253,0.03326374292373657,0.04163655638694763,0.00546066602692008,14.0
2026-04-25T19:43:38.926111,250426_154236.000000,1,58.40201950073242,8.694645881652832,-1.7999999523162842,54.63999938964844,1.1200000047683716,8,197.61000061035156,1,250426_174322.000000,-8.63351058959961,14.914641380310059,0.028952913358807564,0.8185784816741943,0.5420177578926086,0.0034614524338394403,0.005972484592348337,0.028117947280406952,0.019837291911244392,0.0029612171929329634,18.0
2026-04-25T19:43:41.996642,250426_154244.984375,1,58.403228759765625,8.69553279876709,-7.0,58.34000015258789,1.440000057220459,8,197.61000061035156,1,250426_174322.000000,-8.947562217712402,14.646376609802246,0.03777115419507027,0.6529414057731628,0.5161285996437073,0.017377229407429695,-0.033416084945201874,0.0028385575860738754,0.021581556648015976,0.0031483126804232597,18.0
2026-04-25T19:43:44.966632,250426_154246.000000,1,58.40336990356445,8.695642471313477,-7.0,58.34000015258789,1.440000057220459,8,197.61000061035156,1,250426_174322.000000,-8.899675369262695,14.62276840209961,0.058911874890327454,1.1051790714263916,0.5210483074188232,-0.05763997510075569,-0.011661652475595474,-0.0034997127950191498,0.022253114730119705,0.0030610773246735334,21.0
2026-04-25T19:43:48.038634,250426_154247.015625,1,58.403499603271484,8.695752143859863,-7.300000190734863,57.849998474121094,1.1200000047683716,8,197.61000061035156,1,250426_174322.000000,-8.979827880859375,15.236221313476562,0.0270814411342144,1.5908913612365723,0.6724896430969238,-0.013610094785690308,0.0176151841878891,0.01542319729924202,0.02256542444229126,0.0033334854524582624,23.0
2026-04-25T19:43:51.111983,250426_154256.000000,1,58.404720306396484,8.696494102478027,-11.199999809265137,54.5,1.559999942779541,7,197.61000061035156,1,250426_174336.984375,-8.651382446289062,15.630541801452637,0.07002796977758408,1.1822574138641357,0.7143149375915527,-0.044405870139598846,0.008756117895245552,0.053435616195201874,0.024389779195189476,0.00378338317386806,25.0
2026-04-25T19:43:54.184600,250426_154306.000000,1,58.406009674072266,8.696394920349121,-14.5,50.599998474121094,1.7799999713897705,7,197.61000061035156,1,250426_174336.984375,-8.297983169555664,15.277950286865234,0.07240515202283859,0.5499923825263977,0.6937658786773682,0.04840775206685066,0.05173657462000847,0.014917196705937386,0.026202471926808357,0.004001527093350887,21.0
2026-04-25T19:43:57.151571,250426_154307.015625,1,58.4061393737793,8.696361541748047,-14.600000381469727,50.599998474121094,1.2699999809265137,7,197.61000061035156,1,250426_174336.984375,-8.083261489868164,15.386279106140137,0.05753016099333763,0.8563662171363831,0.758500874042511,-0.05489889159798622,-0.009808211587369442,0.014129046350717545,0.02431633323431015,0.004074051044881344,20.0
2026-04-25T19:44:00.225986,250426_154316.984375,1,58.4073486328125,8.696352005004883,-15.399999618530273,51.41999816894531,1.4299999475479126,8,197.61000061035156,1,250426_174351.015625,-7.645489692687988,15.630297660827637,0.05924004688858986,1.0916298627853394,0.6828060150146484,0.04831371828913689,0.02963109128177166,-0.01723850704729557,0.023299111053347588,0.004057694226503372,22.0
2026-04-25T19:44:03.296148,250426_154318.000000,1,58.407470703125,8.696390151977539,-15.399999618530273,53.47999954223633,1.4299999475479126,8,197.61000061035156,1,250426_174351.015625,-7.085371494293213,15.044501304626465,0.06996424496173859,1.127838373184204,0.6696748733520508,0.06200522929430008,0.028930706903338432,0.014606909826397896,0.02649378404021263,0.0048193009570240974,16.0
2026-04-25T19:44:06.368621,250426_154327.015625,1,58.4086799621582,8.696697235107422,-16.299999237060547,53.29999923706055,1.1200000047683716,8,197.61000061035156,1,250426_174351.015625,-6.978322505950928,14.073140144348145,0.13442331552505493,1.443888783454895,0.632157564163208,0.12231747806072235,0.03900600224733353,-0.03983208164572716,0.036220669746398926,0.0064030964858829975,16.0
2026-04-25T19:44:09.310137,250426_154328.000000,1,58.408809661865234,8.696744918823242,-15.899999618530273,52.59000015258789,1.1200000047683716,8,197.61000061035156,1,250426_174351.015625,-6.526149272918701,15.884531021118164,0.26049718260765076,2.4271113872528076,0.6469353437423706,-0.2541728615760803,-0.007939638569951057,-0.056496985256671906,0.0845656469464302,0.01964319311082363,14.0
2026-04-25T19:44:12.408572,250426_154336.984375,1,58.409908294677734,8.697274208068848,-13.199999809265137,46.130001068115234,1.149999976158142,7,197.61000061035156,1,250426_174352.000000,-7.494170188903809,15.996068000793457,0.1849936693906784,0.939732551574707,0.6088920831680298,0.09672310948371887,-0.15755313634872437,0.006656372919678688,0.08315493166446686,0.024166297167539597,13.0
2026-04-25T19:44:15.481379,250426_154338.000000,1,58.410030364990234,8.697344779968262,-10.300000190734863,45.29999923706055,1.1200000047683716,8,197.61000061035156,1,250426_174352.000000,-8.905097961425781,14.9407320022583,0.2191556692123413,0.9738534092903137,0.6311399936676025,0.1053047627210617,-0.1866411417722702,-0.04588247835636139,0.07681943476200104,0.029714280739426613,15.0
2026-04-25T19:44:18.553785,250426_154356.984375,1,58.41188049316406,8.698559761047363,0.30000001192092896,32.869998931884766,1.1100000143051147,8,197.61000061035156,1,250426_174352.000000,-9.639589309692383,14.427536010742188,0.057052336633205414,0.9890297055244446,0.6477107405662537,0.037802476435899734,-0.027387671172618866,-0.03280026465654373,0.07715342193841934,0.02952830120921135,17.0
2026-04-25T19:44:21.492282,250426_154406.000000,1,58.4127197265625,8.698871612548828,4.099999904632568,44.40999984741211,1.7699999809265137,7,197.61000061035156,1,250426_174406.000000,-9.623117446899414,14.738487243652344,0.013929344713687897,1.3987507820129395,0.721636176109314,0.005350739695131779,0.0103489113971591,-0.007635197602212429,0.08488104492425919,0.025801056995987892,19.0
2026-04-25T19:44:24.538181,250426_154415.015625,1,58.41371154785156,8.69922161102295,5.699999809265137,42.349998474121094,1.7699999809265137,7,197.61000061035156,1,250426_174406.000000,-9.731982231140137,14.601616859436035,0.08036879450082779,0.6352785229682922,0.7042050957679749,0.0704118087887764,-0.013294938951730728,-0.03639455884695053,0.07447640597820282,0.017809921875596046,21.0
2026-04-25T19:44:27.667301,250426_154416.000000,1,58.413818359375,8.699260711669922,5.599999904632568,44.52000045776367,1.2699999809265137,7,197.61000061035156,1,250426_174406.000000,-9.855480194091797,14.534539222717285,0.040259670466184616,0.3987555205821991,0.6624040603637695,0.039084311574697495,-0.009173956699669361,0.0030159801244735718,0.05999339371919632,0.010585177689790726,23.0
2026-04-25T19:44:30.738593,250426_154424.000000,1,58.41474914550781,8.699625015258789,7.199999809265137,52.040000915527344,1.7699999809265137,7,11.199999809265137,1,250426_174406.000000,-10.059159278869629,14.3157958984375,0.018084529787302017,1.0968354940414429,0.7389498353004456,0.014994551427662373,-0.005604886449873447,0.008414207026362419,0.02814251184463501,0.003903573378920555,25.0
2026-04-25T19:44:33.671948,250426_154424.984375,1,58.41487121582031,8.699678421020508,7.199999809265137,54.04999923706055,1.2699999809265137,7,11.199999809265137,1,250426_174420.984375,-9.906209945678711,14.875911712646484,0.038289885967969894,1.4465997219085693,0.7227381467819214,-0.02199164777994156,-0.003104569623246789,-0.031190454959869385,0.030875705182552338,0.0038022480439394712,23.0
2026-04-25T19:44:36.781781,250426_154435.015625,1,58.41587829589844,8.700164794921875,9.100000381469727,31.649999618530273,1.7599999904632568,7,11.199999809265137,1,250426_174420.984375,-9.98486042022705,15.07256031036377,0.06883956491947174,1.471426010131836,0.6467445492744446,-0.03928382694721222,-0.04950397461652756,0.02729511447250843,0.02708282880485058,0.00315889366902411,23.0
2026-04-25T19:44:39.853302,250426_154444.000000,1,58.41659164428711,8.700483322143555,11.800000190734863,40.599998474121094,1.4199999570846558,8,11.199999809265137,1,250426_174420.984375,-10.05679702758789,15.508196830749512,0.03630134463310242,1.8614672422409058,0.6858956813812256,-0.029664305970072746,-0.012414664961397648,0.01684318110346794,0.02553417906165123,0.003305327845737338,23.0
2026-04-25T19:44:42.923716,250426_154511.015625,1,58.41925048828125,8.698862075805664,7.5,88.0,1.4199999570846558,8,11.199999809265137,1,250426_174435.015625,-9.855717658996582,15.751800537109375,0.025081921368837357,0.4411509037017822,0.6866326332092285,-0.01448151096701622,0.016446271911263466,-0.012202815152704716,0.0251788217574358,0.0033107122872024775,21.0
2026-04-25T19:44:45.894721,250426_154512.000000,1,58.419490814208984,8.699017524719238,7.199999809265137,90.97000122070312,1.1100000143051147,8,11.199999809265137,1,250426_174435.015625,-9.497665405273438,16.20703125,0.04586271569132805,0.32548806071281433,0.5755391120910645,-0.034143563359975815,0.023905549198389053,-0.019134528934955597,0.024968823418021202,0.003438197076320648,19.0
2026-04-25T19:44:52.040073,250426_154539.015625,1,58.42583084106445,8.699621200561523,5.5,87.8399887084961,1.409999966621399,8,11.199999809265137,1,250426_174435.015625,-9.360328674316406,17.51184844970703,0.039844054728746414,1.1886857748031616,0.49803951382637024,-0.0007635354995727539,-0.034045349806547165,0.02068525366485119,0.022212771698832512,0.0037016328424215317,23.0
2026-04-25T19:44:55.010174,250426_154540.000000,1,58.426048278808594,8.699522018432617,5.699999809265137,89.00000762939453,1.409999966621399,8,11.199999809265137,1,250426_174435.015625,-9.526487350463867,17.956193923950195,0.051313675940036774,0.38751140236854553,0.448451966047287,-0.030679214745759964,0.0012492351233959198,-0.04111348092556,0.022414157167077065,0.003914582543075085,19.0
2026-04-25T19:44:58.079591,250426_154548.984375,1,58.42792892456055,8.697903633117676,9.800000190734863,94.44999694824219,1.409999966621399,8,11.199999809265137,1,250426_174436.000000,-9.718459129333496,17.751733779907227,0.060279253870248795,0.5519521832466125,0.42365312576293945,0.0580926388502121,0.01601666584610939,-0.0015166159719228745,0.02311548963189125,0.0038097044453024864,21.0
2026-04-25T19:45:01.151577,250426_154550.000000,1,58.428131103515625,8.697649955749512,10.0,94.45999908447266,1.409999966621399,8,11.199999809265137,1,250426_174436.000000,-9.557098388671875,16.966129302978516,0.05705847963690758,1.3084994554519653,0.5006023645401001,0.04093724116683006,-0.03368156775832176,-0.021103661507368088,0.026560964062809944,0.00430640485137701,23.0
2026-04-25T19:45:04.222466,250426_154559.015625,1,58.429691314697266,8.694903373718262,13.0,93.510009765625,1.100000023841858,8,11.199999809265137,1,250426_174436.000000,-9.571256637573242,16.288867950439453,0.07492183893918991,0.5237201452255249,0.5474234819412231,0.06733085960149765,-0.03267907351255417,0.0034518660977482796,0.026468977332115173,0.004529367201030254,17.0
2026-04-25T19:45:07.168667,250426_154600.000000,1,58.42985916137695,8.694580078125,13.399999618530273,93.55000305175781,1.1100000143051147,8,11.199999809265137,1,250426_174436.000000,-9.962894439697266,15.25855827331543,0.053975481539964676,0.7540397047996521,0.5369254946708679,0.053968463093042374,0.0003376067616045475,-0.0008023716509342194,0.026028668507933617,0.0045853531919419765,15.0
2026-04-25T19:45:10.269464,250426_154608.984375,1,58.43141174316406,8.691864967346191,16.200000762939453,93.66999816894531,1.100000023841858,8,11.199999809265137,1,250426_174451.015625,-10.362499237060547,14.932512283325195,0.06008364260196686,1.3851085901260376,0.5601223111152649,0.04053858667612076,-0.04387221485376358,0.0064726946875452995,0.024663973599672318,0.005017523188143969,16.0
2026-04-25T19:45:13.337569,250426_154610.000000,1,58.43159866333008,8.691607475280762,16.5,93.69999694824219,1.100000023841858,8,11.199999809265137,1,250426_174451.015625,-10.43055534362793,14.996562004089355,0.03645966574549675,0.2879489064216614,0.5713505148887634,0.023034503683447838,0.009281888604164124,-0.0266939215362072,0.02399064600467682,0.0045348103158175945,18.0
2026-04-25T19:45:16.306514,250426_154619.015625,1,58.43355941772461,8.690247535705566,17.299999237060547,91.66999816894531,1.100000023841858,8,11.199999809265137,1,250426_174504.984375,-10.377626419067383,15.021039962768555,0.042402446269989014,1.1574183702468872,0.4852959215641022,-0.03679542988538742,0.019951071590185165,-0.006783675868064165,0.02108568325638771,0.0037920039612799883,20.0
2026-04-25T19:45:19.348547,250426_154620.000000,1,58.43378829956055,8.690183639526367,17.299999237060547,90.25000762939453,1.100000023841858,8,11.199999809265137,1,250426_174504.984375,-10.027450561523438,14.912595748901367,0.07087375223636627,0.8212717771530151,0.47698190808296204,0.026217134669423103,0.05523760989308357,-0.0358407124876976,0.01921027898788452,0.0033772988244891167,20.0
2026-04-25T19:45:22.450582,250426_154630.000000,1,58.43608093261719,8.690431594848633,13.5,91.0,1.7400000095367432,7,11.199999809265137,1,250426_174504.984375,-9.568129539489746,14.893328666687012,0.07195712625980377,1.5145212411880493,0.501442015171051,0.04697883501648903,0.031026944518089294,-0.044812336564064026,0.018841536715626717,0.0032435613684356213,22.0
2026-04-25T19:45:25.522416,250426_154631.015625,1,58.43629837036133,8.690516471862793,139.0,90.23001098632812,1.7400000095367432,7,11.199999809265137,1,250426_174504.984375,-9.330618858337402,14.328095436096191,0.09494886547327042,0.9327794909477234,0.4748556911945343,0.09336971491575241,0.010749796405434608,0.013484252616763115,0.019519571214914322,0.002879159525036812,16.0
2026-04-25T19:45:28.594434,250426_154639.015625,1,58.438140869140625,8.691269874572754,14.0,96.48999786376953,1.399999976158142,8,11.199999809265137,1,250426_174504.984375,-9.120944023132324,13.896138191223145,0.04666846618056297,0.7432494759559631,0.5036733746528625,0.03076205402612686,0.02113550528883934,-0.028016645461320877,0.020492658019065857,0.0028276483062654734,12.0
2026-04-25T19:45:31.564530,250426_154640.000000,1,58.43836975097656,8.691370010375977,14.199999809265137,93.7300033569336,1.2599999904632568,7,11.199999809265137,1,250426_174520.000000,-8.783852577209473,14.378066062927246,0.07530836760997772,1.5289461612701416,0.6075823307037354,-0.055119551718235016,0.05017872899770737,0.010736886411905289,0.02299591340124607,0.003591453656554222,14.0
2026-04-25T19:45:34.637706,250426_154648.984375,1,58.440391540527344,8.692402839660645,15.199999809265137,93.02999877929688,1.399999976158142,8,11.199999809265137,1,250426_174520.000000,-8.787612915039062,14.439570426940918,0.01767674833536148,2.4494667053222656,0.7094770073890686,0.015200267545878887,-0.006974110379815102,-0.005725477822124958,0.025095133110880852,0.0035645514726638794,14.0
2026-04-25T19:45:37.708799,250426_154658.000000,1,58.4423713684082,8.693716049194336,16.700000762939453,96.27999877929688,1.399999976158142,8,11.199999809265137,1,250426_174520.000000,-8.960725784301758,14.688773155212402,0.06010102853178978,1.0182994604110718,0.6991046071052551,-0.022676050662994385,-0.0525176003575325,-0.018434535712003708,0.026533082127571106,0.00343128084205091,14.0
2026-04-25T19:45:40.669371,250426_154659.015625,1,58.442588806152344,8.693902015686035,17.200000762939453,95.26000213623047,1.399999976158142,8,11.199999809265137,1,250426_174520.000000,-9.367890357971191,14.611618041992188,0.11788175255060196,1.2320327758789062,0.6587609052658081,0.11447219550609589,-0.0050085075199604034,-0.027697263285517693,0.027528991922736168,0.0038128839805722237,19.0
2026-04-25T19:45:43.750668,250426_154707.015625,1,58.444278717041016,8.695624351501465,21.799999237060547,95.79000091552734,1.399999976158142,8,11.199999809265137,1,250426_174535.015625,-9.680218696594238,14.310606002807617,0.06437502801418304,0.6659268736839294,0.660973310470581,-0.04879867285490036,-0.041728973388671875,0.004639614373445511,0.027251390740275383,0.003919773269444704,21.0
2026-04-25T19:45:46.821616,250426_154708.000000,1,58.444480895996094,8.69587516784668,22.5,95.83999633789062,1.399999976158142,8,11.199999809265137,1,250426_174535.015625,-9.761330604553223,15.048864364624023,0.036433666944503784,0.5796906352043152,0.636650562286377,-0.030269237235188484,-0.009735208004713058,-0.01778794452548027,0.03215200826525688,0.004973920062184334,19.0
2026-04-25T19:45:49.894208,250426_154716.984375,1,58.44614028930664,8.698491096496582,27.100000381469727,94.31999969482422,1.100000023841858,8,11.199999809265137,1,250426_174535.015625,-9.494611740112305,15.450638771057129,0.03822757303714752,0.9229326248168945,0.6140680909156799,-0.025829706341028214,0.024922622367739677,-0.013154334388673306,0.03052039071917534,0.005297766532748938,17.0
2026-04-25T19:45:52.854033,250426_154718.000000,1,58.4463005065918,8.698820114135742,27.799999237060547,94.31999969482422,1.100000023841858,8,11.199999809265137,1,250426_174536.000000,-9.146625518798828,15.526998519897461,0.0410463809967041,1.5938650369644165,0.6278663277626038,0.005378452129662037,0.03610263764858246,-0.018774380907416344,0.030468178912997246,0.0054895756766200066,15.0
2026-04-25T19:45:55.894381,250426_154727.015625,1,58.44757080078125,8.702038764953613,33.79999923706055,93.9000015258789,1.100000023841858,8,11.199999809265137,1,250426_174536.000000,-9.126654624938965,15.564746856689453,0.02391621097922325,0.5207661986351013,0.6293209791183472,-0.016580600291490555,-0.014506002888083458,0.009308316744863987,0.032608166337013245,0.004924685228615999,17.0
2026-04-25T19:45:58.997154,250426_154739.015625,1,58.449710845947266,8.705547332763672,41.0,96.22000885009766,1.2599999904632568,7,11.199999809265137,1,250426_174551.015625,-9.223694801330566,15.656563758850098,0.02471499890089035,1.092193365097046,0.6381868124008179,0.009130924940109253,-0.015418710187077522,-0.017021186649799347,0.03333412855863571,0.004119884222745895,19.0
2026-04-25T19:46:02.080973,250426_154748.000000,1,58.4516487121582,8.707113265991211,46.70000076293945,96.22000885009766,1.3899999856948853,8,11.199999809265137,1,250426_174551.015625,-9.372261047363281,15.401477813720703,0.06324360519647598,0.9879674315452576,0.6042852997779846,0.057618334889411926,-0.02314174361526966,-0.012014181353151798,0.026295440271496773,0.0028302932623773813,19.0
2026-04-25T19:46:05.141760,250426_154756.984375,1,58.45363998413086,8.708226203918457,49.099998474121094,92.58999633789062,1.3899999856948853,8,11.199999809265137,1,250426_174551.015625,-9.584687232971191,14.957554817199707,0.026701010763645172,0.21657003462314606,0.49432429671287537,0.026246437802910805,-0.0008489969186484814,-0.004831950180232525,0.019581526517868042,0.002080655423924327,21.0
2026-04-25T19:46:08.122261,250426_154758.000000,1,58.453861236572266,8.708353996276855,49.400001525878906,90.9100112915039,1.3899999856948853,8,11.199999809265137,1,250426_174551.015625,-9.503739356994629,14.932034492492676,0.04568507894873619,0.6120856404304504,0.47750353813171387,0.018552998080849648,-0.027285374701023102,-0.0315978042781353,0.016604818403720856,0.001549250679090619,22.0
2026-04-25T19:46:11.183118,250426_154816.000000,1,58.45726013183594,8.711766242980957,51.900001525878906,81.88999938964844,1.3899999856948853,8,11.199999809265137,1,250426_174551.015625,-9.438493728637695,15.379773139953613,0.03876795619726181,1.11821448802948,0.45937344431877136,-0.019535638391971588,0.027258120477199554,0.019450146704912186,0.015367453917860985,0.001814856193959713,18.0
2026-04-25T19:46:14.164044,250426_154826.000000,1,58.45869064331055,8.714442253112793,52.0,74.55000305175781,1.3899999856948853,8,11.199999809265137,1,250426_174552.000000,-9.510834693908691,15.4342679977417,0.027585545554757118,0.40891119837760925,0.4762544333934784,0.0049874987453222275,-0.010212618857622147,-0.025135425850749016,0.015645049512386322,0.0018100872403010726,18.0
2026-04-25T19:46:17.233423,250426_154827.015625,1,58.45880889892578,8.714703559875488,52.099998474121094,73.08999633789062,1.3899999856948853,8,11.199999809265137,1,250426_174552.000000,-9.545844078063965,15.591398239135742,0.04632939398288727,1.0029634237289429,0.46893250942230225,-0.004359073005616665,-0.033675335347652435,-0.03151797503232956,0.015417234972119331,0.001757617574185133,20.0
2026-04-25T19:46:20.311963,250426_154835.015625,1,58.45970916748047,8.716890335083008,50.5,74.30000305175781,1.090000033378601,8,11.199999809265137,1,250426_174607.015625,-9.411323547363281,16.285308837890625,0.0196978896856308,0.3919920027256012,0.4914478659629822,-0.008725380524992943,0.016304515302181244,-0.006785083562135696,0.023698262870311737,0.0024948802310973406,18.0
2026-04-25T19:46:23.369382,250426_154836.000000,1,58.45981979370117,8.717183113098145,50.599998474121094,74.75,1.090000033378601,8,11.199999809265137,1,250426_174607.015625,-9.616573333740234,16.420896530151367,0.04673407971858978,0.6398060321807861,0.4699385464191437,-0.021610990166664124,-0.03907138481736183,0.013800944201648235,0.022752074524760246,0.0025362265296280384,18.0
2026-04-25T19:46:26.449724,250426_154844.000000,1,58.46065902709961,8.719488143920898,52.599998474121094,73.94999694824219,1.090000033378601,8,11.199999809265137,1,250426_174607.015625,-9.929435729980469,16.241689682006836,0.031926654279232025,0.42951294779777527,0.4737622141838074,-0.02369024232029915,-0.017443114891648293,-0.01240246556699276,0.0231919102370739,0.002453216817229986,17.0
2026-04-25T19:46:29.394066,250426_154855.015625,1,58.46186065673828,8.723034858703613,54.20000076293945,85.1600112915039,1.3799999952316284,8,11.199999809265137,1,250426_174607.015625,-10.123287200927734,16.327550888061523,0.033377766609191895,0.8982400298118591,0.4455692768096924,0.019259940832853317,-0.0194264966994524,-0.019124357029795647,0.02426660992205143,0.002846812829375267,19.0
2026-04-25T19:46:32.495485,250426_154903.015625,1,58.46274948120117,8.725835800170898,52.79999923706055,88.48999786376953,1.3799999952316284,8,11.199999809265137,1,250426_174607.015625,-10.609721183776855,16.17350196838379,0.10242350399494171,1.9325759410858154,0.46872618794441223,0.059150129556655884,-0.021288610994815826,-0.08086180686950684,0.01985693909227848,0.002504356438294053,21.0
2026-04-25T19:46:35.563898,250426_154904.000000,1,58.46287155151367,8.7261962890625,52.29999923706055,88.37999725341797,1.3799999952316284,8,11.199999809265137,1,250426_174623.015625,-10.647457122802734,15.98754596710205,0.03298899158835411,0.45154184103012085,0.535646378993988,0.014108652248978615,-0.012706132605671883,-0.026977278292179108,0.02194618061184883,0.002567688003182411,23.0
2026-04-25T19:46:38.635895,250426_154912.000000,1,58.46379852294922,8.728910446166992,45.0,83.30001068115234,1.090000033378601,8,11.199999809265137,1,250426_174623.015625,-10.74903392791748,15.89189624786377,0.05668267980217934,0.5309786200523376,0.5266413688659668,-0.023693151772022247,-0.04029681533575058,0.03205819055438042,0.022076813504099846,0.0027703873347491026,23.0
2026-04-25T19:46:41.570911,250426_154912.984375,1,58.46392059326172,8.729228973388672,44.70000076293945,82.1500015258789,1.090000033378601,8,11.199999809265137,1,250426_174623.015625,-11.171717643737793,15.651593208312988,0.0467330738902092,1.2208119630813599,0.5540353655815125,-0.011163116432726383,-0.03771203011274338,0.02524218149483204,0.022915629670023918,0.0030192029662430286,21.0
2026-04-25T19:46:44.678380,250426_154920.984375,1,58.464908599853516,8.731599807739258,41.70000076293945,77.0199966430664,1.3799999952316284,8,11.199999809265137,1,250426_174623.015625,-11.405003547668457,16.060468673706055,0.07885660976171494,2.298698663711548,0.6218286752700806,-0.04940209165215492,0.020328469574451447,0.05800476297736168,0.02468734048306942,0.0031974774319678545,21.0
2026-04-25T19:46:47.748964,250426_154922.000000,1,58.46501922607422,8.731882095336914,41.5,76.93000030517578,1.090000033378601,8,11.199999809265137,1,250426_174623.015625,-11.153205871582031,15.367972373962402,0.07190494984388351,0.5388048887252808,0.6080337762832642,0.06715577840805054,0.025682084262371063,-0.0009243655949831009,0.026924381032586098,0.0038096383213996887,19.0
2026-04-25T19:46:50.821568,250426_154931.015625,1,58.46622848510742,8.73427677154541,40.599998474121094,76.93000030517578,3.0899999141693115,7,11.199999809265137,1,250426_174638.000000,-10.248360633850098,15.918523788452148,0.12466515600681305,1.3651121854782104,0.5560102462768555,-0.11572716385126114,0.04537692293524742,-0.009463530033826828,0.031045658513903618,0.005566260311752558,19.0
2026-04-25T19:46:53.790583,250426_154932.000000,1,58.46636962890625,8.734539985656738,40.400001525878906,79.68000030517578,1.2699999809265137,7,11.199999809265137,1,250426_174638.000000,-9.129776000976562,17.961990356445312,0.09521929174661636,0.8329601883888245,0.6375600695610046,0.07937828451395035,0.040144097059965134,-0.033974289894104004,0.0814400240778923,0.01720898598432541,18.0
2026-04-25T19:46:56.862962,250426_154940.000000,1,58.46757888793945,8.736599922180176,40.400001525878906,79.68000030517578,1.2699999809265137,7,11.199999809265137,1,250426_174638.000000,-8.934892654418945,15.870184898376465,0.2401123344898224,0.47605255246162415,0.6325531601905823,0.23177127540111542,0.044692616909742355,0.044029198586940765,0.08635666221380234,0.025293486192822456,16.0
2026-04-25T19:46:59.840618,250426_154940.984375,1,58.467750549316406,8.736856460571289,40.099998474121094,84.41999816894531,1.090000033378601,8,11.199999809265137,1,250426_174638.000000,-9.759929656982422,14.130655288696289,0.07401607185602188,1.2009601593017578,0.6518374085426331,0.03725914657115936,-0.05266772210597992,-0.03628009930253029,0.08357857912778854,0.03083542361855507,16.0
2026-04-25T19:47:02.908611,250426_154950.000000,1,58.46923065185547,8.739124298095703,37.599998474121094,84.83999633789062,1.5299999713897705,7,11.199999809265137,1,250426_174638.000000,-9.65323543548584,13.753140449523926,0.05931226909160614,1.3636575937271118,0.7375714778900146,-0.01371369045227766,-0.009473560377955437,-0.05692215636372566,0.08414272964000702,0.0313824787735939,18.0
2026-04-25T19:47:05.978703,250426_154951.015625,1,58.469398498535156,8.73936939239502,37.20000076293945,84.97000885009766,1.5299999713897705,7,11.199999809265137,1,250426_174638.000000,-10.826457977294922,13.420204162597656,0.05350414663553238,0.7478196620941162,1.1255607604980469,0.015663564205169678,-0.04457078129053116,0.025115571916103363,0.08057940751314163,0.02511093206703663,18.0
2026-04-25T19:47:08.980508,250426_154959.015625,1,58.47074890136719,8.741144180297852,36.0,77.72000122070312,1.5299999713897705,7,11.199999809265137,1,250426_174638.000000,-10.984739303588867,13.379971504211426,0.027086738497018814,0.9513545036315918,1.103237509727478,-0.010278960689902306,0.005223989021033049,-0.024510085582733154,0.07829267531633377,0.017718162387609482,22.0
2026-04-25T19:47:12.120043,250426_155000.000000,1,58.47092819213867,8.741332054138184,35.599998474121094,77.8499984741211,1.25,7,11.199999809265137,1,250426_174638.000000,-11.447728157043457,13.243744850158691,0.15406817197799683,1.2817199230194092,1.1436220407485962,0.007279267534613609,-0.11904395371675491,-0.09753230959177017,0.06461523473262787,0.011444070376455784,24.0
2026-04-25T19:47:15.089508,250426_155008.984375,1,58.472591400146484,8.742883682250977,32.099998474121094,86.33999633789062,1.2400000095367432,7,22.549999237060547,1,250426_174655.015625,-11.95766544342041,13.73431396484375,0.09527377784252167,1.896265983581543,1.1783850193023682,-0.04080955311655998,0.006610323674976826,0.08583691716194153,0.06551215052604675,0.012391853146255016,22.0
2026-04-25T19:47:18.160965,250426_155010.000000,1,58.4727897644043,8.7430419921875,31.600000381469727,87.69000244140625,1.2400000095367432,7,22.549999237060547,1,250426_174655.015625,-11.911003112792969,13.957637786865234,0.04838060960173607,0.1515638530254364,1.1380586624145508,-0.01870398223400116,0.040825255215168,-0.01800396293401718,0.04262620210647583,0.007570984307676554,22.0
2026-04-25T19:47:21.233010,250426_155019.015625,1,58.474571228027344,8.744726181030273,30.5,87.8399887084961,1.3700000047683716,8,22.549999237060547,1,250426_174655.015625,-11.394142150878906,13.593498229980469,0.06256651878356934,0.7729722261428833,0.8494371175765991,0.01663839817047119,0.05427826941013336,-0.02629832923412323,0.03924626111984253,0.006384908687323332,17.0
2026-04-25T19:47:24.296268,250426_155028.000000,1,58.47608184814453,8.7469482421875,24.5,81.44999694824219,1.090000033378601,8,22.549999237060547,1,250426_174710.000000,-11.401650428771973,14.931682586669922,0.18276730179786682,4.558792591094971,1.2402255535125732,-0.16779601573944092,0.06255916506052017,0.03653410077095032,0.060123369097709656,0.013414408080279827,15.0
2026-04-25T19:47:27.275514,250426_155028.984375,1,58.47623062133789,8.747213363647461,24.399999618530273,80.56999969482422,1.0800000429153442,8,22.549999237060547,1,250426_174710.000000,-11.307229995727539,16.384319305419922,0.34491798281669617,2.5530450344085693,1.5576063394546509,-0.22385954856872559,-0.06625638902187347,0.2539003789424896,0.0876941978931427,0.021868223324418068,17.0
2026-04-25T19:47:30.348063,250426_155038.000000,1,58.477439880371094,8.749853134155273,22.799999237060547,88.5999984741211,1.0800000429153442,8,22.549999237060547,1,250426_174710.000000,-10.976606369018555,16.370630264282227,0.0482250340282917,0.8574053645133972,1.544391393661499,0.0442168265581131,0.002620209939777851,0.019069891422986984,0.08903554081916809,0.020745037123560905,15.0
2026-04-25T19:47:33.343243,250426_155123.015625,1,58.486488342285156,8.761640548706055,36.099998474121094,102.27999877929688,1.2400000095367432,7,22.549999237060547,1,250426_174710.000000,-10.37558650970459,17.73805809020996,0.06936711072921753,1.9438635110855103,1.6302995681762695,-0.008435359224677086,0.05553858354687691,0.04069529473781586,0.09341263025999069,0.026226148009300232,19.0
2026-04-25T19:47:36.481703,250426_155124.000000,1,58.486698150634766,8.761895179748535,37.099998474121094,102.94999694824219,1.2400000095367432,7,22.549999237060547,1,250426_174724.984375,-10.111644744873047,18.000225067138672,0.15737035870552063,2.1325912475585938,1.660494327545166,-0.15264809131622314,0.0011233387049287558,0.03824569284915924,0.09195788949728012,0.027589187026023865,24.0
2026-04-25T19:47:39.460838,250426_155134.000000,1,58.48897171020508,8.764490127563477,41.400001525878906,104.37999725341797,1.1200000047683716,8,22.549999237060547,1,250426_174724.984375,-9.578502655029297,18.19730567932129,0.10451672226190567,0.3878256380558014,1.5622820854187012,-0.0861039012670517,0.059244100004434586,7.748603820800781e-06,0.08874412626028061,0.024008631706237793,22.0
2026-04-25T19:47:42.533449,250426_155142.000000,1,58.49076843261719,8.766599655151367,47.099998474121094,103.95999908447266,0.9300000071525574,9,22.549999237060547,1,250426_174724.984375,-8.598811149597168,17.02147674560547,0.15434181690216064,0.6110175848007202,1.1397950649261475,0.10965967923402786,0.10719781368970871,-0.017457930371165276,0.06147534400224686,0.015510453842580318,20.0
2026-04-25T19:47:45.605631,250426_155143.015625,1,58.4909782409668,8.766851425170898,47.29999923706055,101.73999786376953,0.9300000071525574,9,22.549999237060547,1,250426_174740.000000,-7.611684322357178,18.35455894470215,0.3034815490245819,4.279283046722412,1.3795448541641235,-0.28119155764579773,0.09436597675085068,-0.06424500048160553,0.08821745961904526,0.025363409891724586,20.0
2026-04-25T19:47:48.568243,250426_155152.000000,1,58.4929313659668,8.76913833618164,50.70000076293945,101.73999786376953,0.9300000071525574,9,22.549999237060547,1,250426_174740.000000,-7.084375858306885,17.94060707092285,0.1079481765627861,0.27107009291648865,1.3434395790100098,0.07930336892604828,0.07311134785413742,-0.0043028611689805984,0.08348458260297775,0.02130443975329399,20.0
2026-04-25T19:47:51.645513,250426_155152.984375,1,58.493141174316406,8.769394874572754,51.29999923706055,102.4800033569336,0.9300000071525574,9,22.549999237060547,1,250426_174740.000000,-7.170527935028076,17.77705192565918,0.02450474351644516,0.2552327513694763,1.2314701080322266,0.0200867410749197,0.014031185768544674,0.0003621303476393223,0.08470454812049866,0.018438028171658516,16.0
2026-04-25T19:47:54.717581,250426_155202.000000,1,58.494991302490234,8.77188777923584,57.099998474121094,99.66999816894531,0.9300000071525574,9,22.549999237060547,1,250426_174740.000000,-7.747639179229736,17.72039031982422,0.04831553250551224,0.24615240097045898,1.2272536754608154,0.022318754345178604,-0.04171578958630562,-0.009800851345062256,0.08795607835054398,0.01597687415778637,16.0
2026-04-25T19:47:57.792258,250426_155203.015625,1,58.49517059326172,8.77219009399414,57.20000076293945,98.58000946044922,0.9300000071525574,9,22.549999237060547,1,250426_174740.984375,-8.342945098876953,17.789875030517578,0.03428088501095772,0.13174556195735931,1.1989020109176636,-0.015626663342118263,-0.03050348348915577,-0.0007239235565066338,0.08832128345966339,0.013574198819696903,12.0
2026-04-25T19:48:00.861951,250426_155204.000000,1,58.4953498840332,8.772500038146973,57.70000076293945,98.5199966430664,0.9300000071525574,9,22.549999237060547,1,250426_174740.984375,-8.08600902557373,17.92106819152832,0.039895690977573395,0.15113088488578796,0.8542755842208862,-0.02026575244963169,0.034253593534231186,0.0027671095449477434,0.06846348941326141,0.007992221973836422,12.0
2026-04-25T19:48:03.833446,250426_155212.984375,1,58.49681091308594,8.775579452514648,61.29999923706055,98.55000305175781,1.350000023841858,8,22.549999237060547,1,250426_174740.984375,-8.139887809753418,17.920778274536133,0.03606068715453148,0.1356080025434494,0.1645532250404358,-0.01248939335346222,0.03367673605680466,-0.003203971078619361,0.012908462435007095,0.0015346866566687822,14.0
2026-04-25T19:48:06.894112,250426_155214.000000,1,58.4969482421875,8.775958061218262,61.599998474121094,98.55000305175781,1.0800000429153442,8,22.549999237060547,1,250426_174756.000000,-8.451604843139648,18.01481056213379,0.03000696189701557,0.15208762884140015,0.16264399886131287,-0.013512472622096539,-0.02647518925368786,0.00411038426682353,0.012563997879624367,0.0015091300010681152,14.0
2026-04-25T19:48:09.975422,250426_155223.015625,1,58.49803161621094,8.779714584350586,65.4000015258789,98.94999694824219,1.0800000429153442,8,22.549999237060547,1,250426_174756.000000,-8.752105712890625,18.200410842895508,0.033945683389902115,0.19453775882720947,0.10044579207897186,-0.024173678830266,-0.023819323629140854,0.0007632449269294739,0.010083937086164951,0.0012708274880424142,12.0
2026-04-25T19:48:12.934246,250426_155224.000000,1,58.49811935424805,8.780153274536133,65.5999984741211,99.2699966430664,1.0800000429153442,8,22.549999237060547,1,250426_174811.015625,-8.481826782226562,18.47794532775879,0.05377492308616638,0.48055219650268555,0.12644268572330475,0.0020633002277463675,-0.05371852219104767,-0.0013437471352517605,0.017458247020840645,0.0014958566753193736,16.0
