Time, UTC Time, Label, Latitude, Longitude, Altitude, Speed, HDOP, Satelites, Course, Fix, Accel UTC, Roll Degrees, Pitch Degrees, Dynamic Magnitude, Jerk, Jerk Std, Acceleration X, Acceleration Y, Acceleration Z, Standard Deviation, Energy, Zero Crossings
2026-04-27T17:36:38.304619,250426_153832.000000,1,58.38045120239258,8.676777839660645,84.0999984741211,0.8799999952316284,2.0,5,197.61000061035156,1,270426_163318.000000,-1.980993390083313,3.476175308227539,0.0017216902924701571,0.04565146937966347,0.035193756222724915,0.0008012622711248696,0.001173580065369606,0.0009720626985654235,0.0010810673702508211,5.380433776736027e-06,24.0
2026-04-27T17:36:41.333526,250426_153842.000000,1,58.38045120239258,8.676759719848633,81.90000915527344,0.8799999952316284,2.0,5,197.61000061035156,1,270426_163332.000000,-1.9791538715362549,3.478377342224121,0.0035515872295945883,0.14729644358158112,0.05205080658197403,-0.003497814992442727,0.0006113213021308184,7.314089452847838e-05,0.001358788344077766,7.087011454132153e-06,24.0
2026-04-27T17:36:44.403688,250426_153843.015625,1,58.38045883178711,8.676774978637695,82.9000015258789,0.8799999952316284,2.0,5,197.61000061035156,1,270426_163332.000000,-1.9668571949005127,3.4696056842803955,0.0015070469817146659,0.030600380152463913,0.05213403329253197,-0.0002733614237513393,0.0008131844806484878,0.001239029923453927,0.0014012018218636513,7.75211174186552e-06,28.0
2026-04-27T17:36:44.404128,250426_153843.015625,1,58.38045883178711,8.676774978637695,82.9000015258789,0.8799999952316284,2.0,5,197.61000061035156,1,270426_163332.000000,-1.9668571949005127,3.4696056842803955,0.0015070469817146659,0.030600380152463913,0.05213403329253197,-0.0002733614237513393,0.0008131844806484878,0.001239029923453927,0.0014012018218636513,7.75211174186552e-06,28.0
2026-04-27T17:36:44.404434,250426_153843.015625,1,58.38045883178711,8.676774978637695,82.9000015258789,0.8799999952316284,2.0,5,197.61000061035156,1,270426_163332.000000,-1.9668571949005127,3.4696056842803955,0.0015070469817146659,0.030600380152463913,0.05213403329253197,-0.0002733614237513393,0.0008131844806484878,0.001239029923453927,0.0014012018218636513,7.75211174186552e-06,28.0
2026-04-27T17:36:44.416472,250426_153843.015625,1,58.38045883178711,8.676774978637695,82.9000015258789,0.8799999952316284,2.0,5,197.61000061035156,1,270426_163332.000000,-1.9668571949005127,3.4696056842803955,0.0015070469817146659,0.030600380152463913,0.05213403329253197,-0.0002733614237513393,0.0008131844806484878,0.001239029923453927,0.0014012018218636513,7.75211174186552e-06,28.0
2026-04-27T17:36:47.361512,250426_153844.000000,1,58.3804817199707,8.676798820495605,86.19999694824219,1.1699999570846558,2.0,5,197.61000061035156,1,270426_163332.000000,-1.9721121788024902,3.473700761795044,0.00032365182414650917,0.03403712436556816,0.053760822862386703,0.00020561533165164292,0.0002487451711203903,-2.4467899493174627e-05,0.001459511579014361,8.468040505249519e-06,26.0
2026-04-27T17:36:50.444191,250426_153854.000000,1,58.380619049072266,8.676726341247559,96.30000305175781,2.640000104904175,2.0,5,197.61000061035156,1,270426_163332.000000,-1.9737589359283447,3.483297824859619,0.0014304732903838158,0.03682016581296921,0.05417933315038681,0.00041512431926093996,-0.0005007711006328464,-0.0012740305392071605,0.0013428727397695184,8.398539648624137e-06,27.0
2026-04-27T17:36:53.516869,250426_153855.015625,1,58.380619049072266,8.67669677734375,96.90000915527344,2.7300000190734863,2.0,5,197.61000061035156,1,270426_163332.000000,-1.978989839553833,3.486675977706909,0.0033857764210551977,0.12437577545642853,0.05533016845583916,-0.0011501606786623597,0.003178836777806282,0.0001887007092591375,0.0013221704866737127,8.825085387798026e-06,27.0
2026-04-27T17:36:56.605363,250426_153856.000000,1,58.380619049072266,8.676675796508789,95.80001068115234,2.8499999046325684,2.0,5,197.61000061035156,1,270426_163347.015625,-1.9856970310211182,3.4853415489196777,0.0017225424526259303,0.020056549459695816,0.044978074729442596,0.0008856364875100553,-0.0014747726963832974,-8.857622742652893e-05,0.0012290093582123518,7.550242571596755e-06,27.0
2026-04-27T17:36:59.543487,250426_153906.000000,1,58.38058090209961,8.676514625549316,86.30000305175781,3.490000009536743,2.0,5,197.61000061035156,1,270426_163347.015625,-1.99698007106781,3.492607593536377,0.0016562760574743152,0.05126330628991127,0.04389621317386627,-0.001570520456880331,-0.00031484264764003456,-0.0004214139189571142,0.0012153788702562451,7.790090421622153e-06,27.0
2026-04-27T17:37:02.629424,250426_153907.015625,1,58.38059997558594,8.67648983001709,87.40000915527344,3.299999952316284,2.0,5,197.61000061035156,1,270426_163347.015625,-2.0186333656311035,3.490971326828003,0.002329104347154498,0.05630694329738617,0.0443945974111557,0.00037856859853491187,-0.0013353012036532164,-0.001870396314188838,0.0012094201520085335,8.457859621557873e-06,27.0
2026-04-27T17:37:05.629942,250426_153919.015625,1,58.38072967529297,8.67641544342041,98.5999984741211,2.6600000858306885,2.0,5,197.61000061035156,1,270426_163347.015625,-2.0179975032806396,3.493098497390747,0.0015300996601581573,0.027509834617376328,0.04647666960954666,0.0007504611276090145,0.0012713989708572626,-0.00040194240864366293,0.0012736008502542973,8.638737199362367e-06,28.0
2026-04-27T17:37:08.691484,250426_153920.000000,1,58.3807487487793,8.676407814025879,99.00000762939453,3.559999942779541,2.0,5,197.61000061035156,1,270426_163402.000000,-2.018620014190674,3.5004544258117676,0.0020412756130099297,0.04752664640545845,0.0456673726439476,-0.0004380224854685366,-0.00034397823037579656,0.0019638282246887684,0.0012491424567997456,7.826046385162044e-06,26.0
2026-04-27T17:37:11.745029,250426_153920.984375,1,58.38079071044922,8.676411628723145,98.9000015258789,4.760000228881836,2.0,5,197.61000061035156,1,270426_163402.000000,-2.018559455871582,3.5049960613250732,0.0028542859945446253,0.1370103806257248,0.0527896024286747,0.0006892335950396955,0.0026102345436811447,-0.0009265969274565578,0.0014124232111498713,8.433871698798612e-06,26.0
2026-04-27T17:37:14.961431,250426_153932.000000,1,58.38130187988281,8.676525115966797,96.80000305175781,19.90999984741211,2.0,5,197.61000061035156,1,270426_163402.000000,-2.0203282833099365,3.504896402359009,0.002309766598045826,0.07777655869722366,0.06154738739132881,-0.0014038359513506293,0.001530186738818884,-0.0010113335447385907,0.0015501560410484672,9.390269951836672e-06,26.0
2026-04-27T17:37:17.887927,250426_153943.015625,1,58.3820686340332,8.676310539245605,89.80000305175781,27.540000915527344,2.0,5,197.61000061035156,1,270426_163402.000000,-2.029188871383667,3.4977023601531982,0.0014419128419831395,0.05868181213736534,0.06241311877965927,-0.000289730669464916,-0.0012347155716270208,-0.0006860364810563624,0.0015552928671240807,8.963821528595872e-06,24.0
2026-04-27T17:37:20.965813,250426_153944.984375,1,58.38220977783203,8.67626953125,88.80000305175781,28.1299991607666,2.0,5,197.61000061035156,1,270426_163402.000000,-2.024026870727539,3.4985625743865967,0.001166919362731278,0.03252473101019859,0.06096840649843216,0.00020063028205186129,-0.00040600739885121584,0.0010754563845694065,0.001538290292955935,8.455660463368986e-06,24.0
2026-04-27T17:37:20.966160,250426_153944.984375,1,58.38220977783203,8.67626953125,88.80000305175781,28.1299991607666,2.0,5,197.61000061035156,1,270426_163402.000000,-2.024026870727539,3.4985625743865967,0.001166919362731278,0.03252473101019859,0.06096840649843216,0.00020063028205186129,-0.00040600739885121584,0.0010754563845694065,0.001538290292955935,8.455660463368986e-06,24.0
2026-04-27T17:37:20.966630,250426_153944.984375,1,58.38220977783203,8.67626953125,88.80000305175781,28.1299991607666,2.0,5,197.61000061035156,1,270426_163402.000000,-2.024026870727539,3.4985625743865967,0.001166919362731278,0.03252473101019859,0.06096840649843216,0.00020063028205186129,-0.00040600739885121584,0.0010754563845694065,0.001538290292955935,8.455660463368986e-06,24.0
2026-04-27T17:37:21.066251,250426_153944.984375,1,58.38220977783203,8.67626953125,88.80000305175781,28.1299991607666,2.0,5,197.61000061035156,1,270426_163402.000000,-2.024026870727539,3.4985625743865967,0.001166919362731278,0.03252473101019859,0.06096840649843216,0.00020063028205186129,-0.00040600739885121584,0.0010754563845694065,0.001538290292955935,8.455660463368986e-06,24.0
2026-04-27T17:37:24.030676,250426_153956.000000,1,58.38291931152344,8.675970077514648,84.80000305175781,27.0,1.9900000095367432,5,197.61000061035156,1,270426_163416.984375,-2.0218875408172607,3.497107744216919,0.0017732041887938976,0.048404671251773834,0.06010499969124794,0.0008630696684122086,7.187435403466225e-05,-0.001547319581732154,0.0014029163867235184,8.177364179573487e-06,26.0
2026-04-27T17:37:26.998769,250426_153956.984375,1,58.38298034667969,8.675909996032715,85.19999694824219,26.43000030517578,1.9900000095367432,5,197.61000061035156,1,270426_163416.984375,-2.006328582763672,3.4945788383483887,0.0011136195389553905,0.05449395999312401,0.043173011392354965,-0.0007073238375596702,0.0006892353994771838,-0.0005145833711139858,0.0011196923442184925,6.537306944665033e-06,24.0
2026-04-27T17:37:30.019572,250426_154007.015625,1,58.38386917114258,8.676546096801758,79.9000015258789,57.22999954223633,1.9900000095367432,5,197.61000061035156,1,270426_163416.984375,-1.9720197916030884,3.4889583587646484,0.0032956635113805532,0.04485160484910011,0.037790752947330475,0.00020724152273032814,0.0032886825501918793,-5.49179021618329e-05,0.0011465608840808272,7.853137503843755e-06,24.0
2026-04-27T17:37:33.198739,250426_154008.984375,1,58.384159088134766,8.676815032958984,79.19999694824219,61.720001220703125,1.9900000095367432,5,197.61000061035156,1,270426_163416.984375,-1.9847179651260376,3.481578826904297,0.0017229336081072688,0.05729088559746742,0.03865046426653862,0.0004893398145213723,0.0010235934751108289,-0.0012966508511453867,0.0012491815723478794,8.288056051242165e-06,26.0
2026-04-27T17:37:36.317980,250426_154019.015625,1,58.38555908203125,8.678166389465332,76.9000015258789,62.25,1.9900000095367432,5,197.61000061035156,1,270426_163432.000000,-1.9870225191116333,3.4732887744903564,0.0031067628879100084,0.06384336948394775,0.03650888055562973,0.0023906610440462828,-0.0009051648085005581,-0.0017656140262261033,0.001243608770892024,8.379200153285637e-06,26.0
2026-04-27T17:37:39.233635,250426_154020.000000,1,58.385711669921875,8.678301811218262,76.5,62.40999984741211,1.9900000095367432,5,197.61000061035156,1,270426_163432.000000,-1.986531138420105,3.469883918762207,0.0030573634430766106,0.1139809787273407,0.038188349455595016,-0.0001249080232810229,0.003053657477721572,8.393848838750273e-05,0.001225938554853201,9.051178494701162e-06,28.0
2026-04-27T17:37:42.256915,250426_154020.984375,1,58.385860443115234,8.678433418273926,75.69999694824219,62.68000030517578,1.9900000095367432,5,197.61000061035156,1,270426_163432.000000,-1.9856376647949219,3.463911533355713,0.0034870931413024664,0.06874611228704453,0.03926234319806099,0.0009730648598633707,-0.003322681412100792,-0.00041563392733223736,0.0011786080431193113,8.302880814881064e-06,28.0
2026-04-27T17:37:45.333144,250426_154031.015625,1,58.386959075927734,8.680401802062988,75.0,62.20000076293945,1.9900000095367432,5,197.61000061035156,1,270426_163432.000000,-1.9887508153915405,3.4690847396850586,0.0046084909699857235,0.0772467702627182,0.04168440029025078,0.0006170840933918953,0.001902892952784896,0.004151673521846533,0.001243355218321085,8.683276973897591e-06,26.0
2026-04-27T17:37:48.401559,250426_154032.984375,1,58.38711929321289,8.680920600891113,75.0999984741211,61.41999816894531,1.9900000095367432,5,197.61000061035156,1,270426_163432.000000,-1.9995408058166504,3.4648549556732178,0.0021796138025820255,0.12085437029600143,0.041174083948135376,-0.0021398745011538267,-0.0003709125448949635,0.00018460029968991876,0.0011358869960531592,8.571301805204712e-06,23.0
2026-04-27T17:37:48.401880,250426_154032.984375,1,58.38711929321289,8.680920600891113,75.0999984741211,61.41999816894531,1.9900000095367432,5,197.61000061035156,1,270426_163432.000000,-1.9995408058166504,3.4648549556732178,0.0021796138025820255,0.12085437029600143,0.041174083948135376,-0.0021398745011538267,-0.0003709125448949635,0.00018460029968991876,0.0011358869960531592,8.571301805204712e-06,23.0
2026-04-27T17:37:48.402347,250426_154032.984375,1,58.38711929321289,8.680920600891113,75.0999984741211,61.41999816894531,1.9900000095367432,5,197.61000061035156,1,270426_163432.000000,-1.9995408058166504,3.4648549556732178,0.0021796138025820255,0.12085437029600143,0.041174083948135376,-0.0021398745011538267,-0.0003709125448949635,0.00018460029968991876,0.0011358869960531592,8.571301805204712e-06,23.0
2026-04-27T17:37:48.425997,250426_154032.984375,1,58.38711929321289,8.680920600891113,75.0999984741211,61.41999816894531,1.9900000095367432,5,197.61000061035156,1,270426_163432.000000,-1.9995408058166504,3.4648549556732178,0.0021796138025820255,0.12085437029600143,0.041174083948135376,-0.0021398745011538267,-0.0003709125448949635,0.00018460029968991876,0.0011358869960531592,8.571301805204712e-06,23.0
2026-04-27T17:37:51.370456,250426_154043.015625,1,58.38793182373047,8.683303833007812,73.4000015258789,59.33000183105469,4.360000133514404,5,197.61000061035156,1,270426_163447.015625,-2.0065906047821045,3.468806743621826,0.0008127683540806174,0.05656593292951584,0.045640524476766586,-0.00033698690822348,0.0005010947352275252,0.000544000300578773,0.001187609974294901,8.583211638324428e-06,21.0
2026-04-27T17:37:54.444655,250426_154044.000000,1,58.388038635253906,8.68350601196289,73.19999694824219,61.68000030517578,1.9900000095367432,5,197.61000061035156,1,270426_163447.015625,-2.0078320503234863,3.468656301498413,0.0005709075485356152,0.022885287180542946,0.04474874585866928,0.0002627533976919949,0.00027448960463516414,0.0004260886926203966,0.001243953942321241,8.042616173042916e-06,17.0
2026-04-27T17:37:57.435472,250426_154044.984375,1,58.38814926147461,8.683709144592285,73.0,61.25,1.9900000095367432,5,197.61000061035156,1,270426_163447.015625,-1.9963862895965576,3.470996856689453,0.0006569683318957686,0.04092589393258095,0.04395761713385582,0.0002366722037550062,0.0002805393887683749,-0.0005448773736134171,0.0011911730980500579,7.70413225836819e-06,19.0
2026-04-27T17:38:00.587085,250426_154055.015625,1,58.38922119140625,8.685897827148438,71.80000305175781,61.0099983215332,4.380000114440918,5,197.61000061035156,1,270426_163447.015625,-2.004451036453247,3.471748113632202,0.0027073058299720287,0.09422600269317627,0.04778989776968956,0.0007820334285497665,0.0018423204310238361,-0.0018231247086077929,0.0012788793537765741,8.163629900082015e-06,18.0
2026-04-27T17:38:03.672847,250426_154056.984375,1,58.389408111572266,8.686354637145996,71.30001068115234,61.84000015258789,1.9900000095367432,5,197.61000061035156,1,270426_163502.000000,-2.0011508464813232,3.467952013015747,0.0022080019116401672,0.02583801932632923,0.04363565519452095,-0.00043961888877674937,-0.001772686606273055,0.0012408022303134203,0.0011942095588892698,7.272485163412057e-06,24.0
2026-04-27T17:38:06.652461,250426_154107.015625,1,58.39057159423828,8.68836498260498,66.5999984741211,62.619998931884766,1.9900000095367432,5,197.61000061035156,1,270426_163502.000000,-1.9972792863845825,3.478127956390381,0.0028762691654264927,0.10142514109611511,0.04427459090948105,-0.0024679512716829777,0.0008393910247832537,0.0012155506992712617,0.001187134999781847,7.2422344601363875e-06,28.0
2026-04-27T17:38:09.699370,250426_154108.000000,1,58.390689849853516,8.688568115234375,66.30001068115234,62.56999969482422,1.9900000095367432,5,197.61000061035156,1,270426_163502.000000,-1.990548014640808,3.483738422393799,0.002842716872692108,0.04896499589085579,0.04103219136595726,-0.002338120713829994,-0.0002371037844568491,0.0015993791166692972,0.0009955069981515408,6.450080491049448e-06,26.0
2026-04-27T17:38:12.849649,250426_154119.015625,1,58.3920783996582,8.69040298461914,64.19999694824219,62.20000076293945,1.9900000095367432,5,197.61000061035156,1,270426_163502.000000,-2.003145217895508,3.483527183532715,0.0012092627584934235,0.044939134269952774,0.03508388623595238,0.00019182308460585773,-0.000712445646058768,-0.0009580926853232086,0.0008864232804626226,5.875109764019726e-06,26.0
2026-04-27T17:38:12.861694,250426_154119.015625,1,58.3920783996582,8.69040298461914,64.19999694824219,62.20000076293945,1.9900000095367432,5,197.61000061035156,1,270426_163502.000000,-2.003145217895508,3.483527183532715,0.0012092627584934235,0.044939134269952774,0.03508388623595238,0.00019182308460585773,-0.000712445646058768,-0.0009580926853232086,0.0008864232804626226,5.875109764019726e-06,26.0
2026-04-27T17:38:15.711566,250426_154120.984375,1,58.39234924316406,8.690654754638672,64.30000305175781,61.58000183105469,3.8299999237060547,4,197.61000061035156,1,270426_163502.000000,-2.023873805999756,3.4769749641418457,0.004143233876675367,0.0547603964805603,0.03570813685655594,0.0002693039714358747,-0.0038016769103705883,-0.0016251506749540567,0.00099247507750988,7.212926448119106e-06,28.0
2026-04-27T17:38:18.780526,250426_154131.015625,1,58.39387893676758,8.69153881072998,61.5,64.02999877929688,2.109999895095825,4,197.61000061035156,1,270426_163502.000000,-2.02067494392395,3.4776227474212646,0.0020679428707808256,0.11115926504135132,0.03702498972415924,0.000631360977422446,-0.0019628771115094423,0.00015774741768836975,0.0009813992073759437,7.296116564248223e-06,26.0
2026-04-27T17:38:21.906717,250426_154132.000000,1,58.39405059814453,8.691579818725586,60.900001525878906,64.02999877929688,2.109999895095825,4,197.61000061035156,1,270426_163502.000000,-2.0158441066741943,3.4705276489257812,0.002257814398035407,0.11050453037023544,0.04862985759973526,-8.439343218924478e-05,-0.0016192385228350759,-0.0015712004387751222,0.0014285657089203596,9.256345947505906e-06,28.0
2026-04-27T17:38:21.907923,250426_154132.000000,1,58.39405059814453,8.691579818725586,60.900001525878906,64.02999877929688,2.109999895095825,4,197.61000061035156,1,270426_163502.000000,-2.0158441066741943,3.4705276489257812,0.002257814398035407,0.11050453037023544,0.04862985759973526,-8.439343218924478e-05,-0.0016192385228350759,-0.0015712004387751222,0.0014285657089203596,9.256345947505906e-06,28.0
2026-04-27T17:38:24.935507,250426_154143.015625,1,58.395599365234375,8.690848350524902,55.599998474121094,61.310001373291016,1.7799999713897705,5,197.61000061035156,1,270426_163502.000000,-2.0099759101867676,3.4716243743896484,0.0021699315402656794,0.10463332384824753,0.04899789020419121,-0.0011175728868693113,-0.0016956944018602371,-0.0007643653661943972,0.0013726613251492381,9.954259439837188e-06,26.0
2026-04-27T17:38:27.927307,250426_154154.000000,1,58.39717102050781,8.691327095031738,48.20000076293945,60.54999923706055,3.6700000762939453,6,197.61000061035156,1,270426_163502.000000,-2.0218968391418457,3.4787356853485107,0.002627818612381816,0.0490974523127079,0.0492405965924263,-0.0024835618678480387,-0.00033411101321689785,0.0007910242420621216,0.0013824448687955737,9.644277270126622e-06,24.0
2026-04-27T17:38:27.927590,250426_154154.000000,1,58.39717102050781,8.691327095031738,48.20000076293945,60.54999923706055,3.6700000762939453,6,197.61000061035156,1,270426_163502.000000,-2.0218968391418457,3.4787356853485107,0.002627818612381816,0.0490974523127079,0.0492405965924263,-0.0024835618678480387,-0.00033411101321689785,0.0007910242420621216,0.0013824448687955737,9.644277270126622e-06,24.0
2026-04-27T17:38:27.927883,250426_154154.000000,1,58.39717102050781,8.691327095031738,48.20000076293945,60.54999923706055,3.6700000762939453,6,197.61000061035156,1,270426_163502.000000,-2.0218968391418457,3.4787356853485107,0.002627818612381816,0.0490974523127079,0.0492405965924263,-0.0024835618678480387,-0.00033411101321689785,0.0007910242420621216,0.0013824448687955737,9.644277270126622e-06,24.0
2026-04-27T17:38:28.013089,250426_154154.000000,1,58.39717102050781,8.691327095031738,48.20000076293945,60.54999923706055,3.6700000762939453,6,197.61000061035156,1,270426_163502.000000,-2.0218968391418457,3.4787356853485107,0.002627818612381816,0.0490974523127079,0.0492405965924263,-0.0024835618678480387,-0.00033411101321689785,0.0007910242420621216,0.0013824448687955737,9.644277270126622e-06,24.0
2026-04-27T17:38:31.031756,250426_154156.000000,1,58.39741134643555,8.691632270812988,46.0,60.79999923706055,3.6700000762939453,6,197.61000061035156,1,270426_163518.000000,-2.0100674629211426,3.4733967781066895,0.0035454959142953157,0.09337763488292694,0.05073944851756096,0.0011624698527157307,0.0033462420105934143,-0.00014788414409849793,0.0013621193356812,9.595471055945382e-06,30.0
2026-04-27T17:38:34.162835,250426_154204.984375,1,58.398529052734375,8.693102836608887,29.399999618530273,60.79999923706055,1.5700000524520874,7,197.61000061035156,1,270426_163518.000000,-2.0010738372802734,3.4712703227996826,0.0005916511872783303,0.052923984825611115,0.05007871240377426,0.0004076113400515169,0.000387797859730199,0.00018307632126379758,0.0014033274492248893,8.930495823733509e-06,28.0
2026-04-27T17:38:37.052596,250426_154206.000000,1,58.398658752441406,8.693245887756348,27.899999618530273,61.040000915527344,1.5700000524520874,7,197.61000061035156,1,270426_163518.000000,-2.001185894012451,3.474165201187134,0.0021204121876507998,0.09744907915592194,0.038158249109983444,-0.001486755907535553,-0.00016643706476315856,-0.0015026656910777092,0.0009563604835420847,7.419246230710996e-06,26.0
2026-04-27T17:38:37.053130,250426_154206.000000,1,58.398658752441406,8.693245887756348,27.899999618530273,61.040000915527344,1.5700000524520874,7,197.61000061035156,1,270426_163518.000000,-2.001185894012451,3.474165201187134,0.0021204121876507998,0.09744907915592194,0.038158249109983444,-0.001486755907535553,-0.00016643706476315856,-0.0015026656910777092,0.0009563604835420847,7.419246230710996e-06,26.0
2026-04-27T17:38:37.090833,250426_154206.000000,1,58.398658752441406,8.693245887756348,27.899999618530273,61.040000915527344,1.5700000524520874,7,197.61000061035156,1,270426_163518.000000,-2.001185894012451,3.474165201187134,0.0021204121876507998,0.09744907915592194,0.038158249109983444,-0.001486755907535553,-0.00016643706476315856,-0.0015026656910777092,0.0009563604835420847,7.419246230710996e-06,26.0
2026-04-27T17:38:40.112090,250426_154215.015625,1,58.39990997314453,8.69417953491211,18.600000381469727,55.290000915527344,1.2899999618530273,7,197.61000061035156,1,270426_163532.000000,-2.009218215942383,3.475184679031372,0.006015776190906763,0.17609353363513947,0.0430709645152092,0.0034743882715702057,-0.00487220473587513,-0.0006162906065583229,0.0011825704714283347,8.786100806901231e-06,24.0
2026-04-27T17:38:43.192248,250426_154224.000000,1,58.400821685791016,8.694528579711914,9.600000381469727,33.47999954223633,1.8899999856948853,6,197.61000061035156,1,270426_163532.000000,-2.0041933059692383,3.475611686706543,0.003021583892405033,0.09457571804523468,0.042576465755701065,-0.0018386058509349823,0.0018335714703425765,-0.0015451580984517932,0.0012907409109175205,9.773316378414165e-06,23.0
2026-04-27T17:38:46.275203,250426_154224.984375,1,58.40087890625,8.694575309753418,8.600000381469727,32.029998779296875,1.8899999856948853,6,197.61000061035156,1,270426_163532.984375,-1.98909592628479,3.471677303314209,0.003667798126116395,0.04453219473361969,0.04252483695745468,0.0012211622670292854,0.0030314542818814516,0.0016648697201162577,0.0013802684843540192,9.404680895386264e-06,20.0
2026-04-27T17:38:49.331448,250426_154226.000000,1,58.40095138549805,8.694595336914062,7.699999809265137,50.150001525878906,1.8899999856948853,6,197.61000061035156,1,270426_163532.984375,-1.9889544248580933,3.472912073135376,0.001906716963276267,0.08531591296195984,0.043602921068668365,0.0009563222993165255,-0.0012705617118626833,0.001051993458531797,0.001365304458886385,9.854310519585852e-06,22.0
2026-04-27T17:38:49.331770,250426_154226.000000,1,58.40095138549805,8.694595336914062,7.699999809265137,50.150001525878906,1.8899999856948853,6,197.61000061035156,1,270426_163532.984375,-1.9889544248580933,3.472912073135376,0.001906716963276267,0.08531591296195984,0.043602921068668365,0.0009563222993165255,-0.0012705617118626833,0.001051993458531797,0.001365304458886385,9.854310519585852e-06,22.0
2026-04-27T17:38:49.332114,250426_154226.000000,1,58.40095138549805,8.694595336914062,7.699999809265137,50.150001525878906,1.8899999856948853,6,197.61000061035156,1,270426_163532.984375,-1.9889544248580933,3.472912073135376,0.001906716963276267,0.08531591296195984,0.043602921068668365,0.0009563222993165255,-0.0012705617118626833,0.001051993458531797,0.001365304458886385,9.854310519585852e-06,22.0
2026-04-27T17:38:49.342393,250426_154226.000000,1,58.40095138549805,8.694595336914062,7.699999809265137,50.150001525878906,1.8899999856948853,6,197.61000061035156,1,270426_163532.984375,-1.9889544248580933,3.472912073135376,0.001906716963276267,0.08531591296195984,0.043602921068668365,0.0009563222993165255,-0.0012705617118626833,0.001051993458531797,0.001365304458886385,9.854310519585852e-06,22.0
2026-04-27T17:38:52.297665,250426_154235.015625,1,58.40188980102539,8.69459056854248,-0.8999999761581421,53.290000915527344,1.1200000047683716,8,197.61000061035156,1,270426_163532.984375,-1.9864473342895508,3.476761817932129,0.003103038528934121,0.05397339165210724,0.04490875452756882,-5.214187694946304e-05,0.0028505176305770874,0.0012250217841938138,0.0014662530738860369,1.029279792419402e-05,20.0
2026-04-27T17:38:55.377817,250426_154236.000000,1,58.40201950073242,8.694645881652832,-1.7999999523162842,54.63999938964844,1.1200000047683716,8,197.61000061035156,1,270426_163547.015625,-1.9818847179412842,3.4811935424804688,0.0047334423288702965,0.08116331696510315,0.04363177344202995,-0.0010476921452209353,-0.0028870017267763615,0.0036018097307533026,0.0014196772826835513,9.491152923146728e-06,20.0
2026-04-27T17:38:58.455504,250426_154244.984375,1,58.403228759765625,8.69553279876709,-7.0,58.34000015258789,1.440000057220459,8,197.61000061035156,1,270426_163547.015625,-1.9645261764526367,3.486830472946167,0.0008618385181762278,0.07854205369949341,0.03773946687579155,-0.0002824992698151618,0.0007348249782808125,0.00035070214653387666,0.0012900298461318016,8.307533789775334e-06,18.0
2026-04-27T17:39:01.430659,250426_154246.000000,1,58.40336990356445,8.695642471313477,-7.0,58.34000015258789,1.440000057220459,8,197.61000061035156,1,270426_163547.015625,-1.96596097946167,3.4861104488372803,0.006995278410613537,0.15502578020095825,0.03897671028971672,0.002400763100013137,-0.006560063920915127,0.0003685366827994585,0.0014138519763946533,9.291361493524164e-06,17.0
2026-04-27T17:39:04.523491,250426_154247.015625,1,58.403499603271484,8.695752143859863,-7.300000190734863,57.849998474121094,1.1200000047683716,8,197.61000061035156,1,270426_163547.015625,-1.9741371870040894,3.4880547523498535,0.002630793023854494,0.09073283523321152,0.040061671286821365,0.0006911045638844371,-0.002530301921069622,-0.00020253298862371594,0.0015166077064350247,9.684153155831154e-06,19.0
2026-04-27T17:39:07.597311,250426_154256.000000,1,58.404720306396484,8.696494102478027,-11.199999809265137,54.5,1.559999942779541,7,197.61000061035156,1,270426_163602.000000,-1.9772425889968872,3.4891932010650635,0.003636117558926344,0.10529480129480362,0.04117671772837639,0.0007452838472090662,-0.003258685814216733,-0.001430689007975161,0.0015928845386952162,9.849696652963758e-06,25.0
2026-04-27T17:39:10.697310,250426_154306.000000,1,58.406009674072266,8.696394920349121,-14.5,50.599998474121094,1.7799999713897705,7,197.61000061035156,1,270426_163602.000000,-1.9728686809539795,3.49080753326416,0.002452799119055271,0.06439557671546936,0.041084062308073044,-0.002441046992316842,-0.0002386594860581681,-2.3542539565823972e-05,0.0015868955524638295,9.879919161903672e-06,23.0
2026-04-27T17:39:13.771633,250426_154307.015625,1,58.4061393737793,8.696361541748047,-14.600000381469727,50.599998474121094,1.2699999809265137,7,197.61000061035156,1,270426_163602.000000,-1.9630955457687378,3.4869487285614014,0.002432337263599038,0.05529827997088432,0.04324868693947792,-0.0017594452947378159,0.0016774956602603197,8.139284909702837e-05,0.0014927898300811648,8.888468983059283e-06,23.0
2026-04-27T17:39:16.718458,250426_154316.984375,1,58.4073486328125,8.696352005004883,-15.399999618530273,51.41999816894531,1.4299999475479126,8,197.61000061035156,1,270426_163602.000000,-1.962381362915039,3.490631103515625,0.003114927327260375,0.1010909304022789,0.04037293791770935,-0.0025858611334115267,0.0006130330730229616,0.0016248950269073248,0.0012901711743324995,7.955530236358754e-06,27.0
2026-04-27T17:39:19.730745,250426_154318.000000,1,58.407470703125,8.696390151977539,-15.399999618530273,53.47999954223633,1.4299999475479126,8,197.61000061035156,1,270426_163602.000000,-1.9735324382781982,3.489917516708374,0.0032535565551370382,0.05999613553285599,0.04107248783111572,-0.000918971432838589,-0.0029404712840914726,-0.0010463034268468618,0.0011884078849107027,8.02579779701773e-06,27.0
2026-04-27T17:39:22.795445,250426_154327.015625,1,58.4086799621582,8.696697235107422,-16.299999237060547,53.29999923706055,1.1200000047683716,8,197.61000061035156,1,270426_163616.984375,-1.9565086364746094,3.4930989742279053,0.001842287601903081,0.1986027956008911,0.04453926160931587,1.6408852388849482e-05,0.0016637990484014153,-0.0007909025298431516,0.00133262830786407,7.89014211477479e-06,27.0
2026-04-27T17:39:25.773667,250426_154328.000000,1,58.408809661865234,8.696744918823242,-15.899999618530273,52.59000015258789,1.1200000047683716,8,197.61000061035156,1,270426_163616.984375,-1.9631954431533813,3.492845296859741,0.0018111132085323334,0.04677921533584595,0.043080445379018784,0.0011112418724223971,-0.0008367359405383468,0.0011598040582612157,0.0012962576001882553,7.693348379689269e-06,27.0
2026-04-27T17:39:28.877006,250426_154336.984375,1,58.409908294677734,8.697274208068848,-13.199999809265137,46.130001068115234,1.149999976158142,7,197.61000061035156,1,270426_163616.984375,-1.9657765626907349,3.496372699737549,0.001918641384691,0.02318236231803894,0.04369339346885681,-0.0011926201405003667,-0.00027797999791800976,-0.0014770134584978223,0.001313229207880795,7.598527190566529e-06,24.0
2026-04-27T17:39:31.860825,250426_154338.000000,1,58.410030364990234,8.697344779968262,-10.300000190734863,45.29999923706055,1.1200000047683716,8,197.61000061035156,1,270426_163616.984375,-1.964292049407959,3.494391441345215,0.0012396203819662333,0.05751841515302658,0.04873740300536156,0.0005724826478399336,0.001092549180611968,-0.00012352620251476765,0.0014033116167411208,7.87738463259302e-06,28.0
2026-04-27T17:39:35.111326,250426_154356.984375,1,58.41188049316406,8.698559761047363,0.30000001192092896,32.869998931884766,1.1100000143051147,8,197.61000061035156,1,270426_163616.984375,-1.956886887550354,3.4945220947265625,0.0018555538263171911,0.05446819216012955,0.04753256216645241,5.428092845249921e-05,0.001257426687516272,0.001363455899991095,0.001298342365771532,7.28910254110815e-06,30.0
2026-04-27T17:39:37.968034,250426_154406.000000,1,58.4127197265625,8.698871612548828,4.099999904632568,44.40999984741211,1.7699999809265137,7,197.61000061035156,1,270426_163616.984375,-1.9656518697738647,3.4900147914886475,0.0012115519493818283,0.09430523961782455,0.04391591250896454,-0.0006372079369612038,0.0008513320353813469,-0.0005805668188259006,0.0010682144202291965,6.935157216503285e-06,30.0
2026-04-27T17:39:37.968464,250426_154406.000000,1,58.4127197265625,8.698871612548828,4.099999904632568,44.40999984741211,1.7699999809265137,7,197.61000061035156,1,270426_163616.984375,-1.9656518697738647,3.4900147914886475,0.0012115519493818283,0.09430523961782455,0.04391591250896454,-0.0006372079369612038,0.0008513320353813469,-0.0005805668188259006,0.0010682144202291965,6.935157216503285e-06,30.0
2026-04-27T17:39:37.968776,250426_154406.000000,1,58.4127197265625,8.698871612548828,4.099999904632568,44.40999984741211,1.7699999809265137,7,197.61000061035156,1,270426_163616.984375,-1.9656518697738647,3.4900147914886475,0.0012115519493818283,0.09430523961782455,0.04391591250896454,-0.0006372079369612038,0.0008513320353813469,-0.0005805668188259006,0.0010682144202291965,6.935157216503285e-06,30.0
2026-04-27T17:39:37.997732,250426_154406.000000,1,58.4127197265625,8.698871612548828,4.099999904632568,44.40999984741211,1.7699999809265137,7,197.61000061035156,1,270426_163616.984375,-1.9656518697738647,3.4900147914886475,0.0012115519493818283,0.09430523961782455,0.04391591250896454,-0.0006372079369612038,0.0008513320353813469,-0.0005805668188259006,0.0010682144202291965,6.935157216503285e-06,30.0
2026-04-27T17:39:41.044698,250426_154415.015625,1,58.41371154785156,8.69922161102295,5.699999809265137,42.349998474121094,1.7699999809265137,7,197.61000061035156,1,270426_163616.984375,-1.9553356170654297,3.4912705421447754,0.00298021687194705,0.07243051379919052,0.04790952429175377,-0.000894882483407855,0.0009101493051275611,0.0026930479798465967,0.001135671860538423,7.707154509262182e-06,31.0
2026-04-27T17:39:44.131045,250426_154416.000000,1,58.413818359375,8.699260711669922,5.599999904632568,44.52000045776367,1.2699999809265137,7,197.61000061035156,1,270426_163616.984375,-1.971675992012024,3.487849712371826,0.003630494000390172,0.042171310633420944,0.041665345430374146,0.0033250804990530014,-0.001185040338896215,0.0008485321886837482,0.0010784362675622106,7.506848305638414e-06,27.0
2026-04-27T17:39:47.183920,250426_154424.000000,1,58.41474914550781,8.699625015258789,7.199999809265137,52.040000915527344,1.7699999809265137,7,11.199999809265137,1,270426_163616.984375,-1.9694855213165283,3.486307144165039,0.0029109150636941195,0.03315163776278496,0.04195389151573181,0.0007431095582433045,-0.00013754308747593313,-0.002811102196574211,0.0011167189804837108,7.642310265509877e-06,25.0
2026-04-27T17:39:50.264821,250426_154424.984375,1,58.41487121582031,8.699678421020508,7.199999809265137,54.04999923706055,1.2699999809265137,7,11.199999809265137,1,270426_163616.984375,-1.9714308977127075,3.4943130016326904,0.0011569882044568658,0.02418714016675949,0.04477628320455551,-0.00021899165585637093,-0.00033533023088239133,0.0010854573920369148,0.0012273757020011544,7.841383194318041e-06,29.0
2026-04-27T17:39:53.225524,250426_154435.015625,1,58.41587829589844,8.700164794921875,9.100000381469727,31.649999618530273,1.7599999904632568,7,11.199999809265137,1,270426_163616.984375,-1.9705573320388794,3.494833469390869,0.0027840519323945045,0.07869809120893478,0.043941646814346313,-0.002136049559339881,-0.0008259831229224801,0.0015830310294404626,0.0012270102743059397,7.227463811432244e-06,27.0
2026-04-27T17:39:53.225834,250426_154435.015625,1,58.41587829589844,8.700164794921875,9.100000381469727,31.649999618530273,1.7599999904632568,7,11.199999809265137,1,270426_163616.984375,-1.9705573320388794,3.494833469390869,0.0027840519323945045,0.07869809120893478,0.043941646814346313,-0.002136049559339881,-0.0008259831229224801,0.0015830310294404626,0.0012270102743059397,7.227463811432244e-06,27.0
2026-04-27T17:39:53.226155,250426_154435.015625,1,58.41587829589844,8.700164794921875,9.100000381469727,31.649999618530273,1.7599999904632568,7,11.199999809265137,1,270426_163616.984375,-1.9705573320388794,3.494833469390869,0.0027840519323945045,0.07869809120893478,0.043941646814346313,-0.002136049559339881,-0.0008259831229224801,0.0015830310294404626,0.0012270102743059397,7.227463811432244e-06,27.0
2026-04-27T17:39:53.233008,250426_154435.015625,1,58.41587829589844,8.700164794921875,9.100000381469727,31.649999618530273,1.7599999904632568,7,11.199999809265137,1,270426_163616.984375,-1.9705573320388794,3.494833469390869,0.0027840519323945045,0.07869809120893478,0.043941646814346313,-0.002136049559339881,-0.0008259831229224801,0.0015830310294404626,0.0012270102743059397,7.227463811432244e-06,27.0
2026-04-27T17:39:56.296804,250426_154444.000000,1,58.41659164428711,8.700483322143555,11.800000190734863,40.599998474121094,1.4199999570846558,8,11.199999809265137,1,270426_163616.984375,-1.97665536403656,3.4930975437164307,0.0012601602356880903,0.07644538581371307,0.03819893300533295,-0.00013266444148030132,0.000778067042119801,-0.000982352183200419,0.0011812270386144519,5.925199729972519e-06,28.0
2026-04-27T17:39:59.358190,250426_154511.015625,1,58.41925048828125,8.698862075805664,7.5,88.0,1.4199999570846558,8,11.199999809265137,1,270426_163616.984375,-1.9729715585708618,3.490036964416504,0.003859742311760783,0.08289429545402527,0.039233751595020294,0.00011691859981510788,-1.1567899491637945e-06,-0.0038579709362238646,0.0012192506110295653,5.96950712861144e-06,26.0
2026-04-27T17:40:02.449296,250426_154512.000000,1,58.419490814208984,8.699017524719238,7.199999809265137,90.97000122070312,1.1100000143051147,8,11.199999809265137,1,270426_163648.000000,-1.9781280755996704,3.4861483573913574,0.002309438306838274,0.08391490578651428,0.03486351668834686,-0.0018310886807739735,-0.0003446228220127523,0.0013644978171214461,0.0010323572205379605,5.053826043877052e-06,24.0
2026-04-27T17:40:05.502971,250426_154531.015625,1,58.424041748046875,8.700053215026855,5.199999809265137,92.45999908447266,1.409999966621399,8,11.199999809265137,1,270426_163648.000000,-1.985512375831604,3.4809319972991943,0.0020237506832927465,0.0602366104722023,0.03650061413645744,-0.00040880480082705617,-0.001965980278328061,0.0002517271786928177,0.0011105872690677643,5.793836407974595e-06,26.0
2026-04-27T17:40:08.610113,250426_154539.015625,1,58.42583084106445,8.699621200561523,5.5,87.8399887084961,1.409999966621399,8,11.199999809265137,1,270426_163648.000000,-1.9745876789093018,3.477692127227783,0.0013395610731095076,0.01876327209174633,0.0358729213476181,-8.483709825668484e-05,0.0012721022358164191,0.0004110753070563078,0.0011460413224995136,5.537151082535274e-06,24.0
2026-04-27T17:40:11.634704,250426_154540.000000,1,58.426048278808594,8.699522018432617,5.699999809265137,89.00000762939453,1.409999966621399,8,11.199999809265137,1,270426_163648.000000,-1.969831109046936,3.478862762451172,0.0013973473105579615,0.05151338875293732,0.03430905565619469,-0.00011850427836179733,-0.0012843810254707932,-0.0005374955362640321,0.0011019004741683602,5.370101462176535e-06,23.0
2026-04-27T17:40:14.740831,250426_154548.984375,1,58.42792892456055,8.697903633117676,9.800000190734863,94.44999694824219,1.409999966621399,8,11.199999809265137,1,270426_163703.015625,-1.9650369882583618,3.4817652702331543,0.00153414870146662,0.06768356263637543,0.03404965251684189,0.00029875506879761815,0.000167224628967233,0.001495457487180829,0.0009885348845273256,5.0324119911238085e-06,25.0
2026-04-27T17:40:17.800708,250426_154550.000000,1,58.428131103515625,8.697649955749512,10.0,94.45999908447266,1.409999966621399,8,11.199999809265137,1,270426_163703.015625,-1.9628398418426514,3.488698959350586,0.0029351378325372934,0.12345709651708603,0.0329897366464138,0.0006970241665840149,0.0019797475542873144,0.002051777672022581,0.0009553800337016582,4.692681613960303e-06,25.0
2026-04-27T17:40:20.871731,250426_154559.015625,1,58.429691314697266,8.694903373718262,13.0,93.510009765625,1.100000023841858,8,11.199999809265137,1,270426_163703.015625,-1.9563400745391846,3.4857094287872314,0.0019376662094146013,0.051027845591306686,0.03549100458621979,-8.389128925045952e-05,2.0695944840554148e-05,-0.0019357387209311128,0.0009398784022778273,4.8738857003627345e-06,27.0
2026-04-27T17:40:23.831928,250426_154600.000000,1,58.42985916137695,8.694580078125,13.399999618530273,93.55000305175781,1.1100000143051147,8,11.199999809265137,1,270426_163703.015625,-1.9518784284591675,3.4929580688476562,0.0014570545172318816,0.05998144671320915,0.042199112474918365,-4.9644822865957394e-05,-4.0304432332050055e-05,-0.0014556506648659706,0.0010817572474479675,5.828931080031907e-06,25.0
2026-04-27T17:40:26.916625,250426_154608.984375,1,58.43141174316406,8.691864967346191,16.200000762939453,93.66999816894531,1.100000023841858,8,11.199999809265137,1,270426_163703.015625,-1.9547024965286255,3.4946510791778564,0.0020417976193130016,0.058251120150089264,0.04323405399918556,0.00023964491265360266,-0.0018681797664612532,0.0007882968639023602,0.001042402465827763,5.729842996515799e-06,25.0
2026-04-27T17:40:29.890997,250426_154610.000000,1,58.43159866333008,8.691607475280762,16.5,93.69999694824219,1.100000023841858,8,11.199999809265137,1,270426_163718.000000,-1.964497447013855,3.487609386444092,0.003470425261184573,0.042876169085502625,0.043381232768297195,0.002590351738035679,0.0019877811428159475,0.0011758634354919195,0.001162463566288352,6.976764780119993e-06,27.0
2026-04-27T17:40:32.933824,250426_154619.015625,1,58.43355941772461,8.690247535705566,17.299999237060547,91.66999816894531,1.100000023841858,8,11.199999809265137,1,270426_163718.000000,-1.9690974950790405,3.4892282485961914,0.0031957284081727266,0.03874676302075386,0.042361535131931305,0.002604037057608366,-0.001604435732588172,0.0009259890648536384,0.0012079887092113495,6.295323146332521e-06,23.0
2026-04-27T17:40:36.017425,250426_154620.000000,1,58.43378829956055,8.690183639526367,17.299999237060547,90.25000762939453,1.100000023841858,8,11.199999809265137,1,270426_163732.000000,-1.968185305595398,3.4850142002105713,0.0023945129942148924,0.05537060275673866,0.03968527540564537,0.0020483513362705708,-0.0006401817663572729,0.0010621281107887626,0.0011535064550116658,5.608391347777797e-06,25.0
2026-04-27T17:40:39.270921,250426_154630.000000,1,58.43608093261719,8.690431594848633,13.5,91.0,1.7400000095367432,7,11.199999809265137,1,270426_163732.000000,-1.9720816612243652,3.4886226654052734,0.0015416826354339719,0.03780486062169075,0.043587181717157364,0.0007151152240112424,0.0013503966620191932,0.00020451017189770937,0.0012052897363901138,6.3374800447491e-06,28.0
2026-04-27T17:40:42.078441,250426_154631.015625,1,58.43629837036133,8.690516471862793,139.0,90.23001098632812,1.7400000095367432,7,11.199999809265137,1,270426_163732.000000,-1.9607045650482178,3.485487222671509,0.0010091714793816209,0.023834653198719025,0.04358295351266861,-0.0001542065292596817,0.0005628682556562126,0.0008233023690991104,0.0012340107932686806,6.376928013196448e-06,25.0
2026-04-27T17:40:45.140690,250426_154639.015625,1,58.438140869140625,8.691269874572754,14.0,96.48999786376953,1.399999976158142,8,11.199999809265137,1,270426_163732.984375,-2.0003809928894043,3.491001605987549,0.002611042931675911,0.09178300201892853,0.05459190532565117,0.00017408246640115976,-0.002363587263971567,-0.0010957627091556787,0.002347918227314949,1.3412653061095625e-05,21.0
2026-04-27T17:40:48.153535,250426_154640.000000,1,58.43836975097656,8.691370010375977,14.199999809265137,93.7300033569336,1.2599999904632568,7,11.199999809265137,1,270426_163732.984375,-1.994078278541565,3.4872305393218994,0.0020383407827466726,0.07063457369804382,0.05390369892120361,0.001722637563943863,0.0007198107778094709,-0.0008180616423487663,0.002274662023410201,1.39644125738414e-05,23.0
2026-04-27T17:40:51.289532,250426_154648.984375,1,58.440391540527344,8.692402839660645,15.199999809265137,93.02999877929688,1.399999976158142,8,11.199999809265137,1,270426_163747.015625,-2.0016162395477295,3.483511447906494,0.0027586943469941616,0.08239348977804184,0.05434015393257141,0.0017668406944721937,0.0018910521175712347,0.0009552961564622819,0.002263094065710902,1.4476681826636195e-05,21.0
2026-04-27T17:40:54.253484,250426_154658.000000,1,58.4423713684082,8.693716049194336,16.700000762939453,96.27999877929688,1.399999976158142,8,11.199999809265137,1,270426_163747.015625,-2.004282236099243,3.4862303733825684,0.0017912503099069,0.057872217148542404,0.047460999339818954,-0.000482164352433756,0.0016338154673576355,-0.000553842808585614,0.0022135372273623943,1.3131628293194808e-05,19.0
2026-04-27T17:40:57.332004,250426_154659.015625,1,58.442588806152344,8.693902015686035,17.200000762939453,95.26000213623047,1.399999976158142,8,11.199999809265137,1,270426_163747.015625,-2.0012383460998535,3.4904274940490723,0.003037905553355813,0.05776725709438324,0.05140946805477142,-0.001022938173264265,0.00250295945443213,0.0013847965747117996,0.0023036368656903505,1.442592383682495e-05,20.0
2026-04-27T17:40:57.332322,250426_154659.015625,1,58.442588806152344,8.693902015686035,17.200000762939453,95.26000213623047,1.399999976158142,8,11.199999809265137,1,270426_163747.015625,-2.0012383460998535,3.4904274940490723,0.003037905553355813,0.05776725709438324,0.05140946805477142,-0.001022938173264265,0.00250295945443213,0.0013847965747117996,0.0023036368656903505,1.442592383682495e-05,20.0
2026-04-27T17:40:57.332517,250426_154659.015625,1,58.442588806152344,8.693902015686035,17.200000762939453,95.26000213623047,1.399999976158142,8,11.199999809265137,1,270426_163747.015625,-2.0012383460998535,3.4904274940490723,0.003037905553355813,0.05776725709438324,0.05140946805477142,-0.001022938173264265,0.00250295945443213,0.0013847965747117996,0.0023036368656903505,1.442592383682495e-05,20.0
2026-04-27T17:40:57.339378,250426_154659.015625,1,58.442588806152344,8.693902015686035,17.200000762939453,95.26000213623047,1.399999976158142,8,11.199999809265137,1,270426_163747.015625,-2.0012383460998535,3.4904274940490723,0.003037905553355813,0.05776725709438324,0.05140946805477142,-0.001022938173264265,0.00250295945443213,0.0013847965747117996,0.0023036368656903505,1.442592383682495e-05,20.0
2026-04-27T17:41:00.330565,250426_154707.015625,1,58.444278717041016,8.695624351501465,21.799999237060547,95.79000091552734,1.399999976158142,8,11.199999809265137,1,270426_163748.000000,-1.9858520030975342,3.4859890937805176,0.0020999880507588387,0.06067999452352524,0.041417766362428665,1.431766213499941e-05,0.0020531541667878628,-0.00044079835060983896,0.0011335042072460055,7.019272743491456e-06,26.0
2026-04-27T17:41:03.470928,250426_154708.000000,1,58.444480895996094,8.69587516784668,22.5,95.83999633789062,1.399999976158142,8,11.199999809265137,1,270426_163748.000000,-1.985715389251709,3.4824025630950928,0.0005131122888997197,0.06871180236339569,0.039703089743852615,0.00010858457972062752,-0.0004942440427839756,8.494959911331534e-05,0.0011271522380411625,6.372707503032871e-06,26.0
2026-04-27T17:41:03.471375,250426_154708.000000,1,58.444480895996094,8.69587516784668,22.5,95.83999633789062,1.399999976158142,8,11.199999809265137,1,270426_163748.000000,-1.985715389251709,3.4824025630950928,0.0005131122888997197,0.06871180236339569,0.039703089743852615,0.00010858457972062752,-0.0004942440427839756,8.494959911331534e-05,0.0011271522380411625,6.372707503032871e-06,26.0
2026-04-27T17:41:03.471756,250426_154708.000000,1,58.444480895996094,8.69587516784668,22.5,95.83999633789062,1.399999976158142,8,11.199999809265137,1,270426_163748.000000,-1.985715389251709,3.4824025630950928,0.0005131122888997197,0.06871180236339569,0.039703089743852615,0.00010858457972062752,-0.0004942440427839756,8.494959911331534e-05,0.0011271522380411625,6.372707503032871e-06,26.0
2026-04-27T17:41:03.556153,250426_154708.000000,1,58.444480895996094,8.69587516784668,22.5,95.83999633789062,1.399999976158142,8,11.199999809265137,1,270426_163748.000000,-1.985715389251709,3.4824025630950928,0.0005131122888997197,0.06871180236339569,0.039703089743852615,0.00010858457972062752,-0.0004942440427839756,8.494959911331534e-05,0.0011271522380411625,6.372707503032871e-06,26.0
2026-04-27T17:41:06.466801,250426_154716.984375,1,58.44614028930664,8.698491096496582,27.100000381469727,94.31999969482422,1.100000023841858,8,11.199999809265137,1,270426_163802.000000,-1.9866396188735962,3.483156442642212,0.0019467512611299753,0.10717809200286865,0.03906479477882385,0.0015158964088186622,9.377060632687062e-05,-0.001217828132212162,0.0010954465251415968,6.408477020158898e-06,24.0
2026-04-27T17:41:09.557832,250426_154718.000000,1,58.4463005065918,8.698820114135742,27.799999237060547,94.31999969482422,1.100000023841858,8,11.199999809265137,1,270426_163802.000000,-1.9796559810638428,3.481482982635498,0.001204894157126546,0.06531944870948792,0.04400099441409111,0.0005987935001030564,0.0009987193625420332,0.0003094768908340484,0.0011854806216433644,6.894321813888382e-06,28.0
2026-04-27T17:41:12.791329,250426_154727.015625,1,58.44757080078125,8.702038764953613,33.79999923706055,93.9000015258789,1.100000023841858,8,11.199999809265137,1,270426_163802.000000,-1.9656896591186523,3.480952262878418,0.00250780931673944,0.032973773777484894,0.04004494473338127,-0.0005328475381247699,0.0024505341425538063,-7.932005246402696e-06,0.0009143765200860798,6.033360477886163e-06,30.0
2026-04-27T17:41:15.655274,250426_154739.015625,1,58.449710845947266,8.705547332763672,41.0,96.22000885009766,1.2599999904632568,7,11.199999809265137,1,270426_163803.015625,-1.9686216115951538,3.4833178520202637,0.002552072750404477,0.10169000923633575,0.04984467476606369,0.0006799520924687386,0.0021775856148451567,0.001144054695032537,0.001079804147593677,7.495425506931497e-06,26.0
2026-04-27T17:41:18.718858,250426_154748.000000,1,58.4516487121582,8.707113265991211,46.70000076293945,96.22000885009766,1.3899999856948853,8,11.199999809265137,1,270426_163803.015625,-1.9641691446304321,3.4847452640533447,0.0018899226561188698,0.10188493877649307,0.04993246868252754,-0.0002698710304684937,-0.0014422743115574121,0.0011911431793123484,0.001070454833097756,7.568513410660671e-06,28.0
2026-04-27T17:41:21.698685,250426_154756.984375,1,58.45363998413086,8.708226203918457,49.099998474121094,92.58999633789062,1.3899999856948853,8,11.199999809265137,1,270426_163816.984375,-1.9717124700546265,3.4876153469085693,0.0010601284448057413,0.0679008811712265,0.05109182745218277,4.862246714765206e-05,-0.000999207841232419,-0.00035084449336864054,0.0010371553944423795,7.54598249841365e-06,32.0
2026-04-27T17:41:24.761615,250426_154758.000000,1,58.453861236572266,8.708353996276855,49.400001525878906,90.9100112915039,1.3899999856948853,8,11.199999809265137,1,270426_163816.984375,-1.9804881811141968,3.485672950744629,0.0008611372904852033,0.08914901316165924,0.04876004159450531,0.0005670502432622015,4.568810254568234e-05,0.000646470463834703,0.0010635482612997293,7.013017693680013e-06,30.0
2026-04-27T17:41:27.843898,250426_154816.000000,1,58.45726013183594,8.711766242980957,51.900001525878906,81.88999938964844,1.3899999856948853,8,11.199999809265137,1,270426_163816.984375,-1.9744714498519897,3.489459991455078,0.0015286380657926202,0.0803285464644432,0.050723180174827576,0.0014349427074193954,-0.00045471612247638404,-0.0002662835468072444,0.0011770108249038458,7.545787866547471e-06,26.0
2026-04-27T17:41:30.829493,250426_154826.000000,1,58.45869064331055,8.714442253112793,52.0,74.55000305175781,1.3899999856948853,8,11.199999809265137,1,270426_163816.984375,-1.9731559753417969,3.487398624420166,0.0012894453248009086,0.057923391461372375,0.04284416511654854,-0.0008334044832736254,0.00047731740050949156,-0.0008603918831795454,0.0010534020839259028,5.993052127450937e-06,28.0
2026-04-27T17:41:33.903261,250426_154827.015625,1,58.45880889892578,8.714703559875488,52.099998474121094,73.08999633789062,1.3899999856948853,8,11.199999809265137,1,270426_163816.984375,-1.9608404636383057,3.4861912727355957,0.001118029817007482,0.015544440597295761,0.04113063961267471,0.0004292149387765676,0.0010323531460016966,3.51014023181051e-06,0.0010340396547690034,5.258417331788223e-06,20.0
2026-04-27T17:41:36.990004,250426_154835.015625,1,58.45970916748047,8.716890335083008,50.5,74.30000305175781,1.090000033378601,8,11.199999809265137,1,270426_163832.000000,-1.954802393913269,3.4872467517852783,0.002610514871776104,0.044862911105155945,0.040289562195539474,-0.0002392075548414141,-0.0024681088980287313,0.0008160917204804718,0.0010025461670011282,4.9898876568477135e-06,16.0
2026-04-27T17:41:40.069751,250426_154836.000000,1,58.45981979370117,8.717183113098145,50.599998474121094,74.75,1.090000033378601,8,11.199999809265137,1,270426_163832.000000,-1.9702870845794678,3.4851889610290527,0.002027653157711029,0.07450450956821442,0.03558966517448425,-8.554873784305528e-05,0.0002675678697414696,-0.002008100040256977,0.0009348478051833808,5.254332791082561e-06,18.0
2026-04-27T17:41:42.996202,250426_154844.000000,1,58.46065902709961,8.719488143920898,52.599998474121094,73.94999694824219,1.090000033378601,8,11.199999809265137,1,270426_163832.000000,-1.9767225980758667,3.485185146331787,0.0033054803498089314,0.027141982689499855,0.03725622221827507,0.0005146568291820586,-0.002434808760881424,-0.0021755534689873457,0.0011338411131873727,6.198891242092941e-06,16.0
2026-04-27T17:41:46.074722,250426_154855.015625,1,58.46186065673828,8.723034858703613,54.20000076293945,85.1600112915039,1.3799999952316284,8,11.199999809265137,1,270426_163832.000000,-1.9867428541183472,3.482290506362915,0.00283421715721488,0.09033144265413284,0.03722644969820976,0.0002555855317041278,-0.002781576244160533,0.00047989285667426884,0.001192223746329546,7.27595988792018e-06,14.0
2026-04-27T17:41:49.091652,250426_154903.015625,1,58.46274948120117,8.725835800170898,52.79999923706055,88.48999786376953,1.3799999952316284,8,11.199999809265137,1,270426_163832.000000,-1.9786508083343506,3.483008861541748,0.0012243143282830715,0.03651517257094383,0.03922218084335327,0.0001452374563086778,0.0011073972564190626,0.0005015207570977509,0.0011349880369380116,8.415753654844593e-06,22.0
2026-04-27T17:41:52.215398,250426_154904.000000,1,58.46287155151367,8.7261962890625,52.29999923706055,88.37999725341797,1.3799999952316284,8,11.199999809265137,1,270426_163832.000000,-1.9754810333251953,3.4792656898498535,0.0040998198091983795,0.14348675310611725,0.04539451375603676,0.001035439083352685,-0.003966637421399355,-4.663810977945104e-05,0.0013349405489861965,1.0145719897991512e-05,24.0
2026-04-27T17:41:55.187403,250426_154912.000000,1,58.46379852294922,8.728910446166992,45.0,83.30001068115234,1.090000033378601,8,11.199999809265137,1,270426_163832.000000,-1.9698877334594727,3.480057954788208,0.002962955506518483,0.07626229524612427,0.04676079377532005,-0.0005372115410864353,0.0022167861461639404,-0.0018911290680989623,0.0014155687531456351,1.0100508006871678e-05,25.0
2026-04-27T17:41:58.255034,250426_154912.984375,1,58.46392059326172,8.729228973388672,44.70000076293945,82.1500015258789,1.090000033378601,8,11.199999809265137,1,270426_163847.015625,-1.976068139076233,3.479172945022583,0.0024837306700646877,0.057416610419750214,0.045771051198244095,-0.0004439690674189478,-0.0015753027983009815,0.0018682157387956977,0.0013530004071071744,9.210273674398195e-06,27.0
2026-04-27T17:42:01.263672,250426_154920.984375,1,58.464908599853516,8.731599807739258,41.70000076293945,77.0199966430664,1.3799999952316284,8,11.199999809265137,1,270426_163847.015625,-1.986854910850525,3.4809272289276123,0.0018036119872704148,0.05980566143989563,0.04559110105037689,-0.000950465677306056,0.0011496752267703414,0.0010138432262465358,0.001392887206748128,9.415865861228667e-06,29.0
2026-04-27T17:42:04.439657,250426_154922.000000,1,58.46501922607422,8.731882095336914,41.5,76.93000030517578,1.090000033378601,8,11.199999809265137,1,270426_163847.015625,-1.992627501487732,3.4772531986236572,0.0015110191889107227,0.04351113736629486,0.04490623250603676,-0.00042029659380204976,0.0012419483391568065,0.0007510618888773024,0.0014990202616900206,9.392431820742786e-06,27.0
2026-04-27T17:42:07.352619,250426_154931.015625,1,58.46622848510742,8.73427677154541,40.599998474121094,76.93000030517578,3.0899999141693115,7,11.199999809265137,1,270426_163847.015625,-2.0000476837158203,3.482793092727661,0.0032318432349711657,0.16356393694877625,0.03810260817408562,0.001493025105446577,0.0016793293179944158,0.00232282979413867,0.0012803542194887996,8.155123396136332e-06,26.0
2026-04-27T17:42:10.438400,250426_154932.000000,1,58.46636962890625,8.734539985656738,40.400001525878906,79.68000030517578,1.2699999809265137,7,11.199999809265137,1,270426_163902.000000,-2.0067243576049805,3.4852635860443115,0.0027806309517472982,0.12338405102491379,0.04142346978187561,-0.0007098744972608984,0.002254113322123885,0.001465250737965107,0.001320192706771195,9.203734407492448e-06,26.0
2026-04-27T17:42:10.438686,250426_154932.000000,1,58.46636962890625,8.734539985656738,40.400001525878906,79.68000030517578,1.2699999809265137,7,11.199999809265137,1,270426_163902.000000,-2.0067243576049805,3.4852635860443115,0.0027806309517472982,0.12338405102491379,0.04142346978187561,-0.0007098744972608984,0.002254113322123885,0.001465250737965107,0.001320192706771195,9.203734407492448e-06,26.0
2026-04-27T17:42:10.438919,250426_154932.000000,1,58.46636962890625,8.734539985656738,40.400001525878906,79.68000030517578,1.2699999809265137,7,11.199999809265137,1,270426_163902.000000,-2.0067243576049805,3.4852635860443115,0.0027806309517472982,0.12338405102491379,0.04142346978187561,-0.0007098744972608984,0.002254113322123885,0.001465250737965107,0.001320192706771195,9.203734407492448e-06,26.0
2026-04-27T17:42:10.474608,250426_154932.000000,1,58.46636962890625,8.734539985656738,40.400001525878906,79.68000030517578,1.2699999809265137,7,11.199999809265137,1,270426_163902.000000,-2.0067243576049805,3.4852635860443115,0.0027806309517472982,0.12338405102491379,0.04142346978187561,-0.0007098744972608984,0.002254113322123885,0.001465250737965107,0.001320192706771195,9.203734407492448e-06,26.0
2026-04-27T17:42:13.508568,250426_154940.000000,1,58.46757888793945,8.736599922180176,40.400001525878906,79.68000030517578,1.2699999809265137,7,11.199999809265137,1,270426_163902.000000,-2.0030221939086914,3.4795358180999756,0.0013733427040278912,0.039973944425582886,0.041534945368766785,0.0008773980080150068,0.00034671282628551126,0.0009980147005990148,0.0012943055480718613,8.94855384103721e-06,24.0
2026-04-27T17:42:16.589341,250426_154940.984375,1,58.467750549316406,8.736856460571289,40.099998474121094,84.41999816894531,1.090000033378601,8,11.199999809265137,1,270426_163902.000000,-2.0059502124786377,3.4776463508605957,0.0011731236008927226,0.07212819159030914,0.040425051003694534,0.0009019253775477409,-0.0007385741919279099,-0.00013136818597558886,0.0012187650427222252,8.037301995500457e-06,22.0
2026-04-27T17:42:19.532196,250426_154950.000000,1,58.46923065185547,8.739124298095703,37.599998474121094,84.83999633789062,1.5299999713897705,7,11.199999809265137,1,270426_163903.015625,-1.999756932258606,3.4803342819213867,0.0018565775826573372,0.046638332307338715,0.0415387898683548,0.0007281795842573047,0.00031797756673768163,-0.0016779525903984904,0.001085130963474512,7.5321313488529995e-06,24.0
2026-04-27T17:42:19.532545,250426_154950.000000,1,58.46923065185547,8.739124298095703,37.599998474121094,84.83999633789062,1.5299999713897705,7,11.199999809265137,1,270426_163903.015625,-1.999756932258606,3.4803342819213867,0.0018565775826573372,0.046638332307338715,0.0415387898683548,0.0007281795842573047,0.00031797756673768163,-0.0016779525903984904,0.001085130963474512,7.5321313488529995e-06,24.0
2026-04-27T17:42:22.583493,250426_154951.015625,1,58.469398498535156,8.73936939239502,37.20000076293945,84.97000885009766,1.5299999713897705,7,11.199999809265137,1,270426_163903.015625,-2.0159876346588135,3.4839565753936768,0.0016444021603092551,0.03156491741538048,0.04207227751612663,0.0008008723962120712,-0.0003710301243700087,-0.0013874431606382132,0.0013070759596303105,8.680496648594271e-06,24.0
2026-04-27T17:42:25.686374,250426_154959.015625,1,58.47074890136719,8.741144180297852,36.0,77.72000122070312,1.5299999713897705,7,11.199999809265137,1,270426_163903.015625,-2.0110700130462646,3.4852564334869385,0.0029246073681861162,0.07900609076023102,0.040041208267211914,-0.0004669754998758435,-0.0014754824806004763,-0.0024815748911350965,0.0012394944205880165,8.085286026471294e-06,23.0
2026-04-27T17:42:28.768210,250426_155000.000000,1,58.47092819213867,8.741332054138184,35.599998474121094,77.8499984741211,1.25,7,11.199999809265137,1,270426_163903.015625,-2.001605749130249,3.4814298152923584,0.003936379216611385,0.08316270262002945,0.03798244521021843,-0.0036064409650862217,0.0009276926284655929,0.0012759516248479486,0.0011333117727190256,7.555617685284233e-06,25.0
2026-04-27T17:42:31.769268,250426_155008.984375,1,58.472591400146484,8.742883682250977,32.099998474121094,86.33999633789062,1.2400000095367432,7,22.549999237060547,1,270426_163918.000000,-2.000275135040283,3.4797816276550293,0.0018260071519762278,0.06426431238651276,0.04226001352071762,-0.00016270740889012814,-0.0018177966121584177,5.8680565416580066e-05,0.0012578045716509223,8.667962902109139e-06,23.0
2026-04-27T17:42:34.810716,250426_155010.000000,1,58.4727897644043,8.7430419921875,31.600000381469727,87.69000244140625,1.2400000095367432,7,22.549999237060547,1,270426_163918.000000,-2.007958173751831,3.483539342880249,0.002361601684242487,0.14421941339969635,0.0441073477268219,-0.0010872618295252323,0.0020937854424118996,-0.00010529038991080597,0.0013046367093920708,9.304942977905739e-06,25.0
2026-04-27T17:42:37.986656,250426_155019.015625,1,58.474571228027344,8.744726181030273,30.5,87.8399887084961,1.3700000047683716,8,22.549999237060547,1,270426_163918.000000,-2.0034403800964355,3.485609769821167,0.001225159503519535,0.056528251618146896,0.04399072751402855,0.0009537253645248711,0.0004589362069964409,0.000617091020103544,0.0012456838740035892,8.110901944746729e-06,26.0
2026-04-27T17:42:40.851894,250426_155028.000000,1,58.47608184814453,8.7469482421875,24.5,81.44999694824219,1.090000033378601,8,22.549999237060547,1,270426_163918.000000,-2.008918523788452,3.48408579826355,0.003074510721489787,0.10301762819290161,0.045041218400001526,0.0010365642374381423,0.002868182957172394,0.0003894583787769079,0.0013232836499810219,8.074619472608902e-06,26.0
2026-04-27T17:42:43.922784,250426_155028.984375,1,58.47623062133789,8.747213363647461,24.399999618530273,80.56999969482422,1.0800000429153442,8,22.549999237060547,1,270426_163918.000000,-2.0146849155426025,3.483926296234131,0.0035139622632414103,0.07466160506010056,0.04429691284894943,0.0007051968132145703,0.001594987465068698,0.0030506791081279516,0.001308309263549745,7.802315849403385e-06,28.0
2026-04-27T17:42:43.923100,250426_155028.984375,1,58.47623062133789,8.747213363647461,24.399999618530273,80.56999969482422,1.0800000429153442,8,22.549999237060547,1,270426_163918.000000,-2.0146849155426025,3.483926296234131,0.0035139622632414103,0.07466160506010056,0.04429691284894943,0.0007051968132145703,0.001594987465068698,0.0030506791081279516,0.001308309263549745,7.802315849403385e-06,28.0
2026-04-27T17:42:43.923371,250426_155028.984375,1,58.47623062133789,8.747213363647461,24.399999618530273,80.56999969482422,1.0800000429153442,8,22.549999237060547,1,270426_163918.000000,-2.0146849155426025,3.483926296234131,0.0035139622632414103,0.07466160506010056,0.04429691284894943,0.0007051968132145703,0.001594987465068698,0.0030506791081279516,0.001308309263549745,7.802315849403385e-06,28.0
2026-04-27T17:42:43.938416,250426_155028.984375,1,58.47623062133789,8.747213363647461,24.399999618530273,80.56999969482422,1.0800000429153442,8,22.549999237060547,1,270426_163918.000000,-2.0146849155426025,3.483926296234131,0.0035139622632414103,0.07466160506010056,0.04429691284894943,0.0007051968132145703,0.001594987465068698,0.0030506791081279516,0.001308309263549745,7.802315849403385e-06,28.0
2026-04-27T17:42:43.954927,250426_155028.984375,1,58.47623062133789,8.747213363647461,24.399999618530273,80.56999969482422,1.0800000429153442,8,22.549999237060547,1,270426_163918.000000,-2.0146849155426025,3.483926296234131,0.0035139622632414103,0.07466160506010056,0.04429691284894943,0.0007051968132145703,0.001594987465068698,0.0030506791081279516,0.001308309263549745,7.802315849403385e-06,28.0
2026-04-27T17:42:47.021096,250426_155038.000000,1,58.477439880371094,8.749853134155273,22.799999237060547,88.5999984741211,1.0800000429153442,8,22.549999237060547,1,270426_163932.984375,-2.0214145183563232,3.480640411376953,0.0015562997432425618,0.0902932658791542,0.04615895822644234,-0.00034854630939662457,0.0008257481385953724,-0.0012722909450531006,0.0014228879008442163,8.024579074117355e-06,28.0
2026-04-27T17:42:50.283460,250426_155123.015625,1,58.486488342285156,8.761640548706055,36.099998474121094,102.27999877929688,1.2400000095367432,7,22.549999237060547,1,270426_163932.984375,-2.025080919265747,3.477898359298706,0.002797219669446349,0.03250139206647873,0.044885411858558655,0.0007684187730774283,0.0017133785877376795,-0.002073235111311078,0.0013749701902270317,7.829018613847438e-06,24.0
2026-04-27T17:42:53.074558,250426_155124.000000,1,58.486698150634766,8.761895179748535,37.099998474121094,102.94999694824219,1.2400000095367432,7,22.549999237060547,1,270426_163932.984375,-2.012758493423462,3.4788413047790527,0.0025334071833640337,0.10477960109710693,0.04567901790142059,-0.0013060031924396753,0.0021689196582883596,-9.107882942771539e-05,0.0012255596229806542,8.101593266474083e-06,26.0
2026-04-27T17:42:56.100760,250426_155134.000000,1,58.48897171020508,8.764490127563477,41.400001525878906,104.37999725341797,1.1200000047683716,8,22.549999237060547,1,270426_163932.984375,-2.0356831550598145,3.4743947982788086,0.0008761407807469368,0.05010577291250229,0.04707832261919975,-0.0007993392064236104,0.0003553444694261998,-4.909010021947324e-05,0.0013221607077866793,9.076259630091954e-06,20.0
2026-04-27T17:42:59.193778,250426_155142.000000,1,58.49076843261719,8.766599655151367,47.099998474121094,103.95999908447266,0.9300000071525574,9,22.549999237060547,1,270426_163932.984375,-2.0309298038482666,3.4685416221618652,0.002312589203938842,0.05582055822014809,0.04689372703433037,0.002273611957207322,0.0003988308599218726,-0.00014032456965651363,0.0013145478442311287,9.220543688570615e-06,20.0
2026-04-27T17:43:02.247091,250426_155143.015625,1,58.4909782409668,8.766851425170898,47.29999923706055,101.73999786376953,0.9300000071525574,9,22.549999237060547,1,270426_163948.000000,-2.017092704772949,3.4642040729522705,0.0024205942172557116,0.0376536101102829,0.04300253093242645,0.0005522021092474461,-0.0020768968388438225,-0.0011139343259856105,0.0011981343850493431,9.3071803348721e-06,18.0
2026-04-27T17:43:02.247359,250426_155143.015625,1,58.4909782409668,8.766851425170898,47.29999923706055,101.73999786376953,0.9300000071525574,9,22.549999237060547,1,270426_163948.000000,-2.017092704772949,3.4642040729522705,0.0024205942172557116,0.0376536101102829,0.04300253093242645,0.0005522021092474461,-0.0020768968388438225,-0.0011139343259856105,0.0011981343850493431,9.3071803348721e-06,18.0
2026-04-27T17:43:02.247580,250426_155143.015625,1,58.4909782409668,8.766851425170898,47.29999923706055,101.73999786376953,0.9300000071525574,9,22.549999237060547,1,270426_163948.000000,-2.017092704772949,3.4642040729522705,0.0024205942172557116,0.0376536101102829,0.04300253093242645,0.0005522021092474461,-0.0020768968388438225,-0.0011139343259856105,0.0011981343850493431,9.3071803348721e-06,18.0
2026-04-27T17:43:02.355694,250426_155143.015625,1,58.4909782409668,8.766851425170898,47.29999923706055,101.73999786376953,0.9300000071525574,9,22.549999237060547,1,270426_163948.000000,-2.017092704772949,3.4642040729522705,0.0024205942172557116,0.0376536101102829,0.04300253093242645,0.0005522021092474461,-0.0020768968388438225,-0.0011139343259856105,0.0011981343850493431,9.3071803348721e-06,18.0
2026-04-27T17:43:05.218733,250426_155152.000000,1,58.4929313659668,8.76913833618164,50.70000076293945,101.73999786376953,0.9300000071525574,9,22.549999237060547,1,270426_163948.000000,-2.0189971923828125,3.461085557937622,0.0030577131547033787,0.055845241993665695,0.04183727875351906,0.00027829050668515265,-0.0030067898333072662,-0.0004810197278857231,0.0013546027475968003,9.597716598364059e-06,15.0
2026-04-27T17:43:08.294038,250426_155152.984375,1,58.493141174316406,8.769394874572754,51.29999923706055,102.4800033569336,0.9300000071525574,9,22.549999237060547,1,270426_163948.000000,-2.0333285331726074,3.455791711807251,0.001946595381014049,0.05497928708791733,0.036503877490758896,-0.00052538828458637,-0.00010869474499486387,0.0018711991142481565,0.0013619015226140618,9.035188668349292e-06,19.0
2026-04-27T17:43:11.366325,250426_155202.000000,1,58.494991302490234,8.77188777923584,57.099998474121094,99.66999816894531,0.9300000071525574,9,22.549999237060547,1,270426_163948.000000,-2.0189340114593506,3.4638211727142334,0.002185400342568755,0.11509417742490768,0.036338191479444504,-0.0007918609189800918,-0.0017277360893785954,0.0010788228828459978,0.0012926285853609443,8.347050425072666e-06,19.0
2026-04-27T17:43:14.448333,250426_155203.015625,1,58.49517059326172,8.77219009399414,57.20000076293945,98.58000946044922,0.9300000071525574,9,22.549999237060547,1,270426_164003.015625,-2.0242760181427,3.4630305767059326,0.0020484256092458963,0.05149148777127266,0.038493238389492035,-0.00025690050097182393,0.0007221548585221171,0.0018996159778907895,0.0013362359022721648,8.554462510801386e-06,19.0
2026-04-27T17:43:17.400669,250426_155204.000000,1,58.4953498840332,8.772500038146973,57.70000076293945,98.5199966430664,0.9300000071525574,9,22.549999237060547,1,270426_164003.015625,-2.023775815963745,3.467698097229004,0.0018449167255312204,0.012118897400796413,0.03785919398069382,-0.0014131029602140188,0.0011194897815585136,-0.0003919185255654156,0.001361699542030692,8.188126230379567e-06,21.0
2026-04-27T17:43:20.546904,250426_155212.984375,1,58.49681091308594,8.775579452514648,61.29999923706055,98.55000305175781,1.350000023841858,8,22.549999237060547,1,270426_164003.015625,-2.0131759643554688,3.4711930751800537,0.0006279866211116314,0.05533604696393013,0.039359092712402344,-0.00033934012753888965,0.00046826654579490423,0.0002448305021971464,0.0014694416895508766,8.344823982042726e-06,23.0
2026-04-27T17:43:23.688455,250426_155214.000000,1,58.4969482421875,8.775958061218262,61.599998474121094,98.55000305175781,1.0800000429153442,8,22.549999237060547,1,270426_164003.015625,-2.0099828243255615,3.4656221866607666,0.0033418196253478527,0.07653404027223587,0.040140535682439804,0.0010940900538116693,0.002895318204537034,0.001260102610103786,0.0014918058877810836,7.417771939799422e-06,23.0
2026-04-27T17:43:26.626882,250426_155223.015625,1,58.49803161621094,8.779714584350586,65.4000015258789,98.94999694824219,1.0800000429153442,8,22.549999237060547,1,270426_164003.015625,-2.0220389366149902,3.4635555744171143,0.0007879415643401444,0.0505010262131691,0.03427738696336746,-9.696798952063546e-05,-0.0007148405420593917,0.0003169418196193874,0.001315135508775711,6.032891178620048e-06,23.0
2026-04-27T17:43:26.627220,250426_155223.015625,1,58.49803161621094,8.779714584350586,65.4000015258789,98.94999694824219,1.0800000429153442,8,22.549999237060547,1,270426_164003.015625,-2.0220389366149902,3.4635555744171143,0.0007879415643401444,0.0505010262131691,0.03427738696336746,-9.696798952063546e-05,-0.0007148405420593917,0.0003169418196193874,0.001315135508775711,6.032891178620048e-06,23.0
2026-04-27T17:43:26.627461,250426_155223.015625,1,58.49803161621094,8.779714584350586,65.4000015258789,98.94999694824219,1.0800000429153442,8,22.549999237060547,1,270426_164003.015625,-2.0220389366149902,3.4635555744171143,0.0007879415643401444,0.0505010262131691,0.03427738696336746,-9.696798952063546e-05,-0.0007148405420593917,0.0003169418196193874,0.001315135508775711,6.032891178620048e-06,23.0
2026-04-27T17:43:26.742774,250426_155223.015625,1,58.49803161621094,8.779714584350586,65.4000015258789,98.94999694824219,1.0800000429153442,8,22.549999237060547,1,270426_164003.015625,-2.0220389366149902,3.4635555744171143,0.0007879415643401444,0.0505010262131691,0.03427738696336746,-9.696798952063546e-05,-0.0007148405420593917,0.0003169418196193874,0.001315135508775711,6.032891178620048e-06,23.0
2026-04-27T17:43:29.700936,250426_155224.000000,1,58.49811935424805,8.780153274536133,65.5999984741211,99.2699966430664,1.0800000429153442,8,22.549999237060547,1,270426_164018.000000,-2.0348446369171143,3.4508132934570312,0.0050548529252409935,0.0808175578713417,0.03659803792834282,0.0015284896362572908,-0.004582342691719532,-0.001489092712290585,0.0014039536472409964,6.769084848201601e-06,29.0
2026-04-27T17:43:32.777860,250426_155232.984375,1,58.49879837036133,8.784173965454102,60.599998474121094,99.1500015258789,0.9300000071525574,9,22.549999237060547,1,270426_164018.000000,-2.0469138622283936,3.451195001602173,0.0070200106129050255,0.12252926826477051,0.036299075931310654,-0.0001448156253900379,-0.00028091511921957135,0.007012892514467239,0.0013193694176152349,6.2776939557807054e-06,27.0
2026-04-27T17:43:35.670685,250426_155234.000000,1,58.498878479003906,8.784611701965332,60.79999923706055,84.22000122070312,0.9300000071525574,9,22.549999237060547,1,270426_164018.000000,-2.0411243438720703,3.455900192260742,0.002414660295471549,0.08360674232244492,0.03987613692879677,-0.0005576210096478462,0.002205887343734503,0.0008085198351182044,0.001273724134080112,6.845806638011709e-06,31.0
2026-04-27T17:43:38.841777,250426_155244.000000,1,58.49958038330078,8.788640975952148,57.0,80.29000091552734,0.9300000071525574,9,22.549999237060547,1,270426_164018.000000,-2.0442895889282227,3.4547667503356934,0.0019034553552046418,0.055227767676115036,0.042945049703121185,-0.0014427267014980316,0.001154475030489266,0.00045702169882133603,0.0013573119649663568,7.72726252762368e-06,29.0
2026-04-27T17:43:38.842150,250426_155244.000000,1,58.49958038330078,8.788640975952148,57.0,80.29000091552734,0.9300000071525574,9,22.549999237060547,1,270426_164018.000000,-2.0442895889282227,3.4547667503356934,0.0019034553552046418,0.055227767676115036,0.042945049703121185,-0.0014427267014980316,0.001154475030489266,0.00045702169882133603,0.0013573119649663568,7.72726252762368e-06,29.0
2026-04-27T17:43:38.842646,250426_155244.000000,1,58.49958038330078,8.788640975952148,57.0,80.29000091552734,0.9300000071525574,9,22.549999237060547,1,270426_164018.000000,-2.0442895889282227,3.4547667503356934,0.0019034553552046418,0.055227767676115036,0.042945049703121185,-0.0014427267014980316,0.001154475030489266,0.00045702169882133603,0.0013573119649663568,7.72726252762368e-06,29.0
2026-04-27T17:43:38.878472,250426_155244.000000,1,58.49958038330078,8.788640975952148,57.0,80.29000091552734,0.9300000071525574,9,22.549999237060547,1,270426_164018.000000,-2.0442895889282227,3.4547667503356934,0.0019034553552046418,0.055227767676115036,0.042945049703121185,-0.0014427267014980316,0.001154475030489266,0.00045702169882133603,0.0013573119649663568,7.72726252762368e-06,29.0
2026-04-27T17:43:41.790355,250426_155252.000000,1,58.49991989135742,8.79124641418457,55.599998474121094,64.97000122070312,0.9300000071525574,9,22.549999237060547,1,270426_164032.984375,-2.0415563583374023,3.4532899856567383,0.0017050516325980425,0.03901361674070358,0.041845981031656265,0.0008447419386357069,-0.0014594000531360507,0.0002525148738641292,0.0013251600321382284,7.691884093219414e-06,31.0
2026-04-27T17:43:44.849874,250426_155300.984375,1,58.499908447265625,8.793705940246582,59.70000076293945,37.7599983215332,1.340000033378601,8,22.549999237060547,1,270426_164032.984375,-2.037454605102539,3.4544548988342285,0.0037207030691206455,0.08801238238811493,0.04140481725335121,-0.0006924340268597007,-0.003591818967834115,0.0006804425502195954,0.001306389574892819,8.26045470603276e-06,27.0
2026-04-27T17:43:47.938183,250426_155302.000000,1,58.499900817871094,8.793867111206055,59.900001525878906,32.619998931884766,1.2300000190734863,7,22.549999237060547,1,270426_164032.984375,-2.023841381072998,3.4580085277557373,0.0036578516010195017,0.04884747415781021,0.04066567122936249,-0.001235841540619731,0.003185908542945981,-0.0013048223918303847,0.0012298066867515445,7.802337677276228e-06,25.0
2026-04-27T17:43:47.947979,250426_155302.000000,1,58.499900817871094,8.793867111206055,59.900001525878906,32.619998931884766,1.2300000190734863,7,22.549999237060547,1,270426_164032.984375,-2.023841381072998,3.4580085277557373,0.0036578516010195017,0.04884747415781021,0.04066567122936249,-0.001235841540619731,0.003185908542945981,-0.0013048223918303847,0.0012298066867515445,7.802337677276228e-06,25.0
2026-04-27T17:43:47.948411,250426_155302.000000,1,58.499900817871094,8.793867111206055,59.900001525878906,32.619998931884766,1.2300000190734863,7,22.549999237060547,1,270426_164032.984375,-2.023841381072998,3.4580085277557373,0.0036578516010195017,0.04884747415781021,0.04066567122936249,-0.001235841540619731,0.003185908542945981,-0.0013048223918303847,0.0012298066867515445,7.802337677276228e-06,25.0
2026-04-27T17:43:48.063634,250426_155302.000000,1,58.499900817871094,8.793867111206055,59.900001525878906,32.619998931884766,1.2300000190734863,7,22.549999237060547,1,270426_164032.984375,-2.023841381072998,3.4580085277557373,0.0036578516010195017,0.04884747415781021,0.04066567122936249,-0.001235841540619731,0.003185908542945981,-0.0013048223918303847,0.0012298066867515445,7.802337677276228e-06,25.0
2026-04-27T17:43:50.999392,250426_155311.015625,1,58.499549865722656,8.795093536376953,60.099998474121094,33.33000183105469,0.9200000166893005,9,22.549999237060547,1,270426_164032.984375,-2.0143444538116455,3.4579899311065674,0.0025194124318659306,0.0373413972556591,0.03466479852795601,0.001161072519607842,0.0009208390838466585,-0.002037499798461795,0.0011281153419986367,6.4079649746418e-06,18.0
2026-04-27T17:43:53.990286,250426_155320.000000,1,58.499549865722656,8.796491622924805,59.599998474121094,43.779998779296875,1.340000033378601,8,22.549999237060547,1,270426_164032.984375,-2.0224828720092773,3.4556517601013184,0.0036365364212542772,0.09442558139562607,0.04099273681640625,0.0007898393669165671,-0.0034871199168264866,0.0006637360784225166,0.001244870712980628,6.811106686654966e-06,22.0
2026-04-27T17:43:53.990712,250426_155320.000000,1,58.499549865722656,8.796491622924805,59.599998474121094,43.779998779296875,1.340000033378601,8,22.549999237060547,1,270426_164032.984375,-2.0224828720092773,3.4556517601013184,0.0036365364212542772,0.09442558139562607,0.04099273681640625,0.0007898393669165671,-0.0034871199168264866,0.0006637360784225166,0.001244870712980628,6.811106686654966e-06,22.0
2026-04-27T17:43:53.993266,250426_155320.000000,1,58.499549865722656,8.796491622924805,59.599998474121094,43.779998779296875,1.340000033378601,8,22.549999237060547,1,270426_164032.984375,-2.0224828720092773,3.4556517601013184,0.0036365364212542772,0.09442558139562607,0.04099273681640625,0.0007898393669165671,-0.0034871199168264866,0.0006637360784225166,0.001244870712980628,6.811106686654966e-06,22.0
2026-04-27T17:43:54.058360,250426_155320.000000,1,58.499549865722656,8.796491622924805,59.599998474121094,43.779998779296875,1.340000033378601,8,22.549999237060547,1,270426_164032.984375,-2.0224828720092773,3.4556517601013184,0.0036365364212542772,0.09442558139562607,0.04099273681640625,0.0007898393669165671,-0.0034871199168264866,0.0006637360784225166,0.001244870712980628,6.811106686654966e-06,22.0
2026-04-27T17:43:57.102835,250426_155320.984375,1,58.49956130981445,8.796721458435059,59.70000076293945,47.13999938964844,0.9200000166893005,9,85.62999725341797,1,270426_164048.000000,-2.0181267261505127,3.4651529788970947,0.001447665155865252,0.01844761148095131,0.041215479373931885,-0.0013051441637799144,0.0005502838757820427,-0.0002992008812725544,0.001204230240546167,6.046125690772897e-06,22.0
2026-04-27T17:44:00.112746,250426_155330.000000,1,58.499359130859375,8.798583030700684,58.79999923706055,35.56999969482422,1.2899999618530273,9,85.62999725341797,1,270426_164048.000000,-2.017291307449341,3.4647960662841797,0.0019837473519146442,0.02642033062875271,0.04047248139977455,-0.000545616028830409,-0.0018869860796257854,0.00027720117941498756,0.001187408808618784,5.641434199787909e-06,24.0
2026-04-27T17:44:03.180250,250426_155331.015625,1,58.499298095703125,8.798697471618652,58.400001525878906,34.5099983215332,1.0299999713897705,9,85.62999725341797,1,270426_164048.984375,-2.0142264366149902,3.4627463817596436,0.0007417558808811009,0.039044756442308426,0.041729796677827835,0.0006321179098449647,0.00037745843292213976,9.029915963765234e-05,0.0011780470376834273,5.27093789060018e-06,25.0
2026-04-27T17:44:06.148921,250426_155340.000000,1,58.4989013671875,8.800104141235352,54.400001525878906,55.59000015258789,1.399999976158142,8,85.62999725341797,1,270426_164048.984375,-2.016094207763672,3.4608139991760254,0.0021838159300386906,0.0710991621017456,0.04070069640874863,-6.167996616568416e-05,0.0016729232156649232,0.0014023465337231755,0.0010827009100466967,4.939796781400219e-06,26.0
2026-04-27T17:44:09.226872,250426_155340.984375,1,58.49882888793945,8.800350189208984,53.79999923706055,59.75,1.399999976158142,8,85.62999725341797,1,270426_164048.984375,-2.0051610469818115,3.451770067214966,0.002105257473886013,0.03417571261525154,0.03283914923667908,0.001215313677676022,-0.0011695863213390112,-0.001259836833924055,0.0007722899317741394,4.42632517660968e-06,22.0
2026-04-27T17:44:12.306755,250426_155348.984375,1,58.498130798339844,8.80247688293457,49.0,59.75,0.8600000143051147,10,85.62999725341797,1,270426_164103.015625,-2.015662670135498,3.452972173690796,0.003778378712013364,0.0578676238656044,0.03339992091059685,-0.0003595069865696132,-0.002805478638038039,0.0025052325800061226,0.0008738056058064103,5.010365839552833e-06,24.0
2026-04-27T17:44:15.269477,250426_155350.000000,1,58.49802017211914,8.802709579467773,48.79999923706055,68.06999969482422,0.8799999952316284,10,137.0399932861328,1,270426_164103.015625,-2.0167996883392334,3.4534199237823486,0.0007780222804285586,0.0745580866932869,0.03624975308775902,0.0003037405840586871,0.00015257240738719702,-0.0006998442113399506,0.0009337318479083478,5.969937774352729e-06,26.0
2026-04-27T17:44:18.336469,250426_155351.015625,1,58.49787902832031,8.802916526794434,48.70000076293945,74.7699966430664,0.8600000143051147,10,137.0399932861328,1,270426_164103.015625,-2.0158233642578125,3.455500364303589,0.0016371302772313356,0.023171791806817055,0.03561162203550339,-0.0015937682474032044,-0.00034383393358439207,-0.0001479078346164897,0.0010151166934520006,6.3415186559723224e-06,26.0
2026-04-27T17:44:21.356760,250426_155400.000000,1,58.49633026123047,8.803621292114258,44.5,75.56999969482422,0.949999988079071,8,137.0399932861328,1,270426_164103.015625,-2.0149002075195312,3.4698503017425537,0.003154593054205179,0.07016880810260773,0.033908359706401825,-0.0014450136804953218,-0.002791243139654398,0.00026899133808910847,0.001022111508063972,5.899754341953667e-06,24.0
2026-04-27T17:44:24.487359,250426_155408.984375,1,58.4946403503418,8.803821563720703,37.29999923706055,74.97000122070312,0.8600000143051147,10,137.0399932861328,1,270426_164118.000000,-2.02581524848938,3.471196413040161,0.0033719781786203384,0.041612863540649414,0.03783270716667175,-0.00219444721005857,-0.001943462179042399,0.0016666109440848231,0.001138041028752923,6.8345420913829e-06,22.0
2026-04-27T17:44:27.642996,250426_155410.000000,1,58.494449615478516,8.803911209106445,36.5,74.97000122070312,0.9200000166893005,9,137.0399932861328,1,270426_164118.000000,-2.017787218093872,3.4813644886016846,0.0020197376143187284,0.09121628850698471,0.04061882197856903,-0.0019962515216320753,0.00030037396936677396,6.399658741429448e-05,0.0011649250518530607,7.538794307038188e-06,20.0
2026-04-27T17:44:30.543890,250426_155419.015625,1,58.492801666259766,8.803983688354492,27.100000381469727,74.79000091552734,0.9399999976158142,9,137.0399932861328,1,270426_164118.000000,-2.009430170059204,3.4909284114837646,0.0021985205821692944,0.0452752448618412,0.040392518043518066,-0.0012298672227188945,-2.5092980649787933e-05,0.0018221662612631917,0.0011458992958068848,7.488820756407222e-06,18.0
2026-04-27T17:44:33.629076,250426_155420.000000,1,58.492618560791016,8.803863525390625,26.100000381469727,74.8499984741211,0.9399999976158142,9,137.0399932861328,1,270426_164119.015625,-2.0077145099639893,3.4886395931243896,0.001311594620347023,0.04378420487046242,0.038894739001989365,-0.0012822194257751107,0.00011195719707757235,-0.00025230785831809044,0.0011189269134774804,7.2121583798434585e-06,19.0
2026-04-27T17:44:33.632452,250426_155420.000000,1,58.492618560791016,8.803863525390625,26.100000381469727,74.8499984741211,0.9399999976158142,9,137.0399932861328,1,270426_164119.015625,-2.0077145099639893,3.4886395931243896,0.001311594620347023,0.04378420487046242,0.038894739001989365,-0.0012822194257751107,0.00011195719707757235,-0.00025230785831809044,0.0011189269134774804,7.2121583798434585e-06,19.0
2026-04-27T17:44:33.632932,250426_155420.000000,1,58.492618560791016,8.803863525390625,26.100000381469727,74.8499984741211,0.9399999976158142,9,137.0399932861328,1,270426_164119.015625,-2.0077145099639893,3.4886395931243896,0.001311594620347023,0.04378420487046242,0.038894739001989365,-0.0012822194257751107,0.00011195719707757235,-0.00025230785831809044,0.0011189269134774804,7.2121583798434585e-06,19.0
2026-04-27T17:44:33.665453,250426_155420.000000,1,58.492618560791016,8.803863525390625,26.100000381469727,74.8499984741211,0.9399999976158142,9,137.0399932861328,1,270426_164119.015625,-2.0077145099639893,3.4886395931243896,0.001311594620347023,0.04378420487046242,0.038894739001989365,-0.0012822194257751107,0.00011195719707757235,-0.00025230785831809044,0.0011189269134774804,7.2121583798434585e-06,19.0
2026-04-27T17:44:36.591179,250426_155430.000000,1,58.49092102050781,8.801758766174316,15.699999809265137,80.0999984741211,0.9399999976158142,8,137.0399932861328,1,270426_164119.015625,-2.0049800872802734,3.4826431274414062,0.0020018441136926413,0.05675004795193672,0.03838593512773514,0.0016411121468991041,0.00012409579358063638,0.0011396190384402871,0.0010939032072201371,7.173134235927137e-06,21.0
2026-04-27T17:44:39.751485,250426_155439.015625,1,58.489139556884766,8.801370620727539,12.600000381469727,80.5999984741211,0.9300000071525574,9,137.0399932861328,1,270426_164132.984375,-1.9985755681991577,3.489043712615967,0.0027211669366806746,0.07397552579641342,0.034472402185201645,-0.002631074283272028,0.00031017232686281204,-0.0006212817970663309,0.0010050487471744418,6.168374511617003e-06,23.0
2026-04-27T17:44:42.712745,250426_155440.000000,1,58.48894119262695,8.801344871520996,12.100000381469727,80.1100082397461,0.9200000166893005,9,137.0399932861328,1,270426_164132.984375,-2.013059139251709,3.4943878650665283,0.0025026407092809677,0.08031611144542694,0.031503912061452866,-0.0013061718782410026,-0.0021171015687286854,-0.0002738736802712083,0.0010613846825435758,6.583568392670713e-06,21.0
2026-04-27T17:44:42.713083,250426_155440.000000,1,58.48894119262695,8.801344871520996,12.100000381469727,80.1100082397461,0.9200000166893005,9,137.0399932861328,1,270426_164132.984375,-2.013059139251709,3.4943878650665283,0.0025026407092809677,0.08031611144542694,0.031503912061452866,-0.0013061718782410026,-0.0021171015687286854,-0.0002738736802712083,0.0010613846825435758,6.583568392670713e-06,21.0
2026-04-27T17:44:42.713310,250426_155440.000000,1,58.48894119262695,8.801344871520996,12.100000381469727,80.1100082397461,0.9200000166893005,9,137.0399932861328,1,270426_164132.984375,-2.013059139251709,3.4943878650665283,0.0025026407092809677,0.08031611144542694,0.031503912061452866,-0.0013061718782410026,-0.0021171015687286854,-0.0002738736802712083,0.0010613846825435758,6.583568392670713e-06,21.0
2026-04-27T17:44:42.713769,250426_155440.000000,1,58.48894119262695,8.801344871520996,12.100000381469727,80.1100082397461,0.9200000166893005,9,137.0399932861328,1,270426_164132.984375,-2.013059139251709,3.4943878650665283,0.0025026407092809677,0.08031611144542694,0.031503912061452866,-0.0013061718782410026,-0.0021171015687286854,-0.0002738736802712083,0.0010613846825435758,6.583568392670713e-06,21.0
2026-04-27T17:44:45.794565,250426_155448.984375,1,58.487159729003906,8.801465034484863,14.300000190734863,81.0,0.9200000166893005,9,137.0399932861328,1,270426_164132.984375,-2.005636692047119,3.498232841491699,0.002669344190508127,0.08350418508052826,0.034271858632564545,0.0015688312705606222,0.0021539442241191864,-0.00015713504399172962,0.0010846841614693403,6.732967904099496e-06,23.0
2026-04-27T17:44:48.829589,250426_155450.000000,1,58.486968994140625,8.801603317260742,15.0,79.54000091552734,0.9200000166893005,9,137.0399932861328,1,270426_164134.000000,-1.9993313550949097,3.495582103729248,0.005003701895475388,0.1476392298936844,0.04117089882493019,0.00031355308601632714,-0.004616120830178261,-0.00190529425162822,0.0011331446003168821,7.849701432860456e-06,23.0
2026-04-27T17:44:51.863706,250426_155459.015625,1,58.486148834228516,8.803250312805176,14.300000190734863,30.479999542236328,0.8700000047683716,9,137.0399932861328,1,270426_164134.000000,-1.999526023864746,3.498098850250244,0.00256932619959116,0.1262991577386856,0.04293084889650345,0.0025536282919347286,-0.00026620872085914016,-9.773358760867268e-05,0.0011431049788370728,7.915290552773513e-06,21.0
2026-04-27T17:44:54.890460,250426_155500.000000,1,58.48611068725586,8.80335807800293,14.199999809265137,30.479999542236328,0.8700000047683716,9,137.0399932861328,1,270426_164148.000000,-2.010793447494507,3.5019516944885254,0.0023444609250873327,0.026185406371951103,0.0443444550037384,-0.0004458145995158702,0.0014540906995534897,0.0017841989174485207,0.0011753092985600233,9.041305020218715e-06,19.0
2026-04-27T17:44:57.970423,250426_155508.000000,1,58.48609161376953,8.804981231689453,17.799999237060547,30.479999542236328,0.8799999952316284,10,137.0399932861328,1,270426_164148.000000,-1.994138240814209,3.4975833892822266,0.0014014641055837274,0.04295502230525017,0.04412449523806572,0.000440161646110937,0.0012088424991816282,-0.0005559310084208846,0.0011392268352210522,8.373411219508853e-06,21.0
2026-04-27T17:45:01.059908,250426_155508.984375,1,58.486080169677734,8.805268287658691,17.899999618530273,61.349998474121094,0.8799999952316284,10,137.0399932861328,1,270426_164148.000000,-1.9879403114318848,3.4970734119415283,0.0030393244232982397,0.13695092499256134,0.04190285876393318,0.001192917232401669,-0.0027903271839022636,-0.00016886608500499278,0.0011500720866024494,7.275158623087918e-06,21.0
2026-04-27T17:45:04.011543,250426_155518.000000,1,58.48527145385742,8.807805061340332,20.899999618530273,73.73001098632812,0.8600000143051147,10,137.0399932861328,1,270426_164148.000000,-1.9839978218078613,3.5040481090545654,0.0010906491661444306,0.05486308038234711,0.03678658977150917,0.00017234348342753947,-6.622263754252344e-06,0.0010769260115921497,0.0010646646842360497,6.268845027079806e-06,19.0
2026-04-27T17:45:07.085848,250426_155528.000000,1,58.483821868896484,8.810094833374023,23.5,74.43000030517578,1.1399999856948853,8,137.0399932861328,1,270426_164148.000000,-1.9919304847717285,3.509855270385742,0.0018785964930430055,0.06465984880924225,0.03668827563524246,-0.0017793751321732998,-0.00029357674065977335,-0.0005260811885818839,0.0010622094850987196,6.103832220105687e-06,21.0
2026-04-27T17:45:10.166196,250426_155536.984375,1,58.4824104309082,8.811844825744629,24.299999237060547,73.51000213623047,0.8799999952316284,10,137.0399932861328,1,270426_164203.015625,-1.9893462657928467,3.5116686820983887,0.0013270775089040399,0.03699904680252075,0.036657948046922684,-0.0007907319813966751,-3.528151864884421e-05,0.0010651914635673165,0.0009344384307041764,4.623828772309935e-06,23.0
2026-04-27T17:45:13.234087,250426_155538.000000,1,58.48223876953125,8.81197738647461,25.0,72.55001068115234,0.8600000143051147,10,137.0399932861328,1,270426_164203.015625,-1.9883981943130493,3.509971857070923,0.0005208640941418707,0.0570339635014534,0.03611740842461586,0.00047503967653028667,-7.72401035646908e-05,0.000199174988665618,0.0009683843818493187,4.544263447314734e-06,19.0
2026-04-27T17:45:16.386417,250426_155547.015625,1,58.48114013671875,8.812432289123535,31.100000381469727,32.45000076293945,0.8600000143051147,10,137.0399932861328,1,270426_164203.015625,-1.979153037071228,3.516096353530884,0.0026742052286863327,0.07824642956256866,0.034593041986227036,-0.0011535942321643233,0.0006532047991640866,-0.0023224810138344765,0.0009087540092878044,5.078241429146146e-06,17.0
2026-04-27T17:45:19.267988,250426_155548.000000,1,58.48106002807617,8.812417030334473,31.200000762939453,30.579999923706055,0.8600000143051147,10,137.0399932861328,1,270426_164203.015625,-1.9814283847808838,3.5125198364257812,0.004805207252502441,0.1026015654206276,0.03429299220442772,0.0008118357509374619,-0.00348467193543911,-0.0032074921764433384,0.0010790342930704355,5.203631189942826e-06,20.0
2026-04-27T17:45:22.426342,250426_155556.984375,1,58.48017883300781,8.8132905960083,31.700000762939453,60.130001068115234,0.9300000071525574,9,137.0399932861328,1,270426_164203.015625,-1.9825167655944824,3.5140187740325928,0.001384940231218934,0.08313128352165222,0.03440175577998161,0.00011227802315261215,-0.0008822245290502906,0.0010616651270538568,0.0010659564286470413,5.2343525567266624e-06,18.0
2026-04-27T17:45:25.348456,250426_155558.000000,1,58.48003005981445,8.813411712646484,31.799999237060547,62.13999938964844,0.9200000166893005,9,137.0399932861328,1,270426_164203.015625,-1.9829577207565308,3.514644145965576,0.0018660245696082711,0.07832548767328262,0.03433702141046524,0.0014692387776449323,0.0008920689579099417,-0.0007263595471158624,0.0010162557009607553,6.284181836235803e-06,20.0
2026-04-27T17:45:28.513633,250426_155607.015625,1,58.478668212890625,8.814922332763672,29.399999618530273,72.77999877929688,1.600000023841858,7,137.0399932861328,1,270426_164203.015625,-1.979189395904541,3.519000291824341,0.0020837709307670593,0.03798511251807213,0.033990439027547836,-0.0012018415145576,0.00042248531826771796,-0.0016489949775859714,0.0009899522410705686,5.506150046130642e-06,20.0
2026-04-27T17:45:31.625285,250426_155608.000000,1,58.47853088378906,8.815126419067383,29.0,68.91000366210938,1.600000023841858,7,137.0399932861328,1,270426_164203.015625,-1.9984211921691895,3.5034902095794678,0.0028786836192011833,0.05253487080335617,0.03274159878492355,0.0011751310667023063,-0.0012160604819655418,-0.002329610288143158,0.0009559192112646997,6.298709195107222e-06,18.0
2026-04-27T17:45:34.545725,250426_155616.984375,1,58.47747039794922,8.816742897033691,21.0,43.54999923706055,1.0199999809265137,8,137.0399932861328,1,270426_164203.015625,-1.9939658641815186,3.49546480178833,0.003345232456922531,0.08812575787305832,0.032736990600824356,-8.985768363345414e-05,0.0013417508453130722,0.0030630393885076046,0.0009907931089401245,6.414314157154877e-06,20.0
2026-04-27T17:45:34.546013,250426_155616.984375,1,58.47747039794922,8.816742897033691,21.0,43.54999923706055,1.0199999809265137,8,137.0399932861328,1,270426_164203.015625,-1.9939658641815186,3.49546480178833,0.003345232456922531,0.08812575787305832,0.032736990600824356,-8.985768363345414e-05,0.0013417508453130722,0.0030630393885076046,0.0009907931089401245,6.414314157154877e-06,20.0
2026-04-27T17:45:34.548366,250426_155616.984375,1,58.47747039794922,8.816742897033691,21.0,43.54999923706055,1.0199999809265137,8,137.0399932861328,1,270426_164203.015625,-1.9939658641815186,3.49546480178833,0.003345232456922531,0.08812575787305832,0.032736990600824356,-8.985768363345414e-05,0.0013417508453130722,0.0030630393885076046,0.0009907931089401245,6.414314157154877e-06,20.0
2026-04-27T17:45:34.590563,250426_155616.984375,1,58.47747039794922,8.816742897033691,21.0,43.54999923706055,1.0199999809265137,8,137.0399932861328,1,270426_164203.015625,-1.9939658641815186,3.49546480178833,0.003345232456922531,0.08812575787305832,0.032736990600824356,-8.985768363345414e-05,0.0013417508453130722,0.0030630393885076046,0.0009907931089401245,6.414314157154877e-06,20.0
2026-04-27T17:45:37.602887,250426_155618.000000,1,58.477378845214844,8.816794395446777,19.899999618530273,35.97999954223633,1.840000033378601,7,137.0399932861328,1,270426_164203.015625,-1.9928467273712158,3.49999737739563,0.0023558628745377064,0.07345588505268097,0.036917563527822495,-0.0008848138386383653,0.002095501171424985,0.0006132445996627212,0.0010679138358682394,7.296420335478615e-06,18.0
2026-04-27T17:45:37.603220,250426_155618.000000,1,58.477378845214844,8.816794395446777,19.899999618530273,35.97999954223633,1.840000033378601,7,137.0399932861328,1,270426_164203.015625,-1.9928467273712158,3.49999737739563,0.0023558628745377064,0.07345588505268097,0.036917563527822495,-0.0008848138386383653,0.002095501171424985,0.0006132445996627212,0.0010679138358682394,7.296420335478615e-06,18.0
2026-04-27T17:45:37.603499,250426_155618.000000,1,58.477378845214844,8.816794395446777,19.899999618530273,35.97999954223633,1.840000033378601,7,137.0399932861328,1,270426_164203.015625,-1.9928467273712158,3.49999737739563,0.0023558628745377064,0.07345588505268097,0.036917563527822495,-0.0008848138386383653,0.002095501171424985,0.0006132445996627212,0.0010679138358682394,7.296420335478615e-06,18.0
2026-04-27T17:45:37.624724,250426_155618.000000,1,58.477378845214844,8.816794395446777,19.899999618530273,35.97999954223633,1.840000033378601,7,137.0399932861328,1,270426_164203.015625,-1.9928467273712158,3.49999737739563,0.0023558628745377064,0.07345588505268097,0.036917563527822495,-0.0008848138386383653,0.002095501171424985,0.0006132445996627212,0.0010679138358682394,7.296420335478615e-06,18.0
2026-04-27T17:45:40.755695,250426_155628.000000,1,58.47679138183594,8.817261695861816,16.299999237060547,29.469999313354492,0.8799999952316284,10,137.0399932861328,1,270426_164203.015625,-2.0020768642425537,3.4972169399261475,0.0017401918303221464,0.03329046070575714,0.03812158852815628,0.0003932478139176965,0.0016380379674956203,0.00043641295633278787,0.0010997883509844542,7.94404695625417e-06,24.0
2026-04-27T17:45:43.806019,250426_155636.984375,1,58.477378845214844,8.818055152893066,11.800000190734863,39.2400016784668,0.8799999952316284,10,137.0399932861328,1,270426_164232.984375,-2.004255771636963,3.519582509994507,0.007393825799226761,0.40331965684890747,0.13700592517852783,0.006759492680430412,0.0018706212285906076,0.0023406606633216143,0.0036358744837343693,3.182234650012106e-05,21.0
2026-04-27T17:45:46.703979,250426_155638.000000,1,58.477481842041016,8.81814956665039,11.399999618530273,44.970001220703125,0.8799999952316284,10,137.0399932861328,1,270426_164232.984375,-1.9903326034545898,3.517486095428467,0.0023553669452667236,0.03470206633210182,0.13785019516944885,-0.00048769990098662674,0.002278672531247139,0.0003428608470130712,0.0036881740670651197,3.1339000997832045e-05,19.0
2026-04-27T17:45:46.704296,250426_155638.000000,1,58.477481842041016,8.81814956665039,11.399999618530273,44.970001220703125,0.8799999952316284,10,137.0399932861328,1,270426_164232.984375,-1.9903326034545898,3.517486095428467,0.0023553669452667236,0.03470206633210182,0.13785019516944885,-0.00048769990098662674,0.002278672531247139,0.0003428608470130712,0.0036881740670651197,3.1339000997832045e-05,19.0
2026-04-27T17:45:49.754950,250426_155647.015625,1,58.47853088378906,8.818927764892578,7.699999809265137,50.970001220703125,0.8600000143051147,10,137.0399932861328,1,270426_164232.984375,-1.9854121208190918,3.514843225479126,0.0012213857844471931,0.031659696251153946,0.13920897245407104,-0.00018870817439164966,0.0012041975278407335,7.798014848958701e-05,0.00378111912868917,3.008322346431669e-05,19.0
2026-04-27T17:45:52.737774,250426_155648.000000,1,58.47861862182617,8.81908893585205,8.0,50.93000030517578,1.0700000524520874,9,137.0399932861328,1,270426_164232.984375,-1.9867603778839111,3.508246898651123,0.008230693638324738,0.14268504083156586,0.1400984525680542,0.0005299873882904649,0.00032994066714309156,-0.008206984028220177,0.0038544819690287113,3.085476055275649e-05,15.0
2026-04-27T17:45:55.818156,250426_155656.984375,1,58.47856903076172,8.82132625579834,6.300000190734863,50.93000030517578,1.1100000143051147,8,137.0399932861328,1,270426_164248.000000,-1.9912790060043335,3.505300760269165,0.0033817340154200792,0.08690148591995239,0.13197724521160126,0.0013373548863455653,-0.0030981265008449554,-0.00022185475972946733,0.0035565488506108522,2.6107754820259288e-05,17.0
2026-04-27T17:45:58.905667,250426_155658.000000,1,58.47848129272461,8.821572303771973,6.599999904632568,50.93000030517578,1.1100000143051147,8,137.0399932861328,1,270426_164248.000000,-2.0025534629821777,3.4952926635742188,0.00295582739636302,0.05576412379741669,0.0827731266617775,0.0025518632028251886,-0.0014078064123168588,0.0004929420538246632,0.002120133489370346,1.0716915312514175e-05,19.0
2026-04-27T17:46:01.995827,250426_155707.015625,1,58.47809982299805,8.823755264282227,6.900000095367432,50.93000030517578,0.8799999952316284,10,137.0399932861328,1,270426_164248.000000,-2.0122711658477783,3.4847702980041504,0.0018750046147033572,0.07398039102554321,0.038058530539274216,-6.042481618351303e-05,-0.0017219851724803448,0.0007394307758659124,0.0013631723122671247,7.278471002791775e-06,21.0
2026-04-27T17:46:04.944915,250426_155708.000000,1,58.4781608581543,8.824007987976074,6.400000095367432,55.79999923706055,0.8600000143051147,10,137.0399932861328,1,270426_164248.000000,-2.0161499977111816,3.481475591659546,0.002140622353181243,0.07311476767063141,0.03843102231621742,-0.0006342400447465479,-0.002037474187090993,0.00016941882495302707,0.001301036449149251,7.424046088999603e-06,19.0
2026-04-27T17:46:08.029043,250426_155726.000000,1,58.479488372802734,8.827351570129395,-0.20000000298023224,58.88999938964844,1.2100000381469727,7,137.0399932861328,1,270426_164248.000000,-2.0057432651519775,3.482029438018799,0.0022748548071831465,0.07669771462678909,0.04205338656902313,-0.0022349522914737463,-0.0002798368805088103,-0.0003188173286616802,0.0010921757202595472,7.154127615649486e-06,23.0
2026-04-27T17:46:11.002941,250426_155727.015625,1,58.479610443115234,8.82750129699707,-0.800000011920929,58.88999938964844,1.159999966621399,8,137.0399932861328,1,270426_164303.015625,-2.0020995140075684,3.474364995956421,0.00251021608710289,0.035593945533037186,0.04161228612065315,0.0003262944519519806,0.0016896118177101016,0.0018275472102686763,0.0010644040303304791,6.986514108575648e-06,21.0
2026-04-27T17:46:14.047955,250426_155746.000000,1,58.48183822631836,8.830374717712402,-3.0,58.29999923706055,0.8799999952316284,10,137.0399932861328,1,270426_164303.015625,-2.011302947998047,3.4760069847106934,0.0013774761464446783,0.05759226903319359,0.03758877143263817,0.0004263779555913061,-0.0006923306500539184,-0.0011118996189907193,0.0008892392506822944,5.9701492318708915e-06,20.0
2026-04-27T17:46:14.048379,250426_155746.000000,1,58.48183822631836,8.830374717712402,-3.0,58.29999923706055,0.8799999952316284,10,137.0399932861328,1,270426_164303.015625,-2.011302947998047,3.4760069847106934,0.0013774761464446783,0.05759226903319359,0.03758877143263817,0.0004263779555913061,-0.0006923306500539184,-0.0011118996189907193,0.0008892392506822944,5.9701492318708915e-06,20.0
2026-04-27T17:46:14.048722,250426_155746.000000,1,58.48183822631836,8.830374717712402,-3.0,58.29999923706055,0.8799999952316284,10,137.0399932861328,1,270426_164303.015625,-2.011302947998047,3.4760069847106934,0.0013774761464446783,0.05759226903319359,0.03758877143263817,0.0004263779555913061,-0.0006923306500539184,-0.0011118996189907193,0.0008892392506822944,5.9701492318708915e-06,20.0
2026-04-27T17:46:14.145726,250426_155746.000000,1,58.48183822631836,8.830374717712402,-3.0,58.29999923706055,0.8799999952316284,10,137.0399932861328,1,270426_164303.015625,-2.011302947998047,3.4760069847106934,0.0013774761464446783,0.05759226903319359,0.03758877143263817,0.0004263779555913061,-0.0006923306500539184,-0.0011118996189907193,0.0008892392506822944,5.9701492318708915e-06,20.0
2026-04-27T17:46:17.116965,250426_155747.015625,1,58.48197937011719,8.83045482635498,-2.700000047683716,56.40999984741211,0.9300000071525574,9,137.0399932861328,1,270426_164304.000000,-2.0137624740600586,3.4752445220947266,0.0024588166270405054,0.12044454365968704,0.03875952959060669,-0.0010356154525652528,0.001871912507340312,0.001212115166708827,0.000924889522138983,6.228984602785204e-06,22.0
2026-04-27T17:46:20.245449,250426_155756.000000,1,58.483131408691406,8.831316947937012,-2.0,54.869998931884766,0.9200000166893005,9,137.0399932861328,1,270426_164304.000000,-2.0069968700408936,3.47598934173584,0.0008131377981044352,0.012259561568498611,0.03917006775736809,4.197954331175424e-05,-0.0005854937480762601,0.0005626968923024833,0.0010390066308900714,6.587431016669143e-06,24.0
2026-04-27T17:46:23.259296,250426_155756.984375,1,58.48324966430664,8.831401824951172,-2.5,57.15999984741211,0.9200000166893005,9,137.0399932861328,1,270426_164304.000000,-2.0169007778167725,3.4759182929992676,0.002511447761207819,0.026832932606339455,0.03126728534698486,0.00013003614731132984,-0.002508068224415183,-7.30577448848635e-06,0.0009496439015492797,5.467239589052042e-06,20.0
2026-04-27T17:46:26.238559,250426_155816.000000,1,58.48461151123047,8.83504867553711,10.5,54.9900016784668,0.9399999976158142,9,137.0399932861328,1,270426_164318.000000,-2.010897636413574,3.4740002155303955,0.002818415407091379,0.036111343652009964,0.033280108124017715,-0.002528670011088252,0.0007688308833166957,-0.0009788728784769773,0.0009991342667490244,6.074791144783376e-06,20.0
2026-04-27T17:46:29.285728,250426_155816.984375,1,58.484619140625,8.835272789001465,11.5,47.91999816894531,0.8600000143051147,10,137.0399932861328,1,270426_164318.000000,-2.014350175857544,3.471466302871704,0.0028680528048425913,0.08528007566928864,0.033363740891218185,0.0022824262268841267,-0.0008918215171433985,-0.0014902726979926229,0.0009796454105526209,5.701781901734648e-06,20.0
2026-04-27T17:46:32.375199,250426_155824.984375,1,58.485260009765625,8.83636474609375,18.0,47.369998931884766,0.8600000143051147,10,137.0399932861328,1,270426_164318.000000,-2.0149354934692383,3.472119092941284,0.0017951851477846503,0.05148552358150482,0.050508804619312286,0.0012192155700176954,0.0010341376764699817,0.0008165555773302913,0.0013599920785054564,8.116289791360032e-06,16.0
2026-04-27T17:46:35.514180,250426_155826.000000,1,58.48537063598633,8.836395263671875,18.700000762939453,47.38999938964844,0.8799999952316284,10,137.0399932861328,1,270426_164318.000000,-2.0208072662353516,3.4739458560943604,0.009235594421625137,0.3972570598125458,0.1271466612815857,0.008996948599815369,-0.002069651149213314,-0.0002601150772534311,0.0036732570733875036,2.9886052288929932e-05,20.0
2026-04-27T17:46:38.534573,250426_155834.000000,1,58.486148834228516,8.83708667755127,22.700000762939453,38.189998626708984,0.8600000143051147,10,137.0399932861328,1,270426_164318.000000,-2.024155616760254,3.486936569213867,0.0028201420791447163,0.013262994587421417,0.1272478550672531,-0.00167226349003613,-0.0006464837933890522,-0.002176877111196518,0.0036242143251001835,3.0248003895394504e-05,16.0
2026-04-27T17:46:38.540906,250426_155834.000000,1,58.486148834228516,8.83708667755127,22.700000762939453,38.189998626708984,0.8600000143051147,10,137.0399932861328,1,270426_164318.000000,-2.024155616760254,3.486936569213867,0.0028201420791447163,0.013262994587421417,0.1272478550672531,-0.00167226349003613,-0.0006464837933890522,-0.002176877111196518,0.0036242143251001835,3.0248003895394504e-05,16.0
2026-04-27T17:46:38.541608,250426_155834.000000,1,58.486148834228516,8.83708667755127,22.700000762939453,38.189998626708984,0.8600000143051147,10,137.0399932861328,1,270426_164318.000000,-2.024155616760254,3.486936569213867,0.0028201420791447163,0.013262994587421417,0.1272478550672531,-0.00167226349003613,-0.0006464837933890522,-0.002176877111196518,0.0036242143251001835,3.0248003895394504e-05,16.0
2026-04-27T17:46:38.563905,250426_155834.000000,1,58.486148834228516,8.83708667755127,22.700000762939453,38.189998626708984,0.8600000143051147,10,137.0399932861328,1,270426_164318.000000,-2.024155616760254,3.486936569213867,0.0028201420791447163,0.013262994587421417,0.1272478550672531,-0.00167226349003613,-0.0006464837933890522,-0.002176877111196518,0.0036242143251001835,3.0248003895394504e-05,16.0
2026-04-27T17:46:41.580665,250426_155835.015625,1,58.48619079589844,8.837238311767578,23.5,37.52000045776367,0.8600000143051147,10,137.0399932861328,1,270426_164332.984375,-2.0436935424804688,3.4889395236968994,0.002942133229225874,0.07554207742214203,0.1276012659072876,-0.0008260742761194706,-0.0016747128684073687,-0.0022735625971108675,0.003641729010269046,3.233413372072391e-05,14.0
2026-04-27T17:46:44.548775,250426_155843.015625,1,58.48674011230469,8.838216781616211,24.399999618530273,41.380001068115234,0.8799999952316284,10,137.0399932861328,1,270426_164332.984375,-2.039832592010498,3.497528076171875,0.0053988732397556305,0.06850169599056244,0.1262616664171219,-0.0025550853461027145,-0.00110979238525033,-0.004624687135219574,0.003610100131481886,3.212641240679659e-05,16.0
2026-04-27T17:46:47.619915,250426_155844.000000,1,58.48685836791992,8.838239669799805,24.600000381469727,42.5099983215332,0.8600000143051147,10,137.0399932861328,1,270426_164332.984375,-2.045578956604004,3.4944980144500732,0.0031158062629401684,0.043039366602897644,0.12492502480745316,-0.00032794231083244085,0.00026201020227745175,-0.003087402554228902,0.0035980979446321726,3.1329269404523075e-05,12.0
2026-04-27T17:46:50.703113,250426_155852.000000,1,58.48781967163086,8.838319778442383,21.399999618530273,44.70000076293945,0.8799999952316284,10,137.0399932861328,1,270426_164332.984375,-2.0545289516448975,3.500833749771118,0.0019032566342502832,0.0814419835805893,0.03331334516406059,-0.0012177894823253155,0.0005962281720712781,-0.001335622277110815,0.00140473828651011,1.0577794455457479e-05,12.0
2026-04-27T17:46:53.876807,250426_155852.984375,1,58.48793029785156,8.838375091552734,21.299999237060547,45.5099983215332,0.8799999952316284,10,137.0399932861328,1,270426_164332.984375,-2.068981647491455,3.5057897567749023,0.0014152524527162313,0.04525025933980942,0.035325564444065094,-0.0005361138028092682,0.00035068613942712545,-0.0012619590852409601,0.0013764472678303719,1.151178639702266e-05,12.0
2026-04-27T17:46:56.744612,250426_155900.984375,1,58.48857879638672,8.839475631713867,19.600000381469727,49.459999084472656,0.8600000143051147,10,137.0399932861328,1,270426_164332.984375,-2.091695785522461,3.5078094005584717,0.002595799043774605,0.05211901292204857,0.042721476405858994,0.00020677603606600314,-0.0022001098841428757,-0.001361959264613688,0.0011996995890513062,1.0646832379279658e-05,14.0
2026-04-27T17:46:59.813563,250426_155902.000000,1,58.48862838745117,8.839710235595703,19.600000381469727,49.459999084472656,0.8600000143051147,10,137.0399932861328,1,270426_164348.000000,-2.1024043560028076,3.505756378173828,0.000600213825237006,0.020783718675374985,0.04493708908557892,8.96026540431194e-05,-3.5388879041420296e-05,-0.0005924319848418236,0.0012726179556921124,1.0155015843338333e-05,14.0
2026-04-27T17:47:02.810331,250426_155910.000000,1,58.489219665527344,8.841054916381836,19.600000381469727,47.040000915527344,0.8600000143051147,10,137.0399932861328,1,270426_164348.000000,-2.0961718559265137,3.51385498046875,0.002294109668582678,0.03423665091395378,0.04462656378746033,-0.002170698018744588,0.0007325076730921865,0.00012017521657980978,0.0012650276767089963,9.951048014045227e-06,16.0
2026-04-27T17:47:05.951232,250426_155911.015625,1,58.489341735839844,8.841134071350098,19.399999618530273,47.630001068115234,0.8799999952316284,10,137.0399932861328,1,270426_164348.000000,-2.0914103984832764,3.5167362689971924,0.0014333287253975868,0.033584777265787125,0.04318440333008766,-0.0010836980072781444,-0.00029059042572043836,0.0008919569663703442,0.0012656631879508495,9.105879144044593e-06,18.0
2026-04-27T17:47:08.938418,250426_155919.015625,1,58.490230560302734,8.841676712036133,17.600000381469727,46.31999969482422,0.8799999952316284,10,137.0399932861328,1,270426_164348.000000,-2.0799970626831055,3.519312858581543,0.0022032493725419044,0.09961312264204025,0.03604942932724953,-0.0010811148677021265,-0.0008307717507705092,-0.0017306983936578035,0.0012108726659789681,7.33137312636245e-06,20.0
2026-04-27T17:47:12.028504,250426_155920.000000,1,58.49032974243164,8.841753005981445,17.299999237060547,48.43000030517578,0.8799999952316284,10,137.0399932861328,1,270426_164348.000000,-2.0966739654541016,3.516542434692383,0.0016353096580132842,0.04655934125185013,0.03478216007351875,0.001382875838316977,-0.0007404875359497964,-0.00046213698806241155,0.0011798576451838017,6.675600161543116e-06,18.0
2026-04-27T17:47:15.098182,250426_155928.000000,1,58.49129104614258,8.84238338470459,11.399999618530273,51.90999984741211,0.8799999952316284,10,137.0399932861328,1,270426_164403.015625,-2.092195749282837,3.514671564102173,0.0013398269657045603,0.0443083792924881,0.02994805946946144,-0.0004033623554278165,0.000496787833981216,-0.0011771308491006494,0.001044263830408454,6.0280344769125804e-06,24.0
2026-04-27T17:47:18.043459,250426_155928.984375,1,58.49142074584961,8.842462539672852,10.899999618530273,51.90999984741211,0.8799999952316284,10,137.0399932861328,1,270426_164403.015625,-2.087730646133423,3.516984701156616,0.0010195622453466058,0.07146503031253815,0.029184607788920403,6.556991138495505e-05,-0.001009079860523343,-0.00013025187945459038,0.0009126542718149722,4.8593706196697894e-06,26.0
2026-04-27T17:47:21.118154,250426_155936.984375,1,58.492271423339844,8.843052864074707,8.199999809265137,44.959999084472656,0.8600000143051147,10,137.0399932861328,1,270426_164403.015625,-2.0871760845184326,3.517368793487549,0.0011676022550091147,0.05822150409221649,0.03165929764509201,0.0004555965424515307,0.0010684332810342312,0.0001190668044728227,0.0009146867669187486,4.923644155496731e-06,24.0
2026-04-27T17:47:24.152456,250426_155938.000000,1,58.49237823486328,8.843123435974121,8.5,45.29999923706055,0.8799999952316284,10,137.0399932861328,1,270426_164403.015625,-2.0653510093688965,3.507894992828369,0.002250367309898138,0.07159531116485596,0.034489601850509644,0.0018411594210192561,-0.0011631023371592164,-0.0005669899983331561,0.0010157900396734476,5.484631856234046e-06,26.0
2026-04-27T17:47:27.258508,250426_155946.000000,1,58.49327850341797,8.843770980834961,9.699999809265137,47.56999969482422,0.8799999952316284,10,137.0399932861328,1,270426_164418.000000,-2.0719447135925293,3.5028927326202393,0.0022794005926698446,0.10451659560203552,0.03997911140322685,-0.0022092838771641254,-3.723076224559918e-05,0.0005597738781943917,0.0011732748243957758,6.1020082284812815e-06,26.0
2026-04-27T17:47:30.321262,250426_155955.015625,1,58.49414825439453,8.844926834106445,9.800000190734863,47.06999969482422,0.9200000166893005,9,137.0399932861328,1,270426_164418.000000,-2.077939987182617,3.5120415687561035,0.003227894427254796,0.055422645062208176,0.041443176567554474,0.0005544659798033535,-0.001177408848889172,0.0029539091046899557,0.0012845725286751986,7.298644504771801e-06,24.0
2026-04-27T17:47:33.355594,250426_160004.984375,1,58.49480056762695,8.846711158752441,11.5,42.02000045776367,0.8799999952316284,10,137.0399932861328,1,270426_164418.000000,-2.072516679763794,3.497429132461548,0.007919341325759888,0.22633466124534607,0.049999795854091644,0.007396436762064695,-0.0026199796702712774,-0.0010697607649490237,0.0014534300426021218,9.41469807003159e-06,18.0
2026-04-27T17:47:33.366009,250426_160004.984375,1,58.49480056762695,8.846711158752441,11.5,42.02000045776367,0.8799999952316284,10,137.0399932861328,1,270426_164418.000000,-2.072516679763794,3.497429132461548,0.007919341325759888,0.22633466124534607,0.049999795854091644,0.007396436762064695,-0.0026199796702712774,-0.0010697607649490237,0.0014534300426021218,9.41469807003159e-06,18.0
2026-04-27T17:47:33.366634,250426_160004.984375,1,58.49480056762695,8.846711158752441,11.5,42.02000045776367,0.8799999952316284,10,137.0399932861328,1,270426_164418.000000,-2.072516679763794,3.497429132461548,0.007919341325759888,0.22633466124534607,0.049999795854091644,0.007396436762064695,-0.0026199796702712774,-0.0010697607649490237,0.0014534300426021218,9.41469807003159e-06,18.0
2026-04-27T17:47:33.387019,250426_160004.984375,1,58.49480056762695,8.846711158752441,11.5,42.02000045776367,0.8799999952316284,10,137.0399932861328,1,270426_164418.000000,-2.072516679763794,3.497429132461548,0.007919341325759888,0.22633466124534607,0.049999795854091644,0.007396436762064695,-0.0026199796702712774,-0.0010697607649490237,0.0014534300426021218,9.41469807003159e-06,18.0
2026-04-27T17:47:36.362002,250426_160012.984375,1,58.49518966674805,8.847880363464355,11.899999618530273,41.13999938964844,0.8199999928474426,11,137.0399932861328,1,270426_164432.000000,-2.0928072929382324,3.492462158203125,0.0009823138825595379,0.026456238701939583,0.11369116604328156,0.0003122165217064321,9.524023334961385e-05,0.0009264937834814191,0.003462292952463031,2.3252239770954475e-05,20.0
2026-04-27T17:47:39.407509,250426_160014.000000,1,58.4952507019043,8.848038673400879,11.899999618530273,41.13999938964844,0.8100000023841858,11,137.0399932861328,1,270426_164432.000000,-2.079127311706543,3.485781192779541,0.015252324752509594,0.5005438923835754,0.1279858499765396,0.014702870510518551,0.0003736245562322438,0.004039731342345476,0.003866839222609997,2.9689766961382702e-05,23.0
2026-04-27T17:47:42.623408,250426_160022.000000,1,58.49580001831055,8.849516868591309,12.0,50.939998626708984,0.8100000023841858,11,137.0399932861328,1,270426_164432.984375,-2.0767569541931152,3.4748072624206543,0.0017829140415415168,0.04607374593615532,0.13171035051345825,0.0010163523256778717,0.00123102986253798,-0.0007939619827084243,0.003926417790353298,3.194156670360826e-05,23.0
2026-04-27T17:47:45.700431,250426_160030.000000,1,58.49641036987305,8.851122856140137,17.100000381469727,52.310001373291016,0.8100000023841858,11,137.0399932861328,1,270426_164432.984375,-2.064955234527588,3.477917194366455,0.0033355476334691048,0.04639168828725815,0.13229374587535858,-0.0014480972895398736,0.003004101337864995,-6.532122642965987e-05,0.003927403129637241,3.143258436466567e-05,23.0
2026-04-27T17:47:48.763795,250426_160039.015625,1,58.4971809387207,8.852381706237793,21.5,39.9900016784668,0.8700000047683716,10,137.0399932861328,1,270426_164432.984375,-2.056694984436035,3.4780983924865723,0.004800316412001848,0.1439262181520462,0.13155387341976166,0.0024884941522032022,0.004102217964828014,0.00014913236373104155,0.0038890240248292685,3.080721580772661e-05,23.0
2026-04-27T17:47:52.312618,250426_160040.000000,1,58.49728012084961,8.852404594421387,22.100000381469727,42.0,0.8799999952316284,10,137.0399932861328,1,270426_164447.015625,-2.0957281589508057,3.47835636138916,0.005712147802114487,0.2317216396331787,0.11581110209226608,0.001778875943273306,0.005207119043916464,-0.0015330183086916804,0.0038729088846594095,3.386541720828973e-05,27.0
2026-04-27T17:47:55.471501,250426_160048.000000,1,58.498191833496094,8.852078437805176,25.100000381469727,46.20000076293945,0.8199999928474426,11,137.0399932861328,1,270426_164447.015625,-2.0822513103485107,3.467677354812622,0.001937368419021368,0.052245061844587326,0.11604230850934982,0.0005785101093351841,-0.00040128128603100777,0.001804908737540245,0.003820961806923151,3.272519097663462e-05,23.0
2026-04-27T17:47:58.517810,250426_160048.984375,1,58.49831008911133,8.852036476135254,25.5,46.599998474121094,0.8199999928474426,11,137.0399932861328,1,270426_164447.015625,-2.075453758239746,3.4736168384552,0.0032497758511453867,0.05434973165392876,0.09299985319375992,-0.00011716496373992413,0.002077362732961774,0.002496373141184449,0.0034155850298702717,2.4999899324029684e-05,19.0
2026-04-27T17:47:58.520217,250426_160048.984375,1,58.49831008911133,8.852036476135254,25.5,46.599998474121094,0.8199999928474426,11,137.0399932861328,1,270426_164447.015625,-2.075453758239746,3.4736168384552,0.0032497758511453867,0.05434973165392876,0.09299985319375992,-0.00011716496373992413,0.002077362732961774,0.002496373141184449,0.0034155850298702717,2.4999899324029684e-05,19.0
2026-04-27T17:48:01.575099,250426_160056.984375,1,58.499290466308594,8.852086067199707,30.200000762939453,46.599998474121094,0.8100000023841858,11,137.0399932861328,1,270426_164447.015625,-2.071871042251587,3.470386505126953,0.0027685982640832663,0.08617956191301346,0.09335235506296158,0.0012837606482207775,0.002427774015814066,0.00035072400351054966,0.003455305937677622,2.4767434297245927e-05,23.0
2026-04-27T17:48:01.575431,250426_160056.984375,1,58.499290466308594,8.852086067199707,30.200000762939453,46.599998474121094,0.8100000023841858,11,137.0399932861328,1,270426_164447.015625,-2.071871042251587,3.470386505126953,0.0027685982640832663,0.08617956191301346,0.09335235506296158,0.0012837606482207775,0.002427774015814066,0.00035072400351054966,0.003455305937677622,2.4767434297245927e-05,23.0
2026-04-27T17:48:01.575597,250426_160056.984375,1,58.499290466308594,8.852086067199707,30.200000762939453,46.599998474121094,0.8100000023841858,11,137.0399932861328,1,270426_164447.015625,-2.071871042251587,3.470386505126953,0.0027685982640832663,0.08617956191301346,0.09335235506296158,0.0012837606482207775,0.002427774015814066,0.00035072400351054966,0.003455305937677622,2.4767434297245927e-05,23.0
2026-04-27T17:48:01.599574,250426_160056.984375,1,58.499290466308594,8.852086067199707,30.200000762939453,46.599998474121094,0.8100000023841858,11,137.0399932861328,1,270426_164447.015625,-2.071871042251587,3.470386505126953,0.0027685982640832663,0.08617956191301346,0.09335235506296158,0.0012837606482207775,0.002427774015814066,0.00035072400351054966,0.003455305937677622,2.4767434297245927e-05,23.0
2026-04-27T17:48:04.623893,250426_160058.000000,1,58.49940872192383,8.852190017700195,30.799999237060547,52.369998931884766,0.8100000023841858,11,137.0399932861328,1,270426_164502.000000,-2.0798447132110596,3.468996047973633,0.0021404933650046587,0.0496240071952343,0.09170104563236237,0.0010104103712365031,-0.0017118715913966298,0.0007939002243801951,0.0034313604701310396,2.476347617630381e-05,17.0
2026-04-27T17:48:07.603694,250426_160115.015625,1,58.5015983581543,8.852829933166504,34.79999923706055,52.619998931884766,0.8100000023841858,11,137.0399932861328,1,270426_164502.000000,-2.0943925380706787,3.4669485092163086,0.0009560108301229775,0.00904646422713995,0.04291887581348419,0.0006529407110065222,0.00044865519157610834,-0.0005351014551706612,0.0012330081081017852,8.235818313551135e-06,15.0
2026-04-27T17:48:10.757847,250426_160132.984375,1,58.503700256347656,8.853639602661133,26.700000762939453,44.27000045776367,0.8199999928474426,11,137.0399932861328,1,270426_164502.000000,-2.1212172508239746,3.470824956893921,0.0020930126775056124,0.11866685003042221,0.036150552332401276,-0.00048529962077736855,0.00011545375309651718,-0.002032696967944503,0.0012500087032094598,8.069127034104895e-06,12.0
2026-04-27T17:48:13.654017,250426_160140.984375,1,58.50389099121094,8.855385780334473,16.0,49.349998474121094,0.8199999928474426,11,137.0399932861328,1,270426_164502.000000,-2.1173644065856934,3.4697906970977783,0.003221541875973344,0.09244151413440704,0.03658919408917427,-7.135829946491867e-06,0.002741303527727723,-0.0016921984497457743,0.0012669867137447,8.778937626630068e-06,10.0
2026-04-27T17:48:16.722925,250426_160200.000000,1,58.50484848022461,8.858868598937988,1.5,52.83000183105469,0.9900000095367432,10,137.0399932861328,1,270426_164502.000000,-3.973217248916626,5.623002529144287,0.4459136128425598,2.3951547145843506,0.6930553317070007,-0.24483060836791992,-0.3428862988948822,-0.1460338979959488,0.13518226146697998,0.021539637818932533,10.0
2026-04-27T17:48:19.780687,250426_160208.984375,1,58.50571823120117,8.859933853149414,-2.5999999046325684,33.25,0.9900000095367432,10,137.0399932861328,1,270426_164516.984375,-4.161369323730469,6.4891886711120605,0.1754186451435089,0.79623943567276,0.812637448310852,-0.11952460557222366,-0.07441829890012741,0.104630246758461,0.13628044724464417,0.024863116443157196,10.0
2026-04-27T17:48:22.882954,250426_160218.000000,1,58.50603103637695,8.861448287963867,-1.7000000476837158,36.630001068115234,0.8299999833106995,11,137.0399932861328,1,270426_164516.984375,-3.9552786350250244,5.41385555267334,0.13512638211250305,2.415569543838501,1.232811689376831,0.10120542347431183,-0.08697481453418732,-0.021259887143969536,0.13779324293136597,0.031612709164619446,10.0
2026-04-27T17:48:25.838603,250426_160227.015625,1,58.50579071044922,8.862234115600586,2.4000000953674316,14.119999885559082,0.8100000023841858,11,137.0399932861328,1,270426_164516.984375,-5.5963358879089355,3.9241843223571777,0.08727309852838516,2.7120392322540283,1.4145207405090332,-0.03792552649974823,-0.061708126217126846,0.04868628829717636,0.13211309909820557,0.043715786188840866,14.0
2026-04-27T17:48:29.045535,250426_160235.015625,1,58.50503921508789,8.861664772033691,4.099999904632568,39.72999954223633,0.8299999833106995,11,137.0399932861328,1,270426_164516.984375,-5.7087225914001465,3.6815032958984375,0.08007143437862396,1.9921810626983643,1.3656460046768188,0.03052837960422039,-0.06632818281650543,-0.032863736152648926,0.10681522637605667,0.05047832056879997,12.0
2026-04-27T17:48:32.261932,250426_160236.000000,1,58.504940032958984,8.86169147491455,4.199999809265137,41.650001525878906,0.8100000023841858,11,137.0399932861328,1,270426_164516.984375,-5.7764973640441895,3.12893009185791,0.11101000010967255,2.4791805744171143,1.3426313400268555,0.019962970167398453,-0.044755127280950546,0.09960763156414032,0.0776248350739479,0.03727903589606285,14.0
2026-04-27T17:48:35.202938,250426_160244.000000,1,58.504249572753906,8.86246109008789,3.4000000953674316,40.0099983215332,0.9700000882148743,9,137.0399932861328,1,270426_164518.000000,-6.067467212677002,3.8740804195404053,0.40091073513031006,5.209950923919678,1.433858036994934,-0.14315082132816315,0.2434903234243393,0.2845166325569153,0.07902394235134125,0.04165700078010559,16.0
2026-04-27T17:48:38.286500,250426_160244.984375,1,58.50419998168945,8.86262321472168,3.200000047683716,40.04999923706055,1.0399999618530273,8,137.0399932861328,1,270426_164518.000000,-6.696855068206787,4.174909591674805,0.24982692301273346,3.1072728633880615,1.3898824453353882,-0.11842550337314606,-0.0643140971660614,0.2103630006313324,0.08360538631677628,0.04117635637521744,14.0
2026-04-27T17:48:41.403273,250426_160252.984375,1,58.50373077392578,8.863943099975586,-0.699999988079071,40.04999923706055,0.9700000882148743,9,137.0399932861328,1,270426_164518.000000,-6.737043380737305,4.408079147338867,0.24088813364505768,1.79615318775177,1.4086121320724487,-0.05944877117872238,-0.06764890998601913,-0.2234201580286026,0.07945093512535095,0.037346433848142624,16.0
2026-04-27T17:48:44.384621,250426_160254.000000,1,58.503658294677734,8.864053726196289,-1.0,38.36000061035156,0.9700000882148743,9,137.0399932861328,1,270426_164518.000000,-6.4699225425720215,4.981505870819092,0.2504594922065735,3.751638174057007,1.7137157917022705,-0.03300804644823074,-0.04890060052275658,-0.24341149628162384,0.08507093042135239,0.042135704308748245,16.0
2026-04-27T17:48:47.631791,250426_160302.000000,1,58.50276184082031,8.863823890686035,-1.2999999523162842,49.130001068115234,0.8299999833106995,11,137.0399932861328,1,270426_164532.984375,-6.69235897064209,5.004208087921143,0.2913784682750702,1.9535009860992432,1.7360693216323853,0.06357046216726303,-0.16531558334827423,-0.2313675880432129,0.08733908087015152,0.04732701927423477,14.0
2026-04-27T17:48:50.823047,250426_160303.015625,1,58.50263977050781,8.863763809204102,-0.8999999761581421,49.83000183105469,0.8299999833106995,11,137.0399932861328,1,270426_164532.984375,-7.846264839172363,4.57076358795166,0.24454134702682495,1.8690530061721802,1.6673864126205444,0.04497986659407616,-0.11999195069074631,0.20827677845954895,0.0765717625617981,0.04282098636031151,16.0
2026-04-27T17:48:53.902362,250426_160311.015625,1,58.5017204284668,8.863544464111328,0.6000000238418579,42.84000015258789,0.8299999833106995,11,137.0399932861328,1,270426_164532.984375,-8.179096221923828,3.797123432159424,0.10777182132005692,3.7675561904907227,1.7462857961654663,0.04824978485703468,0.09636154770851135,-0.0010850261896848679,0.0760277509689331,0.04727362468838692,16.0
2026-04-27T17:48:56.857902,250426_160319.015625,1,58.50099182128906,8.863645553588867,1.899999976158142,33.400001525878906,0.8299999833106995,11,137.0399932861328,1,270426_164547.015625,-7.928374767303467,2.997288227081299,0.36546874046325684,2.9531049728393555,1.6333603858947754,0.27187612652778625,0.06018129736185074,0.23670440912246704,0.06722471117973328,0.04899078235030174,15.0
2026-04-27T17:48:59.868634,250426_160320.000000,1,58.500911712646484,8.86368179321289,2.5999999046325684,34.34000015258789,0.8299999833106995,11,137.0399932861328,1,270426_164547.015625,-7.449990749359131,2.589097738265991,0.19398845732212067,1.0573203563690186,1.671696424484253,0.08289890736341476,0.08149819076061249,-0.15529759228229523,0.07432206720113754,0.05006883665919304,15.0
2026-04-27T17:49:03.001964,250426_160328.000000,1,58.500240325927734,8.863987922668457,4.699999809265137,37.189998626708984,0.8199999928474426,11,137.0399932861328,1,270426_164547.015625,-6.899374008178711,2.839658498764038,0.19975806772708893,2.9345803260803223,1.7841428518295288,0.0057991500943899155,0.13908039033412933,-0.14327001571655273,0.08063304424285889,0.04763170704245567,15.0
2026-04-27T17:49:06.076400,250426_160336.984375,1,58.49974822998047,8.864581108093262,8.699999809265137,23.56999969482422,0.8199999928474426,11,137.0399932861328,1,270426_164547.015625,-6.970892429351807,2.0988047122955322,0.22786617279052734,2.208090305328369,1.89112389087677,-0.02214346081018448,-0.04526027292013168,-0.22222548723220825,0.08461833745241165,0.0470968522131443,15.0
2026-04-27T17:49:09.005449,250426_160338.000000,1,58.49977111816406,8.86469841003418,8.399999618530273,22.0,0.8299999833106995,11,137.0399932861328,1,270426_164602.000000,-6.625095367431641,1.2395703792572021,0.15183736383914948,6.650172710418701,1.9651978015899658,0.08879829198122025,-0.07608667016029358,-0.09685178101062775,0.09585754573345184,0.05474967509508133,16.0
2026-04-27T17:49:12.266211,250426_160346.000000,1,58.49977111816406,8.86594009399414,7.400000095367432,40.279998779296875,0.8899999856948853,10,137.0399932861328,1,270426_164602.000000,-7.189970016479492,1.155321717262268,0.1646243929862976,0.6682190299034119,1.9671660661697388,0.02979491651058197,-0.10715854167938232,0.12136926501989365,0.10024642944335938,0.04934021830558777,16.0
2026-04-27T17:49:15.437687,250426_160347.015625,1,58.49977111816406,8.866131782531738,7.5,40.91999816894531,0.8899999856948853,10,137.0399932861328,1,270426_164602.000000,-6.962057113647461,0.4436721205711365,0.10255066305398941,1.795093297958374,1.9432891607284546,0.04325913265347481,0.06735841184854507,-0.06409469246864319,0.09692472964525223,0.045492302626371384,16.0
2026-04-27T17:49:18.371466,250426_160355.015625,1,58.499610900878906,8.867804527282715,5.699999809265137,41.81999969482422,1.2300000190734863,9,137.0399932861328,1,270426_164602.000000,-6.119473457336426,-0.45784586668014526,0.2823086380958557,1.4506220817565918,2.2680885791778564,0.20857855677604675,-0.0025637298822402954,0.1902276873588562,0.10296513140201569,0.05239171162247658,16.0
2026-04-27T17:49:21.229929,250426_160356.000000,1,58.49958038330078,8.868005752563477,5.099999904632568,41.90999984741211,1.2300000190734863,9,137.0399932861328,1,270426_164602.000000,-6.742698669433594,-2.464970588684082,0.30090034008026123,1.3723193407058716,2.0969181060791016,0.050374917685985565,-0.029684562236070633,0.29516473412513733,0.10112389177083969,0.05218064412474632,16.0
2026-04-27T17:49:24.293119,250426_160404.000000,1,58.499210357666016,8.869373321533203,3.799999952316284,40.529998779296875,1.2300000190734863,9,137.0399932861328,1,270426_164602.000000,-6.436877727508545,-2.424349784851074,0.10066279023885727,3.2382118701934814,2.0297975540161133,0.00974990613758564,-0.04192235320806503,0.09099699556827545,0.09636460244655609,0.05414148420095444,16.0
2026-04-27T17:49:27.381255,250426_160404.984375,1,58.499149322509766,8.869527816772461,3.4000000953674316,38.869998931884766,1.2300000190734863,9,137.0399932861328,1,270426_164602.000000,-6.551821231842041,-3.1703739166259766,0.3944007158279419,2.5338997840881348,2.1731371879577637,0.11643575131893158,-0.0396277941763401,0.37473228573799133,0.09375379234552383,0.06404490768909454,16.0
2026-04-27T17:49:30.713662,250426_160412.984375,1,58.49890899658203,8.870630264282227,3.5,26.600000381469727,0.8799999952316284,10,137.0399932861328,1,270426_164616.984375,-6.569946765899658,-3.501441240310669,0.14117646217346191,3.19758677482605,2.3300838470458984,-0.08546838909387589,-0.07329559326171875,-0.08516867458820343,0.08845178037881851,0.06511713564395905,16.0
2026-04-27T17:49:30.714011,250426_160412.984375,1,58.49890899658203,8.870630264282227,3.5,26.600000381469727,0.8799999952316284,10,137.0399932861328,1,270426_164616.984375,-6.569946765899658,-3.501441240310669,0.14117646217346191,3.19758677482605,2.3300838470458984,-0.08546838909387589,-0.07329559326171875,-0.08516867458820343,0.08845178037881851,0.06511713564395905,16.0
2026-04-27T17:49:30.714371,250426_160412.984375,1,58.49890899658203,8.870630264282227,3.5,26.600000381469727,0.8799999952316284,10,137.0399932861328,1,270426_164616.984375,-6.569946765899658,-3.501441240310669,0.14117646217346191,3.19758677482605,2.3300838470458984,-0.08546838909387589,-0.07329559326171875,-0.08516867458820343,0.08845178037881851,0.06511713564395905,16.0
2026-04-27T17:49:30.744264,250426_160412.984375,1,58.49890899658203,8.870630264282227,3.5,26.600000381469727,0.8799999952316284,10,137.0399932861328,1,270426_164616.984375,-6.569946765899658,-3.501441240310669,0.14117646217346191,3.19758677482605,2.3300838470458984,-0.08546838909387589,-0.07329559326171875,-0.08516867458820343,0.08845178037881851,0.06511713564395905,16.0
2026-04-27T17:49:33.505585,250426_160414.000000,1,58.4988899230957,8.870757102966309,3.4000000953674316,26.719999313354492,0.8799999952316284,10,137.0399932861328,1,270426_164616.984375,-6.360245227813721,-4.14760160446167,0.20175601541996002,0.9520720839500427,2.446883201599121,0.09182241559028625,-0.032294534146785736,-0.17672349512577057,0.09054524451494217,0.059877894818782806,14.0
2026-04-27T17:49:36.590093,250426_160422.000000,1,58.4987907409668,8.871871948242188,3.0999999046325684,29.770000457763672,0.8700000047683716,10,137.0399932861328,1,270426_164616.984375,-6.281552314758301,-4.709915637969971,0.2286725491285324,2.4263463020324707,2.480792760848999,-0.04138612747192383,0.03634253889322281,-0.22194041311740875,0.0923597663640976,0.06382515281438828,14.0
2026-04-27T17:49:39.665477,250426_160440.984375,1,58.49837875366211,8.874591827392578,-2.700000047683716,31.719999313354492,0.9300000071525574,10,137.0399932861328,1,270426_164616.984375,-6.66367244720459,-5.888915538787842,0.45963066816329956,4.1453776359558105,2.5609350204467773,0.33712759613990784,-0.1025259792804718,0.29511651396751404,0.0959327220916748,0.059164296835660934,14.0
2026-04-27T17:49:42.741680,250426_160448.984375,1,58.49837112426758,8.87578010559082,-3.4000000953674316,38.75,0.8299999833106995,11,137.0399932861328,1,270426_164632.000000,-7.044642448425293,-6.084245681762695,0.21858517825603485,2.1386353969573975,2.33210825920105,0.039866894483566284,-0.026647137477993965,0.2132604867219925,0.08402062207460403,0.04820253700017929,14.0
2026-04-27T17:49:45.716012,250426_160456.984375,1,58.49872970581055,8.876994132995605,-1.5,26.1200008392334,0.8299999833106995,11,137.0399932861328,1,270426_164632.000000,-7.180461406707764,-6.922603607177734,0.351286917924881,2.5553412437438965,1.7434815168380737,0.09558024257421494,0.05782266706228256,0.33305174112319946,0.08430194109678268,0.05003644898533821,14.0
2026-04-27T17:49:48.838167,250426_160458.000000,1,58.498741149902344,8.877120018005371,-1.399999976158142,26.780000686645508,0.8299999833106995,11,137.0399932861328,1,270426_164632.000000,-7.5303239822387695,-5.950680732727051,0.3187277913093567,2.894216299057007,1.6753145456314087,-0.11653078347444534,-0.056043315678834915,-0.2913196086883545,0.07494135200977325,0.04979903623461723,14.0
2026-04-27T17:49:51.850443,250426_160506.000000,1,58.49909973144531,8.87739372253418,-1.7000000476837158,22.8799991607666,0.9300000071525574,10,137.0399932861328,1,270426_164632.000000,-7.240351676940918,-5.943314552307129,0.3260799050331116,0.8837958574295044,1.7421396970748901,0.08997583389282227,0.04274589568376541,0.3104919493198395,0.07708244025707245,0.05145491659641266,11.0
2026-04-27T17:49:55.022228,250426_160507.015625,1,58.499149322509766,8.877172470092773,-1.399999976158142,32.220001220703125,0.9300000071525574,10,137.0399932861328,1,270426_164632.000000,-6.8907246589660645,-5.467843055725098,0.18579451739788055,4.120053768157959,1.5997766256332397,0.07350696623325348,0.16381680965423584,0.04775340482592583,0.06998978555202484,0.049294013530015945,13.0
2026-04-27T17:49:57.907398,250426_160516.000000,1,58.49980163574219,8.87539005279541,-2.0,57.2400016784668,0.9300000071525574,10,137.0399932861328,1,270426_164647.015625,-6.56724739074707,-5.561614036560059,0.13604037463665009,3.5639214515686035,1.6651450395584106,-0.0774708166718483,-0.03718212991952896,0.10546441376209259,0.07182243466377258,0.05223130062222481,13.0
2026-04-27T17:50:01.071248,250426_160524.000000,1,58.50054931640625,8.874014854431152,-2.799999952316284,45.22999954223633,0.9300000071525574,10,137.0399932861328,1,270426_164647.015625,-7.5235419273376465,-5.133515357971191,0.2868269085884094,4.177440166473389,1.5921038389205933,-0.12713231146335602,-0.09148623049259186,-0.24028590321540833,0.0741254910826683,0.05003290995955467,15.0
2026-04-27T17:50:04.251875,250426_160524.984375,1,58.500648498535156,8.873921394348145,-3.0,43.61000061035156,0.9300000071525574,10,137.0399932861328,1,270426_164647.015625,-7.672329902648926,-5.255919456481934,0.22423358261585236,1.1918531656265259,1.5740268230438232,-0.038335345685482025,-0.04572255536913872,-0.21614937484264374,0.07102929800748825,0.04980546981096268,15.0
2026-04-27T17:50:07.322629,250426_160532.984375,1,58.501190185546875,8.87370777130127,-1.7999999523162842,14.34000015258789,0.8299999833106995,11,137.0399932861328,1,270426_164647.015625,-6.928608417510986,-4.798133373260498,0.17943468689918518,9.103811264038086,1.915578842163086,0.007716017309576273,0.04840466380119324,-0.17261013388633728,0.06878627836704254,0.05295361950993538,16.0
2026-04-27T17:50:10.388194,250426_160540.984375,1,58.50162887573242,8.873746871948242,1.399999976158142,34.279998779296875,0.8299999833106995,11,137.0399932861328,1,270426_164647.015625,-6.960179805755615,-5.018191814422607,0.32640284299850464,3.0771801471710205,1.885707139968872,0.11660682410001755,0.22531092166900635,0.20536956191062927,0.07417883723974228,0.05248915031552315,16.0
2026-04-27T17:50:13.555479,250426_160550.000000,1,58.502750396728516,8.874518394470215,11.5,61.0,0.8199999928474426,11,137.0399932861328,1,270426_164647.015625,-6.405957221984863,-4.97990083694458,0.26478856801986694,8.187643051147461,2.300328254699707,-0.1342887282371521,0.002186885103583336,-0.22819888591766357,0.0857800617814064,0.05462561920285225,16.0
2026-04-27T17:50:16.840953,250426_160559.015625,1,58.50410079956055,8.874801635742188,18.100000381469727,61.779998779296875,0.8199999928474426,11,137.0399932861328,1,270426_164647.015625,-6.540750503540039,-4.579633712768555,0.20441049337387085,0.8808269500732422,2.428535223007202,-0.18726129829883575,0.0026688906364142895,-0.08191296458244324,0.08772429823875427,0.05728600174188614,14.0
2026-04-27T17:50:19.915038,250426_160608.000000,1,58.505409240722656,8.873978614807129,25.600000381469727,58.5,0.8199999928474426,11,137.0399932861328,1,270426_164647.015625,-6.290616035461426,-3.2544033527374268,0.12945178151130676,4.984114170074463,2.55320405960083,-0.07740486413240433,0.10070717334747314,-0.024986248463392258,0.093636155128479,0.06186890974640846,15.0
2026-04-27T17:50:19.915456,250426_160608.000000,1,58.505409240722656,8.873978614807129,25.600000381469727,58.5,0.8199999928474426,11,137.0399932861328,1,270426_164647.015625,-6.290616035461426,-3.2544033527374268,0.12945178151130676,4.984114170074463,2.55320405960083,-0.07740486413240433,0.10070717334747314,-0.024986248463392258,0.093636155128479,0.06186890974640846,15.0
2026-04-27T17:50:19.915759,250426_160608.000000,1,58.505409240722656,8.873978614807129,25.600000381469727,58.5,0.8199999928474426,11,137.0399932861328,1,270426_164647.015625,-6.290616035461426,-3.2544033527374268,0.12945178151130676,4.984114170074463,2.55320405960083,-0.07740486413240433,0.10070717334747314,-0.024986248463392258,0.093636155128479,0.06186890974640846,15.0
2026-04-27T17:50:19.923312,250426_160608.000000,1,58.505409240722656,8.873978614807129,25.600000381469727,58.5,0.8199999928474426,11,137.0399932861328,1,270426_164647.015625,-6.290616035461426,-3.2544033527374268,0.12945178151130676,4.984114170074463,2.55320405960083,-0.07740486413240433,0.10070717334747314,-0.024986248463392258,0.093636155128479,0.06186890974640846,15.0
2026-04-27T17:50:23.083847,250426_160616.000000,1,58.5064811706543,8.873186111450195,26.399999618530273,56.349998474121094,0.8799999952316284,10,137.0399932861328,1,270426_164647.015625,-6.794127941131592,-2.6021344661712646,0.22405830025672913,12.029841423034668,2.8273937702178955,-0.15395691990852356,-0.04077707231044769,-0.1575963795185089,0.09448128193616867,0.06451603770256042,15.0
2026-04-27T17:50:26.160410,250426_160616.984375,1,58.50659942626953,8.873065948486328,26.600000381469727,57.349998474121094,0.8700000047683716,10,137.0399932861328,1,270426_164647.015625,-6.921976089477539,-2.7728490829467773,0.16686974465847015,7.191885471343994,2.916306972503662,0.023406345397233963,0.006906433030962944,-0.1650756150484085,0.08127128332853317,0.06152311712503433,15.0
2026-04-27T17:50:29.234011,250426_160626.000000,1,58.50749969482422,8.871227264404297,27.799999237060547,61.630001068115234,0.9399999976158142,9,137.0399932861328,1,270426_164647.015625,-7.434431552886963,-2.050900936126709,0.24771524965763092,1.9567569494247437,2.640300989151001,0.01664086803793907,-0.002734582871198654,0.2471405416727066,0.08074340224266052,0.05514194443821907,15.0
2026-04-27T17:50:32.192675,250426_160635.015625,1,58.507850646972656,8.868606567382812,32.099998474121094,62.38999938964844,0.8600000143051147,10,137.0399932861328,1,270426_164647.015625,-7.703429222106934,-1.5142043828964233,0.23871901631355286,1.5614184141159058,2.5552546977996826,-0.05180906131863594,-0.1571018099784851,0.17210930585861206,0.07076338678598404,0.051729850471019745,15.0
2026-04-27T17:50:35.242857,250426_160644.000000,1,58.50836181640625,8.867058753967285,33.599998474121094,32.02000045776367,0.8199999928474426,11,137.0399932861328,1,270426_164647.015625,-7.791851997375488,-0.5978696942329407,0.14746515452861786,2.5571162700653076,2.5933914184570312,-0.07276463508605957,-0.0896531268954277,-0.0917256698012352,0.07897049933671951,0.058043017983436584,13.0
2026-04-27T17:50:38.358809,250426_160644.984375,1,58.50846862792969,8.867094993591309,33.70000076293945,36.27000045776367,0.8199999928474426,11,137.0399932861328,1,270426_164647.015625,-7.807376384735107,-0.24409271776676178,0.09133802354335785,3.9011759757995605,2.234288215637207,-0.02832372859120369,-0.07864687591791153,-0.03681125119328499,0.08522114157676697,0.05945773422718048,13.0
2026-04-27T17:50:41.407795,250426_160702.000000,1,58.51066970825195,8.866415023803711,31.600000381469727,27.280000686645508,1.8799999952316284,7,137.0399932861328,1,270426_164647.015625,-7.439630508422852,0.07219555228948593,0.2745761573314667,1.5282113552093506,2.3674583435058594,-0.040060438215732574,0.06843876838684082,0.26287519931793213,0.09844417124986649,0.0659564957022667,15.0
2026-04-27T17:50:44.432478,250426_160703.015625,1,58.51068115234375,8.866304397583008,31.799999237060547,22.100000381469727,1.4299999475479126,8,137.0399932861328,1,270426_164731.015625,-7.672906875610352,0.3336169719696045,0.14104285836219788,2.245079755783081,2.4562630653381348,-0.0741259977221489,-0.09520519524812698,-0.07303696125745773,0.09560685604810715,0.06831220537424088,15.0
2026-04-27T17:50:47.423527,250426_160711.015625,1,58.51007080078125,8.865571975708008,30.600000381469727,46.5099983215332,0.8700000047683716,10,137.0399932861328,1,270426_164731.015625,-7.458394527435303,0.9034685492515564,0.47280991077423096,4.958703994750977,2.4296631813049316,0.04985605180263519,0.16537639498710632,0.4401297867298126,0.09609397500753403,0.06365928798913956,14.0
2026-04-27T17:50:50.519406,250426_160712.000000,1,58.50994110107422,8.865496635437012,30.399999618530273,49.29999923706055,0.8799999952316284,10,137.0399932861328,1,270426_164744.984375,-7.590497970581055,0.09457013756036758,0.3305334746837616,1.9285298585891724,2.4306907653808594,0.19268034398555756,-0.150089293718338,0.2227102667093277,0.09800685197114944,0.0644061267375946,14.0
2026-04-27T17:50:53.583243,250426_160720.984375,1,58.508750915527344,8.864706039428711,26.600000381469727,56.68000030517578,0.9700000882148743,9,137.0399932861328,1,270426_164744.984375,-7.837777614593506,0.4843973219394684,0.11433082818984985,3.194154977798462,2.2370240688323975,-0.020471492782235146,-0.11247343569993973,0.0014779400080442429,0.09753313660621643,0.0631798580288887,12.0
2026-04-27T17:50:56.602557,250426_160728.984375,1,58.507720947265625,8.863862991333008,27.299999237060547,55.11000061035156,1.0499999523162842,8,137.0399932861328,1,270426_164744.984375,-7.885921001434326,0.3957092761993408,0.27164140343666077,1.561377763748169,2.2366981506347656,0.053454022854566574,-0.027730833739042282,0.2648824453353882,0.08682017028331757,0.06212354823946953,12.0
2026-04-27T17:50:59.665836,250426_160738.000000,1,58.50666046142578,8.862854957580566,26.799999237060547,51.119998931884766,0.949999988079071,9,137.0399932861328,1,270426_164744.984375,-8.067967414855957,-0.2994922697544098,0.3150588870048523,2.242889404296875,2.270636558532715,-0.03832594305276871,-0.04461805149912834,-0.3095197081565857,0.08875145763158798,0.057120561599731445,14.0
2026-04-27T17:50:59.666248,250426_160738.000000,1,58.50666046142578,8.862854957580566,26.799999237060547,51.119998931884766,0.949999988079071,9,137.0399932861328,1,270426_164744.984375,-8.067967414855957,-0.2994922697544098,0.3150588870048523,2.242889404296875,2.270636558532715,-0.03832594305276871,-0.04461805149912834,-0.3095197081565857,0.08875145763158798,0.057120561599731445,14.0
2026-04-27T17:50:59.670512,250426_160738.000000,1,58.50666046142578,8.862854957580566,26.799999237060547,51.119998931884766,0.949999988079071,9,137.0399932861328,1,270426_164744.984375,-8.067967414855957,-0.2994922697544098,0.3150588870048523,2.242889404296875,2.270636558532715,-0.03832594305276871,-0.04461805149912834,-0.3095197081565857,0.08875145763158798,0.057120561599731445,14.0
2026-04-27T17:50:59.703667,250426_160738.000000,1,58.50666046142578,8.862854957580566,26.799999237060547,51.119998931884766,0.949999988079071,9,137.0399932861328,1,270426_164744.984375,-8.067967414855957,-0.2994922697544098,0.3150588870048523,2.242889404296875,2.270636558532715,-0.03832594305276871,-0.04461805149912834,-0.3095197081565857,0.08875145763158798,0.057120561599731445,14.0
2026-04-27T17:51:02.778576,250426_160739.015625,1,58.50653839111328,8.862763404846191,26.700000762939453,48.689998626708984,0.9599999189376831,9,137.0399932861328,1,270426_164744.984375,-8.284158706665039,-0.4694652855396271,0.12082258611917496,3.6545217037200928,2.269002676010132,0.027813266962766647,-0.06958724558353424,0.09477412700653076,0.09802965819835663,0.06484588980674744,14.0
2026-04-27T17:51:05.868659,250426_160747.015625,1,58.5059814453125,8.862105369567871,26.0,25.260000228881836,0.8799999952316284,10,137.0399932861328,1,270426_164744.984375,-7.607572555541992,-0.4099099934101105,0.20651398599147797,0.9732242226600647,2.2188026905059814,0.11064574867486954,0.12361595034599304,-0.12298227846622467,0.09970546513795853,0.060372959822416306,16.0
2026-04-27T17:51:08.747090,250426_160756.000000,1,58.50598907470703,8.860456466674805,25.899999618530273,44.189998626708984,0.8399999737739563,11,137.0399932861328,1,270426_164744.984375,-6.963133811950684,-0.2885749042034149,0.31973156332969666,3.15875244140625,2.0352911949157715,-5.187815986573696e-05,-0.0007536262273788452,-0.319730669260025,0.09538134932518005,0.06189488247036934,18.0
2026-04-27T17:51:11.840511,250426_160804.000000,1,58.50524139404297,8.859207153320312,20.0,53.939998626708984,0.8399999737739563,11,210.57000732421875,1,270426_164800.000000,-5.973916530609131,-0.33213403820991516,0.5008605122566223,2.9059224128723145,1.8719003200531006,0.03470059484243393,0.3589719533920288,0.3475574851036072,0.10835354775190353,0.0674983337521553,16.0
2026-04-27T17:51:14.922277,250426_160804.984375,1,58.50511932373047,8.859075546264648,19.700000762939453,52.91999816894531,0.8199999928474426,11,210.57000732421875,1,270426_164800.000000,-5.730905532836914,-0.3013821542263031,0.10327279567718506,2.5020663738250732,1.8795650005340576,-0.009835097938776016,-0.060174185782670975,0.08335231244564056,0.10860089957714081,0.07050496339797974,16.0
2026-04-27T17:51:17.844273,250426_160812.984375,1,58.50421905517578,8.858197212219238,19.299999237060547,49.040000915527344,0.8199999928474426,11,210.57000732421875,1,270426_164800.000000,-4.928467750549316,-0.5926973223686218,0.3397246301174164,4.374897480010986,2.1832680702209473,-0.03097323328256607,0.15733538568019867,0.2994979918003082,0.09236560016870499,0.0732274129986763,16.0
2026-04-27T17:51:20.934001,250426_160822.000000,1,58.50386047363281,8.856395721435547,17.600000381469727,50.41999816894531,0.8199999928474426,11,210.57000732421875,1,270426_164800.000000,-5.225684642791748,-0.8018937110900879,0.4393979609012604,3.7460052967071533,2.0152363777160645,0.028769731521606445,0.03389254957437515,0.4371431767940521,0.09763751924037933,0.06942424178123474,16.0
2026-04-27T17:51:24.004972,250426_160831.015625,1,58.50389099121094,8.8543701171875,20.399999618530273,47.599998474121094,1.0499999523162842,9,210.57000732421875,1,270426_164815.015625,-5.771283149719238,-0.47962984442710876,0.22315484285354614,3.579883098602295,1.9814237356185913,-0.10692355781793594,-0.09657284617424011,0.170408695936203,0.09418333321809769,0.07002170383930206,14.0
2026-04-27T17:51:27.082948,250426_160832.000000,1,58.50389099121094,8.854145050048828,21.200000762939453,46.11000061035156,0.8199999928474426,11,210.57000732421875,1,270426_164815.015625,-6.116440296173096,-0.8753147721290588,0.30054110288619995,4.522768974304199,1.9756783246994019,0.022464768961071968,0.1766510158777237,0.24210473895072937,0.08982598036527634,0.0665237233042717,14.0
2026-04-27T17:51:30.047081,250426_160840.000000,1,58.50325012207031,8.853203773498535,25.799999237060547,47.29999923706055,0.8199999928474426,11,210.57000732421875,1,270426_164815.015625,-6.57961368560791,-0.8968795537948608,0.22956499457359314,1.9120033979415894,1.9107067584991455,-0.027914414182305336,-0.0581594854593277,-0.22031420469284058,0.08099937438964844,0.056339070200920105,14.0
2026-04-27T17:51:33.159572,250426_160848.984375,1,58.50218963623047,8.85340404510498,30.5,46.5,0.8399999737739563,11,210.57000732421875,1,270426_164828.984375,-6.74638557434082,-0.7148117423057556,0.09767288714647293,4.8959431648254395,1.6308889389038086,0.07059453427791595,-0.02452409826219082,-0.06288857012987137,0.08072963356971741,0.0499173067510128,14.0
2026-04-27T17:51:36.117655,250426_160850.000000,1,58.502079010009766,8.853315353393555,31.100000381469727,49.75,0.8700000047683716,10,210.57000732421875,1,270426_164828.984375,-6.8476243019104,-0.7969924211502075,0.3172309398651123,3.812187671661377,1.8103564977645874,-0.0015663348603993654,0.12438316643238068,0.2918250560760498,0.06551995873451233,0.045929793268442154,14.0
2026-04-27T17:51:39.339814,250426_160856.984375,1,58.50127029418945,8.852639198303223,35.099998474121094,49.75,0.8999999761581421,10,210.57000732421875,1,270426_164828.984375,-7.211761474609375,-0.12933659553527832,0.25959640741348267,2.293909788131714,1.8184922933578491,-0.06045578792691231,-0.05744469165802002,0.24583633244037628,0.07010675221681595,0.047646015882492065,14.0
2026-04-27T17:51:42.209716,250426_160858.000000,1,58.501129150390625,8.852636337280273,35.70000076293945,53.709999084472656,0.8700000047683716,10,210.57000732421875,1,270426_164828.984375,-7.330856800079346,0.06680132448673248,0.25123512744903564,6.5078277587890625,1.7294188737869263,-0.053810395300388336,0.233201265335083,0.0764245092868805,0.0709056556224823,0.050483349710702896,16.0
2026-04-27T17:51:45.319040,250426_160859.015625,1,58.500999450683594,8.852675437927246,36.29999923706055,52.59000015258789,0.8799999952316284,10,210.57000732421875,1,270426_164844.000000,-7.46409797668457,-0.36602848768234253,0.4118744134902954,6.3307061195373535,1.8451192378997803,0.11670662462711334,0.23207181692123413,0.31962913274765015,0.07776693254709244,0.05225208401679993,14.0
2026-04-27T17:51:45.319313,250426_160859.015625,1,58.500999450683594,8.852675437927246,36.29999923706055,52.59000015258789,0.8799999952316284,10,210.57000732421875,1,270426_164844.000000,-7.46409797668457,-0.36602848768234253,0.4118744134902954,6.3307061195373535,1.8451192378997803,0.11670662462711334,0.23207181692123413,0.31962913274765015,0.07776693254709244,0.05225208401679993,14.0
2026-04-27T17:51:48.448916,250426_160907.015625,1,58.49998092651367,8.852883338928223,39.5,49.02000045776367,0.8799999952316284,10,210.57000732421875,1,270426_164844.000000,-7.268333435058594,0.0733838677406311,0.15687623620033264,8.553038597106934,2.125079393386841,-0.06188992038369179,-0.04119617119431496,-0.1381400227546692,0.08136296272277832,0.05619911104440689,16.0
2026-04-27T17:51:51.447810,250426_160908.000000,1,58.49987030029297,8.852801322937012,39.400001525878906,50.58000183105469,0.8799999952316284,10,210.57000732421875,1,270426_164844.000000,-6.998321533203125,0.3880554139614105,0.2873879075050354,3.1344425678253174,2.0617287158966064,-0.01450725831091404,-0.06377392262220383,-0.27984681725502014,0.08744318783283234,0.05697373300790787,14.0
2026-04-27T17:51:51.448080,250426_160908.000000,1,58.49987030029297,8.852801322937012,39.400001525878906,50.58000183105469,0.8799999952316284,10,210.57000732421875,1,270426_164844.000000,-6.998321533203125,0.3880554139614105,0.2873879075050354,3.1344425678253174,2.0617287158966064,-0.01450725831091404,-0.06377392262220383,-0.27984681725502014,0.08744318783283234,0.05697373300790787,14.0
2026-04-27T17:51:54.444179,250426_160916.000000,1,58.49898910522461,8.851913452148438,38.5,47.63999938964844,0.8399999737739563,11,210.57000732421875,1,270426_164844.000000,-7.004751205444336,0.8446192741394043,0.10795988887548447,1.253969430923462,2.525357961654663,-0.019131815060973167,-0.06664465367794037,0.08275146037340164,0.10231807827949524,0.05900464206933975,14.0
2026-04-27T17:51:57.512669,250426_160916.984375,1,58.498878479003906,8.851835250854492,38.599998474121094,47.63999938964844,0.8199999928474426,11,210.57000732421875,1,270426_164844.000000,-6.985654830932617,1.0793026685714722,0.24894417822360992,5.675125598907471,2.755322217941284,-0.11982247233390808,-0.08690010011196136,-0.20016030967235565,0.1087104007601738,0.05779244005680084,13.0
2026-04-27T17:52:00.561504,250426_160924.984375,1,58.49795150756836,8.851995468139648,34.900001525878906,45.279998779296875,0.8399999737739563,11,210.57000732421875,1,270426_164844.984375,-7.741176128387451,0.7149640321731567,0.2009200006723404,1.492397665977478,2.7313694953918457,0.03469081223011017,-0.05773109942674637,-0.18929477035999298,0.1026277095079422,0.053836893290281296,13.0
2026-04-27T17:52:03.633401,250426_160934.000000,1,58.4969482421875,8.852192878723145,32.099998474121094,37.11000061035156,0.8399999737739563,11,210.57000732421875,1,270426_164844.984375,-7.686565399169922,0.21849411725997925,0.32902681827545166,4.125602722167969,2.603292465209961,-0.0731213316321373,-0.06407825648784637,-0.31433406472206116,0.09279034286737442,0.04642689228057861,15.0
2026-04-27T17:52:06.620400,250426_160935.015625,1,58.49686050415039,8.852167129516602,31.700000762939453,37.220001220703125,0.8199999928474426,11,210.57000732421875,1,270426_164859.015625,-7.925704002380371,0.5082231163978577,0.15509366989135742,5.515019416809082,2.5624804496765137,0.00410168431699276,-0.03656219318509102,-0.15066660940647125,0.09552744030952454,0.050277143716812134,15.0
2026-04-27T17:52:09.699516,250426_160943.015625,1,58.496150970458984,8.850763320922852,29.799999237060547,57.93000030517578,0.8700000047683716,10,210.57000732421875,1,270426_164859.015625,-8.337890625,0.37684184312820435,0.2461128532886505,3.100507974624634,2.1875405311584473,-0.04485772177577019,-0.04885055869817734,-0.23700833320617676,0.08155915141105652,0.04834172874689102,15.0
2026-04-27T17:52:12.779187,250426_160952.000000,1,58.49542999267578,8.84861946105957,25.100000381469727,57.22999954223633,0.9300000071525574,9,210.57000732421875,1,270426_164859.015625,-8.55094051361084,0.2534736394882202,0.11811472475528717,1.9358789920806885,2.2810988426208496,-0.016936447471380234,-0.060503341257572174,0.10001794248819351,0.07996152341365814,0.05213198810815811,15.0
2026-04-27T17:52:15.818233,250426_161000.984375,1,58.4948616027832,8.84682846069336,20.899999618530273,35.20000076293945,0.8899999856948853,9,210.57000732421875,1,270426_164912.984375,-7.951527118682861,0.9110260605812073,0.14951813220977783,1.824195384979248,2.3336660861968994,-0.027810128405690193,0.06313645839691162,-0.13265012204647064,0.0894622951745987,0.059724949300289154,16.0
2026-04-27T17:52:18.802239,250426_161002.000000,1,58.49481964111328,8.84666919708252,20.600000381469727,37.88999938964844,0.9200000166893005,9,210.57000732421875,1,270426_164912.984375,-7.927761554718018,1.1866604089736938,0.295732319355011,2.8779537677764893,2.351543426513672,-0.02382368966937065,0.0936574712395668,0.27949652075767517,0.09416098892688751,0.062287360429763794,14.0
2026-04-27T17:52:21.870276,250426_161011.015625,1,58.49419021606445,8.844951629638672,18.100000381469727,50.02000045776367,0.8399999737739563,11,210.57000732421875,1,270426_164914.000000,-7.941450119018555,0.4453294575214386,0.1729181706905365,1.7749295234680176,2.436173439025879,0.08034523576498032,-0.03825627267360687,0.14826259016990662,0.09096574783325195,0.05777326226234436,14.0
2026-04-27T17:52:24.934127,250426_161019.015625,1,58.493431091308594,8.84371566772461,16.700000762939453,52.91999816894531,0.8199999928474426,11,210.57000732421875,1,270426_164914.000000,-7.636165618896484,0.4962896704673767,0.07187387347221375,2.155996084213257,2.435821533203125,0.030353549867868423,0.034986160695552826,-0.05495893582701683,0.09888923913240433,0.060147128999233246,14.0
2026-04-27T17:52:24.934444,250426_161019.015625,1,58.493431091308594,8.84371566772461,16.700000762939453,52.91999816894531,0.8199999928474426,11,210.57000732421875,1,270426_164914.000000,-7.636165618896484,0.4962896704673767,0.07187387347221375,2.155996084213257,2.435821533203125,0.030353549867868423,0.034986160695552826,-0.05495893582701683,0.09888923913240433,0.060147128999233246,14.0
2026-04-27T17:52:27.961464,250426_161028.000000,1,58.4923095703125,8.842883110046387,14.5,49.13999938964844,0.8199999928474426,11,210.57000732421875,1,270426_164914.000000,-6.759894847869873,0.48512449860572815,0.2622222900390625,3.926903486251831,2.370512008666992,0.008229699917137623,-0.037182483822107315,-0.25944221019744873,0.09771743416786194,0.05914442613720894,16.0
2026-04-27T17:52:31.038971,250426_161036.984375,1,58.491241455078125,8.842193603515625,11.699999809265137,52.2599983215332,0.8199999928474426,11,210.57000732421875,1,270426_164928.000000,-7.0540876388549805,0.44898858666419983,0.17607709765434265,2.4247658252716064,2.3982675075531006,-0.022921554744243622,-0.16693174839019775,0.051103170961141586,0.09965361654758453,0.058889616280794144,16.0
2026-04-27T17:52:34.047284,250426_161044.984375,1,58.490360260009766,8.841601371765137,12.300000190734863,41.439998626708984,0.8199999928474426,11,210.57000732421875,1,270426_164928.000000,-7.5308380126953125,0.30718472599983215,0.3072270452976227,5.223654747009277,2.3484067916870117,0.06672611087560654,0.16641174256801605,0.24948592483997345,0.09476742148399353,0.05946825072169304,14.0
2026-04-27T17:52:34.047650,250426_161044.984375,1,58.490360260009766,8.841601371765137,12.300000190734863,41.439998626708984,0.8199999928474426,11,210.57000732421875,1,270426_164928.000000,-7.5308380126953125,0.30718472599983215,0.3072270452976227,5.223654747009277,2.3484067916870117,0.06672611087560654,0.16641174256801605,0.24948592483997345,0.09476742148399353,0.05946825072169304,14.0
2026-04-27T17:52:34.047902,250426_161044.984375,1,58.490360260009766,8.841601371765137,12.300000190734863,41.439998626708984,0.8199999928474426,11,210.57000732421875,1,270426_164928.000000,-7.5308380126953125,0.30718472599983215,0.3072270452976227,5.223654747009277,2.3484067916870117,0.06672611087560654,0.16641174256801605,0.24948592483997345,0.09476742148399353,0.05946825072169304,14.0
2026-04-27T17:52:34.126137,250426_161044.984375,1,58.490360260009766,8.841601371765137,12.300000190734863,41.439998626708984,0.8199999928474426,11,210.57000732421875,1,270426_164928.000000,-7.5308380126953125,0.30718472599983215,0.3072270452976227,5.223654747009277,2.3484067916870117,0.06672611087560654,0.16641174256801605,0.24948592483997345,0.09476742148399353,0.05946825072169304,14.0
2026-04-27T17:52:37.030108,250426_161046.000000,1,58.49026870727539,8.841527938842773,12.600000381469727,42.5099983215332,0.8500000238418579,11,210.57000732421875,1,270426_164928.000000,-7.673190116882324,0.5561966896057129,0.08235707879066467,3.638596534729004,2.332623243331909,-0.01588781364262104,-0.07703027129173279,0.024425452575087547,0.09800945967435837,0.05774004012346268,14.0
2026-04-27T17:52:40.189287,250426_161103.015625,1,58.488590240478516,8.839676856994629,13.199999809265137,52.7400016784668,0.8500000238418579,11,210.57000732421875,1,270426_164928.000000,-7.652149200439453,1.2401931285858154,0.21893617510795593,1.178414225578308,2.119818687438965,-0.11716360598802567,0.012821262702345848,-0.1845030039548874,0.08761043846607208,0.05225607752799988,12.0
2026-04-27T17:52:43.169610,250426_161104.000000,1,58.48854064941406,8.839421272277832,13.0,54.9900016784668,0.8500000238418579,11,210.57000732421875,1,270426_164928.000000,-7.833512783050537,1.4287261962890625,0.17040608823299408,2.6965999603271484,2.186540365219116,-0.07032330334186554,-0.15317659080028534,-0.025095857679843903,0.08929188549518585,0.05217098817229271,12.0
2026-04-27T17:52:43.169910,250426_161104.000000,1,58.48854064941406,8.839421272277832,13.0,54.9900016784668,0.8500000238418579,11,210.57000732421875,1,270426_164928.000000,-7.833512783050537,1.4287261962890625,0.17040608823299408,2.6965999603271484,2.186540365219116,-0.07032330334186554,-0.15317659080028534,-0.025095857679843903,0.08929188549518585,0.05217098817229271,12.0
2026-04-27T17:52:43.170600,250426_161104.000000,1,58.48854064941406,8.839421272277832,13.0,54.9900016784668,0.8500000238418579,11,210.57000732421875,1,270426_164928.000000,-7.833512783050537,1.4287261962890625,0.17040608823299408,2.6965999603271484,2.186540365219116,-0.07032330334186554,-0.15317659080028534,-0.025095857679843903,0.08929188549518585,0.05217098817229271,12.0
2026-04-27T17:52:43.273836,250426_161104.000000,1,58.48854064941406,8.839421272277832,13.0,54.9900016784668,0.8500000238418579,11,210.57000732421875,1,270426_164928.000000,-7.833512783050537,1.4287261962890625,0.17040608823299408,2.6965999603271484,2.186540365219116,-0.07032330334186554,-0.15317659080028534,-0.025095857679843903,0.08929188549518585,0.05217098817229271,12.0
2026-04-27T17:52:46.164899,250426_161112.000000,1,58.48781967163086,8.838165283203125,17.200000762939453,54.9900016784668,0.8500000238418579,11,210.57000732421875,1,270426_164928.000000,-8.430928230285645,1.6426993608474731,0.2467043399810791,2.7673633098602295,1.8705143928527832,-0.051895059645175934,-0.06332451850175858,-0.23272289335727692,0.08031442016363144,0.04877395182847977,13.0
2026-04-27T17:52:46.165940,250426_161112.000000,1,58.48781967163086,8.838165283203125,17.200000762939453,54.9900016784668,0.8500000238418579,11,210.57000732421875,1,270426_164928.000000,-8.430928230285645,1.6426993608474731,0.2467043399810791,2.7673633098602295,1.8705143928527832,-0.051895059645175934,-0.06332451850175858,-0.23272289335727692,0.08031442016363144,0.04877395182847977,13.0
2026-04-27T17:52:46.166259,250426_161112.000000,1,58.48781967163086,8.838165283203125,17.200000762939453,54.9900016784668,0.8500000238418579,11,210.57000732421875,1,270426_164928.000000,-8.430928230285645,1.6426993608474731,0.2467043399810791,2.7673633098602295,1.8705143928527832,-0.051895059645175934,-0.06332451850175858,-0.23272289335727692,0.08031442016363144,0.04877395182847977,13.0
2026-04-27T17:52:46.220708,250426_161112.000000,1,58.48781967163086,8.838165283203125,17.200000762939453,54.9900016784668,0.8500000238418579,11,210.57000732421875,1,270426_164928.000000,-8.430928230285645,1.6426993608474731,0.2467043399810791,2.7673633098602295,1.8705143928527832,-0.051895059645175934,-0.06332451850175858,-0.23272289335727692,0.08031442016363144,0.04877395182847977,13.0
2026-04-27T17:52:49.299508,250426_161112.984375,1,58.487709045410156,8.838106155395508,17.600000381469727,46.68000030517578,0.8199999928474426,11,210.57000732421875,1,270426_164928.000000,-8.58619499206543,2.191401720046997,0.1582605540752411,1.4264100790023804,1.841066598892212,-0.0864957794547081,-0.07540062814950943,0.10899369418621063,0.07742882519960403,0.0468248650431633,13.0
2026-04-27T17:52:52.377771,250426_161120.984375,1,58.48674011230469,8.838056564331055,19.799999237060547,43.5,0.8199999928474426,11,210.57000732421875,1,270426_164943.015625,-8.294589042663574,2.5985655784606934,0.2228115051984787,2.1303329467773438,1.8567605018615723,-0.052754536271095276,0.022634059190750122,-0.2152896225452423,0.0839427039027214,0.04853133112192154,13.0
2026-04-27T17:52:55.346460,250426_161130.000000,1,58.48606872558594,8.836801528930664,19.200000762939453,43.56999969482422,0.8199999928474426,11,210.57000732421875,1,270426_164943.015625,-7.808713912963867,3.224764108657837,0.27359291911125183,4.324552536010742,1.9111990928649902,-0.1339178830385208,0.09008365124464035,-0.22091633081436157,0.08253013342618942,0.0506923571228981,13.0
2026-04-27T17:52:58.351461,250426_161138.000000,1,58.4852409362793,8.836124420166016,20.899999618530273,46.97999954223633,0.8500000238418579,11,210.57000732421875,1,270426_164944.000000,-6.816437721252441,2.609367847442627,0.258240669965744,3.373870611190796,1.975488543510437,-0.03859156742691994,-0.006210651248693466,-0.2552652657032013,0.08253215998411179,0.05259450897574425,13.0
2026-04-27T17:53:01.406409,250426_161139.015625,1,58.4851188659668,8.836111068725586,21.200000762939453,47.540000915527344,0.8500000238418579,11,210.57000732421875,1,270426_164944.000000,-5.695819854736328,2.3929426670074463,0.15525296330451965,1.0608469247817993,2.115147113800049,0.00505803944543004,0.09037713706493378,-0.12613433599472046,0.089469775557518,0.06054653227329254,13.0
2026-04-27T17:53:04.481430,250426_161148.000000,1,58.48453140258789,8.834614753723145,19.100000381469727,47.810001373291016,0.8500000238418579,11,210.57000732421875,1,270426_164944.000000,-6.314953804016113,2.689466714859009,0.14856629073619843,1.7075822353363037,2.0785651206970215,-0.048997025936841965,-0.1162678599357605,-0.07844118028879166,0.09008464217185974,0.059221237897872925,13.0
2026-04-27T17:53:07.558539,250426_161204.984375,1,58.48358917236328,8.831437110900879,10.399999618530273,58.06999969482422,0.8199999928474426,11,210.57000732421875,1,270426_164958.000000,-6.7043776512146,2.31182599067688,0.15391850471496582,3.269129514694214,1.9544204473495483,0.016729988157749176,-0.04496230185031891,0.14625117182731628,0.08137921988964081,0.05904843285679817,13.0
2026-04-27T17:53:10.638788,250426_161206.000000,1,58.48345947265625,8.831361770629883,9.699999809265137,56.22999954223633,0.8199999928474426,11,210.57000732421875,1,270426_164958.000000,-7.104434490203857,2.0213375091552734,0.17153501510620117,3.0945534706115723,1.9188618659973145,0.018340863287448883,-0.12748248875141144,-0.11329646408557892,0.0830855667591095,0.061669956892728806,13.0
2026-04-27T17:53:13.591312,250426_161214.000000,1,58.4824104309082,8.830617904663086,8.199999809265137,57.9900016784668,0.8199999928474426,11,210.57000732421875,1,270426_164958.000000,-6.585712909698486,1.9686908721923828,0.29301413893699646,4.882431507110596,1.8054227828979492,-0.054248180240392685,-0.026302073150873184,-0.2867448627948761,0.08412455022335052,0.05339078977704048,14.0
2026-04-27T17:53:16.645202,250426_161215.015625,1,58.482269287109375,8.830526351928711,9.0,59.95000076293945,0.8500000238418579,11,210.57000732421875,1,270426_164958.000000,-6.518623352050781,1.7971423864364624,0.07892913371324539,2.96736216545105,1.6252256631851196,0.029238665476441383,-0.06409598886966705,-0.03558950498700142,0.0810445100069046,0.048736654222011566,14.0
2026-04-27T17:53:19.715625,250426_161223.015625,1,58.48112106323242,8.829866409301758,11.5,59.619998931884766,0.9599999189376831,9,210.57000732421875,1,270426_165012.984375,-6.637874126434326,1.946651577949524,0.20350095629692078,1.7941118478775024,1.6005359888076782,0.03404978662729263,-0.09667684137821198,0.17580342292785645,0.0819234624505043,0.04609766975045204,16.0
2026-04-27T17:53:22.788319,250426_161224.000000,1,58.480979919433594,8.829788208007812,11.600000381469727,58.38999938964844,0.9599999189376831,9,210.57000732421875,1,270426_165012.984375,-6.415797710418701,1.8669801950454712,0.12608198821544647,7.812683582305908,2.014435291290283,0.12086643278598785,-0.03177601099014282,-0.016681084409356117,0.08980434387922287,0.05042637884616852,16.0
2026-04-27T17:53:22.788635,250426_161224.000000,1,58.480979919433594,8.829788208007812,11.600000381469727,58.38999938964844,0.9599999189376831,9,210.57000732421875,1,270426_165012.984375,-6.415797710418701,1.8669801950454712,0.12608198821544647,7.812683582305908,2.014435291290283,0.12086643278598785,-0.03177601099014282,-0.016681084409356117,0.08980434387922287,0.05042637884616852,16.0
2026-04-27T17:53:22.788825,250426_161224.000000,1,58.480979919433594,8.829788208007812,11.600000381469727,58.38999938964844,0.9599999189376831,9,210.57000732421875,1,270426_165012.984375,-6.415797710418701,1.8669801950454712,0.12608198821544647,7.812683582305908,2.014435291290283,0.12086643278598785,-0.03177601099014282,-0.016681084409356117,0.08980434387922287,0.05042637884616852,16.0
2026-04-27T17:53:22.884661,250426_161224.000000,1,58.480979919433594,8.829788208007812,11.600000381469727,58.38999938964844,0.9599999189376831,9,210.57000732421875,1,270426_165012.984375,-6.415797710418701,1.8669801950454712,0.12608198821544647,7.812683582305908,2.014435291290283,0.12086643278598785,-0.03177601099014282,-0.016681084409356117,0.08980434387922287,0.05042637884616852,16.0
2026-04-27T17:53:25.873381,250426_161232.984375,1,58.4799690246582,8.828289031982422,12.899999618530273,62.029998779296875,0.9900000095367432,10,210.57000732421875,1,270426_165012.984375,-6.560730934143066,1.5953664779663086,0.21987366676330566,1.8232264518737793,2.078684091567993,0.054900527000427246,-0.08291774988174438,-0.19609950482845306,0.08717308193445206,0.04874838516116142,16.0
2026-04-27T17:53:28.833811,250426_161240.984375,1,58.47916030883789,8.826803207397461,13.699999809265137,52.38999938964844,0.8500000238418579,11,210.57000732421875,1,270426_165012.984375,-6.482478618621826,1.3493033647537231,0.1051545962691307,1.8322848081588745,2.428138494491577,0.008413633331656456,0.022294120863080025,-0.10241910070180893,0.08986959606409073,0.05034597963094711,18.0
2026-04-27T17:53:31.901774,250426_161242.000000,1,58.47908020019531,8.826620101928711,13.699999809265137,51.369998931884766,0.8199999928474426,11,210.57000732421875,1,270426_165012.984375,-6.138661861419678,0.8293623328208923,0.17193177342414856,2.899998188018799,2.4463229179382324,-0.002828713273629546,-0.055109813809394836,-0.16283562779426575,0.09519034624099731,0.0551186129450798,18.0
2026-04-27T17:53:35.046826,250426_161250.000000,1,58.478519439697266,8.82508659362793,14.5,46.290000915527344,0.9900000095367432,10,210.57000732421875,1,270426_165012.984375,-6.20307731628418,0.844782829284668,0.1444370448589325,1.7147079706192017,3.166407346725464,0.03113524056971073,0.13030250370502472,-0.053980667144060135,0.11078690737485886,0.05989563465118408,20.0
2026-04-27T17:53:38.063706,250426_161251.015625,1,58.47848129272461,8.824906349182129,14.800000190734863,42.06999969482422,0.9900000095367432,10,210.57000732421875,1,270426_165012.984375,-6.534853458404541,0.990271270275116,0.30045199394226074,2.043010711669922,3.0954487323760986,-0.01401769183576107,-0.06278339773416519,-0.29348447918891907,0.1091637834906578,0.0628000795841217,20.0
2026-04-27T17:53:41.138643,250426_161259.015625,1,58.478111267089844,8.82342529296875,17.200000762939453,42.06999969482422,0.8500000238418579,11,210.57000732421875,1,270426_165028.000000,-6.168447017669678,0.6971738934516907,0.1851884424686432,12.508221626281738,3.1830599308013916,-0.09956472367048264,0.027318527922034264,-0.1537378430366516,0.1140158399939537,0.06833817064762115,20.0
2026-04-27T17:53:44.101317,250426_161300.000000,1,58.47808074951172,8.823193550109863,17.799999237060547,47.02000045776367,0.8199999928474426,11,210.57000732421875,1,270426_165028.000000,-6.128098964691162,0.561995804309845,0.2978973984718323,3.042712926864624,3.215907573699951,0.044020481407642365,-0.04814170300960541,0.29066723585128784,0.10746679455041885,0.06683532893657684,20.0
2026-04-27T17:53:47.157998,250426_161308.984375,1,58.47808074951172,8.823193550109863,17.799999237060547,58.47999954223633,0.8199999928474426,11,210.57000732421875,1,270426_165028.000000,-6.361849308013916,0.7225406169891357,0.22158709168434143,2.945810317993164,3.187802314758301,-0.12966491281986237,-0.1343649923801422,-0.11930590867996216,0.10850712656974792,0.0699198991060257,18.0
2026-04-27T17:53:50.231044,250426_161316.984375,1,58.47877883911133,8.819168090820312,19.0,54.90999984741211,1.0299999713897705,9,210.57000732421875,1,270426_165028.000000,-6.0366034507751465,0.5807290077209473,0.07898059487342834,6.829477787017822,2.5146634578704834,-0.0262728501111269,0.06854209303855896,0.029148809611797333,0.09543657302856445,0.06527303904294968,16.0
2026-04-27T17:53:53.215410,250426_161318.000000,1,58.478660583496094,8.818954467773438,19.0,54.189998626708984,1.0299999713897705,9,210.57000732421875,1,270426_165043.015625,-6.787048816680908,0.9490906000137329,0.3184465169906616,1.7187974452972412,2.3726162910461426,0.02508462592959404,-0.03688132017850876,0.31530728936195374,0.09618135541677475,0.06002269312739372,18.0
2026-04-27T17:53:56.289295,250426_161326.000000,1,58.477760314941406,8.817977905273438,18.0,49.0099983215332,0.8500000238418579,11,210.57000732421875,1,270426_165043.015625,-6.679066181182861,1.2344619035720825,0.2805615961551666,3.7795557975769043,2.8646140098571777,-0.05803842097520828,0.058089353144168854,-0.2682759165763855,0.10544267296791077,0.06379150599241257,18.0
2026-04-27T17:53:59.344920,250426_161335.015625,1,58.477439880371094,8.817081451416016,16.299999237060547,32.86000061035156,0.8500000238418579,11,210.57000732421875,1,270426_165043.015625,-7.138214588165283,1.4685088396072388,0.1453801840543747,1.2748581171035767,2.5212066173553467,-0.00011717504821717739,-0.10918717086315155,0.09598720818758011,0.09978961944580078,0.05964123085141182,16.0
2026-04-27T17:54:02.438411,250426_161343.015625,1,58.4782600402832,8.815531730651855,16.399999618530273,72.04000091552734,1.5700000524520874,8,318.92999267578125,1,270426_165056.984375,-7.256798267364502,0.6136620044708252,0.3588583469390869,4.61185884475708,2.6271071434020996,0.012781258672475815,0.07727371901273727,0.3502067029476166,0.09833379089832306,0.05869375541806221,16.0
2026-04-27T17:54:05.384034,250426_161344.000000,1,58.47840881347656,8.815313339233398,16.600000381469727,75.25,1.559999942779541,8,318.92999267578125,1,270426_165056.984375,-7.696194171905518,0.9012923836708069,0.12844395637512207,3.0830180644989014,2.566159963607788,0.0007223659195005894,-0.01486564613878727,0.1275787651538849,0.09815787523984909,0.056471556425094604,16.0
2026-04-27T17:54:08.498523,250426_161352.000000,1,58.479679107666016,8.813732147216797,18.899999618530273,70.98001098632812,0.8799999952316284,10,318.92999267578125,1,270426_165056.984375,-7.438497543334961,1.0181678533554077,0.22828884422779083,1.0118162631988525,2.7671473026275635,-0.060621000826358795,-0.07396168261766434,-0.20729342103004456,0.10193542391061783,0.06508303433656693,14.0
2026-04-27T17:54:11.553130,250426_161352.984375,1,58.47983932495117,8.813581466674805,19.200000762939453,69.76000213623047,0.8899999856948853,10,318.92999267578125,1,270426_165056.984375,-7.628983020782471,1.462690830230713,0.2571984827518463,1.2080212831497192,2.2224252223968506,-0.10963549464941025,-0.01783144846558571,-0.23197661340236664,0.09366369992494583,0.06163650006055832,15.0
2026-04-27T17:54:14.606644,250426_161400.984375,1,58.48088836669922,8.812776565551758,22.100000381469727,35.70000076293945,0.8899999856948853,10,318.92999267578125,1,270426_165056.984375,-7.829258441925049,1.830750823020935,0.22410638630390167,1.3171993494033813,2.617835283279419,-0.04217270389199257,-0.05769898369908333,0.21240518987178802,0.10244528204202652,0.05827450379729271,17.0
2026-04-27T17:54:17.535528,250426_161410.000000,1,58.48162841796875,8.812447547912598,25.0,50.290000915527344,0.8600000143051147,11,318.92999267578125,1,270426_165056.984375,-8.24982738494873,1.7809278964996338,0.09547687321901321,3.3180294036865234,2.5464203357696533,0.008686200715601444,-0.08317731320858002,0.04606426879763603,0.10101401060819626,0.05637800693511963,17.0
2026-04-27T17:54:20.643973,250426_161411.015625,1,58.48175811767578,8.812365531921387,25.5,55.72999954223633,0.8199999928474426,11,318.92999267578125,1,270426_165056.984375,-7.273983955383301,1.8066011667251587,0.3017142415046692,2.588958263397217,2.429276466369629,0.08349350839853287,0.18271777033805847,0.22511008381843567,0.0928378626704216,0.054306406527757645,19.0
2026-04-27T17:54:23.720386,250426_161420.000000,1,58.483211517333984,8.811238288879395,32.0,79.27999877929688,0.8799999952316284,10,318.92999267578125,1,270426_165112.000000,-7.7499003410339355,1.822751760482788,0.10055544972419739,4.430551052093506,2.3756532669067383,0.004903540946543217,-0.06109887361526489,0.07971375435590744,0.09637767821550369,0.05680287256836891,20.0
2026-04-27T17:54:26.784640,250426_161428.000000,1,58.48440170288086,8.80925464630127,35.400001525878906,79.27999877929688,1.1100000143051147,8,318.92999267578125,1,270426_165112.000000,-8.326875686645508,2.119278907775879,0.34830987453460693,4.578294277191162,1.7553296089172363,-0.08653715252876282,-0.08852377533912659,-0.32556816935539246,0.08295631408691406,0.05288982018828392,19.0
2026-04-27T17:54:26.786213,250426_161428.000000,1,58.48440170288086,8.80925464630127,35.400001525878906,79.27999877929688,1.1100000143051147,8,318.92999267578125,1,270426_165112.000000,-8.326875686645508,2.119278907775879,0.34830987453460693,4.578294277191162,1.7553296089172363,-0.08653715252876282,-0.08852377533912659,-0.32556816935539246,0.08295631408691406,0.05288982018828392,19.0
2026-04-27T17:54:26.797777,250426_161428.000000,1,58.48440170288086,8.80925464630127,35.400001525878906,79.27999877929688,1.1100000143051147,8,318.92999267578125,1,270426_165112.000000,-8.326875686645508,2.119278907775879,0.34830987453460693,4.578294277191162,1.7553296089172363,-0.08653715252876282,-0.08852377533912659,-0.32556816935539246,0.08295631408691406,0.05288982018828392,19.0
2026-04-27T17:54:26.807419,250426_161428.000000,1,58.48440170288086,8.80925464630127,35.400001525878906,79.27999877929688,1.1100000143051147,8,318.92999267578125,1,270426_165112.000000,-8.326875686645508,2.119278907775879,0.34830987453460693,4.578294277191162,1.7553296089172363,-0.08653715252876282,-0.08852377533912659,-0.32556816935539246,0.08295631408691406,0.05288982018828392,19.0
2026-04-27T17:54:26.807699,250426_161428.000000,1,58.48440170288086,8.80925464630127,35.400001525878906,79.27999877929688,1.1100000143051147,8,318.92999267578125,1,270426_165112.000000,-8.326875686645508,2.119278907775879,0.34830987453460693,4.578294277191162,1.7553296089172363,-0.08653715252876282,-0.08852377533912659,-0.32556816935539246,0.08295631408691406,0.05288982018828392,19.0
2026-04-27T17:54:29.716480,250426_161428.984375,1,58.48455047607422,8.808989524841309,36.0,76.93000030517578,1.1100000143051147,8,318.92999267578125,1,270426_165112.000000,-8.104227066040039,2.534409284591675,0.14101265370845795,8.299548149108887,1.931451439857483,0.05509362369775772,0.06279788911342621,-0.11360318958759308,0.07699234038591385,0.058272238820791245,17.0
2026-04-27T17:54:32.873703,250426_161438.000000,1,58.48577880859375,8.80703067779541,34.70000076293945,70.80999755859375,1.1100000143051147,8,318.92999267578125,1,270426_165112.000000,-8.583696365356445,2.778585195541382,0.17337332665920258,2.6012542247772217,2.1649646759033203,-0.002492667641490698,0.08214445412158966,-0.15265774726867676,0.07710292935371399,0.05669763684272766,15.0
2026-04-27T17:54:36.105090,250426_161447.015625,1,58.486228942871094,8.804383277893066,34.0,56.65999984741211,0.8600000143051147,11,318.92999267578125,1,270426_165127.015625,-8.592361450195312,2.4603381156921387,0.3141937553882599,4.338393688201904,2.180220603942871,0.009945910423994064,0.11220547556877136,0.29330652952194214,0.07777649164199829,0.052612558007240295,15.0
2026-04-27T17:54:39.517395,250426_161455.015625,1,58.4864616394043,8.803098678588867,35.099998474121094,30.6200008392334,0.8600000143051147,11,318.92999267578125,1,270426_165127.015625,-9.324265480041504,2.946786880493164,0.26870405673980713,3.8739326000213623,2.1912331581115723,0.0046907588839530945,-0.013964880257844925,0.26829993724823,0.0775551050901413,0.05157794430851936,15.0
2026-04-27T17:54:42.599574,250426_161456.000000,1,58.486480712890625,8.802952766418457,35.29999923706055,32.36000061035156,0.8600000143051147,11,318.92999267578125,1,270426_165127.015625,-9.229025840759277,3.4438395500183105,0.17805588245391846,5.923369407653809,2.571049451828003,0.053878769278526306,-0.10923869907855988,0.12987641990184784,0.08499595522880554,0.056544627994298935,17.0
2026-04-27T17:54:45.896811,250426_161504.000000,1,58.487220764160156,8.801514625549316,33.79999923706055,68.70999908447266,0.8999999761581421,10,318.92999267578125,1,270426_165127.015625,-8.949141502380371,3.1790931224823,0.24290165305137634,1.060178518295288,2.4696102142333984,0.005895885638892651,-0.04201133921742439,0.23916836082935333,0.08178979903459549,0.05624820664525032,15.0
2026-04-27T17:54:48.827720,250426_161512.000000,1,58.48868942260742,8.80124282836914,26.399999618530273,83.87999725341797,1.4700000286102295,8,318.92999267578125,1,270426_165142.000000,-9.428234100341797,3.4167580604553223,0.16875699162483215,2.6443796157836914,2.2657148838043213,-0.021480966359376907,-0.10111968964338303,0.1333877593278885,0.07798342406749725,0.05764535814523697,17.0
2026-04-27T17:54:48.827994,250426_161512.000000,1,58.48868942260742,8.80124282836914,26.399999618530273,83.87999725341797,1.4700000286102295,8,318.92999267578125,1,270426_165142.000000,-9.428234100341797,3.4167580604553223,0.16875699162483215,2.6443796157836914,2.2657148838043213,-0.021480966359376907,-0.10111968964338303,0.1333877593278885,0.07798342406749725,0.05764535814523697,17.0
2026-04-27T17:54:48.828585,250426_161512.000000,1,58.48868942260742,8.80124282836914,26.399999618530273,83.87999725341797,1.4700000286102295,8,318.92999267578125,1,270426_165142.000000,-9.428234100341797,3.4167580604553223,0.16875699162483215,2.6443796157836914,2.2657148838043213,-0.021480966359376907,-0.10111968964338303,0.1333877593278885,0.07798342406749725,0.05764535814523697,17.0
2026-04-27T17:54:48.881385,250426_161512.000000,1,58.48868942260742,8.80124282836914,26.399999618530273,83.87999725341797,1.4700000286102295,8,318.92999267578125,1,270426_165142.000000,-9.428234100341797,3.4167580604553223,0.16875699162483215,2.6443796157836914,2.2657148838043213,-0.021480966359376907,-0.10111968964338303,0.1333877593278885,0.07798342406749725,0.05764535814523697,17.0
2026-04-27T17:54:52.046110,250426_161512.984375,1,58.48891067504883,8.801315307617188,25.5,83.94000244140625,1.4700000286102295,8,318.92999267578125,1,270426_165142.000000,-8.912830352783203,3.1192846298217773,0.423035591840744,4.688384532928467,2.307283639907837,0.07768482714891434,0.14343146979808807,0.39032238721847534,0.08437950164079666,0.05729099363088608,17.0
2026-04-27T17:54:54.923487,250426_161520.984375,1,58.490570068359375,8.801477432250977,24.5,79.1500015258789,0.8799999952316284,10,318.92999267578125,1,270426_165142.000000,-8.667224884033203,2.5777106285095215,0.28570330142974854,2.442610740661621,2.4335076808929443,-0.015806183218955994,-0.04608120024204254,-0.28151920437812805,0.08724983036518097,0.058924317359924316,15.0
2026-04-27T17:54:58.016766,250426_161522.000000,1,58.49076843261719,8.801592826843262,24.600000381469727,79.5999984741211,0.9599999189376831,9,318.92999267578125,1,270426_165143.015625,-8.973480224609375,1.9297776222229004,0.13243916630744934,3.3633759021759033,2.2437257766723633,0.10233917832374573,-0.06457885354757309,0.05381820350885391,0.08984220772981644,0.060777224600315094,15.0
2026-04-27T17:55:01.132193,250426_161530.000000,1,58.492130279541016,8.803415298461914,28.600000381469727,79.12000274658203,0.8700000047683716,10,318.92999267578125,1,270426_165143.015625,-8.31579875946045,1.2606239318847656,0.22382673621177673,1.0036203861236572,2.2936127185821533,0.03460785374045372,-0.030277328565716743,-0.21905246376991272,0.08730539679527283,0.06452450156211853,13.0
2026-04-27T17:55:01.132563,250426_161530.000000,1,58.492130279541016,8.803415298461914,28.600000381469727,79.12000274658203,0.8700000047683716,10,318.92999267578125,1,270426_165143.015625,-8.31579875946045,1.2606239318847656,0.22382673621177673,1.0036203861236572,2.2936127185821533,0.03460785374045372,-0.030277328565716743,-0.21905246376991272,0.08730539679527283,0.06452450156211853,13.0
2026-04-27T17:55:04.580935,250426_161539.015625,1,58.493778228759766,8.8043212890625,36.20000076293945,77.25,0.8999999761581421,10,318.92999267578125,1,270426_165156.984375,-7.839542865753174,0.04370006173849106,0.20992635190486908,2.327942371368408,2.452913761138916,0.05687468871474266,0.08344057947397232,-0.1840434968471527,0.09409058094024658,0.06804759800434113,13.0
2026-04-27T17:55:07.659668,250426_161547.015625,1,58.49531173706055,8.803679466247559,43.900001525878906,77.55999755859375,1.5700000524520874,8,318.92999267578125,1,270426_165156.984375,-7.806227207183838,-0.12462872266769409,0.16234323382377625,4.99537467956543,2.4441990852355957,0.011559603735804558,-0.09602987766265869,0.13038389384746552,0.09181980788707733,0.0719769224524498,13.0
2026-04-27T17:55:10.612487,250426_161548.000000,1,58.49549865722656,8.803629875183105,45.0,77.08999633789062,1.5700000524520874,8,318.92999267578125,1,270426_165156.984375,-7.707385540008545,-0.9313070178031921,0.3141680061817169,4.766424179077148,2.2649474143981934,0.09598332643508911,0.270090788602829,0.12860675156116486,0.08136509358882904,0.073350690305233,15.0
2026-04-27T17:55:10.612794,250426_161548.000000,1,58.49549865722656,8.803629875183105,45.0,77.08999633789062,1.5700000524520874,8,318.92999267578125,1,270426_165156.984375,-7.707385540008545,-0.9313070178031921,0.3141680061817169,4.766424179077148,2.2649474143981934,0.09598332643508911,0.270090788602829,0.12860675156116486,0.08136509358882904,0.073350690305233,15.0
2026-04-27T17:55:10.613118,250426_161548.000000,1,58.49549865722656,8.803629875183105,45.0,77.08999633789062,1.5700000524520874,8,318.92999267578125,1,270426_165156.984375,-7.707385540008545,-0.9313070178031921,0.3141680061817169,4.766424179077148,2.2649474143981934,0.09598332643508911,0.270090788602829,0.12860675156116486,0.08136509358882904,0.073350690305233,15.0
2026-04-27T17:55:10.640087,250426_161548.000000,1,58.49549865722656,8.803629875183105,45.0,77.08999633789062,1.5700000524520874,8,318.92999267578125,1,270426_165156.984375,-7.707385540008545,-0.9313070178031921,0.3141680061817169,4.766424179077148,2.2649474143981934,0.09598332643508911,0.270090788602829,0.12860675156116486,0.08136509358882904,0.073350690305233,15.0
2026-04-27T17:55:13.786431,250426_161556.000000,1,58.49705123901367,8.803704261779785,51.5,76.80000305175781,0.8700000047683716,10,318.92999267578125,1,270426_165156.984375,-7.328263282775879,-0.9840134382247925,0.08736047893762589,1.930831789970398,2.522559404373169,0.025660473853349686,-0.07861428707838058,0.028163567185401917,0.09284351766109467,0.0714406669139862,15.0
2026-04-27T17:55:13.786655,250426_161556.000000,1,58.49705123901367,8.803704261779785,51.5,76.80000305175781,0.8700000047683716,10,318.92999267578125,1,270426_165156.984375,-7.328263282775879,-0.9840134382247925,0.08736047893762589,1.930831789970398,2.522559404373169,0.025660473853349686,-0.07861428707838058,0.028163567185401917,0.09284351766109467,0.0714406669139862,15.0
2026-04-27T17:55:13.786817,250426_161556.000000,1,58.49705123901367,8.803704261779785,51.5,76.80000305175781,0.8700000047683716,10,318.92999267578125,1,270426_165156.984375,-7.328263282775879,-0.9840134382247925,0.08736047893762589,1.930831789970398,2.522559404373169,0.025660473853349686,-0.07861428707838058,0.028163567185401917,0.09284351766109467,0.0714406669139862,15.0
2026-04-27T17:55:13.842609,250426_161556.000000,1,58.49705123901367,8.803704261779785,51.5,76.80000305175781,0.8700000047683716,10,318.92999267578125,1,270426_165156.984375,-7.328263282775879,-0.9840134382247925,0.08736047893762589,1.930831789970398,2.522559404373169,0.025660473853349686,-0.07861428707838058,0.028163567185401917,0.09284351766109467,0.0714406669139862,15.0
2026-04-27T17:55:16.775737,250426_161556.984375,1,58.497230529785156,8.803628921508789,51.5,73.37999725341797,0.9100000262260437,10,318.92999267578125,1,270426_165156.984375,-6.602662563323975,-1.9536350965499878,0.2636680006980896,3.626925468444824,2.4469661712646484,0.16739250719547272,-0.10701647400856018,0.173343688249588,0.10279551893472672,0.0676422119140625,15.0
2026-04-27T17:55:19.769275,250426_161604.984375,1,58.498390197753906,8.802303314208984,58.29999923706055,61.25,0.8999999761581421,10,318.92999267578125,1,270426_165212.000000,-6.762343406677246,-1.6996386051177979,0.12664377689361572,2.368046522140503,2.4430971145629883,0.03700065240263939,-0.07586666196584702,-0.09441317617893219,0.10214004665613174,0.06563878804445267,15.0
2026-04-27T17:55:23.219230,250426_161612.984375,1,58.49897003173828,8.800423622131348,62.0,56.68000030517578,0.8799999952316284,10,318.92999267578125,1,270426_165212.000000,-6.8189520835876465,-1.8402460813522339,0.18931065499782562,1.6910417079925537,2.5803768634796143,0.049696654081344604,0.07788408547639847,-0.165235698223114,0.10411729663610458,0.06328201293945312,13.0
2026-04-27T17:55:23.219489,250426_161612.984375,1,58.49897003173828,8.800423622131348,62.0,56.68000030517578,0.8799999952316284,10,318.92999267578125,1,270426_165212.000000,-6.8189520835876465,-1.8402460813522339,0.18931065499782562,1.6910417079925537,2.5803768634796143,0.049696654081344604,0.07788408547639847,-0.165235698223114,0.10411729663610458,0.06328201293945312,13.0
2026-04-27T17:55:23.219671,250426_161612.984375,1,58.49897003173828,8.800423622131348,62.0,56.68000030517578,0.8799999952316284,10,318.92999267578125,1,270426_165212.000000,-6.8189520835876465,-1.8402460813522339,0.18931065499782562,1.6910417079925537,2.5803768634796143,0.049696654081344604,0.07788408547639847,-0.165235698223114,0.10411729663610458,0.06328201293945312,13.0
2026-04-27T17:55:23.249372,250426_161612.984375,1,58.49897003173828,8.800423622131348,62.0,56.68000030517578,0.8799999952316284,10,318.92999267578125,1,270426_165212.000000,-6.8189520835876465,-1.8402460813522339,0.18931065499782562,1.6910417079925537,2.5803768634796143,0.049696654081344604,0.07788408547639847,-0.165235698223114,0.10411729663610458,0.06328201293945312,13.0
2026-04-27T17:55:26.202390,250426_161614.000000,1,58.49903106689453,8.800190925598145,62.400001525878906,56.68000030517578,0.8999999761581421,10,318.92999267578125,1,270426_165212.000000,-6.892663478851318,-2.054374933242798,0.32234910130500793,3.366377592086792,2.563336133956909,-0.035027146339416504,-0.004093457013368607,-0.3204142153263092,0.10289053618907928,0.05731310695409775,13.0
2026-04-27T17:55:29.189251,250426_161622.000000,1,58.49943923950195,8.79903507232666,63.099998474121094,28.56999969482422,0.8600000143051147,11,318.92999267578125,1,270426_165212.000000,-7.331386566162109,-2.208564519882202,0.1311207264661789,2.406343698501587,2.187758684158325,0.03182963281869888,0.08969353884458542,-0.09019194543361664,0.08728848397731781,0.051131270825862885,13.0
2026-04-27T17:55:32.319869,250426_161639.015625,1,58.49967956542969,8.795831680297852,66.19999694824219,28.229999542236328,0.9599999189376831,10,318.92999267578125,1,270426_165212.000000,-7.543362140655518,-2.1460726261138916,0.2183985710144043,1.7745722532272339,1.9304299354553223,-0.05781206488609314,-0.05758427083492279,-0.2025827169418335,0.07880352437496185,0.047932133078575134,13.0
2026-04-27T17:55:35.396358,250426_161640.000000,1,58.49971008300781,8.795700073242188,66.0999984741211,27.850000381469727,0.9599999189376831,10,318.92999267578125,1,270426_165212.000000,-7.712514400482178,-1.9436001777648926,0.0685773640871048,3.2781624794006348,2.3159079551696777,0.0021646679379045963,-0.05988534912467003,-0.03334536775946617,0.08702702075242996,0.04895751550793648,15.0
2026-04-27T17:55:38.476836,250426_161648.984375,1,58.49972152709961,8.794561386108398,67.9000015258789,27.959999084472656,0.8600000143051147,11,318.92999267578125,1,270426_165227.015625,-7.702136516571045,-1.5308705568313599,0.20464101433753967,1.9810370206832886,2.300438404083252,-0.12817969918251038,0.05389079079031944,-0.15014559030532837,0.09120584279298782,0.052308764308691025,16.0
2026-04-27T17:55:41.536769,250426_161704.984375,1,58.500980377197266,8.79353141784668,68.80001068115234,38.779998779296875,0.8199999928474426,11,318.92999267578125,1,270426_165227.015625,-8.121055603027344,-1.3034629821777344,0.08120692521333694,2.0598113536834717,2.2620351314544678,-0.01677870750427246,-0.0356968492269516,-0.07098432630300522,0.08957904577255249,0.04926369711756706,16.0
2026-04-27T17:55:44.640773,250426_161706.000000,1,58.501068115234375,8.79349422454834,68.30000305175781,37.0099983215332,0.9399999976158142,10,318.92999267578125,1,270426_165227.015625,-7.86700963973999,-1.7988345623016357,0.17229092121124268,7.461221218109131,2.284789800643921,0.060776058584451675,0.15955078601837158,0.023107992485165596,0.09064123779535294,0.05320005118846893,14.0
2026-04-27T17:55:47.649374,250426_161714.000000,1,58.50141143798828,8.79315185546875,66.30001068115234,23.209999084472656,0.8700000047683716,11,318.92999267578125,1,270426_165227.015625,-7.703378677368164,-1.6632664203643799,0.264618456363678,2.411954879760742,2.203080415725708,-0.021238138899207115,0.0265345498919487,0.2624267041683197,0.08978939801454544,0.05434905365109444,16.0
2026-04-27T17:55:50.649403,250426_161715.015625,1,58.501380920410156,8.793046951293945,66.0999984741211,24.1200008392334,0.8199999928474426,11,318.92999267578125,1,270426_165227.015625,-8.100051879882812,-2.2518129348754883,0.22664843499660492,4.554133892059326,2.0893678665161133,0.017270812764763832,0.0064452700316905975,0.22589753568172455,0.08080171793699265,0.05157889425754547,13.0
2026-04-27T17:55:53.740291,250426_161723.015625,1,58.500648498535156,8.791912078857422,64.69999694824219,71.69000244140625,0.9399999976158142,10,318.92999267578125,1,270426_165242.000000,-7.697349548339844,-2.2553367614746094,0.3331971764564514,2.774843454360962,2.126232147216797,0.0053797694854438305,-0.03388877585530281,-0.33142566680908203,0.08653990179300308,0.05552731081843376,15.0
2026-04-27T17:55:56.802524,250426_161731.015625,1,58.49985122680664,8.788907051086426,63.400001525878906,94.07000732421875,0.8299999833106995,10,318.92999267578125,1,270426_165242.000000,-7.0106730461120605,-2.0914323329925537,0.3121373653411865,4.670459747314453,2.19785475730896,-0.05869727209210396,-0.006531139835715294,-0.3064991235733032,0.08457407355308533,0.05999664217233658,15.0
2026-04-27T17:55:56.803772,250426_161731.015625,1,58.49985122680664,8.788907051086426,63.400001525878906,94.07000732421875,0.8299999833106995,10,318.92999267578125,1,270426_165242.000000,-7.0106730461120605,-2.0914323329925537,0.3121373653411865,4.670459747314453,2.19785475730896,-0.05869727209210396,-0.006531139835715294,-0.3064991235733032,0.08457407355308533,0.05999664217233658,15.0
2026-04-27T17:55:56.806819,250426_161731.015625,1,58.49985122680664,8.788907051086426,63.400001525878906,94.07000732421875,0.8299999833106995,10,318.92999267578125,1,270426_165242.000000,-7.0106730461120605,-2.0914323329925537,0.3121373653411865,4.670459747314453,2.19785475730896,-0.05869727209210396,-0.006531139835715294,-0.3064991235733032,0.08457407355308533,0.05999664217233658,15.0
2026-04-27T17:55:56.817442,250426_161731.015625,1,58.49985122680664,8.788907051086426,63.400001525878906,94.07000732421875,0.8299999833106995,10,318.92999267578125,1,270426_165242.000000,-7.0106730461120605,-2.0914323329925537,0.3121373653411865,4.670459747314453,2.19785475730896,-0.05869727209210396,-0.006531139835715294,-0.3064991235733032,0.08457407355308533,0.05999664217233658,15.0
2026-04-27T17:56:00.173802,250426_161732.000000,1,58.49977111816406,8.788463592529297,63.400001525878906,96.0999984741211,0.8999999761581421,10,318.92999267578125,1,270426_165242.000000,-8.159503936767578,-1.8075073957443237,0.07813748717308044,5.318208694458008,2.1710128784179688,0.06048096716403961,-0.0017411778680980206,-0.04944176599383354,0.07760520279407501,0.05250268056988716,17.0
2026-04-27T17:56:00.174139,250426_161732.000000,1,58.49977111816406,8.788463592529297,63.400001525878906,96.0999984741211,0.8999999761581421,10,318.92999267578125,1,270426_165242.000000,-8.159503936767578,-1.8075073957443237,0.07813748717308044,5.318208694458008,2.1710128784179688,0.06048096716403961,-0.0017411778680980206,-0.04944176599383354,0.07760520279407501,0.05250268056988716,17.0
2026-04-27T17:56:00.174414,250426_161732.000000,1,58.49977111816406,8.788463592529297,63.400001525878906,96.0999984741211,0.8999999761581421,10,318.92999267578125,1,270426_165242.000000,-8.159503936767578,-1.8075073957443237,0.07813748717308044,5.318208694458008,2.1710128784179688,0.06048096716403961,-0.0017411778680980206,-0.04944176599383354,0.07760520279407501,0.05250268056988716,17.0
2026-04-27T17:56:00.274508,250426_161732.000000,1,58.49977111816406,8.788463592529297,63.400001525878906,96.0999984741211,0.8999999761581421,10,318.92999267578125,1,270426_165242.000000,-8.159503936767578,-1.8075073957443237,0.07813748717308044,5.318208694458008,2.1710128784179688,0.06048096716403961,-0.0017411778680980206,-0.04944176599383354,0.07760520279407501,0.05250268056988716,17.0
2026-04-27T17:56:00.275009,250426_161732.000000,1,58.49977111816406,8.788463592529297,63.400001525878906,96.0999984741211,0.8999999761581421,10,318.92999267578125,1,270426_165242.000000,-8.159503936767578,-1.8075073957443237,0.07813748717308044,5.318208694458008,2.1710128784179688,0.06048096716403961,-0.0017411778680980206,-0.04944176599383354,0.07760520279407501,0.05250268056988716,17.0
2026-04-27T17:56:03.166837,250426_161740.000000,1,58.499080657958984,8.784839630126953,62.0,103.55999755859375,0.8199999928474426,11,318.92999267578125,1,270426_165242.000000,-8.533919334411621,-1.1533883810043335,0.13594035804271698,1.3906900882720947,1.9382965564727783,-0.048704877495765686,0.0377117358148098,-0.12118351459503174,0.07534460723400116,0.050512053072452545,15.0
2026-04-27T17:56:03.167201,250426_161740.000000,1,58.499080657958984,8.784839630126953,62.0,103.55999755859375,0.8199999928474426,11,318.92999267578125,1,270426_165242.000000,-8.533919334411621,-1.1533883810043335,0.13594035804271698,1.3906900882720947,1.9382965564727783,-0.048704877495765686,0.0377117358148098,-0.12118351459503174,0.07534460723400116,0.050512053072452545,15.0
2026-04-27T17:56:03.168209,250426_161740.000000,1,58.499080657958984,8.784839630126953,62.0,103.55999755859375,0.8199999928474426,11,318.92999267578125,1,270426_165242.000000,-8.533919334411621,-1.1533883810043335,0.13594035804271698,1.3906900882720947,1.9382965564727783,-0.048704877495765686,0.0377117358148098,-0.12118351459503174,0.07534460723400116,0.050512053072452545,15.0
2026-04-27T17:56:03.198891,250426_161740.000000,1,58.499080657958984,8.784839630126953,62.0,103.55999755859375,0.8199999928474426,11,318.92999267578125,1,270426_165242.000000,-8.533919334411621,-1.1533883810043335,0.13594035804271698,1.3906900882720947,1.9382965564727783,-0.048704877495765686,0.0377117358148098,-0.12118351459503174,0.07534460723400116,0.050512053072452545,15.0
2026-04-27T17:56:06.180215,250426_161758.000000,1,58.49726867675781,8.776483535766602,69.0,106.93000030517578,0.8199999928474426,11,318.92999267578125,1,270426_165256.984375,-9.210012435913086,-1.3101797103881836,0.22750109434127808,1.9216437339782715,1.8636213541030884,-0.007800108753144741,-0.038425832986831665,0.22409677505493164,0.06904894858598709,0.046180110424757004,16.0
2026-04-27T17:56:09.304123,250426_161806.000000,1,58.49599075317383,8.773298263549805,70.69999694824219,103.73999786376953,0.8899999856948853,10,318.92999267578125,1,270426_165256.984375,-8.797220230102539,-0.4851028025150299,0.22164684534072876,1.8201546669006348,1.7885441780090332,-0.1355489045381546,0.12582549452781677,-0.12215471267700195,0.06377523392438889,0.04178343340754509,16.0
2026-04-27T17:56:12.359797,250426_161807.015625,1,58.49580001831055,8.772937774658203,70.9000015258789,104.2300033569336,0.8899999856948853,10,318.92999267578125,1,270426_165256.984375,-8.667269706726074,0.18413160741329193,0.2674213945865631,2.4339849948883057,1.824124813079834,0.013861352577805519,-0.09927933663129807,0.24792271852493286,0.07204098254442215,0.040399517863988876,14.0
2026-04-27T17:56:15.472540,250426_161815.015625,1,58.494239807128906,8.770366668701172,70.69999694824219,103.75,0.9900000095367432,9,318.92999267578125,1,270426_165256.984375,-8.674178123474121,0.583646833896637,0.20356692373752594,1.7825326919555664,1.9236807823181152,-0.049152061343193054,-0.043766219168901443,-0.19263458251953125,0.06961570680141449,0.04119917377829552,14.0
2026-04-27T17:56:18.595795,250426_161823.015625,1,58.4924201965332,8.768144607543945,65.9000015258789,109.63999938964844,0.8299999833106995,11,211.44000244140625,1,270426_165256.984375,-8.082098960876465,1.1336570978164673,0.16171617805957794,2.622201919555664,2.007667303085327,-0.0744866132736206,-0.030147230252623558,0.1403389275074005,0.08033692091703415,0.0469629131257534,15.0
2026-04-27T17:56:21.677589,250426_161824.000000,1,58.49216842651367,8.767878532409668,65.5,111.94000244140625,0.8199999928474426,11,211.44000244140625,1,270426_165256.984375,-7.888218402862549,1.330431342124939,0.16487185657024384,2.023559331893921,2.031654119491577,-0.047291550785303116,0.004692979156970978,0.15787404775619507,0.08409395068883896,0.04782066494226456,15.0
2026-04-27T17:56:24.612739,250426_161832.000000,1,58.49024963378906,8.765640258789062,63.70000076293945,111.9800033569336,0.8700000047683716,11,211.44000244140625,1,270426_165256.984375,-8.101869583129883,2.100935220718384,0.1692514419555664,1.479156255722046,1.8587180376052856,0.007270054891705513,-0.12631553411483765,0.11241701245307922,0.077365443110466,0.04894509166479111,15.0
2026-04-27T17:56:27.755731,250426_161832.984375,1,58.49000930786133,8.765364646911621,63.599998474121094,111.9800033569336,0.9100000262260437,10,211.44000244140625,1,270426_165256.984375,-7.979228973388672,2.0612075328826904,0.020175468176603317,3.1536922454833984,1.755937099456787,-0.0006071285461075604,0.0022891045082360506,-0.020035991445183754,0.08601956814527512,0.049316730350255966,15.0
2026-04-27T17:56:30.886577,250426_161840.984375,1,58.48807907104492,8.763090133666992,58.599998474121094,115.0,0.8299999833106995,11,211.44000244140625,1,270426_165256.984375,-8.248682022094727,2.245295763015747,0.21775496006011963,2.036432981491089,1.7712675333023071,0.04777555540204048,-0.03501058742403984,0.20954468846321106,0.08548974245786667,0.049176402390003204,15.0
2026-04-27T17:56:33.750192,250426_161842.000000,1,58.48783874511719,8.762802124023438,57.900001525878906,114.91000366210938,0.8700000047683716,11,211.44000244140625,1,270426_165312.984375,-8.308985710144043,2.3015613555908203,0.20379404723644257,2.6217892169952393,1.859734296798706,-0.01045781746506691,-0.05444081872701645,0.19610927999019623,0.07863683253526688,0.04518595337867737,17.0
2026-04-27T17:56:36.797022,250426_161850.000000,1,58.48588180541992,8.760492324829102,54.099998474121094,114.58000183105469,0.8199999928474426,11,211.44000244140625,1,270426_165312.984375,-8.40800952911377,2.562490940093994,0.23554229736328125,4.002871513366699,1.87494695186615,0.08136522024869919,-0.027737978845834732,0.2192954123020172,0.08089353889226913,0.04498788341879845,15.0
2026-04-27T17:56:39.896529,250426_161858.000000,1,58.48400115966797,8.758268356323242,49.70000076293945,107.51000213623047,0.8299999833106995,11,211.44000244140625,1,270426_165312.984375,-7.9245500564575195,2.855417251586914,0.15167029201984406,4.675535678863525,1.9103046655654907,-0.06831149756908417,-0.0015307217836380005,-0.13540707528591156,0.07849691808223724,0.0442030131816864,15.0
2026-04-27T17:56:42.967361,250426_161859.015625,1,58.483768463134766,8.758001327514648,49.099998474121094,107.44000244140625,0.8700000047683716,11,211.44000244140625,1,270426_165327.015625,-7.412358283996582,2.0102055072784424,0.25850534439086914,1.364693522453308,2.0729715824127197,0.08853346854448318,-0.04730965942144394,0.2382197231054306,0.08367885649204254,0.048932842910289764,15.0
2026-04-27T17:56:46.011001,250426_161940.984375,1,58.475521087646484,8.746709823608398,80.9000015258789,79.80000305175781,1.4199999570846558,7,211.44000244140625,1,270426_165327.015625,-7.17640495300293,2.0070619583129883,0.1957690566778183,2.063063144683838,2.375741958618164,-0.034511908888816833,0.10644169896841049,-0.16063815355300903,0.085952527821064,0.05020269751548767,13.0
2026-04-27T17:56:49.020710,250426_161942.000000,1,58.475460052490234,8.746305465698242,66.9000015258789,79.80000305175781,1.2000000476837158,8,211.44000244140625,1,270426_165327.015625,-7.244051456451416,2.1437151432037354,0.1908864974975586,1.8129925727844238,2.3780758380889893,0.003911041188985109,0.018941791728138924,-0.1899040937423706,0.08609878271818161,0.04877110943198204,12.0
2026-04-27T17:56:52.130633,250426_161950.000000,1,58.47433090209961,8.744226455688477,41.400001525878906,81.05000305175781,0.949999988079071,10,211.44000244140625,1,270426_165327.015625,-7.004823684692383,2.261032819747925,0.21173062920570374,1.1278183460235596,2.354846477508545,-0.07847922295331955,-0.002576623111963272,-0.19663222134113312,0.09009705483913422,0.05087379366159439,14.0
2026-04-27T17:56:52.130997,250426_161950.000000,1,58.47433090209961,8.744226455688477,41.400001525878906,81.05000305175781,0.949999988079071,10,211.44000244140625,1,270426_165327.015625,-7.004823684692383,2.261032819747925,0.21173062920570374,1.1278183460235596,2.354846477508545,-0.07847922295331955,-0.002576623111963272,-0.19663222134113312,0.09009705483913422,0.05087379366159439,14.0
2026-04-27T17:56:52.133987,250426_161950.000000,1,58.47433090209961,8.744226455688477,41.400001525878906,81.05000305175781,0.949999988079071,10,211.44000244140625,1,270426_165327.015625,-7.004823684692383,2.261032819747925,0.21173062920570374,1.1278183460235596,2.354846477508545,-0.07847922295331955,-0.002576623111963272,-0.19663222134113312,0.09009705483913422,0.05087379366159439,14.0
2026-04-27T17:56:52.159412,250426_161950.000000,1,58.47433090209961,8.744226455688477,41.400001525878906,81.05000305175781,0.949999988079071,10,211.44000244140625,1,270426_165327.015625,-7.004823684692383,2.261032819747925,0.21173062920570374,1.1278183460235596,2.354846477508545,-0.07847922295331955,-0.002576623111963272,-0.19663222134113312,0.09009705483913422,0.05087379366159439,14.0
2026-04-27T17:56:52.164393,250426_161950.000000,1,58.47433090209961,8.744226455688477,41.400001525878906,81.05000305175781,0.949999988079071,10,211.44000244140625,1,270426_165327.015625,-7.004823684692383,2.261032819747925,0.21173062920570374,1.1278183460235596,2.354846477508545,-0.07847922295331955,-0.002576623111963272,-0.19663222134113312,0.09009705483913422,0.05087379366159439,14.0
2026-04-27T17:56:55.124755,250426_161951.015625,1,58.474151611328125,8.744027137756348,41.400001525878906,80.05000305175781,0.8299999833106995,11,211.44000244140625,1,270426_165342.000000,-6.764810085296631,2.022914409637451,0.3514491021633148,1.3989931344985962,2.520256519317627,0.03999534621834755,-0.004958905279636383,-0.3491307199001312,0.09440093487501144,0.05173280090093613,14.0
2026-04-27T17:56:55.125121,250426_161951.015625,1,58.474151611328125,8.744027137756348,41.400001525878906,80.05000305175781,0.8299999833106995,11,211.44000244140625,1,270426_165342.000000,-6.764810085296631,2.022914409637451,0.3514491021633148,1.3989931344985962,2.520256519317627,0.03999534621834755,-0.004958905279636383,-0.3491307199001312,0.09440093487501144,0.05173280090093613,14.0
2026-04-27T17:56:55.127259,250426_161951.015625,1,58.474151611328125,8.744027137756348,41.400001525878906,80.05000305175781,0.8299999833106995,11,211.44000244140625,1,270426_165342.000000,-6.764810085296631,2.022914409637451,0.3514491021633148,1.3989931344985962,2.520256519317627,0.03999534621834755,-0.004958905279636383,-0.3491307199001312,0.09440093487501144,0.05173280090093613,14.0
2026-04-27T17:56:55.162928,250426_161951.015625,1,58.474151611328125,8.744027137756348,41.400001525878906,80.05000305175781,0.8299999833106995,11,211.44000244140625,1,270426_165342.000000,-6.764810085296631,2.022914409637451,0.3514491021633148,1.3989931344985962,2.520256519317627,0.03999534621834755,-0.004958905279636383,-0.3491307199001312,0.09440093487501144,0.05173280090093613,14.0
2026-04-27T17:56:58.275307,250426_162000.000000,1,58.472408294677734,8.742502212524414,42.79999923706055,90.16999816894531,0.8500000238418579,10,211.44000244140625,1,270426_165342.000000,-6.694430828094482,1.651664137840271,0.18210597336292267,4.243580341339111,2.5370330810546875,0.11555539816617966,0.12547840178012848,0.0637550801038742,0.0912589356303215,0.05031967535614967,14.0
2026-04-27T17:56:58.277669,250426_162000.000000,1,58.472408294677734,8.742502212524414,42.79999923706055,90.16999816894531,0.8500000238418579,10,211.44000244140625,1,270426_165342.000000,-6.694430828094482,1.651664137840271,0.18210597336292267,4.243580341339111,2.5370330810546875,0.11555539816617966,0.12547840178012848,0.0637550801038742,0.0912589356303215,0.05031967535614967,14.0
2026-04-27T17:57:01.227867,250426_162016.984375,1,58.469181060791016,8.73891544342041,52.400001525878906,85.98999786376953,0.8999999761581421,10,211.44000244140625,1,270426_165342.000000,-6.775450229644775,1.7996399402618408,0.2605440616607666,4.136593818664551,2.192457437515259,-0.032260164618492126,-0.010899093002080917,-0.2583093047142029,0.08854034543037415,0.04532724246382713,14.0
2026-04-27T17:57:01.228311,250426_162016.984375,1,58.469181060791016,8.73891544342041,52.400001525878906,85.98999786376953,0.8999999761581421,10,211.44000244140625,1,270426_165342.000000,-6.775450229644775,1.7996399402618408,0.2605440616607666,4.136593818664551,2.192457437515259,-0.032260164618492126,-0.010899093002080917,-0.2583093047142029,0.08854034543037415,0.04532724246382713,14.0
2026-04-27T17:57:01.228625,250426_162016.984375,1,58.469181060791016,8.73891544342041,52.400001525878906,85.98999786376953,0.8999999761581421,10,211.44000244140625,1,270426_165342.000000,-6.775450229644775,1.7996399402618408,0.2605440616607666,4.136593818664551,2.192457437515259,-0.032260164618492126,-0.010899093002080917,-0.2583093047142029,0.08854034543037415,0.04532724246382713,14.0
2026-04-27T17:57:01.266348,250426_162016.984375,1,58.469181060791016,8.73891544342041,52.400001525878906,85.98999786376953,0.8999999761581421,10,211.44000244140625,1,270426_165342.000000,-6.775450229644775,1.7996399402618408,0.2605440616607666,4.136593818664551,2.192457437515259,-0.032260164618492126,-0.010899093002080917,-0.2583093047142029,0.08854034543037415,0.04532724246382713,14.0
2026-04-27T17:57:01.272807,250426_162016.984375,1,58.469181060791016,8.73891544342041,52.400001525878906,85.98999786376953,0.8999999761581421,10,211.44000244140625,1,270426_165342.000000,-6.775450229644775,1.7996399402618408,0.2605440616607666,4.136593818664551,2.192457437515259,-0.032260164618492126,-0.010899093002080917,-0.2583093047142029,0.08854034543037415,0.04532724246382713,14.0
2026-04-27T17:57:04.275532,250426_162024.984375,1,58.467838287353516,8.736886978149414,56.0,83.08999633789062,0.8299999833106995,11,211.44000244140625,1,270426_165342.000000,-6.889764308929443,0.9448093175888062,0.41093388199806213,3.759521007537842,2.1589748859405518,0.2044542133808136,-0.1381586343050003,0.3285990357398987,0.09224777668714523,0.049239885061979294,14.0
2026-04-27T17:57:07.357822,250426_162026.000000,1,58.467689514160156,8.736631393432617,56.099998474121094,83.08999633789062,0.8299999833106995,11,211.44000244140625,1,270426_165342.000000,-6.740960121154785,0.5443236827850342,0.05312029644846916,6.388944625854492,2.2127721309661865,-0.019383955746889114,0.04942259192466736,-0.0018534769769757986,0.08982100337743759,0.04452746734023094,14.0
2026-04-27T17:57:07.358216,250426_162026.000000,1,58.467689514160156,8.736631393432617,56.099998474121094,83.08999633789062,0.8299999833106995,11,211.44000244140625,1,270426_165342.000000,-6.740960121154785,0.5443236827850342,0.05312029644846916,6.388944625854492,2.2127721309661865,-0.019383955746889114,0.04942259192466736,-0.0018534769769757986,0.08982100337743759,0.04452746734023094,14.0
2026-04-27T17:57:10.327303,250426_162034.000000,1,58.46643829345703,8.734526634216309,54.29999923706055,83.2699966430664,0.8299999833106995,11,211.44000244140625,1,270426_165356.984375,-7.039216041564941,-0.5854743719100952,0.30711284279823303,1.2562708854675293,1.6827830076217651,0.1208292618393898,-0.009088840335607529,0.2821984589099884,0.08117707073688507,0.04527856037020683,14.0
2026-04-27T17:57:13.391233,250426_162035.015625,1,58.46630096435547,8.73425006866455,54.20000076293945,81.29000854492188,0.8299999833106995,11,211.44000244140625,1,270426_165356.984375,-7.272814750671387,-0.7921836376190186,0.16601844131946564,3.108902931213379,1.6700685024261475,-0.04413518309593201,-0.018091490492224693,-0.15901856124401093,0.08386589586734772,0.046143390238285065,14.0
2026-04-27T17:57:16.459736,250426_162043.015625,1,58.465091705322266,8.732048988342285,52.79999923706055,84.19001007080078,0.8999999761581421,10,211.44000244140625,1,270426_165411.015625,-7.744420528411865,-0.9996517896652222,0.14835374057292938,2.512890338897705,1.720824956893921,0.038264770060777664,-0.13127976655960083,0.05753491073846817,0.08098649978637695,0.05009203031659126,16.0
2026-04-27T17:57:19.523606,250426_162044.000000,1,58.46495819091797,8.731736183166504,52.400001525878906,84.2699966430664,0.9399999976158142,10,211.44000244140625,1,270426_165411.015625,-7.97606897354126,-1.2241551876068115,0.23448513448238373,1.6004855632781982,1.8941760063171387,0.024663440883159637,-0.07834508270025253,0.21962931752204895,0.0783974751830101,0.05140591040253639,14.0
2026-04-27T17:57:22.525230,250426_162052.000000,1,58.46392059326172,8.729171752929688,49.900001525878906,85.87999725341797,0.8799999952316284,11,211.44000244140625,1,270426_165411.015625,-7.732011795043945,-1.4917153120040894,0.25629952549934387,1.20538330078125,2.0232269763946533,-0.030954843387007713,-0.006078643724322319,-0.2543507516384125,0.07503949105739594,0.048098716884851456,14.0
2026-04-27T17:57:25.603631,250426_162052.984375,1,58.46379852294922,8.728841781616211,49.70000076293945,86.5999984741211,0.8299999833106995,11,211.44000244140625,1,270426_165411.015625,-7.136813163757324,-2.2643918991088867,0.26181572675704956,3.5508999824523926,2.0784313678741455,0.0660911351442337,0.07469604909420013,-0.24207423627376556,0.07024561613798141,0.04938420280814171,14.0
2026-04-27T17:57:25.603900,250426_162052.984375,1,58.46379852294922,8.728841781616211,49.70000076293945,86.5999984741211,0.8299999833106995,11,211.44000244140625,1,270426_165411.015625,-7.136813163757324,-2.2643918991088867,0.26181572675704956,3.5508999824523926,2.0784313678741455,0.0660911351442337,0.07469604909420013,-0.24207423627376556,0.07024561613798141,0.04938420280814171,14.0
2026-04-27T17:57:25.604675,250426_162052.984375,1,58.46379852294922,8.728841781616211,49.70000076293945,86.5999984741211,0.8299999833106995,11,211.44000244140625,1,270426_165411.015625,-7.136813163757324,-2.2643918991088867,0.26181572675704956,3.5508999824523926,2.0784313678741455,0.0660911351442337,0.07469604909420013,-0.24207423627376556,0.07024561613798141,0.04938420280814171,14.0
2026-04-27T17:57:25.616843,250426_162052.984375,1,58.46379852294922,8.728841781616211,49.70000076293945,86.5999984741211,0.8299999833106995,11,211.44000244140625,1,270426_165411.015625,-7.136813163757324,-2.2643918991088867,0.26181572675704956,3.5508999824523926,2.0784313678741455,0.0660911351442337,0.07469604909420013,-0.24207423627376556,0.07024561613798141,0.04938420280814171,14.0
2026-04-27T17:57:28.694482,250426_162100.984375,1,58.46281814575195,8.726046562194824,46.29999923706055,89.11000061035156,0.8299999833106995,11,211.44000244140625,1,270426_165411.015625,-7.047379493713379,-2.5560359954833984,0.332174688577652,2.804861307144165,2.0814743041992188,-0.1029059886932373,-0.052690789103507996,-0.31140655279159546,0.07443830370903015,0.0492788664996624,14.0
2026-04-27T17:57:31.711375,250426_162102.000000,1,58.46268844604492,8.72568416595459,46.099998474121094,89.63999938964844,0.8799999952316284,11,211.44000244140625,1,270426_165411.015625,-7.221674919128418,-2.87469744682312,0.20295192301273346,1.938371181488037,2.1886560916900635,0.0822998583316803,0.026022646576166153,-0.1836818903684616,0.08161640912294388,0.05215337872505188,15.0
2026-04-27T17:57:34.686769,250426_162111.015625,1,58.4616584777832,8.722436904907227,46.20000076293945,75.29000091552734,0.8299999833106995,11,211.44000244140625,1,270426_165411.015625,-7.301957607269287,-2.7878220081329346,0.33959391713142395,2.9871301651000977,2.1945958137512207,-0.07077696174383163,-0.016848551109433174,-0.3317088484764099,0.07679827511310577,0.05720382183790207,15.0
2026-04-27T17:57:37.707442,250426_162119.015625,1,58.460819244384766,8.719831466674805,46.20000076293945,89.40000915527344,0.8299999833106995,11,211.44000244140625,1,270426_165426.000000,-6.995696544647217,-3.266944408416748,0.1371956616640091,3.3288497924804688,2.2686586380004883,-0.01879775896668434,0.06358180195093155,-0.12011098861694336,0.08980825543403625,0.058681268244981766,15.0
2026-04-27T17:57:40.836826,250426_162120.000000,1,58.460689544677734,8.719481468200684,46.20000076293945,86.43000793457031,0.8299999833106995,11,211.44000244140625,1,270426_165426.000000,-6.717013359069824,-3.317305326461792,0.2809561491012573,1.3157492876052856,2.2001826763153076,-0.027813535183668137,0.005952760577201843,-0.2795127034187317,0.08759552985429764,0.06019201874732971,15.0
2026-04-27T17:57:40.837173,250426_162120.000000,1,58.460689544677734,8.719481468200684,46.20000076293945,86.43000793457031,0.8299999833106995,11,211.44000244140625,1,270426_165426.000000,-6.586797714233398,-3.2999966144561768,0.09349444508552551,4.921441078186035,2.196641206741333,0.039672382175922394,0.06909804791212082,-0.04891597479581833,0.08625905960798264,0.05767868831753731,15.0
2026-04-27T17:57:43.878214,250426_162128.000000,1,58.45977020263672,8.716776847839355,42.5,82.6500015258789,0.9200000166893005,10,211.44000244140625,1,270426_165426.000000,-6.509912490844727,-3.434537649154663,0.13113625347614288,1.9798332452774048,2.2503957748413086,0.026092207059264183,0.04816523939371109,-0.11914705485105515,0.08803801983594894,0.05740099027752876,15.0
2026-04-27T17:57:46.893440,250426_162136.000000,1,58.45875930786133,8.714295387268066,40.099998474121094,80.37999725341797,0.8299999833106995,11,211.44000244140625,1,270426_165426.000000,-6.460330963134766,-3.7558133602142334,0.25201430916786194,1.8005439043045044,2.029512882232666,0.03437144681811333,0.03613198548555374,-0.24703095853328705,0.0830395519733429,0.054147325456142426,16.0
2026-04-27T17:57:46.893812,250426_162136.000000,1,58.45875930786133,8.714295387268066,40.099998474121094,80.37999725341797,0.8299999833106995,11,211.44000244140625,1,270426_165426.000000,-6.460330963134766,-3.7558133602142334,0.25201430916786194,1.8005439043045044,2.029512882232666,0.03437144681811333,0.03613198548555374,-0.24703095853328705,0.0830395519733429,0.054147325456142426,16.0
2026-04-27T17:57:46.894287,250426_162136.000000,1,58.45875930786133,8.714295387268066,40.099998474121094,80.37999725341797,0.8299999833106995,11,211.44000244140625,1,270426_165426.000000,-6.460330963134766,-3.7558133602142334,0.25201430916786194,1.8005439043045044,2.029512882232666,0.03437144681811333,0.03613198548555374,-0.24703095853328705,0.0830395519733429,0.054147325456142426,16.0
2026-04-27T17:57:46.943275,250426_162136.000000,1,58.45875930786133,8.714295387268066,40.099998474121094,80.37999725341797,0.8299999833106995,11,211.44000244140625,1,270426_165426.000000,-6.460330963134766,-3.7558133602142334,0.25201430916786194,1.8005439043045044,2.029512882232666,0.03437144681811333,0.03613198548555374,-0.24703095853328705,0.0830395519733429,0.054147325456142426,16.0
2026-04-27T17:57:49.895516,250426_162136.984375,1,58.4586181640625,8.714000701904297,40.0,83.08999633789062,0.8299999833106995,11,211.44000244140625,1,270426_165440.984375,-6.642937660217285,-3.264716148376465,0.13297681510448456,5.227758407592773,2.038801670074463,-0.05390526354312897,0.09290222078561783,0.07839792221784592,0.08457889407873154,0.061255358159542084,14.0
2026-04-27T17:57:53.090923,250426_162144.984375,1,58.45746994018555,8.711758613586426,35.5,81.69999694824219,0.8299999833106995,11,211.44000244140625,1,270426_165440.984375,-6.74677848815918,-3.214595317840576,0.3198952376842499,3.1495988368988037,2.012234687805176,0.0006455685943365097,-0.038993339985609055,-0.31750917434692383,0.07849425822496414,0.05545973777770996,14.0
2026-04-27T17:57:56.081936,250426_162146.000000,1,58.45732116699219,8.711515426635742,35.29999923706055,80.3399887084961,0.8299999833106995,11,211.44000244140625,1,270426_165440.984375,-7.060223579406738,-3.2461159229278564,0.2296038120985031,1.242626428604126,1.7704031467437744,0.03815058246254921,-0.11721362918615341,0.1937096118927002,0.0789991021156311,0.050029005855321884,16.0
2026-04-27T17:57:59.057647,250426_162154.000000,1,58.45600128173828,8.709823608398438,33.900001525878906,79.9100112915039,0.8799999952316284,11,211.44000244140625,1,270426_165440.984375,-6.896131992340088,-3.0319321155548096,0.23689132928848267,3.462214469909668,1.6529417037963867,-0.12979409098625183,0.05024999380111694,0.1916922926902771,0.07508164644241333,0.05024871230125427,16.0
2026-04-27T17:58:02.129932,250426_162202.000000,1,58.4544792175293,8.708477020263672,32.900001525878906,85.80999755859375,0.8799999952316284,11,211.44000244140625,1,270426_165440.984375,-6.875596523284912,-3.0567915439605713,0.17343412339687347,2.2124366760253906,1.670666217803955,0.02123134210705757,-0.028369029983878136,0.1697757989168167,0.07674113661050797,0.04830091819167137,16.0
2026-04-27T17:58:05.214153,250426_162203.015625,1,58.454280853271484,8.708334922790527,33.20000076293945,87.23001098632812,0.8299999833106995,11,211.44000244140625,1,270426_165456.000000,-6.399868965148926,-3.065376043319702,0.2008022665977478,4.335981845855713,1.7604097127914429,-0.019886916503310204,0.1844557523727417,0.076825350522995,0.07793781906366348,0.04472491145133972,14.0
2026-04-27T17:58:08.264511,250426_162211.015625,1,58.45252990722656,8.707296371459961,34.20000076293945,92.70999908447266,0.8799999952316284,11,211.44000244140625,1,270426_165456.000000,-6.807400226593018,-3.4683053493499756,0.2938166856765747,2.9003586769104004,1.7721021175384521,-0.022508110851049423,0.15048037469387054,0.25135093927383423,0.07695771008729935,0.0432252362370491,16.0
2026-04-27T17:58:11.211393,250426_162212.000000,1,58.452308654785156,8.707169532775879,34.20000076293945,92.8499984741211,0.9599999189376831,10,211.44000244140625,1,270426_165456.000000,-6.531209468841553,-3.296497344970703,0.11728199571371078,2.1175270080566406,1.9580849409103394,-0.025039276108145714,-0.05472954735159874,-0.10066170245409012,0.08524571359157562,0.051149141043424606,12.0
2026-04-27T17:58:14.314412,250426_162220.000000,1,58.45050048828125,8.706022262573242,34.099998474121094,94.73999786376953,0.949999988079071,9,211.44000244140625,1,270426_165456.000000,-6.862433910369873,-3.573009729385376,0.1992383450269699,2.8135852813720703,2.1178157329559326,0.0070092035457491875,-0.029825996607542038,0.19686847925186157,0.08608031272888184,0.048954468220472336,14.0
2026-04-27T17:58:17.517470,250426_162230.000000,1,58.44852066040039,8.703889846801758,32.0,90.43000030517578,0.8299999833106995,11,211.44000244140625,1,270426_165456.000000,-6.509172439575195,-4.138123989105225,0.25299564003944397,3.6206040382385254,2.0305473804473877,0.0847114846110344,0.16801320016384125,0.16912221908569336,0.08098343014717102,0.047031112015247345,14.0
2026-04-27T17:58:20.685477,250426_162238.000000,1,58.447288513183594,8.701321601867676,30.799999237060547,92.76998901367188,0.8899999856948853,11,211.44000244140625,1,270426_165511.015625,-6.145177841186523,-4.689545154571533,0.08825358748435974,8.07186508178711,2.0046114921569824,-0.032524265348911285,0.057938337326049805,-0.05808630213141441,0.07963679730892181,0.05049937590956688,16.0
2026-04-27T17:58:23.474417,250426_162239.015625,1,58.44715118408203,8.700966835021973,30.600000381469727,91.72000122070312,0.8999999761581421,10,211.44000244140625,1,270426_165511.015625,-6.633394241333008,-4.644371509552002,0.12385796010494232,1.6475168466567993,1.970721960067749,-0.034735746681690216,-0.0616035982966423,0.10168195515871048,0.08121819794178009,0.045513685792684555,18.0
2026-04-27T17:58:26.593393,250426_162247.015625,1,58.44602966308594,8.69813346862793,29.799999237060547,92.86000061035156,0.8299999833106995,11,211.44000244140625,1,270426_165512.000000,-6.793996334075928,-5.501587390899658,0.19007577002048492,0.703395426273346,1.9026390314102173,0.09764066338539124,-0.07648927718400955,0.14402948319911957,0.0838085189461708,0.0471237413585186,18.0
2026-04-27T17:58:29.674391,250426_162248.000000,1,58.44586944580078,8.697809219360352,29.700000762939453,91.57000732421875,0.8899999856948853,11,211.44000244140625,1,270426_165512.000000,-7.389299392700195,-5.596839904785156,0.1463140994310379,1.6053504943847656,1.9898334741592407,0.037221312522888184,-0.11847967654466629,0.07736248522996902,0.0861029177904129,0.04774656891822815,16.0
2026-04-27T17:58:32.736404,250426_162256.000000,1,58.44451141357422,8.695642471313477,28.0,88.37001037597656,0.9700000882148743,10,211.44000244140625,1,270426_165512.000000,-7.338831424713135,-5.3647847175598145,0.11196335405111313,6.861599922180176,2.094686508178711,0.031531430780887604,0.07705308496952057,-0.07486242800951004,0.08821616321802139,0.04718930274248123,16.0
2026-04-27T17:58:35.707125,250426_162256.984375,1,58.44432067871094,8.69540023803711,27.799999237060547,89.16000366210938,0.8999999761581421,10,211.44000244140625,1,270426_165512.000000,-7.94166374206543,-5.480179309844971,0.1676626056432724,2.7554359436035156,1.9092392921447754,0.022191837430000305,-0.16104555130004883,-0.04101955518126488,0.07578861713409424,0.03979205712676048,14.0
2026-04-27T17:58:38.788662,250426_162306.000000,1,58.44253921508789,8.69360637664795,25.399999618530273,91.68000030517578,0.8899999856948853,11,211.44000244140625,1,270426_165512.000000,-8.020035743713379,-5.309511184692383,0.2389226257801056,1.212354302406311,2.0043447017669678,-0.07577431201934814,-0.00013017654418945312,0.22658830881118774,0.07187991589307785,0.03788754343986511,16.0
2026-04-27T17:58:38.788997,250426_162306.000000,1,58.44253921508789,8.69360637664795,25.399999618530273,91.68000030517578,0.8899999856948853,11,211.44000244140625,1,270426_165512.000000,-8.020035743713379,-5.309511184692383,0.2389226257801056,1.212354302406311,2.0043447017669678,-0.07577431201934814,-0.00013017654418945312,0.22658830881118774,0.07187991589307785,0.03788754343986511,16.0
2026-04-27T17:58:38.789429,250426_162306.000000,1,58.44253921508789,8.69360637664795,25.399999618530273,91.68000030517578,0.8899999856948853,11,211.44000244140625,1,270426_165512.000000,-8.020035743713379,-5.309511184692383,0.2389226257801056,1.212354302406311,2.0043447017669678,-0.07577431201934814,-0.00013017654418945312,0.22658830881118774,0.07187991589307785,0.03788754343986511,16.0
2026-04-27T17:58:38.844644,250426_162306.000000,1,58.44253921508789,8.69360637664795,25.399999618530273,91.68000030517578,0.8899999856948853,11,211.44000244140625,1,270426_165512.000000,-8.020035743713379,-5.309511184692383,0.2389226257801056,1.212354302406311,2.0043447017669678,-0.07577431201934814,-0.00013017654418945312,0.22658830881118774,0.07187991589307785,0.03788754343986511,16.0
2026-04-27T17:58:41.933298,250426_162314.000000,1,58.44078063964844,8.692377090454102,22.600000381469727,94.23999786376953,0.8299999833106995,11,211.44000244140625,1,270426_165527.015625,-8.361953735351562,-5.269618988037109,0.11246681958436966,3.9002249240875244,1.8870515823364258,0.014499451965093613,-0.07239332795143127,0.0848395973443985,0.0802457332611084,0.04366578534245491,16.0
2026-04-27T17:58:41.933735,250426_162314.000000,1,58.44078063964844,8.692377090454102,22.600000381469727,94.23999786376953,0.8299999833106995,11,211.44000244140625,1,270426_165527.015625,-8.361953735351562,-5.269618988037109,0.11246681958436966,3.9002249240875244,1.8870515823364258,0.014499451965093613,-0.07239332795143127,0.0848395973443985,0.0802457332611084,0.04366578534245491,16.0
2026-04-27T17:58:41.934338,250426_162314.000000,1,58.44078063964844,8.692377090454102,22.600000381469727,94.23999786376953,0.8299999833106995,11,211.44000244140625,1,270426_165527.015625,-8.361953735351562,-5.269618988037109,0.11246681958436966,3.9002249240875244,1.8870515823364258,0.014499451965093613,-0.07239332795143127,0.0848395973443985,0.0802457332611084,0.04366578534245491,16.0
2026-04-27T17:58:41.956441,250426_162314.000000,1,58.44078063964844,8.692377090454102,22.600000381469727,94.23999786376953,0.8299999833106995,11,211.44000244140625,1,270426_165527.015625,-8.361953735351562,-5.269618988037109,0.11246681958436966,3.9002249240875244,1.8870515823364258,0.014499451965093613,-0.07239332795143127,0.0848395973443985,0.0802457332611084,0.04366578534245491,16.0
2026-04-27T17:58:41.957341,250426_162314.000000,1,58.44078063964844,8.692377090454102,22.600000381469727,94.23999786376953,0.8299999833106995,11,211.44000244140625,1,270426_165527.015625,-8.361953735351562,-5.269618988037109,0.11246681958436966,3.9002249240875244,1.8870515823364258,0.014499451965093613,-0.07239332795143127,0.0848395973443985,0.0802457332611084,0.04366578534245491,16.0
2026-04-27T17:58:41.958119,250426_162314.000000,1,58.44078063964844,8.692377090454102,22.600000381469727,94.23999786376953,0.8299999833106995,11,211.44000244140625,1,270426_165527.015625,-8.361953735351562,-5.269618988037109,0.11246681958436966,3.9002249240875244,1.8870515823364258,0.014499451965093613,-0.07239332795143127,0.0848395973443985,0.0802457332611084,0.04366578534245491,16.0
2026-04-27T17:59:00.189373,250426_162340.984375,1,58.43444061279297,8.689971923828125,23.399999618530273,99.69001007080078,0.8299999833106995,11,211.44000244140625,1,270426_165542.000000,-9.311335563659668,-4.861279487609863,0.2219761162996292,2.357175827026367,2.0355641841888428,-0.009034819900989532,-0.01296120136976242,0.22141313552856445,0.07323475182056427,0.04657045751810074,14.0
2026-04-27T17:59:00.189651,250426_162340.984375,1,58.43444061279297,8.689971923828125,23.399999618530273,99.69001007080078,0.8299999833106995,11,211.44000244140625,1,270426_165542.000000,-9.311335563659668,-4.861279487609863,0.2219761162996292,2.357175827026367,2.0355641841888428,-0.009034819900989532,-0.01296120136976242,0.22141313552856445,0.07323475182056427,0.04657045751810074,14.0
2026-04-27T17:59:00.190654,250426_162340.984375,1,58.43444061279297,8.689971923828125,23.399999618530273,99.69001007080078,0.8299999833106995,11,211.44000244140625,1,270426_165542.000000,-9.311335563659668,-4.861279487609863,0.2219761162996292,2.357175827026367,2.0355641841888428,-0.009034819900989532,-0.01296120136976242,0.22141313552856445,0.07323475182056427,0.04657045751810074,14.0
2026-04-27T17:59:03.252682,250426_162350.000000,1,58.4322509765625,8.690802574157715,26.0,97.19999694824219,1.0299999713897705,9,211.44000244140625,1,270426_165542.000000,-9.279966354370117,-4.859601020812988,0.2557477056980133,0.932945191860199,1.8767845630645752,-0.056367985904216766,0.008191101253032684,-0.2493239790201187,0.0701972171664238,0.04393362998962402,14.0
2026-04-27T17:59:06.365778,250426_162359.015625,1,58.43043899536133,8.693126678466797,26.100000381469727,97.19999694824219,1.2899999618530273,7,211.44000244140625,1,270426_165542.000000,-9.504782676696777,-5.0177412033081055,0.14363427460193634,3.8298392295837402,1.9947545528411865,0.03290911763906479,-0.13798463344573975,0.02253962680697441,0.07602205872535706,0.04598065838217735,14.0
2026-04-27T17:59:06.366120,250426_162359.015625,1,58.43043899536133,8.693126678466797,26.100000381469727,97.19999694824219,1.2899999618530273,7,211.44000244140625,1,270426_165542.000000,-9.504782676696777,-5.0177412033081055,0.14363427460193634,3.8298392295837402,1.9947545528411865,0.03290911763906479,-0.13798463344573975,0.02253962680697441,0.07602205872535706,0.04598065838217735,14.0
2026-04-27T17:59:06.366529,250426_162359.015625,1,58.43043899536133,8.693126678466797,26.100000381469727,97.19999694824219,1.2899999618530273,7,211.44000244140625,1,270426_165542.000000,-9.504782676696777,-5.0177412033081055,0.14363427460193634,3.8298392295837402,1.9947545528411865,0.03290911763906479,-0.13798463344573975,0.02253962680697441,0.07602205872535706,0.04598065838217735,14.0
2026-04-27T17:59:06.375624,250426_162359.015625,1,58.43043899536133,8.693126678466797,26.100000381469727,97.19999694824219,1.2899999618530273,7,211.44000244140625,1,270426_165542.000000,-9.504782676696777,-5.0177412033081055,0.14363427460193634,3.8298392295837402,1.9947545528411865,0.03290911763906479,-0.13798463344573975,0.02253962680697441,0.07602205872535706,0.04598065838217735,14.0
2026-04-27T17:59:09.405836,250426_162400.000000,1,58.43027114868164,8.693466186523438,26.0,99.7699966430664,1.2899999618530273,7,211.44000244140625,1,270426_165556.984375,-8.931879043579102,-5.3579559326171875,0.24557948112487793,3.5338778495788574,1.9031922817230225,-0.0002829506993293762,-0.042799290269613266,-0.2418210506439209,0.07339227944612503,0.04649148881435394,14.0
2026-04-27T17:59:12.374556,250426_162408.000000,1,58.42893981933594,8.696187973022461,24.5,97.29000091552734,0.8799999952316284,10,211.44000244140625,1,270426_165556.984375,-8.920300483703613,-5.429872989654541,0.10935807228088379,6.882960319519043,2.0318796634674072,0.06351582705974579,0.002359515056014061,-0.08899080008268356,0.07414688169956207,0.04599769040942192,16.0
2026-04-27T17:59:15.397539,250426_162416.984375,1,58.42723083496094,8.69861125946045,22.0,93.18000030517578,0.9300000071525574,9,211.44000244140625,1,270426_165556.984375,-8.934099197387695,-6.007713317871094,0.1690901666879654,2.4344663619995117,2.0022151470184326,0.026409544050693512,-0.044208161532878876,0.16105791926383972,0.07771390676498413,0.05034928023815155,14.0
2026-04-27T17:59:18.552349,250426_162424.984375,1,58.425418853759766,8.699712753295898,18.700000762939453,95.79000091552734,0.8799999952316284,10,211.44000244140625,1,270426_165556.984375,-8.508819580078125,-5.56815767288208,0.3291122317314148,2.9513301849365234,1.907485008239746,-0.04823266342282295,0.047916479408741,0.32201316952705383,0.0819852203130722,0.05098225921392441,14.0
2026-04-27T17:59:21.478481,250426_162426.000000,1,58.42518997192383,8.699793815612793,18.200000762939453,91.20999908447266,0.8799999952316284,10,211.44000244140625,1,270426_165556.984375,-8.618425369262695,-5.553222179412842,0.0955871045589447,3.1716201305389404,1.9583320617675781,0.02171904966235161,0.06163030117750168,-0.06976305693387985,0.08071622997522354,0.05114969238638878,16.0
2026-04-27T17:59:24.534626,250426_162434.000000,1,58.42335891723633,8.699990272521973,15.5,92.0199966430664,0.8899999856948853,11,211.44000244140625,1,270426_165556.984375,-9.01602840423584,-4.817988395690918,0.3026767373085022,5.359017372131348,2.2253963947296143,-0.03552462160587311,0.05574505776166916,0.2953703999519348,0.08470551669597626,0.05078284442424774,16.0
2026-04-27T17:59:27.583490,250426_162435.015625,1,58.42314147949219,8.69997501373291,15.199999809265137,90.94001007080078,0.8299999833106995,11,211.44000244140625,1,270426_165626.000000,-9.082653045654297,-5.113113880157471,0.24712002277374268,0.8454650640487671,2.0999467372894287,0.0874868780374527,-0.03759040683507919,0.22803795337677002,0.08171382546424866,0.048123717308044434,16.0
2026-04-27T17:59:30.748182,250426_162443.015625,1,58.421348571777344,8.699633598327637,14.600000381469727,89.72000122070312,1.0399999618530273,8,211.44000244140625,1,270426_165626.000000,-8.876731872558594,-4.529630661010742,0.2163410186767578,4.482927322387695,2.05683970451355,-0.11859752982854843,-0.015068707056343555,-0.18030805885791779,0.08133092522621155,0.048485785722732544,16.0
2026-04-27T17:59:33.996090,250426_162444.000000,1,58.4211311340332,8.69957447052002,14.300000190734863,89.72000122070312,1.0399999618530273,8,211.44000244140625,1,270426_165626.000000,-8.552456855773926,-3.476463794708252,0.2339559942483902,2.309494733810425,2.2956631183624268,-0.06715892255306244,-0.0015229135751724243,-0.22410434484481812,0.08214927464723587,0.04909134283661842,16.0
2026-04-27T17:59:36.735491,250426_162452.000000,1,58.41965866088867,8.698836326599121,12.899999618530273,89.72000122070312,1.0399999618530273,8,211.44000244140625,1,270426_165626.000000,-8.48666000366211,-2.4593029022216797,0.2741861045360565,4.259991645812988,2.4474399089813232,-0.0025522010400891304,-0.005949642509222031,0.2741096615791321,0.09371183812618256,0.053568579256534576,16.0
2026-04-27T17:59:39.807215,250426_162452.984375,1,58.41950988769531,8.698704719543457,12.600000381469727,65.62000274658203,1.0399999618530273,8,211.44000244140625,1,270426_165626.000000,-7.712346076965332,-1.998034119606018,0.16077031195163727,1.9467381238937378,2.2255921363830566,-0.09831702709197998,0.11376003921031952,-0.056916654109954834,0.08419901877641678,0.051038943231105804,14.0
2026-04-27T17:59:42.892967,250426_162500.984375,1,58.41913986206055,8.697145462036133,11.300000190734863,42.31999969482422,0.9100000262260437,10,211.44000244140625,1,270426_165627.015625,-6.341285228729248,-1.4799895286560059,0.1270926594734192,0.05520224943757057,2.3286144733428955,-0.05515604466199875,0.11448720097541809,-0.0017424346879124641,0.08284644782543182,0.046059850603342056,14.0
2026-04-27T17:59:45.856389,250426_162502.000000,1,58.419071197509766,8.697020530700684,11.399999618530273,40.349998474121094,0.9100000262260437,10,211.44000244140625,1,270426_165627.015625,-5.3669047355651855,-1.0074480772018433,0.10742388665676117,0.059118565171957016,2.166118860244751,-0.04697810113430023,0.09657160192728043,0.0026216357946395874,0.07886828482151031,0.038905445486307144,10.0
2026-04-27T17:59:48.932716,250426_162510.000000,1,58.41815185546875,8.69762134552002,11.699999809265137,52.45000076293945,0.8299999833106995,11,211.44000244140625,1,270426_165627.015625,-4.553287982940674,-0.6158521175384521,0.08089253306388855,0.4441080689430237,1.9295066595077515,-0.032078858464956284,0.07412690669298172,-0.004444078542292118,0.0786578357219696,0.03293389454483986,8.0
2026-04-27T17:59:48.932992,250426_162510.000000,1,58.41815185546875,8.69762134552002,11.699999809265137,52.45000076293945,0.8299999833106995,11,211.44000244140625,1,270426_165627.015625,-4.553287982940674,-0.6158521175384521,0.08089253306388855,0.4441080689430237,1.9295066595077515,-0.032078858464956284,0.07412690669298172,-0.004444078542292118,0.0786578357219696,0.03293389454483986,8.0
2026-04-27T17:59:48.933379,250426_162510.000000,1,58.41815185546875,8.69762134552002,11.699999809265137,52.45000076293945,0.8299999833106995,11,211.44000244140625,1,270426_165627.015625,-4.553287982940674,-0.6158521175384521,0.08089253306388855,0.4441080689430237,1.9295066595077515,-0.032078858464956284,0.07412690669298172,-0.004444078542292118,0.0786578357219696,0.03293389454483986,8.0
2026-04-27T17:59:49.058702,250426_162510.000000,1,58.41815185546875,8.69762134552002,11.699999809265137,52.45000076293945,0.8299999833106995,11,211.44000244140625,1,270426_165627.015625,-4.553287982940674,-0.6158521175384521,0.08089253306388855,0.4441080689430237,1.9295066595077515,-0.032078858464956284,0.07412690669298172,-0.004444078542292118,0.0786578357219696,0.03293389454483986,8.0
2026-04-27T17:59:52.000824,250426_162511.015625,1,58.41807174682617,8.697823524475098,11.899999618530273,52.529998779296875,0.8299999833106995,11,211.44000244140625,1,270426_165640.984375,-3.4613523483276367,-0.08522926270961761,0.0701664537191391,0.06787867099046707,1.0624213218688965,-0.03201524168252945,0.06226414069533348,0.004640246741473675,0.05247015506029129,0.019020337611436844,4.0
2026-04-27T17:59:55.150491,250426_162519.015625,1,58.41754913330078,8.699128150939941,9.899999618530273,29.75,0.8600000143051147,10,211.44000244140625,1,270426_165640.984375,-2.661890745162964,0.28652942180633545,0.05336636304855347,0.16433046758174896,0.2529764473438263,-0.02555745095014572,0.04657291620969772,0.005074307322502136,0.02881159633398056,0.009710658341646194,0.0
2026-04-27T17:59:58.142343,250426_162527.015625,1,58.41716003417969,8.70009708404541,8.800000190734863,29.75,0.9300000071525574,10,211.44000244140625,1,270426_165640.984375,-2.228210687637329,0.49784380197525024,0.05235002189874649,0.13064098358154297,0.11988463997840881,-0.024794695898890495,0.04137066751718521,0.020352298393845558,0.02218477800488472,0.006918451748788357,2.0
2026-04-27T18:00:01.136915,250426_162536.000000,1,58.4162483215332,8.70021915435791,10.399999618530273,39.650001525878906,0.8299999833106995,11,211.44000244140625,1,270426_165640.984375,-1.7601014375686646,0.6825816035270691,0.024403845891356468,0.18963244557380676,0.29881781339645386,-0.011055488139390945,0.02166035585105419,-0.0020378660410642624,0.017270324751734734,0.004377412609755993,8.0
