Time, UTC Time, Label, Latitude, Longitude, Altitude, Speed, HDOP, Satelites, Course, Fix, Accel UTC, Roll Degrees, Pitch Degrees, Dynamic Magnitude, Jerk, Jerk Std, Acceleration X, Acceleration Y, Acceleration Z, Standard Deviation, Energy, Zero Crossings
2026-04-27T17:17:28.974484,250426_153832.000000,1,58.38045120239258,8.676777839660645,84.0999984741211,0.8799999952316284,2.0,5,197.61000061035156,1,270426_161404.984375,-1.237671136856079,-0.6721549034118652,0.002737404778599739,0.04955705627799034,0.0547475665807724,-0.0014745529042556882,0.002195614157244563,0.0007059441995806992,0.0015896015102043748,1.1609738066908903e-05,20.0
2026-04-27T17:17:32.005304,250426_153842.000000,1,58.38045120239258,8.676759719848633,81.90000915527344,0.8799999952316284,2.0,5,197.61000061035156,1,270426_161426.000000,-1.232479214668274,-0.6675136089324951,0.0028387780766934156,0.036246608942747116,0.04380148649215698,-0.00016151789168361574,0.002816414926201105,-0.0003168281982652843,0.001304140081629157,8.5900201156619e-06,18.0
2026-04-27T17:17:35.043818,250426_153843.015625,1,58.38045883178711,8.676774978637695,82.9000015258789,0.8799999952316284,2.0,5,197.61000061035156,1,270426_161426.000000,-1.2329803705215454,-0.6683217287063599,0.0015038384590297937,0.019058706238865852,0.039035581052303314,-0.0010366905480623245,-0.0010697016259655356,0.0002062550192931667,0.001284054247662425,7.785361958667636e-06,20.0
2026-04-27T17:17:38.211998,250426_153844.000000,1,58.3804817199707,8.676798820495605,86.19999694824219,1.1699999570846558,2.0,5,197.61000061035156,1,270426_161426.000000,-1.2324540615081787,-0.6660627722740173,0.0025955005548894405,0.07526957243680954,0.03794911876320839,8.210696250898764e-05,0.002008942188695073,0.0016413509147241712,0.0011369289131835103,7.220176485134289e-06,18.0
2026-04-27T17:17:41.074792,250426_153854.000000,1,58.380619049072266,8.676726341247559,96.30000305175781,2.640000104904175,2.0,5,197.61000061035156,1,270426_161427.015625,-1.249854326248169,-0.6617228984832764,0.0009340301039628685,0.03381917625665665,0.040432341396808624,0.00016835379938129336,-0.0006378546240739524,0.0006612190045416355,0.0013169178273528814,7.95290179667063e-06,16.0
2026-04-27T17:17:44.152582,250426_153855.015625,1,58.380619049072266,8.67669677734375,96.90000915527344,2.7300000190734863,2.0,5,197.61000061035156,1,270426_161427.015625,-1.2388911247253418,-0.6502371430397034,0.0011455996427685022,0.06285298615694046,0.04013846442103386,0.0001234594965353608,0.0010043681832030416,0.0005370295839384198,0.0012559117749333382,7.260193797264947e-06,18.0
2026-04-27T17:17:47.231984,250426_153856.000000,1,58.380619049072266,8.676675796508789,95.80001068115234,2.8499999046325684,2.0,5,197.61000061035156,1,270426_161428.000000,-1.2386835813522339,-0.6578671932220459,0.004308451898396015,0.10013273358345032,0.04158933088183403,9.036975097842515e-05,-0.0035972553305327892,0.0023694613482803106,0.0012659603962674737,8.007845281099435e-06,20.0
2026-04-27T17:17:50.291625,250426_153906.000000,1,58.38058090209961,8.676514625549316,86.30000305175781,3.490000009536743,2.0,5,197.61000061035156,1,270426_161428.000000,-1.2303235530853271,-0.6557599306106567,0.0022653681226074696,0.06445144861936569,0.042865537106990814,-0.00020541728008538485,0.0021765504498034716,-0.0005935696535743773,0.0012338502565398812,8.659168088342994e-06,18.0
2026-04-27T17:18:05.065017,250426_153920.984375,1,58.38079071044922,8.676411628723145,98.9000015258789,4.760000228881836,2.0,5,197.61000061035156,1,270426_161428.000000,-1.2225935459136963,-0.6547002196311951,0.0023855105973780155,0.02212882600724697,0.043152593076229095,-0.0011732304701581597,0.0020602038130164146,0.0002641049795784056,0.0012425519526004791,8.711366717761848e-06,20.0
2026-04-27T17:18:05.494885,250426_153932.000000,1,58.38130187988281,8.676525115966797,96.80000305175781,19.90999984741211,2.0,5,197.61000061035156,1,270426_161448.984375,-1.220910906791687,-0.6449366807937622,0.0016441016923636198,0.022233478724956512,0.037282563745975494,0.0004844253999181092,-0.00045418497757054865,-0.0015040341531857848,0.0010661588748916984,6.9524016907962505e-06,16.0
2026-04-27T17:18:08.571552,250426_153943.015625,1,58.3820686340332,8.676310539245605,89.80000305175781,27.540000915527344,2.0,5,197.61000061035156,1,270426_161450.000000,-1.214669942855835,-0.6473597884178162,0.0013532062293961644,0.05631677806377411,0.03623085469007492,0.0010280408896505833,0.000582250184379518,0.0006597603787668049,0.0011161747388541698,6.93052243150305e-06,19.0
2026-04-27T17:18:11.517668,250426_153944.984375,1,58.38220977783203,8.67626953125,88.80000305175781,28.1299991607666,2.0,5,197.61000061035156,1,270426_161450.000000,-1.2297546863555908,-0.6486081480979919,0.0030810972675681114,0.037944257259368896,0.03253993019461632,-0.0011455456260591745,-0.0004617351805791259,-0.002822709036991,0.0012010670034214854,8.173027708835434e-06,15.0
2026-04-27T17:18:14.619458,250426_153956.000000,1,58.38291931152344,8.675970077514648,84.80000305175781,27.0,1.9900000095367432,5,197.61000061035156,1,270426_161450.000000,-1.2581708431243896,-0.6467164754867554,0.004396687261760235,0.08474227041006088,0.03586256131529808,9.999948088079691e-05,-0.00410448620095849,-0.0015729116275906563,0.0015047683846205473,1.1699994502123445e-05,13.0
2026-04-27T17:18:17.685863,250426_153956.984375,1,58.38298034667969,8.675909996032715,85.19999694824219,26.43000030517578,1.9900000095367432,5,197.61000061035156,1,270426_161511.015625,-1.2391611337661743,-0.6457895636558533,0.007635732647031546,0.15684357285499573,0.0632796660065651,-0.005902696400880814,0.00442888168618083,0.0019615287892520428,0.002425462706014514,1.8313472537556663e-05,13.0
2026-04-27T17:18:20.655376,250426_154007.015625,1,58.38386917114258,8.676546096801758,79.9000015258789,57.22999954223633,1.9900000095367432,5,197.61000061035156,1,270426_161511.015625,-1.2492930889129639,-0.6480411291122437,0.0009397109970450401,0.03131866082549095,0.0647180825471878,0.00042470343760214746,-0.0008042761473916471,0.00023627035261597484,0.002411371562629938,1.8709029973251745e-05,13.0
2026-04-27T17:18:23.753148,250426_154008.984375,1,58.384159088134766,8.676815032958984,79.19999694824219,61.720001220703125,1.9900000095367432,5,197.61000061035156,1,270426_161512.000000,-1.2480746507644653,-0.6461148858070374,0.00031657336512580514,0.057871006429195404,0.06502720713615417,-0.00015182406059466302,0.0002728993131313473,5.1904899009969085e-05,0.0024426125455647707,1.8605889636091888e-05,11.0
2026-04-27T17:18:26.830835,250426_154019.015625,1,58.38555908203125,8.678166389465332,76.9000015258789,62.25,1.9900000095367432,5,197.61000061035156,1,270426_161512.000000,-1.241466760635376,-0.6452426314353943,0.0031512193381786346,0.09014022350311279,0.0649447813630104,-0.00014970690244808793,0.0029913403559476137,0.0009796193335205317,0.002463090931996703,1.7239190128748305e-05,13.0
2026-04-27T17:18:29.864459,250426_154020.000000,1,58.385711669921875,8.678301811218262,76.5,62.40999984741211,1.9900000095367432,5,197.61000061035156,1,270426_161512.000000,-1.239039421081543,-0.6448431015014648,0.002463259734213352,0.03353176638484001,0.06428015232086182,-0.0009754179627634585,0.0020525348372757435,-0.0009504257468506694,0.002347103552892804,1.3736071196035482e-05,15.0
2026-04-27T17:18:32.974359,250426_154020.984375,1,58.385860443115234,8.678433418273926,75.69999694824219,62.68000030517578,1.9900000095367432,5,197.61000061035156,1,270426_161512.984375,-1.2292438745498657,-0.6384727954864502,0.008315151557326317,0.05524221807718277,0.06149374321103096,-0.005888710729777813,0.0058268774300813675,0.0007157720974646509,0.0017653205431997776,9.799092367757112e-06,17.0
2026-04-27T17:18:35.885581,250426_154031.015625,1,58.386959075927734,8.680401802062988,75.0,62.20000076293945,1.9900000095367432,5,197.61000061035156,1,270426_161512.984375,-1.2243499755859375,-0.6404164433479309,0.0021801250986754894,0.058427244424819946,0.07268153876066208,0.0012787501327693462,-0.0015835039084777236,0.000781190930865705,0.0021373964846134186,1.3132059393683448e-05,17.0
2026-04-27T17:18:38.979018,250426_154032.984375,1,58.38711929321289,8.680920600891113,75.0999984741211,61.41999816894531,1.9900000095367432,5,197.61000061035156,1,270426_161534.000000,-1.2589678764343262,-0.628748893737793,0.01805538684129715,0.7345382571220398,0.25509563088417053,0.012882805429399014,-0.00950336828827858,0.008349631913006306,0.008476579561829567,0.00010261053103022277,19.0
2026-04-27T17:18:42.013506,250426_154043.015625,1,58.38793182373047,8.683303833007812,73.4000015258789,59.33000183105469,4.360000133514404,5,197.61000061035156,1,270426_161534.000000,-1.2539933919906616,-0.6219181418418884,0.004022292792797089,0.07615263760089874,0.25638148188591003,0.002074006712064147,0.002015837002545595,0.002795306034386158,0.008432268165051937,0.00010626939183566719,21.0
2026-04-27T17:18:45.123176,250426_154044.000000,1,58.388038635253906,8.68350601196289,73.19999694824219,61.68000030517578,1.9900000095367432,5,197.61000061035156,1,270426_161534.000000,-1.255126953125,-0.6310111284255981,0.0018350793980062008,0.05495331808924675,0.25587478280067444,0.0013194411294534802,0.00017557710816618055,0.0012632358120754361,0.008369877934455872,0.00010702043073251843,19.0
2026-04-27T17:18:45.123489,250426_154044.000000,1,58.388038635253906,8.68350601196289,73.19999694824219,61.68000030517578,1.9900000095367432,5,197.61000061035156,1,270426_161534.000000,-1.255126953125,-0.6310111284255981,0.0018350793980062008,0.05495331808924675,0.25587478280067444,0.0013194411294534802,0.00017557710816618055,0.0012632358120754361,0.008369877934455872,0.00010702043073251843,19.0
2026-04-27T17:18:48.091660,250426_154044.984375,1,58.38814926147461,8.683709144592285,73.0,61.25,1.9900000095367432,5,197.61000061035156,1,270426_161535.015625,-1.2394931316375732,-0.6142717599868774,0.005457157269120216,0.07674328982830048,0.261047899723053,-0.005454206373542547,0.00011831574374809861,-0.00013490892888512462,0.008474116213619709,0.00011364114470779896,17.0
2026-04-27T17:18:51.164679,250426_154055.015625,1,58.38922119140625,8.685897827148438,71.80000305175781,61.0099983215332,4.380000114440918,5,197.61000061035156,1,270426_161535.015625,-1.2349748611450195,-0.615372359752655,0.0009139166213572025,0.018094301223754883,0.26053521037101746,-0.0008336913888342679,-0.00020698907610494643,-0.00031202187528833747,0.008547511883080006,0.00011010978050762787,17.0
2026-04-27T17:18:54.297671,250426_154056.984375,1,58.389408111572266,8.686354637145996,71.30001068115234,61.84000015258789,1.9900000095367432,5,197.61000061035156,1,270426_161536.000000,-1.223329782485962,-0.6194177865982056,0.00319294398650527,0.04603951424360275,0.26086169481277466,-0.0029924309346824884,-0.0008716228185221553,0.0006931966636329889,0.008498100563883781,0.00011048620217479765,15.0
2026-04-27T17:18:57.319964,250426_154107.015625,1,58.39057159423828,8.68836498260498,66.5999984741211,62.619998931884766,1.9900000095367432,5,197.61000061035156,1,270426_161536.000000,-1.2193013429641724,-0.6228326559066772,0.004161410965025425,0.09933815151453018,0.08567618578672409,-0.001984658185392618,0.0013173369225114584,0.003412197809666395,0.0026634354144334793,1.800344580260571e-05,15.0
2026-04-27T17:19:00.380935,250426_154108.000000,1,58.390689849853516,8.688568115234375,66.30001068115234,62.56999969482422,1.9900000095367432,5,197.61000061035156,1,270426_161536.000000,-1.2380224466323853,-0.6253750920295715,0.0019298637052997947,0.0984920784831047,0.0868733674287796,0.0007993921171873808,0.00025961396750062704,0.0017372239381074905,0.0027436628006398678,1.9029839677386917e-05,19.0
2026-04-27T17:19:03.571180,250426_154119.015625,1,58.3920783996582,8.69040298461914,64.19999694824219,62.20000076293945,1.9900000095367432,5,197.61000061035156,1,270426_161536.000000,-1.2504907846450806,-0.6276703476905823,0.002223650459200144,0.12591508030891418,0.04347052797675133,0.0007865009247325361,0.0020101922564208508,-0.0005340075585991144,0.00126835226546973,9.5637778940727e-06,19.0
2026-04-27T17:19:06.650372,250426_154120.984375,1,58.39234924316406,8.690654754638672,64.30000305175781,61.58000183105469,3.8299999237060547,4,197.61000061035156,1,270426_161536.000000,-1.2574902772903442,-0.6310909390449524,0.0030450818594545126,0.05764121189713478,0.05972471088171005,0.002086870139464736,0.0007546125561930239,-0.002085199346765876,0.0015238415217027068,1.320309911534423e-05,21.0
2026-04-27T17:19:09.594887,250426_154131.015625,1,58.39387893676758,8.69153881072998,61.5,64.02999877929688,2.109999895095825,4,197.61000061035156,1,270426_161556.984375,-1.250545859336853,-0.6272720694541931,0.0019154640613123775,0.02438005991280079,0.0597623810172081,-0.0009329993044957519,0.0013135367771610618,0.0010359227890148759,0.0015365805011242628,1.296333266509464e-05,21.0
2026-04-27T17:19:12.731404,250426_154132.000000,1,58.39405059814453,8.691579818725586,60.900001525878906,64.02999877929688,2.109999895095825,4,197.61000061035156,1,270426_161556.984375,-1.2555482387542725,-0.6263834238052368,0.0026836430188268423,0.06761027127504349,0.059270456433296204,0.00057034264318645,-0.0024307668209075928,-0.0009838803671300411,0.0015847739996388555,1.2604840776475612e-05,21.0
2026-04-27T17:19:15.674700,250426_154143.015625,1,58.395599365234375,8.690848350524902,55.599998474121094,61.310001373291016,1.7799999713897705,5,197.61000061035156,1,270426_161558.000000,-1.2549835443496704,-0.6191743016242981,0.004315546248108149,0.11108805239200592,0.060600314289331436,-0.002218079287558794,0.0030218588653951883,-0.002138324547559023,0.0017260771710425615,1.2602548849827144e-05,21.0
2026-04-27T17:19:18.819477,250426_154154.000000,1,58.39717102050781,8.691327095031738,48.20000076293945,60.54999923706055,3.6700000762939453,6,197.61000061035156,1,270426_161558.000000,-1.2605963945388794,-0.6190128326416016,0.0018852294888347387,0.04751736670732498,0.060841865837574005,0.00045445235446095467,-0.001732838456518948,-0.0005872265319339931,0.0017224412877112627,1.2795652764907572e-05,23.0
2026-04-27T17:19:21.820874,250426_154156.000000,1,58.39741134643555,8.691632270812988,46.0,60.79999923706055,3.6700000762939453,6,197.61000061035156,1,270426_161558.000000,-1.2477720975875854,-0.616841733455658,0.001513637718744576,0.03349968045949936,0.045947104692459106,-0.0002551861689426005,0.001371323480270803,0.0005877511575818062,0.0014242021134123206,9.609793778508902e-06,23.0
2026-04-27T17:19:24.910290,250426_154204.984375,1,58.398529052734375,8.693102836608887,29.399999618530273,60.79999923706055,1.5700000524520874,7,197.61000061035156,1,270426_161559.015625,-1.2325637340545654,-0.6215294003486633,0.0022187428548932076,0.041151415556669235,0.04524894803762436,-0.00021312470198608935,0.0022024221252650023,0.00016350680380128324,0.0014758295146748424,1.035409513860941e-05,22.0
2026-04-27T17:19:27.990251,250426_154206.000000,1,58.398658752441406,8.693245887756348,27.899999618530273,61.040000915527344,1.5700000524520874,7,197.61000061035156,1,270426_161559.015625,-1.2245492935180664,-0.6243961453437805,0.0010617879452183843,0.06524035334587097,0.044926002621650696,-1.5604948202962987e-05,-0.0009959087474271655,-0.00036785320844501257,0.0014512718189507723,1.0813859262270853e-05,18.0
2026-04-27T17:19:30.906625,250426_154215.015625,1,58.39990997314453,8.69417953491211,18.600000381469727,55.290000915527344,1.2899999618530273,7,197.61000061035156,1,270426_161559.015625,-1.2151461839675903,-0.6209844946861267,0.003177030012011528,0.027608521282672882,0.036849942058324814,-0.0015728268772363663,0.0018291014712303877,0.0020673952531069517,0.0010586029384285212,8.398742465942632e-06,14.0
2026-04-27T17:19:33.974690,250426_154224.000000,1,58.400821685791016,8.694528579711914,9.600000381469727,33.47999954223633,1.8899999856948853,6,197.61000061035156,1,270426_161559.015625,-1.2093335390090942,-0.6232462525367737,0.0021903503220528364,0.07433335483074188,0.036825910210609436,0.0003557915042620152,-0.002086533000692725,0.0005634066765196621,0.0010036323219537735,7.949513019411825e-06,14.0
2026-04-27T17:19:37.000654,250426_154224.984375,1,58.40087890625,8.694575309753418,8.600000381469727,32.029998779296875,1.8899999856948853,6,197.61000061035156,1,270426_161559.015625,-1.2125954627990723,-0.6319373846054077,0.0015600279439240694,0.022894177585840225,0.03756842762231827,0.0005632254760712385,0.0010368553921580315,0.001020487630739808,0.0009708632715046406,7.949183782329783e-06,12.0
2026-04-27T17:19:37.001109,250426_154224.984375,1,58.40087890625,8.694575309753418,8.600000381469727,32.029998779296875,1.8899999856948853,6,197.61000061035156,1,270426_161559.015625,-1.2125954627990723,-0.6319373846054077,0.0015600279439240694,0.022894177585840225,0.03756842762231827,0.0005632254760712385,0.0010368553921580315,0.001020487630739808,0.0009708632715046406,7.949183782329783e-06,12.0
2026-04-27T17:19:37.001478,250426_154224.984375,1,58.40087890625,8.694575309753418,8.600000381469727,32.029998779296875,1.8899999856948853,6,197.61000061035156,1,270426_161559.015625,-1.2125954627990723,-0.6319373846054077,0.0015600279439240694,0.022894177585840225,0.03756842762231827,0.0005632254760712385,0.0010368553921580315,0.001020487630739808,0.0009708632715046406,7.949183782329783e-06,12.0
2026-04-27T17:19:40.092523,250426_154226.000000,1,58.40095138549805,8.694595336914062,7.699999809265137,50.150001525878906,1.8899999856948853,6,197.61000061035156,1,270426_161559.015625,-1.1977192163467407,-0.6346629858016968,0.0021972234826534986,0.059849902987480164,0.0361100509762764,-0.0009515171404927969,0.0017590222414582968,0.0009100803872570395,0.0009503643377684057,7.458865184162278e-06,16.0
2026-04-27T17:19:43.192907,250426_154235.015625,1,58.40188980102539,8.69459056854248,-0.8999999761581421,53.290000915527344,1.1200000047683716,8,197.61000061035156,1,270426_161559.015625,-1.1912654638290405,-0.6350428462028503,0.003486770438030362,0.041667696088552475,0.03638419508934021,-0.0006204721285030246,0.001211632858030498,0.003210066817700863,0.0008541757124476135,7.879380973463412e-06,14.0
2026-04-27T17:19:46.245527,250426_154236.000000,1,58.40201950073242,8.694645881652832,-1.7999999523162842,54.63999938964844,1.1200000047683716,8,197.61000061035156,1,270426_161640.984375,-1.1885502338409424,-0.6436816453933716,0.0015476350672543049,0.08002442866563797,0.03581736236810684,-1.7188567653647624e-05,0.0010016188025474548,0.0011796773178502917,0.0009672243613749743,7.191591976152267e-06,18.0
2026-04-27T17:19:49.202435,250426_154244.984375,1,58.403228759765625,8.69553279876709,-7.0,58.34000015258789,1.440000057220459,8,197.61000061035156,1,270426_161640.984375,-1.184695839881897,-0.645646870136261,0.0019944801460951567,0.041703805327415466,0.03352898731827736,-0.0012446221662685275,0.0007618587696924806,-0.0013595725176855922,0.0009592314017936587,6.057552127458621e-06,20.0
2026-04-27T17:19:52.295187,250426_154246.000000,1,58.40336990356445,8.695642471313477,-7.0,58.34000015258789,1.440000057220459,8,197.61000061035156,1,270426_161640.984375,-1.191694736480713,-0.6497599482536316,0.002553984522819519,0.041946765035390854,0.0337635800242424,0.001114614075049758,-0.002271720441058278,-0.0003460617735981941,0.0009301448008045554,5.709779088647338e-06,22.0
2026-04-27T17:19:55.371519,250426_154247.015625,1,58.403499603271484,8.695752143859863,-7.300000190734863,57.849998474121094,1.1200000047683716,8,197.61000061035156,1,270426_161640.984375,-1.1774849891662598,-0.6520837545394897,0.003173303324729204,0.03311488404870033,0.0322798490524292,-0.0013575740158557892,0.0025915990117937326,-0.0012290081940591335,0.0009354425128549337,5.578420768870274e-06,25.0
2026-04-27T17:19:58.342562,250426_154256.000000,1,58.404720306396484,8.696494102478027,-11.199999809265137,54.5,1.559999942779541,7,197.61000061035156,1,270426_161640.984375,-1.1863702535629272,-0.6479217410087585,0.0037446129135787487,0.05957317724823952,0.029183605685830116,0.0021466827020049095,-0.002041293540969491,-0.0022906328085809946,0.0008725007064640522,5.016241175326286e-06,27.0
2026-04-27T17:20:01.411427,250426_154306.000000,1,58.406009674072266,8.696394920349121,-14.5,50.599998474121094,1.7799999713897705,7,197.61000061035156,1,270426_161640.984375,-1.1746463775634766,-0.6430099010467529,0.0029953946359455585,0.03503129258751869,0.02630276046693325,-0.0012326367432251573,0.0021140784956514835,0.0017273294506594539,0.0009235403267666698,5.28692771695205e-06,27.0
2026-04-27T17:20:01.411753,250426_154306.000000,1,58.406009674072266,8.696394920349121,-14.5,50.599998474121094,1.7799999713897705,7,197.61000061035156,1,270426_161640.984375,-1.1746463775634766,-0.6430099010467529,0.0029953946359455585,0.03503129258751869,0.02630276046693325,-0.0012326367432251573,0.0021140784956514835,0.0017273294506594539,0.0009235403267666698,5.28692771695205e-06,27.0
2026-04-27T17:20:01.411924,250426_154306.000000,1,58.406009674072266,8.696394920349121,-14.5,50.599998474121094,1.7799999713897705,7,197.61000061035156,1,270426_161640.984375,-1.1746463775634766,-0.6430099010467529,0.0029953946359455585,0.03503129258751869,0.02630276046693325,-0.0012326367432251573,0.0021140784956514835,0.0017273294506594539,0.0009235403267666698,5.28692771695205e-06,27.0
2026-04-27T17:20:01.430587,250426_154306.000000,1,58.406009674072266,8.696394920349121,-14.5,50.599998474121094,1.7799999713897705,7,197.61000061035156,1,270426_161640.984375,-1.1746463775634766,-0.6430099010467529,0.0029953946359455585,0.03503129258751869,0.02630276046693325,-0.0012326367432251573,0.0021140784956514835,0.0017273294506594539,0.0009235403267666698,5.28692771695205e-06,27.0
2026-04-27T17:20:04.438382,250426_154307.015625,1,58.4061393737793,8.696361541748047,-14.600000381469727,50.599998474121094,1.2699999809265137,7,197.61000061035156,1,270426_161702.000000,-1.1806026697158813,-0.6362940669059753,0.0010231101186946034,0.06107121706008911,0.025891127064824104,-0.0007292239461094141,0.0007157819345593452,-5.1409093430265784e-05,0.000978125724941492,5.155125563760521e-06,29.0
2026-04-27T17:20:07.589751,250426_154316.984375,1,58.4073486328125,8.696352005004883,-15.399999618530273,51.41999816894531,1.4299999475479126,8,197.61000061035156,1,270426_161702.000000,-1.1777846813201904,-0.6382123231887817,0.0019009102834388614,0.022310245782136917,0.025347746908664703,-0.0008763594669289887,0.0015059435972943902,-0.000759991817176342,0.000908074202015996,5.138690085004782e-06,27.0
2026-04-27T17:20:10.717036,250426_154318.000000,1,58.407470703125,8.696390151977539,-15.399999618530273,53.47999954223633,1.4299999475479126,8,197.61000061035156,1,270426_161702.000000,-1.1787711381912231,-0.6416823267936707,0.003247601678594947,0.04568323493003845,0.028043603524565697,0.0012717267964035273,-0.002526951488107443,-0.0015950376400724053,0.0008911735494621098,5.024592610425316e-06,25.0
2026-04-27T17:20:13.660173,250426_154327.015625,1,58.4086799621582,8.696697235107422,-16.299999237060547,53.29999923706055,1.1200000047683716,8,197.61000061035156,1,270426_161703.015625,-1.1874953508377075,-0.6452211737632751,0.001942913862876594,0.04116586595773697,0.03261419013142586,0.0003591928107198328,0.0006708208238705993,-0.0017877063946798444,0.0009429873898625374,5.561063971981639e-06,25.0
2026-04-27T17:20:19.692503,250426_154336.984375,1,58.409908294677734,8.697274208068848,-13.199999809265137,46.130001068115234,1.149999976158142,7,197.61000061035156,1,270426_161704.000000,-1.18765127658844,-0.6467228531837463,0.0029341988265514374,0.06246607005596161,0.03518664091825485,0.0017830488504841924,0.00228793709538877,-0.0004422721394803375,0.0009548823582008481,5.999177119520027e-06,21.0
2026-04-27T17:20:22.770011,250426_154338.000000,1,58.410030364990234,8.697344779968262,-10.300000190734863,45.29999923706055,1.1200000047683716,8,197.61000061035156,1,270426_161704.000000,-1.154273509979248,-0.6119939088821411,0.05194767192006111,0.9493466019630432,0.23343726992607117,-0.02373742312192917,0.013012691400945187,0.0443369522690773,0.008941609412431717,9.93943031062372e-05,19.0
2026-04-27T17:20:25.884263,250426_154356.984375,1,58.41188049316406,8.698559761047363,0.30000001192092896,32.869998931884766,1.1100000143051147,8,197.61000061035156,1,270426_161704.000000,-1.1723119020462036,-0.6219517588615417,0.00431645754724741,0.08096546679735184,0.23290356993675232,0.0016352173406630754,-0.0007240383420139551,-0.003928566817194223,0.008903232403099537,0.00010153857874684036,19.0
2026-04-27T17:20:28.971205,250426_154406.000000,1,58.4127197265625,8.698871612548828,4.099999904632568,44.40999984741211,1.7699999809265137,7,197.61000061035156,1,270426_161704.000000,-1.2006652355194092,-0.6358031034469604,0.007182674948126078,0.051245175302028656,0.23321010172367096,0.0021312895696610212,-0.005611984990537167,-0.003943860996514559,0.008859828114509583,0.00010704327723942697,19.0
2026-04-27T17:20:28.974088,250426_154406.000000,1,58.4127197265625,8.698871612548828,4.099999904632568,44.40999984741211,1.7699999809265137,7,197.61000061035156,1,270426_161704.000000,-1.2006652355194092,-0.6358031034469604,0.007182674948126078,0.051245175302028656,0.23321010172367096,0.0021312895696610212,-0.005611984990537167,-0.003943860996514559,0.008859828114509583,0.00010704327723942697,19.0
2026-04-27T17:20:28.986508,250426_154406.000000,1,58.4127197265625,8.698871612548828,4.099999904632568,44.40999984741211,1.7699999809265137,7,197.61000061035156,1,270426_161704.000000,-1.2006652355194092,-0.6358031034469604,0.007182674948126078,0.051245175302028656,0.23321010172367096,0.0021312895696610212,-0.005611984990537167,-0.003943860996514559,0.008859828114509583,0.00010704327723942697,19.0
2026-04-27T17:20:32.032306,250426_154415.015625,1,58.41371154785156,8.69922161102295,5.699999809265137,42.349998474121094,1.7699999809265137,7,197.61000061035156,1,270426_161704.000000,-1.206149697303772,-0.6427475810050964,0.003101252717897296,0.04893411695957184,0.23338724672794342,0.0016204112907871604,0.002342776395380497,-0.0012261461233720183,0.008788862265646458,0.00010869184188777581,19.0
2026-04-27T17:20:34.996319,250426_154416.000000,1,58.413818359375,8.699260711669922,5.599999904632568,44.52000045776367,1.2699999809265137,7,197.61000061035156,1,270426_161723.015625,-1.2201343774795532,-0.645052433013916,0.0011119962437078357,0.020038779824972153,0.23232722282409668,-0.0001523693063063547,0.0006774839712306857,0.0008685244829393923,0.008738559670746326,0.00010963647946482524,15.0
2026-04-27T17:20:38.149333,250426_154424.000000,1,58.41474914550781,8.699625015258789,7.199999809265137,52.040000915527344,1.7699999809265137,7,11.199999809265137,1,270426_161723.015625,-1.22798752784729,-0.6478443145751953,0.002323541324585676,0.052256785333156586,0.05100344121456146,-0.001790569513104856,0.00094161945162341,0.0011428287252783775,0.0018104477785527706,1.4974198165873531e-05,14.0
2026-04-27T17:20:38.149619,250426_154424.000000,1,58.41474914550781,8.699625015258789,7.199999809265137,52.040000915527344,1.7699999809265137,7,11.199999809265137,1,270426_161723.015625,-1.22798752784729,-0.6478443145751953,0.002323541324585676,0.052256785333156586,0.05100344121456146,-0.001790569513104856,0.00094161945162341,0.0011428287252783775,0.0018104477785527706,1.4974198165873531e-05,14.0
2026-04-27T17:20:38.149777,250426_154424.000000,1,58.41474914550781,8.699625015258789,7.199999809265137,52.040000915527344,1.7699999809265137,7,11.199999809265137,1,270426_161723.015625,-1.22798752784729,-0.6478443145751953,0.002323541324585676,0.052256785333156586,0.05100344121456146,-0.001790569513104856,0.00094161945162341,0.0011428287252783775,0.0018104477785527706,1.4974198165873531e-05,14.0
2026-04-27T17:20:38.175811,250426_154424.000000,1,58.41474914550781,8.699625015258789,7.199999809265137,52.040000915527344,1.7699999809265137,7,11.199999809265137,1,270426_161723.015625,-1.22798752784729,-0.6478443145751953,0.002323541324585676,0.052256785333156586,0.05100344121456146,-0.001790569513104856,0.00094161945162341,0.0011428287252783775,0.0018104477785527706,1.4974198165873531e-05,14.0
2026-04-27T17:20:41.067788,250426_154424.984375,1,58.41487121582031,8.699678421020508,7.199999809265137,54.04999923706055,1.2699999809265137,7,11.199999809265137,1,270426_161724.000000,-1.2330750226974487,-0.6459131836891174,0.007838815450668335,0.07975590974092484,0.04174688085913658,0.0008678592275828123,-0.0066571421921253204,-0.0040467651560902596,0.001820934470742941,1.2226128092152067e-05,14.0
2026-04-27T17:20:50.256863,250426_154511.015625,1,58.41925048828125,8.698862075805664,7.5,88.0,1.4199999570846558,8,11.199999809265137,1,270426_161742.000000,-1.2470073699951172,-0.6571305394172668,0.0011679409071803093,0.03883848711848259,0.03886318951845169,-0.0005990524077787995,-0.0007007484673522413,0.0007170591852627695,0.0013254709774628282,7.237087174871704e-06,20.0
2026-04-27T17:20:53.348798,250426_154512.000000,1,58.419490814208984,8.699017524719238,7.199999809265137,90.97000122070312,1.1100000143051147,8,11.199999809265137,1,270426_161742.000000,-1.3609333038330078,-2.5514936447143555,0.4643634259700775,1.4163427352905273,0.5360273718833923,0.4614511728286743,-0.013458807952702045,0.05015036463737488,0.11588587611913681,0.014800949953496456,21.0
2026-04-27T17:20:56.835374,250426_154531.015625,1,58.424041748046875,8.700053215026855,5.199999809265137,92.45999908447266,1.409999966621399,8,11.199999809265137,1,270426_161743.015625,-5.237013816833496,-6.3624420166015625,0.2507587671279907,2.3605594635009766,1.7439796924591064,0.06556311994791031,-0.22261521220207214,-0.09499426186084747,0.20793263614177704,0.06345479935407639,19.0
2026-04-27T17:20:59.755332,250426_154539.015625,1,58.42583084106445,8.699621200561523,5.5,87.8399887084961,1.409999966621399,8,11.199999809265137,1,270426_161743.015625,-6.885390281677246,-5.63189697265625,0.29128414392471313,3.146785020828247,1.9405568838119507,-0.2524177134037018,-0.13473759591579437,0.05456661432981491,0.20330564677715302,0.07457105815410614,19.0
2026-04-27T17:21:02.869406,250426_154540.000000,1,58.426048278808594,8.699522018432617,5.699999809265137,89.00000762939453,1.409999966621399,8,11.199999809265137,1,270426_161743.015625,-7.504633903503418,-4.127986431121826,0.1981208473443985,4.695583343505859,2.1785848140716553,-0.012421192601323128,-0.17702779173851013,0.08808375149965286,0.19002586603164673,0.0856107622385025,19.0
2026-04-27T17:21:02.872683,250426_154540.000000,1,58.426048278808594,8.699522018432617,5.699999809265137,89.00000762939453,1.409999966621399,8,11.199999809265137,1,270426_161743.015625,-7.504633903503418,-4.127986431121826,0.1981208473443985,4.695583343505859,2.1785848140716553,-0.012421192601323128,-0.17702779173851013,0.08808375149965286,0.19002586603164673,0.0856107622385025,19.0
2026-04-27T17:21:02.877649,250426_154540.000000,1,58.426048278808594,8.699522018432617,5.699999809265137,89.00000762939453,1.409999966621399,8,11.199999809265137,1,270426_161743.015625,-7.504633903503418,-4.127986431121826,0.1981208473443985,4.695583343505859,2.1785848140716553,-0.012421192601323128,-0.17702779173851013,0.08808375149965286,0.19002586603164673,0.0856107622385025,19.0
2026-04-27T17:21:02.907270,250426_154540.000000,1,58.426048278808594,8.699522018432617,5.699999809265137,89.00000762939453,1.409999966621399,8,11.199999809265137,1,270426_161743.015625,-7.504633903503418,-4.127986431121826,0.1981208473443985,4.695583343505859,2.1785848140716553,-0.012421192601323128,-0.17702779173851013,0.08808375149965286,0.19002586603164673,0.0856107622385025,19.0
2026-04-27T17:21:05.926724,250426_154548.984375,1,58.42792892456055,8.697903633117676,9.800000190734863,94.44999694824219,1.409999966621399,8,11.199999809265137,1,270426_161800.984375,-7.8016438484191895,-2.1531739234924316,0.2157258838415146,0.7179272770881653,2.142279624938965,-0.179726704955101,-0.03226156905293465,-0.11487018316984177,0.1446727216243744,0.10395275801420212,17.0
2026-04-27T17:21:08.991595,250426_154550.000000,1,58.428131103515625,8.697649955749512,10.0,94.45999908447266,1.409999966621399,8,11.199999809265137,1,270426_161800.984375,-7.326174736022949,-0.6870226263999939,0.4563371241092682,5.460980415344238,2.1453778743743896,-0.32532840967178345,0.24351254105567932,0.20762133598327637,0.12010660767555237,0.0997660756111145,14.0
2026-04-27T17:21:12.051665,250426_154559.015625,1,58.429691314697266,8.694903373718262,13.0,93.510009765625,1.100000023841858,8,11.199999809265137,1,270426_161802.000000,-7.159533977508545,1.6124217510223389,0.17810261249542236,1.697906732559204,1.8694674968719482,-0.08484707027673721,-0.01294790767133236,-0.15605726838111877,0.07136402279138565,0.06331668049097061,14.0
2026-04-27T17:21:14.981960,250426_154600.000000,1,58.42985916137695,8.694580078125,13.399999618530273,93.55000305175781,1.1100000143051147,8,11.199999809265137,1,270426_161802.000000,-7.021911144256592,2.077690601348877,0.15495622158050537,8.449365615844727,1.9990158081054688,0.09911803156137466,0.0699581578373909,-0.096399687230587,0.06854244321584702,0.059667378664016724,12.0
2026-04-27T17:21:18.208244,250426_154608.984375,1,58.43141174316406,8.691864967346191,16.200000762939453,93.66999816894531,1.100000023841858,8,11.199999809265137,1,270426_161802.000000,-7.350727558135986,2.520883798599243,0.18071067333221436,2.241260528564453,1.724427580833435,-0.05063201114535332,-0.01840236224234104,-0.17249375581741333,0.07111197710037231,0.052093926817178726,12.0
2026-04-27T17:21:21.177920,250426_154610.000000,1,58.43159866333008,8.691607475280762,16.5,93.69999694824219,1.100000023841858,8,11.199999809265137,1,270426_161802.000000,-6.667079925537109,2.972745418548584,0.13531386852264404,3.112281322479248,1.7628285884857178,-0.013953663408756256,0.029054198414087296,-0.1314191371202469,0.06680626422166824,0.04449833929538727,12.0
2026-04-27T17:21:24.148322,250426_154619.015625,1,58.43355941772461,8.690247535705566,17.299999237060547,91.66999816894531,1.100000023841858,8,11.199999809265137,1,270426_161802.000000,-6.5328145027160645,3.0063159465789795,0.20296092331409454,0.6723670959472656,1.7368638515472412,-0.08788660913705826,0.03540727123618126,-0.1794864982366562,0.059837400913238525,0.04003507271409035,13.0
2026-04-27T17:21:27.228300,250426_154620.000000,1,58.43378829956055,8.690183639526367,17.299999237060547,90.25000762939453,1.100000023841858,8,11.199999809265137,1,270426_161820.984375,-5.955214500427246,3.3181557655334473,0.21599501371383667,8.46002197265625,2.0419607162475586,0.04074425250291824,0.14912597835063934,-0.15084825456142426,0.0742228776216507,0.04348064959049225,15.0
2026-04-27T17:21:30.308419,250426_154630.000000,1,58.43608093261719,8.690431594848633,13.5,91.0,1.7400000095367432,7,11.199999809265137,1,270426_161820.984375,-6.481379508972168,4.396942615509033,0.24966461956501007,2.723726749420166,2.251970052719116,-0.1568441092967987,-0.025089776143431664,0.19262100756168365,0.07931257039308548,0.05038115009665489,15.0
2026-04-27T17:21:33.260729,250426_154631.015625,1,58.43629837036133,8.690516471862793,139.0,90.23001098632812,1.7400000095367432,7,11.199999809265137,1,270426_161820.984375,-7.029811382293701,5.437670707702637,0.2116965800523758,3.1072208881378174,2.348529815673828,0.004156650044023991,-0.03126540035009384,0.20933380722999573,0.07251279801130295,0.053992632776498795,15.0
2026-04-27T17:21:36.331409,250426_154639.015625,1,58.438140869140625,8.691269874572754,14.0,96.48999786376953,1.399999976158142,8,11.199999809265137,1,270426_161820.984375,-6.965865135192871,5.725804328918457,0.2173641175031662,1.003348708152771,2.3867785930633545,-0.05519747734069824,-0.06191081553697586,0.20091649889945984,0.06964714080095291,0.05221123248338699,18.0
2026-04-27T17:21:39.412662,250426_154640.000000,1,58.43836975097656,8.691370010375977,14.199999809265137,93.7300033569336,1.2599999904632568,7,11.199999809265137,1,270426_161820.984375,-7.419307708740234,6.345468044281006,0.17364084720611572,3.01202392578125,2.3418257236480713,-0.025213710963726044,0.061856649816036224,0.16027840971946716,0.06564926356077194,0.05242868885397911,16.0
2026-04-27T17:21:42.478160,250426_154648.984375,1,58.440391540527344,8.692402839660645,15.199999809265137,93.02999877929688,1.399999976158142,8,11.199999809265137,1,270426_161820.984375,-6.931576251983643,6.650352478027344,0.16617190837860107,7.176771640777588,1.8735593557357788,-0.005321359261870384,0.09141552448272705,-0.13866502046585083,0.04245832562446594,0.04150380566716194,16.0
2026-04-27T17:21:45.547370,250426_154658.000000,1,58.4423713684082,8.693716049194336,16.700000762939453,96.27999877929688,1.399999976158142,8,11.199999809265137,1,270426_161840.984375,-6.979770660400391,7.323273658752441,0.11919160932302475,4.367007255554199,1.797715663909912,-0.04052877798676491,0.108304962515831,-0.028880665078759193,0.04281788319349289,0.03779018297791481,16.0
2026-04-27T17:21:48.567962,250426_154659.015625,1,58.442588806152344,8.693902015686035,17.200000762939453,95.26000213623047,1.399999976158142,8,11.199999809265137,1,270426_161840.984375,-6.570619583129883,7.35200834274292,0.1427541822195053,2.8536057472229004,1.9990167617797852,-0.052723370492458344,0.11034423112869263,-0.0736420527100563,0.051117174327373505,0.03876626864075661,16.0
2026-04-27T17:21:51.612201,250426_154707.015625,1,58.444278717041016,8.695624351501465,21.799999237060547,95.79000091552734,1.399999976158142,8,11.199999809265137,1,270426_161840.984375,-6.935367107391357,8.2912015914917,0.2592554986476898,2.2758617401123047,2.156198263168335,0.0025815926492214203,-0.04111429676413536,-0.2559616267681122,0.054367776960134506,0.04115896299481392,16.0
2026-04-27T17:21:54.584455,250426_154708.000000,1,58.444480895996094,8.69587516784668,22.5,95.83999633789062,1.399999976158142,8,11.199999809265137,1,270426_161840.984375,-6.875734329223633,8.347646713256836,0.30298733711242676,3.730113983154297,2.119685649871826,-0.04488682746887207,0.24264493584632874,0.17581218481063843,0.05670320987701416,0.0424901582300663,14.0
2026-04-27T17:21:57.763210,250426_154716.984375,1,58.44614028930664,8.698491096496582,27.100000381469727,94.31999969482422,1.100000023841858,8,11.199999809265137,1,270426_161840.984375,-7.074601650238037,9.303013801574707,0.1916191428899765,5.079314231872559,2.0512523651123047,-0.1340043842792511,0.07175363600254059,-0.11667105555534363,0.05597414821386337,0.04277162253856659,16.0
2026-04-27T17:22:00.774018,250426_154718.000000,1,58.4463005065918,8.698820114135742,27.799999237060547,94.31999969482422,1.100000023841858,8,11.199999809265137,1,270426_161840.984375,-6.5112996101379395,9.625513076782227,0.17200367152690887,3.372101306915283,2.114501714706421,-0.08105526119470596,0.0350310280919075,-0.14760805666446686,0.0558457225561142,0.042820774018764496,16.0
2026-04-27T17:22:00.774498,250426_154718.000000,1,58.4463005065918,8.698820114135742,27.799999237060547,94.31999969482422,1.100000023841858,8,11.199999809265137,1,270426_161840.984375,-6.5112996101379395,9.625513076782227,0.17200367152690887,3.372101306915283,2.114501714706421,-0.08105526119470596,0.0350310280919075,-0.14760805666446686,0.0558457225561142,0.042820774018764496,16.0
2026-04-27T17:22:00.774788,250426_154718.000000,1,58.4463005065918,8.698820114135742,27.799999237060547,94.31999969482422,1.100000023841858,8,11.199999809265137,1,270426_161840.984375,-6.5112996101379395,9.625513076782227,0.17200367152690887,3.372101306915283,2.114501714706421,-0.08105526119470596,0.0350310280919075,-0.14760805666446686,0.0558457225561142,0.042820774018764496,16.0
2026-04-27T17:22:00.812414,250426_154718.000000,1,58.4463005065918,8.698820114135742,27.799999237060547,94.31999969482422,1.100000023841858,8,11.199999809265137,1,270426_161840.984375,-6.5112996101379395,9.625513076782227,0.17200367152690887,3.372101306915283,2.114501714706421,-0.08105526119470596,0.0350310280919075,-0.14760805666446686,0.0558457225561142,0.042820774018764496,16.0
2026-04-27T17:22:03.750423,250426_154727.015625,1,58.44757080078125,8.702038764953613,33.79999923706055,93.9000015258789,1.100000023841858,8,11.199999809265137,1,270426_161840.984375,-7.116735935211182,9.195855140686035,0.2701414227485657,2.9777445793151855,1.8089628219604492,-0.12078249454498291,-0.020221011713147163,0.24078845977783203,0.059533171355724335,0.04228322580456734,15.0
2026-04-27T17:22:06.906722,250426_154739.015625,1,58.449710845947266,8.705547332763672,41.0,96.22000885009766,1.2599999904632568,7,11.199999809265137,1,270426_161843.015625,-6.7609453201293945,9.044068336486816,0.15752969682216644,3.219808578491211,1.805903434753418,-0.027394045144319534,0.15006396174430847,-0.03931893780827522,0.05921616405248642,0.04537256062030792,15.0
2026-04-27T17:22:09.982378,250426_154748.000000,1,58.4516487121582,8.707113265991211,46.70000076293945,96.22000885009766,1.3899999856948853,8,11.199999809265137,1,270426_161843.015625,-6.162504196166992,8.692928314208984,0.386630654335022,5.921125888824463,1.8460304737091064,-0.09571689367294312,0.2689149081707001,0.2607802152633667,0.0662219449877739,0.04569445177912712,13.0
2026-04-27T17:22:12.910561,250426_154756.984375,1,58.45363998413086,8.708226203918457,49.099998474121094,92.58999633789062,1.3899999856948853,8,11.199999809265137,1,270426_161843.015625,-6.016597270965576,8.449424743652344,0.33706721663475037,2.6848416328430176,1.8397830724716187,0.009748276323080063,-0.031003132462501526,-0.3354967534542084,0.07389193028211594,0.04921877011656761,15.0
2026-04-27T17:22:16.038440,250426_154758.000000,1,58.453861236572266,8.708353996276855,49.400001525878906,90.9100112915039,1.3899999856948853,8,11.199999809265137,1,270426_161900.984375,-5.593363285064697,8.368917465209961,0.2026481330394745,3.5591790676116943,1.74105703830719,0.14631354808807373,0.05652538314461708,0.12831014394760132,0.07206608355045319,0.04937974363565445,13.0
2026-04-27T17:22:16.038780,250426_154758.000000,1,58.453861236572266,8.708353996276855,49.400001525878906,90.9100112915039,1.3899999856948853,8,11.199999809265137,1,270426_161900.984375,-5.593363285064697,8.368917465209961,0.2026481330394745,3.5591790676116943,1.74105703830719,0.14631354808807373,0.05652538314461708,0.12831014394760132,0.07206608355045319,0.04937974363565445,13.0
2026-04-27T17:22:16.039134,250426_154758.000000,1,58.453861236572266,8.708353996276855,49.400001525878906,90.9100112915039,1.3899999856948853,8,11.199999809265137,1,270426_161900.984375,-5.593363285064697,8.368917465209961,0.2026481330394745,3.5591790676116943,1.74105703830719,0.14631354808807373,0.05652538314461708,0.12831014394760132,0.07206608355045319,0.04937974363565445,13.0
2026-04-27T17:22:16.069241,250426_154758.000000,1,58.453861236572266,8.708353996276855,49.400001525878906,90.9100112915039,1.3899999856948853,8,11.199999809265137,1,270426_161900.984375,-5.593363285064697,8.368917465209961,0.2026481330394745,3.5591790676116943,1.74105703830719,0.14631354808807373,0.05652538314461708,0.12831014394760132,0.07206608355045319,0.04937974363565445,13.0
2026-04-27T17:22:18.951534,250426_154816.000000,1,58.45726013183594,8.711766242980957,51.900001525878906,81.88999938964844,1.3899999856948853,8,11.199999809265137,1,270426_161900.984375,-5.235664367675781,8.449878692626953,0.16411684453487396,3.5164761543273926,1.6705880165100098,-0.06733507663011551,-0.02893975004553795,-0.1468428522348404,0.07488542795181274,0.0479825958609581,13.0
2026-04-27T17:22:22.104478,250426_154826.000000,1,58.45869064331055,8.714442253112793,52.0,74.55000305175781,1.3899999856948853,8,11.199999809265137,1,270426_161902.000000,-5.092341899871826,8.077085494995117,0.20551209151744843,2.513674736022949,1.7078553438186646,-0.005870213732123375,-0.03823412209749222,-0.20183882117271423,0.07737483084201813,0.04378802329301834,13.0
2026-04-27T17:22:25.073594,250426_154827.015625,1,58.45880889892578,8.714703559875488,52.099998474121094,73.08999633789062,1.3899999856948853,8,11.199999809265137,1,270426_161902.000000,-5.026794910430908,7.401986598968506,0.34571367502212524,3.2134034633636475,1.7424232959747314,0.03306874260306358,0.1591964066028595,0.30509164929389954,0.08018027245998383,0.046572793275117874,11.0
2026-04-27T17:22:28.159293,250426_154835.015625,1,58.45970916748047,8.716890335083008,50.5,74.30000305175781,1.090000033378601,8,11.199999809265137,1,270426_161920.000000,-4.782291412353516,7.584015369415283,0.05012502148747444,2.8443057537078857,1.6442960500717163,-0.0022865489590913057,-0.05003742873668671,-0.0018828450702130795,0.0708794966340065,0.03683297336101532,11.0
2026-04-27T17:22:31.263287,250426_154836.000000,1,58.45981979370117,8.717183113098145,50.599998474121094,74.75,1.090000033378601,8,11.199999809265137,1,270426_161920.000000,-4.366504192352295,7.552925109863281,0.17474909126758575,1.49628484249115,1.6278547048568726,0.0013076402246952057,-0.02324027009308338,0.1731918901205063,0.07436232268810272,0.0367545485496521,11.0
2026-04-27T17:22:34.179496,250426_154844.000000,1,58.46065902709961,8.719488143920898,52.599998474121094,73.94999694824219,1.090000033378601,8,11.199999809265137,1,270426_161920.000000,-4.456303119659424,8.325921058654785,0.1504438817501068,5.164571285247803,1.6428155899047852,-0.06070946156978607,0.025043264031410217,-0.1353534609079361,0.068874791264534,0.03520171344280243,13.0
2026-04-27T17:22:37.251478,250426_154855.015625,1,58.46186065673828,8.723034858703613,54.20000076293945,85.1600112915039,1.3799999952316284,8,11.199999809265137,1,270426_161920.984375,-3.7068612575531006,8.279099464416504,0.5544248223304749,6.577001571655273,1.7495853900909424,-0.08274681866168976,0.39863285422325134,0.376339852809906,0.08329340070486069,0.04148368909955025,11.0
2026-04-27T17:22:40.346884,250426_154903.015625,1,58.46274948120117,8.725835800170898,52.79999923706055,88.48999786376953,1.3799999952316284,8,11.199999809265137,1,270426_161920.984375,-3.856612205505371,8.346748352050781,0.1572512686252594,2.0657808780670166,1.7907730340957642,0.008141880854964256,-0.11160892993211746,-0.1104767695069313,0.07897359132766724,0.03849518671631813,11.0
2026-04-27T17:22:43.311570,250426_154904.000000,1,58.46287155151367,8.7261962890625,52.29999923706055,88.37999725341797,1.3799999952316284,8,11.199999809265137,1,270426_161920.984375,-4.491706848144531,8.180453300476074,0.2383984476327896,2.0150468349456787,1.7882966995239258,0.08548484742641449,-0.11711931228637695,0.18923325836658478,0.07490824162960052,0.03721430525183678,13.0
2026-04-27T17:22:46.490473,250426_154912.000000,1,58.46379852294922,8.728910446166992,45.0,83.30001068115234,1.090000033378601,8,11.199999809265137,1,270426_161920.984375,-3.992396354675293,8.275894165039062,0.11503178626298904,1.8481948375701904,1.721682071685791,-0.026562172919511795,0.010209809057414532,-0.11145636439323425,0.07450009137392044,0.03727708011865616,11.0
2026-04-27T17:22:49.434573,250426_154912.984375,1,58.46392059326172,8.729228973388672,44.70000076293945,82.1500015258789,1.090000033378601,8,11.199999809265137,1,270426_161920.984375,-3.6749629974365234,8.626774787902832,0.09507090598344803,1.6075303554534912,1.7247065305709839,-0.04813244193792343,-0.016480620950460434,-0.08031271398067474,0.07636918872594833,0.036115482449531555,14.0
2026-04-27T17:22:52.552558,250426_154920.984375,1,58.464908599853516,8.731599807739258,41.70000076293945,77.0199966430664,1.3799999952316284,8,11.199999809265137,1,270426_161939.015625,-3.6791880130767822,12.104984283447266,0.1650310903787613,1.0747476816177368,1.314585566520691,-0.15932172536849976,-0.042858559638261795,0.0038726329803466797,0.06970755010843277,0.03779500722885132,14.0
2026-04-27T17:22:55.491619,250426_154922.000000,1,58.46501922607422,8.731882095336914,41.5,76.93000030517578,1.090000033378601,8,11.199999809265137,1,270426_161939.015625,-3.9440579414367676,13.654417037963867,0.11746266484260559,1.2505422830581665,1.1204190254211426,0.07247679680585861,-0.09111975133419037,-0.01554935798048973,0.07330512255430222,0.03911717236042023,14.0
2026-04-27T17:22:58.559138,250426_154931.015625,1,58.46622848510742,8.73427677154541,40.599998474121094,76.93000030517578,3.0899999141693115,7,11.199999809265137,1,270426_161956.984375,-3.525136947631836,13.892451286315918,0.12811395525932312,0.8435263633728027,1.078759789466858,-0.07002303004264832,0.06310711801052094,-0.08676090836524963,0.0739268958568573,0.03860259801149368,12.0
2026-04-27T17:23:01.621471,250426_154932.000000,1,58.46636962890625,8.734539985656738,40.400001525878906,79.68000030517578,1.2699999809265137,7,11.199999809265137,1,270426_161956.984375,-3.5846469402313232,14.602682113647461,0.10703813284635544,0.6865592002868652,1.0321271419525146,-0.07739590853452682,0.015078817494213581,0.07238553464412689,0.07524893432855606,0.03637723624706268,12.0
2026-04-27T17:23:04.708647,250426_154940.000000,1,58.46757888793945,8.736599922180176,40.400001525878906,79.68000030517578,1.2699999809265137,7,11.199999809265137,1,270426_161956.984375,-2.4061880111694336,16.656429290771484,0.11619283258914948,0.29432958364486694,1.184687852859497,0.11573104560375214,0.008654408156871796,-0.005674475803971291,0.09559103846549988,0.045569878071546555,12.0
2026-04-27T17:23:07.775277,250426_154940.984375,1,58.467750549316406,8.736856460571289,40.099998474121094,84.41999816894531,1.090000033378601,8,11.199999809265137,1,270426_161956.984375,-2.323547601699829,15.177215576171875,0.09797321259975433,0.4757154881954193,1.1726200580596924,0.09636414796113968,0.014896648935973644,0.009528493508696556,0.0877409502863884,0.03261571750044823,8.0
2026-04-27T17:23:10.846622,250426_154950.000000,1,58.46923065185547,8.739124298095703,37.599998474121094,84.83999633789062,1.5299999713897705,7,11.199999809265137,1,270426_161956.984375,-2.23787522315979,14.10333251953125,0.07848697155714035,0.08504338562488556,1.058574914932251,0.07798630744218826,0.008850963786244392,-2.3270025849342346e-05,0.08563118427991867,0.02581336721777916,6.0
2026-04-27T17:23:14.242181,250426_154951.015625,1,58.469398498535156,8.73936939239502,37.20000076293945,84.97000885009766,1.5299999713897705,7,11.199999809265137,1,270426_161956.984375,-2.1911611557006836,13.1677885055542,0.06070561334490776,0.06804102659225464,1.040449857711792,0.060529813170433044,0.0038464348763227463,0.002553115598857403,0.0891544297337532,0.023856161162257195,4.0
2026-04-27T17:23:17.306882,250426_154959.015625,1,58.47074890136719,8.741144180297852,36.0,77.72000122070312,1.5299999713897705,7,11.199999809265137,1,270426_161956.984375,-2.1216917037963867,12.308599472045898,0.0454438216984272,0.02935716323554516,0.10690166056156158,0.044794995337724686,0.0070587461814284325,0.0029535647481679916,0.021543240174651146,0.006312131881713867,0.0
2026-04-27T17:23:20.778225,250426_155000.000000,1,58.47092819213867,8.741332054138184,35.599998474121094,77.8499984741211,1.25,7,11.199999809265137,1,270426_161959.015625,-2.078061103820801,11.756461143493652,0.03708099573850632,0.06998727470636368,0.10257510095834732,0.03686487674713135,0.003825401421636343,0.0011608032509684563,0.01747109182178974,0.003953421954065561,0.0
2026-04-27T17:23:23.910730,250426_155008.984375,1,58.472591400146484,8.742883682250977,32.099998474121094,86.33999633789062,1.2400000095367432,7,22.549999237060547,1,270426_161959.015625,-2.059957504272461,11.45358943939209,0.031062308698892593,0.07961931079626083,0.0803266316652298,0.030894888564944267,-0.0011813696473836899,0.0029961979016661644,0.014717797748744488,0.002864898182451725,0.0
2026-04-27T17:23:26.982888,250426_155010.000000,1,58.4727897644043,8.7430419921875,31.600000381469727,87.69000244140625,1.2400000095367432,7,22.549999237060547,1,270426_162016.984375,-2.030569314956665,11.172877311706543,0.033567365258932114,0.08412536233663559,0.07713980227708817,0.032940689474344254,0.005929059814661741,0.0025544604286551476,0.012182294391095638,0.0021118358708918095,0.0
2026-04-27T17:23:30.024705,250426_155019.015625,1,58.474571228027344,8.744726181030273,30.5,87.8399887084961,1.3700000047683716,8,22.549999237060547,1,270426_162016.984375,-1.9847722053527832,10.957649230957031,0.02941909432411194,0.12205326557159424,0.10408425331115723,0.028722092509269714,-0.006024741567671299,-0.0020559595432132483,0.010494153946638107,0.0015937171410769224,0.0
2026-04-27T17:23:33.067580,250426_155028.000000,1,58.47608184814453,8.7469482421875,24.5,81.44999694824219,1.090000033378601,8,22.549999237060547,1,270426_162016.984375,-1.9623401165008545,10.692456245422363,0.017690233886241913,0.015998993068933487,0.09554410725831985,0.017559636384248734,0.0007925438112579286,0.0019938477780669928,0.008473626337945461,0.0009863747982308269,0.0
2026-04-27T17:23:36.037271,250426_155028.984375,1,58.47623062133789,8.747213363647461,24.399999618530273,80.56999969482422,1.0800000429153442,8,22.549999237060547,1,270426_162016.984375,-2.2297046184539795,10.373377799987793,0.03279576823115349,0.28495097160339355,0.3821067810058594,0.030883418396115303,-0.008348463103175163,-0.007216641679406166,0.019128136336803436,0.0014066868461668491,4.0
2026-04-27T17:23:39.109502,250426_155038.000000,1,58.477439880371094,8.749853134155273,22.799999237060547,88.5999984741211,1.0800000429153442,8,22.549999237060547,1,270426_162016.984375,-2.3433642387390137,9.917560577392578,0.022290175780653954,0.10370302945375443,0.3807634711265564,0.020632661879062653,-0.008432602509856224,0.00019071740098297596,0.019302131608128548,0.0012475100811570883,4.0
2026-04-27T17:23:42.180495,250426_155123.015625,1,58.486488342285156,8.761640548706055,36.099998474121094,102.27999877929688,1.2400000095367432,7,22.549999237060547,1,270426_162016.984375,-2.3829190731048584,9.734208106994629,0.017481207847595215,0.08193014562129974,0.3799775540828705,0.0170182753354311,-0.0031268433667719364,0.0024887099862098694,0.019531002268195152,0.0011708646779879928,4.0
2026-04-27T17:23:45.150728,250426_155124.000000,1,58.486698150634766,8.761895179748535,37.099998474121094,102.94999694824219,1.2400000095367432,7,22.549999237060547,1,270426_162016.984375,-2.4645397663116455,9.454437255859375,0.013025482185184956,0.0763210654258728,0.38187769055366516,0.012754568830132484,-0.001987363677471876,0.0017419974319636822,0.020202727988362312,0.0010843384079635143,4.0
2026-04-27T17:23:48.245882,250426_155134.000000,1,58.48897171020508,8.764490127563477,41.400001525878906,104.37999725341797,1.1200000047683716,8,22.549999237060547,1,270426_162036.000000,-2.49214243888855,9.350887298583984,0.012326916679739952,0.10885190963745117,0.08926497399806976,0.011630920693278313,-0.00393954711034894,-0.0010744883911684155,0.006005989853292704,0.00041587877785786986,2.0
2026-04-27T17:23:51.325799,250426_155142.000000,1,58.49076843261719,8.766599655151367,47.099998474121094,103.95999908447266,0.9300000071525574,9,22.549999237060547,1,270426_162036.000000,-2.514916181564331,9.257840156555176,0.009418981149792671,0.04411604627966881,0.045617248862981796,0.008596738800406456,-0.0035622711293399334,0.0014572276268154383,0.005319425370544195,0.0003066427307203412,0.0
2026-04-27T17:23:54.458179,250426_155143.015625,1,58.4909782409668,8.766851425170898,47.29999923706055,101.73999786376953,0.9300000071525574,9,22.549999237060547,1,270426_162036.000000,-2.5304815769195557,9.177183151245117,0.007154938764870167,0.14606700837612152,0.04781845584511757,0.00652299914509058,0.002343089086934924,0.0017758277244865894,0.004372792784124613,0.00022127112606540322,2.0
2026-04-27T17:23:57.328600,250426_155152.000000,1,58.4929313659668,8.76913833618164,50.70000076293945,101.73999786376953,0.9300000071525574,9,22.549999237060547,1,270426_162036.000000,-2.5621893405914307,9.060948371887207,0.006520483642816544,0.1066100001335144,0.04883265867829323,0.0049001555889844894,-0.004286122042685747,-0.00036652383278124034,0.0033327287528663874,0.00011627546336967498,6.0
2026-04-27T17:24:00.408925,250426_155152.984375,1,58.493141174316406,8.769394874572754,51.29999923706055,102.4800033569336,0.9300000071525574,9,22.549999237060547,1,270426_162036.000000,-2.5811638832092285,9.00675106048584,0.004218467511236668,0.056590162217617035,0.048597302287817,0.0042029148899018764,-0.0002567918854765594,0.0002550098579376936,0.0027073598466813564,8.039958629524335e-05,6.0
2026-04-27T17:24:03.485012,250426_155202.000000,1,58.494991302490234,8.77188777923584,57.099998474121094,99.66999816894531,0.9300000071525574,9,22.549999237060547,1,270426_162054.000000,-2.600574493408203,8.949799537658691,0.004482761491090059,0.08069170266389847,0.05109011381864548,0.003003048710525036,-0.0030371248722076416,-0.0013611456379294395,0.0023907788563519716,5.4682201152900234e-05,8.0
2026-04-27T17:24:03.485450,250426_155202.000000,1,58.494991302490234,8.77188777923584,57.099998474121094,99.66999816894531,0.9300000071525574,9,22.549999237060547,1,270426_162054.000000,-2.600574493408203,8.949799537658691,0.004482761491090059,0.08069170266389847,0.05109011381864548,0.003003048710525036,-0.0030371248722076416,-0.0013611456379294395,0.0023907788563519716,5.4682201152900234e-05,8.0
2026-04-27T17:24:03.485690,250426_155202.000000,1,58.494991302490234,8.77188777923584,57.099998474121094,99.66999816894531,0.9300000071525574,9,22.549999237060547,1,270426_162054.000000,-2.600574493408203,8.949799537658691,0.004482761491090059,0.08069170266389847,0.05109011381864548,0.003003048710525036,-0.0030371248722076416,-0.0013611456379294395,0.0023907788563519716,5.4682201152900234e-05,8.0
2026-04-27T17:24:03.515377,250426_155202.000000,1,58.494991302490234,8.77188777923584,57.099998474121094,99.66999816894531,0.9300000071525574,9,22.549999237060547,1,270426_162054.000000,-2.600574493408203,8.949799537658691,0.004482761491090059,0.08069170266389847,0.05109011381864548,0.003003048710525036,-0.0030371248722076416,-0.0013611456379294395,0.0023907788563519716,5.4682201152900234e-05,8.0
2026-04-27T17:24:06.643386,250426_155203.015625,1,58.49517059326172,8.77219009399414,57.20000076293945,98.58000946044922,0.9300000071525574,9,22.549999237060547,1,270426_162054.000000,-2.6103909015655518,8.921693801879883,0.003922672476619482,0.04409202188253403,0.04696349799633026,0.002139708958566189,0.0010070716962218285,0.0031296664383262396,0.0019758499693125486,3.971787737100385e-05,6.0
2026-04-27T17:24:09.588505,250426_155204.000000,1,58.4953498840332,8.772500038146973,57.70000076293945,98.5199966430664,0.9300000071525574,9,22.549999237060547,1,270426_162055.015625,-2.3170173168182373,7.6036152839660645,0.18194660544395447,0.1450863927602768,0.08157829195261002,0.17228223383426666,0.05773760378360748,-0.009474683552980423,0.053583305329084396,0.0036317023914307356,8.0
2026-04-27T17:24:12.669393,250426_155212.984375,1,58.49681091308594,8.775579452514648,61.29999923706055,98.55000305175781,1.350000023841858,8,22.549999237060547,1,270426_162055.015625,-2.267843008041382,7.289167404174805,0.053764164447784424,0.6706064939498901,0.13433799147605896,0.05345727130770683,-0.003627627855166793,-0.00444361288100481,0.05405154824256897,0.004012363962829113,10.0
2026-04-27T17:24:15.665468,250426_155214.000000,1,58.4969482421875,8.775958061218262,61.599998474121094,98.55000305175781,1.0800000429153442,8,22.549999237060547,1,270426_162055.015625,-2.1832754611968994,6.560079097747803,0.08397690951824188,0.41483503580093384,0.19297213852405548,0.08028745651245117,0.02359478920698166,0.007023611105978489,0.05508512631058693,0.005051292944699526,12.0
2026-04-27T17:24:18.759256,250426_155223.015625,1,58.49803161621094,8.779714584350586,65.4000015258789,98.94999694824219,1.0800000429153442,8,22.549999237060547,1,270426_162055.015625,-1.907787799835205,5.765584468841553,0.06416597962379456,0.07580280303955078,0.19627153873443604,0.058555323630571365,0.026195378974080086,-0.001532532274723053,0.050549015402793884,0.0059377639554440975,14.0
2026-04-27T17:24:21.711253,250426_155224.000000,1,58.49811935424805,8.780153274536133,65.5999984741211,99.2699966430664,1.0800000429153442,8,22.549999237060547,1,270426_162055.015625,-1.6166478395462036,5.0147013664245605,0.08820805698633194,1.1409505605697632,0.4848865270614624,0.0724373310804367,0.05033312737941742,0.0002656402066349983,0.04229164496064186,0.00736826891079545,16.0
2026-04-27T17:24:24.823483,250426_155232.984375,1,58.49879837036133,8.784173965454102,60.599998474121094,99.1500015258789,0.9300000071525574,9,22.549999237060547,1,270426_162112.984375,-1.6956593990325928,4.850602149963379,0.013826628215610981,0.12486552447080612,0.4903188943862915,0.011629534885287285,-0.006194424349814653,0.004190306644886732,0.028159774839878082,0.003843252081423998,14.0
2026-04-27T17:24:27.968716,250426_155234.000000,1,58.498878479003906,8.784611701965332,60.79999923706055,84.22000122070312,0.9300000071525574,9,22.549999237060547,1,270426_162112.984375,-1.7529749870300293,4.709862232208252,0.015817107632756233,0.028270326554775238,0.4919239282608032,0.014201825484633446,-0.005791250616312027,0.0038665852043777704,0.029889630153775215,0.0032877251505851746,12.0
2026-04-27T17:24:30.913617,250426_155244.000000,1,58.49958038330078,8.788640975952148,57.0,80.29000091552734,0.9300000071525574,9,22.549999237060547,1,270426_162114.000000,-1.8345645666122437,4.5402021408081055,0.012349864467978477,0.016698375344276428,0.4803096652030945,0.011105537414550781,-0.005034173373132944,0.0019604333210736513,0.02862165868282318,0.0020328869577497244,12.0
2026-04-27T17:24:33.906007,250426_155252.000000,1,58.49991989135742,8.79124641418457,55.599998474121094,64.97000122070312,0.9300000071525574,9,22.549999237060547,1,270426_162114.000000,-1.8787859678268433,4.442341327667236,0.010729479603469372,0.04573119804263115,0.4797614812850952,0.009400485083460808,-0.005170908290892839,0.00011968804756179452,0.027263155207037926,0.0014840839430689812,10.0
2026-04-27T17:24:37.039674,250426_155300.984375,1,58.499908447265625,8.793705940246582,59.70000076293945,37.7599983215332,1.340000033378601,8,22.549999237060547,1,270426_162114.000000,-1.9107013940811157,4.367258548736572,0.009247533045709133,0.04655560851097107,0.23194129765033722,0.008759993128478527,-0.0020950851030647755,0.0020952345803380013,0.01628737710416317,0.0006034485995769501,8.0
2026-04-27T17:24:37.039875,250426_155300.984375,1,58.499908447265625,8.793705940246582,59.70000076293945,37.7599983215332,1.340000033378601,8,22.549999237060547,1,270426_162114.000000,-1.9107013940811157,4.367258548736572,0.009247533045709133,0.04655560851097107,0.23194129765033722,0.008759993128478527,-0.0020950851030647755,0.0020952345803380013,0.01628737710416317,0.0006034485995769501,8.0
2026-04-27T17:24:37.040320,250426_155300.984375,1,58.499908447265625,8.793705940246582,59.70000076293945,37.7599983215332,1.340000033378601,8,22.549999237060547,1,270426_162114.000000,-1.9107013940811157,4.367258548736572,0.009247533045709133,0.04655560851097107,0.23194129765033722,0.008759993128478527,-0.0020950851030647755,0.0020952345803380013,0.01628737710416317,0.0006034485995769501,8.0
2026-04-27T17:24:37.072650,250426_155300.984375,1,58.499908447265625,8.793705940246582,59.70000076293945,37.7599983215332,1.340000033378601,8,22.549999237060547,1,270426_162114.000000,-1.9107013940811157,4.367258548736572,0.009247533045709133,0.04655560851097107,0.23194129765033722,0.008759993128478527,-0.0020950851030647755,0.0020952345803380013,0.01628737710416317,0.0006034485995769501,8.0
2026-04-27T17:24:40.057347,250426_155302.000000,1,58.499900817871094,8.793867111206055,59.900001525878906,32.619998931884766,1.2300000190734863,7,22.549999237060547,1,270426_162114.000000,-1.9456697702407837,4.263410568237305,0.008302534930408001,0.0796155333518982,0.03681708127260208,0.007672606967389584,-0.002832383383065462,0.0014285641955211759,0.003382047638297081,0.00016328752099070698,4.0
2026-04-27T17:24:43.199185,250426_155311.015625,1,58.499549865722656,8.795093536376953,60.099998474121094,33.33000183105469,0.9200000166893005,9,22.549999237060547,1,270426_162114.000000,-1.981687307357788,4.178524494171143,0.004999526776373386,0.10005675256252289,0.037850528955459595,0.004975094925612211,-0.0001862435892689973,-0.0004571758327074349,0.0028130740392953157,0.00010202990233665332,4.0
2026-04-27T17:24:46.079737,250426_155320.000000,1,58.499549865722656,8.796491622924805,59.599998474121094,43.779998779296875,1.340000033378601,8,22.549999237060547,1,270426_162132.000000,-2.0025811195373535,4.112518787384033,0.006966231856495142,0.06857497245073318,0.04029332846403122,0.006007802207022905,-0.002518086228519678,0.002468590158969164,0.002583577763289213,6.885221955599263e-05,8.0
2026-04-27T17:24:49.174151,250426_155320.984375,1,58.49956130981445,8.796721458435059,59.70000076293945,47.13999938964844,0.9200000166893005,9,85.62999725341797,1,270426_162132.000000,-2.0186212062835693,4.0769877433776855,0.005209860857576132,0.07387679815292358,0.03924274444580078,0.0037541312631219625,-0.0031181357335299253,0.0018238372867926955,0.0022122450172901154,5.125212192069739e-05,12.0
2026-04-27T17:24:49.179963,250426_155320.984375,1,58.49956130981445,8.796721458435059,59.70000076293945,47.13999938964844,0.9200000166893005,9,85.62999725341797,1,270426_162132.000000,-2.0186212062835693,4.0769877433776855,0.005209860857576132,0.07387679815292358,0.03924274444580078,0.0037541312631219625,-0.0031181357335299253,0.0018238372867926955,0.0022122450172901154,5.125212192069739e-05,12.0
2026-04-27T17:24:49.180756,250426_155320.984375,1,58.49956130981445,8.796721458435059,59.70000076293945,47.13999938964844,0.9200000166893005,9,85.62999725341797,1,270426_162132.000000,-2.0186212062835693,4.0769877433776855,0.005209860857576132,0.07387679815292358,0.03924274444580078,0.0037541312631219625,-0.0031181357335299253,0.0018238372867926955,0.0022122450172901154,5.125212192069739e-05,12.0
2026-04-27T17:24:49.183943,250426_155320.984375,1,58.49956130981445,8.796721458435059,59.70000076293945,47.13999938964844,0.9200000166893005,9,85.62999725341797,1,270426_162132.000000,-2.0186212062835693,4.0769877433776855,0.005209860857576132,0.07387679815292358,0.03924274444580078,0.0037541312631219625,-0.0031181357335299253,0.0018238372867926955,0.0022122450172901154,5.125212192069739e-05,12.0
2026-04-27T17:24:52.264992,250426_155330.000000,1,58.499359130859375,8.798583030700684,58.79999923706055,35.56999969482422,1.2899999618530273,9,85.62999725341797,1,270426_162150.000000,-2.0299248695373535,4.042895317077637,0.0027266021352261305,0.020447950810194016,0.03902946412563324,0.0022335934918373823,-0.001369834179058671,0.0007543041720055044,0.0018395493971183896,3.770599141716957e-05,14.0
2026-04-27T17:24:55.388503,250426_155331.015625,1,58.499298095703125,8.798697471618652,58.400001525878906,34.5099983215332,1.0299999713897705,9,85.62999725341797,1,270426_162150.000000,-2.051612615585327,4.016714572906494,0.0034603658132255077,0.04068415239453316,0.03864012286067009,0.002096050651744008,-0.0022996191401034594,-0.0015140859177336097,0.0015349965542554855,2.964943450933788e-05,20.0
2026-04-27T17:24:58.315406,250426_155340.000000,1,58.4989013671875,8.800104141235352,54.400001525878906,55.59000015258789,1.399999976158142,8,85.62999725341797,1,270426_162150.000000,-2.065805435180664,3.9799933433532715,0.0027355060447007418,0.04491344839334488,0.036251168698072433,0.002144782803952694,-0.0009716109489090741,0.0013924338854849339,0.0014238727744668722,2.142217635991983e-05,26.0
2026-04-27T17:25:01.365637,250426_155340.984375,1,58.49882888793945,8.800350189208984,53.79999923706055,59.75,1.399999976158142,8,85.62999725341797,1,270426_162150.000000,-2.0839779376983643,3.9509031772613525,0.0018527060747146606,0.05067618563771248,0.038462020456790924,0.0017358341719955206,1.367716322420165e-06,-0.0006476094131357968,0.0014930273173376918,1.831322515499778e-05,22.0
2026-04-27T17:25:04.406394,250426_155348.984375,1,58.498130798339844,8.80247688293457,49.0,59.75,0.8600000143051147,10,85.62999725341797,1,270426_162150.000000,-2.106232166290283,3.935185194015503,0.004078391473740339,0.08393441140651703,0.035319771617650986,0.000792653881944716,-0.003976501990109682,0.0004386425425764173,0.0014100692933425307,1.3852073607267812e-05,19.0
2026-04-27T17:25:07.468648,250426_155350.000000,1,58.49802017211914,8.802709579467773,48.79999923706055,68.06999969482422,0.8799999952316284,10,137.0399932861328,1,270426_162150.000000,-2.1147398948669434,3.9176430702209473,0.004407763481140137,0.09052393585443497,0.048418182879686356,0.0024120882153511047,-0.003164514899253845,0.0018963268958032131,0.0014192209346219897,1.3121319170750212e-05,21.0
2026-04-27T17:25:10.456453,250426_155351.015625,1,58.49787902832031,8.802916526794434,48.70000076293945,74.7699966430664,0.8600000143051147,10,137.0399932861328,1,270426_162150.000000,-2.1303892135620117,3.9087066650390625,0.003356016706675291,0.06906364113092422,0.05664893984794617,-0.0009945841738954186,0.0020147713366895914,0.002492859261110425,0.0015223552472889423,1.3178269000491127e-05,19.0
2026-04-27T17:25:13.604286,250426_155400.000000,1,58.49633026123047,8.803621292114258,44.5,75.56999969482422,0.949999988079071,8,137.0399932861328,1,270426_162208.984375,-2.0228559970855713,3.701253652572632,0.08118046820163727,2.0930678844451904,0.5962272882461548,0.04521001875400543,0.06202814728021622,0.026435425505042076,0.022467799484729767,0.0006194466259330511,23.0
2026-04-27T17:25:16.863106,250426_155408.984375,1,58.4946403503418,8.803821563720703,37.29999923706055,74.97000122070312,0.8600000143051147,10,137.0399932861328,1,270426_162208.984375,-2.0331873893737793,3.735708475112915,0.003172540105879307,0.04982355237007141,0.5951558351516724,-0.002766008023172617,-0.0015043281018733978,-0.00038885496906004846,0.022414475679397583,0.0006222642841748893,21.0
2026-04-27T17:25:16.863427,250426_155408.984375,1,58.4946403503418,8.803821563720703,37.29999923706055,74.97000122070312,0.8600000143051147,10,137.0399932861328,1,270426_162208.984375,-2.0331873893737793,3.735708475112915,0.003172540105879307,0.04982355237007141,0.5951558351516724,-0.002766008023172617,-0.0015043281018733978,-0.00038885496906004846,0.022414475679397583,0.0006222642841748893,21.0
2026-04-27T17:25:16.874611,250426_155408.984375,1,58.4946403503418,8.803821563720703,37.29999923706055,74.97000122070312,0.8600000143051147,10,137.0399932861328,1,270426_162208.984375,-2.0331873893737793,3.735708475112915,0.003172540105879307,0.04982355237007141,0.5951558351516724,-0.002766008023172617,-0.0015043281018733978,-0.00038885496906004846,0.022414475679397583,0.0006222642841748893,21.0
2026-04-27T17:25:19.989094,250426_155410.000000,1,58.494449615478516,8.803911209106445,36.5,74.97000122070312,0.9200000166893005,9,137.0399932861328,1,270426_162208.984375,-2.039933204650879,3.7574174404144287,0.003803632454946637,0.046299852430820465,0.5952582359313965,-0.0034276971127837896,-0.001600694959051907,0.00039533275412395597,0.02237343043088913,0.000622783787548542,23.0
2026-04-27T17:25:23.570291,250426_155419.015625,1,58.492801666259766,8.803983688354492,27.100000381469727,74.79000091552734,0.9399999976158142,9,137.0399932861328,1,270426_162208.984375,-2.0570948123931885,3.785728693008423,0.0028026702348142862,0.0421578586101532,0.5980512499809265,-0.0015517632709816098,-0.0022562965750694275,0.0005967555334791541,0.02242453023791313,0.0006211284780874848,19.0
2026-04-27T17:25:23.576386,250426_155419.015625,1,58.492801666259766,8.803983688354492,27.100000381469727,74.79000091552734,0.9399999976158142,9,137.0399932861328,1,270426_162208.984375,-2.0570948123931885,3.785728693008423,0.0028026702348142862,0.0421578586101532,0.5980512499809265,-0.0015517632709816098,-0.0022562965750694275,0.0005967555334791541,0.02242453023791313,0.0006211284780874848,19.0
2026-04-27T17:25:27.031419,250426_155420.000000,1,58.492618560791016,8.803863525390625,26.100000381469727,74.8499984741211,0.9399999976158142,9,137.0399932861328,1,270426_162208.984375,-2.0484118461608887,3.8137362003326416,0.00369329284876585,0.05130205303430557,0.5922924280166626,-0.0014507564483210444,-0.0033964114263653755,-1.042216899804771e-05,0.022402005270123482,0.0005998557899147272,19.0
2026-04-27T17:25:30.764485,250426_155430.000000,1,58.49092102050781,8.801758766174316,15.699999809265137,80.0999984741211,0.9399999976158142,8,137.0399932861328,1,270426_162208.984375,-2.039172887802124,3.8267533779144287,0.00362059916369617,0.11531948298215866,0.04397163540124893,-0.0013706507161259651,-0.0033261608332395554,-0.00040830340003594756,0.0012971441028639674,1.1639058357104659e-05,23.0
2026-04-27T17:25:34.408966,250426_155439.015625,1,58.489139556884766,8.801370620727539,12.600000381469727,80.5999984741211,0.9300000071525574,9,137.0399932861328,1,270426_162228.000000,-2.0326449871063232,3.848935604095459,0.00363305676728487,0.061156485229730606,0.04638506472110748,-0.003623146330937743,0.00024611689150333405,0.00010648215538822114,0.0013163352850824594,1.1976094356214162e-05,25.0
2026-04-27T17:25:37.481029,250426_155440.000000,1,58.48894119262695,8.801344871520996,12.100000381469727,80.1100082397461,0.9200000166893005,9,137.0399932861328,1,270426_162228.000000,-2.01943039894104,3.8571596145629883,0.0036415504291653633,0.1358622908592224,0.045679155737161636,-0.0031764982268214226,-0.0014821392251178622,-0.0009869204368442297,0.0012796700466424227,1.1697029549395666e-05,25.0
2026-04-27T17:25:40.566172,250426_155448.984375,1,58.487159729003906,8.801465034484863,14.300000190734863,81.0,0.9200000166893005,9,137.0399932861328,1,270426_162228.000000,-1.8345532417297363,3.347425699234009,0.1271975040435791,0.6443657279014587,0.11126023530960083,0.12143708765506744,0.037105195224285126,-0.00744613166898489,0.03085455857217312,0.0011015874333679676,23.0
2026-04-27T17:25:43.524839,250426_155450.000000,1,58.486968994140625,8.801603317260742,15.0,79.54000091552734,0.9200000166893005,9,137.0399932861328,1,270426_162228.000000,-1.3404399156570435,1.6351076364517212,0.1402621865272522,0.1587551236152649,0.1252875030040741,0.13635535538196564,0.03128143772482872,-0.010107938200235367,0.0570327565073967,0.0050175548531115055,23.0
2026-04-27T17:25:46.600149,250426_155459.015625,1,58.486148834228516,8.803250312805176,14.300000190734863,30.479999542236328,0.8700000047683716,9,137.0399932861328,1,270426_162228.000000,-1.0619654655456543,0.37535324692726135,0.1417064517736435,0.058132123202085495,0.12479772418737411,0.13902322947978973,0.026184290647506714,-0.008224716410040855,0.06333554536104202,0.008054257370531559,20.0
2026-04-27T17:25:46.600450,250426_155459.015625,1,58.486148834228516,8.803250312805176,14.300000190734863,30.479999542236328,0.8700000047683716,9,137.0399932861328,1,270426_162228.000000,-1.0619654655456543,0.37535324692726135,0.1417064517736435,0.058132123202085495,0.12479772418737411,0.13902322947978973,0.026184290647506714,-0.008224716410040855,0.06333554536104202,0.008054257370531559,20.0
2026-04-27T17:25:46.600960,250426_155459.015625,1,58.486148834228516,8.803250312805176,14.300000190734863,30.479999542236328,0.8700000047683716,9,137.0399932861328,1,270426_162228.000000,-1.0619654655456543,0.37535324692726135,0.1417064517736435,0.058132123202085495,0.12479772418737411,0.13902322947978973,0.026184290647506714,-0.008224716410040855,0.06333554536104202,0.008054257370531559,20.0
2026-04-27T17:25:46.605825,250426_155459.015625,1,58.486148834228516,8.803250312805176,14.300000190734863,30.479999542236328,0.8700000047683716,9,137.0399932861328,1,270426_162228.000000,-1.0619654655456543,0.37535324692726135,0.1417064517736435,0.058132123202085495,0.12479772418737411,0.13902322947978973,0.026184290647506714,-0.008224716410040855,0.06333554536104202,0.008054257370531559,20.0
2026-04-27T17:25:49.668530,250426_155500.000000,1,58.48611068725586,8.80335807800293,14.199999809265137,30.479999542236328,0.8700000047683716,9,137.0399932861328,1,270426_162246.000000,-0.7931432127952576,-2.2811646461486816,0.17947550117969513,0.12387419492006302,0.12354560196399689,0.17816010117530823,0.01753038726747036,-0.012772002257406712,0.07038458436727524,0.01669282279908657,14.0
2026-04-27T17:25:52.647098,250426_155508.000000,1,58.48609161376953,8.804981231689453,17.799999237060547,30.479999542236328,0.8799999952316284,10,137.0399932861328,1,270426_162246.000000,-0.7103894352912903,-5.713565349578857,0.2331162989139557,0.09810031950473785,0.1223171055316925,0.2323378026485443,0.00438429182395339,-0.01852378621697426,0.058129336684942245,0.030897317454218864,10.0
2026-04-27T17:25:55.843874,250426_155508.984375,1,58.486080169677734,8.805268287658691,17.899999618530273,61.349998474121094,0.8799999952316284,10,137.0399932861328,1,270426_162246.000000,-0.7109202742576599,-7.835317611694336,0.2105623036623001,0.29092851281166077,0.08774834126234055,0.2104320377111435,-0.002573551144450903,-0.006943818181753159,0.04571542143821716,0.03730504587292671,8.0
2026-04-27T17:25:58.785425,250426_155518.000000,1,58.48527145385742,8.807805061340332,20.899999618530273,73.73001098632812,0.8600000143051147,10,137.0399932861328,1,270426_162246.000000,-0.65351402759552,-9.941776275634766,0.09747998416423798,0.21507857739925385,0.09278245270252228,0.09687607735395432,0.01010635681450367,0.003903028555214405,0.04483954980969429,0.0399106964468956,2.0
2026-04-27T17:26:02.447586,250426_155528.000000,1,58.483821868896484,8.810094833374023,23.5,74.43000030517578,1.1399999856948853,8,137.0399932861328,1,270426_162246.000000,-0.5271624326705933,-9.529219627380371,0.10228461772203445,0.07858917862176895,0.12535035610198975,-0.10204017907381058,0.005532094277441502,0.004397684708237648,0.06612245738506317,0.035206884145736694,4.0
2026-04-27T17:26:06.163443,250426_155536.984375,1,58.4824104309082,8.811844825744629,24.299999237060547,73.51000213623047,0.8799999952316284,10,137.0399932861328,1,270426_162246.000000,-0.8377512097358704,-6.164584159851074,0.16661924123764038,0.14043837785720825,0.13992704451084137,-0.1659511923789978,-0.014813842251896858,-0.001650216057896614,0.057861603796482086,0.029612453654408455,4.0
2026-04-27T17:26:09.793202,250426_155538.000000,1,58.48223876953125,8.81197738647461,25.0,72.55001068115234,0.8600000143051147,10,137.0399932861328,1,270426_162248.000000,-1.1107335090637207,-3.920103073120117,0.13043193519115448,0.07040469348430634,0.1394643634557724,-0.12948352098464966,-0.014919700101017952,0.004889391362667084,0.04331040382385254,0.021775834262371063,4.0
2026-04-27T17:26:12.835636,250426_155547.015625,1,58.48114013671875,8.812432289123535,31.100000381469727,32.45000076293945,0.8600000143051147,10,137.0399932861328,1,270426_162248.000000,-1.2505593299865723,-2.8070149421691895,0.11081594973802567,0.047423794865608215,0.13083218038082123,-0.10998017340898514,-0.011866683140397072,0.006611927878111601,0.039807457476854324,0.019943837076425552,4.0
2026-04-27T17:26:15.833185,250426_155548.000000,1,58.48106002807617,8.812417030334473,31.200000762939453,30.579999923706055,0.8600000143051147,10,137.0399932861328,1,270426_162304.984375,-1.3572756052017212,-1.8665194511413574,0.09253164380788803,0.06125570461153984,0.09570283442735672,-0.09191544353961945,-0.0085635120049119,0.006349927745759487,0.03394715115427971,0.02063653990626335,0.0
2026-04-27T17:26:18.854391,250426_155556.984375,1,58.48017883300781,8.8132905960083,31.700000762939453,60.130001068115234,0.9300000071525574,9,137.0399932861328,1,270426_162304.984375,-1.4552006721496582,-1.0564979314804077,0.08257652074098587,0.03238896280527115,0.061919718980789185,-0.08153840899467468,-0.010232626460492611,0.00810327660292387,0.03626022860407829,0.019384386017918587,0.0
2026-04-27T17:26:21.920829,250426_155558.000000,1,58.48003005981445,8.813411712646484,31.799999237060547,62.13999938964844,0.9200000166893005,9,137.0399932861328,1,270426_162304.984375,-1.5571209192276,-0.06876250356435776,0.062149256467819214,0.058207202702760696,0.040556538850069046,-0.06127570942044258,-0.007367249578237534,0.007317173294723034,0.03073611669242382,0.0124404551461339,0.0
2026-04-27T17:26:25.199219,250426_155607.015625,1,58.478668212890625,8.814922332763672,29.399999618530273,72.77999877929688,1.600000023841858,7,137.0399932861328,1,270426_162306.000000,-1.6597084999084473,0.7033750414848328,0.04948430135846138,0.046731434762477875,0.03725573793053627,-0.048682305961847305,-0.007200796157121658,0.005184368696063757,0.0241765845566988,0.007699202746152878,0.0
2026-04-27T17:26:28.577258,250426_155608.000000,1,58.47853088378906,8.815126419067383,29.0,68.91000366210938,1.600000023841858,7,137.0399932861328,1,270426_162306.000000,-1.71021568775177,1.121208667755127,0.04062695428729057,0.06338377296924591,0.03297360613942146,-0.04019453749060631,-0.004387469030916691,0.003962201066315174,0.020597191527485847,0.005579162854701281,0.0
2026-04-27T17:26:28.577516,250426_155608.000000,1,58.47853088378906,8.815126419067383,29.0,68.91000366210938,1.600000023841858,7,137.0399932861328,1,270426_162306.000000,-1.71021568775177,1.121208667755127,0.04062695428729057,0.06338377296924591,0.03297360613942146,-0.04019453749060631,-0.004387469030916691,0.003962201066315174,0.020597191527485847,0.005579162854701281,0.0
2026-04-27T17:26:28.577769,250426_155608.000000,1,58.47853088378906,8.815126419067383,29.0,68.91000366210938,1.600000023841858,7,137.0399932861328,1,270426_162306.000000,-1.71021568775177,1.121208667755127,0.04062695428729057,0.06338377296924591,0.03297360613942146,-0.04019453749060631,-0.004387469030916691,0.003962201066315174,0.020597191527485847,0.005579162854701281,0.0
2026-04-27T17:26:28.605297,250426_155608.000000,1,58.47853088378906,8.815126419067383,29.0,68.91000366210938,1.600000023841858,7,137.0399932861328,1,270426_162306.000000,-1.71021568775177,1.121208667755127,0.04062695428729057,0.06338377296924591,0.03297360613942146,-0.04019453749060631,-0.004387469030916691,0.003962201066315174,0.020597191527485847,0.005579162854701281,0.0
2026-04-27T17:26:31.754233,250426_155616.984375,1,58.47747039794922,8.816742897033691,21.0,43.54999923706055,1.0199999809265137,8,137.0399932861328,1,270426_162323.015625,-1.7507797479629517,1.4769045114517212,0.03623194620013237,0.05854172632098198,0.033821865916252136,-0.03609432280063629,-0.001751914736814797,0.0026238940190523863,0.017681747674942017,0.004058237187564373,0.0
2026-04-27T17:26:34.767373,250426_155618.000000,1,58.477378845214844,8.816794395446777,19.899999618530273,35.97999954223633,1.840000033378601,7,137.0399932861328,1,270426_162323.015625,-1.809031367301941,1.8076382875442505,0.029429353773593903,0.06693613529205322,0.032527364790439606,-0.028458697721362114,-0.006553345825523138,0.0036391052417457104,0.014966307207942009,0.002826496958732605,0.0
2026-04-27T17:26:34.767732,250426_155618.000000,1,58.477378845214844,8.816794395446777,19.899999618530273,35.97999954223633,1.840000033378601,7,137.0399932861328,1,270426_162323.015625,-1.809031367301941,1.8076382875442505,0.029429353773593903,0.06693613529205322,0.032527364790439606,-0.028458697721362114,-0.006553345825523138,0.0036391052417457104,0.014966307207942009,0.002826496958732605,0.0
2026-04-27T17:26:37.903940,250426_155628.000000,1,58.47679138183594,8.817261695861816,16.299999237060547,29.469999313354492,0.8799999952316284,10,137.0399932861328,1,270426_162323.015625,-1.8532904386520386,2.1689789295196533,0.021960439160466194,0.11703565716743469,0.036094047129154205,-0.0206977017223835,-0.006762769538909197,0.0028514890000224113,0.0117166917771101,0.0017359380144625902,0.0
2026-04-27T17:26:40.844523,250426_155636.984375,1,58.477378845214844,8.818055152893066,11.800000190734863,39.2400016784668,0.8799999952316284,10,137.0399932861328,1,270426_162324.000000,-1.8943419456481934,2.444096803665161,0.017267320305109024,0.05333951860666275,0.03550225496292114,-0.016298016533255577,-0.0036573985125869513,0.004377034027129412,0.009253012016415596,0.001059843460097909,0.0
2026-04-27T17:26:43.949721,250426_155638.000000,1,58.477481842041016,8.81814956665039,11.399999618530273,44.970001220703125,0.8799999952316284,10,137.0399932861328,1,270426_162324.000000,-1.9119515419006348,2.574622631072998,0.01596580632030964,0.051451243460178375,0.03565249964594841,-0.015093810856342316,-0.0026018780190497637,0.004507110454142094,0.00804523192346096,0.0007921461947262287,0.0
2026-04-27T17:26:43.950017,250426_155638.000000,1,58.477481842041016,8.81814956665039,11.399999618530273,44.970001220703125,0.8799999952316284,10,137.0399932861328,1,270426_162324.000000,-1.9119515419006348,2.574622631072998,0.01596580632030964,0.051451243460178375,0.03565249964594841,-0.015093810856342316,-0.0026018780190497637,0.004507110454142094,0.00804523192346096,0.0007921461947262287,0.0
2026-04-27T17:26:43.950304,250426_155638.000000,1,58.477481842041016,8.81814956665039,11.399999618530273,44.970001220703125,0.8799999952316284,10,137.0399932861328,1,270426_162324.000000,-1.9119515419006348,2.574622631072998,0.01596580632030964,0.051451243460178375,0.03565249964594841,-0.015093810856342316,-0.0026018780190497637,0.004507110454142094,0.00804523192346096,0.0007921461947262287,0.0
2026-04-27T17:26:44.018997,250426_155638.000000,1,58.477481842041016,8.81814956665039,11.399999618530273,44.970001220703125,0.8799999952316284,10,137.0399932861328,1,270426_162324.000000,-1.9119515419006348,2.574622631072998,0.01596580632030964,0.051451243460178375,0.03565249964594841,-0.015093810856342316,-0.0026018780190497637,0.004507110454142094,0.00804523192346096,0.0007921461947262287,0.0
2026-04-27T17:26:47.004013,250426_155647.015625,1,58.47853088378906,8.818927764892578,7.699999809265137,50.970001220703125,0.8600000143051147,10,137.0399932861328,1,270426_162324.000000,-1.922520399093628,2.706787109375,0.014675232581794262,0.0485398955643177,0.03438950330018997,-0.014345962554216385,0.0022751344367861748,0.0020927360747009516,0.0068537285551428795,0.0005735921440646052,0.0
2026-04-27T17:26:47.004370,250426_155647.015625,1,58.47853088378906,8.818927764892578,7.699999809265137,50.970001220703125,0.8600000143051147,10,137.0399932861328,1,270426_162324.000000,-1.922520399093628,2.706787109375,0.014675232581794262,0.0485398955643177,0.03438950330018997,-0.014345962554216385,0.0022751344367861748,0.0020927360747009516,0.0068537285551428795,0.0005735921440646052,0.0
2026-04-27T17:26:47.004949,250426_155647.015625,1,58.47853088378906,8.818927764892578,7.699999809265137,50.970001220703125,0.8600000143051147,10,137.0399932861328,1,270426_162324.000000,-1.922520399093628,2.706787109375,0.014675232581794262,0.0485398955643177,0.03438950330018997,-0.014345962554216385,0.0022751344367861748,0.0020927360747009516,0.0068537285551428795,0.0005735921440646052,0.0
2026-04-27T17:26:47.022361,250426_155647.015625,1,58.47853088378906,8.818927764892578,7.699999809265137,50.970001220703125,0.8600000143051147,10,137.0399932861328,1,270426_162324.000000,-1.922520399093628,2.706787109375,0.014675232581794262,0.0485398955643177,0.03438950330018997,-0.014345962554216385,0.0022751344367861748,0.0020927360747009516,0.0068537285551428795,0.0005735921440646052,0.0
2026-04-27T17:26:50.087346,250426_155648.000000,1,58.47861862182617,8.81908893585205,8.0,50.93000030517578,1.0700000524520874,9,137.0399932861328,1,270426_162324.000000,-1.9339581727981567,2.867910623550415,0.010165352374315262,0.03164093196392059,0.0346682034432888,-0.009928635321557522,0.0009006998734548688,0.001986284274607897,0.005330357234925032,0.00035232253139838576,0.0
2026-04-27T17:26:50.087623,250426_155648.000000,1,58.47861862182617,8.81908893585205,8.0,50.93000030517578,1.0700000524520874,9,137.0399932861328,1,270426_162324.000000,-1.9339581727981567,2.867910623550415,0.010165352374315262,0.03164093196392059,0.0346682034432888,-0.009928635321557522,0.0009006998734548688,0.001986284274607897,0.005330357234925032,0.00035232253139838576,0.0
2026-04-27T17:26:50.088255,250426_155648.000000,1,58.47861862182617,8.81908893585205,8.0,50.93000030517578,1.0700000524520874,9,137.0399932861328,1,270426_162324.000000,-1.9339581727981567,2.867910623550415,0.010165352374315262,0.03164093196392059,0.0346682034432888,-0.009928635321557522,0.0009006998734548688,0.001986284274607897,0.005330357234925032,0.00035232253139838576,0.0
2026-04-27T17:26:50.093706,250426_155648.000000,1,58.47861862182617,8.81908893585205,8.0,50.93000030517578,1.0700000524520874,9,137.0399932861328,1,270426_162324.000000,-1.9339581727981567,2.867910623550415,0.010165352374315262,0.03164093196392059,0.0346682034432888,-0.009928635321557522,0.0009006998734548688,0.001986284274607897,0.005330357234925032,0.00035232253139838576,0.0
2026-04-27T17:26:53.144548,250426_155656.984375,1,58.47856903076172,8.82132625579834,6.300000190734863,50.93000030517578,1.1100000143051147,8,137.0399932861328,1,270426_162324.000000,-1.9412226676940918,2.95577335357666,0.008909115567803383,0.1047709509730339,0.0330272801220417,-0.008082911372184753,-0.0019813734106719494,0.003180102678015828,0.004278318025171757,0.00025044503854587674,6.0
2026-04-27T17:26:56.225270,250426_155658.000000,1,58.47848129272461,8.821572303771973,6.599999904632568,50.93000030517578,1.1100000143051147,8,137.0399932861328,1,270426_162340.984375,-1.9740643501281738,3.0668959617614746,0.009640728123486042,0.11500035971403122,0.03792906552553177,-0.006568200886249542,-0.006822522729635239,0.001804316882044077,0.0032086975406855345,0.00015983256162144244,10.0
2026-04-27T17:26:56.225609,250426_155658.000000,1,58.47848129272461,8.821572303771973,6.599999904632568,50.93000030517578,1.1100000143051147,8,137.0399932861328,1,270426_162340.984375,-1.9740643501281738,3.0668959617614746,0.009640728123486042,0.11500035971403122,0.03792906552553177,-0.006568200886249542,-0.006822522729635239,0.001804316882044077,0.0032086975406855345,0.00015983256162144244,10.0
2026-04-27T17:26:56.225879,250426_155658.000000,1,58.47848129272461,8.821572303771973,6.599999904632568,50.93000030517578,1.1100000143051147,8,137.0399932861328,1,270426_162340.984375,-1.9740643501281738,3.0668959617614746,0.009640728123486042,0.11500035971403122,0.03792906552553177,-0.006568200886249542,-0.006822522729635239,0.001804316882044077,0.0032086975406855345,0.00015983256162144244,10.0
2026-04-27T17:26:56.248205,250426_155658.000000,1,58.47848129272461,8.821572303771973,6.599999904632568,50.93000030517578,1.1100000143051147,8,137.0399932861328,1,270426_162340.984375,-1.9740643501281738,3.0668959617614746,0.009640728123486042,0.11500035971403122,0.03792906552553177,-0.006568200886249542,-0.006822522729635239,0.001804316882044077,0.0032086975406855345,0.00015983256162144244,10.0
2026-04-27T17:26:59.203237,250426_155707.015625,1,58.47809982299805,8.823755264282227,6.900000095367432,50.93000030517578,0.8799999952316284,10,137.0399932861328,1,270426_162340.984375,-1.9743459224700928,3.123697519302368,0.007962540723383427,0.05787540599703789,0.039267703890800476,-0.0077579692006111145,0.0017853542231023312,-0.00016877352027222514,0.002971882466226816,0.00012001045979559422,14.0
2026-04-27T17:27:02.368336,250426_155708.000000,1,58.4781608581543,8.824007987976074,6.400000095367432,55.79999923706055,0.8600000143051147,10,137.0399932861328,1,270426_162358.000000,-1.9667586088180542,3.1760430335998535,0.005906357429921627,0.02861405909061432,0.03899219632148743,-0.005511124152690172,0.001236615818925202,0.0017272374825552106,0.00262419949285686,8.91162344487384e-05,16.0
2026-04-27T17:27:05.440471,250426_155726.000000,1,58.479488372802734,8.827351570129395,-0.20000000298023224,58.88999938964844,1.2100000381469727,7,137.0399932861328,1,270426_162358.000000,-1.9634355306625366,3.2143375873565674,0.004782215692102909,0.08575846254825592,0.03910079225897789,-0.004313823767006397,-0.0002887566515710205,-0.0020438036881387234,0.0022842534817755222,6.423064769478515e-05,20.0
2026-04-27T17:27:08.513857,250426_155727.015625,1,58.479610443115234,8.82750129699707,-0.800000011920929,58.88999938964844,1.159999966621399,8,137.0399932861328,1,270426_162358.000000,-1.9822570085525513,3.2728192806243896,0.003633481217548251,0.055032238364219666,0.039648156613111496,-0.0030171838589012623,-0.001942964387126267,0.0005689265672117472,0.0019417504081502557,4.40920157416258e-05,24.0
2026-04-27T17:27:11.485457,250426_155746.000000,1,58.48183822631836,8.830374717712402,-3.0,58.29999923706055,0.8799999952316284,10,137.0399932861328,1,270426_162358.000000,-1.9982202053070068,3.3150649070739746,0.0019946377724409103,0.0776052176952362,0.04061354696750641,-0.0019603355322033167,1.7426620615879074e-05,-0.00036791397724300623,0.001402342808432877,2.7769296139013022e-05,28.0
2026-04-27T17:27:14.655819,250426_155747.015625,1,58.48197937011719,8.83045482635498,-2.700000047683716,56.40999984741211,0.9300000071525574,9,137.0399932861328,1,270426_162358.000000,-2.0064008235931396,3.3511054515838623,0.004291040822863579,0.09187493473291397,0.03952007740736008,-0.002730388892814517,-0.0032219132408499718,0.0007597909425385296,0.001081310911104083,1.974949373106938e-05,30.0
2026-04-27T17:27:17.778657,250426_155756.000000,1,58.483131408691406,8.831316947937012,-2.0,54.869998931884766,0.9200000166893005,9,137.0399932861328,1,270426_162359.015625,-2.0033841133117676,3.3767433166503906,0.0022301110439002514,0.05073099955916405,0.03829482942819595,-0.0022105108946561813,-0.0002501743147149682,-0.00015636322495993227,0.0012269065482541919,1.5147135854931548e-05,30.0
2026-04-27T17:27:20.945615,250426_155756.984375,1,58.48324966430664,8.831401824951172,-2.5,57.15999984741211,0.9200000166893005,9,137.0399932861328,1,270426_162359.015625,-2.003471851348877,3.3915793895721436,0.002363420557230711,0.07896780222654343,0.037135496735572815,-0.0010095045436173677,-0.001977926818653941,-0.0008089888142421842,0.0010339472210034728,1.1257428923272528e-05,26.0
2026-04-27T17:27:24.076916,250426_155816.000000,1,58.48461151123047,8.83504867553711,10.5,54.9900016784668,0.9399999976158142,9,137.0399932861328,1,270426_162415.015625,-2.0096044540405273,3.397345781326294,0.0017513483762741089,0.09066110104322433,0.03989296406507492,-0.0015016722027212381,0.0005815011681988835,-0.000688518921379,0.001134831109084189,1.0379613740951754e-05,24.0
2026-04-27T17:27:27.148307,250426_155816.984375,1,58.484619140625,8.835272789001465,11.5,47.91999816894531,0.8600000143051147,10,137.0399932861328,1,270426_162415.015625,-2.0020651817321777,3.408643960952759,0.0025988819543272257,0.05329780653119087,0.03373270854353905,-0.0008037382503971457,0.00014235550770536065,-0.002467372454702854,0.0010416044387966394,8.714592695469037e-06,22.0
2026-04-27T17:27:30.119472,250426_155824.984375,1,58.485260009765625,8.83636474609375,18.0,47.369998931884766,0.8600000143051147,10,137.0399932861328,1,270426_162415.015625,-2.0129072666168213,3.420365571975708,0.00414805393666029,0.05782443284988403,0.03750522807240486,-0.0023886547423899174,-0.0033611366525292397,0.00045104516902938485,0.0010603828122839332,8.882630936568603e-06,20.0
2026-04-27T17:27:33.183649,250426_155826.000000,1,58.48537063598633,8.836395263671875,18.700000762939453,47.38999938964844,0.8799999952316284,10,137.0399932861328,1,270426_162415.015625,-2.0214173793792725,3.4370009899139404,0.004468861967325211,0.1594066172838211,0.04050503671169281,-0.0011358526535332203,-0.004319493658840656,0.000150146777741611,0.0011277804151177406,8.453986993117724e-06,21.0
2026-04-27T17:27:36.388536,250426_155834.000000,1,58.486148834228516,8.83708667755127,22.700000762939453,38.189998626708984,0.8600000143051147,10,137.0399932861328,1,270426_162415.015625,-2.0384390354156494,3.4422731399536133,0.002836179221048951,0.09748665988445282,0.044024284929037094,0.00038774829590693116,-0.0013041180791333318,-0.0024885416496545076,0.0012962439795956016,9.130197213380598e-06,21.0
2026-04-27T17:27:39.948186,250426_155835.015625,1,58.48619079589844,8.837238311767578,23.5,37.52000045776367,0.8600000143051147,10,137.0399932861328,1,270426_162431.015625,-2.045403242111206,3.446869134902954,0.002443477977067232,0.06397184729576111,0.04523923620581627,0.00029762889607809484,0.0021585600916296244,-0.0011057219235226512,0.0012020335998386145,8.636798156658188e-06,19.0
2026-04-27T17:27:42.951947,250426_155843.015625,1,58.48674011230469,8.838216781616211,24.399999618530273,41.380001068115234,0.8799999952316284,10,137.0399932861328,1,270426_162431.015625,-2.0510144233703613,3.4551990032196045,0.0011486164294183254,0.03659871220588684,0.042397867888212204,-0.0006069078808650374,0.000940426776651293,-0.0002580310683697462,0.001183922286145389,7.775959602440707e-06,23.0
2026-04-27T17:27:45.980174,250426_155844.000000,1,58.48685836791992,8.838239669799805,24.600000381469727,42.5099983215332,0.8600000143051147,10,137.0399932861328,1,270426_162431.015625,-2.0425400733947754,3.460747480392456,0.0020084071438759565,0.08188727498054504,0.04226580262184143,-0.0013886794913560152,0.000605529232416302,0.001318560796789825,0.0012369229225441813,7.786465175740886e-06,21.0
2026-04-27T17:27:49.062739,250426_155852.000000,1,58.48781967163086,8.838319778442383,21.399999618530273,44.70000076293945,0.8799999952316284,10,137.0399932861328,1,270426_162431.015625,-2.0387120246887207,3.4714488983154297,0.004700422752648592,0.07359331846237183,0.039820343255996704,-0.00045553973177447915,-0.0016215260839089751,-0.004388291854411364,0.0010928366100415587,7.429806828440633e-06,24.0
2026-04-27T17:27:52.145096,250426_155852.984375,1,58.48793029785156,8.838375091552734,21.299999237060547,45.5099983215332,0.8799999952316284,10,137.0399932861328,1,270426_162431.015625,-2.0243759155273438,3.4744813442230225,0.00079467857722193,0.05682196468114853,0.03690997138619423,-0.00035584595752879977,0.0006204131059348583,0.0003463745233602822,0.001068310346454382,6.8750787249882706e-06,24.0
2026-04-27T17:27:55.138534,250426_155900.984375,1,58.48857879638672,8.839475631713867,19.600000381469727,49.459999084472656,0.8600000143051147,10,137.0399932861328,1,270426_162432.000000,-1.9869091510772705,3.4782016277313232,0.0014609684003517032,0.0407966747879982,0.12745273113250732,-0.0002638947335071862,0.0012048999778926373,0.0007829458336345851,0.004538383800536394,2.8799478968721814e-05,28.0
2026-04-27T17:27:58.384774,250426_155902.000000,1,58.48862838745117,8.839710235595703,19.600000381469727,49.459999084472656,0.8600000143051147,10,137.0399932861328,1,270426_162432.000000,-1.992056131362915,3.4845035076141357,0.0020673295948654413,0.06205233931541443,0.12726636230945587,-0.00047987495781853795,-0.0019282648572698236,-0.0005704096984118223,0.004538244567811489,2.8806038244511e-05,26.0
2026-04-27T17:28:01.247743,250426_155910.000000,1,58.489219665527344,8.841054916381836,19.600000381469727,47.040000915527344,0.8600000143051147,10,137.0399932861328,1,270426_162447.015625,-1.9816417694091797,3.4813718795776367,0.0007866128580644727,0.035707201808691025,0.12726329267024994,0.0007087340927682817,0.0002253898564958945,-0.0002562326262705028,0.004519841633737087,2.940363083325792e-05,32.0
2026-04-27T17:28:04.313002,250426_155911.015625,1,58.489341735839844,8.841134071350098,19.399999618530273,47.630001068115234,0.8799999952316284,10,137.0399932861328,1,270426_162447.015625,-1.984232783317566,3.481736898422241,0.004267435520887375,0.05670931562781334,0.12768808007240295,-0.0006711168098263443,-0.0040833731181919575,0.0010424358770251274,0.004524692427366972,2.932095594587736e-05,33.0
2026-04-27T17:28:07.408754,250426_155919.015625,1,58.490230560302734,8.841676712036133,17.600000381469727,46.31999969482422,0.8799999952316284,10,137.0399932861328,1,270426_162447.015625,-1.996792197227478,3.480290174484253,0.002221673261374235,0.05480417236685753,0.12809906899929047,0.0021834371145814657,-0.00034789086203090847,0.00021773090702481568,0.0045511769130826,2.892960765166208e-05,29.0
2026-04-27T17:28:11.051524,250426_155920.000000,1,58.49032974243164,8.841753005981445,17.299999237060547,48.43000030517578,0.8799999952316284,10,137.0399932861328,1,270426_162448.000000,-1.9858620166778564,3.480764865875244,0.0029498476069420576,0.05882435292005539,0.03673407435417175,0.0003936321591027081,0.0015025625471025705,0.0025077799800783396,0.001134273363277316,6.677968030999182e-06,25.0
2026-04-27T17:28:14.047272,250426_155928.000000,1,58.49129104614258,8.84238338470459,11.399999618530273,51.90999984741211,0.8799999952316284,10,137.0399932861328,1,270426_162448.000000,-1.9805314540863037,3.4846243858337402,0.0016619345406070352,0.016574304550886154,0.039551299065351486,0.0006336203077808022,0.0014218201395124197,-0.0005822193343192339,0.0011953351786360145,7.134914540074533e-06,25.0
2026-04-27T17:28:17.230460,250426_155928.984375,1,58.49142074584961,8.842462539672852,10.899999618530273,51.90999984741211,0.8799999952316284,10,137.0399932861328,1,270426_162503.015625,-1.9920250177383423,3.481903553009033,0.0012249777792021632,0.1309538185596466,0.04299953579902649,-0.0012013731757178903,0.0001790815294953063,0.00015875505050644279,0.0013421247713267803,7.959108188515529e-06,21.0
2026-04-27T17:28:20.192215,250426_155936.984375,1,58.492271423339844,8.843052864074707,8.199999809265137,44.959999084472656,0.8600000143051147,10,137.0399932861328,1,270426_162503.015625,-2.002274751663208,3.4835948944091797,0.0030693095177412033,0.07503455877304077,0.04776635766029358,0.0007942715310491621,-0.0025123171508312225,-0.0015741843963041902,0.0014896922511979938,9.253277312382124e-06,18.0
2026-04-27T17:28:23.243634,250426_155938.000000,1,58.49237823486328,8.843123435974121,8.5,45.29999923706055,0.8799999952316284,10,137.0399932861328,1,270426_162503.015625,-2.004937171936035,3.4815309047698975,0.004334557335823774,0.07098657637834549,0.047355957329273224,-0.001782747800461948,-0.0037994482554495335,-0.0010836920700967312,0.0013942591613158584,8.977186553238425e-06,20.0
2026-04-27T17:28:26.472555,250426_155946.000000,1,58.49327850341797,8.843770980834961,9.699999809265137,47.56999969482422,0.8799999952316284,10,137.0399932861328,1,270426_162503.015625,-1.9962866306304932,3.4806222915649414,0.0027428229805082083,0.05110844969749451,0.046945806592702866,-0.0009780291002243757,0.001301544369198382,0.002207378391176462,0.0013175718486309052,8.997571057989262e-06,22.0
2026-04-27T17:28:29.408623,250426_155955.015625,1,58.49414825439453,8.844926834106445,9.800000190734863,47.06999969482422,0.9200000166893005,9,137.0399932861328,1,270426_162503.015625,-2.0123708248138428,3.4851818084716797,0.005019353237003088,0.07026118040084839,0.04591092839837074,0.00014810313587076962,-0.001956004649400711,-0.004620175343006849,0.0013488257536664605,9.587454769643955e-06,22.0
2026-04-27T17:28:33.001009,250426_160004.984375,1,58.49480056762695,8.846711158752441,11.5,42.02000045776367,0.8799999952316284,10,137.0399932861328,1,270426_162503.015625,-1.998911738395691,3.4841926097869873,0.002398251323029399,0.03391854465007782,0.03523818030953407,0.0007468720432370901,0.0022296460811048746,-0.0004716675612144172,0.001174433040432632,7.830355571059044e-06,20.0
2026-04-27T17:28:36.078743,250426_160012.984375,1,58.49518966674805,8.847880363464355,11.899999618530273,41.13999938964844,0.8199999928474426,11,137.0399932861328,1,270426_162503.015625,-2.011014223098755,3.4874815940856934,0.0010094273602589965,0.0004210960469208658,0.03722913935780525,-0.0005793169257231057,0.0004091606242582202,0.0007182778208516538,0.0011501144617795944,7.861504855100065e-06,18.0
2026-04-27T17:28:39.535184,250426_160014.000000,1,58.4952507019043,8.848038673400879,11.899999618530273,41.13999938964844,0.8100000023841858,11,137.0399932861328,1,270426_162503.015625,-1.9967213869094849,3.4901885986328125,0.0025121604558080435,0.0618322528898716,0.03721896559000015,-0.002084254054352641,-0.0007988284341990948,0.001152695738710463,0.0012088895309716463,7.787609320075717e-06,14.0
2026-04-27T17:28:42.617378,250426_160022.000000,1,58.49580001831055,8.849516868591309,12.0,50.939998626708984,0.8100000023841858,11,137.0399932861328,1,270426_162503.015625,-1.9932273626327515,3.495861768722534,0.0033775484189391136,0.07097050547599792,0.03893819823861122,-0.0023773335851728916,-0.002340681618079543,0.0005266203079372644,0.0011105489684268832,7.510563136747805e-06,16.0
2026-04-27T17:28:42.617661,250426_160022.000000,1,58.49580001831055,8.849516868591309,12.0,50.939998626708984,0.8100000023841858,11,137.0399932861328,1,270426_162503.015625,-1.9932273626327515,3.495861768722534,0.0033775484189391136,0.07097050547599792,0.03893819823861122,-0.0023773335851728916,-0.002340681618079543,0.0005266203079372644,0.0011105489684268832,7.510563136747805e-06,16.0
2026-04-27T17:28:42.617893,250426_160022.000000,1,58.49580001831055,8.849516868591309,12.0,50.939998626708984,0.8100000023841858,11,137.0399932861328,1,270426_162503.015625,-1.9932273626327515,3.495861768722534,0.0033775484189391136,0.07097050547599792,0.03893819823861122,-0.0023773335851728916,-0.002340681618079543,0.0005266203079372644,0.0011105489684268832,7.510563136747805e-06,16.0
2026-04-27T17:28:42.643292,250426_160022.000000,1,58.49580001831055,8.849516868591309,12.0,50.939998626708984,0.8100000023841858,11,137.0399932861328,1,270426_162503.015625,-1.9932273626327515,3.495861768722534,0.0033775484189391136,0.07097050547599792,0.03893819823861122,-0.0023773335851728916,-0.002340681618079543,0.0005266203079372644,0.0011105489684268832,7.510563136747805e-06,16.0
2026-04-27T17:28:46.122048,250426_160030.000000,1,58.49641036987305,8.851122856140137,17.100000381469727,52.310001373291016,0.8100000023841858,11,137.0399932861328,1,270426_162534.000000,-2.016958236694336,3.500028371810913,0.003057312685996294,0.07940105348825455,0.04085762798786163,0.0002490780607331544,-0.0030294153839349747,0.00032827432733029127,0.0013157514622434974,8.41695782582974e-06,18.0
2026-04-27T17:28:49.201504,250426_160039.015625,1,58.4971809387207,8.852381706237793,21.5,39.9900016784668,0.8700000047683716,10,137.0399932861328,1,270426_162534.000000,-2.01348614692688,3.5009937286376953,0.003102721646428108,0.12241239845752716,0.040984466671943665,0.003068148158490658,0.00045223094639368355,9.399162081535906e-05,0.0013065155362710357,8.138422344927676e-06,17.0
2026-04-27T17:28:52.139902,250426_160040.000000,1,58.49728012084961,8.852404594421387,22.100000381469727,42.0,0.8799999952316284,10,137.0399932861328,1,270426_162534.000000,-1.9994707107543945,3.5026626586914062,0.002614614088088274,0.039576850831508636,0.038450151681900024,-0.0014916486106812954,0.0019415318965911865,0.0009174120496027172,0.001195090706460178,7.592548627144424e-06,21.0
2026-04-27T17:28:52.140345,250426_160040.000000,1,58.49728012084961,8.852404594421387,22.100000381469727,42.0,0.8799999952316284,10,137.0399932861328,1,270426_162534.000000,-1.9994707107543945,3.5026626586914062,0.002614614088088274,0.039576850831508636,0.038450151681900024,-0.0014916486106812954,0.0019415318965911865,0.0009174120496027172,0.001195090706460178,7.592548627144424e-06,21.0
2026-04-27T17:28:55.161481,250426_160048.000000,1,58.498191833496094,8.852078437805176,25.100000381469727,46.20000076293945,0.8199999928474426,11,137.0399932861328,1,270426_162534.000000,-2.0100817680358887,3.498506546020508,0.0018604414071887732,0.04506281018257141,0.03807559236884117,-0.00040448710205964744,-0.0018158388556912541,1.9026156223844737e-05,0.001319201895967126,8.360789252037648e-06,19.0
2026-04-27T17:28:58.359076,250426_160048.984375,1,58.49831008911133,8.852036476135254,25.5,46.599998474121094,0.8199999928474426,11,137.0399932861328,1,270426_162534.000000,-2.0083706378936768,3.4971439838409424,0.002410692162811756,0.0175470020622015,0.03516238182783127,0.0009297988726757467,0.0015146073419600725,-0.001628764788620174,0.0013133701868355274,8.172740308509674e-06,19.0
2026-04-27T17:28:58.359429,250426_160048.984375,1,58.49831008911133,8.852036476135254,25.5,46.599998474121094,0.8199999928474426,11,137.0399932861328,1,270426_162534.000000,-2.0083706378936768,3.4971439838409424,0.002410692162811756,0.0175470020622015,0.03516238182783127,0.0009297988726757467,0.0015146073419600725,-0.001628764788620174,0.0013133701868355274,8.172740308509674e-06,19.0
2026-04-27T17:28:58.359758,250426_160048.984375,1,58.49831008911133,8.852036476135254,25.5,46.599998474121094,0.8199999928474426,11,137.0399932861328,1,270426_162534.000000,-2.0083706378936768,3.4971439838409424,0.002410692162811756,0.0175470020622015,0.03516238182783127,0.0009297988726757467,0.0015146073419600725,-0.001628764788620174,0.0013133701868355274,8.172740308509674e-06,19.0
2026-04-27T17:28:58.383149,250426_160048.984375,1,58.49831008911133,8.852036476135254,25.5,46.599998474121094,0.8199999928474426,11,137.0399932861328,1,270426_162534.000000,-2.0083706378936768,3.4971439838409424,0.002410692162811756,0.0175470020622015,0.03516238182783127,0.0009297988726757467,0.0015146073419600725,-0.001628764788620174,0.0013133701868355274,8.172740308509674e-06,19.0
2026-04-27T17:29:01.356919,250426_160056.984375,1,58.499290466308594,8.852086067199707,30.200000762939453,46.599998474121094,0.8100000023841858,11,137.0399932861328,1,270426_162550.000000,-1.9968552589416504,3.4870762825012207,0.001906120334751904,0.11794357746839523,0.035811636596918106,0.0017660126322880387,6.173412839416414e-05,0.0007146207499317825,0.0010815588757395744,7.152058060455602e-06,17.0
2026-04-27T17:29:04.381018,250426_160058.000000,1,58.49940872192383,8.852190017700195,30.799999237060547,52.369998931884766,0.8100000023841858,11,137.0399932861328,1,270426_162550.000000,-1.9931056499481201,3.4823954105377197,0.0027890841010957956,0.044382061809301376,0.03592544049024582,0.0019389076624065638,0.0018347973236814141,0.0008081743726506829,0.001098207081668079,6.922635748196626e-06,18.0
2026-04-27T17:29:07.515408,250426_160115.015625,1,58.5015983581543,8.852829933166504,34.79999923706055,52.619998931884766,0.8100000023841858,11,137.0399932861328,1,270426_162550.000000,-1.987818717956543,3.4781336784362793,0.0013359287986531854,0.020383361726999283,0.03237459808588028,0.0007545993430539966,0.001002155477181077,0.0004593147605191916,0.001060855109244585,6.178370313136838e-06,18.0
2026-04-27T17:29:10.585437,250426_160132.984375,1,58.503700256347656,8.853639602661133,26.700000762939453,44.27000045776367,0.8199999928474426,11,137.0399932861328,1,270426_162550.000000,-1.9996263980865479,3.4735052585601807,0.0010321500012651086,0.04190261662006378,0.03276606649160385,0.0009042172459885478,0.00046751266927458346,0.00017075295909307897,0.000858619692735374,5.617470378638245e-06,20.0
2026-04-27T17:29:13.541687,250426_160140.984375,1,58.50389099121094,8.855385780334473,16.0,49.349998474121094,0.8199999928474426,11,137.0399932861328,1,270426_162550.000000,-1.9950659275054932,3.472996950149536,0.003761051222681999,0.06778061389923096,0.03475569933652878,0.0008254100102931261,0.002197964582592249,0.0029382233042269945,0.0008816774934530258,5.811928986076964e-06,22.0
2026-04-27T17:29:16.560323,250426_160200.000000,1,58.50484848022461,8.858868598937988,1.5,52.83000183105469,0.9900000095367432,10,137.0399932861328,1,270426_162606.000000,-2.0039167404174805,3.469573974609375,0.002633041702210903,0.08785876631736755,0.035465653985738754,0.0012769534951075912,-0.0021714908070862293,-0.0007661111303605139,0.0008636594284325838,5.5277300816669594e-06,24.0
2026-04-27T17:29:16.562169,250426_160200.000000,1,58.50484848022461,8.858868598937988,1.5,52.83000183105469,0.9900000095367432,10,137.0399932861328,1,270426_162606.000000,-2.0039167404174805,3.469573974609375,0.002633041702210903,0.08785876631736755,0.035465653985738754,0.0012769534951075912,-0.0021714908070862293,-0.0007661111303605139,0.0008636594284325838,5.5277300816669594e-06,24.0
2026-04-27T17:29:16.562539,250426_160200.000000,1,58.50484848022461,8.858868598937988,1.5,52.83000183105469,0.9900000095367432,10,137.0399932861328,1,270426_162606.000000,-2.0039167404174805,3.469573974609375,0.002633041702210903,0.08785876631736755,0.035465653985738754,0.0012769534951075912,-0.0021714908070862293,-0.0007661111303605139,0.0008636594284325838,5.5277300816669594e-06,24.0
2026-04-27T17:29:16.586499,250426_160200.000000,1,58.50484848022461,8.858868598937988,1.5,52.83000183105469,0.9900000095367432,10,137.0399932861328,1,270426_162606.000000,-2.0039167404174805,3.469573974609375,0.002633041702210903,0.08785876631736755,0.035465653985738754,0.0012769534951075912,-0.0021714908070862293,-0.0007661111303605139,0.0008636594284325838,5.5277300816669594e-06,24.0
2026-04-27T17:29:19.572688,250426_160208.984375,1,58.50571823120117,8.859933853149414,-2.5999999046325684,33.25,0.9900000095367432,10,137.0399932861328,1,270426_162606.000000,-2.014887809753418,3.465060234069824,0.0020164300221949816,0.05052748695015907,0.03295386955142021,-0.001409972901456058,-0.0013275211676955223,0.0005618312861770391,0.0008003254188224673,5.738066192861879e-06,21.0
2026-04-27T17:29:22.687672,250426_160218.000000,1,58.50603103637695,8.861448287963867,-1.7000000476837158,36.630001068115234,0.8299999833106995,11,137.0399932861328,1,270426_162606.000000,-2.0103917121887207,3.4639270305633545,0.001925074146129191,0.06930900365114212,0.03682771325111389,0.0015861453721299767,-0.0010570627637207508,-0.00026957725640386343,0.0010784912155941129,6.401903192454483e-06,23.0
2026-04-27T17:29:25.727894,250426_160227.015625,1,58.50579071044922,8.862234115600586,2.4000000953674316,14.119999885559082,0.8100000023841858,11,137.0399932861328,1,270426_162606.000000,-2.010218381881714,3.4542441368103027,0.006087757647037506,0.1248801052570343,0.03839758783578873,0.0006636828766204417,0.006011351477354765,-0.0006956795696169138,0.0012002846924588084,6.699608093185816e-06,23.0
2026-04-27T17:29:28.737684,250426_160235.015625,1,58.50503921508789,8.861664772033691,4.099999904632568,39.72999954223633,0.8299999833106995,11,137.0399932861328,1,270426_162606.000000,-2.0154879093170166,3.457519292831421,0.0028976949397474527,0.08597226440906525,0.04029073566198349,0.00039081258000805974,-0.0021109103690832853,0.0019462679047137499,0.0012284700060263276,7.149509656301234e-06,23.0
2026-04-27T17:29:31.768690,250426_160236.000000,1,58.504940032958984,8.86169147491455,4.199999809265137,41.650001525878906,0.8100000023841858,11,137.0399932861328,1,270426_162622.000000,-2.0111474990844727,3.4520773887634277,0.0033695963211357594,0.038700979202985764,0.03854753449559212,0.0003587164101190865,0.0032045189291238785,-0.0009780391119420528,0.0012509396765381098,7.237829777295701e-06,25.0
2026-04-27T17:29:34.840180,250426_160244.000000,1,58.504249572753906,8.86246109008789,3.4000000953674316,40.0099983215332,0.9700000882148743,9,137.0399932861328,1,270426_162622.000000,-2.018146276473999,3.4485044479370117,0.002618898870423436,0.033707328140735626,0.03838199004530907,0.002034600591287017,-0.0015404841396957636,-0.0005881673423573375,0.001283296849578619,7.025631475698901e-06,25.0
2026-04-27T17:29:37.913722,250426_160244.984375,1,58.50419998168945,8.86262321472168,3.200000047683716,40.04999923706055,1.0399999618530273,8,137.0399932861328,1,270426_162622.000000,-1.9887834787368774,3.4520909786224365,0.004858109168708324,0.08509878069162369,0.11860667914152145,-3.12726479023695e-06,-0.0038490414153784513,-0.0029641350265592337,0.004258839413523674,2.6701416572905146e-05,25.0
2026-04-27T17:29:40.911931,250426_160252.984375,1,58.50373077392578,8.863943099975586,-0.699999988079071,40.04999923706055,0.9700000882148743,9,137.0399932861328,1,270426_162622.000000,-1.9978609085083008,3.4493515491485596,0.00144095194991678,0.03535015881061554,0.11855413019657135,0.0007074745954014361,-0.0011619756696745753,-0.0004750103107653558,0.004278145730495453,2.6324074497097172e-05,27.0
2026-04-27T17:29:43.980728,250426_160254.000000,1,58.503658294677734,8.864053726196289,-1.0,38.36000061035156,0.9700000882148743,9,137.0399932861328,1,270426_162622.000000,-2.0135631561279297,3.448477268218994,0.0011795440223067999,0.06383690237998962,0.11854693293571472,0.0008578470442444086,-0.0007406409131363034,0.00032691561500541866,0.004256382584571838,2.571721597632859e-05,25.0
2026-04-27T17:29:47.253490,250426_160302.000000,1,58.50276184082031,8.863823890686035,-1.2999999523162842,49.130001068115234,0.8299999833106995,11,137.0399932861328,1,270426_162638.000000,-2.000969171524048,3.4444313049316406,0.0008399582002311945,0.0622703991830349,0.11897847801446915,-0.0007986800046637654,-0.00010627631127135828,0.00023737190349493176,0.004271604120731354,2.6258076104568318e-05,19.0
2026-04-27T17:29:50.098293,250426_160303.015625,1,58.50263977050781,8.863763809204102,-0.8999999761581421,49.83000183105469,0.8299999833106995,11,137.0399932861328,1,270426_162638.000000,-1.9970664978027344,3.441134452819824,0.0017340033082291484,0.06744954735040665,0.11850974708795547,0.001187940244562924,-0.0011673091212287545,-0.0004826537042390555,0.004270657431334257,2.61313580267597e-05,18.0
2026-04-27T17:29:50.098571,250426_160303.015625,1,58.50263977050781,8.863763809204102,-0.8999999761581421,49.83000183105469,0.8299999833106995,11,137.0399932861328,1,270426_162638.000000,-1.9970664978027344,3.441134452819824,0.0017340033082291484,0.06744954735040665,0.11850974708795547,0.001187940244562924,-0.0011673091212287545,-0.0004826537042390555,0.004270657431334257,2.61313580267597e-05,18.0
2026-04-27T17:29:50.098732,250426_160303.015625,1,58.50263977050781,8.863763809204102,-0.8999999761581421,49.83000183105469,0.8299999833106995,11,137.0399932861328,1,270426_162638.000000,-1.9970664978027344,3.441134452819824,0.0017340033082291484,0.06744954735040665,0.11850974708795547,0.001187940244562924,-0.0011673091212287545,-0.0004826537042390555,0.004270657431334257,2.61313580267597e-05,18.0
2026-04-27T17:29:50.124160,250426_160303.015625,1,58.50263977050781,8.863763809204102,-0.8999999761581421,49.83000183105469,0.8299999833106995,11,137.0399932861328,1,270426_162638.000000,-1.9970664978027344,3.441134452819824,0.0017340033082291484,0.06744954735040665,0.11850974708795547,0.001187940244562924,-0.0011673091212287545,-0.0004826537042390555,0.004270657431334257,2.61313580267597e-05,18.0
2026-04-27T17:29:53.066938,250426_160311.015625,1,58.5017204284668,8.863544464111328,0.6000000238418579,42.84000015258789,0.8299999833106995,11,137.0399932861328,1,270426_162638.000000,-2.002516984939575,3.440387725830078,0.0032242760062217712,0.061174944043159485,0.033950213342905045,0.002571475226432085,-0.001232697512023151,-0.001504635321907699,0.0011110268533229828,6.29506121185841e-06,12.0
2026-04-27T17:29:56.658550,250426_160319.015625,1,58.50099182128906,8.863645553588867,1.899999976158142,33.400001525878906,0.8299999833106995,11,137.0399932861328,1,270426_162638.000000,-1.9981554746627808,3.441256046295166,0.0024582732003182173,0.07108799368143082,0.03606747090816498,0.00017881751409731805,0.0022505363449454308,-0.0009727366268634796,0.0011210942175239325,7.1048398240236565e-06,14.0
2026-04-27T17:29:56.658872,250426_160319.015625,1,58.50099182128906,8.863645553588867,1.899999976158142,33.400001525878906,0.8299999833106995,11,137.0399932861328,1,270426_162638.000000,-1.9981554746627808,3.441256046295166,0.0024582732003182173,0.07108799368143082,0.03606747090816498,0.00017881751409731805,0.0022505363449454308,-0.0009727366268634796,0.0011210942175239325,7.1048398240236565e-06,14.0
2026-04-27T17:29:56.659378,250426_160319.015625,1,58.50099182128906,8.863645553588867,1.899999976158142,33.400001525878906,0.8299999833106995,11,137.0399932861328,1,270426_162638.000000,-1.9981554746627808,3.441256046295166,0.0024582732003182173,0.07108799368143082,0.03606747090816498,0.00017881751409731805,0.0022505363449454308,-0.0009727366268634796,0.0011210942175239325,7.1048398240236565e-06,14.0
2026-04-27T17:29:56.747579,250426_160319.015625,1,58.50099182128906,8.863645553588867,1.899999976158142,33.400001525878906,0.8299999833106995,11,137.0399932861328,1,270426_162638.000000,-1.9981554746627808,3.441256046295166,0.0024582732003182173,0.07108799368143082,0.03606747090816498,0.00017881751409731805,0.0022505363449454308,-0.0009727366268634796,0.0011210942175239325,7.1048398240236565e-06,14.0
2026-04-27T17:29:59.764590,250426_160320.000000,1,58.500911712646484,8.86368179321289,2.5999999046325684,34.34000015258789,0.8299999833106995,11,137.0399932861328,1,270426_162652.984375,-2.0008420944213867,3.4402172565460205,0.0022186818532645702,0.08203849196434021,0.033552899956703186,-0.0002805358381010592,-6.747250881744549e-05,-0.002199839800596237,0.0011083879508078098,6.503092208731687e-06,16.0
2026-04-27T17:30:02.692701,250426_160328.000000,1,58.500240325927734,8.863987922668457,4.699999809265137,37.189998626708984,0.8199999928474426,11,137.0399932861328,1,270426_162652.984375,-1.9923903942108154,3.4364943504333496,0.0013033890863880515,0.054910361766815186,0.03461367264389992,0.0008207891951315105,-0.000714136112947017,0.0007177310180850327,0.0011353109730407596,7.07490880813566e-06,18.0
2026-04-27T17:30:05.766585,250426_160336.984375,1,58.49974822998047,8.864581108093262,8.699999809265137,23.56999969482422,0.8199999928474426,11,137.0399932861328,1,270426_162652.984375,-1.9828635454177856,3.440424680709839,0.0024796882644295692,0.035968679934740067,0.03379782289266586,0.0005833522882312536,-0.00037600231007672846,-0.0023805832024663687,0.0011595861287787557,7.217667189252097e-06,20.0
2026-04-27T17:30:09.246688,250426_160338.000000,1,58.49977111816406,8.86469841003418,8.399999618530273,22.0,0.8299999833106995,11,137.0399932861328,1,270426_162652.984375,-1.9964821338653564,3.4404165744781494,0.0030297935009002686,0.061663918197155,0.032787151634693146,-0.0028890189714729786,-0.0001547406573081389,0.0008995959651656449,0.0011610359651967883,6.672641575278249e-06,24.0
2026-04-27T17:30:09.247104,250426_160338.000000,1,58.49977111816406,8.86469841003418,8.399999618530273,22.0,0.8299999833106995,11,137.0399932861328,1,270426_162652.984375,-1.9964821338653564,3.4404165744781494,0.0030297935009002686,0.061663918197155,0.032787151634693146,-0.0028890189714729786,-0.0001547406573081389,0.0008995959651656449,0.0011610359651967883,6.672641575278249e-06,24.0
2026-04-27T17:30:09.247425,250426_160338.000000,1,58.49977111816406,8.86469841003418,8.399999618530273,22.0,0.8299999833106995,11,137.0399932861328,1,270426_162652.984375,-1.9964821338653564,3.4404165744781494,0.0030297935009002686,0.061663918197155,0.032787151634693146,-0.0028890189714729786,-0.0001547406573081389,0.0008995959651656449,0.0011610359651967883,6.672641575278249e-06,24.0
2026-04-27T17:30:09.305492,250426_160338.000000,1,58.49977111816406,8.86469841003418,8.399999618530273,22.0,0.8299999833106995,11,137.0399932861328,1,270426_162652.984375,-1.9964821338653564,3.4404165744781494,0.0030297935009002686,0.061663918197155,0.032787151634693146,-0.0028890189714729786,-0.0001547406573081389,0.0008995959651656449,0.0011610359651967883,6.672641575278249e-06,24.0
2026-04-27T17:30:12.334597,250426_160346.000000,1,58.49977111816406,8.86594009399414,7.400000095367432,40.279998779296875,0.8899999856948853,10,137.0399932861328,1,270426_162652.984375,-1.9999494552612305,3.4373159408569336,0.0019522305810824037,0.03909752890467644,0.03234419599175453,0.0001850510889198631,0.0001780316815711558,-0.0019352686358615756,0.001146996975876391,6.763624242012156e-06,24.0
2026-04-27T17:30:15.959708,250426_160347.015625,1,58.49977111816406,8.866131782531738,7.5,40.91999816894531,0.8899999856948853,10,137.0399932861328,1,270426_162708.000000,-1.985270380973816,3.4442875385284424,0.00332314963452518,0.10220237821340561,0.035566285252571106,0.0007151616155169904,-0.000977944815531373,-0.0030944289173930883,0.0010240009287372231,6.718956228723982e-06,26.0
2026-04-27T17:30:15.961043,250426_160347.015625,1,58.49977111816406,8.866131782531738,7.5,40.91999816894531,0.8899999856948853,10,137.0399932861328,1,270426_162708.000000,-1.985270380973816,3.4442875385284424,0.00332314963452518,0.10220237821340561,0.035566285252571106,0.0007151616155169904,-0.000977944815531373,-0.0030944289173930883,0.0010240009287372231,6.718956228723982e-06,26.0
2026-04-27T17:30:15.962565,250426_160347.015625,1,58.49977111816406,8.866131782531738,7.5,40.91999816894531,0.8899999856948853,10,137.0399932861328,1,270426_162708.000000,-1.985270380973816,3.4442875385284424,0.00332314963452518,0.10220237821340561,0.035566285252571106,0.0007151616155169904,-0.000977944815531373,-0.0030944289173930883,0.0010240009287372231,6.718956228723982e-06,26.0
2026-04-27T17:30:19.076079,250426_160355.015625,1,58.499610900878906,8.867804527282715,5.699999809265137,41.81999969482422,1.2300000190734863,9,137.0399932861328,1,270426_162708.000000,-1.979112982749939,3.4470551013946533,0.0027167322114109993,0.07222354412078857,0.03526999056339264,0.00018601867486722767,0.002667701803147793,-0.0004789551312569529,0.0010558748617768288,6.56896190776024e-06,28.0
2026-04-27T17:30:22.046496,250426_160356.000000,1,58.49958038330078,8.868005752563477,5.099999904632568,41.90999984741211,1.2300000190734863,9,137.0399932861328,1,270426_162708.000000,-1.9730210304260254,3.448153257369995,0.0019948771223425865,0.06029102951288223,0.035739779472351074,8.537302346667275e-05,-0.0019565823022276163,-0.0003795163647737354,0.0010526060359552503,6.574914550583344e-06,27.0
2026-04-27T17:30:25.121033,250426_160404.000000,1,58.499210357666016,8.869373321533203,3.799999952316284,40.529998779296875,1.2300000190734863,9,137.0399932861328,1,270426_162708.000000,-1.9758412837982178,3.4498932361602783,0.00328777264803648,0.046769510954618454,0.04005312919616699,0.0005836552591063082,-0.003140040673315525,-0.0007803466869518161,0.0010309809586033225,7.485296009690501e-06,23.0
2026-04-27T17:30:28.194920,250426_160404.984375,1,58.499149322509766,8.869527816772461,3.4000000953674316,38.869998931884766,1.2300000190734863,9,137.0399932861328,1,270426_162708.000000,-1.9697006940841675,3.457418203353882,0.005032361019402742,0.15322385728359222,0.04208775982260704,-0.0018113763071596622,-0.004694212693721056,-8.911237819120288e-05,0.0011249661911278963,7.755526894470677e-06,23.0
2026-04-27T17:30:28.195298,250426_160404.984375,1,58.499149322509766,8.869527816772461,3.4000000953674316,38.869998931884766,1.2300000190734863,9,137.0399932861328,1,270426_162708.000000,-1.9697006940841675,3.457418203353882,0.005032361019402742,0.15322385728359222,0.04208775982260704,-0.0018113763071596622,-0.004694212693721056,-8.911237819120288e-05,0.0011249661911278963,7.755526894470677e-06,23.0
2026-04-27T17:30:28.195510,250426_160404.984375,1,58.499149322509766,8.869527816772461,3.4000000953674316,38.869998931884766,1.2300000190734863,9,137.0399932861328,1,270426_162708.000000,-1.9697006940841675,3.457418203353882,0.005032361019402742,0.15322385728359222,0.04208775982260704,-0.0018113763071596622,-0.004694212693721056,-8.911237819120288e-05,0.0011249661911278963,7.755526894470677e-06,23.0
2026-04-27T17:30:28.201291,250426_160404.984375,1,58.499149322509766,8.869527816772461,3.4000000953674316,38.869998931884766,1.2300000190734863,9,137.0399932861328,1,270426_162708.000000,-1.9697006940841675,3.457418203353882,0.005032361019402742,0.15322385728359222,0.04208775982260704,-0.0018113763071596622,-0.004694212693721056,-8.911237819120288e-05,0.0011249661911278963,7.755526894470677e-06,23.0
2026-04-27T17:30:31.160412,250426_160412.984375,1,58.49890899658203,8.870630264282227,3.5,26.600000381469727,0.8799999952316284,10,137.0399932861328,1,270426_162723.015625,-1.9840797185897827,3.4631776809692383,0.003819346660748124,0.1440403163433075,0.047289956361055374,-0.0033561387099325657,-0.0015996090369299054,0.0008746387902647257,0.0012050755321979523,8.180932127288543e-06,25.0
2026-04-27T17:30:34.236297,250426_160414.000000,1,58.4988899230957,8.870757102966309,3.4000000953674316,26.719999313354492,0.8799999952316284,10,137.0399932861328,1,270426_162723.015625,-1.982102870941162,3.4664111137390137,0.00463498942553997,0.06866103410720825,0.05253041163086891,0.0016467288369312882,0.004322655498981476,-0.0002933588402811438,0.0012478966964408755,9.606713319953997e-06,21.0
2026-04-27T17:30:37.430789,250426_160422.000000,1,58.4987907409668,8.871871948242188,3.0999999046325684,29.770000457763672,0.8700000047683716,10,137.0399932861328,1,270426_162723.015625,-1.9764974117279053,3.471747636795044,0.003414561040699482,0.07350198179483414,0.052254315465688705,-0.0011192435631528497,0.0011917324736714363,-0.002997715026140213,0.0012801997363567352,9.650691936258227e-06,22.0
2026-04-27T17:30:37.432952,250426_160422.000000,1,58.4987907409668,8.871871948242188,3.0999999046325684,29.770000457763672,0.8700000047683716,10,137.0399932861328,1,270426_162723.015625,-1.9764974117279053,3.471747636795044,0.003414561040699482,0.07350198179483414,0.052254315465688705,-0.0011192435631528497,0.0011917324736714363,-0.002997715026140213,0.0012801997363567352,9.650691936258227e-06,22.0
2026-04-27T17:30:40.519772,250426_160440.984375,1,58.49837875366211,8.874591827392578,-2.700000047683716,31.719999313354492,0.9300000071525574,10,137.0399932861328,1,270426_162723.015625,-1.9705246686935425,3.4698548316955566,0.0012120375176891685,0.06317435204982758,0.049973368644714355,-0.000309755647322163,-0.0008559322450309992,0.0008002914837561548,0.0012585398508235812,8.887057447282132e-06,24.0
2026-04-27T17:30:43.346986,250426_160448.984375,1,58.49837112426758,8.87578010559082,-3.4000000953674316,38.75,0.8299999833106995,11,137.0399932861328,1,270426_162723.015625,-1.9677088260650635,3.472310781478882,0.004050123505294323,0.059544578194618225,0.04929940029978752,0.0004138445947319269,-0.0034456311259418726,-0.0020880273077636957,0.0012173799332231283,8.743340004002675e-06,22.0
2026-04-27T17:30:46.461579,250426_160456.984375,1,58.49872970581055,8.876994132995605,-1.5,26.1200008392334,0.8299999833106995,11,137.0399932861328,1,270426_162723.015625,-1.9561622142791748,3.4780914783477783,0.0010357594583183527,0.06917241215705872,0.04454438388347626,-0.0005259342142380774,-0.00012638932093977928,0.0008832987514324486,0.0011524021392688155,7.750575605314225e-06,22.0
2026-04-27T17:30:49.539624,250426_160458.000000,1,58.498741149902344,8.877120018005371,-1.399999976158142,26.780000686645508,0.8299999833106995,11,137.0399932861328,1,270426_162723.015625,-1.9449803829193115,3.482975959777832,0.002241697860881686,0.03517487645149231,0.03506023809313774,0.0006967617082409561,0.0015333301853388548,0.0014794024173170328,0.0009129042155109346,6.457715244323481e-06,22.0
2026-04-27T17:30:53.041312,250426_160506.000000,1,58.49909973144531,8.87739372253418,-1.7000000476837158,22.8799991607666,0.9300000071525574,10,137.0399932861328,1,270426_162723.015625,-1.9382174015045166,3.486865997314453,0.002724243327975273,0.03030516766011715,0.03730141744017601,0.0018051904626190662,0.0013161404058337212,-0.0015590261900797486,0.0009329103049822152,6.959313395782374e-06,20.0
2026-04-27T17:30:53.043813,250426_160506.000000,1,58.49909973144531,8.87739372253418,-1.7000000476837158,22.8799991607666,0.9300000071525574,10,137.0399932861328,1,270426_162723.015625,-1.9382174015045166,3.486865997314453,0.002724243327975273,0.03030516766011715,0.03730141744017601,0.0018051904626190662,0.0013161404058337212,-0.0015590261900797486,0.0009329103049822152,6.959313395782374e-06,20.0
2026-04-27T17:30:53.044157,250426_160506.000000,1,58.49909973144531,8.87739372253418,-1.7000000476837158,22.8799991607666,0.9300000071525574,10,137.0399932861328,1,270426_162723.015625,-1.9382174015045166,3.486865997314453,0.002724243327975273,0.03030516766011715,0.03730141744017601,0.0018051904626190662,0.0013161404058337212,-0.0015590261900797486,0.0009329103049822152,6.959313395782374e-06,20.0
2026-04-27T17:30:53.044415,250426_160506.000000,1,58.49909973144531,8.87739372253418,-1.7000000476837158,22.8799991607666,0.9300000071525574,10,137.0399932861328,1,270426_162723.015625,-1.9382174015045166,3.486865997314453,0.002724243327975273,0.03030516766011715,0.03730141744017601,0.0018051904626190662,0.0013161404058337212,-0.0015590261900797486,0.0009329103049822152,6.959313395782374e-06,20.0
2026-04-27T17:30:53.045948,250426_160506.000000,1,58.49909973144531,8.87739372253418,-1.7000000476837158,22.8799991607666,0.9300000071525574,10,137.0399932861328,1,270426_162723.015625,-1.9382174015045166,3.486865997314453,0.002724243327975273,0.03030516766011715,0.03730141744017601,0.0018051904626190662,0.0013161404058337212,-0.0015590261900797486,0.0009329103049822152,6.959313395782374e-06,20.0
2026-04-27T17:30:53.114640,250426_160506.000000,1,58.49909973144531,8.87739372253418,-1.7000000476837158,22.8799991607666,0.9300000071525574,10,137.0399932861328,1,270426_162723.015625,-1.9382174015045166,3.486865997314453,0.002724243327975273,0.03030516766011715,0.03730141744017601,0.0018051904626190662,0.0013161404058337212,-0.0015590261900797486,0.0009329103049822152,6.959313395782374e-06,20.0
2026-04-27T17:30:56.034798,250426_160507.015625,1,58.499149322509766,8.877172470092773,-1.399999976158142,32.220001220703125,0.9300000071525574,10,137.0399932861328,1,270426_162723.015625,-1.9582607746124268,3.4836974143981934,0.006049549672752619,0.19370873272418976,0.04898768290877342,0.003148858668282628,-0.005141785833984613,-0.0004937411285936832,0.0013059935299679637,9.46609452512348e-06,20.0
2026-04-27T17:30:56.038376,250426_160507.015625,1,58.499149322509766,8.877172470092773,-1.399999976158142,32.220001220703125,0.9300000071525574,10,137.0399932861328,1,270426_162723.015625,-1.9582607746124268,3.4836974143981934,0.006049549672752619,0.19370873272418976,0.04898768290877342,0.003148858668282628,-0.005141785833984613,-0.0004937411285936832,0.0013059935299679637,9.46609452512348e-06,20.0
2026-04-27T17:30:59.524481,250426_160516.000000,1,58.49980163574219,8.87539005279541,-2.0,57.2400016784668,0.9300000071525574,10,137.0399932861328,1,270426_162723.015625,-1.9476364850997925,3.4851229190826416,0.0008000977104529738,0.0562935471534729,0.049262989312410355,0.0001372023980366066,0.000785482581704855,-6.594712613150477e-05,0.0013816491700708866,8.998381417768542e-06,18.0
2026-04-27T17:31:02.601142,250426_160524.000000,1,58.50054931640625,8.874014854431152,-2.799999952316284,45.22999954223633,0.9300000071525574,10,137.0399932861328,1,270426_162723.015625,-1.9408009052276611,3.4939496517181396,0.0014669819502159953,0.04078999534249306,0.04926512390375137,0.0003532125847414136,0.0008772588334977627,-0.0011214694241061807,0.0013808257644996047,9.09209393284982e-06,16.0
2026-04-27T17:31:06.098477,250426_160524.984375,1,58.500648498535156,8.873921394348145,-3.0,43.61000061035156,0.9300000071525574,10,137.0399932861328,1,270426_162723.015625,-1.9310777187347412,3.495614528656006,0.001863543875515461,0.03559303283691406,0.04881701245903969,-0.0010913702426478267,0.0013796444982290268,0.0006150511326268315,0.0013810949167236686,8.351554242835846e-06,18.0
2026-04-27T17:31:09.138876,250426_160532.984375,1,58.501190185546875,8.87370777130127,-1.7999999523162842,14.34000015258789,0.8299999833106995,11,137.0399932861328,1,270426_162723.015625,-1.9322943687438965,3.50005841255188,0.0028668646700680256,0.053133074194192886,0.04096606373786926,-0.0019045897061005235,-0.0006416941178031266,-0.002044426742941141,0.0011277380399405956,6.074903467379045e-06,22.0
2026-04-27T17:31:12.844809,250426_160540.984375,1,58.50162887573242,8.873746871948242,1.399999976158142,34.279998779296875,0.8299999833106995,11,137.0399932861328,1,270426_162723.015625,-1.94105064868927,3.494068145751953,0.0026166709139943123,0.09727690368890762,0.04476701468229294,0.0023346689995378256,-0.0004997010692022741,0.001070787780918181,0.0012992547126486897,6.861362635390833e-06,22.0
2026-04-27T17:31:15.939123,250426_160550.000000,1,58.502750396728516,8.874518394470215,11.5,61.0,0.8199999928474426,11,137.0399932861328,1,270426_162723.015625,-1.9524257183074951,3.497253894805908,0.003091698046773672,0.03208650276064873,0.04528789967298508,-0.0006101318867877126,-0.0030308589339256287,-1.5147888916544616e-05,0.0013975754845887423,6.672296422038926e-06,26.0
2026-04-27T17:31:19.018553,250426_160559.015625,1,58.50410079956055,8.874801635742188,18.100000381469727,61.779998779296875,0.8199999928474426,11,137.0399932861328,1,270426_162808.000000,-1.9484609365463257,3.499035596847534,0.001355272950604558,0.0761130303144455,0.047882117331027985,-0.0008605920011177659,0.0007874061702750623,-0.0006900273147039115,0.0014314352301880717,6.967466106289066e-06,28.0
2026-04-27T17:31:22.376008,250426_160608.000000,1,58.505409240722656,8.873978614807129,25.600000381469727,58.5,0.8199999928474426,11,137.0399932861328,1,270426_162808.000000,-1.955113410949707,3.4955668449401855,0.001955930143594742,0.03330010920763016,0.052211012691259384,0.0005845358246006072,0.00014094955986365676,0.0018612128915265203,0.0015504376497119665,7.99185272626346e-06,26.0
2026-04-27T17:31:25.424539,250426_160616.000000,1,58.5064811706543,8.873186111450195,26.399999618530273,56.349998474121094,0.8799999952316284,10,137.0399932861328,1,270426_162808.000000,-1.9513746500015259,3.4906649589538574,0.0016096816398203373,0.03920993208885193,0.052452292293310165,0.0016060032648965716,-0.0001087213822756894,2.90005118586123e-06,0.0015546586364507675,7.836391887394711e-06,28.0
2026-04-27T17:31:28.430543,250426_160616.984375,1,58.50659942626953,8.873065948486328,26.600000381469727,57.349998474121094,0.8700000047683716,10,137.0399932861328,1,270426_162808.000000,-1.9607200622558594,3.4874939918518066,0.0013932085130363703,0.06261962652206421,0.04120972007513046,0.0012142526684328914,0.0003149682888761163,0.0006061478052288294,0.0012555666035041213,5.893045454286039e-06,26.0
2026-04-27T17:31:28.430868,250426_160616.984375,1,58.50659942626953,8.873065948486328,26.600000381469727,57.349998474121094,0.8700000047683716,10,137.0399932861328,1,270426_162808.000000,-1.9607200622558594,3.4874939918518066,0.0013932085130363703,0.06261962652206421,0.04120972007513046,0.0012142526684328914,0.0003149682888761163,0.0006061478052288294,0.0012555666035041213,5.893045454286039e-06,26.0
2026-04-27T17:31:28.431183,250426_160616.984375,1,58.50659942626953,8.873065948486328,26.600000381469727,57.349998474121094,0.8700000047683716,10,137.0399932861328,1,270426_162808.000000,-1.9607200622558594,3.4874939918518066,0.0013932085130363703,0.06261962652206421,0.04120972007513046,0.0012142526684328914,0.0003149682888761163,0.0006061478052288294,0.0012555666035041213,5.893045454286039e-06,26.0
2026-04-27T17:31:28.502931,250426_160616.984375,1,58.50659942626953,8.873065948486328,26.600000381469727,57.349998474121094,0.8700000047683716,10,137.0399932861328,1,270426_162808.000000,-1.9607200622558594,3.4874939918518066,0.0013932085130363703,0.06261962652206421,0.04120972007513046,0.0012142526684328914,0.0003149682888761163,0.0006061478052288294,0.0012555666035041213,5.893045454286039e-06,26.0
2026-04-27T17:31:31.472841,250426_160626.000000,1,58.50749969482422,8.871227264404297,27.799999237060547,61.630001068115234,0.9399999976158142,9,137.0399932861328,1,270426_162808.000000,-1.961917519569397,3.483484983444214,0.0022726799361407757,0.0422852449119091,0.04040227085351944,-0.0009986665099859238,0.0010971080046147108,0.001721654087305069,0.0011522099375724792,5.9633803175529465e-06,28.0
2026-04-27T17:31:34.636289,250426_160635.015625,1,58.507850646972656,8.868606567382812,32.099998474121094,62.38999938964844,0.8600000143051147,10,137.0399932861328,1,270426_162823.015625,-1.9615200757980347,3.488086700439453,0.000731050327885896,0.06045465171337128,0.03913126140832901,0.0005501130945049226,-0.000440670526586473,-0.0001939576177392155,0.00118942279368639,5.688039436790859e-06,25.0
2026-04-27T17:31:37.504091,250426_160644.000000,1,58.50836181640625,8.867058753967285,33.599998474121094,32.02000045776367,0.8199999928474426,11,137.0399932861328,1,270426_162823.015625,-1.9576936960220337,3.4898972511291504,0.0010810905368998647,0.02995237521827221,0.03093680366873741,-0.0002850205928552896,-0.0010037010069936514,-0.0002830267767421901,0.0010397350415587425,4.9775994739320595e-06,27.0
2026-04-27T17:31:40.585126,250426_160644.984375,1,58.50846862792969,8.867094993591309,33.70000076293945,36.27000045776367,0.8199999928474426,11,137.0399932861328,1,270426_162836.984375,-1.9550931453704834,3.4933016300201416,0.0021014113444834948,0.029312005266547203,0.03109486773610115,-0.0017330751288682222,-0.0007080062059685588,-0.0009545196662656963,0.0010313182137906551,5.315042926667957e-06,25.0
2026-04-27T17:31:43.656903,250426_160702.000000,1,58.51066970825195,8.866415023803711,31.600000381469727,27.280000686645508,1.8799999952316284,7,137.0399932861328,1,270426_162836.984375,-1.9742541313171387,3.5065133571624756,0.0021755124907940626,0.0753079280257225,0.06492429226636887,-0.0016125640831887722,0.0010980278020724654,-0.0009627183899283409,0.002234873129054904,1.194111791846808e-05,23.0
2026-04-27T17:31:46.738668,250426_160703.015625,1,58.51068115234375,8.866304397583008,31.799999237060547,22.100000381469727,1.4299999475479126,8,137.0399932861328,1,270426_162836.984375,-1.9620611667633057,3.5005393028259277,0.0034990382846444845,0.07130524516105652,0.0651625320315361,-1.6102778317872435e-05,0.0033256462775170803,-0.0010876975720748305,0.00221453420817852,1.172165048046736e-05,19.0
2026-04-27T17:31:50.115460,250426_160711.015625,1,58.51007080078125,8.865571975708008,30.600000381469727,46.5099983215332,0.8700000047683716,10,137.0399932861328,1,270426_162836.984375,-1.9687540531158447,3.502490758895874,0.0006823277217335999,0.013585703447461128,0.06554447114467621,-0.00026692505343817174,0.0005561825237236917,0.00029151872149668634,0.0022132580634206533,1.1820700819953345e-05,21.0
2026-04-27T17:31:53.193648,250426_160712.000000,1,58.50994110107422,8.865496635437012,30.399999618530273,49.29999923706055,0.8799999952316284,10,137.0399932861328,1,270426_162836.984375,-1.9788461923599243,3.4958889484405518,0.0018076860578730702,0.03856397420167923,0.06608881056308746,0.0006017028354108334,0.0011569298803806305,-0.001251877169124782,0.0021880611311644316,1.2177871212770697e-05,15.0
2026-04-27T17:31:56.273773,250426_160720.984375,1,58.508750915527344,8.864706039428711,26.600000381469727,56.68000030517578,0.9700000882148743,9,137.0399932861328,1,270426_162852.000000,-1.9773576259613037,3.493032217025757,0.0038970003370195627,0.05678953975439072,0.033718813210725784,0.0014602215960621834,0.0004455164889805019,0.003585509955883026,0.0009917353745549917,5.394305844674818e-06,17.0
2026-04-27T17:31:59.354454,250426_160728.984375,1,58.507720947265625,8.863862991333008,27.299999237060547,55.11000061035156,1.0499999523162842,8,137.0399932861328,1,270426_162852.000000,-1.9826353788375854,3.4881527423858643,0.002796316519379616,0.020264334976673126,0.03612885624170303,0.0004350801755208522,-0.0027565702330321074,0.0001772312680259347,0.001015711110085249,5.662878265866311e-06,21.0
2026-04-27T17:32:02.580157,250426_160738.000000,1,58.50666046142578,8.862854957580566,26.799999237060547,51.119998931884766,0.949999988079071,9,137.0399932861328,1,270426_162852.000000,-1.975945234298706,3.4851298332214355,0.0022712652571499348,0.08124890923500061,0.03658236563205719,0.0002835539635270834,0.0017122154822573066,-0.0014651145320385695,0.0009831552160903811,5.694510946341325e-06,21.0
2026-04-27T17:32:05.571522,250426_160739.015625,1,58.50653839111328,8.862763404846191,26.700000762939453,48.689998626708984,0.9599999189376831,9,137.0399932861328,1,270426_162852.000000,-1.9797921180725098,3.482607364654541,0.0021914932876825333,0.0727892592549324,0.03570687025785446,0.0009847076144069433,-0.001388551783747971,-0.0013801876921206713,0.0008613390382379293,5.3258136176737025e-06,22.0
2026-04-27T17:32:08.578822,250426_160747.015625,1,58.5059814453125,8.862105369567871,26.0,25.260000228881836,0.8799999952316284,10,137.0399932861328,1,270426_162852.000000,-1.9781564474105835,3.475008726119995,0.0010704424930736423,0.03906663507223129,0.0348953902721405,-0.000640266458503902,0.0008337113540619612,0.00020206806948408484,0.0009069819934666157,5.078358753962675e-06,28.0
2026-04-27T17:32:11.616884,250426_160756.000000,1,58.50598907470703,8.860456466674805,25.899999618530273,44.189998626708984,0.8399999737739563,11,137.0399932861328,1,270426_162907.015625,-1.9782378673553467,3.4708049297332764,0.000882377615198493,0.049036528915166855,0.03834632784128189,0.0004902580403722823,0.0007047042017802596,-0.000204032490728423,0.0009398536058142781,5.5981031437113415e-06,32.0
2026-04-27T17:32:14.889444,250426_160804.000000,1,58.50524139404297,8.859207153320312,20.0,53.939998626708984,0.8399999737739563,11,210.57000732421875,1,270426_162907.015625,-1.969064474105835,3.4775125980377197,0.0022245480213314295,0.06822893023490906,0.036532603204250336,-0.00207373290322721,0.0007888146792538464,-0.00016130258154589683,0.0009170587291009724,5.396130291046575e-06,28.0
2026-04-27T17:32:14.889927,250426_160804.000000,1,58.50524139404297,8.859207153320312,20.0,53.939998626708984,0.8399999737739563,11,210.57000732421875,1,270426_162907.015625,-1.969064474105835,3.4775125980377197,0.0022245480213314295,0.06822893023490906,0.036532603204250336,-0.00207373290322721,0.0007888146792538464,-0.00016130258154589683,0.0009170587291009724,5.396130291046575e-06,28.0
2026-04-27T17:32:14.890309,250426_160804.000000,1,58.50524139404297,8.859207153320312,20.0,53.939998626708984,0.8399999737739563,11,210.57000732421875,1,270426_162907.015625,-1.969064474105835,3.4775125980377197,0.0022245480213314295,0.06822893023490906,0.036532603204250336,-0.00207373290322721,0.0007888146792538464,-0.00016130258154589683,0.0009170587291009724,5.396130291046575e-06,28.0
2026-04-27T17:32:14.893355,250426_160804.000000,1,58.50524139404297,8.859207153320312,20.0,53.939998626708984,0.8399999737739563,11,210.57000732421875,1,270426_162907.015625,-1.969064474105835,3.4775125980377197,0.0022245480213314295,0.06822893023490906,0.036532603204250336,-0.00207373290322721,0.0007888146792538464,-0.00016130258154589683,0.0009170587291009724,5.396130291046575e-06,28.0
2026-04-27T17:32:17.756438,250426_160804.984375,1,58.50511932373047,8.859075546264648,19.700000762939453,52.91999816894531,0.8199999928474426,11,210.57000732421875,1,270426_162907.015625,-1.9655808210372925,3.4833643436431885,0.0047070798464119434,0.09639208763837814,0.04126434028148651,-0.0012360060354694724,0.004219415131956339,0.0016808999935165048,0.0012560142204165459,6.522719559143297e-06,28.0
2026-04-27T17:32:20.732882,250426_160812.984375,1,58.50421905517578,8.858197212219238,19.299999237060547,49.040000915527344,0.8199999928474426,11,210.57000732421875,1,270426_162907.015625,-1.9671595096588135,3.4889135360717773,0.0018983769696205854,0.041027795523405075,0.04049103334546089,-0.0015316210919991136,0.000865037611220032,-0.0007139197550714016,0.0012552852276712656,6.440896413550945e-06,28.0
2026-04-27T17:32:24.013450,250426_160822.000000,1,58.50386047363281,8.856395721435547,17.600000381469727,50.41999816894531,0.8199999928474426,11,210.57000732421875,1,270426_162908.000000,-1.9704972505569458,3.4906938076019287,0.001412342069670558,0.10275954753160477,0.04244061931967735,-0.0009908882202580571,0.0009357841336168349,-0.000370349531294778,0.0012546840589493513,6.753893103450537e-06,26.0
2026-04-27T17:32:27.217809,250426_160831.015625,1,58.50389099121094,8.8543701171875,20.399999618530273,47.599998474121094,1.0499999523162842,9,210.57000732421875,1,270426_162908.000000,-1.9835150241851807,3.4873297214508057,0.001187971793115139,0.06971284002065659,0.03869989141821861,0.0007088879938237369,0.0008262575138360262,0.00047545068082399666,0.0013107862323522568,6.918859526194865e-06,26.0
2026-04-27T17:32:30.162041,250426_160832.000000,1,58.50389099121094,8.854145050048828,21.200000762939453,46.11000061035156,0.8199999928474426,11,210.57000732421875,1,270426_162908.000000,-1.9828789234161377,3.4839224815368652,0.001557595911435783,0.04779690504074097,0.03719495236873627,0.00015138955495785922,0.00025114670279435813,-0.0015297422651201487,0.0011224184418097138,6.6878460529551376e-06,28.0
2026-04-27T17:32:33.648526,250426_160840.000000,1,58.50325012207031,8.853203773498535,25.799999237060547,47.29999923706055,0.8199999928474426,11,210.57000732421875,1,270426_162922.000000,-1.9971455335617065,3.487743377685547,0.0022287031169980764,0.07573166489601135,0.037363119423389435,-0.0020381684880703688,0.0007774991099722683,-0.0004565980634652078,0.001033635693602264,6.707485226797871e-06,27.0
2026-04-27T17:32:36.692473,250426_160848.984375,1,58.50218963623047,8.85340404510498,30.5,46.5,0.8399999737739563,11,210.57000732421875,1,270426_162922.000000,-1.9981176853179932,3.485055923461914,0.0024326134007424116,0.01855308562517166,0.039347197860479355,0.00038552097976207733,0.002401667879894376,3.120038309134543e-05,0.0010727735934779048,7.0344062805816066e-06,31.0
2026-04-27T17:32:39.774406,250426_160850.000000,1,58.502079010009766,8.853315353393555,31.100000381469727,49.75,0.8700000047683716,10,210.57000732421875,1,270426_162922.000000,-1.996609091758728,3.4890475273132324,0.0033585100900381804,0.08458740264177322,0.03884204849600792,0.0005370210274122655,-0.0032662288285791874,-0.0005682848859578371,0.0010437836172059178,6.968420166231226e-06,31.0
2026-04-27T17:32:42.731710,250426_160856.984375,1,58.50127029418945,8.852639198303223,35.099998474121094,49.75,0.8999999761581421,10,210.57000732421875,1,270426_162922.000000,-1.9951916933059692,3.4848697185516357,0.0027191953267902136,0.055227212607860565,0.03779049590229988,-0.00217491015791893,0.0016186803113669157,0.00020895908528473228,0.0009358202805742621,5.880303888261551e-06,25.0
2026-04-27T17:32:45.847153,250426_160858.000000,1,58.501129150390625,8.852636337280273,35.70000076293945,53.709999084472656,0.8700000047683716,10,210.57000732421875,1,270426_162922.000000,-2.0028085708618164,3.488879919052124,0.004089699126780033,0.056421514600515366,0.03688162565231323,-0.002056220779195428,0.0019715868402272463,0.0029343552887439728,0.0009568811510689557,5.892099579796195e-06,25.0
2026-04-27T17:32:48.878666,250426_160859.015625,1,58.500999450683594,8.852675437927246,36.29999923706055,52.59000015258789,0.8799999952316284,10,210.57000732421875,1,270426_162936.984375,-1.9968914985656738,3.4852283000946045,0.004038674756884575,0.05203993245959282,0.03880695626139641,-0.001794417854398489,0.00041423679795116186,-0.003594352398067713,0.001075126463547349,6.217218015081016e-06,22.0
2026-04-27T17:32:51.957638,250426_160907.015625,1,58.49998092651367,8.852883338928223,39.5,49.02000045776367,0.8799999952316284,10,210.57000732421875,1,270426_162936.984375,-1.9936240911483765,3.482973337173462,0.0027035425882786512,0.06991317123174667,0.037030164152383804,0.0004965014522895217,0.002268125768750906,-0.001385003561154008,0.0010373862460255623,5.720330591429956e-06,20.0
2026-04-27T17:32:51.957926,250426_160907.015625,1,58.49998092651367,8.852883338928223,39.5,49.02000045776367,0.8799999952316284,10,210.57000732421875,1,270426_162936.984375,-1.9936240911483765,3.482973337173462,0.0027035425882786512,0.06991317123174667,0.037030164152383804,0.0004965014522895217,0.002268125768750906,-0.001385003561154008,0.0010373862460255623,5.720330591429956e-06,20.0
2026-04-27T17:32:51.958153,250426_160907.015625,1,58.49998092651367,8.852883338928223,39.5,49.02000045776367,0.8799999952316284,10,210.57000732421875,1,270426_162936.984375,-1.9936240911483765,3.482973337173462,0.0027035425882786512,0.06991317123174667,0.037030164152383804,0.0004965014522895217,0.002268125768750906,-0.001385003561154008,0.0010373862460255623,5.720330591429956e-06,20.0
2026-04-27T17:32:51.960232,250426_160907.015625,1,58.49998092651367,8.852883338928223,39.5,49.02000045776367,0.8799999952316284,10,210.57000732421875,1,270426_162936.984375,-1.9936240911483765,3.482973337173462,0.0027035425882786512,0.06991317123174667,0.037030164152383804,0.0004965014522895217,0.002268125768750906,-0.001385003561154008,0.0010373862460255623,5.720330591429956e-06,20.0
2026-04-27T17:32:54.938519,250426_160908.000000,1,58.49987030029297,8.852801322937012,39.400001525878906,50.58000183105469,0.8799999952316284,10,210.57000732421875,1,270426_162936.984375,-1.988366961479187,3.479276418685913,0.0023697991855442524,0.11657615751028061,0.03923723101615906,0.0013554154429584742,-0.0011334004811942577,0.0015793036436662078,0.0012883731396868825,6.4930713961075526e-06,22.0
2026-04-27T17:32:58.017373,250426_160916.000000,1,58.49898910522461,8.851913452148438,38.5,47.63999938964844,0.8399999737739563,11,210.57000732421875,1,270426_162936.984375,-1.985296368598938,3.482541799545288,0.0018214276060461998,0.02643756754696369,0.03834521770477295,0.0013748983619734645,0.0005541321006603539,-0.001058390480466187,0.0012863605516031384,6.703109193040291e-06,24.0
2026-04-27T17:33:01.060182,250426_160916.984375,1,58.498878479003906,8.851835250854492,38.599998474121094,47.63999938964844,0.8199999928474426,11,210.57000732421875,1,270426_162936.984375,-1.9902935028076172,3.484203577041626,0.001436899765394628,0.04482207074761391,0.03538251668214798,-9.352430060971528e-05,-0.00023401832731906325,-0.0014146271860226989,0.0012430599890649319,5.967264314676868e-06,22.0
2026-04-27T17:33:04.041008,250426_160924.984375,1,58.49795150756836,8.851995468139648,34.900001525878906,45.279998779296875,0.8399999737739563,11,210.57000732421875,1,270426_162952.000000,-2.0149173736572266,3.494804859161377,0.003635755507275462,0.024025529623031616,0.038920868188142776,-4.734787216875702e-05,-0.0011069464962929487,-0.0034628233406692743,0.0014917475637048483,8.295590305351652e-06,24.0
2026-04-27T17:33:07.132836,250426_160934.000000,1,58.4969482421875,8.852192878723145,32.099998474121094,37.11000061035156,0.8399999737739563,11,210.57000732421875,1,270426_162952.000000,-2.0076398849487305,3.4942870140075684,0.00392103660851717,0.012613764964044094,0.03912718966603279,0.0005738543695770204,0.0038047253619879484,0.0007545123808085918,0.0015279949875548482,8.696490112924948e-06,24.0
2026-04-27T17:33:10.183218,250426_160935.015625,1,58.49686050415039,8.852167129516602,31.700000762939453,37.220001220703125,0.8199999928474426,11,210.57000732421875,1,270426_163006.000000,-2.0086820125579834,3.4845802783966064,0.0016547326231375337,0.05281566083431244,0.03928760811686516,0.0008146580075845122,0.00018443379667587578,0.0014284454518929124,0.0014518486568704247,9.087808393815067e-06,22.0
2026-04-27T17:33:13.245946,250426_160943.015625,1,58.496150970458984,8.850763320922852,29.799999237060547,57.93000030517578,0.8700000047683716,10,210.57000732421875,1,270426_163006.000000,-2.0012125968933105,3.480510711669922,0.0019795859698206186,0.04400935024023056,0.037330739200115204,0.0012214038288220763,0.0010257756803184748,0.00117248366586864,0.0012572465930134058,8.123121006065048e-06,22.0
2026-04-27T17:33:16.340569,250426_160952.000000,1,58.49542999267578,8.84861946105957,25.100000381469727,57.22999954223633,0.9300000071525574,9,210.57000732421875,1,270426_163006.000000,-2.00191593170166,3.4737536907196045,0.003108956152573228,0.07432013750076294,0.03752686455845833,0.0008802301017567515,0.0015200978377833962,-0.002565171802416444,0.001220449572429061,8.251045073848218e-06,24.0
2026-04-27T17:33:19.840599,250426_161000.984375,1,58.4948616027832,8.84682846069336,20.899999618530273,35.20000076293945,0.8899999856948853,9,210.57000732421875,1,270426_163006.000000,-1.9856959581375122,3.4663782119750977,0.0013505361275747418,0.019458461552858353,0.03249295800924301,0.00011382597585907206,-0.0009071019594557583,-0.0009940611198544502,0.0009745269198901951,6.510179900942603e-06,20.0
2026-04-27T17:33:22.784680,250426_161002.000000,1,58.49481964111328,8.84666919708252,20.600000381469727,37.88999938964844,0.9200000166893005,9,210.57000732421875,1,270426_163006.000000,-1.979555606842041,3.46463680267334,0.00271827750839293,0.1254163682460785,0.04153814911842346,0.0003534869756549597,0.002246457152068615,0.0014891305472701788,0.0010036188177764416,6.420324098144192e-06,24.0
2026-04-27T17:33:22.785083,250426_161002.000000,1,58.49481964111328,8.84666919708252,20.600000381469727,37.88999938964844,0.9200000166893005,9,210.57000732421875,1,270426_163006.000000,-1.979555606842041,3.46463680267334,0.00271827750839293,0.1254163682460785,0.04153814911842346,0.0003534869756549597,0.002246457152068615,0.0014891305472701788,0.0010036188177764416,6.420324098144192e-06,24.0
2026-04-27T17:33:22.785363,250426_161002.000000,1,58.49481964111328,8.84666919708252,20.600000381469727,37.88999938964844,0.9200000166893005,9,210.57000732421875,1,270426_163006.000000,-1.979555606842041,3.46463680267334,0.00271827750839293,0.1254163682460785,0.04153814911842346,0.0003534869756549597,0.002246457152068615,0.0014891305472701788,0.0010036188177764416,6.420324098144192e-06,24.0
2026-04-27T17:33:22.795828,250426_161002.000000,1,58.49481964111328,8.84666919708252,20.600000381469727,37.88999938964844,0.9200000166893005,9,210.57000732421875,1,270426_163006.000000,-1.979555606842041,3.46463680267334,0.00271827750839293,0.1254163682460785,0.04153814911842346,0.0003534869756549597,0.002246457152068615,0.0014891305472701788,0.0010036188177764416,6.420324098144192e-06,24.0
2026-04-27T17:33:26.490293,250426_161011.015625,1,58.49419021606445,8.844951629638672,18.100000381469727,50.02000045776367,0.8399999737739563,11,210.57000732421875,1,270426_163007.015625,-1.975250482559204,3.4576809406280518,0.0024032434448599815,0.07602374255657196,0.044658757746219635,-0.0006801972049288452,0.0022596451453864574,0.0004548774741124362,0.001135398168116808,7.001076028245734e-06,24.0
2026-04-27T17:33:29.527017,250426_161019.015625,1,58.493431091308594,8.84371566772461,16.700000762939453,52.91999816894531,0.8199999928474426,11,210.57000732421875,1,270426_163007.015625,-1.9699103832244873,3.4550814628601074,0.0052838013507425785,0.16809114813804626,0.04773150384426117,-0.000824921706225723,-0.005149179603904486,0.0008508884347975254,0.001216611941345036,7.615888534928672e-06,24.0
2026-04-27T17:33:32.630674,250426_161028.000000,1,58.4923095703125,8.842883110046387,14.5,49.13999938964844,0.8199999928474426,11,210.57000732421875,1,270426_163020.984375,-1.9638384580612183,3.4494268894195557,0.004033033270388842,0.07961269468069077,0.04882798716425896,-0.002030963310971856,0.003410979639738798,0.0007111704908311367,0.001267309533432126,8.12036705610808e-06,24.0
2026-04-27T17:33:32.631359,250426_161028.000000,1,58.4923095703125,8.842883110046387,14.5,49.13999938964844,0.8199999928474426,11,210.57000732421875,1,270426_163020.984375,-1.9638384580612183,3.4494268894195557,0.004033033270388842,0.07961269468069077,0.04882798716425896,-0.002030963310971856,0.003410979639738798,0.0007111704908311367,0.001267309533432126,8.12036705610808e-06,24.0
2026-04-27T17:33:35.611406,250426_161036.984375,1,58.491241455078125,8.842193603515625,11.699999809265137,52.2599983215332,0.8199999928474426,11,210.57000732421875,1,270426_163020.984375,-1.9751038551330566,3.4477803707122803,0.0027709859423339367,0.11686759442090988,0.048560746014118195,7.313636888284236e-05,0.002299156039953232,0.0015449580969288945,0.0012607346288859844,8.366823749383911e-06,28.0
2026-04-27T17:33:38.673615,250426_161044.984375,1,58.490360260009766,8.841601371765137,12.300000190734863,41.439998626708984,0.8199999928474426,11,210.57000732421875,1,270426_163020.984375,-1.9655073881149292,3.4557669162750244,0.0025873559061437845,0.04448722302913666,0.043231185525655746,0.00044920368236489594,0.0021274141035974026,0.0014024035772308707,0.0011785234091803432,7.795573765179142e-06,28.0
2026-04-27T17:33:42.237775,250426_161046.000000,1,58.49026870727539,8.841527938842773,12.600000381469727,42.5099983215332,0.8500000238418579,11,210.57000732421875,1,270426_163020.984375,-1.979321002960205,3.4549691677093506,0.0016130415024235845,0.07770583778619766,0.044502418488264084,-0.0008172293892130256,0.0010055243037641048,0.0009607079555280507,0.001172228017821908,8.162752237694804e-06,28.0
2026-04-27T17:33:45.204935,250426_161103.015625,1,58.488590240478516,8.839676856994629,13.199999809265137,52.7400016784668,0.8500000238418579,11,210.57000732421875,1,270426_163020.984375,-1.9819402694702148,3.4509117603302,0.0028202661778777838,0.07244995981454849,0.0445365346968174,-0.0003740672837011516,-0.000661394908092916,-0.00271597714163363,0.0011774091981351376,8.350501047971193e-06,26.0
2026-04-27T17:33:48.686585,250426_161104.000000,1,58.48854064941406,8.839421272277832,13.0,54.9900016784668,0.8500000238418579,11,210.57000732421875,1,270426_163020.984375,-1.9718583822250366,3.4547672271728516,0.000782123941462487,0.03150498867034912,0.043823931366205215,-0.00045344041427597404,2.1324069166439585e-05,0.0006369104376062751,0.001101969974115491,7.6141122917761095e-06,22.0
2026-04-27T17:33:48.686977,250426_161104.000000,1,58.48854064941406,8.839421272277832,13.0,54.9900016784668,0.8500000238418579,11,210.57000732421875,1,270426_163020.984375,-1.9718583822250366,3.4547672271728516,0.000782123941462487,0.03150498867034912,0.043823931366205215,-0.00045344041427597404,2.1324069166439585e-05,0.0006369104376062751,0.001101969974115491,7.6141122917761095e-06,22.0
2026-04-27T17:33:48.687308,250426_161104.000000,1,58.48854064941406,8.839421272277832,13.0,54.9900016784668,0.8500000238418579,11,210.57000732421875,1,270426_163020.984375,-1.9718583822250366,3.4547672271728516,0.000782123941462487,0.03150498867034912,0.043823931366205215,-0.00045344041427597404,2.1324069166439585e-05,0.0006369104376062751,0.001101969974115491,7.6141122917761095e-06,22.0
2026-04-27T17:33:48.721978,250426_161104.000000,1,58.48854064941406,8.839421272277832,13.0,54.9900016784668,0.8500000238418579,11,210.57000732421875,1,270426_163020.984375,-1.9718583822250366,3.4547672271728516,0.000782123941462487,0.03150498867034912,0.043823931366205215,-0.00045344041427597404,2.1324069166439585e-05,0.0006369104376062751,0.001101969974115491,7.6141122917761095e-06,22.0
2026-04-27T17:33:51.783558,250426_161112.000000,1,58.48781967163086,8.838165283203125,17.200000762939453,54.9900016784668,0.8500000238418579,11,210.57000732421875,1,270426_163020.984375,-1.9815928936004639,3.4529764652252197,0.0030636850278824568,0.14855024218559265,0.04652637615799904,-0.001424799207597971,-0.002353876130655408,0.001347360317595303,0.001160553190857172,8.02970680524595e-06,20.0
2026-04-27T17:33:55.222546,250426_161112.984375,1,58.487709045410156,8.838106155395508,17.600000381469727,46.68000030517578,0.8199999928474426,11,210.57000732421875,1,270426_163020.984375,-1.9829782247543335,3.460576057434082,0.004836287349462509,0.1726025938987732,0.04714740440249443,-0.0017821465153247118,0.004438792355358601,-0.0007146717398427427,0.0011609295615926385,8.342815817741212e-06,20.0
2026-04-27T17:33:58.395880,250426_161120.984375,1,58.48674011230469,8.838056564331055,19.799999237060547,43.5,0.8199999928474426,11,210.57000732421875,1,270426_163020.984375,-1.9970048666000366,3.4597065448760986,0.0018021202413365245,0.03760340437293053,0.04422323405742645,-0.00020737864542752504,-0.0016648746095597744,-0.0006578936008736491,0.0012142539490014315,8.238372174673714e-06,24.0
2026-04-27T17:33:58.396167,250426_161120.984375,1,58.48674011230469,8.838056564331055,19.799999237060547,43.5,0.8199999928474426,11,210.57000732421875,1,270426_163020.984375,-1.9970048666000366,3.4597065448760986,0.0018021202413365245,0.03760340437293053,0.04422323405742645,-0.00020737864542752504,-0.0016648746095597744,-0.0006578936008736491,0.0012142539490014315,8.238372174673714e-06,24.0
2026-04-27T17:33:58.396471,250426_161120.984375,1,58.48674011230469,8.838056564331055,19.799999237060547,43.5,0.8199999928474426,11,210.57000732421875,1,270426_163020.984375,-1.9970048666000366,3.4597065448760986,0.0018021202413365245,0.03760340437293053,0.04422323405742645,-0.00020737864542752504,-0.0016648746095597744,-0.0006578936008736491,0.0012142539490014315,8.238372174673714e-06,24.0
2026-04-27T17:33:58.409233,250426_161120.984375,1,58.48674011230469,8.838056564331055,19.799999237060547,43.5,0.8199999928474426,11,210.57000732421875,1,270426_163020.984375,-1.9970048666000366,3.4597065448760986,0.0018021202413365245,0.03760340437293053,0.04422323405742645,-0.00020737864542752504,-0.0016648746095597744,-0.0006578936008736491,0.0012142539490014315,8.238372174673714e-06,24.0
2026-04-27T17:34:01.794530,250426_161130.000000,1,58.48606872558594,8.836801528930664,19.200000762939453,43.56999969482422,0.8199999928474426,11,210.57000732421875,1,270426_163020.984375,-1.985728144645691,3.457744598388672,0.0024794386699795723,0.059734899550676346,0.045333847403526306,-0.0008374915923923254,0.0022992200683802366,-0.00039976421976462007,0.0012014738749712706,8.542990144633222e-06,28.0
2026-04-27T17:34:04.805673,250426_161138.000000,1,58.4852409362793,8.836124420166016,20.899999618530273,46.97999954223633,0.8500000238418579,11,210.57000732421875,1,270426_163020.984375,-1.9902081489562988,3.456780433654785,0.0015569092938676476,0.06257548183202744,0.04521740972995758,-6.428044434869662e-05,0.0007531879818998277,-0.001361081376671791,0.0011665945639833808,8.298336069856305e-06,28.0
2026-04-27T17:34:04.805972,250426_161138.000000,1,58.4852409362793,8.836124420166016,20.899999618530273,46.97999954223633,0.8500000238418579,11,210.57000732421875,1,270426_163020.984375,-1.9902081489562988,3.456780433654785,0.0015569092938676476,0.06257548183202744,0.04521740972995758,-6.428044434869662e-05,0.0007531879818998277,-0.001361081376671791,0.0011665945639833808,8.298336069856305e-06,28.0
2026-04-27T17:34:08.199700,250426_161139.015625,1,58.4851188659668,8.836111068725586,21.200000762939453,47.540000915527344,0.8500000238418579,11,210.57000732421875,1,270426_163020.984375,-1.982876181602478,3.4561846256256104,0.0017055467469617724,0.07144629955291748,0.04125986248254776,-0.0016051738057285547,-0.0003208754351362586,-0.00047890038695186377,0.0011552682844921947,7.555577212770004e-06,28.0
2026-04-27T17:34:11.320408,250426_161148.000000,1,58.48453140258789,8.834614753723145,19.100000381469727,47.810001373291016,0.8500000238418579,11,210.57000732421875,1,270426_163020.984375,-1.968757152557373,3.461223840713501,0.0027385889552533627,0.10774237662553787,0.03427640348672867,0.0014417393831536174,-0.0013328328495845199,0.0019091394497081637,0.0010527836857363582,6.263454451982398e-06,28.0
2026-04-27T17:34:14.798891,250426_161204.984375,1,58.48358917236328,8.831437110900879,10.399999618530273,58.06999969482422,0.8199999928474426,11,210.57000732421875,1,270426_163104.984375,-1.9624963998794556,3.4614157676696777,0.002142158802598715,0.06700468063354492,0.044664736837148666,-0.001367891556583345,-0.0016394612612202764,-0.0001728690549498424,0.0012389743933454156,7.628888852195814e-06,28.0
2026-04-27T17:34:17.879209,250426_161206.000000,1,58.48345947265625,8.831361770629883,9.699999809265137,56.22999954223633,0.8199999928474426,11,210.57000732421875,1,270426_163104.984375,-1.9731522798538208,3.4571659564971924,0.0015170515980571508,0.06979374587535858,0.04656151309609413,-0.0013446020893752575,-0.0003683259419631213,-0.000598186335992068,0.0012864115415140986,7.78454341343604e-06,30.0
2026-04-27T17:34:20.956516,250426_161214.000000,1,58.4824104309082,8.830617904663086,8.199999809265137,57.9900016784668,0.8199999928474426,11,210.57000732421875,1,270426_163119.015625,-1.9846240282058716,3.4559273719787598,0.00211126497015357,0.10437210649251938,0.04794267192482948,-0.000488455465529114,0.0020444344263523817,-0.00019783820607699454,0.0012555639259517193,8.040275133680552e-06,27.0
2026-04-27T17:34:24.013219,250426_161215.015625,1,58.482269287109375,8.830526351928711,9.0,59.95000076293945,0.8500000238418579,11,210.57000732421875,1,270426_163119.015625,-1.986891269683838,3.454864263534546,0.002132692374289036,0.03163910284638405,0.04972056299448013,-0.0003851802903227508,0.002083960920572281,-0.00023899655207060277,0.001303224009461701,8.253994565166067e-06,27.0
2026-04-27T17:34:24.013606,250426_161215.015625,1,58.482269287109375,8.830526351928711,9.0,59.95000076293945,0.8500000238418579,11,210.57000732421875,1,270426_163119.015625,-1.986891269683838,3.454864263534546,0.002132692374289036,0.03163910284638405,0.04972056299448013,-0.0003851802903227508,0.002083960920572281,-0.00023899655207060277,0.001303224009461701,8.253994565166067e-06,27.0
2026-04-27T17:34:24.013957,250426_161215.015625,1,58.482269287109375,8.830526351928711,9.0,59.95000076293945,0.8500000238418579,11,210.57000732421875,1,270426_163119.015625,-1.986891269683838,3.454864263534546,0.002132692374289036,0.03163910284638405,0.04972056299448013,-0.0003851802903227508,0.002083960920572281,-0.00023899655207060277,0.001303224009461701,8.253994565166067e-06,27.0
2026-04-27T17:34:24.014359,250426_161215.015625,1,58.482269287109375,8.830526351928711,9.0,59.95000076293945,0.8500000238418579,11,210.57000732421875,1,270426_163119.015625,-1.986891269683838,3.454864263534546,0.002132692374289036,0.03163910284638405,0.04972056299448013,-0.0003851802903227508,0.002083960920572281,-0.00023899655207060277,0.001303224009461701,8.253994565166067e-06,27.0
2026-04-27T17:34:24.032188,250426_161215.015625,1,58.482269287109375,8.830526351928711,9.0,59.95000076293945,0.8500000238418579,11,210.57000732421875,1,270426_163119.015625,-1.986891269683838,3.454864263534546,0.002132692374289036,0.03163910284638405,0.04972056299448013,-0.0003851802903227508,0.002083960920572281,-0.00023899655207060277,0.001303224009461701,8.253994565166067e-06,27.0
2026-04-27T17:34:27.116301,250426_161223.015625,1,58.48112106323242,8.829866409301758,11.5,59.619998931884766,0.9599999189376831,9,210.57000732421875,1,270426_163119.015625,-1.9767301082611084,3.4492921829223633,0.001324996235780418,0.06571859866380692,0.04958679527044296,-0.0013020054902881384,-2.8299320547375828e-05,0.00024412253696937114,0.0013017007149755955,8.837140740070026e-06,29.0
2026-04-27T17:34:30.567288,250426_161224.000000,1,58.480979919433594,8.829788208007812,11.600000381469727,58.38999938964844,0.9599999189376831,9,210.57000732421875,1,270426_163119.015625,-1.989667296409607,3.4513652324676514,0.0015232214936986566,0.06887161731719971,0.04252877086400986,-0.00011543466098373756,-0.0008709423709660769,0.0012443222803995013,0.0012719060759991407,8.404672371398192e-06,25.0
2026-04-27T17:34:33.644603,250426_161232.984375,1,58.4799690246582,8.828289031982422,12.899999618530273,62.029998779296875,0.9900000095367432,10,210.57000732421875,1,270426_163119.015625,-1.9787014722824097,3.452619791030884,0.00201404164545238,0.04241447523236275,0.038298141211271286,-0.0007995205232873559,0.0010284313466399908,0.0015360531397163868,0.0012211618013679981,7.631131666130386e-06,18.0
2026-04-27T17:34:33.645079,250426_161232.984375,1,58.4799690246582,8.828289031982422,12.899999618530273,62.029998779296875,0.9900000095367432,10,210.57000732421875,1,270426_163119.015625,-1.9787014722824097,3.452619791030884,0.00201404164545238,0.04241447523236275,0.038298141211271286,-0.0007995205232873559,0.0010284313466399908,0.0015360531397163868,0.0012211618013679981,7.631131666130386e-06,18.0
2026-04-27T17:34:33.645412,250426_161232.984375,1,58.4799690246582,8.828289031982422,12.899999618530273,62.029998779296875,0.9900000095367432,10,210.57000732421875,1,270426_163119.015625,-1.9787014722824097,3.452619791030884,0.00201404164545238,0.04241447523236275,0.038298141211271286,-0.0007995205232873559,0.0010284313466399908,0.0015360531397163868,0.0012211618013679981,7.631131666130386e-06,18.0
2026-04-27T17:34:33.741532,250426_161232.984375,1,58.4799690246582,8.828289031982422,12.899999618530273,62.029998779296875,0.9900000095367432,10,210.57000732421875,1,270426_163119.015625,-1.9787014722824097,3.452619791030884,0.00201404164545238,0.04241447523236275,0.038298141211271286,-0.0007995205232873559,0.0010284313466399908,0.0015360531397163868,0.0012211618013679981,7.631131666130386e-06,18.0
2026-04-27T17:34:37.439084,250426_161240.984375,1,58.47916030883789,8.826803207397461,13.699999809265137,52.38999938964844,0.8500000238418579,11,210.57000732421875,1,270426_163134.000000,-1.977413535118103,3.459989309310913,0.0021829225588589907,0.028305185958743095,0.036909740418195724,-0.0015557417646050453,-0.0012110824463889003,0.0009370686020702124,0.001186621142551303,7.266246939252596e-06,22.0
2026-04-27T17:34:40.410021,250426_161242.000000,1,58.47908020019531,8.826620101928711,13.699999809265137,51.369998931884766,0.8199999928474426,11,210.57000732421875,1,270426_163134.000000,-1.974076271057129,3.464005470275879,0.0032938821241259575,0.06871559470891953,0.03689959645271301,-0.0014118541730567813,0.002420087344944477,-0.00173190759960562,0.001106948358938098,6.934618795639835e-06,20.0
2026-04-27T17:34:43.501503,250426_161250.000000,1,58.478519439697266,8.82508659362793,14.5,46.290000915527344,0.9900000095367432,10,210.57000732421875,1,270426_163134.000000,-1.9739435911178589,3.464862823486328,0.0038510141894221306,0.10043080151081085,0.03761336952447891,2.1723410100094043e-05,0.0038060061633586884,-0.0005866463179700077,0.0011681149480864406,7.4948779911210295e-06,18.0
2026-04-27T17:34:46.552904,250426_161251.015625,1,58.47848129272461,8.824906349182129,14.800000190734863,42.06999969482422,0.9900000095367432,10,210.57000732421875,1,270426_163134.000000,-1.9786947965621948,3.4687390327453613,0.0031145073007792234,0.067380391061306,0.03897324576973915,-0.0018672056030482054,0.0020000783260911703,0.0014877450885251164,0.0011089738691225648,7.403843937936472e-06,26.0
2026-04-27T17:34:46.553259,250426_161251.015625,1,58.47848129272461,8.824906349182129,14.800000190734863,42.06999969482422,0.9900000095367432,10,210.57000732421875,1,270426_163134.000000,-1.9786947965621948,3.4687390327453613,0.0031145073007792234,0.067380391061306,0.03897324576973915,-0.0018672056030482054,0.0020000783260911703,0.0014877450885251164,0.0011089738691225648,7.403843937936472e-06,26.0
2026-04-27T17:34:46.553485,250426_161251.015625,1,58.47848129272461,8.824906349182129,14.800000190734863,42.06999969482422,0.9900000095367432,10,210.57000732421875,1,270426_163134.000000,-1.9786947965621948,3.4687390327453613,0.0031145073007792234,0.067380391061306,0.03897324576973915,-0.0018672056030482054,0.0020000783260911703,0.0014877450885251164,0.0011089738691225648,7.403843937936472e-06,26.0
2026-04-27T17:34:46.555347,250426_161251.015625,1,58.47848129272461,8.824906349182129,14.800000190734863,42.06999969482422,0.9900000095367432,10,210.57000732421875,1,270426_163134.000000,-1.9786947965621948,3.4687390327453613,0.0031145073007792234,0.067380391061306,0.03897324576973915,-0.0018672056030482054,0.0020000783260911703,0.0014877450885251164,0.0011089738691225648,7.403843937936472e-06,26.0
2026-04-27T17:34:49.511297,250426_161259.015625,1,58.478111267089844,8.82342529296875,17.200000762939453,42.06999969482422,0.8500000238418579,11,210.57000732421875,1,270426_163134.000000,-1.966424822807312,3.4737753868103027,0.0029693879187107086,0.03471919149160385,0.03997470811009407,-0.0021665222011506557,0.0016512467991560698,0.0011818755883723497,0.001084079616703093,7.670591912756208e-06,28.0
2026-04-27T17:34:52.583418,250426_161300.000000,1,58.47808074951172,8.823193550109863,17.799999237060547,47.02000045776367,0.8199999928474426,11,210.57000732421875,1,270426_163134.000000,-1.9791171550750732,3.470555067062378,0.0007249151240102947,0.02613748423755169,0.044188741594552994,0.0006467028288170695,-0.00023486933787353337,0.00022828445071354508,0.0013339342549443245,8.40261964185629e-06,27.0
2026-04-27T17:34:55.653924,250426_161308.984375,1,58.47808074951172,8.823193550109863,17.799999237060547,58.47999954223633,0.8199999928474426,11,210.57000732421875,1,270426_163134.000000,-1.9721275568008423,3.4717230796813965,0.001963977003470063,0.028873346745967865,0.043678026646375656,-0.0014806997496634722,0.0008211992681026459,-0.0009951710235327482,0.0013392517575994134,8.233078915509395e-06,27.0
2026-04-27T17:34:55.654275,250426_161308.984375,1,58.47808074951172,8.823193550109863,17.799999237060547,58.47999954223633,0.8199999928474426,11,210.57000732421875,1,270426_163134.000000,-1.9721275568008423,3.4717230796813965,0.001963977003470063,0.028873346745967865,0.043678026646375656,-0.0014806997496634722,0.0008211992681026459,-0.0009951710235327482,0.0013392517575994134,8.233078915509395e-06,27.0
2026-04-27T17:34:55.654582,250426_161308.984375,1,58.47808074951172,8.823193550109863,17.799999237060547,58.47999954223633,0.8199999928474426,11,210.57000732421875,1,270426_163134.000000,-1.9721275568008423,3.4717230796813965,0.001963977003470063,0.028873346745967865,0.043678026646375656,-0.0014806997496634722,0.0008211992681026459,-0.0009951710235327482,0.0013392517575994134,8.233078915509395e-06,27.0
2026-04-27T17:34:55.732764,250426_161308.984375,1,58.47808074951172,8.823193550109863,17.799999237060547,58.47999954223633,0.8199999928474426,11,210.57000732421875,1,270426_163134.000000,-1.9721275568008423,3.4717230796813965,0.001963977003470063,0.028873346745967865,0.043678026646375656,-0.0014806997496634722,0.0008211992681026459,-0.0009951710235327482,0.0013392517575994134,8.233078915509395e-06,27.0
2026-04-27T17:34:59.141348,250426_161316.984375,1,58.47877883911133,8.819168090820312,19.0,54.90999984741211,1.0299999713897705,9,210.57000732421875,1,270426_163148.984375,-1.985264539718628,3.470104217529297,0.0017631223890930414,0.046835772693157196,0.046928294003009796,-0.0011548653710633516,-0.0005443930858746171,-0.0012159451143816113,0.0015044152969494462,8.876800166035537e-06,25.0
2026-04-27T17:35:02.125532,250426_161318.000000,1,58.478660583496094,8.818954467773438,19.0,54.189998626708984,1.0299999713897705,9,210.57000732421875,1,270426_163148.984375,-1.9905070066452026,3.4652678966522217,0.0020495071075856686,0.132689967751503,0.05171247199177742,0.0006794475484639406,0.0019199620001018047,0.00022929439728613943,0.0015820774715393782,9.993281310016755e-06,23.0
2026-04-27T17:35:05.302433,250426_161326.000000,1,58.477760314941406,8.817977905273438,18.0,49.0099983215332,0.8500000238418579,11,210.57000732421875,1,270426_163203.015625,-1.9874367713928223,3.463632822036743,0.0022491966374218464,0.0033937888219952583,0.05168097838759422,-8.288472599815577e-05,0.0014284519711509347,-0.0017353793373331428,0.0015795016661286354,9.119349670072552e-06,20.0
2026-04-27T17:35:08.258454,250426_161335.015625,1,58.477439880371094,8.817081451416016,16.299999237060547,32.86000061035156,0.8500000238418579,11,210.57000732421875,1,270426_163203.015625,-1.9851049184799194,3.468883514404297,0.0026198821142315865,0.05728338658809662,0.047014400362968445,0.0012556504225358367,0.0018927662167698145,-0.0013055880554020405,0.0014304369688034058,8.552280633011833e-06,20.0
2026-04-27T17:35:11.323344,250426_161343.015625,1,58.4782600402832,8.815531730651855,16.399999618530273,72.04000091552734,1.5700000524520874,8,318.92999267578125,1,270426_163203.015625,-1.9772121906280518,3.468254566192627,0.001183998421765864,0.012937031686306,0.05056179687380791,0.00016538947238586843,0.0005437716608867049,-0.0010386581998318434,0.0014419077197089791,9.171298188448418e-06,20.0
2026-04-27T17:35:11.323618,250426_161343.015625,1,58.4782600402832,8.815531730651855,16.399999618530273,72.04000091552734,1.5700000524520874,8,318.92999267578125,1,270426_163203.015625,-1.9772121906280518,3.468254566192627,0.001183998421765864,0.012937031686306,0.05056179687380791,0.00016538947238586843,0.0005437716608867049,-0.0010386581998318434,0.0014419077197089791,9.171298188448418e-06,20.0
2026-04-27T17:35:11.323872,250426_161343.015625,1,58.4782600402832,8.815531730651855,16.399999618530273,72.04000091552734,1.5700000524520874,8,318.92999267578125,1,270426_163203.015625,-1.9772121906280518,3.468254566192627,0.001183998421765864,0.012937031686306,0.05056179687380791,0.00016538947238586843,0.0005437716608867049,-0.0010386581998318434,0.0014419077197089791,9.171298188448418e-06,20.0
2026-04-27T17:35:11.341661,250426_161343.015625,1,58.4782600402832,8.815531730651855,16.399999618530273,72.04000091552734,1.5700000524520874,8,318.92999267578125,1,270426_163203.015625,-1.9772121906280518,3.468254566192627,0.001183998421765864,0.012937031686306,0.05056179687380791,0.00016538947238586843,0.0005437716608867049,-0.0010386581998318434,0.0014419077197089791,9.171298188448418e-06,20.0
2026-04-27T17:35:14.925722,250426_161344.000000,1,58.47840881347656,8.815313339233398,16.600000381469727,75.25,1.559999942779541,8,318.92999267578125,1,270426_163204.000000,-1.981220006942749,3.469963312149048,0.0025540676433593035,0.04921466112136841,0.04666510596871376,-0.0002934399526566267,-0.00231857318431139,-0.0010302297305315733,0.0012149051763117313,7.182148237916408e-06,20.0
2026-04-27T17:35:14.926083,250426_161344.000000,1,58.47840881347656,8.815313339233398,16.600000381469727,75.25,1.559999942779541,8,318.92999267578125,1,270426_163204.000000,-1.981220006942749,3.469963312149048,0.0025540676433593035,0.04921466112136841,0.04666510596871376,-0.0002934399526566267,-0.00231857318431139,-0.0010302297305315733,0.0012149051763117313,7.182148237916408e-06,20.0
2026-04-27T17:35:14.926441,250426_161344.000000,1,58.47840881347656,8.815313339233398,16.600000381469727,75.25,1.559999942779541,8,318.92999267578125,1,270426_163204.000000,-1.981220006942749,3.469963312149048,0.0025540676433593035,0.04921466112136841,0.04666510596871376,-0.0002934399526566267,-0.00231857318431139,-0.0010302297305315733,0.0012149051763117313,7.182148237916408e-06,20.0
2026-04-27T17:35:18.024840,250426_161352.000000,1,58.479679107666016,8.813732147216797,18.899999618530273,70.98001098632812,0.8799999952316284,10,318.92999267578125,1,270426_163204.000000,-1.972059726715088,3.4719724655151367,0.0023606435861438513,0.05028282105922699,0.04366537183523178,-0.0008767910767346621,0.0019137953640893102,-0.001068298937752843,0.001215933240018785,6.7989149101777e-06,20.0
2026-04-27T17:35:21.049781,250426_161352.984375,1,58.47983932495117,8.813581466674805,19.200000762939453,69.76000213623047,0.8899999856948853,10,318.92999267578125,1,270426_163218.000000,-1.9730874300003052,3.471012592315674,0.0022391644306480885,0.037406567484140396,0.03879869729280472,0.0020222612656652927,0.0007747581112198532,0.0005692685372196138,0.0011598318815231323,6.617093276872765e-06,22.0
2026-04-27T17:35:21.050009,250426_161352.984375,1,58.47983932495117,8.813581466674805,19.200000762939453,69.76000213623047,0.8899999856948853,10,318.92999267578125,1,270426_163218.000000,-1.9730874300003052,3.471012592315674,0.0022391644306480885,0.037406567484140396,0.03879869729280472,0.0020222612656652927,0.0007747581112198532,0.0005692685372196138,0.0011598318815231323,6.617093276872765e-06,22.0
2026-04-27T17:35:21.050339,250426_161352.984375,1,58.47983932495117,8.813581466674805,19.200000762939453,69.76000213623047,0.8899999856948853,10,318.92999267578125,1,270426_163218.000000,-1.9730874300003052,3.471012592315674,0.0022391644306480885,0.037406567484140396,0.03879869729280472,0.0020222612656652927,0.0007747581112198532,0.0005692685372196138,0.0011598318815231323,6.617093276872765e-06,22.0
2026-04-27T17:35:21.054897,250426_161352.984375,1,58.47983932495117,8.813581466674805,19.200000762939453,69.76000213623047,0.8899999856948853,10,318.92999267578125,1,270426_163218.000000,-1.9730874300003052,3.471012592315674,0.0022391644306480885,0.037406567484140396,0.03879869729280472,0.0020222612656652927,0.0007747581112198532,0.0005692685372196138,0.0011598318815231323,6.617093276872765e-06,22.0
2026-04-27T17:35:24.123003,250426_161400.984375,1,58.48088836669922,8.812776565551758,22.100000381469727,35.70000076293945,0.8899999856948853,10,318.92999267578125,1,270426_163218.000000,-1.96731698513031,3.467724084854126,0.0025610271841287613,0.03995564207434654,0.03817446157336235,0.000575077545363456,0.0013096785405650735,-0.002124355873093009,0.0011247212532907724,5.998705546517158e-06,19.0
2026-04-27T17:35:24.123301,250426_161400.984375,1,58.48088836669922,8.812776565551758,22.100000381469727,35.70000076293945,0.8899999856948853,10,318.92999267578125,1,270426_163218.000000,-1.96731698513031,3.467724084854126,0.0025610271841287613,0.03995564207434654,0.03817446157336235,0.000575077545363456,0.0013096785405650735,-0.002124355873093009,0.0011247212532907724,5.998705546517158e-06,19.0
2026-04-27T17:35:24.123496,250426_161400.984375,1,58.48088836669922,8.812776565551758,22.100000381469727,35.70000076293945,0.8899999856948853,10,318.92999267578125,1,270426_163218.000000,-1.96731698513031,3.467724084854126,0.0025610271841287613,0.03995564207434654,0.03817446157336235,0.000575077545363456,0.0013096785405650735,-0.002124355873093009,0.0011247212532907724,5.998705546517158e-06,19.0
2026-04-27T17:35:24.265598,250426_161400.984375,1,58.48088836669922,8.812776565551758,22.100000381469727,35.70000076293945,0.8899999856948853,10,318.92999267578125,1,270426_163218.000000,-1.96731698513031,3.467724084854126,0.0025610271841287613,0.03995564207434654,0.03817446157336235,0.000575077545363456,0.0013096785405650735,-0.002124355873093009,0.0011247212532907724,5.998705546517158e-06,19.0
2026-04-27T17:35:27.103371,250426_161410.000000,1,58.48162841796875,8.812447547912598,25.0,50.290000915527344,0.8600000143051147,11,318.92999267578125,1,270426_163218.000000,-1.9572365283966064,3.4736382961273193,0.001485465094447136,0.054424744099378586,0.03150586411356926,-0.0007123701507225633,0.0006326872389763594,0.0011396674672141671,0.000987220206297934,4.707764674094506e-06,23.0
2026-04-27T17:35:27.103785,250426_161410.000000,1,58.48162841796875,8.812447547912598,25.0,50.290000915527344,0.8600000143051147,11,318.92999267578125,1,270426_163218.000000,-1.9572365283966064,3.4736382961273193,0.001485465094447136,0.054424744099378586,0.03150586411356926,-0.0007123701507225633,0.0006326872389763594,0.0011396674672141671,0.000987220206297934,4.707764674094506e-06,23.0
2026-04-27T17:35:27.104246,250426_161410.000000,1,58.48162841796875,8.812447547912598,25.0,50.290000915527344,0.8600000143051147,11,318.92999267578125,1,270426_163218.000000,-1.9572365283966064,3.4736382961273193,0.001485465094447136,0.054424744099378586,0.03150586411356926,-0.0007123701507225633,0.0006326872389763594,0.0011396674672141671,0.000987220206297934,4.707764674094506e-06,23.0
2026-04-27T17:35:27.116429,250426_161410.000000,1,58.48162841796875,8.812447547912598,25.0,50.290000915527344,0.8600000143051147,11,318.92999267578125,1,270426_163218.000000,-1.9572365283966064,3.4736382961273193,0.001485465094447136,0.054424744099378586,0.03150586411356926,-0.0007123701507225633,0.0006326872389763594,0.0011396674672141671,0.000987220206297934,4.707764674094506e-06,23.0
2026-04-27T17:35:30.574781,250426_161411.015625,1,58.48175811767578,8.812365531921387,25.5,55.72999954223633,0.8199999928474426,11,318.92999267578125,1,270426_163218.000000,-1.9456713199615479,3.4774537086486816,0.0034092506393790245,0.10297815501689911,0.02991538494825363,-0.0029865403193980455,-0.0014157566474750638,0.0008361815707758069,0.0009504667250439525,4.751926553581143e-06,25.0
2026-04-27T17:35:30.575082,250426_161411.015625,1,58.48175811767578,8.812365531921387,25.5,55.72999954223633,0.8199999928474426,11,318.92999267578125,1,270426_163218.000000,-1.9456713199615479,3.4774537086486816,0.0034092506393790245,0.10297815501689911,0.02991538494825363,-0.0029865403193980455,-0.0014157566474750638,0.0008361815707758069,0.0009504667250439525,4.751926553581143e-06,25.0
2026-04-27T17:35:30.575564,250426_161411.015625,1,58.48175811767578,8.812365531921387,25.5,55.72999954223633,0.8199999928474426,11,318.92999267578125,1,270426_163218.000000,-1.9456713199615479,3.4774537086486816,0.0034092506393790245,0.10297815501689911,0.02991538494825363,-0.0029865403193980455,-0.0014157566474750638,0.0008361815707758069,0.0009504667250439525,4.751926553581143e-06,25.0
2026-04-27T17:35:30.589940,250426_161411.015625,1,58.48175811767578,8.812365531921387,25.5,55.72999954223633,0.8199999928474426,11,318.92999267578125,1,270426_163218.000000,-1.9456713199615479,3.4774537086486816,0.0034092506393790245,0.10297815501689911,0.02991538494825363,-0.0029865403193980455,-0.0014157566474750638,0.0008361815707758069,0.0009504667250439525,4.751926553581143e-06,25.0
2026-04-27T17:35:33.643271,250426_161420.000000,1,58.483211517333984,8.811238288879395,32.0,79.27999877929688,0.8799999952316284,10,318.92999267578125,1,270426_163218.000000,-1.9499781131744385,3.4734323024749756,0.0031732867937535048,0.09241325408220291,0.03160310909152031,-0.00045318444608710706,-0.001818764372728765,-0.0025605608243495226,0.0008655638084746897,4.391964466776699e-06,29.0
2026-04-27T17:35:37.125409,250426_161428.000000,1,58.48440170288086,8.80925464630127,35.400001525878906,79.27999877929688,1.1100000143051147,8,318.92999267578125,1,270426_163218.000000,-1.9457707405090332,3.4725468158721924,0.0018418221734464169,0.06215604394674301,0.030262410640716553,0.0012397444806993008,-0.0012114704586565495,-0.0006226411205716431,0.000784284551627934,4.056839770782972e-06,30.0
2026-04-27T17:35:40.216890,250426_161428.984375,1,58.48455047607422,8.808989524841309,36.0,76.93000030517578,1.1100000143051147,8,318.92999267578125,1,270426_163218.000000,-1.9548516273498535,3.4676973819732666,0.004335192963480949,0.11698217689990997,0.03594035282731056,0.0006754903006367385,0.0023864933755248785,0.003555595874786377,0.0011212461395189166,5.841892743774224e-06,28.0
2026-04-27T17:35:43.781881,250426_161438.000000,1,58.48577880859375,8.80703067779541,34.70000076293945,70.80999755859375,1.1100000143051147,8,318.92999267578125,1,270426_163232.984375,-1.9572322368621826,3.4692792892456055,0.0036146289203315973,0.06100745499134064,0.038776982575654984,0.0005039478419348598,-0.0031274212524294853,-0.0017409237334504724,0.0012233937159180641,6.6310872171015944e-06,30.0
2026-04-27T17:35:46.864175,250426_161447.015625,1,58.486228942871094,8.804383277893066,34.0,56.65999984741211,0.8600000143051147,11,318.92999267578125,1,270426_163232.984375,-1.9627556800842285,3.4691879749298096,0.0012207406107336283,0.03298031911253929,0.0383061021566391,0.00019923050422221422,-0.0010416690493002534,-0.0006045167101547122,0.001191457500681281,6.318443411146291e-06,26.0
2026-04-27T17:35:49.838743,250426_161455.015625,1,58.4864616394043,8.803098678588867,35.099998474121094,30.6200008392334,0.8600000143051147,11,318.92999267578125,1,270426_163247.015625,-1.9655948877334595,3.4627296924591064,0.0039281961508095264,0.04466143250465393,0.0383668877184391,0.0006202858639881015,0.0032562348060309887,0.0021078200079500675,0.001178894890472293,6.9562065618811175e-06,26.0
2026-04-27T17:35:53.068825,250426_161456.000000,1,58.486480712890625,8.802952766418457,35.29999923706055,32.36000061035156,0.8600000143051147,11,318.92999267578125,1,270426_163247.015625,-1.962734580039978,3.4578664302825928,0.004604981280863285,0.152615025639534,0.04215666279196739,0.0028903388883918524,-0.0035580184776335955,0.00043851928785443306,0.0012325197458267212,7.696584361838177e-06,26.0
2026-04-27T17:35:55.994743,250426_161504.000000,1,58.487220764160156,8.801514625549316,33.79999923706055,68.70999908447266,0.8999999761581421,10,318.92999267578125,1,270426_163247.015625,-1.9648241996765137,3.449291467666626,0.004581148270517588,0.09448940306901932,0.04042336717247963,0.0017889675218611956,-0.004118995275348425,0.0009057556162588298,0.0010903141228482127,6.628101800743025e-06,24.0
2026-04-27T17:35:59.582980,250426_161512.000000,1,58.48868942260742,8.80124282836914,26.399999618530273,83.87999725341797,1.4700000286102295,8,318.92999267578125,1,270426_163248.000000,-1.9764755964279175,3.439754009246826,0.0026556761004030704,0.11750473082065582,0.0377059243619442,-0.0003645378164947033,0.002100070472806692,-0.0015841185813769698,0.0009919172152876854,6.549974841618678e-06,22.0
2026-04-27T17:36:02.796589,250426_161512.984375,1,58.48891067504883,8.801315307617188,25.5,83.94000244140625,1.4700000286102295,8,318.92999267578125,1,270426_163248.000000,-1.982923150062561,3.4363718032836914,0.0048636686988174915,0.11406204104423523,0.03822914510965347,-8.062586130108684e-05,-0.004518650006502867,-0.0017973810900002718,0.0009994377614930272,7.229480161186075e-06,20.0
2026-04-27T17:36:02.796886,250426_161512.984375,1,58.48891067504883,8.801315307617188,25.5,83.94000244140625,1.4700000286102295,8,318.92999267578125,1,270426_163248.000000,-1.982923150062561,3.4363718032836914,0.0048636686988174915,0.11406204104423523,0.03822914510965347,-8.062586130108684e-05,-0.004518650006502867,-0.0017973810900002718,0.0009994377614930272,7.229480161186075e-06,20.0
2026-04-27T17:36:02.797622,250426_161512.984375,1,58.48891067504883,8.801315307617188,25.5,83.94000244140625,1.4700000286102295,8,318.92999267578125,1,270426_163248.000000,-1.982923150062561,3.4363718032836914,0.0048636686988174915,0.11406204104423523,0.03822914510965347,-8.062586130108684e-05,-0.004518650006502867,-0.0017973810900002718,0.0009994377614930272,7.229480161186075e-06,20.0
2026-04-27T17:36:02.816258,250426_161512.984375,1,58.48891067504883,8.801315307617188,25.5,83.94000244140625,1.4700000286102295,8,318.92999267578125,1,270426_163248.000000,-1.982923150062561,3.4363718032836914,0.0048636686988174915,0.11406204104423523,0.03822914510965347,-8.062586130108684e-05,-0.004518650006502867,-0.0017973810900002718,0.0009994377614930272,7.229480161186075e-06,20.0
2026-04-27T17:36:05.605282,250426_161520.984375,1,58.490570068359375,8.801477432250977,24.5,79.1500015258789,0.8799999952316284,10,318.92999267578125,1,270426_163302.000000,-1.9818055629730225,3.4348559379577637,0.0016540323849767447,0.045474689453840256,0.03952052816748619,-0.000805436575319618,0.0008551118080504239,-0.0011644220212474465,0.0010362218599766493,7.4345939538034145e-06,20.0
2026-04-27T17:36:08.671715,250426_161522.000000,1,58.49076843261719,8.801592826843262,24.600000381469727,79.5999984741211,0.9599999189376831,9,318.92999267578125,1,270426_163302.000000,-1.989540457725525,3.4304676055908203,0.0015375125221908092,0.0675429105758667,0.041291914880275726,0.0005510428454726934,-0.0013992853928357363,0.0003198388731107116,0.0010671911295503378,7.4751837928488385e-06,20.0
2026-04-27T17:36:08.671986,250426_161522.000000,1,58.49076843261719,8.801592826843262,24.600000381469727,79.5999984741211,0.9599999189376831,9,318.92999267578125,1,270426_163302.000000,-1.989540457725525,3.4304676055908203,0.0015375125221908092,0.0675429105758667,0.041291914880275726,0.0005510428454726934,-0.0013992853928357363,0.0003198388731107116,0.0010671911295503378,7.4751837928488385e-06,20.0
2026-04-27T17:36:08.672238,250426_161522.000000,1,58.49076843261719,8.801592826843262,24.600000381469727,79.5999984741211,0.9599999189376831,9,318.92999267578125,1,270426_163302.000000,-1.989540457725525,3.4304676055908203,0.0015375125221908092,0.0675429105758667,0.041291914880275726,0.0005510428454726934,-0.0013992853928357363,0.0003198388731107116,0.0010671911295503378,7.4751837928488385e-06,20.0
2026-04-27T17:36:08.688226,250426_161522.000000,1,58.49076843261719,8.801592826843262,24.600000381469727,79.5999984741211,0.9599999189376831,9,318.92999267578125,1,270426_163302.000000,-1.989540457725525,3.4304676055908203,0.0015375125221908092,0.0675429105758667,0.041291914880275726,0.0005510428454726934,-0.0013992853928357363,0.0003198388731107116,0.0010671911295503378,7.4751837928488385e-06,20.0
2026-04-27T17:36:11.796847,250426_161530.000000,1,58.492130279541016,8.803415298461914,28.600000381469727,79.12000274658203,0.8700000047683716,10,318.92999267578125,1,270426_163302.000000,-1.98932683467865,3.4321298599243164,0.0020079449750483036,0.031698036938905716,0.0381498746573925,-0.0006084549240767956,-0.0017520503606647253,0.0007693801308050752,0.0010851990664377809,7.160808308981359e-06,22.0
