Time,UTC Time,Label,Latitude,Longitude,Altitude,Speed,HDOP,Satelites,Course,Fix,Accel UTC,Roll Degrees,Pitch Degrees,Dynamic Magnitude,Jerk,Jerk Std,Acceleration X,Acceleration Y,Acceleration Z,Standard Deviation,Energy,Zero Crossings
2026-05-19T21:35:30.004868,190526_165448.984375,1,58.38039016723633,8.676830291748047,34.5,0.6000000238418579,1.8600000143051147,5,0.0,1,190526_193515.015625,2.443260431289673,-0.6933053135871887,0.003948552533984184,0.1517009139060974,0.0666424110531807,0.0028565351385623217,0.0027227310929447412,-0.00013420041068457067,0.0019180354429408908,1.7955859220819548e-05,18.0
2026-05-19T21:35:33.103227,190526_165450.000000,1,58.380409240722656,8.67685604095459,36.0,0.4399999976158142,1.8600000143051147,5,0.0,1,190526_193516.000000,2.4333736896514893,-0.7112619876861572,0.006310629658401012,0.07990477979183197,0.07540881633758545,-0.0004297191626392305,-0.001358445966616273,-0.0061476826667785645,0.0028427853249013424,2.944504922197666e-05,20.0
2026-05-19T21:35:36.037479,190526_165451.015625,1,58.380409240722656,8.67687702178955,37.099998474121094,0.3499999940395355,1.8600000143051147,5,0.0,1,190526_193516.000000,2.9808309078216553,-0.8131135106086731,0.0738336592912674,0.4267825186252594,0.2564966678619385,0.025294961407780647,0.06891100108623505,0.007927699014544487,0.025850707665085793,0.0009140438633039594,20.0
2026-05-19T21:35:39.046403,190526_165500.000000,1,58.38037872314453,8.676851272583008,37.20000076293945,0.3499999940395355,1.7100000381469727,6,0.0,1,190526_193516.000000,3.3703091144561768,-0.30968305468559265,0.02435450628399849,1.0384358167648315,0.2913486063480377,-0.022497663274407387,0.00321181770414114,0.00875678937882185,0.031561318784952164,0.0018536889692768455,24.0
2026-05-19T21:35:42.153874,190526_165500.984375,1,58.38037109375,8.67684555053711,36.900001525878906,0.2199999988079071,0.9599999189376831,9,0.0,1,190526_193516.000000,2.376034736633301,-1.0332951545715332,0.09336444735527039,0.2530596852302551,0.32281628251075745,0.08757881820201874,-0.0277287308126688,-0.01667298562824726,0.04171687737107277,0.005194810219109058,20.0
2026-05-19T21:35:45.233017,190526_165510.000000,1,58.38032913208008,8.676847457885742,36.099998474121094,0.23999999463558197,0.9100000262260437,10,0.0,1,190526_193516.000000,0.5560542941093445,-2.3429720401763916,0.15819449722766876,0.9555832743644714,0.34838050603866577,0.01950511895120144,-0.15495958924293518,-0.025151057168841362,0.05301674082875252,0.012800535187125206,20.0
2026-05-19T21:35:48.272284,190526_165512.000000,1,58.38032913208008,8.676848411560059,35.900001525878906,0.0,0.9100000262260437,10,0.0,1,190526_193516.000000,0.03133303299546242,-1.9746840000152588,0.05541127175092697,1.5634984970092773,0.6255965232849121,-0.02455788478255272,0.005563066340982914,-0.04935961589217186,0.053250476717948914,0.012836979702115059,20.0
2026-05-19T21:35:51.264073,190526_165520.984375,1,58.380340576171875,8.676847457885742,35.900001525878906,0.0,0.9100000262260437,10,0.0,1,190526_193535.015625,1.4187098741531372,-1.803465485572815,0.22342711687088013,1.8628441095352173,0.9675144553184509,0.05921554937958717,0.21507717669010162,0.01244971714913845,0.062435392290353775,0.016146240755915642,20.0
2026-05-19T21:35:54.336293,190526_165523.015625,1,58.380340576171875,8.676847457885742,35.900001525878906,0.0,0.9100000262260437,10,0.0,1,190526_193535.015625,2.867861747741699,-2.050278663635254,0.10086763650178909,2.473005771636963,1.024121880531311,-0.0034064119681715965,0.08690036833286285,0.05109797418117523,0.062166109681129456,0.018379895016551018,26.0
2026-05-19T21:35:57.408327,190526_165532.984375,1,58.380340576171875,8.676847457885742,35.900001525878906,0.0,0.9100000262260437,10,0.0,1,190526_193535.015625,1.0177152156829834,-4.785036087036133,0.19569137692451477,1.0192569494247437,1.0189793109893799,0.1713818460702896,-0.09101464599370956,0.02529250830411911,0.06929473578929901,0.022492509335279465,22.0
2026-05-19T21:35:57.408607,190526_165532.984375,1,58.380340576171875,8.676847457885742,35.900001525878906,0.0,0.9100000262260437,10,0.0,1,190526_193535.015625,1.0177152156829834,-4.785036087036133,0.19569137692451477,1.0192569494247437,1.0189793109893799,0.1713818460702896,-0.09101464599370956,0.02529250830411911,0.06929473578929901,0.022492509335279465,22.0
2026-05-19T21:35:57.408751,190526_165532.984375,1,58.380340576171875,8.676847457885742,35.900001525878906,0.0,0.9100000262260437,10,0.0,1,190526_193535.015625,1.0177152156829834,-4.785036087036133,0.19569137692451477,1.0192569494247437,1.0189793109893799,0.1713818460702896,-0.09101464599370956,0.02529250830411911,0.06929473578929901,0.022492509335279465,22.0
2026-05-19T21:35:57.430182,190526_165532.984375,1,58.380340576171875,8.676847457885742,35.900001525878906,0.0,0.9100000262260437,10,0.0,1,190526_193535.015625,1.0177152156829834,-4.785036087036133,0.19569137692451477,1.0192569494247437,1.0189793109893799,0.1713818460702896,-0.09101464599370956,0.02529250830411911,0.06929473578929901,0.022492509335279465,22.0
2026-05-19T21:36:00.382969,190526_165534.000000,1,58.380340576171875,8.676847457885742,35.900001525878906,0.0,0.9100000262260437,10,0.0,1,190526_193535.015625,-0.8701239228248596,-4.0687055587768555,0.06945272535085678,0.9925737977027893,0.995291531085968,-0.048816703259944916,-0.04368982091546059,-0.023061007261276245,0.05781715363264084,0.026105962693691254,23.0
2026-05-19T21:36:03.463301,190526_165535.015625,1,58.380340576171875,8.676847457885742,35.900001525878906,0.0,0.9100000262260437,10,0.0,1,190526_193535.015625,-1.3865424394607544,-3.10834002494812,0.03303037956357002,1.715233564376831,0.6819947957992554,0.026246288791298866,0.007666315883398056,0.018530135974287987,0.06159254163503647,0.020365001633763313,25.0
2026-05-19T21:36:06.476460,190526_165544.984375,1,58.380340576171875,8.676847457885742,35.900001525878906,0.0,0.9100000262260437,10,0.0,1,190526_193552.984375,-0.8334529399871826,-3.3096096515655518,0.04044726490974426,1.2637420892715454,0.7493779063224792,-0.008865431882441044,0.03861812502145767,0.008125629276037216,0.06446565687656403,0.014330748468637466,29.0
2026-05-19T21:36:06.476725,190526_165544.984375,1,58.380340576171875,8.676847457885742,35.900001525878906,0.0,0.9100000262260437,10,0.0,1,190526_193552.984375,-0.8334529399871826,-3.3096096515655518,0.04044726490974426,1.2637420892715454,0.7493779063224792,-0.008865431882441044,0.03861812502145767,0.008125629276037216,0.06446565687656403,0.014330748468637466,29.0
2026-05-19T21:36:06.476946,190526_165544.984375,1,58.380340576171875,8.676847457885742,35.900001525878906,0.0,0.9100000262260437,10,0.0,1,190526_193552.984375,-0.8334529399871826,-3.3096096515655518,0.04044726490974426,1.2637420892715454,0.7493779063224792,-0.008865431882441044,0.03861812502145767,0.008125629276037216,0.06446565687656403,0.014330748468637466,29.0
2026-05-19T21:36:06.514911,190526_165544.984375,1,58.380340576171875,8.676847457885742,35.900001525878906,0.0,0.9100000262260437,10,0.0,1,190526_193552.984375,-0.8334529399871826,-3.3096096515655518,0.04044726490974426,1.2637420892715454,0.7493779063224792,-0.008865431882441044,0.03861812502145767,0.008125629276037216,0.06446565687656403,0.014330748468637466,29.0
2026-05-19T21:36:09.477891,190526_165546.000000,1,58.380340576171875,8.676847457885742,35.900001525878906,0.0,0.9100000262260437,10,0.0,1,190526_193552.984375,-0.9592437744140625,-3.949275016784668,0.11224757134914398,2.51882004737854,0.7448264360427856,0.07739491760730743,0.029407059773802757,-0.07579424977302551,0.0326106958091259,0.006535004824399948,33.0
2026-05-19T21:36:12.563723,190526_165547.015625,1,58.380340576171875,8.676847457885742,35.900001525878906,0.0,0.9100000262260437,10,0.0,1,190526_193552.984375,-0.9283869862556458,-4.224809169769287,0.046882081776857376,0.9426723122596741,0.7472310066223145,0.039111342281103134,-0.023119697347283363,0.011563405394554138,0.028599798679351807,0.0046609933488070965,30.0
2026-05-19T21:36:12.563989,190526_165547.015625,1,58.380340576171875,8.676847457885742,35.900001525878906,0.0,0.9100000262260437,10,0.0,1,190526_193552.984375,-0.9283869862556458,-4.224809169769287,0.046882081776857376,0.9426723122596741,0.7472310066223145,0.039111342281103134,-0.023119697347283363,0.011563405394554138,0.028599798679351807,0.0046609933488070965,30.0
2026-05-19T21:36:15.782873,190526_165556.984375,1,58.380340576171875,8.676847457885742,35.900001525878906,0.0,0.9100000262260437,10,0.0,1,190526_193552.984375,-0.8084312677383423,-4.442101001739502,0.060485001653432846,2.9641611576080322,0.8536990284919739,-0.05748635157942772,-0.007002951577305794,-0.017456039786338806,0.024182649329304695,0.0036560394801199436,24.0
2026-05-19T21:36:18.645333,190526_165559.015625,1,58.380340576171875,8.676847457885742,35.900001525878906,0.0,0.9100000262260437,10,0.0,1,190526_193610.000000,-0.6404220461845398,-4.151806354522705,0.021050915122032166,1.119275689125061,0.8642946481704712,-0.008989669382572174,0.01634889654815197,-0.009748870506882668,0.025075290352106094,0.0037325138691812754,22.0
2026-05-19T21:36:21.692451,190526_165608.984375,1,58.380340576171875,8.676847457885742,35.900001525878906,0.0,0.9100000262260437,10,0.0,1,190526_193610.000000,-0.3597068786621094,-3.613452434539795,0.13798260688781738,1.3744754791259766,0.8553435206413269,-0.13445231318473816,-0.003574291942641139,-0.030805811285972595,0.02732410840690136,0.004040404222905636,18.0
2026-05-19T21:36:24.747817,190526_165611.015625,1,58.380340576171875,8.676847457885742,35.900001525878906,0.0,0.9100000262260437,10,0.0,1,190526_193610.000000,2.531386375427246,-3.7762773036956787,0.18640156090259552,1.9808008670806885,0.9193531274795532,0.027780042961239815,0.1589902639389038,0.09325181692838669,0.060378070920705795,0.012599848210811615,19.0
2026-05-19T21:36:27.820027,190526_165622.000000,1,58.380340576171875,8.676847457885742,35.900001525878906,0.0,0.9100000262260437,10,0.0,1,190526_193611.015625,2.3105621337890625,-2.610013961791992,0.2329740822315216,2.2142536640167236,0.9850345849990845,-0.21889270842075348,-0.044570304453372955,-0.06615432351827621,0.06468379497528076,0.017327040433883667,19.0
2026-05-19T21:36:30.903399,190526_165623.015625,1,58.380340576171875,8.676847457885742,35.900001525878906,0.0,0.9100000262260437,10,0.0,1,190526_193611.015625,1.2041959762573242,-1.0612919330596924,0.08722153306007385,1.8547903299331665,1.002089023590088,0.03524480015039444,-0.07974430918693542,0.002498966408893466,0.07053114473819733,0.02535981684923172,17.0
2026-05-19T21:36:33.843530,190526_165632.984375,1,58.380340576171875,8.676847457885742,35.900001525878906,0.0,0.9100000262260437,10,0.0,1,190526_193628.984375,-0.8579346537590027,-2.4723587036132812,0.09660365432500839,1.2424834966659546,1.0533114671707153,0.06473352760076523,-0.06906288117170334,-0.019291294738650322,0.05093735083937645,0.031222326681017876,23.0
2026-05-19T21:36:36.964728,190526_165634.000000,1,58.380340576171875,8.676847457885742,35.900001525878906,0.0,0.9100000262260437,10,0.0,1,190526_193628.984375,-0.49466148018836975,-2.217390537261963,0.08716295659542084,1.3723639249801636,1.0737578868865967,-0.04617317393422127,0.07304413616657257,-0.011400613933801651,0.06102338433265686,0.02666141279041767,20.0
2026-05-19T21:36:40.033422,190526_165635.015625,1,58.380340576171875,8.676847457885742,35.900001525878906,0.0,0.9100000262260437,10,0.0,1,190526_193628.984375,1.3841710090637207,0.2011510282754898,0.13328896462917328,2.8651015758514404,1.005463719367981,-0.08108861744403839,0.09712646901607513,-0.04191698506474495,0.05639813095331192,0.02812204882502556,22.0
2026-05-19T21:36:43.156926,190526_165644.984375,1,58.380340576171875,8.676847457885742,35.900001525878906,0.0,0.9399999976158142,10,0.0,1,190526_193630.000000,2.4389235973358154,3.8230342864990234,0.2528884708881378,1.6656056642532349,1.2848103046417236,-0.24184682965278625,0.07390914857387543,-0.00034164823591709137,0.06671151518821716,0.03244587033987045,22.0
2026-05-19T21:36:46.058417,190526_165646.000000,1,58.380340576171875,8.676847457885742,35.900001525878906,0.0,0.9399999976158142,10,0.0,1,190526_193630.000000,2.560398817062378,4.891475200653076,0.1833401918411255,0.8549105525016785,1.3117493391036987,-0.18044057488441467,0.030779799446463585,0.010364623740315437,0.06717421859502792,0.03356524556875229,22.0
2026-05-19T21:36:46.058738,190526_165646.000000,1,58.380340576171875,8.676847457885742,35.900001525878906,0.0,0.9399999976158142,10,0.0,1,190526_193630.000000,2.560398817062378,4.891475200653076,0.1833401918411255,0.8549105525016785,1.3117493391036987,-0.18044057488441467,0.030779799446463585,0.010364623740315437,0.06717421859502792,0.03356524556875229,22.0
2026-05-19T21:36:46.058942,190526_165646.000000,1,58.380340576171875,8.676847457885742,35.900001525878906,0.0,0.9399999976158142,10,0.0,1,190526_193630.000000,2.560398817062378,4.891475200653076,0.1833401918411255,0.8549105525016785,1.3117493391036987,-0.18044057488441467,0.030779799446463585,0.010364623740315437,0.06717421859502792,0.03356524556875229,22.0
2026-05-19T21:36:46.071448,190526_165646.000000,1,58.380340576171875,8.676847457885742,35.900001525878906,0.0,0.9399999976158142,10,0.0,1,190526_193630.000000,2.560398817062378,4.891475200653076,0.1833401918411255,0.8549105525016785,1.3117493391036987,-0.18044057488441467,0.030779799446463585,0.010364623740315437,0.06717421859502792,0.03356524556875229,22.0
2026-05-19T21:36:49.065411,190526_165647.015625,1,58.380340576171875,8.676847457885742,35.900001525878906,0.0,0.9399999976158142,10,0.0,1,190526_193647.015625,3.1345653533935547,3.7272255420684814,0.41072678565979004,1.900018334388733,1.4676439762115479,0.40698572993278503,0.046430569142103195,-0.030055459588766098,0.0752517580986023,0.05144805833697319,23.0
2026-05-19T21:36:52.207210,190526_165656.000000,1,58.380340576171875,8.676847457885742,35.900001525878906,0.0,0.9399999976158142,10,0.0,1,190526_193647.015625,2.863691806793213,-0.40582147240638733,0.2614698112010956,2.8303120136260986,1.5449175834655762,0.2508249282836914,-0.035542141646146774,-0.06473082304000854,0.0935063287615776,0.07138815522193909,23.0
2026-05-19T21:36:55.383016,190526_165656.984375,1,58.380340576171875,8.676847457885742,35.900001525878906,0.0,0.9399999976158142,10,0.0,1,190526_193647.015625,-2.1583073139190674,-1.8302150964736938,0.22744818031787872,1.790367841720581,1.4019681215286255,0.04279910773038864,-0.21928879618644714,0.04258330911397934,0.09125158935785294,0.08526910841464996,23.0
2026-05-19T21:36:58.200506,190526_165658.000000,1,58.380340576171875,8.676847457885742,35.900001525878906,0.0,0.9399999976158142,10,0.0,1,190526_193648.000000,-2.018052577972412,-3.031336545944214,0.14865770936012268,1.2641044855117798,1.423136591911316,0.1372927874326706,0.042322445660829544,-0.038191843777894974,0.11850660294294357,0.07547135651111603,19.0
2026-05-19T21:37:01.323337,190526_165707.015625,1,58.380340576171875,8.676847457885742,35.900001525878906,0.0,1.0199999809265137,9,0.0,1,190526_193648.000000,-1.7950465679168701,-3.572359561920166,0.04359326884150505,0.5710775256156921,1.3777955770492554,0.03129294514656067,0.01830962300300598,-0.024205004796385765,0.12346654385328293,0.06273095309734344,16.0
2026-05-19T21:37:04.377210,190526_165708.000000,1,58.380340576171875,8.676847457885742,35.900001525878906,0.0,0.9100000262260437,10,0.0,1,190526_193648.000000,-1.4303964376449585,-2.500399112701416,0.16640250384807587,1.5323748588562012,1.3972289562225342,-0.1526639759540558,0.0650990828871727,0.012067189440131187,0.10392990708351135,0.03957151621580124,20.0
2026-05-19T21:37:07.450329,190526_165718.000000,1,58.380340576171875,8.676847457885742,35.900001525878906,0.0,0.9100000262260437,10,0.0,1,190526_193648.000000,-0.665530264377594,-1.3806630373001099,0.17222557961940765,2.0498180389404297,1.3070564270019531,-0.17068471014499664,0.02151915803551674,0.008081343024969101,0.04845814034342766,0.01497830543667078,18.0
2026-05-19T21:37:10.384460,190526_165719.015625,1,58.380340576171875,8.676847457885742,35.900001525878906,0.0,1.0199999809265137,9,0.0,1,190526_193648.984375,0.09601321816444397,-0.4009503722190857,0.09412199258804321,0.8895502090454102,1.2264479398727417,0.04395410418510437,0.006121714133769274,0.08300307393074036,0.04663475230336189,0.014148026704788208,20.0
2026-05-19T21:37:13.500474,190526_165728.984375,1,58.380340576171875,8.676847457885742,35.900001525878906,0.0,0.9100000262260437,10,0.0,1,190526_193648.984375,0.5698432326316833,0.371334046125412,0.09974504262208939,2.1905405521392822,1.2501249313354492,-0.08609280735254288,0.036791007965803146,0.034402377903461456,0.04328863322734833,0.013652694411575794,21.0
2026-05-19T21:37:13.500806,190526_165728.984375,1,58.380340576171875,8.676847457885742,35.900001525878906,0.0,0.9100000262260437,10,0.0,1,190526_193648.984375,0.5698432326316833,0.371334046125412,0.09974504262208939,2.1905405521392822,1.2501249313354492,-0.08609280735254288,0.036791007965803146,0.034402377903461456,0.04328863322734833,0.013652694411575794,21.0
2026-05-19T21:37:13.504390,190526_165728.984375,1,58.380340576171875,8.676847457885742,35.900001525878906,0.0,0.9100000262260437,10,0.0,1,190526_193648.984375,0.5698432326316833,0.371334046125412,0.09974504262208939,2.1905405521392822,1.2501249313354492,-0.08609280735254288,0.036791007965803146,0.034402377903461456,0.04328863322734833,0.013652694411575794,21.0
2026-05-19T21:37:13.504710,190526_165728.984375,1,58.380340576171875,8.676847457885742,35.900001525878906,0.0,0.9100000262260437,10,0.0,1,190526_193648.984375,0.5698432326316833,0.371334046125412,0.09974504262208939,2.1905405521392822,1.2501249313354492,-0.08609280735254288,0.036791007965803146,0.034402377903461456,0.04328863322734833,0.013652694411575794,21.0
2026-05-19T21:37:16.561572,190526_165730.000000,1,58.380340576171875,8.676847457885742,35.900001525878906,0.0,0.9100000262260437,10,0.0,1,190526_193648.984375,0.38472968339920044,0.33714303374290466,0.03508463501930237,1.4283891916275024,1.386622428894043,-0.027978140860795975,0.00016799855802673846,0.021169010549783707,0.04177273064851761,0.013237502425909042,17.0
2026-05-19T21:37:16.561807,190526_165730.000000,1,58.380340576171875,8.676847457885742,35.900001525878906,0.0,0.9100000262260437,10,0.0,1,190526_193648.984375,0.38472968339920044,0.33714303374290466,0.03508463501930237,1.4283891916275024,1.386622428894043,-0.027978140860795975,0.00016799855802673846,0.021169010549783707,0.04177273064851761,0.013237502425909042,17.0
2026-05-19T21:37:16.562676,190526_165730.000000,1,58.380340576171875,8.676847457885742,35.900001525878906,0.0,0.9100000262260437,10,0.0,1,190526_193648.984375,0.38472968339920044,0.33714303374290466,0.03508463501930237,1.4283891916275024,1.386622428894043,-0.027978140860795975,0.00016799855802673846,0.021169010549783707,0.04177273064851761,0.013237502425909042,17.0
2026-05-19T21:37:16.593308,190526_165730.000000,1,58.380340576171875,8.676847457885742,35.900001525878906,0.0,0.9100000262260437,10,0.0,1,190526_193648.984375,0.38472968339920044,0.33714303374290466,0.03508463501930237,1.4283891916275024,1.386622428894043,-0.027978140860795975,0.00016799855802673846,0.021169010549783707,0.04177273064851761,0.013237502425909042,17.0
2026-05-19T21:37:19.691815,190526_165739.015625,1,58.380340576171875,8.676847457885742,35.900001525878906,0.0,0.9399999976158142,10,0.0,1,190526_193707.015625,-0.2962978482246399,0.9977084994316101,0.13399937748908997,3.851630210876465,1.5419995784759521,-0.08643276244401932,-0.06431209295988083,-0.0796816498041153,0.04298260062932968,0.014177162200212479,19.0
2026-05-19T21:37:22.603676,190526_165740.000000,1,58.380340576171875,8.676847457885742,35.900001525878906,0.0,1.309999942779541,9,0.0,1,190526_193707.015625,-0.4682559072971344,0.6888054609298706,0.03453916683793068,1.1572505235671997,1.5490565299987793,0.034461092203855515,-0.0007585533312521875,0.0021935515105724335,0.04523557424545288,0.01234014518558979,19.0
2026-05-19T21:37:22.604036,190526_165740.000000,1,58.380340576171875,8.676847457885742,35.900001525878906,0.0,1.309999942779541,9,0.0,1,190526_193707.015625,-0.4682559072971344,0.6888054609298706,0.03453916683793068,1.1572505235671997,1.5490565299987793,0.034461092203855515,-0.0007585533312521875,0.0021935515105724335,0.04523557424545288,0.01234014518558979,19.0
2026-05-19T21:37:22.604234,190526_165740.000000,1,58.380340576171875,8.676847457885742,35.900001525878906,0.0,1.309999942779541,9,0.0,1,190526_193707.015625,-0.4682559072971344,0.6888054609298706,0.03453916683793068,1.1572505235671997,1.5490565299987793,0.034461092203855515,-0.0007585533312521875,0.0021935515105724335,0.04523557424545288,0.01234014518558979,19.0
2026-05-19T21:37:22.609852,190526_165740.000000,1,58.380340576171875,8.676847457885742,35.900001525878906,0.0,1.309999942779541,9,0.0,1,190526_193707.015625,-0.4682559072971344,0.6888054609298706,0.03453916683793068,1.1572505235671997,1.5490565299987793,0.034461092203855515,-0.0007585533312521875,0.0021935515105724335,0.04523557424545288,0.01234014518558979,19.0
2026-05-19T21:37:25.609370,190526_165748.984375,1,58.3803596496582,8.676868438720703,32.5,1.8799999952316284,0.9100000262260437,10,0.0,1,190526_193708.000000,-0.7513858079910278,-0.06150438264012337,0.08874883502721786,3.9298830032348633,1.5543633699417114,-0.009986848570406437,0.03300869092345238,-0.08177434653043747,0.045726478099823,0.011284450069069862,21.0
2026-05-19T21:37:28.738491,190526_165750.000000,1,58.3803596496582,8.67687702178955,32.29999923706055,2.0899999141693115,0.9100000262260437,10,0.0,1,190526_193708.000000,-0.9207322001457214,-1.247117042541504,0.22506079077720642,0.5765981674194336,1.6593279838562012,0.19273056089878082,-0.07288479059934616,-0.0905267745256424,0.06370094418525696,0.015363644808530807,22.0
2026-05-19T21:37:31.722024,190526_165751.015625,1,58.38037109375,8.67688274383545,32.20000076293945,2.180000066757202,0.9100000262260437,10,0.0,1,190526_193708.000000,-1.291031002998352,-3.1620137691497803,0.10044793784618378,2.799600124359131,1.8246601819992065,0.07723052054643631,-0.021929604932665825,-0.06036825850605965,0.07086828351020813,0.01819884218275547,22.0
2026-05-19T21:37:34.745311,190526_165800.984375,1,58.38039016723633,8.676759719848633,31.200000762939453,2.5999999046325684,0.9100000262260437,10,0.0,1,190526_193726.000000,-1.0549575090408325,-2.487516403198242,0.11503453552722931,2.9696075916290283,1.7968223094940186,-0.0858965590596199,0.0009197756880894303,-0.07651066035032272,0.06586623191833496,0.020085409283638,18.0
2026-05-19T21:37:37.790224,190526_165820.000000,1,58.3804817199707,8.677002906799316,30.700000762939453,12.100000381469727,0.9100000262260437,10,0.0,1,190526_193726.000000,-0.6432536244392395,-1.2411736249923706,0.18471282720565796,2.9025321006774902,1.8520532846450806,-0.12936478853225708,0.042765360325574875,-0.12471849471330643,0.06611035764217377,0.02273082733154297,18.0
2026-05-19T21:37:37.790535,190526_165820.000000,1,58.3804817199707,8.677002906799316,30.700000762939453,12.100000381469727,0.9100000262260437,10,0.0,1,190526_193726.000000,-0.6432536244392395,-1.2411736249923706,0.18471282720565796,2.9025321006774902,1.8520532846450806,-0.12936478853225708,0.042765360325574875,-0.12471849471330643,0.06611035764217377,0.02273082733154297,18.0
2026-05-19T21:37:37.790754,190526_165820.000000,1,58.3804817199707,8.677002906799316,30.700000762939453,12.100000381469727,0.9100000262260437,10,0.0,1,190526_193726.000000,-0.6432536244392395,-1.2411736249923706,0.18471282720565796,2.9025321006774902,1.8520532846450806,-0.12936478853225708,0.042765360325574875,-0.12471849471330643,0.06611035764217377,0.02273082733154297,18.0
2026-05-19T21:37:37.845756,190526_165820.000000,1,58.3804817199707,8.677002906799316,30.700000762939453,12.100000381469727,0.9100000262260437,10,0.0,1,190526_193726.000000,-0.6432536244392395,-1.2411736249923706,0.18471282720565796,2.9025321006774902,1.8520532846450806,-0.12936478853225708,0.042765360325574875,-0.12471849471330643,0.06611035764217377,0.02273082733154297,18.0
2026-05-19T21:37:40.984492,190526_165820.984375,1,58.3804817199707,8.677127838134766,30.600000381469727,14.260000228881836,0.9100000262260437,10,0.0,1,190526_193727.015625,-0.09096860885620117,-0.38301727175712585,0.1315881758928299,1.8680920600891113,1.7077579498291016,-0.13076019287109375,0.0039716437458992004,-0.014193153008818626,0.05497865006327629,0.01931276172399521,19.0
2026-05-19T21:37:43.904525,190526_165830.000000,1,58.38051986694336,8.678163528442383,30.799999237060547,23.790000915527344,0.9399999976158142,10,0.0,1,190526_193727.015625,0.40892061591148376,-0.6095320582389832,0.06614494323730469,2.1869754791259766,1.4744597673416138,0.005455724895000458,0.04089592024683952,0.05170021951198578,0.04630991071462631,0.014919477514922619,21.0
2026-05-19T21:37:43.904834,190526_165830.000000,1,58.38051986694336,8.678163528442383,30.799999237060547,23.790000915527344,0.9399999976158142,10,0.0,1,190526_193727.015625,0.40892061591148376,-0.6095320582389832,0.06614494323730469,2.1869754791259766,1.4744597673416138,0.005455724895000458,0.04089592024683952,0.05170021951198578,0.04630991071462631,0.014919477514922619,21.0
2026-05-19T21:37:43.905162,190526_165830.000000,1,58.38051986694336,8.678163528442383,30.799999237060547,23.790000915527344,0.9399999976158142,10,0.0,1,190526_193727.015625,0.40892061591148376,-0.6095320582389832,0.06614494323730469,2.1869754791259766,1.4744597673416138,0.005455724895000458,0.04089592024683952,0.05170021951198578,0.04630991071462631,0.014919477514922619,21.0
2026-05-19T21:37:43.931383,190526_165830.000000,1,58.38051986694336,8.678163528442383,30.799999237060547,23.790000915527344,0.9399999976158142,10,0.0,1,190526_193727.015625,0.40892061591148376,-0.6095320582389832,0.06614494323730469,2.1869754791259766,1.4744597673416138,0.005455724895000458,0.04089592024683952,0.05170021951198578,0.04630991071462631,0.014919477514922619,21.0
2026-05-19T21:37:46.976851,190526_165831.015625,1,58.38053894042969,8.67825984954834,31.0,23.790000915527344,0.9399999976158142,10,0.0,1,190526_193727.015625,0.9643035531044006,-0.7056785821914673,0.06745444983243942,1.1151564121246338,1.4705594778060913,-0.05564335733652115,0.009377018548548222,0.036959320306777954,0.04829651489853859,0.013435877859592438,21.0
2026-05-19T21:37:49.971491,190526_165840.000000,1,58.38064956665039,8.679251670837402,29.899999618530273,23.219999313354492,0.9399999976158142,10,0.0,1,190526_193744.984375,1.2804306745529175,-0.5639485716819763,0.14741215109825134,0.8615573048591614,1.3519763946533203,-0.03389810770750046,-0.027034759521484375,0.14089137315750122,0.05144885554909706,0.014424881897866726,21.0
2026-05-19T21:37:53.025843,190526_165840.984375,1,58.38066864013672,8.679381370544434,30.200000762939453,23.59000015258789,0.9399999976158142,10,0.0,1,190526_193744.984375,1.3248082399368286,-0.717183530330658,0.07252262532711029,1.9667506217956543,1.2645447254180908,0.02897314541041851,0.001447680639103055,0.06646797806024551,0.050245996564626694,0.012504084035754204,22.0
2026-05-19T21:37:56.102465,190526_165850.000000,1,58.38079833984375,8.680481910705566,29.700000762939453,25.59000015258789,0.9399999976158142,10,0.0,1,190526_193746.000000,1.2525910139083862,-1.1339935064315796,0.04171377420425415,2.7733242511749268,1.4212391376495361,-0.038852691650390625,0.014999553561210632,0.0023495557252317667,0.052032846957445145,0.012848321348428726,20.0
2026-05-19T21:37:59.185189,190526_165851.015625,1,58.380821228027344,8.680621147155762,29.600000381469727,26.15999984741211,0.9399999976158142,10,0.0,1,190526_193746.000000,1.0131077766418457,-0.14207598567008972,0.20162667334079742,2.5552282333374023,1.4503540992736816,-0.1937643587589264,-0.02153260074555874,-0.05142997205257416,0.05686620622873306,0.015062004327774048,20.0
2026-05-19T21:38:02.262464,190526_165900.000000,1,58.38100051879883,8.68178653717041,28.299999237060547,28.059999465942383,0.9399999976158142,10,0.0,1,190526_193746.000000,1.1857614517211914,1.1796903610229492,0.10894443839788437,3.605062246322632,1.4080414772033691,-0.09493514895439148,0.04666002839803696,0.026058586314320564,0.05147158354520798,0.015557621605694294,20.0
2026-05-19T21:38:05.409764,190526_165900.984375,1,58.38103103637695,8.681916236877441,28.100000381469727,28.059999465942383,0.9399999976158142,10,0.0,1,190526_193747.015625,1.4310534000396729,1.744145393371582,0.14446988701820374,4.22054386138916,1.5759105682373047,-0.08697915077209473,-0.01999293640255928,-0.11360657960176468,0.05241229757666588,0.014773772098124027,19.0
2026-05-19T21:38:05.410311,190526_165900.984375,1,58.38103103637695,8.681916236877441,28.100000381469727,28.059999465942383,0.9399999976158142,10,0.0,1,190526_193747.015625,1.4310534000396729,1.744145393371582,0.14446988701820374,4.22054386138916,1.5759105682373047,-0.08697915077209473,-0.01999293640255928,-0.11360657960176468,0.05241229757666588,0.014773772098124027,19.0
2026-05-19T21:38:05.410925,190526_165900.984375,1,58.38103103637695,8.681916236877441,28.100000381469727,28.059999465942383,0.9399999976158142,10,0.0,1,190526_193747.015625,1.4310534000396729,1.744145393371582,0.14446988701820374,4.22054386138916,1.5759105682373047,-0.08697915077209473,-0.01999293640255928,-0.11360657960176468,0.05241229757666588,0.014773772098124027,19.0
2026-05-19T21:38:05.430969,190526_165900.984375,1,58.38103103637695,8.681916236877441,28.100000381469727,28.059999465942383,0.9399999976158142,10,0.0,1,190526_193747.015625,1.4310534000396729,1.744145393371582,0.14446988701820374,4.22054386138916,1.5759105682373047,-0.08697915077209473,-0.01999293640255928,-0.11360657960176468,0.05241229757666588,0.014773772098124027,19.0
2026-05-19T21:38:08.274456,190526_165910.000000,1,58.38119125366211,8.683021545410156,27.299999237060547,26.579999923706055,0.9399999976158142,10,0.0,1,190526_193747.015625,1.5560503005981445,1.7298375368118286,0.05628541111946106,2.7747623920440674,1.5005853176116943,-0.009333870373666286,0.04492300748825073,-0.03260137513279915,0.05313550680875778,0.014726420864462852,17.0
2026-05-19T21:38:11.351954,190526_165911.015625,1,58.38117980957031,8.683088302612305,27.5,26.579999923706055,0.9399999976158142,10,0.0,1,190526_193804.984375,1.5237443447113037,2.075045108795166,0.12397685647010803,1.697726845741272,1.4902431964874268,-0.07482050359249115,-0.01262397225946188,-0.09804481267929077,0.05344108119606972,0.013077574782073498,17.0
2026-05-19T21:38:14.499538,190526_165912.000000,1,58.38114929199219,8.68313980102539,27.5,23.3700008392334,0.9399999976158142,10,0.0,1,190526_193804.984375,2.172982931137085,1.2464205026626587,0.18432502448558807,3.5702590942382812,1.5272400379180908,0.11690689623355865,0.08489930629730225,0.1144578754901886,0.05238167569041252,0.012413149699568748,19.0
2026-05-19T21:38:17.493591,190526_165922.000000,1,58.380680084228516,8.683246612548828,28.299999237060547,19.739999771118164,0.9100000262260437,10,0.0,1,190526_193804.984375,2.0477943420410156,-1.4773937463760376,0.11659099161624908,2.6024813652038574,1.7112789154052734,0.079517662525177,-0.03537025302648544,-0.07758446037769318,0.08085803687572479,0.02234615758061409,23.0
2026-05-19T21:38:17.494115,190526_165922.000000,1,58.380680084228516,8.683246612548828,28.299999237060547,19.739999771118164,0.9100000262260437,10,0.0,1,190526_193804.984375,2.0477943420410156,-1.4773937463760376,0.11659099161624908,2.6024813652038574,1.7112789154052734,0.079517662525177,-0.03537025302648544,-0.07758446037769318,0.08085803687572479,0.02234615758061409,23.0
2026-05-19T21:38:17.494506,190526_165922.000000,1,58.380680084228516,8.683246612548828,28.299999237060547,19.739999771118164,0.9100000262260437,10,0.0,1,190526_193804.984375,2.0477943420410156,-1.4773937463760376,0.11659099161624908,2.6024813652038574,1.7112789154052734,0.079517662525177,-0.03537025302648544,-0.07758446037769318,0.08085803687572479,0.02234615758061409,23.0
2026-05-19T21:38:17.508193,190526_165922.000000,1,58.380680084228516,8.683246612548828,28.299999237060547,19.739999771118164,0.9100000262260437,10,0.0,1,190526_193804.984375,2.0477943420410156,-1.4773937463760376,0.11659099161624908,2.6024813652038574,1.7112789154052734,0.079517662525177,-0.03537025302648544,-0.07758446037769318,0.08085803687572479,0.02234615758061409,23.0
2026-05-19T21:38:20.462940,190526_165931.015625,1,58.380149841308594,8.683566093444824,26.5,24.200000762939453,0.9900000095367432,9,0.0,1,190526_193804.984375,1.559935450553894,-4.352717399597168,0.2812235653400421,3.190096139907837,1.5458085536956787,0.27674052119255066,-0.00019782426534220576,0.050013452768325806,0.08402638882398605,0.02963084541261196,25.0
2026-05-19T21:38:23.551609,190526_165932.000000,1,58.380088806152344,8.683625221252441,26.299999237060547,24.329999923706055,0.9100000262260437,10,0.0,1,190526_193804.984375,1.165674090385437,-5.8407673835754395,0.03520315885543823,2.5211520195007324,1.5369833707809448,-0.027614958584308624,-0.0020762616768479347,-0.021733969449996948,0.07612123340368271,0.03209236264228821,29.0
2026-05-19T21:38:26.515503,190526_165940.984375,1,58.37963104248047,8.68416976928711,24.5,24.09000015258789,1.0199999809265137,9,0.0,1,190526_193804.984375,0.9441272020339966,-4.973730087280273,0.05708460137248039,4.289639472961426,1.2780189514160156,0.019828734919428825,0.022779222577810287,-0.048441506922245026,0.06312738358974457,0.02119334042072296,27.0
2026-05-19T21:38:29.675771,190526_165942.000000,1,58.37955856323242,8.684234619140625,24.200000762939453,24.360000610351562,0.9399999976158142,10,0.0,1,190526_193804.984375,0.6110801100730896,-4.907834529876709,0.06748634576797485,1.0186634063720703,1.2467641830444336,0.04615842178463936,-0.03659176081418991,-0.03293706849217415,0.05765267089009285,0.01588921993970871,26.0
2026-05-19T21:38:32.646377,190526_165951.015625,1,58.379051208496094,8.685011863708496,23.100000381469727,28.059999465942383,0.9399999976158142,10,0.0,1,190526_193804.984375,0.8175433278083801,-5.244309902191162,0.06567499786615372,1.6038057804107666,1.4894280433654785,-0.030516739934682846,-0.0023930962197482586,0.058105140924453735,0.05392804369330406,0.012507648207247257,26.0
2026-05-19T21:38:35.674296,190526_170011.015625,1,58.37794876098633,8.685857772827148,22.0,21.3799991607666,0.9399999976158142,10,0.0,1,190526_193804.984375,0.8535833954811096,-6.115993022918701,0.07909762114286423,2.098844051361084,1.5891743898391724,0.07333698123693466,0.017642054706811905,0.02380921132862568,0.05020404979586601,0.010521787218749523,24.0
2026-05-19T21:38:38.891319,190526_170022.000000,1,58.377418518066406,8.68618392944336,17.899999618530273,20.209999084472656,0.9399999976158142,10,0.0,1,190526_193824.984375,0.4379698634147644,-6.8407883644104,0.03254539147019386,3.35267972946167,1.628878116607666,-0.03158076852560043,-0.0056623476557433605,0.005458529107272625,0.04339151084423065,0.009009154513478279,28.0
2026-05-19T21:38:41.744485,190526_170032.000000,1,58.37712097167969,8.686646461486816,15.199999809265137,15.609999656677246,0.9800000190734863,9,0.0,1,190526_193824.984375,0.2649398744106293,-6.895471096038818,0.02579461969435215,2.614759922027588,1.5900942087173462,-0.010272969491779804,-0.017784688621759415,0.015605555847287178,0.04477259889245033,0.008670498616993427,26.0
2026-05-19T21:38:44.822547,190526_170032.984375,1,58.377079010009766,8.686695098876953,15.300000190734863,15.25,0.9399999976158142,10,0.0,1,190526_193824.984375,0.17889192700386047,-6.989668369293213,0.07156066596508026,5.206933498382568,1.5686672925949097,0.012059587053954601,-0.006997698452323675,0.0701892301440239,0.04370005056262016,0.009606201201677322,22.0
2026-05-19T21:38:47.986773,190526_170042.000000,1,58.37677001953125,8.687575340270996,14.199999809265137,22.979999542236328,0.9399999976158142,10,0.0,1,190526_193826.000000,0.24255117774009705,-5.257639408111572,0.12173523008823395,0.5843029618263245,1.5075573921203613,-0.1111115962266922,0.007162701804190874,-0.04921763390302658,0.05071042850613594,0.012762847356498241,22.0
2026-05-19T21:38:50.877773,190526_170043.015625,1,58.37675094604492,8.687687873840332,13.800000190734863,23.860000610351562,0.9399999976158142,10,0.0,1,190526_193826.000000,0.670474112033844,-3.3181588649749756,0.12402530014514923,0.9803223609924316,1.4215645790100098,-0.11273463815450668,0.030132444575428963,0.04201445356011391,0.05410052463412285,0.014931282959878445,20.0
2026-05-19T21:38:53.962874,190526_170052.000000,1,58.37648010253906,8.688512802124023,14.300000190734863,22.639999389648438,1.2999999523162842,9,0.0,1,190526_193846.000000,1.2627862691879272,-2.5046308040618896,0.1156066283583641,3.8034915924072266,1.5598334074020386,0.03623082488775253,0.04468435049057007,-0.10027725249528885,0.05571049824357033,0.018366970121860504,23.0
2026-05-19T21:38:57.119751,190526_170052.984375,1,58.376461029052734,8.688593864440918,14.0,22.639999389648438,1.2999999523162842,9,0.0,1,190526_193846.000000,1.6578152179718018,-1.6833363771438599,0.12188082933425903,1.2896925210952759,1.6707837581634521,-0.11725641041994095,0.01882902719080448,-0.027410583570599556,0.06109454855322838,0.02133565954864025,27.0
2026-05-19T21:39:00.123160,190526_170102.000000,1,58.3767204284668,8.688356399536133,12.800000190734863,31.329999923706055,0.9800000190734863,9,0.0,1,190526_193846.000000,1.6887872219085693,-0.7606866359710693,0.08542099595069885,3.9494998455047607,1.67326819896698,0.08511075377464294,0.002265296643599868,0.006911851465702057,0.06317880004644394,0.023141415789723396,23.0
2026-05-19T21:39:03.165683,190526_170103.015625,1,58.37675857543945,8.688207626342773,12.5,34.79999923706055,0.9399999976158142,10,0.0,1,190526_193847.015625,2.0461246967315674,-0.5990034341812134,0.13261330127716064,2.6095380783081055,1.7066651582717896,0.13220293819904327,-0.009748010896146297,0.0036946977488696575,0.06322558969259262,0.02183457463979721,27.0
2026-05-19T21:39:03.165956,190526_170103.015625,1,58.37675857543945,8.688207626342773,12.5,34.79999923706055,0.9399999976158142,10,0.0,1,190526_193847.015625,2.0461246967315674,-0.5990034341812134,0.13261330127716064,2.6095380783081055,1.7066651582717896,0.13220293819904327,-0.009748010896146297,0.0036946977488696575,0.06322558969259262,0.02183457463979721,27.0
2026-05-19T21:39:03.166767,190526_170103.015625,1,58.37675857543945,8.688207626342773,12.5,34.79999923706055,0.9399999976158142,10,0.0,1,190526_193847.015625,2.0461246967315674,-0.5990034341812134,0.13261330127716064,2.6095380783081055,1.7066651582717896,0.13220293819904327,-0.009748010896146297,0.0036946977488696575,0.06322558969259262,0.02183457463979721,27.0
2026-05-19T21:39:03.176643,190526_170103.015625,1,58.37675857543945,8.688207626342773,12.5,34.79999923706055,0.9399999976158142,10,0.0,1,190526_193847.015625,2.0461246967315674,-0.5990034341812134,0.13261330127716064,2.6095380783081055,1.7066651582717896,0.13220293819904327,-0.009748010896146297,0.0036946977488696575,0.06322558969259262,0.02183457463979721,27.0
2026-05-19T21:39:06.109488,190526_170104.000000,1,58.376808166503906,8.688033103942871,12.399999618530273,42.5099983215332,0.9900000095367432,9,0.0,1,190526_193847.015625,1.980743169784546,-1.3007519245147705,0.19184626638889313,9.394094467163086,2.0219075679779053,0.14443816244602203,0.023269597440958023,0.12410131096839905,0.06938115507364273,0.020731447264552116,24.0
2026-05-19T21:39:09.192418,190526_170112.984375,1,58.37717819213867,8.686688423156738,13.300000190734863,27.0,0.8600000143051147,11,0.0,1,190526_193904.984375,1.8615131378173828,-2.263338804244995,0.11204662173986435,3.570167064666748,1.90560781955719,0.10042478144168854,-0.04956769198179245,0.0035147040616720915,0.06803934276103973,0.018829479813575745,26.0
2026-05-19T21:39:12.273639,190526_170122.000000,1,58.37754821777344,8.686075210571289,23.299999237060547,20.889999389648438,0.800000011920929,12,0.0,1,190526_193904.984375,1.4160001277923584,-2.1801223754882812,0.07078764587640762,1.5246305465698242,1.890308141708374,0.01843344047665596,-0.047981102019548416,0.04867148399353027,0.06138734892010689,0.01609240099787712,28.0
2026-05-19T21:39:15.338756,190526_170123.015625,1,58.377601623535156,8.686050415039062,24.200000762939453,20.799999237060547,0.800000011920929,12,0.0,1,190526_193904.984375,1.5194785594940186,-2.1181771755218506,0.051537204533815384,2.6519927978515625,1.840989589691162,0.03276344761252403,0.034823592752218246,0.019234273582696915,0.06172250211238861,0.015150235965847969,24.0
2026-05-19T21:39:18.385532,190526_170124.000000,1,58.37763977050781,8.68603229522705,25.299999237060547,19.6200008392334,0.800000011920929,12,0.0,1,190526_193904.984375,0.36084333062171936,-0.8559411764144897,0.18321390450000763,3.083768129348755,1.4044586420059204,-0.04810044914484024,-0.05677133798599243,0.16742371022701263,0.05294806510210037,0.014513755217194557,22.0
2026-05-19T21:39:21.381397,190526_170132.000000,1,58.37800979614258,8.68578052520752,24.899999618530273,27.06999969482422,0.8999999761581421,11,0.0,1,190526_193904.984375,0.424741268157959,-1.2850534915924072,0.07512901723384857,3.2034988403320312,1.6121798753738403,0.040020883083343506,0.04726589471101761,-0.042528025805950165,0.045740846544504166,0.013096182607114315,20.0
2026-05-19T21:39:24.459958,190526_170132.984375,1,58.37807083129883,8.6857271194458,24.600000381469727,27.020000457763672,0.8999999761581421,11,0.0,1,190526_193904.984375,0.4376482367515564,-1.6369006633758545,0.09991082549095154,1.9495998620986938,1.678394079208374,0.08720684796571732,-0.0262506902217865,0.04108577221632004,0.04519755393266678,0.014075849205255508,20.0
2026-05-19T21:39:27.528907,190526_170212.000000,1,58.380218505859375,8.68350601196289,26.5,22.229999542236328,0.8199999928474426,12,0.0,1,190526_193904.984375,0.10517437756061554,-2.1914007663726807,0.05444098636507988,2.46914005279541,1.834122896194458,0.035001225769519806,-0.020947307348251343,0.03605475649237633,0.04409017413854599,0.012342232279479504,22.0
2026-05-19T21:39:27.529186,190526_170212.000000,1,58.380218505859375,8.68350601196289,26.5,22.229999542236328,0.8199999928474426,12,0.0,1,190526_193904.984375,0.10517437756061554,-2.1914007663726807,0.05444098636507988,2.46914005279541,1.834122896194458,0.035001225769519806,-0.020947307348251343,0.03605475649237633,0.04409017413854599,0.012342232279479504,22.0
2026-05-19T21:39:27.529307,190526_170212.000000,1,58.380218505859375,8.68350601196289,26.5,22.229999542236328,0.8199999928474426,12,0.0,1,190526_193904.984375,0.10517437756061554,-2.1914007663726807,0.05444098636507988,2.46914005279541,1.834122896194458,0.035001225769519806,-0.020947307348251343,0.03605475649237633,0.04409017413854599,0.012342232279479504,22.0
2026-05-19T21:39:27.625414,190526_170212.000000,1,58.380218505859375,8.68350601196289,26.5,22.229999542236328,0.8199999928474426,12,0.0,1,190526_193904.984375,0.10517437756061554,-2.1914007663726807,0.05444098636507988,2.46914005279541,1.834122896194458,0.035001225769519806,-0.020947307348251343,0.03605475649237633,0.04409017413854599,0.012342232279479504,22.0
2026-05-19T21:39:30.564016,190526_170220.984375,1,58.38069152832031,8.683249473571777,25.200000762939453,25.799999237060547,0.8299999833106995,12,0.0,1,190526_193907.015625,-0.40698927640914917,-4.409963130950928,0.09831071645021439,4.398168087005615,1.5752285718917847,-0.02545733004808426,-0.018300285562872887,-0.09317736327648163,0.047430455684661865,0.015441936440765858,22.0
2026-05-19T21:39:33.562988,190526_170230.000000,1,58.38117980957031,8.683136940002441,25.299999237060547,11.270000457763672,0.8299999833106995,12,0.0,1,190526_193907.015625,-0.11860105395317078,-4.603756427764893,0.10116264224052429,4.6269402503967285,1.6326159238815308,0.09104248881340027,0.023279687389731407,-0.03745930641889572,0.04733394831418991,0.015736404806375504,20.0
2026-05-19T21:39:36.645026,190526_170231.015625,1,58.38119125366211,8.683088302612305,25.5,13.760000228881836,0.8299999833106995,12,0.0,1,190526_193924.984375,0.3120986521244049,-3.849839210510254,0.17702226340770721,3.7517921924591064,1.5651512145996094,-0.12171349674463272,0.020902816206216812,-0.12682971358299255,0.04779002442955971,0.015419065952301025,20.0
2026-05-19T21:39:39.707535,190526_170240.000000,1,58.381080627441406,8.682119369506836,26.5,28.360000610351562,0.8299999833106995,12,251.27999877929688,1,190526_193924.984375,0.7356126308441162,-2.788130044937134,0.10281180590391159,3.08793044090271,1.3017334938049316,0.012406294234097004,0.06768319010734558,0.076389379799366,0.04791620001196861,0.015439390204846859,22.0
2026-05-19T21:39:42.770078,190526_170248.000000,1,58.380950927734375,8.681239128112793,26.0,27.969999313354492,0.8299999833106995,12,251.27999877929688,1,190526_193924.984375,1.1457306146621704,-1.976405382156372,0.051235925406217575,1.3826353549957275,1.3260828256607056,-0.04245145991444588,0.023947158828377724,-0.01579643040895462,0.04495808482170105,0.013747073709964752,20.0
2026-05-19T21:39:45.749243,190526_170248.984375,1,58.38093185424805,8.681148529052734,26.200000762939453,19.690000534057617,0.8299999833106995,12,251.27999877929688,1,190526_193926.000000,1.154177188873291,-2.328082323074341,0.03432079777121544,1.2089422941207886,1.3327863216400146,-0.011948712170124054,-0.006139310076832771,0.03158250451087952,0.04394080117344856,0.011470709927380085,26.0
2026-05-19T21:39:48.826427,190526_170307.015625,1,58.38066101074219,8.679035186767578,29.899999618530273,26.219999313354492,0.8299999833106995,12,251.27999877929688,1,190526_193926.000000,1.4374279975891113,-1.9194446802139282,0.10163257271051407,6.021267414093018,1.4180610179901123,-0.00020939181558787823,0.029903581365942955,-0.09713347256183624,0.042956653982400894,0.01133342832326889,22.0
2026-05-19T21:39:51.793628,190526_170315.015625,1,58.38058090209961,8.678019523620605,33.099998474121094,21.059999465942383,0.8299999833106995,12,251.27999877929688,1,190526_193927.015625,1.8235094547271729,-2.0555455684661865,0.06253926455974579,1.4711509943008423,1.3890032768249512,0.05592659115791321,0.021784719079732895,0.017572758719325066,0.041584402322769165,0.009697706438601017,26.0
2026-05-19T21:39:54.838414,190526_170316.000000,1,58.38056182861328,8.677923202514648,33.29999923706055,19.31999969482422,0.8299999833106995,12,251.27999877929688,1,190526_193927.015625,2.820950984954834,-1.6764039993286133,0.13454031944274902,2.0692572593688965,1.5292859077453613,0.059620440006256104,0.10722214728593826,-0.05522600933909416,0.04529823735356331,0.01063158642500639,28.0
2026-05-19T21:39:57.934469,190526_170324.000000,1,58.38050842285156,8.676905632019043,34.5,26.639999389648438,0.9800000190734863,11,251.27999877929688,1,190526_193927.015625,3.842362880706787,-2.4405953884124756,0.22719727456569672,2.9116392135620117,1.4801924228668213,0.19421027600765228,0.11340726166963577,0.032245296984910965,0.04806341603398323,0.01256438996642828,24.0
2026-05-19T21:40:01.036304,190526_170324.984375,1,58.38050842285156,8.676786422729492,34.70000076293945,24.670000076293945,1.1200000047683716,11,251.27999877929688,1,190526_193944.984375,3.567610263824463,-6.001389980316162,0.1846512407064438,1.453511118888855,1.3086439371109009,0.18129149079322815,-0.034416209906339645,0.006708214059472084,0.06675749272108078,0.023303259164094925,26.0
2026-05-19T21:40:04.077857,190526_170332.984375,1,58.38050842285156,8.676446914672852,35.400001525878906,0.0,0.9800000190734863,11,251.27999877929688,1,190526_193944.984375,3.6852622032165527,-4.420793533325195,0.22039709985256195,0.7532111406326294,1.2820804119110107,-0.21019142866134644,0.05686463043093681,-0.034071341156959534,0.07014333456754684,0.028020162135362625,26.0
2026-05-19T21:40:07.022525,190526_170334.000000,1,58.38050842285156,8.676448822021484,35.5,0.0,1.0800000429153442,10,251.27999877929688,1,190526_193946.000000,4.2458319664001465,-0.5211672782897949,0.1150888055562973,1.3724063634872437,1.234973430633545,-0.09922287613153458,0.05056990683078766,-0.029033390805125237,0.07927296310663223,0.0437103733420372,26.0
2026-05-19T21:40:10.120505,190526_170342.000000,1,58.38037109375,8.676163673400879,34.900001525878906,19.1299991607666,0.8899999856948853,11,251.27999877929688,1,190526_193946.000000,4.84883975982666,-0.7406197190284729,0.10422154515981674,1.1048762798309326,1.201282262802124,0.09510773420333862,-0.04235634580254555,-0.004752610810101032,0.0788700208067894,0.03889736533164978,30.0
2026-05-19T21:40:13.221160,190526_170343.015625,1,58.38032150268555,8.676112174987793,34.5,19.1299991607666,0.8299999833106995,12,251.27999877929688,1,190526_194004.000000,4.400105953216553,-1.556313157081604,0.08055344969034195,2.6788501739501953,1.435855507850647,-0.03740917146205902,-0.04166745766997337,0.05790712684392929,0.08451820909976959,0.036570530384778976,28.0
2026-05-19T21:40:16.188752,190526_170351.015625,1,58.380008697509766,8.676156997680664,31.5,19.15999984741211,0.8700000047683716,11,251.27999877929688,1,190526_194004.000000,4.4245524406433105,0.7103519439697266,0.33205756545066833,2.4945321083068848,1.8012783527374268,-0.3302185833454132,0.0322875902056694,-0.013244522735476494,0.08507441729307175,0.04112422838807106,32.0
2026-05-19T21:40:19.243730,190526_170416.984375,1,58.37797164916992,8.676647186279297,3.4000000953674316,25.219999313354492,0.8299999833106995,12,251.27999877929688,1,190526_194004.000000,3.492356061935425,3.5720274448394775,0.1368325650691986,1.7186808586120605,1.953188180923462,-0.03510882705450058,-0.12753361463546753,-0.035010021179914474,0.07686375081539154,0.03803473338484764,30.0
2026-05-19T21:40:22.412465,190526_170424.984375,1,58.37752151489258,8.676721572875977,-1.399999976158142,27.829999923706055,0.8299999833106995,12,251.27999877929688,1,190526_194004.984375,1.502397894859314,0.06812368333339691,0.187921941280365,0.31123989820480347,2.2254865169525146,0.14836227893829346,-0.10913507640361786,0.03732061758637428,0.07870908081531525,0.05318762734532356,30.0
2026-05-19T21:40:25.392989,190526_170426.000000,1,58.37744903564453,8.676735877990723,-2.0999999046325684,27.309999465942383,0.8299999833106995,12,251.27999877929688,1,190526_194004.984375,1.7658120393753052,0.30722710490226746,0.053513046354055405,2.63527774810791,2.2302393913269043,0.034356214106082916,0.03035804256796837,0.027598664164543152,0.08316075056791306,0.05036398768424988,28.0
2026-05-19T21:40:25.393382,190526_170426.000000,1,58.37744903564453,8.676735877990723,-2.0999999046325684,27.309999465942383,0.8299999833106995,12,251.27999877929688,1,190526_194004.984375,1.7658120393753052,0.30722710490226746,0.053513046354055405,2.63527774810791,2.2302393913269043,0.034356214106082916,0.03035804256796837,0.027598664164543152,0.08316075056791306,0.05036398768424988,28.0
2026-05-19T21:40:25.393641,190526_170426.000000,1,58.37744903564453,8.676735877990723,-2.0999999046325684,27.309999465942383,0.8299999833106995,12,251.27999877929688,1,190526_194004.984375,1.7658120393753052,0.30722710490226746,0.053513046354055405,2.63527774810791,2.2302393913269043,0.034356214106082916,0.03035804256796837,0.027598664164543152,0.08316075056791306,0.05036398768424988,28.0
2026-05-19T21:40:25.404466,190526_170426.000000,1,58.37744903564453,8.676735877990723,-2.0999999046325684,27.309999465942383,0.8299999833106995,12,251.27999877929688,1,190526_194004.984375,1.7658120393753052,0.30722710490226746,0.053513046354055405,2.63527774810791,2.2302393913269043,0.034356214106082916,0.03035804256796837,0.027598664164543152,0.08316075056791306,0.05036398768424988,28.0
2026-05-19T21:40:28.369847,190526_170434.000000,1,58.37696075439453,8.676812171936035,-5.199999809265137,27.309999465942383,0.8299999833106995,12,251.27999877929688,1,190526_194004.984375,2.3117599487304688,0.7532960176467896,0.10203523188829422,0.7610926628112793,2.1095473766326904,-0.05632764473557472,0.08502849191427231,-0.0029225777834653854,0.09155982732772827,0.0409884974360466,24.0
2026-05-19T21:40:31.424843,190526_170442.000000,1,58.37649917602539,8.676758766174316,-6.300000190734863,27.309999465942383,0.8299999833106995,12,251.27999877929688,1,190526_194004.984375,3.512686252593994,1.3142858743667603,0.16804230213165283,0.36116233468055725,1.7379287481307983,0.04292580112814903,-0.1592712700366974,-0.03206649050116539,0.08308078348636627,0.03247619792819023,27.0
2026-05-19T21:40:34.705843,190526_170443.015625,1,58.37643814086914,8.676739692687988,-6.400000095367432,25.719999313354492,0.8299999833106995,12,251.27999877929688,1,190526_194024.000000,2.8854422569274902,1.4447271823883057,0.11536281555891037,0.8310521245002747,1.7175532579421997,-0.10521384328603745,0.03211206570267677,0.03474826738238335,0.06922528147697449,0.02387920767068863,25.0
2026-05-19T21:40:34.706166,190526_170443.015625,1,58.37643814086914,8.676739692687988,-6.400000095367432,25.719999313354492,0.8299999833106995,12,251.27999877929688,1,190526_194024.000000,2.8854422569274902,1.4447271823883057,0.11536281555891037,0.8310521245002747,1.7175532579421997,-0.10521384328603745,0.03211206570267677,0.03474826738238335,0.06922528147697449,0.02387920767068863,25.0
2026-05-19T21:40:34.706293,190526_170443.015625,1,58.37643814086914,8.676739692687988,-6.400000095367432,25.719999313354492,0.8299999833106995,12,251.27999877929688,1,190526_194024.000000,2.8854422569274902,1.4447271823883057,0.11536281555891037,0.8310521245002747,1.7175532579421997,-0.10521384328603745,0.03211206570267677,0.03474826738238335,0.06922528147697449,0.02387920767068863,25.0
2026-05-19T21:40:34.725676,190526_170443.015625,1,58.37643814086914,8.676739692687988,-6.400000095367432,25.719999313354492,0.8299999833106995,12,251.27999877929688,1,190526_194024.000000,2.8854422569274902,1.4447271823883057,0.11536281555891037,0.8310521245002747,1.7175532579421997,-0.10521384328603745,0.03211206570267677,0.03474826738238335,0.06922528147697449,0.02387920767068863,25.0
2026-05-19T21:40:37.581868,190526_170451.015625,1,58.37594985961914,8.676451683044434,-6.0,11.789999961853027,0.8299999833106995,12,251.27999877929688,1,190526_194024.000000,3.8417677879333496,3.676663637161255,0.21975287795066833,1.2141281366348267,1.5997241735458374,-0.20129640400409698,0.043997492641210556,0.07638918608427048,0.07467497140169144,0.0321335606276989,25.0
2026-05-19T21:40:40.607538,190526_170452.000000,1,58.375919342041016,8.676459312438965,-5.900000095367432,11.449999809265137,0.8299999833106995,12,251.27999877929688,1,190526_194024.000000,2.93477463722229,6.977229595184326,0.12252368777990341,1.021891713142395,1.4124852418899536,0.03158244490623474,-0.09528739750385284,-0.07024896144866943,0.07764393836259842,0.04245750978589058,23.0
2026-05-19T21:40:43.564505,190526_170500.000000,1,58.37580871582031,8.677229881286621,-4.400000095367432,29.459999084472656,0.8299999833106995,12,251.27999877929688,1,190526_194024.984375,1.4805155992507935,3.2059755325317383,0.27286919951438904,0.7836629748344421,1.183226466178894,0.2697678804397583,-0.03249228000640869,-0.025042979046702385,0.06910515576601028,0.051997724920511246,21.0
2026-05-19T21:40:46.607091,190526_170508.000000,1,58.37567901611328,8.678462028503418,-4.400000095367432,33.41999816894531,0.8299999833106995,12,251.27999877929688,1,190526_194024.984375,1.2778244018554688,-0.8629903197288513,0.2833334803581238,0.45305001735687256,1.1888073682785034,0.2674124538898468,-0.0877339094877243,-0.03272920846939087,0.07478337734937668,0.07351996749639511,19.0
2026-05-19T21:40:49.758703,190526_170508.984375,1,58.37567138671875,8.678613662719727,-4.5,33.41999816894531,0.8299999833106995,12,251.27999877929688,1,190526_194024.984375,-1.6787621974945068,-3.5024397373199463,0.41951751708984375,5.107926368713379,1.1928331851959229,0.1787993311882019,-0.37732231616973877,0.04066493362188339,0.08325746655464172,0.09355954825878143,19.0
2026-05-19T21:40:52.761514,190526_170516.984375,1,58.3754997253418,8.6792631149292,-3.5999999046325684,33.41999816894531,1.1299999952316284,11,251.27999877929688,1,190526_194024.984375,-5.648105621337891,-3.147049903869629,0.14435619115829468,1.4106389284133911,1.2676749229431152,-0.11187735944986343,-0.0749581903219223,-0.051994580775499344,0.08962768316268921,0.09816399216651917,19.0
2026-05-19T21:40:55.842466,190526_170526.000000,1,58.37501907348633,8.67883014678955,-3.4000000953674316,23.700000762939453,0.8299999833106995,12,251.27999877929688,1,190526_194024.984375,-5.016608238220215,-3.0869545936584473,0.08524396270513535,1.2097967863082886,1.479954481124878,0.0459928996860981,0.07043558359146118,-0.013784535229206085,0.1303446739912033,0.08152184635400772,21.0
2026-05-19T21:40:58.862713,190526_170534.000000,1,58.374610900878906,8.678430557250977,-1.899999976158142,20.469999313354492,0.8299999833106995,12,251.27999877929688,1,190526_194024.984375,-3.4008729457855225,-3.6938493251800537,0.13115845620632172,3.2418811321258545,1.7256571054458618,0.06923215836286545,0.09127296507358551,0.06386464834213257,0.1145884320139885,0.05531872436404228,25.0
2026-05-19T21:40:58.862996,190526_170534.000000,1,58.374610900878906,8.678430557250977,-1.899999976158142,20.469999313354492,0.8299999833106995,12,251.27999877929688,1,190526_194024.984375,-3.4008729457855225,-3.6938493251800537,0.13115845620632172,3.2418811321258545,1.7256571054458618,0.06923215836286545,0.09127296507358551,0.06386464834213257,0.1145884320139885,0.05531872436404228,25.0
2026-05-19T21:40:58.863184,190526_170534.000000,1,58.374610900878906,8.678430557250977,-1.899999976158142,20.469999313354492,0.8299999833106995,12,251.27999877929688,1,190526_194024.984375,-3.4008729457855225,-3.6938493251800537,0.13115845620632172,3.2418811321258545,1.7256571054458618,0.06923215836286545,0.09127296507358551,0.06386464834213257,0.1145884320139885,0.05531872436404228,25.0
2026-05-19T21:40:58.869520,190526_170534.000000,1,58.374610900878906,8.678430557250977,-1.899999976158142,20.469999313354492,0.8299999833106995,12,251.27999877929688,1,190526_194024.984375,-3.4008729457855225,-3.6938493251800537,0.13115845620632172,3.2418811321258545,1.7256571054458618,0.06923215836286545,0.09127296507358551,0.06386464834213257,0.1145884320139885,0.05531872436404228,25.0
2026-05-19T21:41:01.862767,190526_170535.015625,1,58.37458038330078,8.678386688232422,-1.7000000476837158,20.459999084472656,0.8299999833106995,12,251.27999877929688,1,190526_194044.000000,-2.293320417404175,-3.4646146297454834,0.08427216857671738,4.295470714569092,1.7785091400146484,-0.0830831453204155,0.0002607895585242659,-0.014103937894105911,0.05751633644104004,0.023124918341636658,21.0
2026-05-19T21:41:04.987427,190526_170543.015625,1,58.37419128417969,8.678098678588867,-1.2999999523162842,14.390000343322754,0.8700000047683716,11,251.27999877929688,1,190526_194044.000000,-1.694886326789856,-3.6952316761016846,0.07963717728853226,3.963940382003784,1.73386812210083,0.05908207595348358,0.05281661078333855,-0.007860969752073288,0.057978544384241104,0.019867734983563423,21.0
2026-05-19T21:41:04.987731,190526_170543.015625,1,58.37419128417969,8.678098678588867,-1.2999999523162842,14.390000343322754,0.8700000047683716,11,251.27999877929688,1,190526_194044.000000,-1.694886326789856,-3.6952316761016846,0.07963717728853226,3.963940382003784,1.73386812210083,0.05908207595348358,0.05281661078333855,-0.007860969752073288,0.057978544384241104,0.019867734983563423,21.0
2026-05-19T21:41:07.944328,190526_170544.000000,1,58.37416076660156,8.678082466125488,-1.399999976158142,11.289999961853027,0.8700000047683716,11,251.27999877929688,1,190526_194044.000000,-0.7822027206420898,-2.387019634246826,0.16401822865009308,4.401291847229004,1.6512459516525269,-0.144594207406044,0.03925854712724686,-0.0667327344417572,0.05579429119825363,0.020381875336170197,23.0
2026-05-19T21:41:11.048250,190526_170551.015625,1,58.374061584472656,8.678056716918945,-3.0999999046325684,11.289999961853027,0.8100000023841858,12,251.27999877929688,1,190526_194044.984375,-0.6631320118904114,-1.2865551710128784,0.05198662728071213,4.306760787963867,1.6500920057296753,-0.0017887066351249814,0.046334195882081985,-0.023506425321102142,0.05367417261004448,0.017616724595427513,19.0
2026-05-19T21:41:14.159840,190526_170552.000000,1,58.374061584472656,8.678057670593262,-3.200000047683716,0.0,0.8100000023841858,12,251.27999877929688,1,190526_194044.984375,-0.06340302526950836,-0.05940362438559532,0.04794889688491821,2.022597312927246,1.6776295900344849,0.04371238127350807,0.00947494339197874,-0.017278604209423065,0.057727813720703125,0.019833145663142204,19.0
2026-05-19T21:41:17.065081,190526_170600.000000,1,58.374080657958984,8.678030014038086,-3.0999999046325684,0.0,0.8100000023841858,12,251.27999877929688,1,190526_194103.015625,0.6352471113204956,0.8995246291160583,0.12906640768051147,1.629386305809021,1.845380187034607,-0.06979071348905563,0.04615199193358421,0.09827201813459396,0.05108926445245743,0.01856386475265026,23.0
2026-05-19T21:41:17.065366,190526_170600.000000,1,58.374080657958984,8.678030014038086,-3.0999999046325684,0.0,0.8100000023841858,12,251.27999877929688,1,190526_194103.015625,0.6352471113204956,0.8995246291160583,0.12906640768051147,1.629386305809021,1.845380187034607,-0.06979071348905563,0.04615199193358421,0.09827201813459396,0.05108926445245743,0.01856386475265026,23.0
2026-05-19T21:41:17.065696,190526_170600.000000,1,58.374080657958984,8.678030014038086,-3.0999999046325684,0.0,0.8100000023841858,12,251.27999877929688,1,190526_194103.015625,0.6352471113204956,0.8995246291160583,0.12906640768051147,1.629386305809021,1.845380187034607,-0.06979071348905563,0.04615199193358421,0.09827201813459396,0.05108926445245743,0.01856386475265026,23.0
2026-05-19T21:41:17.109105,190526_170600.000000,1,58.374080657958984,8.678030014038086,-3.0999999046325684,0.0,0.8100000023841858,12,251.27999877929688,1,190526_194103.015625,0.6352471113204956,0.8995246291160583,0.12906640768051147,1.629386305809021,1.845380187034607,-0.06979071348905563,0.04615199193358421,0.09827201813459396,0.05108926445245743,0.01856386475265026,23.0
2026-05-19T21:41:20.183513,190526_170608.984375,1,58.374271392822266,8.67821979522705,-3.299999952316284,19.110000610351562,0.8299999833106995,12,251.27999877929688,1,190526_194103.015625,0.7688887715339661,0.8309192061424255,0.08119389414787292,1.7825485467910767,1.8767693042755127,-0.018103228881955147,0.040014222264289856,0.06829043477773666,0.05317026376724243,0.01879546232521534,22.0
2026-05-19T21:41:20.183725,190526_170608.984375,1,58.374271392822266,8.67821979522705,-3.299999952316284,19.110000610351562,0.8299999833106995,12,251.27999877929688,1,190526_194103.015625,0.7688887715339661,0.8309192061424255,0.08119389414787292,1.7825485467910767,1.8767693042755127,-0.018103228881955147,0.040014222264289856,0.06829043477773666,0.05317026376724243,0.01879546232521534,22.0
2026-05-19T21:41:20.184164,190526_170608.984375,1,58.374271392822266,8.67821979522705,-3.299999952316284,19.110000610351562,0.8299999833106995,12,251.27999877929688,1,190526_194103.015625,0.7688887715339661,0.8309192061424255,0.08119389414787292,1.7825485467910767,1.8767693042755127,-0.018103228881955147,0.040014222264289856,0.06829043477773666,0.05317026376724243,0.01879546232521534,22.0
2026-05-19T21:41:23.249919,190526_170610.000000,1,58.37432098388672,8.678263664245605,-3.5,19.010000228881836,0.8299999833106995,12,251.27999877929688,1,190526_194103.015625,1.0717523097991943,-0.17924779653549194,0.16494503617286682,1.6550607681274414,1.864276647567749,0.15787431597709656,0.024806056171655655,-0.040831681340932846,0.052255779504776,0.01726333610713482,28.0
2026-05-19T21:41:26.315620,190526_170618.000000,1,58.37472152709961,8.678568840026855,-2.200000047683716,17.65999984741211,0.8299999833106995,12,251.27999877929688,1,190526_194122.000000,1.2216254472732544,-0.9510287642478943,0.12218137830495834,2.147488594055176,1.7772183418273926,0.07337865978479385,0.022848403081297874,0.09498322755098343,0.0458873026072979,0.013854511082172394,28.0
2026-05-19T21:41:29.284964,190526_170619.015625,1,58.374759674072266,8.678594589233398,-2.200000047683716,17.65999984741211,0.8100000023841858,12,251.27999877929688,1,190526_194122.000000,1.242630124092102,-2.1070194244384766,0.1034109964966774,4.210597991943359,1.6631845235824585,0.09136446565389633,-0.04616688936948776,-0.01466243714094162,0.05001436173915863,0.01571659743785858,26.0
2026-05-19T21:41:32.289955,190526_170627.015625,1,58.37508010864258,8.678851127624512,-1.0,18.030000686645508,0.8500000238418579,11,251.27999877929688,1,190526_194123.015625,0.6869546175003052,-2.7213544845581055,0.07438365370035172,0.7146387100219727,1.6420978307724,-0.062359295785427094,-0.026455827057361603,-0.030730031430721283,0.050685543566942215,0.014639719389379025,22.0
2026-05-19T21:41:35.523671,190526_170628.000000,1,58.375118255615234,8.678894996643066,-1.2999999523162842,19.18000030517578,0.8299999833106995,12,251.27999877929688,1,190526_194123.015625,0.6202880144119263,-1.3456984758377075,0.22339199483394623,0.7367708086967468,1.5464913845062256,-0.22184981405735016,0.011578435078263283,0.02350708097219467,0.05295953154563904,0.016685321927070618,22.0
2026-05-19T21:41:35.523982,190526_170628.000000,1,58.375118255615234,8.678894996643066,-1.2999999523162842,19.18000030517578,0.8299999833106995,12,251.27999877929688,1,190526_194123.015625,0.6202880144119263,-1.3456984758377075,0.22339199483394623,0.7367708086967468,1.5464913845062256,-0.22184981405735016,0.011578435078263283,0.02350708097219467,0.05295953154563904,0.016685321927070618,22.0
2026-05-19T21:41:38.399785,190526_170636.000000,1,58.3754997253418,8.679261207580566,1.2999999523162842,16.1200008392334,0.8299999833106995,12,251.27999877929688,1,190526_194123.015625,0.8570581674575806,-0.6650429964065552,0.09594675898551941,2.30178165435791,1.506147861480713,-0.08130590617656708,-0.02304043620824814,-0.045434221625328064,0.05280739814043045,0.015412245877087116,22.0
2026-05-19T21:41:41.470445,190526_170636.984375,1,58.37553024291992,8.679285049438477,1.7000000476837158,11.199999809265137,0.8299999833106995,12,251.27999877929688,1,190526_194123.015625,0.8827383518218994,-0.41500648856163025,0.11745741963386536,2.1866350173950195,1.330257773399353,-0.02978389337658882,-0.004550070036202669,0.11352736502885818,0.04547234997153282,0.0122586190700531,22.0
2026-05-19T21:41:41.470745,190526_170636.984375,1,58.37553024291992,8.679285049438477,1.7000000476837158,11.199999809265137,0.8299999833106995,12,251.27999877929688,1,190526_194123.015625,0.8827383518218994,-0.41500648856163025,0.11745741963386536,2.1866350173950195,1.330257773399353,-0.02978389337658882,-0.004550070036202669,0.11352736502885818,0.04547234997153282,0.0122586190700531,22.0
2026-05-19T21:41:41.470912,190526_170636.984375,1,58.37553024291992,8.679285049438477,1.7000000476837158,11.199999809265137,0.8299999833106995,12,251.27999877929688,1,190526_194123.015625,0.8827383518218994,-0.41500648856163025,0.11745741963386536,2.1866350173950195,1.330257773399353,-0.02978389337658882,-0.004550070036202669,0.11352736502885818,0.04547234997153282,0.0122586190700531,22.0
2026-05-19T21:41:41.490422,190526_170636.984375,1,58.37553024291992,8.679285049438477,1.7000000476837158,11.199999809265137,0.8299999833106995,12,251.27999877929688,1,190526_194123.015625,0.8827383518218994,-0.41500648856163025,0.11745741963386536,2.1866350173950195,1.330257773399353,-0.02978389337658882,-0.004550070036202669,0.11352736502885818,0.04547234997153282,0.0122586190700531,22.0
2026-05-19T21:41:44.474404,190526_170654.000000,1,58.37580108642578,8.677488327026367,-1.600000023841858,32.380001068115234,0.8399999737739563,12,251.27999877929688,1,190526_194123.015625,0.30964285135269165,-2.557504177093506,0.1533435434103012,3.1552517414093018,1.2750637531280518,0.1134897917509079,-0.019266821444034576,-0.10130695253610611,0.05538385361433029,0.014616526663303375,21.0
2026-05-19T21:41:47.604690,190526_170702.000000,1,58.375911712646484,8.67654037475586,-3.4000000953674316,11.170000076293945,0.75,13,251.27999877929688,1,190526_194123.015625,0.04047625884413719,-3.2618370056152344,0.06083696335554123,3.1962428092956543,1.3003365993499756,0.058659255504608154,-0.012316534295678139,-0.010417796671390533,0.05337423086166382,0.01317264698445797,23.0
2026-05-19T21:41:50.621515,190526_170711.015625,1,58.375511169433594,8.675856590270996,-5.699999809265137,34.0,0.75,13,251.27999877929688,1,190526_194123.015625,-0.4623083174228668,-3.601358413696289,0.07907260954380035,2.3834943771362305,1.319754958152771,-0.012084612622857094,-0.06314858049154282,-0.04602930322289467,0.053137246519327164,0.013292218558490276,27.0
2026-05-19T21:41:53.702132,190526_170720.000000,1,58.375,8.675276756286621,-4.699999809265137,29.5,0.8399999737739563,12,251.27999877929688,1,190526_194143.015625,-0.6187591552734375,-4.786051273345947,0.07106147706508636,3.298041343688965,1.2347521781921387,-0.04240258038043976,-0.019028440117836,-0.05375567823648453,0.05011564493179321,0.013615968637168407,28.0
2026-05-19T21:41:56.654485,190526_170736.984375,1,58.37411880493164,8.674272537231445,1.0,25.469999313354492,0.75,13,251.27999877929688,1,190526_194143.015625,-0.6879790425300598,-4.7064080238342285,0.13240447640419006,2.5183470249176025,1.1966689825057983,-0.03800142928957939,0.002399652497842908,-0.1268111914396286,0.04240654408931732,0.010254638269543648,26.0
2026-05-19T21:41:59.800522,190526_170738.000000,1,58.374080657958984,8.674173355102539,0.699999988079071,27.280000686645508,0.75,13,251.27999877929688,1,190526_194143.015625,-0.6877437829971313,-4.390915393829346,0.11077776551246643,2.9868428707122803,1.1844550371170044,-0.07009890675544739,0.028124097734689713,0.08103635162115097,0.03915047645568848,0.00932993646711111,26.0
2026-05-19T21:41:59.800747,190526_170738.000000,1,58.374080657958984,8.674173355102539,0.699999988079071,27.280000686645508,0.75,13,251.27999877929688,1,190526_194143.015625,-0.6877437829971313,-4.390915393829346,0.11077776551246643,2.9868428707122803,1.1844550371170044,-0.07009890675544739,0.028124097734689713,0.08103635162115097,0.03915047645568848,0.00932993646711111,26.0
2026-05-19T21:41:59.801185,190526_170738.000000,1,58.374080657958984,8.674173355102539,0.699999988079071,27.280000686645508,0.75,13,251.27999877929688,1,190526_194143.015625,-0.6877437829971313,-4.390915393829346,0.11077776551246643,2.9868428707122803,1.1844550371170044,-0.07009890675544739,0.028124097734689713,0.08103635162115097,0.03915047645568848,0.00932993646711111,26.0
2026-05-19T21:41:59.820774,190526_170738.000000,1,58.374080657958984,8.674173355102539,0.699999988079071,27.280000686645508,0.75,13,251.27999877929688,1,190526_194143.015625,-0.6877437829971313,-4.390915393829346,0.11077776551246643,2.9868428707122803,1.1844550371170044,-0.07009890675544739,0.028124097734689713,0.08103635162115097,0.03915047645568848,0.00932993646711111,26.0
2026-05-19T21:42:02.808433,190526_170746.000000,1,58.373809814453125,8.67353343963623,-0.4000000059604645,17.739999771118164,0.75,13,251.27999877929688,1,190526_194144.000000,-0.5119040012359619,-2.9985923767089844,0.11577269434928894,2.1860525608062744,1.0803430080413818,-0.10594109445810318,0.011856451630592346,0.0451577790081501,0.042850311845541,0.010203433223068714,20.0
2026-05-19T21:42:05.844461,190526_170747.015625,1,58.3737907409668,8.6734619140625,-0.4000000059604645,18.6200008392334,0.75,13,251.27999877929688,1,190526_194144.000000,-0.41440704464912415,-1.8736358880996704,0.12016782909631729,1.5293331146240234,1.082496166229248,-0.11788707226514816,-0.004463940393179655,-0.02286953292787075,0.04001487046480179,0.01011284813284874,20.0
2026-05-19T21:42:05.845172,190526_170747.015625,1,58.3737907409668,8.6734619140625,-0.4000000059604645,18.6200008392334,0.75,13,251.27999877929688,1,190526_194144.000000,-0.41440704464912415,-1.8736358880996704,0.12016782909631729,1.5293331146240234,1.082496166229248,-0.11788707226514816,-0.004463940393179655,-0.02286953292787075,0.04001487046480179,0.01011284813284874,20.0
2026-05-19T21:42:05.845413,190526_170747.015625,1,58.3737907409668,8.6734619140625,-0.4000000059604645,18.6200008392334,0.75,13,251.27999877929688,1,190526_194144.000000,-0.41440704464912415,-1.8736358880996704,0.12016782909631729,1.5293331146240234,1.082496166229248,-0.11788707226514816,-0.004463940393179655,-0.02286953292787075,0.04001487046480179,0.01011284813284874,20.0
2026-05-19T21:42:05.956474,190526_170747.015625,1,58.3737907409668,8.6734619140625,-0.4000000059604645,18.6200008392334,0.75,13,251.27999877929688,1,190526_194144.000000,-0.41440704464912415,-1.8736358880996704,0.12016782909631729,1.5293331146240234,1.082496166229248,-0.11788707226514816,-0.004463940393179655,-0.02286953292787075,0.04001487046480179,0.01011284813284874,20.0
2026-05-19T21:42:08.884405,190526_170755.015625,1,58.37358093261719,8.672886848449707,0.0,16.329999923706055,0.75,13,251.27999877929688,1,190526_194144.000000,0.21562440693378448,-0.254671186208725,0.13779295980930328,0.7350006699562073,1.0355521440505981,-0.11524778604507446,0.05032471567392349,0.056322887539863586,0.04167912155389786,0.012157930061221123,25.0
2026-05-19T21:42:11.975004,190526_170756.000000,1,58.37356185913086,8.672820091247559,-0.20000000298023224,16.700000762939453,0.75,13,251.27999877929688,1,190526_194144.000000,0.8294192552566528,1.0277272462844849,0.18057352304458618,3.9649338722229004,1.117173194885254,-0.08722158521413803,0.05649225786328316,-0.14767469465732574,0.043578293174505234,0.014055880717933178,27.0
2026-05-19T21:42:15.019917,190526_170804.000000,1,58.373390197753906,8.672323226928711,2.799999952316284,11.890000343322754,0.75,13,251.27999877929688,1,190526_194203.015625,0.9793797135353088,0.5407865047454834,0.2143230140209198,6.444739818572998,1.7123570442199707,0.19157150387763977,0.006313330959528685,-0.09588981419801712,0.04784494265913963,0.014699307270348072,29.0
2026-05-19T21:42:18.025551,190526_170812.000000,1,58.37337112426758,8.672258377075195,3.0999999046325684,0.0,0.75,13,251.27999877929688,1,190526_194203.015625,1.073129653930664,0.9142665266990662,0.0956726223230362,4.056667327880859,1.7794077396392822,0.043882232159376144,0.07047641277313232,-0.04754657298326492,0.05050533637404442,0.014162903651595116,31.0
2026-05-19T21:42:21.123322,190526_170820.984375,1,58.37331008911133,8.672001838684082,3.5999999046325684,20.989999771118164,0.75,13,251.27999877929688,1,190526_194203.015625,1.506384253501892,-0.44388818740844727,0.05331898108124733,3.1784262657165527,1.904905915260315,0.02651648223400116,0.021186748519539833,0.04112069681286812,0.05743987113237381,0.0164065882563591,28.0
2026-05-19T21:42:24.168331,190526_170822.000000,1,58.373260498046875,8.67194652557373,3.5999999046325684,24.90999984741211,0.75,13,251.27999877929688,1,190526_194204.000000,1.5489025115966797,0.055864084511995316,0.09144505858421326,0.836225152015686,1.9651410579681396,-0.07069717347621918,-0.01433586422353983,-0.05620134621858597,0.058037396520376205,0.01490666251629591,24.0
2026-05-19T21:42:24.168671,190526_170822.000000,1,58.373260498046875,8.67194652557373,3.5999999046325684,24.90999984741211,0.75,13,251.27999877929688,1,190526_194204.000000,1.5489025115966797,0.055864084511995316,0.09144505858421326,0.836225152015686,1.9651410579681396,-0.07069717347621918,-0.01433586422353983,-0.05620134621858597,0.058037396520376205,0.01490666251629591,24.0
2026-05-19T21:42:24.168846,190526_170822.000000,1,58.373260498046875,8.67194652557373,3.5999999046325684,24.90999984741211,0.75,13,251.27999877929688,1,190526_194204.000000,1.5489025115966797,0.055864084511995316,0.09144505858421326,0.836225152015686,1.9651410579681396,-0.07069717347621918,-0.01433586422353983,-0.05620134621858597,0.058037396520376205,0.01490666251629591,24.0
2026-05-19T21:42:24.193181,190526_170822.000000,1,58.373260498046875,8.67194652557373,3.5999999046325684,24.90999984741211,0.75,13,251.27999877929688,1,190526_194204.000000,1.5489025115966797,0.055864084511995316,0.09144505858421326,0.836225152015686,1.9651410579681396,-0.07069717347621918,-0.01433586422353983,-0.05620134621858597,0.058037396520376205,0.01490666251629591,24.0
2026-05-19T21:42:27.141255,190526_170830.000000,1,58.372440338134766,8.671568870544434,3.799999952316284,46.40999984741211,0.8100000023841858,12,251.27999877929688,1,190526_194204.000000,1.4279446601867676,0.6491422057151794,0.059397052973508835,1.6571080684661865,1.6350957155227661,-0.034622713923454285,-0.03313514217734337,0.03509046137332916,0.05380433052778244,0.01305499766021967,22.0
2026-05-19T21:42:30.193632,190526_170831.015625,1,58.37234878540039,8.671512603759766,5.300000190734863,43.43000030517578,0.8100000023841858,12,251.27999877929688,1,190526_194204.000000,0.6813496351242065,1.1302586793899536,0.10956050455570221,1.2000856399536133,1.4519933462142944,-0.0767228752374649,-0.06585638970136642,0.042190536856651306,0.040863651782274246,0.009518606588244438,19.0
2026-05-19T21:42:33.302041,190526_170839.015625,1,58.371829986572266,8.670450210571289,4.199999809265137,43.43000030517578,0.75,13,251.27999877929688,1,190526_194204.000000,0.46787071228027344,1.3357610702514648,0.04825713485479355,2.817330837249756,1.0674030780792236,-0.04225045070052147,0.004495024215430021,-0.02287892997264862,0.03152095153927803,0.007646874058991671,19.0
2026-05-19T21:42:36.381339,190526_170840.000000,1,58.37184143066406,8.67021656036377,3.5999999046325684,41.959999084472656,0.75,13,251.27999877929688,1,190526_194224.984375,0.1799892634153366,0.6327111124992371,0.09807702898979187,1.3830370903015137,1.0757073163986206,0.08275441825389862,-0.0036407120060175657,-0.052512429654598236,0.04150315746665001,0.009759252890944481,17.0
2026-05-19T21:42:39.351949,190526_170848.000000,1,58.372398376464844,8.66895866394043,2.5999999046325684,40.0099983215332,1.090000033378601,9,251.27999877929688,1,190526_194224.984375,0.28817349672317505,-0.4687986671924591,0.13882988691329956,2.0705642700195312,1.1914445161819458,0.1275501549243927,0.04560720920562744,-0.0304084662348032,0.0464182011783123,0.011272161267697811,21.0
2026-05-19T21:42:42.397428,190526_170856.984375,1,58.37295913696289,8.667580604553223,0.699999988079071,41.09000015258789,0.75,13,251.27999877929688,1,190526_194224.984375,0.503020167350769,-1.315887689590454,0.040763095021247864,2.2049129009246826,1.3838504552841187,0.033675678074359894,0.009563751518726349,-0.020883329212665558,0.04919632896780968,0.012343023903667927,24.0
2026-05-19T21:42:45.477047,190526_170906.000000,1,58.37372970581055,8.66635799407959,8.0,42.5,0.800000011920929,12,251.27999877929688,1,190526_194226.000000,0.20278286933898926,-2.020305871963501,0.08864924311637878,2.023138999938965,1.6720398664474487,0.06644321978092194,-0.01719408668577671,0.05611015856266022,0.05331813171505928,0.01325253490358591,24.0
2026-05-19T21:42:48.484594,190526_170915.015625,1,58.37377166748047,8.664881706237793,13.899999618530273,24.360000610351562,0.75,13,251.27999877929688,1,190526_194226.000000,0.34414008259773254,-2.5501534938812256,0.04766067489981651,1.4279402494430542,1.6120600700378418,0.028635019436478615,0.021872274577617645,0.03119581751525402,0.04965835064649582,0.011642816476523876,26.0
2026-05-19T21:42:51.561390,190526_170906.000000,1,58.37372970581055,8.66635799407959,8.0,42.5,0.800000011920929,12,251.27999877929688,1,190526_194226.000000,-0.02916855551302433,-2.8200855255126953,0.056350789964199066,1.5143506526947021,1.8579721450805664,0.04954591020941734,-0.01707940362393856,0.020710095763206482,0.048657238483428955,0.010180669836699963,22.0
2026-05-19T21:42:54.520488,190526_170856.984375,1,58.37295913696289,8.667580604553223,0.699999988079071,41.09000015258789,0.75,13,251.27999877929688,1,190526_194226.000000,-0.4072137773036957,-3.826801061630249,0.07329494506120682,1.4643383026123047,1.7990310192108154,0.0700528547167778,0.0038858086336404085,-0.02120487578213215,0.04772752523422241,0.010093611665070057,19.0
2026-05-19T21:42:57.721019,190526_170848.000000,1,58.372398376464844,8.66895866394043,2.5999999046325684,40.0099983215332,1.090000033378601,9,251.27999877929688,1,190526_194226.000000,-0.4531185030937195,-3.1050496101379395,0.2316814661026001,2.359926223754883,1.495518684387207,-0.2315179705619812,-0.008099441416561604,-0.003182237036526203,0.044648054987192154,0.009614464826881886,19.0
2026-05-19T21:43:00.718678,190526_170840.000000,1,58.37184143066406,8.67021656036377,3.5999999046325684,41.959999084472656,0.75,13,251.27999877929688,1,190526_194226.000000,-0.7430745959281921,-2.774186611175537,0.22773386538028717,3.604631185531616,1.172506332397461,-0.1978473663330078,-0.002370928879827261,0.11275419592857361,0.04345022141933441,0.009740575216710567,21.0
2026-05-19T21:43:03.664366,190526_170839.015625,1,58.371829986572266,8.670450210571289,4.199999809265137,43.43000030517578,0.75,13,251.27999877929688,1,190526_194246.000000,-0.859967052936554,-2.6229376792907715,0.08018612116575241,2.488607406616211,1.2250174283981323,-0.026865005493164062,0.07123715430498123,0.025166518986225128,0.039394427090883255,0.008942341431975365,25.0
2026-05-19T21:43:06.768476,190526_170831.015625,1,58.37234878540039,8.671512603759766,5.300000190734863,43.43000030517578,0.8100000023841858,12,251.27999877929688,1,190526_194246.000000,-0.6869368553161621,-2.0751519203186035,0.1312812864780426,3.8671698570251465,1.2464672327041626,-0.12211084365844727,0.013448141515254974,0.04629112035036087,0.03889389708638191,0.009213577024638653,23.0
2026-05-19T21:43:06.768782,190526_170831.015625,1,58.37234878540039,8.671512603759766,5.300000190734863,43.43000030517578,0.8100000023841858,12,251.27999877929688,1,190526_194246.000000,-0.6869368553161621,-2.0751519203186035,0.1312812864780426,3.8671698570251465,1.2464672327041626,-0.12211084365844727,0.013448141515254974,0.04629112035036087,0.03889389708638191,0.009213577024638653,23.0
2026-05-19T21:43:06.768937,190526_170831.015625,1,58.37234878540039,8.671512603759766,5.300000190734863,43.43000030517578,0.8100000023841858,12,251.27999877929688,1,190526_194246.000000,-0.6869368553161621,-2.0751519203186035,0.1312812864780426,3.8671698570251465,1.2464672327041626,-0.12211084365844727,0.013448141515254974,0.04629112035036087,0.03889389708638191,0.009213577024638653,23.0
2026-05-19T21:43:06.916483,190526_170831.015625,1,58.37234878540039,8.671512603759766,5.300000190734863,43.43000030517578,0.8100000023841858,12,251.27999877929688,1,190526_194246.000000,-0.6869368553161621,-2.0751519203186035,0.1312812864780426,3.8671698570251465,1.2464672327041626,-0.12211084365844727,0.013448141515254974,0.04629112035036087,0.03889389708638191,0.009213577024638653,23.0
2026-05-19T21:43:09.853372,190526_170830.000000,1,58.372440338134766,8.671568870544434,3.799999952316284,46.40999984741211,0.8100000023841858,12,251.27999877929688,1,190526_194246.000000,-0.6782326698303223,-1.7167739868164062,0.08073633164167404,2.8120529651641846,1.3073759078979492,0.07402918487787247,-0.02790096588432789,-0.016111189499497414,0.03533174470067024,0.008713403716683388,21.0
2026-05-19T21:43:09.853691,190526_170830.000000,1,58.372440338134766,8.671568870544434,3.799999952316284,46.40999984741211,0.8100000023841858,12,251.27999877929688,1,190526_194246.000000,-0.6782326698303223,-1.7167739868164062,0.08073633164167404,2.8120529651641846,1.3073759078979492,0.07402918487787247,-0.02790096588432789,-0.016111189499497414,0.03533174470067024,0.008713403716683388,21.0
2026-05-19T21:43:09.853943,190526_170830.000000,1,58.372440338134766,8.671568870544434,3.799999952316284,46.40999984741211,0.8100000023841858,12,251.27999877929688,1,190526_194246.000000,-0.6782326698303223,-1.7167739868164062,0.08073633164167404,2.8120529651641846,1.3073759078979492,0.07402918487787247,-0.02790096588432789,-0.016111189499497414,0.03533174470067024,0.008713403716683388,21.0
2026-05-19T21:43:09.873363,190526_170830.000000,1,58.372440338134766,8.671568870544434,3.799999952316284,46.40999984741211,0.8100000023841858,12,251.27999877929688,1,190526_194246.000000,-0.6782326698303223,-1.7167739868164062,0.08073633164167404,2.8120529651641846,1.3073759078979492,0.07402918487787247,-0.02790096588432789,-0.016111189499497414,0.03533174470067024,0.008713403716683388,21.0
2026-05-19T21:43:12.835596,190526_170822.000000,1,58.373260498046875,8.67194652557373,3.5999999046325684,24.90999984741211,0.75,13,251.27999877929688,1,190526_194247.015625,-0.9075109362602234,-1.5736619234085083,0.1146891787648201,3.0476882457733154,1.4555591344833374,0.03377535194158554,-0.06140755116939545,-0.09078516811132431,0.03626887872815132,0.009041499346494675,17.0
2026-05-19T21:43:15.845436,190526_170820.984375,1,58.37331008911133,8.672001838684082,3.5999999046325684,20.989999771118164,0.75,13,251.27999877929688,1,190526_194247.015625,-1.6168694496154785,-2.5819594860076904,0.10851116478443146,4.060479164123535,1.4441167116165161,0.09730580449104309,-0.023329585790634155,0.04197598248720169,0.03674362972378731,0.009457636624574661,19.0
2026-05-19T21:43:18.946090,190526_170812.000000,1,58.37337112426758,8.672258377075195,3.0999999046325684,0.0,0.75,13,251.27999877929688,1,190526_194304.984375,-1.9551799297332764,-2.888671636581421,0.047159090638160706,0.3691783547401428,1.411223292350769,0.003612746484577656,-0.02870466373860836,-0.03724204748868942,0.04250680282711983,0.010002728551626205,17.0
2026-05-19T21:43:22.034262,190526_170804.000000,1,58.373390197753906,8.672323226928711,2.799999952316284,11.890000343322754,0.75,13,251.27999877929688,1,190526_194304.984375,-1.9747272729873657,-3.124319076538086,0.05689305067062378,1.7862889766693115,1.3359134197235107,-0.046243827790021896,-0.03214329108595848,0.00807070080190897,0.04089582711458206,0.010029839351773262,19.0
2026-05-19T21:43:25.001172,190526_170756.000000,1,58.37356185913086,8.672820091247559,-0.20000000298023224,16.700000762939453,0.75,13,251.27999877929688,1,190526_194304.984375,-1.6392667293548584,-2.360445022583008,0.10213499516248703,1.2740548849105835,1.083590030670166,-0.06302431970834732,0.07691144943237305,-0.02332640066742897,0.03984861448407173,0.009506277740001678,23.0
2026-05-19T21:43:28.067715,190526_170755.015625,1,58.37358093261719,8.672886848449707,0.0,16.329999923706055,0.75,13,251.27999877929688,1,190526_194306.000000,-0.6935027241706848,-1.2003053426742554,0.0697270929813385,4.198490619659424,1.3093003034591675,-0.028273331001400948,0.03696868196129799,-0.051921114325523376,0.04431895166635513,0.011759455315768719,23.0
2026-05-19T21:43:28.068002,190526_170755.015625,1,58.37358093261719,8.672886848449707,0.0,16.329999923706055,0.75,13,251.27999877929688,1,190526_194306.000000,-0.6935027241706848,-1.2003053426742554,0.0697270929813385,4.198490619659424,1.3093003034591675,-0.028273331001400948,0.03696868196129799,-0.051921114325523376,0.04431895166635513,0.011759455315768719,23.0
2026-05-19T21:43:28.068135,190526_170755.015625,1,58.37358093261719,8.672886848449707,0.0,16.329999923706055,0.75,13,251.27999877929688,1,190526_194306.000000,-0.6935027241706848,-1.2003053426742554,0.0697270929813385,4.198490619659424,1.3093003034591675,-0.028273331001400948,0.03696868196129799,-0.051921114325523376,0.04431895166635513,0.011759455315768719,23.0
2026-05-19T21:43:28.076409,190526_170755.015625,1,58.37358093261719,8.672886848449707,0.0,16.329999923706055,0.75,13,251.27999877929688,1,190526_194306.000000,-0.6935027241706848,-1.2003053426742554,0.0697270929813385,4.198490619659424,1.3093003034591675,-0.028273331001400948,0.03696868196129799,-0.051921114325523376,0.04431895166635513,0.011759455315768719,23.0
2026-05-19T21:43:31.164585,190526_170747.015625,1,58.3737907409668,8.6734619140625,-0.4000000059604645,18.6200008392334,0.75,13,251.27999877929688,1,190526_194306.000000,0.27799350023269653,-0.9058777093887329,0.15358741581439972,2.582897901535034,1.2788605690002441,0.12857280671596527,0.027458231896162033,-0.07939881086349487,0.04012215510010719,0.011361019685864449,21.0
2026-05-19T21:43:34.215414,190526_170746.000000,1,58.373809814453125,8.67353343963623,-0.4000000059604645,17.739999771118164,0.75,13,251.27999877929688,1,190526_194324.000000,0.7499074935913086,-0.8947992324829102,0.04667528718709946,0.780957043170929,1.3204690217971802,-0.001154923578724265,0.04259220510721207,0.019056569784879684,0.0408007986843586,0.011269127018749714,23.0
2026-05-19T21:43:37.183517,190526_170738.000000,1,58.374080657958984,8.674173355102539,0.699999988079071,27.280000686645508,0.75,13,251.27999877929688,1,190526_194324.000000,1.071828007698059,-1.4961574077606201,0.08176420629024506,3.3982667922973633,1.4968147277832031,0.03441527113318443,0.07388938963413239,-0.00642906129360199,0.04127780348062515,0.012333938851952553,23.0
2026-05-19T21:43:40.328083,190526_170736.984375,1,58.37411880493164,8.674272537231445,1.0,25.469999313354492,0.75,13,251.27999877929688,1,190526_194324.000000,1.6267809867858887,-3.390758514404297,0.19861146807670593,3.735952615737915,1.4153332710266113,0.152001291513443,0.03425388038158417,0.12316165119409561,0.05747247487306595,0.01735994964838028,23.0
2026-05-19T21:43:43.325169,190526_170720.000000,1,58.375,8.675276756286621,-4.699999809265137,29.5,0.8399999737739563,12,251.27999877929688,1,190526_194324.984375,1.525376796722412,-4.506666660308838,0.07635077834129333,1.7570475339889526,1.3481820821762085,0.05643930286169052,-0.011275844648480415,0.05016874149441719,0.056336794048547745,0.016309697180986404,24.0
2026-05-19T21:43:43.325690,190526_170720.000000,1,58.375,8.675276756286621,-4.699999809265137,29.5,0.8399999737739563,12,251.27999877929688,1,190526_194324.984375,1.525376796722412,-4.506666660308838,0.07635077834129333,1.7570475339889526,1.3481820821762085,0.05643930286169052,-0.011275844648480415,0.05016874149441719,0.056336794048547745,0.016309697180986404,24.0
2026-05-19T21:43:43.326161,190526_170720.000000,1,58.375,8.675276756286621,-4.699999809265137,29.5,0.8399999737739563,12,251.27999877929688,1,190526_194324.984375,1.525376796722412,-4.506666660308838,0.07635077834129333,1.7570475339889526,1.3481820821762085,0.05643930286169052,-0.011275844648480415,0.05016874149441719,0.056336794048547745,0.016309697180986404,24.0
2026-05-19T21:43:43.330378,190526_170720.000000,1,58.375,8.675276756286621,-4.699999809265137,29.5,0.8399999737739563,12,251.27999877929688,1,190526_194324.984375,1.525376796722412,-4.506666660308838,0.07635077834129333,1.7570475339889526,1.3481820821762085,0.05643930286169052,-0.011275844648480415,0.05016874149441719,0.056336794048547745,0.016309697180986404,24.0
2026-05-19T21:43:46.343519,190526_170711.015625,1,58.375511169433594,8.675856590270996,-5.699999809265137,34.0,0.75,13,251.27999877929688,1,190526_194324.984375,0.9566527605056763,-5.205070495605469,0.1619347184896469,1.2348661422729492,1.4651738405227661,0.09285887330770493,-0.13226500153541565,0.01029805839061737,0.05766530707478523,0.01638694293797016,26.0
2026-05-19T21:43:49.366430,190526_170702.000000,1,58.375911712646484,8.67654037475586,-3.4000000953674316,11.170000076293945,0.75,13,251.27999877929688,1,190526_194324.984375,0.5828505158424377,-5.783412456512451,0.05127531662583351,3.397749423980713,1.3169958591461182,0.016819482669234276,-0.04641632363200188,-0.01384875550866127,0.05954895541071892,0.015257783234119415,26.0
2026-05-19T21:43:52.474171,190526_170654.000000,1,58.37580108642578,8.677488327026367,-1.600000023841858,32.380001068115234,0.8399999737739563,12,251.27999877929688,1,190526_194324.984375,0.060402266681194305,-5.7853922843933105,0.09500721842050552,1.1044154167175293,1.388588547706604,-0.08322954177856445,-0.03754967078566551,-0.026253316551446915,0.037177346646785736,0.008632254786789417,28.0
2026-05-19T21:43:55.551540,190526_170636.984375,1,58.37553024291992,8.679285049438477,1.7000000476837158,11.199999809265137,0.8299999833106995,12,251.27999877929688,1,190526_194344.000000,-0.41668665409088135,-4.872117042541504,0.1151805967092514,0.6788188815116882,1.5571266412734985,-0.11501574516296387,-0.005682323127985001,-0.002379192505031824,0.03896131366491318,0.010088717564940453,33.0
2026-05-19T21:43:58.477444,190526_170636.000000,1,58.3754997253418,8.679261207580566,1.2999999523162842,16.1200008392334,0.8299999833106995,12,251.27999877929688,1,190526_194344.000000,-0.47725820541381836,-4.1665472984313965,0.05286339670419693,0.45036712288856506,1.4365406036376953,-0.01719490811228752,-0.014955814927816391,-0.04769903048872948,0.036203715950250626,0.008850672282278538,33.0
2026-05-19T21:44:01.552748,190526_170628.000000,1,58.375118255615234,8.678894996643066,-1.2999999523162842,19.18000030517578,0.8299999833106995,12,251.27999877929688,1,190526_194344.000000,0.0434427484869957,-3.305859327316284,0.1199164018034935,3.150459051132202,1.3886888027191162,-0.04049517214298248,0.07485085725784302,-0.0844833180308342,0.034560367465019226,0.009652662090957165,31.0
2026-05-19T21:44:04.624777,190526_170627.015625,1,58.37508010864258,8.678851127624512,-1.0,18.030000686645508,0.8500000238418579,11,251.27999877929688,1,190526_194344.984375,1.291482925415039,-2.8776657581329346,0.09499575197696686,1.3956456184387207,1.4369627237319946,-0.07592391967773438,0.041705310344696045,-0.038992542773485184,0.03528678044676781,0.011303124018013477,31.0
2026-05-19T21:44:07.676717,190526_170619.015625,1,58.374759674072266,8.678594589233398,-2.200000047683716,17.65999984741211,0.8100000023841858,12,251.27999877929688,1,190526_194344.984375,2.800022602081299,-3.6941144466400146,0.10319247841835022,1.7167558670043945,1.191057562828064,0.060000885277986526,0.05161188170313835,0.06621778756380081,0.033350396901369095,0.012607773765921593,22.0
2026-05-19T21:44:10.837728,190526_170618.000000,1,58.37472152709961,8.678568840026855,-2.200000047683716,17.65999984741211,0.8299999833106995,12,251.27999877929688,1,190526_194344.984375,3.0520379543304443,-5.173447132110596,0.12256094068288803,1.3660074472427368,1.2439568042755127,0.10954947769641876,0.037942949682474136,-0.03975459933280945,0.03826971352100372,0.01575668714940548,22.0
2026-05-19T21:44:13.830844,190526_170610.000000,1,58.37432098388672,8.678263664245605,-3.5,19.010000228881836,0.8299999833106995,12,251.27999877929688,1,190526_194344.984375,2.842334508895874,-8.178382873535156,0.15025967359542847,2.8903181552886963,1.134636402130127,0.13398808240890503,-0.010654652491211891,-0.06716874241828918,0.04502285271883011,0.021993977949023247,18.0
2026-05-19T21:44:16.750788,190526_170608.984375,1,58.374271392822266,8.67821979522705,-3.299999952316284,19.110000610351562,0.8299999833106995,12,251.27999877929688,1,190526_194344.984375,2.726930618286133,-9.42932415008545,0.07170112431049347,0.8213420510292053,1.0604910850524902,0.05702453851699829,0.02003670483827591,0.038571797311306,0.04323316365480423,0.022392986342310905,18.0
2026-05-19T21:44:19.872374,190526_170600.000000,1,58.374080657958984,8.678030014038086,-3.0999999046325684,0.0,0.8100000023841858,12,251.27999877929688,1,190526_194344.984375,2.9083786010742188,-10.576091766357422,0.06953077763319016,1.5674172639846802,0.9277180433273315,0.05433473363518715,-0.020052680745720863,0.038472793996334076,0.05121905729174614,0.018853675574064255,21.0
2026-05-19T21:44:22.960789,190526_170552.000000,1,58.374061584472656,8.678057670593262,-3.200000047683716,0.0,0.8100000023841858,12,251.27999877929688,1,190526_194404.984375,2.0659663677215576,-10.80940055847168,0.1316257268190384,1.9474611282348633,0.8761854767799377,-0.009901843965053558,-0.1304253786802292,-0.014714246615767479,0.05088664963841438,0.01605510152876377,23.0
2026-05-19T21:44:25.941093,190526_170551.015625,1,58.374061584472656,8.678056716918945,-3.0999999046325684,11.289999961853027,0.8100000023841858,12,251.27999877929688,1,190526_194404.984375,1.2479664087295532,-8.86950969696045,0.25135743618011475,0.7076283693313599,0.9536347389221191,-0.24882306158542633,-0.03440587595105171,-0.009158328175544739,0.0584385059773922,0.017826568335294724,23.0
2026-05-19T21:44:29.020847,190526_170544.000000,1,58.37416076660156,8.678082466125488,-1.399999976158142,11.289999961853027,0.8700000047683716,11,251.27999877929688,1,190526_194404.984375,1.7860652208328247,-1.9757975339889526,0.3257131576538086,0.36383333802223206,0.9826660752296448,-0.3215276896953583,-0.05156973376870155,0.00704087782651186,0.16552886366844177,0.0718812644481659,21.0
2026-05-19T21:44:31.978568,190526_170543.015625,1,58.37419128417969,8.678098678588867,-1.2999999523162842,14.390000343322754,0.8700000047683716,11,251.27999877929688,1,190526_194404.984375,-0.543746829032898,-3.4730870723724365,0.1513098180294037,0.4250139892101288,1.0591003894805908,0.08852816373109818,-0.1226712092757225,0.0030330007430166006,0.14906157553195953,0.07852143049240112,20.0
2026-05-19T21:44:35.174091,190526_170535.015625,1,58.37458038330078,8.678386688232422,-1.7000000476837158,20.459999084472656,0.8299999833106995,12,251.27999877929688,1,190526_194404.984375,-0.994924783706665,-3.222118854522705,0.10545901209115982,2.177948474884033,1.0031174421310425,-0.09718641638755798,0.028465550392866135,-0.029429851099848747,0.15718303620815277,0.07456231862306595,14.0
2026-05-19T21:44:38.071515,190526_170534.000000,1,58.374610900878906,8.678430557250977,-1.899999976158142,20.469999313354492,0.8299999833106995,12,251.27999877929688,1,190526_194424.000000,-0.2400943487882614,-3.1156468391418457,0.05849648267030716,0.3786320984363556,0.9410392045974731,-0.030224503949284554,0.048202112317085266,-0.013596859760582447,0.1055435910820961,0.028438199311494827,16.0
2026-05-19T21:44:41.116483,190526_170526.000000,1,58.37501907348633,8.67883014678955,-3.4000000953674316,23.700000762939453,0.8299999833106995,12,251.27999877929688,1,190526_194424.000000,0.2056865692138672,-2.825273275375366,0.05813257768750191,0.6459146738052368,0.7274905443191528,-0.03371994569897652,0.041450850665569305,0.022895170375704765,0.0493059903383255,0.009645224548876286,16.0
2026-05-19T21:44:44.243552,190526_170516.984375,1,58.3754997253418,8.6792631149292,-3.5999999046325684,33.41999816894531,1.1299999952316284,11,251.27999877929688,1,190526_194424.984375,0.5596943497657776,-2.6621947288513184,0.06413605064153671,1.5831832885742188,0.8347199559211731,-0.045987628400325775,0.016921846196055412,-0.04137900844216347,0.02469726838171482,0.004385042004287243,18.0
2026-05-19T21:44:47.271500,190526_170508.984375,1,58.37567138671875,8.678613662719727,-4.5,33.41999816894531,0.8299999833106995,12,251.27999877929688,1,190526_194424.984375,0.6977653503417969,-2.205498695373535,0.08067842572927475,1.7292985916137695,0.834112823009491,-0.060668591409921646,0.009939167648553848,-0.052245039492845535,0.023228349164128304,0.0037132324650883675,22.0
2026-05-19T21:44:50.357649,190526_170508.000000,1,58.37567901611328,8.678462028503418,-4.400000095367432,33.41999816894531,0.8299999833106995,12,251.27999877929688,1,190526_194424.984375,1.611653208732605,-1.4958258867263794,0.037826891988515854,0.7750682234764099,0.7599343657493591,-0.0032244878821074963,0.037674691528081894,0.0010459671029821038,0.023880133405327797,0.004321737680584192,24.0
2026-05-19T21:44:53.301448,190526_170500.000000,1,58.37580871582031,8.677229881286621,-4.400000095367432,29.459999084472656,0.8299999833106995,12,251.27999877929688,1,190526_194443.015625,2.0560266971588135,-1.6392133235931396,0.03706633672118187,1.032113790512085,0.7965875864028931,0.029551496729254723,0.022141728550195694,-0.0032196708489209414,0.02798551879823208,0.004300563596189022,22.0
2026-05-19T21:44:56.343848,190526_170452.000000,1,58.375919342041016,8.676459312438965,-5.900000095367432,11.449999809265137,0.8299999833106995,12,251.27999877929688,1,190526_194443.015625,1.0483700037002563,-1.7355144023895264,0.08679401129484177,1.5495511293411255,0.6625812649726868,-0.02470066025853157,-0.07465188950300217,0.03674471005797386,0.02890218049287796,0.005325393285602331,22.0
2026-05-19T21:44:59.415224,190526_170451.015625,1,58.37594985961914,8.676451683044434,-6.0,11.789999961853027,0.8299999833106995,12,251.27999877929688,1,190526_194444.000000,0.9903267621994019,-1.8073921203613281,0.0604146309196949,0.5001876950263977,0.5923863053321838,0.011119486764073372,0.05641815438866615,0.018527725711464882,0.0257051233202219,0.00503896176815033,24.0
2026-05-19T21:45:02.501289,190526_170443.015625,1,58.37643814086914,8.676739692687988,-6.400000095367432,25.719999313354492,0.8299999833106995,12,251.27999877929688,1,190526_194444.000000,1.9236607551574707,-1.7461591958999634,0.1381632536649704,2.6847381591796875,0.7043628692626953,-0.07898540794849396,0.08278138190507889,0.07744437456130981,0.028938448056578636,0.005523922853171825,26.0
