Time, UTC Time, Label, Latitude, Longitude, Altitude, Speed, HDOP, Satelites, Course, Fix, Accel UTC, Roll Degrees, Pitch Degrees, Dynamic Magnitude, Jerk, Jerk Std, Acceleration X, Acceleration Y, Acceleration Z, Standard Deviation, Energy, Zero Crossings
2026-04-27T18:28:58.206512,270426_170031.312500,1,58.14461898803711,8.009113311767578,0.10000000149011612,1.2100000381469727,3.4100000858306885,3,154.22999572753906,1,270426_172548.984375,0.43689191341400146,0.7715017795562744,0.003451791824772954,0.08175477385520935,0.04512802138924599,-0.00041018164483830333,-0.0018068646313622594,-0.002912362804636359,0.0014852455351501703,1.0445426596561447e-05,20.0
2026-04-27T18:28:58.206933,270426_170031.312500,1,58.14461898803711,8.009113311767578,0.10000000149011612,1.2100000381469727,3.4100000858306885,3,154.22999572753906,1,270426_172548.984375,0.43689191341400146,0.7715017795562744,0.003451791824772954,0.08175477385520935,0.04512802138924599,-0.00041018164483830333,-0.0018068646313622594,-0.002912362804636359,0.0014852455351501703,1.0445426596561447e-05,20.0
2026-04-27T18:28:58.207234,270426_170031.312500,1,58.14461898803711,8.009113311767578,0.10000000149011612,1.2100000381469727,3.4100000858306885,3,154.22999572753906,1,270426_172548.984375,0.43689191341400146,0.7715017795562744,0.003451791824772954,0.08175477385520935,0.04512802138924599,-0.00041018164483830333,-0.0018068646313622594,-0.002912362804636359,0.0014852455351501703,1.0445426596561447e-05,20.0
2026-04-27T18:28:58.254456,270426_170031.312500,1,58.14461898803711,8.009113311767578,0.10000000149011612,1.2100000381469727,3.4100000858306885,3,154.22999572753906,1,270426_172548.984375,0.43689191341400146,0.7715017795562744,0.003451791824772954,0.08175477385520935,0.04512802138924599,-0.00041018164483830333,-0.0018068646313622594,-0.002912362804636359,0.0014852455351501703,1.0445426596561447e-05,20.0
2026-04-27T18:29:01.326385,270426_170043.015625,1,58.14461135864258,8.009108543395996,-1.600000023841858,0.5799999833106995,1.7699999809265137,4,154.22999572753906,1,270426_172548.984375,0.440803200006485,0.7761990427970886,0.0010831647086888552,0.05360747128725052,0.040808990597724915,9.239472274202853e-05,0.0002914021897595376,0.0010391310788691044,0.0015237663174048066,9.336631592304911e-06,22.0
2026-04-27T18:29:04.276167,270426_170044.000000,1,58.14461135864258,8.009108543395996,-1.600000023841858,0.5,1.7699999809265137,4,154.22999572753906,1,270426_172548.984375,0.43898364901542664,0.7753015160560608,0.0021459530107676983,0.016063028946518898,0.03898199647665024,-0.0006475099944509566,-0.0011463395785540342,0.001694624312222004,0.0013944691745564342,9.052491805050522e-06,26.0
2026-04-27T18:29:07.320361,270426_170056.000000,1,58.144630432128906,8.0090913772583,-1.2000000476837158,0.3799999952316284,1.4299999475479126,5,154.22999572753906,1,270426_172548.984375,0.4258682131767273,0.7646851539611816,0.003467339789494872,0.11203508824110031,0.04750675708055496,-0.0013619712553918362,-0.0029699066653847694,-0.0011606619227677584,0.0016974604222923517,1.2266453268239275e-05,24.0
2026-04-27T18:29:10.385509,270426_170106.000000,1,58.1446418762207,8.009084701538086,-1.2000000476837158,0.0,1.1799999475479126,6,154.22999572753906,1,270426_172548.984375,0.4398966133594513,0.7694326043128967,0.0030814255587756634,0.09260684996843338,0.049388617277145386,-0.00039972912054508924,0.002997367875650525,0.0005926091107539833,0.0017464908305555582,1.232506019732682e-05,26.0
2026-04-27T18:29:13.427342,270426_170107.015625,1,58.1446418762207,8.009084701538086,-1.2000000476837158,0.0,1.1799999475479126,6,154.22999572753906,1,270426_172604.000000,0.44980865716934204,0.7601345181465149,0.001859628246165812,0.11120712757110596,0.07575758546590805,0.0006763550918549299,0.0004947847919538617,0.0016601051902398467,0.00253766356036067,2.1359424863476306e-05,25.0
2026-04-27T18:29:16.603695,270426_170119.015625,1,58.1446418762207,8.009084701538086,-1.2000000476837158,0.0,1.1799999475479126,6,154.22999572753906,1,270426_172604.000000,0.4450169503688812,0.7613304257392883,0.0030687395483255386,0.05938877537846565,0.07567085325717926,0.0011478338856250048,-0.002573505975306034,-0.0012151977280154824,0.002508223056793213,2.139370008080732e-05,25.0
2026-04-27T18:29:16.604087,270426_170119.015625,1,58.1446418762207,8.009084701538086,-1.2000000476837158,0.0,1.1799999475479126,6,154.22999572753906,1,270426_172604.000000,0.4450169503688812,0.7613304257392883,0.0030687395483255386,0.05938877537846565,0.07567085325717926,0.0011478338856250048,-0.002573505975306034,-0.0012151977280154824,0.002508223056793213,2.139370008080732e-05,25.0
2026-04-27T18:29:19.470624,270426_170120.000000,1,58.1446418762207,8.009084701538086,-1.2000000476837158,0.0,1.1799999475479126,6,154.22999572753906,1,270426_172604.000000,0.44520634412765503,0.7656533718109131,0.01425632368773222,0.2547607719898224,0.09039472788572311,-0.002228423021733761,-0.004041894339025021,0.01348851341754198,0.004440263845026493,3.984258000855334e-05,27.0
2026-04-27T18:29:22.578310,270426_170120.984375,1,58.1446418762207,8.009084701538086,-1.2000000476837158,0.0,1.1799999475479126,6,154.22999572753906,1,270426_172604.000000,0.4520411491394043,0.7625196576118469,0.0041177282109856606,0.11331325024366379,0.09325417131185532,-0.0019022967899218202,-0.0012194061418995261,-0.0034423829056322575,0.004459908697754145,4.11350883950945e-05,25.0
2026-04-27T18:29:22.578648,270426_170120.984375,1,58.1446418762207,8.009084701538086,-1.2000000476837158,0.0,1.1799999475479126,6,154.22999572753906,1,270426_172604.000000,0.4520411491394043,0.7625196576118469,0.0041177282109856606,0.11331325024366379,0.09325417131185532,-0.0019022967899218202,-0.0012194061418995261,-0.0034423829056322575,0.004459908697754145,4.11350883950945e-05,25.0
2026-04-27T18:29:22.578869,270426_170120.984375,1,58.1446418762207,8.009084701538086,-1.2000000476837158,0.0,1.1799999475479126,6,154.22999572753906,1,270426_172604.000000,0.4520411491394043,0.7625196576118469,0.0041177282109856606,0.11331325024366379,0.09325417131185532,-0.0019022967899218202,-0.0012194061418995261,-0.0034423829056322575,0.004459908697754145,4.11350883950945e-05,25.0
2026-04-27T18:29:22.581404,270426_170120.984375,1,58.1446418762207,8.009084701538086,-1.2000000476837158,0.0,1.1799999475479126,6,154.22999572753906,1,270426_172604.000000,0.4520411491394043,0.7625196576118469,0.0041177282109856606,0.11331325024366379,0.09325417131185532,-0.0019022967899218202,-0.0012194061418995261,-0.0034423829056322575,0.004459908697754145,4.11350883950945e-05,25.0
2026-04-27T18:29:25.760651,270426_170132.000000,1,58.1446418762207,8.009084701538086,-1.2000000476837158,0.0,1.1799999475479126,6,154.22999572753906,1,270426_172619.015625,0.47449108958244324,0.7615242004394531,0.003151246113702655,0.11641643196344376,0.18414907157421112,-0.0026049017906188965,-0.0015168216777965426,0.0009187441901303828,0.010505619458854198,0.00015640318451914936,25.0
2026-04-27T18:29:28.725254,270426_170134.000000,1,58.1446418762207,8.009084701538086,-1.2000000476837158,0.0,1.1799999475479126,6,154.22999572753906,1,270426_172619.015625,0.45897209644317627,0.7643751502037048,0.002386645181104541,0.08043534308671951,0.1844160407781601,0.0011114481603726745,-0.0017373518785461783,0.0012009857455268502,0.010523608885705471,0.00015680403157602996,27.0
2026-04-27T18:29:28.725518,270426_170134.000000,1,58.1446418762207,8.009084701538086,-1.2000000476837158,0.0,1.1799999475479126,6,154.22999572753906,1,270426_172619.015625,0.45897209644317627,0.7643751502037048,0.002386645181104541,0.08043534308671951,0.1844160407781601,0.0011114481603726745,-0.0017373518785461783,0.0012009857455268502,0.010523608885705471,0.00015680403157602996,27.0
2026-04-27T18:29:28.725747,270426_170134.000000,1,58.1446418762207,8.009084701538086,-1.2000000476837158,0.0,1.1799999475479126,6,154.22999572753906,1,270426_172619.015625,0.45897209644317627,0.7643751502037048,0.002386645181104541,0.08043534308671951,0.1844160407781601,0.0011114481603726745,-0.0017373518785461783,0.0012009857455268502,0.010523608885705471,0.00015680403157602996,27.0
2026-04-27T18:29:28.760269,270426_170134.000000,1,58.1446418762207,8.009084701538086,-1.2000000476837158,0.0,1.1799999475479126,6,154.22999572753906,1,270426_172619.015625,0.45897209644317627,0.7643751502037048,0.002386645181104541,0.08043534308671951,0.1844160407781601,0.0011114481603726745,-0.0017373518785461783,0.0012009857455268502,0.010523608885705471,0.00015680403157602996,27.0
2026-04-27T18:29:28.762303,270426_170134.000000,1,58.1446418762207,8.009084701538086,-1.2000000476837158,0.0,1.1799999475479126,6,154.22999572753906,1,270426_172619.015625,0.45897209644317627,0.7643751502037048,0.002386645181104541,0.08043534308671951,0.1844160407781601,0.0011114481603726745,-0.0017373518785461783,0.0012009857455268502,0.010523608885705471,0.00015680403157602996,27.0
2026-04-27T18:29:28.762640,270426_170134.000000,1,58.1446418762207,8.009084701538086,-1.2000000476837158,0.0,1.1799999475479126,6,154.22999572753906,1,270426_172619.015625,0.45897209644317627,0.7643751502037048,0.002386645181104541,0.08043534308671951,0.1844160407781601,0.0011114481603726745,-0.0017373518785461783,0.0012009857455268502,0.010523608885705471,0.00015680403157602996,27.0
2026-04-27T18:29:31.686797,270426_170135.015625,1,58.1446418762207,8.009084701538086,-1.2000000476837158,0.0,1.1799999475479126,6,154.22999572753906,1,270426_172619.015625,0.4538111984729767,0.7606586217880249,0.0019227750599384308,0.13580241799354553,0.18589016795158386,-0.0006978188175708055,-0.0010157034266740084,-0.0014759607147425413,0.0104362228885293,0.0001628602622076869,25.0
2026-04-27T18:29:34.765946,270426_170147.015625,1,58.1446418762207,8.009084701538086,-1.2000000476837158,0.0,1.1799999475479126,6,154.22999572753906,1,270426_172619.015625,0.4450664520263672,0.7583842873573303,0.0055256313644349575,0.1040518656373024,0.180605947971344,0.0004566533025354147,0.0009115163702517748,0.005430764984339476,0.009916821494698524,0.00014590396312996745,27.0
2026-04-27T18:29:37.850276,270426_170148.984375,1,58.1446418762207,8.009084701538086,-1.2000000476837158,0.0,1.1799999475479126,6,154.22999572753906,1,270426_172619.015625,0.4397765100002289,0.7746164202690125,0.0007931480649858713,0.0457952506840229,0.17019261419773102,-0.0001794172712834552,-0.0005451581091620028,0.0005474449135363102,0.006577009800821543,6.926988862687722e-05,29.0
2026-04-27T18:29:40.814733,270426_170200.000000,1,58.1446418762207,8.009084701538086,-1.2000000476837158,0.0,1.1799999475479126,6,154.22999572753906,1,270426_172634.000000,0.4526536464691162,0.7782172560691833,0.0032677515409886837,0.05017228424549103,0.0695333406329155,2.5647170787124196e-06,0.0032603724393993616,0.00021946498600300401,0.0024428737815469503,2.1406325686257333e-05,28.0
2026-04-27T18:29:43.878490,270426_170200.984375,1,58.1446418762207,8.009084701538086,-1.2000000476837158,0.0,1.1799999475479126,6,154.22999572753906,1,270426_172634.000000,0.451163113117218,0.7752076387405396,0.0016915174201130867,0.05468924716114998,0.06883049011230469,-3.041538002435118e-05,0.0003452320524957031,0.001655633095651865,0.00243581086397171,2.0249339286237955e-05,28.0
2026-04-27T18:29:46.966605,270426_170202.000000,1,58.1446418762207,8.009084701538086,-1.2000000476837158,0.0,1.1799999475479126,6,154.22999572753906,1,270426_172634.000000,0.5148831605911255,0.6956250071525574,0.016224684193730354,0.1851506382226944,0.2179422378540039,0.010285725817084312,0.012547506019473076,-6.546849908772856e-05,0.00880166981369257,0.00010765330807771534,26.0
2026-04-27T18:29:49.946629,270426_170212.000000,1,58.1446418762207,8.009084701538086,-1.2000000476837158,0.0,1.0299999713897705,8,154.22999572753906,1,270426_172634.000000,-1.4154497385025024,-2.7826735973358154,0.3425174057483673,2.3326575756073,1.8986284732818604,0.21227067708969116,-0.005444706417620182,0.26875582337379456,0.14204363524913788,0.029386671259999275,22.0
2026-04-27T18:29:53.108964,270426_170212.984375,1,58.1446418762207,8.009084701538086,-1.2000000476837158,0.0,1.0299999713897705,8,154.22999572753906,1,270426_172634.000000,-2.135998249053955,-2.619703769683838,0.12210310250520706,1.7975616455078125,1.905534029006958,-0.04200899228453636,-0.08428005129098892,-0.07772570103406906,0.1351204514503479,0.03356841951608658,20.0
2026-04-27T18:29:56.065171,270426_170214.000000,1,58.1446418762207,8.009084701538086,-1.2000000476837158,0.0,1.0299999713897705,8,154.22999572753906,1,270426_172634.000000,-2.789353132247925,-1.394473910331726,0.3238877058029175,2.9978578090667725,2.0261707305908203,-0.19598135352134705,-0.08387016505002975,0.24384494125843048,0.12626881897449493,0.04358891397714615,16.0
2026-04-27T18:29:59.159123,270426_170226.000000,1,58.14461135864258,8.009135246276855,-0.10000000149011612,0.7599999904632568,0.949999988079071,9,154.22999572753906,1,270426_172634.000000,-3.653019428253174,0.7212555408477783,0.3233972489833832,2.17513370513916,1.9453656673431396,-0.23404623568058014,0.092888742685318,0.20292812585830688,0.09537743777036667,0.056169215589761734,14.0
2026-04-27T18:30:02.233483,270426_170236.000000,1,58.14461135864258,8.009090423583984,-2.5999999046325684,0.0,0.949999988079071,9,154.22999572753906,1,270426_172648.984375,-4.132161617279053,1.3394807577133179,0.12792164087295532,1.9047280550003052,1.4848215579986572,0.028402838855981827,-0.09485820680856705,0.08098854124546051,0.07505592703819275,0.03918099030852318,16.0
2026-04-27T18:30:05.285710,270426_170236.984375,1,58.14461135864258,8.009090423583984,-2.5999999046325684,0.0,0.949999988079071,9,154.22999572753906,1,270426_172648.984375,-4.4659104347229,2.4943718910217285,0.1953999251127243,1.2836328744888306,1.4766806364059448,-0.12235221266746521,-0.060662370175123215,-0.13975386321544647,0.07120497524738312,0.03905385732650757,14.0
2026-04-27T18:30:05.286225,270426_170236.984375,1,58.14461135864258,8.009090423583984,-2.5999999046325684,0.0,0.949999988079071,9,154.22999572753906,1,270426_172648.984375,-4.4659104347229,2.4943718910217285,0.1953999251127243,1.2836328744888306,1.4766806364059448,-0.12235221266746521,-0.060662370175123215,-0.13975386321544647,0.07120497524738312,0.03905385732650757,14.0
2026-04-27T18:30:05.286588,270426_170236.984375,1,58.14461135864258,8.009090423583984,-2.5999999046325684,0.0,0.949999988079071,9,154.22999572753906,1,270426_172648.984375,-4.4659104347229,2.4943718910217285,0.1953999251127243,1.2836328744888306,1.4766806364059448,-0.12235221266746521,-0.060662370175123215,-0.13975386321544647,0.07120497524738312,0.03905385732650757,14.0
2026-04-27T18:30:05.304103,270426_170236.984375,1,58.14461135864258,8.009090423583984,-2.5999999046325684,0.0,0.949999988079071,9,154.22999572753906,1,270426_172648.984375,-4.4659104347229,2.4943718910217285,0.1953999251127243,1.2836328744888306,1.4766806364059448,-0.12235221266746521,-0.060662370175123215,-0.13975386321544647,0.07120497524738312,0.03905385732650757,14.0
2026-04-27T18:30:08.249927,270426_170238.000000,1,58.14461135864258,8.0090913772583,-2.5999999046325684,0.0,0.949999988079071,9,154.22999572753906,1,270426_172648.984375,-4.140358924865723,3.3038527965545654,0.16225877404212952,2.1855790615081787,1.802696704864502,-0.05388529598712921,0.01733533665537834,-0.15206502377986908,0.07101219892501831,0.04271766543388367,16.0
2026-04-27T18:30:11.288514,270426_170248.000000,1,58.14461898803711,8.009119033813477,-0.699999988079071,1.309999942779541,0.949999988079071,9,154.22999572753906,1,270426_172648.984375,-4.603248596191406,4.9609222412109375,0.17750872671604156,5.246638298034668,1.6421489715576172,-0.15763093531131744,0.06898223608732224,-0.04362671449780464,0.055698297917842865,0.04135432839393616,13.0
2026-04-27T18:30:14.393650,270426_170248.984375,1,58.14461898803711,8.009119987487793,0.0,0.0,0.949999988079071,9,154.22999572753906,1,270426_172704.000000,-4.546663284301758,4.656381607055664,0.2753269374370575,5.030560493469238,1.8562607765197754,0.17395848035812378,0.0145795326679945,-0.21291029453277588,0.05421780049800873,0.040426064282655716,13.0
2026-04-27T18:30:14.394036,270426_170248.984375,1,58.14461898803711,8.009119987487793,0.0,0.0,0.949999988079071,9,154.22999572753906,1,270426_172704.000000,-4.546663284301758,4.656381607055664,0.2753269374370575,5.030560493469238,1.8562607765197754,0.17395848035812378,0.0145795326679945,-0.21291029453277588,0.05421780049800873,0.040426064282655716,13.0
2026-04-27T18:30:14.394402,270426_170248.984375,1,58.14461898803711,8.009119987487793,0.0,0.0,0.949999988079071,9,154.22999572753906,1,270426_172704.000000,-4.546663284301758,4.656381607055664,0.2753269374370575,5.030560493469238,1.8562607765197754,0.17395848035812378,0.0145795326679945,-0.21291029453277588,0.05421780049800873,0.040426064282655716,13.0
2026-04-27T18:30:14.459827,270426_170248.984375,1,58.14461898803711,8.009119987487793,0.0,0.0,0.949999988079071,9,154.22999572753906,1,270426_172704.000000,-4.546663284301758,4.656381607055664,0.2753269374370575,5.030560493469238,1.8562607765197754,0.17395848035812378,0.0145795326679945,-0.21291029453277588,0.05421780049800873,0.040426064282655716,13.0
2026-04-27T18:30:17.464676,270426_170300.000000,1,58.144630432128906,8.009121894836426,-0.30000001192092896,0.0,0.949999988079071,9,154.22999572753906,1,270426_172704.000000,-5.002892971038818,4.71022367477417,0.22768528759479523,1.2096245288848877,1.7713085412979126,0.002468908205628395,-0.051713984459638596,-0.22172091901302338,0.05353176221251488,0.038039371371269226,13.0
2026-04-27T18:30:20.465848,270426_170300.984375,1,58.144630432128906,8.009121894836426,-0.30000001192092896,0.0,0.949999988079071,9,154.22999572753906,1,270426_172704.000000,-5.025143623352051,5.452385902404785,0.13143566250801086,1.0173108577728271,1.8317056894302368,0.008003122173249722,-0.021687310189008713,0.1293867975473404,0.06562864780426025,0.039523154497146606,13.0
2026-04-27T18:30:23.606161,270426_170302.000000,1,58.144630432128906,8.009121894836426,-0.30000001192092896,0.0,0.949999988079071,9,154.22999572753906,1,270426_172718.000000,-5.084127426147461,4.533710479736328,0.10080586373806,1.5520734786987305,1.5178946256637573,0.055289268493652344,-0.058412496000528336,0.060769230127334595,0.06895845383405685,0.035697128623723984,14.0
2026-04-27T18:30:26.578283,270426_170311.015625,1,58.14461135864258,8.009113311767578,0.0,0.7200000286102295,0.949999988079071,9,154.22999572753906,1,270426_172718.000000,-6.162303447723389,4.218346118927002,0.24929386377334595,2.716534376144409,1.7741941213607788,-0.16230905055999756,-0.03057296946644783,-0.18673110008239746,0.07410198450088501,0.039241187274456024,16.0
2026-04-27T18:30:29.653219,270426_170312.000000,1,58.14461135864258,8.009108543395996,-0.10000000149011612,0.0,0.949999988079071,9,154.22999572753906,1,270426_172718.000000,-7.200329303741455,4.139856815338135,0.24603785574436188,1.613797664642334,1.6715210676193237,-0.11380035430192947,-0.14751888811588287,-0.16069313883781433,0.07435265928506851,0.04088333994150162,14.0
2026-04-27T18:30:32.792230,270426_170312.984375,1,58.14461135864258,8.009103775024414,-0.10000000149011612,0.0,0.949999988079071,9,154.22999572753906,1,270426_172718.000000,-7.548491477966309,3.051567316055298,0.2648822069168091,1.5919290781021118,1.6580760478973389,0.08974435180425644,-0.1390620917081833,0.20680972933769226,0.08317432552576065,0.04482414200901985,16.0
2026-04-27T18:30:35.705774,270426_170322.000000,1,58.14461135864258,8.009100914001465,-0.10000000149011612,0.0,0.949999988079071,9,154.22999572753906,1,270426_172718.000000,-7.743488311767578,3.1445164680480957,0.12683585286140442,1.5104244947433472,1.6631766557693481,-0.038713958114385605,-0.11213675141334534,-0.04487663507461548,0.0793551355600357,0.04374367743730545,14.0
2026-04-27T18:30:38.785760,270426_170323.015625,1,58.14461135864258,8.009100914001465,-0.10000000149011612,0.0,0.949999988079071,9,154.22999572753906,1,270426_172718.000000,-7.893592834472656,1.1637814044952393,0.2195664346218109,2.0871386528015137,1.8548941612243652,0.19024121761322021,-0.029695190489292145,0.10552675276994705,0.08489690721035004,0.04879751801490784,16.0
2026-04-27T18:30:41.737635,270426_170332.000000,1,58.14461135864258,8.009100914001465,-0.10000000149011612,0.0,0.8700000047683716,10,154.22999572753906,1,270426_172718.000000,-7.936888694763184,0.8001176118850708,0.11277785897254944,2.8888332843780518,1.6636351346969604,0.01980273239314556,-0.07719889283180237,-0.07979366183280945,0.08621609210968018,0.045114707201719284,16.0
2026-04-27T18:30:41.753633,270426_170332.000000,1,58.14461135864258,8.009100914001465,-0.10000000149011612,0.0,0.8700000047683716,10,154.22999572753906,1,270426_172718.000000,-8.328505516052246,0.565340518951416,0.17280033230781555,3.0915420055389404,1.717017650604248,0.051251642405986786,-0.15225961804389954,0.06364145874977112,0.08527978509664536,0.04408727213740349,16.0
2026-04-27T18:30:45.165290,270426_170332.984375,1,58.14461135864258,8.009100914001465,-0.10000000149011612,0.0,0.8700000047683716,10,154.22999572753906,1,270426_172718.000000,-7.877397537231445,-1.3457717895507812,0.28144294023513794,1.2091150283813477,1.7745574712753296,0.2265154868364334,0.1017744243144989,0.13244935870170593,0.08006200194358826,0.044596120715141296,16.0
2026-04-27T18:30:47.903525,270426_170342.000000,1,58.14461135864258,8.009100914001465,-0.10000000149011612,0.0,0.8700000047683716,10,154.22999572753906,1,270426_172718.000000,-7.858819484710693,-1.962453842163086,0.18895867466926575,1.1516889333724976,1.8662766218185425,0.07039838284254074,0.05723060667514801,-0.16575314104557037,0.07753130048513412,0.04446661099791527,18.0
2026-04-27T18:30:47.904079,270426_170342.000000,1,58.14461135864258,8.009100914001465,-0.10000000149011612,0.0,0.8700000047683716,10,154.22999572753906,1,270426_172718.000000,-7.858819484710693,-1.962453842163086,0.18895867466926575,1.1516889333724976,1.8662766218185425,0.07039838284254074,0.05723060667514801,-0.16575314104557037,0.07753130048513412,0.04446661099791527,18.0
2026-04-27T18:30:47.904553,270426_170342.000000,1,58.14461135864258,8.009100914001465,-0.10000000149011612,0.0,0.8700000047683716,10,154.22999572753906,1,270426_172718.000000,-7.858819484710693,-1.962453842163086,0.18895867466926575,1.1516889333724976,1.8662766218185425,0.07039838284254074,0.05723060667514801,-0.16575314104557037,0.07753130048513412,0.04446661099791527,18.0
2026-04-27T18:30:48.000576,270426_170342.000000,1,58.14461135864258,8.009100914001465,-0.10000000149011612,0.0,0.8700000047683716,10,154.22999572753906,1,270426_172718.000000,-7.858819484710693,-1.962453842163086,0.18895867466926575,1.1516889333724976,1.8662766218185425,0.07039838284254074,0.05723060667514801,-0.16575314104557037,0.07753130048513412,0.04446661099791527,18.0
2026-04-27T18:30:48.000818,270426_170342.000000,1,58.14461135864258,8.009100914001465,-0.10000000149011612,0.0,0.8700000047683716,10,154.22999572753906,1,270426_172718.000000,-7.858819484710693,-1.962453842163086,0.18895867466926575,1.1516889333724976,1.8662766218185425,0.07039838284254074,0.05723060667514801,-0.16575314104557037,0.07753130048513412,0.04446661099791527,18.0
2026-04-27T18:30:51.034175,270426_170351.015625,1,58.14461135864258,8.009100914001465,-0.10000000149011612,0.0,0.8700000047683716,10,154.22999572753906,1,270426_172718.000000,-7.712212085723877,-2.2092626094818115,0.046813108026981354,7.204645156860352,2.0088951587677,-0.024921629577875137,0.023032035678625107,-0.03224755823612213,0.07664528489112854,0.04564940929412842,18.0
2026-04-27T18:30:53.919666,270426_170402.000000,1,58.14461135864258,8.009100914001465,-0.10000000149011612,0.0,0.8700000047683716,10,154.22999572753906,1,270426_172718.000000,-8.097102165222168,-3.062350034713745,0.2075708955526352,0.7620482444763184,2.3003501892089844,0.05287788063287735,-0.039647363126277924,-0.1967681348323822,0.07132957875728607,0.04742194712162018,16.0
2026-04-27T18:30:53.920095,270426_170402.000000,1,58.14461135864258,8.009100914001465,-0.10000000149011612,0.0,0.8700000047683716,10,154.22999572753906,1,270426_172718.000000,-8.097102165222168,-3.062350034713745,0.2075708955526352,0.7620482444763184,2.3003501892089844,0.05287788063287735,-0.039647363126277924,-0.1967681348323822,0.07132957875728607,0.04742194712162018,16.0
2026-04-27T18:30:53.920460,270426_170402.000000,1,58.14461135864258,8.009100914001465,-0.10000000149011612,0.0,0.8700000047683716,10,154.22999572753906,1,270426_172718.000000,-8.097102165222168,-3.062350034713745,0.2075708955526352,0.7620482444763184,2.3003501892089844,0.05287788063287735,-0.039647363126277924,-0.1967681348323822,0.07132957875728607,0.04742194712162018,16.0
2026-04-27T18:30:53.952316,270426_170402.000000,1,58.14461135864258,8.009100914001465,-0.10000000149011612,0.0,0.8700000047683716,10,154.22999572753906,1,270426_172718.000000,-8.097102165222168,-3.062350034713745,0.2075708955526352,0.7620482444763184,2.3003501892089844,0.05287788063287735,-0.039647363126277924,-0.1967681348323822,0.07132957875728607,0.04742194712162018,16.0
2026-04-27T18:30:57.045415,270426_170411.015625,1,58.14461135864258,8.009100914001465,-0.10000000149011612,0.0,0.8700000047683716,10,154.22999572753906,1,270426_172718.000000,-7.476045608520508,-3.561328887939453,0.1070605218410492,4.475013256072998,2.3045592308044434,0.06119648739695549,0.026236966252326965,-0.08383655548095703,0.07086137682199478,0.046241141855716705,16.0
2026-04-27T18:31:00.086795,270426_170412.000000,1,58.14461135864258,8.009100914001465,-0.10000000149011612,0.0,0.8700000047683716,10,154.22999572753906,1,270426_172718.000000,-6.834799766540527,-4.528383255004883,0.1492941975593567,1.166691541671753,2.354584217071533,0.06295306235551834,0.0592719204723835,-0.12170664221048355,0.07743056863546371,0.04613552242517471,16.0
2026-04-27T18:31:03.065901,270426_170412.984375,1,58.14461135864258,8.009100914001465,-0.10000000149011612,0.0,0.8700000047683716,10,154.22999572753906,1,270426_172748.984375,-7.025797367095947,-4.5220794677734375,0.1402117758989334,2.20414137840271,2.2312278747558594,-0.08884086459875107,0.09593261033296585,-0.05063178390264511,0.0781334936618805,0.04480808228254318,16.0
2026-04-27T18:31:06.109796,270426_170420.984375,1,58.14461135864258,8.009100914001465,-0.10000000149011612,0.0,0.8700000047683716,10,154.22999572753906,1,270426_172748.984375,-6.669191837310791,-4.716721534729004,0.1649012714624405,9.50549602508545,2.3363330364227295,0.062388017773628235,0.08305204659700394,-0.1280723214149475,0.07961267232894897,0.044989943504333496,16.0
2026-04-27T18:31:09.276903,270426_170422.000000,1,58.14461135864258,8.009100914001465,-0.10000000149011612,0.0,0.8700000047683716,10,154.22999572753906,1,270426_172748.984375,-6.690793037414551,-5.222265243530273,0.14029230177402496,1.3650639057159424,2.5057244300842285,0.05725117027759552,0.006031186319887638,-0.1279369294643402,0.0818042904138565,0.044569231569767,16.0
2026-04-27T18:31:09.277265,270426_170422.000000,1,58.14461135864258,8.009100914001465,-0.10000000149011612,0.0,0.8700000047683716,10,154.22999572753906,1,270426_172748.984375,-6.690793037414551,-5.222265243530273,0.14029230177402496,1.3650639057159424,2.5057244300842285,0.05725117027759552,0.006031186319887638,-0.1279369294643402,0.0818042904138565,0.044569231569767,16.0
2026-04-27T18:31:09.277513,270426_170422.000000,1,58.14461135864258,8.009100914001465,-0.10000000149011612,0.0,0.8700000047683716,10,154.22999572753906,1,270426_172748.984375,-6.690793037414551,-5.222265243530273,0.14029230177402496,1.3650639057159424,2.5057244300842285,0.05725117027759552,0.006031186319887638,-0.1279369294643402,0.0818042904138565,0.044569231569767,16.0
2026-04-27T18:31:09.319141,270426_170422.000000,1,58.14461135864258,8.009100914001465,-0.10000000149011612,0.0,0.8700000047683716,10,154.22999572753906,1,270426_172748.984375,-6.690793037414551,-5.222265243530273,0.14029230177402496,1.3650639057159424,2.5057244300842285,0.05725117027759552,0.006031186319887638,-0.1279369294643402,0.0818042904138565,0.044569231569767,16.0
2026-04-27T18:31:12.351200,270426_170431.015625,1,58.14461135864258,8.009100914001465,-0.10000000149011612,0.0,0.8700000047683716,10,154.22999572753906,1,270426_172748.984375,-7.055647373199463,-5.5065717697143555,0.081711046397686,2.3627662658691406,2.443875551223755,-0.011906355619430542,-0.04109540581703186,-0.06961394101381302,0.08173184841871262,0.0426044799387455,16.0
2026-04-27T18:31:15.286900,270426_170432.000000,1,58.14461135864258,8.009100914001465,-0.10000000149011612,0.0,0.8700000047683716,10,154.22999572753906,1,270426_172804.000000,-7.007994174957275,-5.616619110107422,0.20666131377220154,3.956555128097534,2.4614033699035645,0.009233112446963787,-0.05109375715255737,-0.20003269612789154,0.07523883879184723,0.03977310657501221,16.0
2026-04-27T18:31:15.287324,270426_170432.000000,1,58.14461135864258,8.009100914001465,-0.10000000149011612,0.0,0.8700000047683716,10,154.22999572753906,1,270426_172804.000000,-7.007994174957275,-5.616619110107422,0.20666131377220154,3.956555128097534,2.4614033699035645,0.009233112446963787,-0.05109375715255737,-0.20003269612789154,0.07523883879184723,0.03977310657501221,16.0
2026-04-27T18:31:15.287976,270426_170432.000000,1,58.14461135864258,8.009100914001465,-0.10000000149011612,0.0,0.8700000047683716,10,154.22999572753906,1,270426_172804.000000,-7.007994174957275,-5.616619110107422,0.20666131377220154,3.956555128097534,2.4614033699035645,0.009233112446963787,-0.05109375715255737,-0.20003269612789154,0.07523883879184723,0.03977310657501221,16.0
2026-04-27T18:31:15.305797,270426_170432.000000,1,58.14461135864258,8.009100914001465,-0.10000000149011612,0.0,0.8700000047683716,10,154.22999572753906,1,270426_172804.000000,-7.007994174957275,-5.616619110107422,0.20666131377220154,3.956555128097534,2.4614033699035645,0.009233112446963787,-0.05109375715255737,-0.20003269612789154,0.07523883879184723,0.03977310657501221,16.0
2026-04-27T18:31:18.438669,270426_170440.984375,1,58.14461135864258,8.009100914001465,-0.10000000149011612,0.0,0.8700000047683716,10,154.22999572753906,1,270426_172804.000000,-6.703267574310303,-6.274018287658691,0.19231827557086945,1.4007484912872314,2.4421536922454834,0.07882937788963318,0.02796270325779915,0.17317718267440796,0.07495762407779694,0.04039257392287254,16.0
2026-04-27T18:31:21.339477,270426_170442.000000,1,58.14461135864258,8.009100914001465,-0.10000000149011612,0.0,0.8700000047683716,10,154.22999572753906,1,270426_172804.000000,-6.84818172454834,-6.471540451049805,0.2844788134098053,4.559637546539307,2.233720541000366,-0.05702883005142212,-0.05477501451969147,-0.27326837182044983,0.07432462275028229,0.04040252044796944,16.0
2026-04-27T18:31:24.432951,270426_170451.015625,1,58.14461135864258,8.009100914001465,-0.10000000149011612,0.0,0.8700000047683716,10,154.22999572753906,1,270426_172804.000000,-7.274058818817139,-6.139613628387451,0.1471431404352188,1.8608918190002441,1.6728086471557617,-0.03731641173362732,-0.14088940620422363,-0.020217984914779663,0.06781221181154251,0.03651915863156319,14.0
2026-04-27T18:31:27.430001,270426_170500.984375,1,58.14461135864258,8.009100914001465,-0.10000000149011612,0.0,0.8700000047683716,10,154.22999572753906,1,270426_172804.000000,-6.726809024810791,-6.711597919464111,0.09279659390449524,4.260366439819336,2.265451669692993,-0.01174967922270298,0.037626203149557114,-0.08400846272706985,0.07676573842763901,0.04351142793893814,14.0
2026-04-27T18:31:30.577656,270426_170502.000000,1,58.14461135864258,8.009100914001465,-0.10000000149011612,0.0,0.8700000047683716,10,154.22999572753906,1,270426_172804.000000,-7.344949245452881,-6.517657279968262,0.13316169381141663,2.3891942501068115,2.238839864730835,-0.02909836359322071,-0.12876644730567932,0.01745067536830902,0.07679910957813263,0.04239485785365105,16.0
2026-04-27T18:31:33.550533,270426_170511.015625,1,58.14461135864258,8.009100914001465,-0.10000000149011612,0.0,0.8700000047683716,10,154.22999572753906,1,270426_172804.000000,-7.692708492279053,-6.860204696655273,0.13690271973609924,3.9228858947753906,2.6151955127716064,-0.0002198982983827591,0.019136929884552956,0.13555841147899628,0.0794382095336914,0.04258066043257713,17.0
2026-04-27T18:31:33.550828,270426_170511.015625,1,58.14461135864258,8.009100914001465,-0.10000000149011612,0.0,0.8700000047683716,10,154.22999572753906,1,270426_172804.000000,-7.692708492279053,-6.860204696655273,0.13690271973609924,3.9228858947753906,2.6151955127716064,-0.0002198982983827591,0.019136929884552956,0.13555841147899628,0.0794382095336914,0.04258066043257713,17.0
2026-04-27T18:31:33.572789,270426_170511.015625,1,58.14461135864258,8.009100914001465,-0.10000000149011612,0.0,0.8700000047683716,10,154.22999572753906,1,270426_172804.000000,-7.692708492279053,-6.860204696655273,0.13690271973609924,3.9228858947753906,2.6151955127716064,-0.0002198982983827591,0.019136929884552956,0.13555841147899628,0.0794382095336914,0.04258066043257713,17.0
2026-04-27T18:31:36.645303,270426_170512.000000,1,58.14461135864258,8.009100914001465,-0.10000000149011612,0.0,0.8700000047683716,10,154.22999572753906,1,270426_172834.000000,-8.295319557189941,-6.0392165184021,0.1846199929714203,2.1297669410705566,2.665670871734619,-0.06661354005336761,-0.15822002291679382,0.06792356073856354,0.07609857618808746,0.05003634840250015,17.0
2026-04-27T18:31:39.608642,270426_170520.984375,1,58.14461135864258,8.009100914001465,-0.10000000149011612,0.0,0.8700000047683716,10,154.22999572753906,1,270426_172834.000000,-8.64443588256836,-6.238556385040283,0.19186434149742126,2.362698554992676,2.4513769149780273,-0.05136539787054062,-0.1772136241197586,-0.05261990427970886,0.07263783365488052,0.048211339861154556,15.0
2026-04-27T18:31:42.803869,270426_170522.000000,1,58.14461135864258,8.009100914001465,-0.10000000149011612,0.0,0.8700000047683716,10,154.22999572753906,1,270426_172834.000000,-8.356497764587402,-6.830069541931152,0.4445072114467621,7.139625549316406,2.2465624809265137,-0.17705875635147095,0.2890753746032715,0.2875279188156128,0.08079065382480621,0.05105140805244446,15.0
2026-04-27T18:31:45.813347,270426_170531.015625,1,58.14461135864258,8.009100914001465,-0.10000000149011612,0.0,0.8700000047683716,10,154.22999572753906,1,270426_172835.015625,-6.775954246520996,-4.398177146911621,0.2552467882633209,2.5961763858795166,2.1236572265625,-0.15933586657047272,0.1481495052576065,0.1334717869758606,0.08122677356004715,0.058540213853120804,15.0
2026-04-27T18:31:48.797796,270426_170551.015625,1,58.14461135864258,8.009100914001465,-0.10000000149011612,0.0,0.8700000047683716,10,154.22999572753906,1,270426_172835.015625,-7.1128034591674805,-2.8637502193450928,0.23788690567016602,0.6347857713699341,1.891251802444458,-0.18263176083564758,-0.10534530133008957,0.11017342656850815,0.07749415189027786,0.05904773250222206,15.0
2026-04-27T18:31:51.827486,270426_170600.984375,1,58.14461135864258,8.009100914001465,-0.10000000149011612,0.0,0.8700000047683716,10,154.22999572753906,1,270426_172848.984375,-7.259817123413086,-1.1941229104995728,0.1552928388118744,1.6144418716430664,2.1237902641296387,-0.07797008752822876,-0.035968028008937836,0.12939409911632538,0.08005207031965256,0.058422256261110306,15.0
2026-04-27T18:31:54.835709,270426_170610.000000,1,58.14461135864258,8.009100914001465,-0.10000000149011612,0.0,0.8700000047683716,10,154.22999572753906,1,270426_172848.984375,-7.734947204589844,0.27635061740875244,0.12698782980442047,2.1851675510406494,2.0524251461029053,-0.09377839416265488,-0.07920289784669876,0.03253338485956192,0.07740476727485657,0.05867445096373558,15.0
2026-04-27T18:31:57.968017,270426_170619.015625,1,58.14461135864258,8.009100914001465,-0.10000000149011612,0.0,0.8700000047683716,10,154.22999572753906,1,270426_172848.984375,-6.918588161468506,2.34515118598938,0.15088437497615814,4.467493534088135,1.8646554946899414,-0.13072390854358673,0.07115020602941513,-0.024799220263957977,0.06486864387989044,0.05827035754919052,13.0
2026-04-27T18:32:01.004354,270426_170628.984375,1,58.14461135864258,8.009100914001465,-0.10000000149011612,0.0,0.8700000047683716,10,154.22999572753906,1,270426_172848.984375,-6.7462873458862305,2.382420063018799,0.1950441300868988,0.552964448928833,1.87771737575531,-0.08513320982456207,-0.019950183108448982,0.17434599995613098,0.06221015006303787,0.04684143885970116,13.0
2026-04-27T18:32:01.004658,270426_170628.984375,1,58.14461135864258,8.009100914001465,-0.10000000149011612,0.0,0.8700000047683716,10,154.22999572753906,1,270426_172848.984375,-6.7462873458862305,2.382420063018799,0.1950441300868988,0.552964448928833,1.87771737575531,-0.08513320982456207,-0.019950183108448982,0.17434599995613098,0.06221015006303787,0.04684143885970116,13.0
2026-04-27T18:32:01.005154,270426_170628.984375,1,58.14461135864258,8.009100914001465,-0.10000000149011612,0.0,0.8700000047683716,10,154.22999572753906,1,270426_172848.984375,-6.7462873458862305,2.382420063018799,0.1950441300868988,0.552964448928833,1.87771737575531,-0.08513320982456207,-0.019950183108448982,0.17434599995613098,0.06221015006303787,0.04684143885970116,13.0
2026-04-27T18:32:01.065957,270426_170628.984375,1,58.14461135864258,8.009100914001465,-0.10000000149011612,0.0,0.8700000047683716,10,154.22999572753906,1,270426_172848.984375,-6.7462873458862305,2.382420063018799,0.1950441300868988,0.552964448928833,1.87771737575531,-0.08513320982456207,-0.019950183108448982,0.17434599995613098,0.06221015006303787,0.04684143885970116,13.0
2026-04-27T18:32:04.069887,270426_170630.000000,1,58.14461135864258,8.009100914001465,-0.10000000149011612,0.0,0.8700000047683716,10,154.22999572753906,1,270426_172848.984375,-6.651654243469238,3.5254993438720703,0.29487648606300354,3.5385098457336426,1.8812849521636963,-0.22845380008220673,-0.039164457470178604,0.1822831928730011,0.0713803619146347,0.04628688469529152,13.0
2026-04-27T18:32:07.013633,270426_170639.015625,1,58.14461135864258,8.009100914001465,-0.10000000149011612,0.0,0.8700000047683716,10,154.22999572753906,1,270426_172904.000000,-6.755030155181885,3.252199649810791,0.09784986078739166,1.926454782485962,1.5446221828460693,0.019566740840673447,-0.08486934751272202,0.04459743946790695,0.06618139147758484,0.03969379514455795,15.0
2026-04-27T18:32:10.092515,270426_170640.000000,1,58.14461135864258,8.009100914001465,-0.10000000149011612,0.0,0.8700000047683716,10,154.22999572753906,1,270426_172904.000000,-6.94414758682251,3.6433699131011963,0.2150162160396576,1.1823205947875977,1.5477339029312134,-0.0026553161442279816,-0.06465417146682739,-0.20504817366600037,0.058425173163414,0.034224070608615875,15.0
2026-04-27T18:32:13.170694,270426_170658.000000,1,58.14461135864258,8.009100914001465,-0.10000000149011612,0.0,0.8700000047683716,10,154.22999572753906,1,270426_172904.000000,-6.445303916931152,3.8594751358032227,0.09448840469121933,3.975665330886841,1.9775848388671875,-0.01438079308718443,0.07949087023735046,-0.049014829099178314,0.06841198354959488,0.03660057485103607,15.0
2026-04-27T18:32:16.247669,270426_170659.015625,1,58.14461135864258,8.009100914001465,-0.10000000149011612,0.0,0.8700000047683716,10,154.22999572753906,1,270426_172904.000000,-5.546700477600098,4.714178085327148,0.1374928057193756,3.438509941101074,1.8486920595169067,-0.030205076560378075,0.1321878582239151,-0.02276618406176567,0.07103818655014038,0.03444616496562958,16.0
2026-04-27T18:32:19.206134,270426_170707.015625,1,58.14461135864258,8.009100914001465,-0.10000000149011612,0.0,0.8700000047683716,10,154.22999572753906,1,270426_172904.000000,-5.433741092681885,4.385614395141602,0.18227383494377136,3.645392656326294,1.9433621168136597,0.10381501913070679,0.09508896619081497,-0.11577685922384262,0.07026857882738113,0.03784475103020668,16.0
2026-04-27T18:32:22.288827,270426_170708.000000,1,58.14461135864258,8.009100914001465,-0.10000000149011612,0.0,0.8700000047683716,10,154.22999572753906,1,270426_172919.015625,-4.77250862121582,4.55913782119751,0.2472686767578125,8.138776779174805,2.060790538787842,0.11136581748723984,-0.05923483520746231,-0.212675079703331,0.0738075003027916,0.0381266288459301,16.0
2026-04-27T18:32:25.351712,270426_170716.000000,1,58.14461135864258,8.009100914001465,-0.10000000149011612,0.0,0.8700000047683716,10,154.22999572753906,1,270426_172919.015625,-4.834683895111084,5.186786651611328,0.17129208147525787,2.240802526473999,2.1608753204345703,-0.014879552647471428,-0.1400594711303711,-0.09748292714357376,0.07865210622549057,0.04475047439336777,14.0
2026-04-27T18:32:28.335815,270426_170716.984375,1,58.14461135864258,8.009100914001465,-0.10000000149011612,0.0,0.8700000047683716,10,154.22999572753906,1,270426_172919.015625,-4.287017822265625,4.982804775238037,0.22745873034000397,0.928156852722168,1.9162386655807495,0.050271835178136826,0.16126815974712372,-0.15232466161251068,0.0671762228012085,0.04417123645544052,16.0
2026-04-27T18:32:31.396519,270426_170724.984375,1,58.14461135864258,8.009100914001465,-0.10000000149011612,0.0,0.8700000047683716,10,154.22999572753906,1,270426_172919.015625,-4.778295516967773,5.0014119148254395,0.14005230367183685,1.5775272846221924,1.923612356185913,-0.025409113615751266,-0.03569884970784187,-0.13302111625671387,0.06379582732915878,0.039953574538230896,15.0
2026-04-27T18:32:34.485414,270426_170726.000000,1,58.14461135864258,8.009100914001465,-0.10000000149011612,0.0,0.8700000047683716,10,154.22999572753906,1,270426_172920.000000,-4.701525688171387,4.810233116149902,0.1454254686832428,3.785367012023926,1.8731719255447388,0.06191687285900116,-0.09797288477420807,-0.08784179389476776,0.06374608725309372,0.04102262854576111,15.0
2026-04-27T18:32:34.485668,270426_170726.000000,1,58.14461135864258,8.009100914001465,-0.10000000149011612,0.0,0.8700000047683716,10,154.22999572753906,1,270426_172920.000000,-4.701525688171387,4.810233116149902,0.1454254686832428,3.785367012023926,1.8731719255447388,0.06191687285900116,-0.09797288477420807,-0.08784179389476776,0.06374608725309372,0.04102262854576111,15.0
2026-04-27T18:32:34.485838,270426_170726.000000,1,58.14461135864258,8.009100914001465,-0.10000000149011612,0.0,0.8700000047683716,10,154.22999572753906,1,270426_172920.000000,-4.701525688171387,4.810233116149902,0.1454254686832428,3.785367012023926,1.8731719255447388,0.06191687285900116,-0.09797288477420807,-0.08784179389476776,0.06374608725309372,0.04102262854576111,15.0
2026-04-27T18:32:34.499796,270426_170726.000000,1,58.14461135864258,8.009100914001465,-0.10000000149011612,0.0,0.8700000047683716,10,154.22999572753906,1,270426_172920.000000,-4.701525688171387,4.810233116149902,0.1454254686832428,3.785367012023926,1.8731719255447388,0.06191687285900116,-0.09797288477420807,-0.08784179389476776,0.06374608725309372,0.04102262854576111,15.0
2026-04-27T18:32:37.656413,270426_170734.000000,1,58.14461135864258,8.009100914001465,-0.10000000149011612,0.0,0.8700000047683716,10,248.74000549316406,1,270426_172920.000000,-4.6682448387146,4.506758689880371,0.2154880166053772,2.679049491882324,2.061380386352539,0.009489714168012142,0.001374460756778717,0.21527457237243652,0.062259502708911896,0.04342804104089737,15.0
2026-04-27T18:32:40.623138,270426_170735.015625,1,58.14461135864258,8.009100914001465,-0.10000000149011612,0.0,0.8700000047683716,10,248.74000549316406,1,270426_172920.000000,-4.692105770111084,4.103011608123779,0.13007326424121857,2.20654296875,1.8464858531951904,-0.005656701512634754,-0.1235961988568306,0.04013773798942566,0.0514470711350441,0.034895334392786026,15.0
2026-04-27T18:32:40.623745,270426_170735.015625,1,58.14461135864258,8.009100914001465,-0.10000000149011612,0.0,0.8700000047683716,10,248.74000549316406,1,270426_172920.000000,-4.692105770111084,4.103011608123779,0.13007326424121857,2.20654296875,1.8464858531951904,-0.005656701512634754,-0.1235961988568306,0.04013773798942566,0.0514470711350441,0.034895334392786026,15.0
2026-04-27T18:32:40.623976,270426_170735.015625,1,58.14461135864258,8.009100914001465,-0.10000000149011612,0.0,0.8700000047683716,10,248.74000549316406,1,270426_172920.000000,-4.692105770111084,4.103011608123779,0.13007326424121857,2.20654296875,1.8464858531951904,-0.005656701512634754,-0.1235961988568306,0.04013773798942566,0.0514470711350441,0.034895334392786026,15.0
2026-04-27T18:32:40.671664,270426_170735.015625,1,58.14461135864258,8.009100914001465,-0.10000000149011612,0.0,0.8700000047683716,10,248.74000549316406,1,270426_172920.000000,-4.692105770111084,4.103011608123779,0.13007326424121857,2.20654296875,1.8464858531951904,-0.005656701512634754,-0.1235961988568306,0.04013773798942566,0.0514470711350441,0.034895334392786026,15.0
2026-04-27T18:32:43.576386,270426_170743.015625,1,58.14461135864258,8.009100914001465,-0.10000000149011612,0.0,0.8700000047683716,10,248.74000549316406,1,270426_172920.000000,-4.535048484802246,3.968641996383667,0.2861112356185913,3.444542646408081,2.017505168914795,-0.028834842145442963,-0.03770742565393448,-0.28214597702026367,0.058831095695495605,0.037777796387672424,15.0
2026-04-27T18:32:46.675988,270426_170752.000000,1,58.14461135864258,8.009100914001465,-0.10000000149011612,0.0,0.8700000047683716,10,248.74000549316406,1,270426_172920.000000,-5.147708892822266,3.257124185562134,0.16633377969264984,2.6516592502593994,2.1183435916900635,-0.04298312962055206,-0.07493679225444794,0.1421402543783188,0.05891736224293709,0.04033821076154709,16.0
2026-04-27T18:32:46.677380,270426_170752.000000,1,58.14461135864258,8.009100914001465,-0.10000000149011612,0.0,0.8700000047683716,10,248.74000549316406,1,270426_172920.000000,-5.147708892822266,3.257124185562134,0.16633377969264984,2.6516592502593994,2.1183435916900635,-0.04298312962055206,-0.07493679225444794,0.1421402543783188,0.05891736224293709,0.04033821076154709,16.0
2026-04-27T18:32:46.678683,270426_170752.000000,1,58.14461135864258,8.009100914001465,-0.10000000149011612,0.0,0.8700000047683716,10,248.74000549316406,1,270426_172920.000000,-5.147708892822266,3.257124185562134,0.16633377969264984,2.6516592502593994,2.1183435916900635,-0.04298312962055206,-0.07493679225444794,0.1421402543783188,0.05891736224293709,0.04033821076154709,16.0
2026-04-27T18:32:49.683368,270426_170752.984375,1,58.14461135864258,8.009100914001465,-0.10000000149011612,0.0,0.8700000047683716,10,248.74000549316406,1,270426_172935.015625,-5.36244535446167,3.2927072048187256,0.09664807468652725,5.043265342712402,2.0428590774536133,0.017929192632436752,-0.0949704498052597,-8.711591362953186e-05,0.060191959142684937,0.04012712836265564,16.0
2026-04-27T18:32:52.743339,270426_170800.984375,1,58.14461135864258,8.009100914001465,-0.10000000149011612,0.0,0.8700000047683716,10,248.74000549316406,1,270426_172935.015625,-5.83726692199707,2.5966310501098633,0.29691118001937866,2.22037935256958,2.039642810821533,0.0995420515537262,-0.07354892790317535,-0.26988548040390015,0.06434030085802078,0.04330367594957352,16.0
2026-04-27T18:32:52.744097,270426_170800.984375,1,58.14461135864258,8.009100914001465,-0.10000000149011612,0.0,0.8700000047683716,10,248.74000549316406,1,270426_172935.015625,-5.83726692199707,2.5966310501098633,0.29691118001937866,2.22037935256958,2.039642810821533,0.0995420515537262,-0.07354892790317535,-0.26988548040390015,0.06434030085802078,0.04330367594957352,16.0
2026-04-27T18:32:55.763648,270426_170808.984375,1,58.14461135864258,8.009100914001465,-0.10000000149011612,0.0,0.8700000047683716,10,248.74000549316406,1,270426_172935.015625,-6.119668483734131,1.7872878313064575,0.11814119666814804,4.1897292137146,2.2605459690093994,0.03952541574835777,-0.10851028561592102,-0.02491188794374466,0.06504804641008377,0.046039190143346786,14.0
2026-04-27T18:32:55.763979,270426_170808.984375,1,58.14461135864258,8.009100914001465,-0.10000000149011612,0.0,0.8700000047683716,10,248.74000549316406,1,270426_172935.015625,-6.119668483734131,1.7872878313064575,0.11814119666814804,4.1897292137146,2.2605459690093994,0.03952541574835777,-0.10851028561592102,-0.02491188794374466,0.06504804641008377,0.046039190143346786,14.0
2026-04-27T18:32:55.764213,270426_170808.984375,1,58.14461135864258,8.009100914001465,-0.10000000149011612,0.0,0.8700000047683716,10,248.74000549316406,1,270426_172935.015625,-6.119668483734131,1.7872878313064575,0.11814119666814804,4.1897292137146,2.2605459690093994,0.03952541574835777,-0.10851028561592102,-0.02491188794374466,0.06504804641008377,0.046039190143346786,14.0
2026-04-27T18:32:55.854880,270426_170808.984375,1,58.14461135864258,8.009100914001465,-0.10000000149011612,0.0,0.8700000047683716,10,248.74000549316406,1,270426_172935.015625,-6.119668483734131,1.7872878313064575,0.11814119666814804,4.1897292137146,2.2605459690093994,0.03952541574835777,-0.10851028561592102,-0.02491188794374466,0.06504804641008377,0.046039190143346786,14.0
2026-04-27T18:32:58.854666,270426_170826.000000,1,58.14461135864258,8.009100914001465,-0.10000000149011612,0.0,0.8100000023841858,11,248.74000549316406,1,270426_172935.015625,-6.117976188659668,1.4868366718292236,0.18115417659282684,1.6736973524093628,1.9803870916366577,0.07047586143016815,-0.05076799914240837,0.1589735746383667,0.059886831790208817,0.04280782863497734,14.0
2026-04-27T18:33:01.827156,270426_170827.015625,1,58.14461135864258,8.009100914001465,-0.10000000149011612,0.0,0.8100000023841858,11,248.74000549316406,1,270426_172935.015625,-6.652034282684326,1.2746514081954956,0.18670980632305145,3.8454084396362305,2.0202796459198,0.08119335770606995,-0.15205888450145721,0.0717376098036766,0.06176236644387245,0.04467329382896423,16.0
2026-04-27T18:33:05.125583,270426_170835.015625,1,58.14461135864258,8.009100914001465,-0.10000000149011612,0.0,0.8100000023841858,11,248.74000549316406,1,270426_172935.015625,-6.714169025421143,1.4156348705291748,0.16585110127925873,2.6348679065704346,1.9273655414581299,-0.0954665094614029,-0.10674981027841568,0.08364933729171753,0.05576919764280319,0.04320305213332176,14.0
2026-04-27T18:33:07.947612,270426_170836.000000,1,58.14461135864258,8.009100914001465,-0.10000000149011612,0.0,0.8100000023841858,11,248.74000549316406,1,270426_172935.015625,-6.3462138175964355,1.1638126373291016,0.14524339139461517,2.7669451236724854,2.0005180835723877,0.023669011890888214,0.09520401805639267,-0.10710563510656357,0.059315409511327744,0.041848234832286835,16.0
2026-04-27T18:33:11.031309,270426_170844.984375,1,58.14461135864258,8.009100914001465,-0.10000000149011612,0.0,0.8100000023841858,11,248.74000549316406,1,270426_173004.000000,-6.719655990600586,1.0237845182418823,0.19826950132846832,4.90011739730835,1.825947880744934,-0.029555415734648705,-0.05304527282714844,-0.18874181807041168,0.060345232486724854,0.04307398200035095,16.0
2026-04-27T18:33:14.088861,270426_170852.984375,1,58.14461135864258,8.009100914001465,-0.10000000149011612,0.0,0.8100000023841858,11,248.74000549316406,1,270426_173004.000000,-6.7840776443481445,1.180289626121521,0.307216078042984,3.544024705886841,1.8551632165908813,-0.06952794641256332,0.03558281064033508,0.29712191224098206,0.06583009660243988,0.044301837682724,13.0
2026-04-27T18:33:17.072905,270426_170900.984375,1,58.14461135864258,8.009100914001465,-0.10000000149011612,0.0,0.8100000023841858,11,248.74000549316406,1,270426_173004.000000,-6.670917987823486,1.044410228729248,0.2248132973909378,1.041986346244812,1.7549247741699219,0.10422204434871674,0.02043195813894272,0.19814468920230865,0.0626993402838707,0.043977413326501846,11.0
2026-04-27T18:33:20.158849,270426_170910.000000,1,58.14461135864258,8.009100914001465,-0.10000000149011612,0.0,0.8100000023841858,12,248.74000549316406,1,270426_173004.000000,-6.480937957763672,1.0482157468795776,0.14961624145507812,1.8674510717391968,1.709177851676941,0.0885244756937027,0.061832696199417114,0.10356231778860092,0.06054648756980896,0.04073195904493332,13.0
2026-04-27T18:33:20.159119,270426_170910.000000,1,58.14461135864258,8.009100914001465,-0.10000000149011612,0.0,0.8100000023841858,12,248.74000549316406,1,270426_173004.000000,-6.480937957763672,1.0482157468795776,0.14961624145507812,1.8674510717391968,1.709177851676941,0.0885244756937027,0.061832696199417114,0.10356231778860092,0.06054648756980896,0.04073195904493332,13.0
2026-04-27T18:33:23.215316,270426_170911.015625,1,58.14461135864258,8.009100914001465,-0.10000000149011612,0.0,0.8100000023841858,12,248.74000549316406,1,270426_173019.015625,-6.566309452056885,0.7297781109809875,0.3799375891685486,3.7110226154327393,1.7018163204193115,0.0044427537359297276,-0.013157626613974571,-0.3796836733818054,0.0693327784538269,0.044985681772232056,13.0
2026-04-27T18:33:26.186413,270426_170919.015625,1,58.14461135864258,8.009100914001465,-0.10000000149011612,0.0,0.8100000023841858,12,248.74000549316406,1,270426_173019.015625,-6.201228141784668,0.5358255505561829,0.28795406222343445,3.2700607776641846,2.027876377105713,-0.002794457832351327,-0.053593091666698456,-0.28290900588035583,0.07796188443899155,0.04890377074480057,13.0
2026-04-27T18:33:29.257847,270426_170927.015625,1,58.14461135864258,8.009100914001465,-0.10000000149011612,0.0,0.8100000023841858,12,248.74000549316406,1,270426_173019.015625,-6.4273905754089355,0.08721917867660522,0.27598121762275696,2.5068604946136475,2.2135212421417236,0.03256291523575783,-0.03252173960208893,0.2721169590950012,0.08109627664089203,0.05349486693739891,13.0
2026-04-27T18:33:29.258209,270426_170927.015625,1,58.14461135864258,8.009100914001465,-0.10000000149011612,0.0,0.8100000023841858,12,248.74000549316406,1,270426_173019.015625,-6.4273905754089355,0.08721917867660522,0.27598121762275696,2.5068604946136475,2.2135212421417236,0.03256291523575783,-0.03252173960208893,0.2721169590950012,0.08109627664089203,0.05349486693739891,13.0
2026-04-27T18:33:29.258458,270426_170927.015625,1,58.14461135864258,8.009100914001465,-0.10000000149011612,0.0,0.8100000023841858,12,248.74000549316406,1,270426_173019.015625,-6.4273905754089355,0.08721917867660522,0.27598121762275696,2.5068604946136475,2.2135212421417236,0.03256291523575783,-0.03252173960208893,0.2721169590950012,0.08109627664089203,0.05349486693739891,13.0
2026-04-27T18:33:29.281215,270426_170927.015625,1,58.14461135864258,8.009100914001465,-0.10000000149011612,0.0,0.8100000023841858,12,248.74000549316406,1,270426_173019.015625,-6.4273905754089355,0.08721917867660522,0.27598121762275696,2.5068604946136475,2.2135212421417236,0.03256291523575783,-0.03252173960208893,0.2721169590950012,0.08109627664089203,0.05349486693739891,13.0
2026-04-27T18:33:32.352288,270426_170928.000000,1,58.14461135864258,8.009100914001465,-0.10000000149011612,0.0,0.8100000023841858,12,248.74000549316406,1,270426_173019.015625,-6.6505022048950195,-0.20899340510368347,0.11431969702243805,2.623947858810425,2.125822067260742,0.009556750766932964,0.012882723473012447,0.11318875849246979,0.08730707317590714,0.04890573024749756,15.0
2026-04-27T18:33:35.407917,270426_170936.000000,1,58.14461135864258,8.009100914001465,-0.10000000149011612,0.0,0.8100000023841858,12,248.74000549316406,1,270426_173019.015625,-6.382058620452881,-0.17000697553157806,0.2955687940120697,1.108960747718811,2.292997360229492,-0.03344179317355156,0.03535078838467598,0.2915353775024414,0.08669012039899826,0.05403026193380356,15.0
2026-04-27T18:33:38.466460,270426_170936.984375,1,58.14461135864258,8.009100914001465,-0.10000000149011612,0.0,0.8100000023841858,12,248.74000549316406,1,270426_173034.000000,-6.281279563903809,0.7112802863121033,0.19330115616321564,4.577177047729492,2.0223324298858643,-0.1085389107465744,0.14198939502239227,0.0736454576253891,0.07499447464942932,0.04647252708673477,15.0
2026-04-27T18:33:41.442543,270426_170944.984375,1,58.14461135864258,8.009100914001465,-0.10000000149011612,0.0,0.8100000023841858,12,248.74000549316406,1,270426_173034.000000,-5.928436756134033,1.3439698219299316,0.11727306246757507,3.077348232269287,2.0124709606170654,-0.07240698486566544,0.0877358615398407,-0.028506480157375336,0.06526196748018265,0.040257588028907776,15.0
2026-04-27T18:33:44.503647,270426_170946.000000,1,58.14461135864258,8.009100914001465,-0.10000000149011612,0.0,0.8100000023841858,12,248.74000549316406,1,270426_173034.000000,-5.761531829833984,1.356881022453308,0.1281488686800003,2.3909478187561035,1.8379874229431152,0.022647839039564133,0.03573011979460716,-0.1209651529788971,0.06340665370225906,0.03901774808764458,16.0
2026-04-27T18:33:47.545581,270426_170954.000000,1,58.14461135864258,8.009100914001465,-0.10000000149011612,0.0,0.8100000023841858,12,248.74000549316406,1,270426_173034.000000,-6.326699256896973,2.26173734664917,0.1617245227098465,1.6739389896392822,1.6916929483413696,-0.04786837846040726,-0.0016609271988272667,-0.15446904301643372,0.05333169549703598,0.03808770328760147,16.0
2026-04-27T18:33:50.624450,270426_170955.015625,1,58.14461135864258,8.009100914001465,-0.10000000149011612,0.0,0.8100000023841858,12,248.74000549316406,1,270426_173048.984375,-6.2100348472595215,2.6102447509765625,0.1302039623260498,4.605361461639404,1.719758152961731,-0.09098941832780838,-0.010518564842641354,0.09253840893507004,0.053145986050367355,0.03704196587204933,16.0
2026-04-27T18:33:53.659478,270426_171003.015625,1,58.14461135864258,8.009100914001465,-0.10000000149011612,0.0,0.8600000143051147,11,248.74000549316406,1,270426_173048.984375,-5.365511894226074,2.432992458343506,0.12184396386146545,4.016788482666016,2.1307613849639893,0.04663384333252907,-0.005890532862395048,-0.11241235584020615,0.07024038583040237,0.041758883744478226,16.0
2026-04-27T18:33:56.798092,270426_171012.000000,1,58.14461135864258,8.009100914001465,-0.10000000149011612,0.0,0.8100000023841858,12,248.74000549316406,1,270426_173048.984375,-4.935169696807861,2.108548641204834,0.14764061570167542,2.280749559402466,2.233278274536133,0.06224547326564789,-0.03641559183597565,0.1288299411535263,0.0786769688129425,0.04630085080862045,16.0
2026-04-27T18:33:59.682849,270426_171020.000000,1,58.14461135864258,8.009100914001465,-0.10000000149011612,0.0,0.8100000023841858,12,248.74000549316406,1,270426_173048.984375,-4.813204288482666,2.3538060188293457,0.21447472274303436,1.6196092367172241,2.150419235229492,-0.02038276381790638,0.03225938603281975,0.2110527902841568,0.0817364975810051,0.046191874891519547,16.0
2026-04-27T18:34:02.851842,270426_171020.984375,1,58.14461135864258,8.009100914001465,-0.10000000149011612,0.0,0.8100000023841858,12,248.74000549316406,1,270426_173048.984375,-4.1963887214660645,2.3743603229522705,0.13049457967281342,3.9476189613342285,2.1966793537139893,0.11372210085391998,0.061636004596948624,-0.01723727025091648,0.08601778000593185,0.04779955372214317,16.0
2026-04-27T18:34:05.813473,270426_171028.984375,1,58.14461135864258,8.009100914001465,-0.10000000149011612,0.0,0.8100000023841858,12,248.74000549316406,1,270426_173050.000000,-3.919917583465576,2.8499326705932617,0.12609486281871796,3.15254807472229,1.919639229774475,-0.09859444946050644,0.008378995582461357,-0.07815910130739212,0.08076296746730804,0.042999058961868286,16.0
2026-04-27T18:34:08.882070,270426_171030.000000,1,58.14461135864258,8.009100914001465,-0.10000000149011612,0.0,0.8100000023841858,12,248.74000549316406,1,270426_173050.000000,-4.013259410858154,3.0096728801727295,0.19273130595684052,8.372049331665039,1.9450687170028687,-0.06955224275588989,-0.05999823287129402,-0.16943450272083282,0.07280994951725006,0.040448155254125595,16.0
2026-04-27T18:34:11.925220,270426_171038.000000,1,58.14461135864258,8.009100914001465,-0.10000000149011612,0.0,0.8100000023841858,12,248.74000549316406,1,270426_173050.000000,-4.025234222412109,2.648524045944214,0.179961159825325,1.0807628631591797,2.0412044525146484,0.05144081637263298,-0.004291053861379623,-0.17239908874034882,0.07036267966032028,0.03738103061914444,16.0
2026-04-27T18:34:11.925526,270426_171038.000000,1,58.14461135864258,8.009100914001465,-0.10000000149011612,0.0,0.8100000023841858,12,248.74000549316406,1,270426_173050.000000,-4.025234222412109,2.648524045944214,0.179961159825325,1.0807628631591797,2.0412044525146484,0.05144081637263298,-0.004291053861379623,-0.17239908874034882,0.07036267966032028,0.03738103061914444,16.0
2026-04-27T18:34:11.927043,270426_171038.000000,1,58.14461135864258,8.009100914001465,-0.10000000149011612,0.0,0.8100000023841858,12,248.74000549316406,1,270426_173050.000000,-4.025234222412109,2.648524045944214,0.179961159825325,1.0807628631591797,2.0412044525146484,0.05144081637263298,-0.004291053861379623,-0.17239908874034882,0.07036267966032028,0.03738103061914444,16.0
2026-04-27T18:34:11.950294,270426_171038.000000,1,58.14461135864258,8.009100914001465,-0.10000000149011612,0.0,0.8100000023841858,12,248.74000549316406,1,270426_173050.000000,-4.025234222412109,2.648524045944214,0.179961159825325,1.0807628631591797,2.0412044525146484,0.05144081637263298,-0.004291053861379623,-0.17239908874034882,0.07036267966032028,0.03738103061914444,16.0
2026-04-27T18:34:14.928282,270426_171046.000000,1,58.14461135864258,8.009100914001465,-0.10000000149011612,0.0,0.8100000023841858,12,248.74000549316406,1,270426_173050.000000,-4.768655300140381,2.5759811401367188,0.205355703830719,2.082441568374634,1.9492899179458618,-0.011932376772165298,-0.059471890330314636,-0.19619295001029968,0.0626518651843071,0.03830701485276222,14.0
2026-04-27T18:34:17.999613,270426_171055.015625,1,58.14461135864258,8.009100914001465,-0.10000000149011612,0.0,0.8100000023841858,12,248.74000549316406,1,270426_173050.000000,-4.807850360870361,3.319465398788452,0.20850001275539398,3.1073124408721924,2.0027894973754883,-0.07198367267847061,-0.12817083299160004,0.14786088466644287,0.06089870259165764,0.03722364455461502,14.0
2026-04-27T18:34:21.000299,270426_171056.000000,1,58.14461135864258,8.009100914001465,-0.10000000149011612,0.0,0.8100000023841858,12,248.74000549316406,1,270426_173050.000000,-5.6052632331848145,2.9831032752990723,0.08974885195493698,3.866560935974121,1.8926199674606323,-0.03148997202515602,-0.06048443168401718,0.05835128575563431,0.06384821236133575,0.040221378207206726,16.0
2026-04-27T18:34:24.203421,270426_171112.984375,1,58.14461135864258,8.009100914001465,-0.10000000149011612,0.0,0.8100000023841858,12,248.74000549316406,1,270426_173050.000000,-5.029192924499512,3.6027588844299316,0.29822784662246704,2.6265249252319336,1.969698429107666,-0.12947283685207367,0.1652551293373108,0.21181918680667877,0.07008973509073257,0.04127815365791321,14.0
2026-04-27T18:34:27.127258,270426_171122.000000,1,58.14461135864258,8.009100914001465,-0.10000000149011612,0.0,0.8100000023841858,12,248.74000549316406,1,270426_173120.000000,-4.665904521942139,2.684051275253296,0.33928000926971436,5.6780805587768555,1.9301003217697144,-0.06295894831418991,0.2520800530910492,0.21818053722381592,0.0742451399564743,0.046611033380031586,16.0
2026-04-27T18:34:27.127605,270426_171122.000000,1,58.14461135864258,8.009100914001465,-0.10000000149011612,0.0,0.8100000023841858,12,248.74000549316406,1,270426_173120.000000,-4.665904521942139,2.684051275253296,0.33928000926971436,5.6780805587768555,1.9301003217697144,-0.06295894831418991,0.2520800530910492,0.21818053722381592,0.0742451399564743,0.046611033380031586,16.0
2026-04-27T18:34:27.127814,270426_171122.000000,1,58.14461135864258,8.009100914001465,-0.10000000149011612,0.0,0.8100000023841858,12,248.74000549316406,1,270426_173120.000000,-4.665904521942139,2.684051275253296,0.33928000926971436,5.6780805587768555,1.9301003217697144,-0.06295894831418991,0.2520800530910492,0.21818053722381592,0.0742451399564743,0.046611033380031586,16.0
2026-04-27T18:34:30.287785,270426_171139.015625,1,58.14461135864258,8.009100914001465,-0.10000000149011612,0.0,0.8100000023841858,12,248.74000549316406,1,270426_173120.000000,-5.003131866455078,2.5636074542999268,0.252571702003479,0.465145081281662,1.9451416730880737,0.033476121723651886,-0.10599181056022644,0.22679847478866577,0.07540477067232132,0.04895472526550293,16.0
2026-04-27T18:34:30.288210,270426_171139.015625,1,58.14461135864258,8.009100914001465,-0.10000000149011612,0.0,0.8100000023841858,12,248.74000549316406,1,270426_173120.000000,-5.003131866455078,2.5636074542999268,0.252571702003479,0.465145081281662,1.9451416730880737,0.033476121723651886,-0.10599181056022644,0.22679847478866577,0.07540477067232132,0.04895472526550293,16.0
2026-04-27T18:34:30.288510,270426_171139.015625,1,58.14461135864258,8.009100914001465,-0.10000000149011612,0.0,0.8100000023841858,12,248.74000549316406,1,270426_173120.000000,-5.003131866455078,2.5636074542999268,0.252571702003479,0.465145081281662,1.9451416730880737,0.033476121723651886,-0.10599181056022644,0.22679847478866577,0.07540477067232132,0.04895472526550293,16.0
2026-04-27T18:34:33.179295,270426_171148.000000,1,58.14461135864258,8.009100914001465,-0.10000000149011612,0.0,0.8100000023841858,12,248.74000549316406,1,270426_173120.000000,-5.1800994873046875,2.9091594219207764,0.06950336694717407,1.407122015953064,1.891127586364746,0.0036518920678645372,-0.0007270057685673237,0.06940355896949768,0.0838489904999733,0.05057067051529884,16.0
2026-04-27T18:34:36.336750,270426_171148.984375,1,58.14461135864258,8.009100914001465,-0.10000000149011612,0.0,0.8100000023841858,12,248.74000549316406,1,270426_173120.000000,-4.01917839050293,2.4212045669555664,0.20069116353988647,2.5807926654815674,2.2332301139831543,0.05800800770521164,0.08508724719285965,0.17225614190101624,0.08407380431890488,0.05729255825281143,14.0
2026-04-27T18:34:39.287022,270426_171158.000000,1,58.14461135864258,8.009100914001465,-0.10000000149011612,0.0,0.8100000023841858,12,248.74000549316406,1,270426_173135.015625,-4.150583267211914,2.8507070541381836,0.1508437991142273,1.3097516298294067,2.2983784675598145,-0.10058135539293289,0.022071056067943573,-0.1102275475859642,0.07272803038358688,0.04948558285832405,16.0
2026-04-27T18:34:42.473562,270426_171206.000000,1,58.14461135864258,8.009100914001465,-0.10000000149011612,0.0,0.8100000023841858,12,248.74000549316406,1,270426_173135.015625,-4.1953606605529785,2.793300151824951,0.14313527941703796,7.2946038246154785,2.2717137336730957,0.027147263288497925,0.01448079850524664,0.13978926837444305,0.07536452263593674,0.04779817536473274,16.0
2026-04-27T18:34:42.473925,270426_171206.000000,1,58.14461135864258,8.009100914001465,-0.10000000149011612,0.0,0.8100000023841858,12,248.74000549316406,1,270426_173135.015625,-4.1953606605529785,2.793300151824951,0.14313527941703796,7.2946038246154785,2.2717137336730957,0.027147263288497925,0.01448079850524664,0.13978926837444305,0.07536452263593674,0.04779817536473274,16.0
2026-04-27T18:34:42.474327,270426_171206.000000,1,58.14461135864258,8.009100914001465,-0.10000000149011612,0.0,0.8100000023841858,12,248.74000549316406,1,270426_173135.015625,-4.1953606605529785,2.793300151824951,0.14313527941703796,7.2946038246154785,2.2717137336730957,0.027147263288497925,0.01448079850524664,0.13978926837444305,0.07536452263593674,0.04779817536473274,16.0
2026-04-27T18:34:42.485269,270426_171206.000000,1,58.14461135864258,8.009100914001465,-0.10000000149011612,0.0,0.8100000023841858,12,248.74000549316406,1,270426_173135.015625,-4.1953606605529785,2.793300151824951,0.14313527941703796,7.2946038246154785,2.2717137336730957,0.027147263288497925,0.01448079850524664,0.13978926837444305,0.07536452263593674,0.04779817536473274,16.0
2026-04-27T18:34:45.431398,270426_171224.000000,1,58.14461135864258,8.009100914001465,-0.10000000149011612,0.0,0.8100000023841858,12,248.74000549316406,1,270426_173135.015625,-4.183949947357178,1.4879064559936523,0.15630170702934265,2.490133047103882,2.2482106685638428,0.0957132950425148,0.049183450639247894,-0.11335861682891846,0.07799326628446579,0.045870304107666016,18.0
2026-04-27T18:34:48.484590,270426_171224.984375,1,58.14461135864258,8.009100914001465,-0.10000000149011612,0.0,0.8100000023841858,12,248.74000549316406,1,270426_173135.015625,-4.354668617248535,1.7586612701416016,0.24923065304756165,5.133967876434326,2.136115312576294,0.046122316271066666,0.17234501242637634,0.17402827739715576,0.06673932075500488,0.04174600541591644,16.0
2026-04-27T18:34:51.575008,270426_171232.984375,1,58.14461135864258,8.009100914001465,-0.10000000149011612,0.0,0.8100000023841858,12,248.74000549316406,1,270426_173135.015625,-4.0701518058776855,2.1975345611572266,0.22112317383289337,2.4514479637145996,2.028129816055298,-0.011442921124398708,0.04579118639230728,-0.21602703630924225,0.0656457394361496,0.03930361568927765,16.0
2026-04-27T18:34:54.626817,270426_171240.984375,1,58.14461135864258,8.009100914001465,-0.10000000149011612,0.0,0.8100000023841858,12,248.74000549316406,1,270426_173136.000000,-4.445794582366943,2.7722880840301514,0.21186500787734985,2.2568423748016357,1.8818457126617432,-0.022852277383208275,0.019122397527098656,-0.20975911617279053,0.06544046103954315,0.03981116786599159,14.0
2026-04-27T18:34:57.616653,270426_171242.000000,1,58.14461135864258,8.009100914001465,-0.10000000149011612,0.0,0.8100000023841858,12,248.74000549316406,1,270426_173136.000000,-4.722690105438232,2.73299241065979,0.12664476037025452,3.9158241748809814,1.9158501625061035,-0.019807513803243637,-0.08485104143619537,0.09190679341554642,0.0667635127902031,0.040579427033662796,14.0
2026-04-27T18:35:00.586512,270426_171250.000000,1,58.14461135864258,8.009100914001465,-0.10000000149011612,0.0,0.8100000023841858,12,248.74000549316406,1,270426_173151.015625,-4.536630630493164,2.9781432151794434,0.0924597978591919,4.672478199005127,1.8777453899383545,0.004566088318824768,-0.05775313451886177,0.0720592811703682,0.05553959310054779,0.03570917993783951,14.0
2026-04-27T18:35:03.667908,270426_171251.015625,1,58.14461135864258,8.009100914001465,-0.10000000149011612,0.0,0.8100000023841858,12,248.74000549316406,1,270426_173151.015625,-3.6481642723083496,2.325941562652588,0.5575480461120605,8.314002990722656,2.1147093772888184,0.1184513047337532,0.311710387468338,0.4468397796154022,0.08161766082048416,0.04438706859946251,14.0
2026-04-27T18:35:03.668215,270426_171251.015625,1,58.14461135864258,8.009100914001465,-0.10000000149011612,0.0,0.8100000023841858,12,248.74000549316406,1,270426_173151.015625,-3.6481642723083496,2.325941562652588,0.5575480461120605,8.314002990722656,2.1147093772888184,0.1184513047337532,0.311710387468338,0.4468397796154022,0.08161766082048416,0.04438706859946251,14.0
2026-04-27T18:35:06.845102,270426_171307.015625,1,58.14461135864258,8.009100914001465,-0.10000000149011612,0.0,0.8100000023841858,12,248.74000549316406,1,270426_173151.015625,-4.039575576782227,1.7906299829483032,0.17578259110450745,2.2790908813476562,2.035520315170288,0.02751845121383667,-0.11287106573581696,0.1319180577993393,0.07947893440723419,0.0426843985915184,16.0
2026-04-27T18:35:09.908620,270426_171324.984375,1,58.14461135864258,8.009100914001465,-0.10000000149011612,0.0,0.8100000023841858,12,248.74000549316406,1,270426_173151.015625,-3.9772095680236816,2.21541428565979,0.1814395785331726,0.5703308582305908,2.041983127593994,-0.07962273806333542,-0.006847593002021313,0.16289153695106506,0.07857469469308853,0.040470026433467865,14.0
2026-04-27T18:35:12.770551,270426_171332.984375,1,58.14461135864258,8.009100914001465,-0.10000000149011612,0.0,0.8100000023841858,12,248.74000549316406,1,270426_173151.015625,-4.0460524559021,1.8039017915725708,0.30061134696006775,3.4205968379974365,2.0700931549072266,0.13070473074913025,0.014422581531107426,0.27032470703125,0.08798843622207642,0.043847475200891495,16.0
2026-04-27T18:35:15.858017,270426_171334.000000,1,58.14461135864258,8.009100914001465,-0.10000000149011612,0.0,0.8100000023841858,12,248.74000549316406,1,270426_173207.015625,-4.354013442993164,2.033332109451294,0.12848243117332458,0.46091169118881226,1.9108552932739258,-0.039717257022857666,-0.00786434207111597,-0.12193614989519119,0.08389594405889511,0.04090653359889984,16.0
2026-04-27T18:35:15.858392,270426_171334.000000,1,58.14461135864258,8.009100914001465,-0.10000000149011612,0.0,0.8100000023841858,12,248.74000549316406,1,270426_173207.015625,-4.354013442993164,2.033332109451294,0.12848243117332458,0.46091169118881226,1.9108552932739258,-0.039717257022857666,-0.00786434207111597,-0.12193614989519119,0.08389594405889511,0.04090653359889984,16.0
2026-04-27T18:35:15.858901,270426_171334.000000,1,58.14461135864258,8.009100914001465,-0.10000000149011612,0.0,0.8100000023841858,12,248.74000549316406,1,270426_173207.015625,-4.354013442993164,2.033332109451294,0.12848243117332458,0.46091169118881226,1.9108552932739258,-0.039717257022857666,-0.00786434207111597,-0.12193614989519119,0.08389594405889511,0.04090653359889984,16.0
2026-04-27T18:35:15.892753,270426_171334.000000,1,58.14461135864258,8.009100914001465,-0.10000000149011612,0.0,0.8100000023841858,12,248.74000549316406,1,270426_173207.015625,-4.354013442993164,2.033332109451294,0.12848243117332458,0.46091169118881226,1.9108552932739258,-0.039717257022857666,-0.00786434207111597,-0.12193614989519119,0.08389594405889511,0.04090653359889984,16.0
2026-04-27T18:35:19.056679,270426_171342.000000,1,58.14461135864258,8.009100914001465,-0.10000000149011612,0.0,0.8100000023841858,12,248.74000549316406,1,270426_173207.015625,-4.419336318969727,3.1347646713256836,0.16018222272396088,3.5287835597991943,1.8014276027679443,-0.06776594370603561,-0.015683215111494064,-0.1442919373512268,0.06730064749717712,0.03719888627529144,16.0
2026-04-27T18:35:22.095509,270426_171350.000000,1,58.14461135864258,8.009100914001465,-0.10000000149011612,0.0,0.8100000023841858,12,248.74000549316406,1,270426_173208.000000,-4.207361221313477,3.5041615962982178,0.11527184396982193,4.6220855712890625,1.8122435808181763,0.09128392487764359,-0.06616303324699402,-0.024026993662118912,0.07197532057762146,0.04007980227470398,16.0
2026-04-27T18:35:22.098319,270426_171350.000000,1,58.14461135864258,8.009100914001465,-0.10000000149011612,0.0,0.8100000023841858,12,248.74000549316406,1,270426_173208.000000,-4.207361221313477,3.5041615962982178,0.11527184396982193,4.6220855712890625,1.8122435808181763,0.09128392487764359,-0.06616303324699402,-0.024026993662118912,0.07197532057762146,0.04007980227470398,16.0
2026-04-27T18:35:25.174811,270426_171351.015625,1,58.14461135864258,8.009100914001465,-0.10000000149011612,0.0,0.8100000023841858,12,248.74000549316406,1,270426_173208.000000,-3.646714687347412,2.8887929916381836,0.32841792702674866,3.675532817840576,2.017367362976074,-0.032418493181467056,0.18476025760173798,0.2695756256580353,0.08152034878730774,0.044331565499305725,16.0
2026-04-27T18:35:28.522882,270426_171359.015625,1,58.14461135864258,8.009100914001465,-0.10000000149011612,0.0,0.8100000023841858,12,248.74000549316406,1,270426_173208.000000,-3.759909152984619,2.693474769592285,0.11790589988231659,4.493663787841797,2.051706314086914,0.02312975376844406,-0.07164915651082993,0.09073705971240997,0.07863416522741318,0.046122957020998,14.0
2026-04-27T18:35:32.040610,270426_171407.015625,1,58.14461135864258,8.009100914001465,-0.10000000149011612,0.0,0.8100000023841858,12,248.74000549316406,1,270426_173223.015625,-4.250941276550293,2.819237470626831,0.24185265600681305,1.1000841856002808,2.1246705055236816,0.026683926582336426,-0.08298435062170029,-0.2255975753068924,0.0730961337685585,0.047382451593875885,14.0
2026-04-27T18:35:35.121042,270426_171408.000000,1,58.14461135864258,8.009100914001465,-0.10000000149011612,0.0,0.8100000023841858,12,248.74000549316406,1,270426_173223.015625,-4.337849140167236,2.8602123260498047,0.30225542187690735,3.808770179748535,2.1002423763275146,0.03424758464097977,-0.046645116060972214,-0.2966642677783966,0.07898956537246704,0.04514572024345398,14.0
2026-04-27T18:35:38.074875,270426_171416.984375,1,58.14461135864258,8.009100914001465,-0.10000000149011612,0.0,0.8100000023841858,12,248.74000549316406,1,270426_173223.015625,-3.639413595199585,2.3094310760498047,0.21958790719509125,4.7764458656311035,2.233621597290039,-0.017061036080121994,0.20533722639083862,0.07592359930276871,0.07840581238269806,0.047021981328725815,14.0
2026-04-27T18:35:41.271485,270426_171424.984375,1,58.14461135864258,8.009100914001465,-0.10000000149011612,0.0,0.8100000023841858,12,248.74000549316406,1,270426_173223.015625,-3.9480574131011963,2.8858115673065186,0.09347125142812729,2.522270917892456,1.8785992860794067,-0.08414293825626373,0.039208896458148956,-0.010931719094514847,0.07046166062355042,0.040280625224113464,16.0
2026-04-27T18:35:44.414887,270426_171432.984375,1,58.14461135864258,8.009100914001465,-0.10000000149011612,0.0,0.8100000023841858,12,248.74000549316406,1,270426_173224.000000,-3.692128896713257,2.8853702545166016,0.1572318822145462,0.41759103536605835,2.018307685852051,-0.03822667896747589,0.05694583058357239,-0.14148414134979248,0.07046941667795181,0.03996945917606354,14.0
2026-04-27T18:35:47.396357,270426_171434.000000,1,58.14461135864258,8.009100914001465,-0.10000000149011612,0.0,0.8100000023841858,12,248.74000549316406,1,270426_173224.000000,-4.053582191467285,2.724334716796875,0.08631940186023712,6.996852874755859,1.9856288433074951,-0.02730952762067318,-0.05902760475873947,0.05675360560417175,0.07818660885095596,0.043476853519678116,16.0
2026-04-27T18:35:47.399333,270426_171434.000000,1,58.14461135864258,8.009100914001465,-0.10000000149011612,0.0,0.8100000023841858,12,248.74000549316406,1,270426_173224.000000,-4.053582191467285,2.724334716796875,0.08631940186023712,6.996852874755859,1.9856288433074951,-0.02730952762067318,-0.05902760475873947,0.05675360560417175,0.07818660885095596,0.043476853519678116,16.0
2026-04-27T18:35:47.430779,270426_171434.000000,1,58.14461135864258,8.009100914001465,-0.10000000149011612,0.0,0.8100000023841858,12,248.74000549316406,1,270426_173224.000000,-4.053582191467285,2.724334716796875,0.08631940186023712,6.996852874755859,1.9856288433074951,-0.02730952762067318,-0.05902760475873947,0.05675360560417175,0.07818660885095596,0.043476853519678116,16.0
2026-04-27T18:35:50.453740,270426_171442.000000,1,58.14461135864258,8.009100914001465,-0.10000000149011612,0.0,0.8100000023841858,12,248.74000549316406,1,270426_173224.000000,-3.8484528064727783,2.5621249675750732,0.17938914895057678,0.835979700088501,2.083766222000122,-0.040441274642944336,0.04296008497476578,-0.16940896213054657,0.06617148965597153,0.03916991502046585,14.0
2026-04-27T18:35:53.460092,270426_171443.015625,1,58.14461135864258,8.009100914001465,-0.10000000149011612,0.0,0.8100000023841858,12,248.74000549316406,1,270426_173239.015625,-4.0273237228393555,2.114593982696533,0.12778036296367645,6.915120601654053,2.058725357055664,0.07850407063961029,0.0914374515414238,-0.04247501492500305,0.07187553495168686,0.045147571712732315,13.0
2026-04-27T18:35:56.517018,270426_171451.015625,1,58.14461135864258,8.009100914001465,-0.10000000149011612,0.0,0.8100000023841858,12,248.74000549316406,1,270426_173239.015625,-3.5003862380981445,1.8652129173278809,0.19362471997737885,2.1437559127807617,2.1059229373931885,0.07638143748044968,0.05785571038722992,0.16825315356254578,0.0708610787987709,0.04752852022647858,15.0
2026-04-27T18:35:59.559387,270426_171516.000000,1,58.14461135864258,8.009100914001465,-0.10000000149011612,0.0,0.8600000143051147,11,248.74000549316406,1,270426_173254.000000,-3.7641546726226807,1.979791522026062,0.11879570782184601,4.7104082107543945,2.0219669342041016,0.02727987989783287,0.10547520965337753,-0.04736251384019852,0.067962147295475,0.047938380390405655,15.0
2026-04-27T18:36:02.641507,270426_171524.984375,1,58.14461135864258,8.009100914001465,-0.10000000149011612,0.0,0.8600000143051147,11,248.74000549316406,1,270426_173254.000000,-3.6804776191711426,2.037102460861206,0.2382698357105255,2.1786956787109375,2.064439535140991,-0.05088697373867035,0.09721202403306961,0.21150143444538116,0.0643806904554367,0.045193079859018326,15.0
2026-04-27T18:36:05.785771,270426_171526.000000,1,58.14461135864258,8.009100914001465,-0.10000000149011612,0.0,0.8600000143051147,11,248.74000549316406,1,270426_173254.000000,-3.2743377685546875,1.8612443208694458,0.35934948921203613,3.310614585876465,1.9858461618423462,0.024452898651361465,-0.05655167996883392,-0.35402825474739075,0.06671532988548279,0.04723075032234192,15.0
2026-04-27T18:36:05.786258,270426_171526.000000,1,58.14461135864258,8.009100914001465,-0.10000000149011612,0.0,0.8600000143051147,11,248.74000549316406,1,270426_173254.000000,-3.2743377685546875,1.8612443208694458,0.35934948921203613,3.310614585876465,1.9858461618423462,0.024452898651361465,-0.05655167996883392,-0.35402825474739075,0.06671532988548279,0.04723075032234192,15.0
2026-04-27T18:36:05.797521,270426_171526.000000,1,58.14461135864258,8.009100914001465,-0.10000000149011612,0.0,0.8600000143051147,11,248.74000549316406,1,270426_173254.000000,-3.2743377685546875,1.8612443208694458,0.35934948921203613,3.310614585876465,1.9858461618423462,0.024452898651361465,-0.05655167996883392,-0.35402825474739075,0.06671532988548279,0.04723075032234192,15.0
2026-04-27T18:36:05.815433,270426_171526.000000,1,58.14461135864258,8.009100914001465,-0.10000000149011612,0.0,0.8600000143051147,11,248.74000549316406,1,270426_173254.000000,-3.2743377685546875,1.8612443208694458,0.35934948921203613,3.310614585876465,1.9858461618423462,0.024452898651361465,-0.05655167996883392,-0.35402825474739075,0.06671532988548279,0.04723075032234192,15.0
2026-04-27T18:36:08.803028,270426_171534.000000,1,58.14461135864258,8.009100914001465,-0.10000000149011612,0.0,0.8600000143051147,11,248.74000549316406,1,270426_173254.000000,-3.1447253227233887,1.6986323595046997,0.17147360742092133,2.0760161876678467,1.8402236700057983,0.05700269713997841,0.08058249205350876,-0.14021539688110352,0.07032976299524307,0.04409027472138405,16.0
2026-04-27T18:36:11.967204,270426_171542.000000,1,58.14461135864258,8.009100914001465,-0.10000000149011612,0.0,0.8100000023841858,12,248.74000549316406,1,270426_173254.000000,-3.213362455368042,1.625289797782898,0.16584500670433044,3.2441866397857666,1.8107459545135498,-0.02126665785908699,-0.08470511436462402,-0.14098700881004333,0.0716724768280983,0.0394987091422081,14.0
2026-04-27T18:36:18.019774,270426_171551.015625,1,58.14461135864258,8.009100914001465,-0.10000000149011612,0.0,0.8100000023841858,12,248.74000549316406,1,270426_173254.000000,-3.03096342086792,2.733720541000366,0.2922728359699249,1.7130517959594727,1.7340790033340454,0.06071339547634125,-0.03202858939766884,-0.2840976119041443,0.08086179941892624,0.04672101512551308,16.0
2026-04-27T18:36:21.081832,270426_171559.015625,1,58.14461135864258,8.009100914001465,-0.10000000149011612,0.0,0.8600000143051147,11,248.74000549316406,1,270426_173310.000000,-3.102187156677246,2.4077577590942383,0.2345905750989914,2.5937960147857666,1.8425310850143433,-0.02380727045238018,0.008750468492507935,0.2332153171300888,0.07332229614257812,0.04371367022395134,16.0
2026-04-27T18:36:24.180022,270426_171600.000000,1,58.14461135864258,8.009100914001465,-0.10000000149011612,0.0,0.8600000143051147,11,248.74000549316406,1,270426_173310.000000,-3.1640233993530273,2.1228864192962646,0.20075419545173645,4.488636493682861,1.7914589643478394,0.03562736138701439,0.1555606722831726,0.12179413437843323,0.07312329858541489,0.04687567800283432,16.0
2026-04-27T18:36:27.261665,270426_171608.000000,1,58.14461135864258,8.009100914001465,-0.10000000149011612,0.0,0.8100000023841858,12,248.74000549316406,1,270426_173310.000000,-3.7320048809051514,1.719846487045288,0.45358362793922424,9.327251434326172,1.9977400302886963,0.2740550637245178,0.19638581573963165,0.30342137813568115,0.0799378901720047,0.050145331770181656,16.0
2026-04-27T18:36:30.503404,270426_171608.984375,1,58.14461135864258,8.009100914001465,-0.10000000149011612,0.0,0.8100000023841858,12,248.74000549316406,1,270426_173310.000000,-2.760512351989746,2.007040023803711,0.4020267724990845,4.623607158660889,2.056126594543457,-0.0903388187289238,0.23398937284946442,0.3141869008541107,0.08446952700614929,0.05146753415465355,16.0
2026-04-27T18:36:33.623727,270426_171616.984375,1,58.14466094970703,8.009078025817871,-0.699999988079071,0.0,0.8100000023841858,12,248.74000549316406,1,270426_173310.000000,-3.1770102977752686,2.081709861755371,0.22226503491401672,1.6281445026397705,2.0289525985717773,0.008244777098298073,-0.08981412649154663,-0.20314329862594604,0.08247119188308716,0.04870448634028435,16.0
2026-04-27T18:36:36.647930,270426_171624.984375,1,58.14466094970703,8.009078025817871,-0.699999988079071,0.0,0.8100000023841858,12,248.74000549316406,1,270426_173324.984375,-2.7453672885894775,1.8377493619918823,0.33552801609039307,1.0627925395965576,1.956456184387207,0.01390201598405838,-0.005648557096719742,-0.33519232273101807,0.08798155188560486,0.049128368496894836,16.0
2026-04-27T18:36:39.597719,270426_171626.000000,1,58.14466094970703,8.009078025817871,-0.699999988079071,0.0,0.8100000023841858,12,248.74000549316406,1,270426_173324.984375,-2.622051477432251,1.341193675994873,0.2047898918390274,1.9110779762268066,1.9402203559875488,0.041673872619867325,0.11944102495908737,-0.16104668378829956,0.08402808755636215,0.051168788224458694,16.0
2026-04-27T18:36:42.714608,270426_171634.000000,1,58.14466094970703,8.009078025817871,-0.699999988079071,0.0,0.8100000023841858,12,248.74000549316406,1,270426_173324.984375,-2.3534984588623047,1.718616008758545,0.27170196175575256,3.749539375305176,1.7955527305603027,-0.040980711579322815,-0.019251158460974693,-0.26790282130241394,0.07543572038412094,0.0504157580435276,16.0
2026-04-27T18:36:45.816527,270426_171635.015625,1,58.14466094970703,8.009078025817871,-0.699999988079071,0.0,0.8100000023841858,12,248.74000549316406,1,270426_173324.984375,-2.385962724685669,1.8626693487167358,0.2646016776561737,2.6970462799072266,1.7083226442337036,0.03240226209163666,-0.09572163969278336,-0.24454346299171448,0.06523177772760391,0.04770901799201965,12.0
2026-04-27T18:36:48.779681,270426_171651.015625,1,58.14466094970703,8.009045600891113,-1.5,0.0,0.8100000023841858,12,248.74000549316406,1,270426_173340.000000,-2.4847304821014404,1.6788139343261719,0.1556115746498108,0.46281275153160095,1.8772181272506714,0.056852780282497406,-0.012663744390010834,0.14429953694343567,0.06566962599754333,0.04895082116127014,12.0
2026-04-27T18:36:51.781427,270426_171652.000000,1,58.14466094970703,8.009045600891113,-1.5,0.0,0.8100000023841858,12,248.74000549316406,1,270426_173340.000000,-2.6790337562561035,1.841396689414978,0.17814825475215912,0.8247030377388,1.7565325498580933,0.027646608650684357,-0.0012131864205002785,0.17598576843738556,0.059229832142591476,0.04642098769545555,12.0
2026-04-27T18:36:54.915369,270426_171708.000000,1,58.14466094970703,8.009045600891113,-1.5,0.0,0.8100000023841858,12,248.74000549316406,1,270426_173340.000000,-2.349928379058838,2.103884220123291,0.0859828069806099,3.5973007678985596,1.7619577646255493,0.003971159923821688,0.08531343191862106,0.00994438398629427,0.06091051176190376,0.043401800096035004,12.0
2026-04-27T18:36:57.946446,270426_171708.984375,1,58.14466094970703,8.009045600891113,-1.5,0.0,0.8100000023841858,12,248.74000549316406,1,270426_173340.000000,-2.2747962474823,2.1602091789245605,0.22077307105064392,2.157924175262451,1.7599446773529053,-0.00572161003947258,0.058243636041879654,-0.21287482976913452,0.06315145641565323,0.041094064712524414,12.0
2026-04-27T18:37:01.120199,270426_171716.984375,1,58.14466094970703,8.009045600891113,-1.5,0.0,0.8100000023841858,12,248.74000549316406,1,270426_173340.000000,-2.2376091480255127,2.255467176437378,0.14038893580436707,3.0487451553344727,2.319880723953247,-0.04143964871764183,-0.10673662275075912,-0.08123484253883362,0.07905647158622742,0.04480462893843651,14.0
2026-04-27T18:37:01.120641,270426_171716.984375,1,58.14466094970703,8.009045600891113,-1.5,0.0,0.8100000023841858,12,248.74000549316406,1,270426_173340.000000,-2.2376091480255127,2.255467176437378,0.14038893580436707,3.0487451553344727,2.319880723953247,-0.04143964871764183,-0.10673662275075912,-0.08123484253883362,0.07905647158622742,0.04480462893843651,14.0
2026-04-27T18:37:01.122583,270426_171716.984375,1,58.14466094970703,8.009045600891113,-1.5,0.0,0.8100000023841858,12,248.74000549316406,1,270426_173340.000000,-2.2376091480255127,2.255467176437378,0.14038893580436707,3.0487451553344727,2.319880723953247,-0.04143964871764183,-0.10673662275075912,-0.08123484253883362,0.07905647158622742,0.04480462893843651,14.0
2026-04-27T18:37:01.140906,270426_171716.984375,1,58.14466094970703,8.009045600891113,-1.5,0.0,0.8100000023841858,12,248.74000549316406,1,270426_173340.000000,-2.2376091480255127,2.255467176437378,0.14038893580436707,3.0487451553344727,2.319880723953247,-0.04143964871764183,-0.10673662275075912,-0.08123484253883362,0.07905647158622742,0.04480462893843651,14.0
2026-04-27T18:37:03.999007,270426_171718.000000,1,58.14466094970703,8.009045600891113,-1.5,0.0,0.8100000023841858,12,248.74000549316406,1,270426_173355.015625,-1.9217523336410522,3.154951572418213,0.34866055846214294,2.6574859619140625,2.259101390838623,-0.007533871568739414,-0.035716306418180466,-0.346744567155838,0.08875447511672974,0.0471670925617218,14.0
2026-04-27T18:37:07.062983,270426_171726.000000,1,58.14466094970703,8.009045600891113,-1.5,0.0,0.8100000023841858,12,248.74000549316406,1,270426_173355.015625,-1.7982139587402344,2.8670105934143066,0.16448377072811127,1.9524906873703003,2.453606367111206,-0.04782421886920929,0.0931970551609993,-0.126815065741539,0.09071238338947296,0.05128370597958565,14.0
2026-04-27T18:37:07.069611,270426_171726.000000,1,58.14466094970703,8.009045600891113,-1.5,0.0,0.8100000023841858,12,248.74000549316406,1,270426_173355.015625,-1.7982139587402344,2.8670105934143066,0.16448377072811127,1.9524906873703003,2.453606367111206,-0.04782421886920929,0.0931970551609993,-0.126815065741539,0.09071238338947296,0.05128370597958565,14.0
2026-04-27T18:37:07.074359,270426_171726.000000,1,58.14466094970703,8.009045600891113,-1.5,0.0,0.8100000023841858,12,248.74000549316406,1,270426_173355.015625,-1.7982139587402344,2.8670105934143066,0.16448377072811127,1.9524906873703003,2.453606367111206,-0.04782421886920929,0.0931970551609993,-0.126815065741539,0.09071238338947296,0.05128370597958565,14.0
2026-04-27T18:37:07.082885,270426_171726.000000,1,58.14466094970703,8.009045600891113,-1.5,0.0,0.8100000023841858,12,248.74000549316406,1,270426_173355.015625,-1.7982139587402344,2.8670105934143066,0.16448377072811127,1.9524906873703003,2.453606367111206,-0.04782421886920929,0.0931970551609993,-0.126815065741539,0.09071238338947296,0.05128370597958565,14.0
2026-04-27T18:37:10.159025,270426_171734.000000,1,58.14466094970703,8.009045600891113,-1.5,0.0,0.8100000023841858,12,248.74000549316406,1,270426_173356.000000,-1.9563828706741333,2.136979103088379,0.027450870722532272,4.0495734214782715,2.5199944972991943,0.0065966034308075905,-0.022772597149014473,-0.013836326077580452,0.09445063024759293,0.05464499071240425,16.0
2026-04-27T18:37:13.202975,270426_171735.015625,1,58.14466094970703,8.009045600891113,-1.5,0.0,0.8100000023841858,12,248.74000549316406,1,270426_173356.000000,-1.9659026861190796,2.6926989555358887,0.22775745391845703,2.402815818786621,2.4682416915893555,-0.09846440702676773,0.009848694317042828,0.20513707399368286,0.09712783992290497,0.05498189479112625,16.0
2026-04-27T18:37:19.249929,270426_171751.015625,1,58.14466094970703,8.009045600891113,-1.5,0.0,0.8299999833106995,12,248.74000549316406,1,270426_173356.000000,-2.261136531829834,2.404202699661255,0.08564887195825577,4.663503646850586,2.1417174339294434,0.06247931718826294,0.04066602140665054,-0.04217034578323364,0.0803392082452774,0.04294724389910698,16.0
2026-04-27T18:37:22.317305,270426_171752.000000,1,58.14466094970703,8.009045600891113,-1.5,0.0,0.8299999833106995,12,248.74000549316406,1,270426_173356.000000,-2.3091185092926025,2.3110170364379883,0.1185157522559166,0.7914307713508606,2.0087883472442627,-0.03965272754430771,0.043728917837142944,-0.10276880115270615,0.0731016993522644,0.036266084760427475,18.0
2026-04-27T18:37:25.341628,270426_171800.000000,1,58.14466094970703,8.009045600891113,-1.5,0.0,0.8299999833106995,12,248.74000549316406,1,270426_173411.015625,-2.256171703338623,1.9112344980239868,0.1652611345052719,5.080997467041016,1.9511921405792236,-0.013528863899409771,0.1481495499610901,0.07197166234254837,0.0651126578450203,0.035327114164829254,16.0
2026-04-27T18:37:28.320770,270426_171800.984375,1,58.14466094970703,8.009045600891113,-1.5,0.0,0.8299999833106995,12,248.74000549316406,1,270426_173411.015625,-2.2753052711486816,1.408968210220337,0.18984299898147583,2.226743459701538,1.9512056112289429,0.013591894879937172,-0.1165275126695633,0.1492546796798706,0.07211416214704514,0.03666960448026657,16.0
2026-04-27T18:37:31.429347,270426_171808.984375,1,58.14466094970703,8.009045600891113,-1.5,0.0,0.8299999833106995,12,248.74000549316406,1,270426_173411.015625,-2.5255744457244873,1.6898406744003296,0.18986085057258606,1.8810113668441772,2.0901834964752197,-0.07838167250156403,-0.046528223901987076,-0.16654902696609497,0.07506982237100601,0.042550139129161835,16.0
2026-04-27T18:37:34.511709,270426_171816.984375,1,58.14466094970703,8.009045600891113,-1.5,0.0,0.8999999761581421,11,248.74000549316406,1,270426_173411.015625,-3.3071162700653076,1.5328510999679565,0.10935421288013458,3.592301368713379,2.118417501449585,-0.07312548905611038,-0.03861023113131523,-0.0715559646487236,0.08398773521184921,0.04367618262767792,15.0
2026-04-27T18:37:37.457729,270426_171818.000000,1,58.14466094970703,8.009045600891113,-1.5,0.0,0.8999999761581421,11,248.74000549316406,1,270426_173411.015625,-4.90683650970459,1.9191820621490479,0.21983318030834198,2.807621717453003,1.9421885013580322,-0.0017884420230984688,0.08333951979875565,0.20341569185256958,0.07993119955062866,0.05115325003862381,14.0
2026-04-27T18:37:40.646275,270426_171826.000000,1,58.14466094970703,8.009045600891113,-1.5,0.0,0.8299999833106995,12,248.74000549316406,1,270426_173411.015625,-4.918944835662842,1.4064240455627441,0.189957395195961,4.491557598114014,1.742796540260315,-0.04679810628294945,0.1448187679052353,0.11367176473140717,0.07717680931091309,0.04697743430733681,14.0
2026-04-27T18:37:40.646781,270426_171826.000000,1,58.14466094970703,8.009045600891113,-1.5,0.0,0.8299999833106995,12,248.74000549316406,1,270426_173411.015625,-4.918944835662842,1.4064240455627441,0.189957395195961,4.491557598114014,1.742796540260315,-0.04679810628294945,0.1448187679052353,0.11367176473140717,0.07717680931091309,0.04697743430733681,14.0
2026-04-27T18:37:43.614886,270426_171843.015625,1,58.14466094970703,8.009045600891113,-1.5,0.0,0.8100000023841858,12,248.74000549316406,1,270426_173411.015625,-5.286971569061279,1.6397373676300049,0.12558676302433014,1.882437825202942,1.8062293529510498,-0.02301708608865738,0.016959141939878464,-0.12228915095329285,0.07692775130271912,0.047590602189302444,16.0
2026-04-27T18:37:46.594139,270426_171844.000000,1,58.14466094970703,8.009045600891113,-1.5,0.0,0.8100000023841858,12,248.74000549316406,1,270426_173411.015625,-5.6073102951049805,0.9149237275123596,0.08044379204511642,1.7470901012420654,1.8599766492843628,0.018329933285713196,-0.06329621374607086,-0.04613898694515228,0.07428757846355438,0.045074593275785446,14.0
2026-04-27T18:37:49.694625,270426_171852.000000,1,58.14466094970703,8.009045600891113,-1.5,0.0,0.8100000023841858,12,248.74000549316406,1,270426_173411.015625,-5.5527801513671875,0.39974668622016907,0.18971647322177887,1.8241462707519531,1.899586796760559,0.07743175327777863,-0.023855293169617653,0.17154473066329956,0.07251036167144775,0.04054779186844826,16.0
2026-04-27T18:37:52.839184,270426_171900.000000,1,58.14466094970703,8.009045600891113,-1.5,0.0,0.8100000023841858,12,248.74000549316406,1,270426_173443.015625,-5.618898391723633,0.27903464436531067,0.2008509784936905,2.1440272331237793,2.052119255065918,-0.02348240092396736,-0.02816930040717125,-0.19747449457645416,0.06803632527589798,0.03669343516230583,16.0
2026-04-27T18:37:55.805540,270426_171900.984375,1,58.14466094970703,8.009045600891113,-1.5,0.0,0.8100000023841858,12,248.74000549316406,1,270426_173443.015625,-5.476226329803467,0.41652655601501465,0.1605706363916397,0.8882104158401489,2.0391767024993896,0.0262296162545681,0.05609440058469772,0.1481497883796692,0.05864277109503746,0.031118368729948997,14.0
2026-04-27T18:38:01.858988,270426_171916.984375,1,58.14466094970703,8.009045600891113,-1.5,0.0,0.8100000023841858,12,248.74000549316406,1,270426_173443.015625,-5.55887508392334,-0.5005061030387878,0.09929090738296509,3.5346994400024414,1.729142189025879,0.054606907069683075,0.04606342688202858,-0.06895601004362106,0.062322407960891724,0.026009943336248398,12.0
2026-04-27T18:38:04.918829,270426_171918.000000,1,58.1446418762207,8.009069442749023,-4.800000190734863,0.9300000071525574,0.8100000023841858,12,248.74000549316406,1,270426_173459.015625,-5.294076442718506,-0.14376571774482727,0.1871316134929657,2.0722861289978027,1.6629002094268799,-0.04956716671586037,0.08151322603225708,-0.16098734736442566,0.06170189008116722,0.025457648560404778,14.0
2026-04-27T18:38:08.026313,270426_171926.000000,1,58.1446418762207,8.009069442749023,-5.099999904632568,0.0,0.8100000023841858,12,248.74000549316406,1,270426_173459.015625,-4.996248722076416,-0.19272834062576294,0.19793525338172913,0.4930543899536133,1.4476778507232666,0.11447565257549286,0.0597163625061512,-0.15002545714378357,0.06361402571201324,0.024415981024503708,12.0
2026-04-27T18:38:11.061860,270426_171927.015625,1,58.1446418762207,8.009069442749023,-5.099999904632568,0.0,0.8100000023841858,12,248.74000549316406,1,270426_173459.015625,-4.575396537780762,-0.12451048940420151,0.20653508603572845,1.692354679107666,1.6194343566894531,0.027725573629140854,-0.03919326886534691,-0.20087787508964539,0.0687267854809761,0.02872120589017868,14.0
2026-04-27T18:38:11.062214,270426_171927.015625,1,58.1446418762207,8.009069442749023,-5.099999904632568,0.0,0.8100000023841858,12,248.74000549316406,1,270426_173459.015625,-4.575396537780762,-0.12451048940420151,0.20653508603572845,1.692354679107666,1.6194343566894531,0.027725573629140854,-0.03919326886534691,-0.20087787508964539,0.0687267854809761,0.02872120589017868,14.0
2026-04-27T18:38:11.062513,270426_171927.015625,1,58.1446418762207,8.009069442749023,-5.099999904632568,0.0,0.8100000023841858,12,248.74000549316406,1,270426_173459.015625,-4.575396537780762,-0.12451048940420151,0.20653508603572845,1.692354679107666,1.6194343566894531,0.027725573629140854,-0.03919326886534691,-0.20087787508964539,0.0687267854809761,0.02872120589017868,14.0
2026-04-27T18:38:11.080015,270426_171927.015625,1,58.1446418762207,8.009069442749023,-5.099999904632568,0.0,0.8100000023841858,12,248.74000549316406,1,270426_173459.015625,-4.575396537780762,-0.12451048940420151,0.20653508603572845,1.692354679107666,1.6194343566894531,0.027725573629140854,-0.03919326886534691,-0.20087787508964539,0.0687267854809761,0.02872120589017868,14.0
2026-04-27T18:38:14.038805,270426_171935.015625,1,58.1446418762207,8.009069442749023,-5.099999904632568,0.0,0.8100000023841858,12,248.74000549316406,1,270426_173459.015625,-3.8285329341888428,0.18594315648078918,0.11320794373750687,7.476034164428711,1.8973779678344727,-0.05632370710372925,0.04807385429739952,-0.08563050627708435,0.08137555420398712,0.03658211603760719,16.0
2026-04-27T18:38:17.136970,270426_171943.015625,1,58.1446418762207,8.009069442749023,-5.099999904632568,0.0,0.8600000143051147,11,248.74000549316406,1,270426_173459.015625,-3.9327056407928467,1.0253363847732544,0.19275109469890594,3.1084885597229004,1.8684598207473755,-0.16220559179782867,-0.015340277925133705,-0.10299035906791687,0.07401923835277557,0.04053642600774765,16.0
2026-04-27T18:38:17.142350,270426_171943.015625,1,58.1446418762207,8.009069442749023,-5.099999904632568,0.0,0.8600000143051147,11,248.74000549316406,1,270426_173459.015625,-3.9327056407928467,1.0253363847732544,0.19275109469890594,3.1084885597229004,1.8684598207473755,-0.16220559179782867,-0.015340277925133705,-0.10299035906791687,0.07401923835277557,0.04053642600774765,16.0
2026-04-27T18:38:17.145245,270426_171943.015625,1,58.1446418762207,8.009069442749023,-5.099999904632568,0.0,0.8600000143051147,11,248.74000549316406,1,270426_173459.015625,-3.9327056407928467,1.0253363847732544,0.19275109469890594,3.1084885597229004,1.8684598207473755,-0.16220559179782867,-0.015340277925133705,-0.10299035906791687,0.07401923835277557,0.04053642600774765,16.0
2026-04-27T18:38:17.189127,270426_171943.015625,1,58.1446418762207,8.009069442749023,-5.099999904632568,0.0,0.8600000143051147,11,248.74000549316406,1,270426_173459.015625,-3.9327056407928467,1.0253363847732544,0.19275109469890594,3.1084885597229004,1.8684598207473755,-0.16220559179782867,-0.015340277925133705,-0.10299035906791687,0.07401923835277557,0.04053642600774765,16.0
2026-04-27T18:38:17.189790,270426_171943.015625,1,58.1446418762207,8.009069442749023,-5.099999904632568,0.0,0.8600000143051147,11,248.74000549316406,1,270426_173459.015625,-3.9327056407928467,1.0253363847732544,0.19275109469890594,3.1084885597229004,1.8684598207473755,-0.16220559179782867,-0.015340277925133705,-0.10299035906791687,0.07401923835277557,0.04053642600774765,16.0
2026-04-27T18:38:20.232385,270426_171944.000000,1,58.1446418762207,8.009069442749023,-5.099999904632568,0.0,0.8100000023841858,12,248.74000549316406,1,270426_173515.015625,-3.4721474647521973,1.7179744243621826,0.2487194687128067,1.9719796180725098,2.0826756954193115,-0.05903422459959984,-0.045925289392471313,-0.2372070848941803,0.07066633552312851,0.048980288207530975,18.0
2026-04-27T18:38:20.237462,270426_171944.000000,1,58.1446418762207,8.009069442749023,-5.099999904632568,0.0,0.8100000023841858,12,248.74000549316406,1,270426_173515.015625,-3.4721474647521973,1.7179744243621826,0.2487194687128067,1.9719796180725098,2.0826756954193115,-0.05903422459959984,-0.045925289392471313,-0.2372070848941803,0.07066633552312851,0.048980288207530975,18.0
2026-04-27T18:38:20.249526,270426_171944.000000,1,58.1446418762207,8.009069442749023,-5.099999904632568,0.0,0.8100000023841858,12,248.74000549316406,1,270426_173515.015625,-3.4721474647521973,1.7179744243621826,0.2487194687128067,1.9719796180725098,2.0826756954193115,-0.05903422459959984,-0.045925289392471313,-0.2372070848941803,0.07066633552312851,0.048980288207530975,18.0
2026-04-27T18:38:20.270033,270426_171944.000000,1,58.1446418762207,8.009069442749023,-5.099999904632568,0.0,0.8100000023841858,12,248.74000549316406,1,270426_173515.015625,-3.4721474647521973,1.7179744243621826,0.2487194687128067,1.9719796180725098,2.0826756954193115,-0.05903422459959984,-0.045925289392471313,-0.2372070848941803,0.07066633552312851,0.048980288207530975,18.0
2026-04-27T18:38:23.205618,270426_171952.000000,1,58.1446418762207,8.009069442749023,-5.099999904632568,0.0,0.8100000023841858,12,248.74000549316406,1,270426_173515.015625,-3.8040199279785156,2.084887742996216,0.15117646753787994,3.0727739334106445,2.0424258708953857,-0.034826602786779404,-0.059171631932258606,0.13468538224697113,0.0804295614361763,0.051530927419662476,18.0
2026-04-27T18:38:26.258395,270426_172000.000000,1,58.1446418762207,8.009069442749023,-5.099999904632568,0.0,0.8600000143051147,11,248.74000549316406,1,270426_173515.015625,-3.637063503265381,2.3506739139556885,0.24620483815670013,2.0428214073181152,2.0528697967529297,-0.04639103263616562,0.03847504407167435,0.23871396481990814,0.07506924122571945,0.056154392659664154,16.0
2026-04-27T18:38:26.258671,270426_172000.000000,1,58.1446418762207,8.009069442749023,-5.099999904632568,0.0,0.8600000143051147,11,248.74000549316406,1,270426_173515.015625,-3.637063503265381,2.3506739139556885,0.24620483815670013,2.0428214073181152,2.0528697967529297,-0.04639103263616562,0.03847504407167435,0.23871396481990814,0.07506924122571945,0.056154392659664154,16.0
2026-04-27T18:38:26.258939,270426_172000.000000,1,58.1446418762207,8.009069442749023,-5.099999904632568,0.0,0.8600000143051147,11,248.74000549316406,1,270426_173515.015625,-3.637063503265381,2.3506739139556885,0.24620483815670013,2.0428214073181152,2.0528697967529297,-0.04639103263616562,0.03847504407167435,0.23871396481990814,0.07506924122571945,0.056154392659664154,16.0
2026-04-27T18:38:26.281357,270426_172000.000000,1,58.1446418762207,8.009069442749023,-5.099999904632568,0.0,0.8600000143051147,11,248.74000549316406,1,270426_173515.015625,-3.637063503265381,2.3506739139556885,0.24620483815670013,2.0428214073181152,2.0528697967529297,-0.04639103263616562,0.03847504407167435,0.23871396481990814,0.07506924122571945,0.056154392659664154,16.0
2026-04-27T18:38:29.284101,270426_172000.984375,1,58.1446418762207,8.009069442749023,-5.099999904632568,0.0,0.8600000143051147,11,248.74000549316406,1,270426_173515.015625,-3.955735921859741,3.0472095012664795,0.24344989657402039,1.112732172012329,2.2064101696014404,-0.010711238719522953,-0.035623203963041306,-0.2405911684036255,0.06640571355819702,0.057177625596523285,18.0
2026-04-27T18:38:32.331196,270426_172008.984375,1,58.1446418762207,8.009069442749023,-5.099999904632568,0.0,0.8600000143051147,11,248.74000549316406,1,270426_173516.000000,-3.7029104232788086,3.5155279636383057,0.11638341099023819,2.916321039199829,2.20935320854187,0.01682368293404579,0.04138106480240822,0.10746939480304718,0.07171047478914261,0.0504130944609642,18.0
2026-04-27T18:38:35.418152,270426_172010.000000,1,58.1446418762207,8.009069442749023,-5.099999904632568,0.0,0.8100000023841858,12,248.74000549316406,1,270426_173516.000000,-3.321965217590332,3.4724955558776855,0.12934133410453796,6.249203205108643,2.1167306900024414,-0.06997726857662201,0.03422939032316208,-0.10325073450803757,0.07176211476325989,0.04756942391395569,20.0
2026-04-27T18:38:38.364637,270426_172018.000000,1,58.14461135864258,8.009050369262695,-9.0,1.1399999856948853,0.8100000023841858,12,248.74000549316406,1,270426_173516.000000,-3.4102084636688232,3.138209581375122,0.16264760494232178,1.5436203479766846,2.283521890640259,0.06980590522289276,-0.037863604724407196,0.14194270968437195,0.07507365942001343,0.04558413475751877,20.0
2026-04-27T18:38:41.588093,270426_172026.000000,1,58.14459991455078,8.00904369354248,-12.300000190734863,2.069999933242798,0.8100000023841858,12,248.74000549316406,1,270426_173516.000000,-3.220684051513672,3.330596923828125,0.16563747823238373,1.7869219779968262,2.1229426860809326,-0.018213555216789246,-0.045114003121852875,0.15833118557929993,0.07110002636909485,0.04052815958857536,20.0
2026-04-27T18:38:41.588419,270426_172026.000000,1,58.14459991455078,8.00904369354248,-12.300000190734863,2.069999933242798,0.8100000023841858,12,248.74000549316406,1,270426_173516.000000,-3.220684051513672,3.330596923828125,0.16563747823238373,1.7869219779968262,2.1229426860809326,-0.018213555216789246,-0.045114003121852875,0.15833118557929993,0.07110002636909485,0.04052815958857536,20.0
2026-04-27T18:38:41.588585,270426_172026.000000,1,58.14459991455078,8.00904369354248,-12.300000190734863,2.069999933242798,0.8100000023841858,12,248.74000549316406,1,270426_173516.000000,-3.220684051513672,3.330596923828125,0.16563747823238373,1.7869219779968262,2.1229426860809326,-0.018213555216789246,-0.045114003121852875,0.15833118557929993,0.07110002636909485,0.04052815958857536,20.0
2026-04-27T18:38:41.683551,270426_172026.000000,1,58.14459991455078,8.00904369354248,-12.300000190734863,2.069999933242798,0.8100000023841858,12,248.74000549316406,1,270426_173516.000000,-3.220684051513672,3.330596923828125,0.16563747823238373,1.7869219779968262,2.1229426860809326,-0.018213555216789246,-0.045114003121852875,0.15833118557929993,0.07110002636909485,0.04052815958857536,20.0
2026-04-27T18:38:44.462560,270426_172027.015625,1,58.14459991455078,8.00903606414795,-12.899999618530273,2.0199999809265137,0.8100000023841858,12,248.74000549316406,1,270426_173516.000000,-3.0185437202453613,2.6820781230926514,0.11573120206594467,2.9167566299438477,2.452925443649292,-0.01690411940217018,0.049755074083805084,-0.10311349481344223,0.08686859160661697,0.04638099670410156,19.0
2026-04-27T18:38:47.501852,270426_172035.015625,1,58.14459991455078,8.009024620056152,-14.399999618530273,2.0199999809265137,0.8100000023841858,12,248.74000549316406,1,270426_173532.000000,-3.37750244140625,2.661519765853882,0.10487432032823563,5.299238204956055,2.4921367168426514,0.0335090197622776,-0.07668477296829224,-0.0632077008485794,0.08541778475046158,0.05109566077589989,17.0
2026-04-27T18:38:50.698355,270426_172043.015625,1,58.14459991455078,8.00902271270752,-14.399999618530273,0.0,0.8100000023841858,12,248.74000549316406,1,270426_173532.000000,-3.3163511753082275,2.7713284492492676,0.18939951062202454,3.166745901107788,2.5045526027679443,0.12085862457752228,-0.06390146166086197,-0.1310800164937973,0.08344072103500366,0.051205310970544815,15.0
2026-04-27T18:38:53.757041,270426_172044.000000,1,58.14459991455078,8.00902271270752,-14.399999618530273,0.0,0.8100000023841858,12,248.74000549316406,1,270426_173532.000000,-3.170743227005005,2.8625290393829346,0.1780865490436554,5.029937267303467,2.3092706203460693,0.1093379333615303,0.04023154452443123,0.13469022512435913,0.07423443347215652,0.05014212429523468,13.0
2026-04-27T18:38:53.757311,270426_172044.000000,1,58.14459991455078,8.00902271270752,-14.399999618530273,0.0,0.8100000023841858,12,248.74000549316406,1,270426_173532.000000,-3.170743227005005,2.8625290393829346,0.1780865490436554,5.029937267303467,2.3092706203460693,0.1093379333615303,0.04023154452443123,0.13469022512435913,0.07423443347215652,0.05014212429523468,13.0
2026-04-27T18:38:53.757528,270426_172044.000000,1,58.14459991455078,8.00902271270752,-14.399999618530273,0.0,0.8100000023841858,12,248.74000549316406,1,270426_173532.000000,-3.170743227005005,2.8625290393829346,0.1780865490436554,5.029937267303467,2.3092706203460693,0.1093379333615303,0.04023154452443123,0.13469022512435913,0.07423443347215652,0.05014212429523468,13.0
2026-04-27T18:38:53.763406,270426_172044.000000,1,58.14459991455078,8.00902271270752,-14.399999618530273,0.0,0.8100000023841858,12,248.74000549316406,1,270426_173532.000000,-3.170743227005005,2.8625290393829346,0.1780865490436554,5.029937267303467,2.3092706203460693,0.1093379333615303,0.04023154452443123,0.13469022512435913,0.07423443347215652,0.05014212429523468,13.0
2026-04-27T18:38:56.836629,270426_172110.000000,1,58.14458084106445,8.009012222290039,-15.899999618530273,0.0,0.8100000023841858,12,248.74000549316406,1,270426_173547.015625,-2.4338817596435547,2.09247088432312,0.33299848437309265,2.8760650157928467,2.4474799633026123,0.1675558239221573,0.1390874981880188,0.2519279718399048,0.08807307481765747,0.05772367864847183,15.0
2026-04-27T18:38:56.837023,270426_172110.000000,1,58.14458084106445,8.009012222290039,-15.899999618530273,0.0,0.8100000023841858,12,248.74000549316406,1,270426_173547.015625,-2.4338817596435547,2.09247088432312,0.33299848437309265,2.8760650157928467,2.4474799633026123,0.1675558239221573,0.1390874981880188,0.2519279718399048,0.08807307481765747,0.05772367864847183,15.0
2026-04-27T18:38:56.837328,270426_172110.000000,1,58.14458084106445,8.009012222290039,-15.899999618530273,0.0,0.8100000023841858,12,248.74000549316406,1,270426_173547.015625,-2.4338817596435547,2.09247088432312,0.33299848437309265,2.8760650157928467,2.4474799633026123,0.1675558239221573,0.1390874981880188,0.2519279718399048,0.08807307481765747,0.05772367864847183,15.0
2026-04-27T18:38:56.868572,270426_172110.000000,1,58.14458084106445,8.009012222290039,-15.899999618530273,0.0,0.8100000023841858,12,248.74000549316406,1,270426_173547.015625,-2.4338817596435547,2.09247088432312,0.33299848437309265,2.8760650157928467,2.4474799633026123,0.1675558239221573,0.1390874981880188,0.2519279718399048,0.08807307481765747,0.05772367864847183,15.0
2026-04-27T18:38:59.766421,270426_172118.000000,1,58.14458084106445,8.009012222290039,-15.899999618530273,0.0,0.8100000023841858,12,248.74000549316406,1,270426_173547.015625,-2.6734261512756348,1.7698962688446045,0.22036466002464294,1.2403150796890259,2.1984212398529053,0.024745194241404533,-0.09156464785337448,0.19890744984149933,0.08731796592473984,0.053298767656087875,13.0
2026-04-27T18:39:03.017441,270426_172119.015625,1,58.14458084106445,8.009012222290039,-15.899999618530273,0.0,0.8100000023841858,12,248.74000549316406,1,270426_173547.015625,-2.399376153945923,2.120082378387451,0.20149174332618713,1.0928640365600586,2.2105252742767334,-0.09378562867641449,0.022830335423350334,-0.1768670529127121,0.08411449939012527,0.05273965373635292,13.0
2026-04-27T18:39:06.072796,270426_172127.015625,1,58.14458084106445,8.009012222290039,-15.899999618530273,0.0,0.8100000023841858,12,248.74000549316406,1,270426_173547.015625,-2.838132381439209,2.7252871990203857,0.21399299800395966,3.6236274242401123,2.27943754196167,-0.0864718109369278,-0.19568228721618652,-0.004906219430267811,0.08997630327939987,0.058663662523031235,13.0
2026-04-27T18:39:08.921595,270426_172119.015625,1,58.14458084106445,8.009012222290039,-15.899999618530273,0.0,0.8100000023841858,12,248.74000549316406,1,270426_173602.000000,-3.0214264392852783,1.8381279706954956,0.19496259093284607,2.211790084838867,2.328416347503662,0.09894270449876785,-0.148845374584198,0.0778832957148552,0.08842182904481888,0.059301551431417465,15.0
2026-04-27T18:39:11.986881,270426_172118.000000,1,58.14458084106445,8.009012222290039,-15.899999618530273,0.0,0.8100000023841858,12,248.74000549316406,1,270426_173602.000000,-2.6590237617492676,2.030203104019165,0.11091705411672592,4.209805488586426,2.1711316108703613,-0.029545091092586517,-0.04959093779325485,0.09471229463815689,0.08011769503355026,0.05329422652721405,15.0
2026-04-27T18:39:15.056336,270426_172110.000000,1,58.14458084106445,8.009012222290039,-15.899999618530273,0.0,0.8100000023841858,12,248.74000549316406,1,270426_173602.000000,-3.800485134124756,2.1224701404571533,0.14684806764125824,2.718629837036133,2.279390573501587,-2.0174309611320496e-05,-0.08913353085517883,0.11670290678739548,0.08394809812307358,0.05723729729652405,15.0
2026-04-27T18:39:15.056610,270426_172110.000000,1,58.14458084106445,8.009012222290039,-15.899999618530273,0.0,0.8100000023841858,12,248.74000549316406,1,270426_173602.000000,-3.800485134124756,2.1224701404571533,0.14684806764125824,2.718629837036133,2.279390573501587,-2.0174309611320496e-05,-0.08913353085517883,0.11670290678739548,0.08394809812307358,0.05723729729652405,15.0
2026-04-27T18:39:15.056805,270426_172110.000000,1,58.14458084106445,8.009012222290039,-15.899999618530273,0.0,0.8100000023841858,12,248.74000549316406,1,270426_173602.000000,-3.800485134124756,2.1224701404571533,0.14684806764125824,2.718629837036133,2.279390573501587,-2.0174309611320496e-05,-0.08913353085517883,0.11670290678739548,0.08394809812307358,0.05723729729652405,15.0
2026-04-27T18:39:15.119696,270426_172110.000000,1,58.14458084106445,8.009012222290039,-15.899999618530273,0.0,0.8100000023841858,12,248.74000549316406,1,270426_173602.000000,-3.800485134124756,2.1224701404571533,0.14684806764125824,2.718629837036133,2.279390573501587,-2.0174309611320496e-05,-0.08913353085517883,0.11670290678739548,0.08394809812307358,0.05723729729652405,15.0
2026-04-27T18:39:15.120330,270426_172110.000000,1,58.14458084106445,8.009012222290039,-15.899999618530273,0.0,0.8100000023841858,12,248.74000549316406,1,270426_173602.000000,-3.800485134124756,2.1224701404571533,0.14684806764125824,2.718629837036133,2.279390573501587,-2.0174309611320496e-05,-0.08913353085517883,0.11670290678739548,0.08394809812307358,0.05723729729652405,15.0
2026-04-27T18:39:18.255568,270426_172044.000000,1,58.14459991455078,8.00902271270752,-14.399999618530273,0.0,0.8100000023841858,12,248.74000549316406,1,270426_173603.015625,-3.4537179470062256,2.0154099464416504,0.24932272732257843,1.5425846576690674,2.3404788970947266,0.05805971473455429,0.056279506534338,0.2358463853597641,0.0817708745598793,0.05825004726648331,16.0
2026-04-27T18:39:18.255848,270426_172044.000000,1,58.14459991455078,8.00902271270752,-14.399999618530273,0.0,0.8100000023841858,12,248.74000549316406,1,270426_173603.015625,-3.4537179470062256,2.0154099464416504,0.24932272732257843,1.5425846576690674,2.3404788970947266,0.05805971473455429,0.056279506534338,0.2358463853597641,0.0817708745598793,0.05825004726648331,16.0
2026-04-27T18:39:18.256471,270426_172044.000000,1,58.14459991455078,8.00902271270752,-14.399999618530273,0.0,0.8100000023841858,12,248.74000549316406,1,270426_173603.015625,-3.4537179470062256,2.0154099464416504,0.24932272732257843,1.5425846576690674,2.3404788970947266,0.05805971473455429,0.056279506534338,0.2358463853597641,0.0817708745598793,0.05825004726648331,16.0
2026-04-27T18:39:18.269215,270426_172044.000000,1,58.14459991455078,8.00902271270752,-14.399999618530273,0.0,0.8100000023841858,12,248.74000549316406,1,270426_173603.015625,-3.4537179470062256,2.0154099464416504,0.24932272732257843,1.5425846576690674,2.3404788970947266,0.05805971473455429,0.056279506534338,0.2358463853597641,0.0817708745598793,0.05825004726648331,16.0
2026-04-27T18:39:21.303089,270426_172043.015625,1,58.14459991455078,8.00902271270752,-14.399999618530273,0.0,0.8100000023841858,12,248.74000549316406,1,270426_173603.015625,-3.7219269275665283,2.0543622970581055,0.1421186327934265,2.000473737716675,2.1542165279388428,0.0046965316869318485,0.014169921167194843,0.1413324475288391,0.07462452352046967,0.04991169273853302,16.0
2026-04-27T18:39:21.303470,270426_172043.015625,1,58.14459991455078,8.00902271270752,-14.399999618530273,0.0,0.8100000023841858,12,248.74000549316406,1,270426_173603.015625,-3.7219269275665283,2.0543622970581055,0.1421186327934265,2.000473737716675,2.1542165279388428,0.0046965316869318485,0.014169921167194843,0.1413324475288391,0.07462452352046967,0.04991169273853302,16.0
2026-04-27T18:39:21.303733,270426_172043.015625,1,58.14459991455078,8.00902271270752,-14.399999618530273,0.0,0.8100000023841858,12,248.74000549316406,1,270426_173603.015625,-3.7219269275665283,2.0543622970581055,0.1421186327934265,2.000473737716675,2.1542165279388428,0.0046965316869318485,0.014169921167194843,0.1413324475288391,0.07462452352046967,0.04991169273853302,16.0
2026-04-27T18:39:21.378014,270426_172043.015625,1,58.14459991455078,8.00902271270752,-14.399999618530273,0.0,0.8100000023841858,12,248.74000549316406,1,270426_173603.015625,-3.7219269275665283,2.0543622970581055,0.1421186327934265,2.000473737716675,2.1542165279388428,0.0046965316869318485,0.014169921167194843,0.1413324475288391,0.07462452352046967,0.04991169273853302,16.0
2026-04-27T18:39:24.144251,270426_172035.015625,1,58.14459991455078,8.009024620056152,-14.399999618530273,2.0199999809265137,0.8100000023841858,12,248.74000549316406,1,270426_173603.015625,-3.847426652908325,1.9842699766159058,0.1317591369152069,2.580718517303467,2.1460769176483154,0.013742051087319851,-0.006273159757256508,0.13089032471179962,0.07542115449905396,0.044990841299295425,16.0
2026-04-27T18:39:27.221510,270426_172027.015625,1,58.14459991455078,8.00903606414795,-12.899999618530273,2.0199999809265137,0.8100000023841858,12,248.74000549316406,1,270426_173603.015625,-3.2660257816314697,1.1539829969406128,0.3103468120098114,4.741135120391846,2.355044364929199,0.1130729541182518,0.20035623013973236,0.208295539021492,0.08072924613952637,0.053959283977746964,16.0
2026-04-27T18:39:33.381369,270426_172018.000000,1,58.14461135864258,8.009050369262695,-9.0,1.1399999856948853,0.8100000023841858,12,248.74000549316406,1,270426_173603.015625,-4.180322170257568,0.1525542140007019,0.2756354808807373,2.4638609886169434,2.219719171524048,0.026463720947504044,-0.05392422527074814,0.2690107226371765,0.08012900501489639,0.05031917244195938,16.0
2026-04-27T18:39:36.354414,270426_172010.000000,1,58.1446418762207,8.009069442749023,-5.099999904632568,0.0,0.8100000023841858,12,248.74000549316406,1,270426_173603.015625,-4.29524040222168,0.08925459533929825,0.09429081529378891,5.0771803855896,2.24538254737854,0.00472639873623848,-0.04772471264004707,-0.08118356019258499,0.08089004456996918,0.051093652844429016,18.0
2026-04-27T18:39:39.493693,270426_172008.984375,1,58.1446418762207,8.009069442749023,-5.099999904632568,0.0,0.8600000143051147,11,248.74000549316406,1,270426_173603.015625,-4.392035007476807,-0.6501796841621399,0.1647813618183136,2.3292059898376465,2.0930988788604736,-0.017286140471696854,-0.13536450266838074,-0.09236091375350952,0.08244109153747559,0.050257135182619095,16.0
2026-04-27T18:39:42.505029,270426_172000.984375,1,58.1446418762207,8.009069442749023,-5.099999904632568,0.0,0.8600000143051147,11,248.74000549316406,1,270426_173603.015625,-4.724260330200195,-1.3169710636138916,0.12410087883472443,5.202655792236328,1.854461669921875,0.07938078790903091,-0.09451553225517273,-0.012904749251902103,0.08318538963794708,0.04651588946580887,14.0
2026-04-27T18:39:45.572683,270426_172000.000000,1,58.1446418762207,8.009069442749023,-5.099999904632568,0.0,0.8600000143051147,11,248.74000549316406,1,270426_173634.000000,-4.445666790008545,-1.0993789434432983,0.16843941807746887,1.4592100381851196,1.7987804412841797,-0.01870356686413288,0.014547470957040787,-0.16676446795463562,0.08397065848112106,0.046537842601537704,16.0
2026-04-27T18:39:48.558910,270426_171952.000000,1,58.1446418762207,8.009069442749023,-5.099999904632568,0.0,0.8100000023841858,12,248.74000549316406,1,270426_173634.000000,-4.478491306304932,-0.7894794344902039,0.13443084061145782,3.048783540725708,1.8362135887145996,-0.04994133859872818,0.052617147564888,-0.1131766214966774,0.08238830417394638,0.0460515171289444,14.0
2026-04-27T18:39:51.616656,270426_171944.000000,1,58.1446418762207,8.009069442749023,-5.099999904632568,0.0,0.8100000023841858,12,248.74000549316406,1,270426_173634.000000,-4.2368927001953125,-0.7951987981796265,0.12942710518836975,1.529984474182129,1.916130781173706,-0.0035853004083037376,0.04143521562218666,-0.12256281077861786,0.08272413164377213,0.045582614839076996,14.0
2026-04-27T18:39:54.602718,270426_171943.015625,1,58.1446418762207,8.009069442749023,-5.099999904632568,0.0,0.8600000143051147,11,248.74000549316406,1,270426_173634.000000,-4.3032002449035645,-0.9256664514541626,0.14201293885707855,2.7870683670043945,1.879881739616394,-0.005265501793473959,0.09148507565259933,0.10849161446094513,0.07171191275119781,0.04261218383908272,14.0
2026-04-27T18:39:57.796450,270426_171935.015625,1,58.1446418762207,8.009069442749023,-5.099999904632568,0.0,0.8100000023841858,12,248.74000549316406,1,270426_173650.000000,-4.12459135055542,-1.4087748527526855,0.12192211300134659,2.591844081878662,1.9679527282714844,-0.053977660834789276,0.05020548403263092,-0.09711242467164993,0.06969556212425232,0.04140003025531769,16.0
2026-04-27T18:40:00.726047,270426_171927.015625,1,58.1446418762207,8.009069442749023,-5.099999904632568,0.0,0.8100000023841858,12,248.74000549316406,1,270426_173650.000000,-4.303040027618408,-1.2177660465240479,0.10751393437385559,3.7571194171905518,1.7951236963272095,-0.04128775745630264,-0.09073633700609207,0.04026767984032631,0.06598886102437973,0.0397186353802681,15.0
2026-04-27T18:40:03.898546,270426_171926.000000,1,58.1446418762207,8.009069442749023,-5.099999904632568,0.0,0.8100000023841858,12,248.74000549316406,1,270426_173650.000000,-4.399011135101318,-0.8028638958930969,0.16554492712020874,3.6897847652435303,1.7440844774246216,-0.0019816544372588396,0.034925464540719986,-0.16180670261383057,0.06756576895713806,0.03889382258057594,17.0
2026-04-27T18:40:03.898901,270426_171926.000000,1,58.1446418762207,8.009069442749023,-5.099999904632568,0.0,0.8100000023841858,12,248.74000549316406,1,270426_173650.000000,-4.399011135101318,-0.8028638958930969,0.16554492712020874,3.6897847652435303,1.7440844774246216,-0.0019816544372588396,0.034925464540719986,-0.16180670261383057,0.06756576895713806,0.03889382258057594,17.0
2026-04-27T18:40:06.826670,270426_171918.000000,1,58.1446418762207,8.009069442749023,-4.800000190734863,0.9300000071525574,0.8100000023841858,12,248.74000549316406,1,270426_173651.015625,-4.483087062835693,-1.2526006698608398,0.13258451223373413,1.459168553352356,1.7681504487991333,-0.010569539852440357,0.018673941493034363,-0.130836620926857,0.0685373917222023,0.03733216971158981,17.0
2026-04-27T18:40:09.829124,270426_171916.984375,1,58.14466094970703,8.009045600891113,-1.5,0.0,0.8100000023841858,12,248.74000549316406,1,270426_173651.015625,-4.387281894683838,-1.3556149005889893,0.15942655503749847,6.962282180786133,1.890425205230713,0.015397296287119389,0.049368347972631454,-0.1508062332868576,0.07065515965223312,0.03822265565395355,17.0
2026-04-27T18:40:12.945654,270426_171908.984375,1,58.14466094970703,8.009045600891113,-1.5,0.0,0.8100000023841858,12,248.74000549316406,1,270426_173706.000000,-4.766360282897949,-0.9586729407310486,0.28684407472610474,2.7022688388824463,1.7343957424163818,0.0065638539381325245,-0.045640088617801666,-0.2831137776374817,0.06781105697154999,0.03747766464948654,15.0
2026-04-27T18:40:12.948251,270426_171908.984375,1,58.14466094970703,8.009045600891113,-1.5,0.0,0.8100000023841858,12,248.74000549316406,1,270426_173706.000000,-4.766360282897949,-0.9586729407310486,0.28684407472610474,2.7022688388824463,1.7343957424163818,0.0065638539381325245,-0.045640088617801666,-0.2831137776374817,0.06781105697154999,0.03747766464948654,15.0
2026-04-27T18:40:12.959742,270426_171908.984375,1,58.14466094970703,8.009045600891113,-1.5,0.0,0.8100000023841858,12,248.74000549316406,1,270426_173706.000000,-4.766360282897949,-0.9586729407310486,0.28684407472610474,2.7022688388824463,1.7343957424163818,0.0065638539381325245,-0.045640088617801666,-0.2831137776374817,0.06781105697154999,0.03747766464948654,15.0
2026-04-27T18:40:13.005636,270426_171908.984375,1,58.14466094970703,8.009045600891113,-1.5,0.0,0.8100000023841858,12,248.74000549316406,1,270426_173706.000000,-4.766360282897949,-0.9586729407310486,0.28684407472610474,2.7022688388824463,1.7343957424163818,0.0065638539381325245,-0.045640088617801666,-0.2831137776374817,0.06781105697154999,0.03747766464948654,15.0
2026-04-27T18:40:16.035749,270426_171900.984375,1,58.14466094970703,8.009045600891113,-1.5,0.0,0.8100000023841858,12,248.74000549316406,1,270426_173706.000000,-4.830391883850098,-0.8864366412162781,0.17592938244342804,4.405032157897949,1.7652277946472168,-0.034989409148693085,0.015949301421642303,0.17167557775974274,0.06852823495864868,0.03579238802194595,16.0
2026-04-27T18:40:19.057004,270426_171900.000000,1,58.14466094970703,8.009045600891113,-1.5,0.0,0.8100000023841858,12,248.74000549316406,1,270426_173706.000000,-5.8371405601501465,-1.0052125453948975,0.3330448567867279,4.791959762573242,1.7914279699325562,0.05359143763780594,-0.10250775516033173,-0.3123123049736023,0.065906822681427,0.03703949600458145,14.0
2026-04-27T18:40:19.057420,270426_171900.000000,1,58.14466094970703,8.009045600891113,-1.5,0.0,0.8100000023841858,12,248.74000549316406,1,270426_173706.000000,-5.8371405601501465,-1.0052125453948975,0.3330448567867279,4.791959762573242,1.7914279699325562,0.05359143763780594,-0.10250775516033173,-0.3123123049736023,0.065906822681427,0.03703949600458145,14.0
2026-04-27T18:40:19.057713,270426_171900.000000,1,58.14466094970703,8.009045600891113,-1.5,0.0,0.8100000023841858,12,248.74000549316406,1,270426_173706.000000,-5.8371405601501465,-1.0052125453948975,0.3330448567867279,4.791959762573242,1.7914279699325562,0.05359143763780594,-0.10250775516033173,-0.3123123049736023,0.065906822681427,0.03703949600458145,14.0
2026-04-27T18:40:19.140594,270426_171900.000000,1,58.14466094970703,8.009045600891113,-1.5,0.0,0.8100000023841858,12,248.74000549316406,1,270426_173706.000000,-5.8371405601501465,-1.0052125453948975,0.3330448567867279,4.791959762573242,1.7914279699325562,0.05359143763780594,-0.10250775516033173,-0.3123123049736023,0.065906822681427,0.03703949600458145,14.0
2026-04-27T18:40:22.020741,270426_171852.000000,1,58.14466094970703,8.009045600891113,-1.5,0.0,0.8100000023841858,12,248.74000549316406,1,270426_173706.000000,-6.099099636077881,-0.28782913088798523,0.1765500158071518,9.294035911560059,2.037240505218506,-0.0449848547577858,-0.02920733392238617,-0.16820581257343292,0.06386831402778625,0.04066833108663559,16.0
2026-04-27T18:40:25.199883,270426_171844.000000,1,58.14466094970703,8.009045600891113,-1.5,0.0,0.8100000023841858,12,248.74000549316406,1,270426_173706.000000,-5.4337239265441895,0.28879091143608093,0.2522234320640564,2.2399110794067383,1.9218684434890747,0.014544634148478508,0.0037636347115039825,-0.2517755925655365,0.06171960383653641,0.04286719858646393,16.0
2026-04-27T18:40:28.171919,270426_171843.015625,1,58.14466094970703,8.009045600891113,-1.5,0.0,0.8100000023841858,12,248.74000549316406,1,270426_173720.984375,-5.688967704772949,-0.12294669449329376,0.17102204263210297,2.3878633975982666,1.937992811203003,0.05866989493370056,-0.05341911315917969,0.15150175988674164,0.06521276384592056,0.04523615911602974,16.0
2026-04-27T18:40:31.243090,270426_171826.000000,1,58.14466094970703,8.009045600891113,-1.5,0.0,0.8299999833106995,12,248.74000549316406,1,270426_173720.984375,-6.153650283813477,-0.082077756524086,0.1367972493171692,2.846142292022705,1.9391405582427979,0.025277772918343544,-0.07599461823701859,0.11090239137411118,0.06593099981546402,0.04719216749072075,14.0
2026-04-27T18:40:34.323825,270426_171818.000000,1,58.14466094970703,8.009045600891113,-1.5,0.0,0.8999999761581421,11,248.74000549316406,1,270426_173722.000000,-6.2531023025512695,0.7039856910705566,0.0734517052769661,4.044049263000488,1.9503746032714844,-0.024843107908964157,-0.03685031086206436,0.05848100036382675,0.06673990935087204,0.046903595328330994,16.0
2026-04-27T18:40:37.396402,270426_171816.984375,1,58.14466094970703,8.009045600891113,-1.5,0.0,0.8999999761581421,11,248.74000549316406,1,270426_173722.000000,-5.8599748611450195,0.49145805835723877,0.22341537475585938,0.7142618894577026,1.9832385778427124,0.11119358241558075,-0.026593269780278206,0.1919458657503128,0.06373775750398636,0.04572184011340141,16.0
2026-04-27T18:40:40.451607,270426_171808.984375,1,58.14466094970703,8.009045600891113,-1.5,0.0,0.8299999833106995,12,248.74000549316406,1,270426_173722.000000,-5.353909015655518,0.8136757612228394,0.18835467100143433,2.631533145904541,1.6084790229797363,-0.13524897396564484,-0.010434573516249657,-0.13067634403705597,0.066162109375,0.04356842860579491,14.0
2026-04-27T18:40:43.426387,270426_171800.984375,1,58.14466094970703,8.009045600891113,-1.5,0.0,0.8299999833106995,12,248.74000549316406,1,270426_173722.000000,-4.594656467437744,1.5718142986297607,0.1275375783443451,1.6224002838134766,1.6277518272399902,-0.07972986996173859,0.07365696877241135,0.0669599398970604,0.06616664677858353,0.04193037375807762,14.0
2026-04-27T18:40:46.425726,270426_171800.000000,1,58.14466094970703,8.009045600891113,-1.5,0.0,0.8299999833106995,12,248.74000549316406,1,270426_173722.000000,-4.152799129486084,1.8256913423538208,0.21775248646736145,1.9062585830688477,1.9065533876419067,-0.05543694645166397,-0.06879841536283493,-0.19902175664901733,0.06645819544792175,0.04516933485865593,16.0
2026-04-27T18:40:49.575203,270426_171752.000000,1,58.14466094970703,8.009045600891113,-1.5,0.0,0.8299999833106995,12,248.74000549316406,1,270426_173736.984375,-4.207315921783447,1.6470508575439453,0.2530306875705719,4.606631278991699,1.924098253250122,0.06194968521595001,0.056931402534246445,0.23863273859024048,0.06889200955629349,0.048775553703308105,16.0
2026-04-27T18:40:52.575725,270426_171751.015625,1,58.14466094970703,8.009045600891113,-1.5,0.0,0.8299999833106995,12,248.74000549316406,1,270426_173736.984375,-4.050610065460205,1.3176312446594238,0.20691218972206116,4.267772197723389,1.9643899202346802,0.017733454704284668,0.043276913464069366,0.20155715942382812,0.07170572131872177,0.05021561309695244,16.0
2026-04-27T18:40:55.626600,270426_171743.015625,1,58.14466094970703,8.009045600891113,-1.5,0.0,0.8299999833106995,12,248.74000549316406,1,270426_173736.984375,-2.7186598777770996,1.8018999099731445,0.11537046730518341,4.17031192779541,2.2825534343719482,-0.07469414919614792,-0.013433678075671196,-0.08689456433057785,0.08439325541257858,0.059980954974889755,16.0
2026-04-27T18:40:58.601483,270426_171735.015625,1,58.14466094970703,8.009045600891113,-1.5,0.0,0.8100000023841858,12,248.74000549316406,1,270426_173736.984375,-2.4137215614318848,2.3431291580200195,0.24980144202709198,0.6580533385276794,2.251051187515259,-0.02524488791823387,0.030272601172327995,0.2466719001531601,0.08997777849435806,0.05702801048755646,16.0
2026-04-27T18:41:01.782227,270426_171734.000000,1,58.14466094970703,8.009045600891113,-1.5,0.0,0.8100000023841858,12,248.74000549316406,1,270426_173736.984375,-2.0305378437042236,2.3232624530792236,0.1835978627204895,2.599923849105835,2.3115274906158447,-0.06586969643831253,0.025331854820251465,-0.16949234902858734,0.09076443314552307,0.0582524910569191,16.0
2026-04-27T18:41:04.725535,270426_171726.000000,1,58.14466094970703,8.009045600891113,-1.5,0.0,0.8100000023841858,12,248.74000549316406,1,270426_173752.000000,-2.1917898654937744,2.536008596420288,0.16112151741981506,5.203024864196777,2.277378559112549,-0.10836470127105713,-0.04450098052620888,-0.11062052845954895,0.08894287049770355,0.05137152597308159,16.0
2026-04-27T18:41:10.891624,270426_171716.984375,1,58.14466094970703,8.009045600891113,-1.5,0.0,0.8100000023841858,12,248.74000549316406,1,270426_173752.000000,-2.779374122619629,2.429616928100586,0.2537289559841156,1.4163085222244263,1.9513633251190186,0.004522090777754784,0.007809820119291544,0.2535684406757355,0.07183828204870224,0.042774610221385956,18.0
2026-04-27T18:41:13.951929,270426_171708.984375,1,58.14466094970703,8.009045600891113,-1.5,0.0,0.8100000023841858,12,248.74000549316406,1,270426_173752.000000,-2.9768776893615723,2.707528591156006,0.16038434207439423,3.153913736343384,1.8875582218170166,0.04967494308948517,0.08392328023910522,0.12732800841331482,0.0688130185008049,0.04064511880278587,17.0
2026-04-27T18:41:17.217524,270426_171708.000000,1,58.14466094970703,8.009045600891113,-1.5,0.0,0.8100000023841858,12,248.74000549316406,1,270426_173808.000000,-2.8779420852661133,2.5561041831970215,0.313332200050354,5.7075910568237305,1.7493292093276978,0.05118541046977043,-0.014265721663832664,-0.3087937831878662,0.06602595746517181,0.03943336009979248,17.0
2026-04-27T18:41:19.984261,270426_171652.000000,1,58.14466094970703,8.009045600891113,-1.5,0.0,0.8100000023841858,12,248.74000549316406,1,270426_173808.000000,-3.1969754695892334,2.2376716136932373,0.1857953518629074,3.28283429145813,1.8519530296325684,0.023510880768299103,-0.08702997118234634,0.16245901584625244,0.06853214651346207,0.039996132254600525,17.0
2026-04-27T18:41:19.984534,270426_171652.000000,1,58.14466094970703,8.009045600891113,-1.5,0.0,0.8100000023841858,12,248.74000549316406,1,270426_173808.000000,-3.1969754695892334,2.2376716136932373,0.1857953518629074,3.28283429145813,1.8519530296325684,0.023510880768299103,-0.08702997118234634,0.16245901584625244,0.06853214651346207,0.039996132254600525,17.0
2026-04-27T18:41:19.988825,270426_171652.000000,1,58.14466094970703,8.009045600891113,-1.5,0.0,0.8100000023841858,12,248.74000549316406,1,270426_173808.000000,-3.1969754695892334,2.2376716136932373,0.1857953518629074,3.28283429145813,1.8519530296325684,0.023510880768299103,-0.08702997118234634,0.16245901584625244,0.06853214651346207,0.039996132254600525,17.0
2026-04-27T18:41:19.989833,270426_171652.000000,1,58.14466094970703,8.009045600891113,-1.5,0.0,0.8100000023841858,12,248.74000549316406,1,270426_173808.000000,-3.1969754695892334,2.2376716136932373,0.1857953518629074,3.28283429145813,1.8519530296325684,0.023510880768299103,-0.08702997118234634,0.16245901584625244,0.06853214651346207,0.039996132254600525,17.0
2026-04-27T18:41:20.079624,270426_171652.000000,1,58.14466094970703,8.009045600891113,-1.5,0.0,0.8100000023841858,12,248.74000549316406,1,270426_173808.000000,-3.1969754695892334,2.2376716136932373,0.1857953518629074,3.28283429145813,1.8519530296325684,0.023510880768299103,-0.08702997118234634,0.16245901584625244,0.06853214651346207,0.039996132254600525,17.0
2026-04-27T18:41:26.036329,270426_171635.015625,1,58.14466094970703,8.009078025817871,-0.699999988079071,0.0,0.8100000023841858,12,248.74000549316406,1,270426_173808.000000,-3.7695987224578857,2.2693467140197754,0.040697187185287476,1.4294180870056152,1.9075525999069214,-0.019260525703430176,0.015337347984313965,-0.03240461274981499,0.07194221764802933,0.03929876908659935,15.0
2026-04-27T18:41:29.094750,270426_171634.000000,1,58.14466094970703,8.009078025817871,-0.699999988079071,0.0,0.8100000023841858,12,248.74000549316406,1,270426_173808.000000,-4.692803859710693,2.3345611095428467,0.16600681841373444,2.738999843597412,1.8971610069274902,-0.05461687222123146,-0.028414234519004822,-0.15416839718818665,0.07058952748775482,0.03887757658958435,16.0
2026-04-27T18:41:32.269322,270426_171626.000000,1,58.14466094970703,8.009078025817871,-0.699999988079071,0.0,0.8100000023841858,12,248.74000549316406,1,270426_173824.000000,-5.089500427246094,1.938475251197815,0.44279608130455017,7.967495441436768,1.8393234014511108,0.005139266140758991,0.28654634952545166,0.3375398516654968,0.07538352906703949,0.03831961378455162,14.0
2026-04-27T18:41:35.255592,270426_171624.984375,1,58.14466094970703,8.009078025817871,-0.699999988079071,0.0,0.8100000023841858,12,248.74000549316406,1,270426_173824.000000,-5.356879711151123,1.7787365913391113,0.12251555174589157,2.7425060272216797,2.3946409225463867,0.008010664954781532,-0.11003918945789337,0.0532660037279129,0.08465417474508286,0.04154234379529953,14.0
2026-04-27T18:41:38.210341,270426_171616.984375,1,58.14466094970703,8.009078025817871,-0.699999988079071,0.0,0.8100000023841858,12,248.74000549316406,1,270426_173824.984375,-5.186126232147217,1.8216309547424316,0.10154125094413757,1.6731163263320923,2.3623812198638916,0.0034948133397847414,-0.06005311757326126,-0.08180485665798187,0.08247096836566925,0.04024616256356239,14.0
2026-04-27T18:41:41.283975,270426_171608.984375,1,58.14461135864258,8.009100914001465,-0.10000000149011612,0.0,0.8100000023841858,12,248.74000549316406,1,270426_173824.984375,-5.423097133636475,1.6319891214370728,0.14179418981075287,3.284775733947754,2.4960975646972656,0.06696280092000961,-0.07161270827054977,0.10243629664182663,0.08114394545555115,0.0385715551674366,14.0
2026-04-27T18:41:41.292763,270426_171608.984375,1,58.14461135864258,8.009100914001465,-0.10000000149011612,0.0,0.8100000023841858,12,248.74000549316406,1,270426_173824.984375,-5.423097133636475,1.6319891214370728,0.14179418981075287,3.284775733947754,2.4960975646972656,0.06696280092000961,-0.07161270827054977,0.10243629664182663,0.08114394545555115,0.0385715551674366,14.0
2026-04-27T18:41:41.293402,270426_171608.984375,1,58.14461135864258,8.009100914001465,-0.10000000149011612,0.0,0.8100000023841858,12,248.74000549316406,1,270426_173824.984375,-5.423097133636475,1.6319891214370728,0.14179418981075287,3.284775733947754,2.4960975646972656,0.06696280092000961,-0.07161270827054977,0.10243629664182663,0.08114394545555115,0.0385715551674366,14.0
2026-04-27T18:41:41.320904,270426_171608.984375,1,58.14461135864258,8.009100914001465,-0.10000000149011612,0.0,0.8100000023841858,12,248.74000549316406,1,270426_173824.984375,-5.423097133636475,1.6319891214370728,0.14179418981075287,3.284775733947754,2.4960975646972656,0.06696280092000961,-0.07161270827054977,0.10243629664182663,0.08114394545555115,0.0385715551674366,14.0
2026-04-27T18:41:44.377928,270426_171608.000000,1,58.14461135864258,8.009100914001465,-0.10000000149011612,0.0,0.8100000023841858,12,248.74000549316406,1,270426_173824.984375,-5.2500739097595215,0.979923665523529,0.14271380007266998,0.8260335326194763,2.521695137023926,0.11020337790250778,0.013950175605714321,-0.08959820121526718,0.0794747844338417,0.03558935970067978,11.0
2026-04-27T18:41:44.381999,270426_171608.000000,1,58.14461135864258,8.009100914001465,-0.10000000149011612,0.0,0.8100000023841858,12,248.74000549316406,1,270426_173824.984375,-5.2500739097595215,0.979923665523529,0.14271380007266998,0.8260335326194763,2.521695137023926,0.11020337790250778,0.013950175605714321,-0.08959820121526718,0.0794747844338417,0.03558935970067978,11.0
2026-04-27T18:41:44.383287,270426_171608.000000,1,58.14461135864258,8.009100914001465,-0.10000000149011612,0.0,0.8100000023841858,12,248.74000549316406,1,270426_173824.984375,-5.2500739097595215,0.979923665523529,0.14271380007266998,0.8260335326194763,2.521695137023926,0.11020337790250778,0.013950175605714321,-0.08959820121526718,0.0794747844338417,0.03558935970067978,11.0
2026-04-27T18:41:47.357490,270426_171600.000000,1,58.14461135864258,8.009100914001465,-0.10000000149011612,0.0,0.8600000143051147,11,248.74000549316406,1,270426_173824.984375,-4.800411224365234,0.5843420028686523,0.19819939136505127,2.590428113937378,2.496466636657715,-0.040637314319610596,-0.07310844212770462,0.17968516051769257,0.08042807132005692,0.035643577575683594,11.0
2026-04-27T18:41:50.435745,270426_171559.015625,1,58.14461135864258,8.009100914001465,-0.10000000149011612,0.0,0.8600000143051147,11,248.74000549316406,1,270426_173824.984375,-4.187457084655762,0.48985734581947327,0.11958687007427216,2.239891767501831,1.6522036790847778,0.03707248717546463,-0.01895206607878208,-0.11210472881793976,0.05305630713701248,0.026197146624326706,11.0
2026-04-27T18:41:53.478285,270426_171551.015625,1,58.14461135864258,8.009100914001465,-0.10000000149011612,0.0,0.8100000023841858,12,248.74000549316406,1,270426_173840.984375,-4.45498514175415,0.6200339794158936,0.2708874046802521,1.8177798986434937,1.0284597873687744,0.028119999915361404,0.007695077918469906,0.2693139910697937,0.04973374307155609,0.024096312001347542,13.0
2026-04-27T18:41:56.594964,270426_171543.015625,1,58.14461135864258,8.009100914001465,-0.10000000149011612,0.0,0.8100000023841858,12,248.74000549316406,1,270426_173840.984375,-4.36374044418335,1.0080146789550781,0.1391027867794037,1.8903480768203735,1.0239464044570923,-0.07761666178703308,0.05299053341150284,-0.10255361348390579,0.04989725723862648,0.025443747639656067,11.0
2026-04-27T18:41:59.516560,270426_171542.000000,1,58.14461135864258,8.009100914001465,-0.10000000149011612,0.0,0.8100000023841858,12,248.74000549316406,1,270426_173840.984375,-4.833548545837402,1.258037805557251,0.2056833803653717,2.780527353286743,1.0542386770248413,-0.025579174980521202,-0.03322592377662659,0.20136384665966034,0.054655686020851135,0.026551850140094757,12.0
2026-04-27T18:42:02.569627,270426_171534.000000,1,58.14461135864258,8.009100914001465,-0.10000000149011612,0.0,0.8600000143051147,11,248.74000549316406,1,270426_173840.984375,-5.047766208648682,1.6778175830841064,0.19101546704769135,0.791864812374115,1.0821387767791748,-0.004018945619463921,-0.0501105971634388,0.18428152799606323,0.05417001247406006,0.028842194005846977,14.0
2026-04-27T18:42:05.685049,270426_171526.000000,1,58.14461135864258,8.009100914001465,-0.10000000149011612,0.0,0.8600000143051147,11,248.74000549316406,1,270426_173856.984375,-4.708556652069092,2.2211434841156006,0.22665151953697205,1.1205699443817139,1.1661843061447144,-0.044731505215168,-0.05625640228390694,-0.21495400369167328,0.058165449649095535,0.031829964369535446,14.0
2026-04-27T18:42:08.725016,270426_171524.984375,1,58.14461135864258,8.009100914001465,-0.10000000149011612,0.0,0.8600000143051147,11,248.74000549316406,1,270426_173856.984375,-4.835046768188477,2.2651002407073975,0.13720373809337616,1.5978814363479614,1.2051994800567627,0.017972523346543312,-0.08389505743980408,0.10706759989261627,0.0608024001121521,0.03385808318853378,14.0
2026-04-27T18:42:11.777720,270426_171516.000000,1,58.14461135864258,8.009100914001465,-0.10000000149011612,0.0,0.8600000143051147,11,248.74000549316406,1,270426_173856.984375,-4.940932273864746,2.312769889831543,0.2744847536087036,3.7147858142852783,1.3886281251907349,0.017719924449920654,0.10605458170175552,0.25254762172698975,0.08396805077791214,0.03792417794466019,16.0
2026-04-27T18:42:14.754854,270426_171451.015625,1,58.14461135864258,8.009100914001465,-0.10000000149011612,0.0,0.8100000023841858,12,248.74000549316406,1,270426_173856.984375,-5.124820232391357,2.7125649452209473,0.1951005607843399,2.528684616088867,1.412146806716919,-0.036054499447345734,0.021124450489878654,-0.19057294726371765,0.08324304223060608,0.03830021247267723,16.0
2026-04-27T18:42:17.837220,270426_171443.015625,1,58.14461135864258,8.009100914001465,-0.10000000149011612,0.0,0.8100000023841858,12,248.74000549316406,1,270426_173856.984375,-5.6617207527160645,2.7774784564971924,0.2617171108722687,0.9614852070808411,1.4289312362670898,0.10698447376489639,-0.04308341443538666,-0.234934002161026,0.0855867862701416,0.03898442164063454,16.0
2026-04-27T18:42:21.014247,270426_171442.000000,1,58.14461135864258,8.009100914001465,-0.10000000149011612,0.0,0.8100000023841858,12,248.74000549316406,1,270426_173912.984375,-5.517859935760498,2.8221073150634766,0.13567082583904266,0.4789420962333679,1.4391742944717407,-0.029857061803340912,-0.020820755511522293,0.13069669902324677,0.08684622496366501,0.03512705862522125,16.0
2026-04-27T18:42:24.094633,270426_171434.000000,1,58.14461135864258,8.009100914001465,-0.10000000149011612,0.0,0.8100000023841858,12,248.74000549316406,1,270426_173912.984375,-5.7208380699157715,2.970522880554199,0.14468327164649963,1.3686763048171997,1.703387975692749,-0.0077531831339001656,-0.05176037177443504,0.13488513231277466,0.08354895561933517,0.03425423800945282,14.0
2026-04-27T18:42:27.174504,270426_171432.984375,1,58.14461135864258,8.009100914001465,-0.10000000149011612,0.0,0.8100000023841858,12,248.74000549316406,1,270426_173912.984375,-5.819365501403809,3.354383945465088,0.1257638782262802,0.9712740182876587,1.755721926689148,-0.031102221459150314,-0.08264825493097305,0.08954591304063797,0.082455113530159,0.0353846549987793,14.0
2026-04-27T18:42:30.125494,270426_171424.984375,1,58.14461135864258,8.009100914001465,-0.10000000149011612,0.0,0.8100000023841858,12,248.74000549316406,1,270426_173914.000000,-5.937680721282959,3.11090087890625,0.12486699223518372,1.7315858602523804,1.8654918670654297,0.05823374539613724,0.08960797637701035,-0.06458332389593124,0.0736001580953598,0.032241154462099075,14.0
2026-04-27T18:42:33.542032,270426_171416.984375,1,58.14461135864258,8.009100914001465,-0.10000000149011612,0.0,0.8100000023841858,12,248.74000549316406,1,270426_173914.000000,-6.159449100494385,4.249435901641846,0.06546260416507721,0.25047314167022705,1.8647985458374023,-0.04343289136886597,-0.048813384026288986,-0.004023632034659386,0.07199699431657791,0.028026487678289413,10.0
2026-04-27T18:42:36.576446,270426_171408.000000,1,58.14461135864258,8.009100914001465,-0.10000000149011612,0.0,0.8100000023841858,12,248.74000549316406,1,270426_173914.000000,-6.200774669647217,4.082548141479492,0.02126130275428295,0.16805164515972137,1.8184040784835815,0.012238241732120514,-0.002141677774488926,-0.017253452911973,0.07632811367511749,0.02364189177751541,10.0
2026-04-27T18:42:39.647438,270426_171407.015625,1,58.14461135864258,8.009100914001465,-0.10000000149011612,0.0,0.8100000023841858,12,248.74000549316406,1,270426_173914.000000,-5.986217975616455,3.853769302368164,0.02452651970088482,0.27117761969566345,1.4199947118759155,0.015475550666451454,0.01893831416964531,-0.0018432929646223783,0.08381301909685135,0.015843141824007034,8.0
2026-04-27T18:42:42.995425,270426_171359.015625,1,58.14461135864258,8.009100914001465,-0.10000000149011612,0.0,0.8100000023841858,12,248.74000549316406,1,270426_173930.000000,-5.824470520019531,3.794840097427368,0.018117496743798256,0.266091912984848,0.8254187703132629,0.005085858516395092,0.017307769507169724,0.001678945729508996,0.05018463730812073,0.0062044886872172356,12.0
2026-04-27T18:42:42.995761,270426_171359.015625,1,58.14461135864258,8.009100914001465,-0.10000000149011612,0.0,0.8100000023841858,12,248.74000549316406,1,270426_173930.000000,-5.824470520019531,3.794840097427368,0.018117496743798256,0.266091912984848,0.8254187703132629,0.005085858516395092,0.017307769507169724,0.001678945729508996,0.05018463730812073,0.0062044886872172356,12.0
2026-04-27T18:42:42.996219,270426_171359.015625,1,58.14461135864258,8.009100914001465,-0.10000000149011612,0.0,0.8100000023841858,12,248.74000549316406,1,270426_173930.000000,-5.824470520019531,3.794840097427368,0.018117496743798256,0.266091912984848,0.8254187703132629,0.005085858516395092,0.017307769507169724,0.001678945729508996,0.05018463730812073,0.0062044886872172356,12.0
2026-04-27T18:42:43.028468,270426_171359.015625,1,58.14461135864258,8.009100914001465,-0.10000000149011612,0.0,0.8100000023841858,12,248.74000549316406,1,270426_173930.000000,-5.824470520019531,3.794840097427368,0.018117496743798256,0.266091912984848,0.8254187703132629,0.005085858516395092,0.017307769507169724,0.001678945729508996,0.05018463730812073,0.0062044886872172356,12.0
2026-04-27T18:42:45.863313,270426_171351.015625,1,58.14461135864258,8.009100914001465,-0.10000000149011612,0.0,0.8100000023841858,12,248.74000549316406,1,270426_173930.000000,-5.8522820472717285,3.276426315307617,0.07082591950893402,0.6824533939361572,0.4690897762775421,0.0636843666434288,-0.02986285276710987,-0.008295957930386066,0.03690015897154808,0.0037227272987365723,14.0
2026-04-27T18:42:48.790313,270426_171350.000000,1,58.14461135864258,8.009100914001465,-0.10000000149011612,0.0,0.8100000023841858,12,248.74000549316406,1,270426_173930.000000,-6.571211814880371,3.2934722900390625,0.254910945892334,2.1575698852539062,1.2413179874420166,-0.131559818983078,-0.12961101531982422,-0.1757059395313263,0.0840742439031601,0.012179597280919552,16.0
2026-04-27T18:42:51.844374,270426_171342.000000,1,58.14461135864258,8.009100914001465,-0.10000000149011612,0.0,0.8100000023841858,12,248.74000549316406,1,270426_173930.000000,-7.4496893882751465,3.6777689456939697,0.06277810037136078,2.7475688457489014,1.698012351989746,0.016280993819236755,-0.03207048773765564,-0.05145389586687088,0.09878091514110565,0.021316619589924812,16.0
2026-04-27T18:42:54.908198,270426_171334.000000,1,58.14461135864258,8.009100914001465,-0.10000000149011612,0.0,0.8100000023841858,12,248.74000549316406,1,270426_173930.000000,-7.78460693359375,2.8199234008789062,0.34909719228744507,5.251040935516357,1.8135061264038086,0.09010747820138931,0.06830137223005295,0.33027929067611694,0.09986280649900436,0.027357235550880432,20.0
2026-04-27T18:42:54.908548,270426_171334.000000,1,58.14461135864258,8.009100914001465,-0.10000000149011612,0.0,0.8100000023841858,12,248.74000549316406,1,270426_173930.000000,-7.78460693359375,2.8199234008789062,0.34909719228744507,5.251040935516357,1.8135061264038086,0.09010747820138931,0.06830137223005295,0.33027929067611694,0.09986280649900436,0.027357235550880432,20.0
2026-04-27T18:42:54.908743,270426_171334.000000,1,58.14461135864258,8.009100914001465,-0.10000000149011612,0.0,0.8100000023841858,12,248.74000549316406,1,270426_173930.000000,-7.78460693359375,2.8199234008789062,0.34909719228744507,5.251040935516357,1.8135061264038086,0.09010747820138931,0.06830137223005295,0.33027929067611694,0.09986280649900436,0.027357235550880432,20.0
2026-04-27T18:42:55.045595,270426_171334.000000,1,58.14461135864258,8.009100914001465,-0.10000000149011612,0.0,0.8100000023841858,12,248.74000549316406,1,270426_173930.000000,-7.78460693359375,2.8199234008789062,0.34909719228744507,5.251040935516357,1.8135061264038086,0.09010747820138931,0.06830137223005295,0.33027929067611694,0.09986280649900436,0.027357235550880432,20.0
2026-04-27T18:42:57.976952,270426_171332.984375,1,58.14461135864258,8.009100914001465,-0.10000000149011612,0.0,0.8100000023841858,12,248.74000549316406,1,270426_173944.984375,-8.482549667358398,2.9068450927734375,0.0990653708577156,3.3451807498931885,1.8206727504730225,0.010174768045544624,-0.07437615096569061,-0.06464216113090515,0.08636119961738586,0.03638629615306854,16.0
2026-04-27T18:43:00.997078,270426_171324.984375,1,58.14461135864258,8.009100914001465,-0.10000000149011612,0.0,0.8100000023841858,12,248.74000549316406,1,270426_173944.984375,-9.037091255187988,1.7808592319488525,0.12222079932689667,0.891431450843811,2.045551300048828,0.04379042610526085,-0.09333867579698563,-0.0656369999051094,0.0865812823176384,0.0441153347492218,14.0
2026-04-27T18:43:04.124276,270426_171307.015625,1,58.14461135864258,8.009100914001465,-0.10000000149011612,0.0,0.8100000023841858,12,248.74000549316406,1,270426_173944.984375,-8.81164836883545,2.00707745552063,0.08582170307636261,1.3310059309005737,1.9295319318771362,-0.0691164880990982,-0.043530963361263275,-0.026331158354878426,0.07906828820705414,0.03931258246302605,12.0
2026-04-27T18:43:07.102722,270426_171251.015625,1,58.14461135864258,8.009100914001465,-0.10000000149011612,0.0,0.8100000023841858,12,248.74000549316406,1,270426_173944.984375,-8.361976623535156,0.7055342197418213,0.09497528523206711,1.685392141342163,1.7253007888793945,0.06793100386857986,0.05840371176600456,-0.0315387099981308,0.07752685248851776,0.036502379924058914,10.0
2026-04-27T18:43:10.115238,270426_171250.000000,1,58.14461135864258,8.009100914001465,-0.10000000149011612,0.0,0.8100000023841858,12,248.74000549316406,1,270426_173944.984375,-7.492868900299072,-0.028025679290294647,0.10634228587150574,1.2591279745101929,1.6833745241165161,0.0823792889714241,0.06545461714267731,0.015428075566887856,0.07756319642066956,0.031639110296964645,12.0
2026-04-27T18:43:13.234937,270426_171242.000000,1,58.14461135864258,8.009100914001465,-0.10000000149011612,0.0,0.8100000023841858,12,248.74000549316406,1,270426_173944.984375,-7.138240337371826,-0.10572697222232819,0.045867420732975006,1.0056509971618652,1.5787029266357422,0.0282878614962101,0.03420843183994293,0.011549917981028557,0.0722196102142334,0.02133425883948803,12.0
2026-04-27T18:43:13.235288,270426_171242.000000,1,58.14461135864258,8.009100914001465,-0.10000000149011612,0.0,0.8100000023841858,12,248.74000549316406,1,270426_173944.984375,-7.138240337371826,-0.10572697222232819,0.045867420732975006,1.0056509971618652,1.5787029266357422,0.0282878614962101,0.03420843183994293,0.011549917981028557,0.0722196102142334,0.02133425883948803,12.0
2026-04-27T18:43:16.453598,270426_171240.984375,1,58.14461135864258,8.009100914001465,-0.10000000149011612,0.0,0.8100000023841858,12,248.74000549316406,1,270426_173944.984375,-6.69917106628418,-0.16257672011852264,0.034883737564086914,0.2724830210208893,1.1318913698196411,0.0207363348454237,0.02801046520471573,-0.0015143979107961059,0.06985431164503098,0.016087258234620094,16.0
2026-04-27T18:43:19.379252,270426_171232.984375,1,58.14461135864258,8.009100914001465,-0.10000000149011612,0.0,0.8100000023841858,12,248.74000549316406,1,270426_173944.984375,-6.110661506652832,-0.2285618633031845,0.07595421373844147,0.30341771245002747,0.9594401717185974,0.004639531020075083,0.06130578741431236,0.04459952935576439,0.045230358839035034,0.0071985675022006035,18.0
2026-04-27T18:43:19.379562,270426_171232.984375,1,58.14461135864258,8.009100914001465,-0.10000000149011612,0.0,0.8100000023841858,12,248.74000549316406,1,270426_173944.984375,-6.110661506652832,-0.2285618633031845,0.07595421373844147,0.30341771245002747,0.9594401717185974,0.004639531020075083,0.06130578741431236,0.04459952935576439,0.045230358839035034,0.0071985675022006035,18.0
2026-04-27T18:43:22.394447,270426_171224.984375,1,58.14461135864258,8.009100914001465,-0.10000000149011612,0.0,0.8100000023841858,12,248.74000549316406,1,270426_174015.015625,-5.525382041931152,-0.15660852193832397,0.05930030345916748,0.12023577839136124,0.4924652576446533,0.017387177795171738,0.05602541193366051,0.008681307546794415,0.022870806977152824,0.0034316121600568295,20.0
2026-04-27T18:43:25.417940,270426_171224.000000,1,58.14461135864258,8.009100914001465,-0.10000000149011612,0.0,0.8100000023841858,12,248.74000549316406,1,270426_174015.015625,-5.855262279510498,-0.07543483376502991,0.18438006937503815,1.9995007514953613,0.5198118090629578,0.0009820781415328383,-0.013949435204267502,0.1838490068912506,0.03637361899018288,0.004891437012702227,19.0
2026-04-27T18:43:25.418359,270426_171224.000000,1,58.14461135864258,8.009100914001465,-0.10000000149011612,0.0,0.8100000023841858,12,248.74000549316406,1,270426_174015.015625,-5.855262279510498,-0.07543483376502991,0.18438006937503815,1.9995007514953613,0.5198118090629578,0.0009820781415328383,-0.013949435204267502,0.1838490068912506,0.03637361899018288,0.004891437012702227,19.0
2026-04-27T18:43:25.418571,270426_171224.000000,1,58.14461135864258,8.009100914001465,-0.10000000149011612,0.0,0.8100000023841858,12,248.74000549316406,1,270426_174015.015625,-5.855262279510498,-0.07543483376502991,0.18438006937503815,1.9995007514953613,0.5198118090629578,0.0009820781415328383,-0.013949435204267502,0.1838490068912506,0.03637361899018288,0.004891437012702227,19.0
2026-04-27T18:43:25.420931,270426_171224.000000,1,58.14461135864258,8.009100914001465,-0.10000000149011612,0.0,0.8100000023841858,12,248.74000549316406,1,270426_174015.015625,-5.855262279510498,-0.07543483376502991,0.18438006937503815,1.9995007514953613,0.5198118090629578,0.0009820781415328383,-0.013949435204267502,0.1838490068912506,0.03637361899018288,0.004891437012702227,19.0
2026-04-27T18:43:28.507177,270426_171206.000000,1,58.14461135864258,8.009100914001465,-0.10000000149011612,0.0,0.8100000023841858,12,248.74000549316406,1,270426_174015.015625,-5.212763786315918,0.31109189987182617,0.22268877923488617,1.393558144569397,0.9524219632148743,-0.03964340314269066,0.13066789507865906,0.17591075599193573,0.06485146284103394,0.011886817403137684,21.0
2026-04-27T18:43:28.511163,270426_171206.000000,1,58.14461135864258,8.009100914001465,-0.10000000149011612,0.0,0.8100000023841858,12,248.74000549316406,1,270426_174015.015625,-5.212763786315918,0.31109189987182617,0.22268877923488617,1.393558144569397,0.9524219632148743,-0.03964340314269066,0.13066789507865906,0.17591075599193573,0.06485146284103394,0.011886817403137684,21.0
2026-04-27T18:43:28.511804,270426_171206.000000,1,58.14461135864258,8.009100914001465,-0.10000000149011612,0.0,0.8100000023841858,12,248.74000549316406,1,270426_174015.015625,-5.212763786315918,0.31109189987182617,0.22268877923488617,1.393558144569397,0.9524219632148743,-0.03964340314269066,0.13066789507865906,0.17591075599193573,0.06485146284103394,0.011886817403137684,21.0
2026-04-27T18:43:28.554656,270426_171206.000000,1,58.14461135864258,8.009100914001465,-0.10000000149011612,0.0,0.8100000023841858,12,248.74000549316406,1,270426_174015.015625,-5.212763786315918,0.31109189987182617,0.22268877923488617,1.393558144569397,0.9524219632148743,-0.03964340314269066,0.13066789507865906,0.17591075599193573,0.06485146284103394,0.011886817403137684,21.0
2026-04-27T18:43:31.566298,270426_171158.000000,1,58.14461135864258,8.009100914001465,-0.10000000149011612,0.0,0.8100000023841858,12,248.74000549316406,1,270426_174015.015625,-4.989459037780762,0.26086506247520447,0.0967177301645279,2.297910690307617,1.6770981550216675,-0.06379305571317673,0.03706008195877075,-0.06254051625728607,0.08725139498710632,0.020462077111005783,21.0
2026-04-27T18:43:34.524672,270426_171148.984375,1,58.14461135864258,8.009100914001465,-0.10000000149011612,0.0,0.8100000023841858,12,248.74000549316406,1,270426_174015.015625,-4.992345333099365,0.6240338683128357,0.28912562131881714,5.053650379180908,1.7757371664047241,-0.020114494487643242,0.14914259314537048,0.2468714863061905,0.08458439260721207,0.02953828126192093,15.0
2026-04-27T18:43:37.632222,270426_171148.000000,1,58.14461135864258,8.009100914001465,-0.10000000149011612,0.0,0.8100000023841858,12,248.74000549316406,1,270426_174015.015625,-5.397095680236816,0.39319291710853577,0.18823151290416718,2.2586231231689453,1.8724464178085327,0.07960472255945206,-0.07341818511486053,0.1539609134197235,0.07716111838817596,0.0355977863073349,15.0
2026-04-27T18:43:40.814591,270426_171139.015625,1,58.14461135864258,8.009100914001465,-0.10000000149011612,0.0,0.8100000023841858,12,248.74000549316406,1,270426_174015.015625,-5.7176361083984375,0.7534424662590027,0.17242905497550964,1.5264363288879395,1.9217814207077026,-0.06686840951442719,-0.026548348367214203,-0.1567022055387497,0.07569825649261475,0.036268383264541626,16.0
2026-04-27T18:43:43.673630,270426_171122.000000,1,58.14461135864258,8.009100914001465,-0.10000000149011612,0.0,0.8100000023841858,12,248.74000549316406,1,270426_174031.015625,-6.10860013961792,1.4725009202957153,0.19839303195476532,1.8892006874084473,1.6026195287704468,-0.13513192534446716,-0.12550224363803864,-0.07313238084316254,0.06327877938747406,0.03302779048681259,14.0
2026-04-27T18:43:46.711601,270426_171112.984375,1,58.14461135864258,8.009100914001465,-0.10000000149011612,0.0,0.8100000023841858,12,248.74000549316406,1,270426_174031.015625,-5.358492374420166,1.8918591737747192,0.20072141289710999,1.8009570837020874,1.9280349016189575,-0.07664526253938675,0.045076388865709305,-0.1799519658088684,0.06477340310811996,0.03595760464668274,16.0
2026-04-27T18:43:46.711895,270426_171112.984375,1,58.14461135864258,8.009100914001465,-0.10000000149011612,0.0,0.8100000023841858,12,248.74000549316406,1,270426_174031.015625,-5.358492374420166,1.8918591737747192,0.20072141289710999,1.8009570837020874,1.9280349016189575,-0.07664526253938675,0.045076388865709305,-0.1799519658088684,0.06477340310811996,0.03595760464668274,16.0
2026-04-27T18:43:49.893300,270426_171056.000000,1,58.14461135864258,8.009100914001465,-0.10000000149011612,0.0,0.8100000023841858,12,248.74000549316406,1,270426_174031.015625,-5.569561958312988,2.0586564540863037,0.08191388100385666,3.0639283657073975,1.9191069602966309,-0.05288783460855484,0.023172790184617043,-0.05810149013996124,0.0651935338973999,0.03536757826805115,16.0
2026-04-27T18:43:52.936570,270426_171055.015625,1,58.14461135864258,8.009100914001465,-0.10000000149011612,0.0,0.8100000023841858,12,248.74000549316406,1,270426_174031.015625,-6.279017448425293,2.9217159748077393,0.06099357083439827,1.5031304359436035,1.7752875089645386,0.0074353814125061035,-0.045369602739810944,0.04008153825998306,0.06414663046598434,0.030296284705400467,16.0
2026-04-27T18:43:55.941291,270426_171046.000000,1,58.14461135864258,8.009100914001465,-0.10000000149011612,0.0,0.8100000023841858,12,248.74000549316406,1,270426_174031.015625,-5.746103763580322,2.9164273738861084,0.14171503484249115,4.959175109863281,1.7609397172927856,0.026976440101861954,0.13225582242012024,0.043171968311071396,0.06685379147529602,0.030257070437073708,16.0
2026-04-27T18:43:58.912333,270426_171038.000000,1,58.14461135864258,8.009100914001465,-0.10000000149011612,0.0,0.8100000023841858,12,248.74000549316406,1,270426_174047.015625,-5.861029624938965,3.360504627227783,0.14791339635849,2.4109089374542236,1.9137638807296753,-0.04160844534635544,-0.05983046442270279,0.12871451675891876,0.06122652441263199,0.02798672765493393,16.0
2026-04-27T18:44:02.104777,270426_171030.000000,1,58.14461135864258,8.009100914001465,-0.10000000149011612,0.0,0.8100000023841858,12,248.74000549316406,1,270426_174047.015625,-5.980593204498291,3.016824245452881,0.09457864612340927,1.4778258800506592,1.6039892435073853,0.03832343965768814,-0.06776859611272812,0.05370150879025459,0.06397764384746552,0.02854864113032818,14.0
2026-04-27T18:44:05.127356,270426_171028.984375,1,58.14461135864258,8.009100914001465,-0.10000000149011612,0.0,0.8100000023841858,12,248.74000549316406,1,270426_174047.015625,-5.967966556549072,2.565681219100952,0.12285896390676498,3.670323610305786,1.8256369829177856,0.004654361866414547,-0.03470790386199951,-0.11776258051395416,0.06963524967432022,0.0334845595061779,14.0
2026-04-27T18:44:08.222247,270426_171020.984375,1,58.14461135864258,8.009100914001465,-0.10000000149011612,0.0,0.8100000023841858,12,248.74000549316406,1,270426_174047.015625,-6.41386079788208,2.0338499546051025,0.16584530472755432,1.8699907064437866,1.8840909004211426,0.09966540336608887,0.005375693552196026,-0.13244837522506714,0.0689149722456932,0.03442135453224182,14.0
2026-04-27T18:44:08.223936,270426_171020.984375,1,58.14461135864258,8.009100914001465,-0.10000000149011612,0.0,0.8100000023841858,12,248.74000549316406,1,270426_174047.015625,-6.41386079788208,2.0338499546051025,0.16584530472755432,1.8699907064437866,1.8840909004211426,0.09966540336608887,0.005375693552196026,-0.13244837522506714,0.0689149722456932,0.03442135453224182,14.0
2026-04-27T18:44:08.224447,270426_171020.984375,1,58.14461135864258,8.009100914001465,-0.10000000149011612,0.0,0.8100000023841858,12,248.74000549316406,1,270426_174047.015625,-6.41386079788208,2.0338499546051025,0.16584530472755432,1.8699907064437866,1.8840909004211426,0.09966540336608887,0.005375693552196026,-0.13244837522506714,0.0689149722456932,0.03442135453224182,14.0
2026-04-27T18:44:08.250009,270426_171020.984375,1,58.14461135864258,8.009100914001465,-0.10000000149011612,0.0,0.8100000023841858,12,248.74000549316406,1,270426_174047.015625,-6.41386079788208,2.0338499546051025,0.16584530472755432,1.8699907064437866,1.8840909004211426,0.09966540336608887,0.005375693552196026,-0.13244837522506714,0.0689149722456932,0.03442135453224182,14.0
2026-04-27T18:44:08.255693,270426_171020.984375,1,58.14461135864258,8.009100914001465,-0.10000000149011612,0.0,0.8100000023841858,12,248.74000549316406,1,270426_174047.015625,-6.41386079788208,2.0338499546051025,0.16584530472755432,1.8699907064437866,1.8840909004211426,0.09966540336608887,0.005375693552196026,-0.13244837522506714,0.0689149722456932,0.03442135453224182,14.0
2026-04-27T18:44:11.458638,270426_171020.000000,1,58.14461135864258,8.009100914001465,-0.10000000149011612,0.0,0.8100000023841858,12,248.74000549316406,1,270426_174103.015625,-6.653944969177246,2.126569986343384,0.1642451137304306,2.5103187561035156,1.9132074117660522,-0.04921618476510048,-0.02753480337560177,0.15425972640514374,0.07105690240859985,0.02908606082201004,14.0
2026-04-27T18:44:14.525784,270426_171012.000000,1,58.14461135864258,8.009100914001465,-0.10000000149011612,0.0,0.8100000023841858,12,248.74000549316406,1,270426_174103.015625,-6.555095672607422,1.8937729597091675,0.15194955468177795,2.4643466472625732,1.952130675315857,-0.04555806145071983,0.02063235081732273,-0.1434832513332367,0.07399618625640869,0.030336828902363777,14.0
2026-04-27T18:44:17.561813,270426_171003.015625,1,58.14461135864258,8.009100914001465,-0.10000000149011612,0.0,0.8600000143051147,11,248.74000549316406,1,270426_174103.015625,-6.6366167068481445,1.646758794784546,0.12319079786539078,4.110538482666016,1.8379145860671997,-0.00044631632044911385,-0.018608860671520233,0.12177636474370956,0.08088909089565277,0.03164583817124367,14.0
2026-04-27T18:44:20.501783,270426_170955.015625,1,58.14461135864258,8.009100914001465,-0.10000000149011612,0.0,0.8100000023841858,12,248.74000549316406,1,270426_174104.000000,-6.382995128631592,2.1217901706695557,0.20760467648506165,2.755629062652588,1.9214489459991455,-0.03003041073679924,0.021675312891602516,-0.20427446067333221,0.07893194258213043,0.03157198801636696,14.0
2026-04-27T18:44:23.711239,270426_170954.000000,1,58.14461135864258,8.009100914001465,-0.10000000149011612,0.0,0.8100000023841858,12,248.74000549316406,1,270426_174104.000000,-6.624667167663574,1.489389419555664,0.18935993313789368,0.9904862642288208,2.0998451709747314,0.10101554542779922,-0.10320831835269928,0.12247893214225769,0.07801522314548492,0.03247358649969101,14.0
2026-04-27T18:44:23.711560,270426_170954.000000,1,58.14461135864258,8.009100914001465,-0.10000000149011612,0.0,0.8100000023841858,12,248.74000549316406,1,270426_174104.000000,-6.624667167663574,1.489389419555664,0.18935993313789368,0.9904862642288208,2.0998451709747314,0.10101554542779922,-0.10320831835269928,0.12247893214225769,0.07801522314548492,0.03247358649969101,14.0
2026-04-27T18:44:23.713219,270426_170954.000000,1,58.14461135864258,8.009100914001465,-0.10000000149011612,0.0,0.8100000023841858,12,248.74000549316406,1,270426_174104.000000,-6.624667167663574,1.489389419555664,0.18935993313789368,0.9904862642288208,2.0998451709747314,0.10101554542779922,-0.10320831835269928,0.12247893214225769,0.07801522314548492,0.03247358649969101,14.0
2026-04-27T18:44:23.774471,270426_170954.000000,1,58.14461135864258,8.009100914001465,-0.10000000149011612,0.0,0.8100000023841858,12,248.74000549316406,1,270426_174104.000000,-6.624667167663574,1.489389419555664,0.18935993313789368,0.9904862642288208,2.0998451709747314,0.10101554542779922,-0.10320831835269928,0.12247893214225769,0.07801522314548492,0.03247358649969101,14.0
2026-04-27T18:44:26.573915,270426_170946.000000,1,58.14461135864258,8.009100914001465,-0.10000000149011612,0.0,0.8100000023841858,12,248.74000549316406,1,270426_174104.000000,-6.380743503570557,1.6199584007263184,0.15681664645671844,4.0879082679748535,2.1769096851348877,-0.08607416599988937,0.07655465602874756,-0.10640528798103333,0.08414505422115326,0.03781476244330406,14.0
2026-04-27T18:44:30.032865,270426_170944.984375,1,58.14461135864258,8.009100914001465,-0.10000000149011612,0.0,0.8100000023841858,12,248.74000549316406,1,270426_174104.000000,-7.571290969848633,1.0913724899291992,0.17094652354717255,2.4983160495758057,1.9534907341003418,0.015124808996915817,-0.07448710501194,-0.15311965346336365,0.0751015916466713,0.04067264124751091,16.0
2026-04-27T18:44:32.890929,270426_170936.984375,1,58.14461135864258,8.009100914001465,-0.10000000149011612,0.0,0.8100000023841858,12,248.74000549316406,1,270426_174120.000000,-7.549398899078369,1.7681232690811157,0.2976773977279663,3.0216224193573,1.8891606330871582,-0.15889662504196167,0.0844225138425827,0.237142413854599,0.06809787452220917,0.03770538046956062,16.0
2026-04-27T18:44:35.973706,270426_170936.000000,1,58.14461135864258,8.009100914001465,-0.10000000149011612,0.0,0.8100000023841858,12,248.74000549316406,1,270426_174120.000000,-6.98581075668335,1.9851497411727905,0.09063806384801865,9.678875923156738,2.232886791229248,-0.0034365616738796234,0.031062649562954903,-0.08507972955703735,0.07515417784452438,0.041887469589710236,16.0
2026-04-27T18:44:35.976748,270426_170936.000000,1,58.14461135864258,8.009100914001465,-0.10000000149011612,0.0,0.8100000023841858,12,248.74000549316406,1,270426_174120.000000,-6.98581075668335,1.9851497411727905,0.09063806384801865,9.678875923156738,2.232886791229248,-0.0034365616738796234,0.031062649562954903,-0.08507972955703735,0.07515417784452438,0.041887469589710236,16.0
2026-04-27T18:44:35.980643,270426_170936.000000,1,58.14461135864258,8.009100914001465,-0.10000000149011612,0.0,0.8100000023841858,12,248.74000549316406,1,270426_174120.000000,-6.98581075668335,1.9851497411727905,0.09063806384801865,9.678875923156738,2.232886791229248,-0.0034365616738796234,0.031062649562954903,-0.08507972955703735,0.07515417784452438,0.041887469589710236,16.0
2026-04-27T18:44:36.008559,270426_170936.000000,1,58.14461135864258,8.009100914001465,-0.10000000149011612,0.0,0.8100000023841858,12,248.74000549316406,1,270426_174120.000000,-6.98581075668335,1.9851497411727905,0.09063806384801865,9.678875923156738,2.232886791229248,-0.0034365616738796234,0.031062649562954903,-0.08507972955703735,0.07515417784452438,0.041887469589710236,16.0
2026-04-27T18:44:36.009714,270426_170936.000000,1,58.14461135864258,8.009100914001465,-0.10000000149011612,0.0,0.8100000023841858,12,248.74000549316406,1,270426_174120.000000,-6.98581075668335,1.9851497411727905,0.09063806384801865,9.678875923156738,2.232886791229248,-0.0034365616738796234,0.031062649562954903,-0.08507972955703735,0.07515417784452438,0.041887469589710236,16.0
2026-04-27T18:44:39.034014,270426_170928.000000,1,58.14461135864258,8.009100914001465,-0.10000000149011612,0.0,0.8100000023841858,12,248.74000549316406,1,270426_174120.000000,-6.5323872566223145,2.6990597248077393,0.35306355357170105,8.690857887268066,2.8942677974700928,0.14780093729496002,0.20286114513874054,0.2483064830303192,0.10404438525438309,0.057158902287483215,17.0
2026-04-27T18:44:42.326748,270426_170927.015625,1,58.14461135864258,8.009100914001465,-0.10000000149011612,0.0,0.8100000023841858,12,248.74000549316406,1,270426_174120.000000,-6.583181381225586,2.5907235145568848,0.20152480900287628,2.8547351360321045,2.850975751876831,0.13422255218029022,-0.1489526629447937,0.020240042358636856,0.09436094015836716,0.05904388055205345,17.0
2026-04-27T18:44:42.327002,270426_170927.015625,1,58.14461135864258,8.009100914001465,-0.10000000149011612,0.0,0.8100000023841858,12,248.74000549316406,1,270426_174120.000000,-6.583181381225586,2.5907235145568848,0.20152480900287628,2.8547351360321045,2.850975751876831,0.13422255218029022,-0.1489526629447937,0.020240042358636856,0.09436094015836716,0.05904388055205345,17.0
2026-04-27T18:44:42.327235,270426_170927.015625,1,58.14461135864258,8.009100914001465,-0.10000000149011612,0.0,0.8100000023841858,12,248.74000549316406,1,270426_174120.000000,-6.583181381225586,2.5907235145568848,0.20152480900287628,2.8547351360321045,2.850975751876831,0.13422255218029022,-0.1489526629447937,0.020240042358636856,0.09436094015836716,0.05904388055205345,17.0
2026-04-27T18:44:42.335889,270426_170927.015625,1,58.14461135864258,8.009100914001465,-0.10000000149011612,0.0,0.8100000023841858,12,248.74000549316406,1,270426_174120.000000,-6.583181381225586,2.5907235145568848,0.20152480900287628,2.8547351360321045,2.850975751876831,0.13422255218029022,-0.1489526629447937,0.020240042358636856,0.09436094015836716,0.05904388055205345,17.0
2026-04-27T18:44:45.413991,270426_170919.015625,1,58.14461135864258,8.009100914001465,-0.10000000149011612,0.0,0.8100000023841858,12,248.74000549316406,1,270426_174120.000000,-6.3235182762146,0.8149024844169617,0.30520936846733093,1.1495065689086914,2.8435795307159424,0.1940562129020691,-0.06845654547214508,0.22540773451328278,0.09937158226966858,0.06392049789428711,17.0
2026-04-27T18:44:48.575475,270426_170911.015625,1,58.14461135864258,8.009100914001465,-0.10000000149011612,0.0,0.8100000023841858,12,248.74000549316406,1,270426_174136.000000,-6.484115123748779,0.8588442802429199,0.11486903578042984,1.8374286890029907,2.673262357711792,-0.008533351123332977,-0.0863003060221672,0.07532818615436554,0.09239151328802109,0.06459493935108185,15.0
2026-04-27T18:44:48.575783,270426_170911.015625,1,58.14461135864258,8.009100914001465,-0.10000000149011612,0.0,0.8100000023841858,12,248.74000549316406,1,270426_174136.000000,-6.484115123748779,0.8588442802429199,0.11486903578042984,1.8374286890029907,2.673262357711792,-0.008533351123332977,-0.0863003060221672,0.07532818615436554,0.09239151328802109,0.06459493935108185,15.0
2026-04-27T18:44:51.712147,270426_170910.000000,1,58.14461135864258,8.009100914001465,-0.10000000149011612,0.0,0.8100000023841858,12,248.74000549316406,1,270426_174136.000000,-6.970703125,-0.17839908599853516,0.16190145909786224,2.4652676582336426,2.407268524169922,0.09760090708732605,-0.11039717495441437,0.06707168370485306,0.08239617198705673,0.06195276603102684,15.0
2026-04-27T18:44:54.820121,270426_170900.984375,1,58.14461135864258,8.009100914001465,-0.10000000149011612,0.0,0.8100000023841858,11,248.74000549316406,1,270426_174136.000000,-6.6125054359436035,-1.3462889194488525,0.16957823932170868,5.478548049926758,1.7961782217025757,0.024050112813711166,-0.013390042819082737,-0.16732925176620483,0.06708783656358719,0.055611249059438705,15.0
2026-04-27T18:44:57.968531,270426_170852.984375,1,58.14461135864258,8.009100914001465,-0.10000000149011612,0.0,0.8100000023841858,11,248.74000549316406,1,270426_174136.000000,-7.369542121887207,-2.044631004333496,0.04038570821285248,7.426490306854248,1.9275521039962769,0.00046149390982463956,-0.0021638760808855295,-0.04032505676150322,0.06732916086912155,0.05013968423008919,13.0
2026-04-27T18:45:01.391978,270426_170844.984375,1,58.14461135864258,8.009100914001465,-0.10000000149011612,0.0,0.8100000023841858,11,248.74000549316406,1,270426_174152.000000,-7.586352825164795,-2.611243963241577,0.1796986162662506,2.1471917629241943,1.984294056892395,-0.017365045845508575,0.023482078686356544,-0.17730943858623505,0.06938949972391129,0.049277737736701965,13.0
2026-04-27T18:45:04.132768,270426_170836.000000,1,58.14461135864258,8.009100914001465,-0.10000000149011612,0.0,0.8100000023841858,11,248.74000549316406,1,270426_174152.000000,-7.9202961921691895,-3.204397678375244,0.09081846475601196,3.74623703956604,1.9712114334106445,-0.011118936352431774,-0.08674042671918869,-0.024504292756319046,0.06901837140321732,0.050574637949466705,13.0
2026-04-27T18:45:04.133106,270426_170836.000000,1,58.14461135864258,8.009100914001465,-0.10000000149011612,0.0,0.8100000023841858,11,248.74000549316406,1,270426_174152.000000,-7.9202961921691895,-3.204397678375244,0.09081846475601196,3.74623703956604,1.9712114334106445,-0.011118936352431774,-0.08674042671918869,-0.024504292756319046,0.06901837140321732,0.050574637949466705,13.0
2026-04-27T18:45:04.133364,270426_170836.000000,1,58.14461135864258,8.009100914001465,-0.10000000149011612,0.0,0.8100000023841858,11,248.74000549316406,1,270426_174152.000000,-7.9202961921691895,-3.204397678375244,0.09081846475601196,3.74623703956604,1.9712114334106445,-0.011118936352431774,-0.08674042671918869,-0.024504292756319046,0.06901837140321732,0.050574637949466705,13.0
2026-04-27T18:45:04.245513,270426_170836.000000,1,58.14461135864258,8.009100914001465,-0.10000000149011612,0.0,0.8100000023841858,11,248.74000549316406,1,270426_174152.000000,-7.9202961921691895,-3.204397678375244,0.09081846475601196,3.74623703956604,1.9712114334106445,-0.011118936352431774,-0.08674042671918869,-0.024504292756319046,0.06901837140321732,0.050574637949466705,13.0
2026-04-27T18:45:07.204491,270426_170835.015625,1,58.14461135864258,8.009100914001465,-0.10000000149011612,0.0,0.8100000023841858,11,248.74000549316406,1,270426_174152.000000,-7.674136161804199,-3.6865029335021973,0.1970207542181015,9.781010627746582,2.2705302238464355,0.06655503064393997,0.03798677772283554,-0.18150649964809418,0.07476859539747238,0.054079070687294006,13.0
2026-04-27T18:45:10.279962,270426_170827.015625,1,58.14461135864258,8.009100914001465,-0.10000000149011612,0.0,0.8100000023841858,11,248.74000549316406,1,270426_174208.000000,-7.1747660636901855,-3.366006851196289,0.17139528691768646,7.775246620178223,2.3087544441223145,-0.11115777492523193,0.11519083380699158,-0.06124841794371605,0.07537555694580078,0.05547848343849182,13.0
2026-04-27T18:45:13.246381,270426_170826.000000,1,58.14461135864258,8.009100914001465,-0.10000000149011612,0.0,0.8100000023841858,11,248.74000549316406,1,270426_174208.000000,-7.647712707519531,-3.330343246459961,0.2008485645055771,2.045819044113159,2.320889472961426,0.05715978145599365,-0.016989469528198242,0.19179224967956543,0.08003611117601395,0.05045415461063385,15.0
2026-04-27T18:45:13.246689,270426_170826.000000,1,58.14461135864258,8.009100914001465,-0.10000000149011612,0.0,0.8100000023841858,11,248.74000549316406,1,270426_174208.000000,-7.647712707519531,-3.330343246459961,0.2008485645055771,2.045819044113159,2.320889472961426,0.05715978145599365,-0.016989469528198242,0.19179224967956543,0.08003611117601395,0.05045415461063385,15.0
2026-04-27T18:45:13.246939,270426_170826.000000,1,58.14461135864258,8.009100914001465,-0.10000000149011612,0.0,0.8100000023841858,11,248.74000549316406,1,270426_174208.000000,-7.647712707519531,-3.330343246459961,0.2008485645055771,2.045819044113159,2.320889472961426,0.05715978145599365,-0.016989469528198242,0.19179224967956543,0.08003611117601395,0.05045415461063385,15.0
2026-04-27T18:45:13.268497,270426_170826.000000,1,58.14461135864258,8.009100914001465,-0.10000000149011612,0.0,0.8100000023841858,11,248.74000549316406,1,270426_174208.000000,-7.647712707519531,-3.330343246459961,0.2008485645055771,2.045819044113159,2.320889472961426,0.05715978145599365,-0.016989469528198242,0.19179224967956543,0.08003611117601395,0.05045415461063385,15.0
2026-04-27T18:45:16.938593,270426_170808.984375,1,58.14461135864258,8.009100914001465,-0.10000000149011612,0.0,0.8700000047683716,10,248.74000549316406,1,270426_174208.000000,-7.369043827056885,-4.233921527862549,0.09743284434080124,0.7640088796615601,2.3240597248077393,0.07944202423095703,-0.006188406143337488,-0.056069836020469666,0.08081921935081482,0.0484895259141922,17.0
2026-04-27T18:45:20.004870,270426_170800.984375,1,58.14461135864258,8.009100914001465,-0.10000000149011612,0.0,0.8700000047683716,10,248.74000549316406,1,270426_174208.000000,-8.357099533081055,-3.2287347316741943,0.04691319167613983,4.353353023529053,2.218292474746704,-0.02799985557794571,0.0364074781537056,-0.009557779878377914,0.09534404426813126,0.0526566356420517,17.0
2026-04-27T18:45:23.198665,270426_170752.984375,1,58.14461135864258,8.009100914001465,-0.10000000149011612,0.0,0.8700000047683716,10,248.74000549316406,1,270426_174208.984375,-8.986279487609863,-3.416692018508911,0.3386566936969757,6.056689262390137,1.9792793989181519,0.2282659262418747,0.2496872991323471,-0.015469039790332317,0.09861451387405396,0.055195242166519165,18.0
2026-04-27T18:45:26.355184,270426_170752.000000,1,58.14461135864258,8.009100914001465,-0.10000000149011612,0.0,0.8700000047683716,10,248.74000549316406,1,270426_174208.984375,-8.602657318115234,-3.9073944091796875,0.17744626104831696,2.3745057582855225,1.914869785308838,0.020214425399899483,0.031026341021060944,-0.17353937029838562,0.10056567937135696,0.052500396966934204,18.0
2026-04-27T18:45:26.360275,270426_170752.000000,1,58.14461135864258,8.009100914001465,-0.10000000149011612,0.0,0.8700000047683716,10,248.74000549316406,1,270426_174208.984375,-8.602657318115234,-3.9073944091796875,0.17744626104831696,2.3745057582855225,1.914869785308838,0.020214425399899483,0.031026341021060944,-0.17353937029838562,0.10056567937135696,0.052500396966934204,18.0
2026-04-27T18:45:26.361028,270426_170752.000000,1,58.14461135864258,8.009100914001465,-0.10000000149011612,0.0,0.8700000047683716,10,248.74000549316406,1,270426_174208.984375,-8.602657318115234,-3.9073944091796875,0.17744626104831696,2.3745057582855225,1.914869785308838,0.020214425399899483,0.031026341021060944,-0.17353937029838562,0.10056567937135696,0.052500396966934204,18.0
2026-04-27T18:45:26.373499,270426_170752.000000,1,58.14461135864258,8.009100914001465,-0.10000000149011612,0.0,0.8700000047683716,10,248.74000549316406,1,270426_174208.984375,-8.602657318115234,-3.9073944091796875,0.17744626104831696,2.3745057582855225,1.914869785308838,0.020214425399899483,0.031026341021060944,-0.17353937029838562,0.10056567937135696,0.052500396966934204,18.0
2026-04-27T18:45:26.373799,270426_170752.000000,1,58.14461135864258,8.009100914001465,-0.10000000149011612,0.0,0.8700000047683716,10,248.74000549316406,1,270426_174208.984375,-8.602657318115234,-3.9073944091796875,0.17744626104831696,2.3745057582855225,1.914869785308838,0.020214425399899483,0.031026341021060944,-0.17353937029838562,0.10056567937135696,0.052500396966934204,18.0
2026-04-27T18:45:29.332097,270426_170743.015625,1,58.14461135864258,8.009100914001465,-0.10000000149011612,0.0,0.8700000047683716,10,248.74000549316406,1,270426_174208.984375,-8.823052406311035,-3.527982234954834,0.20367756485939026,2.755716323852539,1.9075229167938232,-0.06097253039479256,0.10176385939121246,0.1655627340078354,0.09743546694517136,0.05731601640582085,16.0
2026-04-27T18:45:32.397389,270426_170735.015625,1,58.14461135864258,8.009100914001465,-0.10000000149011612,0.0,0.8700000047683716,10,248.74000549316406,1,270426_174208.984375,-10.98965072631836,-3.448706865310669,0.31346020102500916,5.660175323486328,1.9376704692840576,-0.055928152054548264,-0.29461050033569336,-0.09129063785076141,0.11050231009721756,0.06875338405370712,18.0
2026-04-27T18:45:35.773553,270426_170734.000000,1,58.14461135864258,8.009100914001465,-0.10000000149011612,0.0,0.8700000047683716,10,248.74000549316406,1,270426_174208.984375,-13.673574447631836,-2.758878469467163,0.23069998621940613,1.7270317077636719,2.0078306198120117,0.0660085678100586,-0.159952312707901,0.15257984399795532,0.11200698465108871,0.07188450545072556,17.0
2026-04-27T18:45:38.845856,270426_170726.000000,1,58.14461135864258,8.009100914001465,-0.10000000149011612,0.0,0.8700000047683716,10,154.22999572753906,1,270426_174208.984375,-13.871039390563965,-2.740180492401123,0.05454396456480026,1.4308044910430908,1.9273689985275269,0.013566970825195312,-0.017776452004909515,-0.049749162048101425,0.11089319735765457,0.06396783888339996,17.0
2026-04-27T18:45:42.125414,270426_170724.984375,1,58.14461135864258,8.009100914001465,-0.10000000149011612,0.0,0.8700000047683716,10,154.22999572753906,1,270426_174208.984375,-13.69033432006836,-1.8816077709197998,0.03753151744604111,2.7611122131347656,2.113302707672119,-0.008264929056167603,-0.031393617391586304,-0.018834711983799934,0.11714378744363785,0.06330612301826477,19.0
2026-04-27T18:45:45.197467,270426_170716.984375,1,58.14461135864258,8.009100914001465,-0.10000000149011612,0.0,0.8700000047683716,10,154.22999572753906,1,270426_174226.000000,-13.065648078918457,-2.036653757095337,0.1760081648826599,0.512138307094574,2.2138118743896484,-0.00014793407171964645,0.08895882219076157,-0.15187223255634308,0.11467543989419937,0.06588965654373169,17.0
2026-04-27T18:45:48.267831,270426_170716.000000,1,58.14461135864258,8.009100914001465,-0.10000000149011612,0.0,0.8700000047683716,10,154.22999572753906,1,270426_174226.000000,-12.367531776428223,-2.591080904006958,0.24311016499996185,0.9109607338905334,2.2237067222595215,0.08231380581855774,0.0002618134021759033,0.22875076532363892,0.08532695472240448,0.04595821723341942,21.0
2026-04-27T18:45:51.227719,270426_170708.000000,1,58.14461135864258,8.009100914001465,-0.10000000149011612,0.0,0.8700000047683716,10,154.22999572753906,1,270426_174226.000000,-12.358294486999512,-2.3727359771728516,0.17905305325984955,2.7051098346710205,2.2493700981140137,-0.07397247105836868,-0.0993950292468071,0.12926210463047028,0.0870528593659401,0.04989812895655632,17.0
2026-04-27T18:45:54.277455,270426_170707.015625,1,58.14461135864258,8.009100914001465,-0.10000000149011612,0.0,0.8700000047683716,10,154.22999572753906,1,270426_174226.000000,-12.130338668823242,-2.90724515914917,0.21802686154842377,4.274515151977539,1.9816350936889648,0.18084850907325745,-0.11597930639982224,0.0371258445084095,0.0855858325958252,0.0493256077170372,15.0
2026-04-27T18:45:54.280433,270426_170707.015625,1,58.14461135864258,8.009100914001465,-0.10000000149011612,0.0,0.8700000047683716,10,154.22999572753906,1,270426_174226.000000,-12.130338668823242,-2.90724515914917,0.21802686154842377,4.274515151977539,1.9816350936889648,0.18084850907325745,-0.11597930639982224,0.0371258445084095,0.0855858325958252,0.0493256077170372,15.0
2026-04-27T18:45:57.583373,270426_170659.015625,1,58.14461135864258,8.009100914001465,-0.10000000149011612,0.0,0.8700000047683716,10,154.22999572753906,1,270426_174226.000000,-12.034049987792969,-2.7376885414123535,0.2223822921514511,0.8169810771942139,1.9818108081817627,0.028128286823630333,-0.06119212135672569,-0.21193917095661163,0.07855328172445297,0.04720856994390488,13.0
2026-04-27T18:46:00.443392,270426_170658.000000,1,58.14461135864258,8.009100914001465,-0.10000000149011612,0.0,0.8700000047683716,10,154.22999572753906,1,270426_174256.984375,-11.92657470703125,-3.047909736633301,0.22858618199825287,2.4699060916900635,1.88813054561615,0.05293009430170059,-0.025648057460784912,0.220889613032341,0.06903693079948425,0.04553177207708359,11.0
2026-04-27T18:46:03.571040,270426_170640.000000,1,58.14461135864258,8.009100914001465,-0.10000000149011612,0.0,0.8700000047683716,10,154.22999572753906,1,270426_174256.984375,-11.7392578125,-3.3669321537017822,0.21241223812103271,0.951378583908081,1.7648162841796875,0.08240197598934174,-0.04215268790721893,0.1911858320236206,0.07760360836982727,0.04139971733093262,13.0
2026-04-27T18:46:06.511158,270426_170639.015625,1,58.14461135864258,8.009100914001465,-0.10000000149011612,0.0,0.8700000047683716,10,154.22999572753906,1,270426_174256.984375,-11.218551635742188,-3.02591872215271,0.12202205508947372,1.9157414436340332,1.8021962642669678,-0.03817413002252579,-0.09670127928256989,-0.06388253718614578,0.07513982057571411,0.03738894313573837,13.0
2026-04-27T18:46:09.567511,270426_170630.000000,1,58.14461135864258,8.009100914001465,-0.10000000149011612,0.0,0.8700000047683716,10,154.22999572753906,1,270426_174256.984375,-10.890243530273438,-2.9531540870666504,0.12292202562093735,2.5755512714385986,1.9067336320877075,0.014566686004400253,-0.09717270731925964,-0.07385864108800888,0.07974396646022797,0.03676016628742218,15.0
2026-04-27T18:46:09.567968,270426_170630.000000,1,58.14461135864258,8.009100914001465,-0.10000000149011612,0.0,0.8700000047683716,10,154.22999572753906,1,270426_174256.984375,-10.890243530273438,-2.9531540870666504,0.12292202562093735,2.5755512714385986,1.9067336320877075,0.014566686004400253,-0.09717270731925964,-0.07385864108800888,0.07974396646022797,0.03676016628742218,15.0
2026-04-27T18:46:13.110804,270426_170628.984375,1,58.14461135864258,8.009100914001465,-0.10000000149011612,0.0,0.8700000047683716,10,154.22999572753906,1,270426_174258.000000,-11.057833671569824,-2.745776653289795,0.11247900873422623,1.1681002378463745,1.942229986190796,-0.02538292668759823,0.05823153257369995,-0.09282415360212326,0.0847809836268425,0.03469829633831978,15.0
2026-04-27T18:46:16.051661,270426_170619.015625,1,58.14461135864258,8.009100914001465,-0.10000000149011612,0.0,0.8700000047683716,10,154.22999572753906,1,270426_174258.000000,-10.71753215789795,-2.158857583999634,0.12912943959236145,2.262014389038086,1.994155764579773,-0.06321682035923004,0.004186570644378662,-0.11251896619796753,0.07809820026159286,0.033474572002887726,13.0
2026-04-27T18:46:19.050909,270426_170610.000000,1,58.14461135864258,8.009100914001465,-0.10000000149011612,0.0,0.8700000047683716,10,154.22999572753906,1,270426_174259.015625,-10.278875350952148,-1.951882004737854,0.125954270362854,1.9365177154541016,1.7772878408432007,-0.08056928217411041,0.018882378935813904,-0.09495537728071213,0.07252009958028793,0.03025505319237709,14.0
2026-04-27T18:46:22.427707,270426_170600.984375,1,58.14461135864258,8.009100914001465,-0.10000000149011612,0.0,0.8700000047683716,10,154.22999572753906,1,270426_174259.015625,-9.658209800720215,-0.9415462017059326,0.29783713817596436,2.8042800426483154,2.082913398742676,-0.06044349819421768,-0.11670854687690735,-0.2672688663005829,0.08231484144926071,0.039028242230415344,16.0
2026-04-27T18:46:25.431007,270426_170551.015625,1,58.14461135864258,8.009100914001465,-0.10000000149011612,0.0,0.8700000047683716,10,154.22999572753906,1,270426_174259.015625,-9.086058616638184,-1.0978326797485352,0.17875297367572784,0.7509893178939819,2.097916841506958,-0.030527060851454735,0.018535427749156952,-0.17514896392822266,0.07988016307353973,0.04114031791687012,16.0
2026-04-27T18:46:28.371256,270426_170531.015625,1,58.14461135864258,8.009100914001465,-0.10000000149011612,0.0,0.8700000047683716,10,154.22999572753906,1,270426_174259.015625,-8.33920955657959,-0.3305840492248535,0.21085484325885773,2.565382242202759,2.2860302925109863,0.012556299567222595,0.005060629919171333,-0.21041981875896454,0.07846459001302719,0.04438602924346924,18.0
2026-04-27T18:46:31.597701,270426_170522.000000,1,58.14461135864258,8.009100914001465,-0.10000000149011612,0.0,0.8700000047683716,10,154.22999572753906,1,270426_174330.000000,-8.029354095458984,-0.6467976570129395,0.17099042236804962,1.9951810836791992,2.211883306503296,0.014838643372058868,0.02981056086719036,-0.1677166372537613,0.0740245133638382,0.048557963222265244,15.0
2026-04-27T18:46:34.751853,270426_170520.984375,1,58.14461135864258,8.009100914001465,-0.10000000149011612,0.0,0.8700000047683716,10,154.22999572753906,1,270426_174330.000000,-7.613499641418457,-0.013073446229100227,0.18356643617153168,1.556442141532898,2.0417637825012207,-0.06180880591273308,0.01785549893975258,0.17192292213439941,0.07335297018289566,0.04778754338622093,15.0
2026-04-27T18:46:37.750922,270426_170512.000000,1,58.14461135864258,8.009100914001465,-0.10000000149011612,0.0,0.8700000047683716,10,154.22999572753906,1,270426_174330.000000,-6.660634517669678,0.39803576469421387,0.19827479124069214,2.21217942237854,2.370269775390625,-0.04555468261241913,0.05805829539895058,-0.18402960896492004,0.09113851934671402,0.05316344276070595,15.0
2026-04-27T18:46:40.890084,270426_170511.015625,1,58.14461135864258,8.009100914001465,-0.10000000149011612,0.0,0.8700000047683716,10,154.22999572753906,1,270426_174330.000000,-6.747180461883545,0.29939669370651245,0.31384947896003723,3.4724085330963135,2.3647568225860596,-0.011526346206665039,0.1865171492099762,0.2521507143974304,0.0968310609459877,0.0547458790242672,15.0
2026-04-27T18:46:44.052398,270426_170502.000000,1,58.14461135864258,8.009100914001465,-0.10000000149011612,0.0,0.8700000047683716,10,154.22999572753906,1,270426_174330.000000,-7.535906791687012,0.416829913854599,0.3319699764251709,4.619343280792236,2.184687852859497,0.0373094268143177,0.16534925997257233,0.28543245792388916,0.09898250550031662,0.059510454535484314,15.0
2026-04-27T18:46:44.052869,270426_170502.000000,1,58.14461135864258,8.009100914001465,-0.10000000149011612,0.0,0.8700000047683716,10,154.22999572753906,1,270426_174330.000000,-7.535906791687012,0.416829913854599,0.3319699764251709,4.619343280792236,2.184687852859497,0.0373094268143177,0.16534925997257233,0.28543245792388916,0.09898250550031662,0.059510454535484314,15.0
2026-04-27T18:46:47.220307,270426_170500.984375,1,58.14461135864258,8.009100914001465,-0.10000000149011612,0.0,0.8700000047683716,10,154.22999572753906,1,270426_174331.015625,-7.965999603271484,0.9445865154266357,0.1890985667705536,2.9665040969848633,2.0349020957946777,-0.09857895970344543,-0.14928977191448212,0.06126191094517708,0.10025227814912796,0.06766771525144577,13.0
2026-04-27T18:46:50.363085,270426_170451.015625,1,58.14461135864258,8.009100914001465,-0.10000000149011612,0.0,0.8700000047683716,10,154.22999572753906,1,270426_174331.015625,-7.958328723907471,1.3015424013137817,0.29708853363990784,1.6018768548965454,1.6089990139007568,-0.08268675953149796,-0.05664144456386566,-0.27967163920402527,0.08713378012180328,0.060150694102048874,15.0
2026-04-27T18:46:50.363445,270426_170451.015625,1,58.14461135864258,8.009100914001465,-0.10000000149011612,0.0,0.8700000047683716,10,154.22999572753906,1,270426_174331.015625,-7.958328723907471,1.3015424013137817,0.29708853363990784,1.6018768548965454,1.6089990139007568,-0.08268675953149796,-0.05664144456386566,-0.27967163920402527,0.08713378012180328,0.060150694102048874,15.0
2026-04-27T18:46:50.364538,270426_170451.015625,1,58.14461135864258,8.009100914001465,-0.10000000149011612,0.0,0.8700000047683716,10,154.22999572753906,1,270426_174331.015625,-7.958328723907471,1.3015424013137817,0.29708853363990784,1.6018768548965454,1.6089990139007568,-0.08268675953149796,-0.05664144456386566,-0.27967163920402527,0.08713378012180328,0.060150694102048874,15.0
2026-04-27T18:46:53.441119,270426_170442.000000,1,58.14461135864258,8.009100914001465,-0.10000000149011612,0.0,0.8700000047683716,10,154.22999572753906,1,270426_174331.015625,-7.767955780029297,1.4660965204238892,0.14094969630241394,2.540670156478882,1.7334325313568115,-0.033056117594242096,-0.03737277537584305,-0.1318233162164688,0.08741575479507446,0.061231374740600586,15.0
2026-04-27T18:46:53.445852,270426_170442.000000,1,58.14461135864258,8.009100914001465,-0.10000000149011612,0.0,0.8700000047683716,10,154.22999572753906,1,270426_174331.015625,-7.767955780029297,1.4660965204238892,0.14094969630241394,2.540670156478882,1.7334325313568115,-0.033056117594242096,-0.03737277537584305,-0.1318233162164688,0.08741575479507446,0.061231374740600586,15.0
2026-04-27T18:46:53.446173,270426_170442.000000,1,58.14461135864258,8.009100914001465,-0.10000000149011612,0.0,0.8700000047683716,10,154.22999572753906,1,270426_174331.015625,-7.767955780029297,1.4660965204238892,0.14094969630241394,2.540670156478882,1.7334325313568115,-0.033056117594242096,-0.03737277537584305,-0.1318233162164688,0.08741575479507446,0.061231374740600586,15.0
2026-04-27T18:46:53.487505,270426_170442.000000,1,58.14461135864258,8.009100914001465,-0.10000000149011612,0.0,0.8700000047683716,10,154.22999572753906,1,270426_174331.015625,-7.767955780029297,1.4660965204238892,0.14094969630241394,2.540670156478882,1.7334325313568115,-0.033056117594242096,-0.03737277537584305,-0.1318233162164688,0.08741575479507446,0.061231374740600586,15.0
2026-04-27T18:46:56.670864,270426_170440.984375,1,58.14461135864258,8.009100914001465,-0.10000000149011612,0.0,0.8700000047683716,10,154.22999572753906,1,270426_174331.015625,-8.231356620788574,2.4671738147735596,0.17011310160160065,0.8869401812553406,1.9547423124313354,-0.02804151363670826,0.028944365680217743,-0.16527056694030762,0.07909799367189407,0.06388027220964432,15.0
2026-04-27T18:46:59.750324,270426_170432.000000,1,58.14461135864258,8.009100914001465,-0.10000000149011612,0.0,0.8700000047683716,10,154.22999572753906,1,270426_174347.015625,-8.25491714477539,2.2951810359954834,0.07818833738565445,8.783256530761719,2.2167716026306152,0.06250803917646408,-0.02129325270652771,-0.04186597838997841,0.08835873007774353,0.05767292529344559,15.0
2026-04-27T18:47:02.713295,270426_170431.015625,1,58.14461135864258,8.009100914001465,-0.10000000149011612,0.0,0.8700000047683716,10,154.22999572753906,1,270426_174347.015625,-8.469840049743652,2.2036221027374268,0.2581118643283844,2.7523369789123535,2.2373900413513184,-0.04945213347673416,-0.029633047059178352,-0.25159111618995667,0.07978437840938568,0.04757668450474739,16.0
2026-04-27T18:47:02.713572,270426_170431.015625,1,58.14461135864258,8.009100914001465,-0.10000000149011612,0.0,0.8700000047683716,10,154.22999572753906,1,270426_174347.015625,-8.469840049743652,2.2036221027374268,0.2581118643283844,2.7523369789123535,2.2373900413513184,-0.04945213347673416,-0.029633047059178352,-0.25159111618995667,0.07978437840938568,0.04757668450474739,16.0
2026-04-27T18:47:02.713749,270426_170431.015625,1,58.14461135864258,8.009100914001465,-0.10000000149011612,0.0,0.8700000047683716,10,154.22999572753906,1,270426_174347.015625,-8.469840049743652,2.2036221027374268,0.2581118643283844,2.7523369789123535,2.2373900413513184,-0.04945213347673416,-0.029633047059178352,-0.25159111618995667,0.07978437840938568,0.04757668450474739,16.0
2026-04-27T18:47:02.715020,270426_170431.015625,1,58.14461135864258,8.009100914001465,-0.10000000149011612,0.0,0.8700000047683716,10,154.22999572753906,1,270426_174347.015625,-8.469840049743652,2.2036221027374268,0.2581118643283844,2.7523369789123535,2.2373900413513184,-0.04945213347673416,-0.029633047059178352,-0.25159111618995667,0.07978437840938568,0.04757668450474739,16.0
2026-04-27T18:47:05.781925,270426_170422.000000,1,58.14461135864258,8.009100914001465,-0.10000000149011612,0.0,0.8700000047683716,10,154.22999572753906,1,270426_174347.015625,-8.519646644592285,3.1893982887268066,0.15772168338298798,2.7820091247558594,2.301455020904541,-0.10623729974031448,0.09870804101228714,-0.06202005594968796,0.07239396870136261,0.04206507280468941,12.0
2026-04-27T18:47:05.782269,270426_170422.000000,1,58.14461135864258,8.009100914001465,-0.10000000149011612,0.0,0.8700000047683716,10,154.22999572753906,1,270426_174347.015625,-8.519646644592285,3.1893982887268066,0.15772168338298798,2.7820091247558594,2.301455020904541,-0.10623729974031448,0.09870804101228714,-0.06202005594968796,0.07239396870136261,0.04206507280468941,12.0
2026-04-27T18:47:05.782491,270426_170422.000000,1,58.14461135864258,8.009100914001465,-0.10000000149011612,0.0,0.8700000047683716,10,154.22999572753906,1,270426_174347.015625,-8.519646644592285,3.1893982887268066,0.15772168338298798,2.7820091247558594,2.301455020904541,-0.10623729974031448,0.09870804101228714,-0.06202005594968796,0.07239396870136261,0.04206507280468941,12.0
2026-04-27T18:47:05.792625,270426_170422.000000,1,58.14461135864258,8.009100914001465,-0.10000000149011612,0.0,0.8700000047683716,10,154.22999572753906,1,270426_174347.015625,-8.519646644592285,3.1893982887268066,0.15772168338298798,2.7820091247558594,2.301455020904541,-0.10623729974031448,0.09870804101228714,-0.06202005594968796,0.07239396870136261,0.04206507280468941,12.0
2026-04-27T18:47:09.057589,270426_170420.984375,1,58.14461135864258,8.009100914001465,-0.10000000149011612,0.0,0.8700000047683716,10,154.22999572753906,1,270426_174347.015625,-6.836157321929932,0.4809705913066864,0.14698925614356995,0.08206368237733841,2.0872859954833984,0.10565829277038574,0.10214405506849289,0.002959568053483963,0.08145380020141602,0.04494927451014519,12.0
2026-04-27T18:47:09.059775,270426_170420.984375,1,58.14461135864258,8.009100914001465,-0.10000000149011612,0.0,0.8700000047683716,10,154.22999572753906,1,270426_174347.015625,-6.836157321929932,0.4809705913066864,0.14698925614356995,0.08206368237733841,2.0872859954833984,0.10565829277038574,0.10214405506849289,0.002959568053483963,0.08145380020141602,0.04494927451014519,12.0
2026-04-27T18:47:09.062879,270426_170420.984375,1,58.14461135864258,8.009100914001465,-0.10000000149011612,0.0,0.8700000047683716,10,154.22999572753906,1,270426_174347.015625,-6.836157321929932,0.4809705913066864,0.14698925614356995,0.08206368237733841,2.0872859954833984,0.10565829277038574,0.10214405506849289,0.002959568053483963,0.08145380020141602,0.04494927451014519,12.0
2026-04-27T18:47:09.110388,270426_170420.984375,1,58.14461135864258,8.009100914001465,-0.10000000149011612,0.0,0.8700000047683716,10,154.22999572753906,1,270426_174347.015625,-6.836157321929932,0.4809705913066864,0.14698925614356995,0.08206368237733841,2.0872859954833984,0.10565829277038574,0.10214405506849289,0.002959568053483963,0.08145380020141602,0.04494927451014519,12.0
2026-04-27T18:47:12.156425,270426_170412.984375,1,58.14461135864258,8.009100914001465,-0.10000000149011612,0.0,0.8700000047683716,10,154.22999572753906,1,270426_174347.015625,-5.466237545013428,-1.0242339372634888,0.11096265912055969,0.3212195336818695,1.987396001815796,0.08646717667579651,0.06867984682321548,0.010918710380792618,0.08127886056900024,0.039307884871959686,8.0
2026-04-27T18:47:15.636568,270426_170412.000000,1,58.14461135864258,8.009100914001465,-0.10000000149011612,0.0,0.8700000047683716,10,154.22999572753906,1,270426_174403.015625,-4.473480224609375,-2.0260629653930664,0.08703251928091049,0.15125954151153564,1.32949960231781,0.06208695471286774,0.06001674011349678,0.010856316424906254,0.07763424515724182,0.03155147656798363,6.0
2026-04-27T18:47:18.784883,270426_170411.015625,1,58.14461135864258,8.009100914001465,-0.10000000149011612,0.0,0.8700000047683716,10,154.22999572753906,1,270426_174403.015625,-3.9785072803497314,-2.4795100688934326,0.0785709023475647,0.060346849262714386,1.2619034051895142,0.05616089329123497,0.054491303861141205,0.0070738233625888824,0.08046583831310272,0.029215021058917046,4.0
2026-04-27T18:47:21.756039,270426_170402.000000,1,58.14461135864258,8.009100914001465,-0.10000000149011612,0.0,0.8700000047683716,10,154.22999572753906,1,270426_174418.000000,-3.509459972381592,-2.9503424167633057,0.06460817158222198,0.056239087134599686,0.45878204703330994,0.04446129500865936,0.046473316848278046,0.006135182920843363,0.07106494903564453,0.020494386553764343,2.0
2026-04-27T18:47:24.826490,270426_170351.015625,1,58.14461135864258,8.009100914001465,-0.10000000149011612,0.0,0.8700000047683716,10,154.22999572753906,1,270426_174418.000000,-3.1064882278442383,-3.3500149250030518,0.05553729459643364,0.0742935761809349,0.2673221528530121,0.03896235674619675,0.03877265751361847,0.007937682792544365,0.02961629442870617,0.010251309722661972,0.0
2026-04-27T18:47:27.910679,270426_170342.000000,1,58.14461135864258,8.009100914001465,-0.10000000149011612,0.0,0.8700000047683716,10,154.22999572753906,1,270426_174418.000000,-2.6165482997894287,-3.8367958068847656,0.04347836971282959,0.06531824171543121,0.12922303378582,0.030090855434536934,0.030535973608493805,0.007243165746331215,0.021938694640994072,0.006126774474978447,0.0
2026-04-27T18:47:31.430008,270426_170332.984375,1,58.14461135864258,8.009100914001465,-0.10000000149011612,0.0,0.8700000047683716,10,154.22999572753906,1,270426_174418.000000,-2.21954607963562,-4.218258857727051,0.03690779581665993,0.14387764036655426,0.10305348038673401,0.02477067895233631,0.025613851845264435,0.009619222022593021,0.01692732237279415,0.0037751803174614906,0.0
2026-04-27T18:47:34.456151,270426_170332.000000,1,58.14461135864258,8.009100914001465,-0.10000000149011612,0.0,0.8700000047683716,10,154.22999572753906,1,270426_174418.000000,-1.9337189197540283,-4.518229961395264,0.02637570910155773,0.07777895778417587,0.04783123359084129,0.01931072771549225,0.017222469672560692,0.0051147243939340115,0.01358101051300764,0.002327422611415386,2.0
