Time, UTC Time, Label, Latitude, Longitude, Altitude, Speed, HDOP, Satelites, Course, Fix, Accel UTC, Roll Degrees, Pitch Degrees, Dynamic Magnitude, Jerk, Jerk Std, Acceleration X, Acceleration Y, Acceleration Z, Standard Deviation, Energy, Zero Crossings
2026-04-26T17:19:12.597200,250426_153832.000000,1,58.38045120239258,8.676777839660645,84.0999984741211,0.8799999952316284,2.0,5,197.61000061035156,1,260426_151906.000000,-6.457003116607666,5.654331207275391,0.004864843096584082,0.06632658839225769,0.04535055533051491,0.00025859984452836215,0.004845371004194021,0.00034957664320245385,0.0013602563412860036,9.91360138868913e-06,28.0
2026-04-26T17:19:15.609090,250426_153842.000000,1,58.38045120239258,8.676759719848633,81.90000915527344,0.8799999952316284,2.0,5,197.61000061035156,1,260426_151906.000000,-6.444613933563232,5.6638875007629395,0.00867633055895567,0.10261967778205872,0.050244782119989395,0.000839739921502769,0.0055049024522304535,0.006653540767729282,0.0017040431266650558,1.1475069186417386e-05,28.0
2026-04-26T17:19:18.682977,250426_153843.015625,1,58.38045883178711,8.676774978637695,82.9000015258789,0.8799999952316284,2.0,5,197.61000061035156,1,260426_151906.000000,-6.453856945037842,5.605837821960449,0.025379052385687828,0.43008938431739807,0.13149352371692657,0.021246399730443954,0.0016676736995577812,0.01378062553703785,0.005312640685588121,5.4174935939954594e-05,25.0
2026-04-26T17:19:21.701457,250426_153844.000000,1,58.3804817199707,8.676798820495605,86.19999694824219,1.1699999570846558,2.0,5,197.61000061035156,1,260426_151906.000000,-6.1742377281188965,5.777024269104004,0.021040916442871094,0.11678751558065414,0.22907224297523499,-0.016177816316485405,0.013437580317258835,0.0006555912550538778,0.014402885921299458,0.000357004813849926,23.0
2026-04-26T17:19:24.651497,250426_153854.000000,1,58.380619049072266,8.676726341247559,96.30000305175781,2.640000104904175,2.0,5,197.61000061035156,1,260426_151906.000000,-6.478146076202393,5.665395736694336,0.009587624110281467,0.2086557149887085,0.22496648132801056,0.0004207563179079443,-0.0093917828053236,0.0018814695067703724,0.017408963292837143,0.0006327689625322819,21.0
2026-04-26T17:19:27.811025,250426_153855.015625,1,58.380619049072266,8.67669677734375,96.90000915527344,2.7300000190734863,2.0,5,197.61000061035156,1,260426_151906.000000,-7.2072930335998535,5.44041633605957,0.03280330449342728,0.6340141892433167,0.2422381490468979,-0.005618867930024862,-0.03231825679540634,0.00012435531243681908,0.026262013241648674,0.0017214160179719329,19.0
2026-04-26T17:19:30.734821,250426_153856.000000,1,58.380619049072266,8.676675796508789,95.80001068115234,2.8499999046325684,2.0,5,197.61000061035156,1,260426_151922.000000,-8.255467414855957,6.494893550872803,0.15225477516651154,1.0116690397262573,0.2653752863407135,-0.1251245141029358,-0.0840330496430397,0.021536488085985184,0.043662842363119125,0.005064300261437893,18.0
2026-04-26T17:19:30.735212,250426_153856.000000,1,58.380619049072266,8.676675796508789,95.80001068115234,2.8499999046325684,2.0,5,197.61000061035156,1,260426_151922.000000,-8.255467414855957,6.494893550872803,0.15225477516651154,1.0116690397262573,0.2653752863407135,-0.1251245141029358,-0.0840330496430397,0.021536488085985184,0.043662842363119125,0.005064300261437893,18.0
2026-04-26T17:19:30.735532,250426_153856.000000,1,58.380619049072266,8.676675796508789,95.80001068115234,2.8499999046325684,2.0,5,197.61000061035156,1,260426_151922.000000,-8.255467414855957,6.494893550872803,0.15225477516651154,1.0116690397262573,0.2653752863407135,-0.1251245141029358,-0.0840330496430397,0.021536488085985184,0.043662842363119125,0.005064300261437893,18.0
2026-04-26T17:19:30.789387,250426_153856.000000,1,58.380619049072266,8.676675796508789,95.80001068115234,2.8499999046325684,2.0,5,197.61000061035156,1,260426_151922.000000,-8.255467414855957,6.494893550872803,0.15225477516651154,1.0116690397262573,0.2653752863407135,-0.1251245141029358,-0.0840330496430397,0.021536488085985184,0.043662842363119125,0.005064300261437893,18.0
2026-04-26T17:19:33.843870,250426_153906.000000,1,58.38058090209961,8.676514625549316,86.30000305175781,3.490000009536743,2.0,5,197.61000061035156,1,260426_151922.000000,-8.692682266235352,5.375190258026123,0.12598608434200287,0.7469449043273926,0.4539570212364197,0.12370199710130692,-0.0016155536286532879,0.023826396092772484,0.05348192900419235,0.008244854398071766,18.0
2026-04-26T17:19:36.844413,250426_153907.015625,1,58.38059997558594,8.67648983001709,87.40000915527344,3.299999952316284,2.0,5,197.61000061035156,1,260426_151922.000000,-8.987813949584961,4.779219150543213,0.08116374909877777,0.3017835021018982,0.4719403088092804,0.059044357389211655,-0.051454488188028336,-0.021301476284861565,0.048487138003110886,0.009227124974131584,18.0
2026-04-26T17:19:39.915441,250426_153919.015625,1,58.38072967529297,8.67641544342041,98.5999984741211,2.6600000858306885,2.0,5,197.61000061035156,1,260426_151923.015625,-7.6352434158325195,4.237149238586426,0.0811733528971672,0.202103853225708,0.5083752870559692,-0.026715368032455444,0.0764717310667038,-0.005241843871772289,0.04215574264526367,0.012235657311975956,16.0
2026-04-26T17:19:43.071018,250426_153920.000000,1,58.3807487487793,8.676407814025879,99.00000762939453,3.559999942779541,2.0,5,197.61000061035156,1,260426_151923.015625,-7.262373447418213,4.45083475112915,0.08010698854923248,0.37841492891311646,0.5105453729629517,-0.04738638550043106,0.06447236239910126,0.0038697104901075363,0.04645596072077751,0.011842196807265282,16.0
2026-04-26T17:19:45.968143,250426_153920.984375,1,58.38079071044922,8.676411628723145,98.9000015258789,4.760000228881836,2.0,5,197.61000061035156,1,260426_151923.015625,-8.137619972229004,3.6749958992004395,0.07752706110477448,2.051234722137451,0.5631192326545715,0.039367616176605225,-0.06578260660171509,-0.01154494471848011,0.0490795336663723,0.01145833358168602,14.0
2026-04-26T17:19:49.051680,250426_153932.000000,1,58.38130187988281,8.676525115966797,96.80000305175781,19.90999984741211,2.0,5,197.61000061035156,1,260426_151923.015625,-9.596104621887207,3.3123056888580322,0.11930260062217712,0.8373968601226807,0.39927324652671814,0.014957780949771404,-0.1166771873831749,-0.019894909113645554,0.041685204952955246,0.010331985540688038,10.0
2026-04-26T17:19:52.125469,250426_153943.015625,1,58.3820686340332,8.676310539245605,89.80000305175781,27.540000915527344,2.0,5,197.61000061035156,1,260426_151938.000000,-9.432679176330566,3.4231555461883545,0.07431698590517044,0.12390061467885971,0.3474987745285034,-0.026345834136009216,0.06794921308755875,0.014553898945450783,0.042271655052900314,0.00880550779402256,10.0
2026-04-26T17:19:55.172619,250426_153944.984375,1,58.38220977783203,8.67626953125,88.80000305175781,28.1299991607666,2.0,5,197.61000061035156,1,260426_151938.000000,-7.88333797454834,3.681823492050171,0.17335939407348633,0.35775065422058105,0.3534245193004608,-0.023425577208399773,0.17176932096481323,0.00014858506619930267,0.047823961824178696,0.010999343357980251,10.0
2026-04-26T17:19:58.244625,250426_153956.000000,1,58.38291931152344,8.675970077514648,84.80000305175781,27.0,1.9900000095367432,5,197.61000061035156,1,260426_151938.000000,-5.776946067810059,4.022575378417969,0.07592727243900299,0.13592121005058289,0.36950454115867615,-0.02211569808423519,0.072634756565094,0.0001970943994820118,0.046938855201005936,0.016673298552632332,10.0
2026-04-26T17:19:58.245029,250426_153956.000000,1,58.38291931152344,8.675970077514648,84.80000305175781,27.0,1.9900000095367432,5,197.61000061035156,1,260426_151938.000000,-5.776946067810059,4.022575378417969,0.07592727243900299,0.13592121005058289,0.36950454115867615,-0.02211569808423519,0.072634756565094,0.0001970943994820118,0.046938855201005936,0.016673298552632332,10.0
2026-04-26T17:19:58.245299,250426_153956.000000,1,58.38291931152344,8.675970077514648,84.80000305175781,27.0,1.9900000095367432,5,197.61000061035156,1,260426_151938.000000,-5.776946067810059,4.022575378417969,0.07592727243900299,0.13592121005058289,0.36950454115867615,-0.02211569808423519,0.072634756565094,0.0001970943994820118,0.046938855201005936,0.016673298552632332,10.0
2026-04-26T17:19:58.246871,250426_153956.000000,1,58.38291931152344,8.675970077514648,84.80000305175781,27.0,1.9900000095367432,5,197.61000061035156,1,260426_151938.000000,-5.776946067810059,4.022575378417969,0.07592727243900299,0.13592121005058289,0.36950454115867615,-0.02211569808423519,0.072634756565094,0.0001970943994820118,0.046938855201005936,0.016673298552632332,10.0
2026-04-26T17:20:01.219796,250426_153956.984375,1,58.38298034667969,8.675909996032715,85.19999694824219,26.43000030517578,1.9900000095367432,5,197.61000061035156,1,260426_151952.984375,-8.597553253173828,4.2162394523620605,0.227681502699852,0.6639989018440247,0.28777649998664856,0.06129753589630127,-0.2192368060350418,0.004085926339030266,0.06491196155548096,0.024842482060194016,8.0
2026-04-26T17:20:04.343206,250426_154007.015625,1,58.38386917114258,8.676546096801758,79.9000015258789,57.22999954223633,1.9900000095367432,5,197.61000061035156,1,260426_151952.984375,-8.779773712158203,3.766526460647583,0.03807559236884117,0.9938228726387024,0.3173573315143585,-0.015570607036352158,0.01156512089073658,0.03276514634490013,0.07316987216472626,0.023539949208498,10.0
2026-04-26T17:20:07.461696,250426_154008.984375,1,58.384159088134766,8.676815032958984,79.19999694824219,61.720001220703125,1.9900000095367432,5,197.61000061035156,1,260426_151952.984375,-6.551309108734131,3.962749719619751,0.2187746912240982,0.3401944637298584,0.3567572236061096,-0.027851378545165062,0.21682491898536682,0.00857996754348278,0.07927853614091873,0.030247090384364128,10.0
2026-04-26T17:20:10.339333,250426_154019.015625,1,58.38555908203125,8.678166389465332,76.9000015258789,62.25,1.9900000095367432,5,197.61000061035156,1,260426_151952.984375,-3.7570183277130127,4.188991069793701,0.15512776374816895,0.3059611916542053,0.33452385663986206,-0.010014964267611504,0.15365172922611237,0.01885388419032097,0.08034449815750122,0.03081500716507435,10.0
2026-04-26T17:20:13.490883,250426_154020.000000,1,58.385711669921875,8.678301811218262,76.5,62.40999984741211,1.9900000095367432,5,197.61000061035156,1,260426_151952.984375,-3.493448257446289,4.354804992675781,0.024466004222631454,0.06725212931632996,0.33827391266822815,-0.014614774845540524,-0.019531145691871643,-0.0018783085979521275,0.08620760589838028,0.0287163145840168,10.0
2026-04-26T17:20:16.412938,250426_154020.984375,1,58.385860443115234,8.678433418273926,75.69999694824219,62.68000030517578,1.9900000095367432,5,197.61000061035156,1,260426_151952.984375,-3.893580198287964,4.598898887634277,0.020705845206975937,0.05197879672050476,0.2879135012626648,-0.008962352760136127,-0.018653498962521553,-0.0006746980361640453,0.08750810474157333,0.018653811886906624,6.0
2026-04-26T17:20:19.639195,250426_154031.015625,1,58.386959075927734,8.680401802062988,75.0,62.20000076293945,1.9900000095367432,5,197.61000061035156,1,260426_152008.984375,-4.057679653167725,4.6929168701171875,0.019733671098947525,0.054646965116262436,0.23625323176383972,-0.009598939679563046,-0.017241748049855232,1.778476871550083e-05,0.08025136590003967,0.013930132612586021,4.0
2026-04-26T17:20:22.628913,250426_154032.984375,1,58.38711929321289,8.680920600891113,75.0999984741211,61.41999816894531,1.9900000095367432,5,197.61000061035156,1,260426_152008.984375,-4.202334403991699,4.778626441955566,0.01798277534544468,0.04595169425010681,0.11266030371189117,-0.004146925173699856,-0.0174877792596817,0.00060064229182899,0.056109558790922165,0.006049266550689936,4.0
2026-04-26T17:20:22.629191,250426_154032.984375,1,58.38711929321289,8.680920600891113,75.0999984741211,61.41999816894531,1.9900000095367432,5,197.61000061035156,1,260426_152008.984375,-4.202334403991699,4.778626441955566,0.01798277534544468,0.04595169425010681,0.11266030371189117,-0.004146925173699856,-0.0174877792596817,0.00060064229182899,0.056109558790922165,0.006049266550689936,4.0
2026-04-26T17:20:22.629351,250426_154032.984375,1,58.38711929321289,8.680920600891113,75.0999984741211,61.41999816894531,1.9900000095367432,5,197.61000061035156,1,260426_152008.984375,-4.202334403991699,4.778626441955566,0.01798277534544468,0.04595169425010681,0.11266030371189117,-0.004146925173699856,-0.0174877792596817,0.00060064229182899,0.056109558790922165,0.006049266550689936,4.0
2026-04-26T17:20:22.655375,250426_154032.984375,1,58.38711929321289,8.680920600891113,75.0999984741211,61.41999816894531,1.9900000095367432,5,197.61000061035156,1,260426_152008.984375,-4.202334403991699,4.778626441955566,0.01798277534544468,0.04595169425010681,0.11266030371189117,-0.004146925173699856,-0.0174877792596817,0.00060064229182899,0.056109558790922165,0.006049266550689936,4.0
2026-04-26T17:20:25.616519,250426_154043.015625,1,58.38793182373047,8.683303833007812,73.4000015258789,59.33000183105469,4.360000133514404,5,197.61000061035156,1,260426_152008.984375,-6.923491954803467,5.032952308654785,0.2098100185394287,0.6122902035713196,0.13934215903282166,0.08122733980417252,-0.19327838718891144,-0.00811346247792244,0.08124584704637527,0.011109189130365849,2.0
2026-04-26T17:20:28.590423,250426_154044.000000,1,58.388038635253906,8.68350601196289,73.19999694824219,61.68000030517578,1.9900000095367432,5,197.61000061035156,1,260426_152024.000000,-7.598345756530762,4.065400123596191,0.03320634365081787,0.5969160199165344,0.2856852412223816,0.028111537918448448,-0.0029041492380201817,0.01743469573557377,0.08183138817548752,0.013286414556205273,6.0
2026-04-26T17:20:28.590787,250426_154044.000000,1,58.388038635253906,8.68350601196289,73.19999694824219,61.68000030517578,1.9900000095367432,5,197.61000061035156,1,260426_152024.000000,-7.598345756530762,4.065400123596191,0.03320634365081787,0.5969160199165344,0.2856852412223816,0.028111537918448448,-0.0029041492380201817,0.01743469573557377,0.08183138817548752,0.013286414556205273,6.0
2026-04-26T17:20:28.591024,250426_154044.000000,1,58.388038635253906,8.68350601196289,73.19999694824219,61.68000030517578,1.9900000095367432,5,197.61000061035156,1,260426_152024.000000,-7.598345756530762,4.065400123596191,0.03320634365081787,0.5969160199165344,0.2856852412223816,0.028111537918448448,-0.0029041492380201817,0.01743469573557377,0.08183138817548752,0.013286414556205273,6.0
2026-04-26T17:20:28.601095,250426_154044.000000,1,58.388038635253906,8.68350601196289,73.19999694824219,61.68000030517578,1.9900000095367432,5,197.61000061035156,1,260426_152024.000000,-7.598345756530762,4.065400123596191,0.03320634365081787,0.5969160199165344,0.2856852412223816,0.028111537918448448,-0.0029041492380201817,0.01743469573557377,0.08183138817548752,0.013286414556205273,6.0
2026-04-26T17:20:31.717643,250426_154044.984375,1,58.38814926147461,8.683709144592285,73.0,61.25,1.9900000095367432,5,197.61000061035156,1,260426_152024.000000,-7.42102575302124,4.144749164581299,0.06668349355459213,1.23760187625885,0.3942258656024933,-0.04342251643538475,0.03382013365626335,0.037647999823093414,0.08006370812654495,0.013523467816412449,10.0
2026-04-26T17:20:34.796908,250426_154055.015625,1,58.38922119140625,8.685897827148438,71.80000305175781,61.0099983215332,4.380000114440918,5,197.61000061035156,1,260426_152024.000000,-6.984153747558594,4.263246536254883,0.06819406896829605,1.1390031576156616,0.4636208713054657,-0.046950455754995346,0.04940551519393921,-0.002276207320392132,0.07669152319431305,0.014292418956756592,14.0
2026-04-26T17:20:37.768311,250426_154056.984375,1,58.389408111572266,8.686354637145996,71.30001068115234,61.84000015258789,1.9900000095367432,5,197.61000061035156,1,260426_152024.000000,-6.072261333465576,4.407459259033203,0.08791140466928482,1.072898030281067,0.5153193473815918,-0.048167143017053604,0.0592142716050148,0.04361206293106079,0.07056863605976105,0.0142286391928792,22.0
2026-04-26T17:20:40.839140,250426_154107.015625,1,58.39057159423828,8.68836498260498,66.5999984741211,62.619998931884766,1.9900000095367432,5,197.61000061035156,1,260426_152024.000000,-5.459108352661133,3.518909454345703,0.11398515850305557,2.2651350498199463,0.5890094041824341,0.1048729196190834,0.023993080481886864,0.03766455128788948,0.03388051688671112,0.005766306538134813,24.0
2026-04-26T17:20:43.901794,250426_154108.000000,1,58.390689849853516,8.688568115234375,66.30001068115234,62.56999969482422,1.9900000095367432,5,197.61000061035156,1,260426_152024.000000,-5.0379638671875,2.965257406234741,0.09283144026994705,0.6314916014671326,0.8677353262901306,-0.07319740206003189,0.05472547560930252,0.016276953741908073,0.036369096487760544,0.007812184747308493,28.0
2026-04-26T17:20:47.007475,250426_154119.015625,1,58.3920783996582,8.69040298461914,64.19999694824219,62.20000076293945,1.9900000095367432,5,197.61000061035156,1,260426_152024.000000,-5.055696964263916,3.9293477535247803,0.09963127225637436,1.6633635759353638,0.8741145730018616,-0.09561797976493835,-0.027706878259778023,-0.003990217112004757,0.03926375135779381,0.009782187640666962,28.0
2026-04-26T17:20:49.950171,250426_154120.984375,1,58.39234924316406,8.690654754638672,64.30000305175781,61.58000183105469,3.8299999237060547,4,197.61000061035156,1,260426_152040.000000,-5.091968536376953,5.460996150970459,0.11139031499624252,0.44000244140625,0.8990522027015686,-0.10728202760219574,0.018620816990733147,0.02348688803613186,0.04344573989510536,0.011757593601942062,26.0
2026-04-26T17:20:53.023699,250426_154131.015625,1,58.39387893676758,8.69153881072998,61.5,64.02999877929688,2.109999895095825,4,197.61000061035156,1,260426_152040.000000,-5.030481815338135,6.039064884185791,0.07158789783716202,0.41138336062431335,0.906494677066803,-0.01725849136710167,-0.06830961257219315,0.012679416686296463,0.04284746199846268,0.012251815758645535,24.0
2026-04-26T17:20:53.024049,250426_154131.015625,1,58.39387893676758,8.69153881072998,61.5,64.02999877929688,2.109999895095825,4,197.61000061035156,1,260426_152040.000000,-5.030481815338135,6.039064884185791,0.07158789783716202,0.41138336062431335,0.906494677066803,-0.01725849136710167,-0.06830961257219315,0.012679416686296463,0.04284746199846268,0.012251815758645535,24.0
2026-04-26T17:20:53.024285,250426_154131.015625,1,58.39387893676758,8.69153881072998,61.5,64.02999877929688,2.109999895095825,4,197.61000061035156,1,260426_152040.000000,-5.030481815338135,6.039064884185791,0.07158789783716202,0.41138336062431335,0.906494677066803,-0.01725849136710167,-0.06830961257219315,0.012679416686296463,0.04284746199846268,0.012251815758645535,24.0
2026-04-26T17:20:53.024508,250426_154131.015625,1,58.39387893676758,8.69153881072998,61.5,64.02999877929688,2.109999895095825,4,197.61000061035156,1,260426_152040.000000,-5.030481815338135,6.039064884185791,0.07158789783716202,0.41138336062431335,0.906494677066803,-0.01725849136710167,-0.06830961257219315,0.012679416686296463,0.04284746199846268,0.012251815758645535,24.0
2026-04-26T17:20:56.100647,250426_154132.000000,1,58.39405059814453,8.691579818725586,60.900001525878906,64.02999877929688,2.109999895095825,4,197.61000061035156,1,260426_152040.984375,-5.769140243530273,5.23111629486084,0.11019267141819,1.0761940479278564,0.8856677412986755,0.09710358828306198,-0.052075449377298355,-0.0012113573029637337,0.040819987654685974,0.012046027928590775,20.0
2026-04-26T17:20:59.099133,250426_154143.015625,1,58.395599365234375,8.690848350524902,55.599998474121094,61.310001373291016,1.7799999713897705,5,197.61000061035156,1,260426_152040.984375,-6.21409273147583,4.584272384643555,0.06575096398591995,0.8694196343421936,0.6274276375770569,0.03806009143590927,-0.04691684991121292,-0.02595049887895584,0.03812733292579651,0.011830954812467098,22.0
2026-04-26T17:21:02.089759,250426_154154.000000,1,58.39717102050781,8.691327095031738,48.20000076293945,60.54999923706055,3.6700000762939453,6,197.61000061035156,1,260426_152040.984375,-6.958208084106445,4.570449352264404,0.0499262697994709,0.608219563961029,0.5589433312416077,0.010263972915709019,-0.04391840845346451,-0.021411599591374397,0.036269932985305786,0.009702579118311405,18.0
2026-04-26T17:21:05.162212,250426_154156.000000,1,58.39741134643555,8.691632270812988,46.0,60.79999923706055,3.6700000762939453,6,197.61000061035156,1,260426_152040.984375,-7.271665573120117,3.512848138809204,0.10804517567157745,1.9325143098831177,0.472168892621994,0.10800372064113617,0.0008280228357762098,0.0028759227134287357,0.029888268560171127,0.008283858187496662,20.0
2026-04-26T17:21:08.270822,250426_154204.984375,1,58.398529052734375,8.693102836608887,29.399999618530273,60.79999923706055,1.5700000524520874,7,197.61000061035156,1,260426_152040.984375,-7.448481559753418,3.597928762435913,0.030922403559088707,0.5970466732978821,0.4699852168560028,-0.005998598411679268,-0.02887042425572872,-0.009311839938163757,0.03234216198325157,0.007659751921892166,20.0
2026-04-26T17:21:11.229941,250426_154206.000000,1,58.398658752441406,8.693245887756348,27.899999618530273,61.040000915527344,1.5700000524520874,7,197.61000061035156,1,260426_152040.984375,-5.7627763748168945,3.9114420413970947,0.09873829036951065,0.5623664855957031,0.4546625018119812,0.01648825593292713,0.09570247679948807,-0.01784442365169525,0.0283516813069582,0.007049657870084047,17.0
2026-04-26T17:21:14.312143,250426_154215.015625,1,58.39990997314453,8.69417953491211,18.600000381469727,55.290000915527344,1.2899999618530273,7,197.61000061035156,1,260426_152040.984375,-5.151806831359863,4.032787799835205,0.05621284618973732,0.1331372857093811,0.44210952520370483,0.010556351393461227,0.051921967417001724,-0.01877649873495102,0.028032105416059494,0.007105575874447823,17.0
2026-04-26T17:21:17.416375,250426_154224.000000,1,58.400821685791016,8.694528579711914,9.600000381469727,33.47999954223633,1.8899999856948853,6,197.61000061035156,1,260426_152056.984375,-4.117640018463135,4.002508163452148,0.009336811490356922,0.21222351491451263,0.3966304659843445,-0.0032519979868084192,0.007948491722345352,-0.0036636081058532,0.0355432853102684,0.0076689524576067924,21.0
2026-04-26T17:21:20.490169,250426_154224.984375,1,58.40087890625,8.694575309753418,8.600000381469727,32.029998779296875,1.8899999856948853,6,197.61000061035156,1,260426_152056.984375,-5.545960903167725,3.925935745239258,0.1997147798538208,0.4256477355957031,0.25669077038764954,0.005076549481600523,-0.19919981062412262,-0.013403486460447311,0.04098939895629883,0.00914076343178749,15.0
2026-04-26T17:21:23.425196,250426_154226.000000,1,58.40095138549805,8.694595336914062,7.699999809265137,50.150001525878906,1.8899999856948853,6,197.61000061035156,1,260426_152112.000000,-7.918869495391846,4.145200252532959,0.235649973154068,0.41148775815963745,0.2174668312072754,0.02107936143875122,-0.23383420705795288,-0.020202362909913063,0.07395672053098679,0.018856557086110115,14.0
2026-04-26T17:21:26.499029,250426_154235.015625,1,58.40188980102539,8.69459056854248,-0.8999999761581421,53.290000915527344,1.1200000047683716,8,197.61000061035156,1,260426_152112.000000,-9.393302917480469,3.282932996749878,0.1460312157869339,0.6258260607719421,0.2770725190639496,0.07777249068021774,-0.12178712338209152,0.021082065999507904,0.08002535253763199,0.022698521614074707,14.0
2026-04-26T17:21:29.578849,250426_154236.000000,1,58.40201950073242,8.694645881652832,-1.7999999523162842,54.63999938964844,1.1200000047683716,8,197.61000061035156,1,260426_152112.000000,-10.253222465515137,3.456946849822998,0.1004684641957283,1.2075977325439453,0.33130887150764465,-0.062318671494722366,-0.07080835103988647,0.03459004685282707,0.07862351834774017,0.023713471367955208,14.0
2026-04-26T17:21:32.641310,250426_154244.984375,1,58.403228759765625,8.69553279876709,-7.0,58.34000015258789,1.440000057220459,8,197.61000061035156,1,260426_152127.015625,-10.720992088317871,3.7632646560668945,0.048914361745119095,1.2274622917175293,2.29166841506958,-0.037542738020420074,-0.010006805881857872,-0.029715673997998238,0.09121247380971909,0.02925991825759411,14.0
2026-04-26T17:21:35.595235,250426_154246.000000,1,58.40336990356445,8.695642471313477,-7.0,58.34000015258789,1.440000057220459,8,197.61000061035156,1,260426_152127.015625,-9.950238227844238,3.993351459503174,0.1074426993727684,2.994293451309204,2.306412935256958,0.0057723321951925755,0.1064562276005745,-0.013329880312085152,0.09094884246587753,0.029567508026957512,14.0
2026-04-26T17:21:38.681554,250426_154247.015625,1,58.403499603271484,8.695752143859863,-7.300000190734863,57.849998474121094,1.1200000047683716,8,197.61000061035156,1,260426_152127.015625,-8.304155349731445,3.9175832271575928,0.19310078024864197,0.49493271112442017,2.290804624557495,0.040620483458042145,0.18771348893642426,-0.020038388669490814,0.08091368526220322,0.024872422218322754,16.0
2026-04-26T17:21:41.764024,250426_154256.000000,1,58.404720306396484,8.696494102478027,-11.199999809265137,54.5,1.559999942779541,7,197.61000061035156,1,260426_152127.015625,-6.813391208648682,3.7736072540283203,0.04108601063489914,0.32232731580734253,2.2964634895324707,0.023167124018073082,-0.0337902270257473,0.0030928021296858788,0.08009201288223267,0.021125860512256622,16.0
2026-04-26T17:21:44.977278,250426_154306.000000,1,58.406009674072266,8.696394920349121,-14.5,50.599998474121094,1.7799999713897705,7,197.61000061035156,1,260426_152128.000000,-9.2012357711792,3.4138734340667725,0.22977977991104126,0.5688437819480896,1.1239701509475708,0.09417612105607986,-0.20959116518497467,0.0010711420327425003,0.07985932379961014,0.023202473297715187,10.0
2026-04-26T17:21:47.837146,250426_154307.015625,1,58.4061393737793,8.696361541748047,-14.600000381469727,50.599998474121094,1.2699999809265137,7,197.61000061035156,1,260426_152128.000000,-10.402941703796387,2.675642251968384,0.07937045395374298,0.4136105477809906,0.6140532493591309,0.02163786068558693,-0.06273575127124786,-0.043539609760046005,0.07795093953609467,0.026914095506072044,6.0
2026-04-26T17:21:50.880056,250426_154316.984375,1,58.4073486328125,8.696352005004883,-15.399999618530273,51.41999816894531,1.4299999475479126,8,197.61000061035156,1,260426_152128.000000,-10.327779769897461,2.7229902744293213,0.04056917130947113,0.45968541502952576,0.5589755177497864,-0.03830393776297569,0.01203055027872324,0.005825131665915251,0.08389182388782501,0.02617240883409977,8.0
2026-04-26T17:21:50.880353,250426_154316.984375,1,58.4073486328125,8.696352005004883,-15.399999618530273,51.41999816894531,1.4299999475479126,8,197.61000061035156,1,260426_152128.000000,-10.327779769897461,2.7229902744293213,0.04056917130947113,0.45968541502952576,0.5589755177497864,-0.03830393776297569,0.01203055027872324,0.005825131665915251,0.08389182388782501,0.02617240883409977,8.0
2026-04-26T17:21:50.880595,250426_154316.984375,1,58.4073486328125,8.696352005004883,-15.399999618530273,51.41999816894531,1.4299999475479126,8,197.61000061035156,1,260426_152128.000000,-10.327779769897461,2.7229902744293213,0.04056917130947113,0.45968541502952576,0.5589755177497864,-0.03830393776297569,0.01203055027872324,0.005825131665915251,0.08389182388782501,0.02617240883409977,8.0
2026-04-26T17:21:50.892757,250426_154316.984375,1,58.4073486328125,8.696352005004883,-15.399999618530273,51.41999816894531,1.4299999475479126,8,197.61000061035156,1,260426_152128.000000,-10.327779769897461,2.7229902744293213,0.04056917130947113,0.45968541502952576,0.5589755177497864,-0.03830393776297569,0.01203055027872324,0.005825131665915251,0.08389182388782501,0.02617240883409977,8.0
2026-04-26T17:21:53.940251,250426_154318.000000,1,58.407470703125,8.696390151977539,-15.399999618530273,53.47999954223633,1.4299999475479126,8,197.61000061035156,1,260426_152143.015625,-10.562311172485352,3.543865919113159,0.040718067437410355,0.4826291799545288,0.4516300559043884,-0.03254929929971695,-0.013332120142877102,0.020512402057647705,0.08343774080276489,0.019748473539948463,10.0
2026-04-26T17:21:57.012734,250426_154327.015625,1,58.4086799621582,8.696697235107422,-16.299999237060547,53.29999923706055,1.1200000047683716,8,197.61000061035156,1,260426_152143.015625,-9.844206809997559,2.7921876907348633,0.08166203647851944,0.6008356809616089,0.476004034280777,0.015974728390574455,0.0659869909286499,0.04537854343652725,0.07785916328430176,0.01813056878745556,12.0
2026-04-26T17:22:00.071962,250426_154328.000000,1,58.408809661865234,8.696744918823242,-15.899999618530273,52.59000015258789,1.1200000047683716,8,197.61000061035156,1,260426_152158.000000,-9.85307788848877,3.3008430004119873,0.036572251468896866,0.9428799748420715,0.49390923976898193,-0.011911343783140182,0.02996133081614971,0.01726175658404827,0.05848860740661621,0.011711664497852325,14.0
2026-04-26T17:22:03.052982,250426_154336.984375,1,58.409908294677734,8.697274208068848,-13.199999809265137,46.130001068115234,1.149999976158142,7,197.61000061035156,1,260426_152158.000000,-9.690498352050781,3.3156280517578125,0.0631629154086113,0.7431128025054932,0.496258020401001,-0.0009470295626670122,0.06195284053683281,-0.012267942540347576,0.042581409215927124,0.007526853121817112,16.0
2026-04-26T17:22:06.134689,250426_154338.000000,1,58.410030364990234,8.697344779968262,-10.300000190734863,45.29999923706055,1.1200000047683716,8,197.61000061035156,1,260426_152158.000000,-8.81415843963623,3.6689369678497314,0.12692393362522125,2.5972890853881836,0.7032339572906494,-0.057001080363988876,0.09409617632627487,0.06329669058322906,0.03196725249290466,0.007607442792505026,20.0
2026-04-26T17:22:06.138659,250426_154338.000000,1,58.410030364990234,8.697344779968262,-10.300000190734863,45.29999923706055,1.1200000047683716,8,197.61000061035156,1,260426_152158.000000,-8.81415843963623,3.6689369678497314,0.12692393362522125,2.5972890853881836,0.7032339572906494,-0.057001080363988876,0.09409617632627487,0.06329669058322906,0.03196725249290466,0.007607442792505026,20.0
2026-04-26T17:22:06.139334,250426_154338.000000,1,58.410030364990234,8.697344779968262,-10.300000190734863,45.29999923706055,1.1200000047683716,8,197.61000061035156,1,260426_152158.000000,-8.81415843963623,3.6689369678497314,0.12692393362522125,2.5972890853881836,0.7032339572906494,-0.057001080363988876,0.09409617632627487,0.06329669058322906,0.03196725249290466,0.007607442792505026,20.0
2026-04-26T17:22:06.168092,250426_154338.000000,1,58.410030364990234,8.697344779968262,-10.300000190734863,45.29999923706055,1.1200000047683716,8,197.61000061035156,1,260426_152158.000000,-8.81415843963623,3.6689369678497314,0.12692393362522125,2.5972890853881836,0.7032339572906494,-0.057001080363988876,0.09409617632627487,0.06329669058322906,0.03196725249290466,0.007607442792505026,20.0
2026-04-26T17:22:09.287051,250426_154356.984375,1,58.41188049316406,8.698559761047363,0.30000001192092896,32.869998931884766,1.1100000143051147,8,197.61000061035156,1,260426_152158.000000,-8.220585823059082,2.9117798805236816,0.11389804631471634,0.8320538997650146,0.6954279541969299,0.06916230916976929,0.08999117463827133,-0.009535711258649826,0.03121844492852688,0.008012766018509865,20.0
2026-04-26T17:22:12.239624,250426_154406.000000,1,58.4127197265625,8.698871612548828,4.099999904632568,44.40999984741211,1.7699999809265137,7,197.61000061035156,1,260426_152158.000000,-7.7813191413879395,3.412332057952881,0.12250763177871704,1.381188154220581,0.7640991806983948,-0.11990349739789963,-0.02275300957262516,0.01065702922642231,0.03794936090707779,0.00846805889159441,20.0
2026-04-26T17:22:15.285505,250426_154415.015625,1,58.41371154785156,8.69922161102295,5.699999809265137,42.349998474121094,1.7699999809265137,7,197.61000061035156,1,260426_152159.015625,-7.674095153808594,3.8296549320220947,0.13021911680698395,0.9940834641456604,0.7816110253334045,-0.09337601810693741,0.047906164079904556,0.07709044218063354,0.041142746806144714,0.008103997446596622,24.0
2026-04-26T17:22:18.318178,250426_154416.000000,1,58.413818359375,8.699260711669922,5.599999904632568,44.52000045776367,1.2699999809265137,7,197.61000061035156,1,260426_152159.015625,-7.659516334533691,4.155335903167725,0.02388867177069187,0.720966100692749,0.7251628637313843,-0.020281340926885605,-0.0033271657302975655,0.012176446616649628,0.03968095779418945,0.006849650759249926,20.0
2026-04-26T17:22:18.318544,250426_154416.000000,1,58.413818359375,8.699260711669922,5.599999904632568,44.52000045776367,1.2699999809265137,7,197.61000061035156,1,260426_152159.015625,-7.659516334533691,4.155335903167725,0.02388867177069187,0.720966100692749,0.7251628637313843,-0.020281340926885605,-0.0033271657302975655,0.012176446616649628,0.03968095779418945,0.006849650759249926,20.0
2026-04-26T17:22:18.318834,250426_154416.000000,1,58.413818359375,8.699260711669922,5.599999904632568,44.52000045776367,1.2699999809265137,7,197.61000061035156,1,260426_152159.015625,-7.659516334533691,4.155335903167725,0.02388867177069187,0.720966100692749,0.7251628637313843,-0.020281340926885605,-0.0033271657302975655,0.012176446616649628,0.03968095779418945,0.006849650759249926,20.0
2026-04-26T17:22:18.331806,250426_154416.000000,1,58.413818359375,8.699260711669922,5.599999904632568,44.52000045776367,1.2699999809265137,7,197.61000061035156,1,260426_152159.015625,-7.659516334533691,4.155335903167725,0.02388867177069187,0.720966100692749,0.7251628637313843,-0.020281340926885605,-0.0033271657302975655,0.012176446616649628,0.03968095779418945,0.006849650759249926,20.0
2026-04-26T17:22:21.391143,250426_154424.000000,1,58.41474914550781,8.699625015258789,7.199999809265137,52.040000915527344,1.7699999809265137,7,11.199999809265137,1,260426_152214.000000,-7.63227653503418,4.526142597198486,0.04556286707520485,1.2486799955368042,0.6596513390541077,-0.036438971757888794,-0.01868342235684395,0.0199776329100132,0.03935544565320015,0.006343941669911146,20.0
2026-04-26T17:22:21.391490,250426_154424.000000,1,58.41474914550781,8.699625015258789,7.199999809265137,52.040000915527344,1.7699999809265137,7,11.199999809265137,1,260426_152214.000000,-7.63227653503418,4.526142597198486,0.04556286707520485,1.2486799955368042,0.6596513390541077,-0.036438971757888794,-0.01868342235684395,0.0199776329100132,0.03935544565320015,0.006343941669911146,20.0
2026-04-26T17:22:21.391786,250426_154424.000000,1,58.41474914550781,8.699625015258789,7.199999809265137,52.040000915527344,1.7699999809265137,7,11.199999809265137,1,260426_152214.000000,-7.63227653503418,4.526142597198486,0.04556286707520485,1.2486799955368042,0.6596513390541077,-0.036438971757888794,-0.01868342235684395,0.0199776329100132,0.03935544565320015,0.006343941669911146,20.0
2026-04-26T17:22:21.501232,250426_154424.000000,1,58.41474914550781,8.699625015258789,7.199999809265137,52.040000915527344,1.7699999809265137,7,11.199999809265137,1,260426_152214.000000,-7.63227653503418,4.526142597198486,0.04556286707520485,1.2486799955368042,0.6596513390541077,-0.036438971757888794,-0.01868342235684395,0.0199776329100132,0.03935544565320015,0.006343941669911146,20.0
2026-04-26T17:22:24.358510,250426_154424.984375,1,58.41487121582031,8.699678421020508,7.199999809265137,54.04999923706055,1.2699999809265137,7,11.199999809265137,1,260426_152214.000000,-7.985967636108398,5.11845064163208,0.07072755694389343,0.5048775672912598,0.6529335975646973,-0.0491950586438179,-0.05064433440566063,-0.004169541411101818,0.038182441145181656,0.006164027377963066,20.0
2026-04-26T17:22:27.429642,250426_154435.015625,1,58.41587829589844,8.700164794921875,9.100000381469727,31.649999618530273,1.7599999904632568,7,11.199999809265137,1,260426_152214.000000,-7.7302985191345215,5.507961750030518,0.043027982115745544,0.7801326513290405,0.5763183236122131,-0.02016555145382881,0.02934206835925579,-0.024161972105503082,0.03279288858175278,0.004601196385920048,22.0
2026-04-26T17:22:30.502279,250426_154444.000000,1,58.41659164428711,8.700483322143555,11.800000190734863,40.599998474121094,1.4199999570846558,8,11.199999809265137,1,260426_152214.000000,-8.39517593383789,5.443602561950684,0.06566596776247025,1.306061863899231,0.6986643671989441,0.01886083371937275,-0.054412614554166794,-0.03155244141817093,0.029544012621045113,0.005081057082861662,20.0
2026-04-26T17:22:30.502622,250426_154444.000000,1,58.41659164428711,8.700483322143555,11.800000190734863,40.599998474121094,1.4199999570846558,8,11.199999809265137,1,260426_152214.000000,-8.39517593383789,5.443602561950684,0.06566596776247025,1.306061863899231,0.6986643671989441,0.01886083371937275,-0.054412614554166794,-0.03155244141817093,0.029544012621045113,0.005081057082861662,20.0
2026-04-26T17:22:30.502844,250426_154444.000000,1,58.41659164428711,8.700483322143555,11.800000190734863,40.599998474121094,1.4199999570846558,8,11.199999809265137,1,260426_152214.000000,-8.39517593383789,5.443602561950684,0.06566596776247025,1.306061863899231,0.6986643671989441,0.01886083371937275,-0.054412614554166794,-0.03155244141817093,0.029544012621045113,0.005081057082861662,20.0
2026-04-26T17:22:30.517141,250426_154444.000000,1,58.41659164428711,8.700483322143555,11.800000190734863,40.599998474121094,1.4199999570846558,8,11.199999809265137,1,260426_152214.000000,-8.39517593383789,5.443602561950684,0.06566596776247025,1.306061863899231,0.6986643671989441,0.01886083371937275,-0.054412614554166794,-0.03155244141817093,0.029544012621045113,0.005081057082861662,20.0
2026-04-26T17:22:33.462696,250426_154511.015625,1,58.41925048828125,8.698862075805664,7.5,88.0,1.4199999570846558,8,11.199999809265137,1,260426_152214.000000,-8.769271850585938,5.688201904296875,0.06333830952644348,0.7926927208900452,0.6497287750244141,0.03066110797226429,-0.04823723062872887,-0.027291154488921165,0.027396701276302338,0.004378670360893011,20.0
2026-04-26T17:22:36.543097,250426_154512.000000,1,58.419490814208984,8.699017524719238,7.199999809265137,90.97000122070312,1.1100000143051147,8,11.199999809265137,1,260426_152228.984375,-9.078747749328613,5.606570720672607,0.0636330172419548,0.6515857577323914,0.6408905982971191,0.010226918384432793,-0.05172142758965492,-0.03562954440712929,0.02636338584125042,0.0036147991195321083,20.0
2026-04-26T17:22:39.545356,250426_154531.015625,1,58.424041748046875,8.700053215026855,5.199999809265137,92.45999908447266,1.409999966621399,8,11.199999809265137,1,260426_152228.984375,-9.163138389587402,5.540253162384033,0.013507870025932789,0.3793680667877197,0.6374399662017822,0.004512816667556763,-0.012480358593165874,0.0025174752809107304,0.027457749471068382,0.0031932443380355835,21.0
2026-04-26T17:22:42.685397,250426_154539.015625,1,58.42583084106445,8.699621200561523,5.5,87.8399887084961,1.409999966621399,8,11.199999809265137,1,260426_152230.000000,-8.991839408874512,5.268729209899902,0.01222511287778616,0.8136500716209412,0.6065431833267212,-0.003921505995094776,-0.006750595755875111,0.009407689794898033,0.0272199846804142,0.003056276123970747,21.0
2026-04-26T17:22:45.645890,250426_154540.000000,1,58.426048278808594,8.699522018432617,5.699999809265137,89.00000762939453,1.409999966621399,8,11.199999809265137,1,260426_152230.000000,-8.846220970153809,5.2147746086120605,0.05497804656624794,1.9924683570861816,0.4593123495578766,0.027554934844374657,-0.018911920487880707,-0.04365375638008118,0.018755747005343437,0.0019416376017034054,21.0
2026-04-26T17:22:48.744192,250426_154548.984375,1,58.42792892456055,8.697903633117676,9.800000190734863,94.44999694824219,1.409999966621399,8,11.199999809265137,1,260426_152230.000000,-8.976836204528809,4.690189838409424,0.03979348763823509,0.6438866257667542,0.4655241072177887,0.022686753422021866,-0.03260894864797592,0.0023429403081536293,0.02015361562371254,0.0021367461886256933,21.0
2026-04-26T17:22:51.802536,250426_154550.000000,1,58.428131103515625,8.697649955749512,10.0,94.45999908447266,1.409999966621399,8,11.199999809265137,1,260426_152230.000000,-8.351447105407715,4.689459800720215,0.06500983238220215,0.3053746819496155,0.581714391708374,-0.043442849069833755,0.04835960641503334,0.0005876338109374046,0.02268362231552601,0.002778958762064576,25.0
2026-04-26T17:22:54.870586,250426_154559.015625,1,58.429691314697266,8.694903373718262,13.0,93.510009765625,1.100000023841858,8,11.199999809265137,1,260426_152230.000000,-7.115203380584717,5.132882118225098,0.2761758863925934,3.729403257369995,0.7282516956329346,-0.14269819855690002,0.14125916361808777,0.1896211802959442,0.04109436646103859,0.006099669262766838,23.0
2026-04-26T17:22:57.839001,250426_154600.000000,1,58.42985916137695,8.694580078125,13.399999618530273,93.55000305175781,1.1100000143051147,8,11.199999809265137,1,260426_152244.984375,-7.189986705780029,4.864380836486816,0.24380996823310852,5.950782299041748,1.2585790157318115,-0.22718891501426697,-0.054413989186286926,0.06976823508739471,0.056390706449747086,0.010495091788470745,17.0
2026-04-26T17:23:00.873143,250426_154608.984375,1,58.43141174316406,8.691864967346191,16.200000762939453,93.66999816894531,1.100000023841858,8,11.199999809265137,1,260426_152244.984375,-8.040607452392578,4.775536060333252,0.0643245056271553,0.8913254141807556,1.254201054573059,0.039315398782491684,-0.04904749616980553,-0.013648603111505508,0.055804550647735596,0.011630360968410969,17.0
2026-04-26T17:23:03.984532,250426_154610.000000,1,58.43159866333008,8.691607475280762,16.5,93.69999694824219,1.100000023841858,8,11.199999809265137,1,260426_152300.000000,-8.335694313049316,4.582724571228027,0.03804690018296242,0.8679957985877991,1.2380155324935913,0.03647853806614876,-0.009643632918596268,0.004887059330940247,0.05576443672180176,0.011480565182864666,15.0
2026-04-26T17:23:07.196362,250426_154619.015625,1,58.43355941772461,8.690247535705566,17.299999237060547,91.66999816894531,1.100000023841858,8,11.199999809265137,1,260426_152300.000000,-8.563673973083496,4.722165584564209,0.05396514758467674,0.5788462162017822,1.2204785346984863,-0.042294908314943314,-0.02254718542098999,0.024799244478344917,0.0578850656747818,0.01105954498052597,15.0
2026-04-26T17:23:10.061210,250426_154620.000000,1,58.43378829956055,8.690183639526367,17.299999237060547,90.25000762939453,1.100000023841858,8,11.199999809265137,1,260426_152300.000000,-8.545767784118652,4.738030910491943,0.07698704302310944,0.5728630423545837,1.2155663967132568,0.019895199686288834,-0.0743512436747551,-0.0017545241862535477,0.0601208433508873,0.011121472343802452,15.0
2026-04-26T17:23:13.038175,250426_154630.000000,1,58.43608093261719,8.690431594848633,13.5,91.0,1.7400000095367432,7,11.199999809265137,1,260426_152300.984375,-9.020125389099121,4.289787769317627,0.07871866971254349,0.959465503692627,0.4741417467594147,0.06446024030447006,-0.028702829033136368,-0.034894898533821106,0.035266291350126266,0.005685337353497744,17.0
2026-04-26T17:23:16.085228,250426_154631.015625,1,58.43629837036133,8.690516471862793,139.0,90.23001098632812,1.7400000095367432,7,11.199999809265137,1,260426_152300.984375,-8.713722229003906,4.236235618591309,0.0760842114686966,1.390647053718567,0.5637683868408203,-0.03349404036998749,0.05647477135062218,0.03843899816274643,0.03156318888068199,0.0046296389773488045,19.0
2026-04-26T17:23:19.349133,250426_154639.015625,1,58.438140869140625,8.691269874572754,14.0,96.48999786376953,1.399999976158142,8,11.199999809265137,1,260426_152300.984375,-8.571250915527344,4.025750637054443,0.02669336274266243,1.5891311168670654,0.5743898153305054,-0.019782669842243195,0.009346703998744488,-0.015291194431483746,0.031368862837553024,0.0047215865924954414,17.0
2026-04-26T17:23:22.210310,250426_154640.000000,1,58.43836975097656,8.691370010375977,14.199999809265137,93.7300033569336,1.2599999904632568,7,11.199999809265137,1,260426_152300.984375,-7.828815460205078,4.008350372314453,0.08937989920377731,0.8422317504882812,0.6695278286933899,-0.0035619838163256645,0.08799251168966293,-0.015277326107025146,0.02273227833211422,0.00425371527671814,22.0
2026-04-26T17:23:25.289450,250426_154648.984375,1,58.440391540527344,8.692402839660645,15.199999809265137,93.02999877929688,1.399999976158142,8,11.199999809265137,1,260426_152316.000000,-5.650759696960449,2.9173710346221924,0.19045686721801758,1.1189758777618408,0.688249945640564,0.12598644196987152,0.14275549352169037,-0.0047016870230436325,0.05090528354048729,0.010117466561496258,22.0
2026-04-26T17:23:28.368347,250426_154658.000000,1,58.4423713684082,8.693716049194336,16.700000762939453,96.27999877929688,1.399999976158142,8,11.199999809265137,1,260426_152316.000000,-5.445448398590088,2.1132383346557617,0.07311739772558212,1.047744631767273,0.7012829780578613,0.02912566438317299,-0.06704511493444443,0.0016736697871237993,0.050526492297649384,0.012088176794350147,20.0
2026-04-26T17:23:31.448403,250426_154659.015625,1,58.442588806152344,8.693902015686035,17.200000762939453,95.26000213623047,1.399999976158142,8,11.199999809265137,1,260426_152316.000000,-7.365910530090332,1.47178053855896,0.10720054060220718,1.641379714012146,0.6987493634223938,-0.03653978183865547,-0.09453073889017105,-0.03493906930088997,0.05229422077536583,0.017819639295339584,22.0
2026-04-26T17:23:34.352049,250426_154707.015625,1,58.444278717041016,8.695624351501465,21.799999237060547,95.79000091552734,1.399999976158142,8,11.199999809265137,1,260426_152330.000000,-9.165282249450684,2.0656676292419434,0.08143166452646255,1.1588631868362427,0.8052321076393127,-0.03711605444550514,-0.070638507604599,0.01623934507369995,0.04158363118767738,0.022686241194605827,18.0
2026-04-26T17:23:37.396912,250426_154708.000000,1,58.444480895996094,8.69587516784668,22.5,95.83999633789062,1.399999976158142,8,11.199999809265137,1,260426_152330.000000,-9.056357383728027,2.3662633895874023,0.04247128963470459,1.0643939971923828,0.8337914347648621,0.021319787949323654,0.03582147881388664,0.00813012383878231,0.052683886140584946,0.021306456997990608,18.0
2026-04-26T17:23:40.537261,250426_154716.984375,1,58.44614028930664,8.698491096496582,27.100000381469727,94.31999969482422,1.100000023841858,8,11.199999809265137,1,260426_152331.015625,-8.81937313079834,2.7986667156219482,0.06734806299209595,0.5772727131843567,0.82901930809021,-0.04891622066497803,0.030207127332687378,0.035078391432762146,0.05471714586019516,0.0171956904232502,18.0
2026-04-26T17:23:43.518394,250426_154718.000000,1,58.4463005065918,8.698820114135742,27.799999237060547,94.31999969482422,1.100000023841858,8,11.199999809265137,1,260426_152331.015625,-8.448453903198242,3.0750253200531006,0.039770741015672684,0.804328441619873,0.8178592920303345,-0.026423264294862747,0.018860744312405586,0.022973790764808655,0.056262072175741196,0.014656942337751389,20.0
2026-04-26T17:23:46.627044,250426_154727.015625,1,58.44757080078125,8.702038764953613,33.79999923706055,93.9000015258789,1.100000023841858,8,11.199999809265137,1,260426_152331.015625,-8.133265495300293,3.28205943107605,0.037668537348508835,1.3608571290969849,0.759975254535675,-0.037604790180921555,0.0018840490374714136,-0.0011175352847203612,0.04930495843291283,0.008996836841106415,18.0
2026-04-26T17:23:49.580312,250426_154739.015625,1,58.449710845947266,8.705547332763672,41.0,96.22000885009766,1.2599999904632568,7,11.199999809265137,1,260426_152344.984375,-7.809048652648926,4.491738796234131,0.11274193972349167,0.978340208530426,0.4767203629016876,-0.10240039974451065,0.040459614247083664,-0.02424709126353264,0.026816511526703835,0.005137606058269739,18.0
2026-04-26T17:23:52.622575,250426_154748.000000,1,58.4516487121582,8.707113265991211,46.70000076293945,96.22000885009766,1.3899999856948853,8,11.199999809265137,1,260426_152344.984375,-7.757277011871338,5.58868408203125,0.08617116510868073,0.5431715250015259,0.4320697784423828,-0.08164848387241364,0.027549343183636665,-0.00016555655747652054,0.03280014172196388,0.006600379478186369,16.0
2026-04-26T17:23:55.761332,250426_154756.984375,1,58.45363998413086,8.708226203918457,49.099998474121094,92.58999633789062,1.3899999856948853,8,11.199999809265137,1,260426_152344.984375,-7.701038837432861,6.350447177886963,0.12164761126041412,0.566073477268219,0.4169064164161682,-0.12006082385778427,0.012232107110321522,0.015294237993657589,0.03362010791897774,0.0072906967252492905,14.0
2026-04-26T17:23:58.837581,250426_154758.000000,1,58.453861236572266,8.708353996276855,49.400001525878906,90.9100112915039,1.3899999856948853,8,11.199999809265137,1,260426_152344.984375,-6.329570770263672,6.287603855133057,0.140821635723114,3.1722285747528076,0.5955361723899841,0.0744493305683136,0.09305524080991745,-0.07502499967813492,0.03359237685799599,0.009853239171206951,14.0
2026-04-26T17:24:01.758757,250426_154816.000000,1,58.45726013183594,8.711766242980957,51.900001525878906,81.88999938964844,1.3899999856948853,8,11.199999809265137,1,260426_152400.000000,-5.231746196746826,5.021858215332031,0.15809231996536255,1.5474847555160522,0.7380518913269043,0.08595104515552521,0.13191215693950653,0.014310164377093315,0.03835570439696312,0.01482157688587904,14.0
2026-04-26T17:24:04.906889,250426_154826.000000,1,58.45869064331055,8.714442253112793,52.0,74.55000305175781,1.3899999856948853,8,11.199999809265137,1,260426_152400.000000,-4.802594184875488,4.498983860015869,0.0608753077685833,0.574707567691803,0.7389167547225952,0.04024941474199295,-0.02250039204955101,0.039743173867464066,0.03975703939795494,0.014993468299508095,18.0
2026-04-26T17:24:04.907216,250426_154826.000000,1,58.45869064331055,8.714442253112793,52.0,74.55000305175781,1.3899999856948853,8,11.199999809265137,1,260426_152400.000000,-4.802594184875488,4.498983860015869,0.0608753077685833,0.574707567691803,0.7389167547225952,0.04024941474199295,-0.02250039204955101,0.039743173867464066,0.03975703939795494,0.014993468299508095,18.0
2026-04-26T17:24:04.936364,250426_154826.000000,1,58.45869064331055,8.714442253112793,52.0,74.55000305175781,1.3899999856948853,8,11.199999809265137,1,260426_152400.000000,-4.802594184875488,4.498983860015869,0.0608753077685833,0.574707567691803,0.7389167547225952,0.04024941474199295,-0.02250039204955101,0.039743173867464066,0.03975703939795494,0.014993468299508095,18.0
2026-04-26T17:24:07.877860,250426_154827.015625,1,58.45880889892578,8.714703559875488,52.099998474121094,73.08999633789062,1.3899999856948853,8,11.199999809265137,1,260426_152400.000000,-5.22498893737793,6.9923415184021,0.15751934051513672,1.3734163045883179,0.7448318600654602,-0.15219518542289734,0.01743304170668125,0.03667505085468292,0.052757758647203445,0.021141819655895233,18.0
2026-04-26T17:24:10.959669,250426_154835.015625,1,58.45970916748047,8.716890335083008,50.5,74.30000305175781,1.090000033378601,8,11.199999809265137,1,260426_152400.000000,-6.6833648681640625,5.9844441413879395,0.20362453162670135,2.153902530670166,0.7689267992973328,0.14255309104919434,-0.13962748646736145,0.04056764394044876,0.05462845414876938,0.02555367536842823,20.0
2026-04-26T17:24:10.960130,250426_154835.015625,1,58.45970916748047,8.716890335083008,50.5,74.30000305175781,1.090000033378601,8,11.199999809265137,1,260426_152400.000000,-6.6833648681640625,5.9844441413879395,0.20362453162670135,2.153902530670166,0.7689267992973328,0.14255309104919434,-0.13962748646736145,0.04056764394044876,0.05462845414876938,0.02555367536842823,20.0
2026-04-26T17:24:10.960391,250426_154835.015625,1,58.45970916748047,8.716890335083008,50.5,74.30000305175781,1.090000033378601,8,11.199999809265137,1,260426_152400.000000,-6.6833648681640625,5.9844441413879395,0.20362453162670135,2.153902530670166,0.7689267992973328,0.14255309104919434,-0.13962748646736145,0.04056764394044876,0.05462845414876938,0.02555367536842823,20.0
2026-04-26T17:24:10.960982,250426_154835.015625,1,58.45970916748047,8.716890335083008,50.5,74.30000305175781,1.090000033378601,8,11.199999809265137,1,260426_152400.000000,-6.6833648681640625,5.9844441413879395,0.20362453162670135,2.153902530670166,0.7689267992973328,0.14255309104919434,-0.13962748646736145,0.04056764394044876,0.05462845414876938,0.02555367536842823,20.0
2026-04-26T17:24:13.943313,250426_154836.000000,1,58.45981979370117,8.717183113098145,50.599998474121094,74.75,1.090000033378601,8,11.199999809265137,1,260426_152400.000000,-9.272409439086914,4.576413154602051,0.10704100131988525,0.5244172215461731,0.5943780541419983,0.05551351606845856,-0.09150023013353348,0.0019325725734233856,0.0522722527384758,0.028848128393292427,22.0
2026-04-26T17:24:17.092636,250426_154844.000000,1,58.46065902709961,8.719488143920898,52.599998474121094,73.94999694824219,1.090000033378601,8,11.199999809265137,1,260426_152400.000000,-9.379594802856445,4.403824329376221,0.049913134425878525,1.4166803359985352,0.5329039692878723,0.017540130764245987,0.031079666689038277,0.03489582985639572,0.0661580041050911,0.025295767933130264,22.0
2026-04-26T17:24:20.032614,250426_154855.015625,1,58.46186065673828,8.723034858703613,54.20000076293945,85.1600112915039,1.3799999952316284,8,11.199999809265137,1,260426_152400.000000,-8.966114044189453,4.647188186645508,0.03507012128829956,0.7319213151931763,0.5421702861785889,0.033196624368429184,0.011220486834645271,0.001413574442267418,0.06845079362392426,0.017581559717655182,27.0
2026-04-26T17:24:23.143039,250426_154903.015625,1,58.46274948120117,8.725835800170898,52.79999923706055,88.48999786376953,1.3799999952316284,8,11.199999809265137,1,260426_152416.000000,-8.851150512695312,4.679597854614258,0.028772404417395592,0.6843523979187012,0.5378013253211975,0.01138078048825264,0.018566196784377098,-0.01880493015050888,0.06547155231237411,0.012330110184848309,27.0
2026-04-26T17:24:26.223968,250426_154904.000000,1,58.46287155151367,8.7261962890625,52.29999923706055,88.37999725341797,1.3799999952316284,8,11.199999809265137,1,260426_152416.000000,-8.600164413452148,4.889200210571289,0.10509701073169708,1.2935853004455566,0.5455203056335449,-0.05911727249622345,0.08292248845100403,0.025969047099351883,0.041825663298368454,0.0060802968218922615,27.0
2026-04-26T17:24:29.277176,250426_154912.000000,1,58.46379852294922,8.728910446166992,45.0,83.30001068115234,1.090000033378601,8,11.199999809265137,1,260426_152416.000000,-7.897013187408447,4.952856540679932,0.14921003580093384,2.637819766998291,0.6779151558876038,-0.04435242712497711,0.14174361526966095,-0.014326282776892185,0.02957439236342907,0.004105901811271906,27.0
2026-04-26T17:24:32.211837,250426_154912.984375,1,58.46392059326172,8.729228973388672,44.70000076293945,82.1500015258789,1.090000033378601,8,11.199999809265137,1,260426_152416.000000,-7.093579292297363,4.91013765335083,0.13074834644794464,1.0909379720687866,0.7519522309303284,-0.12853579223155975,-0.022049063816666603,0.009355206973850727,0.0410747267305851,0.007353985216468573,27.0
2026-04-26T17:24:35.318173,250426_154920.984375,1,58.464908599853516,8.731599807739258,41.70000076293945,77.0199966430664,1.3799999952316284,8,11.199999809265137,1,260426_152416.000000,-7.459201335906982,6.708823204040527,0.19489791989326477,1.340704321861267,0.7719118595123291,-0.19033965468406677,-0.03196743130683899,0.027094118297100067,0.059620678424835205,0.013360505923628807,24.0
2026-04-26T17:24:38.389263,250426_154922.000000,1,58.46501922607422,8.731882095336914,41.5,76.93000030517578,1.090000033378601,8,11.199999809265137,1,260426_152432.000000,-8.157953262329102,5.5831780433654785,0.10839737951755524,1.0043953657150269,0.7476363182067871,0.09726890921592712,-0.03381456062197685,-0.033842671662569046,0.05286803096532822,0.015989461913704872,26.0
2026-04-26T17:24:41.471465,250426_154931.015625,1,58.46622848510742,8.73427677154541,40.599998474121094,76.93000030517578,3.0899999141693115,7,11.199999809265137,1,260426_152432.000000,-8.298164367675781,5.015981197357178,0.060338094830513,0.7248532176017761,0.7420176267623901,0.05460038781166077,0.02128899097442627,-0.014361829496920109,0.05169571936130524,0.016033731400966644,28.0
2026-04-26T17:24:44.453536,250426_154932.000000,1,58.46636962890625,8.734539985656738,40.400001525878906,79.68000030517578,1.2699999809265137,7,11.199999809265137,1,260426_152432.000000,-8.156219482421875,4.468376636505127,0.10772006213665009,2.189852476119995,0.6702346205711365,0.027889885008335114,0.006689555011689663,-0.10383167117834091,0.056960299611091614,0.014364422298967838,22.0
2026-04-26T17:24:47.505994,250426_154940.000000,1,58.46757888793945,8.736599922180176,40.400001525878906,79.68000030517578,1.2699999809265137,7,11.199999809265137,1,260426_152432.000000,-8.348367691040039,4.463659763336182,0.0425000861287117,1.630873680114746,0.6023320555686951,-0.002610498107969761,-0.02566349506378174,0.033776141703128815,0.05281408876180649,0.010284888558089733,26.0
2026-04-26T17:24:47.506385,250426_154940.000000,1,58.46757888793945,8.736599922180176,40.400001525878906,79.68000030517578,1.2699999809265137,7,11.199999809265137,1,260426_152432.000000,-8.348367691040039,4.463659763336182,0.0425000861287117,1.630873680114746,0.6023320555686951,-0.002610498107969761,-0.02566349506378174,0.033776141703128815,0.05281408876180649,0.010284888558089733,26.0
2026-04-26T17:24:47.506648,250426_154940.000000,1,58.46757888793945,8.736599922180176,40.400001525878906,79.68000030517578,1.2699999809265137,7,11.199999809265137,1,260426_152432.000000,-8.348367691040039,4.463659763336182,0.0425000861287117,1.630873680114746,0.6023320555686951,-0.002610498107969761,-0.02566349506378174,0.033776141703128815,0.05281408876180649,0.010284888558089733,26.0
2026-04-26T17:24:47.567352,250426_154940.000000,1,58.46757888793945,8.736599922180176,40.400001525878906,79.68000030517578,1.2699999809265137,7,11.199999809265137,1,260426_152432.000000,-8.348367691040039,4.463659763336182,0.0425000861287117,1.630873680114746,0.6023320555686951,-0.002610498107969761,-0.02566349506378174,0.033776141703128815,0.05281408876180649,0.010284888558089733,26.0
2026-04-26T17:24:50.487321,250426_154940.984375,1,58.467750549316406,8.736856460571289,40.099998474121094,84.41999816894531,1.090000033378601,8,11.199999809265137,1,260426_152432.000000,-8.766215324401855,4.409059524536133,0.060758188366889954,2.2873482704162598,0.6072666049003601,-0.00967022031545639,-0.033127203583717346,0.050006330013275146,0.03646320104598999,0.005961245391517878,26.0
2026-04-26T17:24:53.645713,250426_154950.000000,1,58.46923065185547,8.739124298095703,37.599998474121094,84.83999633789062,1.5299999713897705,7,11.199999809265137,1,260426_152432.000000,-8.678318977355957,4.445913314819336,0.06032399833202362,1.1008788347244263,0.8754384517669678,-0.02798493579030037,0.046749841421842575,0.025889776647090912,0.02987951971590519,0.004629168659448624,26.0
2026-04-26T17:24:56.615396,250426_154951.015625,1,58.469398498535156,8.73936939239502,37.20000076293945,84.97000885009766,1.5299999713897705,7,11.199999809265137,1,260426_152448.000000,-8.127486228942871,4.61302375793457,0.12558338046073914,1.3487926721572876,0.8737409114837646,-0.027247322723269463,0.11439041048288345,0.044086311012506485,0.031523238867521286,0.004705043509602547,30.0
2026-04-26T17:24:59.692210,250426_154959.015625,1,58.47074890136719,8.741144180297852,36.0,77.72000122070312,1.5299999713897705,7,11.199999809265137,1,260426_152448.000000,-7.088229179382324,4.7307305335998535,0.07925643026828766,1.0343362092971802,0.8583835959434509,0.023915981873869896,0.07544112950563431,-0.004271220415830612,0.03778401389718056,0.006445925682783127,30.0
2026-04-26T17:24:59.692463,250426_154959.015625,1,58.47074890136719,8.741144180297852,36.0,77.72000122070312,1.5299999713897705,7,11.199999809265137,1,260426_152448.000000,-7.088229179382324,4.7307305335998535,0.07925643026828766,1.0343362092971802,0.8583835959434509,0.023915981873869896,0.07544112950563431,-0.004271220415830612,0.03778401389718056,0.006445925682783127,30.0
2026-04-26T17:24:59.692652,250426_154959.015625,1,58.47074890136719,8.741144180297852,36.0,77.72000122070312,1.5299999713897705,7,11.199999809265137,1,260426_152448.000000,-7.088229179382324,4.7307305335998535,0.07925643026828766,1.0343362092971802,0.8583835959434509,0.023915981873869896,0.07544112950563431,-0.004271220415830612,0.03778401389718056,0.006445925682783127,30.0
2026-04-26T17:24:59.728184,250426_154959.015625,1,58.47074890136719,8.741144180297852,36.0,77.72000122070312,1.5299999713897705,7,11.199999809265137,1,260426_152448.000000,-7.088229179382324,4.7307305335998535,0.07925643026828766,1.0343362092971802,0.8583835959434509,0.023915981873869896,0.07544112950563431,-0.004271220415830612,0.03778401389718056,0.006445925682783127,30.0
2026-04-26T17:25:02.758401,250426_155000.000000,1,58.47092819213867,8.741332054138184,35.599998474121094,77.8499984741211,1.25,7,11.199999809265137,1,260426_152448.000000,-4.764817237854004,4.697678089141846,0.17960309982299805,0.882437527179718,0.856081485748291,-0.06089160218834877,0.1688445657491684,0.006402838043868542,0.05840945616364479,0.012960105203092098,28.0
2026-04-26T17:25:05.837237,250426_155008.984375,1,58.472591400146484,8.742883682250977,32.099998474121094,86.33999633789062,1.2400000095367432,7,22.549999237060547,1,260426_152448.000000,-4.567478179931641,5.17127799987793,0.055004242807626724,0.322693407535553,0.8565336465835571,-0.02850157395005226,-0.04681241139769554,-0.004661046899855137,0.05526158958673477,0.013376024551689625,20.0
2026-04-26T17:25:08.806171,250426_155010.000000,1,58.4727897644043,8.7430419921875,31.600000381469727,87.69000244140625,1.2400000095367432,7,22.549999237060547,1,260426_152448.000000,-6.508869171142578,5.329815864562988,0.17244377732276917,0.3225156366825104,0.49778565764427185,0.007390267215669155,-0.1722768396139145,0.0017113834619522095,0.06176541745662689,0.017820317298173904,12.0
2026-04-26T17:25:11.872709,250426_155019.015625,1,58.474571228027344,8.744726181030273,30.5,87.8399887084961,1.3700000047683716,8,22.549999237060547,1,260426_152448.000000,-7.743343353271484,5.4007039070129395,0.11935929954051971,1.392886996269226,0.5588346123695374,-0.044986527413129807,-0.10513035953044891,0.03421202301979065,0.060551296919584274,0.01947035640478134,10.0
2026-04-26T17:25:15.016528,250426_155028.000000,1,58.47608184814453,8.7469482421875,24.5,81.44999694824219,1.090000033378601,8,22.549999237060547,1,260426_152448.000000,-8.153950691223145,5.811587810516357,0.058014605194330215,1.1721186637878418,0.5235665440559387,0.01563864015042782,0.04700429365038872,0.030194761231541634,0.05847847834229469,0.013676864095032215,14.0
2026-04-26T17:25:18.103939,250426_155028.984375,1,58.47623062133789,8.747213363647461,24.399999618530273,80.56999969482422,1.0800000429153442,8,22.549999237060547,1,260426_152504.000000,-8.007780075073242,5.2929301261901855,0.031867172569036484,1.2990126609802246,0.5596187710762024,-0.005440147593617439,-0.021616363897919655,0.022773977369070053,0.05651881918311119,0.01248424407094717,17.0
2026-04-26T17:25:21.104599,250426_155038.000000,1,58.477439880371094,8.749853134155273,22.799999237060547,88.5999984741211,1.0800000429153442,8,22.549999237060547,1,260426_152504.000000,-7.730050563812256,5.889003276824951,0.05383889004588127,0.44024738669395447,0.6586825251579285,-0.03530443459749222,0.02156744711101055,-0.0344538539648056,0.05629103630781174,0.013525420799851418,19.0
2026-04-26T17:25:24.068075,250426_155123.015625,1,58.486488342285156,8.761640548706055,36.099998474121094,102.27999877929688,1.2400000095367432,7,22.549999237060547,1,260426_152504.000000,-7.387204170227051,6.1785078048706055,0.044604137539863586,1.4015101194381714,0.6748290657997131,-0.027349496260285378,0.03438311815261841,-0.007702955044806004,0.04556216299533844,0.009648213163018227,23.0
2026-04-26T17:25:24.068410,250426_155123.015625,1,58.486488342285156,8.761640548706055,36.099998474121094,102.27999877929688,1.2400000095367432,7,22.549999237060547,1,260426_152504.000000,-7.387204170227051,6.1785078048706055,0.044604137539863586,1.4015101194381714,0.6748290657997131,-0.027349496260285378,0.03438311815261841,-0.007702955044806004,0.04556216299533844,0.009648213163018227,23.0
2026-04-26T17:25:24.068589,250426_155123.015625,1,58.486488342285156,8.761640548706055,36.099998474121094,102.27999877929688,1.2400000095367432,7,22.549999237060547,1,260426_152504.000000,-7.387204170227051,6.1785078048706055,0.044604137539863586,1.4015101194381714,0.6748290657997131,-0.027349496260285378,0.03438311815261841,-0.007702955044806004,0.04556216299533844,0.009648213163018227,23.0
2026-04-26T17:25:24.084266,250426_155123.015625,1,58.486488342285156,8.761640548706055,36.099998474121094,102.27999877929688,1.2400000095367432,7,22.549999237060547,1,260426_152504.000000,-7.387204170227051,6.1785078048706055,0.044604137539863586,1.4015101194381714,0.6748290657997131,-0.027349496260285378,0.03438311815261841,-0.007702955044806004,0.04556216299533844,0.009648213163018227,23.0
2026-04-26T17:25:27.045304,250426_155124.000000,1,58.486698150634766,8.761895179748535,37.099998474121094,102.94999694824219,1.2400000095367432,7,22.549999237060547,1,260426_152504.000000,-7.184327125549316,5.094208240509033,0.09302978217601776,0.8957595229148865,0.7023730874061584,0.07949275523424149,-0.014890317805111408,-0.045975226908922195,0.031047455966472626,0.005921456031501293,21.0
2026-04-26T17:25:30.238862,250426_155134.000000,1,58.48897171020508,8.764490127563477,41.400001525878906,104.37999725341797,1.1200000047683716,8,22.549999237060547,1,260426_152504.000000,-7.1888933181762695,4.671321392059326,0.04446050524711609,0.9402999877929688,0.8203641772270203,0.030857643112540245,-0.0042028771713376045,-0.03173134848475456,0.03208598122000694,0.0062525030225515366,23.0
2026-04-26T17:25:33.169085,250426_155142.000000,1,58.49076843261719,8.766599655151367,47.099998474121094,103.95999908447266,0.9300000071525574,9,22.549999237060547,1,260426_152504.000000,-7.7897491455078125,4.298704624176025,0.031080128625035286,2.080739736557007,0.8235008716583252,-0.012731155380606651,0.0066940560936927795,-0.02755143865942955,0.02739904448390007,0.005616568960249424,24.0
2026-04-26T17:25:36.242792,250426_155143.015625,1,58.4909782409668,8.766851425170898,47.29999923706055,101.73999786376953,0.9300000071525574,9,22.549999237060547,1,260426_152504.000000,-7.920433044433594,4.0082621574401855,0.06079559400677681,1.601007103919983,0.8047054409980774,-0.03234439715743065,-0.027398057281970978,-0.04358085244894028,0.024345504119992256,0.005095372907817364,20.0
2026-04-26T17:25:39.313053,250426_155152.000000,1,58.4929313659668,8.76913833618164,50.70000076293945,101.73999786376953,0.9300000071525574,9,22.549999237060547,1,260426_152504.000000,-7.903680801391602,4.471133708953857,0.07146422564983368,1.0962262153625488,0.7939899563789368,-0.05934274569153786,-0.030125685036182404,0.026038754731416702,0.024246281012892723,0.004897270817309618,22.0
2026-04-26T17:25:42.387879,250426_155152.984375,1,58.493141174316406,8.769394874572754,51.29999923706055,102.4800033569336,0.9300000071525574,9,22.549999237060547,1,260426_152504.000000,-7.69489049911499,7.092545032501221,0.21569375693798065,1.4374221563339233,0.7093903422355652,-0.20958325266838074,0.02536257542669773,0.04421985149383545,0.06120781973004341,0.012777607887983322,24.0
2026-04-26T17:25:45.382322,250426_155202.000000,1,58.494991302490234,8.77188777923584,57.099998474121094,99.66999816894531,0.9300000071525574,9,22.549999237060547,1,260426_152535.015625,-9.434821128845215,7.583052158355713,0.12221430242061615,1.8979793787002563,0.817175567150116,0.08394642919301987,-0.06754197180271149,-0.05768375098705292,0.07003514468669891,0.01947072520852089,22.0
2026-04-26T17:25:45.399240,250426_155202.000000,1,58.494991302490234,8.77188777923584,57.099998474121094,99.66999816894531,0.9300000071525574,9,22.549999237060547,1,260426_152535.015625,-9.434821128845215,7.583052158355713,0.12221430242061615,1.8979793787002563,0.817175567150116,0.08394642919301987,-0.06754197180271149,-0.05768375098705292,0.07003514468669891,0.01947072520852089,22.0
2026-04-26T17:25:45.399622,250426_155202.000000,1,58.494991302490234,8.77188777923584,57.099998474121094,99.66999816894531,0.9300000071525574,9,22.549999237060547,1,260426_152535.015625,-9.434821128845215,7.583052158355713,0.12221430242061615,1.8979793787002563,0.817175567150116,0.08394642919301987,-0.06754197180271149,-0.05768375098705292,0.07003514468669891,0.01947072520852089,22.0
2026-04-26T17:25:45.431010,250426_155202.000000,1,58.494991302490234,8.77188777923584,57.099998474121094,99.66999816894531,0.9300000071525574,9,22.549999237060547,1,260426_152535.015625,-9.434821128845215,7.583052158355713,0.12221430242061615,1.8979793787002563,0.817175567150116,0.08394642919301987,-0.06754197180271149,-0.05768375098705292,0.07003514468669891,0.01947072520852089,22.0
2026-04-26T17:25:48.436041,250426_155203.015625,1,58.49517059326172,8.77219009399414,57.20000076293945,98.58000946044922,0.9300000071525574,9,22.549999237060547,1,260426_152535.015625,-10.041693687438965,6.8016533851623535,0.1346614956855774,1.4984991550445557,0.8147194385528564,0.11165377497673035,-0.031833548098802567,-0.06821858882904053,0.06543342769145966,0.021086234599351883,24.0
2026-04-26T17:25:51.509193,250426_155204.000000,1,58.4953498840332,8.772500038146973,57.70000076293945,98.5199966430664,0.9300000071525574,9,22.549999237060547,1,260426_152536.000000,-10.539827346801758,6.354596138000488,0.07717849314212799,0.41688987612724304,0.8336096405982971,0.010909213684499264,-0.06270327419042587,-0.043655578047037125,0.06032536178827286,0.022045142948627472,24.0
2026-04-26T17:25:51.509643,250426_155204.000000,1,58.4953498840332,8.772500038146973,57.70000076293945,98.5199966430664,0.9300000071525574,9,22.549999237060547,1,260426_152536.000000,-10.539827346801758,6.354596138000488,0.07717849314212799,0.41688987612724304,0.8336096405982971,0.010909213684499264,-0.06270327419042587,-0.043655578047037125,0.06032536178827286,0.022045142948627472,24.0
2026-04-26T17:25:51.509983,250426_155204.000000,1,58.4953498840332,8.772500038146973,57.70000076293945,98.5199966430664,0.9300000071525574,9,22.549999237060547,1,260426_152536.000000,-10.539827346801758,6.354596138000488,0.07717849314212799,0.41688987612724304,0.8336096405982971,0.010909213684499264,-0.06270327419042587,-0.043655578047037125,0.06032536178827286,0.022045142948627472,24.0
2026-04-26T17:25:51.527182,250426_155204.000000,1,58.4953498840332,8.772500038146973,57.70000076293945,98.5199966430664,0.9300000071525574,9,22.549999237060547,1,260426_152536.000000,-10.539827346801758,6.354596138000488,0.07717849314212799,0.41688987612724304,0.8336096405982971,0.010909213684499264,-0.06270327419042587,-0.043655578047037125,0.06032536178827286,0.022045142948627472,24.0
2026-04-26T17:25:54.471855,250426_155212.984375,1,58.49681091308594,8.775579452514648,61.29999923706055,98.55000305175781,1.350000023841858,8,22.549999237060547,1,260426_152536.000000,-10.951778411865234,6.078047752380371,0.09530961513519287,0.9239274859428406,0.8093539476394653,0.05173173546791077,-0.046900175511837006,0.06487005949020386,0.0610918290913105,0.02199915237724781,22.0
2026-04-26T17:25:57.649169,250426_155214.000000,1,58.4969482421875,8.775958061218262,61.599998474121094,98.55000305175781,1.0800000429153442,8,22.549999237060547,1,260426_152536.000000,-11.502982139587402,5.914673328399658,0.05511249601840973,1.1381736993789673,0.7969538569450378,0.020816229283809662,-0.04865618050098419,-0.015383347868919373,0.06006940081715584,0.01612541452050209,18.0
2026-04-26T17:26:00.641567,250426_155223.015625,1,58.49803161621094,8.779714584350586,65.4000015258789,98.94999694824219,1.0800000429153442,8,22.549999237060547,1,260426_152551.015625,-11.666878700256348,5.361619472503662,0.08112597465515137,0.8503351211547852,0.681330144405365,0.07304114103317261,-0.0292423814535141,-0.019781269133090973,0.032917626202106476,0.00766384182497859,19.0
2026-04-26T17:26:03.681273,250426_155224.000000,1,58.49811935424805,8.780153274536133,65.5999984741211,99.2699966430664,1.0800000429153442,8,22.549999237060547,1,260426_152551.015625,-11.762604713439941,4.5159711837768555,0.09389949589967728,0.5285003781318665,0.8084906935691833,0.08695658296346664,-0.02302919700741768,-0.02693186141550541,0.03301667794585228,0.00717885559424758,21.0
2026-04-26T17:26:06.756228,250426_155232.984375,1,58.49879837036133,8.784173965454102,60.599998474121094,99.1500015258789,0.9300000071525574,9,22.549999237060547,1,260426_152551.015625,-11.959734916687012,3.5017142295837402,0.061070751398801804,0.5237340927124023,0.8002671003341675,0.029324324801564217,-0.051989562809467316,0.012915337458252907,0.036773432046175,0.007591987960040569,25.0
2026-04-26T17:26:09.675181,250426_155234.000000,1,58.498878479003906,8.784611701965332,60.79999923706055,84.22000122070312,0.9300000071525574,9,22.549999237060547,1,260426_152551.015625,-12.230341911315918,3.792830228805542,0.021181873977184296,0.7652707695960999,0.8462286591529846,0.001640229020267725,0.0009511795360594988,0.021096840500831604,0.039243556559085846,0.007031992543488741,29.0
2026-04-26T17:26:12.794103,250426_155244.000000,1,58.49958038330078,8.788640975952148,57.0,80.29000091552734,0.9300000071525574,9,22.549999237060547,1,260426_152606.000000,-12.108488082885742,4.25536584854126,0.09784634411334991,0.9727503657341003,0.832502007484436,-0.09165001660585403,0.0321640819311142,0.011817507445812225,0.03951144963502884,0.007336950860917568,29.0
2026-04-26T17:26:15.881029,250426_155252.000000,1,58.49991989135742,8.79124641418457,55.599998474121094,64.97000122070312,0.9300000071525574,9,22.549999237060547,1,260426_152606.000000,-11.51146125793457,4.367934226989746,0.12943336367607117,1.429141879081726,0.8442527055740356,-0.054420314729213715,0.11679055541753769,0.012304132804274559,0.03982003405690193,0.0076613230630755424,28.0
2026-04-26T17:26:18.858744,250426_155300.984375,1,58.499908447265625,8.793705940246582,59.70000076293945,37.7599983215332,1.340000033378601,8,22.549999237060547,1,260426_152606.000000,-10.684746742248535,4.158722877502441,0.2859553098678589,3.1721465587615967,1.9623498916625977,0.19796253740787506,-0.06935203075408936,-0.19434908032417297,0.06518175452947617,0.013338134624063969,28.0
2026-04-26T17:26:21.935440,250426_155302.000000,1,58.499900817871094,8.793867111206055,59.900001525878906,32.619998931884766,1.2300000190734863,7,22.549999237060547,1,260426_152606.000000,-10.188077926635742,4.493007659912109,0.030326703563332558,0.44988709688186646,1.977588415145874,-0.006050737574696541,0.02290438860654831,0.018933739513158798,0.066433846950531,0.0126088447868824,26.0
2026-04-26T17:26:24.987419,250426_155311.015625,1,58.499549865722656,8.795093536376953,60.099998474121094,33.33000183105469,0.9200000166893005,9,22.549999237060547,1,260426_152606.000000,-9.762887001037598,4.331112861633301,0.04866662994027138,0.1637340486049652,1.9826773405075073,-0.008585495874285698,0.04689441993832588,0.009779747575521469,0.06573163717985153,0.012403338216245174,26.0
2026-04-26T17:26:24.987796,250426_155311.015625,1,58.499549865722656,8.795093536376953,60.099998474121094,33.33000183105469,0.9200000166893005,9,22.549999237060547,1,260426_152606.000000,-9.762887001037598,4.331112861633301,0.04866662994027138,0.1637340486049652,1.9826773405075073,-0.008585495874285698,0.04689441993832588,0.009779747575521469,0.06573163717985153,0.012403338216245174,26.0
2026-04-26T17:26:24.988224,250426_155311.015625,1,58.499549865722656,8.795093536376953,60.099998474121094,33.33000183105469,0.9200000166893005,9,22.549999237060547,1,260426_152606.000000,-9.762887001037598,4.331112861633301,0.04866662994027138,0.1637340486049652,1.9826773405075073,-0.008585495874285698,0.04689441993832588,0.009779747575521469,0.06573163717985153,0.012403338216245174,26.0
2026-04-26T17:26:25.003935,250426_155311.015625,1,58.499549865722656,8.795093536376953,60.099998474121094,33.33000183105469,0.9200000166893005,9,22.549999237060547,1,260426_152606.000000,-9.762887001037598,4.331112861633301,0.04866662994027138,0.1637340486049652,1.9826773405075073,-0.008585495874285698,0.04689441993832588,0.009779747575521469,0.06573163717985153,0.012403338216245174,26.0
2026-04-26T17:26:27.948812,250426_155320.000000,1,58.499549865722656,8.796491622924805,59.599998474121094,43.779998779296875,1.340000033378601,8,22.549999237060547,1,260426_152620.984375,-9.582932472229004,4.764710426330566,0.05339432135224342,0.6919621825218201,1.9975950717926025,-0.034773945808410645,0.018519755452871323,0.036038100719451904,0.06522329151630402,0.01221667043864727,24.0
2026-04-26T17:26:31.046911,250426_155320.984375,1,58.49956130981445,8.796721458435059,59.70000076293945,47.13999938964844,0.9200000166893005,9,85.62999725341797,1,260426_152620.984375,-9.3760986328125,5.214748859405518,0.03385644778609276,1.035329818725586,1.9581754207611084,-0.02320028468966484,-0.013088122010231018,0.02089753746986389,0.059011541306972504,0.008499186486005783,26.0
2026-04-26T17:26:34.036300,250426_155330.000000,1,58.499359130859375,8.798583030700684,58.79999923706055,35.56999969482422,1.2899999618530273,9,85.62999725341797,1,260426_152620.984375,-9.15441608428955,5.076906204223633,0.0650743693113327,1.3082029819488525,0.509402334690094,0.04173441603779793,0.04137256368994713,-0.027950363233685493,0.02046622522175312,0.002899973187595606,28.0
2026-04-26T17:26:37.192376,250426_155331.015625,1,58.499298095703125,8.798697471618652,58.400001525878906,34.5099983215332,1.0299999713897705,9,85.62999725341797,1,260426_152620.984375,-8.702951431274414,5.133681774139404,0.05337538197636604,0.5148870348930359,0.528563380241394,-0.033763814717531204,0.04035775363445282,0.008954769931733608,0.018336255103349686,0.0026547592133283615,26.0
2026-04-26T17:26:40.126380,250426_155340.000000,1,58.4989013671875,8.800104141235352,54.400001525878906,55.59000015258789,1.399999976158142,8,85.62999725341797,1,260426_152636.000000,-8.289388656616211,5.119437217712402,0.05268066003918648,0.4232185184955597,0.613712728023529,0.04303040727972984,-0.016396984457969666,-0.025588564574718475,0.020744161680340767,0.0029659694992005825,24.0
2026-04-26T17:26:40.126727,250426_155340.000000,1,58.4989013671875,8.800104141235352,54.400001525878906,55.59000015258789,1.399999976158142,8,85.62999725341797,1,260426_152636.000000,-8.289388656616211,5.119437217712402,0.05268066003918648,0.4232185184955597,0.613712728023529,0.04303040727972984,-0.016396984457969666,-0.025588564574718475,0.020744161680340767,0.0029659694992005825,24.0
2026-04-26T17:26:40.127052,250426_155340.000000,1,58.4989013671875,8.800104141235352,54.400001525878906,55.59000015258789,1.399999976158142,8,85.62999725341797,1,260426_152636.000000,-8.289388656616211,5.119437217712402,0.05268066003918648,0.4232185184955597,0.613712728023529,0.04303040727972984,-0.016396984457969666,-0.025588564574718475,0.020744161680340767,0.0029659694992005825,24.0
2026-04-26T17:26:40.135734,250426_155340.000000,1,58.4989013671875,8.800104141235352,54.400001525878906,55.59000015258789,1.399999976158142,8,85.62999725341797,1,260426_152636.000000,-8.289388656616211,5.119437217712402,0.05268066003918648,0.4232185184955597,0.613712728023529,0.04303040727972984,-0.016396984457969666,-0.025588564574718475,0.020744161680340767,0.0029659694992005825,24.0
2026-04-26T17:26:43.276404,250426_155340.984375,1,58.49882888793945,8.800350189208984,53.79999923706055,59.75,1.399999976158142,8,85.62999725341797,1,260426_152636.000000,-8.100546836853027,5.095213890075684,0.021092060953378677,0.6207122206687927,0.6295590400695801,-0.0011369265848770738,-0.017773499712347984,-0.01129978522658348,0.021818172186613083,0.0028757406398653984,23.0
2026-04-26T17:26:46.281962,250426_155348.984375,1,58.498130798339844,8.80247688293457,49.0,59.75,0.8600000143051147,10,85.62999725341797,1,260426_152636.000000,-7.834183692932129,5.05641508102417,0.06292299181222916,0.36033058166503906,0.6810529828071594,0.053777050226926804,0.023055993020534515,-0.02314634807407856,0.0191396102309227,0.0027941178996115923,25.0
2026-04-26T17:26:49.351217,250426_155350.000000,1,58.49802017211914,8.802709579467773,48.79999923706055,68.06999969482422,0.8799999952316284,10,137.0399932861328,1,260426_152636.984375,-7.780317783355713,5.329240322113037,0.07082053273916245,1.3430497646331787,0.6508519053459167,-0.06598591059446335,0.011548756621778011,0.022978968918323517,0.018629800528287888,0.002619289793074131,23.0
2026-04-26T17:26:52.532668,250426_155351.015625,1,58.49787902832031,8.802916526794434,48.70000076293945,74.7699966430664,0.8600000143051147,10,137.0399932861328,1,260426_152636.984375,-7.987985134124756,5.43639612197876,0.05502639710903168,1.0415072441101074,0.7222689390182495,-0.007479087449610233,-0.05274054780602455,-0.013798639178276062,0.01962299272418022,0.0027222163043916225,25.0
2026-04-26T17:26:55.387251,250426_155400.000000,1,58.49633026123047,8.803621292114258,44.5,75.56999969482422,0.949999988079071,8,137.0399932861328,1,260426_152651.015625,-8.173318862915039,5.455473899841309,0.045876022428274155,1.3373346328735352,0.6887422800064087,0.026503445580601692,0.031120041385293007,-0.02082594856619835,0.016360120847821236,0.0023567008320242167,29.0
2026-04-26T17:26:58.533177,250426_155408.984375,1,58.4946403503418,8.803821563720703,37.29999923706055,74.97000122070312,0.8600000143051147,10,137.0399932861328,1,260426_152651.015625,-8.155233383178711,5.528935432434082,0.051048897206783295,0.9401792883872986,0.6830954551696777,-0.022703107446432114,0.01143384724855423,0.04426991939544678,0.016268640756607056,0.0022877089213579893,30.0
2026-04-26T17:27:01.534451,250426_155410.000000,1,58.494449615478516,8.803911209106445,36.5,74.97000122070312,0.9200000166893005,9,137.0399932861328,1,260426_152651.015625,-8.226818084716797,5.518799304962158,0.07002171128988266,1.680193543434143,0.6576934456825256,0.009783301502466202,-0.005029650870710611,-0.06915222108364105,0.016920341178774834,0.0024296462070196867,26.0
2026-04-26T17:27:01.534863,250426_155410.000000,1,58.494449615478516,8.803911209106445,36.5,74.97000122070312,0.9200000166893005,9,137.0399932861328,1,260426_152651.015625,-8.226818084716797,5.518799304962158,0.07002171128988266,1.680193543434143,0.6576934456825256,0.009783301502466202,-0.005029650870710611,-0.06915222108364105,0.016920341178774834,0.0024296462070196867,26.0
2026-04-26T17:27:01.539332,250426_155410.000000,1,58.494449615478516,8.803911209106445,36.5,74.97000122070312,0.9200000166893005,9,137.0399932861328,1,260426_152651.015625,-8.226818084716797,5.518799304962158,0.07002171128988266,1.680193543434143,0.6576934456825256,0.009783301502466202,-0.005029650870710611,-0.06915222108364105,0.016920341178774834,0.0024296462070196867,26.0
2026-04-26T17:27:04.518995,250426_155419.015625,1,58.492801666259766,8.803983688354492,27.100000381469727,74.79000091552734,0.9399999976158142,9,137.0399932861328,1,260426_152652.000000,-8.42227554321289,5.675296306610107,0.05841852352023125,1.994093656539917,0.6770281791687012,0.05269389972090721,0.007688533049076796,0.024020059034228325,0.01765534095466137,0.002688593463972211,22.0
2026-04-26T17:27:04.519432,250426_155419.015625,1,58.492801666259766,8.803983688354492,27.100000381469727,74.79000091552734,0.9399999976158142,9,137.0399932861328,1,260426_152652.000000,-8.42227554321289,5.675296306610107,0.05841852352023125,1.994093656539917,0.6770281791687012,0.05269389972090721,0.007688533049076796,0.024020059034228325,0.01765534095466137,0.002688593463972211,22.0
2026-04-26T17:27:04.519678,250426_155419.015625,1,58.492801666259766,8.803983688354492,27.100000381469727,74.79000091552734,0.9399999976158142,9,137.0399932861328,1,260426_152652.000000,-8.42227554321289,5.675296306610107,0.05841852352023125,1.994093656539917,0.6770281791687012,0.05269389972090721,0.007688533049076796,0.024020059034228325,0.01765534095466137,0.002688593463972211,22.0
2026-04-26T17:27:04.528411,250426_155419.015625,1,58.492801666259766,8.803983688354492,27.100000381469727,74.79000091552734,0.9399999976158142,9,137.0399932861328,1,260426_152652.000000,-8.42227554321289,5.675296306610107,0.05841852352023125,1.994093656539917,0.6770281791687012,0.05269389972090721,0.007688533049076796,0.024020059034228325,0.01765534095466137,0.002688593463972211,22.0
2026-04-26T17:27:07.646702,250426_155420.000000,1,58.492618560791016,8.803863525390625,26.100000381469727,74.8499984741211,0.9399999976158142,9,137.0399932861328,1,260426_152652.000000,-8.482991218566895,5.709932804107666,0.029618093743920326,0.6346811652183533,0.6280867457389832,0.020276188850402832,-0.01648709364235401,0.013938556425273418,0.016113903373479843,0.0024287868291139603,22.0
2026-04-26T17:27:10.585232,250426_155430.000000,1,58.49092102050781,8.801758766174316,15.699999809265137,80.0999984741211,0.9399999976158142,8,137.0399932861328,1,260426_152706.000000,-8.632936477661133,5.552026748657227,0.044361844658851624,1.724840760231018,0.6141831874847412,-0.02983156405389309,-0.0163433775305748,0.028477098792791367,0.016731824725866318,0.002508502220734954,16.0
2026-04-26T17:27:13.725732,250426_155439.015625,1,58.489139556884766,8.801370620727539,12.600000381469727,80.5999984741211,0.9300000071525574,9,137.0399932861328,1,260426_152706.000000,-8.70168399810791,5.501875400543213,0.07961135357618332,1.132751703262329,0.6037277579307556,0.045436374843120575,-0.02706144005060196,-0.059507835656404495,0.01764626055955887,0.0025280939880758524,15.0
2026-04-26T17:27:16.864173,250426_155440.000000,1,58.48894119262695,8.801344871520996,12.100000381469727,80.1100082397461,0.9200000166893005,9,137.0399932861328,1,260426_152706.000000,-8.237825393676758,5.212676525115967,0.039247430860996246,1.4298579692840576,0.6424193978309631,-0.007887296378612518,-0.007183980196714401,0.03776958957314491,0.020033640787005424,0.0030007935129106045,13.0
2026-04-26T17:27:19.792880,250426_155448.984375,1,58.487159729003906,8.801465034484863,14.300000190734863,81.0,0.9200000166893005,9,137.0399932861328,1,260426_152707.015625,-7.824550628662109,4.5836100578308105,0.0596841461956501,3.0332024097442627,0.6635033488273621,-0.055094845592975616,-0.012541740201413631,-0.019221341237425804,0.024654841050505638,0.003856919938698411,13.0
2026-04-26T17:27:22.863031,250426_155450.000000,1,58.486968994140625,8.801603317260742,15.0,79.54000091552734,0.9200000166893005,9,137.0399932861328,1,260426_152707.015625,-8.342040061950684,4.491141319274902,0.05406652390956879,0.6024755239486694,0.6782822608947754,0.03336724638938904,-0.03990694135427475,-0.014739466831088066,0.025960557162761688,0.0045918733812868595,17.0
2026-04-26T17:27:25.901982,250426_155459.015625,1,58.486148834228516,8.803250312805176,14.300000190734863,30.479999542236328,0.8700000047683716,9,137.0399932861328,1,260426_152707.015625,-8.289031028747559,4.626387596130371,0.08268481492996216,1.1709545850753784,0.6689280867576599,-0.052535612136125565,0.05597196891903877,0.030723370611667633,0.025258682668209076,0.004751964006572962,15.0
2026-04-26T17:27:28.890737,250426_155500.000000,1,58.48611068725586,8.80335807800293,14.199999809265137,30.479999542236328,0.8700000047683716,9,137.0399932861328,1,260426_152707.015625,-8.866127967834473,4.908560276031494,0.03981092944741249,0.8581924438476562,0.7003659605979919,-0.008845727890729904,-0.024744918569922447,0.02990572154521942,0.029425155371427536,0.005586751736700535,17.0
2026-04-26T17:27:31.900376,250426_155508.000000,1,58.48609161376953,8.804981231689453,17.799999237060547,30.479999542236328,0.8799999952316284,10,137.0399932861328,1,260426_152722.000000,-9.100112915039062,4.982895374298096,0.028641456738114357,0.18652434647083282,0.6797095537185669,-0.018808884546160698,0.005404570139944553,-0.02091290056705475,0.03150530159473419,0.005267344880849123,21.0
2026-04-26T17:27:35.035430,250426_155508.984375,1,58.486080169677734,8.805268287658691,17.899999618530273,61.349998474121094,0.8799999952316284,10,137.0399932861328,1,260426_152722.000000,-9.262866020202637,4.863940238952637,0.04125622659921646,1.0916495323181152,0.6699507832527161,0.033902209252119064,0.001595732755959034,0.023455705493688583,0.031151719391345978,0.004419783595949411,23.0
2026-04-26T17:27:38.106273,250426_155518.000000,1,58.48527145385742,8.807805061340332,20.899999618530273,73.73001098632812,0.8600000143051147,10,137.0399932861328,1,260426_152722.000000,-8.790069580078125,4.99660587310791,0.05653742328286171,0.44307056069374084,0.5747305154800415,-0.039944276213645935,0.03967854380607605,0.005152502097189426,0.027035977691411972,0.0036686852108687162,25.0
2026-04-26T17:27:41.114870,250426_155528.000000,1,58.483821868896484,8.810094833374023,23.5,74.43000030517578,1.1399999856948853,8,137.0399932861328,1,260426_152736.000000,-7.193499565124512,5.005643367767334,0.13072429597377777,1.2659461498260498,0.5627722144126892,0.03451954573392868,0.12595857679843903,-0.0056281546130776405,0.046871863305568695,0.007141162175685167,29.0
2026-04-26T17:27:44.244909,250426_155536.984375,1,58.4824104309082,8.811844825744629,24.299999237060547,73.51000213623047,0.8799999952316284,10,137.0399932861328,1,260426_152736.000000,-6.519266128540039,3.8952324390411377,0.16437353193759918,1.1112104654312134,0.49662140011787415,0.14376963675022125,-0.053537581115961075,-0.05901419371366501,0.05629071965813637,0.010499333031475544,28.0
2026-04-26T17:27:47.126316,250426_155538.000000,1,58.48223876953125,8.81197738647461,25.0,72.55001068115234,0.8600000143051147,10,137.0399932861328,1,260426_152736.984375,-7.364128589630127,4.873223304748535,0.1356361210346222,0.8560758233070374,0.5624604821205139,-0.05214952677488327,-0.1144130676984787,-0.050864867866039276,0.05242244526743889,0.013331268914043903,24.0
2026-04-26T17:27:50.281673,250426_155547.015625,1,58.48114013671875,8.812432289123535,31.100000381469727,32.45000076293945,0.8600000143051147,10,137.0399932861328,1,260426_152736.984375,-8.128889083862305,4.577462673187256,0.11968515068292618,1.8378796577453613,0.5717171430587769,0.0481555312871933,-0.09914703667163849,-0.04664168506860733,0.04470476135611534,0.014789584092795849,20.0
2026-04-26T17:27:53.271456,250426_155548.000000,1,58.48106002807617,8.812417030334473,31.200000762939453,30.579999923706055,0.8600000143051147,10,137.0399932861328,1,260426_152736.984375,-8.81181812286377,4.328396797180176,0.07127109169960022,1.0090221166610718,0.6154372692108154,0.04258286952972412,-0.03046046569943428,0.048357296735048294,0.04354189708828926,0.015227955766022205,20.0
2026-04-26T17:27:56.261008,250426_155556.984375,1,58.48017883300781,8.8132905960083,31.700000762939453,60.130001068115234,0.9300000071525574,9,137.0399932861328,1,260426_152751.015625,-8.180789947509766,4.507563591003418,0.07227911055088043,0.7368651628494263,0.6248271465301514,-0.021937314420938492,0.06485776603221893,0.023162350058555603,0.044057510793209076,0.010851520113646984,16.0
2026-04-26T17:27:59.305652,250426_155558.000000,1,58.48003005981445,8.813411712646484,31.799999237060547,62.13999938964844,0.9200000166893005,9,137.0399932861328,1,260426_152751.015625,-7.768710613250732,5.0202860832214355,0.09556075930595398,0.9604785442352295,0.6055980324745178,-0.02897249162197113,-0.032442692667245865,-0.08508774638175964,0.035714659839868546,0.008763745427131653,16.0
2026-04-26T17:28:02.457170,250426_155607.015625,1,58.478668212890625,8.814922332763672,29.399999618530273,72.77999877929688,1.600000023841858,7,137.0399932861328,1,260426_152751.015625,-7.690344333648682,4.351413249969482,0.10585193336009979,0.5943235754966736,0.6406368017196655,0.10181309282779694,0.02744397334754467,0.00924964714795351,0.034032631665468216,0.007836952805519104,16.0
2026-04-26T17:28:05.428155,250426_155608.000000,1,58.47853088378906,8.815126419067383,29.0,68.91000366210938,1.600000023841858,7,137.0399932861328,1,260426_152751.015625,-7.307363033294678,2.830927610397339,0.05534740537405014,2.4242050647735596,0.6813626289367676,-0.0026242961175739765,0.04666120558977127,0.029650960117578506,0.03781295195221901,0.008670013397932053,18.0
2026-04-26T17:28:05.428454,250426_155608.000000,1,58.47853088378906,8.815126419067383,29.0,68.91000366210938,1.600000023841858,7,137.0399932861328,1,260426_152751.015625,-7.307363033294678,2.830927610397339,0.05534740537405014,2.4242050647735596,0.6813626289367676,-0.0026242961175739765,0.04666120558977127,0.029650960117578506,0.03781295195221901,0.008670013397932053,18.0
2026-04-26T17:28:05.429082,250426_155608.000000,1,58.47853088378906,8.815126419067383,29.0,68.91000366210938,1.600000023841858,7,137.0399932861328,1,260426_152751.015625,-7.307363033294678,2.830927610397339,0.05534740537405014,2.4242050647735596,0.6813626289367676,-0.0026242961175739765,0.04666120558977127,0.029650960117578506,0.03781295195221901,0.008670013397932053,18.0
2026-04-26T17:28:05.430128,250426_155608.000000,1,58.47853088378906,8.815126419067383,29.0,68.91000366210938,1.600000023841858,7,137.0399932861328,1,260426_152751.015625,-7.307363033294678,2.830927610397339,0.05534740537405014,2.4242050647735596,0.6813626289367676,-0.0026242961175739765,0.04666120558977127,0.029650960117578506,0.03781295195221901,0.008670013397932053,18.0
2026-04-26T17:28:08.446219,250426_155616.984375,1,58.47747039794922,8.816742897033691,21.0,43.54999923706055,1.0199999809265137,8,137.0399932861328,1,260426_152806.000000,-6.801482677459717,3.218878984451294,0.03424907848238945,0.6212641000747681,0.6847182512283325,-0.016098840162158012,0.027777114883065224,-0.011927216313779354,0.03767802566289902,0.008514287881553173,18.0
2026-04-26T17:28:11.632282,250426_155618.000000,1,58.477378845214844,8.816794395446777,19.899999618530273,35.97999954223633,1.840000033378601,7,137.0399932861328,1,260426_152806.000000,-6.44882869720459,3.5970852375030518,0.04343346878886223,0.5612705945968628,0.6842127442359924,-0.02208499237895012,0.03739146515727043,0.0007731032092124224,0.03512326255440712,0.00853867270052433,18.0
2026-04-26T17:28:14.651691,250426_155628.000000,1,58.47679138183594,8.817261695861816,16.299999237060547,29.469999313354492,0.8799999952316284,10,137.0399932861328,1,260426_152806.000000,-5.769032955169678,4.302825450897217,0.11202884465456009,0.8977370262145996,0.7072663307189941,-0.04279164597392082,0.08054475486278534,0.06505289673805237,0.03349096700549126,0.008920438587665558,20.0
2026-04-26T17:28:14.652049,250426_155628.000000,1,58.47679138183594,8.817261695861816,16.299999237060547,29.469999313354492,0.8799999952316284,10,137.0399932861328,1,260426_152806.000000,-5.769032955169678,4.302825450897217,0.11202884465456009,0.8977370262145996,0.7072663307189941,-0.04279164597392082,0.08054475486278534,0.06505289673805237,0.03349096700549126,0.008920438587665558,20.0
2026-04-26T17:28:14.652251,250426_155628.000000,1,58.47679138183594,8.817261695861816,16.299999237060547,29.469999313354492,0.8799999952316284,10,137.0399932861328,1,260426_152806.000000,-5.769032955169678,4.302825450897217,0.11202884465456009,0.8977370262145996,0.7072663307189941,-0.04279164597392082,0.08054475486278534,0.06505289673805237,0.03349096700549126,0.008920438587665558,20.0
2026-04-26T17:28:14.654495,250426_155628.000000,1,58.47679138183594,8.817261695861816,16.299999237060547,29.469999313354492,0.8799999952316284,10,137.0399932861328,1,260426_152806.000000,-5.769032955169678,4.302825450897217,0.11202884465456009,0.8977370262145996,0.7072663307189941,-0.04279164597392082,0.08054475486278534,0.06505289673805237,0.03349096700549126,0.008920438587665558,20.0
2026-04-26T17:28:17.865803,250426_155636.984375,1,58.477378845214844,8.818055152893066,11.800000190734863,39.2400016784668,0.8799999952316284,10,137.0399932861328,1,260426_152807.015625,-5.044493675231934,4.438721656799316,0.05599616467952728,0.7442711591720581,0.7455063462257385,-0.027787163853645325,0.04770207032561302,0.009378500282764435,0.026470404118299484,0.007615007925778627,24.0
2026-04-26T17:28:20.725608,250426_155638.000000,1,58.477481842041016,8.81814956665039,11.399999618530273,44.970001220703125,0.8799999952316284,10,137.0399932861328,1,260426_152807.015625,-5.177842140197754,4.67457389831543,0.15430714190006256,1.310438632965088,0.8035680651664734,-0.03438735008239746,-0.1442863941192627,-0.04253990948200226,0.04765036702156067,0.011561732739210129,22.0
2026-04-26T17:28:23.675235,250426_155647.015625,1,58.47853088378906,8.818927764892578,7.699999809265137,50.970001220703125,0.8600000143051147,10,137.0399932861328,1,260426_152820.984375,-6.549302101135254,5.019673824310303,0.08056578040122986,0.597121000289917,0.892825186252594,-0.0390760600566864,-0.06682858616113663,-0.02231248840689659,0.04893271252512932,0.014052568934857845,24.0
2026-04-26T17:28:26.937403,250426_155648.000000,1,58.47861862182617,8.81908893585205,8.0,50.93000030517578,1.0700000524520874,9,137.0399932861328,1,260426_152820.984375,-6.958601474761963,4.96802282333374,0.039095427840948105,0.307256817817688,0.9077795743942261,0.009262689389288425,-0.022636130452156067,-0.030500175431370735,0.051058538258075714,0.013715269975364208,22.0
2026-04-26T17:28:29.822411,250426_155656.984375,1,58.47856903076172,8.82132625579834,6.300000190734863,50.93000030517578,1.1100000143051147,8,137.0399932861328,1,260426_152820.984375,-7.22016716003418,5.233259677886963,0.045797690749168396,0.6897670030593872,0.8523663878440857,-0.04203445464372635,-0.0015556560829281807,0.018113873898983,0.05615081265568733,0.012414127588272095,22.0
2026-04-26T17:28:32.809198,250426_155658.000000,1,58.47848129272461,8.821572303771973,6.599999904632568,50.93000030517578,1.1100000143051147,8,137.0399932861328,1,260426_152822.000000,-7.110926151275635,5.028518199920654,0.05145573988556862,0.7635930180549622,0.809908926486969,0.050416018813848495,-0.0006858731503598392,-0.010268786922097206,0.05620217323303223,0.009718036279082298,24.0
2026-04-26T17:28:35.903528,250426_155707.015625,1,58.47809982299805,8.823755264282227,6.900000095367432,50.93000030517578,0.8799999952316284,10,137.0399932861328,1,260426_152822.000000,-7.0310163497924805,4.919343948364258,0.03256819769740105,0.684924840927124,0.7919772863388062,0.0017606429755687714,0.012374654412269592,0.030074166133999825,0.034436408430337906,0.0046710665337741375,22.0
2026-04-26T17:28:39.000931,250426_155708.000000,1,58.4781608581543,8.824007987976074,6.400000095367432,55.79999923706055,0.8600000143051147,10,137.0399932861328,1,260426_152836.000000,-6.848573684692383,5.122225284576416,0.03294357657432556,0.8374004364013672,0.6082778573036194,-0.02276795729994774,-0.002424506703391671,-0.023685883730649948,0.019310513511300087,0.0028528403490781784,18.0
2026-04-26T17:28:42.156425,250426_155726.000000,1,58.479488372802734,8.827351570129395,-0.20000000298023224,58.88999938964844,1.2100000381469727,7,137.0399932861328,1,260426_152836.000000,-6.759032249450684,5.654374122619629,0.02812419831752777,0.31954503059387207,0.6119147539138794,-0.025237636640667915,0.010936666280031204,-0.005866990424692631,0.021812792867422104,0.0030542134772986174,22.0
2026-04-26T17:28:45.051183,250426_155727.015625,1,58.479610443115234,8.82750129699707,-0.800000011920929,58.88999938964844,1.159999966621399,8,137.0399932861328,1,260426_152836.000000,-6.512748718261719,6.349428176879883,0.0757536068558693,0.8640753626823425,0.6300806999206543,-0.06469491124153137,0.013444285839796066,0.03704630583524704,0.025373561307787895,0.0037302353885024786,22.0
2026-04-26T17:28:45.051477,250426_155727.015625,1,58.479610443115234,8.82750129699707,-0.800000011920929,58.88999938964844,1.159999966621399,8,137.0399932861328,1,260426_152836.000000,-6.512748718261719,6.349428176879883,0.0757536068558693,0.8640753626823425,0.6300806999206543,-0.06469491124153137,0.013444285839796066,0.03704630583524704,0.025373561307787895,0.0037302353885024786,22.0
2026-04-26T17:28:45.051789,250426_155727.015625,1,58.479610443115234,8.82750129699707,-0.800000011920929,58.88999938964844,1.159999966621399,8,137.0399932861328,1,260426_152836.000000,-6.512748718261719,6.349428176879883,0.0757536068558693,0.8640753626823425,0.6300806999206543,-0.06469491124153137,0.013444285839796066,0.03704630583524704,0.025373561307787895,0.0037302353885024786,22.0
2026-04-26T17:28:45.065099,250426_155727.015625,1,58.479610443115234,8.82750129699707,-0.800000011920929,58.88999938964844,1.159999966621399,8,137.0399932861328,1,260426_152836.000000,-6.512748718261719,6.349428176879883,0.0757536068558693,0.8640753626823425,0.6300806999206543,-0.06469491124153137,0.013444285839796066,0.03704630583524704,0.025373561307787895,0.0037302353885024786,22.0
2026-04-26T17:28:48.067382,250426_155746.000000,1,58.48183822631836,8.830374717712402,-3.0,58.29999923706055,0.8799999952316284,10,137.0399932861328,1,260426_152836.000000,-6.595678329467773,6.162663459777832,0.07871813327074051,1.5035390853881836,0.6357502341270447,0.0771113783121109,0.0069985659793019295,-0.014191588386893272,0.024576617404818535,0.0037043283227831125,22.0
2026-04-26T17:28:51.305138,250426_155747.015625,1,58.48197937011719,8.83045482635498,-2.700000047683716,56.40999984741211,0.9300000071525574,9,137.0399932861328,1,260426_152836.000000,-6.4048333168029785,6.044405460357666,0.061480969190597534,0.7504932284355164,0.6084108352661133,0.013397175818681717,0.05413702502846718,0.02587677165865898,0.02616189420223236,0.0037744161672890186,24.0
2026-04-26T17:28:54.164643,250426_155756.000000,1,58.483131408691406,8.831316947937012,-2.0,54.869998931884766,0.9200000166893005,9,137.0399932861328,1,260426_152851.015625,-5.192426681518555,5.993747234344482,0.09884215146303177,4.319468975067139,0.8432934284210205,0.08337987214326859,-0.040310632437467575,-0.034534331411123276,0.05581779032945633,0.008547292090952396,26.0
2026-04-26T17:28:57.242726,250426_155756.984375,1,58.48324966430664,8.831401824951172,-2.5,57.15999984741211,0.9200000166893005,9,137.0399932861328,1,260426_152851.015625,-5.410431385040283,5.665485382080078,0.03825680539011955,0.9244627356529236,0.8364909887313843,0.03747500106692314,-0.006860033608973026,0.0034852821845561266,0.05485919490456581,0.008149797096848488,24.0
2026-04-26T17:29:00.322297,250426_155816.000000,1,58.48461151123047,8.83504867553711,10.5,54.9900016784668,0.9399999976158142,9,137.0399932861328,1,260426_152852.000000,-4.663835048675537,4.6554131507873535,0.2401832491159439,0.30116549134254456,0.8506860733032227,0.22879911959171295,0.04729222506284714,-0.055699218064546585,0.06399000436067581,0.01126815751194954,28.0
2026-04-26T17:29:03.379911,250426_155816.984375,1,58.484619140625,8.835272789001465,11.5,47.91999816894531,0.8600000143051147,10,137.0399932861328,1,260426_152852.000000,-4.805920124053955,3.831740617752075,0.09073461592197418,2.185239791870117,0.8790926337242126,-0.08877864480018616,-0.014839760027825832,-0.011441349983215332,0.07583850622177124,0.016824889928102493,22.0
2026-04-26T17:29:06.482050,250426_155824.984375,1,58.485260009765625,8.83636474609375,18.0,47.369998931884766,0.8600000143051147,10,137.0399932861328,1,260426_152852.000000,-5.180438041687012,4.189929008483887,0.04021904617547989,0.8915333151817322,0.8642112612724304,0.010749151930212975,0.026498328894376755,0.02828190103173256,0.07295108586549759,0.017575113102793694,18.0
2026-04-26T17:29:09.625243,250426_155826.000000,1,58.48537063598633,8.836395263671875,18.700000762939453,47.38999938964844,0.8799999952316284,10,137.0399932861328,1,260426_152907.015625,-5.429255962371826,4.394885063171387,0.05076688155531883,0.8059483766555786,1.03565514087677,-0.024075640365481377,-0.035792574286460876,0.02676810696721077,0.06433228403329849,0.013992108404636383,18.0
2026-04-26T17:29:12.514034,250426_155834.000000,1,58.486148834228516,8.83708667755127,22.700000762939453,38.189998626708984,0.8600000143051147,10,137.0399932861328,1,260426_152907.015625,-5.846795082092285,4.650384426116943,0.039948541671037674,0.09907002747058868,0.9123694896697998,-0.013003326021134853,-0.03715131804347038,0.006824875716120005,0.06433877348899841,0.013474634848535061,20.0
2026-04-26T17:29:15.501616,250426_155835.015625,1,58.48619079589844,8.837238311767578,23.5,37.52000045776367,0.8600000143051147,10,137.0399932861328,1,260426_152907.015625,-6.311779022216797,3.9663398265838623,0.09297028183937073,1.8969024419784546,0.916684091091156,0.07114844769239426,-0.04338163509964943,-0.04122384637594223,0.057756464928388596,0.010657056234776974,18.0
2026-04-26T17:29:18.581136,250426_155843.015625,1,58.48674011230469,8.838216781616211,24.399999618530273,41.380001068115234,0.8799999952316284,10,137.0399932861328,1,260426_152907.015625,-6.460460186004639,3.0440893173217773,0.08980941027402878,1.3126493692398071,0.8994953632354736,0.08531534671783447,-0.016995027661323547,0.022320184856653214,0.02785644493997097,0.005484987981617451,22.0
2026-04-26T17:29:21.605277,250426_155844.000000,1,58.48685836791992,8.838239669799805,24.600000381469727,42.5099983215332,0.8600000143051147,10,137.0399932861328,1,260426_152907.015625,-6.836766719818115,2.576542377471924,0.03525267541408539,1.0269156694412231,0.9133185744285583,0.005667745601385832,-0.03365793451666832,0.008818820118904114,0.02782566472887993,0.006011509336531162,24.0
2026-04-26T17:29:24.681868,250426_155852.000000,1,58.48781967163086,8.838319778442383,21.399999618530273,44.70000076293945,0.8799999952316284,10,137.0399932861328,1,260426_152908.000000,-7.236388683319092,2.40278697013855,0.03166845068335533,0.8056176900863647,0.6806268095970154,-0.03119397908449173,0.004953927826136351,0.002298943232744932,0.025952406227588654,0.005107591859996319,24.0
2026-04-26T17:29:27.701958,250426_155852.984375,1,58.48793029785156,8.838375091552734,21.299999237060547,45.5099983215332,0.8799999952316284,10,137.0399932861328,1,260426_152908.000000,-7.153773307800293,1.535698413848877,0.017137859016656876,1.6461589336395264,0.6737261414527893,-0.015818122774362564,0.006140373181551695,0.002406020648777485,0.024702657014131546,0.005464725662022829,27.0
2026-04-26T17:29:30.766346,250426_155900.984375,1,58.48857879638672,8.839475631713867,19.600000381469727,49.459999084472656,0.8600000143051147,10,137.0399932861328,1,260426_152908.000000,-7.126884460449219,1.7669984102249146,0.028898930177092552,0.7360498309135437,0.6879472136497498,-0.01989240013062954,0.010706142522394657,0.01802273653447628,0.02598882094025612,0.005375704728066921,21.0
2026-04-26T17:29:33.807338,250426_155902.000000,1,58.48862838745117,8.839710235595703,19.600000381469727,49.459999084472656,0.8600000143051147,10,137.0399932861328,1,260426_152908.000000,-6.896044731140137,2.78346586227417,0.0776989683508873,0.8482562303543091,0.677809476852417,-0.051665399223566055,0.05480432137846947,0.01908671110868454,0.03048579767346382,0.005774878431111574,19.0
2026-04-26T17:29:36.841387,250426_155910.000000,1,58.489219665527344,8.841054916381836,19.600000381469727,47.040000915527344,0.8600000143051147,10,137.0399932861328,1,260426_152923.015625,-7.9626145362854,3.7345144748687744,0.08209628611803055,1.3780035972595215,0.6464962959289551,-0.04590809345245361,-0.06523062288761139,-0.019421983510255814,0.038937389850616455,0.008811264298856258,17.0
2026-04-26T17:29:39.834476,250426_155911.015625,1,58.489341735839844,8.841134071350098,19.399999618530273,47.630001068115234,0.8799999952316284,10,137.0399932861328,1,260426_152923.015625,-8.283968925476074,3.7891316413879395,0.06576992571353912,1.442972183227539,0.6473881006240845,-0.011397428810596466,0.02462117001414299,-0.05991310626268387,0.03732651472091675,0.00901513546705246,15.0
2026-04-26T17:29:42.903690,250426_155919.015625,1,58.490230560302734,8.841676712036133,17.600000381469727,46.31999969482422,0.8799999952316284,10,137.0399932861328,1,260426_152923.015625,-7.969311237335205,3.9584503173828125,0.03383128345012665,0.5017292499542236,0.6489568948745728,0.01608819141983986,0.027549762278795242,0.011257730424404144,0.040296878665685654,0.008361372165381908,10.0
2026-04-26T17:29:46.031525,250426_155920.000000,1,58.49032974243164,8.841753005981445,17.299999237060547,48.43000030517578,0.8799999952316284,10,137.0399932861328,1,260426_152923.015625,-8.208126068115234,3.588163375854492,0.04906051978468895,1.1017100811004639,0.6285180449485779,0.00596650131046772,-0.03962232917547226,-0.02830912172794342,0.03890809416770935,0.00803983211517334,12.0
2026-04-26T17:29:49.039428,250426_155928.000000,1,58.49129104614258,8.84238338470459,11.399999618530273,51.90999984741211,0.8799999952316284,10,137.0399932861328,1,260426_152923.015625,-7.431965351104736,2.805497646331787,0.10597798973321915,0.4050489664077759,0.7966967821121216,0.04470789059996605,0.08003433048725128,-0.05316997319459915,0.035054221749305725,0.006954727228730917,14.0
2026-04-26T17:29:52.118546,250426_155928.984375,1,58.49142074584961,8.842462539672852,10.899999618530273,51.90999984741211,0.8799999952316284,10,137.0399932861328,1,260426_152938.000000,-5.748613357543945,3.4850783348083496,0.1833314448595047,1.391538381576538,1.2156609296798706,0.12169140577316284,-0.04449683055281639,-0.12969832122325897,0.0644812360405922,0.012945486232638359,20.0
2026-04-26T17:29:55.098388,250426_155936.984375,1,58.492271423339844,8.843052864074707,8.199999809265137,44.959999084472656,0.8600000143051147,10,137.0399932861328,1,260426_152938.000000,-6.742326736450195,3.9103171825408936,0.1484372615814209,3.0783145427703857,1.2505857944488525,-0.052516162395477295,-0.11440971493721008,0.07865171134471893,0.0639275535941124,0.014944895170629025,22.0
2026-04-26T17:29:58.113509,250426_155938.000000,1,58.49237823486328,8.843123435974121,8.5,45.29999923706055,0.8799999952316284,10,137.0399932861328,1,260426_152938.000000,-7.810079097747803,4.354079723358154,0.13661788403987885,6.320736885070801,1.7353157997131348,-0.08834914118051529,-0.07625913619995117,0.07101704180240631,0.06532213091850281,0.02118241973221302,23.0
2026-04-26T17:30:01.352537,250426_155946.000000,1,58.49327850341797,8.843770980834961,9.699999809265137,47.56999969482422,0.8799999952316284,10,137.0399932861328,1,260426_152938.000000,-8.127568244934082,4.6352667808532715,0.026374775916337967,0.9369958639144897,2.154304027557373,0.006493305787444115,0.002025234280154109,0.025482622906565666,0.06667676568031311,0.024615852162241936,23.0
2026-04-26T17:30:04.337619,250426_155955.015625,1,58.49414825439453,8.844926834106445,9.800000190734863,47.06999969482422,0.9200000166893005,9,137.0399932861328,1,260426_152952.984375,-7.529356956481934,4.065138816833496,0.07970897108316422,1.7204054594039917,2.157597064971924,0.03667667880654335,0.06672964245080948,0.023568978533148766,0.07086919248104095,0.02355995588004589,21.0
2026-04-26T17:30:07.346026,250426_160004.984375,1,58.49480056762695,8.846711158752441,11.5,42.02000045776367,0.8799999952316284,10,137.0399932861328,1,260426_152952.984375,-6.63190221786499,3.301349401473999,0.09765619039535522,0.7213033437728882,2.066210985183716,0.06339387595653534,0.0706210508942604,0.023035086691379547,0.05801013857126236,0.019253259524703026,21.0
2026-04-26T17:30:10.360744,250426_160012.984375,1,58.49518966674805,8.847880363464355,11.899999618530273,41.13999938964844,0.8199999928474426,11,137.0399932861328,1,260426_152952.984375,-7.18011474609375,2.616208553314209,0.10742077231407166,0.48773497343063354,2.0152807235717773,0.06962282210588455,-0.07212535291910172,-0.03859816864132881,0.06227054446935654,0.015592770650982857,26.0
2026-04-26T17:30:13.419342,250426_160014.000000,1,58.4952507019043,8.848038673400879,11.899999618530273,41.13999938964844,0.8100000023841858,11,137.0399932861328,1,260426_152952.984375,-8.180431365966797,3.7021186351776123,0.17225630581378937,0.44139164686203003,1.3320496082305908,-0.14713333547115326,-0.06564798206090927,-0.060945555567741394,0.0492737703025341,0.012323761358857155,24.0
2026-04-26T17:30:16.489875,250426_160022.000000,1,58.49580001831055,8.849516868591309,12.0,50.939998626708984,0.8100000023841858,11,137.0399932861328,1,260426_152952.984375,-8.519160270690918,4.750533103942871,0.06707793474197388,0.8205032348632812,0.5638205409049988,-0.05741233751177788,-0.007386831566691399,0.03389257937669754,0.04349348321557045,0.012464297004044056,24.0
2026-04-26T17:30:19.516814,250426_160030.000000,1,58.49641036987305,8.851122856140137,17.100000381469727,52.310001373291016,0.8100000023841858,11,137.0399932861328,1,260426_153008.000000,-8.589069366455078,4.358393669128418,0.05195596441626549,2.3337178230285645,0.6831685900688171,-0.023854820057749748,0.04055052995681763,0.022045962512493134,0.047025132924318314,0.010338871739804745,24.0
2026-04-26T17:30:22.472882,250426_160039.015625,1,58.4971809387207,8.852381706237793,21.5,39.9900016784668,0.8700000047683716,10,137.0399932861328,1,260426_153008.000000,-7.643939018249512,5.068230628967285,0.16018210351467133,0.808907687664032,0.9418494701385498,-0.057667072862386703,0.1336178481578827,0.06692598015069962,0.06040911749005318,0.0151511887088418,22.0
2026-04-26T17:30:25.601441,250426_160040.000000,1,58.49728012084961,8.852404594421387,22.100000381469727,42.0,0.8799999952316284,10,137.0399932861328,1,260426_153022.000000,-6.915971279144287,5.390457630157471,0.1219259575009346,1.2946107387542725,0.9471738338470459,-0.09934790432453156,0.03251194953918457,0.06276068836450577,0.06227414682507515,0.015737183392047882,22.0
2026-04-26T17:30:25.601828,250426_160040.000000,1,58.49728012084961,8.852404594421387,22.100000381469727,42.0,0.8799999952316284,10,137.0399932861328,1,260426_153022.000000,-6.915971279144287,5.390457630157471,0.1219259575009346,1.2946107387542725,0.9471738338470459,-0.09934790432453156,0.03251194953918457,0.06276068836450577,0.06227414682507515,0.015737183392047882,22.0
2026-04-26T17:30:25.602099,250426_160040.000000,1,58.49728012084961,8.852404594421387,22.100000381469727,42.0,0.8799999952316284,10,137.0399932861328,1,260426_153022.000000,-6.915971279144287,5.390457630157471,0.1219259575009346,1.2946107387542725,0.9471738338470459,-0.09934790432453156,0.03251194953918457,0.06276068836450577,0.06227414682507515,0.015737183392047882,22.0
2026-04-26T17:30:25.636499,250426_160040.000000,1,58.49728012084961,8.852404594421387,22.100000381469727,42.0,0.8799999952316284,10,137.0399932861328,1,260426_153022.000000,-6.915971279144287,5.390457630157471,0.1219259575009346,1.2946107387542725,0.9471738338470459,-0.09934790432453156,0.03251194953918457,0.06276068836450577,0.06227414682507515,0.015737183392047882,22.0
2026-04-26T17:30:28.701724,250426_160048.000000,1,58.498191833496094,8.852078437805176,25.100000381469727,46.20000076293945,0.8199999928474426,11,137.0399932861328,1,260426_153022.000000,-8.056008338928223,5.438408374786377,0.16411013901233673,0.5508006811141968,0.9410400390625,-0.0014501633122563362,-0.15862664580345154,-0.04204310476779938,0.059875987470149994,0.014793830923736095,22.0
2026-04-26T17:30:31.643144,250426_160048.984375,1,58.49831008911133,8.852036476135254,25.5,46.599998474121094,0.8199999928474426,11,137.0399932861328,1,260426_153022.000000,-9.97341537475586,5.7514262199401855,0.11236138641834259,3.1789116859436035,0.9292728900909424,-0.08337223529815674,-0.025499528273940086,-0.07087964564561844,0.05875513330101967,0.017700059339404106,16.0
2026-04-26T17:30:34.654360,250426_160056.984375,1,58.499290466308594,8.852086067199707,30.200000762939453,46.599998474121094,0.8100000023841858,11,137.0399932861328,1,260426_153023.015625,-10.433428764343262,5.3401618003845215,0.033990077674388885,0.8144446611404419,0.9090993404388428,0.02738688327372074,-0.019978392869234085,0.002479479182511568,0.05904916673898697,0.01784687116742134,16.0
2026-04-26T17:30:37.698225,250426_160058.000000,1,58.49940872192383,8.852190017700195,30.799999237060547,52.369998931884766,0.8100000023841858,11,137.0399932861328,1,260426_153023.015625,-10.86362075805664,5.779361724853516,0.07301755249500275,1.3712754249572754,0.665155291557312,-0.05049509182572365,-0.04588531330227852,-0.026006663218140602,0.04742419719696045,0.01281813532114029,18.0
2026-04-26T17:30:40.857244,250426_160115.015625,1,58.5015983581543,8.852829933166504,34.79999923706055,52.619998931884766,0.8100000023841858,11,137.0399932861328,1,260426_153023.015625,-11.190446853637695,6.447973728179932,0.0946975126862526,1.077891230583191,0.6970839500427246,-0.08678477257490158,0.018379466608166695,0.03313935920596123,0.04404684156179428,0.012899414636194706,20.0
2026-04-26T17:30:43.862078,250426_160132.984375,1,58.503700256347656,8.853639602661133,26.700000762939453,44.27000045776367,0.8199999928474426,11,137.0399932861328,1,260426_153023.015625,-12.425609588623047,7.326292037963867,0.094859279692173,1.3146538734436035,0.7275434732437134,0.04901742562651634,-0.07396174967288971,0.03354451060295105,0.041325073689222336,0.01188740599900484,26.0
2026-04-26T17:30:46.832409,250426_160140.984375,1,58.50389099121094,8.855385780334473,16.0,49.349998474121094,0.8199999928474426,11,137.0399932861328,1,260426_153038.000000,-12.549107551574707,6.815539836883545,0.11313872784376144,0.32681453227996826,0.6495019793510437,0.11155883967876434,0.01853794977068901,-0.0033675357699394226,0.035484760999679565,0.009443026967346668,28.0
2026-04-26T17:30:49.969926,250426_160200.000000,1,58.50484848022461,8.858868598937988,1.5,52.83000183105469,0.9900000095367432,10,137.0399932861328,1,260426_153038.000000,-12.641200065612793,5.983051776885986,0.09092845767736435,0.847936749458313,0.6385916471481323,0.07781872153282166,-0.0460074283182621,-0.009774877689778805,0.03331030532717705,0.010219440795481205,28.0
2026-04-26T17:30:49.970184,250426_160200.000000,1,58.50484848022461,8.858868598937988,1.5,52.83000183105469,0.9900000095367432,10,137.0399932861328,1,260426_153038.000000,-12.641200065612793,5.983051776885986,0.09092845767736435,0.847936749458313,0.6385916471481323,0.07781872153282166,-0.0460074283182621,-0.009774877689778805,0.03331030532717705,0.010219440795481205,28.0
2026-04-26T17:30:50.046309,250426_160200.000000,1,58.50484848022461,8.858868598937988,1.5,52.83000183105469,0.9900000095367432,10,137.0399932861328,1,260426_153038.000000,-12.641200065612793,5.983051776885986,0.09092845767736435,0.847936749458313,0.6385916471481323,0.07781872153282166,-0.0460074283182621,-0.009774877689778805,0.03331030532717705,0.010219440795481205,28.0
2026-04-26T17:30:52.953573,250426_160208.984375,1,58.50571823120117,8.859933853149414,-2.5999999046325684,33.25,0.9900000095367432,10,137.0399932861328,1,260426_153038.000000,-12.624821662902832,4.58466911315918,0.06321809440851212,1.0111525058746338,0.6947311162948608,0.05823943391442299,-0.015009334310889244,-0.019478589296340942,0.03976987674832344,0.012333364225924015,28.0
2026-04-26T17:30:56.030916,250426_160218.000000,1,58.50603103637695,8.861448287963867,-1.7000000476837158,36.630001068115234,0.8299999833106995,11,137.0399932861328,1,260426_153052.984375,-12.02810001373291,4.0932230949401855,0.0672229453921318,2.8244407176971436,0.7572129368782043,0.024515805765986443,0.06180378049612045,-0.009909216314554214,0.04020227864384651,0.011675161309540272,28.0
2026-04-26T17:30:59.083495,250426_160227.015625,1,58.50579071044922,8.862234115600586,2.4000000953674316,14.119999885559082,0.8100000023841858,11,137.0399932861328,1,260426_153052.984375,-11.42867660522461,4.228389263153076,0.044818732887506485,0.6914718151092529,0.7134401798248291,-0.028094179928302765,0.02090953104197979,0.027968334034085274,0.037962429225444794,0.01021735742688179,26.0
2026-04-26T17:31:02.111980,250426_160235.015625,1,58.50503921508789,8.861664772033691,4.099999904632568,39.72999954223633,0.8299999833106995,11,137.0399932861328,1,260426_153054.000000,-10.750462532043457,4.381677150726318,0.05865955725312233,0.30808335542678833,0.6948516964912415,0.0283716581761837,0.04562188684940338,-0.023550713434815407,0.038809530436992645,0.009256461635231972,24.0
2026-04-26T17:31:05.142574,250426_160236.000000,1,58.504940032958984,8.86169147491455,4.199999809265137,41.650001525878906,0.8100000023841858,11,137.0399932861328,1,260426_153054.000000,-10.303821563720703,4.190668106079102,0.058309994637966156,0.41456320881843567,0.6866837739944458,0.026930881664156914,0.04840581864118576,0.01821153238415718,0.03860793262720108,0.008068354800343513,20.0
2026-04-26T17:31:08.194861,250426_160244.000000,1,58.504249572753906,8.86246109008789,3.4000000953674316,40.0099983215332,0.9700000882148743,9,137.0399932861328,1,260426_153054.000000,-9.763957023620605,5.320159912109375,0.07900142669677734,0.5517978072166443,0.6844765543937683,-0.0679452121257782,0.040241774171590805,0.0022964836098253727,0.026836274191737175,0.006688978057354689,20.0
2026-04-26T17:31:11.267261,250426_160244.984375,1,58.50419998168945,8.86262321472168,3.200000047683716,40.04999923706055,1.0399999618530273,8,137.0399932861328,1,260426_153108.984375,-9.494256019592285,6.492260456085205,0.10399963706731796,0.5621328353881836,0.6071340441703796,-0.08922355622053146,0.04187074676156044,0.03319520130753517,0.029441412538290024,0.007652943953871727,14.0
2026-04-26T17:31:14.294307,250426_160252.984375,1,58.50373077392578,8.863943099975586,-0.699999988079071,40.04999923706055,0.9700000882148743,9,137.0399932861328,1,260426_153108.984375,-9.117376327514648,6.06472110748291,0.10342877358198166,0.9884082078933716,0.5612332224845886,0.0798751562833786,0.053237855434417725,0.038512345403432846,0.032299965620040894,0.0073414635844528675,16.0
2026-04-26T17:31:17.338398,250426_160254.000000,1,58.503658294677734,8.864053726196289,-1.0,38.36000061035156,0.9700000882148743,9,137.0399932861328,1,260426_153108.984375,-9.116997718811035,5.84711217880249,0.02821597270667553,1.108500599861145,1.0083552598953247,0.017301345244050026,0.015638576820492744,0.01588205248117447,0.03998112305998802,0.007808741182088852,20.0
2026-04-26T17:31:20.421811,250426_160302.000000,1,58.50276184082031,8.863823890686035,-1.2999999523162842,49.130001068115234,0.8299999833106995,11,137.0399932861328,1,260426_153108.984375,-9.03274154663086,5.294928550720215,0.04264039173722267,0.7222756147384644,1.073591709136963,-0.00637076934799552,0.04177052900195122,-0.0057305702939629555,0.04168182238936424,0.008025861345231533,18.0
2026-04-26T17:31:23.452583,250426_160303.015625,1,58.50263977050781,8.863763809204102,-0.8999999761581421,49.83000183105469,0.8299999833106995,11,137.0399932861328,1,260426_153108.984375,-8.588899612426758,5.043530464172363,0.11618442833423615,2.6999778747558594,1.108952283859253,0.06241276115179062,0.0759473517537117,0.06193116307258606,0.04002891480922699,0.007212843280285597,18.0
2026-04-26T17:31:26.524326,250426_160311.015625,1,58.5017204284668,8.863544464111328,0.6000000238418579,42.84000015258789,0.8299999833106995,11,137.0399932861328,1,260426_153110.000000,-8.633559226989746,3.9330058097839355,0.0904134064912796,0.5712953805923462,1.1241540908813477,0.04877111688256264,0.018077248707413673,-0.07395387440919876,0.04001735895872116,0.007519603241235018,15.0
2026-04-26T17:31:29.498253,250426_160319.015625,1,58.50099182128906,8.863645553588867,1.899999976158142,33.400001525878906,0.8299999833106995,11,137.0399932861328,1,260426_153110.000000,-8.277453422546387,3.854114055633545,0.045093365013599396,0.7230399250984192,0.800173282623291,0.005476714111864567,0.0350809171795845,0.02779831551015377,0.035374805331230164,0.0060021947138011456,15.0
2026-04-26T17:31:32.524043,250426_160320.000000,1,58.500911712646484,8.86368179321289,2.5999999046325684,34.34000015258789,0.8299999833106995,11,137.0399932861328,1,260426_153124.984375,-7.875926494598389,4.198593616485596,0.05416116490960121,0.6756450533866882,0.7897645235061646,-0.053873460739851,0.00447028549388051,0.003331518266350031,0.03435956686735153,0.006013974547386169,15.0
2026-04-26T17:31:35.589353,250426_160328.000000,1,58.500240325927734,8.863987922668457,4.699999809265137,37.189998626708984,0.8199999928474426,11,137.0399932861328,1,260426_153124.984375,-7.615473747253418,4.262145042419434,0.047504719346761703,1.0465290546417236,0.6483498215675354,-0.006572021171450615,0.0468883290886879,-0.003871893510222435,0.03238019719719887,0.00519223278388381,21.0
2026-04-26T17:31:38.708843,250426_160336.984375,1,58.49974822998047,8.864581108093262,8.699999809265137,23.56999969482422,0.8199999928474426,11,137.0399932861328,1,260426_153124.984375,-6.962305545806885,4.396811485290527,0.09862298518419266,1.2761653661727905,0.5340006947517395,0.02503621205687523,0.09539120644330978,-0.0004438338801264763,0.033056508749723434,0.005523837637156248,21.0
2026-04-26T17:31:41.751217,250426_160338.000000,1,58.49977111816406,8.86469841003418,8.399999618530273,22.0,0.8299999833106995,11,137.0399932861328,1,260426_153126.000000,-6.4880475997924805,4.434998512268066,0.09175632894039154,2.497680187225342,0.6441624164581299,0.012497242540121078,0.06545950472354889,-0.06307215243577957,0.02230694517493248,0.0037449898663908243,29.0
2026-04-26T17:31:44.749654,250426_160346.000000,1,58.49977111816406,8.86594009399414,7.400000095367432,40.279998779296875,0.8899999856948853,10,137.0399932861328,1,260426_153126.000000,-6.540716648101807,3.7795324325561523,0.020744413137435913,0.9697744250297546,0.7298343181610107,0.015095548704266548,0.009935026057064533,0.010185793042182922,0.02962419018149376,0.005104697309434414,27.0
2026-04-26T17:31:47.741121,250426_160347.015625,1,58.49977111816406,8.866131782531738,7.5,40.91999816894531,0.8899999856948853,10,137.0399932861328,1,260426_153140.984375,-6.7450852394104,3.890488862991333,0.07964473217725754,0.6442601680755615,0.7297410368919373,-0.05696013569831848,-0.03867211192846298,-0.04004116356372833,0.03173151984810829,0.004837268032133579,27.0
2026-04-26T17:31:50.930359,250426_160355.015625,1,58.499610900878906,8.867804527282715,5.699999809265137,41.81999969482422,1.2300000190734863,9,137.0399932861328,1,260426_153140.984375,-7.0790815353393555,3.6654012203216553,0.05878158286213875,1.3415824174880981,0.7754824757575989,0.051187027245759964,-0.02768777124583721,-0.008279508911073208,0.03094908595085144,0.0051855226047337055,25.0
2026-04-26T17:31:53.888943,250426_160356.000000,1,58.49958038330078,8.868005752563477,5.099999904632568,41.90999984741211,1.2300000190734863,9,137.0399932861328,1,260426_153140.984375,-7.275064468383789,4.081209182739258,0.04217429459095001,0.6921542286872864,0.9596737027168274,-0.038134001195430756,-0.013572702184319496,-0.011842755600810051,0.03468768298625946,0.004715790506452322,21.0
2026-04-26T17:31:53.889402,250426_160356.000000,1,58.49958038330078,8.868005752563477,5.099999904632568,41.90999984741211,1.2300000190734863,9,137.0399932861328,1,260426_153140.984375,-7.275064468383789,4.081209182739258,0.04217429459095001,0.6921542286872864,0.9596737027168274,-0.038134001195430756,-0.013572702184319496,-0.011842755600810051,0.03468768298625946,0.004715790506452322,21.0
2026-04-26T17:31:53.889986,250426_160356.000000,1,58.49958038330078,8.868005752563477,5.099999904632568,41.90999984741211,1.2300000190734863,9,137.0399932861328,1,260426_153140.984375,-7.275064468383789,4.081209182739258,0.04217429459095001,0.6921542286872864,0.9596737027168274,-0.038134001195430756,-0.013572702184319496,-0.011842755600810051,0.03468768298625946,0.004715790506452322,21.0
2026-04-26T17:31:56.950018,250426_160404.000000,1,58.499210357666016,8.869373321533203,3.799999952316284,40.529998779296875,1.2300000190734863,9,137.0399932861328,1,260426_153140.984375,-7.0070672035217285,3.693481683731079,0.06846904754638672,0.6139361262321472,0.9340310096740723,0.06169899180531502,-0.009289052337408066,0.028195006772875786,0.03680447116494179,0.005045815836638212,16.0
2026-04-26T17:32:00.024883,250426_160404.984375,1,58.499149322509766,8.869527816772461,3.4000000953674316,38.869998931884766,1.2300000190734863,9,137.0399932861328,1,260426_153140.984375,-5.884115219116211,2.9475317001342773,0.032889291644096375,1.038669466972351,0.8926723003387451,-0.007892344146966934,-0.017563169822096825,0.026663674041628838,0.045460015535354614,0.007051318883895874,16.0
2026-04-26T17:32:03.128211,250426_160412.984375,1,58.49890899658203,8.870630264282227,3.5,26.600000381469727,0.8799999952316284,10,137.0399932861328,1,260426_153140.984375,-6.416032314300537,2.7690041065216064,0.11651714146137238,1.4987339973449707,0.8528347611427307,-0.05871381238102913,-0.09264060109853745,-0.03932749107480049,0.043591782450675964,0.0073934029787778854,16.0
2026-04-26T17:32:06.062516,250426_160414.000000,1,58.4988899230957,8.870757102966309,3.4000000953674316,26.719999313354492,0.8799999952316284,10,137.0399932861328,1,260426_153140.984375,-7.274201393127441,3.905465602874756,0.12493039667606354,1.2915772199630737,0.6044920682907104,-0.10881204158067703,-0.025913527235388756,0.055642008781433105,0.039425935596227646,0.008887971751391888,18.0
2026-04-26T17:32:09.157553,250426_160422.000000,1,58.4987907409668,8.871871948242188,3.0999999046325684,29.770000457763672,0.8700000047683716,10,137.0399932861328,1,260426_153156.984375,-7.80964994430542,4.614253044128418,0.12295421957969666,1.3427636623382568,0.5999134182929993,-0.06504179537296295,-0.0634688287973404,0.08281915634870529,0.03808123618364334,0.00938750896602869,16.0
2026-04-26T17:32:12.191816,250426_160440.984375,1,58.49837875366211,8.874591827392578,-2.700000047683716,31.719999313354492,0.9300000071525574,10,137.0399932861328,1,260426_153156.984375,-7.725664138793945,4.687656879425049,0.07670079171657562,0.9721693396568298,0.6846706867218018,0.05996400862932205,0.008483599871397018,-0.04706758260726929,0.03151204437017441,0.007018694654107094,16.0
2026-04-26T17:32:12.192162,250426_160440.984375,1,58.49837875366211,8.874591827392578,-2.700000047683716,31.719999313354492,0.9300000071525574,10,137.0399932861328,1,260426_153156.984375,-7.725664138793945,4.687656879425049,0.07670079171657562,0.9721693396568298,0.6846706867218018,0.05996400862932205,0.008483599871397018,-0.04706758260726929,0.03151204437017441,0.007018694654107094,16.0
2026-04-26T17:32:12.192434,250426_160440.984375,1,58.49837875366211,8.874591827392578,-2.700000047683716,31.719999313354492,0.9300000071525574,10,137.0399932861328,1,260426_153156.984375,-7.725664138793945,4.687656879425049,0.07670079171657562,0.9721693396568298,0.6846706867218018,0.05996400862932205,0.008483599871397018,-0.04706758260726929,0.03151204437017441,0.007018694654107094,16.0
2026-04-26T17:32:12.198261,250426_160440.984375,1,58.49837875366211,8.874591827392578,-2.700000047683716,31.719999313354492,0.9300000071525574,10,137.0399932861328,1,260426_153156.984375,-7.725664138793945,4.687656879425049,0.07670079171657562,0.9721693396568298,0.6846706867218018,0.05996400862932205,0.008483599871397018,-0.04706758260726929,0.03151204437017441,0.007018694654107094,16.0
2026-04-26T17:32:15.289690,250426_160448.984375,1,58.49837112426758,8.87578010559082,-3.4000000953674316,38.75,0.8299999833106995,11,137.0399932861328,1,260426_153212.000000,-7.486283302307129,4.587737083435059,0.0767349824309349,1.4065593481063843,0.7243067026138306,-0.00659885723143816,0.05510202422738075,-0.05299508199095726,0.027710098773241043,0.006996450945734978,18.0
2026-04-26T17:32:18.248079,250426_160456.984375,1,58.49872970581055,8.876994132995605,-1.5,26.1200008392334,0.8299999833106995,11,137.0399932861328,1,260426_153212.000000,-7.690372467041016,4.127283096313477,0.08609052747488022,0.6625643372535706,1.0966707468032837,0.06441787630319595,-0.05692445859313011,0.004639247432351112,0.03312014788389206,0.00901687890291214,16.0
2026-04-26T17:32:21.379225,250426_160458.000000,1,58.498741149902344,8.877120018005371,-1.399999976158142,26.780000686645508,0.8299999833106995,11,137.0399932861328,1,260426_153212.000000,-7.774178981781006,3.7002241611480713,0.005886867642402649,0.17884312570095062,1.1728607416152954,-0.003268044674769044,-0.004451823886483908,-0.0020387154072523117,0.038637369871139526,0.007806755136698484,16.0
2026-04-26T17:32:24.380931,250426_160506.000000,1,58.49909973144531,8.87739372253418,-1.7000000476837158,22.8799991607666,0.9300000071525574,10,137.0399932861328,1,260426_153212.000000,-7.864177703857422,3.447922706604004,0.06012902036309242,1.3465778827667236,1.1529018878936768,-0.04543934762477875,0.008500363677740097,0.03845138102769852,0.03984692692756653,0.0064897132106125355,18.0
2026-04-26T17:32:24.382013,250426_160506.000000,1,58.49909973144531,8.87739372253418,-1.7000000476837158,22.8799991607666,0.9300000071525574,10,137.0399932861328,1,260426_153212.000000,-7.864177703857422,3.447922706604004,0.06012902036309242,1.3465778827667236,1.1529018878936768,-0.04543934762477875,0.008500363677740097,0.03845138102769852,0.03984692692756653,0.0064897132106125355,18.0
2026-04-26T17:32:27.448800,250426_160507.015625,1,58.499149322509766,8.877172470092773,-1.399999976158142,32.220001220703125,0.9300000071525574,10,137.0399932861328,1,260426_153212.000000,-7.317686557769775,3.3708488941192627,0.053085241466760635,0.9655064344406128,1.1277196407318115,0.051068805158138275,0.01446214597672224,0.0009304643608629704,0.039865270256996155,0.005936095025390387,24.0
2026-04-26T17:32:27.449262,250426_160507.015625,1,58.499149322509766,8.877172470092773,-1.399999976158142,32.220001220703125,0.9300000071525574,10,137.0399932861328,1,260426_153212.000000,-7.317686557769775,3.3708488941192627,0.053085241466760635,0.9655064344406128,1.1277196407318115,0.051068805158138275,0.01446214597672224,0.0009304643608629704,0.039865270256996155,0.005936095025390387,24.0
2026-04-26T17:32:30.454892,250426_160516.000000,1,58.49980163574219,8.87539005279541,-2.0,57.2400016784668,0.9300000071525574,10,137.0399932861328,1,260426_153212.000000,-7.139517307281494,3.189255475997925,0.014179251156747341,1.31904137134552,1.057417869567871,0.0026706350035965443,-0.0055071404203772545,-0.012790241278707981,0.03684631735086441,0.004923631437122822,22.0
2026-04-26T17:32:33.421525,250426_160524.000000,1,58.50054931640625,8.874014854431152,-2.799999952316284,45.22999954223633,0.9300000071525574,10,137.0399932861328,1,260426_153212.000000,-7.1127729415893555,3.7698276042938232,0.050438348203897476,0.8516846895217896,0.5828360915184021,-0.03045695833861828,0.0011262479238212109,0.040188711136579514,0.028767136856913567,0.0035769015084952116,22.0
2026-04-26T17:32:33.421901,250426_160524.000000,1,58.50054931640625,8.874014854431152,-2.799999952316284,45.22999954223633,0.9300000071525574,10,137.0399932861328,1,260426_153212.000000,-7.1127729415893555,3.7698276042938232,0.050438348203897476,0.8516846895217896,0.5828360915184021,-0.03045695833861828,0.0011262479238212109,0.040188711136579514,0.028767136856913567,0.0035769015084952116,22.0
2026-04-26T17:32:33.422471,250426_160524.000000,1,58.50054931640625,8.874014854431152,-2.799999952316284,45.22999954223633,0.9300000071525574,10,137.0399932861328,1,260426_153212.000000,-7.1127729415893555,3.7698276042938232,0.050438348203897476,0.8516846895217896,0.5828360915184021,-0.03045695833861828,0.0011262479238212109,0.040188711136579514,0.028767136856913567,0.0035769015084952116,22.0
2026-04-26T17:32:33.455045,250426_160524.000000,1,58.50054931640625,8.874014854431152,-2.799999952316284,45.22999954223633,0.9300000071525574,10,137.0399932861328,1,260426_153212.000000,-7.1127729415893555,3.7698276042938232,0.050438348203897476,0.8516846895217896,0.5828360915184021,-0.03045695833861828,0.0011262479238212109,0.040188711136579514,0.028767136856913567,0.0035769015084952116,22.0
2026-04-26T17:32:33.455608,250426_160524.000000,1,58.50054931640625,8.874014854431152,-2.799999952316284,45.22999954223633,0.9300000071525574,10,137.0399932861328,1,260426_153212.000000,-7.1127729415893555,3.7698276042938232,0.050438348203897476,0.8516846895217896,0.5828360915184021,-0.03045695833861828,0.0011262479238212109,0.040188711136579514,0.028767136856913567,0.0035769015084952116,22.0
2026-04-26T17:32:36.559505,250426_160524.984375,1,58.500648498535156,8.873921394348145,-3.0,43.61000061035156,0.9300000071525574,10,137.0399932861328,1,260426_153212.000000,-6.73923397064209,3.152470827102661,0.08600109070539474,1.1146512031555176,0.7296546697616577,-0.014690235257148743,0.014502020552754402,0.08348697423934937,0.036316320300102234,0.0052436525002121925,22.0
2026-04-26T17:32:39.530177,250426_160532.984375,1,58.501190185546875,8.87370777130127,-1.7999999523162842,14.34000015258789,0.8299999833106995,11,137.0399932861328,1,260426_153212.000000,-7.29063081741333,2.5291378498077393,0.06225106492638588,0.3582616150379181,0.8628361225128174,0.010579373687505722,-0.05252956226468086,-0.031684648245573044,0.04660015553236008,0.007876538671553135,14.0
2026-04-26T17:32:45.673430,250426_160550.000000,1,58.502750396728516,8.874518394470215,11.5,61.0,0.8199999928474426,11,137.0399932861328,1,260426_153228.984375,-7.169843673706055,3.239469289779663,0.040119148790836334,0.8898109793663025,0.8587731122970581,0.03413580358028412,-0.01625116355717182,-0.013423589058220387,0.04559024050831795,0.00803895853459835,16.0
2026-04-26T17:32:48.745173,250426_160559.015625,1,58.50410079956055,8.874801635742188,18.100000381469727,61.779998779296875,0.8199999928474426,11,137.0399932861328,1,260426_153228.984375,-7.21628475189209,3.3493945598602295,0.03608650714159012,0.5863722562789917,0.7997578978538513,-0.01944807358086109,0.029426109045743942,-0.0076231639832258224,0.04663202911615372,0.007798545993864536,16.0
2026-04-26T17:32:51.822664,250426_160608.000000,1,58.505409240722656,8.873978614807129,25.600000381469727,58.5,0.8199999928474426,11,137.0399932861328,1,260426_153244.000000,-7.451892852783203,3.685725212097168,0.026828652247786522,0.5688449740409851,0.724294126033783,-0.020375514402985573,-0.009650924243032932,-0.014542168006300926,0.043468788266181946,0.006183283869177103,18.0
2026-04-26T17:32:54.739000,250426_160616.000000,1,58.5064811706543,8.873186111450195,26.399999618530273,56.349998474121094,0.8799999952316284,10,137.0399932861328,1,260426_153244.000000,-7.3330607414245605,4.17188024520874,0.09533064067363739,2.3753163814544678,0.8497403860092163,-0.07747159898281097,-0.045274436473846436,0.032191719859838486,0.02917374297976494,0.005056010093539953,22.0
2026-04-26T17:32:57.972398,250426_160616.984375,1,58.50659942626953,8.873065948486328,26.600000381469727,57.349998474121094,0.8700000047683716,10,137.0399932861328,1,260426_153244.984375,-8.227688789367676,4.590476989746094,0.13215264678001404,2.9077422618865967,0.916261613368988,-0.03477592393755913,-0.0901988297700882,-0.09010619670152664,0.03467778488993645,0.006603673566132784,22.0
2026-04-26T17:32:57.972719,250426_160616.984375,1,58.50659942626953,8.873065948486328,26.600000381469727,57.349998474121094,0.8700000047683716,10,137.0399932861328,1,260426_153244.984375,-8.227688789367676,4.590476989746094,0.13215264678001404,2.9077422618865967,0.916261613368988,-0.03477592393755913,-0.0901988297700882,-0.09010619670152664,0.03467778488993645,0.006603673566132784,22.0
2026-04-26T17:32:57.973084,250426_160616.984375,1,58.50659942626953,8.873065948486328,26.600000381469727,57.349998474121094,0.8700000047683716,10,137.0399932861328,1,260426_153244.984375,-8.227688789367676,4.590476989746094,0.13215264678001404,2.9077422618865967,0.916261613368988,-0.03477592393755913,-0.0901988297700882,-0.09010619670152664,0.03467778488993645,0.006603673566132784,22.0
2026-04-26T17:32:57.984497,250426_160616.984375,1,58.50659942626953,8.873065948486328,26.600000381469727,57.349998474121094,0.8700000047683716,10,137.0399932861328,1,260426_153244.984375,-8.227688789367676,4.590476989746094,0.13215264678001404,2.9077422618865967,0.916261613368988,-0.03477592393755913,-0.0901988297700882,-0.09010619670152664,0.03467778488993645,0.006603673566132784,22.0
2026-04-26T17:33:00.983550,250426_160626.000000,1,58.50749969482422,8.871227264404297,27.799999237060547,61.630001068115234,0.9399999976158142,9,137.0399932861328,1,260426_153244.984375,-8.36880111694336,4.911201000213623,0.04483483359217644,2.156985282897949,0.995995283126831,-0.023869501426815987,-0.03473139554262161,0.015301616862416267,0.04016022011637688,0.007936367765069008,18.0
2026-04-26T17:33:03.947100,250426_160635.015625,1,58.507850646972656,8.868606567382812,32.099998474121094,62.38999938964844,0.8600000143051147,10,137.0399932861328,1,260426_153244.984375,-8.514795303344727,4.72394323348999,0.05683642625808716,0.5617222189903259,0.9965689778327942,0.04893471300601959,-0.018229149281978607,-0.02243816666305065,0.03914804011583328,0.008154424838721752,20.0
2026-04-26T17:33:06.979551,250426_160644.000000,1,58.50836181640625,8.867058753967285,33.599998474121094,32.02000045776367,0.8199999928474426,11,137.0399932861328,1,260426_153259.015625,-8.40439224243164,4.599165439605713,0.044416580349206924,0.9673863649368286,1.004035472869873,-0.03502313420176506,-0.023359689861536026,-0.014161130413413048,0.04054511338472366,0.008259021677076817,17.0
2026-04-26T17:33:10.005223,250426_160644.984375,1,58.50846862792969,8.867094993591309,33.70000076293945,36.27000045776367,0.8199999928474426,11,137.0399932861328,1,260426_153259.015625,-8.339102745056152,5.270062446594238,0.03888678178191185,0.3061564564704895,0.8417870998382568,-0.01641429215669632,0.03514385595917702,-0.0027681163046509027,0.040870361030101776,0.007280420046299696,23.0
2026-04-26T17:33:13.162567,250426_160702.000000,1,58.51066970825195,8.866415023803711,31.600000381469727,27.280000686645508,1.8799999952316284,7,137.0399932861328,1,260426_153300.000000,-7.451246738433838,5.005568504333496,0.08410002291202545,0.43653568625450134,0.8179745674133301,0.039571039378643036,0.07381030917167664,0.007680132985115051,0.03967387229204178,0.0070880139246582985,21.0
2026-04-26T17:33:16.085466,250426_160703.015625,1,58.51068115234375,8.866304397583008,31.799999237060547,22.100000381469727,1.4299999475479126,8,137.0399932861328,1,260426_153300.000000,-7.060534954071045,4.738185405731201,0.05695625767111778,0.5968343019485474,0.6372473239898682,0.03880883753299713,0.004723779857158661,-0.04141950607299805,0.034306082874536514,0.005782088730484247,21.0
2026-04-26T17:33:16.085732,250426_160703.015625,1,58.51068115234375,8.866304397583008,31.799999237060547,22.100000381469727,1.4299999475479126,8,137.0399932861328,1,260426_153300.000000,-7.060534954071045,4.738185405731201,0.05695625767111778,0.5968343019485474,0.6372473239898682,0.03880883753299713,0.004723779857158661,-0.04141950607299805,0.034306082874536514,0.005782088730484247,21.0
2026-04-26T17:33:16.086011,250426_160703.015625,1,58.51068115234375,8.866304397583008,31.799999237060547,22.100000381469727,1.4299999475479126,8,137.0399932861328,1,260426_153300.000000,-7.060534954071045,4.738185405731201,0.05695625767111778,0.5968343019485474,0.6372473239898682,0.03880883753299713,0.004723779857158661,-0.04141950607299805,0.034306082874536514,0.005782088730484247,21.0
2026-04-26T17:33:16.171818,250426_160703.015625,1,58.51068115234375,8.866304397583008,31.799999237060547,22.100000381469727,1.4299999475479126,8,137.0399932861328,1,260426_153300.000000,-7.060534954071045,4.738185405731201,0.05695625767111778,0.5968343019485474,0.6372473239898682,0.03880883753299713,0.004723779857158661,-0.04141950607299805,0.034306082874536514,0.005782088730484247,21.0
2026-04-26T17:33:19.226219,250426_160711.015625,1,58.51007080078125,8.865571975708008,30.600000381469727,46.5099983215332,0.8700000047683716,10,137.0399932861328,1,260426_153314.000000,-6.647801399230957,4.398002624511719,0.02531895786523819,1.6319044828414917,0.546913743019104,-0.004351036623120308,-0.014874388463795185,-0.020021751523017883,0.029224207624793053,0.005306946113705635,23.0
2026-04-26T17:33:22.283472,250426_160712.000000,1,58.50994110107422,8.865496635437012,30.399999618530273,49.29999923706055,0.8799999952316284,10,137.0399932861328,1,260426_153314.000000,-6.31300163269043,4.571381568908691,0.0473267063498497,1.1812913417816162,0.477609246969223,-0.004338990896940231,0.037824131548404694,0.028112735599279404,0.025230519473552704,0.005733424331992865,24.0
2026-04-26T17:33:25.200341,250426_160720.984375,1,58.508750915527344,8.864706039428711,26.600000381469727,56.68000030517578,0.9700000882148743,9,137.0399932861328,1,260426_153314.000000,-5.3537187576293945,4.3437724113464355,0.05195657163858414,0.9995288848876953,0.4941760301589966,-0.03760382533073425,0.008024642243981361,-0.03494342416524887,0.027425918728113174,0.0066567715257406235,22.0
2026-04-26T17:33:28.364831,250426_160728.984375,1,58.507720947265625,8.863862991333008,27.299999237060547,55.11000061035156,1.0499999523162842,8,137.0399932861328,1,260426_153315.015625,-4.998652935028076,4.292082786560059,0.056044984608888626,1.730051040649414,0.5938486456871033,-0.03263489156961441,0.026873281225562096,0.03679444268345833,0.025220287963747978,0.005774619523435831,24.0
2026-04-26T17:33:31.341335,250426_160738.000000,1,58.50666046142578,8.862854957580566,26.799999237060547,51.119998931884766,0.949999988079071,9,137.0399932861328,1,260426_153315.015625,-4.821135520935059,3.7524430751800537,0.1178978681564331,1.3376861810684204,0.6284459829330444,0.11749610304832458,-0.007092146202921867,-0.006653726100921631,0.024128196761012077,0.006171081680804491,26.0
2026-04-26T17:33:34.421905,250426_160739.015625,1,58.50653839111328,8.862763404846191,26.700000762939453,48.689998626708984,0.9599999189376831,9,137.0399932861328,1,260426_153315.015625,-5.21783971786499,3.2800235748291016,0.04541270062327385,0.3313450515270233,0.6162683963775635,0.02819649875164032,-0.03499062731862068,0.00655185803771019,0.026013435795903206,0.005807861220091581,24.0
2026-04-26T17:33:37.493194,250426_160747.015625,1,58.5059814453125,8.862105369567871,26.0,25.260000228881836,0.8799999952316284,10,137.0399932861328,1,260426_153315.015625,-5.301601409912109,3.9131202697753906,0.04237695783376694,0.6714271306991577,0.5766521096229553,-0.03681753948330879,0.020979681983590126,-0.00035813782596960664,0.02618122473359108,0.005061979405581951,23.0
2026-04-26T17:33:40.504603,250426_160756.000000,1,58.50598907470703,8.860456466674805,25.899999618530273,44.189998626708984,0.8399999737739563,11,137.0399932861328,1,260426_153315.015625,-5.467221260070801,3.9257187843322754,0.016699152067303658,0.4739110469818115,0.58148592710495,0.01569235511124134,-0.00538001349195838,-0.001914976048283279,0.024609381332993507,0.0038776970468461514,21.0
2026-04-26T17:33:43.528990,250426_160804.000000,1,58.50524139404297,8.859207153320312,20.0,53.939998626708984,0.8399999737739563,11,210.57000732421875,1,260426_153330.000000,-4.674536228179932,3.954765558242798,0.06486983597278595,1.317214012145996,0.7001348733901978,0.007135522086173296,0.06447605788707733,-0.00013189390301704407,0.028005560860037804,0.004477369599044323,21.0
2026-04-26T17:33:43.529487,250426_160804.000000,1,58.50524139404297,8.859207153320312,20.0,53.939998626708984,0.8399999737739563,11,210.57000732421875,1,260426_153330.000000,-4.674536228179932,3.954765558242798,0.06486983597278595,1.317214012145996,0.7001348733901978,0.007135522086173296,0.06447605788707733,-0.00013189390301704407,0.028005560860037804,0.004477369599044323,21.0
2026-04-26T17:33:43.562084,250426_160804.000000,1,58.50524139404297,8.859207153320312,20.0,53.939998626708984,0.8399999737739563,11,210.57000732421875,1,260426_153330.000000,-4.674536228179932,3.954765558242798,0.06486983597278595,1.317214012145996,0.7001348733901978,0.007135522086173296,0.06447605788707733,-0.00013189390301704407,0.028005560860037804,0.004477369599044323,21.0
2026-04-26T17:33:46.516317,250426_160804.984375,1,58.50511932373047,8.859075546264648,19.700000762939453,52.91999816894531,0.8199999928474426,11,210.57000732421875,1,260426_153330.000000,-3.8572146892547607,4.0747599601745605,0.07461416721343994,0.5395151972770691,0.6976928114891052,0.002602117136120796,0.06660187989473343,0.03353643789887428,0.025530925020575523,0.0041286577470600605,21.0
2026-04-26T17:33:46.518091,250426_160804.984375,1,58.50511932373047,8.859075546264648,19.700000762939453,52.91999816894531,0.8199999928474426,11,210.57000732421875,1,260426_153330.000000,-3.8572146892547607,4.0747599601745605,0.07461416721343994,0.5395151972770691,0.6976928114891052,0.002602117136120796,0.06660187989473343,0.03353643789887428,0.025530925020575523,0.0041286577470600605,21.0
2026-04-26T17:33:49.667976,250426_160812.984375,1,58.50421905517578,8.858197212219238,19.299999237060547,49.040000915527344,0.8199999928474426,11,210.57000732421875,1,260426_153330.000000,-3.4632327556610107,3.5248513221740723,0.11833129078149796,1.3831870555877686,0.7048529982566833,0.10828432440757751,0.03377746790647507,0.033702827990055084,0.027675164863467216,0.005111888516694307,21.0
2026-04-26T17:33:52.679999,250426_160822.000000,1,58.50386047363281,8.856395721435547,17.600000381469727,50.41999816894531,0.8199999928474426,11,210.57000732421875,1,260426_153330.000000,-2.3841025829315186,3.9228997230529785,0.04060472175478935,0.7882102131843567,0.8072249293327332,-0.026799149811267853,-0.029122214764356613,0.009079957380890846,0.03485574200749397,0.00764559768140316,22.0
2026-04-26T17:33:55.710377,250426_160831.015625,1,58.50389099121094,8.8543701171875,20.399999618530273,47.599998474121094,1.0499999523162842,9,210.57000732421875,1,260426_153330.000000,-3.0509729385375977,3.781029462814331,0.12455727159976959,0.6118977665901184,0.6971058249473572,0.017751462757587433,-0.12005958706140518,-0.02801952138543129,0.04027802497148514,0.008714762516319752,18.0
2026-04-26T17:33:55.710846,250426_160831.015625,1,58.50389099121094,8.8543701171875,20.399999618530273,47.599998474121094,1.0499999523162842,9,210.57000732421875,1,260426_153330.000000,-3.0509729385375977,3.781029462814331,0.12455727159976959,0.6118977665901184,0.6971058249473572,0.017751462757587433,-0.12005958706140518,-0.02801952138543129,0.04027802497148514,0.008714762516319752,18.0
2026-04-26T17:33:55.711188,250426_160831.015625,1,58.50389099121094,8.8543701171875,20.399999618530273,47.599998474121094,1.0499999523162842,9,210.57000732421875,1,260426_153330.000000,-3.0509729385375977,3.781029462814331,0.12455727159976959,0.6118977665901184,0.6971058249473572,0.017751462757587433,-0.12005958706140518,-0.02801952138543129,0.04027802497148514,0.008714762516319752,18.0
2026-04-26T17:33:55.712349,250426_160831.015625,1,58.50389099121094,8.8543701171875,20.399999618530273,47.599998474121094,1.0499999523162842,9,210.57000732421875,1,260426_153330.000000,-3.0509729385375977,3.781029462814331,0.12455727159976959,0.6118977665901184,0.6971058249473572,0.017751462757587433,-0.12005958706140518,-0.02801952138543129,0.04027802497148514,0.008714762516319752,18.0
2026-04-26T17:33:58.772050,250426_160832.000000,1,58.50389099121094,8.854145050048828,21.200000762939453,46.11000061035156,0.8199999928474426,11,210.57000732421875,1,260426_153330.000000,-4.091187953948975,3.6261165142059326,0.08104418963193893,0.04974667727947235,0.6230617165565491,0.01122660655528307,-0.08019129186868668,-0.0033882888965308666,0.03945649787783623,0.00897283386439085,14.0
2026-04-26T17:34:01.739704,250426_160840.000000,1,58.50325012207031,8.853203773498535,25.799999237060547,47.29999923706055,0.8199999928474426,11,210.57000732421875,1,260426_153346.000000,-5.128981113433838,3.4708502292633057,0.06458522379398346,0.10661700367927551,0.6213406920433044,0.010197210125625134,-0.06373298168182373,0.0023184374440461397,0.03832283616065979,0.008848368190228939,8.0
2026-04-26T17:34:04.812739,250426_160848.984375,1,58.50218963623047,8.85340404510498,30.5,46.5,0.8399999737739563,11,210.57000732421875,1,260426_153346.000000,-5.368370056152344,3.4093754291534424,0.019099727272987366,0.21556900441646576,0.5867235660552979,0.003415508195757866,0.018139194697141647,0.004909534938633442,0.04150243103504181,0.007515821605920792,7.0
2026-04-26T17:34:07.953418,250426_160850.000000,1,58.502079010009766,8.853315353393555,31.100000381469727,49.75,0.8700000047683716,10,210.57000732421875,1,260426_153346.000000,-5.485056400299072,3.3711438179016113,0.06882040947675705,0.9297066926956177,0.2757662832736969,0.05017074942588806,-0.012880545109510422,-0.04531265050172806,0.036510124802589417,0.005443432833999395,4.0
2026-04-26T17:34:10.961829,250426_160856.984375,1,58.50127029418945,8.852639198303223,35.099998474121094,49.75,0.8999999761581421,10,210.57000732421875,1,260426_153400.984375,-6.320434093475342,3.4909908771514893,0.09366056323051453,0.38864970207214355,0.3964783549308777,-0.04216107726097107,-0.08322552591562271,0.008261795155704021,0.02495834231376648,0.004299758467823267,6.0
2026-04-26T17:34:13.970525,250426_160858.000000,1,58.501129150390625,8.852636337280273,35.70000076293945,53.709999084472656,0.8700000047683716,10,210.57000732421875,1,260426_153400.984375,-6.447103500366211,3.6808793544769287,0.02466508373618126,0.21952450275421143,0.39160868525505066,-0.01813207007944584,-0.016683457419276237,-0.0011210553348064423,0.025222528725862503,0.0032434361055493355,10.0
2026-04-26T17:34:16.970622,250426_160859.015625,1,58.500999450683594,8.852675437927246,36.29999923706055,52.59000015258789,0.8799999952316284,10,210.57000732421875,1,260426_153400.984375,-6.598751068115234,3.8849611282348633,0.014142212457954884,0.08579958230257034,0.4148189127445221,-0.01401989534497261,-0.00033020737464539707,0.0018263814272359014,0.027165735140442848,0.0024477369152009487,12.0
2026-04-26T17:34:20.149963,250426_160907.015625,1,58.49998092651367,8.852883338928223,39.5,49.02000045776367,0.8799999952316284,10,210.57000732421875,1,260426_153400.984375,-7.022404193878174,4.025722026824951,0.105378158390522,0.2405620962381363,0.4020291864871979,-0.0038054438773542643,-0.1051628440618515,0.0055542862974107265,0.030086280778050423,0.0027787566650658846,15.0
2026-04-26T17:34:23.143251,250426_160908.000000,1,58.49987030029297,8.852801322937012,39.400001525878906,50.58000183105469,0.8799999952316284,10,210.57000732421875,1,260426_153400.984375,-8.067671775817871,4.382465362548828,0.182286337018013,1.7754254341125488,0.5249159932136536,-0.03490209951996803,-0.15125979483127594,0.09555430710315704,0.043389469385147095,0.004924936685711145,17.0
2026-04-26T17:34:26.119254,250426_160916.000000,1,58.49898910522461,8.851913452148438,38.5,47.63999938964844,0.8399999737739563,11,210.57000732421875,1,260426_153400.984375,-10.07993221282959,3.4962141513824463,0.10810644179582596,1.0343666076660156,0.6642677783966064,0.042166680097579956,-0.08631253242492676,0.04958953335881233,0.05704083666205406,0.009498650208115578,17.0
2026-04-26T17:34:29.196799,250426_160916.984375,1,58.498878479003906,8.851835250854492,38.599998474121094,47.63999938964844,0.8199999928474426,11,210.57000732421875,1,260426_153400.984375,-10.520684242248535,3.6616833209991455,0.019960952922701836,0.1880839467048645,0.6915372610092163,-0.01930208131670952,-0.005035792011767626,0.0007142409449443221,0.056165456771850586,0.010293487459421158,17.0
2026-04-26T17:34:32.199495,250426_160924.984375,1,58.49795150756836,8.851995468139648,34.900001525878906,45.279998779296875,0.8399999737739563,11,210.57000732421875,1,260426_153400.984375,-10.436850547790527,3.739306926727295,0.060224492102861404,0.7419137358665466,0.8106870651245117,0.0010974789038300514,0.03713088855147362,-0.047403402626514435,0.050605785101652145,0.011174988932907581,16.0
2026-04-26T17:34:35.350258,250426_160934.000000,1,58.4969482421875,8.852192878723145,32.099998474121094,37.11000061035156,0.8399999737739563,11,210.57000732421875,1,260426_153432.000000,-10.150544166564941,3.442289352416992,0.11056216061115265,0.3295610249042511,0.7955930829048157,0.08579304814338684,0.06454344093799591,0.02641378715634346,0.05114445462822914,0.010172213427722454,18.0
2026-04-26T17:34:38.412220,250426_160935.015625,1,58.49686050415039,8.852167129516602,31.700000762939453,37.220001220703125,0.8199999928474426,11,210.57000732421875,1,260426_153432.000000,-9.907429695129395,2.9820547103881836,0.05925562232732773,0.993666410446167,0.7418827414512634,0.049350108951330185,0.02460351586341858,0.02169014699757099,0.04483455419540405,0.007819685153663158,18.0
2026-04-26T17:34:41.375797,250426_160943.015625,1,58.496150970458984,8.850763320922852,29.799999237060547,57.93000030517578,0.8700000047683716,10,210.57000732421875,1,260426_153432.000000,-9.731642723083496,3.098407030105591,0.08415312319993973,1.3414225578308105,0.7727625966072083,-0.05406055971980095,-0.012704421766102314,0.06322816759347916,0.03841594606637955,0.005162037443369627,16.0
2026-04-26T17:34:44.446985,250426_160952.000000,1,58.49542999267578,8.84861946105957,25.100000381469727,57.22999954223633,0.9300000071525574,9,210.57000732421875,1,260426_153432.984375,-9.553396224975586,3.056406259536743,0.05107175186276436,1.0214505195617676,1.1774870157241821,-0.017034852877259254,0.03337068110704422,0.03470641374588013,0.04776400327682495,0.0074794720858335495,18.0
2026-04-26T17:34:47.458340,250426_161000.984375,1,58.4948616027832,8.84682846069336,20.899999618530273,35.20000076293945,0.8899999856948853,9,210.57000732421875,1,260426_153432.984375,-8.913104057312012,3.2312428951263428,0.03935312479734421,0.5749576091766357,1.160295009613037,0.02343735471367836,0.02841969020664692,-0.013844852335751057,0.04565936326980591,0.008173611015081406,18.0
2026-04-26T17:34:50.616370,250426_161002.000000,1,58.49481964111328,8.84666919708252,20.600000381469727,37.88999938964844,0.9200000166893005,9,210.57000732421875,1,260426_153432.984375,-8.803147315979004,3.317660331726074,0.070650614798069,1.3968030214309692,1.149011254310608,-0.06196991726756096,0.03333331272006035,-0.0063347648829221725,0.04508289694786072,0.008214195258915424,18.0
2026-04-26T17:34:53.522130,250426_161011.015625,1,58.49419021606445,8.844951629638672,18.100000381469727,50.02000045776367,0.8399999737739563,11,210.57000732421875,1,260426_153432.984375,-7.671839714050293,4.3907904624938965,0.10258757323026657,2.213663101196289,1.41253662109375,-0.09529925137758255,0.006780344992876053,-0.03736695647239685,0.05205044522881508,0.01192963495850563,20.0
2026-04-26T17:34:56.632824,250426_161019.015625,1,58.493431091308594,8.84371566772461,16.700000762939453,52.91999816894531,0.8199999928474426,11,210.57000732421875,1,260426_153448.000000,-7.585440158843994,4.4796576499938965,0.06428740173578262,0.7008281946182251,1.4418262243270874,0.04732302948832512,-0.0001610242761671543,0.04351292550563812,0.04889683052897453,0.011297582648694515,20.0
2026-04-26T17:34:59.704894,250426_161028.000000,1,58.4923095703125,8.842883110046387,14.5,49.13999938964844,0.8199999928474426,11,210.57000732421875,1,260426_153448.000000,-7.3048248291015625,4.684140205383301,0.03972266986966133,1.1894103288650513,1.2357157468795776,0.020813964307308197,0.02829885482788086,0.01854303851723671,0.042452868074178696,0.009391769766807556,18.0
2026-04-26T17:35:02.786728,250426_161036.984375,1,58.491241455078125,8.842193603515625,11.699999809265137,52.2599983215332,0.8199999928474426,11,210.57000732421875,1,260426_153448.000000,-7.7429070472717285,5.446245193481445,0.17423982918262482,3.5557777881622314,1.3023585081100464,-0.16594374179840088,0.04658582806587219,0.025533335283398628,0.04300586134195328,0.01030519139021635,23.0
2026-04-26T17:35:05.736036,250426_161044.984375,1,58.490360260009766,8.841601371765137,12.300000190734863,41.439998626708984,0.8199999928474426,11,210.57000732421875,1,260426_153448.984375,-6.174056053161621,5.5287322998046875,0.21294791996479034,2.354334831237793,1.293456792831421,0.06945114582777023,0.20125223696231842,-0.004570832476019859,0.05286630243062973,0.01373818889260292,25.0
2026-04-26T17:35:08.796420,250426_161046.000000,1,58.49026870727539,8.841527938842773,12.600000381469727,42.5099983215332,0.8500000238418579,11,210.57000732421875,1,260426_153448.984375,-6.611270904541016,5.3142900466918945,0.12196923047304153,1.55901300907135,1.260427713394165,0.03610420599579811,-0.11544528603553772,0.015664126724004745,0.04879220202565193,0.012657981365919113,23.0
2026-04-26T17:35:11.889575,250426_161103.015625,1,58.488590240478516,8.839676856994629,13.199999809265137,52.7400016784668,0.8500000238418579,11,210.57000732421875,1,260426_153504.000000,-7.507349014282227,5.1803364753723145,0.06945177167654037,0.25283142924308777,0.9209495186805725,0.014626527205109596,-0.04873456433415413,0.047271084040403366,0.04846472293138504,0.01319133024662733,21.0
2026-04-26T17:35:14.877201,250426_161104.000000,1,58.48854064941406,8.839421272277832,13.0,54.9900016784668,0.8500000238418579,11,210.57000732421875,1,260426_153504.000000,-8.280923843383789,4.804388046264648,0.09214203804731369,0.5571500062942505,0.9267002940177917,0.0007041869685053825,-0.08569058030843735,0.033864185214042664,0.04525478929281235,0.014204705134034157,23.0
2026-04-26T17:35:17.958051,250426_161112.000000,1,58.48781967163086,8.838165283203125,17.200000762939453,54.9900016784668,0.8500000238418579,11,210.57000732421875,1,260426_153504.000000,-8.827080726623535,4.699477195739746,0.07299206405878067,0.874343991279602,0.780826210975647,0.031344253569841385,-0.0651976466178894,0.00972859188914299,0.047032564878463745,0.013786251656711102,23.0
2026-04-26T17:35:21.002578,250426_161112.984375,1,58.487709045410156,8.838106155395508,17.600000381469727,46.68000030517578,0.8199999928474426,11,210.57000732421875,1,260426_153504.000000,-8.075243949890137,4.626216411590576,0.14756369590759277,0.6178441047668457,0.6014660000801086,0.002744613215327263,0.14586611092090607,0.022149311378598213,0.04221133515238762,0.010142595507204533,19.0
2026-04-26T17:35:24.118940,250426_161120.984375,1,58.48674011230469,8.838056564331055,19.799999237060547,43.5,0.8199999928474426,11,210.57000732421875,1,260426_153504.000000,-7.123006820678711,4.909413814544678,0.10042387992143631,0.8866958618164062,1.1810036897659302,0.028207607567310333,-0.09572745859622955,-0.011204435490071774,0.08556585013866425,0.018638290464878082,17.0
2026-04-26T17:35:27.024184,250426_161130.000000,1,58.48606872558594,8.836801528930664,19.200000762939453,43.56999969482422,0.8199999928474426,11,210.57000732421875,1,260426_153504.984375,-8.658944129943848,4.687745571136475,0.05797289311885834,2.207528591156006,1.619112253189087,0.017939668148756027,-0.03985917195677757,-0.03808242455124855,0.0886329859495163,0.02078690379858017,17.0
2026-04-26T17:35:30.132705,250426_161138.000000,1,58.4852409362793,8.836124420166016,20.899999618530273,46.97999954223633,0.8500000238418579,11,210.57000732421875,1,260426_153504.984375,-7.619997024536133,4.556244850158691,0.1431179940700531,0.661267101764679,1.6250840425491333,0.010214976966381073,0.14243267476558685,0.009557656943798065,0.08804395794868469,0.022077756002545357,19.0
2026-04-26T17:35:33.186898,250426_161139.015625,1,58.4851188659668,8.836111068725586,21.200000762939453,47.540000915527344,0.8500000238418579,11,210.57000732421875,1,260426_153520.000000,-8.540034294128418,4.549068927764893,0.10555808991193771,1.0072749853134155,1.6259554624557495,-0.015905173495411873,-0.0872945711016655,0.057176876813173294,0.0869932547211647,0.0276060588657856,15.0
2026-04-26T17:35:36.291738,250426_161148.000000,1,58.48453140258789,8.834614753723145,19.100000381469727,47.810001373291016,0.8500000238418579,11,210.57000732421875,1,260426_153520.000000,-9.18160629272461,4.6778740882873535,0.031109191477298737,0.9444485306739807,1.6257915496826172,-0.014307785779237747,-0.02439597062766552,-0.012957839295268059,0.08664725720882416,0.02738906443119049,17.0
2026-04-26T17:35:39.233567,250426_161204.984375,1,58.48358917236328,8.831437110900879,10.399999618530273,58.06999969482422,0.8199999928474426,11,210.57000732421875,1,260426_153520.000000,-9.079580307006836,5.413933277130127,0.050973426550626755,1.4104602336883545,1.3430368900299072,-0.008144584484398365,0.02094118669629097,0.04575394093990326,0.055216286331415176,0.016276640817523003,19.0
2026-04-26T17:35:39.233944,250426_161204.984375,1,58.48358917236328,8.831437110900879,10.399999618530273,58.06999969482422,0.8199999928474426,11,210.57000732421875,1,260426_153520.000000,-9.079580307006836,5.413933277130127,0.050973426550626755,1.4104602336883545,1.3430368900299072,-0.008144584484398365,0.02094118669629097,0.04575394093990326,0.055216286331415176,0.016276640817523003,19.0
2026-04-26T17:35:39.234231,250426_161204.984375,1,58.48358917236328,8.831437110900879,10.399999618530273,58.06999969482422,0.8199999928474426,11,210.57000732421875,1,260426_153520.000000,-9.079580307006836,5.413933277130127,0.050973426550626755,1.4104602336883545,1.3430368900299072,-0.008144584484398365,0.02094118669629097,0.04575394093990326,0.055216286331415176,0.016276640817523003,19.0
2026-04-26T17:35:39.252451,250426_161204.984375,1,58.48358917236328,8.831437110900879,10.399999618530273,58.06999969482422,0.8199999928474426,11,210.57000732421875,1,260426_153520.000000,-9.079580307006836,5.413933277130127,0.050973426550626755,1.4104602336883545,1.3430368900299072,-0.008144584484398365,0.02094118669629097,0.04575394093990326,0.055216286331415176,0.016276640817523003,19.0
2026-04-26T17:35:42.300818,250426_161206.000000,1,58.48345947265625,8.831361770629883,9.699999809265137,56.22999954223633,0.8199999928474426,11,210.57000732421875,1,260426_153520.000000,-7.686956405639648,4.653100490570068,0.1261807233095169,0.6638985872268677,0.74932461977005,0.03432933986186981,0.11877881735563278,0.025192543864250183,0.05058344081044197,0.014616137370467186,19.0
2026-04-26T17:35:45.371337,250426_161214.000000,1,58.4824104309082,8.830617904663086,8.199999809265137,57.9900016784668,0.8199999928474426,11,210.57000732421875,1,260426_153520.000000,-8.132752418518066,3.106785774230957,0.120321124792099,0.9141186475753784,0.6677281856536865,0.10695172846317291,-0.05231543630361557,-0.017366589978337288,0.04066161438822746,0.012789308093488216,17.0
2026-04-26T17:35:48.341909,250426_161215.015625,1,58.482269287109375,8.830526351928711,9.0,59.95000076293945,0.8500000238418579,11,210.57000732421875,1,260426_153536.000000,-8.496746063232422,2.945244312286377,0.03420766070485115,0.9429179430007935,0.7384666204452515,-0.014124431647360325,-0.031117567792534828,0.0015367758460342884,0.0333998017013073,0.01053121592849493,19.0
2026-04-26T17:35:51.412591,250426_161223.015625,1,58.48112106323242,8.829866409301758,11.5,59.619998931884766,0.9599999189376831,9,210.57000732421875,1,260426_153536.000000,-7.831879615783691,3.081380605697632,0.11973899602890015,0.7799354791641235,0.7399001121520996,0.03390903025865555,0.1070963442325592,-0.04144848883152008,0.03358105197548866,0.011043723672628403,19.0
2026-04-26T17:35:54.486269,250426_161224.000000,1,58.480979919433594,8.829788208007812,11.600000381469727,58.38999938964844,0.9599999189376831,9,210.57000732421875,1,260426_153536.000000,-7.102705955505371,3.423487901687622,0.05432375520467758,0.5761830806732178,0.6116853952407837,-0.025646906346082687,0.04407539591193199,0.018726076930761337,0.03318090736865997,0.010161340236663818,17.0
2026-04-26T17:35:57.555895,250426_161232.984375,1,58.4799690246582,8.828289031982422,12.899999618530273,62.029998779296875,0.9900000095367432,10,210.57000732421875,1,260426_153536.000000,-5.9252214431762695,3.439112424850464,0.11645181477069855,0.6386502981185913,0.7164477109909058,0.06285727024078369,0.08729469776153564,0.04460518807172775,0.030815809965133667,0.009403700940310955,21.0
2026-04-26T17:36:00.547377,250426_161240.984375,1,58.47916030883789,8.826803207397461,13.699999809265137,52.38999938964844,0.8500000238418579,11,210.57000732421875,1,260426_153552.000000,-5.534181118011475,3.0088107585906982,0.06750833988189697,1.0023621320724487,0.7290154695510864,-0.03588118404150009,-0.04204905405640602,0.03875298053026199,0.03026888705790043,0.007405579090118408,19.0
2026-04-26T17:36:03.712040,250426_161242.000000,1,58.47908020019531,8.826620101928711,13.699999809265137,51.369998931884766,0.8199999928474426,11,210.57000732421875,1,260426_153552.000000,-5.065718650817871,2.4521141052246094,0.125638946890831,0.955165684223175,0.6806249618530273,0.09186956286430359,0.08381958305835724,0.017871953547000885,0.030676696449518204,0.008278652094304562,14.0
2026-04-26T17:36:06.734127,250426_161250.000000,1,58.478519439697266,8.82508659362793,14.5,46.290000915527344,0.9900000095367432,10,210.57000732421875,1,260426_153552.000000,-4.9759345054626465,5.18398904800415,0.23560325801372528,1.644561529159546,0.8735455870628357,-0.22806692123413086,0.003373822197318077,-0.0590168759226799,0.07043887674808502,0.01779738813638687,16.0
2026-04-26T17:36:12.812572,250426_161259.015625,1,58.478111267089844,8.82342529296875,17.200000762939453,42.06999969482422,0.8500000238418579,11,210.57000732421875,1,260426_153552.984375,-5.416329383850098,7.66618013381958,0.06669247150421143,1.0656675100326538,1.1453675031661987,-0.044367603957653046,-0.04432465881109238,-0.022687580436468124,0.08171708881855011,0.02461516298353672,18.0
2026-04-26T17:36:15.771468,250426_161300.000000,1,58.47808074951172,8.823193550109863,17.799999237060547,47.02000045776367,0.8199999928474426,11,210.57000732421875,1,260426_153608.000000,-6.69150972366333,7.231309413909912,0.16328153014183044,2.453308343887329,1.1950256824493408,0.11490169167518616,-0.1100781261920929,-0.03662329912185669,0.07769841700792313,0.02884087711572647,16.0
2026-04-26T17:36:18.853390,250426_161308.984375,1,58.47808074951172,8.823193550109863,17.799999237060547,58.47999954223633,0.8199999928474426,11,210.57000732421875,1,260426_153608.000000,-7.125141143798828,6.275871753692627,0.1743411123752594,1.7066155672073364,1.1884968280792236,0.14462581276893616,-0.051736388355493546,-0.08247145265340805,0.0729781985282898,0.030070362612605095,16.0
2026-04-26T17:36:21.930423,250426_161316.984375,1,58.47877883911133,8.819168090820312,19.0,54.90999984741211,1.0299999713897705,9,210.57000732421875,1,260426_153608.000000,-8.469279289245605,4.919356822967529,0.17067857086658478,0.8109964728355408,1.1110172271728516,0.09415566921234131,-0.13339152932167053,0.049725089222192764,0.059284817427396774,0.02461743913590908,18.0
2026-04-26T17:36:21.931277,250426_161316.984375,1,58.47877883911133,8.819168090820312,19.0,54.90999984741211,1.0299999713897705,9,210.57000732421875,1,260426_153608.000000,-8.469279289245605,4.919356822967529,0.17067857086658478,0.8109964728355408,1.1110172271728516,0.09415566921234131,-0.13339152932167053,0.049725089222192764,0.059284817427396774,0.02461743913590908,18.0
2026-04-26T17:36:21.932201,250426_161316.984375,1,58.47877883911133,8.819168090820312,19.0,54.90999984741211,1.0299999713897705,9,210.57000732421875,1,260426_153608.000000,-8.469279289245605,4.919356822967529,0.17067857086658478,0.8109964728355408,1.1110172271728516,0.09415566921234131,-0.13339152932167053,0.049725089222192764,0.059284817427396774,0.02461743913590908,18.0
2026-04-26T17:36:24.908419,250426_161318.000000,1,58.478660583496094,8.818954467773438,19.0,54.189998626708984,1.0299999713897705,9,210.57000732421875,1,260426_153608.000000,-9.974474906921387,4.9696879386901855,0.1306311935186386,0.730883777141571,0.6886464953422546,-0.11794064939022064,-0.04625906050205231,0.03185292333364487,0.04665859043598175,0.01911327987909317,14.0
2026-04-26T17:36:27.988294,250426_161326.000000,1,58.477760314941406,8.817977905273438,18.0,49.0099983215332,0.8500000238418579,11,210.57000732421875,1,260426_153608.000000,-9.640541076660156,5.595290184020996,0.07410819828510284,1.714968204498291,0.6845837235450745,0.04235824942588806,0.03585941717028618,-0.04911116510629654,0.04702432081103325,0.01803707331418991,20.0
2026-04-26T17:36:31.046031,250426_161335.015625,1,58.477439880371094,8.817081451416016,16.299999237060547,32.86000061035156,0.8500000238418579,11,210.57000732421875,1,260426_153608.000000,-9.78508472442627,4.36543083190918,0.13730591535568237,0.7753366231918335,0.7052218914031982,0.13004891574382782,-0.0384664386510849,0.02145984396338463,0.04213276877999306,0.016917379572987556,23.0
2026-04-26T17:36:34.100790,250426_161343.015625,1,58.4782600402832,8.815531730651855,16.399999618530273,72.04000091552734,1.5700000524520874,8,318.92999267578125,1,260426_153608.000000,-9.784233093261719,3.1758129596710205,0.06770244240760803,1.2384204864501953,0.6682775020599365,0.035969167947769165,0.056140679866075516,0.011750034987926483,0.03727325052022934,0.013060096651315689,19.0
2026-04-26T17:36:37.190473,250426_161344.000000,1,58.47840881347656,8.815313339233398,16.600000381469727,75.25,1.559999942779541,8,318.92999267578125,1,260426_153624.000000,-9.700592041015625,2.376309394836426,0.10361182689666748,0.8002670407295227,0.6697207093238831,0.09673377126455307,-0.02265188843011856,-0.02940884232521057,0.03582347556948662,0.011713117361068726,17.0
2026-04-26T17:36:37.214515,250426_161344.000000,1,58.47840881347656,8.815313339233398,16.600000381469727,75.25,1.559999942779541,8,318.92999267578125,1,260426_153624.000000,-9.700592041015625,2.376309394836426,0.10361182689666748,0.8002670407295227,0.6697207093238831,0.09673377126455307,-0.02265188843011856,-0.02940884232521057,0.03582347556948662,0.011713117361068726,17.0
2026-04-26T17:36:40.151758,250426_161352.000000,1,58.479679107666016,8.813732147216797,18.899999618530273,70.98001098632812,0.8799999952316284,10,318.92999267578125,1,260426_153624.000000,-10.442911148071289,1.8360801935195923,0.12600578367710114,1.204830288887024,0.7033908367156982,0.042580604553222656,-0.11763336509466171,0.015057947486639023,0.03473887965083122,0.011126214638352394,19.0
2026-04-26T17:36:43.232563,250426_161352.984375,1,58.47983932495117,8.813581466674805,19.200000762939453,69.76000213623047,0.8899999856948853,10,318.92999267578125,1,260426_153624.000000,-11.085147857666016,1.806577444076538,0.0707893818616867,0.9546493887901306,0.6879486441612244,-0.0008972170180641115,-0.06974857300519943,-0.012061021290719509,0.032900940626859665,0.011406426317989826,15.0
2026-04-26T17:36:46.414562,250426_161400.984375,1,58.48088836669922,8.812776565551758,22.100000381469727,35.70000076293945,0.8899999856948853,10,318.92999267578125,1,260426_153639.015625,-11.696969985961914,1.9462289810180664,0.0747755840420723,0.6993120908737183,0.5579386353492737,0.06346800178289413,0.010740452446043491,-0.03805055096745491,0.023909438401460648,0.008907862938940525,16.0
2026-04-26T17:36:49.328301,250426_161410.000000,1,58.48162841796875,8.812447547912598,25.0,50.290000915527344,0.8600000143051147,11,318.92999267578125,1,260426_153639.015625,-11.533222198486328,2.4235708713531494,0.0666184201836586,1.1390589475631714,0.5856345891952515,0.026404405012726784,0.03760125860571861,-0.048238642513751984,0.02789381891489029,0.007502874359488487,22.0
2026-04-26T17:36:52.340649,250426_161411.015625,1,58.48175811767578,8.812365531921387,25.5,55.72999954223633,0.8199999928474426,11,318.92999267578125,1,260426_153640.000000,-11.653386116027832,2.478607654571533,0.07038548588752747,1.6267006397247314,0.614678680896759,-0.013630270026624203,0.05612567439675331,-0.040227361023426056,0.03017197549343109,0.00668435450643301,22.0
2026-04-26T17:36:55.407040,250426_161420.000000,1,58.483211517333984,8.811238288879395,32.0,79.27999877929688,0.8799999952316284,10,318.92999267578125,1,260426_153640.000000,-11.169118881225586,2.9772095680236816,0.08353310078382492,1.2442727088928223,0.7120009064674377,-0.009138609282672405,0.05232043191790581,-0.06447353214025497,0.030570413917303085,0.0066796778701245785,20.0
2026-04-26T17:36:58.661334,250426_161428.000000,1,58.48440170288086,8.80925464630127,35.400001525878906,79.27999877929688,1.1100000143051147,8,318.92999267578125,1,260426_153640.000000,-10.544109344482422,3.570880651473999,0.07559370994567871,0.9736149311065674,0.8768747448921204,-0.04271253943443298,0.061776407063007355,-0.008586226962506771,0.033449042588472366,0.0074324943125247955,20.0
2026-04-26T17:37:01.555368,250426_161428.984375,1,58.48455047607422,8.808989524841309,36.0,76.93000030517578,1.1100000143051147,8,318.92999267578125,1,260426_153655.015625,-9.509942054748535,4.660058975219727,0.17217715084552765,0.23888500034809113,0.896232545375824,-0.1568693220615387,0.05875802040100098,0.03980556130409241,0.03783106058835983,0.00908991601318121,17.0
2026-04-26T17:37:01.555826,250426_161428.984375,1,58.48455047607422,8.808989524841309,36.0,76.93000030517578,1.1100000143051147,8,318.92999267578125,1,260426_153655.015625,-9.509942054748535,4.660058975219727,0.17217715084552765,0.23888500034809113,0.896232545375824,-0.1568693220615387,0.05875802040100098,0.03980556130409241,0.03783106058835983,0.00908991601318121,17.0
2026-04-26T17:37:01.556195,250426_161428.984375,1,58.48455047607422,8.808989524841309,36.0,76.93000030517578,1.1100000143051147,8,318.92999267578125,1,260426_153655.015625,-9.509942054748535,4.660058975219727,0.17217715084552765,0.23888500034809113,0.896232545375824,-0.1568693220615387,0.05875802040100098,0.03980556130409241,0.03783106058835983,0.00908991601318121,17.0
2026-04-26T17:37:01.577625,250426_161428.984375,1,58.48455047607422,8.808989524841309,36.0,76.93000030517578,1.1100000143051147,8,318.92999267578125,1,260426_153655.015625,-9.509942054748535,4.660058975219727,0.17217715084552765,0.23888500034809113,0.896232545375824,-0.1568693220615387,0.05875802040100098,0.03980556130409241,0.03783106058835983,0.00908991601318121,17.0
2026-04-26T17:37:04.507341,250426_161438.000000,1,58.48577880859375,8.80703067779541,34.70000076293945,70.80999755859375,1.1100000143051147,8,318.92999267578125,1,260426_153655.015625,-8.062228202819824,5.439295291900635,0.19779372215270996,1.9858747720718384,0.892797589302063,-0.09398315846920013,0.16533628106117249,0.05434552580118179,0.03581682965159416,0.011749898083508015,15.0
2026-04-26T17:37:07.631707,250426_161447.015625,1,58.486228942871094,8.804383277893066,34.0,56.65999984741211,0.8600000143051147,11,318.92999267578125,1,260426_153655.015625,-7.1980414390563965,5.604573726654053,0.10344022512435913,1.2495450973510742,0.9994404315948486,-0.026947874575853348,0.0997081995010376,0.005653836764395237,0.02873046323657036,0.013340997509658337,15.0
2026-04-26T17:37:10.586438,250426_161455.015625,1,58.4864616394043,8.803098678588867,35.099998474121094,30.6200008392334,0.8600000143051147,11,318.92999267578125,1,260426_153655.015625,-5.737695693969727,5.651205062866211,0.09555226564407349,0.7003640532493591,0.8070257902145386,-0.0411299392580986,0.08579608052968979,0.008808850310742855,0.030279751867055893,0.01161124836653471,15.0
2026-04-26T17:37:10.586705,250426_161455.015625,1,58.4864616394043,8.803098678588867,35.099998474121094,30.6200008392334,0.8600000143051147,11,318.92999267578125,1,260426_153655.015625,-5.737695693969727,5.651205062866211,0.09555226564407349,0.7003640532493591,0.8070257902145386,-0.0411299392580986,0.08579608052968979,0.008808850310742855,0.030279751867055893,0.01161124836653471,15.0
2026-04-26T17:37:10.587016,250426_161455.015625,1,58.4864616394043,8.803098678588867,35.099998474121094,30.6200008392334,0.8600000143051147,11,318.92999267578125,1,260426_153655.015625,-5.737695693969727,5.651205062866211,0.09555226564407349,0.7003640532493591,0.8070257902145386,-0.0411299392580986,0.08579608052968979,0.008808850310742855,0.030279751867055893,0.01161124836653471,15.0
2026-04-26T17:37:10.606212,250426_161455.015625,1,58.4864616394043,8.803098678588867,35.099998474121094,30.6200008392334,0.8600000143051147,11,318.92999267578125,1,260426_153655.015625,-5.737695693969727,5.651205062866211,0.09555226564407349,0.7003640532493591,0.8070257902145386,-0.0411299392580986,0.08579608052968979,0.008808850310742855,0.030279751867055893,0.01161124836653471,15.0
2026-04-26T17:37:13.849221,250426_161456.000000,1,58.486480712890625,8.802952766418457,35.29999923706055,32.36000061035156,0.8600000143051147,11,318.92999267578125,1,260426_153655.015625,-4.709238052368164,5.707563877105713,0.07252609729766846,1.7737268209457397,1.111109972000122,0.026117440313100815,0.061655640602111816,0.027865689247846603,0.03943957760930061,0.013822132721543312,20.0
2026-04-26T17:37:16.703926,250426_161504.000000,1,58.487220764160156,8.801514625549316,33.79999923706055,68.70999908447266,0.8999999761581421,10,318.92999267578125,1,260426_153655.015625,-3.621354579925537,5.4711713790893555,0.03839799761772156,1.117983341217041,1.0954761505126953,-0.018090812489390373,0.03279321640729904,0.008469569496810436,0.04237290471792221,0.012154625728726387,18.0
2026-04-26T17:37:19.721714,250426_161512.000000,1,58.48868942260742,8.80124282836914,26.399999618530273,83.87999725341797,1.4700000286102295,8,318.92999267578125,1,260426_153711.015625,-3.633535385131836,6.520313262939453,0.10028193891048431,1.5016508102416992,0.9956573843955994,-0.07000112533569336,0.04693323373794556,0.05434686690568924,0.040772926062345505,0.010341782122850418,20.0
2026-04-26T17:37:22.766417,250426_161512.984375,1,58.48891067504883,8.801315307617188,25.5,83.94000244140625,1.4700000286102295,8,318.92999267578125,1,260426_153711.015625,-3.274932622909546,6.616726875305176,0.09934678673744202,0.5574687719345093,0.9880151748657227,-0.04856086149811745,0.0709277018904686,0.04980850964784622,0.04189486801624298,0.009764214977622032,20.0
2026-04-26T17:37:26.059162,250426_161520.984375,1,58.490570068359375,8.801477432250977,24.5,79.1500015258789,0.8799999952316284,10,318.92999267578125,1,260426_153711.015625,-3.1544101238250732,6.974880218505859,0.06998778134584427,1.6074211597442627,1.021113395690918,-0.06544423848390579,-0.023355616256594658,0.008358053863048553,0.04335098713636398,0.009758158586919308,20.0
2026-04-26T17:37:28.922845,250426_161522.000000,1,58.49076843261719,8.801592826843262,24.600000381469727,79.5999984741211,0.9599999189376831,9,318.92999267578125,1,260426_153712.000000,-3.7261784076690674,6.782404899597168,0.09097228944301605,1.8742799758911133,0.6666920781135559,0.02063823863863945,0.003915838897228241,0.08851376920938492,0.02865583263337612,0.0068982685916125774,15.0
2026-04-26T17:37:31.982655,250426_161530.000000,1,58.492130279541016,8.803415298461914,28.600000381469727,79.12000274658203,0.8700000047683716,10,318.92999267578125,1,260426_153712.000000,-3.555088520050049,6.38035249710083,0.08561748266220093,2.0278244018554688,0.6963450312614441,0.043509580194950104,0.037764064967632294,0.06333360075950623,0.029125206172466278,0.006758666131645441,15.0
2026-04-26T17:37:34.949386,250426_161539.015625,1,58.493778228759766,8.8043212890625,36.20000076293945,77.25,0.8999999761581421,10,318.92999267578125,1,260426_153712.000000,-3.413605213165283,6.23420524597168,0.10313184559345245,0.8336237072944641,0.7540795207023621,0.044321417808532715,0.04301769286394119,0.0825909674167633,0.030132779851555824,0.0066701252944767475,13.0
2026-04-26T17:37:38.162178,250426_161547.015625,1,58.49531173706055,8.803679466247559,43.900001525878906,77.55999755859375,1.5700000524520874,8,318.92999267578125,1,260426_153712.000000,-3.085507869720459,7.335721969604492,0.06253267824649811,1.2340013980865479,0.7727518677711487,-0.061263248324394226,-0.011558227241039276,-0.0048536136746406555,0.03250841051340103,0.007817113772034645,11.0
2026-04-26T17:37:41.085917,250426_161548.000000,1,58.49549865722656,8.803629875183105,45.0,77.08999633789062,1.5700000524520874,8,318.92999267578125,1,260426_153712.000000,-3.2973873615264893,7.00969123840332,0.07690183818340302,0.670753538608551,0.776679277420044,0.01610136404633522,-0.07184332609176636,-0.022207576781511307,0.034014977514743805,0.007448711432516575,13.0
2026-04-26T17:37:44.104445,250426_161556.000000,1,58.49705123901367,8.803704261779785,51.5,76.80000305175781,0.8700000047683716,10,318.92999267578125,1,260426_153712.000000,-4.1735968589782715,6.782926559448242,0.05804303288459778,0.08181682229042053,0.769443929195404,0.016813501715660095,-0.05492633581161499,-0.00833052396774292,0.03134036064147949,0.0067750089801847935,10.0
2026-04-26T17:37:47.225127,250426_161556.984375,1,58.497230529785156,8.803628921508789,51.5,73.37999725341797,0.9100000262260437,10,318.92999267578125,1,260426_153728.000000,-4.625446319580078,6.664098739624023,0.047012533992528915,0.08978644013404846,0.6690375208854675,0.012014050036668777,-0.04521273821592331,-0.0046528903767466545,0.03138379007577896,0.006314305122941732,10.0
2026-04-26T17:37:50.298667,250426_161604.984375,1,58.498390197753906,8.802303314208984,58.29999923706055,61.25,0.8999999761581421,10,318.92999267578125,1,260426_153728.000000,-4.999975681304932,6.550119876861572,0.03746502101421356,0.14290890097618103,0.48473256826400757,0.008506430312991142,-0.03621134161949158,-0.0044729262590408325,0.028142785653471947,0.004964710213243961,8.0
2026-04-26T17:37:53.296226,250426_161612.984375,1,58.49897003173828,8.800423622131348,62.0,56.68000030517578,0.8799999952316284,10,318.92999267578125,1,260426_153728.000000,-5.454432010650635,6.421298980712891,0.02911560796201229,0.08757276833057404,0.14975088834762573,0.007241073064506054,-0.027974678203463554,-0.003564115846529603,0.022293036803603172,0.003279745578765869,4.0
2026-04-26T17:37:56.337190,250426_161614.000000,1,58.49903106689453,8.800190925598145,62.400001525878906,56.68000030517578,0.8999999761581421,10,318.92999267578125,1,260426_153743.015625,-5.801941394805908,6.321371555328369,0.02317410707473755,0.036645062267780304,0.05356078967452049,0.005640172399580479,-0.022310301661491394,-0.0027346345596015453,0.013105347752571106,0.0018820952391251922,0.0
2026-04-26T17:37:59.554032,250426_161622.000000,1,58.49943923950195,8.79903507232666,63.099998474121094,28.56999969482422,0.8600000143051147,11,318.92999267578125,1,260426_153743.015625,-6.006103992462158,6.260162353515625,0.023205935955047607,0.03733886033296585,0.04205363988876343,0.0055796075612306595,-0.0224226713180542,-0.0021464433521032333,0.010930780321359634,0.0013536401093006134,0.0
2026-04-26T17:38:02.540241,250426_161639.015625,1,58.49967956542969,8.795831680297852,66.19999694824219,28.229999542236328,0.9599999189376831,10,318.92999267578125,1,260426_153758.000000,-6.172696590423584,6.210335731506348,0.015176041051745415,0.06016413867473602,0.04226454347372055,0.005433499347418547,-0.014017358422279358,-0.002074365271255374,0.008896039798855782,0.0009590044501237571,0.0
2026-04-26T17:38:05.625207,250426_161640.000000,1,58.49971008300781,8.795700073242188,66.0999984741211,27.850000381469727,0.9599999189376831,10,318.92999267578125,1,260426_153758.000000,-6.321050643920898,6.173104286193848,0.020492659881711006,0.1202789694070816,0.041923340409994125,0.007360429968684912,-0.019032122567296028,-0.0018845325103029609,0.007168975658714771,0.0006865630857646465,0.0
2026-04-26T17:38:08.519966,250426_161648.984375,1,58.49972152709961,8.794561386108398,67.9000015258789,27.959999084472656,0.8600000143051147,11,318.92999267578125,1,260426_153758.000000,-6.482189655303955,6.121453762054443,0.010733513161540031,0.0351555161178112,0.04213816300034523,0.002645322121679783,-0.010255709290504456,0.0017409732099622488,0.006023163441568613,0.0004233111394569278,2.0
2026-04-26T17:38:11.708355,250426_161704.984375,1,58.500980377197266,8.79353141784668,68.80001068115234,38.779998779296875,0.8199999928474426,11,318.92999267578125,1,260426_153759.015625,-6.62234354019165,6.079035758972168,0.009239173494279385,0.05163826793432236,0.041088543832302094,0.0014831230510026217,-0.009117918089032173,0.00016202894039452076,0.0047928583808243275,0.0002813631435856223,4.0
2026-04-26T17:38:14.542385,250426_161706.000000,1,58.501068115234375,8.79349422454834,68.30000305175781,37.0099983215332,0.9399999976158142,10,318.92999267578125,1,260426_153759.015625,-6.712956428527832,6.053952217102051,0.0075655970722436905,0.046983662992715836,0.04368177056312561,0.0014013979816809297,-0.0067300922237336636,-0.0031591453589498997,0.00438425038009882,0.00020624027820304036,4.0
2026-04-26T17:38:17.630537,250426_161714.000000,1,58.50141143798828,8.79315185546875,66.30001068115234,23.209999084472656,0.8700000047683716,11,318.92999267578125,1,260426_153759.015625,-6.797109127044678,6.035771369934082,0.005187347996979952,0.04378966614603996,0.04249399155378342,0.0008513816283084452,-0.005095970816910267,0.00046347887837328017,0.003863191930577159,0.00012164562940597534,8.0
2026-04-26T17:38:20.701882,250426_161715.015625,1,58.501380920410156,8.793046951293945,66.0999984741211,24.1200008392334,0.8199999928474426,11,318.92999267578125,1,260426_153759.015625,-6.865686416625977,6.017682075500488,0.0035633889492601156,0.01950232870876789,0.04045332595705986,0.0007089397986419499,-0.0034921076148748398,-1.81254290509969e-05,0.003251034766435623,7.341399032156914e-05,14.0
2026-04-26T17:38:23.777408,250426_161723.015625,1,58.500648498535156,8.791912078857422,64.69999694824219,71.69000244140625,0.9399999976158142,10,318.92999267578125,1,260426_153814.000000,-6.905213832855225,6.005456924438477,0.002989586442708969,0.07749627530574799,0.03992507606744766,-0.00043022853787988424,-0.0028935454320162535,-0.0006163805956020951,0.0030143491458147764,5.5448839702876285e-05,14.0
2026-04-26T17:38:26.743509,250426_161731.015625,1,58.49985122680664,8.788907051086426,63.400001525878906,94.07000732421875,0.8299999833106995,10,318.92999267578125,1,260426_153814.000000,-6.94042444229126,5.988985538482666,0.006682384293526411,0.06651607155799866,0.042289912700653076,0.000162377895321697,-0.0066741760820150375,-0.0002885593567043543,0.0024973389226943254,4.110930967726745e-05,16.0
2026-04-26T17:38:29.820618,250426_161732.000000,1,58.49977111816406,8.788463592529297,63.400001525878906,96.0999984741211,0.8999999761581421,10,318.92999267578125,1,260426_153814.000000,-6.984984874725342,5.987046241760254,0.005334320478141308,0.057628851383924484,0.04280749335885048,-0.0014642969472333789,-0.0046490938402712345,0.002167193917557597,0.001932865590788424,2.6799356419360265e-05,20.0
2026-04-26T17:38:32.908059,250426_161740.000000,1,58.499080657958984,8.784839630126953,62.0,103.55999755859375,0.8199999928474426,11,318.92999267578125,1,260426_153828.984375,-7.003286361694336,5.971490859985352,0.0033681660424917936,0.04252199828624725,0.04564712196588516,0.0006464596372097731,-0.003297629067674279,0.00022864018683321774,0.0019730052445083857,2.4009053959161974e-05,20.0
2026-04-26T17:38:35.958988,250426_161758.000000,1,58.49726867675781,8.776483535766602,69.0,106.93000030517578,0.8199999928474426,11,318.92999267578125,1,260426_153828.984375,-7.093284606933594,5.955558776855469,0.015694502741098404,0.2771599590778351,0.12860384583473206,-0.005584180820733309,-0.013848720118403435,0.004831899888813496,0.005818272940814495,7.383413321804255e-05,20.0
2026-04-26T17:38:38.947467,250426_161806.000000,1,58.49599075317383,8.773298263549805,70.69999694824219,103.73999786376953,0.8899999856948853,10,318.92999267578125,1,260426_153828.984375,-7.052816867828369,6.003102779388428,0.02063533291220665,0.32954612374305725,0.13932299613952637,-0.008110829629004002,0.018661126494407654,-0.0034342084545642138,0.006564022041857243,0.00010195265349466354,18.0
2026-04-26T17:38:41.947701,250426_161807.015625,1,58.49580001831055,8.772937774658203,70.9000015258789,104.2300033569336,0.8899999856948853,10,318.92999267578125,1,260426_153828.984375,-7.0745954513549805,5.924195766448975,0.01022188737988472,0.11100491136312485,0.15034528076648712,-0.002229069359600544,-0.0011424917029216886,0.00991024449467659,0.008882362395524979,0.00023045940906740725,18.0
2026-04-26T17:38:45.077169,250426_161815.015625,1,58.494239807128906,8.770366668701172,70.69999694824219,103.75,0.9900000095367432,9,318.92999267578125,1,260426_153828.984375,-7.054498672485352,5.911034107208252,0.008357872255146503,0.31601420044898987,0.1508597582578659,-0.0032743706833571196,-0.007660931907594204,0.0006653117598034441,0.008511829189956188,0.00024096822016872466,18.0
2026-04-26T17:38:45.077445,250426_161815.015625,1,58.494239807128906,8.770366668701172,70.69999694824219,103.75,0.9900000095367432,9,318.92999267578125,1,260426_153828.984375,-7.054498672485352,5.911034107208252,0.008357872255146503,0.31601420044898987,0.1508597582578659,-0.0032743706833571196,-0.007660931907594204,0.0006653117598034441,0.008511829189956188,0.00024096822016872466,18.0
2026-04-26T17:38:45.077690,250426_161815.015625,1,58.494239807128906,8.770366668701172,70.69999694824219,103.75,0.9900000095367432,9,318.92999267578125,1,260426_153828.984375,-7.054498672485352,5.911034107208252,0.008357872255146503,0.31601420044898987,0.1508597582578659,-0.0032743706833571196,-0.007660931907594204,0.0006653117598034441,0.008511829189956188,0.00024096822016872466,18.0
2026-04-26T17:38:45.087622,250426_161815.015625,1,58.494239807128906,8.770366668701172,70.69999694824219,103.75,0.9900000095367432,9,318.92999267578125,1,260426_153828.984375,-7.054498672485352,5.911034107208252,0.008357872255146503,0.31601420044898987,0.1508597582578659,-0.0032743706833571196,-0.007660931907594204,0.0006653117598034441,0.008511829189956188,0.00024096822016872466,18.0
2026-04-26T17:38:48.163019,250426_161823.015625,1,58.4924201965332,8.768144607543945,65.9000015258789,109.63999938964844,0.8299999833106995,11,211.44000244140625,1,260426_153828.984375,-7.64317512512207,5.529120922088623,0.011153261177241802,0.3773024082183838,0.17072446644306183,0.0018451353535056114,0.004528251942247152,0.010024253278970718,0.02314057946205139,0.0011635101400315762,18.0
2026-04-26T17:38:51.084736,250426_161824.000000,1,58.49216842651367,8.767878532409668,65.5,111.94000244140625,0.8199999928474426,11,211.44000244140625,1,260426_153844.984375,-8.055095672607422,5.836197376251221,0.08521778136491776,0.27588754892349243,0.21729612350463867,-0.05613423138856888,-0.06406860798597336,0.0024962015450000763,0.027906369417905807,0.0017922758124768734,18.0
2026-04-26T17:38:54.187732,250426_161832.000000,1,58.49024963378906,8.765640258789062,63.70000076293945,111.9800033569336,0.8700000047683716,11,211.44000244140625,1,260426_153844.984375,-8.512188911437988,6.228513240814209,0.0947955921292305,0.24486398696899414,0.220429465174675,-0.06877770274877548,-0.06520776450634003,0.0019437726587057114,0.03264164552092552,0.0026448220014572144,16.0
2026-04-26T17:38:54.188154,250426_161832.000000,1,58.49024963378906,8.765640258789062,63.70000076293945,111.9800033569336,0.8700000047683716,11,211.44000244140625,1,260426_153844.984375,-8.512188911437988,6.228513240814209,0.0947955921292305,0.24486398696899414,0.220429465174675,-0.06877770274877548,-0.06520776450634003,0.0019437726587057114,0.03264164552092552,0.0026448220014572144,16.0
2026-04-26T17:38:54.188418,250426_161832.000000,1,58.49024963378906,8.765640258789062,63.70000076293945,111.9800033569336,0.8700000047683716,11,211.44000244140625,1,260426_153844.984375,-8.512188911437988,6.228513240814209,0.0947955921292305,0.24486398696899414,0.220429465174675,-0.06877770274877548,-0.06520776450634003,0.0019437726587057114,0.03264164552092552,0.0026448220014572144,16.0
2026-04-26T17:38:54.199220,250426_161832.000000,1,58.49024963378906,8.765640258789062,63.70000076293945,111.9800033569336,0.8700000047683716,11,211.44000244140625,1,260426_153844.984375,-8.512188911437988,6.228513240814209,0.0947955921292305,0.24486398696899414,0.220429465174675,-0.06877770274877548,-0.06520776450634003,0.0019437726587057114,0.03264164552092552,0.0026448220014572144,16.0
2026-04-26T17:38:57.269958,250426_161832.984375,1,58.49000930786133,8.765364646911621,63.599998474121094,111.9800033569336,0.9100000262260437,10,211.44000244140625,1,260426_153844.984375,-9.324305534362793,5.615121841430664,0.13053195178508759,0.46555033326148987,0.3551322817802429,0.12361705303192139,-0.04054516553878784,0.010653842240571976,0.03992282599210739,0.005022861994802952,16.0
2026-04-26T17:39:00.229965,250426_161840.984375,1,58.48807907104492,8.763090133666992,58.599998474121094,115.0,0.8299999833106995,11,211.44000244140625,1,260426_153844.984375,-9.859443664550781,5.168047904968262,0.12168893963098526,1.418969988822937,0.6135377287864685,0.11885041743516922,-0.020988769829273224,-0.015564287081360817,0.03597016632556915,0.006638092454522848,14.0
2026-04-26T17:39:03.296310,250426_161842.000000,1,58.48783874511719,8.762802124023438,57.900001525878906,114.91000366210938,0.8700000047683716,11,211.44000244140625,1,260426_153844.984375,-9.886651992797852,5.6116414070129395,0.05901336669921875,0.7821452021598816,0.8953506946563721,0.03155728429555893,0.04973301291465759,0.0036527877673506737,0.03268860653042793,0.007634866051375866,18.0
2026-04-26T17:39:06.375319,250426_161850.000000,1,58.48588180541992,8.760492324829102,54.099998474121094,114.58000183105469,0.8199999928474426,11,211.44000244140625,1,260426_153844.984375,-9.869243621826172,5.774129867553711,0.07596077769994736,2.059174060821533,0.8879696130752563,-0.009934987872838974,-0.041010793298482895,-0.06316209584474564,0.0326656699180603,0.0072673168033361435,18.0
2026-04-26T17:39:09.455579,250426_161858.000000,1,58.48400115966797,8.758268356323242,49.70000076293945,107.51000213623047,0.8299999833106995,11,211.44000244140625,1,260426_153844.984375,-10.376545906066895,4.495804309844971,0.0613543838262558,1.0874930620193481,1.0518836975097656,0.011129893362522125,-0.02665899693965912,0.05412747710943222,0.03805097937583923,0.007833307608962059,22.0
2026-04-26T17:39:12.534976,250426_161859.015625,1,58.483768463134766,8.758001327514648,49.099998474121094,107.44000244140625,0.8700000047683716,11,211.44000244140625,1,260426_153900.984375,-10.898493766784668,4.376700401306152,0.08117998391389847,1.2566462755203247,1.0568294525146484,0.040342506021261215,-0.06608010083436966,-0.02441500499844551,0.03855109587311745,0.00759713351726532,22.0
2026-04-26T17:39:15.582131,250426_161940.984375,1,58.475521087646484,8.746709823608398,80.9000015258789,79.80000305175781,1.4199999570846558,7,211.44000244140625,1,260426_153900.984375,-11.393136978149414,4.380009651184082,0.0529438816010952,0.6292803287506104,0.9473621249198914,-0.003808781271800399,-0.04574449732899666,-0.02638160064816475,0.03596418350934982,0.006578314118087292,20.0
2026-04-26T17:39:18.599224,250426_161942.000000,1,58.475460052490234,8.746305465698242,66.9000015258789,79.80000305175781,1.2000000476837158,8,211.44000244140625,1,260426_153900.984375,-11.571752548217773,3.84913969039917,0.0999385416507721,0.9832448959350586,0.8674653172492981,0.05744907632470131,-0.0641433522105217,-0.050724223256111145,0.033780537545681,0.006642631720751524,20.0
2026-04-26T17:39:21.566465,250426_161950.000000,1,58.47433090209961,8.744226455688477,41.400001525878906,81.05000305175781,0.949999988079071,10,211.44000244140625,1,260426_153900.984375,-13.106466293334961,3.9678773880004883,0.0679549127817154,0.8105631470680237,0.8097378611564636,-0.005037353374063969,-0.06660142540931702,-0.012519799172878265,0.032090477645397186,0.007685527671128511,18.0
2026-04-26T17:39:24.813556,250426_161951.015625,1,58.474151611328125,8.744027137756348,41.400001525878906,80.05000305175781,0.8299999833106995,11,211.44000244140625,1,260426_153900.984375,-13.618951797485352,4.2060370445251465,0.07984711229801178,1.7807457447052002,0.6748868227005005,0.07755710929632187,-0.0004923171363770962,-0.018979310989379883,0.02702772617340088,0.007001221179962158,14.0
2026-04-26T17:39:24.813849,250426_161951.015625,1,58.474151611328125,8.744027137756348,41.400001525878906,80.05000305175781,0.8299999833106995,11,211.44000244140625,1,260426_153900.984375,-13.618951797485352,4.2060370445251465,0.07984711229801178,1.7807457447052002,0.6748868227005005,0.07755710929632187,-0.0004923171363770962,-0.018979310989379883,0.02702772617340088,0.007001221179962158,14.0
2026-04-26T17:39:24.814122,250426_161951.015625,1,58.474151611328125,8.744027137756348,41.400001525878906,80.05000305175781,0.8299999833106995,11,211.44000244140625,1,260426_153900.984375,-13.618951797485352,4.2060370445251465,0.07984711229801178,1.7807457447052002,0.6748868227005005,0.07755710929632187,-0.0004923171363770962,-0.018979310989379883,0.02702772617340088,0.007001221179962158,14.0
2026-04-26T17:39:24.822541,250426_161951.015625,1,58.474151611328125,8.744027137756348,41.400001525878906,80.05000305175781,0.8299999833106995,11,211.44000244140625,1,260426_153900.984375,-13.618951797485352,4.2060370445251465,0.07984711229801178,1.7807457447052002,0.6748868227005005,0.07755710929632187,-0.0004923171363770962,-0.018979310989379883,0.02702772617340088,0.007001221179962158,14.0
2026-04-26T17:39:27.665595,250426_162000.000000,1,58.472408294677734,8.742502212524414,42.79999923706055,90.16999816894531,0.8500000238418579,10,211.44000244140625,1,260426_153900.984375,-13.608109474182129,4.266851902008057,0.023790985345840454,1.1428838968276978,0.8114661574363708,-0.021888509392738342,-0.009321418590843678,0.00012362259440124035,0.029388941824436188,0.006611209362745285,20.0
2026-04-26T17:39:30.756476,250426_162016.984375,1,58.469181060791016,8.73891544342041,52.400001525878906,85.98999786376953,0.8999999761581421,10,211.44000244140625,1,260426_153900.984375,-13.650910377502441,4.225514888763428,0.0374983474612236,0.2353837937116623,0.857757031917572,-0.02629236690700054,0.0032377433963119984,-0.026539675891399384,0.031300731003284454,0.006954057142138481,16.0
2026-04-26T17:39:33.810238,250426_162024.984375,1,58.467838287353516,8.736886978149414,56.0,83.08999633789062,0.8299999833106995,11,211.44000244140625,1,260426_153916.984375,-12.832091331481934,3.8992466926574707,0.11167842894792557,1.0420784950256348,0.9614686965942383,-0.06599859148263931,0.0859338566660881,0.027048680931329727,0.035667773336172104,0.00753130903467536,22.0
2026-04-26T17:39:36.882021,250426_162026.000000,1,58.467689514160156,8.736631393432617,56.099998474121094,83.08999633789062,0.8299999833106995,11,211.44000244140625,1,260426_153916.984375,-12.222081184387207,3.479930877685547,0.0825110375881195,0.5745406150817871,0.97927325963974,0.04037780687212944,0.06477082520723343,-0.031343959271907806,0.037354763597249985,0.007387093268334866,22.0
2026-04-26T17:39:39.865975,250426_162034.000000,1,58.46643829345703,8.734526634216309,54.29999923706055,83.2699966430664,0.8299999833106995,11,211.44000244140625,1,260426_153932.000000,-11.627533912658691,3.3576529026031494,0.06571486592292786,0.9594597816467285,0.834331750869751,0.023302720859646797,0.06130561977624893,0.0041288649663329124,0.034178730100393295,0.006991971284151077,26.0
2026-04-26T17:39:39.866311,250426_162034.000000,1,58.46643829345703,8.734526634216309,54.29999923706055,83.2699966430664,0.8299999833106995,11,211.44000244140625,1,260426_153932.000000,-11.627533912658691,3.3576529026031494,0.06571486592292786,0.9594597816467285,0.834331750869751,0.023302720859646797,0.06130561977624893,0.0041288649663329124,0.034178730100393295,0.006991971284151077,26.0
2026-04-26T17:39:39.866804,250426_162034.000000,1,58.46643829345703,8.734526634216309,54.29999923706055,83.2699966430664,0.8299999833106995,11,211.44000244140625,1,260426_153932.000000,-11.627533912658691,3.3576529026031494,0.06571486592292786,0.9594597816467285,0.834331750869751,0.023302720859646797,0.06130561977624893,0.0041288649663329124,0.034178730100393295,0.006991971284151077,26.0
2026-04-26T17:39:39.978397,250426_162034.000000,1,58.46643829345703,8.734526634216309,54.29999923706055,83.2699966430664,0.8299999833106995,11,211.44000244140625,1,260426_153932.000000,-11.627533912658691,3.3576529026031494,0.06571486592292786,0.9594597816467285,0.834331750869751,0.023302720859646797,0.06130561977624893,0.0041288649663329124,0.034178730100393295,0.006991971284151077,26.0
2026-04-26T17:39:42.942394,250426_162035.015625,1,58.46630096435547,8.73425006866455,54.20000076293945,81.29000854492188,0.8299999833106995,11,211.44000244140625,1,260426_153932.000000,-10.327753067016602,3.194781541824341,0.24713768064975739,0.8846549987792969,0.8228898644447327,0.031041458249092102,0.2425822764635086,0.03559913486242294,0.0554046593606472,0.011974889785051346,24.0
2026-04-26T17:39:46.003451,250426_162043.015625,1,58.465091705322266,8.732048988342285,52.79999923706055,84.19001007080078,0.8999999761581421,10,211.44000244140625,1,260426_153932.000000,-8.066299438476562,3.08788800239563,0.10710601508617401,0.226299449801445,0.8097994327545166,-0.021889617666602135,0.10297325998544693,0.019724318757653236,0.06382808834314346,0.01805434748530388,22.0
2026-04-26T17:39:49.262281,250426_162044.000000,1,58.46495819091797,8.731736183166504,52.400001525878906,84.2699966430664,0.9399999976158142,10,211.44000244140625,1,260426_153932.000000,-7.513731002807617,3.2301456928253174,0.05294684320688248,0.1304667890071869,0.654377818107605,-0.009133714251220226,0.05031868815422058,0.013710315339267254,0.07005173712968826,0.01629503443837166,18.0
2026-04-26T17:39:49.262671,250426_162044.000000,1,58.46495819091797,8.731736183166504,52.400001525878906,84.2699966430664,0.9399999976158142,10,211.44000244140625,1,260426_153932.000000,-7.513731002807617,3.2301456928253174,0.05294684320688248,0.1304667890071869,0.654377818107605,-0.009133714251220226,0.05031868815422058,0.013710315339267254,0.07005173712968826,0.01629503443837166,18.0
2026-04-26T17:39:49.262897,250426_162044.000000,1,58.46495819091797,8.731736183166504,52.400001525878906,84.2699966430664,0.9399999976158142,10,211.44000244140625,1,260426_153932.000000,-7.513731002807617,3.2301456928253174,0.05294684320688248,0.1304667890071869,0.654377818107605,-0.009133714251220226,0.05031868815422058,0.013710315339267254,0.07005173712968826,0.01629503443837166,18.0
2026-04-26T17:39:49.276347,250426_162044.000000,1,58.46495819091797,8.731736183166504,52.400001525878906,84.2699966430664,0.9399999976158142,10,211.44000244140625,1,260426_153932.000000,-7.513731002807617,3.2301456928253174,0.05294684320688248,0.1304667890071869,0.654377818107605,-0.009133714251220226,0.05031868815422058,0.013710315339267254,0.07005173712968826,0.01629503443837166,18.0
2026-04-26T17:39:52.034843,250426_162052.000000,1,58.46392059326172,8.729171752929688,49.900001525878906,85.87999725341797,0.8799999952316284,11,211.44000244140625,1,260426_153932.000000,-8.401659965515137,3.738096237182617,0.15180684626102448,0.3644019365310669,0.5094902515411377,-0.05290403962135315,-0.1421489715576172,-0.00633653812110424,0.07421284914016724,0.01622295193374157,18.0
2026-04-26T17:39:55.107117,250426_162052.984375,1,58.46379852294922,8.728841781616211,49.70000076293945,86.5999984741211,0.8299999833106995,11,211.44000244140625,1,260426_153932.000000,-9.740874290466309,3.836050510406494,0.045238200575113297,1.0084940195083618,0.5009912848472595,-0.029934925958514214,-0.010438928380608559,0.032271094620227814,0.07050897926092148,0.016015518456697464,12.0
2026-04-26T17:39:58.223643,250426_162100.984375,1,58.46281814575195,8.726046562194824,46.29999923706055,89.11000061035156,0.8299999833106995,11,211.44000244140625,1,260426_153932.000000,-9.330096244812012,4.183821201324463,0.11326944082975388,1.0348219871520996,1.0847450494766235,-0.10437697172164917,0.04243771731853485,-0.011595360934734344,0.04714394360780716,0.00841041561216116,16.0
2026-04-26T17:40:01.249670,250426_162102.000000,1,58.46268844604492,8.72568416595459,46.099998474121094,89.63999938964844,0.8799999952316284,11,211.44000244140625,1,260426_153948.000000,-8.97790241241455,4.830911159515381,0.05640764161944389,0.7256048917770386,1.859613060951233,-0.043383605778217316,0.03328554332256317,-0.013847654685378075,0.05797983333468437,0.011853208765387535,22.0
2026-04-26T17:40:04.231670,250426_162111.015625,1,58.4616584777832,8.722436904907227,46.20000076293945,75.29000091552734,0.8299999833106995,11,211.44000244140625,1,260426_153948.000000,-8.364482879638672,5.422886848449707,0.1399272233247757,1.683699131011963,1.840850830078125,-0.12458784878253937,0.052066314965486526,0.03669600933790207,0.05392859876155853,0.013361158780753613,22.0
2026-04-26T17:40:07.310660,250426_162119.015625,1,58.460819244384766,8.719831466674805,46.20000076293945,89.40000915527344,0.8299999833106995,11,211.44000244140625,1,260426_154003.015625,-7.658899784088135,5.49979305267334,0.06624942272901535,3.0692965984344482,2.094578981399536,-0.019364340230822563,0.04389165714383125,0.045689504593610764,0.057431574910879135,0.01442861557006836,28.0
2026-04-26T17:40:10.390278,250426_162120.000000,1,58.460689544677734,8.719481468200684,46.20000076293945,86.43000793457031,0.8299999833106995,11,211.44000244140625,1,260426_154003.015625,-5.784637928009033,5.505863666534424,0.32979416847229004,0.3576928973197937,2.1440985202789307,0.04297461733222008,0.32678109407424927,-0.011467315256595612,0.08264437317848206,0.022831788286566734,26.0
2026-04-26T17:40:13.573703,250426_162128.000000,1,58.45977020263672,8.716776847839355,42.5,82.6500015258789,0.9200000166893005,10,211.44000244140625,1,260426_154003.015625,-4.526579856872559,5.8609490394592285,0.07161811739206314,0.8544034957885742,2.0592191219329834,-0.03712506219744682,0.0612175278365612,0.0018165651708841324,0.07788998633623123,0.023518478497862816,24.0
2026-04-26T17:40:16.403993,250426_162136.000000,1,58.45875930786133,8.714295387268066,40.099998474121094,80.37999725341797,0.8299999833106995,11,211.44000244140625,1,260426_154003.015625,-6.038407802581787,5.971503734588623,0.14593806862831116,0.5223790407180786,1.5499998331069946,-0.01064993254840374,-0.1455022245645523,0.0036879507824778557,0.06940388679504395,0.022090043872594833,20.0
2026-04-26T17:40:19.482217,250426_162136.984375,1,58.4586181640625,8.714000701904297,40.0,83.08999633789062,0.8299999833106995,11,211.44000244140625,1,260426_154003.015625,-6.617541313171387,6.409128665924072,0.03138543292880058,0.9052665829658508,1.2659199237823486,-0.002973503665998578,0.019924281165003777,0.02406712993979454,0.07281365245580673,0.019902287051081657,20.0
2026-04-26T17:40:22.492260,250426_162144.984375,1,58.45746994018555,8.711758613586426,35.5,81.69999694824219,0.8299999833106995,11,211.44000244140625,1,260426_154004.000000,-6.769956111907959,6.838651180267334,0.04921875521540642,0.446340948343277,0.39041867852211,-0.04596966132521629,0.00043982575880363584,0.017580751329660416,0.06110243499279022,0.01188513170927763,20.0
2026-04-26T17:40:25.553389,250426_162146.000000,1,58.45732116699219,8.711515426635742,35.29999923706055,80.3399887084961,0.8299999833106995,11,211.44000244140625,1,260426_154004.000000,-6.415286064147949,6.919549465179443,0.05045532062649727,0.5275844931602478,0.4577406346797943,0.019724728539586067,0.045798417180776596,-0.007692832034081221,0.037421662360429764,0.006398051977157593,22.0
2026-04-26T17:40:28.588074,250426_162154.000000,1,58.45600128173828,8.709823608398438,33.900001525878906,79.9100112915039,0.8799999952316284,11,211.44000244140625,1,260426_154004.000000,-6.076307773590088,6.690406799316406,0.11628695577383041,0.9663165211677551,0.4881443679332733,0.0972990021109581,0.06344347447156906,0.00552130863070488,0.037390775978565216,0.006390743888914585,24.0
2026-04-26T17:40:28.588398,250426_162154.000000,1,58.45600128173828,8.709823608398438,33.900001525878906,79.9100112915039,0.8799999952316284,11,211.44000244140625,1,260426_154004.000000,-6.076307773590088,6.690406799316406,0.11628695577383041,0.9663165211677551,0.4881443679332733,0.0972990021109581,0.06344347447156906,0.00552130863070488,0.037390775978565216,0.006390743888914585,24.0
2026-04-26T17:40:31.660569,250426_162202.000000,1,58.4544792175293,8.708477020263672,32.900001525878906,85.80999755859375,0.8799999952316284,11,211.44000244140625,1,260426_154019.015625,-6.887723922729492,6.918672561645508,0.12012061476707458,3.0490288734436035,0.645366370677948,0.09628880769014359,-0.05679899454116821,-0.043946586549282074,0.02959332801401615,0.004933777265250683,26.0
2026-04-26T17:40:34.733258,250426_162203.015625,1,58.454280853271484,8.708334922790527,33.20000076293945,87.23001098632812,0.8299999833106995,11,211.44000244140625,1,260426_154019.015625,-6.666214466094971,6.153925895690918,0.08767040818929672,1.653214454650879,0.691493034362793,0.06954667717218399,0.027551669627428055,0.04571942239999771,0.03067122772336006,0.005106563679873943,24.0
2026-04-26T17:40:37.702572,250426_162211.015625,1,58.45252990722656,8.707296371459961,34.20000076293945,92.70999908447266,0.8799999952316284,11,211.44000244140625,1,260426_154034.000000,-5.434366226196289,6.263108730316162,0.16532482206821442,0.6646620631217957,0.729168176651001,-0.10661540925502777,0.11741746962070465,0.046675365418195724,0.035421423614025116,0.00809392984956503,22.0
2026-04-26T17:40:40.761205,250426_162212.000000,1,58.452308654785156,8.707169532775879,34.20000076293945,92.8499984741211,0.9599999189376831,10,211.44000244140625,1,260426_154034.000000,-5.406485080718994,7.056435585021973,0.10000954568386078,0.3649858236312866,0.7087098956108093,-0.09917651116847992,-0.009335998445749283,0.008875168859958649,0.033464718610048294,0.00896625965833664,20.0
2026-04-26T17:40:43.880292,250426_162220.000000,1,58.45050048828125,8.706022262573242,34.099998474121094,94.73999786376953,0.949999988079071,9,211.44000244140625,1,260426_154034.000000,-5.667810440063477,7.0206804275512695,0.09344838559627533,1.7122513055801392,0.7267618775367737,-0.020706385374069214,-0.08917726576328278,-0.018741972744464874,0.0354197695851326,0.008432146161794662,16.0
2026-04-26T17:40:46.936489,250426_162230.000000,1,58.44852066040039,8.703889846801758,32.0,90.43000030517578,0.8299999833106995,11,211.44000244140625,1,260426_154034.000000,-5.425810813903809,5.036252498626709,0.12359391152858734,2.8197360038757324,0.7296868562698364,0.12254199385643005,-0.013236533850431442,-0.009149261750280857,0.04940011352300644,0.012402896769344807,20.0
2026-04-26T17:40:49.897434,250426_162238.000000,1,58.447288513183594,8.701321601867676,30.799999237060547,92.76998901367188,0.8899999856948853,11,211.44000244140625,1,260426_154035.015625,-5.187870502471924,3.6958229541778564,0.1345866173505783,0.37960654497146606,0.7247457504272461,0.12927213311195374,0.018024155870079994,0.032823771238327026,0.0492573156952858,0.015288284979760647,20.0
2026-04-26T17:40:53.067199,250426_162239.015625,1,58.44715118408203,8.700966835021973,30.600000381469727,91.72000122070312,0.8999999761581421,10,211.44000244140625,1,260426_154035.015625,-5.299142837524414,2.2881264686584473,0.09118833392858505,1.5833975076675415,0.7065821290016174,0.08036116510629654,-0.0400773324072361,0.015849370509386063,0.05273166298866272,0.01722625270485878,20.0
2026-04-26T17:40:56.080553,250426_162247.015625,1,58.44602966308594,8.69813346862793,29.799999237060547,92.86000061035156,0.8299999833106995,11,211.44000244140625,1,260426_154035.015625,-6.404041290283203,1.3753646612167358,0.10965940356254578,0.751997709274292,0.7031744122505188,-0.031376633793115616,-0.10506851226091385,-0.0011396575719118118,0.049031831324100494,0.018230486661195755,24.0
2026-04-26T17:40:59.407493,250426_162248.000000,1,58.44586944580078,8.697809219360352,29.700000762939453,91.57000732421875,0.8899999856948853,11,211.44000244140625,1,260426_154050.000000,-8.059510231018066,2.6721017360687256,0.14911819994449615,1.9438869953155518,0.7178363800048828,-0.024443401023745537,-0.14645937085151672,-0.0137261264026165,0.03673192858695984,0.023906152695417404,26.0
2026-04-26T17:40:59.407791,250426_162248.000000,1,58.44586944580078,8.697809219360352,29.700000762939453,91.57000732421875,0.8899999856948853,11,211.44000244140625,1,260426_154050.000000,-8.059510231018066,2.6721017360687256,0.14911819994449615,1.9438869953155518,0.7178363800048828,-0.024443401023745537,-0.14645937085151672,-0.0137261264026165,0.03673192858695984,0.023906152695417404,26.0
2026-04-26T17:40:59.407936,250426_162248.000000,1,58.44586944580078,8.697809219360352,29.700000762939453,91.57000732421875,0.8899999856948853,11,211.44000244140625,1,260426_154050.000000,-8.059510231018066,2.6721017360687256,0.14911819994449615,1.9438869953155518,0.7178363800048828,-0.024443401023745537,-0.14645937085151672,-0.0137261264026165,0.03673192858695984,0.023906152695417404,26.0
2026-04-26T17:40:59.447896,250426_162248.000000,1,58.44586944580078,8.697809219360352,29.700000762939453,91.57000732421875,0.8899999856948853,11,211.44000244140625,1,260426_154050.000000,-8.059510231018066,2.6721017360687256,0.14911819994449615,1.9438869953155518,0.7178363800048828,-0.024443401023745537,-0.14645937085151672,-0.0137261264026165,0.03673192858695984,0.023906152695417404,26.0
2026-04-26T17:41:02.378457,250426_162256.000000,1,58.44451141357422,8.695642471313477,28.0,88.37001037597656,0.9700000882148743,10,211.44000244140625,1,260426_154050.000000,-8.85004997253418,3.1417236328125,0.1394338458776474,0.9836305379867554,0.655648410320282,-0.09559331089258194,-0.10089356452226639,0.011144624091684818,0.04006340727210045,0.021889323368668556,24.0
2026-04-26T17:41:05.450222,250426_162256.984375,1,58.44432067871094,8.69540023803711,27.799999237060547,89.16000366210938,0.8999999761581421,10,211.44000244140625,1,260426_154050.000000,-9.40526294708252,3.7336907386779785,0.06897301226854324,0.9003983736038208,0.6496486663818359,-0.05197096988558769,-0.044215645641088486,-0.01006336696445942,0.04029839485883713,0.01930941641330719,24.0
2026-04-26T17:41:08.447482,250426_162306.000000,1,58.44253921508789,8.69360637664795,25.399999618530273,91.68000030517578,0.8899999856948853,11,211.44000244140625,1,260426_154050.000000,-10.355981826782227,4.082191467285156,0.04125513136386871,0.8078957200050354,0.6366015076637268,0.009828068315982819,-0.007768670096993446,-0.03930702432990074,0.04564179107546806,0.013661262579262257,18.0
2026-04-26T17:41:11.621819,250426_162314.000000,1,58.44078063964844,8.692377090454102,22.600000381469727,94.23999786376953,0.8299999833106995,11,211.44000244140625,1,260426_154051.015625,-10.022473335266113,4.557956695556641,0.14099013805389404,0.5586809515953064,0.6376522779464722,-0.07128402590751648,0.11058442294597626,0.05067434534430504,0.043496910482645035,0.011580369435250759,16.0
2026-04-26T17:41:14.566509,250426_162315.015625,1,58.4405517578125,8.692251205444336,22.200000762939453,94.69001007080078,0.8799999952316284,10,211.44000244140625,1,260426_154051.015625,-9.235689163208008,5.8669514656066895,0.18158091604709625,1.1603481769561768,0.6066476702690125,-0.18030962347984314,0.020208273082971573,0.007189737167209387,0.04367011412978172,0.011684286408126354,12.0
2026-04-26T17:41:17.638982,250426_162323.015625,1,58.43872833251953,8.691360473632812,20.799999237060547,94.69001007080078,0.8799999952316284,10,211.44000244140625,1,260426_154051.015625,-9.657548904418945,6.164400577545166,0.03523068502545357,0.5626837015151978,0.4854448735713959,0.001353595987893641,-0.03474883362650871,-0.005646890494972467,0.046078022569417953,0.009376922622323036,12.0
2026-04-26T17:41:20.638416,250426_162324.000000,1,58.43849182128906,8.691253662109375,20.700000762939453,95.77999877929688,0.8799999952316284,10,211.44000244140625,1,260426_154106.000000,-9.657843589782715,5.581066608428955,0.07570009678602219,0.8488377928733826,0.48322781920433044,0.06727604568004608,0.025084175169467926,0.023983817547559738,0.0476861298084259,0.00861344113945961,16.0
2026-04-26T17:41:23.684189,250426_162332.000000,1,58.43661117553711,8.690481185913086,21.600000381469727,95.77999877929688,0.8799999952316284,10,211.44000244140625,1,260426_154106.000000,-7.899076461791992,5.833982467651367,0.19664794206619263,1.4035180807113647,0.516106903553009,-0.048443909734487534,0.19013893604278564,-0.013068501837551594,0.06165492907166481,0.014036799781024456,16.0
2026-04-26T17:41:26.773164,250426_162332.984375,1,58.436378479003906,8.69039535522461,21.600000381469727,96.08000946044922,0.9200000166893005,10,211.44000244140625,1,260426_154120.984375,-7.231925964355469,5.959843158721924,0.1258620321750641,0.8356092572212219,0.9074749946594238,-0.007575929630547762,-0.12196972221136093,-0.030120447278022766,0.09611934423446655,0.026256069540977478,16.0
2026-04-26T17:41:29.818081,250426_162340.984375,1,58.43444061279297,8.689971923828125,23.399999618530273,99.69001007080078,0.8299999833106995,11,211.44000244140625,1,260426_154120.984375,-7.999884128570557,6.104283809661865,0.03692670539021492,1.038754940032959,0.9094768166542053,-0.03052513860166073,-0.02001616358757019,-0.005581284873187542,0.09596429020166397,0.023458795621991158,14.0
2026-04-26T17:41:32.883909,250426_162350.000000,1,58.4322509765625,8.690802574157715,26.0,97.19999694824219,1.0299999713897705,9,211.44000244140625,1,260426_154120.984375,-6.0134711265563965,6.280941486358643,0.1621054857969284,1.4676259756088257,0.9554134607315063,-0.004039631690829992,0.1594693809747696,0.028833813965320587,0.09157615900039673,0.028073029592633247,14.0
2026-04-26T17:41:35.963257,250426_162359.015625,1,58.43043899536133,8.693126678466797,26.100000381469727,97.19999694824219,1.2899999618530273,7,211.44000244140625,1,260426_154120.984375,-6.922951698303223,6.031113147735596,0.08416872471570969,0.4915171265602112,1.0977129936218262,0.01734885387122631,-0.0821293517947197,0.0061774845235049725,0.08509403467178345,0.03120456635951996,14.0
2026-04-26T17:41:39.037334,250426_162400.000000,1,58.43027114868164,8.693466186523438,26.0,99.7699966430664,1.2899999618530273,7,211.44000244140625,1,260426_154120.984375,-7.799886226654053,6.101321697235107,0.10674901306629181,2.5750503540039062,0.902172327041626,-0.10344411432743073,0.0017297760350629687,0.02629971131682396,0.04443427175283432,0.015113897621631622,16.0
2026-04-26T17:41:41.966715,250426_162408.000000,1,58.42893981933594,8.696187973022461,24.5,97.29000091552734,0.8799999952316284,10,211.44000244140625,1,260426_154120.984375,-7.711067199707031,5.789583683013916,0.06872446089982986,1.0273090600967407,0.9426513314247131,0.06548789888620377,0.020416265353560448,-0.004190855659544468,0.05176103487610817,0.013381724245846272,20.0
2026-04-26T17:41:45.065745,250426_162416.984375,1,58.42723083496094,8.69861125946045,22.0,93.18000030517578,0.9300000071525574,9,211.44000244140625,1,260426_154120.984375,-7.695680618286133,5.4543938636779785,0.05814265459775925,2.55242657661438,0.950026273727417,0.053690217435359955,0.0018101921305060387,-0.0222407728433609,0.04414737597107887,0.008341274224221706,20.0
2026-04-26T17:41:48.282658,250426_162424.984375,1,58.425418853759766,8.699712753295898,18.700000762939453,95.79000091552734,0.8799999952316284,10,211.44000244140625,1,260426_154120.984375,-8.104072570800781,4.933071136474609,0.06442350894212723,1.5092799663543701,0.8501774668693542,0.02333097904920578,-0.056780602782964706,0.019545258954167366,0.030319785699248314,0.006339955143630505,19.0
2026-04-26T17:41:51.137469,250426_162426.000000,1,58.42518997192383,8.699793815612793,18.200000762939453,91.20999908447266,0.8799999952316284,10,211.44000244140625,1,260426_154120.984375,-8.689743995666504,4.098262786865234,0.02013319730758667,3.4587597846984863,1.0008498430252075,-0.0028607617132365704,-0.018970651552081108,-0.006105411797761917,0.03494229540228844,0.006541070993989706,19.0
2026-04-26T17:41:54.188282,250426_162434.000000,1,58.42335891723633,8.699990272521973,15.5,92.0199966430664,0.8899999856948853,11,211.44000244140625,1,260426_154138.000000,-8.362424850463867,3.8666365146636963,0.0953887552022934,2.827354907989502,1.009752631187439,-0.024893425405025482,0.0728784054517746,0.05628560110926628,0.03165674954652786,0.006276015657931566,17.0
2026-04-26T17:41:57.252229,250426_162435.015625,1,58.42314147949219,8.69997501373291,15.199999809265137,90.94001007080078,0.8299999833106995,11,211.44000244140625,1,260426_154138.000000,-8.074186325073242,3.7204840183258057,0.08679281920194626,0.9826330542564392,1.0216494798660278,-0.017478790134191513,0.03427000343799591,0.07780136913061142,0.030942924320697784,0.00702205253764987,17.0
2026-04-26T17:42:00.342152,250426_162443.015625,1,58.421348571777344,8.699633598327637,14.600000381469727,89.72000122070312,1.0399999618530273,8,211.44000244140625,1,260426_154152.984375,-8.038522720336914,3.6481640338897705,0.15702863037586212,7.7677836418151855,1.497456669807434,0.11840102821588516,-0.04722127690911293,-0.09170246869325638,0.05151009559631348,0.011822518892586231,17.0
2026-04-26T17:42:03.409177,250426_162444.000000,1,58.4211311340332,8.69957447052002,14.300000190734863,89.72000122070312,1.0399999618530273,8,211.44000244140625,1,260426_154152.984375,-8.439740180969238,3.6974918842315674,0.1489306390285492,1.9363170862197876,1.503833532333374,0.0440245121717453,0.10811099410057068,0.0924888625741005,0.052380867302417755,0.012557249516248703,18.0
2026-04-26T17:42:06.492688,250426_162452.000000,1,58.41965866088867,8.698836326599121,12.899999618530273,89.72000122070312,1.0399999618530273,8,211.44000244140625,1,260426_154152.984375,-7.830196857452393,4.38159704208374,0.01379127986729145,1.4982967376708984,1.5281875133514404,-0.012455975636839867,-0.004930771887302399,-0.003276514122262597,0.05347977951169014,0.012919625267386436,20.0
2026-04-26T17:42:09.444826,250426_162452.984375,1,58.41950988769531,8.698704719543457,12.600000381469727,65.62000274658203,1.0399999618530273,8,211.44000244140625,1,260426_154152.984375,-8.216100692749023,4.372382640838623,0.04177573323249817,0.5040467977523804,1.488804578781128,-0.02112550660967827,-0.03575482219457626,0.004529636353254318,0.05184788629412651,0.012478074058890343,20.0
2026-04-26T17:42:12.451330,250426_162500.984375,1,58.41913986206055,8.697145462036133,11.300000190734863,42.31999969482422,0.9100000262260437,10,211.44000244140625,1,260426_154152.984375,-8.228561401367188,5.350522041320801,0.10820478200912476,0.5444387197494507,1.6889240741729736,-0.07084082812070847,-0.0055113667622208595,-0.08160562068223953,0.05159030109643936,0.013895601034164429,18.0
2026-04-26T17:42:15.563641,250426_162502.000000,1,58.419071197509766,8.697020530700684,11.399999618530273,40.349998474121094,0.9100000262260437,10,211.44000244140625,1,260426_154154.000000,-8.204215049743652,6.017012119293213,0.03703802451491356,0.704522430896759,1.2621536254882812,0.0010734854731708765,0.03671201318502426,-0.004784488584846258,0.04315948113799095,0.011649565771222115,16.0
2026-04-26T17:42:18.660505,250426_162510.000000,1,58.41815185546875,8.69762134552002,11.699999809265137,52.45000076293945,0.8299999833106995,11,211.44000244140625,1,260426_154154.000000,-8.175251960754395,6.566857814788818,0.10371248424053192,1.1750143766403198,1.208782434463501,-0.10225006192922592,-0.017303811386227608,0.001334994100034237,0.04375395551323891,0.010233011096715927,16.0
2026-04-26T17:42:21.628024,250426_162511.015625,1,58.41807174682617,8.697823524475098,11.899999618530273,52.529998779296875,0.8299999833106995,11,211.44000244140625,1,260426_154154.000000,-8.244266510009766,6.79636812210083,0.05726156011223793,0.500602662563324,1.1571524143218994,-0.046641670167446136,-0.00578113691881299,-0.03271115943789482,0.046256955713033676,0.009445072151720524,16.0
2026-04-26T17:42:21.628260,250426_162511.015625,1,58.41807174682617,8.697823524475098,11.899999618530273,52.529998779296875,0.8299999833106995,11,211.44000244140625,1,260426_154154.000000,-8.244266510009766,6.79636812210083,0.05726156011223793,0.500602662563324,1.1571524143218994,-0.046641670167446136,-0.00578113691881299,-0.03271115943789482,0.046256955713033676,0.009445072151720524,16.0
2026-04-26T17:42:21.628444,250426_162511.015625,1,58.41807174682617,8.697823524475098,11.899999618530273,52.529998779296875,0.8299999833106995,11,211.44000244140625,1,260426_154154.000000,-8.244266510009766,6.79636812210083,0.05726156011223793,0.500602662563324,1.1571524143218994,-0.046641670167446136,-0.00578113691881299,-0.03271115943789482,0.046256955713033676,0.009445072151720524,16.0
2026-04-26T17:42:21.644856,250426_162511.015625,1,58.41807174682617,8.697823524475098,11.899999618530273,52.529998779296875,0.8299999833106995,11,211.44000244140625,1,260426_154154.000000,-8.244266510009766,6.79636812210083,0.05726156011223793,0.500602662563324,1.1571524143218994,-0.046641670167446136,-0.00578113691881299,-0.03271115943789482,0.046256955713033676,0.009445072151720524,16.0
2026-04-26T17:42:24.761268,250426_162519.015625,1,58.41754913330078,8.699128150939941,9.899999618530273,29.75,0.8600000143051147,10,211.44000244140625,1,260426_154208.984375,-7.8726420402526855,6.376278877258301,0.023139994591474533,0.4660862684249878,1.1372380256652832,0.012214049696922302,0.017100537195801735,0.009687516838312149,0.04862949624657631,0.00892815925180912,18.0
2026-04-26T17:42:27.773316,250426_162527.015625,1,58.41716003417969,8.70009708404541,8.800000190734863,29.75,0.9300000071525574,10,211.44000244140625,1,260426_154208.984375,-7.741528034210205,6.3908233642578125,0.038274530321359634,0.9155411720275879,0.525424599647522,0.03120470978319645,0.004505134653300047,-0.021700453013181686,0.043974246829748154,0.005622435361146927,20.0
2026-04-26T17:42:30.845002,250426_162536.000000,1,58.4162483215332,8.70021915435791,10.399999618530273,39.650001525878906,0.8299999833106995,11,211.44000244140625,1,260426_154224.000000,-8.400525093078613,6.1760478019714355,0.07685645669698715,0.5545986890792847,0.4844743311405182,0.05181727558374405,-0.0558832623064518,-0.009947135113179684,0.029690677300095558,0.0035176435485482216,24.0
2026-04-26T17:42:33.819173,250426_162536.984375,1,58.416160583496094,8.700133323669434,10.300000190734863,37.810001373291016,0.8299999833106995,11,211.44000244140625,1,260426_154224.000000,-8.898811340332031,6.0400238037109375,0.08754516392946243,1.0443512201309204,0.47558850049972534,0.0036031408235430717,-0.06317774951457977,-0.060495831072330475,0.027601905167102814,0.00348419276997447,22.0
2026-04-26T17:42:36.837647,250426_162544.984375,1,58.41524887084961,8.69970989227295,10.0,55.43000030517578,0.8700000047683716,10,211.44000244140625,1,260426_154224.000000,-9.382463455200195,5.95762300491333,0.03348417952656746,0.8254935145378113,0.40071430802345276,0.000269709387794137,-0.029357466846704483,-0.016101447865366936,0.023447327315807343,0.0030629520770162344,24.0
2026-04-26T17:42:39.978789,250426_162546.000000,1,58.41511154174805,8.699652671813965,9.899999618530273,58.040000915527344,0.9200000166893005,9,211.44000244140625,1,260426_154224.000000,-9.480180740356445,5.458932876586914,0.0896998718380928,0.7145826816558838,0.44355684518814087,0.07672863453626633,-0.03993700072169304,0.023744864389300346,0.02279236540198326,0.0033056018874049187,22.0
2026-04-26T17:42:43.459210,250426_162554.000000,1,58.41395950317383,8.699219703674316,8.300000190734863,53.33000183105469,0.9200000166893005,9,211.44000244140625,1,260426_154224.000000,-9.585243225097656,5.160551071166992,0.02434743195772171,1.03926682472229,0.44765791296958923,0.012424690648913383,-0.020411042496562004,-0.004670534282922745,0.021246809512376785,0.0036347827408462763,22.0
2026-04-26T17:42:45.979257,250426_162555.015625,1,58.4138298034668,8.699167251586914,8.300000190734863,53.959999084472656,0.9200000166893005,9,211.44000244140625,1,260426_154224.984375,-9.994528770446777,6.165606498718262,0.08436885476112366,0.8081038594245911,0.4420706331729889,-0.05437956005334854,-0.05557895824313164,0.03274058178067207,0.027646379545331,0.004156127106398344,25.0
2026-04-26T17:42:49.076872,250426_162604.000000,1,58.4127082824707,8.69873046875,8.0,43.58000183105469,0.9200000166893005,9,211.44000244140625,1,260426_154224.984375,-10.535904884338379,6.312004089355469,0.07667214423418045,1.5521178245544434,0.4603385031223297,0.051412999629974365,-0.04815416783094406,0.030273720622062683,0.02746032178401947,0.004587257280945778,23.0
2026-04-26T17:42:52.177923,250426_162620.000000,1,58.41123962402344,8.698101997375488,8.300000190734863,46.66999816894531,0.8999999761581421,11,211.44000244140625,1,260426_154224.984375,-11.213851928710938,6.243228912353516,0.04810158908367157,0.7810896635055542,0.5467134714126587,0.013604158535599709,-0.04596838355064392,0.003949344158172607,0.026412948966026306,0.005336602218449116,19.0
2026-04-26T17:42:55.213929,250426_162620.984375,1,58.41114044189453,8.698026657104492,8.300000190734863,45.369998931884766,0.9200000166893005,10,211.44000244140625,1,260426_154224.984375,-11.334256172180176,6.002997398376465,0.0675974115729332,1.4288848638534546,0.558083713054657,-0.04707776755094528,0.008870702236890793,0.04769071936607361,0.02644002065062523,0.004753532353788614,19.0
2026-04-26T17:42:58.317339,250426_162628.984375,1,58.41053009033203,8.697600364685059,5.099999904632568,21.059999465942383,0.9200000166893005,10,211.44000244140625,1,260426_154255.015625,-11.213435173034668,6.009565830230713,0.038279492408037186,0.6061738729476929,0.6071985363960266,-0.023020537570118904,-0.02933182381093502,0.008661318570375443,0.024452975019812584,0.00485604302957654,15.0
2026-04-26T17:43:01.289598,250426_162638.000000,1,58.409908294677734,8.6972017288208,2.9000000953674316,48.650001525878906,0.8999999761581421,11,211.44000244140625,1,260426_154255.015625,-11.68381118774414,5.6431756019592285,0.0876510739326477,0.2980634570121765,0.6127797961235046,0.030272217467427254,-0.08175437897443771,-0.009084365330636501,0.021726051345467567,0.004296958912163973,18.0
2026-04-26T17:43:04.374448,250426_162639.015625,1,58.4097900390625,8.697134971618652,3.5999999046325684,51.04999923706055,0.8999999761581421,11,211.44000244140625,1,260426_154255.015625,-12.08569622039795,5.704487323760986,0.01958467811346054,0.575497031211853,0.5458705425262451,0.009893426671624184,-0.009393054060637951,-0.014051701873540878,0.0222370196133852,0.003723342902958393,14.0
2026-04-26T17:43:07.420395,250426_162647.015625,1,58.40864181518555,8.69666862487793,3.4000000953674316,63.470001220703125,0.8799999952316284,10,211.44000244140625,1,260426_154255.015625,-11.509108543395996,5.624639987945557,0.04429089277982712,0.43653789162635803,0.48865288496017456,0.010283159092068672,0.0399349145591259,0.016159895807504654,0.0218383576720953,0.0033096717670559883,16.0
2026-04-26T17:43:10.483948,250426_162648.000000,1,58.40848159790039,8.696633338928223,3.0999999046325684,62.93000030517578,0.9300000071525574,10,211.44000244140625,1,260426_154256.000000,-11.015060424804688,5.3318891525268555,0.06437329202890396,0.951734185218811,0.45200681686401367,0.03793931007385254,0.050113435834646225,-0.013898665085434914,0.019977862015366554,0.0036088794004172087,16.0
2026-04-26T17:43:13.573107,250426_162656.000000,1,58.40726852416992,8.696306228637695,4.900000095367432,55.939998626708984,0.8299999833106995,11,211.44000244140625,1,260426_154256.000000,-10.4387788772583,5.25069522857666,0.06316343694925308,0.3585672080516815,0.31140223145484924,-0.0011980091221630573,0.06298092007637024,-0.00464629428461194,0.017152000218629837,0.003423377638682723,18.0
2026-04-26T17:43:13.573448,250426_162656.000000,1,58.40726852416992,8.696306228637695,4.900000095367432,55.939998626708984,0.8299999833106995,11,211.44000244140625,1,260426_154256.000000,-10.4387788772583,5.25069522857666,0.06316343694925308,0.3585672080516815,0.31140223145484924,-0.0011980091221630573,0.06298092007637024,-0.00464629428461194,0.017152000218629837,0.003423377638682723,18.0
2026-04-26T17:43:13.573842,250426_162656.000000,1,58.40726852416992,8.696306228637695,4.900000095367432,55.939998626708984,0.8299999833106995,11,211.44000244140625,1,260426_154256.000000,-10.4387788772583,5.25069522857666,0.06316343694925308,0.3585672080516815,0.31140223145484924,-0.0011980091221630573,0.06298092007637024,-0.00464629428461194,0.017152000218629837,0.003423377638682723,18.0
2026-04-26T17:43:13.610366,250426_162656.000000,1,58.40726852416992,8.696306228637695,4.900000095367432,55.939998626708984,0.8299999833106995,11,211.44000244140625,1,260426_154256.000000,-10.4387788772583,5.25069522857666,0.06316343694925308,0.3585672080516815,0.31140223145484924,-0.0011980091221630573,0.06298092007637024,-0.00464629428461194,0.017152000218629837,0.003423377638682723,18.0
2026-04-26T17:43:16.614636,250426_162704.000000,1,58.40623092651367,8.696253776550293,3.4000000953674316,53.439998626708984,0.8299999833106995,11,172.5800018310547,1,260426_154256.000000,-9.431265830993652,5.302049160003662,0.08381155133247375,0.7250112295150757,0.32883942127227783,-0.011632850393652916,0.0667039230465889,0.0493927076458931,0.01884067989885807,0.003800320904701948,16.0
2026-04-26T17:43:16.615014,250426_162704.000000,1,58.40623092651367,8.696253776550293,3.4000000953674316,53.439998626708984,0.8299999833106995,11,172.5800018310547,1,260426_154256.000000,-9.431265830993652,5.302049160003662,0.08381155133247375,0.7250112295150757,0.32883942127227783,-0.011632850393652916,0.0667039230465889,0.0493927076458931,0.01884067989885807,0.003800320904701948,16.0
2026-04-26T17:43:16.615229,250426_162704.000000,1,58.40623092651367,8.696253776550293,3.4000000953674316,53.439998626708984,0.8299999833106995,11,172.5800018310547,1,260426_154256.000000,-9.431265830993652,5.302049160003662,0.08381155133247375,0.7250112295150757,0.32883942127227783,-0.011632850393652916,0.0667039230465889,0.0493927076458931,0.01884067989885807,0.003800320904701948,16.0
2026-04-26T17:43:16.624499,250426_162704.000000,1,58.40623092651367,8.696253776550293,3.4000000953674316,53.439998626708984,0.8299999833106995,11,172.5800018310547,1,260426_154256.000000,-9.431265830993652,5.302049160003662,0.08381155133247375,0.7250112295150757,0.32883942127227783,-0.011632850393652916,0.0667039230465889,0.0493927076458931,0.01884067989885807,0.003800320904701948,16.0
2026-04-26T17:43:19.622452,250426_162704.984375,1,58.40610885620117,8.696301460266113,2.5,54.939998626708984,0.9300000071525574,10,172.5800018310547,1,260426_154256.000000,-9.183209419250488,5.154702186584473,0.042759645730257034,1.176946759223938,0.4121469259262085,0.033802907913923264,0.02523409016430378,0.00699941162019968,0.01636798307299614,0.00399039639160037,16.0
2026-04-26T17:43:22.659310,250426_162714.000000,1,58.40483856201172,8.696524620056152,-0.5,60.59000015258789,0.8299999833106995,11,172.5800018310547,1,260426_154256.000000,-8.41250228881836,4.808248519897461,0.08551685512065887,0.24776321649551392,0.4266009032726288,0.06316554546356201,0.057016558945178986,0.008506338112056255,0.017905397340655327,0.004526182543486357,16.0
2026-04-26T17:43:25.735724,250426_162722.000000,1,58.403770446777344,8.695989608764648,-3.200000047683716,56.58000183105469,1.0,10,172.5800018310547,1,260426_154312.000000,-5.893958568572998,4.565402984619141,0.137984499335289,0.9045969843864441,0.4510691165924072,-0.018580636009573936,0.135875403881073,0.015243284404277802,0.05493125319480896,0.011731862090528011,14.0
2026-04-26T17:43:28.699390,250426_162731.015625,1,58.40256881713867,8.694934844970703,-6.300000190734863,56.68000030517578,0.8500000238418579,11,172.5800018310547,1,260426_154312.000000,-7.314681529998779,4.164841651916504,0.14418986439704895,0.6605387330055237,0.45730865001678467,0.019070200622081757,-0.14162637293338776,0.01920982450246811,0.05861768499016762,0.015299677848815918,18.0
2026-04-26T17:43:31.745227,250426_162732.000000,1,58.40242004394531,8.694825172424316,-6.800000190734863,56.29999923706055,0.8500000238418579,11,172.5800018310547,1,260426_154327.015625,-8.602861404418945,4.113157272338867,0.11496131867170334,0.56227046251297,0.43358486890792847,-0.01838790997862816,-0.10950963944196701,-0.0297594852745533,0.05818791687488556,0.017749572172760963,19.0
2026-04-26T17:43:34.872125,250426_162740.984375,1,58.40127944946289,8.694290161132812,-16.100000381469727,56.29999923706055,0.8500000238418579,11,172.5800018310547,1,260426_154327.015625,-9.245405197143555,3.9732489585876465,0.08905254304409027,1.8806548118591309,0.4689489006996155,0.04580962285399437,-0.06669265031814575,-0.03720114007592201,0.05349073186516762,0.018315134570002556,19.0
2026-04-26T17:43:37.914289,250426_162748.984375,1,58.40065002441406,8.694210052490234,-19.299999237060547,32.58000183105469,0.8700000047683716,12,172.5800018310547,1,260426_154327.015625,-9.543764114379883,3.815805435180664,0.032727595418691635,1.0528450012207031,0.48803508281707764,0.007009364664554596,0.02764737233519554,-0.016049521043896675,0.05693015828728676,0.017920542508363724,21.0
2026-04-26T17:43:40.983793,250426_162750.000000,1,58.40055847167969,8.694235801696777,-19.299999237060547,36.06999969482422,0.8299999833106995,11,172.5800018310547,1,260426_154327.015625,-8.216992378234863,3.7457797527313232,0.07151154428720474,0.31663188338279724,0.5806006193161011,0.002863525180146098,0.06427552551031113,0.031214699149131775,0.04771213233470917,0.01371823064982891,23.0
2026-04-26T17:43:44.063987,250426_162758.000000,1,58.399620056152344,8.69389533996582,-19.600000381469727,36.06999969482422,0.800000011920929,12,172.5800018310547,1,260426_154327.015625,-8.618999481201172,4.264477252960205,0.0574788935482502,0.5064937472343445,0.5836283564567566,-0.016421308740973473,-0.0539143830537796,-0.011287298984825611,0.03822390362620354,0.008000859059393406,22.0
2026-04-26T17:43:47.074097,250426_162806.000000,1,58.3985595703125,8.693204879760742,-18.600000381469727,54.720001220703125,0.8799999952316284,12,172.5800018310547,1,260426_154327.015625,-8.954087257385254,5.320043087005615,0.0663779228925705,0.5537340044975281,0.8669598698616028,-0.0270454790443182,0.0023286817595362663,-0.06057348847389221,0.04918065294623375,0.00934983417391777,20.0
2026-04-26T17:43:50.132062,250426_162815.015625,1,58.397518157958984,8.691888809204102,-8.300000190734863,58.77000045776367,0.800000011920929,12,172.5800018310547,1,260426_154327.015625,-8.813549995422363,5.4222636222839355,0.08553534001111984,6.700702667236328,1.2832666635513306,0.05250542238354683,-0.008600953966379166,-0.06697386503219604,0.05304274708032608,0.010500614531338215,20.0
2026-04-26T17:43:53.311991,250426_162816.000000,1,58.39738845825195,8.691746711730957,-8.5,57.45000076293945,0.800000011920929,12,172.5800018310547,1,260426_154343.015625,-9.38132095336914,5.210710048675537,0.1286720335483551,0.7078728079795837,1.2762094736099243,0.06817732006311417,-0.06438745558261871,-0.08810562640428543,0.049540627747774124,0.009373532608151436,18.0
2026-04-26T17:43:56.242259,250426_162824.000000,1,58.39643096923828,8.690656661987305,-2.5,54.880001068115234,0.9100000262260437,10,172.5800018310547,1,260426_154343.015625,-9.519217491149902,5.579977989196777,0.08668529242277145,1.386083960533142,1.2758781909942627,-0.07199104130268097,0.008259839378297329,-0.04757525026798248,0.04822196066379547,0.009639456868171692,16.0
2026-04-26T17:43:59.316165,250426_162824.984375,1,58.39630126953125,8.690590858459473,-1.600000023841858,56.5099983215332,0.9100000262260437,10,172.5800018310547,1,260426_154343.015625,-9.958093643188477,5.801548480987549,0.061662863940000534,0.5353800058364868,1.271262764930725,-0.0024687498807907104,-0.052057813853025436,-0.032957524061203,0.048207011073827744,0.009438413195312023,14.0
2026-04-26T17:44:02.385001,250426_162832.984375,1,58.395118713378906,8.69063663482666,3.200000047683716,58.970001220703125,0.8500000238418579,11,172.5800018310547,1,260426_154358.000000,-10.05366039276123,6.139804840087891,0.06415686011314392,1.1830377578735352,1.1449153423309326,-0.06280474364757538,-0.003026534803211689,0.01274781208485365,0.033756501972675323,0.00601444486528635,18.0
2026-04-26T17:44:05.403410,250426_162842.000000,1,58.39393997192383,8.691489219665527,4.099999904632568,54.0,0.8299999833106995,11,172.5800018310547,1,260426_154358.000000,-9.546475410461426,6.607567310333252,0.045659586787223816,0.5168777108192444,1.0654723644256592,-0.017567826434969902,0.03951524570584297,-0.014653148129582405,0.022654101252555847,0.00502017280086875,18.0
2026-04-26T17:44:08.442846,250426_162850.000000,1,58.39278030395508,8.690978050231934,8.899999618530273,58.27000045776367,0.8299999833106995,11,172.5800018310547,1,260426_154359.015625,-9.240485191345215,6.873028755187988,0.07272440940141678,1.3790757656097412,0.6630764007568359,-0.06877223402261734,0.023388054221868515,-0.0034954664297401905,0.020238086581230164,0.0041035921312868595,20.0
2026-04-26T17:44:11.495845,250426_162851.015625,1,58.39263916015625,8.690885543823242,10.399999618530273,57.630001068115234,0.8799999952316284,10,172.5800018310547,1,260426_154359.015625,-8.996468544006348,6.846193790435791,0.03700174391269684,0.37689608335494995,0.6626046895980835,-0.015554932877421379,0.031199483200907707,0.012400217354297638,0.017465053126215935,0.0034419475123286247,22.0
2026-04-26T17:44:14.571355,250426_162859.015625,1,58.3915901184082,8.690061569213867,15.600000381469727,59.220001220703125,0.9100000262260437,10,172.5800018310547,1,260426_154359.015625,-8.627960205078125,6.676637649536133,0.09286030381917953,1.8764499425888062,0.6712378859519958,0.06921204179525375,0.056812938302755356,-0.024597156792879105,0.015343794599175453,0.0031180474907159805,23.0
2026-04-26T17:44:17.537809,250426_162900.000000,1,58.391441345214844,8.689972877502441,14.300000190734863,60.29999923706055,0.800000011920929,12,172.5800018310547,1,260426_154359.015625,-8.204734802246094,5.859144687652588,0.09615999460220337,0.5105804800987244,0.607936680316925,0.0941467210650444,0.01626341976225376,-0.010892137885093689,0.01923189125955105,0.00409137224778533,17.0
2026-04-26T17:44:20.628506,250426_162908.000000,1,58.39046859741211,8.688570976257324,13.0,60.34000015258789,0.800000011920929,12,172.5800018310547,1,260426_154359.015625,-7.8835320472717285,4.735550403594971,0.12891045212745667,1.0206435918807983,0.5963134765625,0.12834785878658295,0.011982268653810024,-0.0010753795504570007,0.025538571178913116,0.005356225185096264,19.0
2026-04-26T17:44:23.681235,250426_162916.984375,1,58.38943099975586,8.686864852905273,15.0,57.709999084472656,0.9399999976158142,11,172.5800018310547,1,260426_154359.015625,-7.536562442779541,5.368884563446045,0.10239507257938385,0.7747834324836731,0.5813553333282471,-0.08930470049381256,0.03967912122607231,0.03057757578790188,0.02654157392680645,0.005994969978928566,17.0
2026-04-26T17:44:23.681500,250426_162916.984375,1,58.38943099975586,8.686864852905273,15.0,57.709999084472656,0.9399999976158142,11,172.5800018310547,1,260426_154359.015625,-7.536562442779541,5.368884563446045,0.10239507257938385,0.7747834324836731,0.5813553333282471,-0.08930470049381256,0.03967912122607231,0.03057757578790188,0.02654157392680645,0.005994969978928566,17.0
2026-04-26T17:44:23.681804,250426_162916.984375,1,58.38943099975586,8.686864852905273,15.0,57.709999084472656,0.9399999976158142,11,172.5800018310547,1,260426_154359.015625,-7.536562442779541,5.368884563446045,0.10239507257938385,0.7747834324836731,0.5813553333282471,-0.08930470049381256,0.03967912122607231,0.03057757578790188,0.02654157392680645,0.005994969978928566,17.0
2026-04-26T17:44:23.708750,250426_162916.984375,1,58.38943099975586,8.686864852905273,15.0,57.709999084472656,0.9399999976158142,11,172.5800018310547,1,260426_154359.015625,-7.536562442779541,5.368884563446045,0.10239507257938385,0.7747834324836731,0.5813553333282471,-0.08930470049381256,0.03967912122607231,0.03057757578790188,0.02654157392680645,0.005994969978928566,17.0
2026-04-26T17:44:26.670449,250426_162918.000000,1,58.38933181762695,8.686655044555664,141.0,57.709999084472656,0.9399999976158142,11,172.5800018310547,1,260426_154359.015625,-8.396819114685059,7.002960681915283,0.15958161652088165,1.2431623935699463,0.5684875845909119,-0.14450334012508392,-0.06671052426099777,-0.011609543114900589,0.0395004078745842,0.010416953824460506,12.0
2026-04-26T17:44:29.750603,250426_162926.000000,1,58.38861083984375,8.684943199157715,14.899999618530273,56.59000015258789,0.800000011920929,12,172.5800018310547,1,260426_154415.015625,-8.502702713012695,6.37179708480835,0.06382597237825394,1.6098506450653076,0.6071842908859253,0.04102049022912979,0.04319483041763306,-0.022918999195098877,0.041323743760585785,0.010216671973466873,19.0
2026-04-26T17:44:32.794866,250426_162934.000000,1,58.387821197509766,8.683416366577148,10.300000190734863,56.0099983215332,0.800000011920929,12,172.5800018310547,1,260426_154415.015625,-8.567195892333984,6.272814750671387,0.04892779886722565,1.6411703824996948,0.7907558679580688,-0.044402092695236206,0.018466025590896606,-0.00902161281555891,0.04626542702317238,0.00985732115805149,17.0
2026-04-26T17:44:35.889927,250426_162935.015625,1,58.387718200683594,8.683234214782715,9.399999618530273,57.650001525878906,0.800000011920929,12,172.5800018310547,1,260426_154430.000000,-8.68204116821289,6.128325939178467,0.058604951947927475,2.1894989013671875,0.8179110288619995,-0.029422171413898468,-0.02600724808871746,-0.043502867221832275,0.0462808720767498,0.009238415397703648,17.0
2026-04-26T17:44:38.942103,250426_162943.015625,1,58.38700866699219,8.68150520324707,12.800000190734863,56.720001220703125,0.8100000023841858,11,172.5800018310547,1,260426_154430.000000,-8.519322395324707,5.857243061065674,0.04401548579335213,1.1240949630737305,0.7993707060813904,0.025004928931593895,0.036221735179424286,-0.0003196811303496361,0.04738277196884155,0.008788459934294224,17.0
2026-04-26T17:44:41.915493,250426_162944.000000,1,58.3869514465332,8.681281089782715,13.5,54.58000183105469,0.800000011920929,12,172.5800018310547,1,260426_154430.000000,-7.89762544631958,6.371976852416992,0.05936190485954285,0.19845908880233765,0.9801881909370422,-0.055779095739126205,0.0030309432186186314,0.020083382725715637,0.039567671716213226,0.006366106681525707,19.0
2026-04-26T17:44:44.993360,250426_162952.000000,1,58.386329650878906,8.679393768310547,5.400000095367432,57.02000045776367,0.800000011920929,12,172.5800018310547,1,260426_154430.000000,-8.35325813293457,6.380461692810059,0.06900518387556076,0.3905593752861023,0.9759539365768433,0.0651637613773346,-0.021380702033638954,-0.007633241359144449,0.03677629679441452,0.005512367468327284,20.0
2026-04-26T17:44:44.993674,250426_162952.000000,1,58.386329650878906,8.679393768310547,5.400000095367432,57.02000045776367,0.800000011920929,12,172.5800018310547,1,260426_154430.000000,-8.35325813293457,6.380461692810059,0.06900518387556076,0.3905593752861023,0.9759539365768433,0.0651637613773346,-0.021380702033638954,-0.007633241359144449,0.03677629679441452,0.005512367468327284,20.0
2026-04-26T17:44:44.994052,250426_162952.000000,1,58.386329650878906,8.679393768310547,5.400000095367432,57.02000045776367,0.800000011920929,12,172.5800018310547,1,260426_154430.000000,-8.35325813293457,6.380461692810059,0.06900518387556076,0.3905593752861023,0.9759539365768433,0.0651637613773346,-0.021380702033638954,-0.007633241359144449,0.03677629679441452,0.005512367468327284,20.0
2026-04-26T17:44:45.017299,250426_162952.000000,1,58.386329650878906,8.679393768310547,5.400000095367432,57.02000045776367,0.800000011920929,12,172.5800018310547,1,260426_154430.000000,-8.35325813293457,6.380461692810059,0.06900518387556076,0.3905593752861023,0.9759539365768433,0.0651637613773346,-0.021380702033638954,-0.007633241359144449,0.03677629679441452,0.005512367468327284,20.0
2026-04-26T17:44:48.055793,250426_163000.000000,1,58.38541030883789,8.678221702575684,-0.20000000298023224,57.349998474121094,0.800000011920929,12,172.5800018310547,1,260426_154430.000000,-8.548563957214355,6.136436462402344,0.03659368306398392,1.2129533290863037,0.8657083511352539,0.032190654426813126,-0.009015679359436035,0.014885460957884789,0.03335878998041153,0.004705437459051609,24.0
2026-04-26T17:44:48.056090,250426_163000.000000,1,58.38541030883789,8.678221702575684,-0.20000000298023224,57.349998474121094,0.800000011920929,12,172.5800018310547,1,260426_154430.000000,-8.548563957214355,6.136436462402344,0.03659368306398392,1.2129533290863037,0.8657083511352539,0.032190654426813126,-0.009015679359436035,0.014885460957884789,0.03335878998041153,0.004705437459051609,24.0
2026-04-26T17:44:48.056296,250426_163000.000000,1,58.38541030883789,8.678221702575684,-0.20000000298023224,57.349998474121094,0.800000011920929,12,172.5800018310547,1,260426_154430.000000,-8.548563957214355,6.136436462402344,0.03659368306398392,1.2129533290863037,0.8657083511352539,0.032190654426813126,-0.009015679359436035,0.014885460957884789,0.03335878998041153,0.004705437459051609,24.0
2026-04-26T17:44:48.128181,250426_163000.000000,1,58.38541030883789,8.678221702575684,-0.20000000298023224,57.349998474121094,0.800000011920929,12,172.5800018310547,1,260426_154430.000000,-8.548563957214355,6.136436462402344,0.03659368306398392,1.2129533290863037,0.8657083511352539,0.032190654426813126,-0.009015679359436035,0.014885460957884789,0.03335878998041153,0.004705437459051609,24.0
2026-04-26T17:44:51.136043,250426_163000.984375,1,58.38528060913086,8.678106307983398,0.10000000149011612,58.33000183105469,0.800000011920929,12,172.5800018310547,1,260426_154444.984375,-8.923147201538086,5.919717311859131,0.03879152983427048,0.9412370324134827,0.9971117973327637,0.01705717295408249,-0.0273565873503685,0.02157435566186905,0.04060185328125954,0.005885808262974024,24.0
2026-04-26T17:44:54.181469,250426_163010.000000,1,58.38412094116211,8.67699146270752,7.400000095367432,56.34000015258789,0.800000011920929,12,172.5800018310547,1,260426_154444.984375,-9.513355255126953,5.987825393676758,0.07114000618457794,0.313549280166626,0.9438495635986328,-0.02035113424062729,-0.06681784987449646,-0.013494688086211681,0.03496971353888512,0.0053596715442836285,26.0
2026-04-26T17:44:57.246807,250426_163018.000000,1,58.383201599121094,8.67601203918457,10.800000190734863,48.0,0.8600000143051147,11,172.5800018310547,1,260426_154446.000000,-9.862764358520508,5.718003273010254,0.08088348060846329,0.5269457697868347,0.8068712949752808,0.06323464959859848,-0.050433043390512466,-0.00015966547653079033,0.0327298529446125,0.0048667737282812595,25.0
2026-04-26T17:45:00.233984,250426_163019.015625,1,58.38309860229492,8.675878524780273,11.399999618530273,44.5,0.949999988079071,11,172.5800018310547,1,260426_154446.000000,-9.736621856689453,5.77535343170166,0.027879640460014343,1.350228190422058,0.8493861556053162,-0.004518060013651848,0.015888970345258713,0.022458897903561592,0.032651953399181366,0.0049318852834403515,23.0
2026-04-26T17:45:03.306360,250426_163027.015625,1,58.38251876831055,8.675832748413086,17.299999237060547,27.260000228881836,0.8799999952316284,12,172.5800018310547,1,260426_154446.000000,-10.256917953491211,6.096838474273682,0.0527678020298481,0.4237563908100128,0.8196256756782532,-0.004715400747954845,-0.049092743545770645,-0.018764551728963852,0.03133874759078026,0.005581019911915064,19.0
2026-04-26T17:45:03.306732,250426_163027.015625,1,58.38251876831055,8.675832748413086,17.299999237060547,27.260000228881836,0.8799999952316284,12,172.5800018310547,1,260426_154446.000000,-10.256917953491211,6.096838474273682,0.0527678020298481,0.4237563908100128,0.8196256756782532,-0.004715400747954845,-0.049092743545770645,-0.018764551728963852,0.03133874759078026,0.005581019911915064,19.0
2026-04-26T17:45:03.307029,250426_163027.015625,1,58.38251876831055,8.675832748413086,17.299999237060547,27.260000228881836,0.8799999952316284,12,172.5800018310547,1,260426_154446.000000,-10.256917953491211,6.096838474273682,0.0527678020298481,0.4237563908100128,0.8196256756782532,-0.004715400747954845,-0.049092743545770645,-0.018764551728963852,0.03133874759078026,0.005581019911915064,19.0
2026-04-26T17:45:03.416195,250426_163027.015625,1,58.38251876831055,8.675832748413086,17.299999237060547,27.260000228881836,0.8799999952316284,12,172.5800018310547,1,260426_154446.000000,-10.256917953491211,6.096838474273682,0.0527678020298481,0.4237563908100128,0.8196256756782532,-0.004715400747954845,-0.049092743545770645,-0.018764551728963852,0.03133874759078026,0.005581019911915064,19.0
2026-04-26T17:45:06.452582,250426_163035.015625,1,58.38203811645508,8.676182746887207,18.600000381469727,27.260000228881836,0.9100000262260437,11,172.5800018310547,1,260426_154446.000000,-10.154934883117676,6.7955803871154785,0.06099085882306099,0.7812346816062927,0.6151440739631653,-0.045629628002643585,0.024539757519960403,0.03218108415603638,0.01945625990629196,0.004830650519579649,19.0
2026-04-26T17:45:09.347730,250426_163036.000000,1,58.3819694519043,8.676182746887207,18.799999237060547,27.260000228881836,0.8500000238418579,11,172.5800018310547,1,260426_154446.000000,-9.640664100646973,6.563430309295654,0.07922101020812988,2.1341354846954346,0.8314526677131653,0.01045529730618,0.00490060169249773,-0.07837498933076859,0.019901247695088387,0.005197581835091114,25.0
2026-04-26T17:45:12.418905,250426_163044.000000,1,58.3814811706543,8.67618465423584,21.5,22.549999237060547,0.9100000262260437,11,172.5800018310547,1,260426_154500.984375,-8.269316673278809,6.366882801055908,0.14762268960475922,1.123296856880188,0.9123230576515198,0.05480271950364113,0.13324390351772308,0.03217419236898422,0.036348599940538406,0.008230053819715977,23.0
2026-04-26T17:45:15.507202,250426_163052.984375,1,58.38087844848633,8.676376342773438,27.0,25.829999923706055,0.8799999952316284,12,172.5800018310547,1,260426_154500.984375,-8.712799072265625,6.084171295166016,0.09881939738988876,1.2943693399429321,0.8851677775382996,0.07771042734384537,-0.06077374890446663,-0.00573708675801754,0.037640392780303955,0.007970988750457764,21.0
2026-04-26T17:45:18.586349,250426_163054.000000,1,58.380828857421875,8.676370620727539,27.5,22.690000534057617,0.8799999952316284,12,172.5800018310547,1,260426_154516.000000,-8.832706451416016,4.756789684295654,0.16714347898960114,0.4097664952278137,0.8862885236740112,0.1670912206172943,0.002260578330606222,-0.003515983931720257,0.045703306794166565,0.010798001661896706,21.0
2026-04-26T17:45:21.541124,250426_163102.000000,1,58.3804817199707,8.676279067993164,31.5,22.690000534057617,0.9100000262260437,11,172.5800018310547,1,260426_154516.000000,-9.026870727539062,3.470323085784912,0.1855444610118866,2.395590305328369,0.9211544990539551,0.13533145189285278,-0.07427999377250671,-0.10293020308017731,0.046581950038671494,0.013716747984290123,19.0
2026-04-26T17:45:24.603950,250426_163103.015625,1,58.38045120239258,8.676279067993164,32.0,16.31999969482422,0.9100000262260437,11,172.5800018310547,1,260426_154516.000000,-8.600055694580078,4.137923240661621,0.07632826268672943,1.0370001792907715,0.7494437098503113,-0.044789813458919525,0.06146236136555672,-0.006500375922769308,0.04710764437913895,0.013461124151945114,17.0
2026-04-26T17:45:27.677536,250426_163111.015625,1,58.380340576171875,8.676633834838867,33.599998474121094,9.489999771118164,1.0099999904632568,9,172.5800018310547,1,260426_154516.000000,-8.2431640625,3.9787464141845703,0.05588416010141373,1.3246628046035767,0.631523847579956,0.04670409485697746,0.020766999572515488,0.022594213485717773,0.044859834015369415,0.010210374370217323,16.0
2026-04-26T17:45:30.767442,250426_163120.000000,1,58.38026809692383,8.676918983459473,34.70000076293945,0.0,0.9700000882148743,10,172.5800018310547,1,260426_154516.000000,-8.079957962036133,4.947756290435791,0.0951685681939125,5.952129364013672,1.1355526447296143,-0.037514425814151764,-0.03992314636707306,-0.07781945168972015,0.04939034953713417,0.013220595195889473,16.0
2026-04-26T17:45:30.767831,250426_163120.000000,1,58.38026809692383,8.676918983459473,34.70000076293945,0.0,0.9700000882148743,10,172.5800018310547,1,260426_154516.000000,-8.079957962036133,4.947756290435791,0.0951685681939125,5.952129364013672,1.1355526447296143,-0.037514425814151764,-0.03992314636707306,-0.07781945168972015,0.04939034953713417,0.013220595195889473,16.0
2026-04-26T17:45:30.768084,250426_163120.000000,1,58.38026809692383,8.676918983459473,34.70000076293945,0.0,0.9700000882148743,10,172.5800018310547,1,260426_154516.000000,-8.079957962036133,4.947756290435791,0.0951685681939125,5.952129364013672,1.1355526447296143,-0.037514425814151764,-0.03992314636707306,-0.07781945168972015,0.04939034953713417,0.013220595195889473,16.0
2026-04-26T17:45:30.769082,250426_163120.000000,1,58.38026809692383,8.676918983459473,34.70000076293945,0.0,0.9700000882148743,10,172.5800018310547,1,260426_154516.000000,-8.079957962036133,4.947756290435791,0.0951685681939125,5.952129364013672,1.1355526447296143,-0.037514425814151764,-0.03992314636707306,-0.07781945168972015,0.04939034953713417,0.013220595195889473,16.0
2026-04-26T17:45:33.690681,250426_163128.000000,1,58.38029098510742,8.676827430725098,35.79999923706055,0.0,1.0199999809265137,9,172.5800018310547,1,260426_154516.984375,-7.691189765930176,6.24149227142334,0.10024362802505493,0.33511966466903687,1.132819652557373,-0.09534473717212677,0.030896587297320366,0.0018884623423218727,0.04142266884446144,0.010222634300589561,20.0
2026-04-26T17:45:36.739716,250426_163128.984375,1,58.38029098510742,8.6768217086792,35.900001525878906,0.0,1.0199999809265137,9,172.5800018310547,1,260426_154516.984375,-7.357786655426025,6.387509346008301,0.056478120386600494,0.77694171667099,1.1190117597579956,-0.05019987002015114,0.01071206945925951,-0.023558491840958595,0.040926236659288406,0.009144369512796402,20.0
2026-04-26T17:45:39.924588,250426_163138.000000,1,58.380348205566406,8.67680835723877,35.79999923706055,2.359999895095825,0.9700000882148743,10,172.5800018310547,1,260426_154532.000000,-6.761548042297363,7.092173099517822,0.08820777386426926,0.10006914287805557,1.1250371932983398,-0.009528638795018196,0.08705951273441315,-0.010509909130632877,0.042553916573524475,0.010646208189427853,20.0
2026-04-26T17:45:42.943359,250426_163146.000000,1,58.38037109375,8.676752090454102,35.0,2.680000066757202,0.9700000882148743,10,172.5800018310547,1,260426_154532.000000,-5.269969940185547,7.106184005737305,0.10664280503988266,1.1770657300949097,1.128953456878662,0.03578478470444679,0.10043243318796158,-0.0023374268785119057,0.04645571857690811,0.014531876891851425,22.0
2026-04-26T17:45:45.909244,250426_163147.015625,1,58.38037109375,8.676733016967773,34.79999923706055,4.489999771118164,0.9700000882148743,10,172.5800018310547,1,260426_154532.000000,-4.313989639282227,5.2753071784973145,0.14428098499774933,0.633405864238739,1.0288254022598267,0.14392083883285522,0.009458737447857857,-0.003785570152103901,0.051909372210502625,0.018015261739492416,22.0
2026-04-26T17:45:48.973265,250426_163155.015625,1,58.380348205566406,8.676608085632324,33.20000076293945,0.0,0.9700000882148743,10,172.5800018310547,1,260426_154532.984375,-4.399491310119629,3.857844829559326,0.20628836750984192,1.1122410297393799,0.6868885159492493,0.20069001615047455,-0.03253445029258728,-0.034927308559417725,0.049066003412008286,0.01811051182448864,22.0
2026-04-26T17:45:52.026284,250426_163147.015625,1,58.38037109375,8.676733016967773,34.79999923706055,4.489999771118164,0.9700000882148743,10,172.5800018310547,1,260426_154532.984375,-4.49015998840332,3.726469039916992,0.04118272662162781,0.22955915331840515,0.7528965473175049,0.00014697050210088491,0.02875961735844612,0.029476765543222427,0.05136343464255333,0.017875926569104195,20.0
2026-04-26T17:45:55.122322,250426_163146.000000,1,58.38037109375,8.676752090454102,35.0,2.680000066757202,0.9700000882148743,10,172.5800018310547,1,260426_154548.000000,-4.486326217651367,3.7483270168304443,0.02510274574160576,0.3965776562690735,0.7668261528015137,0.020102456212043762,-0.009609850123524666,-0.01156243309378624,0.05807780101895332,0.016176728531718254,18.0
2026-04-26T17:45:58.086573,250426_163138.000000,1,58.380348205566406,8.67680835723877,35.79999923706055,2.359999895095825,0.9700000882148743,10,172.5800018310547,1,260426_154548.000000,-4.570183277130127,3.478271245956421,0.04169706255197525,1.1650422811508179,0.7635043859481812,0.024382205680012703,-0.016572080552577972,0.0294876117259264,0.05845221132040024,0.01294342428445816,21.0
2026-04-26T17:46:01.179385,250426_163128.984375,1,58.38029098510742,8.6768217086792,35.900001525878906,0.0,1.0199999809265137,9,172.5800018310547,1,260426_154548.000000,-5.255404472351074,2.80106782913208,0.07929801940917969,1.004509687423706,0.7015934586524963,0.07162381708621979,-0.0339650884270668,-0.00213960325345397,0.043069206178188324,0.007940870709717274,19.0
2026-04-26T17:46:04.224485,250426_163128.000000,1,58.38029098510742,8.676827430725098,35.79999923706055,0.0,1.0199999809265137,9,172.5800018310547,1,260426_154548.000000,-5.8590922355651855,3.400245428085327,0.14549805223941803,1.2931824922561646,0.6983702778816223,-0.10866397619247437,-0.07529699057340622,-0.060763344168663025,0.04028167575597763,0.0064855231903493404,17.0
2026-04-26T17:46:07.316360,250426_163120.000000,1,58.38026809692383,8.676918983459473,34.70000076293945,0.0,0.9700000882148743,10,172.5800018310547,1,260426_154548.000000,-6.389370441436768,3.9055817127227783,0.03416440635919571,0.8528831601142883,0.6192643642425537,0.021382566541433334,-0.02617521584033966,0.004985030274838209,0.03301282599568367,0.006004656665027142,17.0
2026-04-26T17:46:10.253055,250426_163111.015625,1,58.380340576171875,8.676633834838867,33.599998474121094,9.489999771118164,1.0099999904632568,9,172.5800018310547,1,260426_154548.000000,-6.354710102081299,2.4003303050994873,0.11763326823711395,0.8300177454948425,0.6541929841041565,0.11140856891870499,-0.008746649138629436,-0.03673161566257477,0.03604055941104889,0.00902851764112711,12.0
2026-04-26T17:46:13.362379,250426_163103.015625,1,58.38045120239258,8.676279067993164,32.0,16.31999969482422,0.9100000262260437,11,172.5800018310547,1,260426_154548.000000,-6.542658805847168,3.783405065536499,0.1813032478094101,0.6267566084861755,0.6331703662872314,-0.17951810359954834,0.02279551699757576,0.011157420463860035,0.04432288557291031,0.011192350648343563,16.0
2026-04-26T17:46:16.442046,250426_163102.000000,1,58.3804817199707,8.676279067993164,31.5,22.690000534057617,0.9100000262260437,11,172.5800018310547,1,260426_154548.000000,-6.848003387451172,5.130422592163086,0.10318712890148163,0.9563974738121033,0.6330916881561279,-0.09249098598957062,-0.029486287385225296,0.03497942537069321,0.04543749988079071,0.01465810090303421,16.0
2026-04-26T17:46:19.510444,250426_163054.000000,1,58.380828857421875,8.676370620727539,27.5,22.690000534057617,0.8799999952316284,12,172.5800018310547,1,260426_154548.000000,-7.693290710449219,6.483299255371094,0.033993400633335114,0.7757086753845215,0.5752349495887756,-0.017407435923814774,-0.024190295487642288,-0.016351211816072464,0.04752800241112709,0.015482958406209946,22.0
2026-04-26T17:46:22.458133,250426_163052.984375,1,58.38087844848633,8.676376342773438,27.0,25.829999923706055,0.8799999952316284,12,172.5800018310547,1,260426_154548.000000,-7.6859235763549805,6.520017147064209,0.04940834641456604,1.1986016035079956,0.5842265486717224,0.04835120216012001,-0.005958394147455692,-0.008236702531576157,0.050000376999378204,0.014788947999477386,24.0
2026-04-26T17:46:25.607116,250426_163044.000000,1,58.3814811706543,8.67618465423584,21.5,22.549999237060547,0.9100000262260437,11,172.5800018310547,1,260426_154548.000000,-7.474305629730225,5.569437503814697,0.09355772286653519,1.2267003059387207,0.5000333786010742,0.08737844973802567,0.033357057720422745,-0.0023153265938162804,0.05118377506732941,0.011125287972390652,27.0
2026-04-26T17:46:28.599161,250426_163036.000000,1,58.3819694519043,8.676182746887207,18.799999237060547,27.260000228881836,0.8500000238418579,11,172.5800018310547,1,260426_154620.000000,-7.617038726806641,5.688447952270508,0.09471198916435242,1.1418633460998535,0.5412777066230774,-0.07290495187044144,-0.012445878237485886,0.05916357412934303,0.038319241255521774,0.007023967336863279,27.0
2026-04-26T17:46:31.673159,250426_163035.015625,1,58.38203811645508,8.676182746887207,18.600000381469727,27.260000228881836,0.9100000262260437,11,172.5800018310547,1,260426_154620.000000,-7.94769287109375,6.225756645202637,0.08620870858430862,0.952763557434082,0.540893018245697,-0.040106162428855896,-0.02194194868206978,0.07308889925479889,0.0324886292219162,0.005806722678244114,25.0
2026-04-26T17:46:34.640955,250426_163027.015625,1,58.38251876831055,8.675832748413086,17.299999237060547,27.260000228881836,0.8799999952316284,12,172.5800018310547,1,260426_154620.000000,-8.155091285705566,6.686114311218262,0.07949487864971161,0.2660655379295349,0.5442169904708862,-0.06657834351062775,-0.042965956032276154,-0.006378578953444958,0.026694048196077347,0.005017055198550224,19.0
2026-04-26T17:46:34.641359,250426_163027.015625,1,58.38251876831055,8.675832748413086,17.299999237060547,27.260000228881836,0.8799999952316284,12,172.5800018310547,1,260426_154620.000000,-8.155091285705566,6.686114311218262,0.07949487864971161,0.2660655379295349,0.5442169904708862,-0.06657834351062775,-0.042965956032276154,-0.006378578953444958,0.026694048196077347,0.005017055198550224,19.0
2026-04-26T17:46:34.641721,250426_163027.015625,1,58.38251876831055,8.675832748413086,17.299999237060547,27.260000228881836,0.8799999952316284,12,172.5800018310547,1,260426_154620.000000,-8.155091285705566,6.686114311218262,0.07949487864971161,0.2660655379295349,0.5442169904708862,-0.06657834351062775,-0.042965956032276154,-0.006378578953444958,0.026694048196077347,0.005017055198550224,19.0
2026-04-26T17:46:34.710635,250426_163027.015625,1,58.38251876831055,8.675832748413086,17.299999237060547,27.260000228881836,0.8799999952316284,12,172.5800018310547,1,260426_154620.000000,-8.155091285705566,6.686114311218262,0.07949487864971161,0.2660655379295349,0.5442169904708862,-0.06657834351062775,-0.042965956032276154,-0.006378578953444958,0.026694048196077347,0.005017055198550224,19.0
2026-04-26T17:46:37.718002,250426_163019.015625,1,58.38309860229492,8.675878524780273,11.399999618530273,44.5,0.949999988079071,11,172.5800018310547,1,260426_154620.984375,-8.134714126586914,6.665078163146973,0.046498145908117294,0.4346604645252228,0.46069204807281494,0.031292062252759933,0.03438331186771393,-0.0008199638687074184,0.028823476284742355,0.004493373446166515,19.0
2026-04-26T17:46:40.860353,250426_163018.000000,1,58.383201599121094,8.67601203918457,10.800000190734863,48.0,0.8600000143051147,11,172.5800018310547,1,260426_154620.984375,-6.575442790985107,6.3805928230285645,0.1341380923986435,0.6093155741691589,0.4583476781845093,0.03761342540383339,0.12138719856739044,-0.042934924364089966,0.045078787952661514,0.008258775807917118,18.0
2026-04-26T17:46:43.965416,250426_163010.000000,1,58.38412094116211,8.67699146270752,7.400000095367432,56.34000015258789,0.800000011920929,12,172.5800018310547,1,260426_154620.984375,-6.834930419921875,5.138699531555176,0.15003088116645813,0.478230744600296,0.46258705854415894,0.14486883580684662,-0.03864019364118576,0.005405725911259651,0.04749417304992676,0.010163877159357071,18.0
2026-04-26T17:46:46.879681,250426_163000.984375,1,58.38528060913086,8.678106307983398,0.10000000149011612,58.33000183105469,0.800000011920929,12,172.5800018310547,1,260426_154620.984375,-7.491466522216797,4.873824119567871,0.10056343674659729,1.300607442855835,0.6169525384902954,-0.0561467744410038,-0.056946441531181335,-0.06097252294421196,0.0461285226047039,0.010171271860599518,22.0
2026-04-26T17:46:49.855161,250426_163000.000000,1,58.38541030883789,8.678221702575684,-0.20000000298023224,57.349998474121094,0.800000011920929,12,172.5800018310547,1,260426_154636.000000,-8.075467109680176,5.443799018859863,0.11438344419002533,1.5807627439498901,0.6237220764160156,-0.09959635883569717,-0.05622106045484543,-0.0018242206424474716,0.043058838695287704,0.011162412352859974,22.0
2026-04-26T17:46:52.959682,250426_162952.000000,1,58.386329650878906,8.679393768310547,5.400000095367432,57.02000045776367,0.800000011920929,12,172.5800018310547,1,260426_154636.000000,-8.252907752990723,6.354629993438721,0.04434187337756157,1.0063436031341553,0.7933351993560791,-0.044146452099084854,0.004139192868024111,0.00039971922524273396,0.04332292452454567,0.012976784259080887,22.0
2026-04-26T17:46:56.040147,250426_162944.000000,1,58.3869514465332,8.681281089782715,13.5,54.58000183105469,0.800000011920929,12,172.5800018310547,1,260426_154636.000000,-8.08682632446289,6.561630725860596,0.03866478055715561,0.3663531541824341,0.8001582026481628,-0.03112972155213356,0.016921455040574074,-0.015478046610951424,0.03999491035938263,0.009430932812392712,20.0
2026-04-26T17:46:59.094020,250426_162943.015625,1,58.38700866699219,8.68150520324707,12.800000190734863,56.720001220703125,0.8100000023841858,11,172.5800018310547,1,260426_154636.000000,-7.899740695953369,7.898964881896973,0.05444200709462166,0.4651111364364624,0.9130587577819824,-0.04376416653394699,-0.0015175598673522472,0.03234698623418808,0.04545259103178978,0.009241498075425625,22.0
2026-04-26T17:47:02.164572,250426_162935.015625,1,58.387718200683594,8.683234214782715,9.399999618530273,57.650001525878906,0.800000011920929,12,172.5800018310547,1,260426_154636.000000,-8.012314796447754,7.935945987701416,0.0218720193952322,0.8046813011169434,0.8543854355812073,0.014871390536427498,-0.013502675108611584,-0.00865474995225668,0.04773523658514023,0.00869283638894558,20.0
2026-04-26T17:47:05.203187,250426_162934.000000,1,58.387821197509766,8.683416366577148,10.300000190734863,56.0099983215332,0.800000011920929,12,172.5800018310547,1,260426_154652.000000,-8.246079444885254,7.268244743347168,0.0969361960887909,0.5297737121582031,0.9000159502029419,0.0951753780245781,0.008393825963139534,0.016365090385079384,0.046062763780355453,0.007530941162258387,22.0
2026-04-26T17:47:08.309362,250426_162926.000000,1,58.38861083984375,8.684943199157715,14.899999618530273,56.59000015258789,0.800000011920929,12,172.5800018310547,1,260426_154652.000000,-8.23462200164795,6.6851487159729,0.08716079592704773,1.1774697303771973,0.8312288522720337,0.03915029764175415,-0.05589405447244644,-0.05422281101346016,0.04181414097547531,0.0071541620418429375,21.0
2026-04-26T17:47:11.194962,250426_162918.000000,1,58.38933181762695,8.686655044555664,141.0,57.709999084472656,0.9399999976158142,11,172.5800018310547,1,260426_154707.015625,-6.578669548034668,4.944131851196289,0.24930903315544128,0.9764508605003357,0.7484685182571411,0.2336902618408203,0.08676116168498993,-0.004044331610202789,0.06707027554512024,0.01430907566100359,21.0
2026-04-26T17:47:14.221535,250426_162916.984375,1,58.38943099975586,8.686864852905273,15.0,57.709999084472656,0.9399999976158142,11,172.5800018310547,1,260426_154707.015625,-7.062043190002441,3.751992702484131,0.24866223335266113,0.30300551652908325,0.7318179607391357,0.11742944270372391,-0.2186390459537506,-0.015498366206884384,0.07399322092533112,0.01931147649884224,19.0
2026-04-26T17:47:17.430595,250426_162908.000000,1,58.39046859741211,8.688570976257324,13.0,60.34000015258789,0.800000011920929,12,172.5800018310547,1,260426_154707.015625,-8.583502769470215,2.0086474418640137,0.27882933616638184,0.6142700910568237,0.7574113607406616,0.2443542629480362,-0.12603692710399628,0.046384066343307495,0.08125179260969162,0.029970621690154076,19.0
2026-04-26T17:47:20.428198,250426_162900.000000,1,58.391441345214844,8.689972877502441,14.300000190734863,60.29999923706055,0.800000011920929,12,172.5800018310547,1,260426_154708.000000,-10.851442337036133,2.849951982498169,0.1003618836402893,1.22752046585083,0.6744200587272644,-0.06789971143007278,-0.07083214074373245,0.021093714982271194,0.06703351438045502,0.03821713849902153,15.0
2026-04-26T17:47:23.382862,250426_162859.015625,1,58.3915901184082,8.690061569213867,15.600000381469727,59.220001220703125,0.9100000262260437,10,172.5800018310547,1,260426_154708.000000,-11.293639183044434,3.169696807861328,0.025933001190423965,1.205950379371643,0.6429318189620972,-0.014399273321032524,0.01910504512488842,0.01000893022865057,0.07346653938293457,0.03771239519119263,17.0
2026-04-26T17:47:26.409351,250426_162851.015625,1,58.39263916015625,8.690885543823242,10.399999618530273,57.630001068115234,0.8799999952316284,10,172.5800018310547,1,260426_154723.015625,-11.640029907226562,3.129502534866333,0.06082027778029442,0.6595242023468018,0.6240655779838562,-0.044163092970848083,-0.036272093653678894,0.02081015147268772,0.08720196038484573,0.029307615011930466,17.0
2026-04-26T17:47:29.454053,250426_162850.000000,1,58.39278030395508,8.690978050231934,8.899999618530273,58.27000045776367,0.8299999833106995,11,172.5800018310547,1,260426_154723.015625,-11.771924018859863,2.8841028213500977,0.02098894864320755,0.8317295908927917,0.62095707654953,-0.013687524944543839,0.009010180830955505,0.01311504002660513,0.08774996548891068,0.022917157039046288,19.0
2026-04-26T17:47:32.593959,250426_162842.000000,1,58.39393997192383,8.691489219665527,4.099999904632568,54.0,0.8299999833106995,11,172.5800018310547,1,260426_154723.015625,-11.769021034240723,2.934969902038574,0.022804660722613335,0.26052677631378174,0.5911757946014404,-0.01969587802886963,-0.008324902504682541,-0.007925966754555702,0.06844902783632278,0.012056337669491768,17.0
2026-04-26T17:47:35.656615,250426_162832.984375,1,58.395118713378906,8.69063663482666,3.200000047683716,58.970001220703125,0.8500000238418579,11,172.5800018310547,1,260426_154723.015625,-11.282026290893555,3.0065534114837646,0.11196263879537582,0.5389085412025452,0.6217682361602783,-0.10139075666666031,0.047158464789390564,-0.005623689386993647,0.02814944088459015,0.003879956202581525,23.0
2026-04-26T17:47:38.660742,250426_162824.984375,1,58.39630126953125,8.690590858459473,-1.600000023841858,56.5099983215332,0.9100000262260437,10,172.5800018310547,1,260426_154723.015625,-10.752706527709961,4.049378871917725,0.06902232766151428,0.7572506070137024,0.6090168356895447,-0.06798883527517319,0.011882193386554718,0.000643501989543438,0.02841448038816452,0.004426000639796257,22.0
2026-04-26T17:47:41.636080,250426_162824.000000,1,58.39643096923828,8.690656661987305,-2.5,54.880001068115234,0.9100000262260437,10,172.5800018310547,1,260426_154724.000000,-10.673135757446289,5.541367530822754,0.06815921515226364,1.0229308605194092,0.541117787361145,-0.061486247926950455,-0.02643808163702488,-0.012889835983514786,0.04223337769508362,0.007335145026445389,18.0
2026-04-26T17:47:44.746674,250426_162816.000000,1,58.39738845825195,8.691746711730957,-8.5,57.45000076293945,0.800000011920929,12,172.5800018310547,1,260426_154724.000000,-10.157312393188477,5.6131367683410645,0.046478595584630966,1.0583268404006958,0.533126175403595,0.002481407718732953,0.04597775265574455,-0.006336315535008907,0.039710938930511475,0.007697892840951681,18.0
2026-04-26T17:47:47.736075,250426_162815.015625,1,58.397518157958984,8.691888809204102,-8.300000190734863,58.77000045776367,0.800000011920929,12,172.5800018310547,1,260426_154724.000000,-9.236552238464355,5.51830530166626,0.09945043921470642,1.430840253829956,0.5348929166793823,0.024383973330259323,0.0891466960310936,-0.03672436997294426,0.03553963452577591,0.009146284312009811,18.0
2026-04-26T17:47:50.821284,250426_162806.000000,1,58.3985595703125,8.693204879760742,-18.600000381469727,54.720001220703125,0.8799999952316284,12,172.5800018310547,1,260426_154724.000000,-8.52291488647461,5.137057781219482,0.034558236598968506,0.7133898735046387,0.4648584723472595,0.0025383606553077698,-0.01885676011443138,-0.028848761692643166,0.03541833534836769,0.009116888977587223,18.0
2026-04-26T17:47:53.823548,250426_162758.000000,1,58.399620056152344,8.69389533996582,-19.600000381469727,36.06999969482422,0.800000011920929,12,172.5800018310547,1,260426_154724.000000,-9.73105239868164,4.248192310333252,0.1673101931810379,1.5720494985580444,0.45891454815864563,0.09566164761781693,-0.12981265783309937,-0.044611960649490356,0.037135928869247437,0.009869314730167389,17.0
2026-04-26T17:47:56.974069,250426_162750.000000,1,58.40055847167969,8.694235801696777,-19.299999237060547,36.06999969482422,0.8299999833106995,11,172.5800018310547,1,260426_154724.000000,-11.359225273132324,3.9612982273101807,0.10154138505458832,0.8292467594146729,0.7496482133865356,0.01007870677858591,-0.09787126630544662,0.025105532258749008,0.044179994612932205,0.012610873207449913,21.0
2026-04-26T17:47:59.924688,250426_162748.984375,1,58.40065002441406,8.694210052490234,-19.299999237060547,32.58000183105469,0.8700000047683716,12,172.5800018310547,1,260426_154724.000000,-10.508875846862793,4.860461235046387,0.09380117803812027,0.720373809337616,0.7523858547210693,-0.04187289997935295,0.0775662362575531,0.032074935734272,0.04264536499977112,0.013234075158834457,21.0
2026-04-26T17:48:03.004511,250426_162740.984375,1,58.40127944946289,8.694290161132812,-16.100000381469727,56.29999923706055,0.8500000238418579,11,172.5800018310547,1,260426_154724.000000,-9.865482330322266,5.0773115158081055,0.12220147252082825,2.0665295124053955,1.0522706508636475,0.001452254131436348,-0.08749020099639893,0.08530273288488388,0.04459843784570694,0.017011431977152824,23.0
2026-04-26T17:48:06.076913,250426_162732.000000,1,58.40242004394531,8.694825172424316,-6.800000190734863,56.29999923706055,0.8500000238418579,11,172.5800018310547,1,260426_154724.000000,-11.310321807861328,5.405386447906494,0.1480596661567688,0.6336290240287781,1.0826416015625,-0.04984574764966965,-0.1365685760974884,-0.028037264943122864,0.03853163495659828,0.019718585535883904,20.0
2026-04-26T17:48:09.188439,250426_162731.015625,1,58.40256881713867,8.694934844970703,-6.300000190734863,56.68000030517578,0.8500000238418579,11,172.5800018310547,1,260426_154756.000000,-12.091760635375977,4.557783126831055,0.0694163590669632,1.4406291246414185,1.025641679763794,0.05792493000626564,0.02632269822061062,-0.027756966650485992,0.036528415977954865,0.01609722524881363,18.0
2026-04-26T17:48:12.154203,250426_162722.000000,1,58.403770446777344,8.695989608764648,-3.200000047683716,56.58000183105469,1.0,10,172.5800018310547,1,260426_154756.000000,-11.622496604919434,4.312613010406494,0.03773575276136398,0.563298761844635,0.9933698773384094,0.014075009152293205,0.02659403719007969,0.022773632779717445,0.04689960926771164,0.014155161567032337,20.0
2026-04-26T17:48:15.233513,250426_162714.000000,1,58.40483856201172,8.696524620056152,-0.5,60.59000015258789,0.8299999833106995,11,172.5800018310547,1,260426_154811.015625,-11.309371948242188,4.037882328033447,0.04078781604766846,0.40612587332725525,0.9957950711250305,0.02392769046127796,0.03259877488017082,0.005332107190042734,0.05186457559466362,0.012847280129790306,22.0
2026-04-26T17:48:18.312541,250426_162704.984375,1,58.40610885620117,8.696301460266113,2.5,54.939998626708984,0.9300000071525574,10,172.5800018310547,1,260426_154811.015625,-10.813668251037598,4.065553665161133,0.05153561010956764,0.5162234902381897,0.6835466027259827,0.010013669729232788,0.031733188778162,0.039352897554636,0.04281710833311081,0.008811487816274166,18.0
2026-04-26T17:48:21.387175,250426_162704.000000,1,58.40623092651367,8.696253776550293,3.4000000953674316,53.439998626708984,0.8299999833106995,11,172.5800018310547,1,260426_154811.015625,-10.384624481201172,3.9335684776306152,0.0580834224820137,0.9564767479896545,0.5453765392303467,-0.008570126257836819,0.05179799348115921,0.02484360709786415,0.03141305595636368,0.0056982701644301414,22.0
2026-04-26T17:48:24.302386,250426_162656.000000,1,58.40726852416992,8.696306228637695,4.900000095367432,55.939998626708984,0.8299999833106995,11,211.44000244140625,1,260426_154812.000000,-8.908175468444824,4.528645992279053,0.10240543633699417,0.5639208555221558,0.6886582374572754,-0.04942663386464119,0.07441398501396179,-0.05006437376141548,0.05168239772319794,0.008536957204341888,20.0
2026-04-26T17:48:27.334228,250426_162648.000000,1,58.40848159790039,8.696633338928223,3.0999999046325684,62.93000030517578,0.9300000071525574,10,211.44000244140625,1,260426_154812.000000,-7.824698448181152,5.805318832397461,0.1265801191329956,0.6168078184127808,0.7100698351860046,-0.036560650914907455,0.12118466943502426,0.00034472253173589706,0.05549370124936104,0.011941722594201565,16.0
2026-04-26T17:48:30.465173,250426_162647.015625,1,58.40864181518555,8.69666862487793,3.4000000953674316,63.470001220703125,0.8799999952316284,10,211.44000244140625,1,260426_154812.000000,-6.298443794250488,5.660142421722412,0.09497584402561188,0.10823190957307816,0.7142865061759949,0.008022677153348923,0.09462860971689224,-0.001214836724102497,0.06250125169754028,0.01641426607966423,12.0
2026-04-26T17:48:33.540335,250426_162639.015625,1,58.4097900390625,8.697134971618652,3.5999999046325684,51.04999923706055,0.8999999761581421,11,211.44000244140625,1,260426_154812.000000,-9.979182243347168,4.930058002471924,0.2571335434913635,0.6061643362045288,0.7349159121513367,0.1256551444530487,-0.22385500371456146,-0.014743827283382416,0.0772954449057579,0.031238550320267677,8.0
2026-04-26T17:48:36.482344,250426_162638.000000,1,58.409908294677734,8.6972017288208,2.9000000953674316,48.650001525878906,0.8999999761581421,11,211.44000244140625,1,260426_154812.000000,-11.374862670898438,4.113326549530029,0.13504277169704437,0.3194925785064697,0.5486881732940674,0.05250003561377525,-0.12342547625303268,0.015698757022619247,0.07165678590536118,0.03169333189725876,8.0
2026-04-26T17:48:39.558856,250426_162628.984375,1,58.41053009033203,8.697600364685059,5.099999904632568,21.059999465942383,0.9200000166893005,10,211.44000244140625,1,260426_154812.000000,-12.737139701843262,4.203952312469482,0.05197650566697121,0.4860468804836273,0.3687019348144531,-0.02231423929333687,-0.04633951932191849,-0.007502037100493908,0.07359711825847626,0.030723843723535538,6.0
2026-04-26T17:48:42.551488,250426_162620.984375,1,58.41114044189453,8.698026657104492,8.300000190734863,45.369998931884766,0.9200000166893005,10,211.44000244140625,1,260426_154828.000000,-13.41211223602295,4.6600022315979,0.05651315674185753,1.0987998247146606,0.43386995792388916,-0.023030197247862816,-0.04509849101305008,-0.02508929744362831,0.08025200664997101,0.025493698194622993,10.0
2026-04-26T17:48:45.609944,250426_162620.000000,1,58.41123962402344,8.698101997375488,8.300000190734863,46.66999816894531,0.8999999761581421,11,211.44000244140625,1,260426_154828.000000,-13.22339153289795,4.854887008666992,0.06568725407123566,0.5001083016395569,0.4294927716255188,-0.019995473325252533,0.05166381597518921,0.03529655188322067,0.08299118280410767,0.02347787842154503,12.0
2026-04-26T17:48:45.610199,250426_162620.000000,1,58.41123962402344,8.698101997375488,8.300000190734863,46.66999816894531,0.8999999761581421,11,211.44000244140625,1,260426_154828.000000,-13.22339153289795,4.854887008666992,0.06568725407123566,0.5001083016395569,0.4294927716255188,-0.019995473325252533,0.05166381597518921,0.03529655188322067,0.08299118280410767,0.02347787842154503,12.0
2026-04-26T17:48:45.610581,250426_162620.000000,1,58.41123962402344,8.698101997375488,8.300000190734863,46.66999816894531,0.8999999761581421,11,211.44000244140625,1,260426_154828.000000,-13.22339153289795,4.854887008666992,0.06568725407123566,0.5001083016395569,0.4294927716255188,-0.019995473325252533,0.05166381597518921,0.03529655188322067,0.08299118280410767,0.02347787842154503,12.0
2026-04-26T17:48:45.632463,250426_162620.000000,1,58.41123962402344,8.698101997375488,8.300000190734863,46.66999816894531,0.8999999761581421,11,211.44000244140625,1,260426_154828.000000,-13.22339153289795,4.854887008666992,0.06568725407123566,0.5001083016395569,0.4294927716255188,-0.019995473325252533,0.05166381597518921,0.03529655188322067,0.08299118280410767,0.02347787842154503,12.0
2026-04-26T17:48:48.663526,250426_162604.000000,1,58.4127082824707,8.69873046875,8.0,43.58000183105469,0.9200000166893005,9,211.44000244140625,1,260426_154828.000000,-12.268547058105469,4.8030781745910645,0.10317002236843109,0.6111185550689697,0.44976821541786194,-0.026493636891245842,0.09878034144639969,0.013586213812232018,0.04847840592265129,0.011270475573837757,14.0
2026-04-26T17:48:51.743668,250426_162555.015625,1,58.4138298034668,8.699167251586914,8.300000190734863,53.959999084472656,0.9200000166893005,9,211.44000244140625,1,260426_154843.015625,-11.895259857177734,5.0460968017578125,0.029972268268465996,0.5039099454879761,0.45400890707969666,-0.02881680801510811,0.006058552768081427,-0.0055876984260976315,0.025012174621224403,0.0049691759049892426,14.0
2026-04-26T17:48:54.827248,250426_162554.000000,1,58.41395950317383,8.699219703674316,8.300000190734863,53.33000183105469,0.9200000166893005,9,211.44000244140625,1,260426_154843.015625,-11.175302505493164,5.180253028869629,0.08289977163076401,0.2644437849521637,0.474820613861084,0.004798012785613537,0.082606241106987,-0.005055682733654976,0.024370770901441574,0.004926533438265324,18.0
2026-04-26T17:48:57.857174,250426_162546.000000,1,58.41511154174805,8.699652671813965,9.899999618530273,58.040000915527344,0.9200000166893005,9,211.44000244140625,1,260426_154844.000000,-10.85293197631836,5.352115631103516,0.02201997861266136,0.7750482559204102,0.4439285695552826,-0.00880114734172821,0.014640641398727894,-0.013894992880523205,0.026367250829935074,0.004346467088907957,18.0
2026-04-26T17:49:00.837559,250426_162544.984375,1,58.41524887084961,8.69970989227295,10.0,55.43000030517578,0.8700000047683716,10,211.44000244140625,1,260426_154844.000000,-10.673795700073242,5.360234260559082,0.017944451421499252,0.7743173837661743,0.44099634885787964,-0.006039305590093136,0.016528252512216568,-0.003513824427500367,0.028780963271856308,0.004147905390709639,18.0
2026-04-26T17:49:04.000234,250426_162536.984375,1,58.416160583496094,8.700133323669434,10.300000190734863,37.810001373291016,0.8299999833106995,11,211.44000244140625,1,260426_154844.000000,-10.039042472839355,5.269155979156494,0.09295278042554855,1.1492191553115845,0.43022698163986206,-0.002317254664376378,0.08812515437602997,-0.029475543648004532,0.02634776383638382,0.0037829161155968904,18.0
2026-04-26T17:49:07.000916,250426_162536.000000,1,58.4162483215332,8.70021915435791,10.399999618530273,39.650001525878906,0.8299999833106995,11,211.44000244140625,1,260426_154859.015625,-8.237214088439941,5.4295549392700195,0.129482239484787,0.6843942999839783,0.4462983012199402,-0.020014584064483643,0.12386598438024521,0.03197314590215683,0.041717659682035446,0.007218029350042343,18.0
2026-04-26T17:49:10.080050,250426_162527.015625,1,58.41716003417969,8.70009708404541,8.800000190734863,29.75,0.9300000071525574,10,211.44000244140625,1,260426_154859.015625,-7.792074203491211,5.700133800506592,0.07883500307798386,0.938788115978241,1.061017394065857,-0.02254156582057476,-0.0745709016919136,-0.012083682231605053,0.0792272686958313,0.014823977835476398,16.0
2026-04-26T17:49:13.044575,250426_162519.015625,1,58.41754913330078,8.699128150939941,9.899999618530273,29.75,0.8600000143051147,10,211.44000244140625,1,260426_154859.015625,-8.996780395507812,5.991483211517334,0.09641396254301071,0.8328723311424255,1.0607483386993408,-0.035276688635349274,-0.061370156705379486,-0.0654592290520668,0.07543784379959106,0.016533423215150833,16.0
2026-04-26T17:49:16.112730,250426_162511.015625,1,58.41807174682617,8.697823524475098,11.899999618530273,52.529998779296875,0.8299999833106995,11,211.44000244140625,1,260426_154859.015625,-9.151827812194824,6.401431083679199,0.059179238975048065,0.33058691024780273,1.0641981363296509,-0.041238948702812195,-0.025404449552297592,0.03400213271379471,0.07245170325040817,0.016687601804733276,16.0
2026-04-26T17:49:19.108757,250426_162510.000000,1,58.41815185546875,8.69762134552002,11.699999809265137,52.45000076293945,0.8299999833106995,11,211.44000244140625,1,260426_154859.015625,-9.074896812438965,6.4249701499938965,0.04017927870154381,0.5379854440689087,1.0615819692611694,-0.016349442303180695,-0.02900884300470352,-0.022484606131911278,0.078211709856987,0.014131903648376465,18.0
2026-04-26T17:49:22.255971,250426_162502.000000,1,58.419071197509766,8.697020530700684,11.399999618530273,40.349998474121094,0.9100000262260437,10,211.44000244140625,1,260426_154859.015625,-9.485479354858398,6.701951026916504,0.09188457578420639,1.173590064048767,0.4723086655139923,0.0327325277030468,-0.08312516659498215,-0.021484050899744034,0.029313134029507637,0.004352531395852566,20.0
2026-04-26T17:49:25.337875,250426_162500.984375,1,58.41913986206055,8.697145462036133,11.300000190734863,42.31999969482422,0.9100000262260437,10,211.44000244140625,1,260426_154915.015625,-10.033920288085938,6.4271464347839355,0.06391102075576782,0.36848050355911255,0.46927469968795776,0.022324487566947937,-0.059216685593128204,-0.008922997862100601,0.027713652700185776,0.004063904285430908,18.0
2026-04-26T17:49:25.338277,250426_162500.984375,1,58.41913986206055,8.697145462036133,11.300000190734863,42.31999969482422,0.9100000262260437,10,211.44000244140625,1,260426_154915.015625,-10.033920288085938,6.4271464347839355,0.06391102075576782,0.36848050355911255,0.46927469968795776,0.022324487566947937,-0.059216685593128204,-0.008922997862100601,0.027713652700185776,0.004063904285430908,18.0
2026-04-26T17:49:25.338578,250426_162500.984375,1,58.41913986206055,8.697145462036133,11.300000190734863,42.31999969482422,0.9100000262260437,10,211.44000244140625,1,260426_154915.015625,-10.033920288085938,6.4271464347839355,0.06391102075576782,0.36848050355911255,0.46927469968795776,0.022324487566947937,-0.059216685593128204,-0.008922997862100601,0.027713652700185776,0.004063904285430908,18.0
2026-04-26T17:49:25.341171,250426_162500.984375,1,58.41913986206055,8.697145462036133,11.300000190734863,42.31999969482422,0.9100000262260437,10,211.44000244140625,1,260426_154915.015625,-10.033920288085938,6.4271464347839355,0.06391102075576782,0.36848050355911255,0.46927469968795776,0.022324487566947937,-0.059216685593128204,-0.008922997862100601,0.027713652700185776,0.004063904285430908,18.0
2026-04-26T17:49:28.307138,250426_162452.984375,1,58.41950988769531,8.698704719543457,12.600000381469727,65.62000274658203,1.0399999618530273,8,211.44000244140625,1,260426_154915.015625,-9.912035942077637,6.335270881652832,0.02304779179394245,0.7588026523590088,0.4635239541530609,-0.01634453982114792,0.015995509922504425,-0.002863621339201927,0.023975882679224014,0.0029189058113843203,20.0
2026-04-26T17:49:31.396832,250426_162452.000000,1,58.41965866088867,8.698836326599121,12.899999618530273,89.72000122070312,1.0399999618530273,8,211.44000244140625,1,260426_154915.015625,-9.323118209838867,5.974618434906006,0.1030670702457428,1.018111228942871,0.4923885464668274,-0.05276532471179962,0.08534111827611923,-0.023569773882627487,0.02696060948073864,0.003588533028960228,20.0
2026-04-26T17:49:34.442166,250426_162444.000000,1,58.4211311340332,8.69957447052002,14.300000190734863,89.72000122070312,1.0399999618530273,8,211.44000244140625,1,260426_154915.015625,-8.839458465576172,5.975716590881348,0.05000540614128113,1.1426316499710083,0.4841322898864746,-0.004824146628379822,0.04863602668046951,-0.010573796927928925,0.025941822677850723,0.0037724075373262167,23.0
2026-04-26T17:49:37.421404,250426_162443.015625,1,58.421348571777344,8.699633598327637,14.600000381469727,89.72000122070312,1.0399999618530273,8,211.44000244140625,1,260426_154915.015625,-8.568012237548828,6.1109538078308105,0.05024682730436325,0.8218098878860474,0.4764363467693329,0.05023277923464775,0.001163847278803587,-0.00023859459906816483,0.024307189509272575,0.0032568955793976784,21.0
2026-04-26T17:49:37.421741,250426_162443.015625,1,58.421348571777344,8.699633598327637,14.600000381469727,89.72000122070312,1.0399999618530273,8,211.44000244140625,1,260426_154915.015625,-8.568012237548828,6.1109538078308105,0.05024682730436325,0.8218098878860474,0.4764363467693329,0.05023277923464775,0.001163847278803587,-0.00023859459906816483,0.024307189509272575,0.0032568955793976784,21.0
2026-04-26T17:49:37.422114,250426_162443.015625,1,58.421348571777344,8.699633598327637,14.600000381469727,89.72000122070312,1.0399999618530273,8,211.44000244140625,1,260426_154915.015625,-8.568012237548828,6.1109538078308105,0.05024682730436325,0.8218098878860474,0.4764363467693329,0.05023277923464775,0.001163847278803587,-0.00023859459906816483,0.024307189509272575,0.0032568955793976784,21.0
2026-04-26T17:49:37.510345,250426_162443.015625,1,58.421348571777344,8.699633598327637,14.600000381469727,89.72000122070312,1.0399999618530273,8,211.44000244140625,1,260426_154915.015625,-8.568012237548828,6.1109538078308105,0.05024682730436325,0.8218098878860474,0.4764363467693329,0.05023277923464775,0.001163847278803587,-0.00023859459906816483,0.024307189509272575,0.0032568955793976784,21.0
2026-04-26T17:49:40.426301,250426_162435.015625,1,58.42314147949219,8.69997501373291,15.199999809265137,90.94001007080078,0.8299999833106995,11,211.44000244140625,1,260426_154931.015625,-8.479084014892578,6.3052215576171875,0.03178447112441063,0.5739849805831909,0.45893317461013794,0.01615631766617298,-0.02718975953757763,0.00315323518589139,0.020173564553260803,0.0027296659536659718,23.0
2026-04-26T17:49:43.553055,250426_162434.000000,1,58.42335891723633,8.699990272521973,15.5,92.0199966430664,0.8899999856948853,11,211.44000244140625,1,260426_154931.015625,-8.567951202392578,6.48246431350708,0.04307929053902626,0.6845021843910217,0.42550674080848694,0.020756708458065987,0.01594286412000656,-0.03421708941459656,0.017387861385941505,0.0023691472597420216,23.0
2026-04-26T17:49:46.625937,250426_162426.000000,1,58.42518997192383,8.699793815612793,18.200000762939453,91.20999908447266,0.8799999952316284,10,211.44000244140625,1,260426_154931.015625,-8.502429008483887,6.507749557495117,0.06221478804945946,0.7209694981575012,0.6023048758506775,-0.008126244880259037,0.035396888852119446,0.050514400005340576,0.015750518068671227,0.0021558182779699564,25.0
2026-04-26T17:49:49.566597,250426_162424.984375,1,58.425418853759766,8.699712753295898,18.700000762939453,95.79000091552734,0.8799999952316284,10,211.44000244140625,1,260426_154931.015625,-8.468437194824219,6.166424751281738,0.030606601387262344,0.3652297258377075,0.5852237939834595,0.005424201488494873,0.022839803248643875,-0.019638873636722565,0.01533529069274664,0.0019916181918233633,23.0
2026-04-26T17:49:52.685119,250426_162416.984375,1,58.42723083496094,8.69861125946045,22.0,93.18000030517578,0.9300000071525574,9,211.44000244140625,1,260426_154932.000000,-8.37303352355957,6.19209623336792,0.03186935558915138,0.545783281326294,0.6780825257301331,0.013749693520367146,0.007928019389510155,0.027635997161269188,0.017732322216033936,0.0022171142045408487,25.0
2026-04-26T17:49:55.740040,250426_162408.000000,1,58.42893981933594,8.696187973022461,24.5,97.29000091552734,0.8799999952316284,10,211.44000244140625,1,260426_154932.000000,-8.251057624816895,5.992735385894775,0.039491765201091766,0.6779596209526062,0.7494291067123413,0.035583872348070145,0.001959519926458597,-0.017016107216477394,0.018283752724528313,0.0023887199349701405,23.0
2026-04-26T17:49:58.974563,250426_162400.000000,1,58.43027114868164,8.693466186523438,26.0,99.7699966430664,1.2899999618530273,7,211.44000244140625,1,260426_154932.000000,-7.937423229217529,6.000214576721191,0.048389408737421036,2.7924139499664307,0.8468711972236633,0.030548712238669395,0.00773600535467267,-0.03672145679593086,0.02127709425985813,0.0027336233761161566,27.0
2026-04-26T17:50:01.754506,250426_162359.015625,1,58.43043899536133,8.693126678466797,26.100000381469727,97.19999694824219,1.2899999618530273,7,211.44000244140625,1,260426_154932.000000,-8.455732345581055,6.139014720916748,0.08882797509431839,0.7494572401046753,0.7593255639076233,-0.07194551825523376,-0.04916052892804146,-0.01724802516400814,0.022405045107007027,0.003043931210413575,29.0
2026-04-26T17:50:04.870611,250426_162350.000000,1,58.4322509765625,8.690802574157715,26.0,97.19999694824219,1.0299999713897705,9,211.44000244140625,1,260426_154932.000000,-9.193437576293945,6.1470160484313965,0.07874611765146255,1.4097404479980469,0.7694501280784607,0.03870092332363129,-0.06430579721927643,-0.023831795901060104,0.021667536348104477,0.0035366651136428118,29.0
2026-04-26T17:50:07.989085,250426_162340.984375,1,58.43444061279297,8.689971923828125,23.399999618530273,99.69001007080078,0.8299999833106995,11,211.44000244140625,1,260426_155002.000000,-9.150177001953125,6.148099899291992,0.05870324745774269,1.2191582918167114,0.7104827761650085,-0.049153029918670654,0.017526429146528244,-0.026886342093348503,0.022416895255446434,0.003485016757622361,29.0
2026-04-26T17:50:10.994518,250426_162332.984375,1,58.436378479003906,8.69039535522461,21.600000381469727,96.08000946044922,0.9200000166893005,10,211.44000244140625,1,260426_155002.000000,-8.481058120727539,6.2004241943359375,0.08545991778373718,0.4663536548614502,0.6559463143348694,0.004435754846781492,0.0842549279332161,-0.013595137745141983,0.023185616359114647,0.0038968685548752546,27.0
2026-04-26T17:50:14.024347,250426_162332.000000,1,58.43661117553711,8.690481185913086,21.600000381469727,95.77999877929688,0.8799999952316284,10,211.44000244140625,1,260426_155002.000000,-5.948363780975342,6.376744747161865,0.04941112920641899,0.5664198398590088,0.6350060701370239,-0.01971748098731041,-0.04236740246415138,0.016052544116973877,0.08854155987501144,0.017113512381911278,23.0
2026-04-26T17:50:17.039480,250426_162324.000000,1,58.43849182128906,8.691253662109375,20.700000762939453,95.77999877929688,0.8799999952316284,10,211.44000244140625,1,260426_155002.000000,-7.461949825286865,6.468777656555176,0.13300000131130219,0.501748263835907,0.6144453287124634,0.017416346818208694,-0.13178494572639465,0.004288880154490471,0.0874113067984581,0.01877790130674839,19.0
2026-04-26T17:50:20.133691,250426_162323.015625,1,58.43872833251953,8.691360473632812,20.799999237060547,94.69001007080078,0.8799999952316284,10,211.44000244140625,1,260426_155002.000000,-8.178545951843262,6.63503360748291,0.06403420865535736,0.795279860496521,0.5874297618865967,-0.006422052625566721,-0.06183920055627823,-0.015331333503127098,0.08634516596794128,0.01935066469013691,19.0
2026-04-26T17:50:23.238736,250426_162315.015625,1,58.4405517578125,8.692251205444336,22.200000762939453,94.69001007080078,0.8799999952316284,10,211.44000244140625,1,260426_155016.984375,-8.218420028686523,6.891030788421631,0.03513546660542488,0.7638933062553406,0.6960435509681702,0.014277289621531963,-0.02678486332297325,0.017698340117931366,0.0861406922340393,0.019467473030090332,19.0
2026-04-26T17:50:26.125195,250426_162314.000000,1,58.44078063964844,8.692377090454102,22.600000381469727,94.23999786376953,0.8299999833106995,11,211.44000244140625,1,260426_155016.984375,-7.970584392547607,7.000918865203857,0.10622703284025192,1.8831967115402222,0.6084046959877014,-0.04209725931286812,-0.038155198097229004,0.08975624293088913,0.03320520371198654,0.006049397401511669,25.0
2026-04-26T17:50:29.212039,250426_162306.000000,1,58.44253921508789,8.69360637664795,25.399999618530273,91.68000030517578,0.8899999856948853,11,211.44000244140625,1,260426_155016.984375,-8.614204406738281,6.966432571411133,0.03798305615782738,0.6453098058700562,0.605937123298645,0.013612881302833557,-0.03522021695971489,0.004115629009902477,0.03387615457177162,0.006703746505081654,23.0
2026-04-26T17:50:32.356934,250426_162256.984375,1,58.44432067871094,8.69540023803711,27.799999237060547,89.16000366210938,0.8999999761581421,10,211.44000244140625,1,260426_155016.984375,-8.97607707977295,6.589599609375,0.02028495818376541,0.9416522979736328,0.6208029389381409,0.0026894984766840935,-0.018774939700961113,0.007193592377007008,0.02610892429947853,0.004277367144823074,26.0
2026-04-26T17:50:35.362930,250426_162256.000000,1,58.44451141357422,8.695642471313477,28.0,88.37001037597656,0.9700000882148743,10,211.44000244140625,1,260426_155032.000000,-8.852532386779785,6.2167181968688965,0.04666450247168541,0.2332199066877365,0.5840057134628296,0.03738533705472946,0.025050770491361618,-0.012343867681920528,0.02505393885076046,0.0036812543403357267,26.0
2026-04-26T17:50:38.303174,250426_162248.000000,1,58.44586944580078,8.697809219360352,29.700000762939453,91.57000732421875,0.8899999856948853,11,211.44000244140625,1,260426_155032.000000,-8.592425346374512,6.22974157333374,0.02848179079592228,1.2129955291748047,0.47826263308525085,0.007495475467294455,0.02351427637040615,-0.014216508716344833,0.024922914803028107,0.003264635568484664,26.0
2026-04-26T17:50:41.421229,250426_162247.015625,1,58.44602966308594,8.69813346862793,29.799999237060547,92.86000061035156,0.8299999833106995,11,211.44000244140625,1,260426_155032.000000,-8.428812980651855,6.110564708709717,0.02881825901567936,0.3939955532550812,0.48046576976776123,0.012266268953680992,0.0260649174451828,0.0008067176677286625,0.024234319105744362,0.002980780554935336,26.0
2026-04-26T17:50:41.421499,250426_162247.015625,1,58.44602966308594,8.69813346862793,29.799999237060547,92.86000061035156,0.8299999833106995,11,211.44000244140625,1,260426_155032.000000,-8.428812980651855,6.110564708709717,0.02881825901567936,0.3939955532550812,0.48046576976776123,0.012266268953680992,0.0260649174451828,0.0008067176677286625,0.024234319105744362,0.002980780554935336,26.0
2026-04-26T17:50:41.421736,250426_162247.015625,1,58.44602966308594,8.69813346862793,29.799999237060547,92.86000061035156,0.8299999833106995,11,211.44000244140625,1,260426_155032.000000,-8.428812980651855,6.110564708709717,0.02881825901567936,0.3939955532550812,0.48046576976776123,0.012266268953680992,0.0260649174451828,0.0008067176677286625,0.024234319105744362,0.002980780554935336,26.0
2026-04-26T17:50:41.451723,250426_162247.015625,1,58.44602966308594,8.69813346862793,29.799999237060547,92.86000061035156,0.8299999833106995,11,211.44000244140625,1,260426_155032.000000,-8.428812980651855,6.110564708709717,0.02881825901567936,0.3939955532550812,0.48046576976776123,0.012266268953680992,0.0260649174451828,0.0008067176677286625,0.024234319105744362,0.002980780554935336,26.0
2026-04-26T17:50:44.694756,250426_162239.015625,1,58.44715118408203,8.700966835021973,30.600000381469727,91.72000122070312,0.8999999761581421,10,211.44000244140625,1,260426_155032.984375,-7.739831447601318,6.314811706542969,0.048688795417547226,1.308789849281311,0.5301501750946045,-0.005429081618785858,0.03373175486922264,-0.03468850627541542,0.020209791138768196,0.002683507278561592,28.0
2026-04-26T17:50:47.457803,250426_162238.000000,1,58.447288513183594,8.701321601867676,30.799999237060547,92.76998901367188,0.8899999856948853,11,211.44000244140625,1,260426_155032.984375,-8.241829872131348,6.389138698577881,0.09241018444299698,0.5266213417053223,0.5065427422523499,-0.007491703145205975,-0.09060646593570709,-0.01655248925089836,0.021947652101516724,0.002889104885980487,25.0
2026-04-26T17:50:50.654437,250426_162230.000000,1,58.44852066040039,8.703889846801758,32.0,90.43000030517578,0.8299999833106995,11,211.44000244140625,1,260426_155047.015625,-8.91186237335205,6.412259578704834,0.09483123570680618,0.7498425245285034,0.5000678300857544,0.03546759858727455,-0.08324401825666428,-0.0283803828060627,0.0241553895175457,0.0036403825506567955,27.0
2026-04-26T17:50:53.626136,250426_162220.000000,1,58.45050048828125,8.706022262573242,34.099998474121094,94.73999786376953,0.949999988079071,9,211.44000244140625,1,260426_155047.015625,-9.113607406616211,6.060960292816162,0.03284488990902901,0.48456239700317383,0.5100888013839722,0.029406355693936348,0.014358453452587128,-0.0028085163794457912,0.02428162842988968,0.003999600652605295,27.0
2026-04-26T17:50:56.662214,250426_162212.000000,1,58.452308654785156,8.707169532775879,34.20000076293945,92.8499984741211,0.9599999189376831,10,211.44000244140625,1,260426_155047.015625,-9.123774528503418,5.518935680389404,0.09728498756885529,1.0099992752075195,0.5020483136177063,0.09418662637472153,-0.012187781743705273,-0.02108803763985634,0.023293256759643555,0.004375644493848085,25.0
2026-04-26T17:50:59.656304,250426_162211.015625,1,58.45252990722656,8.707296371459961,34.20000076293945,92.70999908447266,0.8799999952316284,11,211.44000244140625,1,260426_155047.015625,-8.425443649291992,5.545952796936035,0.06504424661397934,0.852092981338501,0.4846130311489105,-0.057701364159584045,0.030004695057868958,0.00101272517349571,0.02044903114438057,0.0041212416253983974,22.0
2026-04-26T17:51:02.805998,250426_162203.015625,1,58.454280853271484,8.708334922790527,33.20000076293945,87.23001098632812,0.8299999833106995,11,211.44000244140625,1,260426_155047.015625,-8.316001892089844,6.03618049621582,0.0534273199737072,0.8930922746658325,0.5148992538452148,-0.044337235391139984,0.023538945242762566,-0.018292231485247612,0.021150019019842148,0.004083565436303616,22.0
2026-04-26T17:51:05.775250,250426_162202.000000,1,58.4544792175293,8.708477020263672,32.900001525878906,85.80999755859375,0.8799999952316284,11,211.44000244140625,1,260426_155102.000000,-7.696004867553711,6.676609992980957,0.0261228047311306,0.6708598136901855,0.5278316736221313,-0.007470323704183102,0.02418888546526432,0.006441512610763311,0.022244440391659737,0.004055211786180735,20.0
2026-04-26T17:51:08.889475,250426_162154.000000,1,58.45600128173828,8.709823608398438,33.900001525878906,79.9100112915039,0.8799999952316284,11,211.44000244140625,1,260426_155102.000000,-7.645790100097656,6.608227729797363,0.011288403533399105,0.4757317006587982,0.5094139575958252,0.003945751115679741,-0.006267718970775604,-0.008519084192812443,0.024838851764798164,0.0037530045956373215,18.0
2026-04-26T17:51:11.881433,250426_162146.000000,1,58.45732116699219,8.711515426635742,35.29999923706055,80.3399887084961,0.8299999833106995,11,211.44000244140625,1,260426_155102.000000,-7.483596324920654,6.251045227050781,0.04534035921096802,0.7355300784111023,0.5313855409622192,0.04047515243291855,0.0030958650168031454,0.020197175443172455,0.025925766676664352,0.0032776815351098776,18.0
2026-04-26T17:51:15.001375,250426_162144.984375,1,58.45746994018555,8.711758613586426,35.5,81.69999694824219,0.8299999833106995,11,211.44000244140625,1,260426_155102.000000,-7.315402030944824,6.0562424659729,0.031143425032496452,0.8861758708953857,0.4653257131576538,0.02305932156741619,0.01370909158140421,-0.015819024294614792,0.02661103382706642,0.0028783995658159256,17.0
2026-04-26T17:51:21.078435,250426_162136.000000,1,58.45875930786133,8.714295387268066,40.099998474121094,80.37999725341797,0.8299999833106995,11,211.44000244140625,1,260426_155102.000000,-7.338080883026123,6.048285484313965,0.040062181651592255,1.0857542753219604,0.470398485660553,0.024101465940475464,-0.010189112275838852,0.030336113646626472,0.016171187162399292,0.0014093097997829318,23.0
2026-04-26T17:51:24.103638,250426_162128.000000,1,58.45977020263672,8.716776847839355,42.5,82.6500015258789,0.9200000166893005,10,211.44000244140625,1,260426_155102.000000,-7.482022762298584,5.914368152618408,0.07089497148990631,1.865890622138977,0.47728490829467773,0.06316649168729782,-0.0243960153311491,-0.020998232066631317,0.016565706580877304,0.0015633398434147239,25.0
2026-04-26T17:51:27.181723,250426_162120.000000,1,58.460689544677734,8.719481468200684,46.20000076293945,86.43000793457031,0.8299999833106995,11,211.44000244140625,1,260426_155102.000000,-7.722181797027588,6.027978420257568,0.02647455595433712,0.3984873592853546,0.5479002594947815,-0.012869990430772305,-0.0230620838701725,-0.0018454845994710922,0.017130021005868912,0.0016732860822230577,25.0
2026-04-26T17:51:30.143607,250426_162119.015625,1,58.460819244384766,8.719831466674805,46.20000076293945,89.40000915527344,0.8299999833106995,11,211.44000244140625,1,260426_155102.000000,-8.145050048828125,6.029760837554932,0.05614772066473961,1.3252623081207275,0.557341456413269,0.04249105602502823,-0.03479832038283348,0.011668494902551174,0.016848601400852203,0.0017096464289352298,26.0
2026-04-26T17:51:33.217601,250426_162111.015625,1,58.4616584777832,8.722436904907227,46.20000076293945,75.29000091552734,0.8299999833106995,11,211.44000244140625,1,260426_155102.000000,-8.077971458435059,5.9512038230896,0.02737610973417759,0.3710610568523407,0.536157488822937,-0.010332344099879265,0.024835871532559395,-0.005086610093712807,0.01559546310454607,0.0017173821106553078,26.0
2026-04-26T17:51:36.297081,250426_162102.000000,1,58.46268844604492,8.72568416595459,46.099998474121094,89.63999938964844,0.8799999952316284,11,211.44000244140625,1,260426_155102.000000,-7.966068744659424,5.9327898025512695,0.01625334843993187,0.4900725483894348,0.5191565155982971,-0.002726685255765915,0.015912070870399475,-0.0018821690464392304,0.01534571684896946,0.0017003326211124659,26.0
2026-04-26T17:51:39.362468,250426_162100.984375,1,58.46281814575195,8.726046562194824,46.29999923706055,89.11000061035156,0.8299999833106995,11,211.44000244140625,1,260426_155132.984375,-6.649555206298828,5.416475296020508,0.03851938247680664,0.33968037366867065,0.40078023076057434,-0.010914532467722893,0.03404136747121811,-0.014345775358378887,0.03856685757637024,0.004236916545778513,22.0
2026-04-26T17:51:42.328785,250426_162052.984375,1,58.46379852294922,8.728841781616211,49.70000076293945,86.5999984741211,0.8299999833106995,11,211.44000244140625,1,260426_155132.984375,-6.798540115356445,5.5201497077941895,0.02214822731912136,1.4903199672698975,0.4387248158454895,0.011322296224534512,-0.009748752228915691,-0.016349660232663155,0.039397552609443665,0.004171004518866539,19.0
2026-04-26T17:51:45.402418,250426_162052.000000,1,58.46392059326172,8.729171752929688,49.900001525878906,85.87999725341797,0.8799999952316284,11,211.44000244140625,1,260426_155132.984375,-6.656613349914551,5.627044200897217,0.049191951751708984,0.7741498947143555,0.432394802570343,-0.009783927351236343,0.047942690551280975,-0.0050617423839867115,0.038920190185308456,0.0041921078227460384,19.0
2026-04-26T17:51:45.402809,250426_162052.000000,1,58.46392059326172,8.729171752929688,49.900001525878906,85.87999725341797,0.8799999952316284,11,211.44000244140625,1,260426_155132.984375,-6.656613349914551,5.627044200897217,0.049191951751708984,0.7741498947143555,0.432394802570343,-0.009783927351236343,0.047942690551280975,-0.0050617423839867115,0.038920190185308456,0.0041921078227460384,19.0
2026-04-26T17:51:45.403157,250426_162052.000000,1,58.46392059326172,8.729171752929688,49.900001525878906,85.87999725341797,0.8799999952316284,11,211.44000244140625,1,260426_155132.984375,-6.656613349914551,5.627044200897217,0.049191951751708984,0.7741498947143555,0.432394802570343,-0.009783927351236343,0.047942690551280975,-0.0050617423839867115,0.038920190185308456,0.0041921078227460384,19.0
2026-04-26T17:51:45.408704,250426_162052.000000,1,58.46392059326172,8.729171752929688,49.900001525878906,85.87999725341797,0.8799999952316284,11,211.44000244140625,1,260426_155132.984375,-6.656613349914551,5.627044200897217,0.049191951751708984,0.7741498947143555,0.432394802570343,-0.009783927351236343,0.047942690551280975,-0.0050617423839867115,0.038920190185308456,0.0041921078227460384,19.0
2026-04-26T17:51:48.396983,250426_162044.000000,1,58.46495819091797,8.731736183166504,52.400001525878906,84.2699966430664,0.9399999976158142,10,211.44000244140625,1,260426_155132.984375,-6.580586910247803,6.156639575958252,0.07589875161647797,1.2657719850540161,0.47237253189086914,-0.049753084778785706,-0.007505467627197504,-0.05682357773184776,0.016179626807570457,0.00233633304014802,23.0
2026-04-26T17:51:51.564567,250426_162043.015625,1,58.465091705322266,8.732048988342285,52.79999923706055,84.19001007080078,0.8999999761581421,10,211.44000244140625,1,260426_155148.000000,-6.407005786895752,5.9861860275268555,0.016674797981977463,0.4122598469257355,0.4732239544391632,0.010261337272822857,0.013142501935362816,-0.00016879942268133163,0.016494201496243477,0.0021672300063073635,21.0
2026-04-26T17:51:54.556257,250426_162035.015625,1,58.46630096435547,8.73425006866455,54.20000076293945,81.29000854492188,0.8299999833106995,11,211.44000244140625,1,260426_155148.000000,-6.287362098693848,6.0410871505737305,0.031411491334438324,0.7457514405250549,0.4812809228897095,-0.0022691250778734684,-0.03120868094265461,-0.0027479438576847315,0.016584737226366997,0.002256646053865552,21.0
2026-04-26T17:51:57.599372,250426_162034.000000,1,58.46643829345703,8.734526634216309,54.29999923706055,83.2699966430664,0.8299999833106995,11,211.44000244140625,1,260426_155148.000000,-6.3012542724609375,6.036018371582031,0.03603574261069298,0.8355571627616882,0.46399590373039246,-0.032940823584795,0.010464579798281193,0.010196526534855366,0.016008097678422928,0.002237549517303705,20.0
2026-04-26T17:52:00.659312,250426_162026.000000,1,58.467689514160156,8.736631393432617,56.099998474121094,83.08999633789062,0.8299999833106995,11,211.44000244140625,1,260426_155148.984375,-5.928375244140625,5.913633346557617,0.03484850376844406,0.47880882024765015,0.4418722689151764,0.02878994680941105,0.015124697238206863,0.012522008270025253,0.015754327178001404,0.0021775930654257536,16.0
2026-04-26T17:52:00.659988,250426_162026.000000,1,58.467689514160156,8.736631393432617,56.099998474121094,83.08999633789062,0.8299999833106995,11,211.44000244140625,1,260426_155148.984375,-5.928375244140625,5.913633346557617,0.03484850376844406,0.47880882024765015,0.4418722689151764,0.02878994680941105,0.015124697238206863,0.012522008270025253,0.015754327178001404,0.0021775930654257536,16.0
2026-04-26T17:52:00.660640,250426_162026.000000,1,58.467689514160156,8.736631393432617,56.099998474121094,83.08999633789062,0.8299999833106995,11,211.44000244140625,1,260426_155148.984375,-5.928375244140625,5.913633346557617,0.03484850376844406,0.47880882024765015,0.4418722689151764,0.02878994680941105,0.015124697238206863,0.012522008270025253,0.015754327178001404,0.0021775930654257536,16.0
2026-04-26T17:52:00.673326,250426_162026.000000,1,58.467689514160156,8.736631393432617,56.099998474121094,83.08999633789062,0.8299999833106995,11,211.44000244140625,1,260426_155148.984375,-5.928375244140625,5.913633346557617,0.03484850376844406,0.47880882024765015,0.4418722689151764,0.02878994680941105,0.015124697238206863,0.012522008270025253,0.015754327178001404,0.0021775930654257536,16.0
2026-04-26T17:52:03.784107,250426_162024.984375,1,58.467838287353516,8.736886978149414,56.0,83.08999633789062,0.8299999833106995,11,211.44000244140625,1,260426_155148.984375,-4.932428359985352,5.614140510559082,0.09999047964811325,2.0744051933288574,0.5459657311439514,0.06506286561489105,0.06323720514774323,-0.042023517191410065,0.02598406746983528,0.0033722431398928165,18.0
2026-04-26T17:52:06.773679,250426_162016.984375,1,58.469181060791016,8.73891544342041,52.400001525878906,85.98999786376953,0.8999999761581421,10,211.44000244140625,1,260426_155148.984375,-5.054651260375977,5.508107662200928,0.03773125261068344,1.1568989753723145,0.5492032170295715,-0.03686457872390747,-0.006527561228722334,-0.00469477754086256,0.027312634512782097,0.003212828654795885,18.0
2026-04-26T17:52:09.873046,250426_162000.000000,1,58.472408294677734,8.742502212524414,42.79999923706055,90.16999816894531,0.8500000238418579,10,211.44000244140625,1,260426_155148.984375,-5.519324779510498,5.499216556549072,0.03838692978024483,1.6957002878189087,0.5795016884803772,0.00671053072437644,-0.007717357017099857,-0.03699956461787224,0.026155265048146248,0.003504076274111867,22.0
2026-04-26T17:52:12.750287,250426_161951.015625,1,58.474151611328125,8.744027137756348,41.400001525878906,80.05000305175781,0.8299999833106995,11,211.44000244140625,1,260426_155204.000000,-5.46826696395874,6.16735315322876,0.051356323063373566,1.063171625137329,0.6098448038101196,-0.050547290593385696,-0.007716960273683071,-0.004784525837749243,0.027630804106593132,0.004099484533071518,28.0
2026-04-26T17:52:12.750785,250426_161951.015625,1,58.474151611328125,8.744027137756348,41.400001525878906,80.05000305175781,0.8299999833106995,11,211.44000244140625,1,260426_155204.000000,-5.46826696395874,6.16735315322876,0.051356323063373566,1.063171625137329,0.6098448038101196,-0.050547290593385696,-0.007716960273683071,-0.004784525837749243,0.027630804106593132,0.004099484533071518,28.0
2026-04-26T17:52:12.751129,250426_161951.015625,1,58.474151611328125,8.744027137756348,41.400001525878906,80.05000305175781,0.8299999833106995,11,211.44000244140625,1,260426_155204.000000,-5.46826696395874,6.16735315322876,0.051356323063373566,1.063171625137329,0.6098448038101196,-0.050547290593385696,-0.007716960273683071,-0.004784525837749243,0.027630804106593132,0.004099484533071518,28.0
2026-04-26T17:52:12.822493,250426_161951.015625,1,58.474151611328125,8.744027137756348,41.400001525878906,80.05000305175781,0.8299999833106995,11,211.44000244140625,1,260426_155204.000000,-5.46826696395874,6.16735315322876,0.051356323063373566,1.063171625137329,0.6098448038101196,-0.050547290593385696,-0.007716960273683071,-0.004784525837749243,0.027630804106593132,0.004099484533071518,28.0
2026-04-26T17:52:15.911671,250426_161950.000000,1,58.47433090209961,8.744226455688477,41.400001525878906,81.05000305175781,0.949999988079071,10,211.44000244140625,1,260426_155204.000000,-5.431835174560547,6.6848320960998535,0.1156730204820633,0.5060410499572754,0.6117987036705017,-0.11215131729841232,0.019545823335647583,0.02050098031759262,0.03075629100203514,0.005013998132199049,28.0
2026-04-26T17:52:18.927628,250426_161942.000000,1,58.475460052490234,8.746305465698242,66.9000015258789,79.80000305175781,1.2000000476837158,8,211.44000244140625,1,260426_155204.000000,-5.434690952301025,6.480316162109375,0.03792678937315941,0.7493330240249634,0.5021034479141235,0.03205617889761925,-0.001695128157734871,0.02019825391471386,0.027906054630875587,0.003161957021802664,28.0
2026-04-26T17:52:21.966704,250426_161940.984375,1,58.475521087646484,8.746709823608398,80.9000015258789,79.80000305175781,1.4199999570846558,7,211.44000244140625,1,260426_155204.000000,-5.5116868019104,5.747903823852539,0.07326018810272217,0.6832191944122314,0.5011465549468994,0.06648102402687073,-0.00725470669567585,0.029911501333117485,0.027633197605609894,0.0036269344855099916,22.0
2026-04-26T17:52:25.026989,250426_161859.015625,1,58.483768463134766,8.758001327514648,49.099998474121094,107.44000244140625,0.8700000047683716,11,211.44000244140625,1,260426_155204.000000,-5.481499195098877,4.814931392669678,0.048996783792972565,0.3235151171684265,0.4137072265148163,0.04881969839334488,0.000401553901610896,-0.004142515826970339,0.02782481536269188,0.004358862992376089,19.0
2026-04-26T17:52:25.027424,250426_161859.015625,1,58.483768463134766,8.758001327514648,49.099998474121094,107.44000244140625,0.8700000047683716,11,211.44000244140625,1,260426_155204.000000,-5.481499195098877,4.814931392669678,0.048996783792972565,0.3235151171684265,0.4137072265148163,0.04881969839334488,0.000401553901610896,-0.004142515826970339,0.02782481536269188,0.004358862992376089,19.0
2026-04-26T17:52:25.027755,250426_161859.015625,1,58.483768463134766,8.758001327514648,49.099998474121094,107.44000244140625,0.8700000047683716,11,211.44000244140625,1,260426_155204.000000,-5.481499195098877,4.814931392669678,0.048996783792972565,0.3235151171684265,0.4137072265148163,0.04881969839334488,0.000401553901610896,-0.004142515826970339,0.02782481536269188,0.004358862992376089,19.0
2026-04-26T17:52:25.060060,250426_161859.015625,1,58.483768463134766,8.758001327514648,49.099998474121094,107.44000244140625,0.8700000047683716,11,211.44000244140625,1,260426_155204.000000,-5.481499195098877,4.814931392669678,0.048996783792972565,0.3235151171684265,0.4137072265148163,0.04881969839334488,0.000401553901610896,-0.004142515826970339,0.02782481536269188,0.004358862992376089,19.0
2026-04-26T17:52:27.995327,250426_161858.000000,1,58.48400115966797,8.758268356323242,49.70000076293945,107.51000213623047,0.8299999833106995,11,211.44000244140625,1,260426_155219.015625,-5.6506667137146,3.8510653972625732,0.06347969174385071,0.8498019576072693,0.39569881558418274,0.06185822933912277,-0.014041362330317497,0.002463896758854389,0.022420214489102364,0.004011642187833786,15.0
2026-04-26T17:52:31.073248,250426_161850.000000,1,58.48588180541992,8.760492324829102,54.099998474121094,114.58000183105469,0.8199999928474426,11,211.44000244140625,1,260426_155219.015625,-5.571403980255127,3.4685189723968506,0.048768024891614914,0.91059410572052,0.4159199297428131,0.029427945613861084,0.03678068891167641,-0.012629203498363495,0.019258737564086914,0.004346661269664764,13.0
2026-04-26T17:52:34.152716,250426_161842.000000,1,58.48783874511719,8.762802124023438,57.900001525878906,114.91000366210938,0.8700000047683716,11,211.44000244140625,1,260426_155220.000000,-5.264962673187256,3.25784969329834,0.045216482132673264,1.496630072593689,0.4814774990081787,-0.0003645776305347681,0.0014213579706847668,-0.0451926663517952,0.017580142244696617,0.004647892899811268,15.0
2026-04-26T17:52:37.351056,250426_161840.984375,1,58.48807907104492,8.763090133666992,58.599998474121094,115.0,0.8299999833106995,11,211.44000244140625,1,260426_155220.000000,-5.409850597381592,3.4825618267059326,0.022561179473996162,0.9572965502738953,0.47310036420822144,-0.0030123568139970303,-0.015446415171027184,-0.01616603694856167,0.020535770803689957,0.004251895938068628,17.0
2026-04-26T17:52:40.207234,250426_161832.984375,1,58.49000930786133,8.765364646911621,63.599998474121094,111.9800033569336,0.9100000262260437,10,211.44000244140625,1,260426_155220.000000,-4.751851558685303,4.513857364654541,0.08698955923318863,0.1251184493303299,0.49279361963272095,-0.08658907562494278,-0.006777058821171522,-0.004856663290411234,0.026538046076893806,0.0052595301531255245,18.0
2026-04-26T17:52:43.256946,250426_161832.000000,1,58.49024963378906,8.765640258789062,63.70000076293945,111.9800033569336,0.8700000047683716,11,211.44000244140625,1,260426_155220.000000,-5.233053684234619,5.4813456535339355,0.047148898243904114,1.1961381435394287,0.5085996985435486,-0.024811748415231705,-0.02478322759270668,-0.03151487559080124,0.03037908859550953,0.0058235470205545425,18.0
2026-04-26T17:52:46.329415,250426_161824.000000,1,58.49216842651367,8.767878532409668,65.5,111.94000244140625,0.8199999928474426,11,211.44000244140625,1,260426_155220.000000,-5.899322509765625,4.7639312744140625,0.07331116497516632,0.5852055549621582,0.46838727593421936,0.06496952474117279,-0.03375592455267906,-0.0037451433017849922,0.030155908316373825,0.006139285396784544,16.0
2026-04-26T17:52:49.333226,250426_161823.015625,1,58.4924201965332,8.768144607543945,65.9000015258789,109.63999938964844,0.8299999833106995,11,211.44000244140625,1,260426_155235.015625,-6.550059795379639,4.310593128204346,0.026171661913394928,0.8799175024032593,0.44812914729118347,0.002708922140300274,-0.024392694234848022,-0.009089229628443718,0.0270993672311306,0.006713947746902704,18.0
2026-04-26T17:52:52.410268,250426_161815.015625,1,58.494239807128906,8.770366668701172,70.69999694824219,103.75,0.9900000095367432,9,318.92999267578125,1,260426_155235.015625,-6.714418411254883,4.961038589477539,0.0868036150932312,0.789897084236145,0.4637177586555481,-0.07765710353851318,-0.0338626466691494,-0.018909331411123276,0.02416527085006237,0.0061098868027329445,18.0
2026-04-26T17:52:55.469879,250426_161807.015625,1,58.49580001831055,8.772937774658203,70.9000015258789,104.2300033569336,0.8899999856948853,10,318.92999267578125,1,260426_155235.015625,-6.851234436035156,5.915848731994629,0.0955597460269928,0.3662010431289673,0.4531070291996002,-0.09515238553285599,-0.007675062865018845,0.004333609715104103,0.024527346715331078,0.00630278280004859,17.0
2026-04-26T17:52:58.570727,250426_161806.000000,1,58.49599075317383,8.773298263549805,70.69999694824219,103.73999786376953,0.8899999856948853,10,318.92999267578125,1,260426_155235.015625,-7.218709468841553,7.661626815795898,0.10852871090173721,0.5031271576881409,0.4096815288066864,-0.10771220177412033,0.007839720696210861,-0.010728509165346622,0.02748354896903038,0.008585215546190739,19.0
2026-04-26T17:53:01.473155,250426_161758.000000,1,58.49726867675781,8.776483535766602,69.0,106.93000030517578,0.8199999928474426,11,318.92999267578125,1,260426_155235.015625,-6.714132308959961,8.946301460266113,0.06441853940486908,0.45591044425964355,0.39800313115119934,-0.04617549479007721,0.0424979142844677,0.01454303041100502,0.026114311069250107,0.0095655033364892,23.0
2026-04-26T17:53:04.580168,250426_161740.000000,1,58.499080657958984,8.784839630126953,62.0,103.55999755859375,0.8199999928474426,11,318.92999267578125,1,260426_155235.015625,-6.5610785484313965,8.877243995666504,0.05765081197023392,1.5311352014541626,0.43193957209587097,0.044700320810079575,-0.010855830274522305,0.03475124016404152,0.027207540348172188,0.009391394443809986,27.0
2026-04-26T17:53:07.642425,250426_161732.000000,1,58.49977111816406,8.788463592529297,63.400001525878906,96.0999984741211,0.8999999761581421,10,318.92999267578125,1,260426_155235.015625,-6.754106521606445,8.390630722045898,0.08485856652259827,0.7792044878005981,0.4505361020565033,0.0829540267586708,-0.006736710201948881,-0.01655968837440014,0.02829941362142563,0.008572902530431747,26.0
2026-04-26T17:53:07.648803,250426_161732.000000,1,58.49977111816406,8.788463592529297,63.400001525878906,96.0999984741211,0.8999999761581421,10,318.92999267578125,1,260426_155235.015625,-6.754106521606445,8.390630722045898,0.08485856652259827,0.7792044878005981,0.4505361020565033,0.0829540267586708,-0.006736710201948881,-0.01655968837440014,0.02829941362142563,0.008572902530431747,26.0
2026-04-26T17:53:10.866145,250426_161731.015625,1,58.49985122680664,8.788907051086426,63.400001525878906,94.07000732421875,0.8299999833106995,10,318.92999267578125,1,260426_155304.984375,-6.918002605438232,7.415311336517334,0.05592608451843262,0.4713551700115204,0.4459948241710663,0.04670468345284462,-0.002439174335449934,-0.03066674992442131,0.02257353439927101,0.006632036529481411,26.0
2026-04-26T17:53:13.753227,250426_161723.015625,1,58.500648498535156,8.791912078857422,64.69999694824219,71.69000244140625,0.9399999976158142,10,318.92999267578125,1,260426_155304.984375,-8.049504280090332,6.978338241577148,0.0905289426445961,0.41941824555397034,0.5064516663551331,0.043704137206077576,-0.07850837707519531,-0.011039565317332745,0.02187686786055565,0.006421986967325211,24.0
2026-04-26T17:53:16.734178,250426_161715.015625,1,58.501380920410156,8.793046951293945,66.0999984741211,24.1200008392334,0.8199999928474426,11,318.92999267578125,1,260426_155306.000000,-8.604907035827637,6.6665191650390625,0.06297565996646881,0.8741090893745422,0.5057255029678345,0.036471374332904816,-0.04991897568106651,0.011994525790214539,0.02057068981230259,0.005979673471301794,24.0
2026-04-26T17:53:16.734517,250426_161715.015625,1,58.501380920410156,8.793046951293945,66.0999984741211,24.1200008392334,0.8199999928474426,11,318.92999267578125,1,260426_155306.000000,-8.604907035827637,6.6665191650390625,0.06297565996646881,0.8741090893745422,0.5057255029678345,0.036471374332904816,-0.04991897568106651,0.011994525790214539,0.02057068981230259,0.005979673471301794,24.0
2026-04-26T17:53:16.734677,250426_161715.015625,1,58.501380920410156,8.793046951293945,66.0999984741211,24.1200008392334,0.8199999928474426,11,318.92999267578125,1,260426_155306.000000,-8.604907035827637,6.6665191650390625,0.06297565996646881,0.8741090893745422,0.5057255029678345,0.036471374332904816,-0.04991897568106651,0.011994525790214539,0.02057068981230259,0.005979673471301794,24.0
2026-04-26T17:53:16.838217,250426_161715.015625,1,58.501380920410156,8.793046951293945,66.0999984741211,24.1200008392334,0.8199999928474426,11,318.92999267578125,1,260426_155306.000000,-8.604907035827637,6.6665191650390625,0.06297565996646881,0.8741090893745422,0.5057255029678345,0.036471374332904816,-0.04991897568106651,0.011994525790214539,0.02057068981230259,0.005979673471301794,24.0
2026-04-26T17:53:19.805802,250426_161714.000000,1,58.50141143798828,8.79315185546875,66.30001068115234,23.209999084472656,0.8700000047683716,11,318.92999267578125,1,260426_155306.000000,-8.937780380249023,6.506397724151611,0.041183579713106155,0.78813636302948,0.4831852316856384,0.02605513483285904,-0.03101371042430401,-0.007440897636115551,0.020034709945321083,0.005822283681482077,24.0
2026-04-26T17:53:22.789211,250426_161706.000000,1,58.501068115234375,8.79349422454834,68.30000305175781,37.0099983215332,0.9399999976158142,10,318.92999267578125,1,260426_155306.000000,-9.509387016296387,5.919430255889893,0.06236692890524864,1.547069787979126,0.49794504046440125,0.049258410930633545,-0.03285425156354904,0.019591854885220528,0.022346770390868187,0.005848551169037819,26.0
2026-04-26T17:53:25.851239,250426_161704.984375,1,58.500980377197266,8.79353141784668,68.80001068115234,38.779998779296875,0.8199999928474426,11,318.92999267578125,1,260426_155306.000000,-9.916552543640137,5.324810981750488,0.07408463209867477,1.6067618131637573,0.5366320610046387,0.03775086998939514,-0.056602735072374344,-0.029317831620573997,0.023419402539730072,0.005325040314346552,26.0
2026-04-26T17:53:28.929931,250426_161648.984375,1,58.49972152709961,8.794561386108398,67.9000015258789,27.959999084472656,0.8600000143051147,11,318.92999267578125,1,260426_155306.000000,-10.11877727508545,5.127289772033691,0.014019916765391827,0.2840364873409271,0.5928816795349121,0.001924377866089344,-0.0125000961124897,-0.006049994379281998,0.02416907250881195,0.004489818587899208,26.0
2026-04-26T17:53:32.008524,250426_161640.000000,1,58.49971008300781,8.795700073242188,66.0999984741211,27.850000381469727,0.9599999189376831,10,318.92999267578125,1,260426_155320.984375,-10.317721366882324,5.975414752960205,0.08457087725400925,0.8647687435150146,0.5871971845626831,-0.08441714197397232,0.00430609006434679,-0.002726864069700241,0.022863756865262985,0.004210835322737694,20.0
2026-04-26T17:53:34.980525,250426_161639.015625,1,58.49967956542969,8.795831680297852,66.19999694824219,28.229999542236328,0.9599999189376831,10,318.92999267578125,1,260426_155320.984375,-10.473084449768066,5.634528160095215,0.05759359896183014,0.47825539112091064,0.5828742980957031,0.05194231495261192,-0.02439086325466633,-0.0049096024595201015,0.02485903725028038,0.004233206156641245,21.0
2026-04-26T17:53:38.033443,250426_161622.000000,1,58.49943923950195,8.79903507232666,63.099998474121094,28.56999969482422,0.8600000143051147,11,318.92999267578125,1,260426_155320.984375,-10.797402381896973,5.360796928405762,0.04826311022043228,1.4564805030822754,0.651806652545929,0.039282649755477905,-0.020647471770644188,0.018970588222146034,0.02244732156395912,0.0038199007976800203,17.0
2026-04-26T17:53:41.110114,250426_161614.000000,1,58.49903106689453,8.800190925598145,62.400001525878906,56.68000030517578,0.8999999761581421,10,318.92999267578125,1,260426_155320.984375,-10.75282096862793,5.211607456207275,0.040155451744794846,1.0420805215835571,0.5723376274108887,0.03279237449169159,-0.02287183329463005,0.0037416494451463223,0.025587620213627815,0.0032406265381723642,15.0
2026-04-26T17:53:44.108469,250426_161612.984375,1,58.49897003173828,8.800423622131348,62.0,56.68000030517578,0.8799999952316284,10,318.92999267578125,1,260426_155320.984375,-10.613828659057617,5.265161514282227,0.009208430536091328,0.8582529425621033,0.5743098855018616,-0.0008627685019746423,0.004107741639018059,-0.008196174167096615,0.023773308843374252,0.0026974540669471025,19.0
2026-04-26T17:53:47.282000,250426_161604.984375,1,58.498390197753906,8.802303314208984,58.29999923706055,61.25,0.8999999761581421,10,318.92999267578125,1,260426_155320.984375,-10.3809175491333,5.232997417449951,0.03419036418199539,1.2249507904052734,0.5800104737281799,0.012010926380753517,0.01912180334329605,-0.025672458112239838,0.022264204919338226,0.002248303033411503,17.0
2026-04-26T17:53:50.221037,250426_161556.984375,1,58.497230529785156,8.803628921508789,51.5,73.37999725341797,0.9100000262260437,10,318.92999267578125,1,260426_155336.984375,-10.390227317810059,5.1554059982299805,0.02454541064798832,0.39774927496910095,0.5850592255592346,0.013325365260243416,-0.020392457023262978,-0.0030099127907305956,0.017842337489128113,0.0016479220939800143,19.0
2026-04-26T17:53:53.289524,250426_161556.000000,1,58.49705123901367,8.803704261779785,51.5,76.80000305175781,0.8700000047683716,10,318.92999267578125,1,260426_155336.984375,-10.63822078704834,5.043114185333252,0.04213349148631096,1.4978327751159668,0.4720866084098816,-0.005725758615881205,-0.02189740724861622,0.03553801029920578,0.015207603573799133,0.0014279092429205775,21.0
2026-04-26T17:53:53.289788,250426_161556.000000,1,58.49705123901367,8.803704261779785,51.5,76.80000305175781,0.8700000047683716,10,318.92999267578125,1,260426_155336.984375,-10.63822078704834,5.043114185333252,0.04213349148631096,1.4978327751159668,0.4720866084098816,-0.005725758615881205,-0.02189740724861622,0.03553801029920578,0.015207603573799133,0.0014279092429205775,21.0
2026-04-26T17:53:53.290169,250426_161556.000000,1,58.49705123901367,8.803704261779785,51.5,76.80000305175781,0.8700000047683716,10,318.92999267578125,1,260426_155336.984375,-10.63822078704834,5.043114185333252,0.04213349148631096,1.4978327751159668,0.4720866084098816,-0.005725758615881205,-0.02189740724861622,0.03553801029920578,0.015207603573799133,0.0014279092429205775,21.0
2026-04-26T17:53:53.347126,250426_161556.000000,1,58.49705123901367,8.803704261779785,51.5,76.80000305175781,0.8700000047683716,10,318.92999267578125,1,260426_155336.984375,-10.63822078704834,5.043114185333252,0.04213349148631096,1.4978327751159668,0.4720866084098816,-0.005725758615881205,-0.02189740724861622,0.03553801029920578,0.015207603573799133,0.0014279092429205775,21.0
2026-04-26T17:53:56.367546,250426_161548.000000,1,58.49549865722656,8.803629875183105,45.0,77.08999633789062,1.5700000524520874,8,318.92999267578125,1,260426_155336.984375,-10.487421035766602,4.990966320037842,0.037759047001600266,0.9857772588729858,0.45903611183166504,0.015485210344195366,-0.004223199561238289,-0.0341777503490448,0.01654212176799774,0.0017060849349945784,21.0
2026-04-26T17:53:59.461151,250426_161547.015625,1,58.49531173706055,8.803679466247559,43.900001525878906,77.55999755859375,1.5700000524520874,8,318.92999267578125,1,260426_155336.984375,-9.805986404418945,4.9891228675842285,0.12514744699001312,0.18625818192958832,0.4565991759300232,0.015109852887690067,0.12233228236436844,-0.02164226397871971,0.029258791357278824,0.0028839409351348877,21.0
2026-04-26T17:54:02.412075,250426_161539.015625,1,58.493778228759766,8.8043212890625,36.20000076293945,77.25,0.8999999761581421,10,318.92999267578125,1,260426_155336.984375,-8.89439868927002,4.906847953796387,0.02592412568628788,1.0814887285232544,0.4869500696659088,0.024138856679201126,-0.00523520028218627,-0.007872006855905056,0.04071706160902977,0.005142189096659422,17.0
2026-04-26T17:54:05.448216,250426_161530.000000,1,58.492130279541016,8.803415298461914,28.600000381469727,79.12000274658203,0.8700000047683716,10,318.92999267578125,1,260426_155352.000000,-9.589974403381348,4.736670017242432,0.12692247331142426,0.7328231930732727,0.5555569529533386,-0.029280133545398712,-0.11993422359228134,0.029457952827215195,0.04266537353396416,0.00635138712823391,18.0
2026-04-26T17:54:08.528386,250426_161522.000000,1,58.49076843261719,8.801592826843262,24.600000381469727,79.5999984741211,0.9599999189376831,9,318.92999267578125,1,260426_155352.000000,-9.868158340454102,4.654026985168457,0.030345294624567032,1.029982566833496,0.5622237920761108,0.006392042152583599,-0.01535101793706417,0.02538355626165867,0.04249905049800873,0.00628202548250556,18.0
2026-04-26T17:54:11.626521,250426_161520.984375,1,58.490570068359375,8.801477432250977,24.5,79.1500015258789,0.8799999952316284,10,318.92999267578125,1,260426_155352.000000,-9.882421493530273,4.50514030456543,0.03472365811467171,0.49939894676208496,1.0273228883743286,0.014088877476751804,0.0291452556848526,-0.012561451643705368,0.0450926311314106,0.007486053742468357,18.0
2026-04-26T17:54:14.623050,250426_161512.984375,1,58.48891067504883,8.801315307617188,25.5,83.94000244140625,1.4700000286102295,8,318.92999267578125,1,260426_155352.000000,-10.47982120513916,4.583673000335693,0.0747382640838623,1.4136744737625122,1.0225114822387695,-0.05436510592699051,-0.029216483235359192,0.04215020686388016,0.033571116626262665,0.0045477356761693954,20.0
2026-04-26T17:54:17.657082,250426_161512.000000,1,58.48868942260742,8.80124282836914,26.399999618530273,83.87999725341797,1.4700000286102295,8,318.92999267578125,1,260426_155407.015625,-10.713506698608398,4.565170764923096,0.032108377665281296,0.9505360722541809,1.014979600906372,0.003366118762642145,0.031845103949308395,-0.0023466257844120264,0.03462790325284004,0.004616806749254465,23.0
2026-04-26T17:54:20.749566,250426_161504.000000,1,58.487220764160156,8.801514625549316,33.79999923706055,68.70999908447266,0.8999999761581421,10,318.92999267578125,1,260426_155407.015625,-10.21126651763916,4.634591579437256,0.04412717744708061,0.6685904264450073,0.9953029751777649,-0.007092412561178207,0.04223829135298729,0.010622253641486168,0.03061966598033905,0.004051609896123409,21.0
2026-04-26T17:54:23.800909,250426_161456.000000,1,58.486480712890625,8.802952766418457,35.29999923706055,32.36000061035156,0.8600000143051147,11,318.92999267578125,1,260426_155407.015625,-9.905919075012207,4.598200798034668,0.01517421193420887,0.9273909330368042,0.5614547729492188,0.008761161006987095,-0.0033755262847989798,0.011920763179659843,0.01985197141766548,0.0029049899894744158,19.0
2026-04-26T17:54:26.784782,250426_161455.015625,1,58.4864616394043,8.803098678588867,35.099998474121094,30.6200008392334,0.8600000143051147,11,318.92999267578125,1,260426_155407.015625,-8.430214881896973,2.8867902755737305,0.24859362840652466,0.4775004982948303,0.5732746124267578,0.17838725447654724,0.17309513688087463,0.0038540251553058624,0.06150379404425621,0.010117116384208202,17.0
2026-04-26T17:54:29.863996,250426_161447.015625,1,58.486228942871094,8.804383277893066,34.0,56.65999984741211,0.8600000143051147,11,318.92999267578125,1,260426_155407.015625,-7.774328231811523,0.799636721611023,0.0887989029288292,1.8961141109466553,0.5905712246894836,0.0001905917888507247,-0.021439597010612488,-0.08617163449525833,0.07595570385456085,0.016853351145982742,15.0
2026-04-26T17:54:33.017051,250426_161438.000000,1,58.48577880859375,8.80703067779541,34.70000076293945,70.80999755859375,1.1100000143051147,8,318.92999267578125,1,260426_155422.000000,-7.7659502029418945,2.5667312145233154,0.1752849519252777,0.2881897985935211,0.585334062576294,-0.17506133019924164,0.003882966935634613,0.007954102009534836,0.07504366338253021,0.022404339164495468,14.0
2026-04-26T17:54:36.022020,250426_161428.984375,1,58.48455047607422,8.808989524841309,36.0,76.93000030517578,1.1100000143051147,8,318.92999267578125,1,260426_155422.000000,-7.569570541381836,3.2380080223083496,0.1493716537952423,1.9220499992370605,0.6735129356384277,-0.03536251559853554,0.06508708745241165,0.12971141934394836,0.0732988566160202,0.02334471233189106,16.0
2026-04-26T17:54:38.929167,250426_161428.000000,1,58.48440170288086,8.80925464630127,35.400001525878906,79.27999877929688,1.1100000143051147,8,318.92999267578125,1,260426_155422.000000,-7.725197792053223,4.181021690368652,0.04591426998376846,0.2851274013519287,0.8608672022819519,-0.03167885169386864,0.012992259114980698,0.03059038147330284,0.064776711165905,0.025567946955561638,14.0
2026-04-26T17:54:42.028464,250426_161420.000000,1,58.483211517333984,8.811238288879395,32.0,79.27999877929688,0.8799999952316284,10,318.92999267578125,1,260426_155422.000000,-7.955707550048828,4.547539234161377,0.05253717303276062,0.5250447392463684,0.852350115776062,-0.008811584673821926,-0.051683440804481506,0.003366339486092329,0.0638318806886673,0.015684835612773895,18.0
2026-04-26T17:54:45.120507,250426_161411.015625,1,58.48175811767578,8.812365531921387,25.5,55.72999954223633,0.8199999928474426,11,318.92999267578125,1,260426_155422.000000,-7.930197715759277,4.720589637756348,0.03781508281826973,0.6269733309745789,0.8454153537750244,-0.02178184874355793,0.016982588917016983,0.025828730314970016,0.061396241188049316,0.011682423762977123,20.0
2026-04-26T17:54:48.182264,250426_161410.000000,1,58.48162841796875,8.812447547912598,25.0,50.290000915527344,0.8600000143051147,11,318.92999267578125,1,260426_155436.984375,-8.236481666564941,4.57203483581543,0.08312967419624329,0.14042842388153076,0.7481352686882019,0.0009406667668372393,-0.08305614441633224,0.003366950899362564,0.04191456735134125,0.005489090457558632,18.0
2026-04-26T17:54:51.202659,250426_161400.984375,1,58.48088836669922,8.812776565551758,22.100000381469727,35.70000076293945,0.8899999856948853,10,318.92999267578125,1,260426_155436.984375,-8.477347373962402,3.768676996231079,0.09320402890443802,0.4728911817073822,0.41590967774391174,0.0855216532945633,0.03455353155732155,-0.013382509350776672,0.03009725920855999,0.0036080472636967897,18.0
2026-04-26T17:54:54.308141,250426_161352.984375,1,58.47983932495117,8.813581466674805,19.200000762939453,69.76000213623047,0.8899999856948853,10,318.92999267578125,1,260426_155436.984375,-7.804355621337891,2.965247631072998,0.10601378232240677,1.8019572496414185,0.4364788234233856,-0.013389889150857925,0.07048512995243073,-0.07804793119430542,0.047667983919382095,0.006458486896008253,16.0
2026-04-26T17:54:57.398650,250426_161352.000000,1,58.479679107666016,8.813732147216797,18.899999618530273,70.98001098632812,0.8799999952316284,10,318.92999267578125,1,260426_155436.984375,-7.486605167388916,4.033329963684082,0.06340942531824112,0.5924949645996094,0.4479581117630005,-0.05736740306019783,0.024580437690019608,-0.011204404756426811,0.046771835535764694,0.007812426891177893,16.0
2026-04-26T17:55:00.245614,250426_161344.000000,1,58.47840881347656,8.815313339233398,16.600000381469727,75.25,1.559999942779541,8,318.92999267578125,1,260426_155436.984375,-6.82938289642334,4.642419338226318,0.04790902137756348,0.5631763339042664,0.4538055658340454,0.026761425659060478,0.039015840739011765,0.007540855556726456,0.040029413998126984,0.009311608970165253,10.0
2026-04-26T17:55:03.324344,250426_161343.015625,1,58.4782600402832,8.815531730651855,16.399999618530273,72.04000091552734,1.5700000524520874,8,318.92999267578125,1,260426_155436.984375,-6.297189235687256,3.6045007705688477,0.15560559928417206,0.5951484441757202,0.4785403311252594,0.11952881515026093,0.05073767155408859,-0.08574178814888,0.0403578095138073,0.010280969552695751,12.0
2026-04-26T17:55:06.510312,250426_161335.015625,1,58.477439880371094,8.817081451416016,16.299999237060547,32.86000061035156,0.8500000238418579,11,210.57000732421875,1,260426_155452.984375,-5.968868732452393,4.6641035079956055,0.10711728036403656,0.335450679063797,0.42337870597839355,-0.0256893802434206,0.10390125960111618,-0.0043237479403615,0.04121684655547142,0.010609707795083523,12.0
2026-04-26T17:55:06.510682,250426_161335.015625,1,58.477439880371094,8.817081451416016,16.299999237060547,32.86000061035156,0.8500000238418579,11,210.57000732421875,1,260426_155452.984375,-5.968868732452393,4.6641035079956055,0.10711728036403656,0.335450679063797,0.42337870597839355,-0.0256893802434206,0.10390125960111618,-0.0043237479403615,0.04121684655547142,0.010609707795083523,12.0
2026-04-26T17:55:06.511089,250426_161335.015625,1,58.477439880371094,8.817081451416016,16.299999237060547,32.86000061035156,0.8500000238418579,11,210.57000732421875,1,260426_155452.984375,-5.968868732452393,4.6641035079956055,0.10711728036403656,0.335450679063797,0.42337870597839355,-0.0256893802434206,0.10390125960111618,-0.0043237479403615,0.04121684655547142,0.010609707795083523,12.0
2026-04-26T17:55:06.516880,250426_161335.015625,1,58.477439880371094,8.817081451416016,16.299999237060547,32.86000061035156,0.8500000238418579,11,210.57000732421875,1,260426_155452.984375,-5.968868732452393,4.6641035079956055,0.10711728036403656,0.335450679063797,0.42337870597839355,-0.0256893802434206,0.10390125960111618,-0.0043237479403615,0.04121684655547142,0.010609707795083523,12.0
2026-04-26T17:55:09.480760,250426_161326.000000,1,58.477760314941406,8.817977905273438,18.0,49.0099983215332,0.8500000238418579,11,210.57000732421875,1,260426_155452.984375,-6.0931901931762695,4.877658843994141,0.035989198833703995,0.24628451466560364,0.3781229257583618,-0.024591943249106407,-0.02516365610063076,-0.007566320709884167,0.0449964702129364,0.009861254133284092,12.0
2026-04-26T17:55:12.540508,250426_161318.000000,1,58.478660583496094,8.818954467773438,19.0,54.189998626708984,1.0299999713897705,9,210.57000732421875,1,260426_155452.984375,-5.989457130432129,5.279524326324463,0.02040877565741539,0.27073410153388977,0.3611224293708801,-0.016446322202682495,0.011260420083999634,0.0043862974271178246,0.04823742434382439,0.007757134269922972,14.0
2026-04-26T17:55:15.527736,250426_161316.984375,1,58.47877883911133,8.819168090820312,19.0,54.90999984741211,1.0299999713897705,9,210.57000732421875,1,260426_155452.984375,-6.352243423461914,5.345787048339844,0.03252905607223511,0.30269327759742737,0.35599857568740845,-0.002391884569078684,-0.032160986214876175,-0.0042531657963991165,0.051301684230566025,0.007183787412941456,15.0
2026-04-26T17:55:18.582412,250426_161308.984375,1,58.47808074951172,8.823193550109863,17.799999237060547,58.47999954223633,0.8199999928474426,11,210.57000732421875,1,260426_155452.984375,-7.005453109741211,5.416893482208252,0.07000134140253067,0.22698292136192322,0.20628218352794647,-0.0014088086318224669,-0.06949492543935776,-0.008286056108772755,0.03227928280830383,0.0034862952306866646,15.0
2026-04-26T17:55:21.653208,250426_161300.000000,1,58.47808074951172,8.823193550109863,17.799999237060547,47.02000045776367,0.8199999928474426,11,210.57000732421875,1,260426_155508.000000,-8.2072172164917,5.442059516906738,0.0955101028084755,0.312164306640625,0.15960469841957092,-0.011525564827024937,-0.0944831371307373,0.007891563698649406,0.030943088233470917,0.0036094761453568935,15.0
2026-04-26T17:55:24.639363,250426_161259.015625,1,58.478111267089844,8.82342529296875,17.200000762939453,42.06999969482422,0.8500000238418579,11,210.57000732421875,1,260426_155508.000000,-8.974396705627441,6.07530403137207,0.11817929893732071,0.30830904841423035,0.18771634995937347,-0.08202308416366577,-0.08458855748176575,0.009128815494477749,0.038768526166677475,0.005408300552517176,15.0
2026-04-26T17:55:27.719117,250426_161251.015625,1,58.47848129272461,8.824906349182129,14.800000190734863,42.06999969482422,0.9900000095367432,10,210.57000732421875,1,260426_155508.000000,-9.05305290222168,6.361612796783447,0.040706418454647064,0.7554316520690918,0.21301472187042236,0.03417962044477463,0.02210036665201187,-0.0005828645080327988,0.03875323757529259,0.005726336035877466,17.0
2026-04-26T17:55:30.799665,250426_161250.000000,1,58.478519439697266,8.82508659362793,14.5,46.290000915527344,0.9900000095367432,10,210.57000732421875,1,260426_155508.000000,-9.547547340393066,6.031795024871826,0.043580640107393265,0.6108832955360413,0.23348842561244965,0.039797790348529816,-0.016665391623973846,0.006137828342616558,0.03834594041109085,0.00572720542550087,16.0
2026-04-26T17:55:33.878920,250426_161242.000000,1,58.47908020019531,8.826620101928711,13.699999809265137,51.369998931884766,0.8199999928474426,11,210.57000732421875,1,260426_155524.000000,-9.444642066955566,5.4843831062316895,0.07484012842178345,0.19197775423526764,0.6452847719192505,0.05971205607056618,-0.04423566162586212,-0.008872494101524353,0.043693315237760544,0.00660542119294405,20.0
