Time, UTC Time, Label, Latitude, Longitude, Altitude, Speed, HDOP, Satelites, Course, Fix, Accel UTC, Roll Degrees, Pitch Degrees, Dynamic Magnitude, Jerk, Jerk Std, Acceleration X, Acceleration Y, Acceleration Z, Standard Deviation, Energy, Zero Crossings
2026-04-26T16:37:54.202059,260426_135145.000000,1,58.3400993347168,8.582630157470703,8.300000190734863,1.6299999952316284,1.9800000190734863,4,0.0,1,260426_143740.984375,-5.952818870544434,5.251049041748047,0.0033799195662140846,0.1074904203414917,0.03919141739606857,0.0016834784764796495,0.0014902662951499224,-0.002523660659790039,0.0011329443659633398,7.932120752229821e-06,24.0
2026-04-26T16:37:57.279198,260426_135157.000000,1,58.34001922607422,8.582685470581055,18.5,1.8799999952316284,1.9800000190734863,4,0.0,1,260426_143740.984375,-5.957607746124268,5.256412982940674,0.002597987651824951,0.0655335858464241,0.03841901570558548,-0.00024794909404590726,-0.0025364775210618973,-0.0005043237470090389,0.00109904317650944,7.193115834525088e-06,26.0
2026-04-26T16:38:00.236278,260426_135158.000000,1,58.34001922607422,8.582690238952637,18.399999618530273,1.9800000190734863,1.9800000190734863,4,0.0,1,260426_143740.984375,-5.953157901763916,5.264105796813965,0.0016786976484581828,0.0351993627846241,0.03675684332847595,-0.0013586661079898477,-0.0006840692367404699,-0.0007100006914697587,0.001118158339522779,7.60436569180456e-06,26.0
2026-04-26T16:38:03.385150,260426_135159.000000,1,58.34001922607422,8.582688331604004,18.200000762939453,1.940000057220459,1.9800000190734863,4,0.0,1,260426_143740.984375,-5.956475257873535,5.250436305999756,0.004388298839330673,0.1533822864294052,0.04244878143072128,-0.002772029023617506,-0.0018382740672677755,-0.002862476510927081,0.0014995383098721504,1.0128799658559728e-05,26.0
2026-04-26T16:38:06.500492,260426_135210.000000,1,58.34001922607422,8.582673072814941,23.100000381469727,3.119999885559082,1.9800000190734863,4,0.0,1,260426_143740.984375,-5.959254741668701,5.246130466461182,0.0060225618071854115,0.1148187592625618,0.044686321169137955,0.0006542685441672802,-0.005957985762506723,-0.0005878701340407133,0.001520866178907454,1.0979611033690162e-05,23.0
2026-04-26T16:38:06.500965,260426_135210.000000,1,58.34001922607422,8.582673072814941,23.100000381469727,3.119999885559082,1.9800000190734863,4,0.0,1,260426_143740.984375,-5.959254741668701,5.246130466461182,0.0060225618071854115,0.1148187592625618,0.044686321169137955,0.0006542685441672802,-0.005957985762506723,-0.0005878701340407133,0.001520866178907454,1.0979611033690162e-05,23.0
2026-04-26T16:38:06.502066,260426_135210.000000,1,58.34001922607422,8.582673072814941,23.100000381469727,3.119999885559082,1.9800000190734863,4,0.0,1,260426_143740.984375,-5.959254741668701,5.246130466461182,0.0060225618071854115,0.1148187592625618,0.044686321169137955,0.0006542685441672802,-0.005957985762506723,-0.0005878701340407133,0.001520866178907454,1.0979611033690162e-05,23.0
2026-04-26T16:38:06.522174,260426_135210.000000,1,58.34001922607422,8.582673072814941,23.100000381469727,3.119999885559082,1.9800000190734863,4,0.0,1,260426_143740.984375,-5.959254741668701,5.246130466461182,0.0060225618071854115,0.1148187592625618,0.044686321169137955,0.0006542685441672802,-0.005957985762506723,-0.0005878701340407133,0.001520866178907454,1.0979611033690162e-05,23.0
2026-04-26T16:38:09.680699,260426_135211.000000,1,58.34001922607422,8.582677841186523,23.399999618530273,3.369999885559082,1.9800000190734863,4,0.0,1,260426_143740.984375,-5.972344875335693,5.231234550476074,0.0037030859384685755,0.07942897081375122,0.04569019749760628,-0.0033020772971212864,-0.0015965265920385718,0.0005101292044855654,0.0015463716117665172,1.2776320545526687e-05,21.0
2026-04-26T16:38:12.710566,260426_135212.000000,1,58.34001922607422,8.582680702209473,24.0,3.8299999237060547,1.9800000190734863,4,0.0,1,260426_143756.984375,-5.976115703582764,5.230453014373779,0.003751580836251378,0.12038243561983109,0.04567737504839897,0.000548599986359477,0.0026465286500751972,0.0026017846539616585,0.001524191233329475,1.2905174116895068e-05,21.0
2026-04-26T16:38:15.804590,260426_135222.000000,1,58.34006881713867,8.582596778869629,23.700000762939453,6.420000076293945,1.850000023841858,5,0.0,1,260426_143756.984375,-5.975351810455322,5.226217269897461,0.0021143117919564247,0.0914432555437088,0.04618345573544502,0.00112316629383713,-0.0006504710181616247,0.0016690415795892477,0.00147385080344975,1.3457152817863971e-05,21.0
2026-04-26T16:38:18.937718,260426_135223.000000,1,58.34006881713867,8.582599639892578,23.399999618530273,6.429999828338623,1.850000023841858,5,0.0,1,260426_143756.984375,-5.977043151855469,5.21354866027832,0.0014672453980892897,0.07995128631591797,0.09875527769327164,-0.000720714102499187,0.0012777198571711779,2.84994239336811e-05,0.0027904296293854713,2.0944411517120898e-05,23.0
2026-04-26T16:38:21.888362,260426_135224.000000,1,58.34006881713867,8.582584381103516,23.0,6.429999828338623,1.850000023841858,5,0.0,1,260426_143812.000000,-5.956623077392578,5.233631134033203,0.007116764318197966,0.2000540792942047,0.13783438503742218,0.0011853261385113,-0.006962441373616457,-0.0008762159268371761,0.004670601338148117,4.602977423928678e-05,24.0
2026-04-26T16:38:24.973985,260426_135245.000000,1,58.33993911743164,8.582758903503418,25.399999618530273,3.869999885559082,1.9900000095367432,5,0.0,1,260426_143812.000000,-5.94014835357666,5.179532051086426,0.007815226912498474,0.3137694299221039,0.14655214548110962,0.0005786346737295389,-0.006857825443148613,0.0037031315732747316,0.005536149721592665,6.998941535130143e-05,26.0
2026-04-26T16:38:24.974248,260426_135245.000000,1,58.33993911743164,8.582758903503418,25.399999618530273,3.869999885559082,1.9900000095367432,5,0.0,1,260426_143812.000000,-5.94014835357666,5.179532051086426,0.007815226912498474,0.3137694299221039,0.14655214548110962,0.0005786346737295389,-0.006857825443148613,0.0037031315732747316,0.005536149721592665,6.998941535130143e-05,26.0
2026-04-26T16:38:24.974537,260426_135245.000000,1,58.33993911743164,8.582758903503418,25.399999618530273,3.869999885559082,1.9900000095367432,5,0.0,1,260426_143812.000000,-5.94014835357666,5.179532051086426,0.007815226912498474,0.3137694299221039,0.14655214548110962,0.0005786346737295389,-0.006857825443148613,0.0037031315732747316,0.005536149721592665,6.998941535130143e-05,26.0
2026-04-26T16:38:25.008028,260426_135245.000000,1,58.33993911743164,8.582758903503418,25.399999618530273,3.869999885559082,1.9900000095367432,5,0.0,1,260426_143812.000000,-5.94014835357666,5.179532051086426,0.007815226912498474,0.3137694299221039,0.14655214548110962,0.0005786346737295389,-0.006857825443148613,0.0037031315732747316,0.005536149721592665,6.998941535130143e-05,26.0
2026-04-26T16:38:28.032059,260426_135246.000000,1,58.33993148803711,8.582773208618164,25.0,4.039999961853027,1.9900000095367432,5,0.0,1,260426_143812.000000,-5.94675350189209,5.176607131958008,0.0037326717283576727,0.08311741054058075,0.14997738599777222,0.00344860996119678,0.0010812515392899513,0.0009331783512607217,0.005504632368683815,7.359425944741815e-05,24.0
2026-04-26T16:38:31.051431,260426_135247.000000,1,58.33992004394531,8.582773208618164,24.700000762939453,4.28000020980835,1.9900000095367432,5,0.0,1,260426_143812.000000,-5.962522029876709,5.183270454406738,0.006395603064447641,0.0545806810259819,0.13459311425685883,-0.0060718003660440445,0.001318223774433136,0.0015163336647674441,0.005151896737515926,6.592241697944701e-05,24.0
2026-04-26T16:38:34.108932,260426_135256.000000,1,58.33924865722656,8.583008766174316,19.200000762939453,31.309999465942383,1.4900000095367432,6,0.0,1,260426_143813.000000,-5.963930130004883,5.163294315338135,0.003792139235883951,0.045009661465883255,0.1385115385055542,0.0003420804569032043,0.0037274828646332026,-0.0006075936835259199,0.005605300888419151,7.520375947933644e-05,22.0
2026-04-26T16:38:37.037180,260426_135257.000000,1,58.33916091918945,8.583012580871582,18.5,34.029998779296875,1.4900000095367432,6,0.0,1,260426_143813.000000,-5.974071502685547,5.179189205169678,0.0023354266304522753,0.056188974529504776,0.09614346921443939,-0.0009047613712027669,0.0015322758117690682,0.0015125330537557602,0.0035172400530427694,3.2733281841501594e-05,21.0
2026-04-26T16:38:40.178096,260426_135258.000000,1,58.33906173706055,8.583027839660645,17.700000762939453,36.41999816894531,1.4900000095367432,6,0.0,1,260426_143828.000000,-6.008159160614014,5.198730945587158,0.021493731066584587,0.35376590490341187,0.12247943878173828,0.0010083840461447835,-0.021469613537192345,-0.00013885763473808765,0.004790395498275757,5.112689905217849e-05,21.0
2026-04-26T16:38:43.227395,260426_135309.000000,1,58.33803939819336,8.583166122436523,14.300000190734863,35.630001068115234,1.350000023841858,7,0.0,1,260426_143828.000000,-6.127588272094727,5.183945178985596,0.016055865213274956,0.11898218840360641,0.12286029011011124,0.0008299819892272353,-0.015905413776636124,-0.0020297071896493435,0.005443299654871225,7.75459993747063e-05,23.0
2026-04-26T16:38:46.200564,260426_135318.000000,1,58.33721160888672,8.58259391784668,20.200000762939453,35.630001068115234,1.3300000429153442,8,0.0,1,260426_143828.000000,-6.333364486694336,5.157848358154297,0.01761387288570404,0.2469048947095871,0.12470372766256332,0.003622115356847644,-0.01723625138401985,-0.00020092655904591084,0.0066072470508515835,0.00012837025860790163,23.0
2026-04-26T16:38:49.218205,260426_135319.000000,1,58.337120056152344,8.582526206970215,20.0,38.65999984741211,1.3300000429153442,8,0.0,1,260426_143843.015625,-6.5248918533325195,5.130049228668213,0.01721883937716484,0.25510942935943604,0.13858120143413544,0.008438070304691792,-0.014450405724346638,0.004058715421706438,0.006850928068161011,0.00019538008200470358,26.0
2026-04-26T16:38:52.277844,260426_135320.000000,1,58.33702850341797,8.582463264465332,19.799999237060547,36.63999938964844,1.3300000429153442,8,0.0,1,260426_143843.015625,-6.371401309967041,5.00131368637085,0.030000517144799232,0.22534888982772827,0.13913054764270782,0.013686816208064556,0.026646243408322334,0.0016369977965950966,0.00723913824185729,0.0002804231771733612,24.0
2026-04-26T16:38:55.397602,260426_135331.000000,1,58.33612823486328,8.581883430480957,18.399999618530273,28.790000915527344,1.3300000429153442,8,0.0,1,260426_143843.015625,-6.45090389251709,5.011094093322754,0.012191152200102806,0.1633307933807373,0.12594527006149292,0.007142408285290003,-0.009710248559713364,0.0018224334344267845,0.006522845011204481,0.00032772182021290064,26.0
2026-04-26T16:38:58.472126,260426_135332.000000,1,58.33610153198242,8.581808090209961,18.399999618530273,24.0,1.3300000429153442,8,0.0,1,260426_143843.015625,-6.31751012802124,4.841918468475342,0.05135704576969147,0.07038217782974243,0.15420112013816833,0.007206052541732788,0.050655797123909,0.004428192041814327,0.01201219204813242,0.0006021504523232579,26.0
2026-04-26T16:39:01.492970,260426_135343.000000,1,58.33607864379883,8.581673622131348,17.600000381469727,0.0,1.090000033378601,9,0.0,1,260426_143843.015625,-6.197779178619385,4.556746006011963,0.04140019416809082,0.38769710063934326,0.16570527851581573,0.035990096628665924,-0.019393227994441986,0.00652624387294054,0.012685611844062805,0.0007840527687221766,26.0
2026-04-26T16:39:04.521506,260426_135352.000000,1,58.33631134033203,8.581014633178711,16.200000762939453,36.689998626708984,1.159999966621399,9,0.0,1,260426_143843.015625,-6.195595741271973,4.30051326751709,0.010992334224283695,0.13883034884929657,0.159518763422966,0.010447782464325428,0.0008274558931589127,0.003315204521641135,0.012790855020284653,0.0009485320770181715,27.0
2026-04-26T16:39:07.498894,260426_135353.000000,1,58.33638000488281,8.58086109161377,15.800000190734863,41.619998931884766,1.159999966621399,9,0.0,1,260426_143859.015625,-6.632768630981445,4.029077529907227,0.017515754327178,0.21604333817958832,0.1608976125717163,0.005638061091303825,-0.016405463218688965,-0.002423780970275402,0.015447045676410198,0.0012290718732401729,25.0
2026-04-26T16:39:10.627155,260426_135354.000000,1,58.336448669433594,8.5806884765625,15.5,45.70000076293945,1.090000033378601,9,0.0,1,260426_143859.015625,-6.737661838531494,3.98880934715271,0.012105037458240986,0.03159312158823013,0.13699425756931305,0.003766375593841076,-0.011382519267499447,0.0016687172465026379,0.0167950801551342,0.001144281355664134,23.0
2026-04-26T16:39:13.623362,260426_135404.000000,1,58.33713912963867,8.578451156616211,14.100000381469727,55.88999938964844,1.090000033378601,9,0.0,1,260426_143859.015625,-7.83756160736084,4.785595417022705,0.14831513166427612,0.41377130150794983,0.1932278573513031,-0.12870216369628906,-0.0713486596941948,0.018506698310375214,0.04108474776148796,0.004053906071931124,19.0
2026-04-26T16:39:16.684459,260426_135414.000000,1,58.33790969848633,8.576350212097168,16.600000381469727,48.599998474121094,1.3200000524520874,8,0.0,1,260426_143914.000000,-8.161104202270508,4.284465789794922,0.07354601472616196,0.47631874680519104,0.2937927842140198,0.07054727524518967,-0.004356707446277142,-0.020325299352407455,0.042687900364398956,0.004742634017020464,21.0
2026-04-26T16:39:19.767373,260426_135423.000000,1,58.338401794433594,8.575265884399414,18.600000381469727,28.6200008392334,1.159999966621399,9,0.0,1,260426_143914.000000,-8.342461585998535,3.680227756500244,0.11202670633792877,1.002939224243164,0.33773696422576904,0.11031238734722137,0.009587234817445278,-0.01700720191001892,0.04233603924512863,0.005643559619784355,25.0
2026-04-26T16:39:22.786258,260426_135424.000000,1,58.33842849731445,8.5751314163208,18.600000381469727,30.1200008392334,1.090000033378601,9,0.0,1,260426_143914.000000,-7.724334716796875,3.1975996494293213,0.10908817499876022,0.47361111640930176,0.35986319184303284,0.07170838117599487,0.0821167603135109,-0.0038699787110090256,0.04370701685547829,0.006689608097076416,27.0
2026-04-26T16:39:25.809441,260426_135433.000000,1,58.33903884887695,8.573468208312988,19.600000381469727,58.11000061035156,0.8799999952316284,10,0.0,1,260426_143915.015625,-7.037347793579102,3.1930601596832275,0.051131345331668854,0.06314307451248169,0.3501858115196228,-0.013331142254173756,0.04922686517238617,0.0036620888859033585,0.033833615481853485,0.007276540622115135,29.0
2026-04-26T16:39:25.809672,260426_135433.000000,1,58.33903884887695,8.573468208312988,19.600000381469727,58.11000061035156,0.8799999952316284,10,0.0,1,260426_143915.015625,-7.037347793579102,3.1930601596832275,0.051131345331668854,0.06314307451248169,0.3501858115196228,-0.013331142254173756,0.04922686517238617,0.0036620888859033585,0.033833615481853485,0.007276540622115135,29.0
2026-04-26T16:39:25.809987,260426_135433.000000,1,58.33903884887695,8.573468208312988,19.600000381469727,58.11000061035156,0.8799999952316284,10,0.0,1,260426_143915.015625,-7.037347793579102,3.1930601596832275,0.051131345331668854,0.06314307451248169,0.3501858115196228,-0.013331142254173756,0.04922686517238617,0.0036620888859033585,0.033833615481853485,0.007276540622115135,29.0
2026-04-26T16:39:25.840074,260426_135433.000000,1,58.33903884887695,8.573468208312988,19.600000381469727,58.11000061035156,0.8799999952316284,10,0.0,1,260426_143915.015625,-7.037347793579102,3.1930601596832275,0.051131345331668854,0.06314307451248169,0.3501858115196228,-0.013331142254173756,0.04922686517238617,0.0036620888859033585,0.033833615481853485,0.007276540622115135,29.0
2026-04-26T16:39:29.014639,260426_135434.000000,1,58.33911895751953,8.57324504852295,19.5,58.11000061035156,0.8899999856948853,10,0.0,1,260426_143915.015625,-7.1876068115234375,3.1556849479675293,0.028079014271497726,0.31604498624801636,0.34720900654792786,0.009848032146692276,-0.026105361059308052,0.0031555676832795143,0.0354190394282341,0.005779386032372713,27.0
2026-04-26T16:39:31.951247,260426_135443.000000,1,58.34001922607422,8.571399688720703,17.899999618530273,56.84000015258789,0.9700000882148743,9,0.0,1,260426_143930.000000,-8.039848327636719,2.1775894165039062,0.14862188696861267,0.30478423833847046,0.333695650100708,0.14813543856143951,-0.010025025345385075,0.006622401066124439,0.04853595048189163,0.008128494024276733,25.0
2026-04-26T16:39:34.944055,260426_135444.000000,1,58.34012985229492,8.571213722229004,18.299999237060547,56.83000183105469,0.9599999189376831,9,0.0,1,260426_143930.000000,-8.975598335266113,1.8451036214828491,0.09921097755432129,1.0473637580871582,0.3128564953804016,0.029255233705043793,-0.09476688504219055,0.0024877088144421577,0.049822159111499786,0.009147744625806808,22.0
2026-04-26T16:39:38.027309,260426_135453.000000,1,58.340789794921875,8.569366455078125,22.600000381469727,46.029998779296875,0.9100000262260437,10,0.0,1,260426_143930.000000,-8.870816230773926,2.2479543685913086,0.040698762983083725,0.482695996761322,0.2924002707004547,-0.035143643617630005,-0.020496051758527756,0.0011070009786635637,0.05129443109035492,0.008135349489748478,20.0
2026-04-26T16:39:41.113665,260426_135454.000000,1,58.34083938598633,8.569172859191895,23.0,42.86000061035156,0.9100000262260437,10,0.0,1,260426_143930.000000,-8.644041061401367,1.9498209953308105,0.08179696649312973,0.6653055548667908,0.5909879803657532,0.03721414878964424,0.03540220484137535,-0.06365952640771866,0.05461394041776657,0.008950505405664444,18.0
2026-04-26T16:39:44.154624,260426_135502.000000,1,58.341041564941406,8.568428993225098,25.100000381469727,7.340000152587891,0.8799999952316284,10,0.0,1,260426_143930.000000,-7.904366493225098,2.075589418411255,0.04783408343791962,0.43857458233833313,0.5832405686378479,-0.022502223029732704,0.04040461406111717,-0.012215420603752136,0.04548107832670212,0.008346142247319221,22.0
2026-04-26T16:39:47.074345,260426_135503.000000,1,58.341060638427734,8.568389892578125,25.299999237060547,14.130000114440918,0.9100000262260437,10,0.0,1,260426_143931.015625,-7.190648555755615,2.336024522781372,0.11465306580066681,2.6929335594177246,0.6752216815948486,-0.05789671093225479,0.07142776250839233,0.06849358975887299,0.032760269939899445,0.005429305601865053,25.0
2026-04-26T16:39:50.133486,260426_135511.000000,1,58.34138107299805,8.568273544311523,27.100000381469727,15.0600004196167,0.9100000262260437,10,0.0,1,260426_143931.015625,-6.473704814910889,2.039813995361328,0.06775381416082382,0.4602231979370117,0.6778229475021362,-0.0054954225197434425,0.06705643981695175,-0.007988279685378075,0.030920252203941345,0.006081883329898119,24.0
2026-04-26T16:39:53.268604,260426_135512.000000,1,58.341400146484375,8.56824016571045,27.700000762939453,11.670000076293945,0.9100000262260437,10,0.0,1,260426_143946.000000,-5.70991849899292,2.583562135696411,0.08372370898723602,1.006327748298645,0.7006431221961975,-0.03872724995017052,0.0695863887667656,0.025837847962975502,0.032689690589904785,0.007390247192233801,22.0
2026-04-26T16:39:53.268990,260426_135512.000000,1,58.341400146484375,8.56824016571045,27.700000762939453,11.670000076293945,0.9100000262260437,10,0.0,1,260426_143946.000000,-5.70991849899292,2.583562135696411,0.08372370898723602,1.006327748298645,0.7006431221961975,-0.03872724995017052,0.0695863887667656,0.025837847962975502,0.032689690589904785,0.007390247192233801,22.0
2026-04-26T16:39:53.269244,260426_135512.000000,1,58.341400146484375,8.56824016571045,27.700000762939453,11.670000076293945,0.9100000262260437,10,0.0,1,260426_143946.000000,-5.70991849899292,2.583562135696411,0.08372370898723602,1.006327748298645,0.7006431221961975,-0.03872724995017052,0.0695863887667656,0.025837847962975502,0.032689690589904785,0.007390247192233801,22.0
2026-04-26T16:39:53.300294,260426_135512.000000,1,58.341400146484375,8.56824016571045,27.700000762939453,11.670000076293945,0.9100000262260437,10,0.0,1,260426_143946.000000,-5.70991849899292,2.583562135696411,0.08372370898723602,1.006327748298645,0.7006431221961975,-0.03872724995017052,0.0695863887667656,0.025837847962975502,0.032689690589904785,0.007390247192233801,22.0
2026-04-26T16:39:56.218542,260426_135520.000000,1,58.34149169921875,8.568268775939941,28.700000762939453,4.239999771118164,0.8799999952316284,10,0.0,1,260426_143946.000000,-5.3477349281311035,2.8964719772338867,0.016577091068029404,1.132114291191101,0.5488701462745667,-0.0021469839848577976,0.013505470007658005,0.009369774721562862,0.026984255760908127,0.006657562684267759,22.0
2026-04-26T16:39:59.416032,260426_135530.000000,1,58.34148025512695,8.568273544311523,29.299999237060547,0.25,0.8799999952316284,10,0.0,1,260426_143946.000000,-4.999783039093018,2.9692206382751465,0.020702073350548744,0.4902677536010742,0.5563235282897949,-0.017690861597657204,0.009593241848051548,-0.004855817183852196,0.033581964671611786,0.006541641429066658,20.0
2026-04-26T16:40:02.369051,260426_135531.000000,1,58.341461181640625,8.56828498840332,29.5,0.25,0.8799999952316284,10,0.0,1,260426_143947.015625,-4.771277904510498,2.616450548171997,0.04089876264333725,1.111535668373108,0.5505083799362183,0.03779531642794609,0.01388245914131403,-0.007176371291279793,0.03641669452190399,0.005694180261343718,22.0
2026-04-26T16:40:05.481642,260426_135539.000000,1,58.341461181640625,8.568324089050293,30.0,0.0,0.8799999952316284,10,0.0,1,260426_143947.015625,-4.568522930145264,1.913888692855835,0.07903141528367996,1.2991211414337158,0.5177333950996399,0.06768841296434402,0.023560017347335815,0.03330419585108757,0.03558836504817009,0.005387906916439533,25.0
2026-04-26T16:40:08.405339,260426_135540.000000,1,58.341461181640625,8.568324089050293,30.0,0.0,0.8199999928474426,12,0.0,1,260426_143947.015625,-4.1595282554626465,1.9878387451171875,0.05180469900369644,0.13483239710330963,0.5008785128593445,-0.033664409071207047,0.0392557755112648,-0.0030689099803566933,0.030076054856181145,0.004274966195225716,25.0
2026-04-26T16:40:11.442854,260426_135548.000000,1,58.341461181640625,8.568324089050293,30.0,0.0,0.8199999928474426,12,0.0,1,260426_143947.015625,-4.022474765777588,3.1069374084472656,0.02277561090886593,2.0560500621795654,0.524084210395813,-0.011802074499428272,-0.0014679784653708339,-0.019423814490437508,0.029564321041107178,0.0043321955017745495,29.0
2026-04-26T16:40:11.443079,260426_135548.000000,1,58.341461181640625,8.568324089050293,30.0,0.0,0.8199999928474426,12,0.0,1,260426_143947.015625,-4.022474765777588,3.1069374084472656,0.02277561090886593,2.0560500621795654,0.524084210395813,-0.011802074499428272,-0.0014679784653708339,-0.019423814490437508,0.029564321041107178,0.0043321955017745495,29.0
2026-04-26T16:40:11.443238,260426_135548.000000,1,58.341461181640625,8.568324089050293,30.0,0.0,0.8199999928474426,12,0.0,1,260426_143947.015625,-4.022474765777588,3.1069374084472656,0.02277561090886593,2.0560500621795654,0.524084210395813,-0.011802074499428272,-0.0014679784653708339,-0.019423814490437508,0.029564321041107178,0.0043321955017745495,29.0
2026-04-26T16:40:11.471361,260426_135548.000000,1,58.341461181640625,8.568324089050293,30.0,0.0,0.8199999928474426,12,0.0,1,260426_143947.015625,-4.022474765777588,3.1069374084472656,0.02277561090886593,2.0560500621795654,0.524084210395813,-0.011802074499428272,-0.0014679784653708339,-0.019423814490437508,0.029564321041107178,0.0043321955017745495,29.0
2026-04-26T16:40:14.550982,260426_135549.000000,1,58.341461181640625,8.568324089050293,30.0,0.0,0.8199999928474426,12,0.0,1,260426_143947.015625,-3.735379457473755,3.4411566257476807,0.05293789505958557,0.6639992594718933,0.5386607050895691,-0.017932580783963203,0.04306083545088768,-0.025032134726643562,0.025149881839752197,0.004772403743118048,29.0
2026-04-26T16:40:17.629509,260426_135557.000000,1,58.341461181640625,8.568324089050293,30.0,0.0,0.8199999928474426,12,0.0,1,260426_143947.015625,-3.7364654541015625,3.4143033027648926,0.03784657269716263,0.15800797939300537,0.513036847114563,-0.012355257757008076,-0.03407956659793854,0.010876301676034927,0.023934926837682724,0.005067471880465746,26.0
2026-04-26T16:40:20.592156,260426_135558.000000,1,58.341461181640625,8.568324089050293,30.0,0.0,0.8199999928474426,12,0.0,1,260426_144016.984375,-4.412448883056641,3.3251242637634277,0.14205801486968994,1.0838874578475952,0.4667477309703827,0.05581788346171379,-0.12624990940093994,-0.03355301171541214,0.03265294432640076,0.0052801454439759254,26.0
2026-04-26T16:40:23.668188,260426_135607.000000,1,58.341461181640625,8.568324089050293,30.0,0.0,0.8199999928474426,12,0.0,1,260426_144016.984375,-5.060246467590332,2.9806010723114014,0.05795057490468025,0.21399201452732086,0.46425527334213257,0.03663960099220276,-0.04244834557175636,-0.014626916497945786,0.03205591440200806,0.005338754039257765,22.0
2026-04-26T16:40:26.740003,260426_135615.000000,1,58.341461181640625,8.568324089050293,30.0,0.0,0.8399999737739563,12,0.0,1,260426_144016.984375,-4.54476261138916,2.376127004623413,0.07315842807292938,0.9266687035560608,0.40521857142448425,0.03327538073062897,0.06511274725198746,0.0022877794690430164,0.03134851157665253,0.0057342322543263435,22.0
2026-04-26T16:40:29.824691,260426_135616.000000,1,58.341461181640625,8.568324089050293,30.0,0.0,0.8399999737739563,12,0.0,1,260426_144018.000000,-4.929970741271973,2.4660115242004395,0.033415332436561584,0.0826609656214714,0.3963310718536377,0.002449247520416975,-0.030414940789341927,-0.013620459474623203,0.03198555111885071,0.004968265071511269,24.0
2026-04-26T16:40:29.825003,260426_135616.000000,1,58.341461181640625,8.568324089050293,30.0,0.0,0.8399999737739563,12,0.0,1,260426_144018.000000,-4.929970741271973,2.4660115242004395,0.033415332436561584,0.0826609656214714,0.3963310718536377,0.002449247520416975,-0.030414940789341927,-0.013620459474623203,0.03198555111885071,0.004968265071511269,24.0
2026-04-26T16:40:29.825209,260426_135616.000000,1,58.341461181640625,8.568324089050293,30.0,0.0,0.8399999737739563,12,0.0,1,260426_144018.000000,-4.929970741271973,2.4660115242004395,0.033415332436561584,0.0826609656214714,0.3963310718536377,0.002449247520416975,-0.030414940789341927,-0.013620459474623203,0.03198555111885071,0.004968265071511269,24.0
2026-04-26T16:40:29.942347,260426_135616.000000,1,58.341461181640625,8.568324089050293,30.0,0.0,0.8399999737739563,12,0.0,1,260426_144018.000000,-4.929970741271973,2.4660115242004395,0.033415332436561584,0.0826609656214714,0.3963310718536377,0.002449247520416975,-0.030414940789341927,-0.013620459474623203,0.03198555111885071,0.004968265071511269,24.0
2026-04-26T16:40:32.941856,260426_135624.000000,1,58.341461181640625,8.568324089050293,30.0,0.0,0.800000011920929,13,0.0,1,260426_144018.000000,-4.79437780380249,2.508854866027832,0.0608590692281723,0.16212350130081177,0.36254727840423584,-0.008529484272003174,0.06012290343642235,0.004038642160594463,0.03208557143807411,0.004872433841228485,22.0
2026-04-26T16:40:35.889957,260426_135635.000000,1,58.341461181640625,8.568324089050293,30.0,0.0,0.800000011920929,13,0.0,1,260426_144018.000000,-5.054625988006592,2.637077569961548,0.0593685545027256,0.27396896481513977,0.3415551483631134,-0.011700703762471676,-0.058179378509521484,0.0016967179253697395,0.025818146765232086,0.00329385232180357,16.0
2026-04-26T16:40:38.946570,260426_135643.000000,1,58.341461181640625,8.568324089050293,30.0,0.0,0.7799999713897705,14,0.0,1,260426_144018.000000,-7.469244480133057,3.0613555908203125,0.16618631780147552,0.3532850444316864,0.33644574880599976,-0.04056674987077713,-0.16037268936634064,-0.0159006230533123,0.060976896435022354,0.009347250685095787,16.0
2026-04-26T16:40:42.017650,260426_135644.000000,1,58.341461181640625,8.568324089050293,30.0,0.0,0.7799999713897705,14,0.0,1,260426_144018.000000,-8.31350040435791,3.0423598289489746,0.08307547867298126,0.6930495500564575,0.24907344579696655,0.01957109197974205,-0.07961560040712357,-0.013411333784461021,0.06112285330891609,0.010156913660466671,10.0
2026-04-26T16:40:45.071295,260426_135652.000000,1,58.341461181640625,8.568324089050293,30.0,0.0,0.7799999713897705,14,0.0,1,260426_144032.984375,-9.117988586425781,2.5185279846191406,0.030083507299423218,1.0729748010635376,0.40274402499198914,0.006648777052760124,-0.02702523022890091,-0.011421386152505875,0.05799523741006851,0.011603360064327717,10.0
2026-04-26T16:40:45.071593,260426_135652.000000,1,58.341461181640625,8.568324089050293,30.0,0.0,0.7799999713897705,14,0.0,1,260426_144032.984375,-9.117988586425781,2.5185279846191406,0.030083507299423218,1.0729748010635376,0.40274402499198914,0.006648777052760124,-0.02702523022890091,-0.011421386152505875,0.05799523741006851,0.011603360064327717,10.0
2026-04-26T16:40:45.071776,260426_135652.000000,1,58.341461181640625,8.568324089050293,30.0,0.0,0.7799999713897705,14,0.0,1,260426_144032.984375,-9.117988586425781,2.5185279846191406,0.030083507299423218,1.0729748010635376,0.40274402499198914,0.006648777052760124,-0.02702523022890091,-0.011421386152505875,0.05799523741006851,0.011603360064327717,10.0
2026-04-26T16:40:45.086749,260426_135652.000000,1,58.341461181640625,8.568324089050293,30.0,0.0,0.7799999713897705,14,0.0,1,260426_144032.984375,-9.117988586425781,2.5185279846191406,0.030083507299423218,1.0729748010635376,0.40274402499198914,0.006648777052760124,-0.02702523022890091,-0.011421386152505875,0.05799523741006851,0.011603360064327717,10.0
2026-04-26T16:40:48.037528,260426_135700.000000,1,58.341461181640625,8.568324089050293,30.0,0.0,0.7599999904632568,13,0.0,1,260426_144032.984375,-9.273273468017578,2.73313570022583,0.08150945603847504,0.9968200325965881,0.4387442171573639,-0.04600812494754791,0.04860768839716911,0.04652242735028267,0.05491747707128525,0.011752733029425144,14.0
2026-04-26T16:40:51.180611,260426_135701.000000,1,58.341461181640625,8.568324089050293,30.0,0.0,0.7799999713897705,14,0.0,1,260426_144034.000000,-8.577897071838379,2.5261616706848145,0.09152467548847198,1.0052878856658936,0.4563145041465759,0.008879919536411762,0.0898716151714325,0.014866298995912075,0.04975730925798416,0.011270794086158276,16.0
2026-04-26T16:40:54.193272,260426_135709.000000,1,58.341461181640625,8.568324089050293,30.0,0.0,0.7900000214576721,13,0.0,1,260426_144034.000000,-8.151102066040039,2.3885092735290527,0.02845088019967079,0.2429906576871872,0.46515554189682007,0.02123861014842987,0.018852990120649338,0.0017142854630947113,0.03482937812805176,0.006642850115895271,16.0
2026-04-26T16:40:57.190480,260426_135710.000000,1,58.341461181640625,8.568324089050293,30.0,0.0,0.7900000214576721,13,0.0,1,260426_144048.984375,-8.554977416992188,2.383805751800537,0.11687345057725906,0.2546805739402771,0.4875832796096802,-0.02866475284099579,-0.11085624247789383,-0.023422827944159508,0.030713994055986404,0.005023584235459566,16.0
2026-04-26T16:41:00.236120,260426_135718.000000,1,58.341461181640625,8.568324089050293,30.0,0.0,0.7900000214576721,13,0.0,1,260426_144048.984375,-9.173027038574219,2.717820644378662,0.09169875085353851,2.2177438735961914,0.6465242505073547,-0.08762048929929733,-0.02147228643298149,0.016439352184534073,0.03208494558930397,0.005558609962463379,16.0
2026-04-26T16:41:03.299697,260426_135727.000000,1,58.341461181640625,8.568324089050293,30.0,0.0,0.8100000023841858,12,0.0,1,260426_144048.984375,-8.82083797454834,2.9681005477905273,0.06804278492927551,0.6748843789100647,0.6433765292167664,-0.015445400960743427,0.0647224560379982,0.01422194018959999,0.03245887905359268,0.005807774607092142,15.0
2026-04-26T16:41:06.410719,260426_135735.000000,1,58.341461181640625,8.568324089050293,30.0,0.0,0.7699999809265137,13,0.0,1,260426_144048.984375,-8.205288887023926,2.875762701034546,0.06498245149850845,1.468717098236084,0.6709764003753662,-0.025354184210300446,0.05590604990720749,-0.021316610276699066,0.03256942331790924,0.005874680355191231,19.0
2026-04-26T16:41:09.339150,260426_135736.000000,1,58.341461181640625,8.568324089050293,30.0,0.0,0.800000011920929,13,0.0,1,260426_144048.984375,-7.720242500305176,2.753706693649292,0.046390559524297714,0.2978472113609314,0.6628278493881226,0.0337490513920784,0.025911543518304825,0.01848451793193817,0.03479863703250885,0.005408435594290495,25.0
2026-04-26T16:41:12.406966,260426_135745.000000,1,58.341461181640625,8.568324089050293,30.0,0.0,0.800000011920929,13,0.0,1,260426_144050.000000,-8.851118087768555,2.834825277328491,0.12730281054973602,0.3673003613948822,0.6598796844482422,-0.006151972338557243,-0.12701156735420227,0.006018494255840778,0.0368708074092865,0.006364765577018261,25.0
2026-04-26T16:41:15.486078,260426_135753.000000,1,58.341461181640625,8.568324089050293,30.0,0.0,0.800000011920929,13,0.0,1,260426_144050.000000,-9.861519813537598,2.570906400680542,0.10317858308553696,0.9752503633499146,0.4764782190322876,0.012892634607851505,-0.09532561153173447,-0.037317924201488495,0.03857424110174179,0.0070377374067902565,25.0
2026-04-26T16:41:18.566507,260426_135802.000000,1,58.341461181640625,8.568324089050293,30.0,0.0,0.800000011920929,13,0.0,1,260426_144104.984375,-10.630257606506348,2.649661064147949,0.0704209953546524,1.2212300300598145,0.5484523177146912,-0.01829357072710991,-0.05011267960071564,-0.04596935585141182,0.03591333329677582,0.007721024565398693,19.0
2026-04-26T16:41:21.645598,260426_135810.000000,1,58.341461181640625,8.568324089050293,30.0,0.0,0.800000011920929,13,0.0,1,260426_144104.984375,-10.563785552978516,2.9772815704345703,0.04076734557747841,0.3277433216571808,0.5204813480377197,-0.035388365387916565,-0.005848716478794813,-0.01937607303261757,0.03733154758810997,0.007189208175987005,17.0
2026-04-26T16:41:24.563340,260426_135811.000000,1,58.341461181640625,8.568324089050293,30.0,0.0,0.800000011920929,13,0.0,1,260426_144104.984375,-9.748689651489258,2.543226480484009,0.06495451182126999,0.5743394494056702,0.5318959951400757,0.05145692080259323,0.037853799760341644,-0.011762796901166439,0.030796248465776443,0.00832931324839592,13.0
2026-04-26T16:41:27.713132,260426_135819.000000,1,58.341461181640625,8.568324089050293,30.0,0.0,0.7699999809265137,14,0.0,1,260426_144120.000000,-7.165865421295166,2.5254008769989014,0.2762422263622284,0.6783096194267273,0.5375450849533081,-0.044920455664396286,0.2722797095775604,-0.012476807460188866,0.077782042324543,0.018768036738038063,13.0
2026-04-26T16:41:27.713407,260426_135819.000000,1,58.341461181640625,8.568324089050293,30.0,0.0,0.7699999809265137,14,0.0,1,260426_144120.000000,-7.165865421295166,2.5254008769989014,0.2762422263622284,0.6783096194267273,0.5375450849533081,-0.044920455664396286,0.2722797095775604,-0.012476807460188866,0.077782042324543,0.018768036738038063,13.0
2026-04-26T16:41:27.713929,260426_135819.000000,1,58.341461181640625,8.568324089050293,30.0,0.0,0.7699999809265137,14,0.0,1,260426_144120.000000,-7.165865421295166,2.5254008769989014,0.2762422263622284,0.6783096194267273,0.5375450849533081,-0.044920455664396286,0.2722797095775604,-0.012476807460188866,0.077782042324543,0.018768036738038063,13.0
2026-04-26T16:41:27.749523,260426_135819.000000,1,58.341461181640625,8.568324089050293,30.0,0.0,0.7699999809265137,14,0.0,1,260426_144120.000000,-7.165865421295166,2.5254008769989014,0.2762422263622284,0.6783096194267273,0.5375450849533081,-0.044920455664396286,0.2722797095775604,-0.012476807460188866,0.077782042324543,0.018768036738038063,13.0
2026-04-26T16:41:30.737217,260426_135820.000000,1,58.341461181640625,8.568324089050293,30.0,0.0,0.7699999809265137,14,0.0,1,260426_144120.000000,-5.995333194732666,3.0097196102142334,0.07928390800952911,0.0363290011882782,0.5328489542007446,-0.047964368015527725,0.06289532780647278,0.00543459365144372,0.08207844197750092,0.020136533305048943,11.0
2026-04-26T16:41:33.747141,260426_135828.000000,1,58.341461181640625,8.568324089050293,30.0,0.0,0.7799999713897705,13,0.0,1,260426_144120.000000,-6.1180901527404785,3.358278274536133,0.03484080359339714,0.11508004367351532,0.45124614238739014,-0.018578629940748215,-0.029473621398210526,0.00014756154268980026,0.08743869513273239,0.018743837252259254,12.0
2026-04-26T16:41:36.799320,260426_135837.000000,1,58.341461181640625,8.568324089050293,30.0,0.0,0.800000011920929,13,0.0,1,260426_144120.000000,-8.603413581848145,3.876444101333618,0.19419561326503754,0.7497451901435852,0.35884925723075867,-0.07167045027017593,-0.17730051279067993,-0.03376112878322601,0.08688942342996597,0.02620360627770424,8.0
2026-04-26T16:41:39.859086,260426_135845.000000,1,58.341461181640625,8.568324089050293,30.0,0.0,0.7400000095367432,14,0.0,1,260426_144120.000000,-9.38392162322998,3.469916582107544,0.15221667289733887,0.8371616005897522,0.34575653076171875,0.13631604611873627,-0.046117767691612244,-0.04960852488875389,0.08436314016580582,0.02744053304195404,8.0
2026-04-26T16:41:42.942829,260426_135846.000000,1,58.341461181640625,8.568324089050293,30.0,0.0,0.7699999809265137,14,0.0,1,260426_144136.000000,-9.51456356048584,2.8889317512512207,0.1907173991203308,3.5071959495544434,0.7321903705596924,0.10823651403188705,-0.010713305324316025,-0.156662717461586,0.062079355120658875,0.014880616217851639,16.0
2026-04-26T16:41:45.880097,260426_135854.000000,1,58.341461181640625,8.568324089050293,30.0,0.0,0.7699999809265137,14,0.0,1,260426_144136.000000,-8.76028060913086,2.9518258571624756,0.07931867241859436,1.172289490699768,0.7627511620521545,0.034728262573480606,0.06918558478355408,0.017284542322158813,0.057802893221378326,0.014185875654220581,17.0
2026-04-26T16:41:48.993256,260426_135855.000000,1,58.341461181640625,8.568324089050293,30.0,0.0,0.7699999809265137,14,0.0,1,260426_144136.000000,-8.446966171264648,2.5947482585906982,0.0613853745162487,0.6944235563278198,0.7514371871948242,-0.032789040356874466,0.049192607402801514,0.016526658087968826,0.053544044494628906,0.013932457193732262,17.0
2026-04-26T16:41:48.996950,260426_135855.000000,1,58.341461181640625,8.568324089050293,30.0,0.0,0.7699999809265137,14,0.0,1,260426_144136.000000,-8.446966171264648,2.5947482585906982,0.0613853745162487,0.6944235563278198,0.7514371871948242,-0.032789040356874466,0.049192607402801514,0.016526658087968826,0.053544044494628906,0.013932457193732262,17.0
2026-04-26T16:41:48.997588,260426_135855.000000,1,58.341461181640625,8.568324089050293,30.0,0.0,0.7699999809265137,14,0.0,1,260426_144136.000000,-8.446966171264648,2.5947482585906982,0.0613853745162487,0.6944235563278198,0.7514371871948242,-0.032789040356874466,0.049192607402801514,0.016526658087968826,0.053544044494628906,0.013932457193732262,17.0
2026-04-26T16:41:49.024417,260426_135855.000000,1,58.341461181640625,8.568324089050293,30.0,0.0,0.7699999809265137,14,0.0,1,260426_144136.000000,-8.446966171264648,2.5947482585906982,0.0613853745162487,0.6944235563278198,0.7514371871948242,-0.032789040356874466,0.049192607402801514,0.016526658087968826,0.053544044494628906,0.013932457193732262,17.0
2026-04-26T16:41:52.005141,260426_135903.000000,1,58.341461181640625,8.568324089050293,30.0,0.0,0.7699999809265137,14,0.0,1,260426_144136.000000,-7.778932094573975,3.4049017429351807,0.04996497929096222,1.2248690128326416,0.9832014441490173,-0.0169813334941864,0.039327092468738556,-0.0257198978215456,0.04884123057126999,0.009941477328538895,23.0
2026-04-26T16:41:55.116070,260426_135904.000000,1,58.341461181640625,8.568324089050293,30.0,0.0,0.7699999809265137,14,0.0,1,260426_144136.000000,-7.320061206817627,3.7667317390441895,0.12487901002168655,1.1742852926254272,1.0137416124343872,-0.04565013200044632,-0.008608780801296234,-0.11591687798500061,0.0472208671271801,0.009879977442324162,19.0
2026-04-26T16:41:58.252980,260426_135912.000000,1,58.341461181640625,8.568324089050293,30.0,0.0,0.7699999809265137,14,0.0,1,260426_144136.000000,-5.830195903778076,4.234793186187744,0.22934065759181976,1.5593875646591187,0.8797170519828796,-0.021052315831184387,0.2251221239566803,0.038392238318920135,0.05941280350089073,0.011940889060497284,19.0
2026-04-26T16:42:01.202335,260426_135921.000000,1,58.341461181640625,8.568324089050293,30.0,0.0,0.7699999809265137,14,0.0,1,260426_144152.000000,-6.174714088439941,4.167174816131592,0.046793948858976364,0.8047343492507935,0.8735426664352417,0.02058820053935051,-0.04191737622022629,-0.0029552364721894264,0.060450851917266846,0.010613246820867062,20.0
2026-04-26T16:42:01.206000,260426_135921.000000,1,58.341461181640625,8.568324089050293,30.0,0.0,0.7699999809265137,14,0.0,1,260426_144152.000000,-6.174714088439941,4.167174816131592,0.046793948858976364,0.8047343492507935,0.8735426664352417,0.02058820053935051,-0.04191737622022629,-0.0029552364721894264,0.060450851917266846,0.010613246820867062,20.0
2026-04-26T16:42:01.206335,260426_135921.000000,1,58.341461181640625,8.568324089050293,30.0,0.0,0.7699999809265137,14,0.0,1,260426_144152.000000,-6.174714088439941,4.167174816131592,0.046793948858976364,0.8047343492507935,0.8735426664352417,0.02058820053935051,-0.04191737622022629,-0.0029552364721894264,0.060450851917266846,0.010613246820867062,20.0
2026-04-26T16:42:01.256963,260426_135921.000000,1,58.341461181640625,8.568324089050293,30.0,0.0,0.7699999809265137,14,0.0,1,260426_144152.000000,-6.174714088439941,4.167174816131592,0.046793948858976364,0.8047343492507935,0.8735426664352417,0.02058820053935051,-0.04191737622022629,-0.0029552364721894264,0.060450851917266846,0.010613246820867062,20.0
2026-04-26T16:42:04.295890,260426_135929.000000,1,58.341461181640625,8.568324089050293,30.0,0.0,0.7699999809265137,14,0.0,1,260426_144152.000000,-6.996635913848877,4.191929817199707,0.09907986968755722,1.9908168315887451,0.8839943408966064,0.02690695971250534,-0.07816283404827118,-0.054620563983917236,0.05605781078338623,0.010717148892581463,20.0
2026-04-26T16:42:07.340839,260426_135930.000000,1,58.341461181640625,8.568324089050293,30.0,0.0,0.8299999833106995,13,0.0,1,260426_144152.000000,-8.005358695983887,4.166322708129883,0.11483408510684967,1.4113517999649048,0.6467397809028625,0.0043448335491120815,-0.1145758181810379,-0.006353835575282574,0.05092889070510864,0.010279149748384953,20.0
2026-04-26T16:42:10.360849,260426_135938.000000,1,58.341461181640625,8.568324089050293,30.0,0.0,0.8299999833106995,13,0.0,1,260426_144152.984375,-8.74881649017334,4.3324713706970215,0.09738330543041229,1.101194977760315,0.6465864777565002,-0.040148135274648666,-0.08680719882249832,-0.0183342844247818,0.0504787340760231,0.009737239219248295,22.0
2026-04-26T16:42:13.304217,260426_135939.000000,1,58.341461181640625,8.568324089050293,30.0,0.0,0.7900000214576721,13,0.0,1,260426_144152.984375,-8.420065879821777,4.483846664428711,0.05342596396803856,0.4596382975578308,0.6926364898681641,-0.04757923632860184,-0.010321566835045815,0.022000346332788467,0.036593105643987656,0.0071883839555084705,20.0
2026-04-26T16:42:16.407198,260426_135947.000000,1,58.341461181640625,8.568324089050293,30.0,0.0,0.7300000190734863,15,0.0,1,260426_144208.000000,-8.444451332092285,4.530869960784912,0.05733031779527664,0.4940546154975891,0.6966497302055359,-0.013430040329694748,0.015556452795863152,0.05352005362510681,0.03018561378121376,0.006118590012192726,22.0
2026-04-26T16:42:19.501935,260426_135955.000000,1,58.341461181640625,8.568324089050293,30.0,0.0,0.699999988079071,15,0.0,1,260426_144208.000000,-8.496404647827148,4.50938081741333,0.04572940990328789,1.4564857482910156,0.708412766456604,0.00977525394409895,-0.00037789391353726387,0.04467080160975456,0.03143807873129845,0.005006568972021341,26.0
2026-04-26T16:42:22.580911,260426_135956.000000,1,58.341461181640625,8.568324089050293,30.0,0.0,0.7300000190734863,15,0.0,1,260426_144208.000000,-8.455642700195312,4.573721885681152,0.054899707436561584,1.7364697456359863,0.6546443700790405,0.035964276641607285,0.03889685124158859,0.014407780021429062,0.027463339269161224,0.0037546781823039055,26.0
2026-04-26T16:42:25.496273,260426_140004.000000,1,58.341461181640625,8.568324089050293,30.0,0.0,0.7300000190734863,15,0.0,1,260426_144208.000000,-8.369955062866211,4.4751200675964355,0.028619511052966118,1.25357186794281,0.6180418133735657,0.005197584163397551,0.019931796938180923,0.01986919902265072,0.01838722452521324,0.002189032733440399,24.0
2026-04-26T16:42:28.589021,260426_140012.000000,1,58.341461181640625,8.568324089050293,30.0,0.0,0.7300000190734863,15,0.0,1,260426_144208.000000,-8.471312522888184,4.612996578216553,0.07746811956167221,0.37326952815055847,0.6367615461349487,-0.008112088777124882,-0.06942757964134216,-0.03339630737900734,0.019728219136595726,0.0022518651094287634,26.0
2026-04-26T16:42:31.735583,260426_140013.000000,1,58.341461181640625,8.568324089050293,30.0,0.0,0.75,14,0.0,1,260426_144224.000000,-8.275291442871094,4.4040608406066895,0.04161279648542404,0.5072483420372009,0.6273435354232788,0.02487829327583313,0.005414727609604597,0.03291468322277069,0.020543163642287254,0.0022106135729700327,24.0
2026-04-26T16:42:34.807434,260426_140021.000000,1,58.341461181640625,8.568324089050293,30.0,0.0,0.7300000190734863,15,0.0,1,260426_144224.000000,-8.47905158996582,4.370299816131592,0.03246237710118294,0.3801635503768921,0.6351000666618347,0.021335825324058533,-0.02094791829586029,-0.012640144675970078,0.020550457760691643,0.002285483293235302,22.0
2026-04-26T16:42:37.700792,260426_140022.000000,1,58.341461181640625,8.568324089050293,30.0,0.0,0.7200000286102295,15,0.0,1,260426_144224.984375,-8.124276161193848,4.391023635864258,0.03961966186761856,1.2616857290267944,0.6124466061592102,0.011379207484424114,0.03620060533285141,-0.011390671133995056,0.02104247733950615,0.0024817087687551975,22.0
2026-04-26T16:42:40.724121,260426_140030.000000,1,58.341461181640625,8.568324089050293,30.0,0.0,0.7200000286102295,15,0.0,1,260426_144224.984375,-7.800705909729004,4.642682075500488,0.03209265321493149,1.2521319389343262,0.6291108131408691,-0.01604204997420311,-0.013177688233554363,-0.024473242461681366,0.021837657317519188,0.002711498411372304,24.0
2026-04-26T16:42:43.955180,260426_140031.000000,1,58.341461181640625,8.568324089050293,30.0,0.0,0.7200000286102295,15,0.0,1,260426_144224.984375,-7.445590496063232,4.630472183227539,0.08069180697202682,1.7317113876342773,0.5581072568893433,0.0631224662065506,0.02200237102806568,-0.0451953299343586,0.023221159353852272,0.0030969122890383005,22.0
2026-04-26T16:42:46.829208,260426_140039.000000,1,58.341461181640625,8.568324089050293,30.0,0.0,0.7400000095367432,14,0.0,1,260426_144224.984375,-7.515010833740234,4.670999050140381,0.03625943884253502,0.6313281059265137,0.8843747973442078,0.022720787674188614,-0.026157643646001816,-0.010690676048398018,0.032979533076286316,0.005051877349615097,23.0
2026-04-26T16:42:49.889998,260426_140040.000000,1,58.341461181640625,8.568324089050293,30.0,0.0,0.699999988079071,15,0.0,1,260426_144224.984375,-7.801608085632324,4.574149131774902,0.03837484121322632,0.17803770303726196,0.8756064772605896,0.016888275742530823,-0.03359749913215637,-0.007656536065042019,0.03335123509168625,0.004967996384948492,25.0
2026-04-26T16:42:52.955694,260426_140048.000000,1,58.341461181640625,8.568324089050293,30.0,0.0,0.699999988079071,15,0.0,1,260426_144224.984375,-8.065645217895508,4.840170860290527,0.04993075877428055,0.624336838722229,0.8712251782417297,-0.04302012175321579,-0.011905286461114883,0.022374410182237625,0.03352103754878044,0.004818789195269346,23.0
2026-04-26T16:42:52.955939,260426_140048.000000,1,58.341461181640625,8.568324089050293,30.0,0.0,0.699999988079071,15,0.0,1,260426_144224.984375,-8.065645217895508,4.840170860290527,0.04993075877428055,0.624336838722229,0.8712251782417297,-0.04302012175321579,-0.011905286461114883,0.022374410182237625,0.03352103754878044,0.004818789195269346,23.0
2026-04-26T16:42:52.956060,260426_140048.000000,1,58.341461181640625,8.568324089050293,30.0,0.0,0.699999988079071,15,0.0,1,260426_144224.984375,-8.065645217895508,4.840170860290527,0.04993075877428055,0.624336838722229,0.8712251782417297,-0.04302012175321579,-0.011905286461114883,0.022374410182237625,0.03352103754878044,0.004818789195269346,23.0
2026-04-26T16:42:52.966191,260426_140048.000000,1,58.341461181640625,8.568324089050293,30.0,0.0,0.699999988079071,15,0.0,1,260426_144224.984375,-8.065645217895508,4.840170860290527,0.04993075877428055,0.624336838722229,0.8712251782417297,-0.04302012175321579,-0.011905286461114883,0.022374410182237625,0.03352103754878044,0.004818789195269346,23.0
2026-04-26T16:42:56.035710,260426_140056.000000,1,58.341461181640625,8.568324089050293,30.0,0.0,0.7200000286102295,15,0.0,1,260426_144224.984375,-8.406137466430664,4.746813774108887,0.011722062714397907,0.695127546787262,0.8789674043655396,-0.0033964074682444334,-0.008807973936200142,-0.006949156988412142,0.033071015030145645,0.003987858071923256,23.0
2026-04-26T16:42:59.099142,260426_140057.000000,1,58.341461181640625,8.568324089050293,30.0,0.0,0.800000011920929,14,0.0,1,260426_144242.000000,-7.983364582061768,4.492558002471924,0.05155329406261444,0.82152259349823,0.49973827600479126,-0.019932081922888756,0.03343238681554794,0.033804286271333694,0.0195000059902668,0.002679545199498534,23.0
2026-04-26T16:43:02.069228,260426_140105.000000,1,58.341461181640625,8.568324089050293,30.0,0.0,0.7699999809265137,14,37.91999816894531,1,260426_144242.000000,-7.47213077545166,4.313324928283691,0.07670881599187851,2.0081286430358887,0.5803229212760925,0.06659907847642899,0.01214800775051117,-0.03607259690761566,0.020324183627963066,0.003258267417550087,25.0
2026-04-26T16:43:05.088371,260426_140114.000000,1,58.341461181640625,8.568324089050293,30.0,0.0,0.75,14,37.91999816894531,1,260426_144242.000000,-7.328327178955078,4.283271789550781,0.025948883965611458,1.2395998239517212,0.5813841819763184,0.012409767135977745,0.02015879563987255,-0.010628508403897285,0.019599173218011856,0.0035043659154325724,25.0
2026-04-26T16:43:08.212376,260426_140115.000000,1,58.341461181640625,8.568324089050293,30.0,0.0,0.75,14,37.91999816894531,1,260426_144242.000000,-7.450095176696777,4.449782371520996,0.050042640417814255,0.42570456862449646,0.585192859172821,-0.046428974717855453,-0.006608856841921806,-0.017462510615587234,0.021363258361816406,0.0031537998002022505,27.0
2026-04-26T16:43:11.286816,260426_140124.000000,1,58.341461181640625,8.568324089050293,30.0,0.0,0.8799999952316284,11,37.91999816894531,1,260426_144258.000000,-6.527843952178955,4.129724025726318,0.19149695336818695,0.669792115688324,0.608058512210846,0.08052047342061996,0.16888567805290222,-0.04080647975206375,0.04095880687236786,0.005904757883399725,27.0
2026-04-26T16:43:11.287081,260426_140124.000000,1,58.341461181640625,8.568324089050293,30.0,0.0,0.8799999952316284,11,37.91999816894531,1,260426_144258.000000,-6.527843952178955,4.129724025726318,0.19149695336818695,0.669792115688324,0.608058512210846,0.08052047342061996,0.16888567805290222,-0.04080647975206375,0.04095880687236786,0.005904757883399725,27.0
2026-04-26T16:43:11.287340,260426_140124.000000,1,58.341461181640625,8.568324089050293,30.0,0.0,0.8799999952316284,11,37.91999816894531,1,260426_144258.000000,-6.527843952178955,4.129724025726318,0.19149695336818695,0.669792115688324,0.608058512210846,0.08052047342061996,0.16888567805290222,-0.04080647975206375,0.04095880687236786,0.005904757883399725,27.0
2026-04-26T16:43:11.313236,260426_140124.000000,1,58.341461181640625,8.568324089050293,30.0,0.0,0.8799999952316284,11,37.91999816894531,1,260426_144258.000000,-6.527843952178955,4.129724025726318,0.19149695336818695,0.669792115688324,0.608058512210846,0.08052047342061996,0.16888567805290222,-0.04080647975206375,0.04095880687236786,0.005904757883399725,27.0
2026-04-26T16:43:14.276953,260426_140141.000000,1,58.341461181640625,8.568324089050293,30.0,0.0,0.7799999713897705,13,37.91999816894531,1,260426_144258.000000,-5.210447311401367,4.034092903137207,0.12969376146793365,0.957914412021637,0.624241054058075,0.009985439479351044,0.12781886756420135,0.019572870805859566,0.051835797727108,0.008854623883962631,25.0
2026-04-26T16:43:17.340309,260426_140142.000000,1,58.341461181640625,8.568324089050293,30.0,0.0,0.8399999737739563,12,37.91999816894531,1,260426_144258.000000,-6.062717914581299,4.136465549468994,0.19703423976898193,0.1789606362581253,0.5560635924339294,0.0031706434674561024,-0.19653429090976715,-0.013664409518241882,0.06196537986397743,0.011259278282523155,19.0
2026-04-26T16:43:20.437442,260426_140150.000000,1,58.341461181640625,8.568324089050293,30.0,0.0,0.8399999737739563,12,37.91999816894531,1,260426_144258.000000,-7.101314067840576,2.104649066925049,0.23502421379089355,0.6525731682777405,0.5721327066421509,0.20977328717708588,-0.10571842640638351,0.0074271271005272865,0.07283544540405273,0.018397551029920578,19.0
2026-04-26T16:43:23.459560,260426_140159.000000,1,58.341461181640625,8.568324089050293,30.0,0.0,0.8500000238418579,12,37.91999816894531,1,260426_144258.000000,-8.348227500915527,0.24441438913345337,0.06434264034032822,2.5020291805267334,0.9026110768318176,-0.019790319725871086,-0.056452326476573944,-0.023694997653365135,0.07487954944372177,0.027640698477625847,17.0
2026-04-26T16:43:26.437433,260426_140200.000000,1,58.341461181640625,8.568324089050293,30.0,0.0,0.8399999737739563,12,37.91999816894531,1,260426_144314.000000,-10.009467124938965,1.0930932760238647,0.08720071613788605,0.7128698825836182,0.9535728693008423,-0.06419913470745087,-0.05869254469871521,-0.0061334893107414246,0.0731528177857399,0.028233304619789124,15.0
2026-04-26T16:43:29.545451,260426_140208.000000,1,58.341461181640625,8.568324089050293,30.0,0.0,0.8399999737739563,12,37.91999816894531,1,260426_144314.000000,-10.432769775390625,1.745651364326477,0.10217822343111038,0.7464019060134888,0.9263544082641602,-0.07994011044502258,-0.06348685920238495,0.0044029476121068,0.06829452514648438,0.028796005994081497,17.0
2026-04-26T16:43:32.591481,260426_140216.000000,1,58.341461181640625,8.568324089050293,30.0,0.0,0.8399999737739563,12,37.91999816894531,1,260426_144314.000000,-10.283780097961426,2.2195284366607666,0.03644653409719467,1.2652429342269897,0.9033947587013245,-0.035449106246232986,-0.008300919085741043,0.0016749327769502997,0.07015375047922134,0.026065494865179062,19.0
2026-04-26T16:43:35.551118,260426_140217.000000,1,58.341461181640625,8.568324089050293,30.0,0.0,0.8899999856948853,11,37.91999816894531,1,260426_144314.000000,-9.289745330810547,3.069868803024292,0.1032683402299881,1.8188083171844482,0.7817695140838623,-0.06437399983406067,0.06366017460823059,0.04967615008354187,0.04329550638794899,0.01236588042229414,25.0
2026-04-26T16:43:38.623997,260426_140225.000000,1,58.341461181640625,8.568324089050293,30.0,0.0,0.8399999737739563,12,37.91999816894531,1,260426_144330.000000,-8.680505752563477,3.0763890743255615,0.12298072129487991,1.435308814048767,0.7359038591384888,-0.038720596581697464,0.10581383854150772,0.04927884787321091,0.037965044379234314,0.010236199013888836,23.0
2026-04-26T16:43:41.694454,260426_140226.000000,1,58.341461181640625,8.568324089050293,30.0,0.0,0.8399999737739563,12,37.91999816894531,1,260426_144330.000000,-8.038949966430664,3.619338035583496,0.0683521181344986,0.8624399900436401,0.6516287922859192,-0.052821412682533264,0.04242600500583649,-0.009052279405295849,0.021166136488318443,0.007129492703825235,23.0
2026-04-26T16:43:44.774243,260426_140234.000000,1,58.341461181640625,8.568324089050293,30.0,0.0,0.800000011920929,12,37.91999816894531,1,260426_144330.000000,-7.588508605957031,5.002225875854492,0.1283556967973709,0.4926796853542328,0.6934661865234375,-0.1249978244304657,0.013622154481709003,0.025790799409151077,0.024136260151863098,0.008541169576346874,21.0
2026-04-26T16:43:47.949111,260426_140235.000000,1,58.341461181640625,8.568324089050293,30.0,0.0,0.800000011920929,12,37.91999816894531,1,260426_144344.984375,-7.309694290161133,5.896935939788818,0.08608611673116684,0.6523245573043823,0.6854285597801208,-0.06074937433004379,0.059955764561891556,0.011208886280655861,0.023405326530337334,0.00952568743377924,21.0
2026-04-26T16:43:50.866696,260426_140243.000000,1,58.341461181640625,8.568324089050293,30.0,0.0,0.7699999809265137,13,37.91999816894531,1,260426_144344.984375,-6.840151786804199,6.2064995765686035,0.1110580563545227,2.0764143466949463,0.6909261345863342,0.06499883532524109,0.08993387222290039,0.004576126113533974,0.023340867832303047,0.009878460317850113,21.0
2026-04-26T16:43:53.879128,260426_140244.000000,1,58.341461181640625,8.568324089050293,30.0,0.0,0.8299999833106995,12,37.91999816894531,1,260426_144344.984375,-6.197262287139893,5.177412509918213,0.17329621315002441,0.8243187665939331,0.7622297406196594,0.14244841039180756,0.08751129359006882,-0.045626696199178696,0.032709114253520966,0.012569543905556202,23.0
2026-04-26T16:43:56.867390,260426_140252.000000,1,58.341461181640625,8.568324089050293,30.0,0.0,0.8299999833106995,12,37.91999816894531,1,260426_144344.984375,-4.962314128875732,5.466592788696289,0.2671507000923157,2.647620439529419,0.8800404667854309,-0.26002880930900574,0.03192270174622536,-0.05230141803622246,0.05923972651362419,0.01995161361992359,24.0
2026-04-26T16:44:00.033011,260426_140253.000000,1,58.341461181640625,8.568324089050293,30.0,0.0,0.8299999833106995,12,37.91999816894531,1,260426_144344.984375,-5.3825860023498535,6.989076614379883,0.13584189116954803,1.1177793741226196,0.8656817078590393,0.06542697548866272,-0.09739641845226288,-0.06845632940530777,0.07616674154996872,0.026585934683680534,22.0
2026-04-26T16:44:03.059041,260426_140301.000000,1,58.341461181640625,8.568324089050293,30.0,0.0,0.7799999713897705,12,37.91999816894531,1,260426_144346.000000,-7.180111408233643,4.956906318664551,0.17059706151485443,1.0656788349151611,0.8941121697425842,0.14272315800189972,-0.08889756351709366,-0.028821567073464394,0.07551824301481247,0.03372793272137642,26.0
2026-04-26T16:44:06.194933,260426_140302.000000,1,58.341461181640625,8.568324089050293,30.0,0.0,0.7400000095367432,13,37.91999816894531,1,260426_144346.000000,-7.814884185791016,4.664207935333252,0.04136062040925026,1.224734902381897,0.7930344343185425,-0.029837459325790405,-0.011252341791987419,-0.02634030021727085,0.0840110182762146,0.03192765638232231,24.0
2026-04-26T16:44:09.055124,260426_140318.000000,1,58.341461181640625,8.568324089050293,30.0,0.0,0.7799999713897705,12,37.91999816894531,1,260426_144400.984375,-7.742064952850342,4.840626239776611,0.0517275296151638,2.172224283218384,1.1386398077011108,-0.003376225009560585,0.0037895154673606157,0.051477931439876556,0.09368299692869186,0.02889694646000862,26.0
2026-04-26T16:44:12.134259,260426_140319.000000,1,58.341461181640625,8.568324089050293,30.0,0.0,0.7699999809265137,12,37.91999816894531,1,260426_144400.984375,-7.8495073318481445,4.822524547576904,0.02335628867149353,0.9704211950302124,1.0922880172729492,0.0010368115035817027,-0.012407277710735798,0.019761092960834503,0.08318588882684708,0.019797900691628456,28.0
2026-04-26T16:44:15.183055,260426_140328.000000,1,58.341461181640625,8.568324089050293,30.0,0.0,0.7799999713897705,12,37.91999816894531,1,260426_144400.984375,-7.7591552734375,4.920289516448975,0.020674943923950195,0.5403941869735718,1.101741075515747,-0.0030584558844566345,0.0026903448160737753,-0.020269712433218956,0.07133550196886063,0.013131064362823963,28.0
2026-04-26T16:44:18.292091,260426_140336.000000,1,58.341461181640625,8.568324089050293,30.0,0.0,0.699999988079071,14,37.91999816894531,1,260426_144400.984375,-5.9091386795043945,4.704940319061279,0.1733514964580536,2.588526487350464,1.1754869222640991,0.03405652940273285,0.13129477202892303,0.10794711112976074,0.056881025433540344,0.00903388112783432,32.0
2026-04-26T16:44:21.456064,260426_140346.000000,1,58.341461181640625,8.568324089050293,30.0,0.0,0.6600000262260437,15,37.91999816894531,1,260426_144400.984375,-5.029791355133057,4.1650495529174805,0.12538041174411774,1.7720694541931152,1.2504652738571167,0.06617458164691925,0.06818386167287827,-0.08180546015501022,0.06069084256887436,0.011641360819339752,30.0
2026-04-26T16:44:24.494139,260426_140354.000000,1,58.341461181640625,8.568324089050293,30.0,0.0,0.6700000166893005,14,37.91999816894531,1,260426_144400.984375,-5.589053630828857,4.7067694664001465,0.14369525015354156,0.12106014043092728,0.9185435175895691,-0.12658947706222534,-0.05468856170773506,0.040405333042144775,0.05414320528507233,0.011218366213142872,32.0
2026-04-26T16:44:24.494354,260426_140354.000000,1,58.341461181640625,8.568324089050293,30.0,0.0,0.6700000166893005,14,37.91999816894531,1,260426_144400.984375,-5.589053630828857,4.7067694664001465,0.14369525015354156,0.12106014043092728,0.9185435175895691,-0.12658947706222534,-0.05468856170773506,0.040405333042144775,0.05414320528507233,0.011218366213142872,32.0
2026-04-26T16:44:24.494504,260426_140354.000000,1,58.341461181640625,8.568324089050293,30.0,0.0,0.6700000166893005,14,37.91999816894531,1,260426_144400.984375,-5.589053630828857,4.7067694664001465,0.14369525015354156,0.12106014043092728,0.9185435175895691,-0.12658947706222534,-0.05468856170773506,0.040405333042144775,0.05414320528507233,0.011218366213142872,32.0
2026-04-26T16:44:24.510711,260426_140354.000000,1,58.341461181640625,8.568324089050293,30.0,0.0,0.6700000166893005,14,37.91999816894531,1,260426_144400.984375,-5.589053630828857,4.7067694664001465,0.14369525015354156,0.12106014043092728,0.9185435175895691,-0.12658947706222534,-0.05468856170773506,0.040405333042144775,0.05414320528507233,0.011218366213142872,32.0
2026-04-26T16:44:27.414096,260426_140355.000000,1,58.341461181640625,8.568324089050293,30.0,0.0,0.6399999856948853,15,37.91999816894531,1,260426_144400.984375,-6.660548210144043,6.452245235443115,0.1444704532623291,0.9315752387046814,0.9129586815834045,-0.07855832576751709,-0.10383135825395584,0.06260471791028976,0.05071549490094185,0.01655958592891693,28.0
2026-04-26T16:44:27.414409,260426_140355.000000,1,58.341461181640625,8.568324089050293,30.0,0.0,0.6399999856948853,15,37.91999816894531,1,260426_144400.984375,-6.660548210144043,6.452245235443115,0.1444704532623291,0.9315752387046814,0.9129586815834045,-0.07855832576751709,-0.10383135825395584,0.06260471791028976,0.05071549490094185,0.01655958592891693,28.0
2026-04-26T16:44:27.415218,260426_140355.000000,1,58.341461181640625,8.568324089050293,30.0,0.0,0.6399999856948853,15,37.91999816894531,1,260426_144400.984375,-6.660548210144043,6.452245235443115,0.1444704532623291,0.9315752387046814,0.9129586815834045,-0.07855832576751709,-0.10383135825395584,0.06260471791028976,0.05071549490094185,0.01655958592891693,28.0
2026-04-26T16:44:27.446100,260426_140355.000000,1,58.341461181640625,8.568324089050293,30.0,0.0,0.6399999856948853,15,37.91999816894531,1,260426_144400.984375,-6.660548210144043,6.452245235443115,0.1444704532623291,0.9315752387046814,0.9129586815834045,-0.07855832576751709,-0.10383135825395584,0.06260471791028976,0.05071549490094185,0.01655958592891693,28.0
2026-04-26T16:44:30.459580,260426_140403.000000,1,58.341461181640625,8.568324089050293,30.0,0.0,0.6399999856948853,16,37.91999816894531,1,260426_144416.984375,-7.996076583862305,5.551998138427734,0.1684368997812271,1.7440249919891357,0.8825463056564331,0.12405730783939362,-0.10903023928403854,-0.03306322917342186,0.046038031578063965,0.01749448850750923,26.0
2026-04-26T16:44:33.795609,260426_140404.000000,1,58.341461181640625,8.568324089050293,30.0,0.0,0.6600000262260437,15,37.91999816894531,1,260426_144416.984375,-7.898217678070068,4.840702056884766,0.06312885135412216,0.6965615153312683,0.667667031288147,0.061871785670518875,-0.005973929073661566,-0.011020256206393242,0.042678676545619965,0.014100570231676102,24.0
2026-04-26T16:44:36.550535,260426_140412.000000,1,58.341461181640625,8.568324089050293,30.0,0.0,0.6600000262260437,14,37.91999816894531,1,260426_144416.984375,-7.632870674133301,4.405853748321533,0.024202555418014526,0.9011027812957764,0.651276707649231,0.009528467431664467,-0.006583884824067354,0.021251456812024117,0.048441991209983826,0.013288026675581932,26.0
2026-04-26T16:44:39.632232,260426_140413.000000,1,58.341461181640625,8.568324089050293,30.0,0.0,0.6299999952316284,16,37.91999816894531,1,260426_144416.984375,-7.564619541168213,4.280492782592773,0.044671475887298584,1.9245091676712036,0.6666238307952881,0.038825780153274536,-0.01752963848412037,-0.013446616008877754,0.04554733633995056,0.008384388871490955,26.0
2026-04-26T16:44:42.618130,260426_140421.000000,1,58.341461181640625,8.568324089050293,30.0,0.0,0.699999988079071,15,37.91999816894531,1,260426_144432.984375,-8.01731014251709,4.303459644317627,0.097104012966156,2.150371789932251,0.6934900283813477,0.06686218827962875,-0.0494961254298687,-0.05008761212229729,0.03887787461280823,0.0062403869815170765,24.0
2026-04-26T16:44:45.689904,260426_140422.000000,1,58.341461181640625,8.568324089050293,30.0,0.0,0.6800000071525574,15,37.91999816894531,1,260426_144432.984375,-8.567914009094238,4.273277759552002,0.06964385509490967,0.6806449890136719,0.734143853187561,0.007195068523287773,-0.06496938318014145,-0.024030767381191254,0.02767198346555233,0.004603681154549122,24.0
2026-04-26T16:44:48.764469,260426_140430.000000,1,58.341461181640625,8.568324089050293,30.0,0.0,0.7099999785423279,13,37.91999816894531,1,260426_144432.984375,-8.845880508422852,4.425838947296143,0.04560117423534393,1.6891671419143677,0.8286454677581787,0.03216090425848961,0.006003868766129017,-0.03176628425717354,0.023621976375579834,0.003942115698009729,24.0
2026-04-26T16:44:51.842649,260426_140439.000000,1,58.341461181640625,8.568324089050293,30.0,0.0,0.699999988079071,14,37.91999816894531,1,260426_144434.000000,-7.380344390869141,4.507483005523682,0.09394963830709457,1.3405464887619019,0.8503322601318359,-0.018279682844877243,0.09199579805135727,0.00540002528578043,0.03226083517074585,0.006801515351980925,24.0
2026-04-26T16:44:54.808701,260426_140448.000000,1,58.341461181640625,8.568324089050293,30.0,0.0,0.6200000047683716,17,37.91999816894531,1,260426_144434.000000,-6.379977703094482,3.826902389526367,0.07531747967004776,2.454491138458252,0.9398998618125916,0.036276284605264664,0.06311080604791641,0.01933339424431324,0.030102331191301346,0.008917988277971745,26.0
2026-04-26T16:44:57.817451,260426_140456.000000,1,58.341461181640625,8.568324089050293,30.0,0.0,0.6200000047683716,17,37.91999816894531,1,260426_144448.984375,-6.343816757202148,4.191733360290527,0.0580018013715744,1.2530696392059326,0.9001415371894836,-0.054950449615716934,-0.008414758369326591,-0.016548383980989456,0.034136418253183365,0.008961090818047523,26.0
2026-04-26T16:45:00.934475,260426_140457.000000,1,58.341461181640625,8.568324089050293,30.0,0.0,0.6299999952316284,16,37.91999816894531,1,260426_144448.984375,-6.514662265777588,4.600987434387207,0.0456698015332222,2.0107855796813965,0.8706668019294739,-0.00424739345908165,-0.0292129497975111,0.0348467193543911,0.03502397611737251,0.008965123444795609,26.0
2026-04-26T16:45:03.920353,260426_140505.000000,1,58.341461181640625,8.568324089050293,30.0,0.0,0.6899999976158142,16,37.91999816894531,1,260426_144448.984375,-6.415041923522949,4.779160022735596,0.09942390024662018,1.1450444459915161,0.8609631061553955,-0.03657713159918785,-0.004382783081382513,-0.09234724938869476,0.031417831778526306,0.008229375816881657,28.0
2026-04-26T16:45:06.987683,260426_140514.000000,1,58.341461181640625,8.568324089050293,30.0,0.0,0.6700000166893005,16,37.91999816894531,1,260426_144448.984375,-5.405274868011475,5.088913917541504,0.16862958669662476,1.0232412815093994,0.8934288024902344,-0.0765347108244896,0.1501017063856125,0.006917876657098532,0.03775421530008316,0.009123703464865685,23.0
2026-04-26T16:45:09.983305,260426_140522.000000,1,58.341461181640625,8.568324089050293,30.0,0.0,0.699999988079071,15,37.91999816894531,1,260426_144448.984375,-3.80029559135437,5.528475761413574,0.041805483400821686,0.1889709234237671,0.8207476735115051,-0.03586585447192192,-0.002170760650187731,0.021368833258748055,0.051289401948451996,0.012035764753818512,17.0
2026-04-26T16:45:13.130629,260426_140523.000000,1,58.341461181640625,8.568324089050293,30.0,0.0,0.6700000166893005,16,37.91999816894531,1,260426_144448.984375,-4.140414237976074,5.734294891357422,0.06698234379291534,0.11341492086648941,0.7712525725364685,-0.018306519836187363,-0.06417160481214523,0.005788830108940601,0.056593138724565506,0.010589349083602428,13.0
2026-04-26T16:45:16.617492,260426_140531.000000,1,58.341461181640625,8.568324089050293,30.0,0.0,0.6200000047683716,17,37.91999816894531,1,260426_144504.984375,-4.840571880340576,5.928286552429199,0.05086234211921692,0.159010112285614,0.676140546798706,-0.01249802578240633,-0.04879342392086983,0.007069610059261322,0.057145699858665466,0.010225933976471424,11.0
2026-04-26T16:45:19.581099,260426_140540.000000,1,58.341461181640625,8.568324089050293,30.0,0.0,0.6200000047683716,17,37.91999816894531,1,260426_144504.984375,-5.225790977478027,6.058132171630859,0.04814840108156204,0.13455845415592194,0.4126640260219574,-0.018104208633303642,-0.04458388313651085,0.0016683591529726982,0.05689915269613266,0.009117165580391884,11.0
2026-04-26T16:45:22.244179,260426_140548.000000,1,58.341461181640625,8.568324089050293,30.0,0.0,0.6299999952316284,16,37.91999816894531,1,260426_144504.984375,-6.539763927459717,6.062477111816406,0.04834981635212898,0.8595465421676636,0.2361806482076645,0.024165567010641098,-0.04099205881357193,0.008566281758248806,0.037353962659835815,0.005339536815881729,15.0
2026-04-26T16:45:22.244375,260426_140548.000000,1,58.341461181640625,8.568324089050293,30.0,0.0,0.6299999952316284,16,37.91999816894531,1,260426_144504.984375,-6.539763927459717,6.062477111816406,0.04834981635212898,0.8595465421676636,0.2361806482076645,0.024165567010641098,-0.04099205881357193,0.008566281758248806,0.037353962659835815,0.005339536815881729,15.0
2026-04-26T16:45:22.244807,260426_140548.000000,1,58.341461181640625,8.568324089050293,30.0,0.0,0.6299999952316284,16,37.91999816894531,1,260426_144504.984375,-6.539763927459717,6.062477111816406,0.04834981635212898,0.8595465421676636,0.2361806482076645,0.024165567010641098,-0.04099205881357193,0.008566281758248806,0.037353962659835815,0.005339536815881729,15.0
2026-04-26T16:45:22.256577,260426_140548.000000,1,58.341461181640625,8.568324089050293,30.0,0.0,0.6299999952316284,16,37.91999816894531,1,260426_144504.984375,-6.539763927459717,6.062477111816406,0.04834981635212898,0.8595465421676636,0.2361806482076645,0.024165567010641098,-0.04099205881357193,0.008566281758248806,0.037353962659835815,0.005339536815881729,15.0
2026-04-26T16:45:25.314922,260426_140549.000000,1,58.341461181640625,8.568324089050293,30.0,0.0,0.6100000143051147,17,37.91999816894531,1,260426_144504.984375,-6.97014856338501,5.7865495681762695,0.06683175265789032,1.2465647459030151,0.3942165672779083,0.048450008034706116,-0.04544629156589508,-0.007329041138291359,0.02716532163321972,0.004561332985758781,23.0
2026-04-26T16:45:28.264113,260426_140557.000000,1,58.341461181640625,8.568324089050293,30.0,0.0,0.6200000047683716,16,37.91999816894531,1,260426_144504.984375,-5.838029384613037,5.47605562210083,0.1408211886882782,0.906545102596283,0.4896191954612732,0.011205814778804779,0.1401882767677307,0.007230798713862896,0.034126825630664825,0.0065194773487746716,23.0
2026-04-26T16:45:28.271999,260426_140557.000000,1,58.341461181640625,8.568324089050293,30.0,0.0,0.6200000047683716,16,37.91999816894531,1,260426_144504.984375,-5.838029384613037,5.47605562210083,0.1408211886882782,0.906545102596283,0.4896191954612732,0.011205814778804779,0.1401882767677307,0.007230798713862896,0.034126825630664825,0.0065194773487746716,23.0
2026-04-26T16:45:31.386128,260426_140605.000000,1,58.341461181640625,8.568324089050293,30.0,0.0,0.6299999952316284,16,37.91999816894531,1,260426_144520.984375,-5.5082597732543945,5.368969440460205,0.01898915134370327,0.13718034327030182,0.4874888062477112,0.01169321034103632,-0.014887084253132343,-0.001493818243034184,0.0376797653734684,0.00653423648327589,23.0
2026-04-26T16:45:34.535021,260426_140606.000000,1,58.341461181640625,8.568324089050293,30.0,0.0,0.6100000143051147,17,37.91999816894531,1,260426_144520.984375,-6.106706142425537,5.271493434906006,0.09521913528442383,0.11244233697652817,0.4916110038757324,0.010637439787387848,-0.09426458179950714,-0.008229031227529049,0.035359714180231094,0.005873173475265503,19.0
2026-04-26T16:45:34.535356,260426_140606.000000,1,58.341461181640625,8.568324089050293,30.0,0.0,0.6100000143051147,17,37.91999816894531,1,260426_144520.984375,-6.106706142425537,5.271493434906006,0.09521913528442383,0.11244233697652817,0.4916110038757324,0.010637439787387848,-0.09426458179950714,-0.008229031227529049,0.035359714180231094,0.005873173475265503,19.0
2026-04-26T16:45:34.535623,260426_140606.000000,1,58.341461181640625,8.568324089050293,30.0,0.0,0.6100000143051147,17,37.91999816894531,1,260426_144520.984375,-6.106706142425537,5.271493434906006,0.09521913528442383,0.11244233697652817,0.4916110038757324,0.010637439787387848,-0.09426458179950714,-0.008229031227529049,0.035359714180231094,0.005873173475265503,19.0
2026-04-26T16:45:34.543469,260426_140606.000000,1,58.341461181640625,8.568324089050293,30.0,0.0,0.6100000143051147,17,37.91999816894531,1,260426_144520.984375,-6.106706142425537,5.271493434906006,0.09521913528442383,0.11244233697652817,0.4916110038757324,0.010637439787387848,-0.09426458179950714,-0.008229031227529049,0.035359714180231094,0.005873173475265503,19.0
2026-04-26T16:45:37.502203,260426_140614.000000,1,58.341461181640625,8.568324089050293,30.0,0.0,0.5899999737739563,18,37.91999816894531,1,260426_144520.984375,-7.606088638305664,5.001895427703857,0.1419224888086319,0.583721399307251,0.4889184236526489,0.00024403678253293037,-0.1410406529903412,-0.01579451747238636,0.04989513009786606,0.009076639078557491,16.0
2026-04-26T16:45:40.513491,260426_140615.000000,1,58.341461181640625,8.568324089050293,30.0,0.0,0.5899999737739563,18,37.91999816894531,1,260426_144536.000000,-8.588491439819336,4.46211051940918,0.10285709798336029,1.5091469287872314,0.48738986253738403,0.0009321216493844986,-0.09549061208963394,-0.038213323801755905,0.047991733998060226,0.00996435061097145,12.0
2026-04-26T16:45:43.756653,260426_140623.000000,1,58.341461181640625,8.568324089050293,30.0,0.0,0.5899999737739563,18,37.91999816894531,1,260426_144536.000000,-9.027520179748535,4.009557723999023,0.10159816592931747,1.995367169380188,0.7967780828475952,-0.024601105600595474,-0.016624214127659798,0.09716279059648514,0.046420466154813766,0.009856006130576134,16.0
2026-04-26T16:45:43.757238,260426_140623.000000,1,58.341461181640625,8.568324089050293,30.0,0.0,0.5899999737739563,18,37.91999816894531,1,260426_144536.000000,-9.027520179748535,4.009557723999023,0.10159816592931747,1.995367169380188,0.7967780828475952,-0.024601105600595474,-0.016624214127659798,0.09716279059648514,0.046420466154813766,0.009856006130576134,16.0
2026-04-26T16:45:43.758176,260426_140623.000000,1,58.341461181640625,8.568324089050293,30.0,0.0,0.5899999737739563,18,37.91999816894531,1,260426_144536.000000,-9.027520179748535,4.009557723999023,0.10159816592931747,1.995367169380188,0.7967780828475952,-0.024601105600595474,-0.016624214127659798,0.09716279059648514,0.046420466154813766,0.009856006130576134,16.0
2026-04-26T16:45:43.787888,260426_140623.000000,1,58.341461181640625,8.568324089050293,30.0,0.0,0.5899999737739563,18,37.91999816894531,1,260426_144536.000000,-9.027520179748535,4.009557723999023,0.10159816592931747,1.995367169380188,0.7967780828475952,-0.024601105600595474,-0.016624214127659798,0.09716279059648514,0.046420466154813766,0.009856006130576134,16.0
2026-04-26T16:45:46.617698,260426_140631.000000,1,58.341461181640625,8.568324089050293,30.0,0.0,0.5899999737739563,18,37.91999816894531,1,260426_144536.984375,-8.836067199707031,4.44792366027832,0.13385865092277527,3.5783097743988037,0.8879541754722595,0.02746645361185074,-0.0010376032441854477,-0.13100631535053253,0.04298148676753044,0.010195226408541203,20.0
2026-04-26T16:45:49.789168,260426_140632.000000,1,58.341461181640625,8.568324089050293,30.0,0.0,0.6000000238418579,17,37.91999816894531,1,260426_144536.984375,-8.492945671081543,5.419471263885498,0.26276203989982605,3.2871298789978027,1.0072441101074219,-0.1939844787120819,0.09978680312633514,0.14648039638996124,0.04829039052128792,0.013572546653449535,22.0
2026-04-26T16:45:49.789716,260426_140632.000000,1,58.341461181640625,8.568324089050293,30.0,0.0,0.6000000238418579,17,37.91999816894531,1,260426_144536.984375,-8.492945671081543,5.419471263885498,0.26276203989982605,3.2871298789978027,1.0072441101074219,-0.1939844787120819,0.09978680312633514,0.14648039638996124,0.04829039052128792,0.013572546653449535,22.0
2026-04-26T16:45:49.790007,260426_140632.000000,1,58.341461181640625,8.568324089050293,30.0,0.0,0.6000000238418579,17,37.91999816894531,1,260426_144536.984375,-8.492945671081543,5.419471263885498,0.26276203989982605,3.2871298789978027,1.0072441101074219,-0.1939844787120819,0.09978680312633514,0.14648039638996124,0.04829039052128792,0.013572546653449535,22.0
2026-04-26T16:45:49.811019,260426_140632.000000,1,58.341461181640625,8.568324089050293,30.0,0.0,0.6000000238418579,17,37.91999816894531,1,260426_144536.984375,-8.492945671081543,5.419471263885498,0.26276203989982605,3.2871298789978027,1.0072441101074219,-0.1939844787120819,0.09978680312633514,0.14648039638996124,0.04829039052128792,0.013572546653449535,22.0
2026-04-26T16:45:52.859400,260426_140640.000000,1,58.341461181640625,8.568324089050293,30.0,0.0,0.6100000143051147,17,37.91999816894531,1,260426_144536.984375,-8.120156288146973,7.101233959197998,0.1949368417263031,1.0952990055084229,0.9819817543029785,-0.1764286607503891,0.037325575947761536,0.07402770966291428,0.05516489967703819,0.01578456722199917,27.0
2026-04-26T16:45:55.744479,260426_140657.000000,1,58.341461181640625,8.568324089050293,30.0,0.0,0.5899999737739563,18,37.91999816894531,1,260426_144536.984375,-9.753585815429688,7.537511825561523,0.19582024216651917,3.5698940753936768,1.0373672246932983,0.11684177815914154,-0.1151113510131836,-0.10697168111801147,0.05936558544635773,0.020254211500287056,29.0
2026-04-26T16:45:58.798589,260426_140658.000000,1,58.341461181640625,8.568324089050293,30.0,0.0,0.6100000143051147,17,37.91999816894531,1,260426_144536.984375,-11.248488426208496,6.427402019500732,0.12128699570894241,1.5040889978408813,1.0384947061538696,0.10094507038593292,-0.05135844275355339,0.0433928482234478,0.054750729352235794,0.023477807641029358,27.0
2026-04-26T16:45:58.798843,260426_140658.000000,1,58.341461181640625,8.568324089050293,30.0,0.0,0.6100000143051147,17,37.91999816894531,1,260426_144536.984375,-11.248488426208496,6.427402019500732,0.12128699570894241,1.5040889978408813,1.0384947061538696,0.10094507038593292,-0.05135844275355339,0.0433928482234478,0.054750729352235794,0.023477807641029358,27.0
2026-04-26T16:45:58.798957,260426_140658.000000,1,58.341461181640625,8.568324089050293,30.0,0.0,0.6100000143051147,17,37.91999816894531,1,260426_144536.984375,-11.248488426208496,6.427402019500732,0.12128699570894241,1.5040889978408813,1.0384947061538696,0.10094507038593292,-0.05135844275355339,0.0433928482234478,0.054750729352235794,0.023477807641029358,27.0
2026-04-26T16:45:58.827075,260426_140658.000000,1,58.341461181640625,8.568324089050293,30.0,0.0,0.6100000143051147,17,37.91999816894531,1,260426_144536.984375,-11.248488426208496,6.427402019500732,0.12128699570894241,1.5040889978408813,1.0384947061538696,0.10094507038593292,-0.05135844275355339,0.0433928482234478,0.054750729352235794,0.023477807641029358,27.0
2026-04-26T16:46:01.896034,260426_140714.000000,1,58.341461181640625,8.568324089050293,30.0,0.0,0.5899999737739563,18,37.91999816894531,1,260426_144536.984375,-11.405086517333984,6.025061130523682,0.02679331786930561,0.420575886964798,0.9895943999290466,0.026362063363194466,0.001592533546499908,0.004515224136412144,0.06078155338764191,0.022933054715394974,25.0
2026-04-26T16:46:04.853229,260426_140723.000000,1,58.341461181640625,8.568324089050293,30.0,0.0,0.5899999737739563,18,37.91999816894531,1,260426_144536.984375,-11.842836380004883,6.188464164733887,0.041325751692056656,1.5382252931594849,0.8855029344558716,0.03655097633600235,0.00718632061034441,-0.01789414882659912,0.05945593863725662,0.014950842596590519,24.0
2026-04-26T16:46:10.923105,260426_140732.000000,1,58.341461181640625,8.568324089050293,30.0,0.0,0.5699999928474426,19,37.91999816894531,1,260426_144552.984375,-12.31059455871582,4.5428361892700195,0.10939998179674149,2.4463040828704834,0.8595597743988037,0.10008611530065536,0.003850442823022604,0.044003408402204514,0.042784303426742554,0.008212413638830185,24.0
2026-04-26T16:46:14.071395,260426_140741.000000,1,58.341461181640625,8.568324089050293,30.0,0.0,0.5699999928474426,19,37.91999816894531,1,260426_144608.000000,-12.466093063354492,3.4923453330993652,0.07293747365474701,1.4169296026229858,0.7728118300437927,0.052629150450229645,0.027279654517769814,0.04249551147222519,0.04691372439265251,0.009097585454583168,24.0
2026-04-26T16:46:14.071642,260426_140741.000000,1,58.341461181640625,8.568324089050293,30.0,0.0,0.5699999928474426,19,37.91999816894531,1,260426_144608.000000,-12.466093063354492,3.4923453330993652,0.07293747365474701,1.4169296026229858,0.7728118300437927,0.052629150450229645,0.027279654517769814,0.04249551147222519,0.04691372439265251,0.009097585454583168,24.0
2026-04-26T16:46:14.072477,260426_140741.000000,1,58.341461181640625,8.568324089050293,30.0,0.0,0.5699999928474426,19,37.91999816894531,1,260426_144608.000000,-12.466093063354492,3.4923453330993652,0.07293747365474701,1.4169296026229858,0.7728118300437927,0.052629150450229645,0.027279654517769814,0.04249551147222519,0.04691372439265251,0.009097585454583168,24.0
2026-04-26T16:46:14.074528,260426_140741.000000,1,58.341461181640625,8.568324089050293,30.0,0.0,0.5699999928474426,19,37.91999816894531,1,260426_144608.000000,-12.466093063354492,3.4923453330993652,0.07293747365474701,1.4169296026229858,0.7728118300437927,0.052629150450229645,0.027279654517769814,0.04249551147222519,0.04691372439265251,0.009097585454583168,24.0
2026-04-26T16:46:17.024390,260426_140742.000000,1,58.341461181640625,8.568324089050293,30.0,0.0,0.5699999928474426,19,37.91999816894531,1,260426_144608.000000,-12.73939323425293,2.6714046001434326,0.0839456096291542,1.7473474740982056,0.8268663883209229,0.0014700931496918201,-0.08330400288105011,0.010254178196191788,0.051143087446689606,0.0115007683634758,22.0
2026-04-26T16:46:20.134655,260426_140751.000000,1,58.341461181640625,8.568324089050293,30.0,0.0,0.5799999833106995,18,37.91999816894531,1,260426_144608.000000,-12.469691276550293,3.3154208660125732,0.02061513438820839,1.4527472257614136,0.8752262592315674,0.00497108930721879,0.018333502113819122,-0.00800966378301382,0.05004148930311203,0.012498026713728905,24.0
2026-04-26T16:46:23.086314,260426_140759.000000,1,58.341461181640625,8.568324089050293,30.0,0.0,0.5699999928474426,19,37.91999816894531,1,260426_144608.984375,-11.151235580444336,3.9285619258880615,0.2083728164434433,1.259574294090271,0.8764944076538086,-0.07789915055036545,0.19300609827041626,-0.009980086237192154,0.049312662333250046,0.014882003888487816,22.0
2026-04-26T16:46:26.138320,260426_140800.000000,1,58.341461181640625,8.568324089050293,30.0,0.0,0.5899999737739563,18,37.91999816894531,1,260426_144608.984375,-10.600132942199707,4.25351619720459,0.0499907024204731,5.399102687835693,1.0361160039901733,0.04116224870085716,0.009294023737311363,-0.026802247390151024,0.0514521449804306,0.014294648543000221,24.0
2026-04-26T16:46:29.199086,260426_140808.000000,1,58.341461181640625,8.568324089050293,30.0,0.0,0.5699999928474426,19,37.91999816894531,1,260426_144608.984375,-10.225994110107422,4.563096523284912,0.25898897647857666,3.866912603378296,1.5595426559448242,-0.2009742707014084,0.043653979897499084,-0.15741334855556488,0.054689012467861176,0.0148908831179142,26.0
2026-04-26T16:46:32.303803,260426_140816.000000,1,58.341461181640625,8.568324089050293,30.0,0.0,0.5799999833106995,18,37.91999816894531,1,260426_144608.984375,-9.847280502319336,4.880217552185059,0.06832275539636612,1.1952670812606812,1.7299480438232422,0.0003263817634433508,0.06426502764225006,0.023192642256617546,0.06154325231909752,0.013254016637802124,26.0
2026-04-26T16:46:35.346360,260426_140817.000000,1,58.341461181640625,8.568324089050293,30.0,0.0,0.5799999833106995,18,37.91999816894531,1,260426_144608.984375,-9.52752685546875,4.5574188232421875,0.07881683856248856,1.5733084678649902,1.711673378944397,0.032588813453912735,0.07120461016893387,-0.008942434564232826,0.06159856915473938,0.013047866523265839,27.0
2026-04-26T16:46:38.420721,260426_140825.000000,1,58.341461181640625,8.568324089050293,30.0,0.0,0.5899999737739563,17,37.91999816894531,1,260426_144624.000000,-9.295475959777832,4.791675090789795,0.06798923015594482,0.6587715744972229,1.7436023950576782,-0.058869868516922,0.028021646663546562,0.019278548657894135,0.06504404544830322,0.010992064140737057,27.0
2026-04-26T16:46:41.458876,260426_140842.000000,1,58.341461181640625,8.568324089050293,30.0,0.0,0.5899999737739563,17,37.91999816894531,1,260426_144624.000000,-9.147734642028809,5.435002326965332,0.05081121623516083,0.792023241519928,1.6438099145889282,-0.014693067409098148,0.04665128514170647,0.013767759315669537,0.05819294974207878,0.008326667360961437,23.0
2026-04-26T16:46:44.472580,260426_140843.000000,1,58.341461181640625,8.568324089050293,30.0,0.0,0.5899999737739563,17,37.91999816894531,1,260426_144639.015625,-8.917441368103027,5.3351287841796875,0.04871510714292526,1.4706366062164307,1.1662765741348267,0.02387849986553192,0.032228514552116394,-0.027646005153656006,0.04890265688300133,0.006274942308664322,23.0
2026-04-26T16:46:44.472863,260426_140843.000000,1,58.341461181640625,8.568324089050293,30.0,0.0,0.5899999737739563,17,37.91999816894531,1,260426_144639.015625,-8.917441368103027,5.3351287841796875,0.04871510714292526,1.4706366062164307,1.1662765741348267,0.02387849986553192,0.032228514552116394,-0.027646005153656006,0.04890265688300133,0.006274942308664322,23.0
2026-04-26T16:46:44.473052,260426_140843.000000,1,58.341461181640625,8.568324089050293,30.0,0.0,0.5899999737739563,17,37.91999816894531,1,260426_144639.015625,-8.917441368103027,5.3351287841796875,0.04871510714292526,1.4706366062164307,1.1662765741348267,0.02387849986553192,0.032228514552116394,-0.027646005153656006,0.04890265688300133,0.006274942308664322,23.0
2026-04-26T16:46:44.584199,260426_140843.000000,1,58.341461181640625,8.568324089050293,30.0,0.0,0.5899999737739563,17,37.91999816894531,1,260426_144639.015625,-8.917441368103027,5.3351287841796875,0.04871510714292526,1.4706366062164307,1.1662765741348267,0.02387849986553192,0.032228514552116394,-0.027646005153656006,0.04890265688300133,0.006274942308664322,23.0
2026-04-26T16:46:47.535290,260426_140851.000000,1,58.341461181640625,8.568324089050293,30.0,0.0,0.5699999928474426,19,37.91999816894531,1,260426_144639.015625,-8.590409278869629,5.310546875,0.033762335777282715,0.7504554986953735,0.5249184370040894,-0.020757928490638733,0.016050411388278008,-0.021245893090963364,0.02138960361480713,0.0031515825539827347,19.0
2026-04-26T16:46:50.607446,260426_140859.000000,1,58.341461181640625,8.568324089050293,30.0,0.0,0.5699999928474426,19,37.91999816894531,1,260426_144639.015625,-8.502130508422852,5.366921424865723,0.10438831895589828,1.5186351537704468,0.5959190726280212,-0.042237844318151474,-0.04545211419463158,0.0839463621377945,0.022165747359395027,0.0033113702666014433,15.0
2026-04-26T16:46:53.600312,260426_140900.000000,1,58.341461181640625,8.568324089050293,30.0,0.0,0.5799999833106995,18,37.91999816894531,1,260426_144640.000000,-8.219780921936035,5.218047618865967,0.038718465715646744,1.8168156147003174,0.6814955472946167,-0.021107105538249016,0.01721181534230709,0.027520224452018738,0.023120982572436333,0.0036455541849136353,16.0
2026-04-26T16:46:56.681138,260426_140908.000000,1,58.341461181640625,8.568324089050293,30.0,0.0,0.5899999737739563,18,37.91999816894531,1,260426_144640.000000,-7.39078426361084,5.1164655685424805,0.0606909841299057,0.4823508560657501,0.7406866550445557,0.02622654289007187,0.05410217121243477,0.008277623914182186,0.022816762328147888,0.0039897095412015915,14.0
2026-04-26T16:46:59.715140,260426_140909.000000,1,58.341461181640625,8.568324089050293,30.0,0.0,0.5799999833106995,18,37.91999816894531,1,260426_144640.000000,-7.049746036529541,5.230147361755371,0.03598962724208832,1.590372920036316,0.7526808977127075,0.009151122532784939,0.034396566450595856,-0.005327885504812002,0.023623835295438766,0.0038774607237428427,16.0
2026-04-26T16:47:02.691353,260426_140917.000000,1,58.341461181640625,8.568324089050293,30.0,0.0,0.5899999737739563,17,37.91999816894531,1,260426_144640.000000,-5.908365249633789,5.2903008460998535,0.11498050391674042,0.3569764792919159,0.7138112187385559,0.016790570691227913,0.11276890337467194,-0.01489180326461792,0.03138803690671921,0.005443739704787731,18.0
2026-04-26T16:47:05.736442,260426_140925.000000,1,58.34136962890625,8.568196296691895,31.5,9.920000076293945,0.5799999833106995,18,37.91999816894531,1,260426_144655.015625,-4.720375061035156,8.460104942321777,0.2479645013809204,1.7977374792099,0.9994643926620483,-0.2019798308610916,0.0820828229188919,-0.11812260746955872,0.10735189914703369,0.025246527045965195,18.0
2026-04-26T16:47:08.834946,260426_140926.000000,1,58.34135055541992,8.56818962097168,31.600000381469727,9.470000267028809,0.5799999833106995,18,37.91999816894531,1,260426_144655.015625,-5.097779750823975,8.490070343017578,0.16202740371227264,1.6101571321487427,1.055077075958252,-0.05325350537896156,-0.1358993649482727,-0.0703442171216011,0.10650531202554703,0.02675827592611313,18.0
2026-04-26T16:47:11.906122,260426_140934.000000,1,58.34117126464844,8.567811965942383,33.70000076293945,24.540000915527344,0.5799999833106995,18,37.91999816894531,1,260426_144655.015625,-6.481209754943848,8.403799057006836,0.15295864641666412,0.30089372396469116,1.0651549100875854,0.046862464398145676,-0.14214834570884705,0.03152944892644882,0.10393113642930984,0.03003355674445629,18.0
2026-04-26T16:47:14.979048,260426_140935.000000,1,58.341129302978516,8.56771183013916,33.79999923706055,24.43000030517578,0.5799999833106995,18,37.91999816894531,1,260426_144710.000000,-7.660789966583252,8.742916107177734,0.0825384184718132,1.7304623126983643,1.0552395582199097,-0.06061593070626259,-0.05440233275294304,0.013367329724133015,0.09333410859107971,0.03305654600262642,18.0
2026-04-26T16:47:17.938283,260426_140952.000000,1,58.34130859375,8.565814971923828,33.099998474121094,0.28999999165534973,0.9200000166893005,10,37.91999816894531,1,260426_144710.000000,-9.262899398803711,8.887224197387695,0.10206056386232376,0.7722311019897461,1.0713450908660889,0.05967375636100769,-0.08265716582536697,0.004816099535673857,0.08930129557847977,0.034308820962905884,18.0
2026-04-26T16:47:21.072394,260426_141001.000000,1,58.34149169921875,8.565285682678223,34.400001525878906,24.6299991607666,0.699999988079071,15,37.91999816894531,1,260426_144710.000000,-9.632392883300781,8.014751434326172,0.10099140554666519,0.7698296308517456,0.776277482509613,0.09594932943582535,0.030912872403860092,-0.006114336661994457,0.0356440469622612,0.017369188368320465,19.0
2026-04-26T16:47:24.157004,260426_141009.000000,1,58.34164810180664,8.5640869140625,39.79999923706055,40.880001068115234,0.6100000143051147,16,37.91999816894531,1,260426_144710.000000,-9.967247009277344,7.00006628036499,0.10592512041330338,0.8652174472808838,0.5731790661811829,0.08388075232505798,-0.05471513420343399,-0.03450225293636322,0.029841318726539612,0.014258373528718948,21.0
2026-04-26T16:47:27.051990,260426_141010.000000,1,58.341678619384766,8.563899993896484,39.400001525878906,43.25,0.6200000047683716,16,37.91999816894531,1,260426_144711.015625,-10.237500190734863,5.0603346824646,0.21948590874671936,0.8795909881591797,0.5806722640991211,0.21748535335063934,0.0016728612827137113,-0.029519187286496162,0.04120443016290665,0.01549466047435999,21.0
2026-04-26T16:47:30.096757,260426_141026.000000,1,58.34225082397461,8.56040096282959,47.599998474121094,48.970001220703125,0.5899999737739563,17,37.91999816894531,1,260426_144711.015625,-10.349832534790039,4.5897016525268555,0.027917906641960144,1.3403586149215698,0.5592585206031799,0.022936351597309113,-0.0009823761647567153,-0.015886100009083748,0.04674125090241432,0.014522422105073929,19.0
2026-04-26T16:47:33.316311,260426_141027.000000,1,58.34233093261719,8.560211181640625,47.599998474121094,49.34000015258789,0.5899999737739563,17,37.91999816894531,1,260426_144711.015625,-10.3742036819458,4.8310675621032715,0.06674231588840485,1.1619019508361816,0.4460240602493286,-0.06325690448284149,-0.012904327362775803,-0.016928650438785553,0.05321955680847168,0.011907335370779037,19.0
2026-04-26T16:47:36.276814,260426_141035.000000,1,58.342979431152344,8.558691024780273,51.099998474121094,52.65999984741211,0.5799999833106995,18,37.91999816894531,1,260426_144711.015625,-10.340954780578613,5.1175336837768555,0.07168634235858917,0.5743241906166077,0.43163153529167175,-0.06570729613304138,0.02649741619825363,0.01092565804719925,0.05632101371884346,0.009567180648446083,20.0
2026-04-26T16:47:39.355955,260426_141036.000000,1,58.343048095703125,8.558478355407715,51.599998474121094,53.0099983215332,0.5799999833106995,18,37.91999816894531,1,260426_144711.015625,-10.932719230651855,5.478421211242676,0.04912237450480461,0.6504049301147461,0.4214478135108948,0.02121151052415371,-0.03815396875143051,-0.022524526342749596,0.05720031261444092,0.008517680689692497,22.0
2026-04-26T16:47:42.315919,260426_141044.000000,1,58.34355926513672,8.556926727294922,54.5,35.97999954223633,0.5899999737739563,18,37.91999816894531,1,260426_144727.015625,-10.806315422058105,5.329446315765381,0.038816798478364944,0.5457392334938049,0.4301517605781555,0.01835867576301098,0.03314327821135521,-0.008439554832875729,0.01876903511583805,0.0024944988545030355,24.0
2026-04-26T16:47:45.388184,260426_141052.000000,1,58.3437614440918,8.556221961975098,53.5,19.940000534057617,0.5899999737739563,18,37.91999816894531,1,260426_144727.015625,-10.808618545532227,4.543476104736328,0.03789101168513298,0.7265555262565613,0.4388578236103058,0.016527431085705757,0.034047339111566544,-0.0018307287245988846,0.027198536321520805,0.0038211974315345287,22.0
2026-04-26T16:47:45.415299,260426_141052.000000,1,58.3437614440918,8.556221961975098,53.5,19.940000534057617,0.5899999737739563,18,37.91999816894531,1,260426_144727.015625,-10.808618545532227,4.543476104736328,0.03789101168513298,0.7265555262565613,0.4388578236103058,0.016527431085705757,0.034047339111566544,-0.0018307287245988846,0.027198536321520805,0.0038211974315345287,22.0
2026-04-26T16:47:48.477907,260426_141053.000000,1,58.3437614440918,8.556137084960938,53.29999923706055,18.149999618530273,0.5799999833106995,18,37.91999816894531,1,260426_144742.000000,-9.425487518310547,4.292884826660156,0.09567509591579437,0.19553151726722717,0.4320480227470398,0.011550179682672024,0.09492536634206772,0.0030809175223112106,0.034290097653865814,0.006094461306929588,18.0
2026-04-26T16:47:51.581044,260426_141101.000000,1,58.34320068359375,8.555879592895508,53.400001525878906,36.72999954223633,0.5799999833106995,18,37.91999816894531,1,260426_144742.000000,-9.010347366333008,4.240479946136475,0.09819819033145905,0.7025640606880188,0.43088534474372864,0.03183631971478462,0.0919652134180069,-0.013104674406349659,0.0344538539648056,0.006465516518801451,14.0
2026-04-26T16:47:54.534812,260426_141102.000000,1,58.343109130859375,8.555865287780762,52.599998474121094,38.75,0.5799999833106995,18,37.91999816894531,1,260426_144742.000000,-8.897909164428711,3.376147985458374,0.055069293826818466,0.30044320225715637,0.40809765458106995,0.04683926701545715,0.02779165282845497,0.008144550025463104,0.03418300300836563,0.006631102412939072,12.0
2026-04-26T16:47:57.597085,260426_141110.000000,1,58.3421516418457,8.55552864074707,53.70000076293945,48.599998474121094,0.5799999833106995,18,37.91999816894531,1,260426_144742.000000,-10.128918647766113,2.5599899291992188,0.16187319159507751,0.16604572534561157,0.3177397549152374,0.08641298115253448,-0.1368049532175064,-0.004486929625272751,0.04329647496342659,0.009845636785030365,8.0
2026-04-26T16:48:00.694145,260426_141119.000000,1,58.341121673583984,8.555031776428223,52.29999923706055,36.029998779296875,0.5799999833106995,18,37.91999816894531,1,260426_144742.000000,-11.743833541870117,1.8654170036315918,0.11533745378255844,0.6718167066574097,0.2688411772251129,0.02498205378651619,-0.11240085959434509,0.0066837128251791,0.04413456469774246,0.012304238975048065,8.0
2026-04-26T16:48:03.723884,260426_141128.000000,1,58.34035110473633,8.554936408996582,57.0,43.689998626708984,0.6100000143051147,17,37.91999816894531,1,260426_144742.000000,-12.509212493896484,1.7372769117355347,0.052477654069662094,1.0814223289489746,0.29780763387680054,-0.030832668766379356,-0.036999013274908066,0.02084042690694332,0.045321397483348846,0.01017793733626604,10.0
2026-04-26T16:48:06.741254,260426_141136.000000,1,58.33951187133789,8.555705070495605,55.5,47.34000015258789,0.5799999833106995,18,37.91999816894531,1,260426_144742.000000,-12.243890762329102,2.1164050102233887,0.027508018538355827,0.39885973930358887,0.32054001092910767,-0.02533099241554737,0.010506030172109604,0.0021576054859906435,0.04989397153258324,0.00956855807453394,12.0
2026-04-26T16:48:09.690146,260426_141144.000000,1,58.33877182006836,8.556568145751953,54.099998474121094,43.029998779296875,0.5799999833106995,18,37.91999816894531,1,260426_144758.000000,-12.123414993286133,2.168046712875366,0.08535192906856537,0.8882120251655579,0.3241228461265564,-0.029130583629012108,0.07758733630180359,-0.020409969612956047,0.041608717292547226,0.008005875162780285,16.0
2026-04-26T16:48:12.798223,260426_141145.000000,1,58.33869171142578,8.556705474853516,53.400001525878906,42.72999954223633,0.5799999833106995,18,37.91999816894531,1,260426_144758.000000,-11.424487113952637,2.5302610397338867,0.08319202810525894,0.7917567491531372,0.31276702880859375,-0.02874874696135521,0.07803131639957428,0.0023531317710876465,0.025804288685321808,0.005324133206158876,20.0
2026-04-26T16:48:15.853009,260426_141153.000000,1,58.338111877441406,8.556639671325684,54.0,37.380001068115234,0.5799999833106995,18,37.91999816894531,1,260426_144758.000000,-10.223549842834473,2.744697332382202,0.14146049320697784,0.6285927891731262,0.3250696063041687,-0.006288888864219189,0.1397477239370346,0.021026011556386948,0.033241450786590576,0.006529631558805704,22.0
2026-04-26T16:48:18.872549,260426_141154.000000,1,58.33808135986328,8.55637264251709,54.599998474121094,42.54999923706055,0.5799999833106995,18,37.91999816894531,1,260426_144758.000000,-8.8740873336792,3.03779935836792,0.09161076694726944,1.929788589477539,0.6141521334648132,-0.06406046450138092,0.06438027322292328,-0.011998768895864487,0.03738103434443474,0.009290057234466076,22.0
2026-04-26T16:48:18.872794,260426_141154.000000,1,58.33808135986328,8.55637264251709,54.599998474121094,42.54999923706055,0.5799999833106995,18,37.91999816894531,1,260426_144758.000000,-8.8740873336792,3.03779935836792,0.09161076694726944,1.929788589477539,0.6141521334648132,-0.06406046450138092,0.06438027322292328,-0.011998768895864487,0.03738103434443474,0.009290057234466076,22.0
2026-04-26T16:48:18.918525,260426_141154.000000,1,58.33808135986328,8.55637264251709,54.599998474121094,42.54999923706055,0.5799999833106995,18,37.91999816894531,1,260426_144758.000000,-8.8740873336792,3.03779935836792,0.09161076694726944,1.929788589477539,0.6141521334648132,-0.06406046450138092,0.06438027322292328,-0.011998768895864487,0.03738103434443474,0.009290057234466076,22.0
2026-04-26T16:48:18.951328,260426_141154.000000,1,58.33808135986328,8.55637264251709,54.599998474121094,42.54999923706055,0.5799999833106995,18,37.91999816894531,1,260426_144758.000000,-8.8740873336792,3.03779935836792,0.09161076694726944,1.929788589477539,0.6141521334648132,-0.06406046450138092,0.06438027322292328,-0.011998768895864487,0.03738103434443474,0.009290057234466076,22.0
2026-04-26T16:48:21.991343,260426_141202.000000,1,58.33757019042969,8.555910110473633,52.70000076293945,34.0099983215332,0.5799999833106995,18,37.91999816894531,1,260426_144812.984375,-8.3665189743042,3.6182861328125,0.0659589022397995,0.3131347894668579,0.6115702986717224,-0.04483345150947571,0.044117655605077744,0.019853737205266953,0.03611781820654869,0.009254790842533112,18.0
2026-04-26T16:48:25.013422,260426_141210.000000,1,58.33684158325195,8.556363105773926,52.900001525878906,35.189998626708984,0.5799999833106995,18,37.91999816894531,1,260426_144812.984375,-7.954524040222168,4.163621425628662,0.08345211297273636,0.33353763818740845,0.6133649945259094,-0.07144195586442947,0.04313106834888458,0.00011864781845360994,0.03625017777085304,0.0090177645906806,18.0
2026-04-26T16:48:28.048529,260426_141211.000000,1,58.33673858642578,8.556365013122559,52.599998474121094,35.189998626708984,0.5799999833106995,18,37.91999816894531,1,260426_144812.984375,-7.7503767013549805,4.115316390991211,0.022528335452079773,0.6505978107452393,0.6206004619598389,0.004719133488833904,-0.009202288463711739,0.020014332607388496,0.04201857000589371,0.007431352511048317,18.0
2026-04-26T16:48:31.183093,260426_141219.000000,1,58.3360595703125,8.55512523651123,48.5,35.189998626708984,0.6200000047683716,18,37.91999816894531,1,260426_144828.000000,-8.124592781066895,3.720503807067871,0.04851744323968887,0.375180721282959,0.6076492667198181,0.020008867606520653,-0.043708235025405884,0.006570996716618538,0.027589060366153717,0.004563236143440008,22.0
2026-04-26T16:48:34.131481,260426_141220.000000,1,58.335960388183594,8.55489730834961,48.29999923706055,35.189998626708984,0.6200000047683716,18,37.91999816894531,1,260426_144828.000000,-7.983412265777588,3.58506441116333,0.02886578068137169,0.2457222044467926,0.31001266837120056,-0.0009455885738134384,0.02871563471853733,0.002784165320917964,0.022269362583756447,0.0029758536256849766,22.0
2026-04-26T16:48:37.211866,260426_141228.000000,1,58.33518981933594,8.553057670593262,51.0,35.189998626708984,0.5799999833106995,18,37.91999816894531,1,260426_144828.000000,-7.974870204925537,3.8551604747772217,0.04910128563642502,0.15715113282203674,0.305450975894928,-0.014229904860258102,-0.04670751839876175,0.005182063672691584,0.024118850007653236,0.002748034195974469,22.0
2026-04-26T16:48:40.291950,260426_141237.000000,1,58.33422088623047,8.551182746887207,54.599998474121094,59.08000183105469,0.6299999952316284,16,37.91999816894531,1,260426_144828.000000,-7.908431529998779,4.620820045471191,0.0731147974729538,0.2827988564968109,0.29064321517944336,-0.03377746790647507,0.06053272262215614,0.02325180545449257,0.025115612894296646,0.0030766206327825785,18.0
2026-04-26T16:48:43.265712,260426_141245.000000,1,58.333370208740234,8.54977798461914,60.599998474121094,55.470001220703125,0.6399999856948853,17,37.91999816894531,1,260426_144828.000000,-7.272902965545654,4.344176769256592,0.10314155369997025,0.19783881306648254,0.23485782742500305,0.05941830947995186,0.08424554765224457,0.0032143909484148026,0.027738582342863083,0.003766236826777458,16.0
2026-04-26T16:48:46.311123,260426_141246.000000,1,58.33325958251953,8.54961109161377,60.79999923706055,59.130001068115234,0.6200000047683716,17,37.91999816894531,1,260426_144828.984375,-7.059426307678223,4.295177936553955,0.022077850997447968,0.10173368453979492,0.1561906337738037,0.0072739990428090096,-0.019327154383063316,-0.007809068076312542,0.028736520558595657,0.0034984054509550333,12.0
2026-04-26T16:48:46.311486,260426_141246.000000,1,58.33325958251953,8.54961109161377,60.79999923706055,59.130001068115234,0.6200000047683716,17,37.91999816894531,1,260426_144828.984375,-7.059426307678223,4.295177936553955,0.022077850997447968,0.10173368453979492,0.1561906337738037,0.0072739990428090096,-0.019327154383063316,-0.007809068076312542,0.028736520558595657,0.0034984054509550333,12.0
2026-04-26T16:48:46.311663,260426_141246.000000,1,58.33325958251953,8.54961109161377,60.79999923706055,59.130001068115234,0.6200000047683716,17,37.91999816894531,1,260426_144828.984375,-7.059426307678223,4.295177936553955,0.022077850997447968,0.10173368453979492,0.1561906337738037,0.0072739990428090096,-0.019327154383063316,-0.007809068076312542,0.028736520558595657,0.0034984054509550333,12.0
2026-04-26T16:48:46.439298,260426_141246.000000,1,58.33325958251953,8.54961109161377,60.79999923706055,59.130001068115234,0.6200000047683716,17,37.91999816894531,1,260426_144828.984375,-7.059426307678223,4.295177936553955,0.022077850997447968,0.10173368453979492,0.1561906337738037,0.0072739990428090096,-0.019327154383063316,-0.007809068076312542,0.028736520558595657,0.0034984054509550333,12.0
2026-04-26T16:48:49.313337,260426_141254.000000,1,58.33229064941406,8.54820442199707,62.79999923706055,63.040000915527344,0.6399999856948853,17,37.91999816894531,1,260426_144828.984375,-7.052278995513916,3.903935670852661,0.04678240045905113,0.1893729418516159,0.13291911780834198,0.04413919523358345,-0.01534932479262352,0.002173113403841853,0.028183290734887123,0.0033522536978125572,12.0
2026-04-26T16:48:52.455266,260426_141302.000000,1,58.33110809326172,8.547283172607422,52.79999923706055,66.97000122070312,0.6200000047683716,17,37.91999816894531,1,260426_144828.984375,-7.071208477020264,3.632107734680176,0.02797657996416092,0.25002506375312805,0.1316612809896469,0.026893455535173416,-0.007609018590301275,-0.0012385393492877483,0.02773750200867653,0.00305366818793118,14.0
2026-04-26T16:48:55.436102,260426_141303.000000,1,58.33094024658203,8.5472412109375,51.70000076293945,70.23999786376953,0.6200000047683716,17,37.91999816894531,1,260426_144828.984375,-7.266763210296631,3.557957649230957,0.05067983642220497,0.08880970627069473,0.11317038536071777,-0.005381166934967041,-0.050059009343385696,-0.005795185919851065,0.024940120056271553,0.0020661840680986643,14.0
2026-04-26T16:48:58.550247,260426_141311.000000,1,58.32952117919922,8.547144889831543,52.5,69.97000122070312,0.5799999833106995,18,37.91999816894531,1,260426_144844.984375,-7.428725242614746,3.645500659942627,0.056306879967451096,0.312610924243927,0.18808498978614807,-0.0200334545224905,-0.05261865258216858,-0.0006347652524709702,0.014803659170866013,0.001095123472623527,16.0
2026-04-26T16:49:01.487356,260426_141319.000000,1,58.32815170288086,8.547333717346191,47.70000076293945,67.48999786376953,0.6000000238418579,17,37.91999816894531,1,260426_144844.984375,-7.760072708129883,4.03268575668335,0.05385882779955864,0.2533706724643707,0.1940201073884964,-0.04521336406469345,0.025265691801905632,0.014770567417144775,0.021629147231578827,0.0017764142248779535,16.0
2026-04-26T16:49:04.661630,260426_141320.000000,1,58.3279914855957,8.547384262084961,47.400001525878906,67.48999786376953,0.6000000238418579,17,37.91999816894531,1,260426_144844.984375,-7.722140789031982,4.148752689361572,0.01480746828019619,0.39997997879981995,0.46154162287712097,-0.013918768614530563,0.0016623816918581724,-0.004771318752318621,0.022933591157197952,0.0018960214219987392,20.0
2026-04-26T16:49:07.717892,260426_141328.000000,1,58.3266716003418,8.547530174255371,43.400001525878906,65.5199966430664,0.6399999856948853,17,37.91999816894531,1,260426_144844.984375,-7.337612152099609,4.723927021026611,0.035671018064022064,0.5664602518081665,0.5046953558921814,-0.017334645614027977,0.002216844819486141,-0.03109690174460411,0.028726080432534218,0.0028635277412831783,18.0
2026-04-26T16:49:10.692473,260426_141336.000000,1,58.325618743896484,8.547283172607422,49.20000076293945,41.529998779296875,0.6200000047683716,17,37.91999816894531,1,260426_144844.984375,-7.205290794372559,5.1660284996032715,0.017469605430960655,0.4555940628051758,0.49582868814468384,-0.001146970666013658,0.012397132813930511,0.01225490216165781,0.031803153455257416,0.003268824191763997,22.0
2026-04-26T16:49:13.753096,260426_141337.000000,1,58.325531005859375,8.547204971313477,50.400001525878906,37.5099983215332,0.6399999856948853,17,37.91999816894531,1,260426_144900.000000,-7.605609893798828,4.094468593597412,0.09128715097904205,0.42573821544647217,0.4901660084724426,0.0861661434173584,-0.02620513178408146,0.014900707639753819,0.03056989423930645,0.004032904282212257,24.0
2026-04-26T16:49:13.753368,260426_141337.000000,1,58.325531005859375,8.547204971313477,50.400001525878906,37.5099983215332,0.6399999856948853,17,37.91999816894531,1,260426_144900.000000,-7.605609893798828,4.094468593597412,0.09128715097904205,0.42573821544647217,0.4901660084724426,0.0861661434173584,-0.02620513178408146,0.014900707639753819,0.03056989423930645,0.004032904282212257,24.0
2026-04-26T16:49:13.768588,260426_141337.000000,1,58.325531005859375,8.547204971313477,50.400001525878906,37.5099983215332,0.6399999856948853,17,37.91999816894531,1,260426_144900.000000,-7.605609893798828,4.094468593597412,0.09128715097904205,0.42573821544647217,0.4901660084724426,0.0861661434173584,-0.02620513178408146,0.014900707639753819,0.03056989423930645,0.004032904282212257,24.0
2026-04-26T16:49:16.843793,260426_141345.000000,1,58.32524871826172,8.546490669250488,50.5,21.729999542236328,0.5799999833106995,18,37.91999816894531,1,260426_144900.000000,-8.027849197387695,4.140854835510254,0.027704227715730667,0.7095238566398621,0.4876483082771301,-0.00516641978174448,-0.027217112481594086,-0.00024722563102841377,0.029499758034944534,0.004231232218444347,26.0
2026-04-26T16:49:19.800919,260426_141346.000000,1,58.325199127197266,8.546488761901855,49.400001525878906,22.040000915527344,0.5799999833106995,18,37.91999816894531,1,260426_144915.015625,-8.65280532836914,4.03900146484375,0.04384203255176544,1.0320767164230347,0.5675486922264099,-0.02518521435558796,-0.03525512292981148,0.006701120175421238,0.02779693715274334,0.004672061186283827,28.0
2026-04-26T16:49:22.915415,260426_141354.000000,1,58.32466125488281,8.547277450561523,47.0,47.5,0.5799999833106995,18,37.91999816894531,1,260426_144915.015625,-8.920431137084961,4.029870986938477,0.014344930648803711,0.26395270228385925,0.635597288608551,0.0026607734616845846,-0.011358045972883701,-0.00834817998111248,0.02601092867553234,0.004369060974568129,26.0
2026-04-26T16:49:25.946260,260426_141402.000000,1,58.32350158691406,8.54796314239502,38.79999923706055,63.779998779296875,0.6000000238418579,17,37.91999816894531,1,260426_144915.015625,-8.906818389892578,3.7573142051696777,0.05933632701635361,0.7918961644172668,0.6412827968597412,0.04534072428941727,0.03811684623360634,-0.003481954336166382,0.023558160290122032,0.004043798428028822,22.0
2026-04-26T16:49:29.008222,260426_141403.000000,1,58.32334899902344,8.54802417755127,37.599998474121094,63.779998779296875,0.6399999856948853,16,37.91999816894531,1,260426_144915.015625,-7.606642723083496,4.380704879760742,0.108793705701828,0.32417234778404236,0.6333316564559937,-0.08065514266490936,0.07249567657709122,0.008671427145600319,0.030892880633473396,0.005599943920969963,24.0
2026-04-26T16:49:32.080202,260426_141411.000000,1,58.32207107543945,8.547348022460938,34.79999923706055,70.36000061035156,0.6600000262260437,15,37.91999816894531,1,260426_144915.015625,-6.51037073135376,4.498671531677246,0.08770058304071426,0.5858240127563477,0.6217939853668213,-0.0030899345874786377,0.08544005453586578,0.01954079046845436,0.029583636671304703,0.0064573027193546295,20.0
2026-04-26T16:49:35.166861,260426_141412.000000,1,58.321929931640625,8.54716968536377,34.0,68.55000305175781,0.7300000190734863,13,37.91999816894531,1,260426_144915.015625,-5.801776885986328,4.652464866638184,0.06182839721441269,0.88995760679245,0.5169427990913391,-0.0295717790722847,0.05319788306951523,-0.010874100960791111,0.02835073322057724,0.006752097513526678,20.0
2026-04-26T16:49:38.120779,260426_141420.000000,1,58.321128845214844,8.545815467834473,23.799999237060547,41.02000045776367,0.6499999761581421,16,37.91999816894531,1,260426_144915.015625,-4.453293800354004,5.077568531036377,0.10854308307170868,0.9796246290206909,0.39624011516571045,-0.016735408455133438,0.10105419158935547,-0.0359107106924057,0.02321058139204979,0.008598188869655132,22.0
2026-04-26T16:49:41.192787,260426_141429.000000,1,58.32078170776367,8.545563697814941,21.100000381469727,24.8799991607666,0.6100000143051147,17,37.91999816894531,1,260426_144931.015625,-4.078956604003906,7.065418720245361,0.13898906111717224,1.9469890594482422,0.4470185935497284,-0.13816119730472565,0.011366245336830616,-0.010012531653046608,0.03684179112315178,0.011383937671780586,22.0
2026-04-26T16:49:41.192979,260426_141429.000000,1,58.32078170776367,8.545563697814941,21.100000381469727,24.8799991607666,0.6100000143051147,17,37.91999816894531,1,260426_144931.015625,-4.078956604003906,7.065418720245361,0.13898906111717224,1.9469890594482422,0.4470185935497284,-0.13816119730472565,0.011366245336830616,-0.010012531653046608,0.03684179112315178,0.011383937671780586,22.0
2026-04-26T16:49:41.194427,260426_141429.000000,1,58.32078170776367,8.545563697814941,21.100000381469727,24.8799991607666,0.6100000143051147,17,37.91999816894531,1,260426_144931.015625,-4.078956604003906,7.065418720245361,0.13898906111717224,1.9469890594482422,0.4470185935497284,-0.13816119730472565,0.011366245336830616,-0.010012531653046608,0.03684179112315178,0.011383937671780586,22.0
2026-04-26T16:49:41.233751,260426_141429.000000,1,58.32078170776367,8.545563697814941,21.100000381469727,24.8799991607666,0.6100000143051147,17,37.91999816894531,1,260426_144931.015625,-4.078956604003906,7.065418720245361,0.13898906111717224,1.9469890594482422,0.4470185935497284,-0.13816119730472565,0.011366245336830616,-0.010012531653046608,0.03684179112315178,0.011383937671780586,22.0
2026-04-26T16:49:44.265272,260426_141437.000000,1,58.32020950317383,8.546666145324707,21.299999237060547,46.65999984741211,0.5799999833106995,18,37.91999816894531,1,260426_144931.015625,-4.877132892608643,6.6298909187316895,0.11929459124803543,0.2352169156074524,0.44560015201568604,0.07652249187231064,-0.08970436453819275,-0.018128246068954468,0.036603718996047974,0.011750451289117336,18.0
2026-04-26T16:49:44.265483,260426_141437.000000,1,58.32020950317383,8.546666145324707,21.299999237060547,46.65999984741211,0.5799999833106995,18,37.91999816894531,1,260426_144931.015625,-4.877132892608643,6.6298909187316895,0.11929459124803543,0.2352169156074524,0.44560015201568604,0.07652249187231064,-0.08970436453819275,-0.018128246068954468,0.036603718996047974,0.011750451289117336,18.0
2026-04-26T16:49:44.265624,260426_141437.000000,1,58.32020950317383,8.546666145324707,21.299999237060547,46.65999984741211,0.5799999833106995,18,37.91999816894531,1,260426_144931.015625,-4.877132892608643,6.6298909187316895,0.11929459124803543,0.2352169156074524,0.44560015201568604,0.07652249187231064,-0.08970436453819275,-0.018128246068954468,0.036603718996047974,0.011750451289117336,18.0
2026-04-26T16:49:44.308323,260426_141437.000000,1,58.32020950317383,8.546666145324707,21.299999237060547,46.65999984741211,0.5799999833106995,18,37.91999816894531,1,260426_144931.015625,-4.877132892608643,6.6298909187316895,0.11929459124803543,0.2352169156074524,0.44560015201568604,0.07652249187231064,-0.08970436453819275,-0.018128246068954468,0.036603718996047974,0.011750451289117336,18.0
2026-04-26T16:49:47.233740,260426_141445.000000,1,58.31956100463867,8.547956466674805,27.399999618530273,45.290000915527344,0.6399999856948853,16,37.91999816894531,1,260426_144931.015625,-5.360814571380615,6.104488849639893,0.051678575575351715,0.7973278164863586,0.44806942343711853,0.03340320289134979,-0.03937392681837082,-0.0021436417009681463,0.03737172484397888,0.01168585941195488,18.0
2026-04-26T16:49:50.242744,260426_141446.000000,1,58.319488525390625,8.548107147216797,28.5,43.52000045776367,0.6399999856948853,16,37.91999816894531,1,260426_144931.015625,-5.338228702545166,6.147056579589844,0.029529379680752754,0.33192121982574463,0.4487425684928894,-0.008724218234419823,-0.013957002200186253,0.024516819044947624,0.04451807960867882,0.010280955582857132,12.0
2026-04-26T16:49:53.380261,260426_141454.000000,1,58.3189811706543,8.549304962158203,29.299999237060547,37.18000030517578,0.5799999833106995,18,37.91999816894531,1,260426_144931.015625,-5.175192832946777,5.743065357208252,0.04812292382121086,0.2932099997997284,0.44693249464035034,0.03849465399980545,0.028682710602879524,0.0033584507182240486,0.045412417501211166,0.008887453936040401,14.0
2026-04-26T16:49:56.347175,260426_141503.000000,1,58.318790435791016,8.550363540649414,25.299999237060547,25.389999389648438,0.5799999833106995,18,37.91999816894531,1,260426_144931.015625,-4.699288368225098,4.5753045082092285,0.11209490150213242,1.6273553371429443,0.44646939635276794,0.1059613823890686,0.003286926308646798,-0.036423202604055405,0.026430055499076843,0.006040477193892002,16.0
2026-04-26T16:49:59.458470,260426_141511.000000,1,58.31903076171875,8.551077842712402,24.200000762939453,32.310001373291016,0.5799999833106995,18,37.91999816894531,1,260426_144947.015625,-4.606627464294434,4.197957515716553,0.014341268688440323,0.57813960313797,0.4440412223339081,0.007750599645078182,-0.0012890285579487681,-0.01199743989855051,0.026322921738028526,0.004296403378248215,22.0
2026-04-26T16:50:02.565501,260426_141512.000000,1,58.319091796875,8.551191329956055,23.600000381469727,33.029998779296875,0.5799999833106995,18,37.91999816894531,1,260426_144947.015625,-4.202630519866943,4.391542911529541,0.05980690196156502,1.0278862714767456,0.5470580458641052,-0.01638760231435299,0.043893665075302124,-0.0371706597507,0.0279402993619442,0.004804685711860657,28.0
2026-04-26T16:50:05.665044,260426_141520.000000,1,58.31951904296875,8.552425384521484,23.399999618530273,42.81999969482422,0.6499999761581421,16,37.91999816894531,1,260426_144947.015625,-4.516468524932861,5.702846527099609,0.09563800692558289,1.302418828010559,0.5909624695777893,-0.07752775400876999,-0.05192269757390022,0.02097877487540245,0.034667495638132095,0.0072607677429914474,28.0
2026-04-26T16:50:08.521009,260426_141521.000000,1,58.3195686340332,8.552607536315918,23.600000381469727,44.880001068115234,0.6499999761581421,16,37.91999816894531,1,260426_145002.000000,-4.538990497589111,5.650223255157471,0.03364822641015053,0.5476607084274292,0.6199911236763,-0.0012665027752518654,0.000499858520925045,-0.03362066671252251,0.03680149093270302,0.00638311542570591,32.0
2026-04-26T16:50:11.560373,260426_141538.000000,1,58.32059097290039,8.555474281311035,34.5,40.709999084472656,0.6499999761581421,16,37.91999816894531,1,260426_145002.000000,-4.46504020690918,5.531744003295898,0.03206651285290718,0.952973484992981,0.6036300659179688,0.024203017354011536,-0.008245442062616348,-0.019351687282323837,0.03853078559041023,0.005451249424368143,30.0
2026-04-26T16:50:11.560820,260426_141538.000000,1,58.32059097290039,8.555474281311035,34.5,40.709999084472656,0.6499999761581421,16,37.91999816894531,1,260426_145002.000000,-4.46504020690918,5.531744003295898,0.03206651285290718,0.952973484992981,0.6036300659179688,0.024203017354011536,-0.008245442062616348,-0.019351687282323837,0.03853078559041023,0.005451249424368143,30.0
2026-04-26T16:50:11.561086,260426_141538.000000,1,58.32059097290039,8.555474281311035,34.5,40.709999084472656,0.6499999761581421,16,37.91999816894531,1,260426_145002.000000,-4.46504020690918,5.531744003295898,0.03206651285290718,0.952973484992981,0.6036300659179688,0.024203017354011536,-0.008245442062616348,-0.019351687282323837,0.03853078559041023,0.005451249424368143,30.0
2026-04-26T16:50:11.584203,260426_141538.000000,1,58.32059097290039,8.555474281311035,34.5,40.709999084472656,0.6499999761581421,16,37.91999816894531,1,260426_145002.000000,-4.46504020690918,5.531744003295898,0.03206651285290718,0.952973484992981,0.6036300659179688,0.024203017354011536,-0.008245442062616348,-0.019351687282323837,0.03853078559041023,0.005451249424368143,30.0
2026-04-26T16:50:14.739986,260426_141546.000000,1,58.32122039794922,8.556527137756348,38.0,48.77000045776367,0.6600000262260437,15,37.91999816894531,1,260426_145002.000000,-4.110385417938232,5.425478935241699,0.060365915298461914,0.8094750642776489,0.6127707958221436,0.028280215337872505,0.04475685581564903,0.029001669958233833,0.0375860221683979,0.005694953259080648,30.0
2026-04-26T16:50:17.748020,260426_141547.000000,1,58.32133102416992,8.556686401367188,38.20000076293945,49.7599983215332,0.6600000262260437,15,37.91999816894531,1,260426_145002.000000,-3.0828123092651367,3.380363941192627,0.14616362750530243,0.9419757127761841,0.5798069834709167,0.1434316188097,0.021404528990387917,-0.018248967826366425,0.054860398173332214,0.010845956392586231,26.0
2026-04-26T16:50:20.703195,260426_141555.000000,1,58.32210922241211,8.557908058166504,42.29999923706055,49.11000061035156,0.5799999833106995,18,37.91999816894531,1,260426_145003.015625,-3.3346214294433594,2.4163877964019775,0.054524023085832596,1.1473270654678345,0.5831893086433411,-0.04354841634631157,-0.018475187942385674,0.027112213894724846,0.05557898059487343,0.010762081481516361,28.0
2026-04-26T16:50:20.703443,260426_141555.000000,1,58.32210922241211,8.557908058166504,42.29999923706055,49.11000061035156,0.5799999833106995,18,37.91999816894531,1,260426_145003.015625,-3.3346214294433594,2.4163877964019775,0.054524023085832596,1.1473270654678345,0.5831893086433411,-0.04354841634631157,-0.018475187942385674,0.027112213894724846,0.05557898059487343,0.010762081481516361,28.0
2026-04-26T16:50:23.795441,260426_141603.000000,1,58.322608947753906,8.55945110321045,44.400001525878906,48.900001525878906,0.6200000047683716,17,37.91999816894531,1,260426_145003.015625,-3.086226463317871,2.859708309173584,0.0865073874592781,0.8460217118263245,0.5692107677459717,-0.053114812821149826,0.04227235168218613,0.05362268537282944,0.05394502729177475,0.010896503925323486,26.0
2026-04-26T16:50:26.876479,260426_141604.000000,1,58.32265090942383,8.559686660766602,43.099998474121094,46.029998779296875,0.6200000047683716,17,37.91999816894531,1,260426_145003.015625,-2.44480037689209,2.3112235069274902,0.11524689197540283,1.0261861085891724,0.6170840263366699,0.10490616410970688,-0.0270391758531332,0.03931189328432083,0.04953988268971443,0.01286619994789362,25.0
2026-04-26T16:50:29.838712,260426_141612.000000,1,58.32297897338867,8.561264991760254,40.79999923706055,48.13999938964844,0.6399999856948853,17,37.91999816894531,1,260426_145018.000000,-5.007138729095459,1.5506397485733032,0.21840986609458923,2.2650904655456543,0.7684130668640137,-0.06435225158929825,-0.2080782800912857,-0.01628153584897518,0.06397677212953568,0.018657466396689415,23.0
2026-04-26T16:50:32.922501,260426_141613.000000,1,58.32305145263672,8.561487197875977,38.900001525878906,48.47999954223633,0.6200000047683716,17,37.91999816894531,1,260426_145018.000000,-6.545403480529785,2.1740598678588867,0.12045126408338547,1.2736577987670898,0.7678483724594116,-0.0764574334025383,-0.09278250485658646,0.007360442541539669,0.06798077374696732,0.02073104865849018,23.0
2026-04-26T16:50:36.222135,260426_141621.000000,1,58.3237190246582,8.56259822845459,34.5,37.13999938964844,0.5799999833106995,18,37.91999816894531,1,260426_145032.984375,-7.567571640014648,2.5610876083374023,0.11074089258909225,1.6854424476623535,0.792031466960907,-0.04984492436051369,-0.09599650651216507,-0.023742368444800377,0.0632561668753624,0.021709339693188667,21.0
2026-04-26T16:50:39.304321,260426_141629.000000,1,58.32395935058594,8.56334114074707,36.0,23.1299991607666,0.5799999833106995,18,37.91999816894531,1,260426_145032.984375,-7.891104221343994,3.0789458751678467,0.04370782896876335,2.534477949142456,0.8190235495567322,0.018582647666335106,0.0022187246941030025,-0.03949856385588646,0.06010259687900543,0.022266322746872902,21.0
2026-04-26T16:50:42.583971,260426_141630.000000,1,58.32392883300781,8.563440322875977,35.70000076293945,24.3799991607666,0.5799999833106995,18,37.91999816894531,1,260426_145032.984375,-8.14877986907959,3.551474094390869,0.0796607956290245,1.1906511783599854,0.8242800235748291,-0.07163000106811523,-0.02168346755206585,0.02729126252233982,0.06673067808151245,0.020690307021141052,22.0
2026-04-26T16:50:45.080960,260426_141638.000000,1,58.323829650878906,8.563915252685547,34.20000076293945,12.960000038146973,0.6000000238418579,17,37.91999816894531,1,260426_145032.984375,-8.01307487487793,3.9732775688171387,0.0421137809753418,0.8402244448661804,0.7772478461265564,-0.032832030206918716,0.02550104819238186,-0.006732383742928505,0.05961054190993309,0.012230906635522842,28.0
2026-04-26T16:50:48.366948,260426_141646.000000,1,58.32353973388672,8.565118789672852,35.599998474121094,42.689998626708984,0.6000000238418579,17,37.91999816894531,1,260426_145032.984375,-7.765961170196533,4.213613510131836,0.028985612094402313,1.0133529901504517,0.7054596543312073,-0.0028973491862416267,0.028662577271461487,0.0031980881467461586,0.03421245142817497,0.0047307563945651054,30.0
2026-04-26T16:50:51.249539,260426_141647.000000,1,58.32352066040039,8.565314292907715,34.900001525878906,42.689998626708984,0.5799999833106995,18,37.91999816894531,1,260426_145032.984375,-7.524219512939453,4.221643447875977,0.047117456793785095,1.3920996189117432,0.7013801336288452,0.0383303239941597,0.020573856309056282,0.01809854619204998,0.019617481157183647,0.0026859426870942116,30.0
2026-04-26T16:50:54.304059,260426_141703.000000,1,58.323219299316406,8.567096710205078,34.5,23.799999237060547,0.6800000071525574,15,37.91999816894531,1,260426_145032.984375,-7.593863010406494,4.081857204437256,0.027460522949695587,1.0908982753753662,0.7237665057182312,0.01010819710791111,-0.015903353691101074,0.019974684342741966,0.018896229565143585,0.002420631004497409,25.0
2026-04-26T16:50:54.304688,260426_141703.000000,1,58.323219299316406,8.567096710205078,34.5,23.799999237060547,0.6800000071525574,15,37.91999816894531,1,260426_145032.984375,-7.593863010406494,4.081857204437256,0.027460522949695587,1.0908982753753662,0.7237665057182312,0.01010819710791111,-0.015903353691101074,0.019974684342741966,0.018896229565143585,0.002420631004497409,25.0
2026-04-26T16:50:54.304958,260426_141703.000000,1,58.323219299316406,8.567096710205078,34.5,23.799999237060547,0.6800000071525574,15,37.91999816894531,1,260426_145032.984375,-7.593863010406494,4.081857204437256,0.027460522949695587,1.0908982753753662,0.7237665057182312,0.01010819710791111,-0.015903353691101074,0.019974684342741966,0.018896229565143585,0.002420631004497409,25.0
2026-04-26T16:50:54.314048,260426_141703.000000,1,58.323219299316406,8.567096710205078,34.5,23.799999237060547,0.6800000071525574,15,37.91999816894531,1,260426_145032.984375,-7.593863010406494,4.081857204437256,0.027460522949695587,1.0908982753753662,0.7237665057182312,0.01010819710791111,-0.015903353691101074,0.019974684342741966,0.018896229565143585,0.002420631004497409,25.0
2026-04-26T16:50:57.274749,260426_141704.000000,1,58.323211669921875,8.567219734191895,34.5,27.309999465942383,0.6800000071525574,15,37.91999816894531,1,260426_145048.984375,-7.720126628875732,3.9466264247894287,0.031977225095033646,0.19055572152137756,0.6981098651885986,0.027703914791345596,-0.00027278601191937923,-0.015967512503266335,0.015696046873927116,0.0020578750409185886,23.0
2026-04-26T16:50:57.275024,260426_141704.000000,1,58.323211669921875,8.567219734191895,34.5,27.309999465942383,0.6800000071525574,15,37.91999816894531,1,260426_145048.984375,-7.720126628875732,3.9466264247894287,0.031977225095033646,0.19055572152137756,0.6981098651885986,0.027703914791345596,-0.00027278601191937923,-0.015967512503266335,0.015696046873927116,0.0020578750409185886,23.0
2026-04-26T16:50:57.275189,260426_141704.000000,1,58.323211669921875,8.567219734191895,34.5,27.309999465942383,0.6800000071525574,15,37.91999816894531,1,260426_145048.984375,-7.720126628875732,3.9466264247894287,0.031977225095033646,0.19055572152137756,0.6981098651885986,0.027703914791345596,-0.00027278601191937923,-0.015967512503266335,0.015696046873927116,0.0020578750409185886,23.0
2026-04-26T16:50:57.297320,260426_141704.000000,1,58.323211669921875,8.567219734191895,34.5,27.309999465942383,0.6800000071525574,15,37.91999816894531,1,260426_145048.984375,-7.720126628875732,3.9466264247894287,0.031977225095033646,0.19055572152137756,0.6981098651885986,0.027703914791345596,-0.00027278601191937923,-0.015967512503266335,0.015696046873927116,0.0020578750409185886,23.0
2026-04-26T16:51:00.548713,260426_141712.000000,1,58.32304000854492,8.568254470825195,30.799999237060547,17.020000457763672,0.6499999761581421,16,37.91999816894531,1,260426_145048.984375,-7.786888122558594,3.8396472930908203,0.027593836188316345,0.3637597858905792,0.6305153369903564,0.018186848610639572,-0.003709520911797881,-0.02041807398200035,0.015928657725453377,0.0020063386764377356,21.0
2026-04-26T16:51:00.548987,260426_141712.000000,1,58.32304000854492,8.568254470825195,30.799999237060547,17.020000457763672,0.6499999761581421,16,37.91999816894531,1,260426_145048.984375,-7.786888122558594,3.8396472930908203,0.027593836188316345,0.3637597858905792,0.6305153369903564,0.018186848610639572,-0.003709520911797881,-0.02041807398200035,0.015928657725453377,0.0020063386764377356,21.0
2026-04-26T16:51:00.549334,260426_141712.000000,1,58.32304000854492,8.568254470825195,30.799999237060547,17.020000457763672,0.6499999761581421,16,37.91999816894531,1,260426_145048.984375,-7.786888122558594,3.8396472930908203,0.027593836188316345,0.3637597858905792,0.6305153369903564,0.018186848610639572,-0.003709520911797881,-0.02041807398200035,0.015928657725453377,0.0020063386764377356,21.0
2026-04-26T16:51:00.582165,260426_141712.000000,1,58.32304000854492,8.568254470825195,30.799999237060547,17.020000457763672,0.6499999761581421,16,37.91999816894531,1,260426_145048.984375,-7.786888122558594,3.8396472930908203,0.027593836188316345,0.3637597858905792,0.6305153369903564,0.018186848610639572,-0.003709520911797881,-0.02041807398200035,0.015928657725453377,0.0020063386764377356,21.0
2026-04-26T16:51:03.417978,260426_141713.000000,1,58.323020935058594,8.56833267211914,30.799999237060547,16.34000015258789,0.6499999761581421,16,37.91999816894531,1,260426_145048.984375,-7.924561023712158,4.117476940155029,0.054744232445955276,0.8274312019348145,0.668836236000061,-0.04005346819758415,-0.0053642974235117435,-0.03693067654967308,0.018253309652209282,0.0022277904208749533,21.0
2026-04-26T16:51:03.418213,260426_141713.000000,1,58.323020935058594,8.56833267211914,30.799999237060547,16.34000015258789,0.6499999761581421,16,37.91999816894531,1,260426_145048.984375,-7.924561023712158,4.117476940155029,0.054744232445955276,0.8274312019348145,0.668836236000061,-0.04005346819758415,-0.0053642974235117435,-0.03693067654967308,0.018253309652209282,0.0022277904208749533,21.0
2026-04-26T16:51:03.418340,260426_141713.000000,1,58.323020935058594,8.56833267211914,30.799999237060547,16.34000015258789,0.6499999761581421,16,37.91999816894531,1,260426_145048.984375,-7.924561023712158,4.117476940155029,0.054744232445955276,0.8274312019348145,0.668836236000061,-0.04005346819758415,-0.0053642974235117435,-0.03693067654967308,0.018253309652209282,0.0022277904208749533,21.0
2026-04-26T16:51:03.429371,260426_141713.000000,1,58.323020935058594,8.56833267211914,30.799999237060547,16.34000015258789,0.6499999761581421,16,37.91999816894531,1,260426_145048.984375,-7.924561023712158,4.117476940155029,0.054744232445955276,0.8274312019348145,0.668836236000061,-0.04005346819758415,-0.0053642974235117435,-0.03693067654967308,0.018253309652209282,0.0022277904208749533,21.0
2026-04-26T16:51:06.486702,260426_141721.000000,1,58.32286834716797,8.569154739379883,27.0,17.1200008392334,0.6499999761581421,16,37.91999816894531,1,260426_145050.000000,-8.082011222839355,4.633281230926514,0.06884239614009857,1.1127545833587646,0.6311454772949219,-0.04285821318626404,-0.02811698615550995,0.04595523700118065,0.019657155498862267,0.0024700770154595375,19.0
2026-04-26T16:51:09.461840,260426_141729.000000,1,58.32270050048828,8.569488525390625,24.399999618530273,14.229999542236328,0.6600000262260437,16,37.91999816894531,1,260426_145050.000000,-8.140324592590332,4.870876789093018,0.09381812810897827,1.0199979543685913,0.5303439497947693,-0.059333305805921555,-0.026020905002951622,0.06785508245229721,0.020085664466023445,0.002436073962599039,21.0
2026-04-26T16:51:12.519588,260426_141730.000000,1,58.32270812988281,8.56954574584961,24.5,10.930000305175781,0.6600000262260437,16,37.91999816894531,1,260426_145104.984375,-8.080866813659668,5.200812339782715,0.054787494242191315,1.248350739479065,0.8391669392585754,-3.938819281756878e-05,-0.03668433055281639,0.04069308936595917,0.026117466390132904,0.003582220058888197,22.0
2026-04-26T16:51:15.599194,260426_141738.000000,1,58.32273864746094,8.569585800170898,25.600000381469727,0.0,0.6399999856948853,16,37.91999816894531,1,260426_145104.984375,-7.879922389984131,5.535099983215332,0.03903824836015701,0.39857399463653564,0.9234725832939148,-0.016616953536868095,-0.00524222431704402,0.034933947026729584,0.029736658558249474,0.004412044305354357,22.0
2026-04-26T16:51:18.675899,260426_141739.000000,1,58.32273864746094,8.569585800170898,25.600000381469727,0.0,0.6399999856948853,16,37.91999816894531,1,260426_145104.984375,-7.485348224639893,5.636724948883057,0.08167330920696259,1.554369330406189,0.9720467925071716,0.044446371495723724,0.05650060996413231,0.0387650802731514,0.03153872489929199,0.005150718614459038,22.0
2026-04-26T16:51:18.676231,260426_141739.000000,1,58.32273864746094,8.569585800170898,25.600000381469727,0.0,0.6399999856948853,16,37.91999816894531,1,260426_145104.984375,-7.485348224639893,5.636724948883057,0.08167330920696259,1.554369330406189,0.9720467925071716,0.044446371495723724,0.05650060996413231,0.0387650802731514,0.03153872489929199,0.005150718614459038,22.0
2026-04-26T16:51:18.676406,260426_141739.000000,1,58.32273864746094,8.569585800170898,25.600000381469727,0.0,0.6399999856948853,16,37.91999816894531,1,260426_145104.984375,-7.485348224639893,5.636724948883057,0.08167330920696259,1.554369330406189,0.9720467925071716,0.044446371495723724,0.05650060996413231,0.0387650802731514,0.03153872489929199,0.005150718614459038,22.0
2026-04-26T16:51:18.677004,260426_141739.000000,1,58.32273864746094,8.569585800170898,25.600000381469727,0.0,0.6399999856948853,16,37.91999816894531,1,260426_145104.984375,-7.485348224639893,5.636724948883057,0.08167330920696259,1.554369330406189,0.9720467925071716,0.044446371495723724,0.05650060996413231,0.0387650802731514,0.03153872489929199,0.005150718614459038,22.0
2026-04-26T16:51:21.647325,260426_141747.000000,1,58.32273864746094,8.569585800170898,25.600000381469727,0.0,0.6399999856948853,16,37.91999816894531,1,260426_145104.984375,-6.537289142608643,5.440725326538086,0.13228873908519745,1.9382625818252563,0.9973016381263733,-0.02553495205938816,0.11080111563205719,0.06761204451322556,0.03391803056001663,0.0062671019695699215,24.0
2026-04-26T16:51:24.711127,260426_141739.000000,1,58.32273864746094,8.569585800170898,25.600000381469727,0.0,0.6399999856948853,16,37.91999816894531,1,260426_145104.984375,-5.920703411102295,6.166611671447754,0.09943272173404694,1.4882640838623047,1.0386945009231567,-0.0719107836484909,-0.054573871195316315,-0.04168210178613663,0.04332972317934036,0.008924751542508602,24.0
2026-04-26T16:51:27.823028,260426_141738.000000,1,58.32273864746094,8.569585800170898,25.600000381469727,0.0,0.6399999856948853,16,37.91999816894531,1,260426_145106.000000,-5.619851112365723,6.849336624145508,0.12108515202999115,1.299460768699646,0.9996678233146667,-0.054792024195194244,0.0994296446442604,0.042109303176403046,0.042769186198711395,0.009038579650223255,24.0
2026-04-26T16:51:30.855156,260426_141730.000000,1,58.32270812988281,8.56954574584961,24.5,10.930000305175781,0.6600000262260437,16,37.91999816894531,1,260426_145106.000000,-4.337597370147705,6.389673233032227,0.16302908957004547,1.1404589414596558,1.0907129049301147,0.034136757254600525,0.1573154479265213,0.025787848979234695,0.04663126915693283,0.012953512370586395,26.0
2026-04-26T16:51:33.857524,260426_141729.000000,1,58.32270050048828,8.569488525390625,24.399999618530273,14.229999542236328,0.6600000262260437,16,37.91999816894531,1,260426_145120.984375,-3.909158706665039,5.337286472320557,0.07280775159597397,0.27131181955337524,1.153710961341858,-0.054028864949941635,-0.04770183190703392,0.010314317420125008,0.06355207413434982,0.018445979803800583,26.0
2026-04-26T16:51:36.897243,260426_141721.000000,1,58.32286834716797,8.569154739379883,27.0,17.1200008392334,0.6499999761581421,16,37.91999816894531,1,260426_145120.984375,-4.2988457679748535,5.057097911834717,0.060739971697330475,0.6543236374855042,1.1566342115402222,0.005126661621034145,-0.05472803860902786,-0.025843828916549683,0.06330767273902893,0.01840094104409218,28.0
2026-04-26T16:51:36.897517,260426_141721.000000,1,58.32286834716797,8.569154739379883,27.0,17.1200008392334,0.6499999761581421,16,37.91999816894531,1,260426_145120.984375,-4.2988457679748535,5.057097911834717,0.060739971697330475,0.6543236374855042,1.1566342115402222,0.005126661621034145,-0.05472803860902786,-0.025843828916549683,0.06330767273902893,0.01840094104409218,28.0
2026-04-26T16:51:36.897718,260426_141721.000000,1,58.32286834716797,8.569154739379883,27.0,17.1200008392334,0.6499999761581421,16,37.91999816894531,1,260426_145120.984375,-4.2988457679748535,5.057097911834717,0.060739971697330475,0.6543236374855042,1.1566342115402222,0.005126661621034145,-0.05472803860902786,-0.025843828916549683,0.06330767273902893,0.01840094104409218,28.0
2026-04-26T16:51:36.924640,260426_141721.000000,1,58.32286834716797,8.569154739379883,27.0,17.1200008392334,0.6499999761581421,16,37.91999816894531,1,260426_145120.984375,-4.2988457679748535,5.057097911834717,0.060739971697330475,0.6543236374855042,1.1566342115402222,0.005126661621034145,-0.05472803860902786,-0.025843828916549683,0.06330767273902893,0.01840094104409218,28.0
2026-04-26T16:51:39.967647,260426_141713.000000,1,58.323020935058594,8.56833267211914,30.799999237060547,16.34000015258789,0.6499999761581421,16,37.91999816894531,1,260426_145120.984375,-4.456434726715088,4.127127170562744,0.048935696482658386,1.2797629833221436,1.0783790349960327,0.041012492030858994,0.014399484731256962,0.022479601204395294,0.06438268721103668,0.017483917996287346,29.0
2026-04-26T16:51:43.096879,260426_141712.000000,1,58.32304000854492,8.568254470825195,30.799999237060547,17.020000457763672,0.6499999761581421,16,37.91999816894531,1,260426_145136.000000,-4.027163028717041,4.274461269378662,0.06948238611221313,2.990797758102417,1.116928219795227,0.0041846842505037785,0.03794918954372406,0.05805299058556557,0.0639447420835495,0.01719306781888008,31.0
2026-04-26T16:51:46.008908,260426_141704.000000,1,58.323211669921875,8.567219734191895,34.5,27.309999465942383,0.6800000071525574,15,37.91999816894531,1,260426_145136.000000,-3.1047494411468506,4.463871002197266,0.17594200372695923,3.5517988204956055,1.14286208152771,-0.018201349303126335,0.17149975895881653,0.03481568023562431,0.06259123235940933,0.015697825700044632,29.0
2026-04-26T16:51:49.040040,260426_141703.000000,1,58.323219299316406,8.567096710205078,34.5,23.799999237060547,0.6800000071525574,15,37.91999816894531,1,260426_145136.000000,-3.2820162773132324,1.8134328126907349,0.22096961736679077,1.6262654066085815,1.1384793519973755,0.21058624982833862,-0.0640900507569313,-0.019325334578752518,0.06604794412851334,0.01905742473900318,29.0
2026-04-26T16:51:52.166108,260426_141647.000000,1,58.32352066040039,8.565314292907715,34.900001525878906,42.689998626708984,0.5799999833106995,18,37.91999816894531,1,260426_145136.000000,-4.864242076873779,1.7122658491134644,0.05692881718277931,1.990482211112976,1.1393522024154663,0.0008394619217142463,-0.04343484714627266,-0.03679129481315613,0.061749666929244995,0.02111988514661789,31.0
2026-04-26T16:51:55.239394,260426_141646.000000,1,58.32353973388672,8.565118789672852,35.599998474121094,42.689998626708984,0.6000000238418579,17,37.91999816894531,1,260426_145136.000000,-5.0505218505859375,1.6469553709030151,0.06054410710930824,1.9210442304611206,1.1052085161209106,-0.0409422442317009,-0.035801712423563004,0.026599980890750885,0.06478714942932129,0.020935172215104103,26.0
2026-04-26T16:51:58.266877,260426_141638.000000,1,58.323829650878906,8.563915252685547,34.20000076293945,12.960000038146973,0.6000000238418579,17,37.91999816894531,1,260426_145152.000000,-5.657229900360107,2.4652771949768066,0.06720186024904251,1.4895305633544922,1.102038025856018,0.009728176519274712,-0.046748824417591095,-0.04728635773062706,0.06526829302310944,0.02150881290435791,24.0
2026-04-26T16:52:01.223658,260426_141630.000000,1,58.32392883300781,8.563440322875977,35.70000076293945,24.3799991607666,0.5799999833106995,18,37.91999816894531,1,260426_145152.000000,-5.360225677490234,3.420036792755127,0.16115929186344147,3.356238603591919,0.9980648756027222,0.03674021363258362,0.08082561194896698,-0.13449794054031372,0.061998896300792694,0.01803520880639553,22.0
2026-04-26T16:52:04.418934,260426_141629.000000,1,58.32395935058594,8.56334114074707,36.0,23.1299991607666,0.5799999833106995,18,37.91999816894531,1,260426_145152.000000,-5.088914394378662,3.641913890838623,0.10073596984148026,1.380064606666565,0.9893529415130615,0.04002607986330986,-0.08657403290271759,0.03241272270679474,0.04203558713197708,0.012295926921069622,20.0
2026-04-26T16:52:07.496020,260426_141621.000000,1,58.3237190246582,8.56259822845459,34.5,37.13999938964844,0.5799999833106995,18,37.91999816894531,1,260426_145152.000000,-6.246488094329834,4.420474052429199,0.12359390407800674,0.890039324760437,0.9601042866706848,-0.052234042435884476,-0.11134781688451767,-0.01219518855214119,0.03500388562679291,0.01213525515049696,17.0
2026-04-26T16:52:10.368087,260426_141613.000000,1,58.32305145263672,8.561487197875977,38.900001525878906,48.47999954223633,0.6200000047683716,17,37.91999816894531,1,260426_145152.984375,-7.154794216156006,4.321191310882568,0.06059382110834122,0.5779269933700562,0.9551451206207275,0.026614299044013023,-0.052700359374284744,-0.013636788353323936,0.034592848271131516,0.011854846030473709,22.0
2026-04-26T16:52:13.412735,260426_141612.000000,1,58.32297897338867,8.561264991760254,40.79999923706055,48.13999938964844,0.6399999856948853,17,37.91999816894531,1,260426_145152.984375,-7.417056560516357,3.4875805377960205,0.1403506100177765,1.887704610824585,0.8406811356544495,0.12119513750076294,-0.06545325368642807,-0.026942599564790726,0.030645709484815598,0.011509981006383896,22.0
2026-04-26T16:52:16.538391,260426_141604.000000,1,58.32265090942383,8.559686660766602,43.099998474121094,46.029998779296875,0.6200000047683716,17,37.91999816894531,1,260426_145152.984375,-7.942281723022461,3.3806893825531006,0.08583010733127594,0.797737181186676,1.0434863567352295,0.008195187896490097,-0.07421757280826569,-0.042324915528297424,0.030839432030916214,0.01084498967975378,26.0
2026-04-26T16:52:19.830053,260426_141603.000000,1,58.322608947753906,8.55945110321045,44.400001525878906,48.900001525878906,0.6200000047683716,17,37.91999816894531,1,260426_145152.984375,-8.659289360046387,3.7250747680664062,0.023818328976631165,1.4424351453781128,0.9813891649246216,0.009961092844605446,-0.008453208953142166,-0.019915638491511345,0.031323689967393875,0.008680936880409718,24.0
2026-04-26T16:52:22.680060,260426_141555.000000,1,58.32210922241211,8.557908058166504,42.29999923706055,49.11000061035156,0.5799999833106995,18,37.91999816894531,1,260426_145152.984375,-8.962818145751953,3.909057378768921,0.062464188784360886,0.6546006798744202,1.1714324951171875,-0.059275951236486435,-0.01857444830238819,-0.006567043252289295,0.03261316195130348,0.008034070953726768,26.0
2026-04-26T16:52:25.668546,260426_141547.000000,1,58.32133102416992,8.556686401367188,38.20000076293945,49.7599983215332,0.6600000262260437,15,37.91999816894531,1,260426_145208.984375,-9.414600372314453,4.881479263305664,0.07471408694982529,0.3448507785797119,1.2024706602096558,-0.0434875562787056,-0.0395374558866024,0.04612826183438301,0.033506616950035095,0.008419433608651161,24.0
2026-04-26T16:52:28.773277,260426_141546.000000,1,58.32122039794922,8.556527137756348,38.0,48.77000045776367,0.6600000262260437,15,37.91999816894531,1,260426_145208.984375,-9.49523639678955,4.787516117095947,0.041669055819511414,1.5752843618392944,1.180903434753418,-0.01099349930882454,-0.03475973755121231,-0.020179545506834984,0.03537162393331528,0.006890890188515186,24.0
2026-04-26T16:52:31.713259,260426_141538.000000,1,58.32059097290039,8.555474281311035,34.5,40.709999084472656,0.6499999761581421,16,37.91999816894531,1,260426_145224.000000,-8.990814208984375,4.60357666015625,0.11692013591527939,0.8742859363555908,1.0072391033172607,0.0074371760711073875,0.11000674217939377,0.038904041051864624,0.03281329199671745,0.006468457169830799,24.0
2026-04-26T16:52:34.734321,260426_141521.000000,1,58.3195686340332,8.552607536315918,23.600000381469727,44.880001068115234,0.6499999761581421,16,37.91999816894531,1,260426_145224.000000,-8.246065139770508,4.355753421783447,0.14344638586044312,0.6817538142204285,0.9998863935470581,0.041345126926898956,0.1372261792421341,0.006035003811120987,0.037825167179107666,0.007959204725921154,22.0
2026-04-26T16:52:37.833087,260426_141520.000000,1,58.31951904296875,8.552425384521484,23.399999618530273,42.81999969482422,0.6499999761581421,16,37.91999816894531,1,260426_145224.000000,-6.690155029296875,4.291693210601807,0.176844522356987,1.3806096315383911,0.7760065197944641,0.012498772703111172,0.17398768663406372,0.02908690832555294,0.0497906431555748,0.011144879274070263,18.0
2026-04-26T16:52:37.833394,260426_141520.000000,1,58.31951904296875,8.552425384521484,23.399999618530273,42.81999969482422,0.6499999761581421,16,37.91999816894531,1,260426_145224.000000,-6.690155029296875,4.291693210601807,0.176844522356987,1.3806096315383911,0.7760065197944641,0.012498772703111172,0.17398768663406372,0.02908690832555294,0.0497906431555748,0.011144879274070263,18.0
2026-04-26T16:52:37.833792,260426_141520.000000,1,58.31951904296875,8.552425384521484,23.399999618530273,42.81999969482422,0.6499999761581421,16,37.91999816894531,1,260426_145224.000000,-6.690155029296875,4.291693210601807,0.176844522356987,1.3806096315383911,0.7760065197944641,0.012498772703111172,0.17398768663406372,0.02908690832555294,0.0497906431555748,0.011144879274070263,18.0
2026-04-26T16:52:37.835248,260426_141520.000000,1,58.31951904296875,8.552425384521484,23.399999618530273,42.81999969482422,0.6499999761581421,16,37.91999816894531,1,260426_145224.000000,-6.690155029296875,4.291693210601807,0.176844522356987,1.3806096315383911,0.7760065197944641,0.012498772703111172,0.17398768663406372,0.02908690832555294,0.0497906431555748,0.011144879274070263,18.0
2026-04-26T16:52:40.926184,260426_141512.000000,1,58.319091796875,8.551191329956055,23.600000381469727,33.029998779296875,0.5799999833106995,18,37.91999816894531,1,260426_145224.000000,-7.319744110107422,4.351586818695068,0.09260664880275726,2.3791232109069824,0.8307667374610901,-0.06817295402288437,-0.0513012669980526,-0.03600860387086868,0.05010542273521423,0.010455113835632801,18.0
2026-04-26T16:52:44.010621,260426_141511.000000,1,58.31903076171875,8.551077842712402,24.200000762939453,32.310001373291016,0.5799999833106995,18,37.91999816894531,1,260426_145224.000000,-8.30423355102539,4.966550350189209,0.05739353597164154,0.9092251658439636,0.8563889265060425,-0.010624351911246777,-0.04694812372326851,0.03125723823904991,0.04483051970601082,0.012102658860385418,16.0
2026-04-26T16:52:46.946739,260426_141503.000000,1,58.318790435791016,8.550363540649414,25.299999237060547,25.389999389648438,0.5799999833106995,18,37.91999816894531,1,260426_145239.015625,-8.654857635498047,5.0016188621521,0.044702690094709396,1.0045212507247925,0.7941110730171204,-0.04320980980992317,-0.011225132271647453,-0.002288919873535633,0.04897089675068855,0.011432502418756485,18.0
2026-04-26T16:52:50.028734,260426_141454.000000,1,58.3189811706543,8.549304962158203,29.299999237060547,37.18000030517578,0.5799999833106995,18,37.91999816894531,1,260426_145239.015625,-7.489015102386475,5.1248459815979,0.17878417670726776,3.616071939468384,1.007418155670166,0.010574497282505035,0.15950584411621094,-0.08006153255701065,0.045623473823070526,0.010815387591719627,22.0
2026-04-26T16:52:53.051588,260426_141446.000000,1,58.319488525390625,8.548107147216797,28.5,43.52000045776367,0.6399999856948853,16,37.91999816894531,1,260426_145239.015625,-6.15683650970459,4.849364757537842,0.03577633202075958,1.4022216796875,0.9826837778091431,0.002980887657031417,-0.018507666885852814,0.03047173283994198,0.045237790793180466,0.010731692425906658,24.0
2026-04-26T16:52:56.133091,260426_141445.000000,1,58.31956100463867,8.547956466674805,27.399999618530273,45.290000915527344,0.6399999856948853,16,37.91999816894531,1,260426_145239.015625,-6.567745685577393,4.94935941696167,0.07196768373250961,0.5750058889389038,0.8671867847442627,-0.019066255539655685,-0.06627090275287628,-0.020591091364622116,0.050415344536304474,0.009113642387092113,22.0
2026-04-26T16:52:59.279618,260426_141437.000000,1,58.32020950317383,8.546666145324707,21.299999237060547,46.65999984741211,0.5799999833106995,18,37.91999816894531,1,260426_145254.000000,-7.680366516113281,5.376351356506348,0.12461180984973907,1.5036084651947021,0.8786191940307617,-0.03559413552284241,-0.11116890609264374,-0.04361916705965996,0.05386674031615257,0.011555228382349014,24.0
2026-04-26T16:53:02.209722,260426_141429.000000,1,58.32078170776367,8.545563697814941,21.100000381469727,24.8799991607666,0.6100000143051147,17,37.91999816894531,1,260426_145254.000000,-8.430902481079102,5.161860942840576,0.1109069362282753,1.325771450996399,0.8657745122909546,0.10035522282123566,-0.009633529931306839,-0.046220920979976654,0.051551055163145065,0.012782923877239227,22.0
2026-04-26T16:53:05.261361,260426_141420.000000,1,58.321128845214844,8.545815467834473,23.799999237060547,41.02000045776367,0.6499999761581421,16,37.91999816894531,1,260426_145254.000000,-8.959918022155762,4.372336387634277,0.04356084018945694,0.9321855306625366,0.7004233002662659,-0.03371289372444153,-0.018814871087670326,0.020173951983451843,0.04821318760514259,0.01155935414135456,22.0
2026-04-26T16:53:05.261599,260426_141420.000000,1,58.321128845214844,8.545815467834473,23.799999237060547,41.02000045776367,0.6499999761581421,16,37.91999816894531,1,260426_145254.000000,-8.959918022155762,4.372336387634277,0.04356084018945694,0.9321855306625366,0.7004233002662659,-0.03371289372444153,-0.018814871087670326,0.020173951983451843,0.04821318760514259,0.01155935414135456,22.0
2026-04-26T16:53:05.261735,260426_141420.000000,1,58.321128845214844,8.545815467834473,23.799999237060547,41.02000045776367,0.6499999761581421,16,37.91999816894531,1,260426_145254.000000,-8.959918022155762,4.372336387634277,0.04356084018945694,0.9321855306625366,0.7004233002662659,-0.03371289372444153,-0.018814871087670326,0.020173951983451843,0.04821318760514259,0.01155935414135456,22.0
2026-04-26T16:53:05.261917,260426_141420.000000,1,58.321128845214844,8.545815467834473,23.799999237060547,41.02000045776367,0.6499999761581421,16,37.91999816894531,1,260426_145254.000000,-8.959918022155762,4.372336387634277,0.04356084018945694,0.9321855306625366,0.7004233002662659,-0.03371289372444153,-0.018814871087670326,0.020173951983451843,0.04821318760514259,0.01155935414135456,22.0
2026-04-26T16:53:05.375476,260426_141420.000000,1,58.321128845214844,8.545815467834473,23.799999237060547,41.02000045776367,0.6499999761581421,16,37.91999816894531,1,260426_145254.000000,-8.959918022155762,4.372336387634277,0.04356084018945694,0.9321855306625366,0.7004233002662659,-0.03371289372444153,-0.018814871087670326,0.020173951983451843,0.04821318760514259,0.01155935414135456,22.0
2026-04-26T16:53:08.321228,260426_141412.000000,1,58.321929931640625,8.54716968536377,34.0,68.55000305175781,0.7300000190734863,13,37.91999816894531,1,260426_145254.000000,-9.04052734375,4.162630558013916,0.10772933065891266,1.6498528718948364,0.7881243228912354,-0.10139700770378113,0.0320729985833168,-0.017192356288433075,0.044561296701431274,0.009652607142925262,20.0
2026-04-26T16:53:11.302652,260426_141411.000000,1,58.32207107543945,8.547348022460938,34.79999923706055,70.36000061035156,0.6600000262260437,15,37.91999816894531,1,260426_145254.000000,-8.3980712890625,4.839633941650391,0.038225412368774414,1.7569992542266846,1.196164846420288,-0.037228722125291824,0.0028186007402837276,0.008201207965612411,0.045175086706876755,0.011404323391616344,22.0
2026-04-26T16:53:11.302975,260426_141411.000000,1,58.32207107543945,8.547348022460938,34.79999923706055,70.36000061035156,0.6600000262260437,15,37.91999816894531,1,260426_145254.000000,-8.3980712890625,4.839633941650391,0.038225412368774414,1.7569992542266846,1.196164846420288,-0.037228722125291824,0.0028186007402837276,0.008201207965612411,0.045175086706876755,0.011404323391616344,22.0
2026-04-26T16:53:11.303184,260426_141411.000000,1,58.32207107543945,8.547348022460938,34.79999923706055,70.36000061035156,0.6600000262260437,15,37.91999816894531,1,260426_145254.000000,-8.3980712890625,4.839633941650391,0.038225412368774414,1.7569992542266846,1.196164846420288,-0.037228722125291824,0.0028186007402837276,0.008201207965612411,0.045175086706876755,0.011404323391616344,22.0
2026-04-26T16:53:11.324579,260426_141411.000000,1,58.32207107543945,8.547348022460938,34.79999923706055,70.36000061035156,0.6600000262260437,15,37.91999816894531,1,260426_145254.000000,-8.3980712890625,4.839633941650391,0.038225412368774414,1.7569992542266846,1.196164846420288,-0.037228722125291824,0.0028186007402837276,0.008201207965612411,0.045175086706876755,0.011404323391616344,22.0
2026-04-26T16:53:14.389481,260426_141403.000000,1,58.32334899902344,8.54802417755127,37.599998474121094,63.779998779296875,0.6399999856948853,16,37.91999816894531,1,260426_145254.000000,-8.194490432739258,4.906145095825195,0.04091160371899605,2.0318470001220703,1.2249501943588257,-0.031786900013685226,0.0021745525300502777,-0.02566366270184517,0.048180002719163895,0.008544799871742725,18.0
2026-04-26T16:53:17.453802,260426_141402.000000,1,58.32350158691406,8.54796314239502,38.79999923706055,63.779998779296875,0.6000000238418579,17,37.91999816894531,1,260426_145254.000000,-7.77050256729126,4.923945903778076,0.05762004479765892,0.7849531173706055,1.169236183166504,-0.023825252428650856,0.05212826281785965,-0.005922111216932535,0.04495153948664665,0.006043864879757166,18.0
2026-04-26T16:53:20.472488,260426_141354.000000,1,58.32466125488281,8.547277450561523,47.0,47.5,0.5799999833106995,18,37.91999816894531,1,260426_145310.000000,-6.931295871734619,4.998019695281982,0.029746348038315773,0.4953238368034363,1.1559295654296875,-0.017030419781804085,0.02169693261384964,-0.011137916706502438,0.04545053839683533,0.006029982585459948,20.0
2026-04-26T16:53:23.478388,260426_141346.000000,1,58.325199127197266,8.546488761901855,49.400001525878906,22.040000915527344,0.5799999833106995,18,37.91999816894531,1,260426_145310.000000,-6.660110950469971,4.563284873962402,0.06856655329465866,0.46652278304100037,1.06702721118927,0.06668226420879364,0.014026060700416565,0.007623497396707535,0.04279109835624695,0.005565175320953131,18.0
2026-04-26T16:53:26.549636,260426_141345.000000,1,58.32524871826172,8.546490669250488,50.5,21.729999542236328,0.5799999833106995,18,37.91999816894531,1,260426_145310.000000,-6.71407413482666,4.216817855834961,0.06714500486850739,0.636868953704834,0.734636127948761,0.06548632681369781,-0.014783029444515705,-0.0012064011534675956,0.027175206691026688,0.0038529892917722464,20.0
2026-04-26T16:53:29.630001,260426_141337.000000,1,58.325531005859375,8.547204971313477,50.400001525878906,37.5099983215332,0.6399999856948853,17,37.91999816894531,1,260426_145324.984375,-7.921650409698486,6.505166530609131,0.09286750108003616,1.0357773303985596,0.4900607168674469,-0.06392941623926163,-0.06733816117048264,-0.0017247647047042847,0.06278890371322632,0.01201758161187172,20.0
2026-04-26T16:53:32.649110,260426_141336.000000,1,58.325618743896484,8.547283172607422,49.20000076293945,41.529998779296875,0.6200000047683716,17,37.91999816894531,1,260426_145324.984375,-9.421116828918457,5.488593101501465,0.11660964041948318,1.612054705619812,0.5561404228210449,0.048533305525779724,-0.08811834454536438,0.05897020548582077,0.06063608452677727,0.016432160511612892,24.0
2026-04-26T16:53:35.782971,260426_141328.000000,1,58.3266716003418,8.547530174255371,43.400001525878906,65.5199966430664,0.6399999856948853,17,37.91999816894531,1,260426_145324.984375,-9.438218116760254,5.476344585418701,0.05385257676243782,0.27963876724243164,0.6182257533073425,0.012854808941483498,0.0132248904556036,0.05059600993990898,0.06163166090846062,0.01588071510195732,23.0
2026-04-26T16:53:38.746711,260426_141320.000000,1,58.3279914855957,8.547384262084961,47.400001525878906,67.48999786376953,0.6000000238418579,17,37.91999816894531,1,260426_145324.984375,-9.27153205871582,3.705383062362671,0.12221697717905045,0.9468372464179993,0.6158596277236938,0.11889652907848358,0.011566557921469212,-0.025822840631008148,0.0555090568959713,0.01795370504260063,19.0
2026-04-26T16:53:41.757223,260426_141319.000000,1,58.32815170288086,8.547333717346191,47.70000076293945,67.48999786376953,0.6000000238418579,17,37.91999816894531,1,260426_145324.984375,-9.166617393493652,2.8070132732391357,0.07521125674247742,2.266369104385376,0.6651755571365356,0.029153067618608475,0.018198998644948006,0.06690013408660889,0.04440362751483917,0.013856099918484688,19.0
2026-04-26T16:53:44.888558,260426_141311.000000,1,58.32952117919922,8.547144889831543,52.5,69.97000122070312,0.5799999833106995,18,37.91999816894531,1,260426_145324.984375,-9.787549018859863,1.4697335958480835,0.1289113312959671,0.4489724934101105,0.7071017026901245,0.11546440422534943,-0.04333521053195,0.037525516003370285,0.03063030354678631,0.010105508379638195,17.0
2026-04-26T16:53:47.887953,260426_141303.000000,1,58.33094024658203,8.5472412109375,51.70000076293945,70.23999786376953,0.6200000047683716,17,37.91999816894531,1,260426_145324.984375,-9.690211296081543,2.733189582824707,0.135106161236763,2.052853584289551,0.6899397373199463,-0.12075836956501007,0.04159130901098251,-0.04405967518687248,0.032607998698949814,0.01156284473836422,16.0
2026-04-26T16:53:50.909193,260426_141302.000000,1,58.33110809326172,8.547283172607422,52.79999923706055,66.97000122070312,0.6200000047683716,17,37.91999816894531,1,260426_145324.984375,-9.641337394714355,3.3727548122406006,0.05194871872663498,1.1413309574127197,0.7006201148033142,-0.04201977699995041,0.020398521795868874,0.022735614329576492,0.03538431599736214,0.010535115376114845,18.0
2026-04-26T16:53:54.034125,260426_141254.000000,1,58.33229064941406,8.54820442199707,62.79999923706055,63.040000915527344,0.6399999856948853,17,37.91999816894531,1,260426_145324.984375,-9.406298637390137,3.843296527862549,0.050756294280290604,1.0412468910217285,0.6945770382881165,-0.018381094560027122,0.045472946017980576,-0.013059400022029877,0.0349353589117527,0.008511326275765896,22.0
2026-04-26T16:53:56.980298,260426_141246.000000,1,58.33325958251953,8.54961109161377,60.79999923706055,59.130001068115234,0.6200000047683716,17,37.91999816894531,1,260426_145324.984375,-7.116723537445068,4.6281609535217285,0.19365477561950684,0.9662318229675293,0.5996098518371582,-0.08576185256242752,0.17020456492900848,-0.03431445732712746,0.05106254667043686,0.011904142796993256,22.0
2026-04-26T16:54:00.024094,260426_141245.000000,1,58.333370208740234,8.54977798461914,60.599998474121094,55.470001220703125,0.6399999856948853,17,37.91999816894531,1,260426_145324.984375,-5.1223368644714355,4.8564677238464355,0.1941010057926178,0.4300180673599243,0.5768530368804932,-0.01741071417927742,0.19318963587284088,0.007059143856167793,0.06017530709505081,0.016463901847600937,24.0
2026-04-26T16:54:30.693752,260426_141145.000000,1,58.33869171142578,8.556705474853516,53.400001525878906,42.72999954223633,0.5799999833106995,18,37.91999816894531,1,,,,,,,,,,,,
2026-04-26T16:54:33.625240,260426_141144.000000,1,58.33877182006836,8.556568145751953,54.099998474121094,43.029998779296875,0.5799999833106995,18,37.91999816894531,1,260426_145411.015625,-7.712982177734375,3.1622374057769775,0.09943878650665283,0.31004655361175537,1.4224648475646973,-0.09698580205440521,0.0035367761738598347,0.021663738414645195,0.049227599054574966,0.014377265237271786,19.0
2026-04-26T16:54:36.700204,260426_141136.000000,1,58.33951187133789,8.555705070495605,55.5,47.34000015258789,0.5799999833106995,18,37.91999816894531,1,260426_145426.000000,-8.111797332763672,3.6838037967681885,0.13509611785411835,2.212651491165161,1.4520928859710693,-0.10502592474222183,-0.07086441665887833,-0.04689083248376846,0.04283992946147919,0.010791455395519733,23.0
2026-04-26T16:54:39.660650,260426_141128.000000,1,58.34035110473633,8.554936408996582,57.0,43.689998626708984,0.6100000143051147,17,37.91999816894531,1,260426_145426.000000,-7.852649211883545,5.111756801605225,0.15201720595359802,0.6368876695632935,1.3932024240493774,-0.15150082111358643,0.011679617688059807,-0.004508337005972862,0.04161110892891884,0.010694252327084541,27.0
2026-04-26T16:54:42.738143,260426_141119.000000,1,58.341121673583984,8.555031776428223,52.29999923706055,36.029998779296875,0.5799999833106995,18,37.91999816894531,1,260426_145426.000000,-8.201815605163574,5.057647228240967,0.04628797248005867,1.3609036207199097,1.2909483909606934,-0.021154357120394707,-0.03996514156460762,-0.009892260655760765,0.04111122339963913,0.009269974194467068,29.0
2026-04-26T16:54:45.716378,260426_141110.000000,1,58.3421516418457,8.55552864074707,53.70000076293945,48.599998474121094,0.5799999833106995,18,37.91999816894531,1,260426_145426.000000,-8.664546966552734,5.249653339385986,0.10704633593559265,1.6936475038528442,1.0039572715759277,-0.10140746831893921,0.02895239181816578,0.01836313307285309,0.03625394031405449,0.008033066056668758,23.0
2026-04-26T16:54:48.884705,260426_141102.000000,1,58.343109130859375,8.555865287780762,52.599998474121094,38.75,0.5799999833106995,18,37.91999816894531,1,260426_145440.984375,-8.447205543518066,5.366964340209961,0.04483999311923981,0.9952754378318787,0.8036497831344604,-0.026631435379385948,0.03549041599035263,0.006466975435614586,0.03546573966741562,0.0067157745361328125,23.0
2026-04-26T16:54:51.850089,260426_141101.000000,1,58.34320068359375,8.555879592895508,53.400001525878906,36.72999954223633,0.5799999833106995,18,37.91999816894531,1,260426_145440.984375,-8.298423767089844,5.457601547241211,0.058750152587890625,0.9101321697235107,0.7299009561538696,-0.0556306466460228,0.011352484114468098,-0.015097439289093018,0.03308606520295143,0.005760233849287033,23.0
2026-04-26T16:54:54.923536,260426_141053.000000,1,58.3437614440918,8.556137084960938,53.29999923706055,18.149999618530273,0.5799999833106995,18,37.91999816894531,1,260426_145440.984375,-8.210592269897461,5.483783721923828,0.04581697657704353,1.5155540704727173,0.7320945858955383,-0.01826736144721508,0.003724615089595318,-0.0418524295091629,0.027735773473978043,0.004189230967313051,25.0
2026-04-26T16:54:58.002131,260426_141052.000000,1,58.3437614440918,8.556221961975098,53.5,19.940000534057617,0.5899999737739563,18,37.91999816894531,1,260426_145442.000000,-7.924007892608643,5.7281694412231445,0.03733476251363754,1.4655406475067139,0.7221531271934509,-0.014609449543058872,0.021764978766441345,0.026584474369883537,0.022315150126814842,0.003188580507412553,17.0
2026-04-26T16:55:00.958127,260426_141044.000000,1,58.34355926513672,8.556926727294922,54.5,35.97999954223633,0.5899999737739563,18,37.91999816894531,1,260426_145442.000000,-6.249209403991699,6.6418681144714355,0.22758734226226807,0.5479072332382202,0.6148514151573181,-0.19991235435009003,0.10801129043102264,0.012830119580030441,0.05375213176012039,0.00847545824944973,21.0
2026-04-26T16:55:04.034249,260426_141036.000000,1,58.343048095703125,8.558478355407715,51.599998474121094,53.0099983215332,0.5799999833106995,18,37.91999816894531,1,260426_145456.000000,-5.405003070831299,7.645686149597168,0.04902685433626175,1.5513103008270264,0.6106829643249512,-0.04533691704273224,0.008569382131099701,-0.016575952991843224,0.06710497289896011,0.012815636582672596,21.0
2026-04-26T16:55:07.107043,260426_141035.000000,1,58.342979431152344,8.558691024780273,51.099998474121094,52.65999984741211,0.5799999833106995,18,37.91999816894531,1,260426_145456.000000,-5.110554218292236,6.148374080657959,0.24060176312923431,0.37874752283096313,0.599857747554779,0.2303939312696457,0.03111896477639675,-0.06196332722902298,0.07303062826395035,0.01760135591030121,21.0
2026-04-26T16:55:10.264238,260426_141027.000000,1,58.34233093261719,8.560211181640625,47.599998474121094,49.34000015258789,0.5899999737739563,17,37.91999816894531,1,260426_145456.000000,-5.342127799987793,5.761887550354004,0.045263539999723434,0.2264612913131714,0.600134551525116,0.024316877126693726,-0.03786957263946533,0.004834577441215515,0.07224349677562714,0.01759248599410057,19.0
2026-04-26T16:55:13.185169,260426_141026.000000,1,58.34225082397461,8.56040096282959,47.599998474121094,48.970001220703125,0.5899999737739563,17,37.91999816894531,1,260426_145456.000000,-4.810723781585693,7.509174346923828,0.047848742455244064,0.5690626502037048,0.4902442395687103,0.04593080282211304,-0.012900332920253277,-0.003666723845526576,0.07850998640060425,0.022620510309934616,20.0
2026-04-26T16:55:13.185472,260426_141026.000000,1,58.34225082397461,8.56040096282959,47.599998474121094,48.970001220703125,0.5899999737739563,17,37.91999816894531,1,260426_145456.000000,-4.810723781585693,7.509174346923828,0.047848742455244064,0.5690626502037048,0.4902442395687103,0.04593080282211304,-0.012900332920253277,-0.003666723845526576,0.07850998640060425,0.022620510309934616,20.0
2026-04-26T16:55:16.260212,260426_141010.000000,1,58.341678619384766,8.563899993896484,39.400001525878906,43.25,0.6200000047683716,16,37.91999816894531,1,260426_145456.000000,-4.842878818511963,6.921902179718018,0.07790789753198624,0.08467405289411545,0.46130436658859253,0.07697974890470505,0.011855652555823326,-0.0017897123470902443,0.0783323273062706,0.01871865801513195,18.0
2026-04-26T16:55:19.340700,260426_141009.000000,1,58.34164810180664,8.5640869140625,39.79999923706055,40.880001068115234,0.6100000143051147,16,37.91999816894531,1,260426_145511.015625,-5.715698719024658,6.250991344451904,0.07010766863822937,0.04442123696208,0.4200263023376465,0.03894750401377678,-0.05806907266378403,-0.005114681087434292,0.06702101975679398,0.013633185997605324,18.0
2026-04-26T16:55:22.419510,260426_141001.000000,1,58.34149169921875,8.565285682678223,34.400001525878906,24.6299991607666,0.699999988079071,15,37.91999816894531,1,260426_145511.015625,-5.715698719024658,6.250991344451904,0.07010766863822937,0.04442123696208,0.4200263023376465,0.03894750401377678,-0.05806907266378403,-0.005114681087434292,0.06702101975679398,0.013633185997605324,18.0
2026-04-26T16:55:25.435082,260426_140952.000000,1,58.34130859375,8.565814971923828,33.099998474121094,0.28999999165534973,0.9200000166893005,10,37.91999816894531,1,260426_145511.015625,-5.715698719024658,6.250991344451904,0.07010766863822937,0.04442123696208,0.4200263023376465,0.03894750401377678,-0.05806907266378403,-0.005114681087434292,0.06702101975679398,0.013633185997605324,18.0
2026-04-26T16:55:25.435281,260426_140952.000000,1,58.34130859375,8.565814971923828,33.099998474121094,0.28999999165534973,0.9200000166893005,10,37.91999816894531,1,260426_145511.015625,-5.715698719024658,6.250991344451904,0.07010766863822937,0.04442123696208,0.4200263023376465,0.03894750401377678,-0.05806907266378403,-0.005114681087434292,0.06702101975679398,0.013633185997605324,18.0
2026-04-26T16:55:25.435393,260426_140952.000000,1,58.34130859375,8.565814971923828,33.099998474121094,0.28999999165534973,0.9200000166893005,10,37.91999816894531,1,260426_145511.015625,-5.715698719024658,6.250991344451904,0.07010766863822937,0.04442123696208,0.4200263023376465,0.03894750401377678,-0.05806907266378403,-0.005114681087434292,0.06702101975679398,0.013633185997605324,18.0
2026-04-26T16:55:25.444960,260426_140952.000000,1,58.34130859375,8.565814971923828,33.099998474121094,0.28999999165534973,0.9200000166893005,10,37.91999816894531,1,260426_145511.015625,-5.715698719024658,6.250991344451904,0.07010766863822937,0.04442123696208,0.4200263023376465,0.03894750401377678,-0.05806907266378403,-0.005114681087434292,0.06702101975679398,0.013633185997605324,18.0
