tree
version=v4
num_class=1
num_tree_per_iteration=1
label_index=0
max_feature_idx=6
objective=binary sigmoid:1
feature_names=speed_per_jerk_std Roll_Degrees Speed Zero_Crossings Jerk_Std Pitch_Degrees Energy
feature_infos=[-0.46408341776999873:6.1316215988817016] [-3.4053234056697157:3.4460399026658495] [-1.2723171417720331:4.9957201782664225] [-3.5593023832754991:2.6995637965025949] [-1.234113599306053:7.3454926837179588] [-3.4425961464084684:2.8991888818490024] [-0.85102771728380133:9.9554373423107556]
tree_sizes=3408 3421 3408 3405 3411 3414 3419 3406 3420 3420 3421 3423 3418 3416 3426 3421 3428 3426 3426 3438 3424 3431 3418 3429 3421 3425 3428 3419 3433 3428 3423 3431 3416 3424 3423 3419 3427 3427 3436 3433 3438 3430 3430 3422 3425 3436 3439 3430 3424 3429 3436 3418 3446 3447 3440 3423 3428 3438 3430 3442 3431 3429 3439 3435 3434 3427 3425 3420 3434 3452 3420 3429 3443 3436 3427 3419 3423 3416 3415 3414 3427 3414 3440 3427 3425 3415 3421 3442 3416 3425 3415 3425 3434 3422 3417 3416 3429 3417 3428 3442 3436 3434 3428 3436 3432 3430 3427 3444 3433 3421 3436 3427 3437 3410 3431 3416 3425 3414 3425 3432 3419 3405 3427 3423 3431 3418 3427 3434 3431 3423 3420 3418 3413 3422 3432 3396 3423 3424 3421 3433 3408 3435 3435 3422 3423 3424 3439 3424 3413 3414 3412 3434 3415 3421 3430 3430 3430 3414 3430 3435 3439 3401 3413 3423 3413 3394 3426 3436 3423 3430 3404 3415 3423 3435 3423 3403 3398 3410 3416 3421 3429 3424 3437 3432 3431 3411 3412 3412 3424 3440 3432 3423 3433 3420 3442 3429 3429 3441 3415 3431

Tree=0
num_leaves=31
num_cat=0
split_feature=0 1 6 0 2 5 1 6 2 0 6 6 0 0 5 5 0 5 2 6 2 5 5 2 5 2 5 3 4 5
split_gain=676.576 534.303 242.328 279.883 170.756 89.4674 84.9786 71.5722 66.8985 53.6468 48.4015 47.785 35.5143 39.441 36.9973 53.9304 34.383 30.427 23.2627 22.5354 31.007 17.0958 16.8378 20.9742 16.9081 15.3219 20.3611 13.2912 12.141 11.7396
threshold=-0.13864725884967002 0.97532326449953566 -0.746739860539262 -0.46382645497508307 0.37211296495835683 -0.42513718670068118 1.6995613547709489 0.42672311014381181 -0.27057114623097184 -0.43380396045593289 1.6360648057523108 0.91767364430924314 -0.2051559451677101 -0.31211158294526803 0.20969313362491748 1.1551280839590246 -0.46265158438555704 0.12335412001622294 1.8328972898117075 0.39413825905448446 -0.24923470330144984 -1.166225746299419 1.1956225056939336 0.31008490777959319 1.7171019893175135 0.59706004994134887 1.6724426746176546 0.85872076455050717 0.10666346010587291 -0.21640051345653846
decision_type=2 2 2 2 2 2 2 2 2 2 2 2 2 2 2 2 2 2 2 2 2 2 2 2 2 2 2 2 2 2
left_child=1 2 9 17 5 8 -2 12 -5 -1 21 -3 13 -6 27 -16 -13 -4 -14 20 28 -10 23 29 -24 -17 -27 -15 -7 -22
right_child=6 11 3 4 7 19 -8 -9 10 -11 -12 16 18 14 15 25 -18 -19 -20 -21 22 -23 24 -25 -26 26 -28 -29 -30 -31
leaf_value=-0.09835964408691332 0.092762836514003966 -0.091080849226055763 0.094329885847058884 -0.079326647777760356 0.055357946648754437 0.013050012073940796 -0.099999938264516072 0.079576619367981438 -0.095659676615603151 0.023966824867284364 0.086433550669075682 0.078689598942503561 0.071364040227628309 0.061134523359948907 -0.071105977031828027 -0.0295775763644066 -0.086625041400928429 -0.014590871478611473 -0.054900852665015119 -0.033471609503355544 -0.0015514407944981928 -0.0049430935064503738 0.027674552391264741 0.04937098728584767 -0.031948008703299759 0.0018427428724794913 0.091921758330437905 -0.021052751352124716 0.054065547868157718 -0.039039977323751168
leaf_weight=67.023195445537567 184.78585085272789 205.43532487750053 97.116582155227661 86.858453243970871 29.956842720508575 60.617336392402649 5.9000153839588156 61.628687560558319 8.4432511329650861 10.346379429101942 11.597214847803114 7.3829341530799866 35.712689101696014 20.240777581930164 36.780406981706619 14.570453286170958 5.4798058569431287 6.8650171160697928 4.062822848558425 58.939002603292465 28.662050127983093 13.493054300546648 41.331767380237579 9.3227307796478254 16.693479508161545 17.631606072187427 9.7380437254905683 6.4985579252243033 25.68881168961525 76.946861028671265
leaf_count=172 989 549 522 247 144 254 15 318 22 45 61 38 180 99 109 52 15 26 13 207 114 53 182 44 59 71 52 24 123 264
internal_value=6.48223e-08 -0.0153955 0.00239713 0.0107752 -0.000981095 -0.0194547 0.0867986 0.0332321 -0.056168 -0.0820013 0.00381744 -0.0852273 0.0169292 0.00472844 -0.00965333 -0.0269134 0.00826198 0.0871388 0.0584669 -0.00556417 0.000780106 -0.0398598 -0.0114345 -0.0225195 0.0105215 0.0118424 0.0338926 0.0411603 0.0252582 -0.0288657
internal_weight=1265.75 1075.06 856.766 779.397 675.415 438.594 190.686 236.821 120.392 77.3696 33.5335 218.298 175.192 135.417 105.46 78.7205 12.8627 103.982 39.7755 318.202 259.263 21.9363 172.957 114.932 58.0252 41.9401 27.3696 26.7393 86.3061 105.609
internal_count=5063 4059 3457 3240 2692 1630 1004 1062 383 217 136 602 744 551 407 284 53 548 193 1247 1040 75 663 422 241 175 123 123 377 378
is_linear=0
shrinkage=1


Tree=1
num_leaves=31
num_cat=0
split_feature=0 1 6 0 2 5 1 6 2 0 6 6 0 0 0 5 5 5 6 2 2 5 0 6 2 5 5 2 2 2
split_gain=611.893 483.306 219.146 253.177 154.254 80.9168 76.8664 64.9439 60.506 48.5892 43.3832 43.2313 31.0854 29.6178 33.3897 33.0018 45.4572 27.5632 21.1025 23.4939 20.1617 15.7213 15.4729 14.7402 12.899 18.59 12.4125 21.5102 12.1953 12.5683
threshold=-0.13864725884967002 0.97532326449953566 -0.746739860539262 -0.46382645497508307 0.37211296495835683 -0.42513718670068118 1.6995613547709489 0.33517519517855848 -0.25548320253589124 -0.43380396045593289 1.6360648057523108 0.91767364430924314 -0.46265158438555704 -0.20724015157269512 -0.31211158294526803 0.20969313362491748 1.1551280839590246 0.12335412001622294 -0.17091082537422939 -0.24923470330144984 1.8328972898117075 -1.166225746299419 -0.39567619450301389 -0.66153469436583257 0.59706004994134887 1.6724426746176546 -0.070097782078057433 0.90994376042672809 -0.58162598827033074 -1.0478272815207041
decision_type=2 2 2 2 2 2 2 2 2 2 2 2 2 2 2 2 2 2 2 2 2 2 2 2 2 2 2 2 2 2
left_child=1 2 9 17 5 8 -2 13 -5 -1 21 -3 -13 14 -6 -16 -17 -4 19 -7 -15 -10 28 -21 -18 -26 -9 -28 29 -20
right_child=6 11 3 4 7 18 -8 26 10 -11 -12 12 -14 20 15 16 24 -19 22 23 -22 -23 -24 -25 25 -27 27 -29 -30 -31
leaf_value=-0.093671877652269087 0.088317670045959445 -0.086709597698228613 0.089816327240859764 -0.07522160155500679 0.051221589596236128 0.030464857215144161 -0.095241869627063713 0.096184685691012919 -0.09108845881521789 0.022771748623223703 0.082267959728929918 0.074872870943060929 -0.082451040109734128 0.065457413528492853 0.039596971735374208 -0.067560106555499169 -0.028105010860821157 -0.013862142740278091 0.011789900399169212 -0.065558459042960801 -0.052195870272033755 -0.0032900314717592585 -0.033679944156641509 -0.0020907886718984918 -0.00033287868095123376 0.087196885026235335 -0.011154388369298104 0.077400892059637474 0.040408543793479648 -0.055853361406243099
leaf_weight=66.861351862549782 184.38890811800957 205.00985676050186 96.900863721966743 87.298514381051064 29.018456906080246 62.087542936205864 5.8852900564670554 31.83176201581955 8.4239651411771757 10.344893634319304 11.575581952929495 7.3715171813964844 5.4695388674736005 35.328982770442963 25.594190567731857 35.372443020343781 14.567267119884489 6.8646519780158988 16.813121199607849 9.9060092121362668 4.0597629696130744 12.916411310434343 83.525207370519638 119.59575487673283 17.265132665634159 9.351815998554228 9.4962969422340375 24.676069706678391 14.581254482269285 11.608119547367098
leaf_count=172 989 549 522 249 139 277 15 174 22 45 61 38 15 177 118 105 52 26 70 30 13 51 292 474 69 50 37 128 67 37
internal_value=2.17589e-08 -0.0146447 0.0022797 0.0102466 -0.000932805 -0.0184935 0.0826401 0.0316058 -0.05344 -0.0780696 0.00432854 -0.0811351 0.00786209 0.0153085 0.00389075 -0.00955474 -0.025987 0.0829574 -0.00528745 0.00517783 0.053331 -0.0379478 -0.0211341 -0.00694564 0.00971947 0.0304205 0.0737189 0.0527919 0.00323423 -0.0158377
internal_weight=1263.99 1073.72 855.865 778.659 674.894 438.331 190.274 236.562 120.214 77.2062 32.916 217.851 12.8411 170.558 131.169 102.151 76.5567 103.766 318.117 191.589 39.3887 21.3404 126.528 129.502 41.1842 26.6169 66.0041 34.1724 43.0025 28.4212
internal_count=5063 4059 3457 3240 2692 1630 1004 1062 383 217 134 602 53 723 533 394 276 548 1247 781 190 73 466 504 171 119 339 165 174 107
is_linear=0
shrinkage=0.05


Tree=2
num_leaves=31
num_cat=0
split_feature=0 1 6 0 2 5 1 6 2 0 6 6 0 0 5 5 0 5 2 2 6 2 2 5 2 5 5 5 1 4
split_gain=555.524 439.015 198.924 229.995 139.573 73.4819 69.8181 59.2922 54.9414 44.2962 39.6398 39.2868 29.6975 28.8629 29.358 38.0674 28.1953 25.1399 24.9979 19.3672 19.2826 25.5882 18.596 15.0597 18.9492 15.1036 14.1403 12.7646 13.4106 10.9453
threshold=-0.13864725884967002 0.97532326449953566 -0.746739860539262 -0.46382645497508307 0.37211296495835683 -0.42513718670068118 1.6995613547709489 0.57396743724671284 -0.27057114623097184 -0.43380396045593289 1.6360648057523108 0.91767364430924314 -0.2051559451677101 -0.31211158294526803 -0.070097782078057433 1.2102221417103725 -0.46265158438555704 0.12335412001622294 0.52390654656616109 1.8328972898117075 0.39413825905448446 -0.24923470330144984 0.59706004994134887 1.1956225056939336 0.31008490777959319 1.7383792152987647 -1.166225746299419 1.6724426746176546 -0.75876158661485649 0.10666346010587291
decision_type=2 2 2 2 2 2 2 2 2 2 2 2 2 2 2 2 2 2 2 2 2 2 2 2 2 2 2 2 2 2
left_child=1 2 9 17 5 8 -2 12 -5 -1 26 -3 13 -6 -15 18 -13 -4 -16 -14 21 29 -17 24 -23 -25 -10 28 -24 -7
right_child=6 11 3 4 7 20 -8 -9 10 -11 -12 16 19 14 15 22 -18 -19 -20 -21 -22 23 27 25 -26 -27 -28 -29 -30 -31
leaf_value=-0.089608579636795097 0.084421689169014727 -0.082866135032812857 0.085872324693336458 -0.072043127294471973 0.047519080751505745 0.011501203891390366 -0.091131787108366558 0.075611215846886626 -0.087104421681946681 0.021642076457395354 0.07857478462955747 0.07144601798076243 0.065544019414436383 0.051901800767718081 0.01813788571148078 -0.030083223989841763 -0.078751521994182255 -0.013171045390841827 -0.066388899418221223 -0.049693412445428096 -0.030852369743688469 -0.026775858593552346 0.073159159501295951 0.026206669595169565 0.047603766792391033 -0.030964760664956431 -0.0043782803495264911 0.084453472110457492 -0.020067490027877253 0.050468599109952328
leaf_weight=66.40908370912075 183.2793065905571 203.82041895389557 96.297913506627083 86.341854155063629 31.565123185515404 60.592114478349686 5.8441445231437674 54.939304992556572 8.3700626194477064 10.340731069445608 11.515089601278303 7.3395797610282898 36.45657305419445 17.821202173829079 11.279455006122587 13.615977093577383 5.4408293068408948 6.8636279106140128 38.957048937678337 4.0511952936649314 58.885887786746025 105.54193907976151 6.095620051026347 42.084107711911201 9.3190186321735364 15.923026740550993 13.491910129785539 10.57118885219097 10.506212919950487 25.648503884673119
leaf_count=172 989 549 522 247 151 254 15 288 22 45 61 38 185 86 48 48 15 26 116 13 207 378 31 185 44 56 53 57 39 123
internal_value=1.38274e-07 -0.0139615 0.00217217 0.00976002 -0.000887778 -0.0175952 0.0789969 0.0301183 -0.0509834 -0.0746194 0.00349506 -0.0775339 0.0163036 0.00542295 -0.00678477 -0.0182746 0.00750447 0.0792827 -0.0474103 0.0540191 -0.00502514 0.000844442 0.0176096 -0.0102536 -0.0207412 0.010513 -0.0360508 0.0415077 0.0141621 0.0230904
internal_weight=1259.21 1070.08 853.484 776.734 673.572 437.714 189.123 235.859 119.719 76.7498 33.3771 216.601 180.92 140.412 108.847 91.0255 12.7804 103.162 50.2365 40.5078 317.995 259.109 40.789 172.868 114.861 58.0071 21.862 27.173 16.6018 86.2406
internal_count=5063 4059 3457 3240 2692 1630 1004 1062 383 217 136 602 774 576 425 339 53 548 164 198 1247 1040 175 663 422 241 75 127 70 377
is_linear=0
shrinkage=0.05


Tree=3
num_leaves=31
num_cat=0
split_feature=0 1 6 0 2 5 1 6 2 0 6 6 0 0 0 5 5 5 6 2 6 1 5 2 2 0 2 5 2 5
split_gain=506.028 400.223 181.153 209.7 126.465 66.9532 63.6436 54.0797 49.9892 40.611 36.0383 35.8402 27.1787 29.296 25.6453 23.0652 20.4444 25.9004 18.1689 19.7265 17.4989 16.3569 14.4832 14.2317 13.8069 13.4193 13.1968 12.959 12.1528 16.7365
threshold=-0.13864725884967002 0.97532326449953566 -0.746739860539262 -0.46382645497508307 0.37211296495835683 -0.42513718670068118 1.6995613547709489 0.57396743724671284 -0.27057114623097184 -0.43380396045593289 1.6360648057523108 0.91767364430924314 -0.21812508244155474 -0.31211158294526803 -0.46265158438555704 0.12335412001622294 1.5365115432400682 0.014315415679642318 -0.17091082537422939 -0.16922304231574192 -0.67389352677565262 0.17955877359780395 1.1551280839590246 1.8328972898117075 0.48717736885431012 -0.39567619450301389 0.59706004994134887 -1.166225746299419 0.97837290288751211 1.4906834686067219
decision_type=2 2 2 2 2 2 2 2 2 2 2 2 2 2 2 2 2 2 2 2 2 2 2 2 2 2 2 2 2 2
left_child=1 2 9 15 5 8 -2 12 -5 -1 27 -3 13 -6 -13 -4 17 -15 19 21 -21 -7 24 28 -19 -20 -18 -10 29 -14
right_child=6 11 3 4 7 18 -8 -9 10 -11 -12 14 23 16 -16 -17 26 22 25 20 -22 -23 -24 -25 -26 -27 -28 -29 -30 -31
leaf_value=-0.086054224536015578 0.080975518983469927 -0.079455833585989802 0.082394110131822698 -0.068922537785550492 0.045288324402354835 0.034580331138498725 -0.087549103240672763 0.072370574377189301 -0.083600061853719265 0.02057309165829882 0.075271288801980862 0.068344138462367629 0.047161396289218338 0.037557942888554942 -0.075443408136538076 -0.01251544829143721 -0.020218382903524255 0.015190559102809524 0.0032134940935067777 -0.080570612135097142 -0.0022487608043223451 -0.04543303136964133 -0.0028143057994855967 -0.041570292208236666 -0.06463868815777922 -0.03118805927849988 0.069616339506954131 -0.004159493529674276 0.076872672120698884 -0.068423847338213425
leaf_weight=65.711480587720871 181.56727313995361 201.98504331707954 95.367677718400955 85.753014743328094 31.466361120343208 61.862295910716057 5.7806847989559165 54.539218872785568 8.2869083583354932 10.334294214844702 11.421726778149603 7.2902698516845703 16.791946515440944 15.252487018704413 5.3965191543102247 6.8620443344116202 6.3031824380159405 6.3973974883556357 42.94584546983242 7.6039055436849585 114.80371351540089 7.1226821094751349 22.762689590454102 4.2180392891168585 35.323570817708969 83.393269568681717 11.63277232646942 13.491511553525926 26.26750285923481 3.8498730659484854
leaf_count=172 989 549 522 247 151 282 15 288 22 45 61 38 81 71 15 26 23 27 174 21 454 24 90 14 105 292 61 53 139 12
internal_value=3.08744e-07 -0.0133366 0.00207322 0.00931073 -0.000845821 -0.0167571 0.0757756 0.0287456 -0.0487544 -0.071564 0.00333806 -0.0743357 0.0155469 0.00333093 0.00718191 0.0760234 -0.0101862 -0.0210356 -0.00477784 0.00493643 -0.00711408 0.026319 -0.0348949 0.0464021 -0.0523979 -0.0194941 0.038046 -0.0343874 0.0543125 0.0256038
internal_weight=1251.79 1064.44 849.765 773.72 671.49 436.685 187.348 234.805 118.953 76.0458 33.2001 214.672 180.266 129.138 12.6868 102.23 97.6721 79.7361 317.732 191.393 122.408 68.985 64.4837 51.1274 41.721 126.339 17.936 21.7784 46.9093 20.6418
internal_count=5063 4059 3457 3240 2692 1630 1004 1062 383 217 136 602 774 528 53 548 377 293 1247 781 475 306 222 246 132 466 84 75 232 93
is_linear=0
shrinkage=0.05


Tree=4
num_leaves=31
num_cat=0
split_feature=0 1 6 0 2 3 3 5 1 0 5 6 4 3 2 6 0 6 2 5 1 1 5 0 0 2 4 5 5 5
split_gain=462.262 366.009 165.427 191.807 117.341 65.1101 75.7982 64.75 58.1959 37.4168 33.7955 32.8057 29.1464 35.8638 26.0471 52.0696 23.3821 22.3881 31.5628 21.2708 19.4118 15.571 14.2227 11.8209 11.3618 16.7948 12.8956 10.8639 12.3763 13.4792
threshold=-0.13864725884967002 0.97532326449953566 -0.746739860539262 -0.46382645497508307 0.13192560931808389 -0.24578499939545764 -0.15374285239996058 -0.42513718670068118 1.6995613547709489 -0.43380396045593289 -0.76720904743073381 0.91767364430924314 0.71227642097364385 -0.33782723843310175 -0.57370105423428386 1.2464621417669686 -0.46265158438555704 0.16525486059244152 -0.24923470330144984 0.12335412001622294 -1.0473081786632019 -1.3733166400609285 1.1956225056939336 -0.34611725550850525 -0.2051559451677101 1.4790172959123693 0.71227642097364385 -0.025406093586937156 0.88734944934584081 0.28428102731122423
decision_type=2 2 2 2 2 2 2 2 2 2 2 2 2 2 2 2 2 2 2 2 2 2 2 2 2 2 2 2 2 2
left_child=1 2 9 19 7 12 -7 14 -2 -1 -8 -3 13 20 -5 -16 -13 18 -9 -4 -6 -12 -20 -24 25 26 27 -23 29 -29
right_child=8 11 3 4 5 6 10 17 -10 -11 21 16 -14 -15 15 -17 -18 -19 22 -21 -22 24 23 -25 -26 -27 -28 28 -30 -31
leaf_value=-0.082920080336575094 0.077902117991122524 -0.07640499545494181 0.079301441248007171 -0.071764902119613991 0.07091709600208361 -0.09859880002705923 -0.074251997184534943 0.024237518584906872 -0.084401510968817137 0.019560649257469462 0.073203411800098248 0.065515721285934941 0.078854207535133877 0.094097128145376296 -0.059446268953851016 0.081718759712397379 -0.072461501394269975 -0.035535693613998436 -0.030500998638303318 -0.011893332263807689 0.0026690035515384912 0.035930444242357931 0.041583813044772426 -0.027424365067301698 0.047014003831967882 -0.045929280692719801 0.050444422054116568 0.0086465140204852239 0.010614720710913628 -0.063504520619482835
leaf_weight=64.807909101247787 179.34921139478683 199.60700652003288 94.162575110793114 71.191460072994232 12.606136083602903 17.181426286697388 10.897655278444288 81.284026697278023 5.6984952092170706 10.325939506292341 11.323659271001814 7.2263488173484802 46.183246836066246 17.579973921179771 21.652322351932529 9.3545568883419019 5.3390974998474103 53.353679701685905 67.27481934428215 6.8599892258644095 60.051335066556931 24.208543047308922 15.119417801499369 10.526099696755407 20.885334640741348 13.320578515529631 19.552320659160614 11.869816467165949 59.28939551115036 14.237670838832853
leaf_count=172 989 549 522 201 65 44 32 360 15 45 59 38 251 97 66 50 15 183 236 26 246 111 70 38 102 45 95 49 249 43
internal_value=4.30763e-07 -0.0127594 0.0019811 0.00889146 -0.000806525 0.0198415 0.00187277 -0.022045 0.072904 -0.0688358 0.0111744 -0.0714721 0.0465489 0.0300152 -0.0551061 -0.0168578 0.00688877 -0.007197 0.00148231 0.0731088 0.0145101 0.0165036 -0.0184233 0.0132597 0.0125734 0.00752494 0.0130379 0.00636501 -0.00201627 -0.0307009
internal_weight=1242.32 1057.27 845.1 769.966 668.943 339.187 202.766 329.756 185.048 75.1338 185.585 212.172 136.421 90.2374 102.198 31.0069 12.5654 227.558 174.204 101.023 72.6575 174.687 92.9203 25.6455 163.364 142.478 129.158 109.605 85.3969 26.1075
internal_count=5063 4059 3457 3240 2692 1488 829 1204 1004 217 785 602 659 408 317 116 53 887 704 548 311 753 344 108 694 592 547 452 341 92
is_linear=0
shrinkage=0.05


Tree=5
num_leaves=31
num_cat=0
split_feature=0 1 6 0 2 5 1 6 2 0 6 6 5 5 5 0 5 0 6 2 6 1 0 5 6 0 5 2 2 6
split_gain=423.317 335.659 151.42 175.942 106.372 55.7042 53.3594 47.1071 41.8189 34.6991 30.1164 29.8501 22.1215 45.9762 39.9567 21.3631 19.7047 17.5549 15.6346 16.4268 15.5918 14.6805 12.3127 11.674 11.495 10.836 12.4613 10.3904 11.7241 25.2422
threshold=-0.13864725884967002 0.97532326449953566 -0.746739860539262 -0.46382645497508307 0.37211296495835683 -0.42513718670068118 1.6995613547709489 0.33517519517855848 -0.27057114623097184 -0.45054768402603013 0.91767364430924314 1.6360648057523108 0.28428102731122423 0.97646373688526711 -0.61600749130640986 -0.46265158438555704 0.12335412001622294 -0.31211158294526803 -0.17091082537422939 -0.16922304231574192 -0.67389352677565262 0.17955877359780395 -0.39567619450301389 -1.166225746299419 -0.84536552093745188 -0.21490634580112489 1.1551280839590246 -0.58162598827033074 -1.0478272815207041 1.0762968083004807
decision_type=2 2 2 2 2 2 2 2 2 2 2 2 2 2 2 2 2 2 2 2 2 2 2 2 2 2 2 2 2 2
left_child=1 2 9 16 5 8 -2 12 -5 -1 -3 23 14 -14 -6 -12 -4 -15 19 21 -21 -7 27 -10 -11 26 -19 28 29 -20
right_child=6 10 3 4 7 18 -8 -9 11 24 15 -13 13 17 -16 -17 -18 25 22 20 -22 -23 -24 -25 -26 -27 -28 -29 -30 -31
leaf_value=-0.081273256244367209 0.075140771275514814 -0.073655399320151041 0.076531250187111308 -0.063566878128165236 -0.079626874506999498 0.031890970144671099 -0.081617121378008722 0.062990513002325166 -0.07873474543252787 0.066508432197770126 0.062919328296639862 0.06948805358908669 -0.052113014893722158 0.063367210144713859 0.055682487067184983 -0.069753925171093079 -0.011302804177653808 -0.055303057938195316 0.071949589358281676 -0.076142034477978682 -0.0019190731283316321 -0.043928433858110197 -0.029400486345987749 -0.0027675951527698539 -0.032679984405369379 0.040079439958380383 0.0078747891652304648 0.037949211664209309 -0.052756183585625893 -0.050751892441862061
leaf_weight=62.262248516082764 176.7094561457634 196.77668318152428 92.728445827960968 84.092384785413742 6.1893405318260184 61.686176255345345 5.6007076799869528 64.136545449495316 8.0952279567718488 5.3431815505027771 7.1502392888069153 11.147995874285696 30.607969269156456 17.876133993268013 46.047648996114731 5.2707437574863416 6.8575390577316275 9.7482657432556135 8.6737393438816088 7.5406344681978217 114.71905726194382 7.1214666515588751 83.201870650053024 13.475493207573892 6.4433401823043805 18.644622519612312 39.153738781809807 14.536408543586729 11.573879003524782 8.1110358536243421
leaf_count=167 989 549 522 247 18 282 15 339 22 27 38 61 98 92 231 15 26 30 44 21 454 24 292 53 23 90 164 67 37 26
internal_value=3.61176e-07 -0.0122192 0.0018939 0.00849433 -0.000769459 -0.0153883 0.070325 0.0265287 -0.0449059 -0.0663813 -0.0688891 0.00305581 0.012631 0.000466874 0.0396503 0.00662051 0.070483 0.0193069 -0.00451696 0.00450147 -0.00649694 0.0240438 -0.0181821 -0.0312771 0.0122851 0.00764634 -0.00471926 0.00357787 -0.0140406 0.0126556
internal_weight=1231.52 1049.21 840.014 765.966 666.38 433.975 182.31 232.404 116.811 74.0488 209.198 32.7187 168.268 116.031 52.237 12.421 99.586 85.4228 317.164 191.067 122.26 68.8076 126.097 21.5707 11.7865 67.5466 48.902 42.8951 28.3587 16.7848
internal_count=5063 4059 3457 3240 2692 1630 1004 1062 383 217 602 136 723 474 249 53 548 376 1247 781 475 306 466 75 50 284 194 174 107 70
is_linear=0
shrinkage=0.05


Tree=6
num_leaves=31
num_cat=0
split_feature=0 1 6 0 2 3 3 1 5 0 5 6 4 3 2 6 0 0 5 1 6 3 3 2 3 1 0 6 5 6
split_gain=388.569 304.463 138.045 163.003 96.4919 57.3699 67.6472 55.4657 53.9529 32.2908 28.0239 27.6704 25.9808 32.5666 22.6073 45.7702 19.5536 18.9763 18.4147 16.2238 16.0695 15.3139 15.085 14.7221 14.3409 14.0465 11.7634 10.7836 12.4426 10.4382
threshold=-0.14119666540033413 0.97532326449953566 -0.746739860539262 -0.46382645497508307 0.13192560931808389 -0.24578499939545764 -0.15374285239996058 1.6995613547709489 -0.42513718670068118 -0.45054768402603013 -0.76720904743073381 0.91767364430924314 0.71227642097364385 -0.33782723843310175 -0.57370105423428386 1.2464621417669686 -0.46265158438555704 -0.39043945449167144 1.0332201840986603 -1.0473081786632019 -0.2166167276123086 0.85872076455050717 -0.52191153242409583 -1.0676396928124032 0.39851002957302184 -1.3733166400609285 -0.45742541260561659 0.26012387149161126 1.0727721792862168 -0.83736222417866968
decision_type=2 2 2 2 2 2 2 2 2 2 2 2 2 2 2 2 2 2 2 2 2 2 2 2 2 2 2 2 2 2
left_child=1 2 9 18 8 12 -7 -2 14 -1 -8 -3 13 19 -5 -16 -13 22 -4 -6 21 24 26 -24 -19 -12 -10 28 -25 -11
right_child=7 11 3 4 5 6 10 -9 17 29 25 16 -14 -15 15 -17 -18 20 -20 -21 -22 -23 23 27 -26 -27 -28 -29 -30 -31
leaf_value=-0.078774535390795777 0.072472545051641399 -0.071105693501130204 0.072483955045948997 -0.066675569952386965 0.066324055532988951 -0.094327391168948824 -0.068511669665177494 -0.079315993350128122 -0.076967746668063761 0.05583489092917622 0.068867559189479677 0.060521255841004831 0.07412475797178246 0.089392005904869676 -0.055253841165276978 0.07815866336177496 -0.067278892785953476 -0.0073021566463139318 -0.039123351556384009 0.0021394055980954126 -0.040705445846814403 -0.041163640870634781 0.060264500779188927 -0.0085633011184448032 0.043990975415630719 0.010933043167007626 0.00052444018664729933 -0.037448598322599912 0.061087305389849147 -0.038565865946490731
leaf_weight=61.055731520056725 176.2098638266325 192.46133980154991 94.113203555345535 69.482405304908752 11.784349262714384 17.04607230424881 10.751027643680571 6.2313061356544486 6.5912078469991711 6.262981653213501 11.188323944807051 7.0640655159950256 45.104388743638992 17.159208402037621 21.33919727802277 9.2006435841321927 5.1933677792549116 53.829355135560036 3.8469632863998404 59.834357112646103 49.844012901186943 23.015910625457764 20.808671727776527 13.602122113108637 18.245858371257782 161.25736856460571 19.055760905146599 9.7621380388736707 12.130587488412855 5.4997453391551954
leaf_count=167 1002 546 535 201 61 44 32 17 19 31 59 38 251 96 66 50 15 210 13 246 166 78 104 54 85 687 77 33 61 19
internal_value=3.1751e-07 -0.0118431 0.00160039 0.00790952 -0.00101042 0.0178852 0.000944174 0.0672882 -0.0203232 -0.0641602 0.00980899 -0.0664667 0.0432234 0.0275236 -0.0509161 -0.0150611 0.00637345 -0.00683641 0.0681011 0.0127005 -0.0177097 -0.00565601 0.0123938 0.0268721 0.00568271 0.0146919 -0.0193909 0.00729592 0.0242705 0.0116972
internal_weight=1218.97 1036.53 831.812 758.993 661.033 334.125 200.243 182.441 326.908 72.8185 183.197 204.719 133.882 88.7779 100.022 30.5398 12.2574 226.886 97.9602 71.6187 144.935 95.0911 81.9505 56.3035 72.0752 172.446 25.647 35.4948 25.7327 11.7627
internal_count=5063 4044 3445 3228 2680 1476 822 1019 1204 217 778 599 654 403 317 116 53 887 548 307 539 373 348 252 295 746 96 148 115 50
is_linear=0
shrinkage=0.05


Tree=7
num_leaves=31
num_cat=0
split_feature=0 1 6 0 2 3 3 5 1 0 5 6 4 3 2 6 0 5 6 2 1 1 5 0 2 4 5 1 1 0
split_gain=357.332 284.352 127.681 148.985 89.8074 52.0026 62.2168 49.7236 45.1664 30.1447 25.7836 25.5776 23.7872 29.6966 21.0616 39.35 17.9255 17.5597 17.4565 25.4466 15.9916 12.6095 12.2024 10.835 15.7762 11.1275 10.7216 11.6436 10.5334 10.0198
threshold=-0.13864725884967002 0.97532326449953566 -0.746739860539262 -0.46382645497508307 0.13192560931808389 -0.24578499939545764 -0.15374285239996058 -0.42513718670068118 1.6995613547709489 -0.45054768402603013 -0.76720904743073381 0.91767364430924314 0.71227642097364385 -0.33782723843310175 -0.84177820408703419 1.2464621417669686 -0.46265158438555704 0.12335412001622294 0.16525486059244152 -0.24923470330144984 -1.0473081786632019 -1.309402340048617 1.1956225056939336 -0.2051559451677101 1.4790172959123693 0.71227642097364385 1.0000000180025095e-35 0.10300809933264046 -0.39415026142350457 -0.34611725550850525
decision_type=2 2 2 2 2 2 2 2 2 2 2 2 2 2 2 2 2 2 2 2 2 2 2 2 2 2 2 2 2 2
left_child=1 2 9 17 7 12 -7 14 -2 -1 -8 -3 13 20 -5 -16 -13 -4 19 -9 -6 -12 26 24 25 -23 27 28 -21 -24
right_child=8 11 3 4 5 6 10 18 -10 -11 21 16 -14 -15 15 -17 -18 -19 -20 22 -22 23 29 -25 -26 -27 -28 -29 -30 -31
leaf_value=-0.076536061061072191 0.070374466137280253 -0.068892180809155198 0.07181268436576696 -0.066432696907391633 0.064426012154581117 -0.090415543022410574 -0.065632590413128078 0.021655528314643249 -0.076917205927476556 0.011150645233851689 0.06059074533416501 0.058293822334136838 0.071543994004858807 0.086010270849008627 -0.052786592531921472 0.061584413931421514 -0.065002335437226846 -0.0112416505613197 -0.031624601398397671 -0.016320166552582904 0.0020325183662112966 0.0047630473519436698 0.038772218005689953 0.04505723167122002 -0.046646799728946337 0.046094373215864362 -0.050286221676814652 -0.064646457662308213 0.047639123081034331 -0.024831302700497541
leaf_weight=59.7328030616045 170.45900508761406 190.07978844642639 89.367698729038239 62.960524678230286 12.397506833076475 16.897948801517487 10.663688838481901 80.882381707429886 5.3686626255512229 11.72522911429405 13.653041824698446 6.9696900844573975 44.412318542599678 17.10467503964901 25.000895798206329 10.756232261657713 5.1086420118808729 6.8519654572010031 52.986569449305534 19.987312272191048 59.831972748041153 107.68891429901123 15.075076311826708 19.893732070922852 13.086566254496573 19.185884922742844 29.81118568778038 7.7347168177366248 9.4954874664545077 10.508342102169989
leaf_count=167 989 549 522 183 65 44 32 360 15 50 71 38 251 97 78 56 15 26 183 74 246 445 70 99 44 94 95 23 44 38
internal_value=1.42979e-07 -0.0112471 0.0017373 0.00777393 -0.000699664 0.0174773 0.0014061 -0.0194142 0.0658771 -0.0621479 0.00983083 -0.064409 0.0416381 0.0267704 -0.049028 -0.0183822 0.00614457 0.0658982 -0.00650617 0.0011652 0.0127418 0.0144688 -0.0167299 0.0105295 0.00562185 0.0110131 -0.0279426 -0.0100453 0.00427912 0.0126472
internal_weight=1205.68 1029.85 827.693 756.235 660.015 334.816 201.07 325.199 175.828 71.458 184.172 202.158 133.746 89.3342 98.7177 35.7571 12.0783 96.2197 226.481 173.495 72.2295 173.508 92.6121 159.855 139.961 126.875 67.0287 37.2175 29.4828 25.5834
internal_count=5063 4059 3457 3240 2692 1488 829 1204 1004 217 785 602 659 408 317 134 53 548 887 704 311 753 344 682 583 539 236 141 118 108
is_linear=0
shrinkage=0.05


Tree=8
num_leaves=31
num_cat=0
split_feature=0 1 4 0 2 1 5 6 2 5 0 6 5 5 5 5 2 6 3 0 0 5 1 6 4 0 5 5 2 5
split_gain=329.155 258.814 116.965 127.279 75.8656 47.1711 42.9101 40.6934 31.8286 31.669 26.3861 23.5922 21.8007 19.844 37.5251 33.1491 17.7477 24.7658 16.9729 16.4553 16.2817 13.3103 12.9258 12.4807 12.581 13.8366 11.4493 10.9469 9.56803 17.5184
threshold=-0.14119666540033413 0.97532326449953566 -0.77662554651860782 -0.46382645497508307 0.37211296495835683 1.6995613547709489 -0.42513718670068118 0.42672311014381181 -0.09789653282765988 0.97646373688526711 -0.43380396045593289 0.91767364430924314 -1.2032602308913283 0.20969313362491748 0.97646373688526711 -0.61600749130640986 -1.0676396928124032 1.0762968083004807 0.21442564353988061 -0.46265158438555704 -0.31211158294526803 0.060977280610365857 -0.41939926974169667 -0.15974976526844467 0.33513246745313591 -0.27582429511803336 1.1956225056939336 -0.21640051345653846 0.90994376042672809 -0.070097782078057433
decision_type=2 2 2 2 2 2 2 2 2 2 2 2 2 2 2 2 2 2 2 2 2 2 2 2 2 2 2 2 2 2
left_child=1 2 10 9 6 -2 8 13 -5 -4 -1 -3 -10 15 -15 -6 17 21 -12 -13 -16 -8 -14 26 25 -25 27 -18 29 -9
right_child=5 11 3 4 7 -7 16 28 12 -11 18 19 22 14 20 -17 23 -19 -20 -21 -22 -23 -24 24 -26 -27 -28 -29 -30 -31
leaf_value=-0.071215305472389967 0.068122623067591426 -0.066733976177739782 0.068927109046243093 -0.054667560688070008 -0.071357790134305085 -0.075101773604557068 0.012266743302828485 0.077785200995078865 -0.054011570836224709 -0.050309663209629922 -0.044888056610553811 0.056214098331271167 -0.014872399007204027 -0.04486186546248086 0.059553405555077404 0.052825962014930408 0.015723742785542196 -0.04556631232277359 0.066424472932434572 -0.06289620503602987 0.0059858635299873397 0.085623515834215694 0.075465901040796965 -0.044268419450568364 6.6307431755682558e-05 0.023878604141657576 0.021520891831759377 -0.017032722318102027 0.072319477313206301 -0.02399453093182586
leaf_weight=62.638022974133492 169.39410756528378 185.24744847416878 89.315088868141174 84.364821285009384 6.1418211609125128 5.950824260711669 10.591761484742166 8.5707439184188861 9.072428226470949 5.9389842450618735 7.6318005025386793 6.8687424659729004 6.2899846136570003 34.03635261952877 17.934895008802414 42.974297404289246 36.240168511867523 8.0411923229694349 6.212140217423439 5.018029183149336 67.848901852965355 14.858144074678419 10.687690064311026 55.242952257394791 42.350241497159004 8.6094550639390928 47.830665811896324 86.107617199420929 40.715979740023613 8.3434346020221692
leaf_count=185 1002 546 528 263 18 17 46 51 30 19 26 38 25 113 94 220 154 26 32 15 288 81 59 181 169 37 210 323 234 33
internal_value=-7.88628e-08 -0.010921 0.00146477 0.00753229 -0.000413806 0.0632619 -0.0129861 0.0229081 -0.0397503 0.0614928 -0.0574086 -0.0623524 0.00856015 0.0105316 -0.000439959 0.0372972 -0.00344936 0.0309254 0.0050608 0.0059314 0.0171853 0.0550938 0.0419969 -0.0076148 -0.0210647 -0.0350799 0.000778844 -0.00733006 0.0591884 0.0275792
internal_weight=1191.07 1015.72 818.59 742.108 646.854 175.345 420.287 226.566 110.415 95.2541 76.482 197.134 26.0501 168.936 119.82 49.1161 309.872 33.4911 13.8439 11.8868 85.7838 25.4499 16.9777 276.381 106.203 63.8524 170.178 122.348 57.6302 16.9142
internal_count=5063 4044 3445 3202 2655 1019 1604 1051 377 547 243 599 114 733 495 238 1227 153 58 53 382 127 84 1074 387 218 687 477 318 84
is_linear=0
shrinkage=0.05


Tree=9
num_leaves=31
num_cat=0
split_feature=0 1 4 0 2 5 5 5 2 6 5 1 3 6 0 0 6 2 6 6 4 3 3 3 3 5 2 3 6 6
split_gain=304.158 247.372 108.303 107.395 80.5417 42.4143 37.4776 37.1065 33.5065 43.9749 32.8984 31.8573 22.2995 21.696 19.2901 15.1234 14.9996 16.1626 14.9878 14.0928 13.6598 13.5215 32.6451 14.8631 13.5619 11.7666 11.4124 10.9604 9.74875 9.67167
threshold=-0.12002589945162721 0.97532326449953566 -0.97481373065111521 -0.46382645497508307 0.37211296495835683 -0.56769956538561817 0.97646373688526711 0.20969313362491748 -0.84177820408703419 1.6360648057523108 0.97646373688526711 1.6995613547709489 0.85872076455050717 0.91767364430924314 -0.44882696580738807 -0.46265158438555704 0.39413825905448446 -0.24923470330144984 1.0762968083004807 -0.29493470303753422 -0.015559208253519061 0.85872076455050717 0.76667852551286308 0.95076291154600423 1.2268893525324958 1.1750349452891977 0.93265198423345463 -0.15374285239996058 -0.61422268835643312 0.041367093418231436
decision_type=2 2 2 2 2 2 2 2 2 2 2 2 2 2 2 2 2 2 2 2 2 2 2 2 2 2 2 2 2 2
left_child=1 2 14 6 5 8 28 12 -5 -10 18 -2 -6 -3 -1 -15 17 -7 -9 -12 -14 22 -19 -23 -25 27 29 -21 -4 -27
right_child=11 13 3 4 7 16 -8 10 9 -11 19 -13 20 15 -16 -17 -18 21 -20 25 -22 23 -24 24 -26 26 -28 -29 -30 -31
leaf_value=-0.073843858709060003 0.068405789788504964 -0.064515713937646949 0.0028386013093495196 -0.067881035568114464 0.060937283139595656 0.017315112797196771 -0.052964277401883288 -0.040130089387806392 -0.049550853471954724 0.063217789743156297 0.0040891681650792834 -0.073121124464539763 0.028384285148638951 0.054262961756549245 0.0090728616719338556 -0.060937193113180625 -0.025918547546204325 -0.0068812351931707488 0.042468742719177194 -0.051269036759159441 -0.079427640872376609 -0.094065324878146062 0.098120794054212035 0.027431579834297407 -0.04205910873937637 0.064273540598373355 0.071181695367492498 0.048732916746355742 0.069543119895266764 -0.012187749608692086
leaf_weight=51.860474765300751 153.13852822780609 185.0908028781414 5.8606088757514945 54.639292925596237 71.726434916257858 93.800387069582939 7.2555902004241934 37.118909940123558 22.381662383675575 14.085767298936842 49.023983240127563 4.0822194814681998 8.03881888091564 6.7626480460166931 8.1115268319845182 4.9228080809116346 66.92013581097126 132.46381342411041 6.4456739872694007 6.0023038983345032 4.6302421987056723 8.1977329254150373 7.8403513580560675 10.637944683432581 20.651005044579506 7.0629590004682568 28.62339323759079 5.0412855148315412 83.780654609203339 9.9792253524065
leaf_count=152 932 560 28 160 399 412 23 127 72 77 209 12 39 38 35 15 238 515 35 20 13 21 43 47 69 38 158 25 510 41
internal_value=1.00058e-06 -0.00998658 0.00206572 0.00715602 -6.51828e-06 -0.0128074 0.0563353 0.0236361 -0.0431091 -0.00599328 0.00865629 0.0647311 0.0501356 -0.0603441 -0.0626289 0.00573184 -0.00469996 0.00049008 -0.027909 0.0237221 -0.0110184 -0.00828787 -0.00101361 -0.0341348 -0.0184329 0.0406944 0.0518946 -0.00561917 0.0651821 0.0195009
internal_weight=1176.18 1018.96 822.18 762.208 665.311 431.618 96.8969 233.693 91.1067 36.4674 149.298 157.221 84.3955 196.776 59.972 11.6855 340.511 273.591 43.5646 105.733 12.6691 179.791 140.304 39.4867 31.2889 56.7092 45.6656 11.0436 89.6413 17.0422
internal_count=5063 4119 3506 3319 2758 1654 561 1104 309 149 653 944 451 613 187 53 1345 1107 162 491 52 695 558 137 116 282 237 45 538 79
is_linear=0
shrinkage=0.05


Tree=10
num_leaves=31
num_cat=0
split_feature=0 1 4 0 2 5 5 5 1 2 6 5 0 3 6 2 6 1 0 6 4 5 3 3 3 3 6 3 5 2
split_gain=281.159 228.825 100.246 106.324 71.2128 36.5998 34.2029 29.8515 29.5063 27.7401 43.3315 27.0928 24.9171 20.5572 20.1037 15.9075 21.6783 14.3358 13.9135 12.9326 12.4059 12.3039 11.5854 11.4562 45.5398 35.2452 21.712 10.7936 10.7887 10.6077
threshold=-0.12002589945162721 0.97532326449953566 -0.77662554651860782 -0.46382645497508307 0.37211296495835683 -0.42513718670068118 0.20969313362491748 0.97646373688526711 1.6995613547709489 -0.57370105423428386 1.6360648057523108 0.1824203381326519 -0.4358445192622965 0.85872076455050717 0.91767364430924314 -1.0676396928124032 1.0762968083004807 -0.42448128185728012 -0.46265158438555704 -0.29493470303753422 -0.015559208253519061 0.060977280610365857 0.21442564353988061 -0.24578499939545764 -0.33782723843310175 -0.15374285239996058 0.39413825905448446 -0.24578499939545764 1.1750349452891977 0.93265198423345463
decision_type=2 2 2 2 2 2 2 2 2 2 2 2 2 2 2 2 2 2 2 2 2 2 2 2 2 2 2 2 2 2
left_child=1 2 12 11 5 9 13 17 -2 -5 -11 -4 -1 -6 -3 16 21 -8 -16 -9 -15 -7 -14 24 -17 -25 -27 -19 -21 -30
right_child=8 14 3 4 6 15 7 19 -10 10 -12 -13 22 20 18 23 -18 27 -20 28 -22 -23 -24 25 -26 26 -28 -29 29 -31
leaf_value=-0.06899281705948182 0.066629278940257997 -0.062696808176225471 0.065770448271319948 -0.058252524899432584 0.058798209508326427 0.011078104370182151 -0.046877495532470011 0.0038857903712177459 -0.071490814300012528 -0.040105104451448957 0.066625380137850146 -0.038198461934813042 -0.035661876987756941 0.027099316279965209 0.052424338744642855 -0.0069780832983329715 -0.042354471472273336 0.051570515365084418 -0.059105801710005137 -0.0053536462311385121 -0.075939416630574241 0.081847202498423255 0.049361301785255524 -0.090612791816637284 0.097826732173030437 -0.0020964843586769233 -0.060055070271248789 -0.036125325110110108 0.018609438624458238 0.068633868802347828
leaf_weight=57.599240407347679 149.45414471626282 181.04063108563423 84.486831113696098 63.354768842458725 70.646579787135124 10.56592081487179 28.995588824152946 49.010698467493057 3.969405770301818 30.324659988284111 13.854372605681418 6.7678845077753058 9.3010676205158251 8.0000000298023206 6.6526514887809753 69.977932080626488 7.9750422835350028 8.2392121404409391 4.8240926861762983 11.009913280606268 4.6014745235443106 14.668160021305082 7.0385622829198828 13.843175888061522 12.167156159877775 163.12688830494881 17.935173317790031 6.1112225949764243 16.972852557897568 28.212055370211601
leaf_count=177 932 560 524 196 399 46 97 209 12 102 79 23 33 39 38 271 26 44 15 45 13 81 35 36 67 652 54 21 79 158
internal_value=1.42379e-06 -0.00960246 0.00198144 0.00752198 0.000422462 -0.0119087 0.022648 0.00827019 0.0630558 -0.037046 -0.00663484 0.0580596 -0.0535333 0.0483045 -0.0586287 -0.00319629 0.0295045 -0.0266486 0.00554417 0.0226572 -0.0105257 0.052215 0.000963245 -0.00711603 0.00854538 -0.0137167 -0.00783759 0.0142247 0.0390288 0.0498431
internal_weight=1160.73 1007.3 814.786 740.848 649.593 417.793 231.8 148.552 153.424 107.534 44.179 91.2547 73.9389 83.2481 192.517 310.259 33.2091 43.346 11.4767 105.206 12.6015 25.2341 16.3396 277.05 82.1451 194.905 181.062 14.3504 56.1948 45.1849
internal_count=5063 4119 3506 3261 2714 1610 1104 653 944 377 181 547 245 451 613 1233 153 162 53 491 52 127 68 1080 338 742 706 65 282 237
is_linear=0
shrinkage=0.05


Tree=11
num_leaves=31
num_cat=0
split_feature=0 1 6 0 2 3 3 5 1 0 5 4 3 6 0 6 1 0 5 0 3 6 3 3 1 2 0 3 2 0
split_gain=260.311 208.315 93.9653 110.41 63.6974 41.7544 53.725 36.1079 33.1684 24.2654 20.7476 19.2813 25.8391 18.8772 16.7989 32.32 14.6519 14.4085 14.2308 12.8115 11.9994 11.9799 12.6063 12.1533 11.3379 11.0416 9.83104 9.75185 13.4298 9.35845
threshold=-0.13864725884967002 0.97532326449953566 -0.746739860539262 -0.46382645497508307 0.13192560931808389 -0.24578499939545764 -0.15374285239996058 -0.42513718670068118 1.6995613547709489 -0.45054768402603013 -0.76720904743073381 0.71227642097364385 -0.33782723843310175 0.91767364430924314 -0.44504841469390521 1.2464621417669686 -1.1004659755671204 -0.39043945449167144 0.12335412001622294 -0.46265158438555704 -0.52191153242409583 -0.2166167276123086 0.85872076455050717 0.39851002957302184 -1.3733166400609285 -1.0676396928124032 -0.45742541260561659 0.76667852551286308 -0.60631531604337974 -0.46139035719728066
decision_type=2 2 2 2 2 2 2 2 2 2 2 2 2 2 2 2 2 2 2 2 2 2 2 2 2 2 2 2 2 2
left_child=1 2 9 18 7 11 -7 14 -2 -1 -8 12 16 -3 29 -16 -6 20 -4 -15 26 22 23 -19 -12 -22 -9 28 -27 -5
right_child=8 13 3 4 5 6 10 17 -10 -11 24 -13 -14 19 15 -17 -18 21 -20 -21 25 -23 -24 -25 -26 27 -28 -29 -30 -31
leaf_value=-0.069932176492936982 0.063040419862237781 -0.061425018332431414 0.064782009445249492 -0.0051815579715919309 0.064340419144649399 -0.086057893437527344 -0.060771340825612877 -0.070519734453362959 -0.070078704639169084 0.0097779176020705866 0.062110181098438966 0.065172870679699166 0.080370585285965551 0.050684656323773142 -0.044708617090967087 0.056679376214259808 0.0011360661769698316 -0.006463904360462654 -0.010625648632222899 -0.057385554348645888 0.053564315119117856 -0.035215827430171445 -0.037149085892228866 0.040848000648670113 0.009123273621879693 -0.055991572692381135 0.00091314193508711887 0.045781603824216838 0.020211703243739075 -0.06978914010506311
leaf_weight=54.050033494830132 155.70219773054123 174.18114376068115 81.597537308931351 6.3990532755851737 10.810287505388258 16.44651997089386 10.251507669687269 6.4628953039646175 4.8243177831172934 11.596162006258963 10.774113759398459 41.367739483714104 16.383745029568672 6.5398353934288025 31.076270833611488 10.521540045738218 60.408263653516769 53.644863590598106 6.7761909812688819 4.7228541374206525 20.324363112449646 49.110190764069557 22.825554966926575 18.171295329928398 160.33021873235703 9.7327217757701856 18.909044578671455 11.204638838768004 14.242943719029428 45.170212209224701
leaf_count=167 989 549 522 25 59 44 32 19 15 50 59 251 97 38 102 56 252 210 26 15 104 166 78 85 694 31 77 54 63 134
internal_value=2.23934e-06 -0.00962864 0.00145726 0.00659015 -0.000595521 0.0149051 0.000473037 -0.0165339 0.0590398 -0.0558517 0.00832022 0.0370395 0.0237544 -0.0573685 -0.0427036 -0.0190641 0.0107299 -0.00567979 0.059 0.0053669 0.0112029 -0.0151782 -0.00478058 0.0055072 0.0124598 0.0242241 -0.0172827 0.00727367 -0.0107224 -0.0617722
internal_weight=1144.56 984.032 798.588 732.942 644.568 326.772 197.802 317.796 160.527 65.6462 181.356 128.97 87.6023 185.444 93.1671 41.5978 71.2186 224.629 88.3737 11.2627 80.8766 143.752 94.6417 71.8162 171.104 55.5047 25.3719 35.1803 23.9757 51.5693
internal_count=5063 4059 3457 3240 2692 1488 829 1204 1004 217 785 659 408 602 317 158 311 887 548 53 348 539 373 295 753 252 96 148 94 159
is_linear=0
shrinkage=0.05


Tree=12
num_leaves=31
num_cat=0
split_feature=0 1 4 0 2 5 6 5 5 2 6 1 6 0 3 1 4 6 2 6 0 1 6 5 6 5 2 3 3 2
split_gain=241.891 200.162 87.0095 84.9409 64.6398 34.6926 32.0677 30.8512 27.675 27.3033 34.5081 21.5626 17.386 16.3561 16.0371 12.7088 12.4875 12.1621 14.2659 12.1611 11.8057 11.4254 11.0463 9.97302 9.82604 9.79576 9.87161 9.85129 9.27799 9.13253
threshold=-0.11214803188208297 0.97532326449953566 -0.97481373065111521 -0.46382645497508307 0.37211296495835683 -0.56769956538561817 -0.61865989030092794 0.20969313362491748 0.97646373688526711 -0.84177820408703419 1.6360648057523108 1.6995613547709489 0.91767364430924314 -0.44882696580738807 0.85872076455050717 -0.42448128185728012 -0.015559208253519061 -0.17091082537422939 -0.16922304231574192 -0.67389352677565262 -0.46265158438555704 0.25991769633748146 -0.29493470303753422 0.12335412001622294 -0.71567944692779772 1.1750349452891977 0.93265198423345463 -0.15374285239996058 -0.24578499939545764 -1.1852949352523394
decision_type=2 2 2 2 2 2 2 2 2 2 2 2 2 2 2 2 2 2 2 2 2 2 2 2 2 2 2 2 2 2
left_child=1 2 13 6 5 9 -4 14 15 -5 -11 -2 -3 -1 -6 -9 -16 18 21 -20 -14 24 -10 -8 -7 27 -27 -24 -17 -19
right_child=11 12 3 4 7 17 23 8 22 10 -12 -13 20 -15 16 28 -18 29 19 -21 -22 -23 25 -25 -26 26 -28 -29 -30 -31
leaf_value=-0.069333404102228963 0.064416483981572792 -0.059495173293084236 -0.037466481147229808 -0.062796453106256311 0.055219905419048115 0.095007725326415604 0.066858582875595124 -0.045118421727580474 0.004511737631265513 -0.044879670660204249 0.056897879284437174 -0.068653913289196483 0.049032397144450152 0.0077002874251177094 0.030146428532701275 0.047971990059945346 -0.071972361207982491 0.053072412339343483 -0.066000448561554237 -0.0024740624297909263 -0.055762485715406873 -0.033315171688404942 -0.048838115643247082 -0.00011155022173561789 0.022495676582628243 0.01714674535172046 0.065715033629500152 0.046259127674274918 -0.033940407726678022 -0.018148375616346631
leaf_weight=47.662561610341072 137.08338022232056 173.81178283691406 9.0149942785501462 51.324373155832291 70.680449590086937 5.057307928800582 75.394356399774551 28.773909986019135 49.87713834643364 21.57455649971962 13.564559519290922 3.1133738160133353 6.4251412153244019 8.0551416575908643 8.81401678919792 8.0535506308078748 4.5334548354148856 4.6621267944574347 8.0380815863609296 120.05053621530533 4.6199348866939527 8.5731349736452085 5.9583753794431686 6.0016227662563315 61.313117057085037 16.813192367553711 27.696845054626465 5.015820384025572 6.0568456500768653 130.30863191187382
leaf_count=152 902 565 36 160 412 28 501 97 216 72 77 10 38 35 45 44 13 23 24 477 15 30 20 24 280 79 159 25 21 483
internal_value=1.76266e-06 -0.00872175 0.0020786 0.00657354 0.000318384 -0.0112854 0.0520106 0.0215237 0.00780457 -0.0395479 -0.00559104 0.0614614 -0.0556298 -0.0581966 0.0457276 -0.0260576 -0.00453811 -0.00405571 0.00367734 -0.0064606 0.00519879 0.0210044 0.0215872 0.0619206 0.028021 0.036937 0.0473689 -0.00537336 0.0128113 -0.0156883
internal_weight=1127.92 987.726 802.869 747.151 656.74 424.466 90.411 232.274 148.246 86.4635 35.1391 140.197 184.857 55.7177 84.0279 42.8843 13.3475 338.003 203.032 128.089 11.0451 74.9436 105.361 81.396 66.3704 55.4842 44.51 10.9742 14.1104 134.971
internal_count=5063 4151 3533 3346 2785 1654 561 1131 661 309 149 912 618 187 470 162 58 1345 839 501 53 338 499 525 308 283 238 45 65 506
is_linear=0
shrinkage=0.05


Tree=13
num_leaves=31
num_cat=0
split_feature=0 1 6 0 2 1 3 3 5 0 4 3 5 6 2 6 6 2 5 1 0 1 5 4 5 3 3 3 0 5
split_gain=224.509 173.188 79.9583 96.3445 49.2954 42.3972 36.7049 47.4187 32.1735 20.5465 18.9386 24.7399 17.8118 16.3345 15.5745 27.1511 15.1729 16.808 14.2964 12.2752 10.8856 10.3182 8.8131 10.6703 9.60756 8.07769 31.8649 21.2243 15.8976 15.1396
threshold=-0.15282190267858006 0.97532326449953566 -0.75683925883010617 -0.46382645497508307 0.13192560931808389 1.6995613547709489 -0.24578499939545764 -0.15374285239996058 -0.56769956538561817 -0.45054768402603013 0.71227642097364385 -0.33782723843310175 -0.76720904743073381 0.91767364430924314 -0.84177820408703419 1.2464621417669686 0.16525486059244152 -0.16922304231574192 0.12335412001622294 -1.0473081786632019 -0.46265158438555704 -1.309402340048617 1.1956225056939336 0.15234394855142047 0.47619257875424831 0.85872076455050717 0.76667852551286308 0.95076291154600423 -0.21490634580112489 0.014315415679642318
decision_type=2 2 2 2 2 2 2 2 2 2 2 2 2 2 2 2 2 2 2 2 2 2 2 2 2 2 2 2 2 2
left_child=1 2 9 18 8 -2 10 -8 14 -1 11 19 -9 -3 -5 -16 17 -10 -4 -6 -15 -14 24 -24 -19 26 28 -27 29 -23
right_child=5 13 3 4 6 -7 7 12 16 -11 -12 -13 21 20 15 -17 -18 22 -20 -21 -22 25 23 -25 -26 27 -28 -29 -30 -31
leaf_value=-0.067283931390658677 0.059880047502783612 -0.058391211490482368 0.061902405975121699 -0.060656843367732097 0.05673267659895527 -0.068126198640346178 -0.083111870774879498 -0.05823395559970064 0.0150444767534521 0.01097994551220461 0.062434796373195524 0.077758706614574194 0.053682338803911628 0.047457727656957528 -0.054223360256100139 0.056893356255382589 -0.02821056056842022 -0.014386561511853685 -0.012367034021830757 -0.001465219338549118 -0.054224654063620918 0.037924823245827577 -0.023317655351596481 0.045881565603859129 -0.060884257204317206 -0.097619670369609224 0.0887436846711709 0.0030551278302347095 0.056043033546571377 -0.013602135426775866
leaf_weight=50.571015596389771 154.63807485997677 162.61941123008728 77.309777617454529 48.727048635482788 10.744511246681212 6.751076638698577 16.080526202917099 10.00803431868553 96.132501274347305 10.0530489385128 39.704298004508018 15.415666669607161 12.741984307765959 6.309384286403656 14.069536313414575 9.0233069807291013 60.569604054093361 49.399464800953865 7.0723022669553748 57.808978334069252 4.5160652697086316 17.859016343951225 11.013172954320909 11.272938221693037 14.332650348544119 6.1799128353595725 12.577862963080404 34.246022880077362 12.982405573129652 70.653467416763306
leaf_count=166 1027 539 522 156 58 22 44 32 425 44 251 94 69 38 45 49 213 183 27 240 15 88 40 54 43 16 71 145 69 278
internal_value=2.59437e-06 -0.00925998 0.000829401 0.00549821 -0.0012064 0.0545254 0.0127084 -0.000899421 -0.0152302 -0.0543057 0.0339806 0.0205262 0.00655914 -0.0544323 -0.0446278 -0.0108056 -0.00653156 0.000677245 0.0556777 0.00765624 0.00503877 0.0104365 -0.0153793 0.0116852 -0.0248434 0.00686987 0.0136758 -0.012335 0.00437298 -0.00320563
internal_weight=1111.38 949.994 776.549 715.925 631.543 161.389 317.003 193.329 314.54 60.6241 123.673 83.9692 177.249 173.445 71.8199 23.0928 242.72 182.151 84.3821 68.5535 10.8254 167.241 86.0182 22.2861 63.7321 154.499 114.073 40.4259 101.495 88.5125
internal_count=5063 4014 3422 3212 2663 1049 1455 812 1208 210 643 392 768 592 250 94 958 745 549 298 53 736 320 94 226 667 506 161 435 366
is_linear=0
shrinkage=0.05


Tree=14
num_leaves=31
num_cat=0
split_feature=0 1 4 2 2 0 6 0 0 0 1 3 3 3 3 3 3 5 6 3 3 3 3 5 5 3 3 3 0 3
split_gain=209.356 172.917 75.9452 80.6688 55.0047 32.1542 28.0699 21.2304 19.3414 21.724 18.6791 16.8532 41.1613 21.4931 15.9936 50.2435 31.0718 15.8257 15.1002 14.6591 13.6798 43.8974 33.5239 12.9278 16.8615 12.5559 19.9568 12.6528 10.0426 10.0061
threshold=-0.11214803188208297 0.97532326449953566 -0.77662554651860782 -1.2294918527492065 0.37211296495835683 -0.45634681619537071 0.33517519517855848 -0.38267713559522587 -0.21812508244155474 -0.31211158294526803 1.6995613547709489 0.85872076455050717 0.76667852551286308 0.95076291154600423 -0.24578499939545764 -0.33782723843310175 -0.15374285239996058 0.97646373688526711 0.91767364430924314 -0.52191153242409583 0.30646788257752478 0.21442564353988061 0.39851002957302184 1.5365115432400682 0.33526351918818315 1.2268893525324958 1.1348471134948515 1.3189314995279926 -0.46265158438555704 0.85872076455050717
decision_type=2 2 2 2 2 2 2 2 2 2 2 2 2 2 2 2 2 2 2 2 2 2 2 2 2 2 2 2 2 2
left_child=1 2 7 17 5 19 8 -1 9 -6 -2 12 14 -13 15 -7 -16 -4 -3 -5 21 -18 -22 24 29 26 -15 -27 -20 -11
right_child=10 18 3 4 6 11 -8 -9 -10 23 -12 13 -14 25 16 -17 20 -19 28 -21 22 -23 -24 -25 -26 27 -28 -29 -30 -31
leaf_value=-0.058042567372461162 0.0617302814151953 -0.056662474614406488 0.056936576088437774 -0.068068313038972941 0.037195766794000072 -0.003153605982299633 0.050136486887399669 0.035770990937231406 0.034271310970788553 0.034208231304275409 -0.066269236665038311 -0.090111930279614352 0.091372809147306833 -0.014418298344736583 -0.08357422412689372 0.093548408071188124 -0.010022209793372316 -0.023285914217213988 0.045952249537561905 0.0064307169404046105 -0.093271026718646469 0.096093915874581548 -0.0061339418849837464 0.026786588284036905 -0.038929221720662877 -0.085196468969466754 0.097843257243598269 -0.016449554923665535 -0.052761818282799668 -0.041041427874579046
leaf_weight=60.910241454839706 129.61975026130676 165.16367472708225 83.164713367819786 32.448726370930672 27.237884476780891 110.88219778239727 57.598875924944878 6.6934081614017478 54.61372022330761 16.029423832893375 2.9143056273460379 11.698661684989927 11.626095816493033 14.47953522205353 15.097051203250883 15.283728063106535 60.707888782024384 6.638399362564086 6.1932682991027832 8.290009453892706 13.962892353534697 11.609488040208815 52.692455843091011 15.997771710157393 50.146785035729408 8.8268769681453687 5.4485433399677268 27.685589820146561 4.4118750691413862 6.098453924059867
leaf_count=213 902 565 556 101 139 454 348 32 292 82 10 31 65 56 41 87 236 25 38 36 37 64 209 77 172 24 30 105 15 21
internal_value=2.52203e-06 -0.00811696 0.00191023 0.00667879 0.000344675 -0.010806 0.0199673 -0.0487541 0.00975298 -0.00183937 0.0589157 -0.00604162 -0.000814418 -0.0284314 -0.00463898 0.00856087 -0.0154482 0.0510064 -0.0529489 -0.0529084 -0.00804742 0.00701317 -0.0243873 -0.0138843 -0.0228867 -0.0156466 0.0162752 -0.0330691 0.00488594 0.0134694
internal_weight=1094.17 961.638 785.869 718.266 628.463 400.74 227.723 67.6036 170.124 115.51 132.534 360.001 291.862 68.1392 280.236 126.166 154.07 89.8031 175.769 40.7387 138.973 72.3174 66.6553 88.2724 72.2747 56.4405 19.9281 36.5125 10.6051 22.1279
internal_count=5063 4151 3533 3288 2707 1576 1131 245 783 491 912 1439 1193 246 1128 541 587 581 618 137 546 300 246 352 275 215 86 129 53 103
is_linear=0
shrinkage=0.05


Tree=15
num_leaves=31
num_cat=0
split_feature=0 1 4 0 2 6 5 6 2 6 0 1 0 6 0 5 5 5 6 0 3 3 3 3 4 5 2 3 0 0
split_gain=194.616 160.662 69.985 68.7244 49.678 28.943 28.92 27.805 23.7313 28.8053 19.4593 17.4057 14.743 14.0652 14.0467 14.465 23.933 20.4956 11.7089 11.7393 12.3166 30.3524 16.7381 14.4687 11.2468 9.36589 10.8454 9.30285 9.26884 8.69044
threshold=-0.11214803188208297 0.97532326449953566 -0.97481373065111521 -0.46382645497508307 0.39314461680063068 0.33517519517855848 -0.56769956538561817 -0.61865989030092794 -0.84177820408703419 1.6360648057523108 -0.16476161752012378 1.6995613547709489 -0.44882696580738807 0.91767364430924314 -0.34927018088974965 0.28428102731122423 -0.53595654394085257 0.97646373688526711 0.39413825905448446 -0.40954018576513695 0.85872076455050717 0.76667852551286308 0.95076291154600423 1.2268893525324958 -0.093497153620987011 1.38624222016614 1.091913107502162 -1.4423330023790664 -0.46265158438555704 -0.30052573773206609
decision_type=2 2 2 2 2 2 2 2 2 2 2 2 2 2 2 2 2 2 2 2 2 2 2 2 2 2 2 2 2 2
left_child=1 2 12 7 6 10 8 -4 -5 -10 14 -2 -1 -3 -6 16 -16 -17 19 -8 21 -21 -22 -24 -19 26 -26 -9 -15 -25
right_child=11 13 3 4 5 -7 18 27 9 -11 -12 -13 -14 28 15 17 -18 24 -20 20 22 -23 23 29 25 -27 -28 -29 -30 -31
leaf_value=-0.066001462543932923 0.060479608776926964 -0.055297159086818537 -0.036465104575713989 -0.058943545776842424 0.068247387675086021 0.050730917127165959 0.02549914235323977 -0.0047545220846430675 -0.041243111816534429 0.052948725543854151 0.056683992519847876 -0.065226036936580176 0.0077649576592858224 0.044508743017043592 -0.063544671734620042 -0.047602759175028611 0.041647970540043912 -0.037076961280193658 -0.022229835988477113 -0.0021938235461037348 -0.086814806516905568 0.086859553120262889 0.026210600714390908 -0.057394482281930108 0.034302517799481527 0.033676657803225755 -0.030905200950807527 0.063096137343403094 -0.051365164304077185 0.0076919974134914068
leaf_weight=43.456838443875313 125.78278434276581 160.88870590925217 8.6536383479833585 48.145847663283348 7.7491801977157584 55.680742353200912 42.156910762190819 5.4464907795190802 20.76351360976696 13.326315626502035 18.916711121797562 2.8153780102729788 8.0241223573684675 6.0773985385894775 6.4597304463386527 27.804474771022797 33.183173194527626 13.871655389666556 66.004824280738831 175.45906536281109 9.0991151630878431 10.120106503367422 15.376967638731001 15.777263343334196 9.9761554747819918 27.92275033891201 17.672649800777435 69.715825691819191 4.3079049587249738 7.5986739993095425
leaf_count=152 902 565 36 160 45 345 198 29 72 78 118 10 35 38 20 91 179 50 240 705 24 57 69 49 47 141 66 496 15 31
internal_value=2.50824e-06 -0.00781452 0.00183271 0.00582271 0.000272249 0.0195947 -0.00972283 0.0484078 -0.0363422 -0.00442186 0.00899477 0.0577276 -0.0545038 -0.0516568 0.00275774 -0.000949538 0.024507 -0.0113269 -0.00331443 0.00121591 -0.00316957 0.00266248 -0.0257874 -0.0114582 0.00319767 0.0132509 -0.00737716 0.0581795 0.0047395 -0.0362372
internal_weight=1078.23 949.637 778.363 726.882 643.066 219.237 423.829 83.816 82.2357 34.0898 163.556 128.598 51.481 171.274 144.64 136.891 39.6429 97.2477 341.593 275.588 233.431 185.579 47.852 38.7529 69.4432 55.5716 27.6488 75.1623 10.3853 23.3759
internal_count=5063 4151 3533 3346 2785 1102 1683 561 310 150 757 912 187 618 639 594 199 395 1373 1133 935 762 173 149 304 254 113 525 53 80
is_linear=0
shrinkage=0.05


Tree=16
num_leaves=31
num_cat=0
split_feature=0 1 4 2 2 0 6 0 0 1 3 3 3 5 6 5 3 6 1 0 5 5 6 3 3 3 3 3 3 3
split_gain=181.074 149.343 65.0256 70.2094 45.8578 28.6239 27.239 19.1841 19.1014 16.233 15.2818 46.3299 30.2053 18.811 14.6464 14.4697 13.8009 13.1106 12.8552 11.0735 11.1251 22.476 13.9563 12.844 10.2888 38.4455 33.7614 11.88 26.5001 25.526
threshold=-0.11214803188208297 0.97532326449953566 -0.77662554651860782 -1.2294918527492065 0.39314461680063068 -0.45634681619537071 1.4756994275006583 -0.16814949846880164 -0.38267713559522587 1.6995613547709489 -0.24578499939545764 -0.33782723843310175 -0.15374285239996058 -0.95748388192256695 0.42672311014381181 0.97646373688526711 -0.52191153242409583 0.91767364430924314 -1.438978628198343 -0.31910199041229742 0.39403016175515826 0.94770797635424298 0.26012387149161126 0.85872076455050717 0.30646788257752478 0.39851002957302184 0.21442564353988061 0.85872076455050717 0.76667852551286308 0.95076291154600423
decision_type=2 2 2 2 2 2 2 2 2 2 2 2 2 2 2 2 2 2 2 2 2 2 2 2 2 2 2 2 2 2
left_child=1 2 8 15 5 16 7 18 -1 -2 11 -7 -12 -14 24 -4 -5 -3 -6 -20 23 -22 -23 -21 26 -26 -15 28 -27 -29
right_child=9 17 3 4 6 10 -8 -9 -10 -11 12 -13 13 14 -16 -17 -18 -19 19 20 21 22 -24 -25 25 27 -28 29 -30 -31
leaf_value=-0.055434097127761539 0.059301744445137139 -0.053993845332244363 0.054513947165379939 -0.065552785527465754 0.065561155469063478 -0.0025946339915966965 0.065740001362941752 0.055522713384975532 0.033957535968396423 -0.064264597811589635 -0.081091319150650057 0.089586522585221595 -0.069164161991466952 -0.0014952868317817814 -0.045607247530042853 -0.022638684208154285 0.007440813318139782 0.0045987846391161496 0.031942384072182105 0.036857849816483421 -0.053954958883532939 -0.0071184057079015303 0.055676178269905723 -0.032312043820400989 -0.090795129783520889 -0.00022835895965161686 0.092125021136160765 -0.085104570636943655 0.085232240708907572 0.00057521172705432045
leaf_weight=58.00492550432682 121.96420842409134 156.64210215210915 79.093849867582321 30.982881888747215 8.6795992255210859 111.32750450074673 27.086505264043808 22.464193716645241 6.6624261885881415 2.717113494873046 15.161489993333815 15.532400399446486 11.948255300521849 51.237213045358658 19.780504986643791 6.5828959047794333 8.1866285949945432 10.166911095380781 27.454587489366531 28.046688288450241 23.921051666140556 59.924569666385651 10.381331458687781 8.8223588466644269 12.793442249298094 45.577444389462471 11.858674213290213 10.703182250261305 11.324923008680342 46.283673107624054
leaf_count=213 902 565 556 101 55 459 189 143 32 10 42 90 38 206 65 25 36 53 145 151 77 248 61 33 34 186 66 29 65 188
internal_value=3.20002e-06 -0.00753196 0.0017618 0.00616245 0.000295079 -0.00968614 0.0188365 0.0121391 -0.0462244 0.0566089 -0.00531043 0.00869179 -0.0128159 -0.0081427 -0.00466349 0.048586 -0.0502967 -0.0504227 0.00631135 0.00306781 -0.0029792 -0.0120903 0.00215381 0.0203063 -0.000395947 -0.00861214 0.0161004 0.00061967 0.0167803 -0.015517
internal_weight=1061.31 936.632 769.823 705.156 619.479 402.698 216.781 189.694 64.6674 124.681 363.529 126.86 236.669 221.507 209.559 85.6767 39.1695 166.809 167.23 158.551 131.096 94.227 70.3059 36.869 189.779 126.683 63.0959 113.889 56.9024 56.9869
internal_count=5063 4151 3533 3288 2707 1605 1102 913 245 912 1468 549 919 877 839 581 137 618 770 715 570 386 309 184 774 502 272 468 251 217
is_linear=0
shrinkage=0.05


Tree=17
num_leaves=31
num_cat=0
split_feature=0 1 4 0 2 3 3 5 6 0 6 5 1 0 3 4 6 1 1 3 6 2 0 2 0 2 1 6 5 5
split_gain=168.584 138.687 60.6235 59.8377 43.5685 32.1394 49.3148 29.0511 24.0928 18.3233 22.8586 15.5116 15.1508 13.9761 13.8632 20.5513 12.4338 11.9154 10.3908 10.1226 9.91903 15.2355 9.79756 10.5293 8.55728 8.42121 11.6995 8.57378 8.24401 8.16046
threshold=-0.11214803188208297 0.97532326449953566 -0.97481373065111521 -0.46139035719728066 0.13192560931808389 -0.24578499939545764 -0.15374285239996058 -0.41472141487963993 -0.73644990756368489 -0.44504841469390521 1.2464621417669686 -0.76720904743073381 1.6995613547709489 -0.44882696580738807 -0.33782723843310175 1.067746771576741 0.91767364430924314 -1.1004659755671204 -1.1762779196764357 -1.4423330023790664 0.16525486059244152 -0.24923470330144984 -0.17231209418310087 0.17993259066919218 -0.46265158438555704 0.35717747014800766 -0.61581810745226739 -0.23569941818341852 1.1956225056939336 1.0000000180025095e-35
decision_type=2 2 2 2 2 2 2 2 2 2 2 2 2 2 2 2 2 2 2 2 2 2 2 2 2 2 2 2 2 2
left_child=1 2 13 8 7 14 -7 9 -4 -5 -11 -8 -2 -1 15 17 -3 -6 -13 -10 21 -9 23 -19 -18 -20 27 -27 29 -23
right_child=12 16 3 4 5 6 11 20 19 10 -12 18 -14 -15 -16 -17 24 22 25 -21 -22 28 -24 -25 -26 26 -28 -29 -30 -31
leaf_value=-0.064112322387875051 0.058188236196299085 -0.052745171098756684 -0.068449835463245304 -0.063029048350470004 0.059589068697952413 -0.08384873048930086 -0.054606735603096673 0.01744463188483783 -0.012727007356292036 -0.037122561622551925 0.049006367063794909 0.043751858666518872 -0.063376721899715979 0.0081521259705857 0.072748640189950309 0.061143898331175429 0.04297810096754081 0.056941748709820099 -0.010769806059029156 0.054636949980669716 -0.024183762170565316 -0.0061526358156519089 0.062408523831471545 -0.0099870085210057562 -0.050146081570539063 -0.014318245659635962 0.0328696172821299 0.027353488403539197 0.011819159385505602 -0.041653504288019366
leaf_weight=40.749632656574249 118.17953878641129 152.44022144377232 4.536774903535842 40.627990573644638 11.241963461041449 16.052892118692398 9.5146542936563474 79.20991624891758 6.0047107934951773 31.005466639995575 10.250346869230269 21.206747844815254 2.6198840141296378 8.0051358044147474 18.305885896086693 29.462443426251411 5.9502516388893127 6.6164346039295188 48.629865154623985 78.237085402011871 48.639544785022736 36.509159907698631 6.4470054209232321 52.541672229766846 4.213939428329466 38.285366103053093 47.054828017950058 18.216154500842094 25.064306557178497 29.081495061516762
leaf_count=152 902 565 15 138 66 46 32 360 31 109 56 116 10 35 121 209 38 32 189 556 173 141 41 218 15 156 242 95 108 96
internal_value=3.84124e-06 -0.00725743 0.00169332 0.00538309 -8.16e-05 0.0126484 0.000177381 -0.0137943 0.0437907 -0.0391947 -0.0157231 0.00755194 0.0555517 -0.0522471 0.0325597 0.0256394 -0.049175 0.0120273 0.0109628 0.0498353 -0.00427558 0.00142497 0.00387722 -0.00250148 0.00437004 0.00639372 0.0144537 -0.000883231 -0.0125722 -0.021893
internal_weight=1044.9 924.102 761.497 712.743 623.964 323.576 198.961 300.388 88.7786 81.8838 41.2558 182.908 120.799 48.7548 124.615 106.31 162.604 76.8471 173.393 84.2418 218.504 169.865 65.6051 59.1581 10.1642 152.186 103.556 56.5015 90.655 65.5907
internal_count=5063 4151 3533 3346 2744 1563 876 1181 602 303 165 830 912 187 687 566 618 357 798 587 878 705 291 250 53 682 493 251 345 237
is_linear=0
shrinkage=0.05


Tree=18
num_leaves=31
num_cat=0
split_feature=0 1 4 0 2 6 6 5 2 6 0 1 0 6 1 6 0 5 5 6 3 5 2 3 3 3 2 2 5 6
split_gain=157.067 129.014 56.348 55.8683 38.0465 24.9047 24.323 24.3041 20.4093 27.6345 17.2469 14.1504 13.383 11.6051 11.5035 10.1899 9.90111 10.0611 20.3265 12.6461 11.5753 9.83635 9.62085 9.40132 16.4851 13.8074 10.2514 10.3343 10.6778 9.35743
threshold=-0.11214803188208297 0.97532326449953566 -0.97481373065111521 -0.46382645497508307 0.39314461680063068 1.4756994275006583 -0.61865989030092794 -0.60179964423319177 -0.57370105423428386 1.6360648057523108 -0.16814949846880164 1.6995613547709489 -0.44882696580738807 0.91767364430924314 -1.438978628198343 -0.17091082537422939 -0.31910199041229742 0.39403016175515826 0.94770797635424298 0.26012387149161126 0.85872076455050717 1.2102221417103725 0.27030765155177999 0.85872076455050717 0.76667852551286308 0.95076291154600423 -0.1369135563535778 0.31008490777959319 -0.21640051345653846 -0.33789117339589581
decision_type=2 2 2 2 2 2 2 2 2 2 2 2 2 2 2 2 2 2 2 2 2 2 2 2 2 2 2 2 2 2
left_child=1 2 12 6 7 10 -4 8 -5 -10 14 -2 -1 -3 -6 21 -16 20 -19 -20 -18 23 -23 24 26 -25 -9 28 -28 -27
right_child=11 13 3 4 5 -7 -8 15 9 -11 -12 -13 -14 -15 16 -17 17 18 19 -21 -22 22 -24 25 -26 29 27 -29 -30 -31
leaf_value=-0.063195263759017906 0.057131694115858445 -0.051544721241371494 -0.035720180025496255 -0.05424972930244204 0.063023666492754482 0.063719835652254531 0.054864278938219407 0.016336807052725038 -0.043183180667855467 0.060791825293990957 0.053122892540277834 -0.062555253491850663 0.0077492661339139124 0.0042410964078510548 0.030123032491484611 -0.013601679890561226 0.035065387450723948 -0.051982690598296716 -0.0070410382810421257 0.053478249183656512 -0.030897195404133462 0.036200794751477298 -0.013822049283161617 -0.084077185050371123 0.082643102619330222 -0.024358009336865254 0.0094003332177794666 0.042475354675349991 -0.037241199859104783 0.043929512280208242
leaf_weight=39.310416907072067 114.44188451766968 148.29681880772114 8.2973575443029386 47.325568079948425 8.285915791988371 25.578918054699898 69.336232200264931 52.679119288921356 15.119551658630373 11.068934664130209 21.599451512098312 2.5240027904510489 8.0003582835197431 9.9481179416179639 26.992458134889603 135.86409947276115 27.57777613401413 23.581898361444473 59.669877424836159 10.091895774006842 8.7645559757947904 37.234320521354675 12.95689073204994 7.6816402077674857 6.3942948132753363 21.483826592564583 18.717364102602005 7.2241413593292227 35.629049986600876 6.5449479967355755
leaf_count=152 902 565 36 168 55 189 525 236 54 71 143 10 35 53 145 520 151 77 248 61 33 179 51 21 37 79 78 36 122 31
internal_value=3.33537e-06 -0.00699797 0.00162652 0.00516795 0.000221829 0.0174531 0.0451828 -0.00856701 -0.034652 0.000763328 0.0111097 0.054549 -0.0511984 -0.0480377 0.00560871 -0.00296666 0.00257233 -0.00316199 -0.0118518 0.00171382 0.0191574 0.00402897 0.0232874 -0.00215316 0.00451727 -0.0246885 0.000144748 -0.013709 -0.0211775 -0.00841231
internal_weight=1028.22 911.256 753.011 705.7 628.066 212.143 77.6336 415.924 73.5141 26.1885 186.564 116.966 47.3108 158.245 164.964 342.41 156.678 129.686 93.3437 69.7618 36.3423 206.546 50.1912 156.354 120.644 35.7104 114.25 61.5706 54.3464 28.0288
internal_count=5063 4151 3533 3346 2785 1102 561 1683 293 125 913 912 187 618 770 1390 715 570 386 309 184 870 230 640 509 131 472 236 200 110
is_linear=0
shrinkage=0.05


Tree=19
num_leaves=31
num_cat=0
split_feature=0 1 4 0 0 3 3 3 5 2 5 6 5 1 2 6 0 0 0 1 6 0 2 0 3 5 0 5 6 3
split_gain=146.407 119.881 52.4048 52.2141 37.5751 28.9657 66.9213 50.5649 27.5055 25.5829 25.156 21.3659 13.5943 13.2241 13.0686 14.4022 12.8836 13.7576 12.8327 11.6199 11.0203 10.0593 17.5466 13.8381 9.83322 9.16086 8.86138 11.009 8.80732 8.73568
threshold=-0.11214803188208297 0.97532326449953566 -0.97481373065111521 -0.46139035719728066 -0.45634681619537071 -0.24578499939545764 -0.15374285239996058 -0.33782723843310175 -0.76720904743073381 0.24699002845435353 0.045484203462505902 -0.73644990756368489 0.13139565650439944 1.6995613547709489 0.40183159713622169 0.42672311014381181 -0.2949122127224057 -0.17231209418310087 -0.44882696580738807 0.48068473414009921 0.91767364430924314 -0.21812508244155474 1.4790172959123693 -0.27582429511803336 -1.4423330023790664 1.6911911582797596 -0.39043945449167144 1.0727721792862168 1.8042701481758316 0.85872076455050717
decision_type=2 2 2 2 2 2 2 2 2 2 2 2 2 2 2 2 2 2 2 2 2 2 2 2 2 2 2 2 2 2
left_child=1 2 18 11 12 7 -7 9 -8 19 -11 -4 -5 -2 15 26 -12 25 -1 28 -3 22 23 -16 -13 -18 27 -10 -6 -28
right_child=13 20 3 4 5 6 8 -9 14 10 16 24 -14 -15 21 -17 17 -19 -20 -21 -22 -23 -24 -25 -26 -27 29 -29 -30 -31
leaf_value=-0.062340889316278097 0.056125601723271336 -0.050386873861646364 -0.066658876945225196 -0.061455826847112774 -0.010589791672987342 -0.082175977051680504 -0.058434101068486115 0.079289410163972354 0.0035526467096674698 0.063217044985170737 0.044433679168352315 -0.014460614547833968 0.031426199204281184 -0.061793921645131616 0.036782247794583584 -0.045312981409046049 -0.03322212718513777 0.070824657793337201 0.0073663016585002105 -0.068387801678095453 0.0040301346656366433 0.042339907388741368 -0.048485045909864723 -0.010078466765731833 0.052502366217477218 0.03859987841246515 0.0029212805288864772 0.060637033361977455 0.032675151779761526 -0.023347308886086098
leaf_weight=37.892650835216045 110.76230421662331 144.22341647744179 4.3128831088542929 31.347286328673363 79.237454682588577 26.464384734630585 18.768087089061737 28.730335593223572 25.927289292216301 32.011378452181816 15.960413053631781 5.9178692996501914 4.5056585371494284 2.4297329783439627 40.090515986084938 18.674030616879463 26.479257315397263 4.6581050455570248 7.9955964088439933 7.6203968822956076 9.9454880058765394 30.462441250681877 11.528513208031653 25.953041791915894 74.493290483951569 5.3341576606035224 109.28068989515305 12.526774004101751 13.813436418771742 44.552166000008583
leaf_count=152 902 565 15 111 311 76 65 185 112 229 89 31 22 10 212 61 102 32 35 24 53 178 40 109 556 29 453 67 74 163
internal_value=4.37974e-06 -0.00674528 0.00156454 0.00496418 -0.000113668 0.00296692 -0.00560906 0.0175738 0.000390095 0.00799537 0.0282906 0.0417592 -0.0497833 0.0535944 0.00385101 -0.00339121 0.00696692 -0.00942902 -0.0501951 -0.00902834 -0.0468764 0.017993 0.00843205 0.0183675 0.0475742 -0.0211797 0.000680043 0.0221484 -0.0041671 -0.00468647
internal_weight=1011.9 898.707 744.538 698.65 613.926 578.073 364.228 213.845 337.764 185.115 84.4433 84.724 35.8529 113.192 318.995 210.961 52.4319 36.4715 45.8882 100.671 154.169 108.035 77.5721 66.0436 80.4112 31.8134 192.287 38.4541 93.0509 153.833
internal_count=5063 4151 3533 3346 2744 2611 1536 1075 1460 890 481 602 133 912 1395 856 252 163 187 409 618 539 361 321 587 131 795 179 385 616
is_linear=0
shrinkage=0.05


Tree=20
num_leaves=31
num_cat=0
split_feature=0 1 4 0 2 3 3 5 5 5 3 4 1 0 2 1 1 6 0 6 0 1 2 6 1 2 1 0 2 5
split_gain=136.546 111.405 48.7581 48.6951 31.9012 26.2778 42.2362 24.3431 23.3905 12.8546 12.5173 17.9297 12.3651 12.3206 11.3512 20.7638 10.6157 10.4702 10.197 12.979 9.93467 9.24485 8.65815 8.65544 41.7623 19.0529 8.61235 8.52188 11.7958 8.31347
threshold=-0.11214803188208297 0.97532326449953566 -0.97481373065111521 -0.46382645497508307 0.13192560931808389 -0.24578499939545764 -0.15374285239996058 -0.57608522678031926 0.12335412001622294 -0.95748388192256695 -0.33782723843310175 0.86505388056604826 1.6995613547709489 -0.44882696580738807 -0.84177820408703419 0.012906320873580865 -1.1004659755671204 0.91767364430924314 -0.39567619450301389 0.39413825905448446 -0.39768386775305642 -1.1762779196764357 -0.24923470330144984 -0.8141417747390739 1.9668001027168092 -1.2084602161472491 0.17955877359780395 -0.17231209418310087 0.16347304898070375 1.7731382848477517
decision_type=2 2 2 2 2 2 2 2 2 2 2 2 2 2 2 2 2 2 2 2 2 2 2 2 2 2 2 2 2 2
left_child=1 2 13 8 7 10 -7 14 -4 -8 11 16 -2 -1 -5 20 -6 23 -9 22 -16 -11 26 24 25 -3 -20 28 -18 -30
right_child=12 17 3 4 5 6 9 18 -10 21 -12 -13 -14 -15 15 -17 27 -19 19 -21 -22 -23 -24 -25 -26 -27 -28 -29 29 -31
leaf_value=-0.061543023710409123 0.055164182285263458 -0.056855569507686249 0.053911204456343266 -0.053828397666046794 0.056305867752467556 -0.079796807801498962 -0.055001432593611621 0.01013739315502203 -0.030862904507185002 0.041120258090596253 0.069538886710547893 0.055517849813581599 -0.061087184608419748 0.0070022339552125784 0.075322154978496134 -0.057779111303325942 0.082372267103665353 0.0038296256206474203 0.023428037473561193 -0.047542609638402733 -0.029084930627794398 0.0054174306985565242 -0.014118870909184691 -0.061377211333289695 0.10041170244296074 0.03449808674405995 -0.039666544796402747 0.058391895460672576 -0.017942031954560868 0.042408993906042212
leaf_weight=36.500011838972569 107.14997959136963 56.841022580862045 64.355856910347939 42.405144467949867 10.441592946648596 15.273337960243223 8.0370519161224347 82.483374640345573 9.3144601583480817 20.598406799137592 16.997448891401291 30.265584155917168 2.3372922837734214 7.9908712059259406 7.0154527500271797 10.718499183654783 3.6681290715932837 9.9429620802402479 34.250776931643486 21.62712773680687 3.3742925673723239 151.39903119951487 94.650953039526939 71.895574137568474 5.1483333110809317 6.344611629843711 6.4227162897586814 6.0054118558764449 45.608028620481491 6.5223279297351828
leaf_count=152 902 223 525 158 63 46 28 364 36 116 121 228 10 35 43 37 19 53 157 70 13 686 358 277 32 33 22 41 181 34
internal_value=4.5031e-06 -0.00650445 0.00150422 0.00476886 0.000186687 0.0113326 3.27308e-05 -0.0113959 0.0431928 0.00680512 0.0297996 0.0232104 0.0526825 -0.0492318 -0.0389151 -0.00895515 0.009676 -0.0457512 -0.00409609 -0.0115763 0.0414137 0.0096932 -0.00582824 -0.0492667 -0.036525 -0.0476825 0.0134648 0.00179801 -0.00429301 -0.0103912
internal_weight=995.586 886.098 735.926 691.435 617.765 314.816 195.308 302.948 73.6703 180.034 119.509 102.511 109.487 44.4909 63.5134 21.1082 72.2455 150.173 239.435 156.952 10.3897 171.997 135.324 140.23 68.334 63.1856 40.6735 61.8039 55.7985 52.1304
internal_count=5063 4151 3533 3346 2785 1563 876 1222 561 830 687 566 912 187 251 93 338 618 971 607 56 802 537 565 288 256 179 275 234 215
is_linear=0
shrinkage=0.05


Tree=21
num_leaves=31
num_cat=0
split_feature=0 1 4 0 0 3 3 3 5 2 5 6 5 0 1 0 2 5 2 6 1 3 6 0 2 0 6 1 2 3
split_gain=127.41 103.676 45.3782 45.6229 33.3514 24.6112 59.0829 46.1174 23.7367 22.3596 23.2847 20.2359 12.3944 11.8425 11.5674 11.4668 12.6919 15.6122 11.2334 12.7049 10.306 10.0159 9.96711 9.32339 16.9109 10.7567 8.47236 37.3838 25.7346 8.19625
threshold=-0.11214803188208297 0.97532326449953566 -0.97481373065111521 -0.46139035719728066 -0.45634681619537071 -0.24578499939545764 -0.15374285239996058 -0.33782723843310175 -0.76720904743073381 0.24699002845435353 0.045484203462505902 -0.61865989030092794 0.13139565650439944 -0.44882696580738807 1.6995613547709489 -0.2949122127224057 0.97837290288751211 1.1750349452891977 0.40183159713622169 0.42672311014381181 0.48068473414009921 -1.4423330023790664 0.91767364430924314 -0.21490634580112489 1.4790172959123693 -0.27582429511803336 -0.8141417747390739 1.9668001027168092 -1.2022116864321746 0.30646788257752478
decision_type=2 2 2 2 2 2 2 2 2 2 2 2 2 2 2 2 2 2 2 2 2 2 2 2 2 2 2 2 2 2
left_child=1 2 13 11 12 7 -7 9 -8 20 -11 -4 -5 -1 -2 -12 -17 -18 19 29 -6 -13 26 24 25 -20 27 28 -3 -10
right_child=14 22 3 4 5 6 8 -9 18 10 15 21 -14 -15 -16 16 17 -19 23 -21 -22 -23 -24 -25 -26 -27 -28 -29 -30 -31
leaf_value=-0.060796202631636667 0.054242329967098907 -0.05612309127087102 -0.035781705511914112 -0.05964312625015479 -0.0041195627739354368 -0.078644061402797463 -0.05554655119419491 0.076793767991666109 0.015322702099672106 0.061306495316520965 0.041911412434949662 -0.014716669363176628 0.029436394761242535 0.0066561134787220758 -0.060430172591770775 -0.041448743848721631 -0.035207975968979684 0.055723900493112301 0.034845521038408656 -0.042890216683101945 -0.065684059234103448 0.053634332907991022 0.0036390538249561374 0.042639258818734566 -0.046264065310425539 -0.0051992228097910622 -0.060458918494134928 0.090012589429514012 0.064000973275165393 -0.006632463908953311
leaf_weight=35.135540336370468 103.61247187852859 56.567129269242287 7.9652730077505103 29.852061450481415 92.348008811473846 25.433119744062424 17.941152587532997 27.448752477765083 63.635048165917397 30.404173001646996 15.647513397037981 5.8261584341526023 4.4925755858421317 7.986200511455535 2.2468586266040793 16.606652863323689 8.057434447109701 11.397111050784586 39.686181493103504 18.353314846754074 7.3379464596509925 66.941118985414505 9.9405379891395551 26.252122856676579 12.061957582831381 29.041540309786797 69.40151059627533 5.4476095438003531 4.840084344148635 128.04477323591709
leaf_count=152 902 229 36 111 385 76 65 185 277 229 89 31 22 35 10 60 31 72 212 61 24 535 53 160 42 125 277 32 27 518
internal_value=1.95537e-06 -0.0062722 0.00144509 0.0045779 -0.000140325 0.00274438 -0.00517375 0.0163841 0.000403831 0.00726321 0.0265837 0.0398797 -0.0479908 -0.0483039 0.0518084 0.00616705 -0.00934299 0.0180629 0.00356969 -0.00314888 -0.00865136 0.0481618 -0.0446957 0.0167526 0.00834088 0.0179242 -0.0482219 -0.0355187 -0.046655 0.000656347
internal_weight=979.952 874.093 727.896 684.774 604.041 569.697 360.449 209.248 335.016 181.799 82.1129 80.7326 34.3446 43.1217 105.859 51.7087 36.0612 19.4545 317.075 210.033 99.686 72.7673 146.197 107.042 80.7897 68.7277 136.256 66.8548 61.4072 191.68
internal_count=5063 4151 3533 3346 2744 2611 1536 1075 1460 890 481 602 133 187 912 252 163 103 1395 856 409 566 618 539 379 337 565 288 256 795
is_linear=0
shrinkage=0.05


Tree=22
num_leaves=31
num_cat=0
split_feature=0 1 4 0 2 4 6 5 5 1 0 4 2 4 4 2 6 0 4 5 6 6 1 2 5 3 3 3 5 5
split_gain=119.463 106.605 43.0614 40.4046 36.2789 24.8553 36.8752 25.0796 21.602 20.6783 19.8606 14.3708 20.9992 30.8724 12.8271 14.6758 12.4219 12.1674 10.5494 9.85639 9.8497 10.3137 33.3102 25.8427 9.76817 9.71828 12.9914 9.8105 9.15872 9.87562
threshold=-0.02267143345338191 0.97532326449953566 -0.97481373065111521 -0.46382645497508307 0.97837290288751211 -0.015559208253519061 0.26012387149161126 1.3504548344195155 0.12335412001622294 0.06472089210630276 -0.27766187853951774 0.18831013365909852 -0.58162598827033074 0.65903693769190641 1.067746771576741 0.45242949323289472 0.97407783099018419 -0.44882696580738807 0.087454868667301192 0.25001256699540064 0.91767364430924314 -0.8141417747390739 1.9668001027168092 -1.2022116864321746 1.0508001909799718 0.85872076455050717 0.76667852551286308 0.95076291154600423 1.1125579642141628 1.7171019893175135
decision_type=2 2 2 2 2 2 2 2 2 2 2 2 2 2 2 2 2 2 2 2 2 2 2 2 2 2 2 2 2 2
left_child=1 2 17 8 9 -6 7 18 -4 11 -11 16 13 -13 15 28 19 -1 -7 25 21 22 23 -3 -21 26 -5 -27 -14 -30
right_child=-2 20 3 4 5 6 -8 -9 -10 10 -12 12 14 -15 -16 -17 -18 -19 -20 24 -22 -23 -24 -25 -26 27 -28 -29 29 -31
leaf_value=-0.060095596706640608 0.057413969137959778 -0.055211138459873112 0.052177412117603961 0.0061724129205326713 0.061580213999645896 0.017948783482531965 0.054627119116410487 0.042611096931836102 -0.030080652529307556 -0.034190351422509188 0.029370012080862779 0.068113822905084456 -0.015557727447277722 -0.046704660170691206 0.050394771908874217 0.055725930066436349 -0.064010068239295045 0.0077945871469412235 -0.049401890867180324 -0.038022537416900148 0.0034579326468108713 -0.061581403119099848 0.081428138978923328 0.059517043037812051 -0.0058053040540407552 -0.085045082409829734 0.081343772429417427 -0.0071686496999911605 0.03883883974341399 -0.013478620525108065
leaf_weight=33.801700629293919 82.818998493254185 54.674535602331161 60.670513480901718 107.34649506956339 35.112129360437393 7.2216871157288542 30.607882648706436 13.838459178805349 9.1903914064168912 84.869989678263664 14.371365576982496 7.4695944041013709 34.299978211522102 27.075464740395546 30.451950810849667 16.313173890113831 9.1640762463211995 8.2008868753910047 29.830269657075405 34.214208476245403 9.9382131993770582 69.279071018099785 5.7134578227996817 5.3924715369939795 75.325344055891037 5.3487648665905025 6.0728127360343924 16.57923262566328 24.863834843039513 14.155376076698301
leaf_count=152 749 229 525 492 272 35 229 76 36 323 71 42 137 104 188 98 29 37 106 120 53 288 32 31 311 15 37 67 123 56
internal_value=-2.47931e-07 -0.0053951 0.00232103 0.0052947 0.00126083 0.0264115 0.0112596 -0.0148236 0.0413561 -0.00451335 -0.024986 0.000458111 0.0124761 -0.0218777 0.0223588 0.0128338 -0.00685672 -0.0468402 -0.0362748 -0.00471794 -0.0445828 -0.0481178 -0.0339381 -0.0449115 -0.0158682 0.00430622 0.0101973 -0.0261646 0.00329051 0.0198591
internal_weight=964.212 881.393 736.396 694.393 624.532 116.61 81.4983 50.8904 69.8609 507.922 99.2414 408.68 154.629 34.5451 120.084 89.6324 254.051 42.0026 37.052 244.887 144.998 135.06 65.7805 60.067 109.54 135.347 113.419 21.928 73.3192 39.0192
internal_count=5063 4314 3681 3492 2931 718 446 217 561 2213 394 1819 748 146 602 414 1071 189 141 1042 633 580 292 260 431 611 529 82 316 179
is_linear=0
shrinkage=0.05


Tree=23
num_leaves=31
num_cat=0
split_feature=0 1 4 0 2 0 4 6 5 6 1 4 1 6 0 5 3 5 4 3 6 6 1 2 5 5 3 3 3 3
split_gain=111.795 99.3093 40.0729 37.6955 34.279 23.9766 23.4728 34.1744 22.8135 18.8632 15.9309 12.6182 19.1118 12.9912 11.6976 11.3765 10.4508 9.74911 9.59561 9.47709 9.40615 10.0507 30.1742 24.0091 8.73569 12.1078 10.2479 15.0374 9.63754 9.57611
threshold=-0.02267143345338191 0.97532326449953566 -0.97481373065111521 -0.46139035719728066 0.97837290288751211 -0.45634681619537071 -0.015559208253519061 0.26012387149161126 1.3504548344195155 -0.61865989030092794 0.65979360463405945 0.18831013365909852 0.06472089210630276 0.97407783099018419 -0.44882696580738807 0.13139565650439944 -0.24578499939545764 0.78261853570006845 0.087454868667301192 -1.4423330023790664 0.91767364430924314 -0.8141417747390739 1.9668001027168092 -1.2022116864321746 0.47619257875424831 0.97646373688526711 0.85872076455050717 0.76667852551286308 0.95076291154600423 0.58259423152186895
decision_type=2 2 2 2 2 2 2 2 2 2 2 2 2 2 2 2 2 2 2 2 2 2 2 2 2 2 2 2 2 2
left_child=1 2 14 9 5 15 -6 8 18 -4 11 13 16 24 -1 -5 -13 -18 -8 -11 21 22 23 -3 26 -26 27 -7 -28 -27
right_child=-2 20 3 4 6 10 7 -9 -10 19 -12 12 -14 -15 -16 -17 17 -19 -20 -21 -22 -23 -24 -25 25 29 28 -29 -30 -31
leaf_value=-0.059436907033308783 0.056610575889593506 -0.05433644311729291 -0.035430037816157271 -0.057675974210436888 0.060407600611314671 0.0044348295254135247 0.01708938311480648 0.053319458853186522 0.040931719596072197 -0.015098728694919232 -0.050225770882547628 0.03693968618555795 -0.03135194357091127 -0.062788419473669158 0.0074110430953523891 0.02831362453321358 -0.018023728091139651 0.019154513109277471 -0.047240801691105644 0.051956277421751254 0.0032857918956224088 -0.060758372497335823 0.074202566854487159 0.055621152410723018 -0.045560909993889696 -0.014362672871156943 -0.081625933723366795 0.078531351331403015 -0.0099798253434760127 0.029371093241406777
leaf_weight=32.500451646745205 79.869531035423279 52.824005633592606 7.8441150039434424 28.408759847283363 34.031534016132355 138.43382974714041 7.2060200348496428 29.810992814600468 13.689753837883471 5.7467722445726386 16.404222086071968 49.226698771119118 22.307365268468857 9.7953488454222661 8.1942169070243818 4.4487588554620734 25.292855530977249 58.22464432567358 29.640010543167591 63.419899940490723 9.9359843730926496 66.770308963954449 5.949815407395362 5.4793343394994727 25.475832238793373 65.969660267233849 5.8612845987081554 7.2035857066512099 23.564008057117462 15.44789646565914
leaf_count=152 749 229 36 111 272 625 35 229 76 31 61 281 86 31 37 22 103 276 106 535 53 288 32 31 86 261 17 45 94 73
internal_value=-3.555e-07 -0.0052028 0.00223364 0.0050875 0.000928904 -0.00476047 0.025604 0.0108627 -0.0141825 0.0380515 -0.00183278 -5.60486e-05 0.0114699 -0.00618155 -0.0459765 -0.0460334 0.0186661 0.00789527 -0.0346597 0.046385 -0.0436169 -0.0471737 -0.0330569 -0.0440027 -0.00421499 -0.0154779 0.00266213 0.00809983 -0.0242512 -0.00606477
internal_weight=948.977 869.108 728.149 687.454 610.443 496.065 114.378 80.3468 50.5358 77.0108 463.207 446.803 155.052 291.751 40.6947 32.8575 132.744 83.5175 36.846 69.1667 140.959 131.023 64.2532 58.3033 281.956 106.893 175.063 145.637 29.4253 81.4176
internal_count=5063 4314 3681 3492 2890 2172 718 446 217 602 2039 1978 746 1232 189 133 660 379 141 566 633 580 292 260 1201 420 781 670 111 334
is_linear=0
shrinkage=0.05


Tree=24
num_leaves=31
num_cat=0
split_feature=0 1 4 0 2 4 6 5 5 5 6 0 0 6 0 4 5 4 6 6 1 0 2 1 0 0 5 5 3 2
split_gain=104.663 92.5387 37.2929 35.4242 30.7901 22.1981 29.9033 24.6053 19.9747 18.9491 21.1361 29.173 12.1313 12.15 11.2561 9.62002 14.0499 9.57567 8.98978 9.79485 27.4507 22.438 8.34025 8.18701 7.89961 7.86975 8.47092 12.6778 9.61059 9.0383
threshold=-0.02267143345338191 0.97532326449953566 -0.97481373065111521 -0.46382645497508307 0.97837290288751211 -0.066279727275328673 0.26012387149161126 1.3504548344195155 0.12335412001622294 -0.76720904743073381 1.8042701481758316 -0.44504841469390521 -0.46139035719728066 0.16525486059244152 -0.44882696580738807 0.06908149430740386 0.47619257875424831 0.087454868667301192 0.91767364430924314 -0.8141417747390739 1.9668001027168092 -0.35110413866307549 0.32684927103596262 0.48068473414009921 -0.46265158438555704 -0.40954018576513695 0.86736868516273036 1.7171019893175135 0.85872076455050717 0.28646240215302016
decision_type=2 2 2 2 2 2 2 2 2 2 2 2 2 2 2 2 2 2 2 2 2 2 2 2 2 2 2 2 2 2
left_child=1 2 14 8 9 -6 7 17 -4 10 -5 -12 -11 15 -1 16 22 -7 19 20 21 -3 -14 -15 -20 -17 28 -28 29 -27
right_child=-2 18 3 4 5 6 -8 -9 -10 12 11 -13 13 23 -16 25 -18 -19 24 -21 -22 -23 -24 -25 -26 26 27 -29 -30 -31
leaf_value=-0.058816299156689747 0.055840051562126326 -0.053577385802717217 0.050563131337549999 -0.056307504262315948 0.063546186630643459 0.011966685576031817 0.0523702527157755 0.043653691186760796 -0.029327430523038107 0.085589787547906054 -0.053109335411594863 0.058100788296648602 7.6011190667988005e-05 -0.012262569718854872 0.0070462613093131808 0.04763884955938949 -0.021226487871865957 -0.045200001238682688 0.040950703565877468 -0.059977755763403418 0.068022900905063938 0.051722866554275881 0.030136637777004635 -0.062998350957345989 -0.049432194902280978 -0.017693273125438464 0.033192082996620083 -0.016802872177839493 -0.057591084176037158 0.045206797442274294
leaf_weight=31.23331893235445 76.996037691831589 50.959919437766075 57.160331442952156 34.06867191195488 27.83314037322998 9.7522614076733571 29.755943812429905 15.380524933338164 9.0647815167903882 4.0409629046916953 11.243038415908815 12.401819638907908 125.01865661889315 92.957320533692837 8.1876773834228498 15.815504133701323 71.4131925329566 29.434625670313835 5.7761743664741516 64.319544441998005 6.1600605547428122 5.6165810376405707 28.296565867960453 8.6950138062238675 4.1576753258705121 16.134356483817104 48.346914112567902 17.188473157584667 8.278727173805235 8.8404728919267637
leaf_count=152 749 228 525 132 241 47 235 89 36 23 47 93 521 386 37 84 275 106 38 288 32 32 172 30 15 62 239 72 26 51
internal_value=-1.96096e-06 -0.0050159 0.00214588 0.00488244 0.00114032 0.0248286 0.0120489 -0.00993865 0.0396278 -0.00414432 -0.0310998 0.00522081 -0.000648583 -0.00143883 -0.0451368 0.00310364 -0.00290833 -0.0309732 -0.0426856 -0.046267 -0.0322104 -0.0431238 0.00562414 -0.0166023 0.00312219 0.0148925 0.00965005 0.0200795 -0.0109041 0.0045718
internal_weight=934.528 857.532 720.542 681.121 614.896 112.156 84.3234 54.5674 66.2251 502.74 57.7135 23.6449 445.026 440.985 39.421 339.333 224.728 39.1869 136.99 127.056 62.7366 56.5765 153.315 101.652 9.93385 114.604 98.7889 65.5354 33.2536 24.9748
internal_count=5063 4314 3681 3492 2931 718 477 242 561 2213 272 140 1941 1918 189 1502 968 153 633 580 292 260 693 416 53 534 450 311 139 113
is_linear=0
shrinkage=0.05


Tree=25
num_leaves=31
num_cat=0
split_feature=0 1 4 2 2 4 6 5 0 0 1 4 0 3 5 5 2 3 3 3 4 6 0 2 6 3 5 1 6 6
split_gain=98.0241 86.389 34.839 39.4277 28.5125 21.1839 27.7796 22.4237 19.8492 18.9611 12.9379 18.606 12.8279 12.6139 11.1249 11.0057 10.2085 10.0796 8.85142 10.8739 8.72585 8.66053 11.9134 8.65866 11.2238 8.4936 8.56956 8.5924 8.44901 9.55143
threshold=-0.02267143345338191 0.97532326449953566 -0.73692120443548736 -1.2294918527492065 0.97837290288751211 -0.066279727275328673 0.26012387149161126 1.3504548344195155 -0.45634681619537071 -0.35729582234729645 0.06472089210630276 0.18831013365909852 -0.27766187853951774 -0.52191153242409583 0.12335412001622294 0.25001256699540064 0.45242949323289472 1.0000000180025095e-35 0.85872076455050717 0.76667852551286308 0.087454868667301192 -0.38746261352427119 -0.22359998143760404 -0.1369135563535778 -0.67389352677565262 -0.24578499939545764 0.78261853570006845 -0.61581810745226739 0.91767364430924314 -0.8141417747390739
decision_type=2 2 2 2 2 2 2 2 2 2 2 2 2 2 2 2 2 2 2 2 2 2 2 2 2 2 2 2 2 2
left_child=1 2 9 14 8 -6 7 20 13 -1 11 15 -12 -5 -4 18 25 -16 19 21 -7 23 -23 -10 -25 -13 27 -27 29 -3
right_child=-2 28 3 4 5 6 -8 -9 10 -11 12 16 -14 -15 17 -17 -18 -19 -20 -21 -22 22 -24 24 -26 26 -28 -29 -30 -31
leaf_value=-0.048937545068247323 0.055098453850265232 -0.031388217063863563 0.049642141389739686 -0.058776374368778229 0.06274616832864699 0.011387611212070305 0.05115270501997659 0.042029543838841589 0.049738037875080278 0.028668705984630505 -0.029915872128237653 0.029355875992370585 0.024031259332119179 0.015837825126805857 -0.058129045968868864 -0.017252052031549 0.049279513621710402 0.043410009039191545 -0.025005030035086775 0.076933644300500759 -0.043267738500699093 -0.018294152726630018 0.05459474296129118 -0.057943710106614227 0.019112132284813635 -0.058692196129415092 0.01294775745974047 0.0034183630324806317 0.0030297842242994377 -0.059234733957203682
leaf_weight=46.498072251677513 74.201722346246243 61.249280110001564 58.189461350440979 25.087919980287552 26.804674729704857 9.7361870259046537 28.96131806075573 15.181265190243719 17.128946647047997 9.4743529334664327 61.845890305936337 41.313532307744026 13.408423773944376 7.3161115497350684 4.9504249989986402 112.49690604954958 21.246248260140419 4.8275178372859955 21.507143259048462 5.7688373401761046 29.217258393764496 42.482359074056149 6.4582211524248114 5.6902353242039672 27.879732146859169 10.161558270454409 46.462240025401115 12.318693757057188 9.7211013436317426 61.930642619729042
leaf_count=219 749 292 534 101 241 47 235 89 88 53 240 222 66 36 18 437 141 25 81 37 106 168 41 23 136 34 210 53 53 288
internal_value=-2.47138e-06 -0.00483923 0.00206457 0.00529325 0.00112879 0.0240955 0.0116277 -0.00951757 -0.00414534 -0.0358013 -0.00140113 0.00243401 -0.0203039 -0.0419301 0.0413499 -0.00586552 0.0175441 -0.00799768 0.00422742 0.0101919 -0.029607 0.00632775 -0.0086757 0.0208109 0.00605088 0.0114287 0.000685896 -0.0246569 -0.0418469 -0.0453885
internal_weight=919.516 845.315 712.414 656.441 588.474 109.901 83.096 54.1347 478.573 55.9724 446.169 370.915 75.2543 32.404 67.9674 239.412 131.502 9.77794 126.915 105.408 38.9534 99.6395 48.9406 50.6989 33.57 110.256 68.9425 22.4803 132.901 123.18
internal_count=5063 4314 3681 3409 2832 718 477 242 2114 272 1977 1671 306 137 577 1011 660 43 574 493 153 456 209 247 159 519 297 87 633 580
is_linear=0
shrinkage=0.05


Tree=26
num_leaves=31
num_cat=0
split_feature=0 1 4 0 2 6 4 6 5 5 6 0 0 6 6 6 1 2 4 5 0 4 2 4 3 2 0 5 0 4
split_gain=91.8166 80.2803 32.4236 26.1109 26.042 25.4727 20.2316 25.8115 20.4413 17.6551 19.2458 26.3254 10.8345 11.436 8.03983 9.4655 25.5038 21.62 7.97625 10.1225 8.34385 7.95566 7.86062 10.3006 7.71561 7.41576 7.29695 7.11492 6.69728 6.30153
threshold=-0.02267143345338191 0.97532326449953566 -1.0858275335679293 -0.46382645497508307 0.97837290288751211 -0.57886118328956893 -0.066279727275328673 0.26012387149161126 1.3504548344195155 -0.76720904743073381 1.8042701481758316 -0.4358445192622965 -0.46139035719728066 0.16525486059244152 0.91767364430924314 -0.8141417747390739 1.9668001027168092 -1.2022116864321746 0.050414532736126907 0.47619257875424831 -0.40954018576513695 0.087454868667301192 -0.15154427531699513 0.73300199645192177 1.2268893525324958 0.32684927103596262 -0.46265158438555704 0.88734944934584081 -0.42385142197759129 0.8360412980496148
decision_type=2 2 2 2 2 2 2 2 2 2 2 2 2 2 2 2 2 2 2 2 2 2 2 2 2 2 2 2 2 2
left_child=1 2 28 5 9 -4 -6 8 21 10 -5 -12 -11 18 15 16 17 -3 19 25 -20 -8 29 -24 -22 -14 -16 -21 -1 -15
right_child=-2 14 3 4 6 -7 7 -9 -10 12 11 -13 13 22 26 -17 -18 -19 20 27 24 -23 23 -25 -26 -27 -28 -29 -30 -31
leaf_value=-0.058051781169225006 0.05438222251062455 -0.052243415568244946 -0.028595488112216468 -0.054838741946593467 0.062001831994463824 0.049875419079390339 0.010836263889280289 0.049971553166070271 0.040475588723293286 0.08117984445155596 -0.048194910356716594 0.059868161628337059 -0.00040326096396533563 -0.015288455102066204 0.03959299186682752 -0.058524959380410427 0.065103302962671236 0.052047683686785376 0.047597715740002107 -0.050939379995143322 0.013502460455631769 -0.041433990432470758 -0.015927001098160597 0.033288317425752702 -0.029176882153669054 0.028185481319276375 -0.048244927381149896 -0.010379271594253579 0.0031877142983672054 -0.053189551490964687
leaf_weight=26.125241309404377 71.488944217562675 48.297785207629204 12.888538300991057 32.750413849949837 25.795704215764999 52.338386982679367 9.7203962057828885 28.183471329510212 14.981067799031733 4.0322188735008231 11.408846348524095 11.137866616249083 126.16110798716545 25.544016540050507 5.656744122505188 59.606599770486355 6.2615617066621772 5.5393221229314795 15.75246602296829 13.495944231748579 90.597420379519463 28.990651190280914 42.060009352862835 14.228250399231909 11.991058170795439 27.655662335455418 4.0623359084129316 54.370863176882267 5.3847152143716803 19.217613860964775
leaf_count=139 749 229 70 132 241 503 47 235 89 23 50 90 527 97 38 288 32 31 85 44 422 106 171 79 46 171 15 220 24 70
internal_value=-5.34318e-08 -0.00466028 0.00198635 0.00430632 0.00108146 0.0343699 0.0233884 0.0112228 -0.00911676 -0.00371829 -0.0303639 0.00518724 -0.000408015 -0.00115388 -0.0408561 -0.0444071 -0.0304047 -0.0415129 0.00323511 -0.00236009 0.0137164 -0.0283089 -0.0159224 -0.00348661 0.00851388 0.00473688 0.00287891 -0.018445 -0.0475866 -0.0315606
internal_weight=905.725 834.236 704.812 673.302 608.075 65.2269 107.671 81.8756 53.6921 500.404 55.2971 22.5467 445.107 441.074 129.424 119.705 60.0987 53.8371 340.025 221.684 118.341 38.711 101.05 56.2883 102.588 153.817 9.71908 67.8668 31.51 44.7616
internal_count=5063 4314 3681 3518 2945 573 718 477 242 2227 272 140 1955 1932 633 580 292 260 1515 962 553 153 417 250 468 698 53 264 163 167
is_linear=0
shrinkage=0.05


Tree=27
num_leaves=31
num_cat=0
split_feature=0 1 4 2 2 4 6 5 0 0 1 2 5 2 4 4 3 5 1 0 4 3 2 1 0 4 5 6 1 3
split_gain=86.042 74.986 30.316 35.3065 24.5882 19.3358 23.986 18.7328 17.5728 17.3303 12.3465 13.9073 18.8505 12.4229 15.7 12.0127 11.734 9.08332 10.194 7.24259 7.16114 6.89173 6.70848 15.5727 14.203 10.1936 6.35534 6.81816 5.94226 5.73526
threshold=-0.02267143345338191 1.0626739655501971 -0.73692120443548736 -1.2294918527492065 0.97837290288751211 -0.066279727275328673 0.26012387149161126 1.3977233068034023 -0.45634681619537071 -0.35729582234729645 0.65979360463405945 -1.0970535034223874 -0.21640051345653846 -0.94007824472661794 1.067746771576741 0.90004681355772054 -0.52191153242409583 -1.1017690559774416 -1.0473081786632019 -0.43145538629536023 0.087454868667301192 -1.2582487083880722 -1.1222561098107391 1.9668001027168092 -0.35110413866307549 1.1183285548757507 -0.904280245935558 0.39413825905448446 -0.60929981399221511 1.2268893525324958
decision_type=2 2 2 2 2 2 2 2 2 2 2 2 2 2 2 2 2 2 2 2 2 2 2 2 2 2 2 2 2 2
left_child=1 2 9 15 8 -6 7 20 16 -1 11 12 -10 -13 26 17 -5 -4 -19 -16 -7 -20 23 24 25 -3 -15 -28 -22 -21
right_child=-2 22 3 4 5 6 -8 -9 10 -11 -12 13 -14 14 19 -17 -18 18 21 29 28 -23 -24 -25 -26 -27 27 -29 -30 -31
leaf_value=-0.047175911030128047 0.053688110135976047 -0.051709743990086578 -0.062223595566625323 -0.057229007834055406 0.061308305515139078 0.011672264680469419 0.04882289688931217 0.044239386916226281 -0.022524770502715952 0.027500210311500503 -0.04516604919602249 -0.050457006748763092 0.076711257298539517 -0.052237892411571389 -0.024495532454733168 0.060058960987264431 0.015598555376212825 -0.028759197328837156 -0.02970456255708619 0.04838980560540846 -0.052929242206030583 0.053108034926042005 -0.05428924123042287 0.037360574111098131 0.058681798597161307 0.015893161601449959 0.00024371349240111422 -0.019883311282529199 -0.0063205454949946246 -0.017635431263865964
leaf_weight=44.623051717877388 68.859335094690323 52.823547311127186 3.219734013080596 23.855468094348911 24.808146938681602 9.8831282034516317 27.423662662506104 12.70596509426832 7.5654658824205425 9.4072164073586446 15.576121911406515 12.74625690281391 13.023036003112791 6.5537643581628791 5.0057704895734778 34.131207942962646 7.2002718895673743 6.5022137314081219 2.8857898861169842 27.026365168392662 20.356055468320847 19.412797823548317 51.917373269796371 7.5290288776159278 3.5294170975685111 6.2342773601412764 303.68179024010897 48.845204964280128 10.297969847917559 3.7448052167892447
leaf_count=221 749 260 11 102 241 48 235 79 31 53 64 47 76 27 20 349 36 36 18 181 71 173 260 37 19 37 1328 194 44 16
internal_value=-9.47792e-07 -0.00449569 0.0018056 0.00481278 0.000867528 0.0227048 0.0108328 -0.00873459 -0.00398329 -0.034174 -0.00143871 0.000151935 0.0402459 -0.00187325 -0.000304939 0.0394214 -0.0403439 0.0174236 0.0263276 0.0312811 -0.0253388 0.0423908 -0.0406655 -0.0305779 -0.0387507 -0.0445734 -0.003452 -0.00254503 -0.0372714 0.0403546
internal_weight=891.374 822.515 700.481 646.451 580.299 105.475 80.6668 53.2431 474.824 54.0303 443.769 428.192 20.5885 407.604 394.858 66.1517 31.0557 32.0205 28.8008 35.7769 40.5372 22.2986 122.034 70.1163 62.5872 59.0578 359.081 352.527 30.654 30.7712
internal_count=5063 4314 3701 3427 2840 718 477 242 2122 274 1984 1920 107 1813 1766 587 138 238 227 217 163 191 613 353 316 297 1549 1522 115 197
is_linear=0
shrinkage=0.05


Tree=28
num_leaves=31
num_cat=0
split_feature=0 1 4 0 6 2 5 6 0 4 6 5 6 1 2 6 4 0 6 3 3 3 3 3 3 2 3 3 3 3
split_gain=80.6354 69.9148 32.6636 25.3553 25.2643 22.8309 18.4451 16.771 26.8516 16.338 24.5141 17.0992 10.5644 21.106 22.9616 9.06608 8.27036 7.19193 9.41519 6.74116 21.3235 10.5262 7.91784 36.8503 15.2096 9.46649 9.2889 33.8565 24.908 9.9544
threshold=-0.02267143345338191 1.1992588846131529 -1.0858275335679293 -0.46382645497508307 -0.57886118328956893 0.97837290288751211 -0.73811690150013387 1.7445176434631551 -0.44504841469390521 -0.093497153620987011 0.26012387149161126 1.3977233068034023 -0.8141417747390739 1.9668001027168092 -1.2022116864321746 0.16525486059244152 0.087454868667301192 -0.40954018576513695 -0.51271148558943047 1.2268893525324958 1.1348471134948515 1.3189314995279926 0.85872076455050717 0.76667852551286308 0.95076291154600423 -0.82227059912289968 -0.24578499939545764 -0.15374285239996058 -0.33782723843310175 0.30646788257752478
decision_type=2 2 2 2 2 2 2 2 2 2 2 2 2 2 2 2 2 2 2 2 2 2 2 2 2 2 2 2 2 2
left_child=1 2 -1 4 -4 6 7 -5 -9 -7 11 16 13 14 -3 17 -11 18 -8 20 22 -21 23 25 -24 -19 28 -28 -27 -29
right_child=-2 12 3 5 -6 9 15 8 -10 10 -12 -13 -14 -15 -16 -17 -18 19 -20 21 -22 -23 24 -25 -26 26 27 29 -30 -31
leaf_value=-0.047572446744592913 0.053013169939128739 -0.050336848455900009 -0.028973576983251027 -0.051452991527600869 0.048288596674536485 0.060119930203626493 -0.01508094590311305 -0.049651606534755519 0.055380573562281016 0.012263003886369063 0.050473367934047969 0.043328549929870348 -0.058565703673244179 0.057358428022559228 0.062194213488629038 -0.013433199596457352 -0.036092874638632332 -0.072136197136010674 0.037949647142728471 -0.084461432184542107 0.090506327326185257 -0.0073358978363458399 -0.078128279172540505 0.077308047678730993 0.0065461168771354635 0.00072041840271832138 -0.082790959650573967 0.013081617373809203 0.075521952758446698 -0.014622795799214794
leaf_weight=32.55156584084034 66.313889652490616 42.836746037006378 13.193184137344359 36.137781016528606 53.432668097317219 21.87214706838131 11.638349890708922 12.317518472671511 12.026237294077871 12.369804896414278 27.277638666331768 12.868043974041937 51.212996624410152 6.5354101806879035 5.0696079134941092 102.43272481113672 31.007228910923004 4.656999632716178 29.802658408880234 5.5125198662281063 6.8237859383225432 22.403950400650501 8.9092122316360474 15.842458665370939 13.103575393557549 62.52316378057003 13.549756199121473 70.003836646676064 13.538979835808275 60.397101365029812
leaf_count=177 749 218 73 157 533 226 48 57 99 63 240 82 264 32 29 427 118 14 157 15 39 91 26 100 57 276 41 317 91 247
internal_value=3.73935e-07 -0.00432985 0.0013456 0.0037094 0.0329892 0.000495659 -0.00394916 -0.0298432 0.00223611 0.0216505 0.0115765 -0.00728767 -0.0422644 -0.0269298 -0.0384284 -0.000399005 -0.0223033 0.00354284 0.0230565 0.000822496 0.00324653 -0.0225655 0.000978391 0.00360537 -0.0277241 -0.00159173 -9.85186e-05 -0.00756654 0.014035 0.000249913
internal_weight=878.162 811.848 706.193 673.641 66.6259 607.015 501.621 60.4815 24.3438 105.395 83.5227 56.2451 105.655 54.4418 47.9064 441.139 43.377 338.706 41.441 297.265 269.349 27.9165 262.525 240.512 22.0128 224.67 220.013 143.951 76.0621 130.401
internal_count=5063 4314 3771 3594 606 2988 2259 313 156 729 503 263 543 279 247 1946 181 1519 205 1314 1208 106 1169 1086 83 986 972 605 367 564
is_linear=0
shrinkage=0.05


Tree=29
num_leaves=31
num_cat=0
split_feature=0 1 4 2 2 4 4 6 5 0 1 5 1 3 3 3 3 4 0 1 5 2 1 4 5 1 5 2 5 3
split_gain=75.5916 65.3672 26.4265 21.4986 20.8954 18.2162 17.8009 20.7 17.628 15.5658 11.1918 11.0556 11.9968 11.0497 9.85661 46.8352 41.318 10.9834 15.0275 10.1983 10.1793 7.25456 20.2404 19.9281 10.7385 7.48995 7.18097 10.1901 7.42038 7.13182
threshold=-0.02267143345338191 0.97532326449953566 -1.0858275335679293 -1.2294918527492065 0.97837290288751211 0.90004681355772054 -0.066279727275328673 0.42672311014381181 1.3392534082589487 -0.45634681619537071 0.65979360463405945 -0.60179964423319177 -1.0473081786632019 -0.52191153242409583 -0.24578499939545764 -0.15374285239996058 -0.33782723843310175 0.26904241267568801 -0.4358445192622965 -1.3361055081240953 -0.95748388192256695 -1.2294918527492065 1.9668001027168092 1.1183285548757507 -0.39121841996101586 1.2755536924129107 0.045484203462505902 0.28021387243794593 1.7731382848477517 0.30646788257752478
decision_type=2 2 2 2 2 2 2 2 2 2 2 2 2 2 2 2 2 2 2 2 2 2 2 2 2 2 2 2 2 2
left_child=1 2 -1 5 9 11 -6 8 -8 13 14 -4 -13 -5 16 -16 17 19 -19 -11 -17 22 23 -3 -23 -26 27 -21 -28 -22
right_child=-2 21 3 4 6 -7 7 -9 -10 10 -12 12 -14 -15 15 20 -18 18 -20 26 29 24 -24 -25 25 -27 28 -29 -30 -31
leaf_value=-0.045151400681572161 0.052354700753750906 -0.048019342886424871 -0.045410360668819268 -0.055952470057253671 0.060124406472664142 0.058907364917632592 -0.025715259408919496 0.049309356044987471 0.035714495062759172 0.040902593555834275 -0.043991466501267541 -0.035828278617212439 0.038749081081601244 0.015581534144829413 -0.078347653622795915 -0.063289483309816583 0.077080302298720163 -0.039999266362095359 0.033330777814748046 -0.011265511135110436 0.013178425799673727 -0.057435178726657002 0.062019558024959821 0.055918249161164814 0.034441409781389695 -0.051585893326172666 -0.037292878320573312 0.058748588092780218 0.024150554910728806 -0.0043183714477547331
leaf_weight=28.728548645973206 63.853048890829086 38.999781027436256 7.9284121394157401 22.442496925592426 22.947668112814426 30.763388402760029 37.90854524821043 23.49452980607748 16.878005228936672 8.8699537739157659 14.845358476042746 7.0728479325771358 22.697890534996986 7.1082169264554969 20.422743752598763 6.153598576784133 20.136647924780846 8.5470074415206891 38.266929902136326 30.38724721968174 89.4426638931036 57.943024754524231 6.0162702500820151 5.2301605865359297 5.9489214122295362 4.4026518240571022 37.895514950156212 6.2690834999084464 5.6458479017019263 166.94749633222818
leaf_count=163 749 208 45 101 241 341 153 220 104 48 61 38 189 36 64 25 138 34 228 121 409 299 31 38 33 24 132 45 25 720
internal_value=9.39945e-07 -0.00417596 0.00178227 0.00384688 0.000742404 0.0303563 0.0213988 0.0100466 -0.00679069 -0.00358343 -0.00129389 0.00705805 0.0210312 -0.0387455 0.00015004 -0.00541322 0.01024 0.000334748 0.0199426 -0.00997114 0.000260201 -0.0384454 -0.0240248 -0.0357288 -0.049055 -0.00214706 -0.0155978 0.000708525 -0.0293257 0.00178545
internal_weight=864.195 800.341 681.801 653.072 584.61 68.4625 101.229 78.2811 54.7866 483.381 453.83 37.6992 29.7707 29.5507 438.985 282.967 156.018 135.882 46.8139 89.0676 262.544 118.541 50.2462 44.2299 68.2946 10.3516 80.1977 36.6563 43.5414 256.39
internal_count=5063 4314 3681 3518 2905 613 718 477 257 2187 2050 272 227 137 1989 1218 771 633 262 371 1154 633 277 246 356 57 323 166 157 1129
is_linear=0
shrinkage=0.05


Tree=30
num_leaves=31
num_cat=0
split_feature=0 1 4 2 4 2 3 3 5 3 5 6 1 0 1 4 3 5 2 6 3 3 3 3 4 6 2 0 2 4
split_gain=70.8723 61.063 28.2939 22.0251 21.0706 20.4725 18.9828 37.3934 17.9777 11.0145 10.7173 10.3089 17.9499 21.3395 10.2985 9.84546 10.7633 9.24612 8.69274 16.4629 8.24619 11.407 29.8664 12.8341 9.93736 7.11911 9.01636 6.72668 10.0472 6.79833
threshold=-0.02267143345338191 1.1992588846131529 -1.0858275335679293 -1.2294918527492065 0.90004681355772054 0.10677908729400419 -0.24578499939545764 -0.15374285239996058 -0.57608522678031926 -0.33782723843310175 -0.60179964423319177 -0.8141417747390739 1.9668001027168092 -0.35110413866307549 -1.0473081786632019 0.73300199645192177 -1.1662064693504284 -0.79516225884486869 -0.57370105423428386 1.2464621417669686 1.0000000180025095e-35 0.30646788257752478 0.39851002957302184 0.21442564353988061 -0.51069789401536447 0.20491745711470552 -0.16922304231574192 -0.39567619450301389 -0.54992616068424505 0.65903693769190641
decision_type=2 2 2 2 2 2 2 2 2 2 2 2 2 2 2 2 2 2 2 2 2 2 2 2 2 2 2 2 2 2
left_child=1 2 -1 4 10 8 9 -8 18 15 -4 12 13 -3 -12 16 -7 -9 -5 -20 -19 23 -23 -22 -24 26 -10 28 29 -27
right_child=-2 11 3 5 -6 6 7 17 25 -11 14 -13 -14 -15 -16 -17 -18 20 19 -21 21 22 24 -25 -26 27 -28 -29 -30 -31
leaf_value=-0.045573170323901624 0.051710237658178108 -0.048987999616563214 -0.044358421344301478 -0.049695688714480754 0.058902568418723746 0.047084530372711292 -0.077787827427220443 -0.045278653341684259 0.011768606341850587 0.0649800534360402 -0.034137571027725105 -0.057475414493169674 0.050663886383683368 0.059300178890341837 0.034946432597288191 0.046329127254673863 -6.6561680497606326e-06 -0.019735541109174345 -0.044239694966092848 0.060760758155035927 0.017454217268315895 -0.096229179227880351 -0.055316553141201069 0.07975943722156964 0.014504941003469884 0.018582153670265469 -0.011217350948038177 -0.038247817774745028 0.052998169826546905 -0.040551365515279485
leaf_weight=30.819585904479027 61.476784914731979 39.921487048268318 8.6877468749880773 36.101714000105858 33.062616311013699 15.3881923481822 14.427323162555693 8.4443677961826307 94.657868601381779 15.217393681406973 7.0525129884481457 47.564398765563965 6.7712274193763724 5.1346392929553977 22.947944663465023 24.98711134493351 57.378655999898911 22.815636828541756 10.103708863258364 5.9205506145954123 29.031946629285812 6.937831073999404 5.3728851601481429 11.554882667958735 98.900646604597569 7.6414316147565904 77.667292729020119 25.2029889523983 6.2923512458801261 13.355121314525602
leaf_count=177 749 217 49 171 368 96 49 37 434 134 38 264 32 30 192 238 292 106 45 42 153 19 27 77 522 33 304 87 31 50
internal_value=1.13045e-06 -0.00402606 0.00125208 0.00344147 0.0295926 0.000247111 0.00906336 -0.000287824 -0.00963602 0.0254102 0.0045445 -0.0406665 -0.0252402 -0.0366474 0.0187062 0.0192503 0.00995184 0.00582017 -0.0360923 -0.00544474 0.00829132 0.0125038 0.00422364 0.0351922 0.0109073 -0.00350187 0.00140879 -0.019623 -0.0024219 -0.0190305
internal_weight=850.839 789.362 689.97 659.151 71.7508 587.4 310.457 197.486 276.943 112.971 38.6882 99.3918 51.8274 45.0561 30.0005 97.754 72.7668 183.058 52.126 16.0243 174.614 151.798 111.211 40.5868 104.274 224.817 172.325 52.4919 27.2889 20.9966
internal_count=5063 4314 3771 3594 647 2947 1750 990 1197 760 279 543 279 247 230 626 388 941 258 87 904 798 568 230 549 939 738 201 114 83
is_linear=0
shrinkage=0.05


Tree=31
num_leaves=31
num_cat=0
split_feature=0 1 4 0 0 6 3 3 3 5 2 5 5 0 0 0 0 2 1 5 3 3 3 5 6 3 5 2 1 0
split_gain=66.4536 57.1049 22.6355 18.6926 19.0672 19.0461 15.4374 50.2581 38.4702 15.3 14.5103 20.2447 9.71449 8.15663 12.4688 7.69432 7.52764 9.71523 7.21995 14.3861 8.16869 9.37511 8.17482 7.86787 7.52996 7.29467 6.93168 6.87571 10.8038 11.2807
threshold=-0.02267143345338191 0.97532326449953566 -1.0858275335679293 -0.46139035719728066 -0.45634681619537071 -0.57886118328956893 -0.24578499939545764 -0.15374285239996058 -0.33782723843310175 -0.95748388192256695 0.28021387243794593 0.045484203462505902 0.13139565650439944 -0.2949122127224057 -0.17231209418310087 -0.42385142197759129 -0.16814949846880164 0.85157337917873976 -0.56286737773942452 1.0861092374434731 1.0000000180025095e-35 0.30646788257752478 0.58259423152186895 0.39403016175515826 -0.42266078600422136 0.85872076455050717 1.4747669837982287 -1.1222561098107391 1.9668001027168092 -0.35110413866307549
decision_type=2 2 2 2 2 2 2 2 2 2 2 2 2 2 2 2 2 2 2 2 2 2 2 2 2 2 2 2 2 2
left_child=1 2 15 5 12 -4 8 -8 10 -9 -6 -12 -5 -13 -15 -1 18 -18 19 23 -21 -22 24 -11 -23 -24 -27 28 29 -3
right_child=-2 27 3 4 6 -7 7 9 -10 16 11 13 -14 14 -16 -17 17 -19 -20 20 21 22 25 -25 -26 26 -28 -29 -30 -31
leaf_value=-0.056311476747812755 0.051077522884223014 -0.039939180633314593 -0.027000576074216777 -0.052618048189954705 -0.0069515488906613564 0.041712428583906752 -0.075220676481294754 -0.053250514219103012 0.071995520962654533 -0.0082839365761967747 0.058589681809216268 0.036894900662878108 0.030524356153444988 -0.022214871675565035 0.061359876580064782 0.010153809605548052 -0.017915784831259978 0.059300250087005915 0.010403157395379919 -0.032203402561592653 0.045855862451267937 -0.059585673369923944 0.047189854271014936 -0.039904395380626574 0.0065339731118190499 -0.030739746468333374 0.028628843533724437 -0.051750862531054043 0.028104522054376357 0.05015355157582381
leaf_weight=21.763873949646953 59.184651337563992 53.719105824828148 12.426458835601805 23.250158637762073 99.245913870632648 53.51699510961771 22.895898297429085 12.322189614176748 24.888241551816463 55.273244366049767 25.281035713851452 13.059811018407343 4.1386897712945929 29.304372340440747 5.2646354138851192 5.4433875083923331 6.0159389227628735 12.616999804973601 130.50356772542 10.055993929505346 19.102671310305595 7.7813145816326168 13.748605653643606 30.543382622301579 9.6411332711577398 9.5819249749183673 10.098031625151632 46.209519311785698 7.9425249248743048 3.7148053497076026
leaf_count=139 749 310 70 112 429 544 77 55 197 242 245 84 22 131 55 24 35 140 590 39 102 26 78 111 46 38 50 267 37 19
internal_value=-9.22705e-08 -0.00387898 0.00165367 0.00355089 0.000657394 0.0287641 0.00269504 -0.0036045 0.0138904 0.00140556 0.00549026 0.0224262 -0.0400545 0.00323092 -0.00948698 -0.0430137 0.00354385 0.0343698 0.00160554 -0.00531809 0.009934 0.0159913 0.00477245 -0.0195381 -0.0229968 0.0192453 -0.000276981 -0.0369881 -0.0265534 -0.034112
internal_weight=838.535 779.35 667.764 640.557 574.614 65.9435 547.225 350.181 197.044 327.285 172.156 72.9099 27.3888 47.6288 34.569 27.2073 314.963 18.6329 296.33 165.826 80.0097 69.9537 50.851 85.8166 17.4224 33.4286 19.68 111.586 65.3764 57.4339
internal_count=5063 4314 3681 3518 2904 614 2770 1629 1141 1552 944 515 134 270 186 163 1497 175 1322 732 379 340 238 353 72 166 88 633 366 329
is_linear=0
shrinkage=0.05


Tree=32
num_leaves=31
num_cat=0
split_feature=0 1 4 2 4 2 4 6 5 5 2 6 6 1 2 5 1 6 4 4 0 4 5 5 5 1 2 0 5 4
split_gain=62.309 53.5114 24.6853 19.2166 20.0367 17.9382 14.2649 20.5814 16.8181 13.758 15.6218 24.5217 9.82677 15.512 19.7803 9.80804 9.41443 7.72766 6.98942 6.47198 6.23361 5.9664 10.7528 6.69252 10.1014 6.85184 11.4358 8.19259 6.16504 8.07927
threshold=-0.02267143345338191 1.1992588846131529 -1.0858275335679293 -1.2294918527492065 0.90004681355772054 0.97837290288751211 -0.093497153620987011 0.54111036517919542 1.3977233068034023 -0.73811690150013387 -0.60631531604337974 0.91767364430924314 -0.8141417747390739 1.9668001027168092 -1.2022116864321746 -0.60179964423319177 -1.0473081786632019 0.16525486059244152 0.087454868667301192 -0.73692120443548736 -0.42385142197759129 0.06908149430740386 0.47619257875424831 0.86736868516273036 1.7383792152987647 -0.60929981399221511 -0.39325567783540732 -0.35473606352594539 1.0861092374434731 -0.37465560615706867
decision_type=2 2 2 2 2 2 2 2 2 2 2 2 2 2 2 2 2 2 2 2 2 2 2 2 2 2 2 2 2 2
left_child=1 2 20 4 15 9 -7 8 18 10 -5 -12 13 14 -3 -4 -17 21 -8 -18 -1 22 -11 25 -25 -23 -27 -28 29 -24
right_child=-2 12 3 5 -6 6 7 -9 -10 17 11 -13 -14 -15 -16 16 19 -19 -20 -21 -22 23 28 24 -26 26 27 -29 -30 -31
leaf_value=-0.056083990060913996 0.050454476492915096 -0.047684337592514635 -0.043144148018116224 -0.056568393226826587 0.057894339289802012 0.058459904840073219 0.012485919070990876 0.05302688019058948 0.042988148146187746 0.0055832191701192862 -0.053539236955896553 0.045539987503207591 -0.056191871119557861 0.045446418272572231 0.056764894143396728 -0.033338775954444129 -0.0174239202819556 -0.013143774775517628 -0.03197385745585641 0.047631165240889763 0.00043905750361661995 -0.028036303526176115 0.0064274241175449583 0.033013555406928338 -0.01060609183895731 0.071805010502048627 -0.032021667619399195 0.037500159671936491 -0.00792343145970076 -0.059113446194354505
leaf_weight=22.761832773685459 56.975862123072147 37.564100041985512 8.6192195788025838 24.970836162567139 31.094745397567749 19.098422415554523 12.15221034735441 20.821983583271503 13.9859382212162 149.72497835755348 11.711305506527426 13.379168465733526 44.331135451793671 6.9537861943244925 5.1547823026776305 6.9356049448251751 4.8979456648230579 98.773918345570564 32.431694865226746 17.42122595757246 6.2082817256450644 16.984611503779888 6.6829148083925274 51.441187590360641 17.887932434678078 6.227175913751128 11.610267490148548 6.6732212379574749 47.378093160688877 15.863520532846449
leaf_count=150 749 218 49 128 368 226 63 213 98 694 55 111 264 32 29 38 26 422 129 166 27 72 28 265 81 37 42 35 198 50
internal_value=6.66897e-07 -0.0037339 0.00118315 0.0032057 0.0281514 0.000228068 0.019663 0.01033 -0.004849 -0.00376549 -0.0285707 -0.000706531 -0.0390796 -0.0238075 -0.0350807 0.00373233 0.0175434 -0.000872564 -0.0198555 0.0333548 -0.0439711 0.00279512 -0.00197698 0.0122532 0.021759 -0.00362876 0.0132844 -0.00664716 -0.0181652 -0.0396867
internal_weight=826.718 769.742 675.738 646.768 68.9687 577.799 98.4902 79.3918 58.5698 479.309 50.0613 25.0905 94.0038 49.6727 42.7189 37.874 29.2548 429.248 44.5839 22.3192 28.9701 330.474 219.65 110.824 69.3291 41.4953 24.5107 18.2835 69.9245 22.5464
internal_count=5063 4314 3771 3594 647 2947 729 503 290 2218 294 166 543 279 247 279 230 1924 192 192 177 1502 970 532 346 186 114 77 276 78
is_linear=0
shrinkage=0.05


Tree=33
num_leaves=31
num_cat=0
split_feature=0 1 4 2 4 2 3 3 5 3 6 1 2 5 1 4 3 2 1 5 3 3 3 3 3 4 5 3 3 3
split_gain=58.4295 49.9552 23.063 17.8576 19.1104 16.7938 15.5118 32.3414 15.0571 10.1044 9.46669 14.27 18.3433 8.91934 8.66663 8.55013 8.55319 8.00844 13.3073 7.51845 7.31482 6.99452 10.1034 26.5521 12.143 8.82341 6.31337 6.24651 18.5733 14.7329
threshold=-0.02267143345338191 1.1992588846131529 -1.0858275335679293 -1.2294918527492065 0.90004681355772054 0.10677908729400419 -0.24578499939545764 -0.15374285239996058 -0.57608522678031926 -0.33782723843310175 -0.8141417747390739 1.9668001027168092 -1.2022116864321746 -0.60179964423319177 -1.4718732957946667 1.067746771576741 -1.1662064693504284 -0.84177820408703419 0.012906320873580865 -0.95748388192256695 -0.89008012040608409 1.0000000180025095e-35 0.30646788257752478 0.39851002957302184 0.21442564353988061 -0.51069789401536447 -0.020769468235039557 0.85872076455050717 0.95076291154600423 0.76667852551286308
decision_type=2 2 2 2 2 2 2 2 2 2 2 2 2 2 2 2 2 2 2 2 2 2 2 2 2 2 2 2 2 2
left_child=1 2 -1 4 13 8 9 -8 17 15 11 12 -3 -4 -15 16 -7 -5 -19 -9 -18 26 24 -24 -23 -25 -21 29 -29 -27
right_child=-2 10 3 5 -6 6 7 19 -10 -11 -12 -13 -14 14 -16 -17 20 18 -20 21 -22 22 23 25 -26 27 -28 28 -30 -31
leaf_value=-0.043291818855944714 0.049839199162954297 -0.046984984532215834 -0.041047537303589253 -0.050579909160956275 0.057233922542746812 0.04279306327732852 -0.074795373624643405 -0.046060055116644238 -0.0033219803922222668 0.063227838829746835 -0.055479038480100509 0.042554026769836793 0.053387584541180699 -0.048354276778861421 0.028503022969186321 0.047515243269252411 -0.024289716790300956 0.03671502923610355 -0.046926099081327423 0.031575473048288082 0.013310852892167421 0.01589341461543026 -0.090289153320050955 -0.052122925524547614 0.077325717046647258 0.01113145967680422 -0.032318350904667108 -0.083647259456550674 0.012216419768991365 0.074459227959301807
leaf_weight=27.985514298081398 54.849336631596088 36.250513836741447 8.6068205684423429 29.203419081866741 29.910922847688198 15.784468106925486 13.501706674695013 6.8187020421028128 222.82513530552387 13.920363888144491 42.697253860533237 7.0524547696113578 5.2054685726761809 4.3154591768980053 24.444619484245777 19.076925233006477 18.921626240015023 8.7008704021573084 10.487160488963125 4.9423070922493961 40.879553548991687 29.298622995615005 7.059102237224578 5.4238300621509543 11.088299840688704 43.533597022294998 17.756409831345081 5.8621451258659354 36.591110982000828 11.639820463955401
leaf_count=177 749 218 49 153 368 102 49 32 939 134 264 32 29 23 207 211 96 55 50 30 217 156 20 27 77 222 76 17 201 83
internal_value=7.49723e-07 -0.00359712 0.0011382 0.00307921 0.0274489 0.000219455 0.00832779 -0.000159124 -0.00881213 0.0234531 -0.0383092 -0.0231962 -0.0343816 0.00360709 0.0169706 0.0176041 0.0100549 -0.0340923 -0.00899878 0.00543887 0.0014137 0.00746638 0.0113687 0.00352266 0.0327598 0.00994889 -0.0184064 0.0133974 -0.00102089 0.0244916
internal_weight=814.634 759.784 668.579 640.593 67.2778 573.315 302.099 193.516 271.217 108.583 91.2057 48.5084 41.456 37.3669 28.7601 94.6626 75.5856 48.3914 19.188 180.014 59.8012 173.195 150.497 110.11 40.3869 103.051 22.6987 97.6267 42.4533 55.1734
internal_count=5063 4314 3771 3594 647 2947 1750 990 1197 760 543 279 247 279 230 626 415 258 105 941 313 909 803 570 233 550 106 523 218 305
is_linear=0
shrinkage=0.05


Tree=34
num_leaves=31
num_cat=0
split_feature=0 1 4 2 4 2 4 6 5 5 2 6 6 1 0 5 5 6 0 6 0 5 3 4 5 5 5 1 2 0
split_gain=54.79 46.6284 21.3769 16.5344 18.2858 15.6606 13.6191 18.9495 12.7854 12.2179 14.1324 22.6332 9.11381 13.1429 17.4644 13.5278 8.3066 10.4339 7.40353 6.89163 6.46889 6.21593 6.1335 5.23507 9.68051 6.00918 9.36748 6.31571 10.6312 7.31816
threshold=-0.02267143345338191 1.1992588846131529 -1.0858275335679293 -1.2294918527492065 0.90004681355772054 0.97837290288751211 -0.093497153620987011 0.26012387149161126 1.3392534082589487 -0.73811690150013387 -0.58162598827033074 0.91767364430924314 -0.8141417747390739 1.9668001027168092 -0.42820906759540006 -0.39387514729750878 -1.1017690559774416 -0.57886118328956893 -0.21662472721408096 0.16525486059244152 -0.42385142197759129 0.20969313362491748 -1.4423330023790664 0.06908149430740386 0.47619257875424831 0.86736868516273036 1.7383792152987647 -0.60929981399221511 -0.39325567783540732 -0.35473606352594539
decision_type=2 2 2 2 2 2 2 2 2 2 2 2 2 2 2 2 2 2 2 2 2 2 2 2 2 2 2 2 2 2
left_child=1 2 20 4 16 9 -7 8 18 10 -5 -12 13 14 -3 -16 -4 -18 21 23 -1 -8 -19 24 -11 27 -27 -25 -29 -30
right_child=-2 12 3 5 -6 6 7 -9 -10 19 11 -13 -14 -15 15 -17 17 22 -20 -21 -22 -23 -24 25 -26 26 -28 28 29 -31
leaf_value=-0.055508869024239828 0.049229946418699808 -0.056741370836663946 -0.063270289461536594 -0.054838782907203489 0.056588139455692757 0.057837974273390727 0.0051822761853993413 0.046949942480094486 0.031579983342359765 0.0053255405800598735 -0.05191041580828331 0.046685310982151319 -0.054769249763962746 0.039917273109276626 -0.027010692912517134 0.076697625827760824 -0.02228011276568629 -0.035827227475268932 0.011819329525599387 -0.012475901528673007 0.0025823694907367262 -0.050250791995692337 0.046115503018604481 -0.027069152415380368 -0.017280254009790521 0.031486363997119377 -0.010607280262761356 0.069748092959238367 -0.030500962477313199 0.035477542894858313
leaf_weight=21.03804083168507 52.80372828245163 27.011244013905525 4.1424102187156668 23.746369019150734 28.768654897809029 18.024251364171505 6.730956867337226 23.574151106178761 15.448458157479761 149.25050450861454 11.06710220128298 12.278215050697325 41.127990379929543 7.1400373429059973 8.0718493312597257 5.1510336548089972 13.322454281151293 2.6392387673258773 11.233055524528028 98.059257410466671 6.2060549706220618 20.33696423470974 16.948983080685142 16.884549304842949 69.370503351092339 50.954344928264618 17.845905154943466 6.1187278777360943 11.536061972379688 6.6114424765109989
leaf_count=150 749 165 18 130 368 226 33 240 98 694 55 109 264 32 47 35 76 15 59 422 27 73 170 72 276 265 81 37 42 35
internal_value=3.25834e-07 -0.00346273 0.00109326 0.00295429 0.0266797 0.000210087 0.0186984 0.00957492 -0.00681752 -0.00351112 -0.0276802 -5.50684e-05 -0.0375488 -0.0225988 -0.033693 0.0133894 0.0034582 0.0118572 -0.0223049 -0.000843331 -0.042276 -0.0364663 0.0350749 0.0026283 -0.00184749 0.0115277 0.0205678 -0.00358642 0.012753 -0.00646388
internal_weight=803.443 750.639 662.137 634.893 65.8217 569.071 95.3478 77.3236 53.7494 473.723 47.0917 23.3453 88.5022 47.3742 40.2341 13.2229 37.0531 32.9107 38.301 426.631 27.2441 27.0679 19.5882 328.572 218.621 109.951 68.8003 41.1508 24.2662 18.1475
internal_count=5063 4314 3771 3594 647 2947 729 503 263 2218 294 164 543 279 247 82 279 261 165 1924 177 106 185 1502 970 532 346 186 114 77
is_linear=0
shrinkage=0.05


Tree=35
num_leaves=31
num_cat=0
split_feature=0 1 4 2 6 2 3 3 5 3 0 0 6 1 0 5 2 5 5 4 4 0 6 4 3 5 6 3 1 2
split_gain=51.3784 43.5261 19.9705 15.369 17.5076 14.4784 13.9502 29.9938 13.4642 9.8262 9.34843 13.7885 8.76232 12.1211 16.6834 11.9982 8.13053 9.65892 12.9848 9.52299 9.41042 9.14739 8.05801 7.79142 8.86755 7.63139 9.87296 11.3104 7.50341 7.45372
threshold=-0.02267143345338191 1.1992588846131529 -1.0858275335679293 -1.2294918527492065 0.97407783099018419 0.10677908729400419 -0.24578499939545764 -0.15374285239996058 -0.35866510989241224 -0.33782723843310175 -0.43380396045593289 -0.40505955882628647 -0.8141417747390739 1.9668001027168092 -0.42820906759540006 -0.39387514729750878 -0.41123926640203518 1.2102221417103725 0.029892683561627432 0.73300199645192177 0.035519361042789244 -0.28496254541408356 -0.56222848152216776 0.73300199645192177 -1.1662064693504284 -1.1017690559774416 -0.61865989030092794 -1.4423330023790664 -1.309402340048617 0.010155481456025706
decision_type=2 2 2 2 2 2 2 2 2 2 2 2 2 2 2 2 2 2 2 2 2 2 2 2 2 2 2 2 2 2
left_child=1 2 -1 4 25 8 9 -8 10 23 -5 -12 13 14 -3 -16 19 18 -18 20 22 -20 -10 24 -7 -4 -27 -28 -9 -13
right_child=-2 12 3 5 -6 6 7 28 16 -11 11 29 -14 -15 15 -17 17 -19 21 -21 -22 -23 -24 -25 -26 26 27 -29 -30 -31
leaf_value=-0.041615849344579195 0.048625125309796076 -0.05637068195709978 -0.059754182820128759 -0.045223736658551998 0.057933543955519022 0.04307449234303818 -0.073609459602453284 0.042882426710589963 0.03920990409199452 0.062561431845491983 0.033500171533669847 -0.043919468430509132 -0.054060421957157961 0.037502448037445846 -0.026136772208310063 0.071222457225578184 0.0012054855733588526 0.013001864658988458 -0.047557811686474223 -0.031219384602960518 0.051765900016864576 0.013565882220480394 -0.0060805534846279756 0.04257119641128132 -0.00053838532423267646 -0.028781575490388324 -0.047043588676159508 0.045093415225843481 0.0022909108898147043 0.026895643952736623
leaf_weight=26.323336362838745 50.837497144937515 25.85856918990612 4.1077032685279837 34.9965665563941 25.741928651928902 14.707534998655317 12.994085803627966 12.226620629429815 14.115889638662336 13.282834399491547 12.527809619903563 20.183331429958347 39.622209049761295 7.2177156358957282 7.9283692240715027 5.2665517479181272 43.409577339887619 34.65299416333437 36.626806035637856 11.003256320953367 16.3973438590765 7.3490926474332801 32.278063982725143 22.007889442145824 56.156609959900379 10.23604593425989 3.9920862615108481 20.108166754245762 165.36917153000832 4.5543618798255912
leaf_count=177 749 165 19 182 344 96 49 80 71 134 78 81 264 32 47 35 177 157 124 43 90 32 137 238 292 53 20 211 861 25
internal_value=-3.39591e-07 -0.00333528 0.00105112 0.00283664 0.0260213 0.000202036 0.00781091 -0.000279839 -0.00821995 0.022337 -0.026666 -0.00923817 -0.0368026 -0.0220247 -0.0330263 0.0127227 -0.00141339 -0.00933567 -0.0181937 0.0116882 0.0192071 -0.037343 0.00769958 0.016584 0.00851327 0.00465305 0.0123582 0.0298314 0.00508544 -0.030882
internal_weight=792.08 741.243 655.349 629.026 64.1859 564.84 296.745 190.59 268.095 106.155 72.2621 37.2655 85.8934 46.2712 39.0535 13.1949 195.833 122.038 87.3855 73.7946 62.7913 43.9759 46.394 92.872 70.8641 38.444 34.3363 24.1003 177.596 24.7377
internal_count=5063 4314 3771 3594 647 2947 1750 990 1197 760 366 184 543 279 247 82 831 490 333 341 298 156 208 626 388 303 284 231 941 106
is_linear=0
shrinkage=0.05


Tree=36
num_leaves=31
num_cat=0
split_feature=0 1 4 2 2 5 5 0 1 5 6 0 3 3 3 4 2 0 6 5 3 4 3 3 3 0 2 2 4 6
split_gain=48.1754 40.626 15.8464 20.0695 13.6762 14.235 16.2528 12.7807 12.7644 10.4269 9.8806 8.95167 8.33676 7.9331 7.38899 7.75824 7.14946 19.9669 16.1658 9.14116 8.07411 8.50931 6.01769 23.0367 14.7186 9.64046 7.94772 10.0016 13.6562 10.9291
threshold=-0.02267143345338191 0.97532326449953566 -0.68409092146746275 -1.2294918527492065 0.37211296495835683 0.39403016175515826 0.97646373688526711 -0.4358445192622965 -0.81942582564791822 0.12335412001622294 -0.8141417747390739 -0.45742541260561659 1.0000000180025095e-35 -0.52191153242409583 0.85872076455050717 -0.015559208253519061 -1.2294918527492065 -0.44644579680684154 -0.84942161351248091 -0.39121841996101586 0.85872076455050717 1.1183285548757507 0.85872076455050717 0.76667852551286308 0.95076291154600423 -0.39768386775305642 -1.1222561098107391 -0.58162598827033074 1.0338854456169975 -0.31102296284855563
decision_type=2 2 2 2 2 2 2 2 2 2 2 2 2 2 2 2 2 2 2 2 2 2 2 2 2 2 2 2 2 2
left_child=1 2 7 9 11 14 -7 -1 -9 -4 -10 13 -11 -5 -6 -16 17 18 -3 -18 21 -20 23 26 -24 -26 -13 29 -29 -28
right_child=-2 16 3 4 5 6 -8 8 10 12 -12 22 -14 -15 15 -17 19 -19 20 -21 -22 -23 24 -25 25 -27 27 28 -30 -31
leaf_value=-0.048152679081312794 0.048023256690088799 -0.050701815427902142 0.044669989721118325 -0.055684491640132255 0.038250216616733231 -0.029704835940787867 0.012274904712913008 0.056968111682487901 0.035958950482604661 -0.062514429908999802 -0.045248313187053656 0.030736094281069701 0.034553179590559389 0.018153654422654899 0.024223633906117967 -0.058031167493700624 -0.054393321871047499 0.10712314464446777 -0.050820485354473845 -0.00015140256829891585 0.087067019336479215 0.040710267469063019 -0.074069170157626721 0.074417003974905957 0.03547609597804386 -0.01774168534454211 0.01356820039902339 -0.004949096924693132 0.039638145864307577 -0.048033581134166871
leaf_weight=27.810883656144142 48.948933154344559 25.44206614792347 41.110434286296368 14.925582304596903 54.421538822352886 30.989285662770271 90.066393304616213 7.254190661013129 5.2917535007000014 4.5332783311605436 12.820657774806019 16.626843117177486 4.3199331983923912 4.809922829270362 8.321673281490801 4.3731851130723944 45.783583909273148 2.972681336104869 5.0099065825343114 9.3543011546134931 3.1615756750106803 5.1488697975873947 9.5803838670253736 10.073183357715605 10.77637145668268 40.461886063218117 10.21300822496414 183.65994379669428 18.944508083164692 24.406187862157822
leaf_count=192 749 165 523 80 488 145 542 43 27 18 50 90 25 26 67 16 299 22 32 57 19 39 30 65 58 161 49 760 125 101
internal_value=-1.76479e-06 -0.00321029 0.00138554 0.00377034 0.000928143 0.0117683 0.00152843 -0.0247424 0.000923668 0.0340703 -0.0215227 -0.00499331 -0.0151502 -0.0376887 0.0302376 -0.00411189 -0.0333734 -0.0177606 -0.0273379 -0.045191 0.0172875 -0.00442908 -0.00300632 0.000261023 -0.017185 -0.00654898 -0.0026816 -0.00502383 -0.000779971 -0.0298604
internal_weight=781.613 732.664 635.791 582.614 532.65 188.172 121.056 53.1775 25.3666 49.9636 18.1124 344.478 8.85321 19.7355 67.1164 12.6949 96.873 41.7351 38.7624 55.1379 13.3204 10.1588 324.742 263.924 60.8186 51.2383 253.85 237.224 202.604 34.6192
internal_count=5063 4314 3681 3369 2803 1258 687 312 120 566 77 1545 43 106 571 83 633 277 255 356 90 71 1439 1190 249 219 1125 1035 885 150
is_linear=0
shrinkage=0.05


Tree=37
num_leaves=31
num_cat=0
split_feature=0 1 4 2 0 6 3 3 3 6 2 5 0 1 3 3 3 3 3 3 3 3 3 5 0 0 0 3 4 1
split_gain=45.1705 38.0791 15.2779 11.8455 13.5854 12.4256 10.6192 42.9994 34.613 10.0669 9.16626 18.9441 8.85885 8.66305 8.51023 25.5666 17.7476 16.0519 35.8364 18.2361 9.48833 43.34 38.1678 8.75757 7.83786 7.56653 11.0688 6.21778 10.7672 10.2818
threshold=-0.02267143345338191 0.75961552443556102 -1.0858275335679293 -1.2294918527492065 -0.45742541260561659 -0.57886118328956893 -0.24578499939545764 -0.15374285239996058 -0.33782723843310175 1.2757803411180173 0.28021387243794593 0.045484203462505902 -0.46139035719728066 -1.0473081786632019 1.2268893525324958 1.1348471134948515 1.3189314995279926 0.85872076455050717 0.76667852551286308 0.95076291154600423 0.30646788257752478 0.39851002957302184 0.21442564353988061 -0.3155233992441186 -0.35729582234729645 -0.17231209418310087 -0.2949122127224057 0.95076291154600423 -0.37465560615706867 1.9668001027168092
decision_type=2 2 2 2 2 2 2 2 2 2 2 2 2 2 2 2 2 2 2 2 2 2 2 2 2 2 2 2 2 2
left_child=1 2 24 5 -5 -4 8 -8 10 27 -6 -12 -11 -13 15 17 -16 18 20 -19 22 -22 -9 -18 -1 26 -15 -3 29 -29
right_child=-2 9 3 4 6 -7 7 14 -10 12 11 13 -14 25 16 -17 23 19 -20 -21 21 -23 -24 -25 -26 -27 -28 28 -30 -31
leaf_value=-0.050260238465565869 0.047423018371352627 -0.042969458716071531 -0.018032022679527662 -0.042409390723796736 -0.0054749091614983061 0.039459600986970551 -0.072397637699124523 -0.0021436324807724448 0.070673658556048222 0.040362620749311406 0.056339695333839292 0.059576167629687829 -0.052610462797108119 0.027450892903551766 -0.080042734298356344 0.080160090763848085 -0.055610635752419008 -0.075862823721377495 0.072662562113914475 0.00032502770308520413 -0.084728023069195649 0.0045249054014301487 0.078649100355907386 0.0096834101239069922 0.035746490307804787 0.059039707752089381 -0.033638476806661731 -0.014456696351991575 -0.054227092643664571 0.069827955391858987
leaf_weight=19.461664557456974 47.136176068335772 70.898567445576191 12.256105542182921 17.297797612845898 98.072681546211243 40.305304922163486 20.768076807260513 90.030024275183678 22.263694740831852 8.7019174396991712 22.152524050325155 5.33213236182928 3.6313271671533576 10.548474028706545 9.2409045100212079 10.931715302169321 6.2642795965075484 13.260638684034346 18.935461528599262 19.26413456350565 16.381637915968895 80.142430759966373 17.451798181980848 28.497754976153374 3.0662995576858512 3.7665632329881182 24.961279854178432 14.108680963516241 11.455878771841524 4.8664430379867545
leaf_count=148 749 458 73 96 442 495 76 425 194 81 245 41 16 69 28 76 28 42 136 90 47 382 117 145 15 47 104 94 79 25
internal_value=-4.43945e-06 -0.00309087 0.00185521 0.00340307 0.00118007 0.0260539 0.00263492 -0.00274465 0.012157 -0.0296637 0.00425324 0.018544 0.0129882 -0.000225285 0.00191564 0.0052804 -0.018455 0.00207621 0.00686337 -0.0307374 0.000756008 -0.0106227 0.0109747 -0.00208288 -0.0385538 -0.0083439 -0.0154914 -0.034855 -0.0159499 0.00715931
internal_weight=771.452 724.316 610.653 588.125 535.564 52.5614 518.266 331.169 187.097 113.663 164.834 66.761 12.3332 44.6084 310.401 266.398 44.0029 255.466 222.941 32.5248 204.006 96.5241 107.482 34.762 22.528 39.2763 35.5098 101.33 30.431 18.9751
internal_count=5063 4314 3561 3398 2830 568 2734 1592 1142 753 948 506 97 261 1516 1315 201 1239 1107 132 971 429 542 173 163 220 173 656 198 119
is_linear=0
shrinkage=0.05


Tree=38
num_leaves=31
num_cat=0
split_feature=0 1 4 2 0 0 3 1 0 3 6 3 3 3 5 4 0 6 1 3 3 3 3 3 3 3 3 3 3 1
split_gain=42.3467 36.2908 17.338 20.2983 19.2453 19.2279 16.7929 13.5567 11.0271 11.6852 9.54329 9.2021 28.3141 26.9769 11.6866 10.7422 13.306 12.449 7.16977 6.96517 10.832 36.719 25.5206 10.6601 24.6112 22.688 10.7546 18.1108 15.5873 7.45874
threshold=-0.02267143345338191 1.2779195046795269 -0.58544351638749659 -1.2294918527492065 -0.43380396045593289 -0.16814949846880164 0.95076291154600423 -0.74502950012727387 -0.45634681619537071 -0.15374285239996058 0.97407783099018419 -0.24578499939545764 -0.15374285239996058 -0.33782723843310175 -0.76720904743073381 0.29012884117033955 -0.4358445192622965 0.65680428090989029 0.088103950994934441 1.0000000180025095e-35 0.30646788257752478 0.39851002957302184 0.21442564353988061 0.85872076455050717 0.76667852551286308 0.95076291154600423 1.2268893525324958 1.3189314995279926 1.1348471134948515 0.23344636145116224
decision_type=2 2 2 2 2 2 2 2 2 2 2 2 2 2 2 2 2 2 2 2 2 2 2 2 2 2 2 2 2 2
left_child=1 2 4 10 -1 8 7 -6 9 -5 -4 13 -13 15 -14 -10 -17 -18 -9 -16 22 -22 -21 24 29 -25 28 -28 -27 -23
right_child=-2 -3 3 5 6 -7 -8 18 11 -11 -12 12 14 -15 19 16 17 -19 -20 20 21 23 -24 25 -26 26 27 -29 -30 -31
leaf_value=-0.043429214933212223 0.046823184712956781 -0.039991774803408604 0.01330130129722072 -0.046306878528786177 0.028737684670263292 0.047696739180233733 0.077018366603977761 -0.054916460560802384 -0.0089770126873850858 0.053248666858913565 0.057053805955780135 -0.066902902159736724 -0.045867596905585478 0.069607037600315544 -0.020645890291989336 -0.037406368749884913 -0.0002473475070484394 0.049469901990991813 -0.0054492793393869365 0.0044555882698108021 -0.081479288677265532 0.0085812129212612161 0.077830084013365622 -0.075244226168302897 0.07200890993700744 -0.00058048786370456574 -0.079316221024700984 0.0035076929290927118 0.081691697547364661 -0.049753211273121517
leaf_weight=44.177877958863974 45.397263325750828 60.606528952717781 26.051887556910515 22.233471065759662 15.395448774099348 20.98162904381752 6.4529788047075263 14.087890312075617 79.118736438453197 3.3979071825742713 23.8944201618433 17.143551424145699 13.67740363627672 17.149518582969904 31.463269352912903 8.9225181043148023 21.620944336056709 30.147242471575737 15.259075589478014 50.663583129644394 13.460037365555761 65.57162319868803 15.468879498541353 11.13100281357765 16.168921135365963 17.147021993994713 8.4549299627542478 30.090431556105614 8.6671298816800135 5.9793700873851767
leaf_count=305 749 419 239 123 90 249 40 59 345 21 348 68 77 149 130 42 103 299 75 230 40 303 98 36 114 74 25 137 55 21
internal_value=-3.15277e-06 -0.00297801 0.000452189 0.00381613 -0.0192506 0.000829478 0.00161381 -0.00926142 -0.00118692 -0.033109 0.0342326 0.000583914 -0.00447727 0.0104215 -0.000760577 0.00316162 0.018986 0.0287055 -0.0291958 0.00148887 0.00435717 -0.00210418 0.0216184 0.00444192 0.0162962 -0.00933269 0.00206673 -0.0146597 0.0270425 0.00370632
internal_weight=759.982 714.585 653.979 558.605 95.3733 508.659 51.1954 44.7424 487.677 25.6314 49.9463 462.046 305.087 156.959 287.944 139.809 60.6907 51.7682 29.347 274.266 242.803 176.67 66.1325 163.21 87.7199 75.4905 64.3595 38.5454 25.8142 71.551
internal_count=5063 4314 3895 3326 569 2739 264 224 2490 144 587 2346 1408 938 1340 789 444 402 134 1263 1133 805 328 765 438 327 291 162 129 324
is_linear=0
shrinkage=0.05


Tree=39
num_leaves=31
num_cat=0
split_feature=0 1 4 2 4 6 5 2 4 5 6 0 2 2 6 5 5 0 6 5 1 6 0 1 4 4 6 0 4 0
split_gain=39.8818 34.9296 15.9838 11.4061 15.3514 16.6915 12.8062 10.9869 20.3175 11.3233 10.4549 16.7844 9.2056 9.13396 8.20096 17.116 7.60361 6.913 14.2313 7.48097 7.0683 6.75557 6.69688 6.53201 6.17671 5.94465 5.46488 7.6933 6.40957 12.6724
threshold=0.19676597085561209 1.2779195046795269 -1.1980381072652599 0.97837290288751211 -0.093497153620987011 0.42672311014381181 1.3977233068034023 -1.2294918527492065 0.90004681355772054 -0.76720904743073381 1.8042701481758316 -0.44504841469390521 0.68286303115078406 0.60361343170493675 -0.84095554109077597 -0.88992128970837792 -0.91556293691908641 -0.462054069539728 -0.73644990756368489 -0.60179964423319177 -1.0473081786632019 -0.83194502671269133 -0.42385142197759129 -0.21613842206358094 0.18831013365909852 0.087454868667301192 0.74309833099607925 -0.44644579680684154 0.18831013365909852 -0.40774424676820548
decision_type=2 2 2 2 2 2 2 2 2 2 2 2 2 2 2 2 2 2 2 2 2 2 2 2 2 2 2 2 2 2
left_child=1 2 22 7 -5 6 25 8 17 10 -9 -12 13 21 15 16 -3 18 -4 -20 -21 -11 -1 24 -14 -6 27 -23 -28 -30
right_child=-2 14 3 4 5 -7 -8 9 -10 12 11 -13 23 -15 -16 -17 -18 -19 19 20 -22 26 -24 -25 -26 -27 28 -29 29 -31
leaf_value=-0.054675186623258654 0.051245577651833255 -0.010601542707129766 -0.053847990184458232 0.056263244312064302 0.010650769231881952 0.04796604273443969 0.038513330692363484 -0.048743468497789627 0.054407818846484518 0.054741622522962975 -0.05645561508184397 0.048620264315488826 -0.038436207580337202 0.046426570608350565 -0.054946503622686382 -0.056503213475147557 0.067052591466699049 0.071575567465797976 -0.031925996936244844 -0.029827219934974253 0.041866869834966687 0.034568384892885405 0.0036333500300050575 -0.086086539300624473 0.037008136435940135 -0.031070744986888929 -0.044423960286788897 -0.00073141824219067448 -0.031072566379532152 0.031737439043102493
leaf_weight=17.923880770802501 36.132719501852989 7.1247814521193504 11.864021621644495 20.813658468425274 11.84646002948284 19.037514451891184 12.307769902050493 24.761032044887543 24.743174456059933 5.458031937479972 6.6496235504746428 8.8699917607009393 9.9754540994763392 10.648832164704798 34.33140679448843 13.834524035453795 5.6538299471139926 2.9345529079437247 7.3360183909535399 4.3508295416831997 16.38335641101003 16.202111765742302 6.789724387228488 4.7263170108199111 3.7264120653271666 30.569138079881668 14.817297026515005 326.02056200802326 19.229198746383187 13.789063885807993
leaf_count=147 628 56 85 302 64 224 92 147 372 33 44 93 48 71 261 97 28 21 47 26 171 89 34 21 24 129 53 1491 88 77
internal_value=-1.41262e-06 -0.00259948 0.000785265 0.00233971 0.0183409 0.00764003 -0.00638884 -0.000502251 0.0183303 -0.00324129 -0.0285766 0.00359885 -0.000837751 0.000730441 -0.0387978 -0.0179657 0.0237561 -0.00249306 -0.00793597 0.011469 0.0268227 -0.000499876 -0.0386557 -0.0354014 -0.0179181 -0.0194181 -0.00127286 0.000939808 -0.0171026 -0.0048419
internal_weight=748.851 712.719 651.774 627.06 94.5745 73.7609 54.7234 532.486 67.612 464.874 40.2806 15.5196 424.593 406.165 60.9445 26.6131 12.7786 42.8688 39.9342 28.0702 20.7342 395.516 24.7136 18.4282 13.7019 42.4156 390.058 342.223 47.8356 33.0183
internal_count=5063 4435 3993 3812 811 509 285 3001 722 2279 284 137 1995 1902 442 181 84 350 329 244 197 1831 181 93 72 193 1798 1580 218 165
is_linear=0
shrinkage=0.05


Tree=40
num_leaves=31
num_cat=0
split_feature=0 1 4 2 4 6 5 2 6 5 2 6 4 2 2 6 5 5 0 5 6 5 3 6 1 4 1 1 6 0
split_gain=37.5699 32.594 14.9129 10.5445 14.7086 15.624 12.7171 10.1503 19.3174 10.6154 9.92681 17.8726 8.69805 8.29249 8.37439 7.86744 16.1162 6.73916 6.51854 6.40435 6.18813 7.15792 7.88175 6.13725 5.82888 5.57574 5.34472 5.00049 4.98711 6.96902
threshold=0.19676597085561209 1.2779195046795269 -1.1980381072652599 0.97837290288751211 -0.093497153620987011 0.54111036517919542 1.6724426746176546 -1.2294918527492065 0.97407783099018419 -0.76720904743073381 -0.60631531604337974 0.91767364430924314 0.11546757301991879 0.68286303115078406 0.60361343170493675 -0.84095554109077597 -0.88992128970837792 -0.91556293691908641 -0.42385142197759129 1.298548226536034 -0.73644990756368489 -1.1017690559774416 -1.4423330023790664 -0.83194502671269133 -0.21613842206358094 0.18831013365909852 -1.0473081786632019 -0.043337407318148016 0.74309833099607925 -0.44644579680684154
decision_type=2 2 2 2 2 2 2 2 2 2 2 2 2 2 2 2 2 2 2 2 2 2 2 2 2 2 2 2 2 2
left_child=1 2 18 7 -5 6 12 8 20 10 -9 -12 19 14 23 16 17 -3 -1 -6 27 -22 -23 -11 25 -15 -24 -4 29 -25
right_child=-2 15 3 4 5 -7 -8 9 -10 13 11 -13 -14 24 -16 -17 -18 -19 -20 -21 21 22 26 28 -26 -27 -28 -29 -30 -31
leaf_value=-0.054426839583925427 0.050834506046391593 -0.010134296930271434 -0.056511773928404868 0.055842549142360282 -0.0017495578534176663 0.049164973176551559 0.064284427264054117 -0.054928105169251742 0.056054196134184747 0.05234722269270399 -0.054525769420594818 0.038556868141121407 -0.028364776347487811 -0.036347327450376658 0.044784774348452086 -0.054208031428012227 -0.056172330969931988 0.062785666970661375 0.0034484706357167296 0.070675440541262929 -0.049328557100542604 -0.045071582420880586 -0.016044222040596898 0.032958549998566629 -0.081271915732380434 0.035631358211062163 0.043553025980883189 0.0080278267769602167 -0.016418543070392481 -0.00069485351726661002
leaf_weight=17.125551342964176 34.641452051699162 7.0817359574139118 7.5856616944074631 19.943952552974224 12.409323103725912 17.103312347084284 5.8456384018063536 18.268839687108994 22.050131559371948 5.4231930300593367 9.5739155560731906 11.177668921649454 33.314459104090929 10.020108014345171 10.491316415369509 33.090760812163353 13.235362216830252 5.7339746356010455 6.7958878800272933 4.0481098443269721 4.3014283925294903 3.957230910658839 4.7344888448715272 16.145282849669456 4.7551979497075072 3.6781282052397719 18.313689462840554 4.966013088822363 47.359983712434769 326.01764488220215
leaf_count=147 628 56 57 302 64 213 50 121 348 33 56 107 149 48 71 261 97 28 34 33 22 20 31 89 21 24 206 38 218 1491
internal_value=-1.26519e-06 -0.00250078 0.000754698 0.00224582 0.0178042 0.00737205 -0.00547997 -0.000480469 0.0178778 -0.0030943 -0.02805 -0.00438758 -0.0136737 -0.000797051 0.000694926 -0.0380273 -0.0174741 0.0224914 -0.0379849 0.0160651 -0.00131558 0.0105764 0.0201181 -0.000476273 -0.033577 -0.0170203 0.0313107 -0.030977 -0.00121172 0.000893114
internal_weight=739.189 704.548 645.406 621.485 92.6648 72.7208 55.6175 528.82 65.9086 462.911 39.0204 20.7516 49.7719 423.891 405.437 59.1418 26.0511 12.8157 23.9214 16.4574 43.8585 31.3068 27.0054 394.946 18.4534 13.6982 23.0482 12.5517 389.523 342.163
internal_count=5063 4435 3993 3812 811 509 296 3001 722 2279 284 163 246 1995 1902 442 181 84 181 97 374 279 257 1831 93 72 237 95 1798 1580
is_linear=0
shrinkage=0.05


Tree=41
num_leaves=31
num_cat=0
split_feature=0 1 4 2 4 6 5 6 0 5 0 2 3 5 4 6 5 1 0 0 5 6 0 5 2 5 2 0 1 4
split_gain=35.3922 30.4078 13.983 10.1461 14.0849 14.6053 11.8365 8.9171 21.4451 11.4604 11.3047 20.7086 9.20208 8.22552 7.89532 7.53657 15.187 7.48124 7.33192 9.55801 6.02491 6.00224 7.57406 5.99353 5.68819 13.3226 11.5498 9.71754 6.68119 6.66652
threshold=0.19676597085561209 1.2779195046795269 -1.2075260891967436 0.97837290288751211 -0.093497153620987011 0.54111036517919542 1.6724426746176546 -0.61865989030092794 -0.46382645497508307 -1.166225746299419 -0.43380396045593289 -0.19787482186649813 -0.15374285239996058 0.12335412001622294 0.11546757301991879 -0.84095554109077597 -0.88992128970837792 -0.138302553696694 -0.46139035719728066 -0.45742541260561659 0.91608359588794719 1.17976800211045 -0.44504841469390521 -0.91556293691908641 -1.0970535034223874 -0.21640051345653846 -0.60631531604337974 -0.39700389190752938 -1.2632074522153121 -0.43533496774531949
decision_type=2 2 2 2 2 2 2 2 2 2 2 2 2 2 2 2 2 2 2 2 2 2 2 2 2 2 2 2 2 2
left_child=1 2 -1 7 -5 6 14 10 13 21 -4 12 -12 -9 20 16 23 -13 -11 -20 -6 -10 -23 -3 25 -21 -26 28 -28 -29
right_child=-2 15 3 4 5 -7 -8 8 9 18 11 17 -14 -15 -16 -17 -18 -19 19 24 -22 22 -24 -25 26 -27 27 29 -30 -31
leaf_value=-0.048499976509075726 0.050427803373175241 -0.009684967313739367 -0.042809782198098632 0.055436952279577636 -0.016214344699651665 0.0483195455923046 0.063423434594663861 0.045700377986919387 -0.060059695509024763 0.06130146249364115 -0.028058282742605009 -0.017804840025716955 0.054970303351824581 -0.0199733787223869 -0.027078769870553517 -0.053457875831988827 -0.055859714798769645 -0.086886330386511723 -0.039496079157591471 -0.026881496436092563 0.044577237402044841 -0.05278763550515686 0.035154530458015136 0.058958769803343775 -0.032350662535909548 0.050372159387007523 -0.039586111969832222 0.018776876078827658 0.039428428752536937 -0.0033612903816414817
leaf_weight=14.107812292873858 33.211046852171421 7.0408462360501289 26.664255015552044 19.106572382152081 7.8382140621542957 16.546640112996101 5.6341061294078818 34.801925104111433 12.179917335510256 4.8926817849278441 4.2406310290098217 27.318060070276264 15.662578217685221 5.5246958136558524 33.155903395265341 31.907523162662983 12.658541910350321 4.5755578950047484 14.947765171527861 8.4187873154878634 8.490717086941002 4.7540565431118011 5.0481955185532552 5.7990709394216555 26.122277058660984 16.55471745878458 3.0059276372194317 39.209637019783258 24.326259277760983 256.23943635821342
leaf_count=115 628 56 187 302 40 213 50 538 69 30 19 126 90 24 149 261 97 21 89 41 57 31 46 28 108 96 12 219 152 1169
internal_value=-1.34451e-07 -0.00240373 0.000726088 0.00183678 0.0172922 0.00712254 -0.00524476 -0.000788017 0.00189081 -0.0014863 -0.0163577 -0.00274062 0.03728 0.0367032 -0.013063 -0.0372626 -0.0169966 -0.0277155 0.000475359 -0.000290031 0.0153961 -0.0366211 -0.0074971 0.0213176 0.00127744 0.0243293 -0.00037254 0.00221541 0.0307386 -0.00042329
internal_weight=729.984 696.773 639.367 625.26 90.7722 71.6656 55.1189 534.487 456.026 415.7 78.4611 51.7968 19.9032 40.3266 49.4848 57.406 25.4985 31.8936 393.717 388.825 16.3289 21.9822 9.80225 12.8399 373.877 24.9735 348.904 322.781 27.3322 295.449
internal_count=5063 4435 3993 3878 811 509 296 3067 2624 2062 443 256 109 562 246 442 181 147 1916 1886 97 146 77 84 1797 137 1660 1552 164 1388
is_linear=0
shrinkage=0.05


Tree=42
num_leaves=31
num_cat=0
split_feature=0 1 4 3 3 3 5 0 5 2 4 6 1 0 6 5 5 2 4 0 4 6 5 0 5 3 3 3 3 3
split_gain=33.3421 28.3582 13.1251 9.07658 43.5749 34.6853 19.655 11.1332 24.0855 19.7471 10.9749 12.235 9.8828 8.83831 7.20931 14.3218 6.4052 6.38849 18.769 15.5924 8.88746 6.78012 6.85027 6.17416 5.346 4.23539 7.95516 41.1919 26.5513 6.50257
threshold=0.19676597085561209 1.2779195046795269 -1.1980381072652599 -0.24578499939545764 -0.15374285239996058 -0.33782723843310175 -0.79516225884486869 -0.46265158438555704 0.12335412001622294 -0.84177820408703419 1.067746771576741 3.047394467177694 -1.2632074522153121 -0.15496332206069161 -0.84095554109077597 -0.88992128970837792 1.9955122524882223 -1.0676396928124032 -0.19161203774475136 -0.43380396045593289 -0.57967197018192596 0.70558628020151504 1.6147849523816602 -0.42385142197759129 -0.91556293691908641 1.0000000180025095e-35 0.30646788257752478 0.39851002957302184 0.21442564353988061 0.85872076455050717
decision_type=2 2 2 2 2 2 2 2 2 2 2 2 2 2 2 2 2 2 2 2 2 2 2 2 2 2 2 2 2 2
left_child=1 2 23 5 -5 7 -6 8 -4 12 13 -12 -9 16 15 24 -11 18 19 20 -8 25 -23 -1 -3 -19 28 -28 -27 -29
right_child=-2 14 3 4 6 -7 17 9 -10 10 11 -13 -14 -15 -16 -17 -18 21 -20 -21 -22 22 -24 -25 -26 26 27 29 -30 -31
leaf_value=-0.054001179171035307 0.050024333717123254 -0.0092530998548540008 0.048782480042727533 -0.0714260963716397 -0.04837314824747993 0.067467686709312677 -0.044827054519119475 0.024726019565361565 -0.083041723848495827 -0.0047466619013311721 0.049297182629963202 -0.087080812353647258 -0.040288564423333874 0.049840786909221786 -0.052694696332654722 -0.055564168433840336 0.057712477648208561 -0.013557864531898656 0.070168221439144515 0.083680353107018601 0.01940226611369162 -0.051256320058798072 0.023432575818415621 0.0031693543932569193 0.055499867619716398 0.0014560698558564048 -0.080042955058066953 0.016587954976411134 0.074817332250469479 -0.0032417904161451024
leaf_weight=15.722627654671671 31.839722402393818 7.0020064525306225 26.366234712302688 21.775041170418262 18.727064419537783 23.431280393153429 13.214740276336672 6.9191671162843695 3.9892762973904601 103.00871204584837 21.891533408313993 1.7781674750149239 37.657869845628738 8.8090466596186143 30.779921814799309 12.103603996336458 4.2750488370656958 32.20491012185812 13.824761554598807 4.4683284237980869 9.0909044258296472 11.122836019843815 4.2403450161218634 6.7499637156724921 5.851040184497835 46.225799113512039 14.625704966485499 89.974290702491999 16.821993988007307 76.486272901296616
leaf_count=147 628 56 412 92 113 236 97 34 16 468 257 11 204 126 261 97 28 148 125 27 71 49 23 34 28 224 45 491 125 390
internal_value=8.17921e-07 -0.00231038 0.000698376 0.0020788 -0.00279199 0.00970436 0.00146553 0.00340021 0.0314583 -0.00122017 0.00802198 0.0390519 -0.0301971 0.00169542 -0.0365025 -0.0165321 -0.00225779 0.00427423 0.0228573 -0.00157177 -0.0186497 0.00168786 -0.0306417 -0.0368292 0.0202241 0.00348524 0.00573348 0.00040783 0.0210298 0.00747647
internal_weight=720.978 689.138 633.402 610.929 372.803 238.126 351.028 214.695 30.3555 184.34 139.763 23.6697 44.577 116.093 55.7366 24.9567 107.284 332.301 40.5987 26.774 22.3056 291.702 15.3632 22.4726 12.853 276.339 244.134 181.086 63.0478 166.461
internal_count=5063 4435 3993 3812 2020 1792 1928 1556 428 1128 890 268 238 622 442 181 496 1815 320 195 168 1495 72 181 84 1423 1275 926 349 881
is_linear=0
shrinkage=0.05


Tree=43
num_leaves=31
num_cat=0
split_feature=0 1 4 2 0 6 3 3 3 1 5 2 5 2 0 0 6 2 0 5 2 3 3 3 3 3 3 3 3 3
split_gain=31.4154 26.4554 10.8154 7.83514 10.1585 9.0549 8.119 35.7635 29.3141 7.87694 8.53013 7.68517 7.29599 10.5298 8.86915 9.26535 6.80605 6.92605 6.49923 6.25373 6.42633 6.14352 21.5398 15.666 12.8235 31.6717 16.0717 7.01517 34.734 31.1433
threshold=0.19676597085561209 0.75961552443556102 -1.0858275335679293 -1.2294918527492065 -0.45780977284132413 0.26012387149161126 -0.24578499939545764 -0.15374285239996058 -0.33782723843310175 -1.0473081786632019 -0.60179964423319177 0.13192560931808389 0.075788148535966007 0.28021387243794593 -0.2949122127224057 -0.17231209418310087 1.2757803411180173 -1.1552715119872261 -0.35729582234729645 1.1750349452891977 0.97837290288751211 1.2268893525324958 1.1348471134948515 1.3189314995279926 0.85872076455050717 0.76667852551286308 0.95076291154600423 0.30646788257752478 0.39851002957302184 0.21442564353988061
decision_type=2 2 2 2 2 2 2 2 2 2 2 2 2 2 2 2 2 2 2 2 2 2 2 2 2 2 2 2 2 2
left_child=1 2 18 5 -5 9 8 -8 11 -4 -11 -6 13 -13 -14 19 -3 -18 -1 -16 -21 22 24 -23 25 27 -26 29 -29 -9
right_child=-2 16 3 4 6 -7 7 21 -10 10 -12 12 14 -15 15 -17 17 -19 -20 20 -22 23 -24 -25 26 -27 -28 28 -30 -31
leaf_value=-0.048587960893135738 0.0496230164184287 -0.030510467185536252 -0.045550275359864688 -0.043623697463942707 -0.0076137853782192334 0.049459234234685318 -0.068981909869535257 -0.0022955382614716783 0.067418308216637871 -0.047272881053442732 0.034578952037874588 -0.0056288735721668082 0.029592284723609408 0.053029479114534109 -0.048589534199427645 0.05818642672536195 0.037244666897869219 -0.050047207527760797 0.031172560402772661 -0.029560379752716831 0.038143363978432099 -0.07580183860190931 0.075110352211336093 -0.0004616017374736857 -0.072447005975270984 0.070129003713767485 0.0006812731753029844 -0.078488893119830955 0.0038067065650258846 0.072825243858602492
leaf_weight=15.62982724606991 30.525668382644653 89.25839564204216 6.1221677586436298 12.253476247191427 77.244744017720222 18.901837475597858 18.933120712637901 89.386088885366917 20.374403800815344 3.9301698058843639 16.743303835391998 11.823507063090799 18.630510125309229 21.677618611603975 13.403727740049368 3.9102432429790488 7.6618320420384407 3.2304637879133207 3.0528928413987151 8.344563886523245 6.0432114005088797 8.653147026896475 10.436538502573965 34.055246200412512 12.368412837386133 17.742593225091696 19.14021797850728 15.276961520314215 79.773425184190273 16.315314456820488
leaf_count=148 628 682 37 82 357 328 77 434 204 23 180 62 113 272 51 59 81 16 17 30 47 28 83 181 42 139 94 47 395 126
internal_value=6.38814e-07 -0.0022259 0.00187068 0.00311596 0.00135789 0.0229592 0.00245252 -0.00231296 0.0109113 0.00426596 0.0190184 0.00376387 0.0142473 0.0323273 0.00221332 -0.0138768 -0.0259572 0.0113554 -0.0355545 -0.024016 -0.00112318 0.00185086 0.00473326 -0.0157263 0.00179532 0.00609558 -0.0280245 0.000436259 -0.00942024 0.00929957
internal_weight=710.844 680.318 580.167 561.485 515.787 45.6975 503.534 322.081 181.453 26.7956 20.6735 161.078 83.8334 33.5011 50.3323 31.7017 100.151 10.8923 18.6827 27.7915 14.3878 303.148 260.44 42.7084 250.003 218.494 31.5086 200.752 95.0504 105.701
internal_count=5063 4435 3656 3491 2923 568 2841 1646 1195 240 203 991 634 334 300 187 779 97 165 128 77 1569 1360 209 1277 1141 136 1002 442 560
is_linear=0
shrinkage=0.05


Tree=44
num_leaves=31
num_cat=0
split_feature=0 1 4 2 4 6 5 4 2 1 5 5 6 5 4 6 6 0 0 1 3 1 6 4 0 2 0 2 0 2
split_gain=29.5961 24.9384 11.906 8.71641 13.0263 13.2177 10.0025 7.54894 15.7275 16.6966 9.43277 10.1739 7.15195 13.8448 7.10094 7.05671 9.31463 10.4222 12.3437 9.01266 9.51772 9.05169 8.81663 8.36215 8.01516 9.47253 7.03491 6.98578 15.0411 6.58107
threshold=0.19676597085561209 1.2779195046795269 -1.2075260891967436 0.97837290288751211 -0.093497153620987011 0.42672311014381181 1.6724426746176546 0.050414532736126907 -1.2294918527492065 0.06472089210630276 -0.76720904743073381 0.47619257875424831 -0.84095554109077597 -0.88992128970837792 0.11546757301991879 -0.85078271840343034 -0.69365676979223723 -0.27456685831717897 -0.41405905713164176 0.27089196437576696 -1.1662064693504284 -0.22536324344435524 -0.15974976526844467 -0.3105716138764702 -0.32143602321805637 -0.1369135563535778 -0.45780977284132413 -0.05217745825188428 -0.39768386775305642 -1.1310394089458404
decision_type=2 2 2 2 2 2 2 2 2 2 2 2 2 2 2 2 2 2 2 2 2 2 2 2 2 2 2 2 2 2
left_child=1 2 -1 7 -5 6 14 10 -9 26 -4 15 13 -3 -6 -12 27 18 -18 20 -19 -22 23 -20 25 -25 -10 28 -17 -28
right_child=-2 12 3 4 5 -7 -8 8 9 -11 11 -13 -14 -15 -16 16 17 19 22 -21 21 -23 -24 24 -26 -27 29 -29 -30 -31
leaf_value=-0.04719817702187195 0.049222845215190325 0.020949819952501336 -0.050961381977917268 0.054893254378161609 0.014480598663328657 0.045296445447707667 0.06263200698332981 0.040985592489054534 -0.038466583416521288 -0.028403518532710271 0.082379230371936618 -0.018178061655881917 -0.051700810025122591 -0.055136941658491624 -0.026505969149563671 -0.038342700243435043 0.023987262579935709 0.07557025027533773 -0.024093212636103322 0.073971592168963471 0.019517268440753219 -0.036888776855336022 -0.04004688716154324 0.021411185581179812 0.04202658773710416 -0.059189845696877477 0.066514142152115305 -0.069164548123323108 0.055018086515458968 0.008682349755216626
leaf_weight=12.716877102851866 29.267050728201866 12.715302113443615 11.246788423508404 17.51184693351388 15.896064456552265 16.723659303039312 4.8483566381037226 28.270701747387648 7.6672083139419547 38.564244326204062 2.7070259898900977 89.621712289750576 29.084704350680113 11.284876741468905 31.524892710149288 14.85352893173695 29.855933997780085 5.7439103014767161 25.325175836682313 7.6202963180840007 31.608385924249884 9.17754113674164 22.709584437310696 9.3343550711870176 14.260221600532542 5.9808593392372105 5.0900845006108275 6.9234119206666938 6.080016043037177 146.61772440746427
leaf_count=115 628 84 70 302 97 224 45 443 53 205 20 401 261 97 143 106 231 39 100 49 190 45 83 43 75 19 34 27 38 796
internal_value=3.60061e-06 -0.00214139 0.000681427 0.00168657 0.0163812 0.00660605 -0.005773 -0.000761453 0.0061003 0.0011178 -0.00605817 -0.00426607 -0.0350294 -0.0148262 -0.0127668 0.00222167 0.00107645 0.00567905 -0.00333397 0.0235662 0.0153112 0.00682493 -0.0138442 -0.00300548 0.0150517 -0.0100649 0.00826113 -0.0256262 -0.0112266 0.0106227
internal_weight=700.832 671.565 618.48 605.764 86.5048 68.993 52.2693 519.259 226.21 197.939 293.049 281.802 53.0849 24.0002 47.421 192.18 189.473 161.616 107.466 54.1501 46.5298 40.7859 77.6102 54.9006 29.5754 15.3152 159.375 27.857 20.9335 151.708
internal_count=5063 4435 3993 3878 811 509 285 3067 1531 1088 1536 1466 442 181 240 1065 1045 874 551 323 274 235 320 237 137 62 883 171 144 830
is_linear=0
shrinkage=0.05


Tree=45
num_leaves=31
num_cat=0
split_feature=0 1 4 2 4 6 5 6 0 5 0 2 3 3 6 5 5 5 4 1 1 6 0 6 2 5 0 4 0 1
split_gain=27.8811 23.1878 11.1505 8.04372 12.4803 12.3698 9.99825 6.93304 16.5698 9.92941 9.54989 17.4248 7.76397 7.43346 6.85038 13.0441 6.61638 9.80221 9.682 6.34647 6.30035 5.36318 6.59177 5.31598 7.96546 9.79325 5.48348 12.4532 5.62738 5.24394
threshold=0.19676597085561209 1.2779195046795269 -1.2075260891967436 0.97837290288751211 -0.093497153620987011 0.54111036517919542 1.6724426746176546 -0.61865989030092794 -0.46382645497508307 -1.166225746299419 -0.43380396045593289 -0.19787482186649813 -1.4423330023790664 -0.15374285239996058 -0.84095554109077597 -0.88992128970837792 -0.39203097380639984 -0.070097782078057433 0.1232486851496823 -0.138302553696694 -1.7995094254806314 1.17976800211045 -0.44504841469390521 0.16525486059244152 -0.26386542226486698 -0.52007271607631356 -0.39460356469970309 0.65903693769190641 -0.46064855013779754 -0.43335820690994825
decision_type=2 2 2 2 2 2 2 2 2 2 2 2 2 2 2 2 2 2 2 2 2 2 2 2 2 2 2 2 2 2
left_child=1 2 -1 7 -5 6 16 10 12 21 -4 13 -9 -12 15 -3 -6 -18 -19 29 -11 -10 -23 -22 26 -26 27 -25 -29 -13
right_child=-2 14 3 4 5 -7 -8 8 9 20 11 19 -14 -15 -16 -17 17 18 -20 -21 23 22 -24 24 25 -27 -28 28 -30 -31
leaf_value=-0.046547844374964502 0.048822866393415452 0.019747522735150343 -0.040501346626655069 0.054521292794869163 -0.071538608094485034 0.046509399192070956 0.061649329099945742 -0.026384907739810566 -0.059123865972642069 0.05286418630566906 -0.024979708832108927 -0.026080252618867001 0.042941621716249961 0.05058818925323319 -0.050902301443186505 -0.054880197249861033 0.055222381954160953 0.022707987194942464 -0.032015799011138255 -0.079913166478528641 0.0034339922326648066 -0.051857332079057794 0.033029176241134502 0.031873607775687179 0.054053451325436354 -0.0057646056627414502 -0.059631488271148919 0.01946855146456436 -0.045075803117500757 0.033616807346803244
leaf_weight=12.261423699557779 28.062032490968704 12.812404837459328 24.361378192901611 16.768565583974123 4.2539085969328871 14.973003931343554 5.096104819327592 4.6309488900005809 10.940213948488237 5.6717580556869498 4.1256638243794468 22.29283997043968 31.57013301923871 15.407959319651125 28.089333202689886 10.783456318080423 5.6527731344103804 11.628043577075003 26.508975889533758 4.583787888288497 274.18606411293149 4.3552442416548729 4.8158619180321676 9.5843172743916494 7.8720685951411715 52.305999483913183 9.4515851736068708 4.0046008825302115 21.547466754913334 4.4056881740689269
leaf_count=115 628 84 187 302 19 213 50 30 69 30 19 102 532 90 261 97 37 73 117 21 1332 31 46 49 84 243 33 24 121 24
internal_value=3.83857e-06 -0.00205643 0.000654193 0.0016172 0.0158808 0.00636798 -0.00494251 -0.000728627 0.00166422 -0.00123456 -0.0147633 -0.00242443 0.0340732 0.0346276 -0.0342186 -0.0143578 -0.0120061 -0.00622284 -0.0153304 -0.0255609 0.000556242 -0.0354833 -0.00728237 -0.000226649 -0.00980701 0.00206037 -0.0258238 -0.0167296 -0.0349602 -0.0162293
internal_weight=693.004 664.942 613.256 600.995 84.8814 68.1128 53.1398 516.114 440.936 404.735 75.1773 50.8159 36.2011 19.5336 51.6852 23.5959 48.0437 43.7898 38.137 31.2823 384.624 20.1113 9.17111 378.952 104.766 60.1781 44.588 35.1364 25.5521 26.6985
internal_count=5063 4435 3993 3878 811 509 296 3067 2624 2062 443 256 562 109 442 181 246 227 190 147 1916 146 77 1886 554 327 227 194 145 126
is_linear=0
shrinkage=0.05


Tree=46
num_leaves=31
num_cat=0
split_feature=0 1 4 2 4 6 5 4 2 1 5 5 5 6 5 0 2 0 0 6 2 4 1 6 6 0 5 2 1 3
split_gain=26.2658 21.5455 10.4402 7.44714 11.9335 11.5531 9.35254 6.77942 13.7941 14.6894 8.50491 9.08851 6.55886 6.55314 12.2983 6.24719 6.61092 6.16212 5.89019 8.74006 6.9758 6.95103 8.32864 8.21414 6.85604 9.95291 7.2041 5.89273 5.8008 5.32951
threshold=0.19676597085561209 1.2779195046795269 -1.2075260891967436 0.97837290288751211 -0.093497153620987011 0.54111036517919542 1.3504548344195155 0.050414532736126907 -1.2294918527492065 0.06472089210630276 -0.76720904743073381 0.47619257875424831 0.88734944934584081 -0.84095554109077597 -0.88992128970837792 -0.45742541260561659 -1.1386595671349553 -0.42201092308645366 -0.30766716403527805 -0.69365676979223723 -0.24923470330144984 -0.57967197018192596 -0.68181993197758373 -0.85078271840343034 -0.51788368417503794 -0.40954018576513695 -0.55970588170260027 -0.60631531604337974 0.33311807327612236 0.85872076455050717
decision_type=2 2 2 2 2 2 2 2 2 2 2 2 2 2 2 2 2 2 2 2 2 2 2 2 2 2 2 2 2 2
left_child=1 2 -1 7 -5 6 -6 10 -9 15 -4 18 -13 14 -3 -10 -17 -14 20 -20 21 22 -12 -24 27 26 -26 -23 29 -21
right_child=-2 13 3 4 5 -7 -8 8 9 -11 11 12 17 -15 -16 16 -18 -19 19 28 -22 24 23 -25 25 -27 -28 -29 -30 -31
leaf_value=-0.045893387765704098 0.048422175450201874 0.018623695451551445 -0.049384757594933479 0.054158454422813723 -0.017168595736015192 0.045671618188498242 0.031133085818841451 0.039492700908317829 -0.032720795459679111 -0.02685549541186269 0.036037396170151524 -0.047082423647813454 -0.049357799430584187 -0.050087414561713423 -0.054637016601109215 0.077372292081617527 0.0087046393920246958 -0.0056180157898152484 -0.034201061438260169 0.018177942396575244 -0.030897242531709529 0.017122211915432135 0.063368596804089933 -0.034795125404984223 0.13328978749677514 -0.024923576312174719 0.018859152817874404 0.080599662407324829 0.054686182304543078 -0.021627411924296801
leaf_weight=11.825569890439509 26.908774264156818 12.903854243457319 10.745834391564129 16.054925635457039 38.989041849970818 14.497429486364124 13.489018674939869 26.821068316698074 8.9193569570779783 37.552452564239502 6.359933376312255 15.257416278123854 9.1988693922758085 27.143189735710621 10.302041344344614 3.591425657272338 145.7842516489327 64.599826321005821 9.1863365210592729 57.100550815463066 21.93268721550703 10.021051462739704 2.3131515234708813 27.075035285204649 1.5479825846850825 17.712393641471873 12.338305611163376 5.7562015801668123 9.1862404122948629 9.861231114715336
leaf_count=115 628 84 70 302 188 213 108 443 61 205 36 55 64 261 97 24 798 282 42 323 84 71 17 171 15 70 103 35 55 43
internal_value=3.15933e-06 -0.00197673 0.000627381 0.00155059 0.0154425 0.00616179 -0.00475308 -0.000698459 0.00586421 0.00125883 -0.00573407 -0.00405553 -0.0172399 -0.0334085 -0.0138997 0.00792841 0.0103556 -0.0110701 0.00211148 0.0118695 -0.00581465 0.000803521 -0.0158415 -0.0270686 0.0133632 -7.70897e-05 0.0316154 0.0402814 0.0174273 0.0123159
internal_weight=684.975 658.067 607.718 595.892 83.0304 66.9755 52.4781 512.862 222.669 195.847 290.193 279.447 89.0561 50.3491 23.2059 158.295 149.376 73.7987 190.391 85.3344 105.057 83.1241 35.7481 29.3882 47.3759 31.5987 13.8863 15.7773 76.148 66.9618
internal_count=5063 4435 3993 3878 811 509 296 3067 1531 1088 1536 1466 401 442 181 883 822 346 1065 463 602 518 224 188 294 188 118 106 421 366
is_linear=0
shrinkage=0.05


Tree=47
num_leaves=31
num_cat=0
split_feature=0 1 4 6 5 3 3 3 5 0 5 2 4 6 1 0 5 5 3 3 3 3 4 3 3 3 3 3 3 4
split_gain=24.741 20.0739 10.7323 8.94787 11.054 7.38511 37.9375 30.9807 16.5452 8.83722 21.3586 16.8291 9.14277 11.4174 8.78289 8.31888 5.46854 4.77531 4.68397 7.48926 39.4771 24.4808 9.14921 7.79139 28.8954 26.3856 10.0589 19.3303 17.589 6.56491
threshold=0.19676597085561209 1.3548067913565098 -1.2075260891967436 -0.84095554109077597 -0.88992128970837792 -0.24578499939545764 -0.15374285239996058 -0.33782723843310175 -0.79516225884486869 -0.46265158438555704 0.12335412001622294 -0.84177820408703419 1.067746771576741 3.047394467177694 -1.2632074522153121 -0.15496332206069161 1.9955122524882223 -0.91556293691908641 1.0000000180025095e-35 0.30646788257752478 0.39851002957302184 0.21442564353988061 -0.36444661887830648 0.85872076455050717 0.95076291154600423 0.76667852551286308 1.2268893525324958 1.3189314995279926 1.1348471134948515 0.93742207714292702
decision_type=2 2 2 2 2 2 2 2 2 2 2 2 2 2 2 2 2 2 2 2 2 2 2 2 2 2 2 2 2 2
left_child=1 2 -1 4 17 7 -7 9 -8 10 -4 14 15 -14 -11 16 -13 -3 -10 21 -21 22 -20 25 -25 29 28 -28 -26 -22
right_child=-2 3 5 -5 -6 6 8 -9 18 11 -12 12 13 -15 -16 -17 -18 -19 19 20 23 -23 -24 24 26 -27 27 -29 -30 -31
leaf_value=-0.045863406398704232 0.048019930573892977 -0.010122722115077774 0.046177924052518617 -0.057072972528388145 -0.054383893437450238 -0.06918649243266696 -0.046142269940600035 0.065824742823698143 -0.013339373454958284 0.023217088279477011 -0.081257552884118803 -0.004619581716535791 0.047725141325507932 -0.08526869111566053 -0.038708090980149303 0.049836184606737249 0.054417706168529638 0.050756484837399744 -0.037214427090793839 -0.07525784725615256 0.0017841983291585967 0.071244828122367973 0.013311438399340951 -0.07013270878489429 0.0022124716239428428 0.069592389210245034 -0.071803119121373937 0.0084006542967535458 0.07779690033870805 0.0725589967038308
leaf_weight=12.249510474503039 25.805452741682529 7.0806764476001263 24.043313927948478 21.981054283678532 9.0598704516887647 20.424026429653168 17.716030985116959 21.356995292007923 36.871786169707775 6.808786414563655 3.8088693693280211 101.41499791294336 19.857825472950939 1.7565208077430714 36.001894533634186 8.2371118143200857 4.0802762135863295 5.9093369096517581 11.135006837546824 15.784235239028929 83.746672224253416 17.369051158428192 45.864602319896221 13.902288071811197 21.904681868851185 18.992009151726961 9.2487172707915288 40.020492922514677 11.866592742502688 3.4099179320037356
leaf_count=123 628 56 421 221 90 96 122 236 186 34 17 472 257 11 209 131 28 28 60 55 457 141 233 57 121 162 38 247 105 21
internal_value=3.13818e-06 -0.0018976 0.000463789 -0.0344979 -0.0119932 0.00141655 -0.00295818 0.00850212 0.000930617 0.00255948 0.0287507 -0.00153512 0.00710761 0.0369172 -0.0288593 0.00144243 -0.00233618 0.0175721 0.00345683 0.00556875 0.00091105 0.0192769 0.00344109 0.00683089 -0.00341692 0.0161899 0.00775235 -0.00665504 0.0287714 0.00455319
internal_weight=677.709 651.903 607.872 44.0309 22.0499 595.623 368.256 227.367 347.832 206.01 27.8522 178.157 135.347 21.6143 42.8107 113.732 105.495 12.99 330.116 293.244 218.876 74.3687 56.9996 203.091 96.9428 106.149 83.0405 49.2692 33.7713 87.1566
internal_count=5063 4435 4040 395 174 3917 2101 1816 2005 1580 438 1142 899 268 243 631 500 84 1883 1697 1263 434 293 1208 568 640 511 285 226 478
is_linear=0
shrinkage=0.05


Tree=48
num_leaves=31
num_cat=0
split_feature=0 1 4 6 5 3 3 3 5 0 5 2 4 6 1 0 5 2 4 0 4 6 5 5 4 4 6 1 4 1
split_gain=23.3065 18.7309 10.0532 8.60966 10.43 6.77131 35.6669 29.219 15.2985 8.23124 19.8678 15.4238 8.49705 10.4233 8.09557 7.78833 4.98461 4.51449 17.6341 15.1493 8.58039 6.18373 6.36908 4.28507 4.16279 4.08889 17.381 3.65929 3.61612 3.53846
threshold=0.19676597085561209 1.3548067913565098 -1.2075260891967436 -0.84095554109077597 -0.88992128970837792 -0.24578499939545764 -0.15374285239996058 -0.33782723843310175 -0.79516225884486869 -0.46265158438555704 0.12335412001622294 -0.84177820408703419 1.067746771576741 3.047394467177694 -1.2632074522153121 -0.15496332206069161 1.9955122524882223 -1.0676396928124032 -0.19161203774475136 -0.43380396045593289 -0.57967197018192596 0.70558628020151504 1.6147849523816602 -0.91556293691908641 -0.94660553505273415 -0.38634794457304028 0.78474814065912935 0.33311807327612236 -0.46640686485422228 -0.56286737773942452
decision_type=2 2 2 2 2 2 2 2 2 2 2 2 2 2 2 2 2 2 2 2 2 2 2 2 2 2 2 2 2 2
left_child=1 2 -1 4 23 7 -7 9 27 10 24 14 15 -14 -11 16 -13 18 19 20 -10 29 -23 -3 -4 -16 -27 -8 -22 -19
right_child=-2 3 5 -5 -6 6 8 -9 17 11 -12 12 13 -15 25 -17 -18 21 -20 -21 28 22 -24 -25 -26 26 -28 -29 -30 -31
leaf_value=-0.045221408590123573 0.047615331290712937 -0.0096738412467781802 -0.037808801111149454 -0.056535946872162159 -0.054167536959947873 -0.068346241144349201 -0.012166449576550119 0.064994944269428284 -0.044382338391131204 0.022028266853042253 -0.07938386408018798 -0.0043895855943150075 0.046585102232156693 -0.079724507270285586 -0.065291833018441714 0.04910196960209371 0.052264426760801279 -0.0023888674229347617 0.068052228887937313 0.058445856779820018 0.07398964024747412 -0.050845155838670046 0.022058178961639599 0.04800369130078691 0.05060299613285392 0.042473441738205962 -0.051372490736461607 -0.061086796378075597 -0.00061985274930390956 0.0091750517789118656
leaf_weight=11.813358247280119 24.750256195664406 7.0398397706449032 1.4174848981201709 21.102673899382353 8.6515680328011495 19.660705573856831 5.7051216997206238 20.568179909139872 15.129097085446121 6.8172041401267043 3.7064369916915885 101.3928656578064 19.339899007231001 1.7839947603642929 9.6197308003902418 7.949594981968402 4.0370751656591883 149.42563065513968 12.650988604873417 7.8498901203274754 2.1641310825943947 10.68975520506501 4.162399534136056 5.9350876808166522 21.9190613925457 6.6569929346442249 19.060508467257023 11.584624990820883 6.5073275826871377 118.70349200814962
leaf_count=123 628 56 9 221 90 96 38 236 135 34 17 472 257 11 37 131 28 789 125 46 19 49 23 28 412 40 132 84 52 645
internal_value=3.23985e-06 -0.00182931 0.000447368 -0.0338151 -0.0116445 0.0013641 -0.00284439 0.00819908 0.000893029 0.00246427 0.0281532 -0.00146822 0.0068027 0.0359178 -0.0278585 0.00137823 -0.00222022 0.00331454 0.0181562 -0.0017877 -0.0216539 0.000991039 -0.0304136 0.0167094 0.0452328 -0.0374826 -0.0270804 -0.0449445 0.0180004 0.0027306
internal_weight=667.795 643.045 600.316 42.7292 21.6265 588.502 364.233 224.269 344.572 203.701 27.043 176.658 134.503 21.1239 42.1544 113.38 105.43 327.283 44.3014 31.6504 23.8006 282.981 14.8522 12.9749 23.3365 35.3372 25.7175 17.2897 8.67146 268.129
internal_count=5063 4435 4040 395 174 3917 2101 1816 2005 1580 438 1142 899 268 243 631 500 1883 377 252 206 1506 72 84 421 209 172 122 71 1434
is_linear=0
shrinkage=0.05


Tree=49
num_leaves=31
num_cat=0
split_feature=0 1 4 2 4 6 5 2 2 5 6 4 0 1 6 5 0 4 3 6 5 3 4 6 2 2 5 2 1 5
split_gain=21.9524 17.5191 8.54413 6.4821 11.0627 10.8706 8.30196 6.33151 6.84333 5.99626 8.84045 5.85707 9.99823 8.85024 7.68139 6.37771 7.59689 5.92839 5.87823 5.78639 10.3758 5.07562 5.06223 6.34797 4.96478 4.80825 4.8438 5.4519 4.79221 4.66822
threshold=0.19676597085561209 1.2779195046795269 -1.2075260891967436 0.97837290288751211 -0.066279727275328673 0.42672311014381181 1.6724426746176546 0.68286303115078406 0.60361343170493675 -1.166225746299419 0.97407783099018419 0.050414532736126907 -0.46139035719728066 0.23344636145116224 0.97407783099018419 -0.011552942454124868 -0.31334456634823332 0.61273984603391474 -1.1662064693504284 -0.84095554109077597 -0.88992128970837792 -1.4423330023790664 0.16650340050263726 -0.25617043574329673 0.82139750702889514 -0.33823813570999683 -0.32454134060283718 0.055876461071348658 -0.79169611427910169 0.97646373688526711
decision_type=2 2 2 2 2 2 2 2 2 2 2 2 2 2 2 2 2 2 2 2 2 2 2 2 2 2 2 2 2 2
left_child=1 2 -1 7 -5 6 22 8 9 10 -4 14 21 18 15 16 -11 -15 -14 20 -3 -13 -6 -24 -9 -18 27 -27 29 -7
right_child=-2 19 3 4 5 28 -8 24 -10 11 -12 12 13 17 -16 -17 25 -19 -20 -21 -22 -23 23 -25 -26 26 -28 -29 -30 -31
leaf_value=-0.043881371968762045 0.047207626095704544 0.0158972571371758 -0.05464261796741219 0.050571088724202774 0.007672893134925367 -0.043270508667008364 0.060919037077856765 -0.063977778769259169 0.0408949270408136 -0.0057619617579666499 0.0062046222662056625 -0.054242470129570355 0.06124150457601172 0.00069064526607192083 -0.057475881954948974 -0.010622100673401849 0.069867388699126662 -0.053931563716244996 0.0058324662173442248 -0.04814636969385145 -0.053996580302727228 0.046169005496303706 -0.053535202061971501 -0.0041801345325121917 -0.010105281774332585 -0.0064239987917402153 0.004401680653014192 0.055600665355473915 0.061893910343551718 0.058033183286931869
leaf_weight=10.61776504665613 23.741403289139271 12.953909717500212 12.216347243636848 16.86740561388433 17.820431556552649 2.6331897005438796 4.1703223660588256 6.6500819325447109 10.198246795684097 70.879329230636358 11.67367349937558 1.3432465344667459 4.9575394839048377 9.5146227702498454 6.5512049235403529 126.29756581410766 4.2498835921287528 10.394244082272051 138.80279815942049 24.363774064928293 8.9982962682843191 19.953915748745203 12.05483605712652 14.176602333784105 11.982820954173802 5.0793155133724239 36.579951956868172 11.712668735533951 10.094803553074597 2.0016887299716473
leaf_count=115 628 84 87 319 103 23 43 29 74 439 152 12 40 46 24 615 25 60 746 261 97 352 53 70 72 22 193 79 175 25
internal_value=1.67273e-06 -0.00176107 0.00056542 0.00138069 0.0146105 0.00497523 -0.00650804 -0.000735376 0.000373783 -0.000505075 -0.0249101 0.000801255 0.00760979 0.00341642 -0.00401738 -0.00264289 0.00519949 -0.0278271 0.00774323 -0.0313709 -0.0127525 0.0398359 -0.0128913 -0.0268616 -0.0293324 0.0186829 0.0146072 0.0368392 0.0425693 0.000480037
internal_weight=659.532 635.79 589.475 578.857 79.8193 62.9519 48.2222 499.037 480.405 470.206 23.89 446.316 184.966 163.669 261.35 254.799 128.501 19.9089 143.76 46.316 21.9522 21.2972 44.0519 26.2314 18.6329 57.6218 53.3719 16.792 14.7297 4.63488
internal_count=5063 4435 3993 3878 811 492 269 3067 2966 2892 239 2653 1256 892 1397 1373 758 106 786 442 181 364 226 123 101 319 294 101 223 48
is_linear=0
shrinkage=0.05


Tree=50
num_leaves=31
num_cat=0
split_feature=0 1 4 6 5 3 3 3 5 0 5 2 4 6 1 0 3 3 6 3 3 3 3 4 3 3 3 3 3 3
split_gain=20.6696 16.4073 8.82112 8.03415 9.29555 6.01696 33.4204 27.6851 13.6408 7.4735 18.4375 13.6976 7.74939 9.73537 7.43017 7.07826 4.65689 10.3686 4.55424 4.1571 6.95844 36.6918 22.876 8.12227 7.07131 26.519 24.8542 8.76356 17.7138 16.6382
threshold=0.19676597085561209 1.3548067913565098 -1.2084236672821309 -0.84095554109077597 -0.88992128970837792 -0.24578499939545764 -0.15374285239996058 -0.33782723843310175 -0.79516225884486869 -0.46265158438555704 0.12335412001622294 -0.84177820408703419 1.067746771576741 3.047394467177694 -1.2632074522153121 -0.15496332206069161 -1.1662064693504284 -1.0741643223549311 -0.67389352677565262 1.0000000180025095e-35 0.30646788257752478 0.39851002957302184 0.21442564353988061 -0.36444661887830648 0.85872076455050717 0.95076291154600423 0.76667852551286308 1.2268893525324958 1.3189314995279926 1.1348471134948515
decision_type=2 2 2 2 2 2 2 2 2 2 2 2 2 2 2 2 2 2 2 2 2 2 2 2 2 2 2 2 2 2
left_child=1 2 -1 4 -3 7 -7 9 -8 10 18 14 15 -14 -11 16 -13 -18 -4 -10 22 -22 23 -21 26 -26 -23 29 -29 -27
right_child=-2 3 5 -5 -6 6 8 -9 19 11 -12 12 13 -15 -16 -17 17 -19 -20 20 21 24 -24 -25 25 27 -28 28 -30 -31
leaf_value=-0.046271024482547843 0.046796114640625289 0.015021065348759945 -0.060219140645349979 -0.055490407023623324 -0.053767411840290096 -0.067568283575598881 -0.043703850786459837 0.064278289840458649 -0.012778458912302655 0.020783416196393789 -0.077764322456270907 0.018942899910216006 0.045490378638546158 -0.07637049705824045 -0.036327196290174966 0.047995348878097206 -0.079446562258260967 -0.0031952615725952707 0.049345564550322421 -0.03526436727194824 -0.073621333824061788 0.0041002736534115312 0.069820455360677006 0.012537726102659966 -0.068901157943471791 0.0014516262071505982 0.068391769570815622 -0.070118140978372587 0.0077816739546951444 0.07599727362355807
leaf_weight=9.9431862682104093 22.777135916054249 13.022239163517954 0.99308562278748169 19.582392390817404 7.8847930133342734 18.842948757112026 16.374334454536438 19.719302240759134 36.743307936936617 6.8342555537819853 3.5889997184276572 20.801359977573156 18.496046539396051 1.7982909157872189 34.16900210082531 7.5150792077183715 4.7237245291471472 79.330677691847086 21.101541418582201 11.037570044398306 15.475984714925287 86.665388114750385 16.694778896868229 45.594672687351704 13.355145946145056 21.983387283980846 18.187255915254354 8.9212528392672521 40.096867609769106 11.349676474928854
leaf_count=112 628 84 7 221 90 96 122 236 186 34 17 115 257 11 209 131 16 369 414 60 57 480 141 233 57 123 162 39 251 105
internal_value=2.81095e-06 -0.00168675 0.000425058 -0.0324769 -0.0109215 0.00122505 -0.00273903 0.00776315 0.00082782 0.00217284 0.0273469 -0.00155013 0.00625648 0.0346922 -0.0268082 0.00112094 -0.00223858 -0.00748046 0.044421 0.00306383 0.0050755 0.000558234 0.0183842 0.00322114 0.00628225 -0.0035447 0.015252 0.00705436 -0.00639602 0.0268339
internal_weight=653.604 630.827 590.337 40.4894 20.907 580.394 361.323 219.071 342.48 199.352 25.6836 173.668 132.665 20.2943 41.0033 112.371 104.856 84.0544 22.0946 326.105 289.362 216.035 73.327 56.6322 200.559 95.7063 104.853 82.3512 49.0181 33.3331
internal_count=5063 4435 4040 395 174 3928 2112 1816 2016 1580 438 1142 899 268 243 631 500 385 421 1894 1708 1274 434 293 1217 575 642 518 290 228
is_linear=0
shrinkage=0.05


Tree=51
num_leaves=31
num_cat=0
split_feature=0 1 4 6 5 3 3 3 5 0 5 2 4 5 0 1 6 6 6 2 4 0 4 6 5 5 1 0 6 4
split_gain=19.4638 15.2501 8.27187 7.74109 8.78028 5.51771 31.4633 26.1347 12.5978 6.99824 17.2243 12.5455 7.2735 7.50682 7.84506 6.84467 6.78863 5.28637 4.26976 3.85779 16.4087 13.3942 8.22738 5.41016 5.6774 3.85208 3.74656 3.70217 8.39837 9.32918
threshold=0.19676597085561209 1.3548067913565098 -1.2084236672821309 -0.84095554109077597 -0.88992128970837792 -0.24578499939545764 -0.15374285239996058 -0.33782723843310175 -0.79516225884486869 -0.46265158438555704 0.12335412001622294 -0.84177820408703419 0.59476726376210587 1.9363996917143325 -0.15496332206069161 -1.2632074522153121 3.047394467177694 0.65680428090989029 -0.67389352677565262 -1.0676396928124032 -0.19161203774475136 -0.43380396045593289 -0.58544351638749659 0.70558628020151504 1.6147849523816602 -0.91556293691908641 0.33311807327612236 -0.42201092308645366 0.81708799286808598 -0.38634794457304028
decision_type=2 2 2 2 2 2 2 2 2 2 2 2 2 2 2 2 2 2 2 2 2 2 2 2 2 2 2 2 2 2
left_child=1 2 -1 4 25 7 -7 9 26 10 18 15 13 14 -13 -11 17 -14 -4 20 21 22 -10 -21 -25 -3 -8 28 29 -17
right_child=-2 3 5 -5 -6 6 8 -9 19 11 -12 12 16 -15 -16 27 -18 -19 -20 23 -22 -23 -24 24 -26 -27 -28 -29 -30 -31
leaf_value=-0.045668254988210921 0.046380135902598894 -0.010612897545224638 -0.059720689224206702 -0.05490019075693077 -0.053582547813641759 -0.066836547484134007 -0.0091425264219540513 0.063539407694646097 -0.044931623459816106 0.019727767767772263 -0.076134050421938937 -0.0075207840200866728 0.0013582278815126277 0.059449255542863434 0.047101547915050654 -0.048665250608797103 -0.062460006432517784 0.048168155365328306 0.048596270894228535 0.0024113881841051434 0.066489166212806899 0.05289385041300302 0.015557887626017586 -0.048310179970791053 0.020814828355870202 0.04385739475029396 -0.060053327513187295 -0.0741733541017566 -0.049765633030812995 0.044609027851557584
leaf_weight=9.5799541473388654 21.855735771358013 7.1258342079818249 0.9523371234536232 18.822601575404406 7.5254700183868399 18.115214347839355 5.5133482888340977 18.970168339088559 14.346428208053114 6.8398136422038069 3.4851982221007338 89.501466993242502 8.7179914489388519 4.978713057935237 7.0945467576384535 4.5747185796499252 1.9608669318258751 19.572397209703922 20.374117061495781 264.82093870453537 12.022862032055853 8.2175879701972026 9.2430750839412195 10.52046128362417 4.1390926204621783 5.9608885198831576 10.488071888685225 5.1460383087396613 17.366958282887936 6.4752477779984492
leaf_count=112 628 56 7 221 90 96 38 236 136 34 17 408 47 35 127 21 13 269 414 1434 125 49 78 49 23 28 84 18 131 39
internal_value=2.62192e-06 -0.0016258 0.000409614 -0.0317181 -0.0105486 0.0011794 -0.00263346 0.00748843 0.000794225 0.00209209 0.0269184 -0.00148444 0.00598634 -0.0004231 -0.00350902 -0.02586 0.0275073 0.0337432 0.0437594 0.00293755 0.0167293 -0.00207959 -0.02123 0.000774634 -0.0287929 0.0141978 -0.0425118 -0.0351504 -0.0280837 0.0059932
internal_weight=644.308 622.452 583.018 39.4348 20.6122 573.438 357.427 216.011 339.312 197.04 24.8117 172.229 131.826 101.575 96.596 40.4028 30.2513 28.2904 21.3265 323.31 43.83 31.8071 23.5895 279.48 14.6596 13.0867 16.0014 33.563 28.4169 11.05
internal_count=5063 4435 4040 395 174 3928 2112 1816 2016 1580 438 1142 899 570 535 243 329 316 421 1894 388 263 214 1506 72 84 122 209 191 60
is_linear=0
shrinkage=0.05


Tree=52
num_leaves=31
num_cat=0
split_feature=0 1 4 6 5 6 3 3 3 5 0 5 2 4 3 3 0 1 6 0 6 1 2 4 0 0 2 2 5 1
split_gain=18.3252 14.2027 7.79509 7.41695 8.30065 5.37789 5.69015 29.0221 24.3821 11.5511 6.9788 16.3636 10.8718 6.69597 7.07704 9.55146 6.7921 6.23806 6.1722 5.37697 4.99943 4.99619 4.566 4.52163 12.337 7.19546 7.00334 7.51595 5.81448 4.26076
threshold=0.19676597085561209 1.3548067913565098 -1.1980381072652599 -0.84095554109077597 -0.88992128970837792 -0.85061938581651642 -0.24578499939545764 -0.15374285239996058 -0.33782723843310175 -0.79516225884486869 -0.46265158438555704 0.12335412001622294 -0.84177820408703419 0.59476726376210587 -1.1662064693504284 -1.0741643223549311 -0.21963125476469939 -1.4718732957946667 3.047394467177694 -0.42385142197759129 0.65680428090989029 0.10300809933264046 0.85157337917873976 -0.66729479009757864 -0.45557937764461048 -0.15282190267858006 0.024024123639265985 -1.2022116864321746 -0.33463611165396884 -0.56286737773942452
decision_type=2 2 2 2 2 2 2 2 2 2 2 2 2 2 2 2 2 2 2 2 2 2 2 2 2 2 2 2 2 2
left_child=1 2 19 4 -3 -4 8 -8 10 -9 11 -7 17 14 16 -16 21 -12 20 -1 -15 -14 -17 26 -25 29 27 -11 -27 -26
right_child=-2 3 5 -5 -6 6 7 9 -10 23 12 -13 13 18 15 22 -18 -19 -20 -21 -22 -23 -24 24 25 28 -28 -29 -30 -31
leaf_value=-0.052670940087698674 0.045959064320584879 0.013523971591635014 0.079728461481521032 -0.054288869705765186 -0.053407020963481877 0.044741636275769513 -0.066397531852594324 -0.041570809260136274 0.062843276008466439 -0.040858564975637675 0.026851466208148607 -0.075030307100428573 -0.0099102407745044543 0.0012904556380337658 -0.077395249731830359 -0.0091284562615300147 0.070032263448910143 -0.032179429850524556 -0.058620421306999383 0.0041873206538265168 0.046998516972058632 0.052078067995836669 0.022151229703432793 0.048616594708804466 -0.0055251156192427939 -0.033632565388597428 -0.098029258355599405 0.032626729453544272 0.057844272290368849 0.0071358597495505584
leaf_weight=11.446391947567465 20.975519403815269 13.050401803106071 2.1846668049693099 18.101190250366926 7.1813810691237441 20.245359119027857 17.068100120872259 15.561127174645661 18.239797774702311 7.9835248067975053 5.1587770655751219 3.3192918598651877 11.462686836719515 8.71707727015019 4.5873210430145255 60.165933962911367 6.0043435841798773 33.784044362604618 1.9842117428779591 6.5302554219961158 19.069434404373169 4.5372253581881514 14.473294056951998 14.721055340021847 151.70510236918926 2.1398755200207225 2.6057364456355563 6.1676740050315866 9.2293427567929012 118.24188190326095
leaf_count=154 628 84 17 221 90 417 92 122 236 72 27 16 52 47 16 267 73 214 13 36 269 26 136 168 734 20 18 41 166 591
internal_value=9.01778e-07 -0.00156488 0.000391966 -0.0310369 -0.0102335 0.00143351 0.00112651 -0.00282963 0.00758012 0.00047467 0.00237112 0.0278707 -0.00116467 0.00573047 -0.00039976 -0.00736695 0.0246857 -0.0243596 0.0265754 -0.0320164 0.0326592 0.00766829 -0.00306301 0.00256638 0.00399663 0.0016617 -0.0227012 -0.00883065 0.0406268 2.06309e-05
internal_weight=636.642 615.667 577.334 38.333 20.2318 559.357 557.172 345.423 211.749 328.355 193.509 23.5647 169.944 131.002 101.231 79.2265 22.0043 38.9428 29.7707 17.9766 27.7865 15.9999 74.6392 312.794 296.037 281.316 16.7569 14.1512 11.3692 269.947
internal_count=5063 4435 4040 395 174 3850 3833 2024 1809 1932 1573 433 1140 899 570 419 151 241 329 190 316 78 403 1810 1679 1511 131 113 186 1325
is_linear=0
shrinkage=0.05


Tree=53
num_leaves=31
num_cat=0
split_feature=0 1 4 6 5 2 4 6 5 5 4 2 5 6 2 6 4 2 6 1 0 2 2 5 4 2 4 2 4 6
split_gain=17.261 13.2265 7.29979 6.82061 7.45934 4.66686 9.56977 9.68522 7.65912 5.78527 8.07255 5.62666 6.05575 7.56943 5.78966 5.32618 4.99479 8.97001 6.84922 6.13604 5.9267 9.0924 7.67284 6.99232 5.99007 5.18087 4.91234 4.90434 5.35233 7.02341
threshold=0.050524901405908443 1.3548067913565098 -1.2084236672821309 -0.84095554109077597 -0.88992128970837792 0.97837290288751211 -0.093497153620987011 0.42672311014381181 1.6724426746176546 -0.39203097380639984 0.16650340050263726 0.68286303115078406 -1.166225746299419 0.97407783099018419 0.60361343170493675 -0.25617043574329673 0.050414532736126907 -1.2294918527492065 0.97407783099018419 0.088103950994934441 -0.31776246500554212 0.52390654656616109 -0.34296264902756451 -0.32454134060283718 -0.082554548656509893 1.0000000180025095e-35 0.18831013365909852 -0.24923470330144984 -0.57967197018192596 -0.071441279943650807
decision_type=2 2 2 2 2 2 2 2 2 2 2 2 2 2 2 2 2 2 2 2 2 2 2 2 2 2 2 2 2 2
left_child=1 2 -1 4 -3 11 -7 8 9 -8 -11 12 13 -4 16 -12 18 -18 20 -19 27 22 -22 25 -25 -24 -13 28 -14 -30
right_child=-2 3 5 -5 -6 6 7 -9 -10 10 15 26 14 -15 -16 -17 17 19 -20 -21 21 -23 23 24 -26 -27 -28 -29 29 -31
leaf_value=-0.044698841530938116 0.042259358304679313 0.011481978489830664 -0.053391544300858823 -0.055003092760934458 -0.053240323401323265 0.052954314190284971 -0.06849491732823039 0.041791440835375511 0.060070732835205171 0.02066127284543659 -0.051215443534236182 -0.043668265888790428 -0.019362485633655006 0.0048467883412999175 0.040024856873210585 -0.0040589867503724028 0.040323285480188938 0.0076520039628168671 -0.055189730680196197 -0.018532869737325444 0.057083821559358178 -0.037340388415904695 -0.015246763974055243 -0.0032993384199473171 0.045594507440794893 0.050588270886402845 0.014418872832455701 -0.030346026844732268 0.013924998462489497 -0.0274052844237915
leaf_weight=8.89967482537031 23.271863482892513 12.708581462502481 11.521363850682976 16.272724773734808 6.8519894108176223 12.252405209466813 4.0606124326586643 13.747984094545243 4.0678594764322034 16.863677773624666 10.495473161339754 13.447006225585939 40.293867852538817 10.818243589252232 9.5378199145197851 13.942229792475706 18.197362422943115 134.29549499414861 6.3307900838553897 26.845499116927385 7.8100327476859084 11.525971367955206 3.8854040354490307 84.677957832813263 6.7645887136459342 12.943018049001692 4.9905140884220591 24.581825688481331 44.478208564221859 13.368504423648124
leaf_count=112 688 77 94 212 90 272 23 224 45 108 47 68 295 154 68 70 361 750 24 153 45 56 17 401 39 85 35 94 291 65
internal_value=1.18684e-06 -0.00162035 0.000229962 -0.0310865 -0.01119 0.000941766 0.0125135 0.00467062 -0.00565384 -0.0115477 -0.00594887 -0.000853083 0.000214552 -0.0251889 0.0014883 -0.0243117 0.000645286 0.00704748 -0.00382817 0.0032897 -0.00252925 0.00501551 0.00922113 0.0057686 0.000317651 0.0353881 -0.0279457 -0.0103743 -0.00537187 0.00437348
internal_weight=629.749 606.477 570.643 35.8333 19.5606 561.744 75.4302 63.1778 49.4299 45.362 41.3014 486.313 467.876 22.3396 445.536 24.4377 435.999 179.338 256.66 161.141 250.329 127.607 116.081 108.271 91.4425 16.8284 18.4375 122.722 98.1406 57.8467
internal_count=5063 4375 3996 379 167 3884 789 517 293 248 225 3095 2992 248 2744 117 2676 1264 1412 903 1388 643 587 542 440 102 103 745 651 356
is_linear=0
shrinkage=0.05


Tree=54
num_leaves=31
num_cat=0
split_feature=0 1 4 2 4 6 5 2 2 5 6 4 2 1 1 1 4 5 3 5 2 4 2 4 0 0 1 0 4 6
split_gain=16.3024 12.3661 6.19324 4.97276 9.49892 8.74826 7.03909 4.99469 5.61142 4.85254 6.855 4.81997 4.79507 6.79177 4.65632 4.58654 4.99542 4.32644 8.56338 7.16578 6.78285 6.84045 6.55108 9.4349 6.9781 8.20626 6.77832 8.536 8.02214 7.53371
threshold=0.19676597085561209 1.2779195046795269 -1.2075260891967436 0.97837290288751211 -0.093497153620987011 0.42672311014381181 1.6724426746176546 0.68286303115078406 0.60361343170493675 -1.166225746299419 0.97407783099018419 0.087454868667301192 -1.2447321691274367 1.9668001027168092 -0.79169611427910169 -0.21613842206358094 0.18831013365909852 -0.011552942454124868 -0.89008012040608409 1.8280011956171804 0.31008490777959319 -0.70443532405077514 -1.2294918527492065 -0.71429256722425694 -0.43145538629536023 -0.4160646039992591 -0.48726836259587936 -0.31211158294526803 0.65903693769190641 -0.64835919902144268
decision_type=2 2 2 2 2 2 2 2 2 2 2 2 2 2 2 2 2 2 2 2 2 2 2 2 2 2 2 2 2 2
left_child=1 2 -1 7 -5 6 11 8 9 10 -4 -6 13 -3 -7 16 -9 20 19 -19 22 -22 23 -11 -24 -26 27 -27 29 -28
right_child=-2 12 3 4 5 14 -8 15 -10 17 -12 -13 -14 -15 -16 -17 -18 18 -20 -21 21 -23 24 -25 25 26 28 -29 -30 -31
leaf_value=-0.040799334973081879 0.045130869829839264 -0.03097881591033912 -0.052540167541872074 0.052576232837994785 0.015409539924643327 -0.0012012873555016378 0.059501818277616074 -0.029928665504716258 0.037915020911407971 -0.020998452903601111 0.0042642553472895346 -0.020997012108922679 -0.041797633472209932 0.037253280522033097 0.061560297320586058 -0.068556763337108639 0.038510666090178142 -0.039432916652008487 -0.00020955757630488123 0.024493243522353405 -0.052718777913218988 0.044823364842965105 -0.023440732074110723 0.040240808924035865 0.058222032172315502 -0.032113916442521755 0.049544719054543759 0.012303123811429242 0.080131044025691239 -0.0010666435706983498
leaf_weight=8.9446683116257173 19.388828027993441 10.214340683072804 10.512237738817932 12.686449244618414 12.766072224825619 4.4099447075277558 3.9055251963436595 9.9030222967267054 9.7033287808299047 8.6350701227784175 10.734437201172112 31.58269751444459 24.810685124248266 5.6724633127450934 8.9589504208415729 4.7596278041601172 3.6485782302916041 25.502412501722578 209.81804074719548 5.2937187105417243 2.0090233273804214 17.061807280406356 28.863483436405659 23.154669208452106 6.6007659398019305 26.480814576148987 8.7166354767978103 18.28607852011919 4.0032208338379851 46.993885427713401
leaf_count=115 628 121 87 302 86 48 45 49 74 74 152 154 293 28 176 24 28 104 1076 26 23 145 190 464 44 107 55 86 38 221
internal_value=8.02761e-07 -0.00144639 0.000474531 0.00113973 0.0131771 0.00506596 -0.00485008 -0.000721155 0.000293129 -0.000513331 -0.0238409 -0.0105172 -0.0280641 -0.0066162 0.0408574 -0.0263325 -0.0115023 0.000635513 -0.00382331 -0.0284443 0.00625829 0.0345478 0.00311679 0.0236063 -0.00153759 0.00415374 0.000737869 -0.0139707 0.0117648 0.00685216
internal_weight=624.021 604.633 563.935 554.99 74.3096 61.6232 48.2543 480.681 462.37 452.666 21.2467 44.3488 40.6975 15.8868 13.3689 18.3112 13.5516 431.42 240.614 30.7961 190.805 19.0708 171.735 31.7897 139.945 111.081 104.481 44.7669 59.7137 55.7105
internal_count=5063 4435 3993 3878 811 509 285 3067 2966 2892 239 240 442 149 224 101 77 2653 1206 130 1447 168 1279 538 741 551 507 193 314 276
is_linear=0
shrinkage=0.05


Tree=55
num_leaves=31
num_cat=0
split_feature=0 1 6 5 4 0 1 2 4 5 6 5 5 5 6 4 6 0 5 3 1 2 0 1 6 5 4 6 0 6
split_gain=15.3355 11.5526 6.93072 7.4163 6.50868 5.18025 4.82448 4.23016 9.32529 8.54012 8.5714 5.17221 8.37114 5.35882 5.09192 5.08347 4.9882 10.5275 6.72463 5.75671 5.4111 4.50249 11.2061 4.33288 4.33213 4.4056 3.94321 3.93148 4.09936 3.76397
threshold=0.19676597085561209 1.3548067913565098 -0.84095554109077597 -0.88992128970837792 -1.1980381072652599 -0.42385142197759129 -1.7995094254806314 0.97837290288751211 -0.093497153620987011 1.4747669837982287 1.0762968083004807 -0.39203097380639984 0.20969313362491748 0.91608359588794719 -0.85061938581651642 0.1232486851496823 -0.61865989030092794 -0.46382645497508307 -1.166225746299419 -1.4423330023790664 0.25991769633748146 -0.1835489244709618 -0.39768386775305642 -1.0473081786632019 -0.32161235890014156 1.1750349452891977 -0.73692120443548736 1.17976800211045 -0.44504841469390521 -0.19957569437762271
decision_type=2 2 2 2 2 2 2 2 2 2 2 2 2 2 2 2 2 2 2 2 2 2 2 2 2 2 2 2 2 2
left_child=1 4 3 -3 5 -1 -6 14 -9 10 11 -10 -13 -14 -8 -15 20 19 27 -18 21 22 -16 -21 -17 -26 -25 -19 -29 -20
right_child=-2 2 -4 -5 6 -7 7 8 9 -11 -12 12 13 15 16 24 17 18 29 23 -22 -23 -24 26 25 -27 -28 28 -30 -31
leaf_value=-0.052379850779900754 0.044691741285995762 0.01287482030611584 -0.053090658196651291 -0.053032148686954383 0.042724187629158486 0.004896278528912828 0.074264686621738393 0.0522427125541019 -0.067608645871801917 0.046741301138799957 0.045617934009592957 0.038407966171737612 -0.048282260943512734 0.03380071108020577 -0.021381676406555875 -0.060933595780429221 -0.025083615922507702 -0.057086942644317989 0.0045630169663070635 -0.015171943577093403 -0.051651543096993047 -0.022064529519024711 0.049555982667977477 -0.047098868875355686 -0.036802713201621741 0.026840310597259661 0.052061594137677428 -0.048529836555523967 0.025436574421446902 -0.0056780307960396514
leaf_weight=10.28585170954466 18.619902115315199 12.983775641769173 16.245069816708565 6.3588635101914397 6.9386635534465304 6.4064922109246245 2.2373555749654761 12.001572312787173 3.885668620467178 9.8256223574280721 7.4055648092180482 8.0436741150915676 10.331641390919687 6.1837579756975201 13.563861686736344 4.5328306630253747 4.0855834670364883 8.3337639048695547 193.89053224399686 3.2069426216185155 8.5500390380620939 28.230624597519636 9.4431206248700637 1.0546929612755835 5.0885282158851641 5.8400046601891518 20.28469414263963 3.3642653077840805 4.2265252508223048 166.99986123852432
leaf_count=154 628 84 221 90 52 36 17 297 23 108 165 55 46 39 107 16 30 75 984 33 61 139 60 7 23 38 488 29 46 912
internal_value=3.66508e-06 -0.00138354 -0.0290134 -0.008792 0.000359124 -0.0303974 0.00129675 0.000765037 0.0119468 0.00403649 -0.00414102 -0.0125338 -0.00718643 -0.0186556 -0.000984417 -0.0045142 -0.0013463 0.000641833 -0.00157906 0.0298702 -0.0148287 -0.00868406 0.00773439 0.039017 -0.0198382 -0.00279307 0.0471606 -0.0333766 -0.0073456 -0.000175966
internal_weight=618.449 599.829 35.5877 19.3426 564.242 16.6923 547.549 540.611 73.1389 61.1373 51.3117 43.9061 40.0204 31.9768 467.472 21.6451 465.235 405.447 376.815 28.6319 59.7876 51.2376 23.007 24.5463 15.4614 10.9285 21.3394 15.9246 7.59079 360.89
internal_count=5063 4435 395 174 4040 190 3850 3798 810 513 405 240 217 162 2988 116 2971 2604 2046 558 367 306 167 528 77 61 495 150 75 1896
is_linear=0
shrinkage=0.05


Tree=56
num_leaves=31
num_cat=0
split_feature=0 1 6 5 4 3 3 3 5 0 5 2 5 4 5 0 6 6 0 0 2 3 3 3 3 4 2 4 3 3
split_gain=14.4247 10.7108 6.64039 7.0096 6.1398 4.47261 27.693 23.3189 9.48865 5.279 14.1819 9.60659 5.74794 5.7001 6.34037 6.45583 5.8324 4.33658 4.3293 7.51124 3.85284 3.82027 6.39582 33.5346 21.0509 7.07995 7.81051 7.129 6.48495 24.0419
threshold=0.19676597085561209 1.3548067913565098 -0.84095554109077597 -0.88992128970837792 -1.2084236672821309 -0.24578499939545764 -0.15374285239996058 -0.33782723843310175 -0.79516225884486869 -0.46265158438555704 0.12335412001622294 -0.84177820408703419 -0.3155233992441186 0.59476726376210587 1.9363996917143325 -0.15496332206069161 3.047394467177694 0.65680428090989029 -0.4358445192622965 -0.45742541260561659 1.8898960730662877 1.0000000180025095e-35 0.30646788257752478 0.39851002957302184 0.21442564353988061 -0.30451138525780075 0.21292240435448043 -0.16502873174825422 0.85872076455050717 0.95076291154600423
decision_type=2 2 2 2 2 2 2 2 2 2 2 2 2 2 2 2 2 2 2 2 2 2 2 2 2 2 2 2 2 2
left_child=1 4 3 -3 -1 7 -7 9 -8 10 -6 12 -11 14 15 -13 17 -15 19 -14 -2 -10 24 -24 25 26 -23 -27 -25 -30
right_child=20 2 -4 -5 5 6 8 -9 21 11 -12 13 18 16 -16 -17 -18 -19 -20 -21 -22 22 23 28 -26 27 -28 -29 29 -31
leaf_value=-0.043114687309317903 0.04852744223887212 0.012181702476138022 -0.05241236444319608 -0.052884963155355381 0.04156588187785832 -0.065575862849041613 -0.039622171623105065 0.062395006882467879 -0.012831883251433893 -0.043102270302638003 -0.072319179635624467 -0.0067404406502084005 -0.032302497400721421 0.0020408474037992767 0.055865328399973581 0.045302112310954691 -0.058954644029339379 0.045335722782609923 -0.035760018598278723 0.046181423242665325 -0.081521513262689624 -0.049753216665990363 -0.072354893376942828 0.014236210164572466 0.068482855390135253 0.06447169968570568 0.024371044913009884 0.0053230412507410908 -0.067870670279374656 0.0061551020528673762
leaf_weight=8.0109441652894002 17.297053458169106 13.035048548132183 15.64776950702071 6.0651475712656966 18.607811206951741 16.561581540852785 13.988535713404415 17.290925649926066 36.191980976611376 18.720919825136662 3.2043901085853568 88.047739766538143 5.2481335774064073 8.5809910930693203 4.7700279559940091 6.3915958963334552 1.9241083450615395 17.743194580078125 7.0223013311624518 7.2736141681671151 0.58890716917812724 10.694876689463856 14.868744246661661 102.09477853029966 15.70143994130194 6.0001192428171626 5.3224791623651972 33.741442827507854 12.723093677312134 79.531133217737079
leaf_count=112 608 84 221 90 421 96 122 236 186 151 17 408 25 47 35 127 13 269 28 39 20 46 57 642 141 40 36 171 57 518
internal_value=3.38711e-06 -0.00132654 -0.0282636 -0.00847981 0.000344137 0.000974556 -0.00248045 0.00683485 0.000677874 0.00171214 0.0248352 -0.00133129 -0.0233021 0.00526472 -0.00037747 -0.00321823 0.0250804 0.0312227 -0.00433583 0.0132871 0.0442455 0.00245696 0.00442838 1.72723e-05 0.017343 0.00294222 -0.0251221 0.0142532 0.00555413 -0.00405404
internal_weight=612.891 595.005 34.748 19.1002 560.257 552.246 347.42 204.826 330.859 187.535 21.8122 165.723 38.265 127.458 99.2094 94.4393 28.2483 26.3242 19.544 12.5217 17.886 316.87 280.678 209.218 71.4604 55.7589 16.0174 39.7416 194.349 92.2542
internal_count=5063 4435 395 174 4040 3928 2112 1816 2016 1580 438 1142 243 899 570 535 329 316 92 64 628 1894 1708 1274 434 293 82 211 1217 575
is_linear=0
shrinkage=0.05


Tree=57
num_leaves=31
num_cat=0
split_feature=0 1 6 5 4 1 3 3 3 5 0 5 2 1 3 3 6 1 0 1 4 2 2 6 6 2 4 0 4 6
split_gain=13.5978 10.0637 6.21255 6.29952 5.71039 4.28134 4.04894 26.0227 22.0482 8.69016 4.97464 13.2018 8.68933 5.75896 5.5576 11.6339 5.97544 6.78434 5.13833 4.70864 4.34653 3.90464 3.83419 3.77203 3.73165 3.72968 14.3472 10.8682 6.46258 4.82927
threshold=0.050524901405908443 1.3548067913565098 -0.84095554109077597 -0.88992128970837792 -1.2084236672821309 1.909287300303766 -0.24578499939545764 -0.15374285239996058 -0.33782723843310175 -0.79516225884486869 -0.46265158438555704 0.12335412001622294 -0.84177820408703419 -1.2632074522153121 -1.1662064693504284 -1.0741643223549311 1.3453600231433482 0.012906320873580865 -0.21963125476469939 0.10300809933264046 -1.0000000180025095e-35 1.9618303968521664 -1.2447321691274367 0.97407783099018419 -0.67389352677565262 -1.0676396928124032 -0.19161203774475136 -0.43380396045593289 -0.58544351638749659 0.70558628020151504
decision_type=2 2 2 2 2 2 2 2 2 2 2 2 2 2 2 2 2 2 2 2 2 2 2 2 2 2 2 2 2 2
left_child=1 4 3 22 -1 21 8 -8 10 23 11 24 13 -12 18 -16 -17 -18 19 20 -14 -2 -3 -9 -6 26 27 28 -11 -27
right_child=5 2 -4 -5 6 -7 7 9 -10 25 12 -13 14 -15 15 16 17 -19 -20 -21 -22 -23 -24 -25 -26 29 -28 -29 -30 -31
leaf_value=-0.042466350217725518 0.048358462413257142 0.034227383745717967 -0.053755346940196229 -0.052745025761434278 -0.059557560878557098 -0.089487673563534778 -0.064971837858399939 -0.050747083412021998 0.061841620141709255 -0.042580272820461819 0.019133873791475089 -0.071050420527688049 -0.025317997989202867 -0.03176049167861749 -0.074738220054768892 -0.0019341509433228148 0.049103840120955221 -0.043422537551846149 0.069046276803652051 0.049587478090880793 0.029040304671828006 -0.083222173771687211 -0.021230310266385385 0.017487424269280048 0.045738121483046616 0.0016866843627878906 0.065011759639154912 0.047719750534026731 0.012897536798360794 -0.02813424953781244
leaf_weight=7.7336602583527556 18.976466480642564 7.1965928003191948 13.888290297240017 5.7842670679092398 0.88463880866766587 0.61542662978172202 15.896605636924503 11.232890214771031 16.483708027750254 12.947021469473841 6.7833510264754286 3.1011531315743914 8.3405419290065783 30.778582885861397 5.0264320224523535 80.32595651037991 11.673067532479761 2.3861161470413199 5.3181996848434201 6.51947122439742 6.5776960887014893 0.58108077570795913 5.4974941611289996 2.4709051661193362 17.228113073855639 259.12826090492308 11.041731789708136 8.1106250286102313 8.8291571736335737 14.326836962252854
leaf_count=112 667 43 212 90 7 2 96 105 231 136 34 17 32 209 18 442 197 14 66 47 65 19 34 17 414 1413 125 49 78 72
internal_value=1.72029e-06 -0.00138887 -0.0284878 -0.00949675 0.000196793 0.040363 0.000801736 -0.00249488 0.00643149 0.000532273 0.00149287 0.0242745 -0.00145887 -0.0225694 0.00482605 -0.000618116 0.00332911 0.0334003 0.0250538 0.0141403 -0.00135053 0.044449 0.01021 -0.0384438 0.0405954 0.00223122 0.0163081 -0.00168557 -0.0200868 0.000124308
internal_weight=605.684 585.511 32.3666 18.4784 553.145 20.173 545.411 343.984 201.427 328.087 184.943 21.2139 163.729 37.5619 126.167 99.4116 94.3851 14.0592 26.7559 21.4377 14.9182 19.5575 12.6941 13.7038 18.1128 314.384 40.9285 29.8868 21.7762 273.455
internal_count=5063 4375 379 167 3996 688 3884 2091 1793 1995 1562 438 1124 243 881 671 653 211 210 144 97 686 77 122 421 1873 388 263 214 1485
is_linear=0
shrinkage=0.05


Tree=58
num_leaves=31
num_cat=0
split_feature=0 1 3 3 3 3 3 3 5 2 4 5 0 0 0 4 0 1 4 4 1 3 0 2 0 3 0 3 3 3
split_gain=12.8417 9.41116 5.07107 20.255 13.7479 9.07527 27.4918 13.9956 7.10212 11.6063 14.5638 6.72414 12.5985 8.17484 5.3896 10.277 7.07212 5.49363 10.0751 7.44095 5.08174 6.15933 5.78882 4.58206 9.76044 6.25173 7.10187 6.57364 6.51403 7.49562
threshold=0.19676597085561209 0.75961552443556102 1.2268893525324958 1.1348471134948515 1.3189314995279926 0.85872076455050717 0.76667852551286308 0.95076291154600423 -0.011552942454124868 0.28646240215302016 -0.66729479009757864 1.2102221417103725 -0.23317771871060625 -0.296143025443312 -0.46139035719728066 -0.71429256722425694 -0.45601644613842668 -0.48726836259587936 -0.058535751475405538 -0.46640686485422228 0.06472089210630276 0.39851002957302184 -0.29067397953638613 0.97837290288751211 -0.22896010285105647 0.30646788257752478 -0.42201092308645366 1.0000000180025095e-35 -0.24578499939545764 -0.52191153242409583
decision_type=2 2 2 2 2 2 2 2 2 2 2 2 2 2 2 2 2 2 2 2 2 2 2 2 2 2 2 2 2 2
left_child=1 2 3 5 -4 6 8 -7 9 14 -11 12 13 -10 15 -1 -16 18 -18 -19 21 22 -21 24 25 26 -13 28 29 -28
right_child=-2 -3 4 -5 -6 7 -8 -9 11 10 -12 23 -14 -15 16 -17 17 19 -20 20 -22 -23 -24 -25 -26 -27 27 -29 -30 -31
leaf_value=-0.049359027052785852 0.043478965128831738 -0.018155152639918206 -0.071000850635064852 0.073148520349315252 -0.001324805331980348 -0.06697078595208926 0.06583931837120123 0.00062488257071979976 -0.010383621282375324 -0.076735486246722717 0.043329375324603014 -0.039160475033233208 0.025212053381584998 -0.040283017868932909 -0.042150056027185454 0.040712442638865989 0.006222623964089056 -0.020586710015163854 -0.044640364785930205 0.033956362554335533 -0.0017748827785222278 0.08797385062964401 -0.039342049696535528 0.025978601154703313 -0.049836007972199135 -0.01645506360821079 0.0050269606175870176 0.046170538277471529 -0.025311170013623603 0.065963882022528786
leaf_weight=3.8613208755850819 16.51552383042872 71.994523219764233 8.7769319117069227 9.9869469180703145 36.60923620685935 12.067958794534205 16.787642195820808 20.953577771782875 78.259702114388347 2.7387167606502762 32.474021807312965 5.7274509854614726 18.745060781016946 32.294809514656663 10.380664221942423 17.609388029202819 26.524776991456747 13.680693551898001 15.382416587322949 19.971118729561567 14.841207209974526 4.5068419203162184 3.1136008948087754 19.657776210457087 9.0776346698403341 24.397115774452686 18.92521708458662 16.017989300191402 10.579418137669565 6.8813946098089209
leaf_count=35 628 779 44 102 243 59 161 124 419 29 408 36 173 133 104 423 123 61 68 142 78 26 12 225 37 109 84 96 47 55
internal_value=1.19852e-06 -0.00123083 0.00115442 0.00271006 -0.014799 0.00116553 0.00313884 -0.0240784 0.000543997 0.00853039 0.0339912 -0.0049366 -0.0126911 -0.0191177 0.0016271 0.0245139 -0.00290601 0.00125005 -0.0124471 0.0114795 0.0218179 0.0345082 0.0240701 0.00407485 -0.000625474 0.00478738 0.0137026 0.0194802 0.0077305 0.0212759
internal_weight=599.341 582.825 510.831 465.444 45.3862 455.458 422.436 33.0215 405.648 165.085 35.2127 240.564 129.3 110.555 129.872 21.4707 108.401 98.0207 41.9072 56.1135 42.4328 27.5916 23.0847 111.264 91.6062 82.5286 58.1315 52.404 36.386 25.8066
internal_count=5063 4435 3656 3369 287 3267 3084 183 2923 1509 437 1414 725 552 1072 458 614 510 191 319 258 180 154 689 464 427 318 282 186 139
is_linear=0
shrinkage=0.05


Tree=59
num_leaves=31
num_cat=0
split_feature=0 1 6 5 4 2 3 3 3 5 0 2 5 0 4 5 2 5 1 1 1 2 3 4 1 2 4 0 4 6
split_gain=12.0685 8.78516 6.2873 6.37125 5.25221 4.49979 3.83741 24.4691 20.4334 8.0555 4.6738 5.11535 11.2037 7.78196 5.13391 4.67089 3.70841 14.2983 7.42756 6.31574 5.6922 4.8712 5.78338 4.27528 3.54062 3.52416 13.2328 9.87266 5.86794 4.3846
threshold=0.19676597085561209 1.3548067913565098 -0.84095554109077597 -0.88992128970837792 -1.2084236672821309 1.9618303968521664 -0.24578499939545764 -0.15374285239996058 -0.33782723843310175 -0.79516225884486869 -0.15496332206069161 -1.2294918527492065 0.12335412001622294 -0.45780977284132413 0.80122844122339487 2.0589751712411388 0.28021387243794593 0.045484203462505902 -1.0473081786632019 0.48068473414009921 -0.70125156854479342 0.35717747014800766 -1.1662064693504284 -0.093497153620987011 0.33311807327612236 -1.0676396928124032 -0.19161203774475136 -0.43380396045593289 -0.58544351638749659 0.70558628020151504
decision_type=2 2 2 2 2 2 2 2 2 2 2 2 2 2 2 2 2 2 2 2 2 2 2 2 2 2 2 2 2 2
left_child=1 4 3 -3 -1 -2 8 -8 10 24 11 12 14 -13 -6 16 19 -18 -19 -15 23 -22 -23 -20 -9 26 27 28 -11 -27
right_child=5 2 -4 -5 6 -7 7 9 -10 25 -12 13 -14 15 -16 -17 17 18 20 -21 21 22 -24 -25 -26 29 -28 -29 -30 -31
leaf_value=-0.041705161346714224 0.047822075739150746 0.011933140033300536 -0.051260629757306511 -0.052567602291315935 0.0029760312013445991 -0.10422680550400831 -0.064496587565334884 -0.0042779959301682434 0.061103016811264177 -0.041398913168197868 0.044391910328632274 -0.047979370458136154 -0.063111153807478768 -0.0036740562552730186 0.057549181836020695 0.05991244892048312 0.055181464487447152 0.057384011551536308 -0.076518194255362104 -0.053364299358246353 0.0562227251812836 0.041919250265302258 -0.026033003095216063 -0.013750048984730093 -0.057762505879651142 0.0016574758390582379 0.064010190127944594 0.045805974469609004 0.012190974093892205 -0.026894780516973756
leaf_weight=7.3300901465117922 15.374610668048259 13.004863526672127 14.272864032536743 5.4259138479828826 6.7648843564093175 0.50249700993299562 15.117637552320955 4.9541672244667998 15.737940033897756 12.374340668320658 6.1977595500648013 9.0514180399477464 3.2311475016176692 86.528295822441578 11.873440641909836 3.1619074232876292 12.733541134744881 4.0255751162767366 5.2421467825770378 6.9050316251814357 3.3134953081607916 4.1025651022791889 13.225089840590952 5.6225690022110921 8.2424245551228505 257.62481772899628 10.578813856467603 8.0538363829255122 8.6990737318992597 14.186273194849489
leaf_count=112 613 84 221 90 85 15 96 38 236 136 131 81 20 424 345 23 212 36 17 46 17 39 74 30 84 1434 125 49 78 72
internal_value=4.58724e-06 -0.00117758 -0.026348 -0.0070555 0.000333147 0.0430099 0.000906388 -0.00231595 0.00644487 0.000578986 0.00171791 0.00021329 0.0228409 -0.00300189 0.0377416 -0.000191523 -0.00153271 0.00972155 -0.0065701 -0.00734633 -0.0147417 0.000677355 -0.00994435 -0.0440352 -0.0376837 0.00219988 0.0161142 -0.00128128 -0.0192771 0.000167286
internal_weight=593.459 577.582 32.7036 18.4308 544.878 15.8771 537.548 339.831 197.717 324.714 181.979 175.781 21.8695 153.912 18.6383 144.86 141.698 48.265 35.5314 93.4333 31.5059 20.6412 17.3277 10.8647 13.1966 311.517 39.7061 29.1273 21.0734 271.811
internal_count=5063 4435 395 174 4040 628 3928 2112 1816 2016 1580 1449 450 999 430 918 895 425 213 470 177 130 113 47 122 1894 388 263 214 1506
is_linear=0
shrinkage=0.05


Tree=60
num_leaves=31
num_cat=0
split_feature=0 1 6 5 4 0 1 1 2 4 2 5 5 0 3 2 5 4 3 4 2 1 5 1 0 6 4 3 2 5
split_gain=11.3988 8.26901 5.91495 5.73338 4.94093 4.67529 4.30171 4.08928 3.44955 3.69343 3.39778 3.35002 6.13147 10.4462 6.07822 7.42678 6.07702 5.36244 6.59584 7.42162 11.0482 12.5245 8.92752 8.78328 7.91214 8.66462 7.2276 6.31476 5.61685 5.27656
threshold=0.050524901405908443 1.3548067913565098 -0.84095554109077597 -0.88992128970837792 -1.1980381072652599 -0.42385142197759129 -1.7995094254806314 1.909287300303766 -1.2447321691274367 -1.1774996148071211 1.9618303968521664 1.2746346602122036 -0.011552942454124868 -0.23317771871060625 -1.2582487083880722 -0.41123926640203518 0.88734944934584081 -1.1859337657937006 0.85872076455050717 -0.46640686485422228 0.28021387243794593 -0.77427946276305482 -0.070097782078057433 -0.74502950012727387 -0.46382645497508307 -0.34031394010178562 0.096682896289902384 0.95076291154600423 0.52390654656616109 -0.76720904743073381
decision_type=2 2 2 2 2 2 2 2 2 2 2 2 2 2 2 2 2 2 2 2 2 2 2 2 2 2 2 2 2 2
left_child=1 4 3 8 5 -1 -6 10 9 -3 -2 12 17 14 -14 -16 -17 -8 19 23 21 -21 24 -19 -23 26 -26 -20 -25 -29
right_child=7 2 -4 -5 6 -7 11 -9 -10 -11 -12 -13 13 -15 15 16 -18 18 27 20 -22 22 -24 28 25 -27 -28 29 -30 -31
leaf_value=-0.051989911791632648 0.047695313334248757 -0.0049062912074257243 -0.052843321269957937 -0.052443217289835635 0.040918196268735503 0.0048199111214860986 0.08526364490989545 -0.090163921398645458 -0.020116058812257961 0.066571601025768215 -0.069000175749819509 0.007684843279914433 -0.055761511192484237 0.019829753708932491 0.0090304401179860227 -0.028683176291926873 -0.0045658022647478086 0.028569428417141475 -0.063889096500775289 -0.03734440141886209 0.039414764196902367 0.042879557899927451 0.081537130912854333 -0.017094417522979289 0.041444793410286521 -0.0094699480254235354 -0.028447506574766874 -0.059327830612785376 -0.084246953789410009 0.00057661866787576184
leaf_weight=8.654115963727234 16.89812568761409 3.4447075426578522 12.586413994431494 5.1732214391231564 6.6633105352520934 6.2278716005384913 2.0015011914074412 0.59253427386283775 5.4292177632451075 3.8020550608634949 0.64768186211585899 123.14361901581287 8.224584184587 27.007595142349601 33.398442493751645 59.030754916369915 46.849991921335459 10.32235564291477 5.7929692640900603 14.92446827329695 30.140444463118911 14.099778408184646 4.3979365173727265 27.812535673379902 18.460126806050535 51.081270705908544 4.6258144862949839 4.2259913012385359 3.5065154433250418 28.243838157504797
leaf_count=154 667 23 212 90 52 36 15 2 34 20 19 775 36 251 206 272 231 81 32 86 382 409 34 179 104 365 24 44 30 198
internal_value=4.57873e-06 -0.0012387 -0.0265943 -0.00808477 0.000193488 -0.0282159 0.00100041 0.0390248 0.0100185 0.032595 0.0433876 0.000486219 -0.00176285 -0.00875906 -0.0139936 -0.0115272 -0.0180117 0.00379598 0.00304676 0.00706701 0.0126593 0.00516397 0.0120103 -0.0114297 0.0085461 0.00201904 0.0274402 -0.0157997 -0.0246129 -0.00722002
internal_weight=587.41 569.271 30.4356 17.8492 538.836 14.882 523.954 18.1383 12.676 7.24676 17.5458 517.291 394.147 174.511 147.504 139.279 105.881 219.636 217.634 179.371 137.73 107.589 92.6649 41.6414 88.267 74.1672 23.0859 38.2628 31.3191 32.4698
internal_count=5063 4375 379 167 3996 190 3806 688 77 43 686 3754 2979 996 745 709 503 1983 1968 1694 1404 1022 936 290 902 493 128 274 209 242
is_linear=0
shrinkage=0.05


Tree=61
num_leaves=31
num_cat=0
split_feature=0 1 4 2 1 6 2 2 0 6 2 5 2 6 6 5 0 2 2 4 3 5 3 6 0 1 0 6 0 6
split_gain=10.7384 7.6713 4.10907 4.08142 5.17935 4.16188 3.72412 3.37798 8.65586 9.2601 6.75532 6.0581 4.93637 4.58626 4.54088 3.83312 5.40511 3.94063 4.79043 5.98149 6.15267 4.81693 4.30776 3.71347 3.32473 6.43721 6.42545 7.84486 7.95208 6.18468
threshold=0.19676597085561209 1.2779195046795269 -1.2084236672821309 -1.2447321691274367 1.9857585475218218 -0.85067383001215435 1.9618303968521664 0.90994376042672809 -0.17231209418310087 0.26012387149161126 0.68286303115078406 1.6724426746176546 0.60361343170493675 -0.33018731971312248 0.057455353229252805 -1.166225746299419 -0.46382645497508307 0.5557588230369781 0.42743532865164818 0.18831013365909852 -0.52191153242409583 0.47619257875424831 -0.15374285239996058 -0.33465174375543633 -0.28060790940264996 0.33311807327612236 -0.39141617558768144 -0.61865989030092794 -0.43380396045593289 -0.69365676979223723
decision_type=2 2 2 2 2 2 2 2 2 2 2 2 2 2 2 2 2 2 2 2 2 2 2 2 2 2 2 2 2 2
left_child=1 2 -1 4 -3 -5 -2 10 9 11 12 -9 15 -12 -15 16 -4 18 24 20 -20 22 -22 -19 26 -26 27 28 -17 -28
right_child=6 3 7 5 -6 -7 -8 8 -10 -11 13 -13 -14 14 -16 17 -18 23 19 -21 21 -23 -24 -25 25 -27 29 -29 -30 -31
leaf_value=-0.039645178802775821 0.0473609765950238 -0.018308861348326644 0.034660193895786832 0.022317547452362328 0.056977517628130914 -0.046164028660062181 -0.081109158868190367 -0.013185759462155354 0.047613227775566695 0.037471505079686045 -0.073314545668745373 0.059034490350831637 0.03655293856140069 0.029553162153215896 -0.049099235720128059 -0.035922885115422874 -0.035816768933292407 -0.044578941266007061 -0.047533994751056685 0.055600246915733703 -0.0035074151336063515 -0.0046908988686401518 0.071454274515742003 0.015530677403294847 0.004495033604879183 0.054860267821069786 0.036573435036939633 0.012059554477793107 0.030816975778726552 -0.010276955129892873
leaf_weight=6.3300065733492366 14.096464272588488 11.264906151220201 3.3293523695319918 2.5248319022357455 2.8655760735273352 18.292881593108181 0.58761855959892351 42.576617125421762 13.133106402121483 14.608153283596037 5.1251614093780518 3.1162789463996878 9.1926025785505754 3.4980418533086759 3.8601077720522881 18.189216446131471 14.876644343137739 8.8635832443833333 4.2529393099248471 8.6209673695266229 2.8750420920550868 9.869105860590933 5.7484750300645802 3.6182832308113566 51.944452678784728 7.2268267795443526 7.3420961052179328 105.85186252184212 5.9145391508936873 173.60672160610557
leaf_count=104 613 133 87 19 16 274 15 240 316 253 24 37 74 22 20 190 152 39 18 75 23 50 47 26 270 47 45 1021 33 780
internal_value=3.73497e-06 -0.00108665 0.000399791 -0.0237809 -0.00304124 -0.0378584 0.0422199 0.000880568 0.0108296 0.0028184 -0.000729367 -0.0082603 0.000296626 -0.0370013 -0.0117081 -0.000474646 -0.0229286 0.000512965 0.00137321 0.0201343 0.00669207 0.019163 0.0464624 -0.0271542 -0.000216928 0.0106463 -0.00228442 0.00619739 -0.0195464 -0.00837598
internal_weight=583.202 568.518 533.57 34.9482 14.1305 20.8177 14.6841 527.24 73.4342 60.301 453.806 45.6929 441.323 12.4833 7.35815 432.13 18.206 413.924 401.442 31.3665 22.7456 18.4926 8.62352 12.4819 370.076 59.1713 310.904 129.956 24.1038 180.949
internal_count=5063 4435 3993 442 149 293 628 3889 846 530 3043 277 2977 66 42 2903 239 2664 2599 213 138 120 70 65 2386 317 2069 1244 223 825
is_linear=0
shrinkage=0.05


Tree=62
num_leaves=31
num_cat=0
split_feature=0 1 6 5 4 0 2 1 1 2 0 6 6 5 5 2 4 1 1 0 3 3 5 1 3 0 6 4 4 0
split_gain=10.1266 7.24271 5.60725 5.39611 4.40141 4.37317 4.25572 4.13487 3.90468 3.07552 12.716 11.2352 6.15366 5.61821 8.97584 12.5863 7.85793 6.27235 5.99897 5.53016 8.01201 4.17756 5.12849 4.71202 4.0675 4.18463 4.05578 4.25764 3.94376 3.85155
threshold=0.050524901405908443 1.3548067913565098 -0.84095554109077597 -0.88992128970837792 -1.1980381072652599 -0.42385142197759129 2.0035889246897827 1.909287300303766 -1.7995094254806314 -1.2294918527492065 -0.45054768402603013 -0.73644990756368489 0.97407783099018419 0.97646373688526711 0.39403016175515826 0.31008490777959319 -0.66729479009757864 -0.56286737773942452 1.0626739655501971 -0.45601644613842668 -0.15374285239996058 0.39851002957302184 -0.60179964423319177 -1.0222867537475155 0.85872076455050717 -0.28255735216835082 -0.71567944692779772 -0.058535751475405538 -0.015559208253519061 -0.33507353398644818
decision_type=2 2 2 2 2 2 2 2 2 2 2 2 2 2 2 2 2 2 2 2 2 2 2 2 2 2 2 2 2 2
left_child=1 4 3 -3 5 -1 7 -2 -6 10 11 -10 21 14 15 19 -17 -16 24 20 -11 23 -23 -13 25 -18 -15 29 -26 -28
right_child=6 2 -4 -5 8 -7 -8 -9 9 13 -12 12 -14 26 17 16 18 -19 -20 -21 -22 22 -24 -25 28 -27 27 -29 -30 -31
leaf_value=-0.051821079305387353 0.047294660557674985 0.0098927766677701992 -0.052293904779838196 -0.052271862381381401 0.039172859956191242 0.0041196284964750314 -0.10640348590223106 -0.089239538915820982 -0.049181807694554075 -0.051899082290110143 0.17389876274388402 -0.071556454853253945 0.051506214767640092 0.06187245107337927 -0.039338197359491719 -0.059195860696275276 0.055910261226071303 -0.004164102758977886 -0.038020753356271496 -0.0047294153406313112 0.044649740119295067 -0.058381912276964668 0.051474629507793739 0.0030044966289946699 0.019647959492675407 0.023046462223480724 -0.045654400060955502 0.01030593658693256 -0.048036853943427354 -0.0020427996880431031
leaf_weight=7.9673385843634605 15.821918759495023 12.509819805622103 11.655385816469787 4.8420467786490944 6.5912896655499926 6.2219896093010885 0.49424853175878425 0.57466226816177446 6.9274439290165892 12.954271018505095 1.2001659274101246 2.5970555171370497 10.949331706389783 3.2456763368099919 28.776627019047737 3.0622719079256049 14.38853582553565 22.650433385744691 3.7662424296140662 171.94323422014713 2.5760539025068274 1.258344233036041 6.8216334171593171 11.510569091886284 6.8815701529383659 29.640269363299016 5.7954544126987448 122.54616914689541 3.1314532645046693 40.033612541854382
leaf_count=154 673 77 212 90 52 36 13 2 87 118 8 15 347 28 131 30 247 127 37 906 21 9 106 143 75 295 22 723 23 256
internal_value=5.8202e-06 -0.00113975 -0.0254713 -0.0074543 0.000183346 -0.0272912 0.0381521 0.0425095 0.000934135 0.000442495 0.0135319 0.00872791 0.0208342 -0.000703317 -0.00483349 -0.000896342 0.0188579 -0.0238462 0.0229926 -0.00731029 -0.0358843 0.00569795 0.034366 -0.0107213 0.0272447 0.0337863 0.00651088 0.0054437 -0.00151966 -0.00755784
internal_weight=579.335 562.444 29.0073 17.3519 533.437 14.1893 16.8908 16.3966 519.248 512.656 41.2645 40.0644 33.1369 471.392 299.771 248.344 60.8703 51.4271 57.8081 187.474 15.5303 22.1876 8.07998 14.1076 54.0418 44.0288 171.621 168.375 10.013 45.8291
internal_count=5063 4375 379 167 3996 190 688 675 3806 3754 715 707 620 3039 2010 1752 707 258 677 1045 139 273 115 158 640 542 1029 1001 98 278
is_linear=0
shrinkage=0.05


Tree=63
num_leaves=31
num_cat=0
split_feature=0 1 0 3 3 3 3 3 3 5 2 4 5 0 0 1 2 2 4 6 6 5 0 4 0 1 4 4 1 2
split_gain=9.54799 6.89022 5.18917 4.32922 18.8508 12.5117 7.61952 25.4149 12.9397 5.66279 8.64286 11.4128 5.21542 9.49197 7.59445 4.65544 6.02382 8.1695 6.30131 7.77957 5.88144 5.60093 4.12557 8.44533 6.01975 4.83068 8.63862 6.75129 5.69753 4.32824
threshold=0.19676597085561209 0.75961552443556102 4.9250498812700654 1.2268893525324958 1.1348471134948515 1.3189314995279926 0.85872076455050717 0.76667852551286308 0.95076291154600423 -0.011552942454124868 0.28646240215302016 -0.64488756949445314 1.1750349452891977 -0.23317771871060625 -0.296143025443312 -0.11419585872205217 0.28021387243794593 -0.33823813570999683 0.73300199645192177 -0.69365676979223723 0.31034864196764228 0.081484897571375295 -0.46139035719728066 -0.71429256722425694 -0.45601644613842668 -0.48726836259587936 -0.058535751475405538 -0.31479814862358718 0.48068473414009921 -0.34296264902756451
decision_type=2 2 2 2 2 2 2 2 2 2 2 2 2 2 2 2 2 2 2 2 2 2 2 2 2 2 2 2 2 2
left_child=1 3 -2 4 6 -5 7 9 -8 10 22 -12 13 14 15 16 17 18 19 -11 -18 -21 23 -1 -24 26 29 -27 -29 -26
right_child=2 -3 -4 5 -6 -7 8 -9 -10 12 11 -13 -14 -15 -16 -17 20 -19 -20 21 -22 -23 24 -25 25 27 -28 28 -30 -31
leaf_value=-0.046527021371338184 0.047043212821938178 -0.01611385731192341 -0.12815213195363756 -0.069394619020206105 0.072353127169623277 -0.0011052234820918038 -0.065864063088889896 0.064831527616481185 0.00091683291274787307 -0.060622106394096223 -0.050633820873245097 0.041181546128341906 0.0030748882414046684 0.022017013400020165 -0.038929984779352514 0.016143082232191058 0.035205954214257422 -0.045733760713774357 -0.061059579824583224 -0.02939148088797628 -0.040202351558545769 0.038869021166338974 -0.040404093184602148 0.038670204873861275 -0.016960938097121871 -0.010634341093802711 -0.041479548982738208 0.031911265135667242 -0.036663348713758391 0.023904113751468278
leaf_weight=3.5682131275534656 13.154576105996963 66.461746159940958 0.43669271655380804 8.2617761716246587 9.4537257421761733 35.649077413603663 11.190532952547075 15.885551268234847 20.619013629853725 3.4140316657722023 3.8316356744617215 29.006108587607741 113.97606504335999 17.688573936931789 29.768836611881852 14.725881136953829 9.4983160570263845 22.063402578234676 3.9594034999608985 3.9646790437400368 3.5529720764607182 12.416379578411577 9.3993206620216352 15.738467730581759 11.574331782758234 21.68919022381305 15.155079096555701 30.486833859235063 3.3631458021700373 14.720402907580139
leaf_count=35 611 779 17 44 102 243 59 161 124 33 37 400 717 167 126 102 56 79 14 22 24 74 104 423 50 101 68 198 20 73
internal_value=4.75136e-06 -0.00099832 0.0414141 0.00103274 0.00249282 -0.0139538 0.000996091 0.00282743 -0.0225765 0.000324719 0.00762736 0.0304682 -0.0046011 -0.0118284 -0.0176203 -0.00900064 -0.0152902 -0.0238266 -0.00347894 0.0080383 0.0146774 0.0223481 0.00166021 0.0229243 -0.00219866 0.00150388 -0.0114128 0.0111438 0.0250981 0.00591627
internal_weight=574.674 561.083 13.5913 494.621 450.71 43.9109 441.256 409.447 31.8095 393.561 158.533 32.8377 235.029 121.052 103.364 73.5951 58.8692 45.8179 23.7545 19.7951 13.0513 16.3811 125.695 19.3067 106.388 96.989 41.4498 55.5392 33.85 26.2947
internal_count=5063 4435 628 3656 3369 287 3267 3084 183 2923 1509 437 1414 697 530 404 302 222 143 129 80 96 1072 458 614 510 191 319 218 123
is_linear=0
shrinkage=0.05


Tree=64
num_leaves=31
num_cat=0
split_feature=0 1 6 5 0 4 1 3 3 3 5 4 2 5 0 5 0 2 2 4 6 4 2 4 0 5 5 2 2 4
split_gain=8.96921 6.35542 5.49912 5.18385 4.26887 3.99188 3.94621 3.5535 22.6574 18.7626 6.99528 3.9656 4.71754 9.97302 7.33078 3.87922 3.847 3.35495 2.99689 3.12671 2.95683 2.66765 2.61139 9.49218 8.139 3.91834 10.8405 5.02026 6.57438 6.45846
threshold=0.050524901405908443 1.3548067913565098 -0.84095554109077597 -0.88992128970837792 4.9250498812700654 -1.2084236672821309 1.909287300303766 -0.24578499939545764 -0.15374285239996058 -0.33782723843310175 -1.1017690559774416 -0.97481373065111521 -1.2294918527492065 0.12335412001622294 -0.45780977284132413 2.0589751712411388 -0.15496332206069161 1.9065080941201404 -1.2447321691274367 -1.1774996148071211 0.10092904344617502 0.80122844122339487 -1.0676396928124032 -0.082554548656509893 -0.35729582234729645 0.88734944934584081 0.39403016175515826 0.32684927103596262 0.5557588230369781 -0.60205746953552219
decision_type=2 2 2 2 2 2 2 2 2 2 2 2 2 2 2 2 2 2 2 2 2 2 2 2 2 2 2 2 2 2
left_child=1 5 3 18 6 -1 -2 9 -9 11 -10 -7 13 21 -14 16 -16 22 19 -3 -18 -13 23 24 -12 26 27 -24 -29 -30
right_child=4 2 -4 -5 -6 7 -8 8 10 -11 17 12 14 -15 15 -17 20 -19 -20 -21 -22 -23 25 -25 -26 -27 -28 28 29 -31
leaf_value=-0.03943457157307205 0.04684025625604446 -0.0035051667521568373 -0.051739358992787893 -0.052128914552143149 -0.10786773620899913 -0.047458361708475068 -0.088233567259629886 -0.063922239436489739 -0.046090899539242176 0.060550676050888777 -0.0082090621443422565 0.012949058953509016 -0.045975680241173829 -0.061784877411540276 -0.00036613233172749793 0.057563250279351677 0.063353664545525601 -0.046862414070921364 -0.018170281506706892 0.062684843692340952 -0.024723692388554822 0.057134148425898326 -0.0051146167603729085 0.05726287003970422 0.080785564935110243 0.0071029509465738924 -0.035604781127358036 0.046417579802074338 -0.088226484117051016 0.0092344356203998227
leaf_weight=6.2816265784203997 14.70415711216628 3.3873100429773331 11.030622959136961 4.5474739521741894 0.49127929285168725 4.0287144891917697 0.56137110292911607 14.346605159342287 7.9141423963010302 14.612797529436646 27.193346261978149 5.1198625396937159 8.2484084963798505 2.6983194947242728 135.96219361014664 3.1280165184289208 4.1010218709707251 3.5421892162412396 5.3274029195308703 3.7699329853057861 1.2412945870310066 10.264598220586775 90.781208492815495 9.6226711142808181 2.8371563628315952 117.36966072767973 24.373591814190149 12.397118248045443 1.8786790426820505 17.856491792947057
leaf_count=112 669 23 212 90 17 28 2 96 84 231 266 75 81 13 885 25 88 18 34 20 22 345 412 123 19 651 104 95 16 207
internal_value=6.16089e-06 -0.00105209 -0.024236 -0.00642379 0.0372043 0.000185272 0.0418731 0.000664326 -0.00246797 0.00612358 0.00032416 0.00157343 0.0027302 0.0268787 -0.000129827 0.00248839 0.00126921 0.00151738 0.0102241 0.0313591 0.0428888 0.0424296 0.00208052 0.0140466 0.000198778 0.000287667 -0.00514327 0.000897204 0.017882 -4.33046e-05
internal_weight=569.619 553.862 28.0627 17.0321 15.7568 525.8 15.2655 519.518 330.113 189.405 315.766 174.792 170.764 18.0828 152.681 144.433 141.305 307.852 12.4846 7.15724 5.34232 15.3845 304.31 39.6532 30.0305 264.657 147.287 122.913 32.1323 19.7352
internal_count=5063 4375 379 167 688 3996 671 3884 2091 1793 1995 1562 1534 433 1101 1020 995 1911 77 43 110 420 1893 408 285 1485 834 730 318 223
is_linear=0
shrinkage=0.05


Tree=65
num_leaves=31
num_cat=0
split_feature=0 1 2 3 3 3 3 3 3 5 2 4 5 0 0 0 1 2 2 4 6 6 5 0 2 0 3 0 3 3
split_gain=8.50217 5.97921 5.16522 3.94811 17.6246 11.8036 6.83471 23.7599 12.3132 5.16506 7.87192 10.2711 4.47928 8.43482 6.99644 4.2111 4.12774 5.60576 7.44027 5.56649 7.04624 5.21535 5.03744 4.10807 3.95972 7.93198 5.42409 6.44542 5.16048 4.99298
threshold=0.19676597085561209 0.75961552443556102 2.0035889246897827 1.2268893525324958 1.1348471134948515 1.3189314995279926 0.85872076455050717 0.76667852551286308 0.95076291154600423 -0.011552942454124868 0.28646240215302016 -0.64488756949445314 1.1750349452891977 -0.23317771871060625 -0.296143025443312 -0.24606981199935551 -0.11419585872205217 0.28021387243794593 -0.33823813570999683 0.73300199645192177 -0.69365676979223723 0.31034864196764228 0.081484897571375295 -0.22148142620401698 0.97837290288751211 -0.22896010285105647 0.30646788257752478 -0.42201092308645366 1.0000000180025095e-35 -0.24578499939545764
decision_type=2 2 2 2 2 2 2 2 2 2 2 2 2 2 2 2 2 2 2 2 2 2 2 2 2 2 2 2 2 2
left_child=1 3 -2 4 6 -5 7 9 -8 10 -1 -12 13 14 16 -13 17 18 19 20 -11 -19 -22 -17 25 26 27 -14 29 -29
right_child=2 -3 -4 5 -6 -7 8 -9 -10 12 11 15 24 -15 -16 23 -18 21 -20 -21 22 -23 -24 -25 -26 -27 -28 28 -30 -31
leaf_value=0.0016123401364407923 0.046598977974092765 -0.015217800372909679 -0.12983499503026291 -0.068459341147748654 0.071348620360684442 -0.0010635884690428116 -0.064966268090202534 0.063966111460224934 0.0011007424680716581 -0.05939041480248293 -0.046790897587872166 0.059498599294180526 -0.03918793407475861 0.020893889499626825 -0.037340201615994627 -0.022356968744595449 0.015360999866685786 0.034111716870598378 -0.043824275525172089 -0.057897943772595634 -0.027802159303280324 -0.036949760006492076 0.03711134570270664 0.037535555987968164 0.023197178491957474 -0.046000769947789712 -0.016433990093272007 0.017825135728327085 0.039135885815808687 -0.02277089324996975
leaf_weight=123.68820108100772 12.186083063483235 64.571223374456167 0.42944304645061571 7.9555443450808516 9.0739545878022891 35.426889328286052 10.736935570836069 15.221709018573163 20.551483541727066 3.2518406808376339 3.8843504022806874 13.917316358536482 5.7101203352212897 17.47841973323375 29.266020203009248 3.9719309974461803 14.620191164314745 9.4031926766037923 21.654383234679702 3.8683991730213156 3.9541078284382847 3.559343794360756 12.240774862468241 10.255568944849072 19.484336844645441 9.0748612806200963 24.890046142041683 26.147176451981064 17.359789252281189 10.662879452109339
leaf_count=1072 619 779 9 44 102 243 59 161 124 33 37 243 37 167 126 23 102 56 79 14 22 24 74 134 232 39 112 143 104 50
internal_value=7.20287e-06 -0.000920554 0.040593 0.00097391 0.00238081 -0.0134227 0.00094168 0.00268707 -0.0215708 0.000285149 0.00733306 0.029425 -0.00443265 -0.0111951 -0.0167035 0.0399437 -0.00837915 -0.0143704 -0.0227209 -0.00312079 0.00777564 0.0145992 0.0212622 0.0208152 0.00268585 -0.00157277 0.00318336 0.0113376 0.0166636 0.00606556
internal_weight=564.497 551.881 12.6155 487.31 443.927 43.3824 434.853 403.565 31.2884 388.343 155.717 32.0292 232.626 119.297 101.818 28.1448 72.5522 57.932 44.9695 23.3151 19.4467 12.9625 16.1949 14.2275 113.329 93.8449 84.77 59.88 54.1698 36.8101
internal_count=5063 4435 628 3656 3369 287 3267 3084 183 2923 1509 437 1414 697 530 400 404 302 222 143 129 80 96 157 717 485 446 334 297 193
is_linear=0
shrinkage=0.05


Tree=66
num_leaves=31
num_cat=0
split_feature=0 1 6 5 2 4 1 3 3 3 5 0 6 2 5 0 5 3 2 2 4 6 3 3 3 3 3 3 3 3
split_gain=7.9808 5.55069 5.49447 5.20641 4.50053 3.68578 3.45932 3.27191 21.2465 17.5896 6.52657 4.14139 4.05831 5.2044 7.90868 6.34246 3.57324 3.17973 3.578 3.04579 2.96359 2.64827 2.58768 10.6676 17.415 6.21941 6.01662 22.9347 12.1322 5.56286
threshold=0.19676597085561209 1.3548067913565098 -0.84095554109077597 -0.88992128970837792 2.0035889246897827 -1.2084236672821309 1.909287300303766 -0.24578499939545764 -0.15374285239996058 -0.33782723843310175 -1.1017690559774416 -0.15496332206069161 -0.65290528935721359 -1.2294918527492065 0.12335412001622294 -0.45780977284132413 2.0589751712411388 -0.33782723843310175 -1.2447321691274367 1.9065080941201404 0.80122844122339487 0.10092904344617502 1.5030157014768397 1.2268893525324958 1.1348471134948515 1.3189314995279926 0.85872076455050717 0.76667852551286308 0.95076291154600423 0.30646788257752478
decision_type=2 2 2 2 2 2 2 2 2 2 2 2 2 2 2 2 2 2 2 2 2 2 2 2 2 2 2 2 2 2
left_child=1 5 3 17 6 -1 -2 9 -9 11 -10 12 -7 14 20 -15 -17 -3 -19 22 -14 -13 23 24 26 -25 27 29 -28 -12
right_child=4 2 -4 -5 -6 7 -8 8 10 -11 19 21 13 15 -16 16 -18 18 -20 -21 -22 -23 -24 25 -26 -27 28 -29 -30 -31
leaf_value=-0.038709578264970318 0.051329956724260252 -0.034861046944457463 -0.048960966457493219 -0.051996625314671467 -0.10987521896196979 -0.037011871798111287 -0.099514737194396463 -0.063344698795313847 -0.04534764479332383 0.059903344886179113 0.0077259370232449654 0.062111829943806977 0.010295404171147292 -0.044739438338987476 -0.060674175521848422 5.7294736155499505e-05 0.055263510113971431 0.05056459929981022 -0.010536928840317343 -0.044537083116413308 0.056929183491849528 -0.018149738070134203 0.018200664521578827 -0.06689606212819095 0.071196327794045708 -0.012695741600243027 -0.063439589164080309 0.06418917555811221 0.0027748296820996649 -0.0089682734901888016
leaf_weight=5.985421694815158 11.283946000039572 2.8359302282333383 11.548008650541304 4.2735017873346832 0.4805948734283455 7.0083739571273318 0.39332500100135881 13.644123349338768 7.6074512973427764 14.013382344506679 103.84621511399746 4.407411588355898 5.2142974268645075 7.9255885109305373 2.2028557360172263 132.30891874432564 2.9974708184599868 5.773945838212966 4.0953204557299623 3.5449888519942752 9.8286541793495399 1.3402877580374477 22.995696183294058 8.1412923187017441 9.2129566539078933 15.127352500334382 10.399042051285507 14.809852270409463 20.665413033217192 96.059610106050968
leaf_count=112 618 23 221 90 9 44 1 96 84 236 633 106 75 81 8 873 23 33 28 18 345 25 158 44 105 94 57 162 122 539
internal_value=9.49733e-06 -0.000879751 -0.0223534 -0.00425628 0.0400775 0.000299889 0.0462491 0.000754765 -0.00227039 0.00602247 0.000396958 0.00166389 0.000231757 0.00185826 0.0278076 -0.00126616 0.00128029 0.0118016 0.0252101 0.00153868 0.0407646 0.0433959 0.00208087 0.00074872 0.00370604 -0.0316595 0.00117619 0.00415178 -0.0193909 -0.000296037
internal_weight=559.971 547.813 28.5267 16.9787 12.1579 519.287 11.6773 513.301 326.054 187.247 312.41 173.234 167.486 160.478 17.2458 143.232 135.306 12.7052 9.86927 304.802 15.043 5.7477 301.257 278.262 254.993 23.2686 245.78 214.716 31.0645 199.906
internal_count=5063 4435 395 174 628 4040 619 3928 2112 1816 2016 1580 1449 1405 428 977 896 84 61 1932 420 131 1914 1756 1618 138 1513 1334 179 1172
is_linear=0
shrinkage=0.05


Tree=67
num_leaves=31
num_cat=0
split_feature=0 1 3 2 2 1 1 1 3 3 3 4 5 2 5 0 5 4 3 3 3 3 3 3 3 1 3 3 3 4
split_gain=7.53154 5.28093 4.4163 7.47266 4.32177 3.98987 3.5313 3.52424 2.86195 20.4111 19.624 6.16594 4.67583 4.27088 8.4232 6.16491 3.23685 3.139 3.13047 6.94418 29.5063 18.825 5.05577 19.9205 16.8766 6.17015 5.63332 14.0542 13.2169 5.35644
threshold=0.050524901405908443 1.5064306795751408 0.76667852551286308 -1.2447321691274367 2.1046321765564988 1.9857585475218218 1.909287300303766 1.9668001027168092 -0.24578499939545764 -0.15374285239996058 -0.33782723843310175 -0.97481373065111521 -1.1760400074157753 -1.2294918527492065 0.12335412001622294 -0.45780977284132413 2.0589751712411388 1.1709899726458219 1.0000000180025095e-35 0.30646788257752478 0.39851002957302184 0.21442564353988061 0.85872076455050717 0.76667852551286308 0.95076291154600423 0.68073494127378409 1.2268893525324958 1.1348471134948515 1.3189314995279926 0.93742207714292702
decision_type=2 2 2 2 2 2 2 2 2 2 2 2 2 2 2 2 2 2 2 2 2 2 2 2 2 2 2 2 2 2
left_child=1 8 -3 5 6 7 -2 -4 10 -10 11 -1 17 14 -13 -15 -17 -11 -14 21 -21 -20 23 25 -24 29 27 -26 -28 -22
right_child=4 2 3 -5 -6 -7 -8 -9 9 12 -12 13 18 15 -16 16 -18 -19 19 20 22 -23 24 -25 26 -27 28 -29 -30 -31
leaf_value=-0.044899123358827599 0.046164872516753559 -0.050534765107734136 -0.052639853396594563 -0.060942756540007151 -0.11287760635687337 0.083651468802020776 -0.084096079309268559 0.0471492052514636 -0.06239780711726034 -0.056557916444497147 0.062885399533681136 0.04080422756849713 -0.013014037073857799 -0.043980182963591435 -0.05823777826552802 0.00094297637972031063 0.05342968914284435 0.018062867088740425 0.0029117017747893135 -0.069805114097960461 0.0020682988253937049 0.066476865630014412 -0.062440699425902628 0.065641001053887524 -0.0021609299163464395 -0.060680579747827951 -0.06515479896406362 0.071568540332535194 0.0042237982094286836 0.067690850230436042
leaf_weight=7.1913649030029765 13.207418208941812 9.6607888601720351 1.7111339792609215 3.4140667691826803 0.47175195440650064 2.2889467924833298 0.54162791371345598 1.8321515321731567 13.766284067183731 5.8693809285759917 13.552691193297504 14.490798685699703 36.495150871574879 7.6659227684140197 2.5200677886605254 140.78214407898486 2.9999981187283984 1.8546579293906686 56.527244562283158 14.925841867923735 76.849523659795523 14.67053767479956 11.310224432498215 14.291984314098952 22.16001870855689 3.7759976945817462 8.3338653966784459 9.1248862855136412 38.938527381047606 3.2407757099717847
leaf_count=64 676 172 34 69 10 13 2 9 106 74 233 421 203 81 13 1003 25 18 319 69 450 145 77 163 136 32 56 100 269 21
internal_value=9.98613e-06 -0.00093547 -0.0268938 -0.00219312 0.0359276 0.0321977 0.0410334 -0.00104122 5.94841e-06 -0.00279012 0.00491429 0.000441395 -0.00021268 0.00237694 0.0261317 -0.000291225 0.00203811 -0.0386403 0.000742807 0.00257414 -0.00213915 0.0160095 0.0032323 0.0110773 -0.00533644 0.00177889 0.0028851 0.0193438 -0.00800727 0.00472365
internal_weight=554.466 540.245 18.9071 9.2463 14.2208 5.83223 13.749 3.54329 521.338 332.135 189.203 175.65 318.369 168.459 17.0109 151.448 143.782 7.72404 310.645 274.149 202.952 71.1978 188.026 98.1583 89.8675 83.8663 78.5573 31.2849 47.2724 80.0903
internal_count=5063 4375 297 125 688 56 678 43 4078 2238 1840 1607 2132 1543 434 1109 1028 92 2040 1837 1373 464 1304 666 638 503 561 236 325 471
is_linear=0
shrinkage=0.05


Tree=68
num_leaves=31
num_cat=0
split_feature=0 2 1 6 5 1 4 2 0 6 2 5 6 2 6 6 2 2 4 3 5 1 1 3 5 5 0 0 2 6
split_gain=7.13087 5.16677 4.75613 3.37785 5.21076 3.04896 2.83708 2.58217 7.63684 8.43165 5.93037 5.38179 4.5914 4.16247 3.84337 3.69532 3.51195 4.02863 4.84731 5.14042 4.29766 3.51373 7.38719 3.30863 3.22643 3.15056 4.25309 3.20943 8.00477 5.92149
threshold=0.19676597085561209 2.1046321765564988 1.2779195046795269 -0.84095554109077597 -0.88992128970837792 1.909287300303766 -1.2084236672821309 0.90994376042672809 -0.17231209418310087 0.26012387149161126 0.68286303115078406 1.6724426746176546 -0.58841613962403339 0.60361343170493675 -0.33018731971312248 0.057455353229252805 0.5557588230369781 0.42743532865164818 0.18831013365909852 -0.52191153242409583 0.47619257875424831 -0.79926088106645266 -0.61581810745226739 -0.15374285239996058 -0.4593602482013544 -1.166225746299419 -0.46382645497508307 -0.39567619450301389 -0.22530740658762852 -0.15974976526844467
decision_type=2 2 2 2 2 2 2 2 2 2 2 2 2 2 2 2 2 2 2 2 2 2 2 2 2 2 2 2 2 2
left_child=2 5 6 4 -4 -2 -1 10 9 11 13 12 -9 16 -12 -16 17 25 19 -19 23 -18 -23 -21 -10 26 -8 28 -27 -29
right_child=1 -3 3 -5 -6 -7 7 8 24 -11 14 -13 -14 -15 15 -17 21 18 -20 20 -22 22 -24 -25 -26 27 -28 29 -30 -31
leaf_value=-0.036398412652869451 0.051239969267318934 -0.13285576966385076 0.011571873594712668 -0.038420100214116078 -0.051965555508327092 -0.091209114016831669 0.032356409604888059 0.050324862986751845 -0.030360450856884581 0.03664855996010076 -0.068582813643755833 0.058190605485266514 -0.017587623482517654 0.034680068544122943 0.026853117211663086 -0.046008054713196002 0.011864287132679856 -0.044165916095309232 0.050090137686324636 -0.00037371612555759152 -0.005379838038700414 -0.093156822118082461 0.0022331808305799403 0.067770681083301462 0.055447147715518841 0.0027594206183070282 -0.03522300723111229 0.0021631022849711713 0.050322015529924338 -0.014578899086190365
leaf_weight=5.2014299351721993 10.425723336637015 0.41892474517226297 12.406756058335306 13.70016799867153 4.3611726500093964 0.38968050479888994 2.8429028838872901 2.6626452803611675 1.2232136279344548 13.533895310014485 5.0452997535467148 2.8265957552939645 38.113975802436478 8.6124694105237705 3.3235749416053277 3.6527691036462784 3.9128316491842261 4.2094259932637277 8.4443120965734106 2.7017446588724905 9.4370598569512349 4.0895621590316287 4.0293469913303843 5.2282567583024475 10.492026089690624 107.07788901124148 12.858817227184771 157.84851078130305 9.6428592847660308 79.372137891128659
leaf_count=104 621 6 84 261 97 1 87 20 18 253 24 37 220 74 22 20 26 18 87 23 50 15 26 48 298 1124 137 809 89 364
internal_value=9.12166e-06 0.039434 -0.000815896 -0.020002 -0.00495358 0.0461075 0.000338494 0.000719762 0.00971292 0.00217271 -0.000712479 -0.00852817 -0.0131531 0.000277899 -0.0353387 -0.0112965 -0.000441777 0.000359481 0.0179744 0.00540541 0.0174205 -0.0270575 -0.0458156 0.0445539 0.0464878 -0.00107113 -0.0229873 -9.88719e-05 0.00668879 -0.00343864
internal_weight=548.086 11.2343 536.852 30.4681 16.7679 10.8154 506.384 501.182 68.8524 57.1371 432.33 43.6032 40.7766 420.308 12.0216 6.97634 411.696 399.664 30.0208 21.5765 17.3671 12.0317 8.11891 7.93 11.7152 369.643 15.7017 353.941 116.721 237.221
internal_count=5063 628 4435 442 181 622 3993 3889 846 530 3043 277 240 2977 66 42 2903 2836 226 139 121 67 41 71 316 2610 224 2386 1213 1173
is_linear=0
shrinkage=0.05


Tree=69
num_leaves=31
num_cat=0
split_feature=0 2 1 6 5 4 0 1 6 3 3 3 3 3 3 3 3 3 4 0 2 2 6 4 5 5 1 1 5 4
split_gain=6.72556 4.51315 4.435 4.90194 4.47901 3.09269 4.16862 3.50849 3.36879 2.96526 14.3195 10.0814 5.2719 19.9376 10.4986 4.00013 17.2917 16.0048 5.57665 7.23706 6.54395 5.9537 7.2074 4.85493 5.95963 9.22394 5.17909 5.28503 4.67077 5.54361
threshold=0.19676597085561209 2.1046321765564988 1.3548067913565098 -0.84095554109077597 -0.88992128970837792 -1.1980381072652599 -0.42385142197759129 -1.7995094254806314 -0.85061938581651642 1.2268893525324958 1.1348471134948515 1.3189314995279926 0.85872076455050717 0.76667852551286308 0.95076291154600423 -0.24578499939545764 -0.15374285239996058 -0.33782723843310175 -0.66729479009757864 -0.21490634580112489 -1.0676396928124032 -0.60631531604337974 -0.28791140180023561 -0.45107166268654947 -0.0049733233211756442 0.86736868516273036 0.16399693413939834 -0.87799887655879072 -0.33463611165396884 -0.60205746953552219
decision_type=2 2 2 2 2 2 2 2 2 2 2 2 2 2 2 2 2 2 2 2 2 2 2 2 2 2 2 2 2 2
left_child=2 -2 5 4 -4 6 -1 -7 -9 10 12 -11 13 15 -14 17 -17 -10 -18 20 -20 22 -22 -23 26 -26 27 -25 -21 -30
right_child=1 -3 3 -5 -6 7 -8 8 9 11 -12 -13 14 -15 -16 16 18 -19 19 28 21 23 -24 24 25 -27 -28 -29 29 -31
leaf_value=-0.051534509294788915 0.045991085625701297 -0.11300419501083586 0.010958218465808909 -0.047330980952124707 -0.051721152146523799 0.038010946444515636 0.0062340200886586428 0.060877156325379267 0.00094599591693348643 -0.065301049674038256 0.067673749872921504 -0.0011667167028049043 -0.062402866049509037 0.061930924855858632 0.00029148774683098675 -0.062607584950348502 -0.037474706594513373 0.058959413947978483 0.028375741237167146 -0.025090320278870128 0.0086990931887266816 0.029187121133156985 -0.07747520441677691 -0.028749732085434684 -0.037336748730252431 -0.0029839287373318573 -0.031663126054272246 0.028242943697340234 -0.015750780820675294 0.058020049789819172
leaf_weight=6.6156408805400133 10.314391730353233 0.46651170402765352 12.445430621504785 10.464581452310084 3.6968066915869739 6.2835426181554785 5.9149146489799005 2.2925978302955619 165.76010099705309 7.4574919976294032 7.9852717658504835 34.355835724622011 9.8531311228871363 13.254094490781425 20.718603244051337 12.290236901491879 10.238501969724892 12.807227102108298 15.395468125119804 3.1318635791540173 4.0512587055563927 10.708842996507881 6.0497708357870561 4.8083736076951054 26.605765029788031 73.581246178597212 5.8874885998666278 26.407291032373891 3.2507813666015872 11.756488751620051
leaf_count=154 622 6 84 221 90 52 36 17 1540 42 102 239 59 156 122 92 72 235 151 27 22 52 24 23 104 360 37 148 31 143
internal_value=1.19358e-05 0.039111 -0.000777333 -0.020676 -0.00339627 0.000265977 -0.0242655 0.000887059 0.000409681 0.000124648 0.00132201 -0.0126052 0.000108337 0.00161612 -0.0199146 -0.000419419 -0.00502716 0.00510684 -0.00152161 0.000399267 -0.00274253 -0.00577277 -0.0429129 -0.00323793 -0.00576713 -0.0121067 0.0113512 0.019464 0.0304496 0.0420403
internal_weight=544.85 10.7809 534.069 26.6068 16.1422 507.462 12.5306 494.931 488.648 486.355 444.542 41.8133 436.557 405.985 30.5717 392.731 214.163 178.567 201.873 191.635 173.496 158.1 10.101 147.999 137.29 100.187 37.1032 31.2157 18.1391 15.0073
internal_count=5063 628 4435 395 174 4040 190 3850 3798 3781 3500 281 3398 3217 181 3061 1286 1775 1194 1122 921 770 46 724 672 464 208 171 201 174
is_linear=0
shrinkage=0.05


Tree=70
num_leaves=31
num_cat=0
split_feature=0 1 6 5 0 1 4 2 2 2 5 5 0 3 4 5 6 1 4 6 2 1 4 3 5 5 1 2 1 6
split_gain=6.36429 4.55304 4.7133 3.88629 3.56717 3.44132 2.85084 2.50527 2.48376 3.14533 7.51197 7.12362 5.8861 3.91648 3.77695 3.14378 4.70283 3.11616 2.92974 5.75429 4.80558 7.22184 4.33024 3.67596 4.0133 5.79156 5.78051 9.90286 4.68062 4.2282
threshold=-0.02267143345338191 1.3548067913565098 -0.84095554109077597 -0.88992128970837792 4.9250498812700654 1.909287300303766 -1.2084236672821309 -1.2447321691274367 1.9065080941201404 0.97837290288751211 1.38624222016614 0.39403016175515826 -0.17662062535059755 0.85872076455050717 -0.015559208253519061 -1.166225746299419 0.97407783099018419 -0.5347122480721701 0.050414532736126907 0.97407783099018419 -1.1636536859952527 0.23344636145116224 0.40948991007561591 -1.1662064693504284 1.7383792152987647 1.1221486290870863 -0.56286737773942452 0.42743532865164818 -0.9504391278639498 0.74309833099607925
decision_type=2 2 2 2 2 2 2 2 2 2 2 2 2 2 2 2 2 2 2 2 2 2 2 2 2 2 2 2 2 2
left_child=1 6 3 7 5 -2 -1 -3 9 15 11 13 -13 -11 -15 16 -8 -18 19 -17 -20 23 -23 -22 25 26 27 -25 -27 -26
right_child=4 2 -4 -5 -6 -7 8 -9 -10 10 -12 12 -14 14 -16 18 17 -19 20 -21 21 22 -24 24 29 28 -28 -29 -30 -31
leaf_value=-0.036418052550301387 0.041642043405946898 0.027435320063631571 -0.051516337888724784 -0.051637839409745569 -0.096293292895833341 -0.075375506595512565 -0.049127261740048916 -0.019180994687468284 -0.035160838585716149 0.042478281623999053 0.048132598729438876 -0.020828132470880875 0.059874188282138863 0.028856687911889663 -0.055004515860810836 -0.0020323232786454513 -0.049661271612929103 0.020864794503486529 0.028871952930813218 -0.052438913409919422 0.053857176379402488 0.0033384071824154615 -0.047635819469988058 -0.032301777959892593 -0.024046757708449967 0.0011947691285397891 0.013873102590139092 0.03173966323529688 0.036414804187381987 0.035024453004453088
leaf_weight=5.2856900896877042 14.067869435995812 6.9711403474211693 8.7157931663095933 3.5220418907701996 0.5243955887854107 0.65766736865043718 8.125280851498248 4.9137074500322324 4.8357944581657639 12.571388157084586 11.437317762523888 24.628787572495643 2.4876252338290206 3.0303648672997952 2.4107479304075232 241.89214323461056 2.0608045421540737 6.5264768041670305 19.201440956443548 5.7975335177034131 3.940970489755272 6.8106558322906521 10.730493519455193 23.383109882473949 18.671061221510175 14.788848914206026 34.391799001023173 8.1369945071637613 26.049170956015587 3.6159882545471183
leaf_count=112 729 43 210 90 17 3 96 30 42 264 171 152 50 53 19 1466 41 116 421 24 39 37 67 108 90 84 242 63 162 22
internal_value=1.09677e-05 -0.000914064 -0.0221315 -0.00550825 0.0318524 0.0364158 0.000107922 0.00816213 0.000497539 0.000848956 0.0119389 0.00276603 -0.0134246 0.0271398 -0.00829899 -0.000596059 -0.0218603 0.00393971 0.000255333 -0.00321216 0.00531579 0.00231077 -0.0278442 0.00628852 0.0048357 0.00886478 -0.000302367 -0.0157693 0.0236604 -0.0144627
internal_weight=540.183 524.933 24.1227 15.4069 15.2499 14.7255 500.81 11.8848 495.525 490.689 56.5662 45.1289 27.1164 18.0125 5.44111 434.123 16.7126 8.58728 417.41 247.69 169.721 150.519 17.5411 132.978 129.037 106.75 65.9119 31.5201 40.838 22.287
internal_count=5063 4314 373 163 749 732 3941 73 3829 3787 709 538 202 336 72 3078 253 157 2825 1490 1335 914 104 810 771 659 413 171 246 112
is_linear=0
shrinkage=0.05


Tree=71
num_leaves=31
num_cat=0
split_feature=0 2 1 6 0 1 3 3 3 5 0 6 2 5 0 4 3 3 3 3 4 4 2 1 1 0 0 4 3 3
split_gain=6.02531 4.89373 4.2806 4.92773 4.69871 6.68302 2.74585 17.906 14.9582 6.02687 4.2456 4.06563 4.2939 6.90636 5.56492 2.99929 2.72585 5.11963 26.946 18.2679 5.24976 6.22899 5.84515 5.2012 4.86793 4.75284 3.92588 7.20385 3.88569 17.6711
threshold=0.7864295468921777 2.1046321765564988 1.3548067913565098 -0.84095554109077597 -0.32054121352941184 1.9668001027168092 -0.24578499939545764 -0.15374285239996058 -0.33782723843310175 -1.1017690559774416 -0.15496332206069161 -0.65290528935721359 -1.2294918527492065 0.12335412001622294 -0.45780977284132413 0.80122844122339487 1.0000000180025095e-35 0.30646788257752478 0.39851002957302184 0.21442564353988061 -0.30451138525780075 -0.16502873174825422 0.21292240435448043 -0.79926088106645266 -0.55700999937615348 -0.38101874696142085 -0.3278342553295 -0.42593387081195272 0.85872076455050717 0.76667852551286308
decision_type=2 2 2 2 2 2 2 2 2 2 2 2 2 2 2 2 2 2 2 2 2 2 2 2 2 2 2 2 2 2
left_child=2 -2 6 4 5 -4 8 -8 10 -9 11 -1 13 15 -14 -13 26 19 -19 20 22 -22 -18 -23 -25 -26 -11 -28 29 -20
right_child=1 -3 3 -5 -6 -7 7 9 -10 16 -12 12 14 -15 -16 -17 17 18 28 -21 21 23 -24 24 25 -27 27 -29 -30 -31
leaf_value=-0.036322661432728227 0.051067535470626625 -0.11864617969574043 -0.040888816099782947 -0.047712494930884829 0.077784290610711224 0.028780949275658097 -0.061855008817643178 -0.045469406125868639 0.058453528840736006 0.0081301317577939375 0.043272088358566135 0.0082670021087237183 -0.043299417321164095 -0.05814138689472912 0.0011778401897059958 0.056491784672234126 -0.044103810925009278 -0.068721842274342262 0.002099888196621037 0.065437984036236768 0.059157804644861436 0.037030408492219544 0.020596980186751448 -0.038119615955456543 0.047960918220159146 -0.010663249990008943 0.029741687014141444 -0.040992926511936909 -0.0039622510996298634 0.064485031966267342
leaf_weight=7.3903995249420396 7.9576437510550004 0.44871370494365681 8.3651539422571641 10.119166763499377 1.6147803440690065 5.848754182457923 12.193170417100189 7.1414675042033187 12.321736812591551 14.44679453037679 5.8483129609376183 5.0719794761389521 7.4228290095925322 2.1104301810264579 133.81226799078286 8.8498912807553989 10.618046496063469 13.802729949355124 82.612349804490805 14.010170282796023 5.7932125590741625 8.3797374106943519 5.2003807909786692 8.9095108807086891 5.0770285017788348 10.837128179147857 4.5951841529458788 16.611777648329735 86.177221765741706 13.15928330644965
leaf_count=59 543 5 128 223 19 29 102 85 241 93 158 75 81 8 896 345 55 66 518 150 41 53 36 41 35 50 41 75 643 169
internal_value=1.06294e-05 0.0420086 -0.000657594 -0.0204608 -0.00303904 -0.012221 0.000365214 -0.00243073 0.00525225 -7.34203e-05 0.00140762 -7.93209e-05 0.00162385 0.0261455 -0.00115973 0.0389227 0.0010064 0.00275532 -0.00136883 0.0144852 0.00146214 0.0113172 -0.0228331 0.00297011 -0.00852764 0.00803938 -0.0119719 -0.025666 0.0037406 0.0106718
internal_weight=536.747 8.40636 528.341 25.9479 15.8287 14.2139 502.393 319.565 182.828 307.372 170.506 164.658 157.267 16.0323 141.235 13.9219 300.231 264.577 195.752 68.8252 54.815 38.9966 15.8184 33.2034 24.8237 15.9142 35.6538 21.207 181.949 95.7716
internal_count=5063 548 4515 399 176 157 4116 2253 1863 2151 1622 1464 1405 428 977 420 2066 1857 1396 461 311 220 91 179 126 85 209 116 1330 687
is_linear=0
shrinkage=0.05


Tree=72
num_leaves=31
num_cat=0
split_feature=0 2 1 6 5 4 0 4 1 3 3 3 3 3 3 6 0 2 6 2 3 3 3 4 0 2 2 6 4 2
split_gain=5.68348 4.36245 3.96995 4.61688 3.87471 2.56392 4.13431 3.23229 3.17886 2.36852 13.4925 9.70504 4.52834 17.6548 9.97603 3.6949 6.8288 5.70164 4.51655 5.70599 3.36333 15.5771 14.3659 4.28296 6.35766 5.81151 5.44903 6.6946 4.51918 6.02399
threshold=0.7864295468921777 2.1046321765564988 1.3548067913565098 -0.84095554109077597 -0.88992128970837792 -1.1980381072652599 -0.42385142197759129 -1.1936518162312824 -1.7995094254806314 1.2268893525324958 1.1348471134948515 1.3189314995279926 0.85872076455050717 0.76667852551286308 0.95076291154600423 -0.33465174375543633 -0.30052573773206609 0.13908857325616833 -0.13933319190420443 -0.41123926640203518 -0.24578499939545764 -0.15374285239996058 -0.33782723843310175 -0.66729479009757864 -0.21490634580112489 -1.0676396928124032 -0.60631531604337974 -0.28791140180023561 -0.8046242371618515 -1.2022116864321746
decision_type=2 2 2 2 2 2 2 2 2 2 2 2 2 2 2 2 2 2 2 2 2 2 2 2 2 2 2 2 2 2
left_child=2 -2 5 4 -4 6 -1 -7 -9 10 12 -11 13 20 -14 16 -13 -18 -17 -20 22 -22 -10 28 25 -25 27 -27 29 -23
right_child=1 -3 3 -5 -6 7 -8 8 9 11 -12 15 14 -15 -16 18 17 -19 19 -21 21 23 -24 24 -26 26 -28 -29 -30 -31
leaf_value=-0.051417179198357421 0.051014499766920518 -0.10282293246683444 0.0098890245296578971 -0.04678653580468968 -0.051554553435508736 0.064352385691247543 0.0073413495367000373 0.036297605020350808 0.00091157947430639671 -0.064344954423252693 0.066940963623313032 -0.043815836126636289 -0.061662090941781815 0.060633659296842113 0.0007015482099756885 0.057178713422861009 0.073089896602445636 -0.0090303669977047276 0.055522781113104096 -0.029117191892246604 -0.061798893475383559 -0.050109235303032754 0.058046739312669064 0.027051401021127044 0.029039599558170773 0.0084455566288764144 -0.0030303763553282594 -0.075617685284673136 -0.067261460970742412 0.052991954108837072
leaf_weight=6.0833442341536283 7.5772156314924342 0.49067799746990193 12.266988910734652 9.8113639913499338 3.2444473728537586 1.9997023195028294 5.8942372007295472 6.1751000471413127 164.26851732283831 7.1221468597650519 7.6854655975475898 9.8268881253898126 9.296398341655733 12.238559851422904 20.672196255996823 5.0700283776968709 2.9542214795947093 7.4288562890142202 2.9444700982421628 6.1506683714687815 11.275677671656011 3.0297966077923775 11.791570886969565 15.082094876095651 17.515109869651496 3.9860799424350262 146.33174195885658 5.8358278386294824 4.9398338850587589 2.6611331813037395
leaf_count=154 543 5 86 223 90 17 39 52 1565 41 104 66 58 162 124 39 19 66 21 35 92 32 240 151 201 22 724 24 29 39
internal_value=1.19911e-05 0.0416583 -0.000629738 -0.0199424 -0.00296281 0.000351779 -0.0225018 0.000914683 0.000652736 0.000192357 0.0012773 -0.0112228 0.000100743 0.0015088 -0.0186439 -0.000216499 -0.0139404 0.0143347 0.0193639 -0.00171575 -0.000362344 -0.00462519 0.00473819 -0.00139184 0.000347316 -0.00258752 -0.00545019 -0.0415018 -0.0322707 -0.00189813
internal_weight=531.65 8.06789 523.582 25.3228 15.5114 498.26 11.9776 486.282 484.282 478.107 436.61 41.4973 428.925 398.956 29.9686 34.3751 20.21 10.3831 14.1652 9.09514 386.717 210.657 176.06 199.382 188.751 171.236 156.154 9.82191 10.6308 5.69093
internal_count=5063 548 4515 399 176 4116 193 3923 3906 3854 3567 287 3463 3281 182 246 151 85 95 56 3119 1314 1805 1222 1122 921 770 46 100 71
is_linear=0
shrinkage=0.05


Tree=73
num_leaves=31
num_cat=0
split_feature=0 1 1 2 0 5 6 4 2 0 5 6 2 0 2 6 2 6 0 3 5 0 5 6 6 6 5 4 2 4
split_gain=5.41801 3.65862 3.54717 5.70653 3.27093 3.00369 2.67721 2.42542 8.98012 13.4187 6.17725 5.83734 6.45923 4.05828 13.0462 9.45432 6.67007 11.6302 8.36215 4.77221 3.83563 3.87336 3.73145 3.0551 3.01902 2.51847 2.45938 2.40142 2.33302 6.96311
threshold=0.050524901405908443 1.4965490463398712 1.9668001027168092 -1.2294918527492065 4.9250498812700654 -0.97995705049585646 -0.83194502671269133 0.93742207714292702 -1.2084602161472491 -0.43145538629536023 -1.1760400074157753 1.17976800211045 1.4634720665243601 -0.46382645497508307 -1.2447321691274367 -0.73644990756368489 -1.2022116864321746 -0.83194502671269133 -0.44644579680684154 -0.15374285239996058 1.0508001909799718 -0.39043945449167144 -0.17768995368907711 3.047394467177694 0.97407783099018419 -0.61865989030092794 -0.76720904743073381 -0.23140606756786361 0.97837290288751211 -0.015559208253519061
decision_type=2 2 2 2 2 2 2 2 2 2 2 2 2 2 2 2 2 2 2 2 2 2 2 2 2 2 2 2 2 2
left_child=1 7 -3 -4 5 6 -2 10 -9 24 -1 12 20 15 -15 -12 -16 -18 22 27 21 -11 -19 -13 -10 -21 -20 -17 -28 -30
right_child=4 2 3 -5 -6 -7 -8 8 9 11 13 23 -14 14 16 19 17 18 26 25 -22 -23 -24 -25 -26 -27 28 -29 29 -31
leaf_value=-0.044234889985986792 0.051809119766132145 -0.049067215148658548 0.026069269581904916 -0.058038208650345646 -0.083472515140861292 0.051794878058360021 -0.064882070396387825 0.049499281966454436 0.0049618865070378991 -0.034914199310504025 -0.050164008086463985 0.053379469687058194 -0.058261631605112198 0.097451262037572803 -0.042412431974534856 0.0028213059205767698 0.071343667525019624 0.0054667639964593425 -0.039939887638744946 -0.011532157947560922 0.038257273363538923 0.03143326772725033 0.065591926838707612 -0.0192245414049503 -0.04393056168577264 0.049433294261066137 -0.0025802685807332915 -0.057086226716438905 0.040930721853915518 -0.0018299760498654343
leaf_weight=8.2332811690866929 0.85025800205767188 7.5784020926803377 5.914394773542881 3.0601779520511609 0.56735753826797086 9.1297627454623544 1.1650038771331299 11.314495225436984 4.0107439067214754 5.4018447231501368 12.996489854529502 11.876990612596272 3.6234766431152812 3.4606577083468428 9.0798326134681684 3.8165449034422636 5.7786236368119708 4.1476364899426699 4.0957920728251329 2.3325603008270255 8.8965705875307304 3.7109971679747131 6.8296787142753583 1.6502369344234455 14.838771210983394 6.1876942366361609 313.67256403900683 2.9781249631196252 12.758236113935707 37.51329998858273
leaf_count=108 49 196 31 76 17 609 13 390 24 33 250 259 16 32 55 44 45 27 37 16 64 31 57 15 142 122 1659 40 319 287
internal_value=1.06225e-05 -0.00075302 -0.0238794 -0.00260996 0.0336379 0.0395996 -0.015649 1.38179e-05 0.00899581 0.000510729 -0.00133849 0.0187587 0.00264859 -0.000508748 0.000794471 -0.0187988 -5.47716e-05 0.000944721 -0.000128605 0.00781828 0.0149037 -0.00789571 0.0428744 0.0445222 -0.0335274 0.032743 -0.00141123 -0.0234364 -0.000977634 0.00902211
internal_weight=527.471 515.758 16.553 8.97457 11.7124 11.145 2.01526 499.205 65.3241 54.0096 433.881 35.1601 21.6329 425.648 397.336 28.3114 393.876 384.796 379.017 15.3149 18.0094 9.11284 10.9773 13.5272 18.8495 8.52025 368.04 6.79467 363.944 50.2715
internal_count=5063 4375 303 107 688 671 62 4072 974 584 3098 418 144 2990 2518 472 2486 2431 2386 222 128 64 84 274 166 138 2302 84 2265 606
is_linear=0
shrinkage=0.05


Tree=74
num_leaves=31
num_cat=0
split_feature=0 1 0 5 5 6 0 0 6 1 6 1 2 5 2 2 0 2 5 0 6 3 3 4 6 0 2 2 1 4
split_gain=5.08529 3.48648 2.94655 2.88612 2.66279 7.90089 3.19314 4.74193 2.58439 2.43535 2.42964 2.26258 2.12571 2.45387 4.81633 8.5247 5.97744 5.49037 4.65959 5.9932 6.14892 5.67456 9.6895 5.80011 7.16733 5.41498 5.81636 9.44614 5.34419 4.4583
threshold=0.050524901405908443 2.003131675360764 4.9250498812700654 -0.97995705049585646 -1.1760400074157753 0.70558628020151504 -0.46382645497508307 -0.44504841469390521 1.6360648057523108 -0.40683880547113577 -0.83194502671269133 -1.8453568566189313 1.9065080941201404 1.2746346602122036 0.97837290288751211 0.17993259066919218 -0.22896010285105647 0.10677908729400419 -0.011552942454124868 -0.23317771871060625 -0.60763494068423818 -0.89008012040608409 -0.70599582641508996 -0.34092390700903202 -0.50446318995027728 -0.43925956003961947 0.15813895348863957 0.52390654656616109 -1.0473081786632019 0.65903693769190641
decision_type=2 2 2 2 2 2 2 2 2 2 2 2 2 2 2 2 2 2 2 2 2 2 2 2 2 2 2 2 2 2
left_child=1 4 3 10 5 -1 -7 -8 -9 -10 -2 -6 13 18 15 17 -17 -15 -13 20 -20 -22 -23 24 -24 28 -27 29 -25 -28
right_child=2 -3 -4 -5 11 6 7 8 9 -11 -12 12 -14 14 -16 16 -18 -19 19 -21 21 22 23 25 -26 26 27 -29 -30 -31
leaf_value=-0.049397152436294396 0.051720282448102409 -0.058048391675093541 -0.073929688043946687 0.051714282514611631 0.033911847891806214 0.073990396032417124 -0.048372660740846389 -0.036138995512548108 -0.030756630678525 0.060637380530065232 -0.060669798695473225 0.0033670809166055208 -0.033180676273670683 0.009724557832980131 0.03102777186961821 -0.0047281407985879948 -0.052924839446783091 0.054611611663592158 -0.042181304504895156 0.015048868200738428 -0.034312980629346054 0.056984104418102248 0.079910735264461449 -0.029948194901862336 0.00016149036861499134 -0.031723446930930842 0.0084672969320768714 -0.029067173088029287 0.062498539164800852 0.069784601491073933
leaf_weight=10.233372712507846 0.81014456786215294 2.6385173089802256 0.60744125023484308 8.6976924464106524 4.9650082616135469 1.7279885644093145 3.2845123410224906 1.3030476691201318 0.8989660050719962 3.8528379732742919 1.1831113435327996 202.53177423588932 4.783234358765184 39.042134379968047 17.285627666860819 41.914562117308378 7.5994857661426058 8.2523240931332094 15.061183327808974 23.990769067779183 17.940378546714783 6.1549353152513495 3.8698554635047904 2.4129588268697262 10.359153073281048 34.488272860646248 19.332392154261473 20.204015371389687 4.4395341333001843 3.501346416771411
leaf_count=169 49 71 17 609 37 80 37 19 27 72 13 1994 43 248 225 230 31 49 120 249 90 36 28 13 52 158 103 119 50 25
internal_value=1.10318e-05 -0.000721066 0.0331913 0.0392778 -0.000424148 -0.017729 0.0115529 5.78397e-07 0.0262411 0.0433471 -0.0149897 0.000330991 -1.40873e-05 0.000317539 0.00671634 0.00237542 -0.0121254 0.0175568 -0.00168656 -0.00801418 -0.0120305 -0.0083296 -0.00387999 -0.00767904 0.0218508 -0.0126588 -0.0164245 -0.00416473 0.0299454 0.0178697
internal_weight=523.367 512.068 11.2984 10.6909 509.43 21.3007 11.0674 9.33936 6.05485 4.7518 1.99326 488.129 483.164 478.381 114.094 96.8085 49.514 47.2945 364.287 161.755 137.764 122.703 104.762 98.6075 14.229 84.3785 77.526 43.0378 6.85249 22.8337
internal_count=5063 4375 688 671 4304 404 235 155 118 99 62 3900 3863 3820 783 558 261 297 3037 1043 794 674 584 548 80 468 405 247 63 128
is_linear=0
shrinkage=0.05


Tree=75
num_leaves=31
num_cat=0
split_feature=0 1 0 5 5 6 0 0 6 1 6 1 2 6 2 0 5 5 2 4 1 6 2 5 2 2 4 3 5 1
split_gain=4.7711 3.30378 2.67581 2.77479 2.49175 7.42601 3.09458 4.42712 2.39633 2.58722 2.20929 2.0551 1.95183 3.11616 2.67035 6.51351 5.68847 5.16944 3.69117 3.9016 3.68843 3.68648 3.5697 3.44607 3.20419 3.73427 4.73212 4.72524 4.24177 3.14699
threshold=0.050524901405908443 2.003131675360764 4.9250498812700654 -0.97995705049585646 -1.1760400074157753 0.70558628020151504 -0.46382645497508307 -0.44504841469390521 1.6360648057523108 -0.48726836259587936 -0.83194502671269133 -1.8453568566189313 1.7669070551809316 -0.33018731971312248 0.97837290288751211 -0.2051559451677101 1.3504548344195155 0.20969313362491748 0.68286303115078406 0.18831013365909852 -0.93833983871746207 -0.013757654665217276 0.60361343170493675 1.0332201840986603 0.5557588230369781 0.42743532865164818 0.18831013365909852 -0.52191153242409583 0.47619257875424831 -0.79926088106645266
decision_type=2 2 2 2 2 2 2 2 2 2 2 2 2 2 2 2 2 2 2 2 2 2 2 2 2 2 2 2 2 2
left_child=1 4 3 10 5 -1 -7 -8 -9 -10 -2 -6 14 -14 18 16 17 20 22 -20 -16 -19 24 -23 25 -13 27 -27 -29 -26
right_child=2 -3 -4 -5 11 6 7 8 9 -11 -12 12 13 -15 15 -17 -18 21 19 -21 -22 23 -24 -25 29 26 -28 28 -30 -31
leaf_value=-0.048771830528265295 0.051635838276848638 -0.057786216066858992 -0.066058830419792922 0.051637091393037737 0.032417315388267913 0.07497430391839853 -0.047691700088810608 -0.034346618922826061 -0.03771374862202477 0.05992763498014389 -0.056798254563546452 -0.0011292233486761337 -0.049740535801970409 0.0073436432196571609 -0.040342464926738847 0.042874066692237811 0.037513696333970024 -0.040410278857827227 -0.037346213016326908 0.018346560296193869 0.044455521021615138 -0.018937569840654429 0.033078830761436015 0.052668124102668135 0.011099432726932243 -0.041945869673747721 0.051981570108053023 0.045809350376791541 -0.0052807284082423446 -0.044229515196613625
leaf_weight=9.8559590745717305 0.77186183817684639 2.5209367126226416 0.64478970505297262 8.2855571499094332 4.934994436800479 1.6226702155545343 3.1678132265806189 1.3025086978450406 0.82637100666761254 3.7895727166906013 1.20011432096362 359.46911602001637 4.9839422274380922 4.5947327204048616 1.6497361846268175 12.372253315523265 8.1227855598553997 12.251350630074739 12.805488731712105 4.1684149615466586 5.7585530178621438 5.3448117058724174 8.0567595567554218 2.4506261423230171 3.8035489618778229 4.1869831718504491 7.443348702043294 7.3457290232181576 9.0901758186519128 7.9242069721221906
leaf_count=169 49 71 17 609 37 80 37 19 23 76 13 2684 43 58 9 310 91 59 72 32 85 49 68 25 26 18 75 69 50 40
internal_value=1.13265e-05 -0.000688527 0.0327398 0.0389502 -0.000404803 -0.0174528 0.0113716 1.31422e-05 0.0255468 0.0424474 -0.0143555 0.000315454 -1.33447e-05 -0.0223582 0.000439883 0.0116242 0.000756999 -0.0101177 -0.000824073 -0.0236693 0.025572 -0.0233069 0.000127937 0.00357288 -0.000536981 0.000242222 0.0178075 0.00547322 0.0175531 -0.0262852
internal_weight=520.746 509.843 10.9023 10.2575 507.322 20.5649 10.7089 9.08627 5.91845 4.61594 1.97198 486.758 481.823 9.57867 472.244 47.9501 35.5779 27.4551 424.294 16.9739 7.40829 20.0468 407.32 7.79544 399.263 387.535 28.0662 20.6229 16.4359 11.7278
internal_count=5063 4375 688 671 4304 404 235 155 118 99 62 3900 3863 101 3762 628 318 227 3134 104 94 133 3030 74 2962 2896 212 137 119 66
is_linear=0
shrinkage=0.05


Tree=76
num_leaves=31
num_cat=0
split_feature=0 2 1 5 6 0 0 5 2 2 1 3 3 3 3 3 3 3 4 0 2 2 3 1 5 0 2 3 4 4
split_gain=4.49222 8.44297 3.25423 2.32274 6.94489 2.93784 4.26072 2.32399 2.61775 5.16073 1.84872 1.80697 6.4361 16.611 6.96413 4.5477 19.8915 10.3415 4.7353 6.25524 5.6547 3.89855 6.51558 3.87086 3.33138 4.30006 7.25625 7.14576 5.7882 10.168
threshold=0.7864295468921777 2.2315840577081043 2.003131675360764 -1.1760400074157753 0.70558628020151504 -0.46382645497508307 -0.44504841469390521 -1.6755608109096931 0.10677908729400419 0.2360169549410788 -1.8453568566189313 1.5030157014768397 1.2268893525324958 1.1348471134948515 1.3189314995279926 0.85872076455050717 0.76667852551286308 0.95076291154600423 -0.97481373065111521 -0.42820906759540006 -1.2259865799822136 -1.2022116864321746 -0.89008012040608409 -0.58648197672848079 -0.011552942454124868 -0.46139035719728066 -0.47768704581111826 -1.1662064693504284 0.73300199645192177 -0.38634794457304028
decision_type=2 2 2 2 2 2 2 2 2 2 2 2 2 2 2 2 2 2 2 2 2 2 2 2 2 2 2 2 2 2
left_child=2 -2 3 4 -1 -6 -7 -8 -9 -10 -5 12 13 15 -14 16 18 -17 19 -12 -21 -22 -23 -16 25 -20 28 -28 29 -27
right_child=1 -3 -4 10 5 6 7 8 9 -11 11 -13 14 -15 23 17 -18 -19 24 20 21 22 -24 -25 -26 26 27 -29 -30 -31
leaf_value=-0.046222416266458649 0.051075982639326362 -0.23939676535286869 -0.057371593529830692 0.030987652753237522 0.076052736029155535 -0.047006570781025679 0.059704114583569404 0.061101106136674105 -0.10456364560683139 0.051860906029267885 -0.055845345069939357 0.013696967970761108 -0.06416293725580012 0.070218744866949748 -0.032327074933822357 -0.060080959498413633 0.063839003368531419 0.00014127468385084419 0.030016057129592003 0.11760568265459254 -0.060311514698310989 -0.059811908917055547 0.057726040127097811 0.015839826018470848 -0.0036822032133520077 -0.034421214955368894 0.055204713071178073 0.0061164280351492621 -0.046899390081121657 0.028734528045001085
leaf_weight=10.126473616808655 6.6302218986675134 0.25997278094291676 2.5054284613579503 4.9053160753101102 1.5221794340759505 3.0561322029680005 2.7166570918634521 1.0581804215908057 1.1868664361536505 0.948792996816337 8.8920051436871308 23.379097364842892 7.8860900606960085 8.4630989814177138 7.9835655745118901 10.23717864975333 12.198823997750877 23.476820791140199 16.632733614183962 0.97015563026070584 2.5998380891978741 1.8539637522771952 3.2389000197872502 8.7345406040549243 219.06767685059458 12.823288425803183 8.1382751176133734 83.264488647691905 10.666652269661425 12.669934373348953
leaf_count=173 547 1 72 37 80 37 56 12 6 45 181 195 66 111 47 91 170 154 435 10 22 22 62 67 1376 67 89 641 108 83
internal_value=1.31367e-05 0.0401162 -0.000527388 -0.00024742 -0.0166871 0.011828 0.000925151 0.0257091 -0.00320674 -0.0350701 0.000446946 0.000136891 -0.000552591 0.000853978 -0.0254317 -0.000521692 0.000990087 -0.0181451 -0.00102317 -0.0263859 0.0038527 -0.0104931 0.0149385 -0.0071618 0.000202503 0.00610431 0.00298649 0.0104871 -0.0159732 -0.0030333
internal_weight=518.093 6.89019 511.203 508.698 20.6153 10.4888 8.96663 5.9105 3.19384 2.13566 488.082 483.177 459.798 435.194 24.6042 426.731 393.017 33.714 380.818 17.5549 8.66286 7.6927 5.09286 16.7181 363.263 144.195 127.563 91.4028 36.1599 25.4932
internal_count=5063 548 4515 4443 409 236 156 119 63 51 4034 3997 3802 3622 180 3511 3266 245 3096 297 116 106 84 114 2799 1423 988 730 258 150
is_linear=0
shrinkage=0.05


Tree=77
num_leaves=31
num_cat=0
split_feature=0 2 1 5 5 6 0 0 5 2 2 2 2 1 5 2 2 2 3 1 1 5 5 0 6 3 4 6 0 4
split_gain=4.2483 6.02984 2.96625 2.62554 2.19363 6.5621 2.91416 3.86742 2.1261 2.42519 4.66327 1.92447 1.80614 2.35263 2.073 4.32039 7.60135 6.64238 5.41084 4.51832 4.33344 5.63853 4.14175 5.372 5.70548 5.15877 5.87089 6.81201 4.88504 6.32676
threshold=0.050524901405908443 2.2315840577081043 2.003131675360764 -0.97995705049585646 -1.1760400074157753 0.70558628020151504 -0.46382645497508307 -0.44504841469390521 -1.6755608109096931 0.10677908729400419 0.2360169549410788 0.13192560931808389 1.9065080941201404 -2.0163870292292185 1.2746346602122036 0.97837290288751211 0.33172614179636356 0.35169097149216128 0.76667852551286308 -1.1428468996955841 -0.75876158661485649 1.3504548344195155 -0.011552942454124868 -0.23317771871060625 -0.60763494068423818 -1.0741643223549311 -0.35062069321018446 -0.52438976555377581 -0.39567619450301389 0.73300199645192177
decision_type=2 2 2 2 2 2 2 2 2 2 2 2 2 2 2 2 2 2 2 2 2 2 2 2 2 2 2 2 2 2
left_child=2 3 4 11 5 -1 -7 -8 -9 -10 -11 -2 13 -6 22 16 -16 -18 19 -19 -17 -22 -15 24 -24 -26 27 -27 29 -28
right_child=1 -3 -4 -5 12 6 7 8 9 10 -12 -13 -14 14 15 20 17 18 -20 -21 21 -23 23 -25 25 26 28 -29 -30 -31
leaf_value=-0.047523219891384472 -0.051884721321364805 -0.1829386624154905 -0.057269534505018094 0.051529918181161066 0.055552177260866323 0.077232732558406569 -0.046317120303644065 0.058867103558547289 0.059928129716995432 -0.098776250439414889 0.051768961300374484 0.051579489909217548 -0.030400766620369703 0.0033032583483110635 0.012689371331015884 0.061576640867511849 -0.072546799231639161 0.029828559830271328 0.045823771534701484 -0.025678386098909507 -0.047823112494186082 0.033334892802256641 -0.040626024141081601 0.014518765693108837 -0.041104284549353949 0.076356996705757449 0.042993415239341345 0.0040210394281426868 -0.014756862407546903 -0.018248254926029831
leaf_weight=9.1647697929292935 1.2122922707349051 0.31628231331706125 2.3014094810932866 7.9533650847151849 1.9390324112027872 1.426360310986637 2.949267614632844 2.4895971347577857 1.0257761813700206 1.193404443562031 0.90408229362219561 0.71422620490193356 4.748417690396308 200.9922535540536 61.991529708728194 6.5120532643049982 4.5910075195133677 4.4098851643502739 4.0447234101593486 21.741621265187863 3.0311565389856678 7.2806152375414968 14.755462203174828 23.712789429351687 10.571853300556539 4.3509725630283382 9.175342198461296 12.917037382721899 77.774398235604167 7.8042975217103949
leaf_count=169 15 2 71 624 18 80 37 55 12 6 45 47 43 2000 371 118 17 31 34 107 15 94 121 250 55 33 78 65 411 39
internal_value=1.18213e-05 0.0319646 -0.000634856 0.0388442 -0.000374955 -0.0169698 0.0110639 4.08803e-05 0.0243996 -0.00307491 -0.0338866 -0.013527 0.000284005 0.000589084 0.000365025 0.00625774 0.00219228 -0.0165137 -0.00799453 -0.0163183 0.0296442 0.00947841 -0.00148395 -0.00745798 -0.0112522 -0.00771672 -0.00456584 0.0222473 -0.00945228 0.0148451
internal_weight=513.995 10.1962 503.799 9.87988 501.498 19.1533 9.98849 8.56213 5.61286 3.12326 2.09749 1.92652 482.344 477.596 475.657 113.603 96.7788 34.7872 30.1962 26.1515 16.8238 10.3118 362.054 161.062 137.349 122.594 112.022 17.268 94.754 16.9796
internal_count=5063 688 4375 686 4304 404 235 155 118 63 51 62 3900 3857 3839 787 560 189 172 138 227 109 3052 1052 802 681 626 98 528 117
is_linear=0
shrinkage=0.05


Tree=78
num_leaves=31
num_cat=0
split_feature=0 2 6 4 0 2 5 6 1 2 5 3 5 2 0 0 6 4 5 0 5 0 1 2 2 2 2 0 3 1
split_gain=4.00828 6.19657 3.25185 3.14391 6.97835 12.6912 6.21299 3.89552 4.0525 3.98007 3.5051 3.23149 2.82335 3.66537 5.27347 5.66872 4.15478 3.68997 3.26585 5.86305 3.96326 7.14123 5.84406 5.21466 3.761 3.39017 5.31209 3.20066 3.12432 3.1154
threshold=0.7864295468921777 2.2315840577081043 3.8661535032793659 1.0085710810042914 -0.46139035719728066 -0.60631531604337974 -1.1760400074157753 1.17976800211045 0.06472089210630276 1.4445741351766204 1.0332201840986603 -2.362754472334037 -0.40508591749695272 1.3156410586167941 -0.26845378018014682 -0.14766467220382987 0.35610898840135946 -0.77662554651860782 -0.011552942454124868 -0.14766467220382987 0.97646373688526711 -0.42820906759540006 0.33311807327612236 -1.1915434649674137 -1.2468658134203887 0.90994376042672809 0.75434014544531569 -0.28060790940264996 0.58259423152186895 -1.0677811595048523
decision_type=2 2 2 2 2 2 2 2 2 2 2 2 2 2 2 2 2 2 2 2 2 2 2 2 2 2 2 2 2 2
left_child=2 -2 3 6 -5 -6 11 9 -9 10 -7 -1 13 14 16 -16 -8 -17 25 20 21 23 29 28 -22 26 -14 -24 -20 -23
right_child=1 -3 -4 4 5 7 12 8 -10 -11 -12 -13 18 -15 15 17 -18 -19 19 -21 24 22 27 -25 -26 -27 -28 -29 -30 -31
leaf_value=0.047216698708103355 0.050974825050978459 -0.17415224739929325 -0.061248306367934546 0.049110646556126354 -0.036154308501618264 -0.01065518339831552 -0.0097834494669852765 0.052682577777696193 -0.02053125781683425 -0.047789840678889001 0.037326844043428155 -0.048189338308457341 0.0074108147524575467 -0.058478396819238082 0.052640926901086474 0.020225428456577411 -0.060107918458981037 -0.080655878106894147 -0.034449098149394307 0.047226429066185599 -0.039840892561960536 0.0025817961910228437 -0.0071034454634036322 0.057173662758427481 0.0032079629850134102 0.0389840339573733 -0.057385075707122681 0.056309422935047475 0.036212654853863484 -0.024586451678150639
leaf_weight=0.97752415947616 6.0143392859026781 0.32202404737472523 2.1921271942555896 9.8645527642220241 14.412809822708367 6.9778744727373185 42.065661624073982 11.406205379869787 2.2654630951583377 2.9617294035851947 8.3735013380646688 9.6422726120799762 106.94255982432514 3.7666583824902764 6.589281415566802 2.0253384672105317 4.5444540847092858 1.6407788526266793 4.0212538260966539 5.8520635096356264 5.2564755715429774 12.527866493910549 3.9753916747868061 6.1134966872632486 145.87175240553916 8.1131610572338086 3.2594917323440304 3.9840919300913802 2.5603259168565273 66.899862270802259
leaf_count=15 547 1 13 376 148 57 411 254 22 13 59 187 815 53 78 33 50 16 47 215 85 74 21 51 876 132 19 31 40 324
internal_value=1.30783e-05 0.0395335 -0.000482712 -0.000217832 0.0109208 0.00280134 -0.00162098 0.0203553 0.0405507 0.00527848 0.0155169 -0.0394075 -0.000700619 -0.0107118 -0.00754788 0.0249128 -0.0146901 -0.0249242 0.000916424 -0.00224756 -0.00340008 -0.0111175 -0.0162081 0.0239241 0.00171066 0.00779079 0.00549432 0.0246376 -0.00696069 -0.0203013
internal_weight=511.42 6.33636 505.084 502.892 56.2621 46.3976 446.63 31.9848 13.6717 18.3131 15.3514 10.6198 436.01 60.6322 56.8655 10.2554 46.6101 3.66612 375.378 257.063 251.211 100.082 87.3872 12.6951 151.128 118.315 110.202 7.95948 6.58158 79.4277
internal_count=5063 548 4515 4502 929 553 3573 405 276 129 116 202 3371 641 588 127 461 49 2730 1764 1549 588 450 138 961 966 834 52 87 398
is_linear=0
shrinkage=0.05


Tree=79
num_leaves=31
num_cat=0
split_feature=0 2 1 3 3 0 6 2 0 4 6 6 1 0 5 3 3 3 3 3 3 5 2 4 0 0 5 4 5 2
split_gain=3.79033 5.21249 2.44727 2.95043 4.42144 2.9874 6.59337 5.67021 8.89691 5.43721 4.44873 3.58204 3.24123 2.76702 2.58624 2.35719 12.1544 7.90139 3.58806 15.1571 9.02926 3.57699 6.27689 8.63349 4.18265 3.47292 3.27449 3.158 2.94655 7.8569
threshold=0.19676597085561209 2.2315840577081043 0.75961552443556102 1.3189314995279926 1.7791422345054781 -0.32054121352941184 -0.8507282742077924 -1.2294918527492065 -0.42539904491439068 1.1183285548757507 -0.42600910403595682 2.2919268085051656 1.1992588846131529 -0.46139035719728066 -0.38538943861786096 1.2268893525324958 1.1348471134948515 1.3189314995279926 0.85872076455050717 0.76667852551286308 0.95076291154600423 -0.011552942454124868 0.28646240215302016 -0.66729479009757864 -0.24606981199935551 -0.22148142620401698 -0.28106579292920691 -0.093497153620987011 -0.35078704689246964 0.0080218371630734874
decision_type=2 2 2 2 2 2 2 2 2 2 2 2 2 2 2 2 2 2 2 2 2 2 2 2 2 2 2 2 2 2
left_child=2 -2 15 5 -5 7 -7 8 9 -4 14 -11 -12 -9 -8 16 18 -17 19 21 -20 22 28 -24 -25 -26 -22 -28 -1 -30
right_child=1 -3 3 4 -6 6 10 13 -10 11 12 -13 -14 -15 -16 17 -18 -19 20 -21 26 -23 23 24 25 -27 27 -29 29 -31
leaf_value=-0.007040989163443423 0.044848693299377872 -0.15430886638182795 -0.03154175730130454 0.032621336992376182 -0.055111840334056507 0.1317842542117191 -0.050200050636509008 0.023319551105828683 0.12104004305093595 0.070622737493161447 0.061838477611110533 -0.046478973648689886 -0.014485557005012259 -0.055799529357616021 0.01490839280228777 -0.063087168533389013 0.067354162144389912 -0.0013876723911516369 -0.060664638357052852 0.059522908515911369 -0.038030069842736075 -0.0038126136814857279 -0.053773000684454911 0.058373496245040984 -0.022739487949407833 0.033358719146755353 0.035095945358635174 -0.0096014696846116396 0.022606508750852069 -0.015542772469437045
leaf_weight=56.280483827926219 7.0452950866892925 0.34461274743080128 12.046179268509148 7.2897997107356769 1.7883782405406234 0.93020741641521354 5.2817502450197926 1.2133095264434803 1.2868854440748716 2.5080034639686342 3.096990521997216 0.88295310735702504 2.5251671615988016 12.38725966773927 2.1445024153217673 6.1397909726947537 6.9561620699241749 33.506604671478271 8.2070041690021771 11.107077354565261 4.1260651536285922 217.99882098753005 2.9460602868348387 11.864388160873208 3.8081005420535812 10.013577292673284 7.6421344373375204 8.1833072118461061 37.749318480491638 21.006987970322371
leaf_count=704 627 1 189 79 34 6 92 9 11 68 29 9 53 170 30 44 102 243 59 161 25 1414 29 243 23 142 60 39 276 92
internal_value=1.39256e-05 0.0355614 -0.000510497 -0.0106297 0.0153381 -0.0159508 0.00317259 -0.024766 -0.00526845 -0.0157979 -0.005996 0.0401312 0.0275579 -0.0487413 -0.0313985 0.000696506 0.00182782 -0.0109427 0.000690946 0.00199095 -0.0165191 0.000224104 0.0063493 0.0272978 0.0365962 0.0179027 0.00164006 0.011983 0.00113532 0.0089671
internal_weight=508.307 7.38991 500.917 53.3814 9.07818 44.3032 13.9786 30.3246 16.724 15.4371 13.0484 3.39096 5.62216 13.6006 7.42625 447.536 407.889 39.6464 400.933 372.775 28.1585 361.668 143.669 28.6321 25.6861 13.8217 19.9515 15.8254 115.037 58.7563
internal_count=5063 628 4435 779 113 666 210 456 277 266 204 77 82 179 122 3656 3369 287 3267 3084 183 2923 1509 437 408 165 124 99 1072 368
is_linear=0
shrinkage=0.05


Tree=80
num_leaves=31
num_cat=0
split_feature=0 2 5 6 0 0 1 1 6 2 4 0 0 6 6 2 6 2 2 6 0 3 5 1 4 6 1 6 2 1
split_gain=3.63494 3.88108 2.63771 6.4907 2.82866 3.36009 2.24688 2.20058 2.11728 2.08988 2.44088 5.42405 12.9504 4.65437 3.6319 2.39435 9.93617 7.96837 13.9041 7.49411 7.28923 5.19708 3.46654 3.12302 3.06718 2.70141 2.53632 4.18881 2.42931 5.49314
threshold=-0.02267143345338191 2.2315840577081043 -1.1760400074157753 0.70558628020151504 -0.46382645497508307 -0.44504841469390521 1.909287300303766 -2.0163870292292185 3.047394467177694 1.9065080941201404 0.98480453059191408 -0.46139035719728066 -0.43145538629536023 1.3841515125354047 0.97407783099018419 -1.2022116864321746 -0.83194502671269133 -1.2294918527492065 -1.2468658134203887 -0.84942161351248091 -0.44644579680684154 0.39851002957302184 -0.17768995368907711 1.1992588846131529 0.32727077649447361 -0.39873256202133184 1.9668001027168092 -0.73644990756368489 0.35169097149216128 -1.438978628198343
decision_type=2 2 2 2 2 2 2 2 2 2 2 2 2 2 2 2 2 2 2 2 2 2 2 2 2 2 2 2 2 2
left_child=2 6 3 -1 -5 -6 -2 -4 9 10 15 -12 14 -14 -13 17 -17 18 19 -9 22 24 -18 28 25 -21 27 -23 -22 -30
right_child=1 -3 7 4 5 -7 -8 8 -10 -11 11 12 13 -15 -16 16 20 -19 -20 21 23 26 -24 -25 -26 -27 -28 -29 29 -31
leaf_value=-0.049338329138732512 0.038497419342843314 -0.1281652227295163 0.053692634657478526 0.07904782527177992 -0.045616488508544772 0.022487859553518619 -0.067780016919101474 -0.042294158407311037 -0.042881226136220155 -0.033824861714242378 0.050045950151781683 0.0060302841081526972 0.012129253779973023 0.061386095933362098 -0.052475007339371008 0.067028121134889318 0.0047158403225727582 -0.054466950482675469 0.082586977954969054 -0.024764778456268833 -0.003985185287004909 -0.039875263994629803 0.063161605359719722 -0.036973386698123327 -0.07687292080388794 0.031003134271520585 0.077247248871166074 0.040708280459023201 0.058451931211907261 0.0026565378733340379
leaf_weight=9.0635665189474839 10.456143716350192 0.38452031277120191 1.9069619737565506 1.2826518146321166 2.7592417579144231 5.2705543516203752 0.52215842157602388 12.96030056290328 2.8781241513788691 4.4872368909418574 7.58893141709268 3.6738525740802279 18.216541474685076 6.5096735060214987 9.5433722212910634 5.5495537444949141 4.1604137066751719 8.7237098626792413 4.3563606087118378 6.5234913267195171 230.24517566710711 2.2432771623134613 6.5020925067365152 6.1317365458235136 1.821210030466317 3.2550267856568205 2.3404898792505264 5.7364443214610201 4.586584359407424 115.40887156082317
leaf_count=197 744 2 18 80 37 119 3 285 15 42 299 21 128 144 102 44 29 65 33 83 1131 29 58 126 19 60 14 107 60 969
internal_value=1.3907e-05 0.0279737 -0.000629573 -0.0192171 0.0100991 -0.000914523 0.0334426 8.8982e-05 -0.000126926 0.000134573 0.000461523 0.0114582 0.00374037 0.0250971 -0.0362129 -0.000729083 0.000624504 -0.0112446 -0.00163467 -0.0121535 -0.000379516 0.00566732 0.0403566 -0.00159832 -0.0172968 -0.00620102 0.0314786 0.0180545 -0.000979004 0.0047892
internal_weight=505.088 11.3628 493.725 18.376 9.31245 8.0298 10.9783 475.349 473.442 470.564 466.077 45.5324 37.9434 24.7262 13.2172 420.545 372.584 47.9603 39.2366 34.8802 367.035 21.9199 10.6625 356.372 11.5997 9.77852 10.3202 7.97972 350.241 119.995
internal_count=5063 749 4314 433 236 156 747 3881 3863 3848 3806 694 395 272 123 3112 2417 695 630 597 2373 312 87 2286 162 143 150 136 2160 1029
is_linear=0
shrinkage=0.05


Tree=81
num_leaves=31
num_cat=0
split_feature=0 2 5 6 0 0 5 2 0 3 1 6 4 0 0 6 2 6 5 2 0 0 6 4 5 0 5 0 1 2
split_gain=3.47773 4.49946 2.23688 5.63927 2.69302 3.2437 2.18061 2.18521 4.09032 2.1666 2.00601 1.94812 1.79874 5.33972 11.5008 5.05809 4.11521 3.27997 2.1706 3.46956 4.62979 4.88295 3.82673 3.32296 2.70536 5.31089 3.54944 6.45581 5.3178 4.65791
threshold=0.7864295468921777 2.2315840577081043 -1.1760400074157753 0.70558628020151504 -0.46382645497508307 -0.44504841469390521 -1.6755608109096931 0.10677908729400419 -0.40388620134612946 -1.6264172963700605 -2.0163870292292185 3.047394467177694 1.0085710810042914 -0.46139035719728066 -0.43145538629536023 1.17976800211045 1.4445741351766204 0.97407783099018419 -0.40508591749695272 1.3156410586167941 -0.26845378018014682 -0.14766467220382987 0.35610898840135946 -0.77662554651860782 -0.011552942454124868 -0.14766467220382987 0.97646373688526711 -0.42820906759540006 0.33311807327612236 -1.1915434649674137
decision_type=2 2 2 2 2 2 2 2 2 2 2 2 2 2 2 2 2 2 2 2 2 2 2 2 2 2 2 2 2 2
left_child=2 -2 3 9 -5 -6 -7 -8 -9 -1 -4 12 18 -14 17 16 -16 -15 19 20 22 -22 -12 -23 -20 26 27 29 -29 -26
right_child=1 -3 10 4 5 6 7 8 -10 -11 11 -13 13 14 15 -17 -18 -19 24 -21 21 23 -24 -25 25 -27 -28 28 -30 -31
leaf_value=0.023875282055298847 0.050855630638662878 -0.1286401460214206 0.051803719060866817 0.080506187827711947 -0.044905854651113894 0.058305215118429871 0.054375156271835562 -0.13143734148587821 0.018312196146655173 -0.052494993195289913 -0.0085179558119474509 -0.041215110252204396 0.049154050824921393 0.0044504330750414559 0.019474905550148146 0.058959296563249143 -0.045874265270261665 -0.051935695357015768 0.007050892152631937 -0.057338418070654186 0.050267836607251315 0.019769666943394028 -0.057323474429014067 -0.077908769606812575 -0.0060829065466976012 0.046272244611160356 0.0015971319404266217 -0.019405262446044708 0.023567395187452392 0.055454226286530309
leaf_weight=1.041953895241021 5.283441877923905 0.37383773922920216 1.8784085754305113 1.1985343005508173 2.6651622019708148 2.3767228913493441 0.99449862912297327 0.71998334676027198 1.2436975324526436 8.5433517554774898 40.98127868771553 2.8455923460423937 7.2456278335303059 3.5883322581648818 13.675410285592084 6.8766889804974189 2.924217725172638 9.1698360927402955 115.82649950683117 3.5768005754798642 6.4341529253870249 1.9957846915349367 4.452725443057715 1.5445254677906612 6.4563035108149052 5.5347780333831897 149.92045201081783 78.322440586984158 7.927982121706008 5.8717400915920717
leaf_count=16 547 1 18 80 37 56 13 3 48 187 411 15 293 20 100 158 13 102 955 53 78 33 50 16 87 215 960 395 52 51
internal_value=1.35957e-05 0.0389944 -0.000431161 -0.0173555 0.0106105 0.000139012 0.0226421 -0.00601108 -0.0365935 -0.0441933 0.000235239 3.13825e-05 0.000279878 0.0099702 0.0021348 0.0229008 0.00796289 -0.0360767 -0.000702612 -0.00961012 -0.0065291 0.0243176 -0.0133011 -0.0228443 0.000717957 -0.00216954 -0.00324848 -0.0106178 -0.0154553 0.0232267
internal_weight=501.491 5.65728 495.833 18.7839 9.1986 8.00006 5.3349 2.95818 1.96368 9.58531 477.05 475.171 472.326 43.4801 36.2345 23.4763 16.5996 12.7582 428.845 58.9853 55.4085 9.97446 45.434 3.54031 369.86 254.034 248.499 98.5785 86.2504 12.328
internal_count=5063 548 4515 440 237 157 120 64 51 203 4075 4057 4042 686 393 271 113 122 3356 641 588 127 461 49 2715 1760 1545 585 447 138
is_linear=0
shrinkage=0.05


Tree=82
num_leaves=31
num_cat=0
split_feature=0 2 4 6 4 0 0 5 6 6 0 2 2 2 6 3 4 6 6 1 1 2 3 0 2 3 1 3 3 3
split_gain=3.29003 4.11411 2.09297 2.47904 5.09011 5.98063 9.86575 4.08689 3.29974 2.65522 2.48739 9.34122 8.63188 10.3702 7.90056 6.30778 5.45268 6.63176 3.95993 5.7629 3.70799 3.59051 3.92366 7.19133 5.32103 4.64374 3.19136 3.08614 11.8235 7.80991
threshold=0.7864295468921777 2.2315840577081043 2.8119568026088237 1.3189545882589309 0.29012884117033955 -0.43145538629536023 -0.46139035719728066 -1.1760400074157753 0.70558628020151504 0.97407783099018419 -0.45780977284132413 -1.2294918527492065 -1.2022116864321746 -1.0970535034223874 -0.84942161351248091 -0.15374285239996058 -0.3105716138764702 -0.83736222417866968 -0.78711023160481963 1.1992588846131529 -1.0068494770013638 -0.94007824472661794 -1.1662064693504284 -0.25850395920746977 0.055876461071348658 -0.89008012040608409 -0.38533136794031014 -0.24578499939545764 -0.15374285239996058 -0.33782723843310175
decision_type=2 2 2 2 2 2 2 2 2 2 2 2 2 2 2 2 2 2 2 2 2 2 2 2 2 2 2 2 2 2
left_child=2 -2 3 7 -5 6 -6 8 -1 10 14 -12 -13 16 -9 20 17 -14 -15 21 -16 -20 23 24 -23 -24 -19 29 -29 -27
right_child=1 -3 -4 4 5 -7 -8 9 -10 -11 11 12 13 18 15 -17 -18 26 19 -21 -22 22 25 -25 -26 27 -28 28 -30 -31
leaf_value=-0.043476996712622645 0.050814316843032427 -0.119147519634435 -0.045893865951257405 -0.035429697706652358 0.046552137408728572 0.041975527584472969 -0.030730561826402211 -0.04519263412061475 0.027754559688798031 -0.024123727940208121 0.073509766938239005 -0.051883492526897862 0.068335473922282439 0.05088084486894421 -0.068097062723204538 0.025487459263365011 0.063051839579647717 0.020669240596223902 -0.036428332480957219 -0.050290668279077459 -0.0044466963709553012 -0.036490214005440898 -0.024929887568729159 0.062482963984978934 0.036206449630632485 0.0038579870472259048 -0.035047895392229113 -0.058586971086068043 0.0002990181505595148 0.056769808766815491
leaf_weight=9.266325972042976 5.0297482823953024 0.38317614793777455 2.5164994290098539 4.891931138932704 6.7366278083063653 15.37044087750837 10.670839115977289 12.172526804730294 1.9717875001952041 11.530832896009086 4.4344458654522887 7.7002866417169562 4.0470901168882838 3.7053821505978695 3.4514023195952177 14.326822517439723 9.4469836074858886 5.1334834210574618 6.7257345207035533 5.8504148451611391 6.7886307677254081 5.5031833946704882 18.743352924473584 7.0593215823173514 4.6389964446425438 54.879650535061955 5.1466466840356615 8.8471311144530755 233.63076784741133 7.9892317624762645
leaf_count=203 547 1 16 30 287 291 126 283 39 132 29 60 31 101 22 212 81 31 32 125 116 20 110 87 28 320 30 69 1433 171
internal_value=1.39764e-05 0.0387829 -0.000411536 -0.000178267 0.0121462 0.0192467 -0.000822432 -0.00120315 -0.030979 -0.000445654 0.000188968 0.00135068 0.000528199 0.00158651 -0.0122531 0.00406796 0.0335631 0.014119 -0.000539535 -0.00107796 -0.0259 -0.000250663 0.00046228 0.0237326 -0.00323902 -0.000772823 -0.007225 0.00071003 -0.00184952 0.0105819
internal_weight=498.59 5.41292 493.177 490.66 37.6698 32.7779 17.4075 452.99 11.2381 441.752 430.221 393.482 389.048 381.347 36.7394 24.5669 23.7742 14.3272 357.573 353.868 10.24 348.017 341.292 17.2015 10.1422 324.09 10.2801 305.347 242.478 62.8689
internal_count=5063 548 4515 4499 734 704 413 3765 242 3523 3391 2758 2729 2669 633 350 173 92 2496 2395 138 2270 2238 135 48 2103 61 1993 1502 491
is_linear=0
shrinkage=0.05


Tree=83
num_leaves=31
num_cat=0
split_feature=0 2 5 6 0 0 3 5 2 0 5 5 3 3 3 3 4 5 2 1 1 2 3 4 0 4 1 3 4 3
split_gain=3.11359 3.78604 1.98366 4.85966 2.65236 2.93258 2.52298 2.10859 2.01877 3.43502 1.50061 2.45807 1.87651 4.64122 15.8638 11.7407 4.23233 3.70183 4.49041 4.7754 3.92186 3.50404 5.69836 3.19429 7.27347 2.82667 2.77471 3.66703 3.22621 2.54605
threshold=0.7864295468921777 2.2315840577081043 -1.1760400074157753 0.70558628020151504 -0.46382645497508307 -0.44504841469390521 -1.8105015903610546 -1.6755608109096931 0.10677908729400419 -0.40388620134612946 2.0589751712411388 2.2807881190120596 -0.89008012040608409 -0.24578499939545764 -0.15374285239996058 -0.33782723843310175 -1.0103651099613307 0.39403016175515826 0.44435207983148367 -0.41223940504135409 -0.86763613816548735 -0.27742930384149173 -1.1662064693504284 -0.70443532405077514 -0.40774424676820548 -0.022289992865721569 0.14955908997862319 -1.2582487083880722 0.80122844122339487 1.0000000180025095e-35
decision_type=2 2 2 2 2 2 2 2 2 2 2 2 2 2 2 2 2 2 2 2 2 2 2 2 2 2 2 2 2 2
left_child=2 -2 3 6 -5 -6 -1 -7 -9 -10 12 -12 16 15 -15 -14 -4 21 -19 20 -20 23 -23 -18 26 -24 28 -28 -25 -16
right_child=1 -3 10 4 5 7 -8 8 9 -11 11 -13 13 14 29 -17 17 18 19 -21 -22 22 25 24 -26 -27 27 -29 -30 -31
leaf_value=0.036999866747813165 0.050774987783412752 -0.11138064938388154 -0.066267983295077923 0.082983160298819941 -0.044434917055431733 0.057608936527763555 -0.051490575091150292 0.052420400982993526 -0.12052166668143167 0.015999826887847787 0.044098760895317168 -0.0080062311442509818 0.0046001051698347879 -0.060617975254655433 -0.012342703817994065 0.060903539174821344 0.026593760940594888 -0.035970500809218924 0.034771765785806048 0.055899792150440608 -0.045462863218880885 0.052808489263163776 -0.031408708813880033 0.053608147014674895 -0.077262017895304694 0.040103266575514114 -0.064186538521086176 0.0065732691520381074 -0.015613892981000025 0.0020866935851493913
leaf_weight=0.89465606771409412 4.7880570460110894 0.38922780752181996 2.9670156687498084 1.0810132860206065 2.555611064657568 2.2355637531727548 8.082003468647601 0.95965318381786335 0.74555568024516095 1.2061475366353986 4.9565522400662285 4.1658609928563237 82.974735770374537 11.070152454078196 34.713656854815781 10.421943222638218 5.43811947479844 16.178728209808472 2.3347856439650077 3.2983209509402478 4.3805535975843668 7.8815208664163947 4.6452561840415001 3.7584611549973506 3.9388673156499889 1.966952939517794 3.0170626416802415 4.6574290171265593 3.0485129375010729 256.17745176423341
leaf_count=14 547 1 50 80 37 56 189 13 3 48 38 33 752 116 224 226 32 68 28 43 36 101 32 32 15 49 29 91 73 2007
internal_value=1.26633e-05 0.0385841 -0.000395085 -0.0167994 0.0096412 -0.00065199 -0.0426712 0.0210876 -0.00695623 -0.0361517 0.00022218 0.0203044 -0.000173608 0.00114195 -0.00187092 0.0108829 -0.00787771 -0.0051936 -0.0196832 0.0066317 -0.0175669 0.00470197 0.0240926 -0.00707758 -0.0170182 -0.0101358 -0.000632207 -0.0212444 0.022607 0.000364753
internal_weight=494.929 5.17728 489.752 17.7602 8.78354 7.70253 8.97666 5.14692 2.91136 1.9517 471.992 9.12241 462.87 395.358 301.961 93.3967 67.5116 64.5446 26.1924 10.0137 6.71534 38.3522 14.4937 23.8585 18.4203 6.61221 14.4815 7.67449 6.80697 290.891
internal_count=5063 548 4515 440 237 157 203 120 64 51 4075 71 4004 3325 2347 978 679 629 175 107 64 454 182 272 240 81 225 120 105 2231
is_linear=0
shrinkage=0.05


Tree=84
num_leaves=31
num_cat=0
split_feature=0 2 5 6 0 0 3 5 2 0 6 6 1 1 0 1 3 3 2 1 1 4 4 0 2 2 4 1 5 5
split_gain=2.94722 3.50175 1.85115 4.55094 2.59006 2.73358 2.38026 1.99696 1.84364 3.0362 1.50574 2.83802 2.31311 2.27481 4.71924 2.18959 2.60737 2.13626 3.18958 2.10822 2.41498 5.5346 5.08561 4.45957 10.8217 5.60919 5.33068 4.13526 4.07363 7.17697
threshold=0.7864295468921777 2.2315840577081043 -1.1760400074157753 0.70558628020151504 -0.46382645497508307 -0.44504841469390521 -1.8105015903610546 -1.6755608109096931 0.10677908729400419 -0.40388620134612946 -0.85083716259906828 -0.85078271840343034 0.97532326449953566 1.2755536924129107 -0.35110413866307549 1.9668001027168092 0.76667852551286308 0.30646788257752478 0.99818523797762937 -1.7995094254806314 -0.56286737773942452 -0.46640686485422228 -0.43533496774531949 -0.32877532075770916 -0.20747623642509944 -1.1135130451108759 -0.55705594530913183 -0.069008756503063734 1.0508001909799718 0.33526351918818315
decision_type=2 2 2 2 2 2 2 2 2 2 2 2 2 2 2 2 2 2 2 2 2 2 2 2 2 2 2 2 2 2
left_child=2 -2 3 6 -5 -6 -1 -7 -9 -10 -4 13 19 14 -12 17 -17 18 -14 -13 28 23 -23 25 -25 26 27 -22 29 -21
right_child=1 -3 10 4 5 7 -8 8 9 -11 11 12 15 -15 -16 16 -18 -19 -20 20 21 22 -24 24 -26 -27 -28 -29 -30 -31
leaf_value=0.034540165370457336 0.050737543277603915 -0.10491101578760705 -0.029084017533047096 0.084766562977979701 -0.043706753194735465 0.057015245541269112 -0.050927232788740312 0.051045630792408904 -0.11256877253762668 0.015317217379006138 -0.053796109442161691 0.031656172455261672 -0.018165759153238894 0.082938533989765889 0.083866750785084501 -0.038224208619597203 0.029887483523037675 -0.041787377370617995 0.059303786993230724 -0.0017687490827393111 -0.057621279569233477 0.064455838000976845 0.0071083099203833634 0.063830124109856293 -0.017550783086953747 -0.066296038002199562 0.064945125992463548 0.0033025648424001388 0.0041382061455215958 -0.029587986544349992
leaf_weight=0.91003879904746998 4.5578172309324136 0.39247244596481312 4.3457412030547848 1.007185860071331 2.4704534355550996 2.1481199269182976 7.7707481123507041 0.9368130899965762 0.75796730816364277 1.1971403164789078 1.3495354577898977 5.5386512093245974 11.415072932839399 1.8389981649816034 1.1556869139894836 1.9604152515530575 4.9600819433107972 8.1927160667255503 1.5036710631102312 83.105302583891898 4.9719389360398054 3.9590128529816857 164.4269259464927 5.5648376457393196 15.361044299788771 6.6853985860943785 2.0063530690968046 6.3330284673720598 103.44367821933702 32.15431219432503
leaf_count=14 547 1 76 80 37 56 189 13 3 48 32 50 196 14 10 33 40 171 20 632 59 27 1464 46 165 27 25 81 735 172
internal_value=1.18363e-05 0.0383973 -0.00037797 -0.0164899 0.00947551 -0.000621303 -0.0419674 0.0204977 -0.00662756 -0.0342624 0.000211263 0.000484503 0.000105929 0.0407087 0.0097093 -0.013814 0.010593 -0.0218148 -0.00914873 0.00100595 0.000609319 0.00444845 0.00845664 -0.0120442 0.00409091 -0.0289291 -0.0101621 -0.0234918 -0.00306489 -0.00952956
internal_weight=492.421 4.95029 487.471 17.1985 8.51768 7.51049 8.68079 5.04004 2.89192 1.95511 470.272 465.927 461.582 4.34422 2.50522 28.032 6.9205 21.1115 12.9187 433.55 428.012 209.309 168.386 40.9226 20.9259 19.9967 13.3113 11.305 218.703 115.26
internal_count=5063 548 4515 440 237 157 203 120 64 51 4075 3999 3943 56 42 460 73 387 216 3483 3433 1894 1491 403 211 192 165 140 1539 804
is_linear=0
shrinkage=0.05


Tree=85
num_leaves=31
num_cat=0
split_feature=0 2 5 6 0 2 3 1 1 6 2 4 0 2 6 6 1 5 5 2 2 6 2 2 1 6 0 3 5 1
split_gain=2.84056 2.3811 2.00224 4.83564 2.58452 2.49416 1.82174 1.80008 1.78777 1.67828 1.85243 2.03608 4.63107 10.789 2.60851 2.50314 3.40015 2.15239 3.44161 3.37574 1.83955 8.12864 6.921 10.8941 6.46138 6.93661 5.9153 3.56416 3.23367 2.71202
threshold=-0.02267143345338191 2.2315840577081043 -1.1760400074157753 0.70558628020151504 -0.46382645497508307 0.2360169549410788 -1.6264172963700605 1.909287300303766 -2.0163870292292185 3.047394467177694 1.9065080941201404 0.98480453059191408 -0.46139035719728066 -0.60631531604337974 0.97407783099018419 1.3841515125354047 0.19962641271934417 1.0508001909799718 -0.16370919507584211 0.22214829751752216 -1.2022116864321746 -0.83194502671269133 -1.2294918527492065 -1.2468658134203887 1.9857585475218218 -0.73644990756368489 -0.44644579680684154 -0.15374285239996058 -0.17768995368907711 1.9668001027168092
decision_type=2 2 2 2 2 2 2 2 2 2 2 2 2 2 2 2 2 2 2 2 2 2 2 2 2 2 2 2 2 2
left_child=2 7 3 6 -5 -6 -1 -2 -4 10 11 20 -13 14 -14 17 -17 18 -15 -19 22 -22 23 24 25 29 28 -27 -23 -10
right_child=1 -3 8 4 5 -7 -8 -9 9 -11 -12 12 13 15 -16 16 -18 19 -20 -21 21 26 -24 -25 -26 27 -28 -29 -30 -31
leaf_value=0.023272433971965351 0.036537160464492895 -0.090223684894044073 0.049930196755256041 0.086689614143865987 -0.017312528686425847 0.053358862064420969 -0.055598957164618025 -0.0637676970559682 -0.049596046458313732 -0.039312132002321309 -0.032247101389256447 0.048171580672632851 -0.0009874068962594611 0.038272737394249058 -0.05419295563962237 0.061823317735340583 -0.043130284659841645 0.058187294757408414 -0.027138573612832548 -0.0020531755851538477 0.062173551473392909 0.0030375725070040369 -0.051967653194640077 0.072174433406412525 0.073158048451819543 -0.018275629310769908 -0.0014775747320765866 0.029817267890673384 0.060547874986400109 0.007897179191462966
leaf_weight=0.82180062308907498 9.0584912681952066 0.41883842460811216 1.7898307237774123 0.93733095424249668 5.603914860635995 1.6063322727568445 6.7095399573445311 0.47052139043808061 12.993668204173444 2.7179352939128867 4.3854951104149213 6.9393998691812149 3.3108857870101911 3.0193000212311745 7.5724844560027122 5.7890168582089236 0.89038230478763569 4.7930584475398046 6.0211491826921755 4.5174450241029263 5.2668158300220957 4.1083770301192999 8.1281431131064874 4.4708831105381241 2.1336283683776847 7.3647978520020834 351.96626504464075 8.0778663074597734 6.0342774596065265 2.4356468021869651
leaf_count=13 744 2 18 80 70 86 184 3 333 15 42 299 19 27 97 139 9 36 35 33 44 29 65 33 14 97 2286 141 58 12
internal_value=9.98098e-06 0.0264558 -0.000537638 -0.0181114 0.00858549 -0.00156803 -0.0469927 0.0315843 5.52648e-05 -0.000137564 9.37907e-05 0.000404937 0.0107787 0.00355354 -0.038007 0.0216244 0.0478327 0.012085 -0.00529272 0.0289587 -0.000671506 0.000504231 -0.0101429 -0.00107162 -0.0109934 -0.0168093 -0.000392739 0.00688117 0.0372528 -0.0405203
internal_weight=490.354 9.94785 480.406 15.6789 8.14758 7.21025 7.53134 9.52901 464.727 462.937 460.219 455.833 42.8531 35.9137 10.8834 25.0304 6.6794 18.351 9.04045 9.3105 412.98 367.376 45.6046 37.4765 33.0056 30.872 362.109 15.4427 10.1427 15.4293
internal_count=5063 749 4314 433 236 156 197 747 3881 3863 3848 3806 694 395 116 279 148 131 62 69 3112 2417 695 630 597 583 2373 238 87 345
is_linear=0
shrinkage=0.05


Tree=86
num_leaves=31
num_cat=0
split_feature=0 2 4 4 0 2 5 6 2 1 5 0 3 5 2 6 5 3 5 6 2 0 1 6 1 1 5 1 4 2
split_gain=2.73248 2.82725 1.66385 2.10111 5.88811 7.73256 3.59127 3.53619 4.32105 3.12328 2.83412 3.32074 2.61202 2.42933 2.02272 1.98666 1.98608 1.99051 1.82536 3.89683 3.49805 3.23523 4.30457 3.34265 2.84512 5.29364 2.82489 2.72892 2.70809 2.54326
threshold=0.19676597085561209 2.2315840577081043 2.8119568026088237 0.93742207714292702 -0.46139035719728066 -0.60631531604337974 -1.1760400074157753 1.17976800211045 1.4634720665243601 0.06472089210630276 1.0508001909799718 -0.39043945449167144 -2.362754472334037 -0.39880530760807087 0.22214829751752216 3.047394467177694 -1.8573812722865977 -1.6264172963700605 -0.40508591749695272 0.91767364430924314 1.3156410586167941 -0.26845378018014682 1.1629446042045466 -0.83194502671269133 -0.29509550138511847 0.25991769633748146 -0.61600749130640986 1.9668001027168092 -0.40072811244689338 1.2037771973618512
decision_type=2 2 2 2 2 2 2 2 2 2 2 2 2 2 2 2 2 2 2 2 2 2 2 2 2 2 2 2 2 2
left_child=2 -2 3 6 16 13 12 8 10 15 11 -7 -1 -6 -12 -9 -5 -18 19 20 21 24 26 -24 28 -26 -23 -27 -8 -20
right_child=1 -3 -4 4 5 7 18 9 -10 -11 14 -13 -14 -15 -16 -17 17 -19 29 -21 -22 22 23 -25 25 27 -28 -29 -30 -31
leaf_value=0.045053508756477435 0.043900945242067925 -0.095176597706478891 -0.041537174595765274 -0.042673525222139005 -0.049814587370659399 -0.032938001429338927 -0.0028784385071129008 0.059116506761253573 -0.049588011714333496 -0.018358976889271187 0.056025881391654375 0.029892687079714243 -0.045690419481088457 -0.0052388534436892745 0.0070486975718045261 -0.0074115508125899886 -0.047099335352732086 0.060171273613065304 -0.00067088168992071671 -0.079296600211831297 -0.055849002671379669 0.0013103052585806446 0.071288468433897148 -0.050004141567663432 0.041092515566020782 -0.021958938024448912 0.07225345834314488 0.017246912600113039 -0.048822049313031857 0.014676835031886796
leaf_weight=0.89729228243231762 5.3281546095386139 0.39232414960861195 2.4453842225484541 0.57044224301353086 7.344046687707305 5.1546208411455181 5.6981316097080708 7.9862182354554516 3.3187416456639758 2.054237524047493 4.5453628636896592 3.5521471975371304 6.8237626831978551 5.2355077825486642 3.9314555954188108 1.3056146856397388 0.45915603730827559 7.4370621070265752 332.59039523079991 1.9091526158154 3.3863919153809539 2.1514463052153587 0.72944749146699939 2.5667001716792583 6.0251784268766704 16.794040892273191 4.0346769578754884 6.0328274127095929 7.3376957047730631 29.376665552146733
leaf_count=14 627 1 16 20 118 38 53 242 16 21 35 32 182 33 30 13 5 362 2210 18 53 17 13 43 47 245 50 44 43 422
internal_value=9.33516e-06 0.0343627 -0.000398637 -0.000188726 0.00921053 0.00192803 -0.00135482 0.0150377 0.00264361 0.0374338 0.0127313 -0.00730463 -0.0351447 -0.0312625 0.0333108 0.0497685 0.0474247 0.0539336 -0.000731618 -0.00907616 -0.00662784 -0.00338311 0.0229896 -0.0231617 -0.00935318 -0.000594132 0.0475804 -0.0115974 -0.0287395 0.000574714
internal_weight=487.414 5.72048 481.694 479.248 52.8946 44.428 426.354 31.8484 20.5023 11.3461 17.1836 8.70677 7.72105 12.5796 8.47682 9.29183 8.46666 7.89622 418.633 56.6657 54.7565 51.3701 9.48227 3.29615 41.8879 28.852 6.18612 22.8269 13.0358 361.967
internal_count=5063 628 4435 4419 965 578 3454 427 151 276 135 70 196 151 65 255 387 367 3258 626 608 555 123 56 432 336 67 289 96 2632
is_linear=0
shrinkage=0.05


Tree=87
num_leaves=31
num_cat=0
split_feature=0 2 1 4 5 2 1 4 0 2 0 3 2 4 1 1 2 6 1 5 3 3 3 0 2 2 1 2 5 4
split_gain=2.57824 2.85279 1.57209 2.64852 2.82522 2.41965 1.59373 1.97794 6.13164 8.69418 3.09565 6.4421 2.45909 4.35814 2.31071 4.86399 2.1857 2.7741 2.98348 2.13507 1.76573 11.705 11.0076 2.89385 2.88474 4.83827 4.79596 5.65331 4.62512 6.75658
threshold=0.7864295468921777 2.2315840577081043 1.5064306795751408 -0.92024995183356018 -0.88992128970837792 -1.2447321691274367 1.4878611635210939 -0.97481373065111521 -0.44882696580738807 -1.2447321691274367 -0.35729582234729645 -0.89008012040608409 -1.2294918527492065 1.1183285548757507 -1.0473081786632019 0.19962641271934417 -1.2162327775001465 -0.78711023160481963 1.1992588846131529 -2.2321032813063439 -0.24578499939545764 -0.15374285239996058 -0.33782723843310175 -0.45436600236708119 0.13192560931808389 -0.033736660193909564 -1.0473081786632019 0.16347304898070375 -0.35866510989241224 -0.63789402783149318
decision_type=2 2 2 2 2 2 2 2 2 2 2 2 2 2 2 2 2 2 2 2 2 2 2 2 2 2 2 2 2 2
left_child=2 -2 6 4 5 -4 7 8 -1 -10 -11 -12 13 14 -9 -16 -14 -18 20 -15 22 -22 24 -23 25 28 -26 -28 29 -19
right_child=1 -3 3 -5 -6 -7 -8 12 9 10 11 -13 16 19 15 -17 17 18 -20 -21 21 23 -24 -25 26 -27 27 -29 -30 -31
leaf_value=-0.044885663512195195 0.050648817277444948 -0.091075120664474901 0.033639519751147984 -0.053825296183713706 -0.051169881928894906 -0.024308982250246532 0.039905951958727828 -0.028129609861460958 0.11023324656758821 -0.039149183355086672 -0.065108913767351603 0.049893173009273012 -0.051316179194571293 -0.056288551422968972 0.040677847379445436 -0.016540314003164098 0.053491681492888445 0.072454625774773726 -0.041074626340134833 0.061027968004324806 -0.057493541908147587 0.048704795248043789 0.057182369540013191 -0.0008714304423790561 0.04390733324368401 -0.032301963088813113 0.060626448066251531 -0.001052595421419233 0.010634530876213787 -0.029609296827483818
leaf_weight=9.5198630541563052 4.0116785606369367 0.38955718278884877 4.6359530733898282 3.6069350633770219 2.3952324409037811 2.9462032811716199 2.5071861529722801 4.2965868264436748 1.795826531946658 4.6694916207343331 1.7368102176114906 4.0746044004335999 2.0855436362326136 0.41662886738777416 7.8173263538628834 7.0763282012194395 2.4095831373706451 1.7936341390013719 4.4409193098545066 5.6090805111452902 9.2683985857292992 2.9782992005348197 9.3037782260216755 252.15003639599308 8.3604622352868301 14.054899489507077 3.9988931771367779 52.343868916854262 37.469485096633434 16.898094279691577
leaf_count=242 547 1 30 157 93 24 30 41 11 33 22 86 16 9 168 89 30 11 80 344 85 33 208 1594 84 65 25 542 180 183
internal_value=9.95646e-06 0.0381047 -0.000338864 -0.0171062 -0.00383184 0.0111224 0.000148793 -6.57683e-05 -0.0147702 0.00858259 -0.00883451 0.0155234 0.000658094 0.0158212 0.00417327 0.0134921 -0.000257594 -1.29459e-06 -0.000313345 0.0529165 0.000129652 -0.00229786 0.00457989 -0.000292691 0.00095252 -0.00606576 0.00856878 0.00332504 0.00050011 -0.0198154
internal_weight=485.061 4.40124 480.66 13.5843 9.97739 7.58216 467.076 464.568 21.7966 12.2767 10.4809 5.81141 442.772 25.216 19.1902 14.8937 417.556 415.47 413.061 6.02571 408.62 264.397 144.223 255.128 134.919 70.2161 64.7032 56.3428 56.1612 18.6917
internal_count=5063 548 4515 304 147 54 4211 4181 394 152 141 108 3787 651 298 257 3136 3120 3090 353 3010 1712 1298 1627 1090 439 651 567 374 194
is_linear=0
shrinkage=0.05


Tree=88
num_leaves=31
num_cat=0
split_feature=0 2 1 3 3 0 2 6 6 1 4 4 5 3 3 3 3 3 3 5 2 0 3 0 0 5 4 3 3 3
split_gain=2.44274 2.6706 1.4973 2.26681 3.37514 3.18622 4.68058 4.21164 4.66869 3.60254 3.1547 2.84573 2.69844 2.06438 11.4023 7.4048 3.21296 14.0624 8.48364 3.05027 5.26903 7.3208 3.38969 2.92063 4.21229 2.78232 2.77929 2.76053 14.0822 11.805
threshold=0.7864295468921777 2.2315840577081043 0.75961552443556102 1.3189314995279926 1.7791422345054781 -0.28060790940264996 -1.1852949352523394 -0.41321471806103288 -0.8141417747390739 1.1992588846131529 1.1183285548757507 2.1706383116277261 -0.88992128970837792 1.2268893525324958 1.1348471134948515 1.3189314995279926 0.85872076455050717 0.76667852551286308 0.95076291154600423 -0.011552942454124868 0.28646240215302016 -0.12330659743618767 0.39851002957302184 -0.24606981199935551 -0.22148142620401698 -0.28106579292920691 -0.64488756949445314 0.30646788257752478 0.21442564353988061 0.39851002957302184
decision_type=2 2 2 2 2 2 2 2 2 2 2 2 2 2 2 2 2 2 2 2 2 2 2 2 2 2 2 2 2 2
left_child=2 -2 13 5 -5 6 10 8 -7 -9 12 -12 -4 14 16 -15 17 19 -18 20 -1 23 26 -22 -25 -20 -23 28 -21 -29
right_child=1 -3 3 4 -6 7 -8 9 -10 -11 11 -13 -14 15 -16 -17 18 -19 25 27 21 22 -24 24 -26 -27 -28 29 -30 -31
leaf_value=0.0010859060903397591 0.050617434379546369 -0.087499498210845919 -0.00053870125023589997 0.029901731695687103 -0.053683478923333208 0.044257758621153831 -0.054025023357614048 0.092351764688960392 -0.045838581713738322 -0.00067862807316726404 0.057227251661589054 -0.044001740031011455 -0.041663743743967391 -0.062633273071753523 0.067235768576083585 -0.0012111805383770548 -0.060378042384517175 0.058900685929301345 -0.035910309938420225 -0.0035653485048860222 0.057830876304220694 -0.0323474775642318 -0.093966495726075294 -0.022368182386863396 0.043096709080258686 0.011117638030815093 0.056872495737729879 -0.070484401807950556 0.066089110514567534 -0.0040804857601744416
leaf_weight=108.57717397762462 3.8183329491876057 0.38530638813972462 8.8874645847827214 6.7807417465373856 1.4694695323705671 2.1568186832591891 8.3592426702380163 2.2126024849712866 4.3135974192991853 1.9646609677001832 2.7956635514274235 0.9236328713595866 7.236644251272085 5.7789487466216078 6.5231482991948715 32.515772672370076 7.7132825702428844 10.478349363896994 3.94464621506632 147.38983208080754 10.450241953600202 2.6522467602044344 1.3814929984509943 3.7188006490468979 7.2431075917556882 15.516825936734671 1.3010537954978638 7.7214782442897549 7.6320161474868646 50.246252163313329
leaf_count=1077 547 1 90 82 36 65 148 22 90 38 80 6 169 44 103 243 59 163 26 1009 243 41 12 23 89 99 43 34 84 297
internal_value=9.163e-06 0.0379576 -0.000324644 -0.00878873 0.0150141 -0.0138435 -0.0226417 0.00946039 -0.0158063 0.0485975 -0.0094211 0.0320885 -0.018996 0.00060079 0.00168195 -0.0104802 0.000574037 0.00182951 -0.0160022 0.000112638 0.00598274 0.0258611 -0.0265452 0.038918 0.0208879 0.00158554 -0.00298467 -0.00361696 -0.000136129 -0.0129257
internal_weight=482.089 4.20364 477.885 47.1005 8.25021 38.8503 28.2026 10.6477 6.47042 4.17726 19.8434 3.7193 16.1241 430.785 392.49 38.2947 385.967 358.792 27.1748 348.314 135.324 26.7469 5.33479 21.4122 10.9619 19.4615 3.9533 212.99 155.022 57.9677
internal_count=5063 548 4515 826 118 708 493 215 155 60 345 86 259 3689 3402 287 3299 3115 184 2952 1528 451 96 355 112 125 84 1424 1093 331
is_linear=0
shrinkage=0.05


Tree=89
num_leaves=31
num_cat=0
split_feature=0 2 5 3 1 1 2 4 3 3 3 4 3 3 3 3 4 3 5 2 1 4 0 2 0 1 1 5 0 1
split_gain=2.32211 1.86124 2.34619 1.62344 1.61048 2.85795 3.69852 1.70986 1.49856 13.7362 12.9081 3.41107 2.62596 5.48483 22.7595 15.8629 3.6166 4.55788 4.35682 3.4486 3.33652 4.77262 3.25016 6.10148 4.04503 6.36136 6.21087 6.26254 4.49023 6.59876
threshold=0.050524901405908443 2.2315840577081043 -0.97995705049585646 -1.8105015903610546 1.4965490463398712 1.9668001027168092 -1.2447321691274367 -1.1774996148071211 -0.24578499939545764 -0.15374285239996058 -0.33782723843310175 -0.97481373065111521 1.0000000180025095e-35 0.30646788257752478 0.39851002957302184 0.21442564353988061 0.98480453059191408 0.85872076455050717 -0.79516225884486869 0.024024123639265985 0.35128180797695679 -0.40935775467923635 -0.33203770776548741 -0.15154427531699513 -0.39768386775305642 0.17955877359780395 -0.56286737773942452 1.1551280839590246 -0.43380396045593289 -0.25591027027561541
decision_type=2 2 2 2 2 2 2 2 2 2 2 2 2 2 2 2 2 2 2 2 2 2 2 2 2 2 2 2 2 2
left_child=4 2 3 -2 8 -6 -7 -8 10 -10 11 -1 -11 15 -15 20 18 -18 -16 -19 21 -14 24 -24 28 26 -26 -28 -20 -30
right_child=1 -3 -4 -5 5 6 7 -9 9 12 -12 -13 13 14 16 -17 17 19 22 -21 -22 -23 23 -25 25 -27 27 -29 29 -31
leaf_value=-0.038777491337741374 -0.083173106224620597 -0.075631079899394743 0.051379756568193657 0.020388495295534378 -0.047000370363134029 0.028036962248834237 0.030895984993370242 -0.067151776243481995 -0.060026081648579359 -0.012760942450365732 0.060187630639410475 0.001808779620024479 -0.039723543348736567 -0.066459361807387776 -0.055347739564383873 0.0644203353383834 0.081016656218221086 0.0514806824144807 -0.005219338757012932 -0.028401967490230003 0.03976439455641579 0.0045915395647273998 0.054298480776771935 0.004536001247663967 -0.021070057953408525 -0.054446426559596611 0.044809225588492499 -0.022077606312817022 0.00083906920549024723 0.083920990563947764
leaf_weight=5.3628929611295453 0.59726562537252892 0.40579759329557408 5.0828335373662403 1.0327949924394486 5.0833849646151048 4.7511778827756643 0.56743973493576083 2.0549573134630919 9.8804736891761404 35.607007570564747 9.5878430679440481 149.29134490061551 7.1221468206495038 13.007095479406415 3.4219031063839784 12.657179610803722 3.1992733348160964 2.3723829872906208 18.051556509919457 3.1383750829845667 5.3282356988638631 41.349604375660419 6.7155395932495585 74.444652491249158 25.823519643396136 8.229078281670807 9.2446051351726073 5.6312084123492232 5.50303865224123 4.2247439697384781
leaf_count=63 10 2 624 52 196 28 3 76 106 216 233 1542 44 75 70 147 31 21 313 23 49 236 41 552 131 37 60 25 29 28
internal_value=1.03183e-05 0.0283542 0.0346401 -0.0175572 -0.000417479 -0.0181565 0.00172863 -0.045936 6.3743e-05 -0.00206771 0.00389148 0.000401383 -5.88929e-05 0.00175412 -0.00271358 0.0140571 0.00216376 0.0335464 0.000469019 0.00598754 0.00220847 -0.00191985 0.00167889 0.00865356 -0.00570062 -0.0143521 -0.00624539 0.0194894 0.00953748 0.0369213
internal_weight=478.769 7.11869 6.71289 1.63006 471.651 12.457 7.37357 2.6224 459.194 294.952 164.242 154.654 285.071 249.464 183.007 66.4572 170 8.71003 161.29 5.51076 53.8 48.4718 157.868 81.1602 76.7078 48.9284 40.6993 14.8758 27.7793 9.72778
internal_count=5063 688 686 62 4375 303 107 79 4072 2234 1838 1605 2128 1912 1436 476 1361 75 1286 44 329 280 1216 593 623 253 216 85 370 57
is_linear=0
shrinkage=0.05


Tree=90
num_leaves=31
num_cat=0
split_feature=0 5 4 4 5 2 5 3 5 2 2 2 5 2 5 3 1 2 2 1 5 6 0 1 4 4 5 6 2 0
split_gain=2.25264 2.98342 4.99325 5.21343 3.05111 2.12896 2.26806 2.06042 1.93552 2.77228 2.45997 2.13499 2.01591 5.72661 5.06565 5.02205 4.77862 5.28041 4.74364 3.5897 3.41788 3.11732 2.39015 4.82615 4.19235 3.93131 4.20053 5.10299 3.8344 3.6082
threshold=-0.15282190267858006 -0.025406093586937156 -0.77662554651860782 -0.66729479009757864 -0.33463611165396884 2.2315840577081043 -0.99729033699712 0.58259423152186895 2.0589751712411388 -0.086352922830449708 0.45593475075957129 1.7669070551809316 1.7383792152987647 0.59706004994134887 1.5010059888074545 -0.52191153242409583 -0.27668454633655248 -0.27057114623097184 0.13192560931808389 -0.72714610480119424 1.6422874790923792 -0.061750213120091421 -0.25693319524943425 -1.3733166400609285 0.20990175637667283 0.21982556466967981 0.52732995515441261 0.18861142052113231 0.39314461680063068 -0.40388620134612946
decision_type=2 2 2 2 2 2 2 2 2 2 2 2 2 2 2 2 2 2 2 2 2 2 2 2 2 2 2 2 2 2
left_child=8 2 5 -4 7 6 -2 -5 11 -10 -11 12 14 18 22 -16 17 20 19 -14 -17 -20 25 -24 -25 26 27 28 -1 -29
right_child=1 -3 3 4 -6 -7 -8 -9 9 10 -12 -13 13 -15 15 16 -18 -19 21 -21 -22 -23 23 24 -26 -27 -28 29 -30 -31
leaf_value=-0.0016832722422520678 -0.0056946875379678078 0.044793845946669866 -0.072142910568611815 0.0033574403301387225 0.041646348664545182 -0.08185508200274412 0.057452411096400258 -0.080317145938898535 -0.013172531067975158 0.080807321127356044 0.012277146433953973 -0.028627071187206046 0.033508156431637758 0.04161744346833543 -0.023562347137923028 -0.060662988742775363 -0.027256960694805772 0.056988476711209803 -0.051068551368897222 -0.0265654340395543 0.032526656683322733 -0.0013506196979605207 0.059191925540389635 0.0074215657286271514 -0.043122688515067023 0.0043941784299222908 -0.019125198231853664 0.016778370058440642 0.04218193425086629 -0.046491129186822938
leaf_weight=129.54708338715136 1.944549500010911 6.2292470927350214 3.1759400619193912 1.9443702795542779 3.1078523588366807 0.37400662899017323 5.2911537559703001 1.1835443172603843 3.2884919084608555 2.53358096629381 2.710394099354744 6.9959116457030168 5.3258763514459133 4.1260093487799159 4.9416086673736599 1.7516492437571369 2.8726284727454141 13.726119852159172 12.20010736957193 4.6648387238383346 2.2449272070080042 4.2514629215002016 4.2019784394651643 57.592943615280092 4.4172040810808531 112.13330194563605 54.6169299678877 2.8864499554038039 5.1811668546870342 10.274957840330897
leaf_count=1137 68 280 21 35 77 1 548 19 16 17 31 71 36 56 27 11 18 107 52 22 34 24 43 450 37 1401 290 30 48 56
internal_value=9.08329e-06 0.0151872 0.00435216 -0.0199987 0.00655892 0.0344693 0.040482 -0.0283035 -0.000770833 0.0228176 0.0453869 -0.00122418 -0.00078545 -0.0131683 0.000145981 0.0217041 0.0325652 0.0422616 -0.021717 0.00545875 -0.00831719 -0.0382203 -0.00129953 0.00733508 0.00382112 -0.00311658 -0.00727549 -0.0028993 3.62678e-06 -0.0326154
internal_weight=475.736 23.2507 17.0214 9.41171 6.23577 7.60971 7.2357 3.12791 452.486 8.53247 5.24398 443.953 436.957 30.5683 406.389 25.5369 20.5953 17.7227 26.4423 9.99072 3.99658 16.4516 380.852 66.2121 62.0101 314.64 202.507 147.89 134.728 13.1614
internal_count=5063 1049 769 152 131 617 616 54 4014 64 48 3950 3879 190 3689 197 170 152 134 58 45 76 3492 530 487 2962 1561 1271 1185 86
is_linear=0
shrinkage=0.05


Tree=91
num_leaves=31
num_cat=0
split_feature=6 0 2 6 4 2 0 1 5 6 3 0 5 6 0 1 0 2 5 0 6 2 2 2 3 4 6 1 6 1
split_gain=2.17525 2.06213 2.22736 1.77129 4.14074 5.54629 4.74126 4.02917 2.47834 2.49857 2.30707 2.30512 2.32705 2.25293 1.99782 3.5023 2.06126 1.99922 1.85043 1.71354 6.62052 6.56165 6.75646 8.38388 5.17844 5.11046 5.21634 3.24644 3.10299 4.39048
threshold=3.8661535032793659 0.7864295468921777 2.2315840577081043 1.3189545882589309 0.29012884117033955 -0.13889482796338054 -0.46139035719728066 -0.05907055714199428 -1.1760400074157753 0.70558628020151504 -1.9945858843520488 -0.44504841469390521 -0.27567258358095698 0.97407783099018419 -0.3739386548856477 0.14955908997862319 -0.30416348522806108 -1.1852949352523394 -2.0420442091667641 -0.45780977284132413 -0.84942161351248091 -1.2294918527492065 -1.2022116864321746 -1.0970535034223874 -0.15374285239996058 -0.3105716138764702 -0.83736222417866968 -1.0068494770013638 -0.78711023160481963 1.1992588846131529
decision_type=2 2 2 2 2 2 2 2 2 2 2 2 2 2 2 2 2 2 2 2 2 2 2 2 2 2 2 2 2 2
left_child=1 3 -3 8 -5 6 18 11 9 10 -1 12 -8 19 15 -15 -16 -17 -6 20 -10 -21 -23 25 27 26 -24 -22 -25 -30
right_child=-2 2 -4 4 5 -7 7 -9 13 -11 -12 -13 -14 14 16 17 -18 -19 -20 21 24 22 23 28 -26 -27 -28 -29 29 -31
leaf_value=0.036880180592516403 -0.052617620469508852 0.050535130352273389 -0.079351441874647766 -0.032401185514961961 -0.050281418085433599 0.047887220220312395 -0.05218931113584227 -0.049040434745714477 -0.044332260465764502 0.027036257416043041 -0.049257089461339117 0.029323797758235917 0.030145242832012434 0.060647347499669171 -0.065517132746368237 0.034195583666529715 -0.0089021699480071239 -0.057693040766321417 0.050792626584000633 0.061172342897409873 -0.064080253326135497 -0.048634898448212928 0.061944361668760176 0.04896681708679488 0.024310575270916707 0.060463026935626975 -0.0071983453573116587 -0.0029760904885968004 -0.00030966401999926041 -0.047175337171859372
leaf_weight=0.88095420971512783 1.9553189054131497 3.303878015838563 0.36670067906379689 4.7496792152523986 0.49829157907515931 10.117038507480173 2.3911700546741481 5.047077331691983 10.143489873968063 1.7626658477820454 6.6100335186347348 4.9889407362788907 1.3386135175824163 1.6596657941117881 3.6225248910486698 0.83815110940486182 2.890596764162181 2.0150558277964596 4.9632343836128721 4.5033397972583762 3.2867099661380053 6.8803540021181098 3.7581378966569892 3.1352948988787821 13.372859079390764 8.8713301699608547 9.9496771302074212 6.4191943909972906 338.65926152048633 5.072225338779389
leaf_count=13 13 547 1 30 12 263 49 61 283 39 190 38 9 24 21 46 23 18 274 29 22 60 31 101 212 81 61 116 2271 125
internal_value=1.05015e-05 0.000228476 0.0375591 -6.40468e-05 0.01091 0.0179203 0.00215236 -0.0134868 -0.000925484 -0.0265242 -0.0391272 0.00709439 -0.0226396 -0.000368218 -0.0226745 0.0028941 -0.0403908 -0.0307001 0.041571 0.000225788 -0.0106645 0.00117582 0.000457867 0.00137214 0.004133 0.0308941 0.0117578 -0.0236678 -0.000549574 -0.00100123
internal_weight=474.051 472.096 3.67058 468.426 34.094 29.3444 19.2273 13.7658 434.332 9.25365 7.49099 8.71872 3.72978 425.078 11.026 4.51287 6.51312 2.85321 5.46153 414.052 33.2223 380.83 376.326 369.446 23.0788 22.5791 13.7078 9.7059 346.867 343.731
internal_count=5063 5050 548 4502 736 706 443 157 3766 242 203 96 58 3524 132 88 44 64 286 3392 633 2759 2730 2670 350 173 92 138 2497 2396
is_linear=0
shrinkage=0.05


Tree=92
num_leaves=31
num_cat=0
split_feature=0 5 4 4 5 3 2 5 3 5 5 2 3 3 3 3 5 4 5 5 1 2 2 1 2 6 1 2 2 4
split_gain=2.05491 2.78755 4.51818 4.65364 2.74762 1.92812 1.86407 2.21857 1.78064 1.71473 2.60833 1.90809 1.95557 3.61148 11.6555 9.84373 3.12076 3.08405 2.89468 6.89925 4.75531 4.64355 5.5172 4.29461 5.29514 3.71144 3.59268 3.36539 5.20819 3.5353
threshold=-0.15282190267858006 -0.025406093586937156 -0.77662554651860782 -0.66729479009757864 -0.33463611165396884 0.58259423152186895 2.2315840577081043 -0.99729033699712 -1.8105015903610546 2.0589751712411388 2.3768788169919026 1.7669070551809316 -0.89008012040608409 -0.24578499939545764 -0.15374285239996058 -0.33782723843310175 -1.1760400074157753 -0.31479814862358718 1.7383792152987647 1.5010059888074545 -0.56286737773942452 0.084833031709353066 0.40183159713622169 -0.27668454633655248 -0.25548320253589124 -0.41321471806103288 -0.16050314608511973 -0.74667861464656216 -0.033736660193909564 -0.40072811244689338
decision_type=2 2 2 2 2 2 2 2 2 2 2 2 2 2 2 2 2 2 2 2 2 2 2 2 2 2 2 2 2 2
left_child=9 2 6 -4 5 -5 7 8 -2 11 -11 12 -1 15 -15 17 -16 -14 19 20 -18 -20 -23 24 -21 -24 -22 -28 -29 -30
right_child=1 -3 3 4 -6 -7 -8 -9 -10 10 -12 -13 13 14 16 -17 18 -19 21 23 26 22 25 -25 -26 -27 27 28 29 -31
leaf_value=-0.0087419515026018312 -0.075659747394381111 0.04397546115317745 -0.067554021226960123 0.00439492820665968 0.040660073030666571 -0.077351823510342921 -0.077112379718562163 0.057682155464229605 0.027497739119625095 0.040101001507404005 -0.019905151047063266 -0.02719717126431162 -0.013470049741442062 -0.058559234424724216 -0.03817918205498827 0.060110441279365268 -0.0081929976546468424 0.009493416529745979 0.020996060626892299 -0.008527597418673559 0.01570156573464964 -0.06441510661692261 -0.044020056422864676 -0.028258283019095866 0.059028588893836345 0.024133189501371971 0.010953928971507317 -0.033859440978906745 0.044250018625461379 -0.0060016145606511086
leaf_weight=64.95220491848886 0.61787889152765263 5.9903794154524794 3.2107176817953587 1.90845606289804 3.0234512686729431 1.1596258319914339 0.35868343710899342 4.8943801978603014 1.2952618412673507 5.8560436833649856 2.6217346861958504 6.9246528409421435 19.238588267937303 8.8581602741032821 5.3239456685259929 8.6549482305999828 104.301596485544 60.922160244081169 5.737450540065768 3.8854807103052762 55.764914924278855 7.0004418045282355 3.405560502782464 2.5427512302994719 11.443157654255627 4.8317933622747642 29.991003325209014 15.344598899595438 4.3980587851256123 17.140178207308065
leaf_count=678 10 280 21 35 77 19 1 548 58 48 16 71 130 120 159 200 635 675 36 44 400 24 17 13 81 42 385 81 34 125
internal_value=8.76669e-06 0.0147685 0.00414446 -0.0188422 0.00683278 -0.0265024 0.0339828 0.0398363 -0.00581859 -0.00072928 0.0215442 -0.00115779 -0.000742073 0.000666905 -0.00211996 0.00945179 -0.000275886 0.00398218 0.00048335 0.00201071 -0.000344765 -0.0173431 -0.0317789 0.0319217 0.0419045 -0.00404333 0.00632999 -0.00148481 -0.0115993 0.00425965
internal_weight=471.598 22.4588 16.4685 9.30225 6.09153 3.06808 7.1662 6.80752 1.91314 449.139 8.47778 440.662 433.737 368.785 279.969 88.8157 271.111 80.1607 265.787 244.812 226.94 20.9752 15.2378 17.8714 15.3286 8.23735 122.639 66.8738 36.8828 21.5382
internal_count=5063 1049 769 152 131 54 617 616 68 4014 64 3950 3879 3201 2196 1005 2076 805 1917 1798 1660 119 83 138 125 59 1025 625 240 159
is_linear=0
shrinkage=0.05


Tree=93
num_leaves=31
num_cat=0
split_feature=6 0 2 6 4 2 0 1 5 3 6 0 5 6 0 1 2 2 6 0 4 2 2 2 4 6 1 1 5 2
split_gain=1.97083 1.85295 1.97722 1.62322 3.79672 5.17534 4.43411 3.78587 2.15007 2.36469 2.955 2.0984 2.20452 2.05386 1.78481 3.21026 1.93483 1.87948 1.68954 1.59636 6.34571 5.77046 6.28365 7.58955 4.74753 4.12776 5.22349 4.05518 3.08531 3.01763
threshold=3.8661535032793659 0.7864295468921777 2.2315840577081043 1.3189545882589309 0.29012884117033955 -0.13889482796338054 -0.46139035719728066 -0.05907055714199428 -1.1760400074157753 -2.5468387663250307 0.74309833099607925 -0.44504841469390521 -0.27567258358095698 0.97407783099018419 -0.3739386548856477 0.14955908997862319 0.41751206909177146 -1.1852949352523394 2.6636717763212521 -0.45780977284132413 -1.1774996148071211 -1.2294918527492065 -1.2022116864321746 -1.0970535034223874 -0.22047747631276024 -0.83736222417866968 -0.79169611427910169 -1.0473081786632019 -0.21640051345653846 -0.94007824472661794
decision_type=2 2 2 2 2 2 2 2 2 2 2 2 2 2 2 2 2 2 2 2 2 2 2 2 2 2 2 2 2 2
left_child=1 3 -3 8 -5 6 18 11 9 -1 -11 12 -8 19 15 -15 -16 -17 -6 20 -10 -21 -23 24 25 -24 -27 -22 -28 -25
right_child=-2 2 -4 4 5 -7 7 -9 13 10 -12 -13 -14 14 16 17 -18 -19 -20 21 27 22 23 29 -26 26 28 -29 -30 -31
leaf_value=0.059410999252371088 -0.050305619465877353 0.050486862260261722 -0.07510025730224712 -0.031017263335597102 0.050547752371765564 0.046762368507807822 -0.052094665300703315 -0.048409821031381597 -0.050257885142086733 -0.048660000641900403 0.025344988454107903 0.028009733890131557 0.028458471291749041 0.058365178122764073 -0.065138300479238673 0.033242446153662827 -0.010465238585833342 -0.057237407791570799 -0.042059351763027351 0.057112026131844018 -0.035041783417004979 -0.047544366233742662 0.059502027668680894 -0.033191608796737597 0.062903273504991933 0.048661611676794274 -0.054288716202668424 0.012763542089850234 0.0088271509843070341 0.0001619710894281454
leaf_weight=0.75509451329707999 1.9381520356982935 2.9903158298693593 0.35009604692459095 4.7070767041295758 4.7181685930117991 9.8593938334379327 2.2781870504841204 4.8759065475314882 7.6471264902502289 6.4127301629632694 1.7081997818313537 4.9348402936011544 1.3542429134249685 1.6321157068014143 3.3204474821686727 0.81836682837456454 3.1565447961911559 1.9217165261507037 0.54992076288908709 4.5468999072909346 5.7598557937890318 6.6994425449520341 3.6943363435566434 6.9202263262122861 7.2309928685426703 3.5749679338186979 4.0853350684046745 19.301319452468306 3.6807421743869781 338.12296340381727
leaf_count=12 13 547 1 30 277 263 49 61 245 192 38 38 9 24 14 46 30 18 9 29 56 60 31 42 71 23 22 332 26 2455
internal_value=9.9109e-06 0.00021846 0.0373245 -4.85191e-05 0.0105912 0.0174463 0.00199899 -0.0132379 -0.000870038 -0.0252239 -0.0330934 0.00677951 -0.0220628 -0.000357935 -0.0218314 0.00285192 -0.0384935 -0.0302142 0.0408808 0.000208537 -0.0103891 0.00112421 0.000443551 0.00131881 0.0296115 0.0136004 -0.00135203 0.00177636 -0.0243749 -0.000506972
internal_weight=469.546 467.608 3.34041 464.267 33.2777 28.5707 18.7113 13.4432 430.989 8.87602 8.12093 8.56727 3.63243 422.113 10.8492 4.3722 6.47699 2.74008 5.26809 411.264 32.7083 378.556 374.009 367.31 22.2664 15.0354 11.341 25.0612 7.76608 345.043
internal_count=5063 5050 548 4502 736 706 443 157 3766 242 230 96 58 3524 132 88 44 64 286 3392 633 2759 2730 2670 173 102 71 388 48 2497
is_linear=0
shrinkage=0.05


Tree=94
num_leaves=31
num_cat=0
split_feature=0 5 4 4 5 3 5 2 5 3 2 6 0 2 1 2 2 1 6 0 1 6 6 3 2 2 2 1 5 2
split_gain=1.8583 2.62802 4.15263 4.14366 2.51744 1.76541 1.67072 1.64093 2.14056 1.64044 1.56116 1.49958 3.53239 11.6041 6.03496 4.30714 8.72764 2.62522 5.31698 2.62439 3.64746 2.63562 3.01045 3.49989 2.50655 2.26203 1.87838 6.1906 3.50161 6.5726
threshold=-0.15282190267858006 -0.025406093586937156 -0.77662554651860782 -0.66729479009757864 -0.33463611165396884 0.30646788257752478 2.1611193906498811 2.2315840577081043 -0.99729033699712 -1.8105015903610546 1.9065080941201404 -0.68018183137183863 -0.43380396045593289 -1.2447321691274367 1.9668001027168092 -0.05217745825188428 -1.2022116864321746 -0.26721543549539367 -0.84876828316482522 -0.46139035719728066 1.1992588846131529 -0.64446643903332756 -0.61865989030092794 -1.2582487083880722 -1.2022116864321746 0.33812712039616932 0.10677908729400419 -1.438978628198343 -0.35866510989241224 -1.0676396928124032
decision_type=2 2 2 2 2 2 2 2 2 2 2 2 2 2 2 2 2 2 2 2 2 2 2 2 2 2 2 2 2 2
left_child=10 2 7 -4 5 -5 -3 8 9 -2 11 12 14 -14 -1 16 -15 -18 -19 21 24 -13 -23 -24 -21 -17 28 -28 -26 -30
right_child=1 6 3 4 -6 -7 -8 -9 -10 -11 -12 19 13 15 -16 25 17 18 -20 20 -22 22 23 -25 26 -27 27 -29 29 -31
leaf_value=-0.040613996376509739 -0.072094534846987191 0.050668358548515417 -0.063434890914860861 0.010586385264315542 0.039659822282634039 -0.065503980104391554 -0.053269375023073579 -0.073284266843851906 0.057814383358285218 0.027175687060840437 -0.031391705174873281 0.1022260024558984 0.12045057967312195 -0.040215355311878635 0.024039597659932271 -0.053765840716242186 0.065661502188846463 0.065886134767053559 -0.032751493496226518 -0.047103823919819064 -0.051197842381502746 -0.05839475021286003 -0.021697811868009436 0.028663394646402475 -0.017579349590482501 0.0024881440436308475 0.050390826358787846 0.0021339488840056184 0.030299927731187115 -0.0036054270195452309
leaf_weight=14.910901347175242 0.62116426788270462 5.3606025064364067 3.2476628571748734 1.6259353915229442 2.9461003690958023 1.4351596361957488 0.41668466990813602 0.34106168150901783 4.5488541391678163 1.2609754167497191 4.1024051969870916 0.87076863925904291 1.9494634047150636 5.7300754170864847 4.7620551753789178 5.5818795552477205 4.4739951230585593 2.5992626026272787 2.8799941921606629 2.7970237005501977 3.5051072640344492 1.3649009447544838 4.3507226547226372 16.661283290013667 34.435858305078 2.6285560950636864 6.9005046728998414 180.12519078073092 16.079054161906242 128.71912458539009
leaf_count=376 10 272 21 31 77 23 8 1 548 58 34 10 13 56 28 27 34 18 36 22 171 8 61 558 325 35 78 1354 133 637
internal_value=7.82898e-06 0.01426 0.00383797 -0.0179332 0.00666633 -0.0250877 0.0431719 0.033591 0.039259 -0.00558655 -0.000689829 -0.000404436 -0.00899922 0.00315376 -0.0249639 -0.00641635 0.00894348 0.0372442 0.0140405 0.000583923 -0.000433103 0.0168825 0.0135615 0.0182357 4.90341e-05 -0.0357562 0.000409127 0.00391444 -0.00324856 0.000159579
internal_weight=467.232 21.8042 16.0269 9.25486 6.0072 3.0611 5.77729 6.77206 6.43099 1.88214 445.428 441.326 45.5162 25.8432 19.673 23.8938 15.6833 9.95325 5.47926 395.81 372.562 23.2477 22.3769 21.012 369.057 8.21044 366.26 187.026 179.234 144.798
internal_count=5063 1049 769 152 131 54 280 617 616 68 4014 3980 623 219 404 206 144 88 54 3357 2720 637 627 619 2549 62 2527 1432 1095 770
is_linear=0
shrinkage=0.05


Tree=95
num_leaves=31
num_cat=0
split_feature=6 0 2 4 0 5 2 4 2 2 5 3 6 1 5 2 6 2 4 2 5 5 3 3 5 3 3 3 5 5
split_gain=1.77877 1.67464 2.58773 6.35677 3.29471 2.15634 1.7334 1.89969 3.87435 6.12057 3.61379 2.64961 2.21265 2.91845 2.75078 2.6225 2.49974 2.04763 3.78473 2.03106 1.90607 1.69253 1.63117 1.57979 3.84816 2.91 10.1589 9.13451 2.76818 3.05955
threshold=3.8661535032793659 -0.15282190267858006 0.90994376042672809 -0.77662554651860782 -0.066084309080361073 -0.99729033699712 1.9065080941201404 0.93742207714292702 -1.2294918527492065 -0.60631531604337974 -1.1760400074157753 -2.362754472334037 1.17976800211045 0.06472089210630276 1.0508001909799718 0.22214829751752216 3.047394467177694 0.10677908729400419 1.0338854456169975 -1.1679209745811572 0.22685237560406593 -2.2321032813063439 -1.8105015903610546 -0.89008012040608409 -0.60179964423319177 -0.24578499939545764 -0.15374285239996058 -0.33782723843310175 -0.096579260176932483 1.9363996917143325
decision_type=2 2 2 2 2 2 2 2 2 2 2 2 2 2 2 2 2 2 2 2 2 2 2 2 2 2 2 2 2 2
left_child=1 6 3 5 -5 22 7 10 21 19 11 -1 14 16 17 -16 -14 -11 -19 -10 -21 -9 -3 24 -12 27 -27 -25 -26 -30
right_child=-2 2 -4 4 -6 -7 -8 8 9 12 23 -13 13 -15 15 -17 -18 18 -20 20 -22 -23 -24 25 28 26 -28 -29 29 -31
leaf_value=0.0514028828933372 -0.047996845593669978 -0.074574133949478649 0.036578295933255775 -0.0070268849813980841 -0.077993949805330934 0.058341006769624927 -0.033527778407080919 -0.051805041855458367 0.011770210023073262 -0.043420986008312068 -0.061593941731336477 -0.052905496444133428 0.058720827155217953 -0.018998793187345542 0.054316000575621151 -0.00056929596659694435 -0.023414822653421995 0.057352906976667208 -0.021729887810778958 -0.045727983697299711 0.014487094235581277 0.055177245479182006 0.02605833393516372 0.0031266571750770511 0.012341765192678926 -0.058808914709540187 -0.00020660012938679748 0.059578113758997964 -0.019221118688970907 0.026628734373263782
leaf_weight=0.69116641767323006 1.9217045754194249 0.5963886473327874 7.9087895317934445 4.9083079183474183 2.4527421109378347 4.1954249716363847 3.9261635784059754 0.39716117084026326 2.8790447171777478 3.3310155952349358 3.2424045931547871 5.1095389239490023 7.2532789967954141 2.0031035207211962 4.3755668215453607 4.3303533066064119 1.0619703121483324 2.2586784726008773 4.582010542973876 8.1650733388960344 1.5663292929530133 5.3473973139189175 1.239785655867309 64.427137749269605 15.193453773856161 7.6183118438348165 252.67630411684513 8.0627602515742165 28.879209803417325 4.1629842910915604
leaf_count=12 13 6 461 50 11 464 32 9 37 24 43 175 238 22 36 33 9 17 39 115 10 366 57 374 101 103 1838 170 168 30
internal_value=8.16518e-06 0.00020748 0.0139004 0.000508319 -0.0306735 0.0385631 -0.000453112 -0.000156374 0.00927887 0.00398837 -0.00130659 -0.0404769 0.0165616 0.0351797 0.00638519 0.0270159 0.048231 -0.0112725 0.0043819 -0.0251215 -0.036036 0.0477808 -0.00662705 -0.000715282 -0.00886658 0.000545632 -0.00192177 0.00940553 -0.00532224 -0.0134445
internal_weight=464.764 462.842 21.3014 13.3926 7.36105 6.0316 441.54 437.614 47.551 41.8064 390.063 5.80071 29.196 10.3184 18.8776 8.70592 8.31525 10.1717 6.84069 12.6104 9.7314 5.74456 1.83617 384.263 51.4781 332.785 260.295 72.4899 48.2356 33.0422
internal_count=5063 5050 1049 588 61 527 4001 3969 955 580 3014 187 418 269 149 69 247 80 56 162 125 375 63 2827 342 2485 1941 544 299 198
is_linear=0
shrinkage=0.05


Tree=96
num_leaves=31
num_cat=0
split_feature=6 0 5 4 4 6 5 5 2 4 2 0 6 5 3 5 2 5 0 3 2 5 2 5 5 3 5 3 3 3
split_gain=1.61769 1.54352 2.44436 3.58231 3.35023 2.37421 2.77275 1.63365 1.5729 1.75078 3.60209 5.94314 3.24139 3.11832 2.34939 1.77209 2.47971 2.12009 3.55064 1.61826 2.3376 1.59415 1.55827 2.02937 1.5577 1.42734 3.39342 2.76743 9.6907 8.76179
threshold=3.8661535032793659 -0.15282190267858006 -0.025406093586937156 -0.77662554651860782 -0.66729479009757864 -0.47024501299181082 -0.33463611165396884 2.2807881190120596 1.9065080941201404 0.98480453059191408 -1.2294918527492065 -0.43145538629536023 1.6360648057523108 -1.1760400074157753 -2.362754472334037 1.0508001909799718 0.22214829751752216 0.78261853570006845 -0.38472164537518416 -0.52191153242409583 -1.1222561098107391 -2.2321032813063439 2.2315840577081043 -0.99729033699712 -0.020769468235039557 -0.89008012040608409 -0.60179964423319177 -0.24578499939545764 -0.15374285239996058 -0.33782723843310175
decision_type=2 2 2 2 2 2 2 2 2 2 2 2 2 2 2 2 2 2 2 2 2 2 2 2 2 2 2 2 2 2
left_child=1 8 3 22 -5 6 -6 -4 9 13 21 19 15 14 -1 17 -17 18 -13 -12 -21 -11 23 -3 -23 26 -15 29 -29 -27
right_child=-2 2 7 4 5 -7 -8 -9 -10 10 11 12 -14 25 -16 16 -18 -19 -20 20 -22 24 -24 -25 -26 27 -28 28 -30 -31
leaf_value=0.047850623521958978 -0.045936983051040832 -0.0050098914539140798 0.050109440876309377 -0.056978603765210606 -0.056815612840866704 0.04936258190565692 0.02852425613524362 -0.055568687273354969 -0.032019735280010383 -0.049667692687354985 -0.033393328733763855 -0.01470793791528302 0.049578964362853091 -0.058295582753607106 -0.049557891118753472 0.052466329278764462 -0.00081736825402126687 -0.039490417861128696 0.057706344314192359 0.042048866589932433 -0.031500716828084377 0.061482154332775041 -0.072445087504505415 0.057712967604152711 -0.060255928358291994 0.0031206473780897282 -0.005127898291320568 -0.058485749562330949 -0.00024625245411198448 0.059242426333029036
leaf_weight=0.70498471707105625 1.9078447986394156 1.874741352163255 5.0160339483991256 3.2929889904335141 2.0537860249169175 2.0547670368105173 1.7738937055692074 0.39446225436404336 3.906046329997479 0.3936313735321163 9.7958279848098737 5.1783999726176262 6.2387011903338125 3.2005153009667984 5.0762299224734297 4.231421606615184 4.5115264933556318 3.1951136440038681 2.5148573226761126 2.0506434924900532 2.2830670699477187 4.7826460553333163 0.33643046021461476 4.1315655857324609 0.27804354764521022 64.619815637357533 48.168941905722022 7.3499803692102423 253.22144365310669 7.7933009606786063
leaf_count=12 13 68 273 21 29 57 45 7 32 9 132 42 208 47 179 36 34 14 58 20 21 360 1 548 2 377 300 104 1843 171
internal_value=9.01409e-06 0.000199399 0.0134658 0.00337607 -0.0165975 0.00600779 -0.0172658 0.0424048 -0.000432344 -0.000149092 0.00913778 0.00394017 0.0181836 -0.00123109 -0.0376795 0.00820642 0.0249709 -0.00525485 0.00896365 -0.0221385 0.00330179 0.0472548 0.03227 0.0381354 0.0547936 -0.000682853 -0.00844045 0.00051391 -0.00188902 0.00916063
internal_weight=462.332 460.424 20.9287 15.5182 9.17544 5.88245 3.82768 5.4105 439.495 435.589 45.4539 39.9996 25.87 390.135 5.78121 19.6313 8.74295 10.8884 7.69326 14.1295 4.33371 5.45432 6.34274 6.00631 5.06069 384.354 51.3695 332.985 260.571 72.4131
internal_count=5063 5050 1049 769 152 131 74 280 4001 3969 936 565 392 3033 191 184 70 114 100 173 41 371 617 616 362 2842 347 2495 1947 548
is_linear=0
shrinkage=0.05


Tree=97
num_leaves=31
num_cat=0
split_feature=0 2 4 0 5 5 2 2 5 2 5 2 6 4 2 1 3 2 5 1 6 0 6 4 5 1 6 1 4 2
split_gain=1.47322 2.37891 5.50226 2.69429 2.04484 1.47673 2.53245 2.15048 1.51853 6.00128 3.96616 3.78062 3.08849 2.44409 2.37525 1.98849 2.31794 1.70933 5.90648 6.04986 5.12772 3.63804 3.1909 4.83308 2.76901 5.00229 3.38234 3.09127 5.55028 4.46028
threshold=-0.15282190267858006 0.90994376042672809 -0.77662554651860782 -0.066084309080361073 -0.99729033699712 2.0589751712411388 -0.086352922830449708 0.45593475075957129 1.7383792152987647 0.59706004994134887 1.5869265971197628 -0.033736660193909564 1.0000000180025095e-35 0.46418471707581538 1.7565434419196224 -0.27668454633655248 -1.0000000180025095e-35 0.31008490777959319 0.39403016175515826 -1.0677811595048523 -0.57453286973634998 -0.3060989708403698 -0.19315127929234177 -0.18582787920074428 1.2746346602122036 -1.1762779196764357 -0.31102296284855563 -0.51066842063112439 -0.40072811244689338 -1.1488705791083695
decision_type=2 2 2 2 2 2 2 2 2 2 2 2 2 2 2 2 2 2 2 2 2 2 2 2 2 2 2 2 2 2
left_child=5 2 4 -4 -2 8 -7 -8 10 11 14 13 -13 -10 17 16 -12 24 21 -20 -21 -19 -23 -24 27 26 -26 28 -1 -30
right_child=1 -3 3 -5 -6 6 7 -9 9 -11 15 12 -14 -15 -16 -17 -18 18 19 20 -22 22 23 -25 25 -27 -28 -29 29 -31
leaf_value=0.0077152168611861168 -0.006028742917432944 0.035658824318515088 -0.0067655492454550929 -0.070900348067040084 0.058206954845735542 -0.014262652848492244 0.075762713019446107 0.01086471563714757 0.045857488883228777 0.042108299814464671 0.0031691016525001569 -0.042649665098030733 0.003870958573813762 -0.016715706873188619 -0.03138112906733416 -0.0089131853748560096 0.051462875897911313 0.054004286833219978 0.029963458790298284 0.04175179853724692 -0.014977218392978187 0.023331525430527734 0.039062824335739654 -0.044283199728580948 -0.072907116513298703 0.022910327732454463 0.0055773160991371435 0.00031614777667439897 0.0166730547802274 -0.022505872506577835
leaf_weight=28.621386244893074 1.836126247886569 7.4489941159263244 4.8646811796352267 2.4685184061527261 3.8092031530104578 3.2559891529381275 2.4648561812937242 2.6475772205740213 2.9668554533273044 4.4180780476890495 3.7130206096917382 15.085306949913504 4.6729353554546824 3.292293731123209 6.3893293952569357 3.252778571099042 7.5101283639669409 6.8502336484380058 11.007641314528881 4.3170679099857798 51.538269413635135 21.483905280008912 2.7102524172514677 4.8555825026705888 2.5242739487439394 22.195164978504181 3.009208586066964 146.49757338711061 8.1611460731364769 66.107836882583797
leaf_count=188 63 461 50 11 464 16 17 31 25 61 30 66 26 17 70 19 73 222 87 32 316 248 33 34 28 130 17 1760 141 327
internal_value=1.04176e-05 0.0131364 0.000209695 -0.0283548 0.0373145 -0.000599597 0.0202034 0.042154 -0.00100334 -0.0117704 -0.000185617 -0.0209197 -0.0316473 0.0129442 -0.00114856 0.025509 0.0354856 -0.000640066 0.00486767 -0.00391588 -0.0105926 0.0212269 0.0134976 -0.0144268 -0.0026825 0.0123066 -0.0302259 -0.00434908 -0.0109915 -0.0182006
internal_weight=459.976 20.4275 12.9785 7.3332 5.64533 439.549 8.36842 5.11243 431.18 30.4355 400.745 26.0174 19.7582 6.25915 386.269 14.4759 11.2231 379.88 102.763 66.863 55.8553 35.9 29.0497 7.56583 277.117 27.7286 5.53348 249.388 102.89 74.269
internal_count=5063 1049 588 61 527 4014 64 48 3950 195 3755 134 92 42 3633 122 103 3563 972 435 348 537 315 67 2591 175 45 2416 656 468
is_linear=0
shrinkage=0.05


Tree=98
num_leaves=31
num_cat=0
split_feature=6 0 2 4 0 2 6 4 5 2 5 5 0 5 4 1 6 0 4 6 2 2 4 3 0 2 2 0 4 1
split_gain=1.46526 1.33459 1.73159 1.2888 3.44934 3.33775 2.60526 2.48103 2.25691 2.08331 1.83049 2.35102 3.42869 3.56756 3.73485 5.29831 4.03972 3.33719 4.29439 3.31877 3.26654 3.88935 3.05723 5.39928 2.79979 2.70804 4.33175 5.33477 7.20889 9.47897
threshold=3.8661535032793659 0.7864295468921777 2.2315840577081043 1.3603334041070996 -0.46382645497508307 -0.57370105423428386 1.87659926208088 1.5143573831482968 -0.27567258358095698 -1.2022116864321746 -0.40508591749695272 -0.011552942454124868 -0.14766467220382987 0.97646373688526711 -0.41528625442979278 -1.2076624475671431 -0.66755077798382867 -0.43925956003961947 0.73300199645192177 -0.52438976555377581 0.90994376042672809 0.75434014544531569 -0.17997995827908672 -0.52191153242409583 -0.22148142620401698 0.33172614179636356 -0.1369135563535778 -0.35729582234729645 -0.39215172231017054 -0.70125156854479342
decision_type=2 2 2 2 2 2 2 2 2 2 2 2 2 2 2 2 2 2 2 2 2 2 2 2 2 2 2 2 2 2
left_child=1 3 -3 10 -5 8 7 -7 9 -6 -1 20 13 14 15 -13 -17 18 -16 -15 21 25 23 -21 -19 26 27 28 -12 -30
right_child=-2 2 -4 4 5 6 -8 -9 -10 -11 11 12 -14 19 17 16 -18 24 -20 22 -22 -23 -24 -25 -26 -27 -28 -29 29 -31
leaf_value=-0.0085441874963568566 -0.043821631278156602 0.050392387167184131 -0.07163441799955178 0.062154709230976046 0.016230055964362514 0.062681084460686612 0.054972894330466808 -0.0064846810571244284 0.028773820846861805 -0.045052158327732468 -0.024237570473768032 0.065736626323245492 0.043285813504431593 -0.012715893159033445 0.046353948374407879 -0.042340261206770563 0.0097325152443785666 -0.021449366794531431 -0.03817561385873941 -0.040717813913259474 0.039271441049430908 -0.049351182883974498 0.0088883028762451535 0.019499705622204877 0.022627913961243095 0.029774819379551204 -0.0078448394084101314 0.03856948686526035 -0.040399775767705225 0.044436023967501466
leaf_weight=62.836929029319435 1.8986164834350336 2.3551717693917449 0.3316604197025298 2.9110426572151509 1.8234077561646698 1.5817157765850369 3.9296711054630569 7.1915904590860009 2.0455921664834076 5.7923405878245831 14.137332655489439 3.3098921440541771 4.1156698954291633 30.108703946694732 4.4691985249519339 4.849594620056453 16.054299965500832 64.069510500878096 2.2635268475860357 8.7457150267437083 7.208324597682803 3.2518468936905256 104.87931575393304 6.4809818081557742 3.8174328617751589 10.878194148186592 44.22902107425034 14.991093204822393 4.3643223992548874 13.40880339313299
leaf_count=980 13 547 1 267 16 28 149 93 15 100 163 25 215 229 57 57 101 336 13 35 134 19 708 36 40 135 254 106 38 153
internal_value=1.20562e-05 0.000194391 0.0353295 -1.36602e-05 0.0109579 0.00429389 0.0211394 0.00598503 -0.0178551 -0.0303796 -0.000660871 0.00069394 -0.0019784 -0.00272642 -0.0101041 0.00695871 -0.0023481 -0.0156409 0.0179353 0.00212769 0.00670928 0.0044794 0.00584875 -0.0150873 -0.0189708 0.00619542 0.00338076 0.0139667 0.00240867 0.023604
internal_weight=458.331 456.432 2.68683 453.745 25.2754 22.3643 12.703 8.77331 9.66134 7.61575 428.47 365.633 253.164 249.048 98.8335 24.2138 20.9039 74.6197 6.73273 150.215 112.469 105.261 120.106 15.2267 67.8869 102.009 91.1306 46.9016 31.9105 17.7731
internal_count=5063 5050 548 4502 668 401 270 121 131 116 3834 2854 1852 1637 629 183 158 446 70 1008 1002 868 779 71 376 849 714 460 354 191
is_linear=0
shrinkage=0.05


Tree=99
num_leaves=31
num_cat=0
split_feature=6 3 3 3 2 2 1 2 2 3 3 6 4 0 2 2 5 2 3 3 3 3 1 4 4 3 5 4 4 5
split_gain=1.33184 1.27254 12.2259 10.1015 2.65759 4.24259 4.80667 4.17855 3.73336 2.9682 4.91173 4.02229 2.65379 3.90791 2.53906 2.49824 6.31505 5.99979 2.49101 5.09564 21.4881 14.38 3.20898 4.13229 2.99367 3.96787 3.55941 3.32622 5.29837 3.84857
threshold=3.8661535032793659 -0.24578499939545764 -0.15374285239996058 -0.33782723843310175 0.13192560931808389 0.16347304898070375 -1.1004659755671204 -0.033736660193909564 -0.09789653282765988 -1.1662064693504284 -1.0741643223549311 1.9465872755734959 -0.97481373065111521 -0.25418482104639134 -0.1369135563535778 0.28021387243794593 0.075788148535966007 0.33172614179636356 1.0000000180025095e-35 0.30646788257752478 0.39851002957302184 0.21442564353988061 0.35128180797695679 -0.40935775467923635 0.98480453059191408 1.2268893525324958 -0.91556293691908641 -0.25517261798024088 -0.28845587842831838 0.14572827953110773
decision_type=2 2 2 2 2 2 2 2 2 2 2 2 2 2 2 2 2 2 2 2 2 2 2 2 2 2 2 2 2 2
left_child=1 3 -3 4 7 -6 -7 8 12 11 -11 -8 -1 14 -14 -12 -17 -18 -4 21 -21 22 23 -20 26 -26 -22 28 29 -28
right_child=-2 2 18 -5 5 6 9 -9 -10 10 15 -13 13 -15 -16 16 17 -19 19 20 24 -23 -24 -25 25 -27 27 -29 -30 -31
leaf_value=-0.034036132639102483 -0.041917234053991705 -0.059151819929837424 -0.012250694985243303 0.058313904771186087 0.052989144957185055 0.047865321741866813 0.038776621158331484 -0.030071969829166625 0.049048496379251232 -0.074616051383670529 -0.024339059824177531 -0.052936017908112837 -3.4708926787593244e-06 0.06237439598289507 -0.052497074330808739 0.04274166402988238 0.06101761331678153 -0.017798069285627417 -0.037393746299343687 -0.065085666741594453 -0.050237903514350625 0.063464967394035579 0.036209391950210779 0.0044080165392201753 0.064117205466963964 -0.0052830785073346787 0.0006322201928652862 -0.0041983029471494926 0.070013856792421489 0.030925677658389689
leaf_weight=6.1346584314014683 1.8859626837074746 8.9918030481785518 35.986052283085883 8.0688812199514341 4.9771899059414855 5.8485080841928712 8.1274549062363786 13.77081660251133 3.6786878302227697 2.429743243381373 9.1652422677725607 1.4016994587145735 57.823148455470793 2.446088983677341 2.3991446215659371 8.2844755018595624 2.747073948383334 19.952910511055961 6.926704949932172 12.738578410819171 3.3564478396438053 11.924707845784722 6.3238063578028223 40.361794462427497 4.3893305663950724 3.8802574137225747 49.652308844961219 95.436738161370158 3.5259761032648447 13.290766774909569
leaf_count=115 13 128 282 278 34 69 160 86 28 12 54 26 790 17 11 244 15 155 49 99 137 181 135 236 46 31 782 661 34 155
internal_value=1.32429e-05 0.000187411 -0.0017394 0.00382384 0.000876708 0.00868922 0.00488488 -0.00482371 -2.67845e-05 6.08826e-05 -0.00558444 0.0252861 -0.00265069 0.000421657 -0.00209472 -0.00140685 0.00537653 -0.00826007 5.43875e-05 0.00181292 -0.00240605 0.0138041 0.00275834 -0.001715 0.00219512 0.0315532 0.000726065 0.00178259 0.01037 0.00702885
internal_weight=455.927 454.041 296.785 157.256 149.187 62.9343 57.9571 86.2525 72.4817 52.1086 42.5794 9.52915 68.803 62.6684 60.2223 40.1497 30.9845 22.7 287.793 251.807 186.27 65.537 53.6123 47.2885 173.532 8.26959 165.262 161.906 66.4691 62.9431
internal_count=5063 5050 2956 2094 1816 769 735 1047 961 666 480 186 933 818 801 468 414 170 2828 2546 1945 601 420 285 1846 77 1769 1632 971 937
is_linear=0
shrinkage=0.05


Tree=100
num_leaves=31
num_cat=0
split_feature=0 2 4 6 1 4 4 1 0 2 2 0 1 4 5 0 1 4 0 5 3 1 0 5 4 0 6 5 4 5
split_gain=1.2609 1.61921 1.21046 1.68959 1.13439 3.93907 4.44313 2.99781 2.82275 8.95336 6.33307 6.07046 5.48575 4.639 3.34372 2.70736 3.60046 3.58727 3.35493 4.0844 3.25198 3.57134 6.42128 5.60745 5.33749 4.69053 3.06866 3.28829 3.93209 3.04415
threshold=0.7864295468921777 2.2315840577081043 2.8119568026088237 2.8172860743137966 -0.56286737773942452 -0.46640686485422228 -0.43533496774531949 -0.57060052400486871 -0.35729582234729645 -1.2294918527492065 -0.24923470330144984 -0.45054768402603013 1.9857585475218218 -0.58544351638749659 -0.38934376036326751 -0.39700389190752938 -0.5405946855222592 -1.0000000180025095e-35 -0.41966396447815341 -1.1642042248381073 -1.6264172963700605 0.19962641271934417 -0.32143602321805637 -0.025406093586937156 -0.40072811244689338 -0.31444694197131567 1.1295160095366001 0.15373111848454052 -0.31479814862358718 -0.35866510989241224
decision_type=2 2 2 2 2 2 2 2 2 2 2 2 2 2 2 2 2 2 2 2 2 2 2 2 2 2 2 2 2 2
left_child=2 -2 3 4 7 8 -7 -1 9 11 14 12 13 -6 -10 18 17 -17 29 -20 -18 23 -23 -22 -24 -26 27 -25 -29 -8
right_child=1 -3 -4 -5 5 6 15 -9 10 -11 -12 -13 -14 -15 -16 16 20 -19 19 -21 21 22 24 26 25 -27 -28 28 -30 -31
leaf_value=-0.0021399096556923079 0.0503711233700192 -0.069893644385711828 -0.037867958635243157 0.036031677528535457 -0.031126029766823105 0.057605023526879288 -0.0051905268370444737 -0.048669078590729192 0.00056147491419664022 -0.051689518678954993 -0.016688719678787878 0.057515595142845682 0.067037342982190176 0.056440487507395554 0.052772545293470467 0.0019092716550642022 0.051501594250093943 0.081369212460355847 -0.026803019918893368 0.054212889905654961 0.019672001563381201 -0.048215096607477081 0.081652296309862704 -0.029340759454860657 0.088774427466542308 -0.01774490785275111 -0.051527610188113131 0.056465451099354774 -0.001824482376416584 0.027094356919839899
leaf_weight=208.84227023390122 2.2149662084411825 0.32035455107688893 2.1210590265691271 3.2288565747439852 13.612358722835779 4.0915587330237022 18.577947958605364 3.5200842646881929 5.4451011125929654 12.620292223989962 17.467499287799001 3.9378818310797241 1.9804198052734125 1.7015341920778162 7.0198935116641241 2.9631056115031242 2.9079359071329227 2.728157512843608 1.887337521649896 8.8536337842233461 31.482142400695004 10.632674313150348 1.866831550374626 10.100277686491614 1.1299028070643533 12.111617858521639 3.5590309998951843 3.1124180182814518 41.074811244849123 12.029042054433377
leaf_count=1638 547 1 16 38 319 37 523 21 63 113 252 25 15 30 65 26 25 19 35 97 305 99 19 58 15 191 32 20 255 164
internal_value=1.27259e-05 0.0351749 -0.000185113 -6.89606e-06 -0.000268237 0.0021417 0.00613531 -0.00291117 -0.00844625 -0.0183369 0.00273966 0.00148776 -0.0112697 -0.0213965 0.0299651 0.00485913 0.00115594 0.0399991 0.0159351 0.0399773 -0.000717862 -0.0020375 -0.0184467 0.00269099 0.00250312 -0.00865558 -0.00655068 -0.00360204 0.00228129 0.00749795
internal_weight=453.141 2.53532 450.606 448.485 445.256 232.893 169.108 212.362 63.785 33.8525 29.9325 21.2322 17.2943 15.3139 12.465 165.017 123.669 5.69126 41.348 10.741 117.978 115.07 25.741 89.3287 15.1084 13.2415 57.8465 54.2875 44.1872 30.607
internal_count=5063 548 4515 4499 4461 2802 1920 1659 882 502 380 389 364 349 128 1883 1064 45 819 132 1019 994 324 670 225 206 365 333 275 687
is_linear=0
shrinkage=0.05


Tree=101
num_leaves=31
num_cat=0
split_feature=0 2 3 3 3 3 3 3 1 0 0 1 1 5 0 0 0 5 5 3 3 3 1 1 2 2 4 2 5 4
split_gain=1.19618 1.53069 1.16654 12.8655 9.57577 3.46429 15.3168 8.64252 3.17541 2.83992 5.22362 3.75233 5.28235 2.64304 4.77736 2.32009 4.43646 2.28047 2.17111 2.10804 18.0565 17.5599 3.52945 4.03672 7.10567 4.01396 5.21167 7.10315 4.00385 3.95814
threshold=0.7864295468921777 2.2315840577081043 1.2268893525324958 1.1348471134948515 1.3189314995279926 0.85872076455050717 0.76667852551286308 0.95076291154600423 1.6995613547709489 -0.39768386775305642 -0.37548381642404088 -0.79169611427910169 -0.43335820690994825 0.88734944934584081 -0.3739386548856477 -0.34927018088974965 -0.27920695840046106 -0.28835055665256876 -0.1584460471980231 0.30646788257752478 0.39851002957302184 0.21442564353988061 0.23344636145116224 -0.2325911047311516 0.25994426689521632 1.2037771973618512 -0.25517261798024088 0.49815041188695208 0.84114298833008749 0.06383055740506724
decision_type=2 2 2 2 2 2 2 2 2 2 2 2 2 2 2 2 2 2 2 2 2 2 2 2 2 2 2 2 2 2
left_child=2 -2 3 5 -4 6 8 -7 19 -6 -11 -12 -13 14 17 -14 -17 -9 -18 21 -21 -1 23 25 -25 26 27 28 -22 -28
right_child=1 -3 4 -5 9 7 -8 13 -10 10 11 12 15 -15 -16 16 18 -19 -20 20 22 -23 -24 24 -26 -27 29 -29 -30 -31
leaf_value=-0.00087547860755194523 0.050353133638375458 -0.068550687363546747 -0.063076150207507758 0.068055020320443221 0.023088787503614133 -0.058795260549541421 0.061302931516445995 -0.0035160619063183945 -0.045912510223023895 -0.053634977549360509 0.040056556845736821 -0.044322126939351475 -0.032504628511150255 0.023378964796045395 -0.036548951524691418 0.075204337942416405 -0.027268964993542023 0.061691153019875336 0.03485236517472793 -0.064715972258346369 0.019817969641782361 0.062797002042467451 -0.02511407086416792 0.071685300098363491 -0.015024721143389902 0.040576724953111806 -0.034348985676641249 -0.043948562646568608 0.082417642273477587 -0.00037265939492208604
leaf_weight=251.72328349365853 2.1076748012565072 0.31054764986038197 6.6763835689052931 6.9624425182119003 11.126349434256552 8.7096875524148363 10.18410509219393 3.2767223408445734 3.8730483078397802 4.9019963149912646 5.3115099724382189 6.3318826183676764 2.2163864467293068 7.8300116267055264 8.4554428779520077 2.9035350391641286 3.2802774305455413 2.2694997619837531 2.4622588772326601 11.776048291474579 9.0998460985720104 11.314996370114384 10.578030994161962 5.6981066106818599 4.0363294174894691 5.7381991455331436 14.448772016912704 3.4069712255150071 3.5511025297455481 21.074902795255184
leaf_count=2603 547 1 77 111 142 105 170 39 149 25 36 35 14 55 57 32 53 20 24 76 60 153 94 51 25 64 67 24 31 123
internal_value=1.20473e-05 0.0350835 -0.000176749 0.000675598 -0.00779343 -0.000505944 0.00084228 -0.016685 -0.000885768 0.00178478 -0.00686368 0.00332357 -0.00802364 0.000114828 -0.0128949 0.0131353 0.0248349 0.0231666 -0.000632861 -0.000390968 -0.00702356 0.00186349 0.00172781 0.00596221 0.0357315 0.000906587 -0.00350652 0.0201323 0.0373896 -0.0141921
internal_weight=451.636 2.41822 449.218 404.008 45.2106 397.045 366.504 30.5414 356.32 38.5342 27.4078 22.5059 17.1943 21.8317 14.0017 10.8625 8.64607 5.54622 5.74254 352.447 89.4083 263.038 77.6323 67.0542 9.73444 57.3198 51.5816 16.0579 12.6509 35.5237
internal_count=5063 548 4515 4077 438 3966 3690 276 3520 361 219 194 158 171 116 123 109 59 77 3371 615 2756 539 445 76 369 305 115 91 190
is_linear=0
shrinkage=0.05


Tree=102
num_leaves=31
num_cat=0
split_feature=0 5 4 4 6 5 4 5 1 2 5 2 1 5 2 2 5 6 4 2 1 3 3 5 1 1 4 0 6 6
split_gain=1.19952 2.18414 2.97896 2.64039 2.30315 1.9934 2.11282 1.42974 1.32268 1.39826 1.25865 2.34209 2.04178 1.43981 5.48498 3.45335 3.4466 2.6909 2.21633 2.17792 1.78253 2.02947 1.63976 3.02758 2.75568 4.03133 3.60086 3.76312 4.5391 4.73716
threshold=-0.15282190267858006 -0.025406093586937156 -0.77662554651860782 -0.70443532405077514 -0.47024501299181082 -0.33463611165396884 -0.64488756949445314 2.2807881190120596 1.909287300303766 2.2315840577081043 2.0589751712411388 -0.086352922830449708 -0.74903397150967932 1.7383792152987647 0.59706004994134887 -0.033736660193909564 1.5869265971197628 1.0000000180025095e-35 0.46418471707581538 1.7565434419196224 -0.27668454633655248 -1.0000000180025095e-35 -0.89008012040608409 0.39403016175515826 -0.56286737773942452 0.19962641271934417 -0.53367547259000081 -0.33406006357542656 -0.19957569437762271 -0.67389352677565262
decision_type=2 2 2 2 2 2 2 2 2 2 2 2 2 2 2 2 2 2 2 2 2 2 2 2 2 2 2 2 2 2
left_child=10 2 8 -4 5 -5 -7 -3 9 -2 13 -12 -13 16 15 18 19 -17 -15 22 21 -18 23 -1 -24 26 -26 -28 29 -29
right_child=1 7 3 4 -6 6 -8 -9 -10 -11 11 12 -14 14 -16 17 20 -19 -20 -21 -22 -23 24 -25 25 -27 27 28 -30 -31
leaf_value=-0.0003893624714792894 0.043734573537164423 0.049436456937473686 -0.056894461152373101 -0.055105297679486347 0.047860264755727938 -0.041135087326290377 0.05587274063435415 -0.052681793251075928 -0.062807000263791518 -0.06732163161626474 -0.014282180826215752 0.0061306172960571238 0.070302995716188824 0.044227196413353841 0.041198078175120743 -0.040906408189885099 0.0034660224947237598 0.0028266562447066021 -0.015899419173849041 -0.030283793364668465 -0.008504688844233145 0.049061097431773532 -0.0041472031288036495 -0.025313802416809292 -0.012797047173713381 -0.0054107845172243589 0.023846820189474156 -0.041855596790270101 -0.021200246236379693 0.019986481808526878
leaf_weight=37.788548894692212 4.9459455208852896 4.4134923401288679 2.6861653421074152 1.9577588597312563 1.9249541326425967 0.99379838071763504 1.2897158348932869 0.37162053817883123 0.35158007498830546 0.30065706372261036 3.2342033926397562 2.3236262537539005 2.6567234192043525 2.898755054920918 4.2366985408589235 14.844973010942342 3.6754997605457893 4.6095502823591223 3.2521031983196735 6.2508788984268895 3.2354306401684871 7.263628843240439 146.31622378318571 17.981471247971058 14.066906780935822 58.31204486778006 49.782138946931802 3.4475237429141954 12.859037833753979 30.425010175444189
leaf_count=529 613 273 14 30 57 9 42 7 3 1 16 18 30 25 61 66 30 26 17 70 19 73 1024 111 170 883 548 20 83 195
internal_value=1.1636e-05 0.012227 0.00253169 -0.0155215 0.00250168 -0.0180849 0.0136544 0.0415058 0.0310791 0.0373705 -0.000535493 0.0188482 0.0403628 -0.000913486 -0.0115 -0.0202195 -0.000106332 -0.0305443 0.0124368 -0.00101584 0.0240984 0.0337414 -0.000522679 -0.00842555 0.000875578 0.00522695 0.0108365 0.0142811 0.00409094 0.0136922
internal_weight=448.697 19.2357 14.4506 8.85239 6.16623 4.24127 2.28351 4.78511 5.59818 5.2466 429.461 8.21455 4.98035 421.246 29.8421 25.6054 391.404 19.4545 6.15086 377.23 14.1746 10.9391 370.979 55.77 315.209 168.893 110.581 96.5137 46.7316 33.8725
internal_count=5063 1049 769 152 138 81 51 280 617 614 4014 64 48 3950 195 134 3755 92 42 3633 122 103 3563 640 2923 1899 1016 846 298 215
is_linear=0
shrinkage=0.05


Tree=103
num_leaves=31
num_cat=0
split_feature=6 3 3 3 2 1 2 2 2 1 3 2 5 0 0 5 4 6 5 4 0 2 5 3 3 3 3 1 1 6
split_gain=1.15436 1.26934 11.4002 9.49177 2.4659 3.79575 4.51679 3.78941 3.34654 2.95913 4.69817 3.4709 4.0593 3.76495 3.05878 3.05842 2.86994 4.60946 2.50472 2.40904 3.47572 2.34461 2.25506 2.20318 4.23097 18.8727 12.7976 3.07567 3.94316 3.66843
threshold=3.8661535032793659 -0.24578499939545764 -0.15374285239996058 -0.33782723843310175 0.13192560931808389 -1.0473081786632019 0.16347304898070375 -0.033736660193909564 -0.09789653282765988 -0.20972681290296477 -0.70599582641508996 0.31008490777959319 0.13139565650439944 -0.2920473581695896 -0.2920473581695896 1.2746346602122036 -0.18582787920074428 0.65680428090989029 1.0081229451328322 -0.97481373065111521 -0.25418482104639134 -0.1369135563535778 -1.2587128543365562 1.0000000180025095e-35 0.30646788257752478 0.39851002957302184 0.21442564353988061 0.35128180797695679 -0.79926088106645266 -0.57886118328956893
decision_type=2 2 2 2 2 2 2 2 2 2 2 2 2 2 2 2 2 2 2 2 2 2 2 2 2 2 2 2 2 2
left_child=1 3 -3 4 7 -6 -7 8 19 10 14 -12 -13 -14 -8 16 -11 -18 -9 22 21 -21 -1 -4 26 -26 27 28 29 -25
right_child=-2 2 23 -5 5 6 9 18 -10 15 11 12 13 -15 -16 -17 17 -19 -20 20 -22 -23 -24 24 25 -27 -28 -29 -30 -31
leaf_value=0.038119068078561961 -0.039627732174785428 -0.058722294474014891 -0.011662879671246094 0.058015686598209319 0.041401803386118756 0.055827854605862641 0.0026539817508365073 -0.045968142200385115 0.046450383630277314 0.04069847951504757 -0.028614451794073056 0.062832947713131554 0.053122818994488369 -0.017799580249988831 -0.039737636693018726 0.055161815304600896 -0.050262763656962708 0.035169206338769833 -0.0020382440332680335 8.7279521914490415e-05 0.059405095795950852 -0.050932617722645505 -0.046446735358264483 -0.023723564777713008 -0.063567248720888661 0.0019674702054021335 0.061970000547924599 0.035514532055206049 -0.011227076522860648 0.035258470781295265
leaf_weight=0.93750292249023903 1.8290383592247952 8.5303490036167187 35.681351583916694 7.6807726793922475 7.7199321947991839 3.8920135395601383 6.51816985849291 8.2552956067956966 3.6908564858604214 3.5166279925033441 4.185443317517648 4.4025587788783005 2.7022911682724953 6.0847667581401748 12.25718115549534 4.1827434014994642 3.8607988320291033 2.671317279804498 5.3459480172023168 57.604017277248197 2.4041843619197669 2.3434110246598712 4.9544545952230683 3.5218931790441266 11.744503036607055 170.05902942991816 10.921820924617348 6.2514207456260911 33.079865516861901 10.48284340277314
leaf_count=12 13 128 282 278 84 28 97 62 28 145 17 89 20 37 105 34 19 94 24 790 17 11 103 20 99 1846 181 135 195 70
internal_value=1.28348e-05 0.000175589 -0.00177605 0.00382553 0.00100425 0.00859732 0.00393121 -0.00449899 7.71896e-05 -7.78231e-05 -0.00768079 0.0110566 0.0236453 0.00401124 -0.0250207 0.019235 0.00428064 -0.0153252 -0.0287016 -0.00243084 0.000456963 -0.00190714 -0.032991 -5.18859e-05 0.00163182 -0.00226607 0.0126601 0.00256268 -0.00181233 0.0204257
internal_weight=447.312 445.483 290.273 155.21 147.53 61.9938 54.2739 85.5357 71.9344 50.3819 36.1504 17.3751 13.1896 8.78706 18.7754 14.2315 10.0487 6.53212 13.6012 68.2436 62.3516 59.9474 5.89196 281.743 246.061 181.804 64.2578 53.336 47.0846 14.0047
internal_count=5063 5050 2956 2094 1816 769 685 1047 961 657 365 163 146 57 202 292 258 113 86 933 818 801 115 2828 2546 1945 601 420 285 90
is_linear=0
shrinkage=0.05


Tree=104
num_leaves=31
num_cat=0
split_feature=0 5 4 4 6 5 4 5 2 3 5 3 3 3 3 3 3 1 0 0 0 4 0 4 4 1 5 0 5 2
split_gain=1.0721 2.12152 2.77384 2.32679 2.10231 1.85835 1.95311 1.27366 1.62467 1.34466 1.27202 1.25428 12.0124 8.73583 3.22871 14.2285 8.05233 3.27364 3.0046 2.54085 5.4695 5.46488 3.26398 3.90413 2.48452 2.63875 2.20016 4.49434 2.13559 6.20603
threshold=-0.15282190267858006 -0.025406093586937156 -0.77662554651860782 -0.70443532405077514 -0.47024501299181082 -0.33463611165396884 -0.64488756949445314 -0.99729033699712 2.2315840577081043 -1.8105015903610546 2.2807881190120596 1.2268893525324958 1.1348471134948515 1.3189314995279926 0.85872076455050717 0.76667852551286308 0.95076291154600423 1.4965490463398712 -0.21283338319695824 -0.30535121378631414 -0.39043945449167144 -0.05319933094588912 -0.37548381642404088 0.37720302436401082 -0.54377795567752274 1.2770016973067679 0.88734944934584081 -0.3739386548856477 -0.011552942454124868 0.25994426689521632
decision_type=2 2 2 2 2 2 2 2 2 2 2 2 2 2 2 2 2 2 2 2 2 2 2 2 2 2 2 2 2 2
left_child=11 2 7 -4 5 -5 -7 9 -9 -2 -3 12 14 -13 15 17 -16 28 19 20 24 -21 -22 -24 25 -15 27 -18 29 -1
right_child=1 10 3 4 -6 6 -8 8 -10 -11 -12 13 -14 18 16 -17 26 -19 -20 21 22 -23 23 -25 -26 -27 -28 -29 -30 -31
leaf_value=-0.00037109652258801758 -0.062969871667020547 0.04910767188175285 -0.053995772714183821 -0.053845334293224391 0.046344237802240076 -0.039268574526352955 0.055380725313362057 0.057650211402359375 -0.066006130037306349 0.028043632680386194 -0.048960296873909376 -0.062484345173718918 0.067892056694396366 -0.036925672653589328 -0.058408819562376785 0.061139526520373237 0.021765331781925457 -0.045276051732339284 -0.048206661911974112 0.051138656751411285 -0.063118940688545122 -0.031814268987415496 -0.032924569911652914 0.036216852375653079 0.045211002112631335 0.028385070578890011 0.021380558829506357 -0.037582583421509518 -0.0037872138909743366 0.029089744309902341
leaf_weight=110.40472653741017 0.62823517248034466 4.2021583036985239 2.6869432702660561 1.9169595832936459 1.8481926778331397 0.97878657281398762 1.2299485558178282 3.2833361907396479 0.28900784254074086 1.14633326488547 0.35889807576313604 6.4020436946302643 6.4844319107942274 2.7818982992321217 8.2922200458124298 9.4391556582413596 5.5260097673162845 4.1423929557204238 2.8950602635741225 6.7499148994684219 4.0549686127342275 2.8128086496144551 5.9337207172065956 3.1127052195370197 5.6022501923143881 3.4827860780060291 7.568249072879552 7.5463628019206217 201.58909842837602 21.329134645871818
leaf_count=1304 10 273 14 30 57 9 42 548 1 58 7 77 89 51 101 147 59 163 24 44 17 27 37 22 63 36 48 44 1291 370
internal_value=1.24128e-05 0.0117731 0.00212927 -0.015353 0.00202777 -0.0178247 0.0134375 0.0304468 0.0476462 -0.00417709 0.0413909 -0.000500041 0.000418394 -0.00851174 -0.000745749 0.000592617 -0.0167927 -0.00110092 0.000720722 0.00482276 -0.00357089 0.0267386 -0.0258429 -0.00913431 0.021018 -0.000616845 -7.37855e-05 -0.0124948 -0.000551935 0.00439893
internal_weight=444.719 18.5688 14.0077 8.66083 5.97389 4.12569 2.20874 5.34691 3.57234 1.77457 4.56106 426.15 382.322 43.8282 375.837 346.905 28.9328 337.465 37.4261 34.5311 24.9683 9.56272 13.1014 9.04643 11.8669 6.26468 20.6406 13.0724 333.323 131.734
internal_count=5063 1049 769 152 138 81 51 617 549 68 280 4014 3616 398 3527 3275 252 3128 321 297 226 71 76 59 150 87 151 103 2965 1674
is_linear=0
shrinkage=0.05


Tree=105
num_leaves=31
num_cat=0
split_feature=4 6 3 3 3 5 2 1 2 2 2 1 3 2 5 0 5 4 6 0 5 2 4 0 3 0 1 4 2 4
split_gain=1.04196 1.5501 1.03807 10.7272 9.14568 2.40086 2.29812 3.54377 4.19681 3.2387 3.09625 2.65299 4.42164 3.17423 3.80721 3.22278 2.88231 2.86486 4.66077 2.79087 2.32556 2.11243 2.08422 3.25871 2.81578 2.9383 3.70065 4.29065 2.61916 3.1814
threshold=2.8119568026088237 2.8172860743137966 -0.24578499939545764 -0.15374285239996058 -0.33782723843310175 -1.1760400074157753 0.13192560931808389 -1.0473081786632019 0.16347304898070375 -0.033736660193909564 -0.09789653282765988 -0.20972681290296477 -0.70599582641508996 0.31008490777959319 0.13139565650439944 -0.28255735216835082 1.2746346602122036 -0.2089925407955199 0.65680428090989029 -0.2920473581695896 1.0081229451328322 0.20599354691628194 -0.97481373065111521 -0.26845378018014682 -1.2582487083880722 -0.39567619450301389 -0.70125156854479342 -0.066279727275328673 -0.34296264902756451 0.46418471707581538
decision_type=2 2 2 2 2 2 2 2 2 2 2 2 2 2 2 2 2 2 2 2 2 2 2 2 2 2 2 2 2 2
left_child=1 2 4 -4 6 -5 9 21 -9 10 22 12 19 -14 -15 -16 17 -13 -19 -10 -11 -8 -1 24 -24 28 -27 -28 29 -26
right_child=-2 -3 3 5 -6 -7 7 8 11 20 -12 16 13 14 15 -17 -18 18 -20 -21 -22 -23 23 -25 25 26 27 -29 -30 -31
leaf_value=-0.031828925587275812 -0.035640909422941819 0.034777394969179497 -0.058406254686194793 -0.037574078178220414 0.057794641248257353 0.00038889741350552282 -0.0021282874633130138 0.053501130792333478 0.0018801560643233722 -0.044253071880388586 0.043878995357162241 0.045396436011385724 -0.027349529075246327 0.062102637304057233 0.045270193337638966 -0.018403172546419617 0.052801070011498565 -0.046640681481941476 0.038715125814225135 -0.03892950366248496 -0.0017509110880825002 0.056535004824895832 -0.025464495833386492 0.046936559782007142 0.024822905878021741 -0.052763591639368501 0.035299083506469354 -0.034938073661037287 0.067049827672334195 -0.0078125352383698662
leaf_weight=5.7491504710633299 2.0396937234327188 3.2135729799047104 8.1451410022564215 4.2291814507916561 7.3193835550919166 273.24076393665746 2.1407137997448435 3.8670057398267081 6.4183869711123398 8.1024920344352704 3.7099727245513341 2.818942393641918 4.1740848515182831 4.1712525500915936 3.0670174239203334 5.6447468735277635 4.1602479133289298 4.2517106626182786 2.5636314237490296 12.063508734572673 5.33929259632714 5.4197407457977533 11.347119092941275 3.4397609028965297 13.6647417070344 4.7444365620613089 4.6007746318355194 4.1228064857423368 1.9314847718924308 16.465939930640161
leaf_count=115 16 38 128 164 276 2653 11 28 91 61 28 140 17 89 22 35 34 23 90 104 24 73 107 22 120 16 30 17 21 470
internal_value=1.31383e-05 0.000178371 -7.61108e-05 -0.00184994 0.00327246 -0.000189732 0.000500748 0.00789344 0.0033414 -0.00489697 -0.000567633 -0.000590369 -0.00781421 0.010544 0.0228214 0.00401333 0.0180205 0.00300163 -0.0145336 -0.0247571 -0.0273705 0.0399247 -0.00306355 -0.000321764 -0.0031798 0.00237404 -0.017224 0.00210466 0.0106064 0.00698815
internal_weight=442.167 440.127 436.913 285.615 151.298 277.47 143.979 60.761 53.2005 83.218 69.7762 49.3335 35.539 17.0571 12.883 8.71176 13.7945 9.63428 6.81534 18.4819 13.4418 7.56045 66.0662 60.3171 56.8773 45.5302 13.468 8.72358 32.0622 30.1307
internal_count=5063 5047 5009 2945 2064 2817 1788 757 673 1031 946 645 358 163 146 57 287 253 113 195 85 84 918 803 781 674 63 47 611 590
is_linear=0
shrinkage=0.05


Tree=106
num_leaves=31
num_cat=0
split_feature=1 6 1 4 4 0 2 2 0 6 4 2 5 1 0 1 4 0 5 6 4 0 1 4 2 2 6 3 3 4
split_gain=1.01762 1.173 1.10504 2.82449 3.7241 3.13137 6.7149 6.42306 5.24645 5.12018 2.92958 3.85769 2.76498 2.68808 2.52687 3.0386 3.23866 2.98252 3.9681 2.87548 3.63748 3.50359 4.80038 3.84218 2.73367 4.23619 4.35785 5.41247 2.48932 2.37508
threshold=-2.0163870292292185 3.047394467177694 -0.56286737773942452 -0.46640686485422228 -0.43533496774531949 -0.32877532075770916 -1.2294918527492065 -0.24923470330144984 -0.45054768402603013 -0.84942161351248091 -0.77662554651860782 -0.22827989313435496 -1.1760400074157753 -0.57060052400486871 -0.39700389190752938 -0.5405946855222592 -1.0000000180025095e-35 -0.42385142197759129 -1.2587128543365562 -0.53138584469325556 0.16650340050263726 -0.46139035719728066 0.23344636145116224 0.36173399127181904 -0.53392379800647072 -0.11524854744325756 -0.20586399897380872 0.76667852551286308 0.95076291154600423 -0.58544351638749659
decision_type=2 2 2 2 2 2 2 2 2 2 2 2 2 2 2 2 2 2 2 2 2 2 2 2 2 2 2 2 2 2
left_child=-1 2 13 5 -5 6 8 12 9 -4 11 -9 -7 -2 17 16 -16 19 -19 -6 -21 23 -23 -22 -17 26 27 -26 29 -11
right_child=1 -3 3 4 14 7 -8 10 -10 28 -12 -13 -14 -15 15 24 -18 18 -20 20 21 22 -24 -25 25 -27 -28 -29 -30 -31
leaf_value=0.037392928458356317 -0.0018315858174551014 -0.030458597172619995 -0.041259695826273549 0.05398573128614978 -0.043243430477313285 -0.022815851613800158 -0.042174851579880102 -0.12283923354427216 0.054016915629734832 -0.019327944965189192 -0.020994722552830723 0.044704809982126892 0.05144526000007496 -0.046469591192060192 0.0010866337620822997 0.04682226131891052 0.077828203711678243 -0.032971054235757184 0.047835756287767692 0.048332650237455831 -0.079237265427895109 0.01004782584776355 -0.050966380026216687 0.043006532291189538 0.024247208864900519 0.0024275494602459631 -0.049890061794491271 -0.054058551619985712 0.052944313767952993 0.056290770742441681
leaf_weight=1.8132394608110178 203.03682649321854 3.1675222162157288 7.3648309214040664 3.9320781850256017 2.623358252458277 1.4897694159299133 14.743126347195355 0.38156834966503383 3.931128382682803 4.8504463126882911 14.930399949196724 3.4495522540528327 7.902080296538772 3.4296341701410702 2.9113427456468344 2.9527779356576493 2.6049395427107802 1.7771431626752008 10.468744717305524 5.378383970353755 0.71444333484396949 8.7619111007079429 5.1001399322412899 6.4084611213766038 6.7541001732461172 93.265734895598143 8.5692088915966433 3.2775892657227814 2.9121419554576278 1.3212424423545579
leaf_count=22 1632 25 235 37 32 20 137 2 25 75 165 577 134 21 26 25 19 36 114 91 13 121 72 353 44 891 45 20 31 23
internal_value=1.29019e-05 -0.0001417 7.89344e-05 0.00247232 0.00590754 -0.00651258 -0.0164709 0.005911 0.00212381 -0.0102783 -0.0109863 0.0280179 0.0396657 -0.00257307 0.00473747 0.00107726 0.0373261 0.0154197 0.0361089 0.00667914 0.0116468 0.00224435 -0.0124006 0.0307452 -0.000664253 -0.00191768 -0.0237049 -0.00133713 0.0148402 -0.0031394
internal_weight=440.224 438.411 435.243 228.777 165.5 63.2763 35.1229 28.1534 20.3798 16.4487 18.7615 3.83112 9.39185 206.466 161.568 120.336 5.51628 41.2326 12.2459 28.9867 26.3633 20.985 13.8621 7.1229 114.819 111.867 18.6009 10.0317 9.08383 6.17169
internal_count=5063 5041 5016 3363 1939 1424 526 898 389 364 744 579 154 1653 1902 1070 45 832 150 682 650 559 193 366 1025 1000 109 64 129 98
is_linear=0
shrinkage=0.05


Tree=107
num_leaves=31
num_cat=0
split_feature=0 5 4 2 0 4 5 5 5 5 2 2 1 5 6 2 1 4 3 2 1 1 2 5 0 4 6 4 4 0
split_gain=0.983315 2.00693 2.48024 2.03786 1.47755 1.45727 1.19264 1.16838 2.3112 1.42588 4.98951 3.19148 3.16604 3.02939 1.99922 1.89854 1.78153 1.76406 1.74773 1.47986 5.06056 4.1069 4.80308 7.17931 4.30834 2.86903 2.82989 3.14678 5.98664 4.32347
threshold=-0.15282190267858006 -0.025406093586937156 -0.77662554651860782 0.90994376042672809 -0.066084309080361073 -0.2403278956406488 2.2807881190120596 2.0589751712411388 2.3768788169919026 1.7383792152987647 0.59706004994134887 0.13192560931808389 -0.72714610480119424 1.5869265971197628 -0.061750213120091421 1.7565434419196224 -0.27668454633655248 0.10666346010587291 1.0000000180025095e-35 0.10677908729400419 -1.0677811595048523 -1.0222867537475155 -0.59808554519913548 0.97646373688526711 -0.45742541260561659 -0.58544351638749659 3.047394467177694 -0.3105716138764702 -0.37465560615706867 -0.35729582234729645
decision_type=2 2 2 2 2 2 2 2 2 2 2 2 2 2 2 2 2 2 2 2 2 2 2 2 2 2 2 2 2 2
left_child=7 2 -2 4 -4 -5 -3 9 -9 13 11 12 -11 15 17 19 18 -13 -15 21 -21 22 23 24 -1 -22 27 28 29 -23
right_child=1 6 3 5 -6 -7 -8 8 -10 10 -12 14 -14 16 -16 -17 -18 -19 -20 20 25 26 -24 -25 -26 -27 -28 -29 -30 -31
leaf_value=-0.0096634866589188264 0.029775998552389833 0.048795090393774776 -0.0099284128873485811 0.043387021122309861 -0.060875623739881916 -0.044069549270539993 -0.046800568378749047 0.036687118401467038 -0.02074153610455828 0.030178669578221923 0.040044436358719709 -0.023402183992717471 -0.027943542836121119 0.0043864433185489479 -0.0034839557346374333 -0.028556368415468582 -0.0096981244159204064 -0.062335093748737594 0.047198657346799511 0.025192904826661422 -0.06521215869715602 -0.012865796584775555 -0.032971697941855331 -0.045790439665944552 0.05534483043475398 0.00037979910247987306 -0.062802255853284819 0.0067518525446168161 -0.045727294956746295 0.012505468654189522
leaf_weight=4.5057093582581702 5.0387594734784225 4.0027601846959433 3.4726186208426952 1.9769188831560316 2.4113008230924606 0.62750703981146205 0.3552220701240002 5.4930277410894615 2.5723770782351494 5.0602424144744873 4.0478499378077677 5.4856268037110585 4.363295275717979 3.5988652720116061 4.103950515389438 6.1003355677239588 3.2190673598088315 6.195522129535675 7.0608947658911347 22.574919303646311 1.6895086281001557 38.512304007541388 22.221500914543867 5.007799024693667 5.8677882011979827 125.96626268071122 1.7697785831987847 96.683083087904379 8.7519581886008364 29.772134819999337
leaf_count=58 617 273 39 87 11 15 7 48 16 36 61 27 22 30 24 70 19 25 73 187 14 564 105 61 42 1089 10 1171 55 207
internal_value=1.19905e-05 0.0114943 0.00198755 -0.0145079 -0.0308072 0.0223153 0.041003 -0.000476241 0.0183708 -0.000844696 -0.0114844 -0.0197586 0.00326687 -3.25951e-05 -0.0335045 -0.000894167 0.0229005 -0.0440517 0.0327447 -0.000429707 0.00337077 -0.00310906 -0.0181045 0.00337433 0.0271086 -0.000488302 0.000104072 0.000744934 -0.00679394 -0.00180388
internal_weight=438.509 17.8851 13.5271 8.48835 5.88392 2.60443 4.35798 420.624 8.0654 412.558 29.2565 25.2086 9.42354 383.302 15.7851 369.423 13.8788 11.6811 10.6598 363.323 150.231 213.092 37.6028 15.3813 10.3735 127.656 175.489 173.719 77.0364 68.2844
internal_count=5063 1049 769 152 50 102 280 4014 64 3950 195 134 58 3755 76 3633 122 52 103 3563 1290 2273 266 161 100 1103 2007 1997 826 771
is_linear=0
shrinkage=0.05


Tree=108
num_leaves=31
num_cat=0
split_feature=3 3 3 3 3 3 3 6 0 5 1 1 1 3 4 0 2 5 0 4 5 1 6 2 0 1 1 6 3 3
split_gain=0.941684 5.18898 11.4451 4.77264 2.91072 13.5596 7.78845 2.75892 4.21373 2.74657 2.58223 2.41155 3.19333 2.17826 2.18761 2.16778 3.22039 5.41422 4.17058 3.57684 3.44034 2.88561 2.298 4.41294 4.59277 3.5341 3.46165 2.72177 2.2292 6.58428
threshold=1.5030157014768397 1.2268893525324958 1.1348471134948515 1.3189314995279926 0.85872076455050717 0.76667852551286308 0.95076291154600423 -0.53560526985519852 -0.32143602321805637 -0.13039930101088601 1.6995613547709489 -0.79169611427910169 -0.4493712564754469 2.1473108224874662 -0.48765445100667165 -0.21490634580112489 0.97837290288751211 1.4906834686067219 -0.17662062535059755 -0.77662554651860782 -0.47035950333894377 -0.6402321059652577 -0.68018183137183863 -0.05217745825188428 -0.43380396045593289 -0.37140994613010209 1.4803035774077438 -0.656253607388949 -0.24578499939545764 -0.15374285239996058
decision_type=2 2 2 2 2 2 2 2 2 2 2 2 2 2 2 2 2 2 2 2 2 2 2 2 2 2 2 2 2 2
left_child=1 2 4 -3 5 10 -6 8 -5 -9 15 -2 -13 14 -14 22 17 18 -17 -20 -18 -21 23 24 -1 -26 -27 -24 -29 -30
right_child=11 3 -4 7 6 -7 -8 9 -10 -11 -12 12 13 -15 -16 16 20 -19 19 21 -22 -23 27 -25 25 26 -28 28 29 -31
leaf_value=-0.037664596352370516 0.038972992748847905 -0.062000603597954708 0.066585372615789937 -0.013987249678445224 -0.057949387249417811 0.060306960540406074 0.00014395556327056558 -0.066083398370057722 0.073455687727940297 -0.0080663487062123049 -0.043628122055581003 -0.038404740687600691 -0.003911106401457815 -0.039328426677924126 0.040746171839654607 0.037244065403551074 -0.035043780118595429 -0.058270889678228723 0.030272164913733995 0.017773778912282826 0.044815997146625326 -0.040593914470997389 0.043390111245467322 -0.077381759094905744 0.068185220558373255 -0.040543647969582618 0.041957695058009475 0.0037723436108463753 -0.05809314170120309 -0.0031299396726959827
leaf_weight=6.9780861996114263 5.4386628344655064 6.07135965069756 6.4985345560125998 3.9332067845389247 7.8872198737226453 9.3597935934085381 21.487860715016723 3.0027990257367492 2.1204477478750059 6.361918996088205 3.4646159722469738 3.9885784145444694 4.9274633883032974 1.7328877355903376 6.1841004178859214 8.8123801574111003 1.5691764326766122 3.3071296550333491 4.592039530398325 3.0320396889001131 9.594135952414943 7.0207752920687199 3.4770803395658723 2.752909797243773 2.4339985493570566 2.9395926017314205 2.2405597036704421 128.48872803524137 5.6516060992144039 151.87508655805141
leaf_count=172 47 77 154 36 105 213 201 24 52 39 149 21 113 32 79 78 26 18 370 30 385 48 21 12 23 25 24 1511 77 901
internal_value=1.1803e-05 -0.000525782 0.000780915 -0.0244506 -0.000324179 0.000918708 -0.0154541 -0.00966434 0.0166419 -0.0266695 -0.000677542 0.0100278 0.000675726 0.0128114 0.0209427 -0.000245923 0.011031 0.00162158 0.0100655 -0.00628883 0.0335905 -0.0229896 -0.00163985 -0.0193173 -0.00836316 0.0184905 -0.00485953 -0.000580688 -0.00111524 -0.00510186
internal_weight=437.225 414.953 393.463 21.4897 386.965 357.59 29.3751 15.4184 6.05365 9.36472 348.23 22.2717 16.833 12.8445 11.1116 344.765 37.9277 26.7644 23.4572 14.6449 11.1633 10.0528 306.838 17.3451 14.5922 7.61415 5.18015 289.493 286.015 157.527
internal_count=5063 4771 4543 228 4389 4083 306 151 88 63 3870 292 245 224 192 3721 955 544 526 448 411 78 2766 256 244 72 49 2510 2489 978
is_linear=0
shrinkage=0.05


Tree=109
num_leaves=31
num_cat=0
split_feature=1 6 2 0 3 4 0 2 6 1 5 2 0 6 5 6 5 3 5 3 6 6 3 2 5 2 0 6 2 2
split_gain=0.89991 0.944989 1.03472 1.50068 1.13486 1.01859 3.49977 7.43363 2.80248 3.42171 1.95581 2.34775 1.82665 2.25033 2.00629 1.82323 1.74418 2.63915 1.6359 1.63439 1.33879 4.1611 4.99148 3.63394 5.10977 6.9575 5.0069 4.25414 2.94945 2.8999
threshold=-2.0163870292292185 3.047394467177694 1.9065080941201404 0.7864295468921777 0.21442564353988061 0.93742207714292702 -0.46139035719728066 -0.60631531604337974 1.6360648057523108 0.54652667876062855 1.0508001909799718 0.22214829751752216 -0.39308060143096307 -0.13933319190420443 0.78261853570006845 0.97407783099018419 -1.1760400074157753 -2.5468387663250307 -2.0420442091667641 -1.6264172963700605 -0.19315127929234177 -0.24792214010414368 0.39851002957302184 0.40183159713622169 1.1750349452891977 0.68286303115078406 -0.22896010285105647 -0.11774606833374772 0.93265198423345463 0.33812712039616932
decision_type=2 2 2 2 2 2 2 2 2 2 2 2 2 2 2 2 2 2 2 2 2 2 2 2 2 2 2 2 2 2
left_child=-1 2 3 5 -4 16 18 15 10 -10 12 -12 -9 -14 -15 -8 17 -2 -7 -20 21 -18 -23 29 25 -25 -27 -28 -26 -22
right_child=1 -3 4 -5 -6 6 7 8 9 -11 11 -13 13 14 -16 -17 20 -19 19 -21 23 22 -24 24 28 26 27 -29 -30 -31
leaf_value=0.03550938576370341 0.058599267892034616 -0.027691336199087254 -0.043954236595814308 0.050208277595879758 0.0086043260377995819 -0.045492811032141291 -0.0033852359600851862 -0.03109402343486219 0.057896528834620514 -0.070791063701942755 0.051643366186972933 -0.0010180471749578017 -0.052230724071469427 0.052889001750495351 -0.010416066939960403 -0.049385814816916632 4.6156085209966859e-05 -0.041221965280031379 -0.045691795909095556 0.058266232707099644 -0.0072940339910689232 0.0052620352596377835 0.059883831027073425 0.033278745578937306 0.0071580289106475334 -0.049257282293469845 -0.053142033298652004 0.061262029307422555 0.052220274685857875 -0.042063553506569866
leaf_weight=1.7780016963370133 0.76338209025561798 3.0890126861631861 2.7237749022897324 1.5015813682693977 1.6487545156851409 0.48169912118464697 3.1413443745113891 4.6379678333178163 5.4634470748715094 0.5704846680164336 4.1388167701661569 4.3313234904780984 1.1678643822669981 2.8163511122111284 2.2526277229189873 6.8536853734403849 234.92731660418212 4.9934227108024052 0.40824913885444392 5.1157357268966726 83.129152827430516 11.644867511000486 6.5267435386776915 6.806912632193419 6.6706732902675849 9.0301609477028233 1.2573010213673099 2.2973423544317493 7.9695217132102698 6.4631278533488503
leaf_count=22 12 25 45 539 18 14 23 38 208 2 39 35 11 62 12 125 2235 185 5 363 490 98 52 73 47 49 12 61 130 33
internal_value=1.06135e-05 -0.000135213 6.28663e-05 0.000311619 -0.0241359 0.000134854 0.00758682 0.00159531 0.0159795 0.0457296 0.00670004 0.0247142 -0.00733079 0.0103405 0.0247566 -0.0349283 -0.000671357 -0.0279852 0.0428772 0.0505832 -0.000253967 0.00182919 0.0248807 -0.00451886 0.00939025 -0.00744397 -0.0294702 0.0207966 0.0316881 -0.00980228
internal_weight=434.601 432.823 429.734 425.361 4.37253 423.86 41.3796 35.3739 25.3789 6.03393 19.345 8.47014 10.8748 6.23684 5.06898 9.99503 382.48 5.7568 6.00568 5.52398 376.723 253.099 18.1716 123.624 34.0319 19.3917 12.5848 3.55464 14.6402 89.5923
internal_count=5063 5041 5016 4953 63 4414 937 555 407 210 197 74 123 85 74 148 3477 197 382 368 3280 2385 150 895 372 195 122 73 177 523
is_linear=0
shrinkage=0.05


Tree=110
num_leaves=31
num_cat=0
split_feature=4 6 1 1 4 4 0 2 0 4 2 1 5 4 6 4 2 0 0 5 1 4 3 3 1 2 4 2 3 2
split_gain=0.873193 1.58784 0.961355 2.38707 2.26101 3.32043 2.58049 8.07344 4.66159 4.86325 4.25174 2.7161 2.56536 2.45839 2.35027 2.23277 3.57372 2.21784 2.80236 4.31417 2.77226 3.06882 2.66889 3.91283 4.9561 5.80763 6.77208 5.58984 3.20164 3.10716
threshold=2.8119568026088237 2.8172860743137966 -0.56286737773942452 -0.57060052400486871 -0.46640686485422228 -0.43533496774531949 -0.35729582234729645 -1.2294918527492065 -0.45054768402603013 -1.1774996148071211 -0.24923470330144984 1.9857585475218218 -0.38934376036326751 -0.58544351638749659 -0.8507282742077924 -0.77662554651860782 -0.22827989313435496 -0.39700389190752938 -0.41966396447815341 -1.2587128543365562 -0.5405946855222592 -1.0000000180025095e-35 -1.1662064693504284 -0.89008012040608409 0.17955877359780395 -0.046607991313674768 -0.40072811244689338 -0.33823813570999683 0.30646788257752478 0.53823247444232991
decision_type=2 2 2 2 2 2 2 2 2 2 2 2 2 2 2 2 2 2 2 2 2 2 2 2 2 2 2 2 2 2
left_child=1 2 3 -1 6 -6 7 8 9 -4 12 13 14 -11 -8 16 -12 18 -7 -20 21 -19 -22 29 27 -26 -27 -25 -28 -24
right_child=-2 -3 4 -5 5 17 10 -9 -10 11 15 -13 -14 -15 -16 -17 -18 20 19 -21 22 -23 23 24 25 26 28 -29 -30 -31
leaf_value=-0.0018745460469322024 -0.033757995529400578 0.03541564635293059 -0.04875728527734853 -0.044236676988321774 0.05130299686098129 0.006638028759632807 0.046947804314667718 -0.049151653910085108 0.05218362878250056 -0.013436035898393608 -0.11827943902798416 0.065272476103045332 0.04823759140109498 0.05536541135895913 -0.023243283214779226 -0.019155504675060147 0.042979303562727111 0.0005641573003130956 -0.040220756892950758 0.05123509064778306 0.030400299328308029 0.075957940792148654 -0.051728604361567815 0.056811795453851559 -0.061885379117319596 0.093141891262668197 0.014079688266837649 0.0025070499019635511 -0.036321716632417574 0.010723465594663292
leaf_weight=201.30194487492554 1.9058076522778709 3.170348940184339 5.1206668857485083 3.3813004004769018 3.8266002167947581 29.030198000371456 1.8407228733412919 11.594051118008791 3.9257533773779896 7.2388595324009648 0.38609597901813986 1.8680381812155236 6.6785861225798744 1.5821313336491574 3.3870504146907479 14.826026575639842 3.1191793361213058 2.8981988932937384 1.5207238290458907 8.4799074665643257 6.4168653008528045 2.5261603742837897 6.7484585475176555 5.0773725919425479 6.2122781369835165 1.5924224983900792 5.2702113878913188 71.053329956019297 7.835169788915664 2.8255200143903494
leaf_count=1644 16 38 204 21 37 687 45 113 25 115 2 15 82 30 51 165 577 26 31 101 75 19 31 36 48 18 78 530 145 58
internal_value=1.1677e-05 0.000161093 -0.000100317 -0.00257435 0.00217173 0.0052829 -0.00597994 -0.0160364 0.00341799 -0.00869116 0.00443961 0.0105028 0.0277037 -0.00109582 0.00147132 -0.0106707 0.0252171 0.00416471 0.0145015 0.0373281 0.00075876 0.0356755 -0.000916887 -0.00280179 0.000206893 -0.0213539 -0.00422258 0.00612879 -0.0160532 -0.0332974
internal_weight=432.64 430.734 427.564 204.683 222.881 161.313 61.5672 31.3295 19.7354 15.8097 30.2377 10.689 11.9064 8.82099 5.22777 18.3313 3.50528 157.487 39.0308 10.0006 118.456 5.42436 113.032 106.615 97.0408 20.9101 14.6978 76.1307 13.1054 9.57398
internal_count=5063 5047 5009 1665 3344 1920 1424 502 389 364 922 160 178 145 96 744 579 1883 819 132 1064 45 1019 944 855 289 241 566 223 89
is_linear=0
shrinkage=0.05


Tree=111
num_leaves=31
num_cat=0
split_feature=0 5 4 4 5 3 2 5 5 5 3 3 3 3 3 3 1 0 0 0 0 1 4 4 5 0 5 5 2 1
split_gain=0.881748 1.83686 1.99906 1.77356 2.55348 1.45365 1.14432 1.51613 1.07675 1.06781 1.01329 10.6223 7.76148 2.71574 12.5125 7.20979 2.62927 2.5408 1.99757 3.0364 4.24691 2.80499 4.84576 2.11851 1.93829 4.04148 1.89872 1.89008 5.51905 4.20918
threshold=-0.15282190267858006 -0.025406093586937156 -0.77662554651860782 -0.64488756949445314 -0.33463611165396884 0.58259423152186895 2.2315840577081043 -0.99729033699712 2.2807881190120596 -1.166225746299419 1.2268893525324958 1.1348471134948515 1.3189314995279926 0.85872076455050717 0.76667852551286308 0.95076291154600423 1.4965490463398712 -0.21283338319695824 -0.26995250047425862 -0.39043945449167144 -0.37548381642404088 -0.79169611427910169 -0.2089925407955199 -1.1998949237572789 0.88734944934584081 -0.3739386548856477 -0.28835055665256876 -0.011552942454124868 0.25994426689521632 0.84888361198872497
decision_type=2 2 2 2 2 2 2 2 2 2 2 2 2 2 2 2 2 2 2 2 2 2 2 2 2 2 2 2 2 2
left_child=10 2 6 -4 5 -5 7 9 -3 -2 11 13 -12 14 16 -15 27 18 19 23 -21 -22 -23 -14 25 26 -17 28 -1 -30
right_child=1 8 3 4 -6 -7 -8 -9 -10 -11 12 -13 17 15 -16 24 -18 -19 -20 20 21 22 -24 -25 -26 -27 -28 -29 29 -31
leaf_value=-0.00032939490044351109 0.026077231098225809 0.048346972841950261 -0.036105905349244544 0.010077563911661903 0.054504540218291944 -0.068257498430012276 -0.06687234930858843 0.057570066606737663 -0.044897577863794273 -0.058088123088872692 -0.061686158803726236 0.066603804504671946 -0.035060975567782419 -0.057707809447338748 0.0601208151139105 -0.0036721062417703213 -0.043102552040552744 -0.044486184379656644 0.036756029808366918 -0.059166130817828934 0.037755260652385207 0.023364096253396915 -0.045486652695140184 0.028710880898790665 0.019931927038744104 -0.035861714736081463 0.056866488944978755 -0.0035960664887716189 0.033825801006228728 -0.060934394533750082
leaf_weight=107.351866225712 1.0915660937316713 3.7099227595608673 4.1030567931011319 1.3696511751040819 1.8317109399940816 1.0433653201907871 0.29680711030960072 2.721571072237567 0.33779536886140693 0.57554810983128835 5.7670131558552375 5.9585551032796493 1.5017657000571478 7.4745469684712615 8.5877402583137137 3.1727839256636834 3.6692740111611775 2.8562648599036029 4.2300901701673892 3.8781250054016736 3.6346180737018594 4.791762713342905 5.476045031100508 9.8052167799323779 7.4918121621012679 7.465409995056687 2.1886487510055304 198.26686697546393 19.167093646712605 1.2482033325359214
leaf_count=1304 55 273 29 33 71 19 1 548 7 13 77 89 32 101 147 39 163 24 42 17 22 28 38 118 48 44 20 1291 346 24
internal_value=1.05339e-05 0.0111434 0.00200583 -0.0126648 0.009994 -0.0237938 0.0281433 0.0345692 0.0405654 -0.00297969 -0.000448808 0.000381744 -0.00781634 -0.000696116 0.00053826 -0.0157206 -0.00101368 0.000771844 0.00465174 -1.70661e-05 -0.0128995 6.77576e-06 -0.0133555 0.0202409 -0.000274929 -0.0120772 0.021041 -0.000539999 0.00420235 0.0280321
internal_weight=431.065 17.081 13.0333 8.34778 4.24473 2.41302 4.68549 4.38869 4.04772 1.66711 413.984 372.043 41.9409 366.084 338.291 27.7932 329.703 36.1739 33.3176 29.0875 17.7806 13.9024 10.2678 11.307 20.3187 12.8268 5.36143 326.034 127.767 20.4153
internal_count=5063 1049 769 152 123 52 617 616 280 68 4014 3616 398 3527 3275 252 3128 321 297 255 105 88 66 150 151 103 59 2965 1674 370
is_linear=0
shrinkage=0.05


Tree=112
num_leaves=31
num_cat=0
split_feature=6 4 1 1 4 4 0 2 2 4 1 1 2 0 1 5 0 1 1 5 5 5 4 2 6 2 2 2 1 2
split_gain=0.817013 1.28386 0.883295 2.1489 2.10976 2.95933 2.42675 6.28488 5.26344 3.51944 3.67292 3.15809 3.55348 8.48571 4.89764 2.20751 2.06489 2.40898 2.81406 2.14277 1.8399 5.298 4.50993 4.38993 3.68326 5.00875 3.67929 3.19713 3.63608 4.42596
threshold=3.8661535032793659 2.3555485061286245 -0.56286737773942452 -0.57060052400486871 -0.46640686485422228 -0.43533496774531949 -0.32877532075770916 -1.1135130451108759 -0.24923470330144984 -0.55705594530913183 -0.069008756503063734 0.25991769633748146 -1.2447321691274367 -0.44644579680684154 1.9857585475218218 -1.1760400074157753 -0.25693319524943425 -0.51066842063112439 -0.45731938332780431 0.25001256699540064 1.0508001909799718 0.33526351918818315 -0.05319933094588912 0.32136272665916715 0.31034864196764228 -0.27986773922169217 -1.1488705791083695 0.10677908729400419 -0.61581810745226739 -1.0139937791610334
decision_type=2 2 2 2 2 2 2 2 2 2 2 2 2 2 2 2 2 2 2 2 2 2 2 2 2 2 2 2 2 2
left_child=1 2 3 20 6 -6 7 9 15 10 -4 -12 13 14 -13 -8 -10 -18 -19 -20 21 22 27 26 -22 -26 -24 28 29 -1
right_child=-2 -3 4 -5 5 -7 8 -9 16 -11 11 12 -14 -15 -16 -17 17 18 19 -21 24 -23 23 -25 25 -27 -28 -29 -30 -31
leaf_value=0.028775728028785492 -0.034976517094060154 0.040689840376520153 -0.053017737202747987 -0.042167293633765784 0.048995799160939185 0.0040855134428730133 -0.02116035700285469 -0.061052920394787616 -0.073421960247197479 0.06434451900557013 0.042210930709143835 -0.027355222955256771 -0.040318199427750057 0.10943806650749054 0.063745990752047538 0.047089040679674871 -0.068010823809103435 0.09340461862384819 -0.0096117892861505572 0.072926661473705176 -0.0004444492373306577 -0.024506043645455583 0.015664020612120796 0.015653464528894736 -0.020857475487866685 0.050073478774825576 -0.03990570310685837 0.028839628039025934 0.051280978293710526 -0.014573439175635023
leaf_weight=7.7975532868877044 1.6620837189257134 1.9438179284334172 4.046912680380049 3.3438037279993287 3.7556049469858399 157.43261751125101 1.4030581181868909 6.0328850969672194 1.2090692766942108 1.7310662278905535 3.5205677291378406 8.2249764231964999 6.1680262205190894 1.7118995040655125 1.7977502420544631 7.6163546305615473 1.4233116852119625 0.7658919282257618 13.80784614605362 0.83381191571243185 82.642736863810569 28.963089446071535 3.7048024395480796 7.7579058790579429 3.5258034989237776 8.462409974774344 15.198389398865402 14.913048207294194 3.2864135112613466 24.047327600419521
leaf_count=81 13 44 72 21 37 1882 20 41 8 28 69 211 79 11 15 134 8 11 672 45 658 169 79 117 16 85 82 212 21 122
internal_value=1.11099e-05 0.000147276 -3.80984e-05 -0.00241493 0.0021473 0.0051319 -0.00583172 -0.0148831 0.00528511 -0.0046432 -0.00933192 -0.00107953 -0.00959263 0.00655754 -0.0110146 0.0364722 -0.0103075 -0.00577355 -2.42183e-05 -0.0049114 -0.0017513 -0.00628624 0.000593349 -0.0160171 0.00331258 0.0292123 -0.0290147 0.00944253 0.00120857 -0.00395894
internal_weight=428.731 427.069 425.125 203.643 221.482 161.188 60.2934 33.2341 27.0593 27.2012 25.4701 21.4232 17.9027 11.7346 10.0227 9.01941 18.0399 16.8309 15.4075 14.6417 200.299 105.669 76.7054 26.6611 94.631 11.9882 18.9032 50.0443 35.1313 31.8449
internal_count=5063 5050 5006 1663 3343 1919 1424 526 898 485 457 385 316 237 226 154 744 736 728 717 1642 883 714 278 759 101 161 436 224 203
is_linear=0
shrinkage=0.05


Tree=113
num_leaves=31
num_cat=0
split_feature=0 5 4 6 6 3 3 4 4 5 1 5 5 5 5 2 2 5 3 4 0 4 6 5 1 3 3 4 3 3
split_gain=0.806378 1.70705 1.85049 1.58588 2.30954 1.5418 1.39595 1.09758 2.11171 1.11026 1.33666 1.0084 0.991526 2.08684 1.31454 4.23544 2.89225 2.70872 3.0623 4.3465 3.25656 3.15302 2.0606 1.63019 1.5892 2.46207 4.85915 3.8554 2.97306 3.12128
threshold=-0.15282190267858006 -0.025406093586937156 -0.77662554651860782 -0.47024501299181082 0.10092904344617502 0.30646788257752478 -0.24578499939545764 -1.0750467869467186 -1.0858275335679293 -0.046937685070953881 1.909287300303766 2.2807881190120596 2.0589751712411388 2.3768788169919026 1.7383792152987647 0.59706004994134887 -0.033736660193909564 1.5010059888074545 -0.52191153242409583 0.20317517587728259 -0.35729582234729645 0.65903693769190641 1.0000000180025095e-35 1.8280011956171804 -0.61581810745226739 0.85872076455050717 0.58259423152186895 -0.43533496774531949 -0.24578499939545764 -1.4423330023790664
decision_type=2 2 2 2 2 2 2 2 2 2 2 2 2 2 2 2 2 2 2 2 2 2 2 2 2 2 2 2 2 2
left_child=12 2 7 5 -5 6 -4 8 9 10 -2 -3 14 -14 17 16 23 24 -19 20 -20 -21 -18 -16 25 26 27 -1 29 -29
right_child=1 11 3 4 -6 -7 -8 -9 -10 -11 -12 -13 13 -15 15 -17 22 18 19 21 -22 -23 -24 -25 -26 -27 -28 28 -30 -31
leaf_value=0.015345427416177022 0.053836765349369591 0.047742762421872628 0.043364122916589393 0.059437326314217401 -0.034863016675857256 -0.054962852510374041 -0.028335599563745092 0.06180747675641543 -0.091791063644811641 -0.065629999170012943 -0.060336804924154164 -0.043215994159183882 0.034894655386118953 -0.020124202973901328 -0.014544984862515179 0.038088893015872087 -0.037348361313671176 -0.019161413415699297 -0.0036577904262765138 -0.020698152006312573 0.066063882005333183 0.037804419144848521 0.0012942220893389328 0.037839608095712088 0.0017130633070367041 -0.019827270225949697 0.028956377182112809 -0.047091642417307809 -0.017590693543777663 0.0050836053172874165
leaf_weight=18.441842746920884 1.9727439364651225 3.534369762637652 1.0651261371094736 1.5382161776069554 1.1235430175438521 2.6446277317591012 1.8718786654062567 1.5480530015192933 0.43576929345727 0.28546050190925587 0.29463308304548252 0.33345491811633099 5.3386842673644415 2.5451125800609589 2.9461304899305167 3.799940960481762 14.438490997999908 4.849620712921026 2.1878217654302743 5.9551323354244214 7.1423258013091973 3.7555714324116707 4.5329348519444457 2.9948778180405498 206.72625285154209 23.791807488538325 11.318592098541556 3.1216495325788847 51.533265932463109 35.062196351587772
leaf_count=126 539 273 31 40 22 29 30 63 12 1 2 7 48 16 17 61 66 28 32 41 68 32 26 25 2524 165 114 16 291 318
internal_value=9.76876e-06 0.0107974 0.00198937 -0.012125 0.0196326 -0.0272696 -0.00233317 0.0276361 0.00993588 0.0273007 0.0390005 0.039901 -0.000427745 0.017133 -0.000771625 -0.0110816 -0.0185816 2.01221e-05 0.0163094 0.0253436 0.0497149 0.00192746 -0.0281153 0.0118622 -0.00109177 -0.00513892 -0.002214 -0.00547591 -0.00975585 0.000818115
internal_weight=427.13 16.6479 12.7801 8.24339 2.66176 5.58163 2.937 4.53666 2.98861 2.55284 2.26738 3.86782 410.482 7.8838 402.598 28.7124 24.9124 373.886 23.8905 19.0409 9.33015 9.7107 18.9714 5.94101 349.996 143.269 119.478 108.159 89.7171 38.1838
internal_count=5063 1049 769 152 62 90 61 617 554 542 541 280 4014 64 3950 195 134 3755 201 173 100 73 92 42 3554 1030 865 751 625 334
is_linear=0
shrinkage=0.05


Tree=114
num_leaves=31
num_cat=0
split_feature=3 3 3 3 3 3 3 6 0 2 1 1 1 6 5 0 3 4 5 0 2 5 0 5 4 1 6 2 0 6
split_gain=0.796327 4.36787 10.0913 4.37483 2.33974 11.7032 7.01936 2.25456 2.32681 3.0279 2.23311 2.60137 2.0827 2.03244 1.88105 3.3832 1.8519 2.0066 1.74409 1.73652 2.89259 4.90272 3.75341 3.15823 2.83301 2.25064 2.16127 5.17005 4.43075 4.08835
threshold=1.5030157014768397 1.2268893525324958 1.1348471134948515 1.3189314995279926 0.85872076455050717 0.76667852551286308 0.95076291154600423 -0.52188533255442915 -0.32143602321805637 0.17993259066919218 -0.79169611427910169 -0.4493712564754469 1.6995613547709489 -0.29278415730983426 0.88734944934584081 -0.3739386548856477 2.1473108224874662 -0.48765445100667165 -0.28835055665256876 -0.21490634580112489 0.97837290288751211 1.4906834686067219 -0.17662062535059755 -0.47035950333894377 -0.77662554651860782 -0.6402321059652577 -0.67389352677565262 -0.1369135563535778 -0.43380396045593289 -0.656253607388949
decision_type=2 2 2 2 2 2 2 2 2 2 2 2 2 2 2 2 2 2 2 2 2 2 2 2 2 2 2 2 2 2
left_child=1 2 4 -3 5 12 -6 8 -5 -10 -2 -12 19 -9 15 18 17 -13 -8 26 21 22 -21 -22 -24 -26 27 28 -1 -28
right_child=10 3 -4 7 6 -7 14 13 9 -11 11 16 -14 -15 -16 -17 -18 -19 -20 20 23 -23 24 -25 25 -27 29 -29 -30 -31
leaf_value=-0.035394882812236649 0.037540705622935849 -0.061137868230716721 0.065375002861660578 -0.012322371884259579 -0.057200712467294502 0.059213776120681544 -0.0036058566257373484 -0.054133765190019882 0.092120616598313151 -0.013460273858880623 -0.035234881371442227 -0.0054589464779731256 -0.041085165816516916 -0.0043365084096989286 0.020191445859129329 -0.031071573162840555 -0.038070683082437218 0.038154974121589906 0.054827823157217806 0.035438596321170072 -0.034351019668037309 -0.056566961289100492 0.027785728233763497 0.043590714871866137 0.015510289626883375 -0.036770907306442058 0.064775608423168221 -0.075267863245557509 0.020359954923215382 -0.00098449547910032641
leaf_weight=6.6570381931960592 5.305184816010299 5.4974842560477564 5.9401383398799217 3.8903538733720779 7.0907912873663035 8.3726227252045629 3.1266773138195276 3.6760177398100495 1.6086467690765869 1.1751257169526068 3.9313770625740352 4.696036679903048 3.1505437423475078 4.6295594600960595 7.6047344636172047 8.1755404858849925 1.6366795047651965 6.015486785210661 2.1585679352283504 8.5577521389350313 1.5206659235991526 3.2249712813645592 4.2074268022552141 8.9445553140249086 2.9295736467465758 6.9233700968325138 2.3835030375048509 3.2654764456674448 7.6674248808994898 282.20205287530553
leaf_count=173 47 77 154 39 105 213 39 23 21 34 21 113 149 34 55 87 32 79 20 78 26 18 370 385 30 48 16 14 74 2489
internal_value=1.09901e-05 -0.000488236 0.0007113 -0.0229887 -0.000304429 0.000811057 -0.0141709 -0.00898811 0.0126509 0.0475513 0.00936839 0.00018761 -0.000620251 -0.0263766 0.000313256 -0.010917 0.0114653 0.0190342 0.0202593 -0.000243611 0.010088 0.00110723 0.00933062 0.0322653 -0.00655983 -0.0212262 -0.00148502 -0.0184936 -0.00555111 -0.000433732
internal_weight=426.165 404.581 384.103 20.4772 378.163 350.007 28.1563 14.9797 6.67413 2.78377 21.5848 16.2796 341.634 8.30558 21.0655 13.4608 12.3482 10.7115 5.28525 338.484 36.3083 25.8431 22.6181 10.4652 14.0604 9.85294 302.175 17.5899 14.3245 284.586
internal_count=5063 4771 4543 228 4389 4083 306 151 94 55 292 245 3870 57 201 146 224 192 59 3721 955 544 526 411 448 78 2766 261 247 2505
is_linear=0
shrinkage=0.05


Tree=115
num_leaves=31
num_cat=0
split_feature=3 3 3 3 3 3 3 2 6 4 4 2 0 1 2 6 2 0 0 4 1 0 5 2 3 2 0 5 5 2
split_gain=0.798312 2.77475 9.68981 6.89647 2.75189 5.97184 5.56093 4.86648 4.3338 2.90778 3.02071 2.66924 4.77907 2.65564 2.84803 3.69905 2.85925 2.4286 2.22678 2.07047 1.98428 3.19901 2.27434 3.13839 2.4649 7.50146 7.92348 2.7833 3.57999 5.14837
threshold=-0.89008012040608409 -0.24578499939545764 -0.15374285239996058 -0.33782723843310175 -1.1662064693504284 -1.0741643223549311 -1.2582487083880722 0.13908857325616833 1.9465872755734959 -0.66729479009757864 -0.35693597133945582 0.58121012090798951 -0.3766540936952813 -0.81942582564791822 -0.49094612106017838 -0.32566845147517065 -1.2294918527492065 -0.32432367408558266 -0.42820906759540006 0.80122844122339487 0.75961552443556102 -0.46139035719728066 -0.35078704689246964 0.21292240435448043 -0.70599582641508996 0.22854921515606239 -0.36629924393897523 1.2746346602122036 -0.025406093586937156 -0.11524854744325756
decision_type=2 2 2 2 2 2 2 2 2 2 2 2 2 2 2 2 2 2 2 2 2 2 2 2 2 2 2 2 2 2
left_child=4 3 -3 20 6 -6 7 9 -9 13 -11 12 19 -1 16 -16 -15 -14 -12 -7 21 -2 23 -23 25 26 -24 28 29 -26
right_child=1 2 -4 -5 5 11 -8 8 -10 10 18 -13 17 14 15 -17 -18 -19 -20 -21 -22 22 24 -25 27 -27 -28 -29 -30 -31
leaf_value=0.07661478426466134 0.054208110449606155 -0.058011714302502231 5.19276548044042e-05 0.05697671959306512 -0.065797347175558796 0.032985512164757556 0.069943852589262542 0.040482019305287872 -0.05775750226137355 -0.062357519295688037 -0.029505047786258912 0.033168660827808442 -0.061673775507659324 0.022858090508947111 -0.032842494427910866 0.077896411191979986 -0.064738199085273812 -0.015703735788745572 0.027865504601334357 -0.011233487897072738 -0.027951283772104863 -0.026366722751965912 0.0091566577971351915 0.037098078421857632 0.059184119024555219 -0.017100690096492972 0.11108787682160631 0.025372147216780352 -0.01689106217522255 -0.0069995215381213338
leaf_weight=1.1980985607951886 3.3626910648308685 7.3840225646272293 267.02995523635764 6.8400860734982407 5.0109647158533361 5.5044608265161568 2.9877788396552196 8.5089614113094267 1.2932532387785602 4.6523225121200085 5.3966429429128766 3.6943223922280586 4.849858664907515 1.4900823952630169 1.2880939419846984 1.8190357349812987 2.485459619667381 7.0487678390927595 2.4634382883086818 5.0998788122087717 4.4128508684225372 10.548605073243378 3.8482699543237686 2.3891585220117113 4.5804161056876174 5.4633881226181984 3.7784498396795154 10.508694463409482 20.829750770819388 8.1965622045099646
leaf_count=11 210 128 2828 278 42 48 99 161 13 20 72 101 19 32 38 13 22 49 17 138 143 107 20 102 28 39 24 74 127 60
internal_value=1.04405e-05 0.000931948 -0.00151047 0.00883947 -0.00509796 -0.0157873 0.0048355 -0.00152262 0.0275208 -0.0152141 -0.0304251 -0.00622153 -0.0126882 0.00776986 -0.00387588 0.0319884 -0.031906 -0.034441 -0.0115245 0.0117195 0.00461375 0.00656876 0.00428491 -0.014647 0.0085666 0.0276201 0.0596557 0.00291298 -0.00410991 0.0167266
internal_weight=423.964 359.173 274.414 84.7589 64.7914 31.2083 33.5832 30.5954 9.80221 20.7932 12.5124 26.1973 22.503 8.28077 7.08267 3.10713 3.97554 11.8986 7.86008 10.6043 77.9188 73.506 70.1433 12.9378 57.2055 13.0901 7.62672 44.1154 33.6067 12.777
internal_count=5063 4168 2956 1212 895 397 498 399 174 225 109 355 254 116 105 51 54 68 89 186 934 791 581 209 372 83 44 289 215 88
is_linear=0
shrinkage=0.05


Tree=116
num_leaves=31
num_cat=0
split_feature=0 5 4 4 5 3 4 4 5 1 3 3 3 3 2 6 4 4 1 0 2 0 4 3 3 3 4 0 1 5
split_gain=0.75345 1.57433 1.58496 1.52344 2.29913 1.23185 1.02816 1.89983 1.08767 1.16449 0.928354 2.15872 5.5896 5.50904 4.13402 2.90776 2.25298 2.85349 2.38663 2.23949 5.11237 2.09668 2.08543 2.05877 7.78778 6.63861 2.31676 2.99769 2.22302 2.48511
threshold=-0.15282190267858006 -0.025406093586937156 -0.77662554651860782 -0.64488756949445314 -0.33463611165396884 0.58259423152186895 -1.0750467869467186 -1.0858275335679293 -0.046937685070953881 1.909287300303766 -0.89008012040608409 -1.1662064693504284 -1.0741643223549311 -1.2582487083880722 0.13908857325616833 1.3453600231433482 -0.66729479009757864 -0.35693597133945582 -0.6902887309671617 -0.3766540936952813 0.44435207983148367 -0.26845378018014682 -0.03016219410641437 -0.24578499939545764 -0.15374285239996058 -0.33782723843310175 -0.31479814862358718 -0.19131681984381652 -1.290409896950377 0.97646373688526711
decision_type=2 2 2 2 2 2 2 2 2 2 2 2 2 2 2 2 2 2 2 2 2 2 2 2 2 2 2 2 2 2
left_child=10 2 6 -4 5 -5 7 8 9 -2 11 13 -13 14 16 -16 18 -18 -1 -14 -21 -20 -22 25 -25 26 -12 28 -28 -30
right_child=1 -3 3 4 -6 -7 -8 -9 -10 -11 23 12 19 -15 15 -17 17 -19 21 20 22 -23 -24 24 -26 -27 27 -29 29 -31
leaf_value=0.057262092255630531 0.053494080200872964 0.039732030468128565 -0.032774330550320668 0.010084528209596665 0.054371931842655367 -0.063270496087215813 0.060885748349146097 -0.086252109146507966 -0.065290086225379712 -0.05887781037302442 -0.012557730556292265 -0.06508199624465584 0.011186143073696407 0.069674316153732846 0.041056206540931256 -0.026950981786363161 -0.060791728772316693 -0.010973610994152292 -0.034880103511986178 -0.039981007110507907 -0.042409183851791633 0.031503008603903031 0.039889032068619198 -0.057010342308283869 -0.00022778856399337396 0.056997661576844598 -0.02975010905730276 -0.047823868599214087 0.005760891416503335 0.02930658473496104
leaf_weight=1.7308348864316938 1.8248944788938377 3.6064781739842138 3.9996496788226068 1.3203047756105664 1.7299119275994579 1.0102252466604111 1.4576473690103746 0.44022536627016995 0.28216773271560658 0.26388654112815846 17.455428074114025 4.8062882255762842 10.638520005159084 2.8285254118964067 6.6620443668216449 2.0570965576916933 4.5365029275417381 7.8450520066544378 3.2569158775731917 9.6548090353608078 0.96459966152906318 1.8738386482000415 3.8108967328444141 6.1835184087976804 257.3514122129418 6.2598554168362162 3.2321326276287428 2.2931863106787196 36.613499654456973 16.149045664817095
leaf_count=15 539 280 29 33 71 19 63 12 1 2 130 40 188 93 61 23 20 89 45 38 9 11 74 123 2153 204 34 13 561 90
internal_value=9.59276e-06 0.0106746 0.00217463 -0.0108721 0.0107022 -0.021713 0.0268085 0.00913884 0.0268505 0.0392976 -0.000408795 -0.00611346 -0.0156887 0.00317705 -0.00354948 0.0250114 -0.0164905 -0.0292266 0.00649139 -0.00621887 -0.0190505 -0.0106359 0.0232657 0.000592771 -0.00156012 0.00751155 0.00342174 0.0082071 0.0105018 0.0129675
internal_weight=422.139 15.9354 12.3289 8.06009 4.06044 2.33053 4.26882 2.81117 2.37095 2.08878 406.204 60.6659 29.8751 30.7908 27.9623 8.71914 19.2431 12.3816 6.86159 25.0688 14.4303 5.13075 4.7755 345.538 263.535 82.0031 75.7433 58.2879 55.9947 52.7625
internal_count=5063 1049 769 152 123 52 617 554 542 541 4014 706 349 357 264 84 180 109 71 309 121 56 83 3308 2276 1032 828 698 685 651
is_linear=0
shrinkage=0.05


Tree=117
num_leaves=31
num_cat=0
split_feature=4 6 2 3 5 5 5 2 2 5 3 0 6 4 4 0 3 4 6 0 1 1 1 3 2 4 6 4 6 5
split_gain=0.740299 1.53926 0.96414 1.05203 0.903102 1.7275 1.29746 4.00448 2.70515 2.6531 2.78733 3.56405 4.18063 2.55482 2.49033 2.42155 2.40531 2.0809 2.01145 1.80253 3.01063 4.30519 2.44273 2.50736 2.28546 2.37532 2.63859 2.24993 3.73479 3.21824
threshold=2.8119568026088237 2.8172860743137966 1.9065080941201404 0.21442564353988061 2.3768788169919026 2.0589751712411388 1.7383792152987647 0.59706004994134887 -0.033736660193909564 1.5010059888074545 -0.52191153242409583 -0.35018742557421573 0.11832396395250776 0.65903693769190641 0.20317517587728259 -0.33406006357542656 0.39851002957302184 0.46418471707581538 1.0000000180025095e-35 -0.23317771871060625 -0.75876158661485649 -0.7186822883201065 -0.77427946276305482 1.5030157014768397 0.5557588230369781 -0.34092390700903202 -0.31554183108650741 -0.51069789401536447 -0.83194502671269133 -0.33463611165396884
decision_type=2 2 2 2 2 2 2 2 2 2 2 2 2 2 2 2 2 2 2 2 2 2 2 2 2 2 2 2 2 2
left_child=1 2 4 -4 5 6 9 8 17 19 -11 12 13 16 -13 -9 -12 -8 -10 22 24 -22 23 -1 -21 -26 -27 28 -23 -29
right_child=-2 -3 3 -5 -6 -7 7 15 18 10 11 14 -14 -15 -16 -17 -18 -19 -20 20 21 27 -24 -25 25 26 -28 29 -30 -31
leaf_value=-0.010664975822464352 -0.031767710160840158 0.035233198108556713 -0.043423543980050827 0.007997422834580728 -0.031590605876761484 0.028381859921605791 0.04325265276378143 -0.04074149580905051 -0.035976895730493175 -0.016711003803563423 0.049669303510684715 0.064134676343774469 -0.055450161824286054 0.068446835754518334 0.0059675597539298186 0.057668969625413249 -0.024647056406009817 -0.01606045558366672 0.002328029578125584 0.050685457846263576 -0.059445617943666519 0.055087332349786078 0.00099623855644581909 0.034911132024737439 -0.030304669166694154 0.064288918869533682 -0.0001608682997786728 -0.024031906571310439 -0.015641085442191196 0.030382932958018433
leaf_weight=82.38943649455905 1.8248585616238404 3.1029292277526102 2.617884811712428 1.6042445357888935 2.2316825115121892 5.4053169121034434 2.7889724010601702 0.78763529472053084 14.431692857295277 4.8138640280813005 1.7184286452829871 6.6397312395274604 2.2397628352046013 2.1460543014109135 2.5455646840855479 3.0292443928774437 2.9715062230825424 3.1476306486874819 4.4945636875927439 6.0941464039497069 2.7685441398061803 2.1249253159621722 214.79750499199145 3.1324795354157677 2.5071762520819894 2.7423165042418978 3.7729934458620846 3.4506963263265815 15.344801222323438 12.783298705937343
leaf_count=569 16 38 45 18 15 55 27 7 67 36 20 65 12 18 24 81 35 17 26 73 26 565 2496 26 41 45 51 97 248 204
internal_value=9.40079e-06 0.000147923 -0.000114078 -0.0238856 0.000129944 0.000302996 -7.29983e-05 -0.010323 -0.0176434 0.000710953 0.0171352 0.0260575 0.00383546 0.02326 0.0480145 0.0373614 0.00258304 0.0118044 -0.0268803 -0.000365998 0.00826797 0.000491787 -0.00184914 -0.00899562 0.0270298 0.0110518 0.0269663 0.00541526 -0.00703805 0.0188165
internal_weight=420.45 418.625 415.522 4.22213 411.3 409.068 403.663 28.6797 24.8629 374.983 23.0749 18.261 9.07575 6.83599 9.1853 3.81688 4.68993 5.9366 18.9263 351.908 51.5889 36.4723 300.319 85.5219 15.1166 9.02249 6.51531 33.7037 17.4697 16.234
internal_count=5063 5047 5009 63 4946 4931 4876 225 137 4651 210 174 85 73 89 88 55 44 93 4441 1350 1140 3091 595 210 137 96 1114 813 301
is_linear=0
shrinkage=0.05


Tree=118
num_leaves=31
num_cat=0
split_feature=3 3 3 3 3 3 0 0 1 1 4 1 0 0 0 0 1 5 0 0 0 5 3 3 3 4 0 2 1 1
split_gain=0.735143 9.50207 7.10744 2.14313 11.0197 6.70194 1.97996 4.38815 2.59747 3.66352 2.02184 2.1262 1.8578 2.43477 2.31223 2.00661 1.85338 1.71349 3.08192 1.65275 1.63759 1.6022 1.56281 15.668 15.2513 5.90551 3.60356 6.86067 3.88771 3.27886
threshold=1.2268893525324958 1.1348471134948515 1.3189314995279926 0.85872076455050717 0.76667852551286308 0.95076291154600423 -0.39043945449167144 -0.37548381642404088 -0.79169611427910169 -0.43335820690994825 -0.54377795567752274 1.2770016973067679 -0.21283338319695824 -0.34927018088974965 -0.16814949846880164 -0.27920695840046106 1.6995613547709489 0.88734944934584081 -0.3739386548856477 -0.35729582234729645 -0.33100955617893285 -0.28835055665256876 0.30646788257752478 0.39851002957302184 0.21442564353988061 0.98480453059191408 -0.33203770776548741 -0.0090473324208604714 0.10300809933264046 0.52393745070997144
decision_type=2 2 2 2 2 2 2 2 2 2 2 2 2 2 2 2 2 2 2 2 2 2 2 2 2 2 2 2 2 2
left_child=1 3 -2 4 16 -5 10 -8 -9 -10 11 -4 13 -11 -14 -15 22 18 21 -19 -20 -7 24 -24 -1 26 29 28 -28 -25
right_child=2 -3 6 5 -6 17 7 8 9 12 -12 -13 14 15 -16 -17 -18 19 20 -21 -22 -23 23 25 -26 -27 27 -29 -30 -31
leaf_value=-0.0007764704463084826 -0.060642394169469926 0.06492768409394209 -0.035560022933858057 -0.056857561221622069 0.058926042015866431 -0.0034582318280253288 -0.055927288573207869 0.034269436192475126 -0.038132908455952644 -0.027352337489997824 0.04171400959491784 0.025458190632567497 -0.08710983798555029 0.067016425020596293 0.038117222601526612 0.011710681950356254 -0.039754084409273457 -0.013219434437127572 -0.062501956473800788 0.036206481233428796 -0.014315364440619906 0.052688112037876406 -0.063125727932526687 -0.0079676418922672698 0.061741700932285683 0.078765952083016399 0.091273909851659507 0.00074293387766361505 0.0093224239716723552 -0.063720169621323264
leaf_weight=237.76522325689439 5.256002956070005 5.6729522017994887 2.5285966414958239 6.7795516829937723 7.9657493779668576 3.1259587639942765 3.7678747265599659 4.968161944299939 5.9975687684491321 2.0975437182933092 5.2463574726134521 3.2790172304958105 0.9671558123081947 2.7706814119592309 0.59563454228918467 4.0191541486419755 2.9916026471182695 2.5619147606194019 2.5966349393129375 4.977516113780438 5.4930883626220703 2.140790548175576 10.542452461086212 29.835157185792923 10.172488096519372 2.4223423330113283 3.6292415694333604 33.933636801200919 2.4069482622435316 2.892845661379396
leaf_count=2851 77 154 51 105 213 39 17 36 35 14 63 36 10 32 110 39 149 20 17 35 70 20 76 202 181 23 24 296 32 36
internal_value=1.11065e-05 0.000704758 -0.00630635 -0.00027402 0.000801214 -0.0136606 0.00157467 -0.00616846 0.00258602 -0.00698419 0.0192155 -0.00110874 0.0108927 0.0197331 -0.0393814 0.0342789 -0.000574362 0.00035437 -0.0104029 0.0194114 -0.0297823 0.0193637 -0.000223013 -0.00604518 0.00178855 0.00196557 -0.000593475 0.00947975 0.0585955 -0.0128956
internal_weight=419.4 377.906 41.4937 372.233 344.558 27.6755 36.2377 25.1838 21.4159 16.4477 11.054 5.80761 10.4502 8.88738 1.56279 6.78984 336.592 20.8959 13.3565 7.53943 8.08972 5.26675 333.6 85.6626 247.938 75.1202 72.6978 39.9698 6.03619 32.728
internal_count=5063 4543 520 4389 4083 306 443 293 276 240 150 87 205 85 120 71 3870 201 146 55 87 59 3721 689 3032 613 590 352 56 238
is_linear=0
shrinkage=0.05


Tree=119
num_leaves=31
num_cat=0
split_feature=2 2 6 2 6 5 1 0 3 0 5 1 1 5 1 4 5 2 6 1 2 1 4 6 0 5 1 0 0 0
split_gain=0.688504 5.09079 5.31694 4.81783 3.33186 2.43027 2.36773 2.81313 2.06285 1.90742 3.4562 2.53542 1.76357 1.67867 1.52936 3.02974 1.43205 3.85927 3.69226 2.50166 1.88836 4.01367 4.53811 6.92268 2.8854 2.02398 4.41575 4.11847 4.73553 4.10029
threshold=-1.2294918527492065 -1.2468658134203887 -0.84942161351248091 -1.2162327775001465 -0.8507282742077924 0.09883762722424165 1.1992588846131529 -0.12762423356280558 0.39851002957302184 -0.46382645497508307 -1.5518385629752418 1.1992588846131529 1.9668001027168092 -0.32454134060283718 1.9668001027168092 0.80122844122339487 -0.76720904743073381 -0.84177820408703419 1.7445176434631551 -0.43335820690994825 -1.0970535034223874 -1.4718732957946667 -0.3105716138764702 0.97407783099018419 -0.43145538629536023 -0.21640051345653846 0.38960198768594984 -0.39768386775305642 -0.31776246500554212 -0.31910199041229742
decision_type=2 2 2 2 2 2 2 2 2 2 2 2 2 2 2 2 2 2 2 2 2 2 2 2 2 2 2 2 2 2
left_child=1 2 12 -2 -5 9 16 -8 -7 10 11 -4 -1 14 15 -12 17 -6 -19 -20 21 -18 -23 -24 -22 27 -27 -26 -29 -28
right_child=3 -3 5 4 6 8 7 -9 -10 -11 13 -13 -14 -15 -16 -17 20 18 19 -21 24 22 23 -25 25 26 29 28 -30 -31
leaf_value=-0.051016224997478245 -0.054763557986602152 0.05215980943569512 0.064728945131257723 0.050234804904831724 -0.05236711961275714 -0.050193820222866364 -0.052993747004134076 0.007123355616751148 0.020120003948778456 -0.032351828293109543 -0.013323142250586634 0.27224141372751148 0.004331996555377908 0.048973221743798867 0.049493366609640571 0.045646562583281369 0.067362048101691677 -0.026671923727154198 -0.025806048121009218 0.058703492543124881 -0.036297362086873369 -0.020818705332056292 0.052420509356928359 -0.029616360135692157 0.050182370026292888 -0.0029005382024959296 -0.0052777424241675815 -0.013606177060080455 0.016709060295085659 0.054978236028432194
leaf_weight=5.762710404116663 4.0642991149798027 5.243394983932375 0.42547993897461367 3.2679240070283404 4.7234945511445394 2.6757351635023943 4.5788222411647439 3.3842268799198783 1.7095503984019158 1.6795382453128684 7.8506512367166668 0.22505843918770552 1.9183034747838972 3.6548248955514184 2.1167967692017564 3.0145255657844245 3.1037536878138807 4.9599551253486407 1.1969226500950743 3.2630137070082137 5.4573125690221778 8.8071679659187847 8.146114710718388 3.757825067266821 5.4404137190431348 251.16024943371303 4.9925968796014786 21.539661744609475 32.050055271713063 6.4976795562542957
leaf_count=278 50 42 50 414 108 36 231 198 21 22 125 6 10 132 16 295 26 108 39 109 37 58 84 48 44 1906 30 161 297 82
internal_value=1.06008e-05 0.00659219 -0.00110696 -0.000617061 -3.22842e-05 0.0107626 -0.000472614 -0.0274445 -0.0227828 0.0185185 0.0234608 0.136519 -0.0371932 0.0190399 0.0106128 0.00303791 0.000115665 -0.0154832 0.00301181 0.0360235 0.000744299 0.0143378 0.00639157 0.0265232 -0.000245272 0.000366351 -0.00151387 0.00873226 0.00452426 0.0287966
internal_weight=416.668 36.2766 31.0332 380.391 376.327 23.3522 373.059 7.96305 4.38529 18.9669 17.2873 0.650538 7.68101 16.6368 12.982 10.8652 365.096 14.1434 9.41989 4.45994 350.953 23.8149 20.7111 11.9039 327.138 321.681 262.651 59.0301 53.5897 11.4903
internal_count=5063 1033 991 4030 3980 703 3566 429 57 646 624 56 288 568 436 420 3137 364 256 148 2773 216 190 132 2557 2520 2018 502 458 112
is_linear=0
shrinkage=0.05


Tree=120
num_leaves=31
num_cat=0
split_feature=3 3 3 3 3 3 0 0 1 1 4 1 1 0 0 0 0 5 0 0 0 0 4 3 4 2 2 5 5 4
split_gain=0.684957 8.87702 6.71841 1.9759 10.3788 6.39 1.82069 4.03623 2.7719 4.01993 1.82767 1.86271 1.71964 1.61507 2.28904 2.1218 1.79675 1.57765 2.80675 1.5097 1.50224 1.47406 2.64689 2.66134 2.57179 2.44167 3.05573 2.96625 2.84408 2.14955
threshold=1.2268893525324958 1.1348471134948515 1.3189314995279926 0.85872076455050717 0.76667852551286308 0.95076291154600423 -0.39043945449167144 -0.37937309170362271 -0.79169611427910169 -0.4493712564754469 -0.54377795567752274 1.2770016973067679 1.6995613547709489 -0.21283338319695824 -0.34927018088974965 -0.16814949846880164 -0.27920695840046106 0.88734944934584081 -0.3739386548856477 -0.33100955617893285 -0.35729582234729645 -0.21490634580112489 -0.59310130787477144 -1.0741643223549311 -0.77662554651860782 0.51049506815331835 0.97837290288751211 -0.47035950333894377 0.47619257875424831 -0.41947355079066323
decision_type=2 2 2 2 2 2 2 2 2 2 2 2 2 2 2 2 2 2 2 2 2 2 2 2 2 2 2 2 2 2
left_child=1 3 -2 4 12 -5 10 -8 -9 -10 11 -4 21 14 -11 -15 -16 18 -7 -20 -19 -1 23 -23 -25 -24 28 -28 29 -27
right_child=2 -3 6 5 -6 17 7 8 9 13 -12 -13 -14 15 16 -17 -18 20 19 -21 -22 22 25 24 -26 26 27 -29 -30 -31
leaf_value=-0.0013462822942506194 -0.060392450547526372 0.064266104514075703 -0.034594033753202462 -0.056633842684319272 0.058529561672897912 0.018584530264923665 -0.074555166960201244 0.031600927328211958 -0.040355261583443824 -0.021990638925527346 0.040178857509180273 0.023743766060806817 -0.039128118377772247 -0.085258960604912559 0.063852657824618672 0.037088338242882636 0.011063882588861207 -0.012547706475632449 -0.060514748065201497 -0.013867286098161813 0.034685753792029102 0.041598464183282849 0.056526107983900731 0.023698411460635862 -0.028611813021458928 -0.026905278998112715 -0.033240639027633169 0.045164599936885236 -0.042698148407548223 0.055141569436810624
leaf_weight=296.30826935381629 5.0063882572576395 5.4091194729553527 2.3837573314085603 6.4633052996359792 7.6061805463396004 5.1846537445671883 1.9745102794840921 5.3116331389173892 6.6236315798014447 2.7156805992126465 5.1453717583790404 3.2120994357392192 2.8621714264154425 0.9377537062391661 2.7088421648368239 0.56962597684468563 3.9806658541783708 2.5506146028637886 2.536678884644064 5.4849449569592208 4.9509223010390988 2.4303643185412502 3.9892041347920921 3.1303891476709369 9.4209042231086642 1.3540308102965357 1.4432762148790059 7.3471201455686224 3.6240428052842617 1.9450268456712354
leaf_count=2766 77 154 51 105 213 59 8 38 37 19 63 36 149 10 32 110 39 20 17 70 35 123 40 359 108 15 23 240 21 26
internal_value=8.52364e-06 0.000677828 -0.00616224 -0.000255234 0.000777383 -0.0132322 0.00147191 -0.00597012 -4.29992e-05 -0.0096278 0.01867 -0.00110733 -0.00053838 0.00902294 0.0167236 -0.039025 0.0324401 0.00031431 -0.0100871 -0.0286186 0.0186258 -0.000204685 0.00954797 -0.00629199 -0.0155652 0.0215925 0.0127238 0.0322914 -0.0121215 0.0214671
internal_weight=414.611 374.041 40.57 368.632 341.461 27.1711 35.5636 24.8223 22.8478 17.5362 10.7412 5.59586 333.855 10.9126 9.40519 1.50738 6.68951 20.7078 13.2063 8.02162 7.50154 330.993 34.6844 14.9817 12.5513 19.7027 15.7135 8.7904 6.9231 3.29906
internal_count=5063 4543 520 4389 4083 306 443 293 285 247 150 87 3870 210 90 120 71 201 146 87 55 3721 955 590 467 365 325 263 62 41
is_linear=0
shrinkage=0.05


Tree=121
num_leaves=31
num_cat=0
split_feature=4 6 0 0 0 2 2 4 5 5 1 6 6 6 2 3 5 6 6 6 6 5 4 1 4 1 0 5 5 3
split_gain=0.694912 2.65712 2.67461 3.1932 2.82023 3.5901 3.22807 5.83564 3.184 3.08555 2.7536 3.20664 2.797 2.2258 2.17615 2.96335 2.62762 2.00725 2.6112 1.93412 1.91884 5.60942 1.88685 1.67631 1.60338 1.34304 1.67293 1.95357 1.27311 2.51938
threshold=0.55043069004549905 -0.41784247469026076 -0.38101874696142085 -0.3739386548856477 -0.46139035719728066 -0.57370105423428386 -0.033736660193909564 0.93742207714292702 -1.230341803931422 -0.16971278724649849 -0.57060052400486871 0.74309833099607925 1.7733458450534623 1.5638445802385383 1.4634720665243601 0.21442564353988061 1.9712079354477134 2.6636717763212521 0.26012387149161126 0.14960215434652388 0.91767364430924314 0.25001256699540064 0.24189365350596095 -0.79169611427910169 0.50291020155918076 0.23344636145116224 -0.4358445192622965 -0.39880530760807087 -1.1760400074157753 -2.5468387663250307
decision_type=2 2 2 2 2 2 2 2 2 2 2 2 2 2 2 2 2 2 2 2 2 2 2 2 2 2 2 2 2 2
left_child=20 -2 4 -4 17 25 10 -8 -9 -10 -7 -12 -13 14 16 -16 19 18 -3 -5 24 -22 23 -23 28 26 27 -6 29 -1
right_child=1 2 3 13 5 6 7 8 9 -11 11 12 -14 -15 15 -17 -18 -19 -20 -21 21 22 -24 -25 -26 -27 -28 -29 -30 -31
leaf_value=0.059453881121634015 -0.038190388367369099 -0.051406530659921658 0.082914119280382337 0.039064190175848626 -0.034410071180023184 0.052909792548519102 -0.07203783036367678 -0.060597917778612245 0.058104424200880224 -0.0027840091283888239 -0.029000370022299046 0.080807896252715686 0.00028504182219583679 0.060668141854087913 -0.043896261205646908 0.033543580259834983 -0.02995322751802372 -0.031564382296546886 0.05202752911339336 0.00056224078113352568 -0.079189033654270283 0.0073727376516102066 0.029976100509087191 -0.042176890635039127 -0.026067711113400678 -0.053539363836730192 -0.060811359620234456 0.012278195004481197 0.00065053177380196986 -0.041479970426393675
leaf_weight=0.73330860165879119 3.528897476848214 0.69006006489507754 1.8157775062136376 9.7820913908071905 4.0609069238416833 4.8241478111594907 3.1120775975286987 1.5815191906876815 2.9989734301343507 6.7950024642050337 3.7172054052352888 1.8540810970589516 2.5778595097362995 2.3395895471330723 3.6688132104463866 1.8625034606084225 2.4253694126382461 1.1704782550223169 5.2707091555930674 4.8935534523334345 3.0461919396184376 3.535074238665401 3.1983896158635616 3.3006693068891755 5.8914941702969363 3.388129031751304 1.8513488397002209 4.9982308112084866 309.68117204390001 3.9401074838824561
leaf_count=15 25 8 26 90 84 38 13 25 85 48 32 18 30 116 44 21 19 15 382 45 19 24 26 22 39 58 7 34 3492 163
internal_value=8.96257e-06 0.00421872 0.00619627 0.018895 -0.000761484 -0.00572403 0.00485475 -0.0113675 0.0052305 0.0158604 0.0229705 0.00524704 0.0339714 0.01424 0.00944052 -0.0178207 0.0182582 0.0282984 0.0400533 0.0262258 -0.00099139 -0.0197624 -0.00172148 -0.0165525 -0.000224695 -0.0260409 -0.0175015 -0.00865059 0.000259643 -0.0256424
internal_weight=412.534 79.2073 75.6784 26.7877 48.8907 41.7595 27.4609 14.4876 11.3755 9.79398 12.9733 8.14915 4.43194 24.9719 22.6323 5.53132 17.101 7.13125 5.96077 14.6756 333.326 13.0803 10.0341 6.83574 320.246 14.2986 10.9105 9.05914 314.355 4.67342
internal_count=5063 1263 1238 361 877 472 289 171 158 133 118 80 48 335 219 65 154 405 390 135 3800 91 72 46 3709 183 125 118 3670 178
is_linear=0
shrinkage=0.05


Tree=122
num_leaves=31
num_cat=0
split_feature=0 2 4 3 5 2 3 6 2 0 2 2 1 0 1 6 6 3 5 2 1 6 3 1 3 0 6 4 1 0
split_gain=0.659633 1.43674 2.33733 1.90224 1.32752 1.13682 1.02612 0.879398 2.51209 5.03151 5.04585 5.91544 4.03811 2.10577 2.64211 2.34436 2.08225 2.6597 2.49631 1.98594 1.75095 2.93215 1.60591 2.15656 1.93565 1.44479 1.72219 2.17062 2.61436 4.61692
threshold=-0.15282190267858006 0.90994376042672809 -0.77662554651860782 -0.24578499939545764 -0.99729033699712 1.7988931263892334 -1.8105015903610546 -0.68018183137183863 -0.05217745825188428 -0.43380396045593289 -1.2447321691274367 -1.2022116864321746 1.9668001027168092 -0.46139035719728066 1.1992588846131529 -0.64446643903332756 -0.61865989030092794 -1.0000000180025095e-35 0.12335412001622294 -1.2022116864321746 -0.26721543549539367 -0.84876828316482522 -0.24578499939545764 0.97532326449953566 -1.4423330023790664 -0.16179709986603755 -0.656253607388949 -0.63789402783149318 -0.81942582564791822 -0.31444694197131567
decision_type=2 2 2 2 2 2 2 2 2 2 2 2 2 2 2 2 2 2 2 2 2 2 2 2 2 2 2 2 2 2
left_child=7 2 4 -4 6 -3 -2 8 9 12 -11 -12 -1 15 19 -9 -17 18 22 -15 -13 -22 23 24 -18 26 -21 28 -28 -30
right_child=1 5 3 -5 -6 -7 -8 13 -10 10 11 20 -14 14 -16 16 17 -19 -20 25 21 -23 -24 -25 -26 -27 27 -29 29 -31
leaf_value=-0.036883634406813103 -0.057052601641711567 0.047115382078816097 0.022709667006167698 -0.035687062211807632 0.057264244570340843 -0.006858124466727746 0.029448364203628015 0.1028335719555683 -0.034056415611024668 0.09555076445422811 -0.03645244509445205 0.06018986307616362 0.020796859986740187 -0.045031513140891689 -0.051117486956613084 -0.051109839487926578 -0.0040685477367379385 0.049178564539660172 -0.050431787474809933 0.032061547205373055 0.053466632880562283 -0.028571489393581756 -0.025321114995295997 -0.01858787146473756 0.055402158976505494 -0.033549087284881797 0.060097774003419063 -0.00068943211928250122 -0.043845646782063069 0.034606403075680282
leaf_weight=11.195189089514313 0.57010338688269258 3.5857524162856853 1.9982065842486916 4.6160130794160059 2.1268642522627488 1.3402477855561299 0.86005023680627279 0.75411755405366676 7.2734375298023215 1.9091426059603698 4.6549657774157813 3.617881277576088 4.1625026874244222 2.4473263840191057 2.562528950162231 1.1890918035060192 1.9381493385881219 4.7519213140476451 1.7333852369338263 4.2649599686264983 2.2153202891349779 2.1425632662139846 2.0862284339964399 2.2704580575227737 4.6530789949465543 3.1462271991185835 3.1721024475991717 315.80322845303454 2.9155542366206637 5.2564106844365588
leaf_count=376 6 389 29 32 464 72 57 10 62 13 56 34 28 22 175 8 27 133 13 28 18 36 22 48 376 32 23 2422 18 34
internal_value=8.65298e-06 0.0102664 -0.000467876 -0.018045 0.0322164 0.0324305 -0.00503359 -0.000382301 -0.00770318 -0.00129201 0.0197886 0.00833716 -0.0212501 0.000375823 -0.000538997 0.0164079 0.012908 0.0172746 0.00531955 -0.000154407 0.0344781 0.0131324 0.0141467 0.0234382 0.0379148 0.000173873 0.000494018 8.24782e-05 0.0215714 0.00661666
internal_weight=411.213 15.0972 10.1712 6.61422 3.55702 4.926 1.43015 396.116 37.171 29.8976 14.5399 12.6307 15.3577 358.945 339.568 19.3764 18.6223 17.4332 12.6813 337.006 7.97576 4.35788 10.9479 8.86169 6.59123 334.558 331.412 327.147 11.3441 8.17196
internal_count=5063 1049 588 61 527 461 63 4014 623 561 157 144 404 3391 2754 637 627 619 486 2579 88 54 473 451 403 2557 2525 2497 75 52
is_linear=0
shrinkage=0.05


Tree=123
num_leaves=31
num_cat=0
split_feature=3 3 3 3 3 3 3 2 6 4 4 2 0 0 1 6 4 3 3 3 3 1 1 6 6 1 4 5 1 2
split_gain=0.663567 2.36357 8.51037 6.17034 2.15964 5.31402 4.71486 3.98016 3.58306 2.5581 3.07677 2.13648 3.9119 2.23155 1.97 2.5894 1.91488 1.89995 3.7799 15.707 10.9637 2.57762 3.5374 3.3072 3.06107 4.39577 2.96909 2.96133 2.73263 3.40963
threshold=-0.89008012040608409 -0.24578499939545764 -0.15374285239996058 -0.33782723843310175 -1.1662064693504284 -1.0741643223549311 -1.2582487083880722 0.051151932513464518 1.9465872755734959 -0.66729479009757864 -0.35693597133945582 0.58121012090798951 -0.3766540936952813 -0.32432367408558266 -0.6902887309671617 -0.32566845147517065 0.80122844122339487 1.0000000180025095e-35 0.30646788257752478 0.39851002957302184 0.21442564353988061 0.35128180797695679 -0.79926088106645266 -0.61422268835643312 -0.34665668889360962 -0.67531453442185896 0.050414532736126907 -0.025406093586937156 -0.98678564803337465 0.13192560931808389
decision_type=2 2 2 2 2 2 2 2 2 2 2 2 2 2 2 2 2 2 2 2 2 2 2 2 2 2 2 2 2 2
left_child=4 3 -3 -2 6 -6 7 9 -9 14 -11 12 16 -14 -1 -16 -7 -4 20 -20 21 22 23 -19 25 -24 -26 -27 29 -25
right_child=1 2 17 -5 5 11 -8 8 -10 10 -12 -13 13 -15 15 -17 -18 18 19 -21 -22 -23 24 28 26 27 -28 -29 -30 -31
leaf_value=0.053838603905215554 0.0043516380911478789 -0.057305687882010584 -0.011010597291516946 0.056208514456081382 -0.064261338793012532 0.031770052969796403 0.068422260229266688 0.034324331475173039 -0.054194845790049122 -0.06737272824231276 -0.011561455587152927 0.030534384613472732 -0.05745530423893469 -0.012907969430944626 -0.040903104997872503 0.024322455918613681 -0.011684296452523196 -0.023208673677483166 -0.06211527033483543 0.0017113693564538149 0.061144070062153458 0.034685074111715161 -0.044136440463894713 -0.016321286059865988 -0.046469144156420172 0.00026226500669897457 -0.0059272062377019067 0.053507551144720146 0.073096212986248965 0.053391861400122212
leaf_weight=1.7176853939890913 76.009013777947985 6.6456051892600945 34.045700985472649 6.2046203890349707 4.5364678963087526 5.3788003553636425 2.6296369079500428 9.1354523367481288 1.3067132662981737 3.7835370674729347 7.1096492214128393 3.5388321155915028 4.764378800522536 6.8577712707919982 2.9085678459378013 3.1909462958574251 4.7955098308157176 3.2573672980070105 10.284418028313665 153.5760491451947 9.6627304289722797 5.738169183372519 3.125154190696775 3.6427694410085669 7.8513845354318716 6.0316726015880695 10.630508605390785 4.6050639000022704 3.1819526059553018 3.3826750535517931
leaf_count=16 934 128 282 278 42 48 99 177 14 17 86 101 19 49 66 23 138 19 99 1846 181 135 14 17 42 37 64 38 23 31
internal_value=9.37067e-06 0.000856674 -0.00143604 0.00826525 -0.00477144 -0.014424 0.00430089 -0.00148302 0.0232472 -0.0152848 -0.0309464 -0.00550023 -0.0113507 -0.0311697 0.00653942 -0.00678051 0.0112885 -2.58617e-06 0.00166331 -0.0022946 0.0122761 0.00309775 -0.000867667 0.020657 -0.00985622 0.00799704 -0.02315 0.0233143 0.0346554 0.0172448
internal_weight=409.529 347.875 265.661 82.2136 61.6539 29.8718 31.7822 29.1526 10.4422 18.7104 10.8932 25.3353 21.7965 11.6222 7.8172 6.09951 10.1743 259.016 224.97 163.86 61.1094 51.4467 45.7085 13.4648 32.2438 13.7619 18.4819 10.6367 10.2074 7.02544
internal_count=5063 4168 2956 1212 895 397 498 399 191 208 103 355 254 68 105 89 186 2828 2546 1945 601 420 285 90 195 89 106 75 71 48
is_linear=0
shrinkage=0.05


Tree=124
num_leaves=31
num_cat=0
split_feature=3 3 3 3 3 3 0 0 1 1 4 1 6 2 2 1 0 2 2 1 4 0 1 0 2 6 3 5 4 1
split_gain=0.647109 8.35593 6.26131 1.83766 9.7017 6.06055 1.64373 3.66562 2.48906 3.6364 1.68541 1.64612 1.56751 2.90221 4.67401 2.68434 1.83163 2.13565 1.87453 1.53848 2.72523 1.87449 2.3773 1.52863 2.4882 2.34454 2.13381 2.59026 1.69491 2.69495
threshold=1.2268893525324958 1.1348471134948515 1.3189314995279926 0.85872076455050717 0.76667852551286308 0.95076291154600423 -0.39043945449167144 -0.37937309170362271 -0.79169611427910169 -0.4493712564754469 -0.54377795567752274 1.2770016973067679 -0.68018183137183863 -1.2468658134203887 -1.2294918527492065 -1.0677811595048523 -0.16476161752012378 -0.36414668879330431 -1.2022116864321746 -0.053233841534520675 -0.40935775467923635 -0.35110413866307549 0.012906320873580865 -0.46139035719728066 -1.2022116864321746 -0.64446643903332756 0.39851002957302184 0.14572827953110773 0.80122844122339487 0.19962641271934417
decision_type=2 2 2 2 2 2 2 2 2 2 2 2 2 2 2 2 2 2 2 2 2 2 2 2 2 2 2 2 2 2
left_child=1 3 -2 4 12 -5 10 -8 -9 -10 11 -4 13 -1 -15 -16 17 18 -17 -11 21 -21 -23 25 -25 -14 27 28 29 -27
right_child=2 -3 6 5 -6 -7 7 8 9 19 -12 -13 23 14 15 16 -18 -19 -20 20 -22 22 -24 24 -26 26 -28 -29 -30 -31
leaf_value=-0.046126760776259795 -0.059779841490825242 0.063966514073763345 -0.034172524232496941 -0.056402514703111743 0.058038426822826186 0.0001950516601133801 -0.072470363137806568 0.029983571142262678 -0.038670322209460956 0.03450493758464479 0.038780456065872326 0.021866483842447479 0.10929434959672016 0.082651076737686971 0.038107250669873159 -0.054857521516210518 0.0086273217915469862 -0.06268597647971591 0.0040564700694837698 -0.069645108882776849 -0.034269271210266815 -0.077148848492418695 0.06061745786737284 -0.052673819870367636 2.1117918409047442e-05 0.026659809873448456 0.064352801329739279 -0.056746189708980245 0.033132597577972454 -0.035533863940117524
leaf_weight=5.1574296131730106 4.771486339159309 5.1399339147610581 2.2463393788784742 6.1507624331861761 7.2353258570656171 20.47616415831726 1.9010611856356252 5.2491096388548639 6.554900624789302 3.7353602543007618 5.0190894613042456 3.1453837379813194 0.63772737793624656 1.4456075169146085 2.3635294425766977 1.9454462314024565 4.0834987724665437 3.4814941408112698 4.4128006510436535 0.42434312403202401 3.7495964630506862 0.35882639884948808 2.4594501206884161 2.2578174173831931 287.14331210486125 3.5473899794742447 1.7032646439038206 1.5111876064911474 5.5622290873434395 3.4220672873780131
leaf_count=206 77 154 51 105 213 201 8 38 37 32 63 36 8 10 28 36 450 28 48 2 63 1 112 21 2477 78 42 10 386 42
internal_value=8.24824e-06 0.000662435 -0.00606344 -0.00023507 0.000767179 -0.0128789 0.00129252 -0.00579643 -0.000170937 -0.0093296 0.0179292 -0.0014809 -0.000493569 -0.0131141 -0.00351248 -0.0111603 -0.0195237 -0.0312064 -0.0139696 0.00859855 -0.00524108 0.0283256 0.0430769 0.000451155 -0.000389992 0.015309 0.0115025 0.00509229 0.0125494 -0.00387785
internal_weight=407.292 367.677 39.6149 362.537 335.91 26.6269 34.8435 24.4326 22.5316 17.2825 10.4108 5.39172 328.675 22.8898 17.7324 16.2868 13.9232 9.83974 6.35825 10.7276 6.99222 3.24262 2.81828 305.785 289.401 16.3839 15.7461 14.0429 12.5317 6.96946
internal_count=5063 4543 520 4389 4083 306 443 293 285 247 150 87 3870 806 600 590 562 112 84 210 178 115 113 3064 2498 566 558 516 506 120
is_linear=0
shrinkage=0.05


Tree=125
num_leaves=31
num_cat=0
split_feature=4 6 2 3 5 5 5 2 0 2 1 5 3 4 0 4 3 2 0 1 1 1 2 5 2 4 6 1 3 4
split_gain=0.652031 1.38452 0.880397 0.896809 0.779399 1.59728 1.13428 3.5212 2.31613 2.29147 2.65883 2.28082 2.45038 3.43745 2.9252 2.89123 1.77493 1.7654 1.54761 2.7268 3.82871 2.42112 2.19298 2.16116 3.30292 2.04402 3.09517 2.81974 1.9451 1.92666
threshold=2.8119568026088237 2.8172860743137966 1.9065080941201404 0.21442564353988061 2.3768788169919026 2.0589751712411388 1.7383792152987647 0.59706004994134887 -0.33678863030468104 0.13192560931808389 -0.72714610480119424 1.5010059888074545 -0.52191153242409583 0.20317517587728259 -0.36046293330192003 0.35074444038093983 -0.24578499939545764 0.38156197635317574 -0.23317771871060625 -0.75876158661485649 -0.7186822883201065 -0.77427946276305482 0.5557588230369781 -0.42513718670068118 -1.1222561098107391 -0.51069789401536447 -0.83194502671269133 1.0626739655501971 1.5030157014768397 -0.34092390700903202
decision_type=2 2 2 2 2 2 2 2 2 2 2 2 2 2 2 2 2 2 2 2 2 2 2 2 2 2 2 2 2 2
left_child=1 2 4 -4 5 6 11 9 -9 10 -8 18 -13 14 -14 -15 -11 -18 21 22 -21 23 -20 24 -1 26 -22 -27 -25 -24
right_child=-2 -3 3 -5 -6 -7 7 8 -10 16 -12 12 13 15 -16 -17 17 -19 19 20 25 -23 29 28 -26 27 -28 -29 -30 -31
leaf_value=0.018736518039862361 -0.03055458345801922 0.034199366346145163 -0.041403317854724023 0.0070366174027930986 -0.029631777871015293 0.027756014573145155 0.028688399109863233 -0.042886873278760118 0.05710516957188571 0.00041859974663906646 -0.02610482668846454 -0.015763578266538771 -0.0087165191912900054 -0.035063489114560441 0.062237198621188705 0.024484243200543161 -0.059190315774814733 -0.01958404160636992 0.049916643074075388 -0.057556458803749926 0.054781399151330346 0.0011591314130394183 -0.027680909955492845 -0.0080804531381990594 -0.057316656098517764 0.026542826697893512 -0.014663623487858456 -0.036475090132265769 0.033910787068199992 0.02487250615126748
leaf_weight=1.9998818184249101 1.7377567999064911 2.9616428865119806 2.5470764995552591 1.5291445720940826 2.1884544542990616 5.2230905117467037 4.8073364933952689 0.72833306156098876 2.8268967554904512 3.9389653578400639 4.1041410677135044 4.7232736498117474 1.8446974405087555 3.2045093048363906 6.8339681108482173 5.6017011497169733 5.4041622420772857 5.8692332040518522 5.7936240979470304 2.6456109234131864 1.7995597162516794 206.8187130469596 2.4213145442772648 73.326086041750386 4.988727956544607 13.341571585275235 14.80349520011805 2.04751282185316 2.8655859511345616 6.2343913905788204
leaf_count=37 16 38 45 18 15 55 38 6 82 23 22 36 31 21 72 50 21 33 73 26 565 2496 41 494 39 221 248 80 25 96
internal_value=7.03459e-06 0.00013868 -0.000113219 -0.0232317 0.00012452 0.000289717 -7.90972e-05 -0.00983404 0.0366206 -0.0166802 0.00345362 0.000668238 0.0161915 0.0248237 0.0471556 0.0028153 -0.0284748 -0.0385702 -0.000348448 0.00786187 0.000250517 -0.00173818 0.0261077 -0.00894202 -0.035553 0.0050309 -0.00713667 0.0181583 -0.00650115 0.0101714
internal_weight=405.16 403.423 400.461 4.07622 396.385 394.196 388.973 27.6791 3.55523 24.1238 8.91148 361.294 22.2081 17.4849 8.67867 8.80621 15.2124 11.2734 339.086 49.0871 34.6378 289.999 14.4493 83.1803 6.98861 31.9921 16.6031 15.3891 76.1917 8.65571
internal_count=5063 5047 5009 63 4946 4931 4876 225 88 137 60 4651 210 174 103 71 77 54 4441 1350 1140 3091 210 595 76 1114 813 301 519 137
is_linear=0
shrinkage=0.05


Tree=126
num_leaves=31
num_cat=0
split_feature=5 5 0 0 5 5 4 1 1 2 5 6 4 2 4 2 2 1 3 4 0 6 0 2 6 6 1 6 4 0
split_gain=0.670694 2.77404 3.75583 4.33391 3.69318 3.49179 4.21678 3.43164 3.25321 3.43405 2.97399 2.67425 2.48402 2.26995 2.11126 2.1054 5.26373 3.66488 2.48205 2.70405 4.53397 3.24264 2.55128 2.44312 2.306 3.31487 2.94742 2.20671 2.19682 2.18606
threshold=0.045484203462505902 0.15373111848454052 -0.4358445192622965 -0.24932488679882023 0.28428102731122423 0.97646373688526711 -0.42593387081195272 -0.65462115085170292 -0.85142261590544377 0.32684927103596262 1.0081229451328322 -0.18520242672919754 -1.0000000180025095e-35 -0.67520154607297966 -0.15405599730862374 0.17993259066919218 0.13192560931808389 -1.1613437297434215 -1.1662064693504284 0.68503727337845632 -0.34284551158743826 -0.099316708110293542 -0.3254904793730195 0.06273455772060299 -0.043729184363922029 -0.58343449572315864 -0.96221528668041434 0.16525486059244152 -0.074604571328792904 -0.29917434832961837
decision_type=2 2 2 2 2 2 2 2 2 2 2 2 2 2 2 2 2 2 2 2 2 2 2 2 2 2 2 2 2 2
left_child=-1 2 12 14 8 6 -6 11 -3 -10 -7 -8 -2 -12 -4 16 23 -17 28 20 -20 -21 -22 -15 25 26 -24 -26 -19 -29
right_child=1 4 3 -5 5 10 7 -9 9 -11 13 -13 -14 15 -16 17 -18 18 19 21 22 -23 24 -25 27 -27 -28 29 -30 -31
leaf_value=0.0022564841868548779 0.059278873153527492 0.078693495574181538 -0.062398075637280573 0.010725817652705458 0.035470859089773259 0.055627974029521868 -0.054881269672713055 -0.0057016635186751159 -0.0056730720490280988 0.058877936909587369 -0.021518410539185032 -0.016589126682799965 -0.017166506705285727 0.0098243604700815525 -0.022182836226184374 0.029033576193559979 0.05117508298133791 -0.0093948870401508074 -0.052079055233710647 0.060597181250452159 0.027721586518799551 -0.0022798136790584257 -0.042637296629131204 -0.022034719586652388 0.054366854056523486 -0.023357480891358834 0.033332132544399151 -0.053176464902936788 0.070621847353309578 0.013740312430631493
leaf_weight=182.13425355963409 2.283864229451865 2.4141824524849644 6.9816908836364746 5.0992723949020702 3.972378446487709 2.5549789222422978 8.6294348156079668 23.245978140737861 6.8054382996633631 2.9549584975466132 10.198039869312195 9.6676934454590064 1.9873467730358267 35.754655685974285 6.1283374633640086 8.446426108479498 7.0146869849413624 1.5337027299683543 6.3150984160601942 2.9046487947925925 4.7520923307165353 6.9727455384563637 1.6851661924738435 7.2352390004089093 2.2925505712628773 30.322674294468015 5.2679242640733568 1.6129550263285635 1.9463152699172486 5.0158692786935717
leaf_count=3236 34 21 27 109 52 20 44 164 55 46 139 60 16 225 38 98 49 27 29 32 33 51 14 36 28 206 78 11 23 62
internal_value=7.69613e-06 -0.0018373 -0.0184882 -0.0283863 3.88551e-05 -0.00169531 -0.013745 -0.018451 0.0267241 0.0138697 0.00217173 -0.0346488 0.0237097 0.00119106 -0.0435993 0.00298533 0.0110153 -0.00209303 -0.00581581 -0.00794984 -0.0121172 0.0162104 -0.00716396 0.00446245 -0.0107525 -0.0162175 0.01492 0.0120819 0.0353571 -0.00254218
internal_weight=404.131 221.996 22.4805 18.2093 199.516 187.341 45.5155 41.5431 12.1746 9.7604 141.826 18.2971 4.27121 139.271 13.11 129.073 50.0046 79.0682 70.6217 67.1417 57.2643 9.87739 50.9492 42.9899 46.1971 37.2758 6.95309 8.92137 3.48002 6.62882
internal_count=5063 1827 224 174 1603 1481 320 268 122 101 1161 104 50 1141 65 1002 310 692 594 544 461 83 432 261 399 298 92 101 50 73
is_linear=0
shrinkage=0.05


Tree=127
num_leaves=31
num_cat=0
split_feature=3 3 3 3 3 3 1 0 0 1 1 4 1 0 4 0 0 6 0 2 5 0 5 3 5 2 0 1 1 3
split_gain=0.63163 7.90579 5.86514 1.63101 9.14172 5.81429 1.5122 1.50318 3.35144 2.10646 3.30203 1.52971 1.52321 2.07639 1.48579 1.85409 2.52898 4.78842 2.78929 1.42655 2.27834 2.04027 4.16371 1.32789 1.26912 2.622 4.46931 2.95868 3.02962 2.05594
threshold=1.2268893525324958 1.1348471134948515 1.3189314995279926 0.85872076455050717 0.76667852551286308 0.95076291154600423 1.6995613547709489 -0.39043945449167144 -0.37937309170362271 -0.79169611427910169 -0.58648197672848079 -0.54377795567752274 1.9668001027168092 -0.42539904491439068 -0.03016219410641437 -0.34927018088974965 -0.21283338319695824 -0.61865989030092794 -0.18458070058130868 -0.34296264902756451 -0.2371901505000206 -0.35729582234729645 0.68908008171291002 1.5030157014768397 -0.011552942454124868 0.28646240215302016 -0.24606981199935551 -0.7820017647453148 -0.74502950012727387 0.30646788257752478
decision_type=2 2 2 2 2 2 2 2 2 2 2 2 2 2 2 2 2 2 2 2 2 2 2 2 2 2 2 2 2 2
left_child=1 3 -2 4 6 -5 24 11 -9 -10 -11 12 13 -4 15 -12 17 -17 -18 20 -7 -21 -23 -13 25 -1 -27 -28 -29 -26
right_child=2 -3 7 5 -6 19 -8 8 9 10 14 23 -14 -15 -16 16 18 -19 -20 21 -22 22 -24 -25 29 26 27 28 -30 -31
leaf_value=0.00029565119784967275 -0.059351499697049948 0.063648200540065231 -0.052099646562157757 -0.056060321164248562 0.05778762422367504 -0.0029696301544436645 -0.038053800591085596 -0.070675215588698076 0.027586329770883152 -0.048878773346721353 -0.039930513449146762 0.0045661844698826146 0.036955768253054078 0.024972846828817424 -0.025393705001534241 -0.014296296788421628 -0.070516666887911514 0.075766647568755244 0.04600455658675074 -0.048634314844545584 0.057416414254331263 -0.030641525802775866 0.030800988467193285 0.057981611073765899 0.00042551213732453246 0.048073777538599219 0.034577689203365645 -0.11322732637245579 -0.0051077842212683931 -0.01117509704621961
leaf_weight=107.10856921435334 4.5561417117714873 4.9133459607837713 2.0997591940686107 5.8687571799382594 6.8768173323478541 4.2345897133927792 2.6540034878998986 1.8386989636346687 5.1500945175066617 3.9629715401679322 1.4018476968631173 1.9014884326606969 1.7405287176370619 1.496825870126486 3.3569351220503423 2.5075662964954972 1.2973564378917233 3.5869723614305267 0.8501598632428754 2.6072745481506017 2.4749530386179748 5.4321632074424908 5.5995451342314482 2.9979195911437273 139.88423121115193 8.3662832531845215 4.9695541185792527 0.69334345520473917 9.8892133338376862 52.538399672135711
leaf_count=1551 77 154 63 105 213 51 149 8 38 22 8 19 12 12 50 15 6 31 115 11 30 72 37 44 1172 254 82 5 323 334
internal_value=7.6855e-06 0.000653516 -0.00606155 -0.000208167 0.000737235 -0.0122155 -0.000465834 0.00104003 -0.00581377 -0.000420756 -0.00892351 0.0170773 -0.00144163 -0.0200236 0.00325582 0.0132284 0.0222699 0.0387107 -0.0243882 0.000429835 0.019305 -0.00885559 0.000545859 0.0372508 -0.000157414 0.00363806 0.0186056 0.00275321 -0.0121915 -0.00274188
internal_weight=402.856 364.111 38.7453 359.198 332.98 26.2173 326.104 34.1891 23.9526 22.1139 16.9638 10.2365 5.33711 3.59659 13.0008 9.6439 8.24205 6.09454 2.14752 20.3485 6.70954 13.639 11.0317 4.89941 323.45 131.027 23.9184 15.5521 10.5826 192.423
internal_count=5063 4543 520 4389 4083 306 3870 443 293 285 247 150 87 75 225 175 167 46 121 201 81 120 109 63 3721 2215 664 410 328 1506
is_linear=0
shrinkage=0.05


Tree=128
num_leaves=31
num_cat=0
split_feature=3 3 3 3 3 3 3 2 6 4 4 2 0 0 1 6 0 3 3 3 3 6 0 0 2 5 4 3 5 1
split_gain=0.637855 2.15758 8.13728 5.78579 1.97761 5.0146 4.37817 3.41831 3.23427 2.33496 2.89453 1.90241 3.49588 2.05768 1.82968 2.35669 1.76825 1.75149 3.35755 14.5762 10.4023 2.52809 3.29946 4.21501 3.14444 2.57031 2.28687 3.10771 2.49668 2.2279
threshold=-0.89008012040608409 -0.24578499939545764 -0.15374285239996058 -0.33782723843310175 -1.1662064693504284 -1.0741643223549311 -1.2582487083880722 0.051151932513464518 1.9465872755734959 -0.66729479009757864 -0.35693597133945582 0.58121012090798951 -0.3766540936952813 -0.32432367408558266 -0.6902887309671617 -0.32566845147517065 -0.42820906759540006 1.0000000180025095e-35 0.30646788257752478 0.39851002957302184 0.21442564353988061 -0.4340668449903769 -0.33292608708540494 -0.38101874696142085 0.32136272665916715 -0.17768995368907711 0.98480453059191408 0.85872076455050717 -0.91556293691908641 0.35128180797695679
decision_type=2 2 2 2 2 2 2 2 2 2 2 2 2 2 2 2 2 2 2 2 2 2 2 2 2 2 2 2 2 2
left_child=4 3 -3 -2 6 -6 7 9 -9 14 -11 12 -7 -14 -1 -16 -12 21 20 -20 29 24 23 -23 25 -4 28 -28 -21 -19
right_child=1 2 17 -5 5 11 -8 8 -10 10 16 -13 13 -15 15 -17 -18 18 19 26 -22 22 -24 -25 -26 -27 27 -29 -30 -31
leaf_value=0.052827170424759845 0.0042397644563231347 -0.057334546841046552 -0.020100847394170413 0.05583320781652408 -0.063718931518201502 0.010529062111632107 0.067735174595828687 0.03239259139848407 -0.052469713007529964 -0.06573349109648062 -0.026542551534136621 0.029000701341924829 -0.05515877067006425 -0.01215439806231056 -0.039293068789940037 0.023370777787921924 0.029164952424180782 -0.00085151959675253044 -0.061356054649605613 -0.050348321878132075 0.060605510541168188 -0.026178236324093235 -0.037805826606466475 0.040607936015000103 -0.019831624791739434 0.051904344959768325 0.074096040230997015 0.0039576281393865296 0.0012368561553701908 0.032324340539069359
leaf_weight=1.6756419576704553 75.3362499558134 6.3384665821213266 1.7018553705420325 5.8563340503023928 4.328730531968179 10.087523315101867 2.4844657836947581 8.9280631277943012 1.2842653831467021 3.6363139152526855 5.0306976898573339 3.4566702257143325 4.7176226158626378 6.7779961472842825 2.8451021435903439 3.1745349485427097 1.9871640955097989 45.136004323605448 9.7572956527583283 2.3854729086160651 9.2152353877900151 5.7775454339571297 12.271758468355982 3.9967678748071211 5.3615038464777172 4.5605406817048788 2.5212328815832725 4.227360506542027 140.30441529862583 5.6994925601175046
leaf_count=16 934 128 48 278 42 186 99 177 14 17 72 101 19 49 66 23 14 285 99 137 181 40 64 29 66 35 31 46 1632 135
internal_value=8.26979e-06 0.000848465 -0.00137906 0.00796114 -0.00472637 -0.0140274 0.00407206 -0.00146572 0.0217206 -0.01437 -0.0295283 -0.00543705 -0.0109525 -0.0298027 0.00661678 -0.00624646 -0.0107685 2.32682e-05 0.00165384 -0.00214637 0.0117283 -0.0105944 -0.0205429 0.00113098 0.00827397 0.0323364 0.00171961 0.0301609 0.000374461 0.00286804
internal_weight=400.862 340.448 259.255 81.1926 60.4148 29.3685 31.0462 28.5618 10.2123 18.3495 10.6542 25.0398 21.5831 11.4956 7.69528 6.01964 7.01786 252.916 219.247 159.196 60.0507 33.67 22.0461 9.77431 11.6239 6.2624 149.438 6.74859 142.69 50.8355
internal_count=5063 4168 2956 1212 895 397 498 399 191 208 103 355 254 68 105 89 86 2828 2546 1945 601 282 133 69 149 83 1846 77 1769 420
is_linear=0
shrinkage=0.05


Tree=129
num_leaves=31
num_cat=0
split_feature=2 2 2 6 6 1 0 1 2 6 4 6 1 6 5 2 6 6 2 1 4 6 2 5 1 0 0 0 1 1
split_gain=0.604481 4.16722 3.96463 4.52019 2.1219 2.02943 2.54157 1.86661 1.8149 1.54926 2.23957 1.69357 1.45973 1.35002 1.30107 3.49877 3.31233 2.41971 1.60919 3.49184 4.28248 6.485 2.92049 1.64639 3.65707 3.80508 3.619 4.07977 3.48439 4.77864
threshold=-1.2294918527492065 -1.2217192913963093 -1.2468658134203887 -0.84942161351248091 -0.8507282742077924 1.1992588846131529 -0.12762423356280558 -1.0473081786632019 -1.2022116864321746 2.6636717763212521 0.80122844122339487 0.61259559405185537 1.9668001027168092 -0.40728030073649374 -0.76720904743073381 -0.84177820408703419 1.7445176434631551 3.047394467177694 -1.0818131870441572 -1.4718732957946667 -0.3105716138764702 0.97407783099018419 -0.94007824472661794 -0.21640051345653846 0.38960198768594984 -0.31910199041229742 -0.39768386775305642 -0.31776246500554212 -0.57764022232397849 0.28737937805840114
decision_type=2 2 2 2 2 2 2 2 2 2 2 2 2 2 2 2 2 2 2 2 2 2 2 2 2 2 2 2 2 2
left_child=2 -2 3 12 8 14 -7 13 -3 10 11 -9 -1 -5 15 -6 -17 -18 19 -16 -21 -22 -20 26 -25 -26 -24 28 -28 -30
right_child=1 4 -4 7 5 6 -8 9 -10 -11 -12 -13 -14 -15 18 16 17 -19 22 20 21 -23 23 24 25 -27 27 -29 29 -31
leaf_value=-0.050880814234998385 -0.060010533826669203 -0.014693677415471024 0.047042442044553157 -0.052149798105304374 -0.05218376448666065 -0.053019666558872136 0.0068883438501460481 0.01662926160339831 0.067166555504016512 -0.05910325731797042 0.059929678143224224 -0.047826052097818574 0.0013634873534156154 0.010706337777600723 0.063651952441432569 -0.026129122414466768 0.057889531791194153 -0.029785366898123486 -0.034590145200232465 -0.019805242930529363 0.051294378772196482 -0.029649331788477142 0.050465058568392743 -0.0025836082355579857 -0.005508817592937954 0.053801359321734223 -0.039498006633251564 0.015863205525342178 0.020361712943468935 -0.049547879063588596
leaf_weight=4.8939332757145193 2.9259186051785937 0.99520441284403238 5.0959700625389805 1.8625613502226772 4.3256269991397849 4.0376420344691724 3.152857117005623 13.193281860556459 2.1182529652724034 0.64614269370213051 2.8870965742971739 1.104431593324988 1.8395853564143179 1.5779681052081311 3.0018345694988993 4.6614184922073019 3.0660016778856516 1.0587001219391821 6.076914455741643 9.058380309492355 7.9559906600043124 3.5915173701941967 4.6357930414378634 242.34593970305286 4.9338761474937201 5.9841013351688144 7.6916019492782679 30.897882994962856 9.8002189476974291 3.256680727005004
leaf_count=278 38 14 42 23 109 235 198 268 405 6 349 19 10 38 27 108 136 12 37 61 85 50 42 1903 31 81 51 297 94 16
internal_value=6.85274e-06 -0.000578997 0.00647707 -0.000904461 -9.94895e-05 -0.000455402 -0.0267515 0.0103975 0.0410003 0.0169036 0.0197614 0.0116504 -0.0366078 -0.0233214 8.12404e-05 -0.0153733 0.00274943 0.0353857 0.00067858 0.0132703 0.00593074 0.0261192 -0.000263243 0.000410652 -0.00130833 0.0269989 0.00814591 0.00434734 -0.0128017 0.00292471
internal_weight=398.673 365.572 33.101 28.005 362.646 359.533 7.1905 21.2715 3.11346 17.831 17.1848 14.2977 6.73352 3.44053 352.342 13.1117 8.78612 4.1247 339.231 23.6077 20.6059 11.5475 315.623 309.546 253.264 10.918 56.2822 51.6464 20.7485 13.0569
internal_count=5063 4030 1033 991 3992 3573 433 703 419 642 636 287 288 61 3140 365 256 148 2775 223 196 135 2552 2515 2015 112 500 458 161 110
is_linear=0
shrinkage=0.05


Tree=130
num_leaves=31
num_cat=0
split_feature=5 2 0 5 2 0 5 2 1 6 0 2 6 2 4 1 0 2 3 0 4 2 5 6 4 2 4 0 1 6
split_gain=0.601759 1.6267 3.03 0.870491 3.40951 2.13113 2.01844 1.96117 2.39191 1.59864 2.62517 1.38971 1.33442 1.20944 1.55817 1.48125 1.19845 2.10794 3.04423 2.73591 1.9122 1.75789 2.25406 2.26779 1.53528 4.23572 3.17718 3.25182 3.10381 2.93101
threshold=2.0589751712411388 -0.086352922830449708 -0.27766187853951774 1.7383792152987647 0.59706004994134887 -0.33678863030468104 1.5869265971197628 0.13192560931808389 -0.72714610480119424 -0.19957569437762271 -0.28255735216835082 1.7669070551809316 0.78474814065912935 0.27030765155177999 0.21982556466967981 -1.3733166400609285 -0.21662472721408096 0.97837290288751211 1.2268893525324958 -0.17662062535059755 -0.77662554651860782 1.4790172959123693 0.78261853570006845 -1.0000000180025095e-35 0.55043069004549905 0.20599354691628194 0.68503727337845632 -0.46139035719728066 0.28737937805840114 0.74309833099607925
decision_type=2 2 2 2 2 2 2 2 2 2 2 2 2 2 2 2 2 2 2 2 2 2 2 2 2 2 2 2 2 2
left_child=3 -2 -3 6 7 -6 11 8 -5 10 -9 16 13 15 -15 -8 21 18 19 -18 -21 24 23 -23 29 26 -26 -28 -29 -1
right_child=1 2 -4 4 5 -7 12 9 -10 -11 -12 -13 -14 14 -16 -17 17 -19 -20 20 -22 22 -24 -25 25 -27 27 28 -30 -31
leaf_value=-0.00069033932991064751 -0.014726907044165481 0.065671780948178646 -0.016509010917620803 0.027231598445774448 -0.039818892558325068 0.056622867735378481 0.0070306912363461323 -0.067530911143958039 -0.025128953695348261 -0.0070589239707606541 -0.013071631460766073 -0.023035334482523925 -0.018194808269572375 0.038601272863287593 -0.018290733204693387 0.060643214826297753 0.027141174466976909 0.029569720177921584 -0.061381752611840451 0.021444607981071173 -0.019041493656461336 -0.022803260368791652 -0.04866589611510002 0.065105320992672647 0.038448865633041 0.029153596199822225 0.025233911366921186 -0.0076058255131894433 -0.056547865407931969 -0.025484921019746476
leaf_weight=233.60897331149317 3.0168660506606102 2.7709248224273324 1.8843589830212284 4.7277768310159445 0.71943497098982367 2.8108800465706727 1.9450669358484431 4.4222691860049981 4.0491185151040607 6.128642905503507 4.4291866682469845 6.6088275485672048 1.9237874704413105 2.2833606358617544 2.544859379529953 3.8159086252562697 9.4702925372403133 9.1146015755366516 1.786562459077685 4.0791468346142219 10.232516148593277 2.2165107862092559 4.2702369643375278 1.0965898965951044 4.3801657450385383 15.775452399859203 6.4237584386719346 23.776154382387183 3.7504377933219066 12.559934937395154
leaf_count=2052 16 28 30 38 6 86 32 17 22 35 25 134 12 33 20 36 104 439 79 478 97 32 24 64 37 269 404 258 70 86
internal_value=5.75756e-06 0.0138727 0.0324068 -0.000267772 -0.00887923 0.0369692 0.000381959 -0.0156924 0.00307567 -0.0266886 -0.04028 -0.000325173 0.0201131 0.0270726 0.00861462 0.0425421 0.000112986 0.00892429 0.00156465 0.00629335 -0.00750204 -0.000879689 -0.0246547 0.00629325 -0.00027926 0.00734676 -0.00162814 -0.00679875 -0.0142741 -0.0019554
internal_weight=396.623 7.67215 4.65528 388.95 27.2873 3.53032 361.663 23.757 8.7769 14.9801 8.85146 349.15 12.513 10.5892 4.82822 5.76098 342.541 34.6831 25.5685 23.782 14.3117 307.858 7.58334 3.3131 300.275 54.106 38.3305 33.9504 27.5266 246.169
internal_count=5063 74 58 4989 229 92 4760 137 60 77 42 4627 133 121 53 68 4493 1197 758 679 575 3296 120 96 3176 1038 769 732 328 2138
is_linear=0
shrinkage=0.05


Tree=131
num_leaves=31
num_cat=0
split_feature=3 3 3 3 3 3 3 2 6 4 4 2 0 0 4 1 0 2 5 2 6 5 2 5 2 0 6 0 6 5
split_gain=0.5985 1.96261 7.64635 5.4617 1.80068 4.72215 4.01813 3.07237 2.94347 2.09088 2.75127 1.74751 3.13058 1.90124 1.77137 1.74097 2.51942 1.83189 1.77575 2.53502 2.38612 4.08385 3.22139 2.60273 5.7817 6.11915 2.21903 3.24494 4.02755 4.63922
threshold=-0.89008012040608409 -0.24578499939545764 -0.15374285239996058 -0.33782723843310175 -1.1662064693504284 -1.0741643223549311 -1.2582487083880722 0.051151932513464518 1.5277480785305613 -0.66729479009757864 -0.35693597133945582 0.58121012090798951 -0.3766540936952813 -0.32432367408558266 0.80122844122339487 0.75961552443556102 -0.46139035719728066 -1.1915434649674137 -0.35078704689246964 0.21292240435448043 0.041367093418231436 0.65458585431633864 0.17993259066919218 -0.025406093586937156 -0.11524854744325756 -0.26707971074952785 -0.21190730468962385 -0.2920473581695896 -0.34031394010178562 1.2102221417103725
decision_type=2 2 2 2 2 2 2 2 2 2 2 2 2 2 2 2 2 2 2 2 2 2 2 2 2 2 2 2 2 2
left_child=4 3 -3 15 6 -6 7 9 -9 -1 -11 12 14 -14 -7 16 -2 -18 19 -19 23 -22 -23 24 -20 -26 27 28 29 -25
right_child=1 2 -4 -5 5 11 -8 8 -10 10 -12 -13 13 -15 -16 -17 17 18 20 -21 21 22 -24 26 25 -27 -28 -29 -30 -31
leaf_value=0.0062527641222885613 0.052510454526097775 -0.05692254480346385 2.6754422244486183e-05 0.055477336743439881 -0.063134383946134118 0.029762361961493556 0.066988749757073668 0.034116185378316365 -0.034045480738143764 -0.06426156561819589 -0.0099048138650810382 0.028140054205107019 -0.053032278191848484 -0.011494031653544595 -0.01272070132374914 -0.02861292411113649 -0.049915385518796172 -0.023352740184834513 0.06702929631772192 0.036903109618778997 -0.002263798164888405 0.083069700325990495 0.018503438773329595 -0.035020348705748092 -0.059367798148050099 0.03562847080205897 -0.028537904625660811 -0.021618216420987092 0.060513328743255074 0.036096053743362576
leaf_weight=7.5414456968428629 2.7818261706270269 6.0362986000254741 250.1976868546335 5.5553639626596114 4.121472449507567 5.2784426677972132 2.3276622181292614 8.0775322293629852 1.970192786771803 3.5221516564488411 6.8656878918409365 3.3701865662587798 4.6557926475070417 6.746555779129265 4.5849962793290615 3.8595974033232769 1.5418543424457301 9.6196419512852938 4.5077199712395668 2.1324476613663128 6.638455815613268 3.9144752621650696 3.8141990583389997 4.627258613705628 3.0059249605983496 3.8875883438158692 7.5375021551735939 8.2229301161132735 3.9685108959674844 4.5463276654481888
leaf_count=105 210 128 2828 278 42 48 99 169 22 17 86 101 19 49 138 143 11 102 27 102 41 22 40 22 10 47 41 68 24 24
internal_value=6.23788e-06 0.000821283 -0.00131484 0.00764934 -0.00463595 -0.0135981 0.00386865 -0.00138289 0.0207508 -0.0137868 -0.0283353 -0.00531096 -0.0106123 -0.0284549 0.0100142 0.00408795 0.00587195 0.00396302 0.00521368 -0.0124192 0.00900405 0.0264995 0.0512054 0.00276742 0.0229978 -0.00579477 -0.00521288 0.0030161 0.0184296 0.000224152
internal_weight=395.458 336.396 256.234 80.1616 59.0621 28.7574 30.3047 27.977 10.0477 17.9293 10.3878 24.636 21.2658 11.4023 9.86344 74.6063 70.7467 67.9648 66.423 11.7521 54.6709 14.3671 7.72867 40.3038 11.4012 6.89351 28.9025 21.365 13.1421 9.17359
internal_count=5063 4168 2956 1212 895 397 498 399 191 208 103 355 254 68 186 934 791 581 570 204 366 103 62 263 84 57 179 138 70 46
is_linear=0
shrinkage=0.05


Tree=132
num_leaves=31
num_cat=0
split_feature=6 4 0 2 6 2 1 2 1 2 6 6 0 5 0 3 4 3 5 2 5 0 4 2 4 5 6 1 3 5
split_gain=0.579978 2.31162 2.30672 2.62485 2.10058 2.23329 2.6547 1.94721 1.55851 1.97219 2.25457 1.5103 1.4263 1.33844 2.19476 2.34042 1.37544 1.10893 0.987496 3.25888 3.17117 2.28748 2.9883 1.91389 1.78622 2.0585 1.70367 1.64742 2.45569 2.40683
threshold=1.3189545882589309 -0.11261185320675467 -0.43145538629536023 -1.1679209745811572 2.007156443220742 -0.4176402145212082 -0.81942582564791822 0.20599354691628194 -1.7534109638410478 -1.2084602161472491 2.6636717763212521 0.91767364430924314 -0.44504841469390521 1.0332201840986603 -0.3739386548856477 -0.70599582641508996 0.76382655159037827 0.30646788257752478 1.7383792152987647 0.59706004994134887 1.5869265971197628 -0.22896010285105647 -0.17997995827908672 1.7669070551809316 0.25992859678448271 -0.39643918931907918 0.18861142052113231 -0.65462115085170292 0.58259423152186895 1.7731382848477517
decision_type=2 2 2 2 2 2 2 2 2 2 2 2 2 2 2 2 2 2 2 2 2 2 2 2 2 2 2 2 2 2
left_child=11 -2 3 8 17 -6 -7 -8 -3 10 -10 18 -5 14 15 16 -13 -4 20 21 23 22 -20 -1 25 -25 -21 29 -29 -24
right_child=1 2 4 12 5 6 7 -9 9 -11 -12 13 -14 -15 -16 -17 -18 -19 19 26 -22 -23 27 24 -26 -27 -28 28 -30 -31
leaf_value=0.00051038055279054549 -0.059605453054343685 0.083014614794994709 0.048559823111031235 -0.04774074651582258 0.091424164288908233 -0.058471947450460852 -0.011747669677966267 0.058038973032018361 0.042759405086754791 -0.054307098125896153 -0.057844615696736747 -0.087685615126208483 0.004140969935972314 0.006215710178086975 -0.057586486958342037 0.040487088041858799 -0.010665879832444014 -0.011153289220395117 0.033672678382489864 0.056333419530346068 0.027607780845843078 -0.052063608284248469 -0.040831875364025425 -0.06081838605668069 -0.064254363705668602 0.021572675767706384 -0.0051130058704518637 -0.007646624647829503 -0.062386927739873567 0.0096598027644382509
leaf_weight=307.08752622059546 1.2388356411829615 0.79551505600102501 6.7314336349954793 3.8275695433840156 0.64637275040149678 1.7367039560340343 2.6135845896787941 1.6185859212419016 3.0306433936348212 1.0172426439821696 0.68226461228914548 0.83587919175624792 2.0258498825132856 3.8928732951171687 3.7438584389165035 1.6991030436474828 1.8911098006647078 0.87904408201575268 3.4472209848463633 2.6727664776844895 10.745986162684856 3.6115051303058854 3.2938074525445797 1.14566070958972 2.1886281904298812 2.2410710394615299 1.9518636871362103 4.2699026642367155 3.9386530444025993 8.3266357630491239
leaf_count=3623 8 12 179 92 4 11 34 88 276 19 8 5 14 30 31 51 63 5 26 84 124 18 16 21 22 71 34 24 16 54
internal_value=5.50974e-06 0.00710007 0.0103275 -0.00645245 0.0237497 0.00314171 -0.00641845 0.0149421 0.0182637 0.0073739 0.0242729 -0.000513434 -0.0297846 -0.0179122 -0.0294089 -0.00557449 -0.034274 0.0416627 7.79045e-05 -0.00837113 0.000901163 -0.0150396 -0.00929499 -1.67233e-05 -0.0290493 -0.0062985 0.0303994 -0.0167648 -0.0339123 -0.00465203
internal_weight=393.828 26.8436 25.6048 11.3791 14.2257 6.61525 5.96887 4.23217 5.52567 4.73015 3.71291 366.984 5.85342 12.0628 8.16995 4.42609 2.72699 7.61048 354.921 31.5124 323.409 26.8877 23.2762 312.663 5.57536 3.38673 4.62463 19.829 8.20856 11.6204
internal_count=5063 750 742 421 321 137 133 122 315 303 284 4313 106 180 150 119 68 184 4133 272 3861 154 136 3737 114 92 118 110 40 70
is_linear=0
shrinkage=0.05


Tree=133
num_leaves=31
num_cat=0
split_feature=5 5 0 0 5 5 4 1 2 1 5 6 4 2 4 5 2 2 1 1 5 6 6 6 1 6 4 4 0 1
split_gain=0.576172 2.53706 3.18077 3.94879 3.16644 3.17531 3.80903 3.03405 3.14065 2.99096 2.6944 2.5983 2.37279 2.09197 1.96296 1.94114 1.71195 4.80309 3.23751 2.3746 3.84257 4.19731 7.57165 2.69138 3.39722 2.81327 2.37174 2.06992 3.34439 3.13251
threshold=0.045484203462505902 0.15373111848454052 -0.4358445192622965 -0.24932488679882023 0.28428102731122423 0.97646373688526711 -0.42593387081195272 -0.85142261590544377 0.32684927103596262 -0.65462115085170292 1.0081229451328322 -0.18520242672919754 -1.0000000180025095e-35 -0.67520154607297966 -0.15405599730862374 0.13139565650439944 0.17993259066919218 0.13192560931808389 -1.1613437297434215 -1.1762779196764357 1.2746346602122036 -0.45957395064676776 -0.071441279943650807 -0.15974976526844467 -0.60929981399221511 0.31034864196764228 0.1294406426364649 0.71227642097364385 -0.34284551158743826 -0.017105232839355906
decision_type=2 2 2 2 2 2 2 2 2 2 2 2 2 2 2 2 2 2 2 2 2 2 2 2 2 2 2 2 2 2
left_child=-1 2 12 14 7 6 -6 -3 -9 11 -7 -8 -2 -12 -4 -5 17 19 -18 -15 21 -21 -23 26 25 -25 -22 28 -20 -30
right_child=1 4 3 15 5 10 9 8 -10 -11 13 -13 -14 16 -16 -17 18 -19 27 20 23 22 -24 24 -26 -27 -28 -29 29 -31
leaf_value=0.002126371077167078 0.058233018361574733 0.076801759495319658 -0.060334793395732944 0.029519212691748228 0.034035357237113956 0.053658560137334527 -0.053532627106402247 -0.0060083561903159109 0.056879477217718293 -0.0057036760971831517 -0.02097664485267331 -0.015178898966789173 -0.017941821753951474 -0.023561306735085934 -0.02103690686730661 -0.040916406013118183 0.028112544786660393 0.049272984310627814 -0.042261038101723325 -0.058673670584373054 0.013839370968616278 0.060001765039503489 -0.032954272342491833 -0.0047723646862555744 -0.03343247819950463 0.053448357278407466 0.060656055648816848 0.017975598048347637 -0.0081623784303900132 0.033792625967368192
leaf_weight=176.33721735543804 2.138886047527194 2.2948448462411752 6.7402309291064739 3.6532430885126788 3.8966648775385684 2.497822501230984 8.2923189746215957 6.6612642928957921 2.828206380829215 22.694403892848641 9.8188389674760383 9.4461495783179981 1.9582622991874838 6.5938592683523884 6.0121638095006382 1.3358432400273157 8.1573187015019339 6.8020740551874033 6.5218442948535005 3.6051982620265326 4.9787815081654099 3.7100422699004403 5.3491876460611811 4.3259826712310296 3.8954607956111458 3.9874033480882645 5.9241448389366269 8.4507525803055596 48.961679911240928 4.8936984016327321
leaf_count=3236 34 21 27 92 52 20 44 55 46 164 139 60 16 37 38 17 98 49 31 22 35 32 23 25 20 21 46 76 437 50
internal_value=4.77031e-06 -0.00172384 -0.0178833 -0.0270533 8.97335e-05 -0.00152968 -0.0131765 0.0252108 0.0127345 -0.0177265 0.00219881 -0.0331084 0.0218247 0.00125352 -0.0418077 0.0106599 0.00298369 0.0102716 -0.00167126 0.00401035 0.00909204 -0.0130444 0.00511418 0.021222 0.00509795 0.0231524 0.0392774 -0.00520116 -0.00844512 -0.00435004
internal_weight=392.764 216.427 21.8386 17.7415 194.588 182.804 44.3295 11.7843 9.48947 40.4329 138.474 17.7385 4.09715 135.976 12.7524 4.98909 126.157 49.1721 76.9853 42.3701 35.7762 12.6644 9.05923 23.1118 12.2088 8.31339 10.9029 68.828 60.3772 53.8554
internal_count=5063 1827 224 174 1603 1481 320 122 101 268 1161 104 50 1141 65 109 1002 310 692 261 224 77 55 147 66 46 81 594 518 487
is_linear=0
shrinkage=0.05


Tree=134
num_leaves=31
num_cat=0
split_feature=3 3 3 3 3 3 2 0 0 0 0 6 2 2 1 6 0 0 0 6 0 0 1 1 4 0 0 6 0 5
split_gain=0.57089 7.43386 5.56681 1.47615 8.54683 5.58013 1.81705 1.83531 4.21052 2.59365 2.79686 1.44257 2.57922 3.83375 2.38171 1.59722 2.19877 1.79168 1.4998 1.41733 1.38728 2.03006 1.58011 2.46692 1.29077 1.65445 2.18048 4.39989 2.52633 1.29704
threshold=1.2268893525324958 1.1348471134948515 1.3189314995279926 0.85872076455050717 0.76667852551286308 0.95076291154600423 1.0739295189355347 -0.26221899987400066 -0.29917434832961837 -0.35311514822929291 -0.3739386548856477 -0.68018183137183863 -1.2468658134203887 -1.2294918527492065 -1.0677811595048523 -0.8507282742077924 -0.32054121352941184 -0.16476161752012378 -0.066084309080361073 -0.656253607388949 -0.40669931392660036 -0.37548381642404088 -0.79169611427910169 -0.62828024045233177 -0.03016219410641437 -0.34927018088974965 -0.21283338319695824 -0.61865989030092794 -0.18458070058130868 1.0508001909799718
decision_type=2 2 2 2 2 2 2 2 2 2 2 2 2 2 2 2 2 2 2 2 2 2 2 2 2 2 2 2 2 2
left_child=1 3 -2 4 11 -5 7 8 9 10 -7 12 -1 -14 -15 16 -16 -17 -19 -13 -4 -22 -23 -24 25 -25 27 -27 -28 -26
right_child=2 -3 20 5 -6 6 -8 -9 -10 -11 -12 19 13 14 15 17 -18 18 -20 -21 21 22 23 24 29 26 28 -29 -30 -31
leaf_value=-0.045330837732245076 -0.059217590040581337 0.063382973063726519 0.018311122985541665 -0.055885210053401468 0.057476043821520419 0.012443639851691552 -0.044260708804818062 0.04672900201708239 -0.059124185099358101 0.046738610606884362 -0.051334271340993255 0.028941114703157939 0.073563052318231556 0.03617493659966526 -0.053328423292831877 -0.038384693772357717 0.073921543831243969 0.045673865964004877 -0.021246517957009565 3.3157857591084147e-05 -0.035081586995603507 0.027328059074239019 -0.048203697097867239 -0.037999355315155581 -0.057567862002668384 -0.014128604326713801 -0.066793233412505856 0.073371827996597652 0.045492766336495426 0.0080459782489531017
leaf_weight=4.7807600134983685 4.3246836599428198 4.6566423545009448 8.6507637323811633 5.5999473677948144 6.4961457252502433 7.1248224414885089 2.0294651268050066 2.3616923335939637 2.5651016663759938 3.6472084391862145 2.2655825223773727 4.3027269463054827 1.4650221280753655 2.275206744903703 0.52173423627391458 8.1332670049741864 0.97176188160665578 1.3499765656888492 2.2044484805082765 291.36096234130673 4.5585658964700988 4.6769514353945878 2.8099316358566293 1.3673363279085595 1.5075260708108555 2.4572718013077974 1.2651538327336291 3.459106734953818 0.82928522943985017 1.505217846482992
leaf_count=206 77 154 135 105 213 78 31 44 9 26 13 52 10 28 10 98 212 31 211 3012 32 36 17 8 38 15 6 31 116 9
internal_value=4.7949e-06 0.000625379 -0.00586919 -0.000210892 0.000702645 -0.0117707 0.000585008 0.00565129 -0.000566401 0.0109546 -0.00294378 -0.000459446 -0.0129019 -0.00373984 -0.0110669 -0.0192214 0.0294684 -0.0254431 0.00416996 0.000453849 0.00110376 -0.00498785 0.00191354 -0.00590594 0.00368609 0.0128328 0.0215092 0.0370299 -0.022334 -0.0247861
internal_weight=391.524 354.112 37.4118 349.456 323.862 25.5938 19.9939 17.9644 15.6027 13.0376 9.3904 317.366 21.7022 16.9214 15.4564 13.1812 1.4935 11.6877 3.55443 295.664 33.0871 24.4363 19.8778 15.2008 12.3909 9.37815 8.01082 5.91638 2.09444 3.01274
internal_count=5063 4543 520 4389 4083 306 201 170 126 117 91 3870 806 600 590 562 222 340 242 3064 443 308 276 240 223 176 168 46 122 47
is_linear=0
shrinkage=0.05


Tree=135
num_leaves=31
num_cat=0
split_feature=1 6 6 4 0 0 6 6 1 1 4 2 5 0 4 2 0 0 6 6 1 5 2 5 0 4 5 1 3 2
split_gain=0.576871 0.701059 0.72219 2.303 3.09528 4.65141 1.40539 1.40168 1.77558 2.0401 2.23735 1.4533 1.36637 1.31599 2.35859 2.26112 1.51303 1.46222 1.03455 1.02387 0.887924 0.877738 2.97018 2.77088 2.24515 3.98481 1.96217 2.3994 2.30116 1.74902
threshold=-2.0163870292292185 3.047394467177694 1.3189545882589309 -0.11261185320675467 -0.44504841469390521 -0.46139035719728066 0.91767364430924314 1.5882083577865316 -0.93833983871746207 -0.11419585872205217 0.29012884117033955 0.32684927103596262 -2.0420442091667641 -0.27582429511803336 0.55043069004549905 0.40564173719204472 -0.39308060143096307 -0.462054069539728 1.87659926208088 2.3434037954808695 1.2770016973067679 1.7383792152987647 0.63653246936096464 1.5869265971197628 -0.22896010285105647 -0.18582787920074428 1.7731382848477517 -0.79169611427910169 0.58259423152186895 1.7669070551809316
decision_type=2 2 2 2 2 2 2 2 2 2 2 2 2 2 2 2 2 2 2 2 2 2 2 2 2 2 2 2 2 2
left_child=-1 2 6 -4 5 12 21 11 -9 10 -10 -6 -5 14 -8 16 17 -16 -11 -20 -14 23 24 29 25 -23 -27 -28 -29 -2
right_child=1 -3 3 4 7 -7 13 8 9 18 -12 -13 20 -15 15 -17 -18 -19 19 -21 -22 22 -24 -25 -26 26 27 28 -30 -31
leaf_value=0.030401922696781249 0.00050548424238521818 -0.026166562963305381 -0.058731654662914884 -0.049785945297474411 0.094886176374831877 -0.044960124162950837 -0.048784833417616476 -0.035409147095885489 -0.01309560362462673 -0.037421551548739891 0.057105741380095158 0.020915848878068449 0.06182533059369133 0.031263672614514779 0.057685641885332484 -0.047423067958133197 0.070190362977472998 -0.021182597662095296 -0.020604799249133242 0.055934408071010848 -0.0038102204468521855 0.044713852651894037 0.037553870302136735 0.02601778683757552 -0.050421179369178962 -0.045189962372694598 0.022462255108174838 0.001053672325676266 -0.04268842400766288 -0.02822021957946573
leaf_weight=1.5545175925362844 303.69095893274061 2.5658871484920374 1.201430528890344 0.4299277570098673 1.3764222059398865 4.6128657981753358 4.8531949482858163 1.3300941362977017 1.44932436943054 1.4733739617513495 5.232651352067478 1.2829414480365811 2.127922783140094 1.246387468650936 0.81530889077111979 1.8437817525118587 1.0761972442269336 2.1050301846116786 0.8353434308664871 0.916128697572276 0.67991320975124825 3.1484066545963385 3.2177700881147748 10.587347596418111 3.534129128791391 4.4241965524852302 4.7204873226583137 6.3726590052246923 5.6924446951597929 5.393101831432431
leaf_count=22 3610 25 8 12 12 111 28 8 9 19 186 39 262 15 76 22 11 28 18 24 8 27 101 124 18 21 41 35 29 114
internal_value=3.99816e-06 -0.000117717 5.55879e-05 0.00865758 0.0123806 -0.0127162 -0.000488635 0.0265589 0.0188337 0.0261163 0.041879 0.0592011 0.0332219 -0.017358 -0.0230252 -0.00161935 0.019512 0.00083607 -0.00654447 0.01943 0.0459318 8.55652e-05 -0.00793187 0.000865814 -0.0131793 -0.00777586 -0.0155675 -0.00775987 -0.0195843 4.25928e-06
internal_weight=389.79 388.236 385.67 22.9483 21.7469 7.85063 362.721 13.8963 11.2369 9.90682 6.68198 2.65936 3.23776 11.9399 10.6935 5.84032 3.99654 2.92034 3.22485 1.75147 2.80784 350.782 31.1101 319.671 27.8923 24.3582 21.2098 16.7856 12.0651 309.084
internal_count=5063 5041 5016 716 708 393 4300 315 264 256 195 51 282 180 165 137 115 104 61 42 270 4120 272 3848 171 153 126 105 64 3724
is_linear=0
shrinkage=0.05


Tree=136
num_leaves=31
num_cat=0
split_feature=2 1 2 1 2 0 5 2 5 2 6 6 1 4 4 4 4 2 4 0 4 0 3 0 5 2 0 1 2 5
split_gain=0.57475 4.69087 3.95356 2.62649 3.36755 4.78349 4.31265 4.07508 3.82443 5.64254 2.51072 3.04252 2.41079 2.39914 3.60194 1.58927 3.58042 3.66586 3.52072 3.04047 4.65902 3.29309 2.8434 4.45102 2.56303 2.92882 2.1009 3.08048 2.00154 4.3441
threshold=0.10677908729400419 -1.438978628198343 0.11180837645850385 -1.0222867537475155 -0.59808554519913548 -0.42820906759540006 0.28428102731122423 -0.44568238141683508 1.3504548344195155 -0.24923470330144984 -0.42600910403595682 0.39413825905448446 -0.9979583371450621 0.55043069004549905 0.52717283728338815 -0.29792424116667887 -0.37465560615706867 -0.1081093888793558 -0.27667805638516701 -0.39567619450301389 0.76382655159037827 -0.40774424676820548 0.39851002957302184 -0.27582429511803336 -0.24605481186746206 -1.2447321691274367 -0.44644579680684154 1.9857585475218218 -0.1081093888793558 -0.27567258358095698
decision_type=2 2 2 2 2 2 2 2 2 2 2 2 2 2 2 2 2 2 2 2 2 2 2 2 2 2 2 2 2 2
left_child=3 -2 -3 4 5 6 10 -6 9 -9 -1 -12 -5 14 -4 16 22 -18 -17 21 28 -20 -14 24 25 26 27 -24 -21 -30
right_child=1 2 13 12 7 -7 -8 8 -10 -11 11 -13 15 -15 -16 18 17 -19 19 20 -22 -23 23 -25 -26 -27 -28 -29 29 -31
leaf_value=0.059374757023738928 0.047625489141632199 0.066283581502531691 -0.0019101018656841483 0.056797149183692421 -0.071511111845809064 0.057976417528144655 -0.049322270512475737 0.024706843223086285 0.025312891154225605 -0.045779341163831144 -0.04130805659488096 0.0373914469327205 -0.010697344565734564 0.012176732786819666 -0.060896340550294741 0.045828792743985214 -0.01160097488500529 -0.075525052869340775 0.0053864851610969516 -0.012067192960088926 -0.054180152097731818 0.041218017542582523 -0.017954784725153116 0.057910209764790194 0.025024920142268155 -0.030818139484535156 0.077816192521039468 0.063324563742352388 0.063043633049982062 0.00034712403122925804
leaf_weight=2.1210739985108349 5.4784909231821066 2.2642829196411176 138.65910427796189 1.9055321924388398 3.9851919710636166 3.3108544601127496 4.369468139950186 3.8011146672070053 4.3464841917157164 11.220471749082206 2.7090955663006762 2.2464481382630765 33.436150659108534 31.86598393227905 2.6372896749526253 4.8733439841307691 6.6735207752790302 3.3780523259192687 33.853553168708459 22.035142807057127 4.577922234311699 7.9106741545256218 4.7481192504055825 4.2705591854173681 8.1620824788697064 7.9052691678516576 1.0689548626542089 1.545063644647598 3.2015876700170365 20.15989707224071
leaf_count=20 91 20 1838 16 15 28 83 24 29 59 24 42 508 480 14 37 57 14 816 135 21 74 141 122 106 80 8 13 37 111
internal_value=4.35326e-06 0.002065 0.000642172 -0.00178946 -0.0136511 0.00504631 -0.0102641 -0.0254661 -0.0159918 -0.0279433 0.0138525 -0.00563198 0.000874279 -0.00021616 -0.00301108 0.00023922 -0.00542952 -0.0330841 0.00441618 0.00221626 -0.00610505 0.0121734 -0.000882754 0.0109642 0.00240726 -0.00968433 0.0130086 0.00200042 -0.00125702 0.0089394
internal_weight=388.721 180.905 175.427 207.816 38.1102 14.7569 11.4461 23.3533 19.3681 15.0216 7.07662 4.95554 169.705 173.162 141.296 167.8 71.1878 10.0516 96.6121 91.7388 49.9745 41.7642 61.1362 27.7 23.4295 15.2674 7.36214 6.29318 45.3966 23.3615
internal_count=5063 2443 2352 2620 324 197 169 127 112 83 86 66 2296 2332 1852 2280 1049 71 1231 1194 304 890 978 470 348 242 162 154 283 148
is_linear=0
shrinkage=0.05


Tree=137
num_leaves=31
num_cat=0
split_feature=3 3 3 3 3 3 3 2 2 4 4 6 1 4 3 3 3 2 5 0 0 0 0 1 4 0 2 5 0 2
split_gain=0.563278 1.31886 2.81219 4.55644 1.49873 6.98682 4.31322 1.98467 3.58731 2.17227 4.14918 1.6153 1.60792 1.40527 1.32794 8.02169 5.31867 1.64275 1.66858 2.28634 1.75648 1.67236 1.41778 1.31278 1.23281 1.1634 2.17477 3.97229 3.07351 2.27231
threshold=2.1473108224874662 1.871184381500975 1.7791422345054781 1.6870999954678338 1.2268893525324958 1.1348471134948515 1.3189314995279926 -0.11969199884617794 -0.026878487343073316 -0.03016219410641437 -0.45594843354860759 -0.40728030073649374 1.261216670776877 0.37720302436401082 0.85872076455050717 0.76667852551286308 0.95076291154600423 1.0739295189355347 0.88734944934584081 -0.35729582234729645 -0.3739386548856477 -0.26845378018014682 -0.44882696580738807 1.6995613547709489 -0.31479814862358718 -0.21490634580112489 0.97837290288751211 1.4906834686067219 -0.17662062535059755 1.6614438829597833
decision_type=2 2 2 2 2 2 2 2 2 2 2 2 2 2 2 2 2 2 2 2 2 2 2 2 2 2 2 2 2 2
left_child=1 2 3 4 5 14 -6 11 -9 10 -10 12 -8 -11 15 23 -16 18 20 -20 22 -22 -18 25 -12 -1 27 28 -27 -28
right_child=-2 -3 -4 -5 6 -7 7 8 9 13 24 -13 -14 -15 16 -17 17 -19 19 -21 21 -23 -24 -25 -26 26 29 -29 -30 -31
leaf_value=-0.0011801521844462871 -0.030236685890638017 0.03036457544860989 -0.062915487540136456 0.073024484103193329 -0.058683293406537662 0.062920736803297697 -0.026091658615289122 -0.073012104321881613 -0.050654915833641727 -0.050311188407634835 0.076821195740424855 0.046382162730475844 0.023202247092110787 -0.0011376229377685111 -0.055553171431570174 0.057067803234098879 -0.0047248820238367352 -0.042222334064310064 -0.011244684903596931 0.051002699846351654 -0.039718730891679016 0.014368288484194689 0.049925690629039621 -0.037056228704244305 0.021849986635540528 0.033570813371566241 0.053733476968511579 -0.054712973230426835 -0.0065049958071082591 0.0029120324977218552
leaf_weight=280.60676862043329 1.5337681962409977 3.5720845049945629 1.7767896391451348 2.1320170386461532 4.1192906666547087 4.4413948514848007 2.9973957649199292 2.2499877201626104 1.6403625610983015 2.9235478229820622 1.6441032434813676 2.7937121884897405 3.6919815698638558 2.888258702121675 5.338062641676518 6.1843063982669255 3.0162325836718082 2.0035746542271218 2.4320171792060137 3.7493710462003937 4.5078914191108259 2.0926079113269154 1.9565800977870882 2.4281262918375424 2.686460361815989 7.6589474626816836 4.7071279399679025 2.8261219831183544 12.746225531329403 4.1285391891142353
leaf_count=2766 34 53 29 39 77 154 34 12 67 24 20 31 46 25 105 213 41 31 20 26 27 38 18 149 29 78 284 18 448 127
internal_value=3.91173e-06 0.000124091 -0.000158416 0.000134566 -0.000276053 0.000607044 -0.0114869 -0.00321941 -0.0151603 -0.00411316 0.0170675 0.0144503 0.00111449 -0.0258737 -0.000191956 0.000673291 -0.011269 0.000695249 0.00553839 0.026512 -0.00566374 -0.0225711 0.0167777 -0.000433529 0.0427199 -0.000149128 0.008873 0.000842717 0.0085372 0.0299867
internal_weight=387.474 385.94 382.368 380.591 378.459 350.824 27.6351 23.5158 14.0327 11.7827 5.97093 9.48309 6.68938 5.81181 346.383 321.286 25.0963 19.7583 17.7547 6.18139 11.5733 6.6005 4.97281 315.102 4.33056 312.674 32.067 23.2313 20.4052 8.83567
internal_count=5063 5029 4976 4947 4908 4543 365 288 177 165 116 111 80 49 4389 4083 306 201 170 46 124 65 59 3870 49 3721 955 544 526 411
is_linear=0
shrinkage=0.05


Tree=138
num_leaves=31
num_cat=0
split_feature=4 6 2 3 5 5 5 2 0 2 4 5 2 1 1 6 0 2 4 1 1 4 5 3 6 5 5 4 2 2
split_gain=0.547456 1.11196 0.57282 0.844612 0.693264 1.30006 0.718024 2.34695 2.01638 1.65584 1.73826 1.53114 2.29433 4.41007 3.81534 3.59829 2.91541 3.33567 2.50969 2.45176 2.25011 2.72744 2.24647 1.67037 2.16778 1.7819 1.62032 1.49139 1.37743 6.95633
threshold=2.8119568026088237 2.8172860743137966 1.9065080941201404 0.21442564353988061 2.3768788169919026 2.0589751712411388 1.7383792152987647 0.59706004994134887 -0.33678863030468104 -0.033736660193909564 0.46418471707581538 1.2746346602122036 0.27030765155177999 -1.1762779196764357 -1.0222867537475155 -0.15359757116135364 -0.24932488679882023 0.97837290288751211 -0.015559208253519061 -0.1935210574943913 -0.62828024045233177 -0.03016219410641437 1.2569050543246274 -1.0000000180025095e-35 -0.31102296284855563 1.6422874790923792 1.38624222016614 -0.082554548656509893 0.28021387243794593 0.52390654656616109
decision_type=2 2 2 2 2 2 2 2 2 2 2 2 2 2 2 2 2 2 2 2 2 2 2 2 2 2 2 2 2 2
left_child=1 2 4 -4 5 6 11 9 -9 10 -8 22 13 23 27 18 19 -18 -15 20 21 -16 28 -13 25 -25 -23 -14 -1 -30
right_child=-2 -3 3 -5 -6 -7 7 8 -10 -11 -12 12 14 15 16 -17 17 -19 -20 -21 -22 26 -24 24 -26 -27 -28 -29 29 -31
leaf_value=-0.0026514309372886249 -0.029279245232773306 0.031918863356686852 -0.037941538160760915 0.010884030871845403 -0.02840309421959258 0.025901778749570725 0.041119382745427951 -0.041037061609362276 0.055800436888135234 -0.020917719906840129 -0.015433095988811877 -0.043552977478836692 -0.0058561164019473077 0.011135198693165883 -0.062627609086986766 0.0051688982302143163 -0.019988131355627544 0.052684240068153358 0.059248589291417755 0.015169729815343201 -0.063230082531818416 -0.024592715643348376 -0.041068301815240134 -0.067146284481905849 0.05310617769731564 0.019694171277513453 0.025374721615088244 0.051781337195167081 0.024094552670997412 -0.006586479889802474
leaf_weight=204.48735505802324 1.5894645643420506 2.7305721872253335 2.3450244953855868 1.4233377766795454 2.1226072059944263 4.8761262309271833 2.5145231760107043 0.69952847808599505 2.3216135050170115 17.678087261505425 2.9562986306846142 3.2208148376084864 1.5758434426970778 3.8200795383891135 2.510288450866943 9.7338233012706006 3.0532288048416332 3.2702432498335838 9.3301412607543153 3.4491845350712564 4.0415659872815004 3.4790842412039638 3.4529294008389106 1.1975907273590571 1.4645630866289163 1.1657002223655579 3.0401800782419741 3.8998664207756546 29.920735376537777 48.295004551589955
leaf_count=2653 16 38 45 18 15 55 27 6 82 93 17 25 14 28 11 57 16 72 82 29 17 22 20 20 11 24 27 48 429 1046
internal_value=4.22274e-06 0.00012541 -0.000102243 -0.0194998 9.13517e-05 0.000252443 -8.50547e-05 -0.0080693 0.0333783 -0.0134786 0.0105598 0.000521633 0.00791064 0.0175625 -0.00229104 0.0282139 -0.0112763 0.0175951 0.0452719 -0.0223274 -0.0322221 -0.0183431 -0.000982532 -0.0170181 0.00530874 -0.024312 -0.00129101 0.035194 -0.000492925 0.00515028
internal_weight=385.665 384.076 381.345 3.76836 377.577 375.454 370.578 26.1701 3.02114 23.1489 5.47082 344.408 58.2522 29.9327 28.3195 22.884 22.8438 6.32347 13.1502 16.5203 13.0711 9.02955 286.156 7.04867 3.82785 2.36329 6.51926 5.47571 282.703 78.2157
internal_count=5063 5047 5009 63 4946 4931 4876 225 88 137 44 4651 503 247 256 167 194 88 110 106 77 60 4148 80 55 44 49 62 4128 1475
is_linear=0
shrinkage=0.05


Tree=139
num_leaves=31
num_cat=0
split_feature=5 5 0 0 5 1 2 5 4 1 6 4 2 4 2 5 2 1 5 4 4 4 2 2 1 1 3 2 5 2
split_gain=0.550906 2.2606 2.89394 3.48999 2.8716 2.83957 2.92285 2.8392 3.47606 2.66496 2.52745 2.16069 2.00803 1.80915 1.75294 1.71922 1.50714 1.99073 1.42682 2.56303 5.22753 2.74473 2.41084 3.21914 3.53101 2.54283 2.28279 2.2174 2.20992 2.18154
threshold=0.045484203462505902 0.15373111848454052 -0.4358445192622965 -0.24932488679882023 0.28428102731122423 -0.85142261590544377 0.32684927103596262 0.97646373688526711 -0.42593387081195272 -0.65462115085170292 -0.18520242672919754 -1.0000000180025095e-35 -0.67520154607297966 -0.13089694119759754 -0.74667861464656216 0.13139565650439944 0.010155481456025706 -0.17281873471782655 -0.40508591749695272 -0.30451138525780075 -0.2714782695220444 -0.37465560615706867 0.32684927103596262 -0.1369135563535778 -0.4493712564754469 -0.70125156854479342 -0.24578499939545764 0.078736905158060963 -0.18461785063471844 0.21292240435448043
decision_type=2 2 2 2 2 2 2 2 2 2 2 2 2 2 2 2 2 2 2 2 2 2 2 2 2 2 2 2 2 2
left_child=18 2 11 13 5 -3 -7 8 -6 10 -10 -2 -9 -4 -11 -5 -16 -18 -1 21 -21 -20 23 25 27 28 -23 -25 -22 -28
right_child=1 4 3 15 7 6 -8 12 9 14 -12 -13 -14 -15 16 -17 17 -19 19 20 22 26 -24 24 -26 -27 29 -29 -30 -31
leaf_value=-0.0038936080090162029 0.056948369353495211 0.075459801518150654 -0.055624127350021514 0.028127346793933812 0.032847602702425184 -0.0058794112133729991 0.055696474734259697 -0.020199753387725256 -0.052366113829493369 0.042244071114112075 -0.014014750821395536 -0.016795271465920771 0.0037094315938599231 -0.016613698165447621 -0.031060983996181527 -0.039034895551634786 0.0099872951546912479 -0.031173803910728326 0.0036381357895493476 0.061584785401780577 0.023825531699700295 0.014415179046499461 0.031570953667610833 -0.053061134721890661 0.0093452715579957889 0.032633116303735422 -0.056970054359668038 -0.0086087126620051184 -0.046858690213813725 -0.0050606048361902592
leaf_weight=63.144087836844847 2.0523432339541618 2.1908882586285463 7.4686303921043873 3.5275336925405982 3.8325517907505846 6.5694811930879933 2.7272405733820051 9.4407382784411293 8.0036794003099221 1.7594562228769088 9.2735430095344764 1.924966250546279 125.80315233033616 4.9364074841141736 5.9210222437977817 1.305468281265348 10.78887352673337 4.0365394931286529 44.028031786787324 5.0703852374572298 2.1886631674133241 2.9069885045755646 9.0705427437787858 5.1542770937085169 12.988444633781912 11.665848639444446 5.2317729196511191 6.1560121327638626 2.2349681581836185 3.3010825566016138
leaf_count=1648 34 21 31 92 52 55 46 140 44 20 60 16 1021 34 32 17 70 42 996 48 27 26 136 20 78 154 27 31 17 28
internal_value=5.57344e-06 -0.00170612 -0.0171875 -0.0260579 1.93749e-05 0.024252 0.0121842 -0.00153701 -0.01263 -0.0170112 -0.031781 0.0212574 0.00204044 -0.0401005 -0.00567268 0.00998579 -0.00973639 -0.0012197 0.00209711 0.00553609 0.0132338 -0.00203136 0.00827701 0.00304556 -0.00844104 0.0203929 -0.0238513 -0.0288664 -0.0118865 -0.036888
internal_weight=384.704 211.563 21.2153 17.238 190.347 11.4876 9.29672 178.86 43.6157 39.7831 17.2772 3.97731 135.244 12.405 22.5059 4.833 20.7464 14.8254 173.141 109.997 54.5291 55.4679 49.4588 40.3882 24.2987 16.0895 11.4398 11.3103 4.42363 8.53286
internal_count=5063 1827 224 174 1603 122 101 1481 320 268 104 50 1161 65 164 109 144 112 3236 1588 511 1077 463 327 129 198 81 51 44 55
is_linear=0
shrinkage=0.05


Tree=140
num_leaves=31
num_cat=0
split_feature=3 3 3 3 3 3 3 2 5 5 4 5 1 0 5 2 3 2 0 5 5 2 2 1 2 2 0 6 1 1
split_gain=0.531888 1.83559 7.19436 5.07837 1.62961 4.27687 3.45974 2.77076 2.49529 3.84161 4.00434 2.68939 1.58828 2.2079 1.57063 2.35764 2.26256 5.95512 6.21478 2.22757 2.54205 4.38386 2.40516 2.31336 4.54326 3.216 2.24839 2.75145 1.73802 4.01572
threshold=-0.89008012040608409 -0.24578499939545764 -0.15374285239996058 -0.33782723843310175 -1.1662064693504284 -1.0741643223549311 -1.2582487083880722 -0.47768704581111826 0.47619257875424831 1.224572414588293 -0.15405599730862374 -0.41472141487963993 0.75961552443556102 -0.46139035719728066 -0.35078704689246964 0.21292240435448043 -0.70599582641508996 0.22854921515606239 -0.36629924393897523 1.2746346602122036 -0.025406093586937156 -0.11524854744325756 0.21292240435448043 -0.39415026142350457 0.28021387243794593 0.5557588230369781 -0.33507353398644818 -0.34031394010178562 -0.40683880547113577 0.16399693413939834
decision_type=2 2 2 2 2 2 2 2 2 2 2 2 2 2 2 2 2 2 2 2 2 2 2 2 2 2 2 2 2 2
left_child=4 3 -3 12 6 -6 7 -1 11 -10 -11 -9 13 -2 15 28 17 18 -16 20 21 -18 -23 24 -22 -26 -21 -28 -15 -30
right_child=1 2 -4 -5 5 -7 -8 8 9 10 -12 -13 -14 14 16 -17 19 -19 -20 26 23 22 -24 -25 25 -27 27 -29 29 -31
leaf_value=-0.019942053057982325 0.051323429591812589 -0.056611375725874574 -1.6218938894034289e-06 0.055181279423331647 -0.062027910437423887 -0.0052547200646849658 0.06507157611182289 -0.0066347513543824942 -0.048825333696595016 -0.029001690072855291 0.068290894825385612 0.052610502876840409 -0.027951174613601939 -0.041987133351661959 0.0084207021337400177 0.036550558262751665 0.053867387985904527 -0.014969048388796206 0.10017703321675009 -0.0028586617146696197 -0.027393397138991773 -0.028998761269328311 0.02922596089251462 -0.03816039522029567 0.073282595438784542 -0.0057601719643894716 0.083022522269008164 0.01098494106784358 0.039544679508730973 -0.06162135687346415
leaf_weight=11.316130266059195 2.562146774493157 5.7450362907256922 243.11510623141658 5.2098413439816786 3.8511204607784775 23.929619086673483 2.1344128272030494 2.989625349640848 3.3023559685097998 1.9764334872597826 2.274813839700073 5.3315661074593628 3.6760831730207419 5.3514868319034568 3.6351382546126842 2.0025227204896501 4.3397587910294533 5.1702598899137229 3.7482450415845872 4.6196636371314526 7.5210268981754691 5.1097856387495906 2.7166142766363919 7.1712847574381398 2.5614154115319252 2.5861429022625089 2.499305609613657 2.8223383734002692 2.5806091688573352 1.5824156068265436
leaf_count=149 210 128 2828 278 42 355 99 70 34 21 35 90 143 39 20 102 28 39 24 24 36 19 41 49 17 25 23 27 47 21
internal_value=4.72507e-06 0.000783749 -0.00130848 0.00750505 -0.00444692 -0.0131249 0.00377401 -0.00103768 0.012438 -0.00836812 0.0230589 0.031325 0.00406748 0.00578377 0.00401638 -0.0127604 0.00756161 0.026184 0.0550017 0.00198846 -0.00443308 0.0135614 -0.00878843 -0.0154676 -0.00262191 0.0335714 0.0226626 0.0448173 -0.0231388 0.00109026
internal_weight=383.432 326.326 248.86 77.4661 57.1061 27.7807 29.3253 27.1909 15.8748 7.5536 4.25125 8.32119 72.2562 68.5802 66.018 11.517 54.501 12.5536 7.38338 41.9473 32.006 12.1662 7.8264 19.8399 12.6686 5.14756 9.94131 5.32164 9.51451 4.16302
internal_count=5063 4168 2956 1212 895 397 498 399 250 90 56 160 934 791 581 209 372 83 44 289 215 88 60 127 78 42 74 50 107 68
is_linear=0
shrinkage=0.05


Tree=141
num_leaves=31
num_cat=0
split_feature=3 3 3 3 3 3 3 2 2 4 4 6 1 4 3 3 3 2 0 0 0 0 6 2 2 1 6 0 0 2
split_gain=0.524872 1.17526 2.56729 4.26516 1.39653 6.59733 4.11049 1.81658 3.27834 1.95735 3.78437 1.4626 1.46671 1.34191 1.19554 7.56091 5.09722 1.46459 1.54941 3.7388 2.2354 2.40333 1.23541 2.38791 3.48945 2.06732 1.50396 2.03738 1.63271 1.36825
threshold=2.1473108224874662 1.871184381500975 1.7791422345054781 1.6870999954678338 1.2268893525324958 1.1348471134948515 1.3189314995279926 -0.11969199884617794 -0.026878487343073316 -0.03016219410641437 -0.45594843354860759 -0.40728030073649374 1.261216670776877 0.37720302436401082 0.85872076455050717 0.76667852551286308 0.95076291154600423 1.0739295189355347 -0.26221899987400066 -0.29917434832961837 -0.35311514822929291 -0.3739386548856477 -0.68018183137183863 -1.2468658134203887 -1.2294918527492065 -1.0677811595048523 -0.8507282742077924 -0.32054121352941184 -0.16476161752012378 -1.1310394089458404
decision_type=2 2 2 2 2 2 2 2 2 2 2 2 2 2 2 2 2 2 2 2 2 2 2 2 2 2 2 2 2 2
left_child=1 2 3 4 5 14 -6 11 -9 10 -10 12 -8 -11 15 22 -16 18 19 20 21 -18 23 -1 -25 -26 27 -27 -28 -24
right_child=-2 -3 -4 -5 6 -7 7 8 9 13 -12 -13 -14 -15 16 -17 17 -19 -20 -21 -22 -23 29 24 25 26 28 -29 -30 -31
leaf_value=-0.044465133023040448 -0.029350377296827997 0.028874882562231492 -0.061799685979845989 0.072128567453676948 -0.058353511034204844 0.06261542379700917 -0.025071992546652291 -0.071034659051066623 -0.048949184303379849 -0.049019542884362333 0.040947577325612522 0.044670776571753779 0.022224327068049506 -0.0007056004006801565 -0.055311094822783173 0.056870830156231227 0.011738297479469643 -0.039908191686706049 0.043609263738054391 -0.056240969552427834 0.044092822781989213 -0.048457983525062198 0.010622044099589247 0.070440926956474054 0.034367689878308218 -0.053088244070951432 -0.036930128115402375 0.073318144673625504 0.0043033514303295667 -0.0007247713803188576
leaf_weight=4.4902859609574106 1.5166602397803206 3.5210661061573765 1.6809834830928583 2.0457323668524614 3.947717490373182 4.2348261224688022 2.9537994744023308 2.1748687918297973 1.6159639533143506 2.876281815581013 4.2487469790503383 2.7267606519162708 3.6831177748390473 2.8725409572944045 5.0980701767839518 5.8690240742289452 7.0296901632100388 1.9837665641680349 2.3066692544380194 2.5025700991973272 3.5829869494773456 2.1699492873158297 29.583804007037543 1.4608916342258496 2.1880408587167084 0.48338447045534849 7.8565491018816838 0.93603673053439951 3.457188664237024 260.61757875164039
leaf_count=206 34 53 29 39 77 154 34 12 67 24 49 31 46 25 105 213 78 31 44 9 26 13 747 10 28 10 98 212 242 2317
internal_value=5.01837e-06 0.000122121 -0.000146651 0.000129718 -0.000265214 0.000591248 -0.0111955 -0.00315447 -0.0146961 -0.0041456 0.0161774 0.0138411 0.00117482 -0.0248783 -0.00017763 0.000647664 -0.0107788 0.000818665 0.00541127 -0.000353135 0.0105885 -0.0024604 -0.000413098 -0.0121623 -0.00330818 -0.0105287 -0.0182437 0.0302704 -0.0243302 0.000431949
internal_weight=381.716 380.199 376.678 374.997 372.951 345.851 27.0998 23.1521 13.7884 11.6135 5.86471 9.36368 6.63692 5.74882 341.616 316.943 24.6737 19.5756 17.5919 15.2852 12.7826 9.19964 311.074 20.8724 16.3821 14.9212 12.7332 1.41942 11.3137 290.201
internal_count=5063 5029 4976 4947 4908 4543 365 288 177 165 116 111 80 49 4389 4083 306 201 170 126 117 91 3870 806 600 590 562 222 340 3064
is_linear=0
shrinkage=0.05


Tree=142
num_leaves=31
num_cat=0
split_feature=0 5 2 6 2 1 3 4 1 5 5 0 6 6 2 0 2 2 1 5 5 2 1 6 0 2 3 5 1 5
split_gain=0.505858 1.35866 1.23027 1.04931 1.0714 1.06465 1.39573 1.6589 0.803879 0.800429 0.71333 0.668574 0.750007 2.40257 2.07828 3.71528 3.47197 4.66987 2.94711 1.39929 2.85148 1.58716 1.36484 3.08608 1.29601 2.0801 1.30845 2.23195 1.29432 1.70955
threshold=-0.15282190267858006 -0.025406093586937156 -0.34296264902756451 -0.78711023160481963 2.2315840577081043 -0.6402321059652577 0.30646788257752478 -0.71429256722425694 -1.290409896950377 -0.39121841996101586 1.8518637944562262 -0.15759797771925957 -0.68018183137183863 -0.656253607388949 -0.05217745825188428 -0.43380396045593289 -1.2447321691274367 -1.2022116864321746 1.9668001027168092 -0.23034210261387453 -0.084911859067514403 -1.2468658134203887 -0.26721543549539367 -0.8507282742077924 -0.46139035719728066 -1.2022116864321746 0.39851002957302184 0.14572827953110773 1.1629446042045466 1.5869265971197628
decision_type=2 2 2 2 2 2 2 2 2 2 2 2 2 2 2 2 2 2 2 2 2 2 2 2 2 2 2 2 2 2
left_child=11 2 -2 4 -4 8 7 -7 -5 -9 -3 12 14 -14 15 18 -17 -18 19 -1 -21 -22 -19 -24 26 -26 27 -15 -27 -30
right_child=1 10 3 5 -6 6 -8 9 -10 -11 -12 -13 13 24 -16 16 17 22 -20 20 21 -23 23 -25 25 28 -28 -29 29 -31
leaf_value=-0.052970670542909284 0.067250981878807556 0.052833022170297866 0.051438415802364662 -0.024059671466010978 -0.062006833585867255 -0.031577781885099063 -0.048645103440366134 -0.010410762555196362 0.055484603180548833 0.050638732341839278 -0.01022588299234429 -0.028320760950799412 0.036803324508489582 0.013260829103691057 -0.032402764874724009 0.082834615769827855 -0.034899348203103156 0.057196419256874353 0.017358984558031393 0.092268423992563645 -0.051038039425702703 0.01783768969913091 0.070757855468504688 -0.02169620009604882 -0.050642632829137418 -6.7268519443660266e-05 0.040184744791980392 -0.055354323776893914 -0.051043925998947019 0.076851080912045663
leaf_weight=4.9581048781983537 0.66521230951184307 2.2645848121610466 1.361889942374545 0.47368181124329567 0.245663821697235 2.3350029309513043 2.4273776484187692 0.84917514445260156 0.96407881344202884 1.4600518719525997 0.55922177655156691 2.1236413975711903 4.5024302168749264 11.514370515709745 6.6310560961719593 1.7844002619385726 4.0688984724692991 3.1050963643938294 3.8218381404876718 0.54976642318069924 2.6623976551927626 1.2195766717195513 1.4368137251585711 2.4276120977010591 2.0706844502128652 306.03511343151331 3.6336306750308713 1.3211715761572111 2.2261418865527953 0.29603131115436543
leaf_count=225 41 248 518 12 1 49 45 20 44 39 32 30 36 509 57 13 56 33 28 7 138 6 12 42 23 2501 112 10 174 2
internal_value=3.96735e-06 0.00947074 0.00138489 -0.00294597 0.0341019 -0.00994489 -0.0179195 -0.00186029 0.0292781 0.0281889 0.0403449 -0.000347584 -0.000184502 0.000527583 -0.00741313 -0.0010482 0.0181243 0.00766363 -0.0196564 -0.0347223 -0.0143066 -0.0293998 0.0325125 0.0126787 2.82544e-05 -0.000696435 0.0136967 0.00619822 -0.000361253 -0.0360327
internal_weight=379.995 13.6059 10.7821 10.1169 1.60755 8.50937 7.07161 4.64423 1.43776 2.30923 2.82381 366.389 364.265 331.6 32.6656 26.0345 12.8228 11.0384 13.2117 9.38985 4.43174 3.88197 6.96952 3.86443 327.097 310.628 16.4692 12.8355 308.557 2.52217
internal_count=5063 1049 769 728 519 209 153 108 56 59 280 4014 3984 3367 617 560 156 143 404 376 151 144 87 54 3331 2700 631 519 2677 176
is_linear=0
shrinkage=0.05


Tree=143
num_leaves=31
num_cat=0
split_feature=5 5 0 0 5 1 2 5 4 1 5 6 4 4 6 0 1 2 6 5 5 4 0 4 6 2 2 0 1 6
split_gain=0.494418 1.98106 2.59774 3.18821 2.54587 2.70562 2.69227 2.45205 3.17656 2.47977 2.43529 2.43455 1.98238 1.69262 1.62969 2.44761 3.58784 2.57478 2.48736 3.12999 2.14893 2.97099 2.72763 2.53354 1.59406 1.5934 1.57673 1.48715 3.48153 4.12771
threshold=0.045484203462505902 0.15373111848454052 -0.4358445192622965 -0.24932488679882023 0.28428102731122423 -0.85142261590544377 0.32684927103596262 0.97646373688526711 -0.42593387081195272 -0.65462115085170292 1.0081229451328322 -0.18520242672919754 -1.0000000180025095e-35 -0.13089694119759754 -0.52438976555377581 -0.26221899987400066 -0.7186822883201065 0.42743532865164818 -0.59704554463265225 1.6422874790923792 1.4617782034536642 -0.1465089141254014 -0.41966396447815341 -1.0000000180025095e-35 -0.49166880397535356 0.33172614179636356 -0.74667861464656216 -0.27920695840046106 -1.1613437297434215 0.20491745711470552
decision_type=2 2 2 2 2 2 2 2 2 2 2 2 2 2 2 2 2 2 2 2 2 2 2 2 2 2 2 2 2 2
left_child=-1 2 12 13 5 -3 -7 8 -6 11 -9 -10 -2 -4 15 20 18 -18 19 -17 23 22 -22 -12 -16 -5 -11 -26 -29 -30
right_child=1 4 3 25 7 6 -8 10 9 26 14 -13 -14 -15 24 16 17 -19 -20 -21 21 -23 -24 -25 27 -27 -28 28 29 -31
leaf_value=0.0020072549138541833 0.056183999009708774 0.074314546678653365 -0.053652411087521515 -0.016484263452380458 0.031845543872981164 -0.0059423537686087644 0.054078317908973855 0.051702914709745709 -0.051214837985940023 0.040878243556892735 -0.05575806276651344 -0.013139457318544438 -0.015605997292948225 -0.015519455483474682 0.034823204548522085 0.071345158665256384 0.10455397633689256 0.018232789217539649 -0.046317429062372566 -0.023379595618951289 -0.030291959873711773 -0.030800811440915638 0.073076190376229852 0.007303662094290334 0.005657218253775638 0.041995458050141335 -0.0089796894075162455 0.064654454738950082 -0.025567971592655295 0.031043211725571725
leaf_weight=169.81441631662892 1.9477426442317667 2.0959689002484074 7.2571364026516676 2.5557013031793732 3.7887839398463248 6.4977437956258637 2.6223806490888819 2.4063072486314914 7.7264993675053146 1.7184556182473922 6.3581281728111207 9.1938078254461271 1.8993057720363165 4.8580751335248387 3.960421471274457 1.4423285434022548 1.2611815354321132 2.7421236765803769 3.2016592854633927 2.2057524850824848 0.97977550514042322 3.7909891158342361 1.8305485695600507 2.1250221300870198 79.792556749656796 2.1402788226259872 20.530248669208959 1.4928035119082803 16.392355178133588 4.0070095683913669
leaf_count=3236 34 21 31 23 52 55 46 20 44 20 58 60 16 34 32 15 23 52 22 43 40 22 18 17 562 86 144 33 145 59
internal_value=3.67697e-06 -0.00162564 -0.0163234 -0.0248052 -1.19874e-05 0.0230885 0.0113159 -0.00147626 -0.0118713 -0.0161 0.00185647 -0.0305262 0.0207409 -0.0383615 0.000944906 -0.0102852 0.0078226 0.045427 -0.0141551 0.0140714 -0.0233135 -0.00192012 0.0370385 -0.0399612 0.00370207 0.0101689 -0.00512874 0.00248997 -0.00905403 -0.0144479
internal_weight=378.636 208.821 20.6582 16.8112 188.163 11.2161 9.12012 176.947 42.9578 39.169 133.989 16.9203 3.84705 12.1152 131.583 25.9375 10.853 4.00331 6.84974 3.64808 15.0845 6.60131 2.81032 8.48315 105.645 4.69598 22.2487 101.685 21.8922 20.3994
internal_count=5063 1827 224 174 1603 122 101 1481 320 268 1161 104 50 65 1141 310 155 75 80 58 155 80 58 75 831 109 164 799 237 204
is_linear=0
shrinkage=0.05


Tree=144
num_leaves=31
num_cat=0
split_feature=3 3 3 3 3 3 3 3 6 2 0 0 1 6 6 1 6 4 1 2 5 4 4 3 5 2 6 5 2 6
split_gain=0.514726 1.67662 6.79679 4.7299 1.51535 2.81899 13.3858 9.75295 2.48758 2.99183 2.85231 3.71985 2.28004 3.25355 2.70761 7.04431 4.10009 2.70536 2.7042 2.899 2.22169 1.99668 1.94936 2.82989 2.12686 1.94835 1.93686 3.58739 1.92456 1.73345
threshold=-0.89008012040608409 -0.24578499939545764 -0.15374285239996058 -0.33782723843310175 1.0000000180025095e-35 0.30646788257752478 0.39851002957302184 0.21442564353988061 -0.4340668449903769 0.32136272665916715 -0.33292608708540494 -0.38101874696142085 -0.79926088106645266 -0.61865989030092794 -0.36298994758500186 -0.73448109002052886 -0.50805650686238368 0.050414532736126907 -0.98678564803337465 0.13192560931808389 -0.17768995368907711 0.077539468599918629 0.98480453059191408 0.85872076455050717 -0.91556293691908641 0.22214829751752216 -0.85051049742524054 -0.025406093586937156 0.024024123639265985 -0.29278415730983426
decision_type=2 2 2 2 2 2 2 2 2 2 2 2 2 2 2 2 2 2 2 2 2 2 2 2 2 2 2 2 2 2
left_child=-1 3 -3 -2 8 7 -7 12 9 20 11 -10 13 -6 15 -14 26 -16 19 -15 -4 -11 24 -24 -8 -18 -17 -28 -25 -19
right_child=1 2 4 -5 5 6 22 -9 10 21 -12 -13 14 18 17 16 25 29 -20 -21 -22 -23 23 28 -26 -27 27 -29 -30 -31
leaf_value=-0.0044123264331075345 0.0039808888068289345 -0.056426734075695532 -0.017279867014449789 0.054659012431572722 -0.026892231673039731 -0.060739673267550504 -0.050111840310485448 0.060044836842395977 -0.025437107308159575 -0.039930454473159245 -0.036205331124918742 0.038275602825557718 -0.093415214032311067 -0.01507565644848872 -0.03734348643381822 0.052192595527508316 0.078187732747576191 -0.035216553614565389 0.072769631652187236 0.051650789558662293 0.051557548175755474 0.027859664190563252 0.072576673494464228 0.046348793199070759 0.0012957413626843754 0.019544820501751749 -0.047564662713911542 0.0271950619637472 -0.025302159742792825 0.0088326530379972523
leaf_weight=56.169112864416093 71.152150873444043 5.4544308783952138 1.5991328961681555 4.92270695476327 2.77228108793497 9.1157555570825917 2.0430914493044829 8.617259815335272 5.6253290986642241 3.5135959016624838 11.951380138285456 3.8649485325440782 1.4299090588465286 3.4672036767005912 8.4741995665244811 1.4298507877974698 3.5358138526789888 2.8734825989231458 3.1299340957775703 3.068212659098208 4.3896143706515431 1.5722826183773575 2.3395260735414913 1.5519511683378371 132.12834194203606 2.362885870039463 3.3865327972453088 3.0497374263359243 2.3659221269190311 10.027144868858157
leaf_count=895 934 128 48 278 18 99 137 181 40 57 64 29 6 17 55 68 31 14 24 31 35 9 31 23 1632 19 40 27 23 70
internal_value=3.53526e-06 0.000775714 -0.00123664 0.00726021 1.93054e-05 0.00159436 -0.00202618 0.0109902 -0.0100157 0.00922729 -0.0199547 0.000510115 0.00236461 0.0208574 -0.00392495 0.0122115 0.0231841 -0.0153959 0.0345533 0.0162507 0.0331764 -0.0189734 0.00178513 0.0290637 0.000512934 0.0546967 -0.000446709 -0.0121408 0.00308027 -0.000978856
internal_weight=377.384 321.215 245.14 76.0749 239.685 207.169 149.545 57.6244 32.5163 11.0746 21.4417 9.49028 49.0072 12.4376 36.5696 15.1947 13.7648 21.3748 9.66535 6.53542 5.98875 5.08588 140.429 6.2574 134.171 5.8987 7.86612 6.43627 3.91787 12.9006
internal_count=5063 4168 2956 1212 2828 2546 1945 601 282 149 133 69 420 90 330 191 185 139 72 48 83 66 1846 77 1769 50 135 67 46 84
is_linear=0
shrinkage=0.05


Tree=145
num_leaves=31
num_cat=0
split_feature=3 3 3 3 3 3 3 0 6 6 5 0 2 0 1 0 3 3 3 2 5 0 0 0 0 5 1 0 4 5
split_gain=0.495391 1.10674 2.84196 3.472 1.30055 6.18645 3.8891 1.59924 1.46652 2.16214 1.29144 1.67789 2.89296 1.16979 1.15991 1.09756 1.07782 7.06152 4.85723 1.27071 1.43654 2.00568 1.46486 1.50955 1.38842 1.26342 1.12623 1.07085 1.91928 2.27544
threshold=2.1473108224874662 1.6870999954678338 1.7791422345054781 1.871184381500975 1.2268893525324958 1.1348471134948515 1.3189314995279926 -0.42201092308645366 -0.12446992649503753 -0.29278415730983426 0.61764094035972605 -0.35110413866307549 -0.11969199884617794 -0.23142983651022844 -0.5347122480721701 -0.4358445192622965 0.85872076455050717 0.76667852551286308 0.95076291154600423 1.0739295189355347 0.88734944934584081 -0.35729582234729645 -0.3739386548856477 -0.33100955617893285 -0.26221899987400066 -0.28835055665256876 1.6995613547709489 -0.21490634580112489 -0.59310130787477144 1.1125579642141628
decision_type=2 2 2 2 2 2 2 2 2 2 2 2 2 2 2 2 2 2 2 2 2 2 2 2 2 2 2 2 2 2
left_child=1 4 -3 -4 5 16 -6 15 9 10 11 -9 -13 -14 -5 -8 17 26 -18 20 22 -22 25 -24 -25 -20 27 -1 -29 -30
right_child=-2 2 3 14 6 -7 7 8 -10 -11 -12 12 13 -15 -16 -17 18 -19 19 -21 21 -23 23 24 -26 -27 -28 28 29 -31
leaf_value=-0.0011282643889906302 -0.028989741558078194 0.070959028679815184 -0.061439547123694552 -0.0014306269464791905 -0.057978731527827891 0.06210594687768916 0.0079779269215409839 -0.063282621758490532 -0.038712459662183424 0.038621267056647396 0.011778865752368931 0.066964984225604748 -0.0070984702041940939 -0.055453497943459967 0.056406774772200123 0.064237912101195907 -0.055153621440280867 0.056458491247837694 -0.0053503127128650633 -0.037417487627463504 -0.010411862079288412 0.048642627169606448 -0.05359694183196443 -0.027028762869468811 0.031712533100740091 0.04670084104512006 -0.035764657834192914 -0.0054352520891647422 0.033190347145101724 -0.004736585600921276
leaf_weight=274.03614565066528 1.4675362693378691 1.9567155864788208 1.5806757865939287 1.7053349353373048 3.7690280028618899 4.0358743344550012 2.8257774948142469 1.9429717883467716 3.4593820939771787 2.6249512722715727 4.066144698765128 1.0201656559365844 3.4032738455571274 1.977483230410136 1.7630484255496415 1.2505526393651987 4.83666798565537 5.5606225795927449 2.9181857057847083 1.9450473454780866 2.3973641153424978 3.5921477358788243 2.2818967215716892 2.4584068078547774 1.7026331822853413 1.9413924533873856 2.2342193569056681 13.471650851715824 11.152178208227271 6.1275573777966192
leaf_count=2766 34 39 29 15 77 154 59 12 27 22 25 16 28 89 38 10 105 213 39 31 20 26 17 11 37 20 149 590 230 135
internal_value=3.66268e-06 0.000117418 0.0198035 -2.13559e-05 -0.000258343 0.000569229 -0.0109626 -0.00311148 -0.00935988 -0.00260618 -0.0113265 -0.0225863 -0.0102331 -0.0248694 0.0279693 0.0252376 -0.00016848 0.000616644 -0.0103628 0.000898659 0.00520855 0.0250055 -0.00528237 -0.0209152 -0.00299273 0.015444 -0.000394735 -0.000135459 0.00871177 0.0197411
internal_weight=375.505 374.037 7.00577 5.04906 367.032 340.692 26.3397 22.5707 18.4944 15.035 12.41 8.34389 6.40092 5.38076 3.46838 4.07633 336.656 312.582 24.0737 19.2371 17.292 5.98951 11.3025 6.44294 4.16104 4.85958 307.022 304.788 30.7514 17.2797
internal_count=5063 5029 121 82 4908 4543 365 288 219 192 170 145 133 117 53 69 4389 4083 306 201 170 46 124 65 48 59 3870 3721 955 365
is_linear=0
shrinkage=0.05


Tree=146
num_leaves=31
num_cat=0
split_feature=2 2 2 6 3 5 6 5 2 6 6 1 6 5 3 2 1 0 4 4 3 0 0 6 2 0 1 6 0 0
split_gain=0.49319 3.63602 2.79736 3.67285 1.74898 2.10158 1.64962 1.68369 3.03172 2.92854 2.22991 1.54137 2.03684 1.52329 1.44041 1.40023 1.18193 1.07665 2.35604 4.76266 2.18193 1.66318 1.15952 5.48217 2.63918 2.18559 6.88948 2.66182 2.07758 3.17161
threshold=-1.2294918527492065 -1.2217192913963093 -1.2468658134203887 -0.84942161351248091 0.39851002957302184 0.13139565650439944 -0.8507282742077924 -0.76720904743073381 -0.84177820408703419 1.7445176434631551 3.047394467177694 1.414123554931721 -0.73644990756368489 -0.39387514729750878 -2.362754472334037 -1.2022116864321746 1.9668001027168092 -0.44244565892480509 0.73300199645192177 -0.3105716138764702 -0.52191153242409583 -0.43145538629536023 -0.41405905713164176 -0.26719538535998649 -0.67520154607297966 -0.39567619450301389 -1.290409896950377 -0.061750213120091421 -0.37783602592331683 -0.3739386548856477
decision_type=2 2 2 2 2 2 2 2 2 2 2 2 2 2 2 2 2 2 2 2 2 2 2 2 2 2 2 2 2 2
left_child=2 -2 3 16 5 -5 15 8 -8 14 -11 12 -6 -4 -10 -3 -1 18 19 -9 -20 -19 23 -23 -24 26 -26 -28 -27 -30
right_child=1 6 13 4 11 -7 7 17 9 10 -12 -13 -14 -15 -16 -17 -18 21 20 -21 -22 22 24 -25 25 28 27 -29 29 -31
leaf_value=-0.050725810571120827 -0.059455412024053356 -0.013698462012209296 0.01611706682664004 0.0066494189045162681 -0.032876863047662623 -0.054615827621629809 -0.0518658465357704 -0.014466218018851677 0.071137803798811419 0.057311806506106205 -0.029852401484533348 0.070797354554118508 0.036460652711536555 0.07329645487264845 -0.026237655053383664 0.064151594557812275 -0.0011874320935544222 -0.026143243298573461 -0.032024737261577951 0.05441275078360857 0.029087370845266299 0.064785412795551348 -0.027587506930684944 -0.015053885649139641 -0.071627430506254516 -0.015264628895943209 0.0096859390772128465 0.059733365464281429 0.041768989132344864 8.8427372620066705e-05
leaf_weight=3.9777736701071325 2.5981851802207521 0.85005671344697509 2.6246057152748108 10.838096218067223 1.4908891972154372 1.6073707276955236 4.3560140510089687 4.1433182451874027 0.40177039057016273 2.6990646561607723 1.0077051362022755 1.7415890572592614 3.6575441407039757 2.094138942193239 6.9372518552700049 1.8020125844632264 1.7267467975616453 6.1014467598870388 4.2603726498782635 6.3651091502979407 2.2225404139608136 3.672751902602613 8.6094194566830975 5.1862244037911278 1.7257019951939572 21.698353009298444 5.0413939421996465 5.6167770377360275 4.6509797521866849 244.27291833673371
leaf_count=278 38 14 21 516 26 27 141 25 16 136 13 18 116 21 292 405 10 44 57 77 24 28 71 35 7 136 40 54 41 2336
internal_value=3.88095e-06 -0.000529999 0.00617927 -0.000475497 0.00992578 -0.00126318 -8.18448e-05 -0.000389172 -0.0165408 -0.00261007 0.0336158 0.0301364 0.0163818 0.0414928 -0.0209069 0.0391986 -0.0357306 0.000379647 0.0126309 0.0272548 -0.0110736 -0.000299352 0.000225435 0.0180459 -0.000315932 0.000513706 0.0210542 0.0360606 -0.000426241 0.000867201
internal_weight=373.978 344.219 29.7588 25.04 19.3355 12.4455 341.621 338.969 15.4018 11.0458 3.70677 6.89002 5.14843 4.71874 7.33902 2.65207 5.70452 323.567 16.9913 10.5084 6.48291 306.576 300.475 8.85898 291.616 283.006 12.3839 10.6582 270.622 248.924
internal_count=5063 4030 1033 991 703 543 3992 3573 598 457 149 160 142 42 308 419 288 2975 183 102 81 2792 2748 63 2685 2614 101 94 2513 2377
is_linear=0
shrinkage=0.05


Tree=147
num_leaves=31
num_cat=0
split_feature=5 5 5 0 0 4 5 4 2 2 2 6 6 6 5 5 1 6 2 5 6 1 1 1 0 2 2 2 1 2
split_gain=0.493921 1.79375 2.33289 2.32097 2.90003 1.82993 1.73379 3.11022 2.5112 2.33905 2.78438 3.86795 2.89926 2.77472 2.16707 1.86169 1.63617 2.42262 1.52601 1.487 1.40961 2.3754 1.36796 1.28732 1.92869 1.27872 3.98785 2.69744 3.84178 2.09325
threshold=0.045484203462505902 0.15373111848454052 0.22685237560406593 -0.4358445192622965 -0.24932488679882023 -1.0000000180025095e-35 0.97646373688526711 -0.38016789873922541 -1.0676396928124032 0.15813895348863957 0.51049506815331835 -0.2440021580182096 -0.051650814829247237 0.08315301357037648 1.0081229451328322 0.78261853570006845 -0.41939926974169667 -0.34031394010178562 -0.67520154607297966 0.13139565650439944 0.51059439352411096 -1.0222867537475155 -0.4493712564754469 -0.71043902111189128 -0.2030289896160529 0.17993259066919218 0.13192560931808389 0.22854921515606239 -1.1613437297434215 0.06273455772060299
decision_type=2 2 2 2 2 2 2 2 2 2 2 2 2 2 2 2 2 2 2 2 2 2 2 2 2 2 2 2 2 2
left_child=-1 3 -3 5 16 -2 7 -4 -9 13 11 -11 22 -10 -8 -14 17 -5 20 23 21 -16 -12 -6 -25 26 29 -27 -29 -20
right_child=1 2 6 4 19 -7 14 8 9 10 12 -13 15 -15 18 -17 -18 -19 25 -21 -22 -23 -24 24 -26 27 -28 28 -30 -31
leaf_value=0.0020236486596449869 0.055247085115092492 0.027820533312178614 0.021552843414642368 0.0053028090527416031 0.076723328826968015 -0.015027065825624727 0.049235862337506375 0.036093332205620859 -0.05580418322149136 0.045486208205013243 -0.052343667052000969 -0.023465008479801847 0.030466511481433391 -0.0083660182844233957 -0.033575345831994417 -0.02146459930471108 -0.060860484678433351 -0.051975547836978941 0.0080260178801550234 -0.036738327017330617 -0.062075235148466058 0.024902364783265792 -0.010492075051997707 -0.028314876146933676 0.063711336364443885 -0.036003961832625719 0.045142189547605946 0.037540937256754642 -0.0029777350085490326 -0.022253580935433098
leaf_weight=166.95049268368166 1.8433252130635085 7.1921554222935802 6.8323379287030539 3.8024570755660534 0.94518425140995876 1.8622356327250624 2.3536817834246895 2.2656839219853273 7.2427486497908813 4.5393103398382664 6.3876378936693072 3.6851439271122235 3.2981026368215707 5.3664538748562336 4.2927439499180755 3.620094490237534 4.4575088694691694 3.5879702642560005 33.805400411249138 1.2433867459185419 1.5792426839470861 2.9163675461895755 2.8120349119417352 1.4513986599631645 0.93685767054556857 5.3534424575045696 6.4816398900002232 6.4606346054933885 61.903446933778476 6.8671617722138754
leaf_count=3236 34 82 78 25 19 16 20 28 35 27 40 23 49 35 91 21 24 16 225 17 7 41 24 12 61 29 49 92 571 36
internal_value=3.78249e-06 -0.00163809 -9.77895e-05 -0.0158132 -0.0238773 0.0199307 -0.00122544 -0.00957911 -0.0150029 -0.0181358 -0.0090819 0.0145911 -0.0211615 -0.0356146 0.00168852 0.00329245 -0.0369355 -0.0225052 0.000825408 0.00992609 -0.0192912 -0.00991882 -0.039551 0.0273321 0.00778488 0.00228805 0.00871819 -0.00182506 0.000851415 0.00291361
internal_weight=372.336 205.386 185.255 20.1303 16.4248 3.70556 178.063 46.0495 39.2172 36.9515 24.3423 8.22445 16.1179 12.6092 132.014 6.9182 11.8479 7.39043 129.66 4.57683 8.78835 7.20911 9.19967 3.33344 2.38826 120.872 47.1542 73.7175 68.3641 40.6726
internal_count=5063 1827 1603 224 174 50 1521 360 282 254 184 50 134 70 1161 70 65 41 1141 109 139 132 64 92 73 1002 310 692 663 261
is_linear=0
shrinkage=0.05


Tree=148
num_leaves=31
num_cat=0
split_feature=4 0 5 0 1 2 2 4 5 5 6 6 5 1 0 5 5 4 6 5 3 4 1 4 2 4 2 2 6 4
split_gain=0.486989 2.22816 2.26353 1.64421 2.6439 2.06143 2.81489 4.53425 2.74283 2.72454 2.00709 2.00145 1.43517 2.28716 1.41938 1.60384 1.41491 2.59373 2.40797 3.65121 2.22323 1.46308 1.36406 1.10788 1.01822 2.21127 1.83606 1.30768 2.93899 0.946618
threshold=0.55043069004549905 -0.38101874696142085 0.014315415679642318 -0.46139035719728066 0.52393745070997144 -0.58162598827033074 -0.033736660193909564 0.93742207714292702 -1.230341803931422 -0.16971278724649849 0.26012387149161126 2.6636717763212521 -0.011552942454124868 -0.57060052400486871 -0.4358445192622965 0.11515883161561412 1.9955122524882223 -1.0000000180025095e-35 0.91767364430924314 0.25001256699540064 -0.89008012040608409 0.52717283728338815 -1.290409896950377 1.1709899726458219 1.4445741351766204 0.71227642097364385 1.7310920068857636 0.39314461680063068 1.0000000180025095e-35 1.8635895310236781
decision_type=2 2 2 2 2 2 2 2 2 2 2 2 2 2 2 2 2 2 2 2 2 2 2 2 2 2 2 2 2 2
left_child=16 3 -3 10 5 14 12 -8 -9 -10 -2 29 -7 -14 15 23 18 -18 21 -20 -21 -1 -4 -5 25 27 -26 -24 -29 -12
right_child=1 2 22 4 -6 6 7 8 9 -11 11 -13 13 -15 -16 -17 17 -19 19 20 -22 -23 24 -25 26 -27 -28 28 -30 -31
leaf_value=-7.0811760617242025e-05 -0.049707569088994534 0.059092268864799236 0.05134968737122856 0.011122050961774488 -0.055554204921237998 0.052272086698467904 -0.067459234606966886 -0.060521796957073909 0.060079816474334802 -0.0027070041049215045 0.064935199678543887 -0.033264445871653676 0.038513765936659949 -0.012796892105740393 -0.064255176865256267 0.01914361388032107 -0.0094870869548913921 0.058401239116178984 -0.073958971204220222 -0.040497042515290071 0.013269585661581563 -0.033600681194611626 -0.022994277269002925 -0.038865115206238934 -0.040749782135040442 0.032745352718008221 0.019292410783776179 0.062015210727836334 -0.022959757067865121 0.015085378807032835
leaf_weight=281.9305262567359 0.85533326514996488 2.6625140052055967 1.8696999009698654 1.4341305382549743 2.6069219317287198 2.9846647530794153 2.8288742415607002 1.4040205008350266 2.3995429886272124 6.1720591932535243 2.7534101654309779 0.93256144877523173 4.2169972807168952 4.4780800230801079 1.6603706330060948 2.6003646235913038 2.8551167283440009 2.7738111503422251 2.7721732202917329 3.131919232197105 4.979469734709709 3.2914244667626908 4.494235344231134 4.8809733102098107 2.7194590028375378 7.5314174653030923 2.3942155041731894 1.881558133754879 2.2159331091679633 1.4558806191198526
leaf_count=3627 10 158 21 16 61 48 13 21 81 48 291 15 35 29 6 21 42 32 19 24 37 19 23 101 36 76 22 18 22 91
internal_value=2.34781e-06 0.00377784 0.0154372 -0.00310307 -0.00697457 -0.00336239 0.00460584 -0.0115859 0.00425863 0.0148696 0.021213 0.0330104 0.0223568 0.0120881 -0.0218097 -0.0139049 -0.000866444 0.0239668 -0.00133852 -0.0244208 -0.00749045 -0.000457742 0.0104069 -0.0275133 0.00680224 0.012968 -0.0126381 -0.00436859 0.0160605 0.0476935
internal_weight=371.168 69.4332 25.769 43.6642 37.667 35.0601 24.4842 12.8045 9.97562 8.5716 5.99719 5.14185 11.6797 8.69508 10.5758 8.91547 301.734 5.62893 296.106 10.8836 8.11139 285.222 23.1065 6.3151 21.2368 16.1231 5.11367 8.59173 4.09749 4.20929
internal_count=5063 1263 376 887 480 419 275 163 150 129 407 397 112 64 144 138 3800 74 3726 80 61 3646 218 117 197 139 58 63 40 382
is_linear=0
shrinkage=0.05


Tree=149
num_leaves=31
num_cat=0
split_feature=1 6 6 4 0 0 6 5 6 1 1 4 2 0 4 2 0 0 3 5 2 5 0 4 5 1 5 2 4 5
split_gain=0.500796 0.591497 0.601528 2.04557 2.84879 4.0461 1.34959 1.25371 1.20975 1.47741 1.73735 1.93249 1.26993 1.18223 2.01162 1.975 1.4054 1.26546 0.956715 0.907129 2.57055 2.23668 1.83237 3.4982 1.7078 1.65864 1.82084 1.48034 1.60853 2.00681
threshold=-2.0163870292292185 3.047394467177694 1.3189545882589309 -0.11261185320675467 -0.44504841469390521 -0.46139035719728066 0.91767364430924314 -2.0420442091667641 1.5882083577865316 -0.93833983871746207 -0.11419585872205217 0.29012884117033955 0.32684927103596262 -0.27582429511803336 0.55043069004549905 0.40564173719204472 -0.39308060143096307 -0.462054069539728 0.39851002957302184 1.7383792152987647 0.63653246936096464 1.5869265971197628 -0.22896010285105647 -0.18582787920074428 2.3768788169919026 -0.65462115085170292 1.7731382848477517 1.7565434419196224 0.25992859678448271 -0.39643918931907918
decision_type=2 2 2 2 2 2 2 2 2 2 2 2 2 2 2 2 2 2 2 2 2 2 2 2 2 2 2 2 2 2
left_child=-1 2 6 -4 5 7 19 -5 12 -10 11 -11 -6 14 -8 16 17 -16 -13 21 22 27 23 -21 -22 26 -25 -2 29 -29
right_child=1 -3 3 4 8 -7 13 -9 9 10 -12 18 -14 -15 15 -17 -18 -19 -20 20 24 -23 -24 25 -26 -27 -28 28 -30 -31
leaf_value=0.029023373577082835 0.00062437632400671745 -0.024885802371309693 -0.057412550960037514 -0.049083868507561489 0.091042555319719831 -0.045246331863111902 -0.047574677167200978 0.044653666599854848 -0.032623530814876171 -0.010626845608259647 -0.0061432467541551634 0.063460954135909006 0.020036241936122096 0.029502686559157672 0.056665389617067199 -0.04595269494432877 0.068623636213224412 -0.021193287886198536 -0.0094136541119193146 0.042023514353624704 0.055045009222828872 0.024259188805106188 -0.048073578254095667 -0.036291264627100639 -0.039036865956288483 -0.032729749070063825 0.007871580732612668 -0.05954456856382391 -0.061699330317047989 0.023404124329818112
leaf_weight=1.4806137066334475 288.81326863414142 2.3941206121817222 1.1235379232093716 0.41545720980503009 1.3120491597801422 4.1604401362128565 4.5711426115594787 2.5224262486444791 1.2497652061283577 1.4258614082355032 2.9626712625613436 4.2504965999396518 1.2107778866775332 1.195637417025863 0.7087694825604548 1.7767820665612815 1.0056638251990091 1.9792895475402477 0.503746137022972 3.0178360659629204 2.3677333436207841 9.9423295427113754 3.289525360800325 3.1681711375713446 0.60575885511934746 8.3800703817978413 8.8641882324591261 1.1006141793914141 1.9825461732689289 2.1605617610039181
leaf_count=22 3598 25 8 12 12 111 28 270 8 9 61 184 39 15 76 22 11 28 2 27 95 124 18 16 6 43 67 22 22 82
internal_value=2.62578e-06 -0.00011399 4.80201e-05 0.00823567 0.0119211 -0.0135245 -0.000453717 0.0313979 0.025906 0.0183664 0.0253365 0.0404275 0.0569646 -0.0174968 -0.0230929 -0.00263606 0.0182004 -0.000664031 0.0557394 0.000120219 -0.00822117 0.000934968 -0.0131288 -0.00822267 0.0358787 -0.0156512 -0.00375668 0.000146355 -0.026182 -0.00459023
internal_weight=369.942 368.461 366.067 21.1372 20.0137 7.09832 344.93 2.93788 12.9154 10.3925 9.14278 6.1801 2.52283 11.2373 10.0416 5.4705 3.69372 2.68806 4.75424 333.693 29.6933 303.999 26.7198 23.4303 2.97349 20.4124 12.0324 294.057 5.24372 3.26118
internal_count=5063 5041 5016 716 708 393 4300 282 315 264 256 195 51 180 165 137 115 104 186 4120 272 3848 171 153 101 126 83 3724 126 104
is_linear=0
shrinkage=0.05


Tree=150
num_leaves=31
num_cat=0
split_feature=6 5 1 6 0 2 2 2 5 0 0 2 1 6 5 0 2 0 5 5 0 1 4 2 3 5 3 5 3 1
split_gain=0.456527 1.70895 2.57178 3.25359 1.85606 1.74039 1.8543 1.73976 1.82672 2.24947 1.94935 1.59518 3.00424 1.51909 1.47367 2.63274 1.43536 1.40652 1.12713 1.02625 1.02033 1.49138 1.39432 1.32928 1.12584 1.86939 1.13589 1.37942 1.12206 1.1222
threshold=-0.68018183137183863 -0.046937685070953881 -0.3402738109420656 -0.80507681616535109 -0.42539904491439068 -1.2447321691274367 -1.2022116864321746 0.45242949323289472 1.0861092374434731 -0.41838595741919005 -0.33100955617893285 -1.2447321691274367 1.9857585475218218 -0.656253607388949 0.075788148535966007 -0.46064855013779754 -0.05217745825188428 -0.22148142620401698 -1.1760400074157753 -0.025406093586937156 -0.46139035719728066 1.1992588846131529 -1.0858275335679293 -1.1915434649674137 0.39851002957302184 0.12335412001622294 0.58259423152186895 -0.69712073319279366 -0.24578499939545764 1.2770016973067679
decision_type=2 2 2 2 2 2 2 2 2 2 2 2 2 2 2 2 2 2 2 2 2 2 2 2 2 2 2 2 2 2
left_child=1 2 16 4 11 -6 -7 8 9 14 -10 12 -4 17 15 -3 -1 -2 -8 -9 24 23 -23 -22 25 28 -26 -28 29 -15
right_child=13 7 3 -5 5 6 18 19 10 -11 -12 -13 -14 20 -16 -17 -18 -19 -20 -21 21 22 -24 -25 26 -27 27 -29 -30 -31
leaf_value=0.063271510405270723 0.04488596815952154 -0.050774124128271141 -0.021038543817317193 -0.051135535374767366 0.07941095593837838 -0.019842320153545121 -0.053105057406024697 -0.061084589760530973 -0.030947099255179168 -0.067854932770034779 0.040676051987672261 -0.069089983245805217 0.061382784903532397 0.031119910461441441 -0.06015920157299115 0.079071930981505584 0.0040504049805452037 -0.011681203342672369 0.041741515519602472 0.054754151672808428 -0.036114965691795925 0.035003086218233233 -0.044054814717379716 0.0002147516323885023 0.086455533359132281 -0.045909307509706336 -0.058141598208928391 0.038076000179683836 -0.012311288757772713 -0.024100763738443425
leaf_weight=2.3879546541720629 3.5729674734175205 0.69878677697852265 5.3866413743235171 3.2311434288276351 1.103141643106939 2.7571638678200556 0.34287105966359543 0.23369434475898732 2.280817861435934 3.9404130280017835 1.6281434323173027 1.0978605821728722 1.3911133706569669 6.5101117969024909 0.84022130165249098 0.88453426212072384 1.7902448731474603 1.5869825646514062 3.623822133056815 1.0514453899231728 2.5387045983225098 0.66992770577780936 3.3295869021676472 306.86118532321416 0.8920496311038727 1.5447398619726289 0.45371686853468496 2.0809804862365122 3.1192633947357535 1.0714609175920484
leaf_count=26 29 43 221 81 8 49 6 1 74 25 29 12 13 440 19 6 28 43 575 96 31 21 199 2797 19 16 5 88 47 16
internal_value=2.70338e-06 -0.00545858 0.00239163 -0.00544348 0.00395863 0.0212021 0.0116521 -0.0211562 -0.0280174 -0.0445418 -0.00111494 -0.0131784 -0.00412182 0.000569205 -0.00663718 0.0217654 0.0378969 0.0274883 0.0335432 0.0336896 0.000147105 -0.000475499 -0.0308124 -8.33429e-05 0.0125973 0.00550819 0.0379305 0.0208528 0.0129307 0.0233159
internal_weight=368.902 34.67 23.112 18.9338 15.7026 7.827 6.72386 11.5581 10.2729 6.36396 3.90896 7.87562 6.77775 334.232 2.42354 1.58332 4.1782 5.15995 3.96669 1.28514 329.072 313.399 3.99951 309.4 15.6723 12.2456 3.42675 2.5347 10.7008 7.58157
internal_count=5063 1312 1019 965 884 638 630 293 196 93 103 246 234 3751 68 49 54 72 581 97 3679 3048 220 2828 631 519 112 93 503 456
is_linear=0
shrinkage=0.05


Tree=151
num_leaves=31
num_cat=0
split_feature=0 5 3 6 6 5 2 2 4 3 1 2 0 5 1 0 4 6 1 1 5 2 0 4 1 0 0 0 5 1
split_gain=0.472241 1.20347 1.14236 2.04066 1.89721 1.72407 2.05046 0.909409 0.671857 1.00384 0.619568 2.04176 3.31567 4.11889 2.66356 2.52904 1.94609 1.75484 2.83772 1.07473 0.906263 3.92009 2.34705 2.50619 1.51993 2.92316 1.66624 5.77808 3.37608 2.08552
threshold=-0.15282190267858006 -0.025406093586937156 -0.24578499939545764 -0.46297671287414116 -0.78711023160481963 -0.56769956538561817 -0.24923470330144984 2.2315840577081043 -0.64488756949445314 0.58259423152186895 0.75961552443556102 -1.2447321691274367 -0.44644579680684154 -1.5518385629752418 1.9857585475218218 -0.32143602321805637 1.1183285548757507 -0.8507282742077924 1.1992588846131529 1.9668001027168092 -0.011552942454124868 0.37211296495835683 -0.24068405909462601 -0.31479814862358718 0.38960198768594984 -0.34376398143365322 -0.44244565892480509 -0.45780977284132413 0.88734944934584081 -0.89816587276139959
decision_type=2 2 2 2 2 2 2 2 2 2 2 2 2 2 2 2 2 2 2 2 2 2 2 2 2 2 2 2 2 2
left_child=10 2 5 4 7 6 -2 -4 -6 -10 20 12 13 -12 16 -13 19 -17 -19 -15 21 -1 -23 -24 26 -26 27 -22 29 -28
right_child=1 -3 3 -5 8 -7 -8 -9 9 -11 11 15 -14 14 -16 17 -18 18 -20 -21 24 22 23 -25 25 -27 28 -29 -30 -31
leaf_value=0.0003764905247186773 0.06772686347148614 0.040222209825572661 0.051393451781631509 0.043840033855066907 -0.061139284046386716 0.056701687985937013 -0.04353493061533064 -0.060427758430779632 0.018864069630122458 -0.056359623884158008 0.13841113405050834 -0.035338161433845237 0.080262803890621681 -0.052952814400538117 0.049258578096596728 0.069163701873290503 0.038323346500825264 0.025744367142326863 -0.05343046594065446 -0.0051085703155320595 -0.016759862925952301 0.051743933701383832 0.05118961116450408 -0.0080325501644017347 -0.015329304806930311 0.053354604083740313 0.0024783951293778066 0.052732423168803666 0.00085316087061499736 -0.01892924806317145
leaf_weight=106.26863060897449 0.59401243389584113 2.5430162347038268 0.95374878426082277 1.3378612836822865 2.1413884505163883 1.9333525880356308 1.3671523805824111 0.22465178370475769 0.86877650930546246 0.90601011016406119 0.49012104514986177 9.4285358013585192 1.4286205917596841 3.5731808238197109 1.4851956740021703 0.94352117180824269 1.0146553457016123 2.8670665787067255 1.8697567197959868 1.7479509152472017 6.4333894241135567 6.0985633019590741 2.6206227922812104 5.6120803739177045 2.8119415324181318 3.4494092576205722 15.268042736686764 5.5906245275400561 131.15718630258925 44.637806010199711
leaf_count=1306 14 280 431 39 17 178 47 1 22 20 7 218 11 192 15 9 74 39 135 10 178 236 42 65 17 36 101 65 955 303
internal_value=2.30222e-06 0.00941092 0.00182363 -0.0111161 -0.0255478 0.0231957 -0.00983512 0.0300757 -0.0422853 -0.0195368 -0.000338988 -0.0079527 0.00989837 -0.00219678 -0.0110083 -0.0194601 -0.0251357 0.00689505 -0.00550816 -0.0372363 0.000234405 0.00368692 0.0282343 0.010819 -0.00175449 0.022509 -0.00250256 0.0155509 -0.0036387 -0.0134731
internal_weight=367.667 12.87 10.327 6.43244 5.09458 3.89452 1.96116 1.1784 3.91618 1.77479 354.797 24.8486 9.73972 8.3111 7.82098 15.1089 6.33579 5.68034 4.73682 5.32113 329.948 120.6 14.3313 8.2327 209.348 6.26135 203.087 12.024 191.063 59.9058
internal_count=5063 1049 769 530 491 239 61 432 59 42 4014 710 309 298 291 401 276 183 174 202 3304 1649 343 107 1655 53 1602 243 1359 404
is_linear=0
shrinkage=0.05


Tree=152
num_leaves=31
num_cat=0
split_feature=1 4 6 6 1 4 5 4 2 0 5 4 1 4 4 4 6 2 2 3 2 5 5 3 5 6 2 2 1 1
split_gain=0.451357 0.562614 1.09603 0.931534 0.668997 2.32966 2.59714 3.00996 2.56145 5.14823 4.37101 3.26082 2.83955 1.82791 2.48272 1.778 1.77663 1.74946 1.93384 1.64959 1.54749 2.56345 1.70563 1.50998 1.5033 1.43765 3.21158 1.7749 1.73627 1.47549
threshold=-2.0163870292292185 2.2341386329129089 3.047394467177694 1.9191474009719569 -0.70125156854479342 -0.43533496774531949 1.1221486290870863 -0.05319933094588912 0.10677908729400419 -0.34376398143365322 0.33526351918818315 -0.093497153620987011 -1.1004659755671204 -0.46640686485422228 -0.43533496774531949 -0.48765445100667165 -0.21190730468962385 1.0000000180025095e-35 -0.064631799075224747 -0.70599582641508996 0.28646240215302016 1.3504548344195155 1.3633758468861632 -3.3752180892845045 1.2400682288788545 1.0000000180025095e-35 -0.27986773922169217 0.17993259066919218 -1.1004659755671204 -1.1762779196764357
decision_type=2 2 2 2 2 2 2 2 2 2 2 2 2 2 2 2 2 2 2 2 2 2 2 2 2 2 2 2 2 2
left_child=-1 4 3 -3 5 15 8 20 17 -10 11 -11 -12 23 -15 -2 -13 18 19 -7 21 -8 -22 -6 -9 29 -27 -28 -29 -26
right_child=1 2 -4 -5 13 6 7 24 9 10 12 16 -14 14 -16 -17 -18 -19 -20 -21 22 -23 -24 -25 25 26 27 28 -30 -31
leaf_value=0.027679409275016904 0.006352465901774379 -0.025958568697249502 -0.065903352625863082 0.038349243559308133 0.061774487984635557 0.011935317566931071 -0.031694709403675962 0.036324741935158944 0.052441798523211992 0.039955093059928282 0.008258547771391898 0.01906614823041753 -0.042841255145323144 0.046663230584426486 0.0033997738055016346 0.046179542742526447 -0.033854004606936862 -0.048780131445160219 0.026708844980009101 -0.029308975703599804 0.0090635797710780647 0.018503368379387323 -0.045601748598940561 -0.0074730960395422256 -0.024950212712008483 -0.023049815553832991 0.086390128602964716 0.060847366578959228 0.0018325621036026534 0.0054651478498091398
leaf_weight=1.4672366136219341 17.251691680867228 1.5513477113563565 0.95131547562777985 0.88403504400048394 0.79942962352652003 2.868718866026037 4.3908149190247077 4.5624363576062015 3.6623648686800179 5.4452195310732376 3.665628512389957 2.6707080616615713 10.523362210951744 3.382553238188847 168.74864755623275 3.3457726857159278 3.9047898850403717 5.7747583277523509 2.1956447772681704 15.649324428522959 1.8917601634748269 6.0442118365317583 5.8071697223349474 51.591780441114679 4.8349035786231971 2.7321073263883591 1.6436743214726428 2.1516613824060182 2.9621481902431701 22.747528471285481
leaf_count=22 243 27 8 48 45 33 20 47 45 76 29 27 62 44 2174 34 31 26 12 134 25 32 64 1435 41 14 13 34 34 184
internal_value=3.09718e-06 -0.000108268 -0.0203926 -0.00261507 8.18971e-05 -0.00267539 -0.00542409 0.00183695 -0.0131242 -0.00308679 -0.010846 0.0113381 -0.02964 0.00176099 0.00424994 0.0128218 -0.0123599 -0.0244437 -0.017659 -0.0229196 -0.0151648 -0.00261881 -0.0321695 -0.00641646 0.0092421 0.00590906 0.0226958 0.0411911 0.0266633 0.000133662
internal_weight=366.103 364.636 3.3867 2.43538 361.249 136.726 116.129 59.7684 56.3605 29.8721 26.2097 12.0207 14.189 224.522 172.131 20.5975 6.5755 26.4884 20.7137 18.518 18.134 10.435 7.69893 52.3912 41.6345 37.072 9.48959 6.75748 5.11381 27.5824
internal_count=5063 5041 83 75 4958 1260 983 508 475 270 225 134 91 3698 2218 277 58 205 179 167 141 52 89 1480 367 320 95 81 68 225
is_linear=0
shrinkage=0.05


Tree=153
num_leaves=31
num_cat=0
split_feature=3 3 3 3 3 3 3 2 2 2 4 0 0 5 6 1 1 3 3 3 2 5 0 5 0 0 4 2 6 2
split_gain=0.448693 1.00945 2.222 3.57198 1.21736 5.86481 3.5335 1.44049 3.04878 1.79834 1.57625 3.05559 2.64854 1.73512 1.34061 1.07453 1.05101 1.00196 6.51747 4.55233 1.07406 1.9642 1.61209 3.01067 1.274 1.60117 1.1428 0.987333 0.980112 1.95111
threshold=2.1473108224874662 1.871184381500975 1.7791422345054781 1.6870999954678338 1.2268893525324958 1.1348471134948515 1.3189314995279926 -0.11969199884617794 -0.026878487343073316 0.06273455772060299 -0.03016219410641437 -0.23142983651022844 -0.18458070058130868 0.91608359588794719 -0.40728030073649374 -0.5347122480721701 1.261216670776877 0.85872076455050717 0.76667852551286308 0.95076291154600423 -0.34296264902756451 -0.2371901505000206 -0.35729582234729645 0.68908008171291002 -0.29917434832961837 -0.26221899987400066 -0.34092390700903202 -1.2381788330847976 -0.68018183137183863 -1.2468658134203887
decision_type=2 2 2 2 2 2 2 2 2 2 2 2 2 2 2 2 2 2 2 2 2 2 2 2 2 2 2 2 2 2
left_child=1 2 3 4 5 17 -6 14 -9 -10 11 -11 -13 -12 16 -3 -8 18 28 -19 21 -21 -22 24 -24 -26 -27 -18 29 -1
right_child=-2 15 -4 -5 6 -7 7 8 9 10 13 12 -14 -15 -16 -17 27 19 -20 20 22 -23 23 -25 25 26 -28 -29 -30 -31
leaf_value=-0.043685555957738695 -0.028173070285681036 -0.0012813618004249769 -0.061298206362011193 0.069668472966583142 -0.057267016522871542 0.062169783613418454 -0.023148637773431173 -0.069276747855436444 0.052779888543474818 0.051826967102659861 -0.062570841474760108 -0.067580581596160011 0.048311971620617317 -0.0044017010641465215 0.043032191736060099 0.055463494274760987 0.044628846985998866 -0.055034536014726014 0.055817344368898084 -0.0036741424279152428 -0.04426904678058572 0.055599230301957958 0.019187816263766859 0.028029547279224937 -0.07616878964047942 0.031999245429755484 -0.042359183402193912 -0.011031893837242278 0.0003701327539602721 -0.0033600120938195111
leaf_weight=3.7524255879689035 1.4075495959259559 1.6458393055945637 1.4791591190733004 1.8362130761379365 3.5259003743995008 3.817798390868119 2.7196337815839797 2.0748100972268757 1.2689186439383693 2.2854122156277303 2.2320129782892737 1.5284188608638949 0.72770728368777771 3.011944591999054 2.5570212942548149 1.6918671466992226 1.7371173528954389 4.5474100520368692 5.2520070458995169 3.7917856799904257 2.412830845918509 2.2136431122198763 1.1749259817879671 5.1543630296364427 1.7197346678003693 0.88807472854387315 1.235677286749689 1.471714981482364 281.03896936489036 14.951034194556994
leaf_count=206 34 15 29 39 77 154 34 12 14 19 27 10 75 20 31 38 26 105 213 51 11 30 11 37 6 43 12 20 3064 600
internal_value=2.59334e-06 0.000111622 -0.000141856 0.000110172 -0.000247506 0.000555911 -0.0108556 -0.00328478 -0.0136617 -0.0032233 -0.0104854 0.0110781 -0.0301998 -0.0291605 0.012771 0.0274823 -0.00028103 -0.000160961 0.000600051 -0.0101921 0.000776483 0.0181744 -0.00752524 0.00118985 -0.0263769 -0.0403058 -0.0112652 0.0191003 -0.000367451 -0.0114504
internal_weight=365.152 363.744 360.407 358.928 357.091 331.951 25.1406 21.6147 13.1292 11.0544 9.7855 4.54154 2.25613 5.24396 8.48549 3.33771 5.92847 328.133 304.994 23.1384 18.591 6.00543 12.5856 10.1728 5.01841 3.84349 2.12375 3.20883 299.742 18.7035
internal_count=5063 5029 4976 4947 4908 4543 365 288 177 165 151 104 85 47 111 53 80 4389 4083 306 201 81 120 109 72 61 55 46 3870 806
is_linear=0
shrinkage=0.05


Tree=154
num_leaves=31
num_cat=0
split_feature=6 6 3 2 4 2 1 5 2 1 5 5 1 2 6 2 2 2 0 6 6 1 2 1 0 5 4 0 4 1
split_gain=0.442054 3.28675 2.75251 2.74262 3.06203 4.4836 2.55152 2.46404 2.28698 7.25963 3.75099 2.32481 2.28632 2.26755 3.16031 2.25355 2.22285 3.88432 2.21524 2.08231 2.00012 1.95816 2.92197 2.2217 4.23685 3.47445 3.41686 3.96859 2.09898 3.0326
threshold=-0.19315127929234177 -0.24792214010414368 0.39851002957302184 0.52390654656616109 0.21982556466967981 0.82139750702889514 -0.79926088106645266 -0.43351973341575639 0.35169097149216128 -0.70125156854479342 1.298548226536034 0.97646373688526711 -0.49458473668055952 0.42743532865164818 -0.15974976526844467 0.49815041188695208 0.33812712039616932 0.25994426689521632 -0.22148142620401698 -0.043729184363922029 -0.25617043574329673 -0.37140994613010209 -1.1679209745811572 0.06472089210630276 -0.26845378018014682 1.1750349452891977 1.0000000180025095e-35 -0.36297870120248743 -0.22047747631276024 0.25991769633748146
decision_type=2 2 2 2 2 2 2 2 2 2 2 2 2 2 2 2 2 2 2 2 2 2 2 2 2 2 2 2 2 2
left_child=1 3 -3 8 5 -5 -6 -7 20 10 -10 12 -11 16 -15 -16 17 21 -14 -19 -1 22 -2 26 25 28 -23 -28 -25 -30
right_child=13 2 -4 4 6 7 -8 -9 9 11 -12 -13 18 14 15 -17 -18 19 -20 -21 -22 23 -24 24 -26 -27 27 -29 29 -31
leaf_value=0.00084928372340413959 0.033184698630157515 0.0069468574497557325 0.048782661096805124 -0.025893401302694647 0.010863873584098334 -0.039318993473784827 -0.057138982556568775 0.019523224350871681 0.018393130382939531 0.073871044685405854 -0.043027641021670504 0.077307837836955773 -0.0095066536953416769 -0.0459522003480453 0.054950775752716632 0.0090006467447690773 -0.030588514272428782 -0.00085523814868660581 0.058514468846248807 0.064929338103592207 -0.052996903399511901 -0.020286705037756245 -0.015220642975565267 -0.044612087014392704 0.067426702174779557 -0.073934152842572862 0.017662485552737802 0.095733927940490238 -0.032612037796053893 0.012533320248898711
leaf_weight=141.5572222978808 3.3233992977184235 10.43959739408456 6.3068454004824153 14.296437805460302 1.8136611850932238 2.0271606439491761 5.7606962348800144 14.541437517909797 4.8035006485879439 2.0774029586464167 5.1516311261802912 3.7540939213940874 3.7342258733697236 2.4274197362828991 2.9384941346943405 29.018497602199204 8.2738935388042574 1.97924318164587 1.7615909418091158 3.0668813613010562 1.7458581179380406 4.7099167418200549 50.361877194605768 3.1390335164032939 1.7647694407496626 2.1213941238820544 10.567704780260101 1.9241479635238619 5.2049929245840785 13.037317785783669
leaf_count=1831 130 102 60 180 18 75 72 508 54 24 32 35 31 27 49 537 64 16 100 38 10 28 311 48 19 9 224 12 63 356
internal_value=1.83515e-06 0.0014123 0.0227026 -0.000343825 -0.0123688 -0.00537805 -0.0408559 0.0123239 0.00246465 0.0177587 -0.0133912 0.0451351 0.0291869 -0.0021529 0.00904807 0.0132258 -0.00567097 -0.00363378 0.0122964 0.0391266 0.000193277 -0.00587782 -0.0122241 0.0021445 -0.00729135 -0.0129018 0.0160047 0.029688 -0.00684631 -0.000347793
internal_weight=363.63 219.771 16.7464 203.025 38.4394 30.865 7.57436 16.5686 164.586 21.2824 9.95513 11.3273 7.57322 143.859 34.3844 31.957 109.475 101.201 5.49582 5.04612 143.303 96.1546 53.6853 42.4693 25.2675 23.5027 17.2018 12.4919 21.3813 18.2423
internal_count=5063 3132 162 2970 853 763 90 583 2117 276 86 190 155 1931 613 586 1318 1254 131 54 1841 1200 441 759 495 476 264 236 467 419
is_linear=0
shrinkage=0.05


Tree=155
num_leaves=31
num_cat=0
split_feature=3 3 3 3 3 3 3 2 5 5 4 5 2 0 6 0 4 1 0 5 6 5 2 5 2 0 2 6 2 2
split_gain=0.440644 1.52871 6.35212 4.3629 1.4527 3.90411 3.00622 2.51972 2.22687 3.34416 3.53216 2.53197 1.55999 2.68624 2.11372 1.88462 1.43296 1.38696 1.83121 1.47319 2.11336 3.18519 2.07413 1.99361 5.08761 5.13191 1.93943 1.81717 1.70082 5.69445
threshold=-0.89008012040608409 -0.24578499939545764 -0.15374285239996058 -0.33782723843310175 -1.1662064693504284 -1.0741643223549311 -1.2582487083880722 -0.47768704581111826 0.47619257875424831 1.224572414588293 -0.15405599730862374 -0.41472141487963993 0.58121012090798951 -0.3766540936952813 -0.30054245518824557 -0.39768386775305642 0.80122844122339487 0.75961552443556102 -0.46139035719728066 -0.35078704689246964 0.041367093418231436 0.47619257875424831 0.17993259066919218 -0.025406093586937156 -0.11524854744325756 -0.26707971074952785 0.21292240435448043 -0.35887941081433483 0.10677908729400419 0.35717747014800766
decision_type=2 2 2 2 2 2 2 2 2 2 2 2 2 2 2 2 2 2 2 2 2 2 2 2 2 2 2 2 2 2
left_child=4 3 -3 17 6 -6 7 -1 11 -10 -11 -9 13 15 -15 16 -7 18 -2 26 23 -22 -23 24 -21 -26 -20 -27 -25 -30
right_child=1 2 -4 -5 5 12 -8 8 9 10 -12 -13 -14 14 -16 -17 -18 -19 19 20 21 22 -24 28 25 27 -28 -29 29 -31
leaf_value=-0.019191515698315419 0.049889912821260519 -0.056108271378912937 -7.1311781603580281e-06 0.054205248871248161 -0.061406355042545206 0.022284114541348356 0.064358597226533559 -0.0070807735391527644 -0.046465052056467046 -0.026755244888784658 0.067238927436460913 0.051887748602884358 0.027913760427541193 0.0087718719905981648 -0.040350863885406291 0.075572361586392398 -0.020682961605343858 -0.0279335136054783 -0.022461787261433587 0.061874013262893338 -0.0031733884303490147 0.069341007801378571 0.017681914122205603 -0.019482732497552058 -0.057078546034067028 0.064950825802989207 0.034328331523969656 -0.0064193047821966154 0.046359013326280202 -0.016813284727875008
leaf_weight=10.707483712350953 2.2398376455530515 5.1590222341474137 229.55301067815162 4.5927884620032264 3.5415918389335301 4.1471364581957513 1.9102549584349606 2.8347982843406525 3.1282436654437333 1.9065971560194155 2.1007703733630478 5.0869451550533968 3.1123129026964298 3.0303833653451875 7.8955895425751788 0.98527499753981818 3.6467981969472021 3.2643695243168613 8.9764728005975467 4.2937339618802071 6.031942871399222 4.1584370285272598 3.6472238921560347 12.416959373746076 2.9469095654785633 1.9298960652668031 1.8058141414076079 1.6581715189386068 5.4868315411731592 10.196754070231689
leaf_count=149 210 128 2828 278 42 44 99 70 34 21 35 90 101 32 36 13 129 143 107 27 38 24 42 64 10 34 102 13 35 85
internal_value=1.93354e-06 0.000731779 -0.00124025 0.00701667 -0.00416309 -0.0125635 0.0038379 -0.000649226 0.0125364 -0.00772351 0.022519 0.0307858 -0.00498245 -0.0101782 -0.0267264 0.0104165 0.00217973 0.00387812 0.00545658 0.00389049 0.00733177 0.0241153 0.0452031 0.00136597 0.0195932 -0.00818691 -0.0129506 0.0319682 -0.00565801 0.00528726
internal_weight=362.392 308.358 234.712 73.6461 54.0342 26.3591 27.6751 25.7648 15.0574 7.13561 4.00737 7.92174 22.8175 19.7052 10.926 8.77921 7.79393 69.0534 65.789 63.5491 52.7669 13.8376 7.80566 38.9293 10.8287 6.53498 10.7823 3.58807 28.1005 15.6836
internal_count=5063 4168 2956 1212 895 397 498 399 250 90 56 160 355 254 68 186 173 934 791 581 372 104 66 268 84 57 209 47 184 120
is_linear=0
shrinkage=0.05


Tree=156
num_leaves=31
num_cat=0
split_feature=2 2 2 6 3 5 6 5 2 6 6 1 6 2 4 6 4 1 2 1 4 6 0 2 5 1 1 0 0 1
split_gain=0.41648 3.16288 2.3901 3.03896 1.58262 1.77615 1.44464 1.49652 2.69166 2.52922 1.89189 1.25545 1.72249 1.19756 1.14202 1.12292 1.20498 1.09294 0.967081 2.93585 3.91064 4.81719 2.08411 1.40269 1.08214 3.07926 3.10463 2.71956 2.81431 2.53685
threshold=-1.2294918527492065 -1.2217192913963093 -1.2468658134203887 -0.84942161351248091 0.39851002957302184 0.13139565650439944 -0.8507282742077924 -0.76720904743073381 -0.84177820408703419 1.7445176434631551 3.047394467177694 1.414123554931721 -0.73644990756368489 -1.2022116864321746 -0.83256687296760046 -0.41321471806103288 -0.94660553505273415 1.9668001027168092 -1.0818131870441572 -1.4718732957946667 -0.3105716138764702 0.97407783099018419 -0.43145538629536023 -1.1679209745811572 -0.21640051345653846 0.19962641271934417 -0.29509550138511847 -0.31618780544845421 -0.28844605265989637 -0.43335820690994825
decision_type=2 2 2 2 2 2 2 2 2 2 2 2 2 2 2 2 2 2 2 2 2 2 2 2 2 2 2 2 2 2
left_child=2 -2 3 17 5 -5 13 8 -8 14 -11 12 -6 -3 15 16 -10 -1 19 -9 -21 -22 -20 -23 25 26 27 -24 -29 -30
right_child=1 6 -4 4 11 -7 7 18 9 10 -12 -13 -14 -15 -16 -17 -18 -19 22 20 21 23 24 -25 -26 -27 -28 28 29 -31
leaf_value=-0.05063100688347634 -0.05826544269149856 -0.011771710077760148 0.03947796576692203 0.0054869785583044669 -0.030781254125173338 -0.053789588651914889 -0.051726225778850554 0.060117565172031921 -0.062821422015221159 0.057034745615803323 -0.026824848443497241 0.067447153317807915 0.035456617382118374 0.062903542036033405 -0.032141294024026941 0.065751908390502975 0.041600716154167217 -0.001436822498140025 -0.034880017074052923 -0.020959680282001403 0.048100187900539187 0.019191369180950643 -0.012078810145663872 -0.052583710679219277 -0.0013506231035477409 -0.016561167819740947 0.034619846708153101 0.056233114197006433 0.017290682561900104 -0.038414305059937717
leaf_weight=3.4467514753341737 2.351847573183476 0.80032900022342834 4.4470703997649244 10.237159636511935 1.3811215609312051 1.4416981660760928 3.8846328423824152 2.6294962624087956 0.61964364862069476 2.3622884465148677 0.9402562342584132 1.6017793398350475 3.391953540500253 1.6310692715924222 5.0913090419489881 0.66585234925150771 0.4985513756982981 1.6790225617587564 4.3158687446266404 8.623276195954535 6.9016092068050021 1.0412902347743513 13.90406177123077 1.9656677879393099 234.45753373391926 11.454157429572659 11.674303943640554 3.7063179798424235 11.194411535863763 2.5003412854857769
leaf_count=278 38 14 42 516 26 27 141 27 31 136 13 18 116 405 244 17 16 10 34 68 87 15 111 37 2035 243 136 33 123 26
internal_value=2.49686e-06 -0.000486618 0.0059019 -0.000539798 0.00910687 -0.00183043 -7.59127e-05 -0.000360184 -0.0163181 -0.00280379 0.0331594 0.0291442 0.0162902 0.0383231 -0.0200785 0.0143462 -0.0162644 -0.0345167 0.000353657 0.0106765 0.00366123 0.0250884 -0.00039136 -0.0277285 0.000123881 0.0064749 0.0126141 0.00440769 0.017581 0.00712026
internal_weight=360.841 333.214 27.6266 23.1795 18.0537 11.6789 330.862 328.431 14.0625 10.1779 3.30254 6.37485 4.77308 2.4314 6.87536 1.78405 1.1182 5.12577 314.368 21.1613 18.5318 9.90857 293.207 3.00696 288.891 54.4336 42.9794 31.3051 17.4011 13.6948
internal_count=5063 4030 1033 991 703 543 3992 3573 598 457 149 160 142 419 308 64 47 288 2975 234 207 139 2741 52 2707 672 429 293 182 149
is_linear=0
shrinkage=0.05


Tree=157
num_leaves=31
num_cat=0
split_feature=6 4 2 0 6 3 6 0 4 0 0 1 0 5 0 3 4 0 1 5 2 5 5 2 4 5 1 2 2 1
split_gain=0.421495 1.72297 1.82965 1.64827 1.25897 1.19878 1.56579 1.4106 2.93976 1.35162 2.2485 1.93119 1.32712 1.17993 1.52447 1.87123 2.09105 0.94009 1.05238 0.829905 2.31109 2.04017 1.62949 1.32248 1.50749 1.79607 1.33995 1.26689 1.50375 1.32754
threshold=1.3189545882589309 -0.11261185320675467 0.21292240435448043 -0.23864328571191082 0.91767364430924314 -1.1662064693504284 3.047394467177694 -0.38591748076643312 0.73300199645192177 -0.46382645497508307 -0.44504841469390521 0.038836760499984184 -0.45995569555809002 1.0332201840986603 -0.3739386548856477 -0.70599582641508996 0.42538145650542575 -0.43380396045593289 -0.46970897686602664 1.7383792152987647 0.63653246936096464 1.5869265971197628 2.3768788169919026 1.7565434419196224 0.25992859678448271 -0.39643918931907918 0.1078461150765742 0.27030765155177999 0.35169097149216128 -1.438978628198343
decision_type=2 2 2 2 2 2 2 2 2 2 2 2 2 2 2 2 2 2 2 2 2 2 2 2 2 2 2 2 2 2
left_child=4 -2 5 -4 19 17 7 8 -7 -10 12 -12 -11 14 15 16 -6 18 -3 21 -21 23 -22 -1 25 -25 -27 29 -29 -23
right_child=1 2 3 -5 13 6 -8 -9 9 10 11 -13 -14 -15 -16 -17 -18 -19 -20 20 22 27 -24 24 -26 26 -28 28 -30 -31
leaf_value=0.00058576958853170154 -0.056224460878351049 0.065071266447814663 0.047084621756519722 -0.040734418272199722 -0.11063674614991761 0.091702418828798746 -0.057430879368552762 -0.036489389019203011 0.051409810898075038 0.00061508217875033515 0.045682885212714769 -0.027106027990739346 -0.052089513217781463 0.0066684245504762367 -0.053217490284558772 0.037609710784683913 -0.0059524596192725744 0.067142056431595584 -0.029316860911067246 -0.012583466724388101 0.054833419249878237 -0.00055658587586019 -0.037499256721920518 -0.059252331229987312 -0.061094687179896814 0.055871879249983492 -0.025374313304916265 -0.03655590508005177 0.024331286512494613 0.055895221440593001
leaf_weight=281.91623220604379 1.0421045282855654 0.46234873100183904 4.3460962296812795 0.60920226387679477 0.65344455838203508 0.96667868271470503 1.2419529673643399 2.0783489588648019 1.1517320495913761 2.1166342012584209 2.7103971029864571 1.3727734070271251 2.7413313146680593 3.4763577189296484 3.3930597761645895 1.4500977564603088 1.7668546692002562 1.1453084396198452 0.81739251676481239 26.231466466095302 2.2215259086806323 1.4406516104936598 0.60878253635019053 0.99897318379953537 1.8570660687983034 1.2260043001733714 0.86591952556045715 1.5154456235468385 3.0650388412177563 3.7581753646954876
leaf_count=3611 8 12 225 7 4 8 9 10 225 31 49 11 86 30 31 51 64 22 47 171 95 30 6 22 22 44 38 8 47 39
internal_value=2.09449e-06 0.00658075 0.00958852 0.0362882 -0.000443769 0.00171552 -0.00376857 0.00130424 0.00840656 0.000428614 -0.00613841 0.021211 -0.0291259 -0.0172873 -0.0287528 -0.00730529 -0.0342156 0.0342346 0.00478396 0.000111631 -0.00795195 0.00090161 0.0349732 0.000136011 -0.0254895 -0.00409733 0.0222413 0.0233595 0.00418686 0.0402518
internal_weight=359.247 22.8023 21.7602 4.9553 336.445 16.8049 14.3798 13.1379 11.0595 10.0929 8.94114 4.08317 4.85797 10.7398 7.26346 3.8704 2.4203 2.42505 1.27974 325.705 29.0618 296.644 2.83031 286.864 4.94796 3.0909 2.09192 9.77931 4.58048 5.19883
internal_count=5063 750 742 232 4313 510 429 420 410 402 177 60 117 180 150 119 68 81 59 4133 272 3861 101 3737 126 104 82 124 55 69
is_linear=0
shrinkage=0.05


Tree=158
num_leaves=31
num_cat=0
split_feature=0 2 4 0 5 5 3 2 5 0 6 6 4 2 6 2 0 2 2 1 6 5 5 2 1 6 0 0 3 3
split_gain=0.412485 1.16163 1.7029 1.35108 0.982621 1.4838 0.819406 0.639775 0.659289 0.606503 0.801017 2.13334 1.70128 1.71672 0.769287 2.52907 2.80814 2.44732 3.49202 2.10648 2.02977 1.30119 2.48836 1.26287 1.08997 1.58536 0.856831 1.10182 1.76065 0.956649
threshold=-0.15282190267858006 0.90994376042672809 -0.77662554651860782 -0.055014081149258216 -0.99729033699712 -1.0265590758240741 0.30646788257752478 2.2315840577081043 -0.40508591749695272 -0.18058233330026294 -0.66755077798382867 -0.58841613962403339 0.023276283848430081 0.14899473318106873 -0.68018183137183863 -0.05217745825188428 -0.43380396045593289 -1.2447321691274367 -1.2022116864321746 1.9668001027168092 -0.656253607388949 -0.23034210261387453 -0.084911859067514403 -1.2468658134203887 -0.26721543549539367 -0.84876828316482522 -0.46139035719728066 -0.45780977284132413 -0.52191153242409583 0.39851002957302184
decision_type=2 2 2 2 2 2 2 2 2 2 2 2 2 2 2 2 2 2 2 2 2 2 2 2 2 2 2 2 2 2
left_child=9 2 4 6 5 -2 -4 8 -3 14 -11 -12 13 -13 15 16 19 -18 -19 21 -16 -1 -23 -24 -20 -26 29 28 -28 -22
right_child=1 7 3 -5 -6 -7 -8 -9 -10 10 11 12 -14 -15 20 -17 17 18 24 -21 26 22 23 -25 25 -27 27 -29 -30 -31
leaf_value=-0.052688247597934106 0.034763778152402718 -0.0032743316856157058 0.01955376474159369 -0.051069933895801889 0.057240134588261306 -0.08450677247830149 -0.026958665068868098 -0.045152310434046911 0.050205438670444816 0.023558735093573313 -0.07477394730872626 -0.045595573813359679 -0.05347677070301874 0.028852399610731001 0.035118558417161057 -0.038803636287059094 0.075012012218092908 -0.031266550933377053 0.054701433011005642 0.014116628599916548 0.0052946810293166523 0.091710203889034378 -0.050832769090748853 0.014872083787249796 0.043805799189504405 -0.025135478152743387 -0.045523795082351062 1.8570750324117313e-06 0.035396995155066079 0.036062128039881389
leaf_weight=3.9921401070896563 0.83051766507560387 0.73789360956288952 2.2986769331619148 1.8928857631981362 1.5728592678788116 0.38011339306831293 1.6101712218951432 0.24524702876806248 2.6312567706336258 1.2219308745115993 1.4296419774182139 1.0356981307268123 1.4170953864231703 3.0685546768363565 4.2306695971637955 5.3638915359042576 1.5690469145774848 3.6041892801877102 2.6807632362470022 3.4545659283176064 11.732431830139829 0.50404472462832961 2.0848595553543428 1.1264374256134035 1.803981965407728 1.5507117263041448 2.9438908416777854 287.19525712443283 0.87109407945535977 3.2197865024209014
leaf_count=225 62 37 38 9 464 1 14 3 421 24 11 4 15 66 36 44 13 56 32 28 519 7 138 6 18 33 74 2535 18 112
internal_value=2.29765e-06 0.00903835 -0.000972529 -0.0163968 0.0311768 -0.00268474 0.000393907 0.032817 0.0384926 -0.000316212 -0.0137751 -0.0203381 -0.006243 0.0100656 9.29607e-06 -0.00796895 -0.000575633 0.0171024 0.00767642 -0.0183275 0.000722638 -0.0328693 -0.0115738 -0.0277853 0.030932 0.0119376 0.000247031 -0.000352735 -0.0270468 0.0119201
internal_weight=358.3 12.1996 8.58522 5.80173 2.78349 1.21063 3.90885 3.6144 3.36915 346.101 8.17292 6.95099 5.52135 4.10425 337.928 27.7346 22.3707 11.2087 9.63965 11.162 310.193 7.70748 3.71534 3.2113 6.03546 3.35469 305.962 291.01 3.81498 14.9522
internal_count=5063 1049 588 61 527 63 52 461 458 4014 120 96 85 70 3894 600 556 152 139 404 3294 376 151 144 83 51 3258 2627 92 631
is_linear=0
shrinkage=0.05


Tree=159
num_leaves=31
num_cat=0
split_feature=3 3 3 3 3 3 2 5 0 5 5 0 0 3 3 3 1 1 2 0 2 6 6 0 4 6 4 1 1 0
split_gain=0.416076 5.47004 3.99524 0.94306 6.03836 4.38707 0.976818 1.82846 1.45774 2.73495 1.20766 1.59992 2.18739 0.928088 11.4683 11.2674 3.04438 3.56481 5.41379 2.68415 8.06948 4.14061 3.04605 2.1505 2.50291 1.8262 2.10514 2.20849 3.23347 3.22144
threshold=1.2268893525324958 1.1348471134948515 1.3189314995279926 0.85872076455050717 0.76667852551286308 0.95076291154600423 -0.34296264902756451 -0.2371901505000206 -0.35729582234729645 0.68908008171291002 0.11515883161561412 -0.29917434832961837 -0.26221899987400066 0.30646788257752478 0.39851002957302184 0.21442564353988061 0.23344636145116224 -0.2325911047311516 0.25994426689521632 -0.33203770776548741 -0.0090473324208604714 -0.41784247469026076 -0.32161235890014156 -0.23864328571191082 -0.33265651916400002 -0.38746261352427119 -0.28403385243543783 -1.1762779196764357 0.10300809933264046 -0.26845378018014682
decision_type=2 2 2 2 2 2 2 2 2 2 2 2 2 2 2 2 2 2 2 2 2 2 2 2 2 2 2 2 2 2
left_child=1 3 -2 4 13 -5 7 -7 -8 10 11 -10 -13 15 -15 25 17 19 -19 -16 -21 23 -23 -22 -25 -1 27 -27 -29 -30
right_child=2 -3 -4 5 -6 6 8 -9 9 -11 -12 12 -14 14 16 -17 -18 18 -20 20 21 22 -24 24 -26 26 -28 28 29 -31
leaf_value=0.0059090877151736845 -0.057099890406950488 0.061704134484051189 0.00061207655552912143 -0.055072819104189735 0.055364436345929018 -0.0036225613894221667 -0.042264308414906283 0.05470332351512032 0.049352055828455824 0.026993189260789793 -0.063961874277679576 -0.074141494510559167 0.017607372028605028 -0.059957974652392138 -0.012080831570228967 0.059412879769544458 -0.024308278202481954 0.069704785968652913 -0.010835668043752928 0.083731670738536351 -0.035323695952528315 0.071591899477805157 0.0096918162645669506 -0.020414220551000513 0.049153090045045672 0.01682888411957623 -0.00073329748821405463 -0.029389613792372607 -0.031924977617999527 0.040528555452500455
leaf_weight=67.020799089572392 3.3504929118789759 3.6143904201744581 28.571096652420238 4.3574961584527072 4.9486545568797728 3.6674739722511731 2.3844073521904674 2.120690372772521 0.8681578731630023 5.0720510119572282 1.4345966242253778 1.3216593489050894 1.2775959332357021 8.4638990254607034 22.386733474209898 8.046334653394295 9.6922805010108259 4.9523283422458899 3.6055258712731302 3.3676938252756328 7.6344317831099033 2.4906416516751024 9.8371090320870458 3.4517149702878669 2.067278875038026 4.6442407821887164 108.04043833242031 22.118279232759964 2.5854444855358452 3.7730022366158655
leaf_count=1070 77 154 443 105 213 51 11 30 10 37 8 5 49 99 163 181 205 51 27 22 33 23 75 32 22 44 1566 167 38 52
internal_value=1.95766e-06 0.000536593 -0.00544538 -0.000150789 0.000591827 -0.0100217 0.000796283 0.0177471 -0.00714274 0.00125345 -0.0253791 -0.00941604 -0.0290447 -0.000329556 -0.005007 0.00135665 0.00168645 0.00590009 0.0357721 0.000910582 0.0109919 0.00137835 0.0221978 -0.0181342 0.00564398 -0.000887253 -0.00411403 -0.015142 -0.020356 0.0110678
internal_weight=357.167 325.245 31.9216 321.631 299.127 22.5041 18.1466 5.78816 12.3585 9.97406 4.90201 3.46741 2.59926 294.178 77.9496 216.229 69.4857 59.7935 8.55785 51.2356 28.8489 25.4812 12.3278 13.1534 5.51899 208.182 141.161 33.121 28.4767 6.35845
internal_count=5063 4543 520 4389 4083 306 201 81 120 109 72 64 54 3870 752 3118 653 448 78 370 207 185 98 87 54 2937 1867 301 257 90
is_linear=0
shrinkage=0.05


Tree=160
num_leaves=31
num_cat=0
split_feature=3 3 3 2 1 1 5 2 5 5 1 6 4 1 4 2 2 2 2 5 2 2 2 2 5 5 2 5 3 6
split_gain=0.432092 6.02772 4.76416 1.37198 3.28462 2.18817 4.82296 4.05277 3.01897 2.4004 3.70283 2.98859 3.71887 1.90897 3.23068 1.82878 1.97493 2.38315 2.25913 2.03665 1.91785 1.81555 1.59373 2.03163 1.58959 3.32464 1.50218 1.4983 1.33747 2.37996
threshold=-0.24578499939545764 -0.15374285239996058 -0.33782723843310175 0.24699002845435353 -1.0473081786632019 -0.3402738109420656 0.33526351918818315 0.35717747014800766 -0.53595654394085257 1.2746346602122036 -0.22536324344435524 0.65680428090989029 -0.2089925407955199 -0.49458473668055952 -0.093497153620987011 0.17993259066919218 0.13192560931808389 -0.033736660193909564 -0.09789653282765988 1.0081229451328322 0.16347304898070375 -0.1369135563535778 -0.37359570018812333 -0.41123926640203518 -0.39990922557480457 0.045484203462505902 1.1063914385421136 -0.77869296559492873 1.0000000180025095e-35 -0.4340668449903769
decision_type=2 2 2 2 2 2 2 2 2 2 2 2 2 2 2 2 2 2 2 2 2 2 2 2 2 2 2 2 2 2
left_child=2 -2 3 15 -5 6 8 -8 27 10 -7 12 -12 14 -9 16 17 18 21 -19 -18 22 23 -1 -24 -26 -16 -6 29 -3
right_child=1 28 -4 4 5 9 7 13 -10 -11 11 -13 -14 -15 26 -17 20 19 -20 -21 -22 -23 24 -25 25 -27 -28 -29 -30 -31
leaf_value=-0.0026542741264282688 -0.055982001234654827 0.0096432621946787155 0.053855162928806856 0.051565996504967099 0.053447257234768945 0.088219780680324211 0.03439419559490741 -0.057727197577948419 0.052050740707907522 0.057772170807444338 0.039583396378765637 0.059256330514369161 -0.048645925668992118 -0.067915974907166304 0.025350614941339424 -0.028477239087005848 0.045075848251012907 -0.04152886063510737 0.039944302100722091 0.00054918824580476124 -0.0054955670941378085 -0.047756633162754816 -0.017808133268212074 -0.067772083907859285 0.062880752727543329 0.00029506799186933432 -0.025646684310999847 -0.053517266927170473 0.0014630782577235656 -0.019474397548047976
leaf_weight=39.140320675563991 4.9283193515148005 10.586578985326925 4.3376324629643923 3.9574853198137125 0.44159170170314688 1.1964453221298716 2.7074059396982184 3.8453904518391919 4.5772209698334354 3.2000926067703395 1.6922164522693446 1.3795986659824846 4.0593207839410814 2.990829119924455 3.0720963831990957 6.5171490181819527 4.3403485585586159 6.8977796466206183 3.4409119670745048 4.9317866015480831 3.3002693090820685 2.0704748323187223 2.5842366414144626 1.2356158287730057 3.6869098998140526 4.9990985605400056 2.7247318048030138 1.2658877160865811 194.21722909997334 20.817203548271209
leaf_count=827 128 149 278 70 63 34 17 47 79 36 129 95 23 18 22 42 34 62 28 24 24 18 35 6 29 26 25 16 2546 133
internal_value=2.30623e-06 -0.00127979 0.00237473 0.000517821 0.00851178 0.00337235 -0.00600632 -0.02112 0.030885 0.0209661 0.00682243 -0.00683423 -0.0226871 -0.0330173 -0.0221924 -0.00305014 -0.000887584 -0.00355895 0.000668797 -0.0239864 0.0232322 -0.00184706 -6.56558e-06 -0.00464706 0.0166181 0.0268605 0.00137993 -0.0258539 -8.49138e-05 -0.0096585
internal_weight=355.142 230.549 124.593 120.255 37.1103 33.1528 21.6252 15.3405 6.2847 11.5277 8.32758 7.13114 5.75154 12.633 9.64222 83.1449 76.6278 68.9871 57.1576 11.8296 7.64062 53.7167 51.6462 40.3759 11.2702 8.68601 5.79683 1.70748 225.621 31.4038
internal_count=5063 2956 2107 1829 674 604 287 129 158 317 281 247 152 112 94 1155 1113 1055 969 86 58 941 923 833 90 55 47 79 2828 282
is_linear=0
shrinkage=0.05


Tree=161
num_leaves=31
num_cat=0
split_feature=4 0 5 4 1 0 1 6 6 2 2 4 5 3 2 1 6 6 0 5 4 6 5 3 5 4 0 3 2 5
split_gain=0.443897 1.87083 3.7541 1.98885 2.0986 1.3439 2.17071 1.67556 1.74839 1.58375 2.09686 2.64914 2.55349 2.77538 1.73807 1.5064 2.27015 1.50868 1.2751 1.22451 2.23214 1.88398 3.04426 2.51456 1.20814 1.18435 1.14571 1.04349 1.01998 2.884
threshold=0.55043069004549905 -0.38472164537518416 0.014315415679642318 1.2717506450993465 -1.1613437297434215 -0.46139035719728066 0.52393745070997144 0.26012387149161126 1.6894473395753444 -0.58162598827033074 -0.033736660193909564 1.067746771576741 -1.230341803931422 0.95076291154600423 0.40183159713622169 -0.57060052400486871 0.74309833099607925 1.7733458450534623 -0.4358445192622965 1.9955122524882223 -1.0000000180025095e-35 0.91767364430924314 0.52732995515441261 -0.89008012040608409 0.11515883161561412 0.50291020155918076 -0.44644579680684154 -0.33782723843310175 0.41751206909177146 1.5161293629221668
decision_type=2 2 2 2 2 2 2 2 2 2 2 2 2 2 2 2 2 2 2 2 2 2 2 2 2 2 2 2 2 2
left_child=19 5 -3 4 -4 7 9 -2 -9 18 15 -12 -13 14 -14 -11 -17 -18 24 21 -21 25 -23 -24 26 -1 27 -7 29 -6
right_child=1 2 3 -5 28 6 -8 8 -10 10 11 12 13 -15 -16 16 17 -19 -20 20 -22 22 23 -25 -26 -27 -28 -29 -30 -31
leaf_value=-4.0078591584133424e-05 -0.047758894343398084 0.064544572310193324 0.06164194901642267 -0.035096340675422014 0.023323131499549107 -0.04649005713517515 -0.054857551262594256 0.059770129969740307 -0.0021763951240309077 0.040826994740778458 -0.056903982669218735 -0.062121475100226586 0.059143953061658233 -0.034257659309067538 -0.020440802284464134 -0.026661903945909334 0.072464189058959905 0.0012777386483158585 -0.061343913254576714 -0.0083947771729134743 0.056163074910308489 -0.064499771755054155 -0.042588419050277888 0.018741837239553298 0.016981993242834031 -0.02404520510459409 0.02488844698966788 0.015747636641939199 0.01746070366687966 -0.033009000207891714
leaf_weight=268.24625572364312 0.78746164264157315 3.202222898660696 1.9261827915906966 2.5210835490142918 4.465802541002633 3.8111671442165957 2.2416833543684325 2.4691210936871357 2.114538119349163 4.6072393273934722 2.5257352888584155 1.2386390154715625 2.9917991801048633 1.7972821556031702 0.89015202724840481 3.1455792747437972 1.3832857292145493 1.6112337466329334 1.5971149653196324 2.7677312309388071 2.593699154444038 3.0218103297520411 2.6960940565913916 4.3969056312926114 2.4330978579819202 5.2385473100002846 0.94622783921658893 0.8180331229232255 10.657976164249702 4.6253095204010606
leaf_count=3608 10 176 27 28 31 93 60 244 153 41 13 18 70 12 22 25 15 29 6 42 32 22 23 35 21 38 8 16 121 24
internal_value=2.67835e-06 0.00374255 0.0136691 0.0069361 0.011825 -0.00352765 -0.00740791 0.0196178 0.0311929 -0.00383813 0.00411275 -0.0130765 0.00292498 0.0171116 0.0408947 0.0192169 0.00300163 0.0341615 -0.0205508 -0.000836098 0.0228364 -0.00128362 -0.0224742 -0.00457018 -0.0124156 -0.000499892 -0.0252445 -0.0354919 0.00696617 -0.00533712
internal_weight=353.769 64.808 27.3986 24.1964 21.6753 37.4094 32.0383 5.37112 4.58366 29.7966 20.1909 9.44361 6.91787 5.67923 3.88195 10.7473 6.1401 2.99452 9.60564 288.961 5.36143 283.6 10.1148 7.093 8.00853 273.485 5.57543 4.6292 19.7491 9.09111
internal_count=5063 1263 407 231 203 856 449 407 397 389 245 135 122 104 92 110 69 44 144 3800 74 3726 80 58 138 3646 117 109 176 55
is_linear=0
shrinkage=0.05


Tree=162
num_leaves=31
num_cat=0
split_feature=6 4 2 0 1 6 0 0 0 1 5 6 5 0 1 4 0 5 2 5 0 4 6 1 5 5 2 4 5 1
split_gain=0.432396 1.52317 1.57335 1.47354 1.17375 1.64457 1.53368 3.58661 1.95691 2.61541 1.14519 1.11915 1.03912 1.34295 1.75929 2.03857 1.16928 0.793 2.07471 1.84621 1.56711 3.1347 1.56828 2.02987 1.8659 1.54798 1.21851 1.43753 1.59566 1.25776
threshold=1.3189545882589309 -0.11261185320675467 0.21292240435448043 -0.23864328571191082 -1.7752840295684298 3.047394467177694 -0.44504841469390521 -0.46139035719728066 -0.39567619450301389 0.051594620033375442 -2.0420442091667641 0.91767364430924314 1.0332201840986603 -0.3739386548856477 -0.053233841534520675 0.40948991007561591 -0.462054069539728 1.7383792152987647 0.63653246936096464 1.5869265971197628 -0.22896010285105647 -0.18582787920074428 -0.42600910403595682 -0.60929981399221511 1.7731382848477517 2.3768788169919026 1.7565434419196224 0.25992859678448271 -0.39643918931907918 0.1078461150765742
decision_type=2 2 2 2 2 2 2 2 2 2 2 2 2 2 2 2 2 2 2 2 2 2 2 2 2 2 2 2 2 2
left_child=11 -2 4 -4 -3 6 7 10 9 -8 -6 17 13 14 -13 -16 -17 19 20 26 21 -19 -23 24 -24 -20 -1 28 -28 -30
right_child=1 2 3 -5 5 -7 8 -9 -10 -11 -12 12 -14 -15 15 16 -18 18 25 -21 -22 22 23 -25 -26 -27 27 -29 29 -31
leaf_value=0.00055252315439388295 -0.054771753105460223 0.062821005559318785 0.045779003740679704 -0.037947010008773201 -0.049103753019040075 -0.048530390265763695 0.063714966699513986 -0.048422912904676957 -0.011098942788548345 -0.020699698410967325 0.04345691960816514 0.048680776647685366 0.0059626255581903464 -0.051122530417070725 -0.11825169069157988 0.05568980150926725 -0.028562876320743877 0.04058409583376496 0.054511543348458896 0.022517194837227333 -0.04566622432552378 -0.047904242790063216 -0.030060442546279494 -0.031351339295287196 0.01740602977735976 -0.03611472242709244 -0.058036353280005108 -0.060481304687972096 0.055180431500579122 -0.025303791938012535
leaf_weight=277.87842383165844 0.95885484572500246 0.76110079977661982 4.1118757344083861 0.60251385252922673 0.39296696102247164 1.6139515275135625 3.3164550180081278 3.3526563348714258 3.0944811254739699 1.2685581184923647 2.2332741142017767 1.0231303223408761 3.424374614842236 3.2546222116798145 0.51082584261894259 0.55090806109365154 1.6309264954179519 2.9293266255408623 2.0762287119869138 9.5155404248507676 3.0856207413598886 3.0351998470723727 2.8360234126448756 6.2739588301628642 7.6692028390243649 0.60951926885172714 0.91834076330997061 1.7835521097294984 1.1634549832670007 0.83293908089399349
leaf_count=3611 8 11 225 7 12 12 66 110 19 11 269 26 30 31 2 64 27 27 95 124 18 17 15 32 62 6 22 22 44 38
internal_value=2.89982e-06 0.0068392 0.00968654 0.0350786 0.0022204 -0.000799644 0.00484049 -0.0141481 0.0196242 0.0403595 0.029607 -0.000445416 -0.0165919 -0.0276724 -0.0071326 -0.02834 -0.00728927 7.80886e-05 -0.00788062 0.000855046 -0.0122296 -0.00769328 -0.0148305 -0.00884779 0.00459183 0.0339443 0.000125591 -0.0251252 -0.00349044 0.0216007
internal_weight=352.709 21.7067 20.7478 4.71439 16.0334 15.2723 13.6584 5.9789 7.67949 4.58501 2.62624 331.002 10.3948 6.97041 3.71579 2.69266 2.18183 320.607 28.5151 292.092 25.8293 22.7437 19.8144 16.7792 10.5052 2.68575 282.577 4.69829 2.91473 1.99639
internal_count=5063 750 742 232 510 499 487 391 96 77 281 4313 180 150 119 93 91 4133 272 3861 171 153 126 109 77 101 3737 126 104 82
is_linear=0
shrinkage=0.05


Tree=163
num_leaves=31
num_cat=0
split_feature=3 3 3 2 5 2 1 1 5 1 0 5 0 3 3 3 3 3 6 0 2 0 0 1 6 1 2 6 1 6
split_gain=0.414819 5.73131 4.48826 1.2574 3.30047 3.72709 1.97053 2.92661 2.84325 1.84747 1.86555 1.63677 2.20899 1.3718 1.23252 2.33174 11.3399 8.48823 2.21878 2.76799 2.63449 2.44451 3.06393 2.15603 2.87654 2.55214 2.39177 2.3733 6.41251 3.66006
threshold=-0.24578499939545764 -0.15374285239996058 -0.33782723843310175 0.28021387243794593 0.075788148535966007 0.33172614179636356 -0.3402738109420656 -1.0473081786632019 1.2746346602122036 -0.49458473668055952 -0.28496254541408356 -0.56769956538561817 -0.18822960466321795 -0.70599582641508996 1.0000000180025095e-35 0.30646788257752478 0.39851002957302184 0.21442564353988061 -0.4340668449903769 -0.30052573773206609 0.32136272665916715 -0.33292608708540494 -0.38101874696142085 -0.79926088106645266 -0.62519319377748495 -0.98678564803337465 0.13192560931808389 -0.36298994758500186 -0.73448109002052886 -0.51271148558943047
decision_type=2 2 2 2 2 2 2 2 2 2 2 2 2 2 2 2 2 2 2 2 2 2 2 2 2 2 2 2 2 2
left_child=2 -2 3 -1 11 -6 7 -7 13 10 -9 12 -5 -8 18 17 -17 23 19 -3 -21 22 -20 24 -16 26 -26 28 -25 -30
right_child=1 14 -4 4 5 6 8 9 -10 -11 -12 -13 -14 -15 15 16 -18 -19 21 20 -22 -23 -24 27 25 -27 -28 -29 29 -31
leaf_value=-0.0027304889648842191 -0.05575580035472897 0.040561677011436509 0.053678471703742694 0.051294693985562169 0.055629501703135166 0.037790505389014961 0.018457735573743191 0.024952138152294197 0.053237201144825899 -0.058510989036559151 -0.025964363618516163 0.053204545505467021 -0.046036793780700885 -0.032922840239405053 -0.03118632700630268 -0.059388061508511003 0.001501598295154247 0.05887912404632796 -0.023592008239671024 0.033078309234402484 -0.034919730854307857 -0.03416477977184814 0.035436749793703072 -0.090014065214160638 -0.010826012827561793 0.071135939934554346 0.050057246384021085 -0.015023679767390288 -0.0014622811482189262 0.051425256474097771
leaf_weight=83.86180291621713 4.7237188166473052 4.240294416202234 4.1163929385365909 1.171729676658287 2.7374269217252758 2.1611092824023244 2.5019467658130452 2.3057988332584509 2.948067149030976 3.1361220600083444 8.1847800926771015 5.25540957035264 1.1601081492844967 2.7020156495273078 2.1733486033044747 8.1209696119185519 130.87546171605936 7.676766504009719 5.3861233333591372 2.1657069298089482 4.1616860585636459 11.527879825327544 3.7142947912216204 1.4105451926588966 3.7693936340510836 2.9575579995289436 2.8198670074343681 20.486953847575936 7.3335292507545029 5.9057085234671876
leaf_count=1179 128 53 278 153 18 39 60 17 35 21 87 155 39 26 16 99 1846 181 40 35 61 64 29 6 19 24 31 139 133 52
internal_value=2.78687e-06 -0.0012506 0.0023554 0.000566922 0.00863728 0.000361529 -0.00595815 -0.0162661 0.014005 -0.0248391 -0.0147731 0.0377354 0.00287149 -0.00822023 -0.000104907 0.00138176 -0.00205593 0.0101438 -0.00932774 0.00930255 -0.0116457 -0.0188719 0.000500314 0.00215929 0.0207298 0.0325486 0.0152289 -0.00403508 0.0113319 0.0221296
internal_weight=351.693 229.45 122.243 118.126 34.2645 26.6773 23.9398 15.7878 8.15203 13.6267 10.4906 7.58725 2.33184 5.20396 224.726 193.53 138.996 54.5337 31.196 10.5677 6.32739 20.6283 9.10042 46.8569 11.7202 9.54682 6.58926 35.1367 14.6498 13.2392
internal_count=5063 2956 2107 1829 650 303 285 164 121 125 104 347 192 86 2828 2546 1945 601 282 149 96 133 69 420 90 74 50 330 191 185
is_linear=0
shrinkage=0.05


Tree=164
num_leaves=31
num_cat=0
split_feature=0 1 4 0 0 2 5 6 6 5 2 3 5 6 5 0 0 0 5 2 2 0 1 1 2 2 2 0 1 0
split_gain=0.432239 2.58663 2.15112 3.04059 1.56463 1.28932 2.46137 2.1545 3.30337 2.30679 2.12636 2.2909 2.03004 1.73466 1.88106 1.87848 2.21209 2.13125 2.06786 2.78907 2.11372 1.62154 1.52927 2.38906 1.49209 1.44042 1.15824 1.22515 1.21098 1.11884
threshold=-0.24932488679882023 -1.3733166400609285 0.25992859678448271 -0.24785693536914943 -0.25113365607720761 0.97837290288751211 1.298548226536034 -0.038039765919753755 -0.21190730468962385 -0.40508591749695272 0.5557588230369781 0.30646788257752478 0.47619257875424831 -0.2166167276123086 1.8518637944562262 -0.22359998143760404 -0.24068405909462601 -0.22148142620401698 1.7731382848477517 0.32684927103596262 0.27030765155177999 -0.2051559451677101 -0.57764022232397849 -0.21613842206358094 0.21292240435448043 0.21292240435448043 0.084833031709353066 -0.21662472721408096 1.414123554931721 -0.19131681984381652
decision_type=2 2 2 2 2 2 2 2 2 2 2 2 2 2 2 2 2 2 2 2 2 2 2 2 2 2 2 2 2 2
left_child=4 -2 3 -3 -1 10 7 8 9 -7 13 22 -11 14 15 16 -5 -17 19 20 25 -14 -12 -24 -15 26 27 -19 -29 -23
right_child=1 2 -4 5 -6 6 -8 -9 -10 12 11 -13 21 24 -16 17 -18 18 -20 -21 -22 29 23 -25 -26 -27 -28 28 -30 -31
leaf_value=-0.00047701817679513165 0.049420912909977584 0.085331593164902547 -0.038515707638090313 9.1031414146697489e-05 -0.040298448762127265 -0.049763281085121812 0.053458207705392335 0.054977343354543878 -0.052033933467320395 0.048160955419614869 -0.029436285307541617 -0.052037122130173599 -0.040470438519612684 -0.044162493995324917 -0.055097872089506887 -0.071333958814030249 0.060748088101131872 -0.044672670160816462 -0.065795094220245418 0.048085967037012914 -0.054044772935562958 0.067596363075866153 0.049128747764822303 -0.023105754901387728 0.0044260669723114052 0.070803745490122791 -0.047406006487260843 0.044364604823060934 -0.020493840130770501 -0.003731822895131875
leaf_weight=283.87561010493664 2.954452338453847 1.1192578934133042 3.1806418446358284 2.4301340733654797 2.4883378846570841 1.3290561896283168 3.162296386959496 1.8271377288037918 2.6901660757139334 3.7165127249318166 3.6700748912990084 3.8641381810302837 1.6854481399059298 2.9302304442971971 0.99892385955899854 0.86319813877344209 3.940043096663433 0.76957735465839361 0.84319998323917467 4.1824424767692108 1.587766948767239 0.89968098327517543 2.345681657199747 2.2356065628118813 3.4290198255330324 0.85746168094919983 1.0032853630837051 2.4232568822917528 1.0237275663530452 1.4135842676623722
leaf_count=3410 67 11 48 20 15 59 125 63 26 282 29 71 10 20 8 4 32 8 3 171 44 9 29 82 35 37 72 184 29 60
internal_value=3.875e-06 0.0037403 0.00150664 0.00373052 -0.000823043 0.00210311 0.0137351 0.00447241 -0.00339157 0.0110768 -0.00283451 -0.0202655 0.0215574 0.00490624 0.0118569 0.0152138 0.0376083 0.00468868 0.00985959 0.015244 -0.00267618 -0.00316875 -0.00538679 0.0138793 -0.0179627 0.0107445 0.00087855 0.0123673 0.0251022 0.0240093
internal_weight=349.74 63.376 60.4216 57.2409 286.364 56.1217 16.7239 13.5616 11.7344 9.04428 39.3978 12.1155 7.71523 27.2823 20.923 19.9241 6.37018 13.5539 12.6907 11.8475 7.66508 3.99871 8.25136 4.58129 6.35925 6.07731 5.21985 4.21656 3.44698 2.31327
internal_count=5063 1638 1571 1523 3425 1512 634 509 446 420 878 211 361 667 612 604 52 552 548 545 374 79 140 111 55 330 293 221 213 69
is_linear=0
shrinkage=0.05


Tree=165
num_leaves=31
num_cat=0
split_feature=4 6 0 0 6 2 2 6 2 4 4 2 1 2 6 3 6 2 0 5 0 5 4 6 5 3 4 2 3 0
split_gain=0.426367 1.74614 1.87979 2.25495 1.4508 1.5052 2.3689 1.95648 3.19666 1.39876 2.12223 1.73176 2.07186 1.97113 1.78356 1.7311 1.63515 1.41356 1.18474 1.26829 1.161 1.13137 2.03774 1.67007 2.61366 2.23259 1.06945 1.00515 1.115 0.884647
threshold=0.55043069004549905 -0.41784247469026076 -0.38101874696142085 -0.3739386548856477 1.5638445802385383 1.4634720665243601 1.7310920068857636 -0.19315127929234177 0.41751206909177146 0.71227642097364385 1.0085710810042914 -1.2294918527492065 0.06472089210630276 -0.60631531604337974 2.8172860743137966 0.30646788257752478 2.6636717763212521 -0.046607991313674768 -0.33801954408412704 1.135192152285678 -0.41838595741919005 1.9955122524882223 -1.0000000180025095e-35 0.91767364430924314 0.52732995515441261 -0.89008012040608409 0.52717283728338815 -1.2022116864321746 -1.1662064693504284 -0.39876115040228582
decision_type=2 2 2 2 2 2 2 2 2 2 2 2 2 2 2 2 2 2 2 2 2 2 2 2 2 2 2 2 2 2
left_child=21 -2 9 -4 5 7 -7 -5 -9 -3 17 16 13 -13 15 -15 -12 20 -10 -20 -11 23 -23 26 -25 -26 -1 -14 -29 -17
right_child=1 2 3 4 -6 6 -8 8 18 10 11 12 27 14 -16 29 -18 -19 19 -21 -22 22 -24 24 25 -27 -28 28 -30 -31
leaf_value=-0.00016796271341636083 -0.034101832516312984 0.027894804724844641 0.075875997360355885 0.048344212615102355 0.060055490112754809 -0.04849183796394007 0.023140465209137068 -0.029012949654244238 0.054221022021638865 -0.033766986495523794 0.060475961612388753 -0.020635481217043151 0.016997331541250764 0.043646481729177997 -0.041007314473711753 0.022781617546035554 -0.028857812127918381 -0.049767900206261317 -0.020215620234445369 0.03478576300982382 0.0084040345017342057 -0.0075569277784504913 0.054919911109313914 -0.06150423659810722 -0.041362180184480825 0.017178073283500923 -0.029309419478808576 0.013110067922939814 -0.050975144427952812 -0.021103939144947795
leaf_weight=267.49284015208832 2.909549892647191 3.7212046133354297 1.5203148714499573 3.7083953018300297 1.505288214306346 2.5200890176929525 2.1294147702865303 4.0320150342304242 2.5375942112878009 2.9207911354023963 2.2286083896760824 4.4058736076112828 1.0005103368312118 5.7093060820479931 1.127048562048002 2.4819155968725681 0.66510012617800374 3.4256968819536251 1.8413409141357941 2.433051306870766 3.6990474108606577 2.7382612728979439 2.4936588145792475 2.8840130185708386 2.6126691191457212 4.3245668273884803 3.1858063191175452 0.84145424980670158 3.5098062232136722 2.1371395764872432
leaf_count=3627 25 32 26 41 116 40 25 21 40 38 356 86 11 145 8 25 12 21 18 34 31 42 32 22 23 35 19 15 80 17
internal_value=4.83331e-06 0.00372774 0.00555911 0.0171018 0.0127866 0.00908105 -0.0156851 0.0169939 0.00627278 -0.00121514 -0.00438694 0.00365894 -0.00129066 0.00778604 0.0187173 0.0252345 0.0399432 -0.023695 0.0271584 0.011092 -0.0102026 -0.000816154 0.022221 -0.00124585 -0.0215 -0.00486908 -0.000510949 -0.0281917 -0.0385822 0.00247669
internal_weight=348.742 63.0106 60.101 22.2275 20.7072 19.2019 4.6495 14.5524 10.844 37.8735 34.1523 24.1068 21.2131 15.8613 11.4554 10.3284 2.89371 10.0455 6.81199 4.27439 6.61984 285.732 5.23192 280.5 9.82125 6.93724 270.679 5.35177 4.35126 4.61906
internal_count=5063 1263 1238 361 335 219 65 154 113 877 845 755 387 281 195 187 368 90 92 52 69 3800 74 3726 80 58 3646 106 95 42
is_linear=0
shrinkage=0.05


Tree=166
num_leaves=31
num_cat=0
split_feature=1 4 5 5 0 2 2 2 0 1 1 4 1 2 5 2 0 1 4 1 6 0 5 4 4 6 2 3 4 4
split_gain=0.423162 1.80856 2.26098 2.94712 2.61483 2.61779 3.15908 2.38598 3.96487 2.56283 2.73368 2.4567 3.17553 2.63585 2.83472 3.21615 2.38504 2.36503 2.36297 3.99564 3.00633 1.94394 1.78843 2.78945 2.87253 1.79714 4.20607 2.32711 1.55966 2.06838
threshold=-0.70125156854479342 -0.43533496774531949 1.38624222016614 1.3633758468861632 -0.26845378018014682 1.0338475325817387 1.9065080941201404 0.13192560931808389 -0.33507353398644818 -0.86763613816548735 -0.93833983871746207 -0.3105716138764702 -0.82874150453645379 -0.28520183471375632 0.081484897571375295 -0.84177820408703419 -0.40954018576513695 -0.72714610480119424 -0.03016219410641437 -1.238480874566749 -0.49166880397535356 -0.33943496168549753 1.4479699792148468 -0.18582787920074428 -0.05319933094588912 -1.0000000180025095e-35 -0.27986773922169217 1.0000000180025095e-35 -0.46640686485422228 -0.43533496774531949
decision_type=2 2 2 2 2 2 2 2 2 2 2 2 2 2 2 2 2 2 2 2 2 2 2 2 2 2 2 2 2 2
left_child=1 -1 3 7 22 -6 -7 11 -9 10 18 -3 13 14 16 -16 -13 -14 20 -20 -10 -15 -4 -24 -25 27 -27 -26 -2 -30
right_child=28 2 4 -5 5 6 -8 8 9 -11 -12 12 17 21 15 -17 -18 -19 19 -21 -22 -23 23 24 25 26 -28 -29 29 -31
leaf_value=0.011512912260016434 -0.0064129090744368651 -0.04326416820313133 0.047271126660731549 -0.061993794564009719 -0.046052303464814447 0.057468654002208769 -0.065228151585525959 0.039733746394433757 -0.027867518494573015 -0.025685010339207615 0.048543408763893167 -0.00078836596218589136 0.041616919118362336 -0.053823058705471896 -0.011648423620754843 0.058042989934573602 -0.069071450779466359 -0.02243699500966221 0.034932397362851329 -0.035842913722631715 0.044397787585781473 -0.010260744300521192 0.055751996825116806 -0.050780408571822602 -0.027471510271267575 -0.021138251873252245 0.064695901244287216 0.013171812258619695 0.043967570358044779 0.0029184936812685458
leaf_weight=20.272285651473794 49.589797147549689 7.0866206046193829 3.1901863522361991 2.5980279240757218 4.3014690745621911 1.6666935660177844 0.76558092678897072 5.6564484731061375 2.147023917175833 10.618036554078573 3.0195372686721376 2.9051489506382513 4.3441760683781467 6.6769380774348974 3.8532526679337025 2.9024033918976784 2.284377209842205 2.1564077977091101 2.6779123034793884 7.8103074892424029 4.3653401506016989 4.1543734632432443 2.7045781817287233 2.3127587120980087 5.4382357718423107 2.3445705026388168 3.6478227386250976 9.9946352895349246 3.1276226632762691 163.0743864455726
leaf_count=284 1480 35 23 12 23 70 4 69 15 91 40 61 49 36 35 23 9 14 27 56 71 24 18 10 37 12 48 93 44 2250
internal_value=5.33114e-06 -0.00222584 -0.00472099 -0.00966775 0.00551576 -0.0226096 0.0188487 -0.00779674 0.00127256 -0.00582818 0.00470325 -0.0168488 -0.0104549 -0.0192521 -0.00305527 0.0182928 -0.0308459 0.0203686 -0.00308337 -0.0177722 0.0205731 -0.0371146 0.011907 0.00764043 0.00215886 0.00787341 0.0311126 -0.00115008 0.00136905 0.00369096
internal_weight=347.687 131.895 111.623 75.2563 36.3665 6.73374 2.43227 72.6583 36.2946 30.6382 20.0201 36.3637 29.2771 22.7765 11.9452 6.75566 5.18953 6.50058 17.0006 10.4882 6.51236 10.8313 29.6328 26.4426 23.738 21.4253 5.99239 15.4329 215.792 166.202
internal_count=5063 1289 1005 667 338 97 74 655 369 300 209 286 251 188 128 58 70 63 169 83 86 60 241 218 200 190 60 130 3774 2294
is_linear=0
shrinkage=0.05


Tree=167
num_leaves=31
num_cat=0
split_feature=3 3 3 0 0 1 1 4 2 1 3 6 2 2 1 6 2 2 2 4 4 1 0 3 3 3 2 6 2 2
split_gain=0.416564 5.14208 3.76292 0.956949 2.28302 1.27621 2.34826 1.14683 1.5221 1.48712 1.01648 0.869922 1.59062 3.18801 1.80485 1.55017 1.09768 2.73302 2.49938 2.30924 2.04176 0.985948 0.95478 0.858312 4.64822 3.44134 1.71314 1.61513 1.06254 2.59685
threshold=1.2268893525324958 1.1348471134948515 1.3189314995279926 -0.39043945449167144 -0.37937309170362271 -0.79169611427910169 -0.58648197672848079 -0.54377795567752274 -1.2381788330847976 1.9668001027168092 1.5030157014768397 -0.68018183137183863 -1.2633814394731491 -1.2294918527492065 1.9857585475218218 -0.656253607388949 -0.05217745825188428 0.38156197635317574 -1.1531378676942741 -0.65313463746089317 -0.63789402783149318 1.2494358225406572 -0.22896010285105647 0.85872076455050717 0.76667852551286308 0.95076291154600423 -0.34296264902756451 -0.46825779985102467 -1.1310394089458404 -0.58162598827033074
decision_type=2 2 2 2 2 2 2 2 2 2 2 2 2 2 2 2 2 2 2 2 2 2 2 2 2 2 2 2 2 2
left_child=1 11 -2 7 -5 -6 -7 8 9 -4 -9 12 14 -14 -1 22 18 19 -15 -18 21 -19 -13 24 28 -25 -27 -28 -17 -30
right_child=2 -3 3 4 5 6 -8 10 -10 -11 -12 15 13 16 -16 23 17 20 -20 -21 -22 -23 -24 25 -26 26 27 -29 29 -31
leaf_value=-0.04147497926612357 -0.056878088976468504 0.061469344021690811 -0.012922553245429761 -0.064260685608822518 0.022848747829811975 -0.04445283263057713 0.0033109545705230768 0.0032988491819206274 -0.060623149615529094 0.060379011395821559 0.054634499278167895 0.048412846558608773 0.055746584263320166 -0.020276906550590969 0.055754727202973788 0.0097005701728870783 0.056170387177440141 -0.055452154305638962 0.036111742206872154 -0.068579153051795641 0.041212175845936068 0.050457927325411961 -0.0021939258060397551 -0.055252318284001269 0.053735055908274203 0.038703222094322379 -0.027923257875180303 0.011058115211891432 -0.017676377611105465 0.0006400895754694845
leaf_weight=5.1457159146666553 3.199064958025704 3.426516072388039 1.9582759919576354 1.5247312923893392 4.4202834814787009 3.3606327669695117 10.983625324733998 1.618039069231602 0.91462071333080519 1.0699942633509634 2.386562205851078 2.7134177088737488 2.1035303967073604 4.8397521311417222 0.52608886174857605 25.73573028651299 0.41881910929805632 1.2230962418252631 3.3084818388160802 3.2465656510321361 1.9603401617496246 0.26787176972720761 1.4196531259804022 3.4548418606864297 4.0944105261005452 2.433575004339219 5.1470782199176028 5.4931985631119442 21.24619868339505 216.93864751642104
leaf_count=268 77 154 67 8 38 22 225 19 9 11 44 23 18 77 6 742 157 56 164 24 75 165 36 60 151 25 30 42 209 2061
internal_value=4.78965e-06 0.000552269 -0.00548368 0.000339015 -0.00542186 -0.000640859 -0.00787935 0.0150461 -0.00409545 0.0129775 0.0338926 -0.000117355 -0.00946694 -0.00195954 -0.0324564 0.000628866 -0.00991153 -0.0242583 0.00261895 -0.0543249 0.00767327 -0.036424 0.0310301 0.00018728 0.000869239 -0.0108708 0.000857316 -0.00779855 4.9089e-05 -0.000993748
internal_weight=346.579 315.144 31.4358 28.2368 20.2893 18.7645 14.3443 7.94749 3.94289 3.02827 4.0046 311.717 23.0403 17.3685 5.6718 288.677 15.2649 7.11669 8.14823 3.66538 3.45131 1.49097 4.13307 284.544 268.015 16.5287 13.0739 10.6403 263.921 238.185
internal_count=5063 4543 520 443 293 285 247 150 87 78 63 4389 1010 736 274 3379 718 477 241 181 296 221 59 3320 3163 157 97 72 3012 2270
is_linear=0
shrinkage=0.05


Tree=168
num_leaves=31
num_cat=0
split_feature=0 1 4 0 0 2 5 4 2 3 6 6 0 2 6 3 2 1 1 1 6 1 5 0 1 0 3 0 6 0
split_gain=0.411185 2.38555 1.9136 2.74592 1.39138 1.0947 2.31178 1.97894 1.84539 2.1944 1.6363 1.81883 2.08119 1.77218 1.90801 1.53118 1.3506 1.2564 2.96235 2.12807 1.24339 1.20836 1.15393 1.26515 1.02089 0.93052 1.24369 1.23608 3.27557 2.72845
threshold=-0.24932488679882023 -1.438978628198343 0.25992859678448271 -0.24785693536914943 -0.25113365607720761 0.97837290288751211 1.298548226536034 -0.015559208253519061 0.5557588230369781 0.30646788257752478 -0.2166167276123086 -0.61865989030092794 -0.23142983651022844 0.45242949323289472 -0.83194502671269133 0.76667852551286308 0.21292240435448043 -0.98678564803337465 -0.57764022232397849 -0.21613842206358094 -0.26719538535998649 -0.75876158661485649 -0.046937685070953881 -0.21812508244155474 -0.61581810745226739 -0.25595609206908226 -1.0000000180025095e-35 -0.2949122127224057 -0.25617043574329673 -0.27163080733093664
decision_type=2 2 2 2 2 2 2 2 2 2 2 2 2 2 2 2 2 2 2 2 2 2 2 2 2 2 2 2 2 2
left_child=4 -2 3 -3 25 8 7 -7 10 17 11 13 -13 14 -5 -14 -12 -10 -19 -20 21 -9 23 -16 -23 27 -27 -1 -29 -30
right_child=1 2 -4 5 -6 6 -8 20 9 -11 16 12 15 -15 22 -17 -18 18 19 -21 -22 24 -24 -25 -26 26 -28 28 29 -31
leaf_value=0.00071460960373331698 0.05870528670162968 0.083022761332929601 -0.036453246139284093 0.054086016405619566 -0.038332968496833625 0.029360398393522148 0.052947100400749014 0.043264224544425425 0.04787956413780195 -0.049758949464060363 -0.042073900649684741 0.054692597044099435 0.022392602677555242 0.038454042053973979 -0.037769942514766508 -0.030449109641623475 0.0043148525605118766 -0.052468773359602067 0.046917195289214418 -0.021555294899592535 -0.030321496666046305 -0.040197344766980635 -0.043294366162605791 0.032956436042669006 0.017152358595804312 -0.0076896192018000688 0.047045567915495572 -0.017259651711132321 -0.0070973310540836249 0.03440364172370057
leaf_weight=227.90904219535878 1.9101640045992088 1.0791194383054961 3.0779405804350963 0.85188020984059853 2.4481871202588072 5.0655711820581937 3.0001859940821296 1.574260759167373 1.0267281103879202 3.8046206923318087 2.9100600690580931 3.9376293988898396 5.7979150125756878 1.8771119381708556 1.1735558877699079 1.7954574469476936 3.4049884411506355 2.7208240465261024 2.3254793771775426 2.2160870683146663 4.0253128092736006 1.4987080767750738 3.746961522148923 1.3709423163672907 1.6091783125884833 1.8594327685423193 2.3487072301795697 32.391020974493586 9.4857321174349654 6.7991006169468156
leaf_count=3004 56 11 48 334 15 422 128 15 14 71 20 33 69 61 8 22 35 18 29 82 29 9 38 48 38 18 27 211 79 71
internal_value=3.93451e-06 0.00369911 0.00194472 0.00402501 -0.000802318 0.00249545 0.0131752 0.00451171 -0.00210243 -0.0183216 0.00519849 0.0120386 0.0251946 -0.004779 -0.0161397 0.00989815 -0.0170617 -0.00389214 -0.0112114 0.0135056 -0.00994403 0.00757479 -0.0256484 0.000336504 -0.0105032 -0.000475095 0.02286 -0.00083013 -0.00806287 0.0102298
internal_weight=345.042 61.8007 59.8905 56.8126 283.241 55.7335 16.7732 13.773 38.9602 12.0937 26.8665 20.5515 11.531 9.02045 7.14334 7.59337 6.31505 8.28912 7.26239 4.54157 8.70746 4.68215 6.29146 2.5445 3.10789 280.793 4.20814 276.585 48.6759 16.2848
internal_count=5063 1638 1582 1534 3425 1523 641 513 882 214 668 613 124 489 428 91 55 143 129 111 91 62 94 56 47 3410 45 3365 361 150
is_linear=0
shrinkage=0.05


Tree=169
num_leaves=31
num_cat=0
split_feature=3 3 3 3 1 3 3 3 2 2 4 4 6 4 2 1 6 2 2 1 6 1 5 2 2 6 4 3 1 2
split_gain=0.401849 0.840397 1.99687 3.10051 1.06922 0.9961 4.86756 3.02257 1.28497 2.75669 1.5238 2.92558 1.22967 1.07187 0.846331 1.25463 0.803046 1.48298 2.89657 1.67781 1.34243 1.07018 1.10209 1.7054 1.67813 1.20448 1.51393 0.825697 0.805036 1.635
threshold=2.1473108224874662 1.871184381500975 1.7791422345054781 1.6870999954678338 -0.5347122480721701 1.2268893525324958 1.1348471134948515 1.3189314995279926 -0.11969199884617794 -0.026878487343073316 -0.03016219410641437 -0.45594843354860759 -0.33465174375543633 0.37720302436401082 -1.2381788330847976 1.2770016973067679 -0.68018183137183863 -1.2633814394731491 -1.2294918527492065 1.9857585475218218 -0.656253607388949 -1.0677811595048523 -0.046937685070953881 0.45242949323289472 -1.2022116864321746 -0.8507282742077924 -0.38634794457304028 0.39851002957302184 -1.7995094254806314 -1.0478272815207041
decision_type=2 2 2 2 2 2 2 2 2 2 2 2 2 2 2 2 2 2 2 2 2 2 2 2 2 2 2 2 2 2
left_child=1 2 3 5 -3 6 16 -7 12 -10 11 -11 14 -12 15 -9 17 19 -19 -1 27 -20 24 -24 -23 -26 -27 -18 29 -22
right_child=-2 4 -4 -5 -6 7 -8 8 9 10 13 -13 -14 -15 -16 -17 20 18 21 -21 28 22 23 -25 25 26 -28 -29 -30 -31
leaf_value=-0.040499338905512806 -0.027460965187277572 -0.0034807748619518557 -0.060517735903749863 0.068358802698288312 0.054642823919721778 -0.056561101987544771 0.061144194510810802 -0.0276805703087196 -0.067364199091148422 -0.045595758724693618 -0.045320165065112071 0.038501801759675734 0.042422430126662337 0.00025289504333718377 -0.016306767255001974 0.051147652444394648 0.0057332421093180992 0.053152862359045622 0.023590072699283191 0.054840812160242308 0.06618939033302558 -0.052199145280819287 -0.048120833050865099 0.028608275297932202 0.066224820859574027 -0.014288921875232594 0.047854060065285947 0.050757941737015082 -9.4119087838811336e-05 -0.0074241992124012435
leaf_weight=5.0140648668166277 1.3266102231573302 1.5729545056819918 1.363379401853307 1.6562305478728365 1.5920629304018792 3.0530209799762842 3.2767302803695193 0.7770491857081655 1.9794928289484275 1.4137225389131365 2.5551276369951532 3.8517600703053181 2.3952581924386385 2.6062709498219192 3.3450566855026409 1.4405286144465206 1.96417115459917 2.0946858450770423 2.0802673686994284 0.50823171436786641 1.3729414090048524 1.4528670064173663 3.9248729467508268 0.88802706147544075 0.76391160392086277 4.4572517081978731 1.2563315868610487 2.1144048331771046 280.36297602677951 1.6739911307231512
leaf_count=268 34 15 29 39 38 77 154 30 12 67 24 49 28 25 33 20 38 18 30 6 23 45 44 80 279 216 24 21 3275 22
internal_value=4.76263e-06 0.000111051 -0.000127931 0.000115461 0.0257565 -0.000220306 0.000523403 -0.0101674 -0.00321203 -0.0132711 -0.00300183 0.0159226 0.0124701 -0.0223078 -0.000427238 0.0235259 -0.000117512 -0.00922719 -0.00188367 -0.0317249 0.000593563 -0.00966078 -0.0150888 -0.0339636 -0.00363379 0.00725916 -0.000624609 0.0290748 0.000183687 0.0257459
internal_weight=344.134 342.808 339.643 338.279 3.16502 336.623 313.206 23.4173 20.3643 12.4064 10.4269 5.26548 7.95789 5.1614 5.56263 2.21758 309.929 22.4405 16.9182 5.5223 287.488 14.8235 12.7433 4.8129 7.93036 6.47749 5.71358 4.07858 283.41 3.04693
internal_count=5063 5029 4976 4947 53 4908 4543 365 288 177 165 116 111 49 83 50 4389 1010 736 274 3379 718 688 124 564 519 240 59 3320 45
is_linear=0
shrinkage=0.05


Tree=170
num_leaves=31
num_cat=0
split_feature=1 4 5 5 0 2 2 2 0 1 1 4 0 2 5 1 1 3 3 5 4 4 1 2 0 1 5 2 0 0
split_gain=0.389294 1.65204 2.06009 2.63729 2.46574 2.33135 2.8536 2.20328 3.61532 2.21399 2.4815 2.13806 3.04672 3.04897 2.25647 2.13159 2.09045 2.00948 2.54458 1.68513 2.47933 2.63467 1.72796 3.34241 2.53428 3.08662 1.56071 1.53392 1.8801 1.53134
threshold=-0.70125156854479342 -0.43533496774531949 1.38624222016614 1.3633758468861632 -0.26845378018014682 1.0338475325817387 1.9065080941201404 0.13192560931808389 -0.33507353398644818 -0.86763613816548735 -0.93833983871746207 -0.3105716138764702 -0.31211158294526803 -0.14361931080031545 1.0727721792862168 -1.0068494770013638 -1.0222867537475155 1.0000000180025095e-35 -0.24578499939545764 1.4479699792148468 -0.18582787920074428 -0.05319933094588912 -1.1960492460871797 0.13192560931808389 -0.39043945449167144 -0.79169611427910169 0.78261853570006845 -1.0970535034223874 -0.45742541260561659 -0.40954018576513695
decision_type=2 2 2 2 2 2 2 2 2 2 2 2 2 2 2 2 2 2 2 2 2 2 2 2 2 2 2 2 2 2
left_child=1 -1 3 7 19 -6 -7 11 -9 10 15 -3 13 14 27 17 -15 18 -10 -4 -21 -22 23 -23 -24 -26 -19 28 -13 -16
right_child=-2 2 4 -5 5 6 -8 8 9 -11 -12 12 -14 16 29 -17 -18 26 -20 20 21 22 24 -25 25 -27 -28 -29 -30 -31
leaf_value=0.011081374651809223 0.0013171087573747256 -0.041239153269732418 0.046078709993150398 -0.058846367378865942 -0.044666969117711453 0.056886439474297945 -0.063526947671965664 0.038393831370486131 0.01249269641939336 -0.024161493233624345 0.046693692752685971 -0.011794931024131657 0.042162554207773123 -0.06360985964688573 -0.0030854411827005339 -0.032941499153915012 -0.014180283164528549 0.05950179743758615 -0.051917450285419046 0.052744075755513702 -0.049186683363780265 -0.055343932560728629 0.057433996815693639 0.022308626229476356 0.021317686535521931 -0.034464623120355489 0.0064834093986931495 -0.026034980599737481 0.057868158370543279 0.055557558306186638
leaf_weight=19.9388229054166 213.37448395774118 6.9241109844297162 3.1412796550430384 2.594326587393879 4.2029841635376206 1.5357623398886064 0.72395993815734971 5.5409936185460529 4.1800529328174925 10.438994685304353 2.9402431957423678 3.1243168515502511 2.5251930765807655 4.4458857513964176 2.1505196932703257 4.4091028333641598 4.122239791788159 2.4516600733622909 2.4217381859198213 2.6932396981865194 2.2632365804165664 2.7631276119500496 2.9960692443419328 2.7799587766639888 9.1915803565643781 3.3961612214334034 3.1995728630572557 8.7697077188640833 1.403676429763437 2.3078873734921208
leaf_count=284 3774 35 23 12 23 70 4 69 54 91 40 71 17 19 21 33 28 39 15 18 10 14 38 39 79 20 28 57 19 19
internal_value=4.35112e-06 -0.00215738 -0.00456499 -0.00932624 0.00530111 -0.0226471 0.0183089 -0.00752581 0.00128374 -0.00556104 0.00434439 -0.0162883 -0.0102999 -0.0153324 -0.00351185 -0.00312868 -0.0398286 0.0075991 -0.0111349 0.0114815 0.00731493 0.00208403 0.00757644 -0.0163998 0.0161047 0.00626767 0.0294842 -0.0138326 0.0098006 0.027271
internal_weight=342.951 129.576 109.638 73.9502 35.6874 6.46271 2.25972 71.3559 35.5824 30.0414 19.6024 35.7735 28.8494 26.3242 17.7561 16.6621 8.56813 12.253 6.60179 29.2247 26.0834 23.3901 21.1269 5.54309 15.5838 12.5877 5.65123 13.2977 4.52799 4.45841
internal_count=5063 1289 1005 667 338 97 74 655 369 300 209 286 251 234 187 169 47 136 69 241 218 200 190 53 137 99 67 147 90 40
is_linear=0
shrinkage=0.05


Tree=171
num_leaves=31
num_cat=0
split_feature=2 0 6 5 5 0 2 4 1 5 2 3 6 0 6 5 5 5 0 1 6 5 2 1 6 5 4 3 5 0
split_gain=0.393466 2.89623 2.03991 2.61853 2.03752 2.02942 1.80522 3.76125 1.7556 2.20777 1.95667 2.15828 1.94657 2.43725 2.54936 2.49002 1.72806 1.64054 1.51596 1.48147 1.46919 2.39706 1.5294 1.64131 1.47382 1.4086 1.83652 1.48609 1.39961 1.38776
threshold=0.37211296495835683 -0.28496254541408356 0.20491745711470552 0.39403016175515826 -0.18826806638757915 -0.24932488679882023 0.33812712039616932 -0.26059382145146842 0.23344636145116224 0.39403016175515826 1.0739295189355347 0.21442564353988061 -0.35509553921749554 -0.33292608708540494 0.31034864196764228 1.6147849523816602 -0.21640051345653846 0.94770797635424298 -0.34927018088974965 -0.82874150453645379 -0.47024501299181082 -0.53595654394085257 0.62586426313651999 -0.3209887187422133 -0.78711023160481963 1.1750349452891977 1.0000000180025095e-35 0.21442564353988061 0.88734944934584081 -0.31444694197131567
decision_type=2 2 2 2 2 2 2 2 2 2 2 2 2 2 2 2 2 2 2 2 2 2 2 2 2 2 2 2 2 2
left_child=6 8 3 4 16 25 -1 -8 9 -2 12 -12 29 14 18 -15 20 19 -14 -4 22 -22 -3 -24 -25 -5 -27 -28 -7 -11
right_child=1 2 17 5 -6 28 7 -9 -10 10 11 -13 13 15 -16 -17 -18 -19 -20 -21 21 -23 23 24 -26 26 27 -29 -30 -31
leaf_value=-0.00026957562819231818 0.053568196211188669 0.040791895278376372 0.046841119304693153 -0.051090565232344003 0.022759453210208141 -0.030642266609862079 0.027219807635740823 -0.048301918398542421 -0.023634172747380194 0.028566846498935251 -0.036361979673746561 0.025071764384269432 0.061459090556850927 0.081786570492133087 -0.03656918721458674 0.016412473573477204 -0.057679474314724678 0.044308442637639868 -0.00089943155013248461 -0.030506040313285972 -0.022773586594340946 0.047107947334582644 0.027982984665940392 0.051508675936653203 -0.066576342308664577 -0.046702545889212382 -0.024862205474629404 0.029326293695652567 0.0016794444377663414 -0.01844941991241043
leaf_weight=241.67223014545743 3.9424291499890449 0.803507272328713 0.90754730347543988 5.1114802155643693 10.44831171160331 4.266829336818776 2.3907765958574601 5.3111463747918597 2.6603872989071524 2.543073776178062 3.5611115974606937 2.3886054586619139 2.1715310839936226 3.630496302153901 1.9383879136294124 2.4325021421536803 1.5153848816407851 3.7748301344108768 1.7682396471500399 1.9476375221274782 2.0943724225508049 2.9635461267316723 0.78824128233827462 0.29613246634835233 2.4533857860369648 3.3196681141853315 2.6368800767231733 2.4323262516409159 15.576250589685513 4.0995837673544981
leaf_count=3188 223 125 25 29 272 52 36 29 37 24 41 29 28 32 16 27 18 76 17 35 55 66 21 139 81 19 22 25 253 23
internal_value=3.95195e-06 0.0027896 -0.00351496 -0.00668931 0.00697712 -0.0154453 -0.00102902 -0.024859 0.0152091 0.0188381 0.0132571 -0.0116985 0.0212468 0.0333162 0.0103748 0.0555582 -0.00813101 0.0226776 0.0334715 -0.00592052 -0.000142558 0.0181715 -0.0214799 -0.0356233 -0.0538582 -0.0304002 -0.0177931 0.00113873 -0.00527065 -0.000449721
internal_weight=341.847 92.4727 61.3363 54.7063 21.3629 33.3434 249.374 7.70192 31.1363 28.476 24.5335 5.94972 18.5838 11.9412 5.87816 6.063 10.9146 6.63001 3.93977 2.85518 9.39919 5.05792 4.34127 3.53776 2.74952 13.5004 8.38887 5.06921 19.8431 6.64266
internal_count=5063 1810 1313 1177 777 400 3253 65 497 460 237 70 167 120 61 59 505 136 45 60 487 121 366 241 220 95 66 47 305 47
is_linear=0
shrinkage=0.05


Tree=172
num_leaves=31
num_cat=0
split_feature=6 4 2 3 4 4 6 1 6 0 0 0 6 0 0 4 2 0 0 1 3 5 2 0 5 5 2 4 2 4
split_gain=0.377416 1.43351 1.32699 1.18595 1.1283 1.19884 1.02712 0.99056 1.84938 1.86358 2.43561 1.07487 1.02648 1.36641 0.854131 1.66839 1.33284 1.13677 0.931282 0.750613 0.838287 0.74008 1.77441 1.55042 1.53413 1.51756 1.14784 1.38058 1.03202 1.13918
threshold=1.3189545882589309 -0.11261185320675467 0.21292240435448043 -1.2582487083880722 0.76382655159037827 0.90004681355772054 0.91767364430924314 -1.7752840295684298 3.047394467177694 -0.43145538629536023 -0.46139035719728066 -0.44504841469390521 1.6894473395753444 -0.46382645497508307 -0.28844605265989637 0.55043069004549905 0.40564173719204472 -0.39308060143096307 -0.462054069539728 -0.20972681290296477 -0.24578499939545764 1.7383792152987647 0.59706004994134887 -0.33943496168549753 1.5869265971197628 2.3768788169919026 0.27030765155177999 0.21982556466967981 1.7565434419196224 0.25992859678448271
decision_type=2 2 2 2 2 2 2 2 2 2 2 2 2 2 2 2 2 2 2 2 2 2 2 2 2 2 2 2 2 2
left_child=6 -2 4 -4 -3 -6 21 -7 9 10 12 -12 -9 -14 15 -8 17 18 -17 -5 -21 24 -23 -24 28 -25 -26 -28 -1 -30
right_child=1 2 3 19 5 7 14 8 -10 -11 11 -13 13 -15 -16 16 -18 -19 -20 20 -22 22 23 25 26 -27 27 -29 29 -31
leaf_value=0.00056592214979673215 -0.054457560079914251 0.02666129902844154 -0.015265078363620694 0.063829776189718537 -0.070917746486650682 0.059600812306188515 -0.046959400567862436 0.067005195448281082 -0.06137549617705651 0.039631780174720389 -0.051830759421738426 0.0053685001613965576 0.051591768451872445 -0.0447309535082955 0.02052046276482292 0.054804034347825749 -0.039228021579171816 0.064352478291068479 -0.02003515118254896 0.052292773546966237 -0.037164361816385404 -0.012634658964498014 -0.063763113294824314 0.054631607564980714 0.037551514390591192 -0.034928231886749643 0.03326853950285328 -0.023843809113613931 -0.0044809200490213731 -0.05789618784152957
leaf_weight=269.47167495891335 0.91840836964547889 3.6679897010326412 0.95621325820684422 2.3089822254842147 0.65412053465843101 0.63058427500073122 3.7729986000340414 0.99807021761080195 1.2725390726700414 2.5067070057848424 2.8400644552893941 1.1554877981543539 0.70589475991437167 0.76958342641592048 1.3650605063885439 0.54494273662567061 1.6375345634296534 0.88717282190919045 1.7524831956252456 0.59721300029195845 0.46639704331755572 23.894131411798302 0.42829932272434268 2.5084467252017926 4.8814368210732919 0.58291564835235465 1.9361259251600129 2.3333848379552364 2.7106418444891451 1.5799603732302783
leaf_count=3611 8 25 19 126 2 10 26 139 10 64 107 11 136 6 18 76 21 11 28 81 6 154 2 110 69 6 35 20 104 22
internal_value=4.83636e-06 0.00659071 0.00946156 0.033885 0.00250648 -0.00517576 -0.000415629 -0.00122287 -0.00496537 0.00303213 -0.0111498 -0.0352891 0.0278426 0.00135153 -0.0162203 -0.0220554 -0.00256975 0.0162801 -0.00228351 0.0478203 0.0130655 9.16361e-05 -0.00775243 0.0253918 0.000851713 0.037744 0.0209902 0.00205534 0.00017855 -0.0241504
internal_weight=340.735 20.4483 19.5298 4.32881 15.201 11.5331 320.287 10.8789 10.2483 8.97581 6.4691 3.99555 2.47355 1.47548 9.96019 8.59513 4.82213 3.1846 2.29743 3.37259 1.06361 310.327 27.4138 3.51966 282.913 3.09136 9.15095 4.26951 273.762 4.2906
internal_count=5063 750 742 232 510 485 4313 483 473 463 399 118 281 142 180 162 136 115 104 213 87 4133 272 118 3861 116 124 55 3737 126
is_linear=0
shrinkage=0.05


Tree=173
num_leaves=31
num_cat=0
split_feature=3 3 1 3 3 3 3 3 2 2 2 4 0 0 5 6 6 3 3 3 4 6 1 1 5 6 2 2 0 4
split_gain=0.373724 0.742515 1.01733 0.634647 4.57927 3.10746 1.8733 2.90278 1.16069 2.51051 1.4776 1.24051 2.44702 2.06582 1.463 1.14407 0.802952 0.788009 5.26503 4.02638 0.843997 2.06731 1.80779 1.86319 1.45536 0.804754 1.38095 2.26259 2.66112 1.42709
threshold=2.1473108224874662 1.871184381500975 -0.5347122480721701 1.2268893525324958 1.1348471134948515 1.3189314995279926 1.7791422345054781 1.6870999954678338 -0.11969199884617794 -0.026878487343073316 0.06273455772060299 -0.03016219410641437 -0.23142983651022844 -0.18458070058130868 0.91608359588794719 -0.33465174375543633 -0.59192779024268261 0.85872076455050717 0.76667852551286308 0.95076291154600423 -0.093497153620987011 -0.45399342059387543 -0.3634738359158679 -0.79926088106645266 -0.5896457867967777 -0.67389352677565262 -1.2468658134203887 -0.1369135563535778 -0.21490634580112489 -0.60205746953552219
decision_type=2 2 2 2 2 2 2 2 2 2 2 2 2 2 2 2 2 2 2 2 2 2 2 2 2 2 2 2 2 2
left_child=1 3 -3 4 17 -5 7 8 15 -10 -11 12 -12 -14 -13 16 -7 18 25 -19 22 -22 23 -21 -24 26 -1 -28 -29 -30
right_child=-2 2 -4 5 -6 6 -8 -9 9 10 11 14 13 -15 -16 -17 -18 19 -20 20 21 -23 24 -25 -26 -27 27 28 29 -31
leaf_value=-0.040185144315603945 -0.026668800902800546 -0.0041713772820108127 0.053061992300768815 -0.056236357835948984 0.060826934077832441 0.010646230926608668 -0.059903463141446435 0.067569147557882167 -0.065725810265119089 0.047774949432340785 0.047712887187960816 -0.060575907074021551 -0.062830802477734676 0.046270406181965693 -0.0043012870603202436 0.04108927075205121 -0.03310667433104162 -0.054708139264008276 0.054848066205858297 -0.0022577962381901749 -0.04529101511308712 0.0094224822600377772 0.023982080366103092 0.0612341863305512 -0.029379447743867321 0.00043183270435234299 0.013364395316892014 -0.066880885042734678 -0.018165832433412035 0.052379348588274866
leaf_weight=3.2236083087045726 1.3081170739606012 1.5529686454683544 1.5527691449387919 2.9193376031471443 3.1149502034822936 4.0778991481056437 1.2923611856531341 1.5684153861948278 1.8908834576141185 1.256604381487693 2.1025807466358009 1.9672747200820513 1.407645256724215 0.62721040681935214 2.7969546467065811 2.3494932558387616 1.4116024086251853 3.983239967958073 4.4020077606837722 2.0733858179301023 2.8371936926851049 4.4099996192380759 2.051591035444293 2.6099917693063652 3.3876849415246362 263.23865610235953 8.1562672489089891 2.4772792144212872 2.8134906217746907 0.96202650555642044
leaf_count=207 34 15 38 77 154 71 29 39 12 14 19 27 10 75 20 28 12 105 213 23 19 35 32 28 64 3050 185 18 363 47
internal_value=4.96976e-06 0.000108045 0.0244435 -0.00011729 0.000508815 -0.00767256 -0.00144043 0.00208089 -0.00308364 -0.0128264 -0.00297962 -0.0101444 0.00988486 -0.0292022 -0.0275385 0.0118918 -0.000604646 -0.000103944 0.000589531 -0.00936864 0.00102858 -0.0119972 0.0103543 0.0331255 -0.0092525 -0.000260846 -0.0106019 -0.00398347 -0.0266124 -0.000190458
internal_weight=339.823 338.515 3.10574 335.41 309.741 25.6683 22.7489 21.4566 19.8881 12.0492 10.1583 8.90167 4.13744 2.03486 4.76423 7.83899 5.4895 306.626 285.273 21.3531 17.3698 7.24719 10.1227 4.68338 5.43928 280.871 17.6327 14.4091 6.2528 3.77552
internal_count=5063 5029 53 4976 4543 433 356 327 288 177 165 151 104 85 47 111 83 4389 4083 306 201 54 147 51 96 3870 820 613 428 410
is_linear=0
shrinkage=0.05


Tree=174
num_leaves=31
num_cat=0
split_feature=0 1 0 4 0 2 3 1 1 5 2 1 6 2 1 5 6 5 5 5 6 1 1 2 2 2 3 0 2 6
split_gain=0.393424 2.14587 1.71282 1.5794 1.24578 1.06687 1.57018 1.19316 2.47171 2.19586 2.03613 2.10585 1.82761 1.46182 1.62921 1.72374 1.4393 1.29055 1.20752 2.19048 1.63234 1.61149 2.2195 2.22996 1.97854 1.62042 1.24393 1.17094 1.1613 1.42906
threshold=-0.24932488679882023 -1.438978628198343 -0.24785693536914943 0.25992859678448271 -0.25113365607720761 -0.49094612106017838 -2.362754472334037 -0.138302553696694 0.27089196437576696 -0.20356001073900368 0.033777987082598694 -0.25049164574821214 -0.45957395064676776 1.4634720665243601 -0.37140994613010209 -0.47035950333894377 -0.8141417747390739 0.33526351918818315 1.4906834686067219 1.0861092374434731 -0.59704554463265225 -0.75876158661485649 -0.66772822561250655 0.35169097149216128 0.53823247444232991 0.42743532865164818 0.58259423152186895 -0.21490634580112489 0.39314461680063068 -0.68840290491317269
decision_type=2 2 2 2 2 2 2 2 2 2 2 2 2 2 2 2 2 2 2 2 2 2 2 2 2 2 2 2 2 2
left_child=4 -2 -3 5 -1 -4 -7 10 28 16 -8 13 -13 18 15 -15 -10 -11 19 21 -21 25 -23 -24 -25 -12 -26 -17 -9 -30
right_child=1 2 3 -5 -6 6 7 8 9 17 11 12 -14 14 -16 27 -18 -19 -20 20 -22 22 23 24 26 -27 -28 -29 29 -31
leaf_value=-0.00047425235164060068 0.058245917072143931 0.055567380705386374 -0.04470131535150091 -0.038257191708893599 -0.036667576563482712 0.067507015689973304 0.052479500900358605 -0.048678399380055394 0.045030196075718371 0.0769434966216615 0.048578809185298374 0.092453819815841151 0.00048477428593450133 -0.054213802317090755 -0.055320968610801227 -0.0085738233167098141 -0.022853726610379224 0.001073472063720126 -0.025141314905553481 0.071107995912005867 0.0076909291942288882 -0.064322650616511823 -0.047177782844163178 0.059753532566266677 0.019110443586050557 -0.0038121292988982387 -0.034652906757001022 0.055158452084662295 -0.064288001465001382 0.0067829041450052823
leaf_weight=276.24147941841511 1.7493196487484954 1.4569830917753268 1.1734432486700814 2.4920404964359468 2.3981614625081411 0.94110969215398554 2.3211484235944146 3.840399561566306 0.99118933628778183 1.5792154382215886 2.118776957970117 1.2159745110548104 0.97196511086076398 0.50962023157626379 0.58138058090116729 0.89553370699286405 3.6791672476101667 0.86888592323521141 5.3742620794801033 1.7248131473315877 2.4646575128426766 2.1420502708060711 2.4481744910590333 1.4741821114439515 2.1850657034665346 4.8641377469175495 2.1194611955434084 3.6916573099442762 0.92591171094682101 2.9958262724103406
leaf_count=3410 56 15 26 44 15 72 28 28 515 34 31 29 16 9 13 10 126 20 69 22 27 24 14 26 51 67 29 162 13 62
internal_value=3.97269e-06 0.00368396 0.00203967 0.000661529 -0.000785757 0.00245433 0.00349987 0.00234108 -0.00962026 0.011659 0.00713834 0.0041125 0.0515977 0.00092494 0.0239789 0.0330245 -0.00844673 0.0500155 -0.0039386 0.00135119 0.0337999 -0.0064833 -0.0189877 -0.00718374 0.00975991 0.0120845 -0.00736153 0.0427163 -0.0291349 -0.00999674
internal_weight=338.436 59.7964 58.047 56.5901 278.64 54.098 52.9246 51.9835 14.8806 7.11846 37.1029 34.7817 2.18794 32.5938 5.67819 5.09681 4.67036 2.4481 26.9156 21.5413 4.18947 17.3518 10.3689 8.22688 5.77871 6.98291 4.30453 4.58719 7.76214 3.92174
internal_count=5063 1638 1582 1567 3425 1523 1497 1425 798 695 627 599 45 554 194 181 641 54 360 291 49 242 144 120 106 98 80 172 103 75
is_linear=0
shrinkage=0.05


Tree=175
num_leaves=31
num_cat=0
split_feature=1 4 5 5 0 2 2 2 0 4 1 2 5 2 1 0 1 1 4 1 6 0 2 1 6 5 4 4 4 5
split_gain=0.375929 1.39486 1.93387 2.33439 2.16025 2.05189 2.49614 1.99915 3.2775 1.92403 2.95963 2.28871 2.62088 2.90904 2.14471 2.11183 1.90582 2.20706 2.03937 3.3575 2.56067 1.74643 1.601 2.95915 2.92266 1.56021 3.70025 1.47949 1.45709 1.44775
threshold=-0.70125156854479342 -0.43533496774531949 1.38624222016614 1.3633758468861632 -0.26845378018014682 1.0338475325817387 1.9065080941201404 0.13192560931808389 -0.33507353398644818 -0.3105716138764702 -0.82874150453645379 -0.28520183471375632 0.081484897571375295 -0.84177820408703419 -0.72714610480119424 -0.40954018576513695 -0.86763613816548735 -0.93833983871746207 -0.03016219410641437 -1.238480874566749 -0.49166880397535356 -0.33943496168549753 -0.27986773922169217 -1.0473081786632019 -1.0000000180025095e-35 1.7171019893175135 0.14141325523991108 0.52717283728338815 -0.48765445100667165 -0.16971278724649849
decision_type=2 2 2 2 2 2 2 2 2 2 2 2 2 2 2 2 2 2 2 2 2 2 2 2 2 2 2 2 2 2
left_child=1 28 3 7 22 -6 -7 9 27 -3 11 12 15 -14 -12 -11 17 18 20 -20 -10 -13 23 -4 25 26 -24 -9 29 -1
right_child=-2 2 4 -5 5 6 -8 8 16 10 14 21 13 -15 -16 -17 -18 -19 19 -21 -22 -23 24 -25 -26 -27 -28 -29 -30 -31
leaf_value=0.026896484512944498 0.0013002324682163436 -0.039608080029884918 -0.057847088597859697 -0.055691344490344963 -0.04223823973131139 0.056394426782853273 -0.061252139375654407 0.077887694860064485 -0.026090769956505874 -0.0021555211427405664 0.040594900678179363 -0.051988492637673592 -0.011664735084311451 0.055376758822529439 -0.020959986430924882 -0.067721910684948733 -0.02287630067108877 0.0445129699818144 0.033054793050022763 -0.033794299577934298 0.042279051857650053 -0.010099562240440757 -0.0073875746466961741 0.018368934416144535 0.048334749429856667 -0.011358560946292515 0.051471364371259522 0.020221890498972467 0.041662367269132895 -0.0053862626940654702
leaf_weight=4.94584289193154 210.6614405431028 6.7959061861038199 2.2149313115514815 2.5870539275929323 4.0716523174196473 1.4128670418867844 0.66218075901269902 1.5737123861908902 2.0559687344357407 2.8238035885151493 4.2390589279821143 6.3705165386199951 3.7399356416426599 2.8520246734842658 2.1241806764155653 2.1733109652996063 10.153530422598125 2.8509581342805168 2.5032013398595154 7.5240073101595026 4.1017225855030146 4.0830204822123033 6.0075583225116187 2.9964529997669187 5.5455637793056658 7.1271600518375626 4.8066658359020948 3.7934269973775372 3.0818451899103811 11.661456848378291
leaf_count=49 3774 35 14 12 23 70 4 13 15 61 49 36 35 23 14 9 91 40 27 56 71 24 36 30 61 51 49 56 34 201
internal_value=5.25221e-06 -0.00214484 -0.00439169 -0.0090526 0.00528529 -0.0216151 0.0188515 -0.00732296 0.00122008 -0.0157094 -0.00999181 -0.0186633 -0.00336153 0.0173409 0.0200466 -0.0306712 -0.00538282 0.00394802 -0.00319746 -0.017106 0.0194513 -0.0356272 0.0110469 -0.0140242 0.0166098 0.00680383 0.0187738 0.0371302 0.0100873 0.00422791
internal_weight=337.541 126.88 107.19 72.3453 34.845 6.1467 2.07505 69.7583 34.5565 35.2018 28.4059 22.0426 11.5891 6.59196 6.36324 4.99711 29.1894 19.0359 16.1849 10.0272 6.15769 10.4535 28.6983 5.21138 23.4869 17.9414 10.8142 5.36714 19.6891 16.6073
internal_count=5063 1289 1005 667 338 97 74 655 369 286 251 188 128 58 63 70 300 209 169 83 86 60 241 44 197 136 85 69 284 250
is_linear=0
shrinkage=0.05


Tree=176
num_leaves=31
num_cat=0
split_feature=6 6 3 5 2 2 1 5 4 2 3 5 1 4 6 0 6 5 2 1 4 6 5 6 5 4 3 6 3 0
split_gain=0.38765 2.81642 2.15033 2.42013 2.07568 2.26574 5.67552 2.672 2.23561 3.25204 2.71241 1.98157 2.13019 1.89472 1.83947 1.76879 1.72738 1.66221 4.41424 4.98434 3.02348 2.55355 6.46222 3.13606 2.40929 2.10524 3.27975 2.44963 1.84743 2.7427
threshold=-0.19315127929234177 -0.2440021580182096 0.39851002957302184 0.16663306533650965 0.52390654656616109 0.35169097149216128 -0.70125156854479342 1.298548226536034 0.21982556466967981 0.82139750702889514 -0.24578499939545764 0.97646373688526711 -0.49458473668055952 -0.1388013739698499 -0.46825779985102467 -0.22148142620401698 -0.34031394010178562 1.2746346602122036 0.27030765155177999 -0.9979583371450621 -0.066279727275328673 -0.43836793644577693 0.1824203381326519 -0.38746261352427119 1.0081229451328322 -0.3105716138764702 0.30646788257752478 -0.42600910403595682 0.30646788257752478 -0.34611725550850525
decision_type=2 2 2 2 2 2 2 2 2 2 2 2 2 2 2 2 2 2 2 2 2 2 2 2 2 2 2 2 2 2
left_child=1 4 3 13 5 17 7 14 9 16 -10 12 -8 -3 -7 -14 -6 20 19 -19 24 -22 23 -23 25 -1 27 -27 -21 -30
right_child=-2 2 -4 -5 8 6 11 -9 10 -11 -12 -13 15 -15 -16 -17 -18 18 -20 28 21 22 -24 -25 -26 26 -28 -29 29 -31
leaf_value=-0.00048345186495037953 -0.0020966775515815347 0.0048529719759514388 0.048671470680673554 -0.017013526991796462 -0.029125747769524608 0.043578739413856246 0.071720228643001621 -0.038015851984959631 0.024126520744028202 0.011458120506828913 -0.053521692302183746 0.073613194642726948 -0.0087642895663201728 0.072837256596022498 -0.02272798321527766 0.056638938956359422 0.029663752442399178 -0.011728593260348771 -0.029112806146791622 0.058300089056523285 -0.036833245538398611 0.019113836372296456 0.041012635679235625 -0.043879315577338804 -0.035389850103932911 0.062863270904973303 -0.0015616761488153 0.0091943571940608232 0.05887899183686858 -0.019942753538150983
leaf_weight=64.51669957669219 132.8147928059916 2.2571768346242598 5.1664736552629611 4.5921573196537793 11.826884716720086 2.5934684802778065 1.967925241217017 4.538338859565556 1.4256902867928145 14.346426914155016 5.3271113371010861 3.5334850961808115 3.5436301440931852 1.8772202432155598 1.752945985179396 1.4595397835073511 1.3970747336279625 6.4519512644037649 5.0779545060358933 7.3562196012353525 10.329989339108581 2.6653041618410489 5.1497107092291108 7.6371333145070812 4.1244110626867032 5.1665194213856012 9.5490754479542357 3.6129859236534703 2.0981955116149038 2.3283136822283268
leaf_count=1165 1931 27 55 44 166 37 24 32 17 584 74 36 31 20 17 100 15 87 27 70 96 29 46 60 58 49 81 40 30 15
internal_value=4.91108e-06 0.00137537 0.0231063 0.00797071 -0.000215486 0.0022416 0.0182322 -0.011182 -0.0113439 -0.00502863 -0.0371282 0.0431108 0.0276498 0.0357212 0.0168367 0.0103153 -0.0229148 -3.70773e-05 0.0121166 0.023598 -0.00254997 -0.0175878 -0.00472198 -0.0275826 0.001908 0.00376485 0.0187189 0.0407772 0.0429421 0.0174193
internal_weight=336.485 203.67 13.893 8.72655 189.777 155.454 19.3893 8.88475 34.3232 27.5704 6.7528 10.5046 6.9711 4.1344 4.34641 5.00317 13.224 136.064 23.3126 18.2347 112.752 25.7821 15.4521 10.3024 86.9697 82.8453 18.3286 8.77951 11.7827 4.42651
internal_count=5063 3132 146 91 2986 2130 277 86 856 765 91 191 155 47 54 131 181 1853 229 202 1624 231 135 89 1393 1335 170 89 115 45
is_linear=0
shrinkage=0.05


Tree=177
num_leaves=31
num_cat=0
split_feature=2 0 6 5 0 5 2 4 1 5 2 6 1 5 5 0 6 1 5 4 5 4 6 6 5 2 1 5 6 1
split_gain=0.384583 2.57582 1.89091 2.24471 1.74778 1.71692 1.65783 3.27477 1.5673 1.54175 1.50991 2.56327 1.73092 2.01051 1.42693 1.33914 1.33803 3.88781 2.97491 2.58577 1.33741 1.67117 1.3827 1.29743 2.06748 1.34343 1.46327 1.26622 1.24654 1.22484
threshold=0.37211296495835683 -0.28496254541408356 0.20491745711470552 0.39403016175515826 -0.24932488679882023 -0.18826806638757915 0.33812712039616932 -0.26059382145146842 -1.3361055081240953 0.94770797635424298 1.4634720665243601 1.1295160095366001 0.23344636145116224 0.39403016175515826 -0.21640051345653846 -0.23142983651022844 0.20491745711470552 -0.4493712564754469 0.97646373688526711 0.55043069004549905 1.1750349452891977 1.0000000180025095e-35 -0.33018731971312248 -0.47024501299181082 -0.53595654394085257 0.62586426313651999 -0.3209887187422133 0.88734944934584081 -0.78711023160481963 -1.0222867537475155
decision_type=2 2 2 2 2 2 2 2 2 2 2 2 2 2 2 2 2 2 2 2 2 2 2 2 2 2 2 2 2 2
left_child=6 8 3 5 20 14 -1 -8 -2 15 12 -12 13 -10 23 -4 17 18 -15 -20 -5 -22 -23 25 -25 -3 -27 -6 -28 -7
right_child=1 2 9 4 27 29 7 -9 10 -11 11 -13 -14 16 -16 -17 -18 -19 19 -21 21 22 -24 24 -26 26 28 -29 -30 -31
leaf_value=-0.0002848014400096065 0.058153071679536351 0.039777542779432684 -0.031514235115195841 -0.049432792123064756 -0.029576969579831733 -0.021467424223536494 0.025370996809504831 -0.046104405567209121 0.057492345185910891 0.043760097037984585 -0.052080791153465394 0.053225400046634223 -0.023211193874206559 -0.029648963276020263 -0.052443024353355731 0.040940545758965052 -0.012490320619411457 0.076721100420081387 0.0047816771493805763 0.05849226608426028 -0.044460042358857678 -0.022311481342049414 0.0306151108614061 -0.021159188989504082 0.045264717137393939 0.02678517627552773 0.051268967579740282 0.0017467525789462445 -0.064184444698715759 0.02845392012155263
leaf_weight=238.62771559369867 1.9412854269612605 0.7467924024385838 1.7888793461024763 4.8769780900329343 4.1087005891022299 1.4333300736616372 2.3143528254586272 5.2103744097985318 3.0892311159405024 3.6421706153487321 2.0685940468683834 0.80186973215313617 2.5814008314628145 3.5413861311972257 1.5189752532169229 0.99101483169942994 3.813025875715538 2.575963269453486 6.3195114466361684 3.471956423483789 3.2144106775522214 2.7094108420424154 2.2661240929737696 2.0102255101082847 2.8076561480993414 0.75381937215570172 0.26021245651645442 15.022282258025369 2.3027172167785506 8.6063695143093337
leaf_count=3188 34 125 16 29 52 28 36 29 151 76 15 82 36 17 18 44 39 26 49 48 19 17 30 55 66 21 139 253 81 244
internal_value=6.09378e-06 0.00281758 -0.00325643 -0.0063814 -0.0146081 0.00657763 -0.00101346 -0.024121 0.0146944 0.0223572 0.0117094 -0.0226633 0.015595 0.0199865 -0.00766006 -0.00568456 0.0141116 0.0204876 0.009623 0.0238269 -0.0287037 -0.0163598 0.00179411 -9.04188e-07 0.0175498 -0.0208097 -0.0344514 -0.00498054 -0.0524625 0.0213268
internal_weight=335.417 89.2643 59.0601 52.638 32.1979 20.4401 246.152 7.52473 30.2042 6.42206 28.2629 2.87046 25.3925 22.8111 10.4004 2.77989 19.7218 15.9088 13.3329 9.79147 13.0669 8.18995 4.97553 8.88142 4.81788 4.06354 3.31675 19.131 2.56293 10.0397
internal_count=5063 1810 1313 1177 400 777 3253 65 497 136 463 97 366 330 505 60 179 140 114 97 95 66 47 487 121 366 241 305 220 272
is_linear=0
shrinkage=0.05


Tree=178
num_leaves=31
num_cat=0
split_feature=6 6 3 5 2 4 2 3 2 1 5 1 4 6 6 5 0 2 2 6 6 2 6 5 2 1 4 0 1 5
split_gain=0.367167 2.52358 1.96183 2.18222 1.78011 2.15493 2.86769 2.42659 2.00334 5.08204 2.38479 1.8497 1.77355 1.72595 1.56984 2.43029 2.0848 1.83135 1.59803 1.78604 1.65422 3.26467 1.54373 1.51881 3.99861 4.58965 2.74741 2.38271 3.02667 3.3266
threshold=-0.19315127929234177 -0.2440021580182096 0.39851002957302184 0.16663306533650965 0.52390654656616109 0.21982556466967981 0.82139750702889514 -0.24578499939545764 0.35169097149216128 -0.70125156854479342 1.298548226536034 -0.58648197672848079 -0.1388013739698499 -0.46825779985102467 -0.13933319190420443 -1.0000000180025095e-35 -0.372085583204676 0.42743532865164818 0.49815041188695208 0.54111036517919542 0.14960215434652388 1.2037771973618512 -0.34031394010178562 1.2746346602122036 0.27030765155177999 -0.9979583371450621 -0.066279727275328673 -0.39141617558768144 -0.86763613816548735 0.68908008171291002
decision_type=2 2 2 2 2 2 2 2 2 2 2 2 2 2 2 2 2 2 2 2 2 2 2 2 2 2 2 2 2 2
left_child=1 4 3 12 8 6 22 -7 23 10 13 -11 -3 -10 15 16 -2 -16 -19 20 -20 -22 -6 26 25 -25 -1 -28 -29 -30
right_child=14 2 -4 -5 5 7 -8 -9 9 11 -12 -13 -14 -15 17 -17 -18 18 19 -21 21 -23 -24 24 -26 -27 27 28 29 -31
leaf_value=0.0018283989722748918 -0.025070393801054854 0.0045201460303620142 0.046884698986425666 -0.016124681071413433 -0.027246909027328327 0.021942812552912579 0.011180769587912961 -0.052163064211237981 0.042390472500739684 0.073712770391590063 -0.036189283886011919 0.027326354312558501 0.070808548614499575 -0.022498824073735581 -0.003507406569815066 -0.032105863734382512 0.047236839769638973 0.051188770588370118 0.011548070983486765 0.027522148885207577 -0.043644167065905543 0.033201855201854556 0.028856059004908469 -0.011127066691441893 -0.027573377129283129 0.041480480763737219 0.012587322877082708 -0.06663604991727147 -0.030965087860622593 0.017137039375149404
leaf_weight=86.83616915345192 1.8297631656751034 2.2539431948680422 5.0371987170074126 4.5641492982394993 11.622480846272081 1.4059649526607243 14.194572367443469 5.1547172085847697 2.5294082821346819 3.0664417548105121 4.4753296170383692 7.1840130323253089 1.8269097506999958 1.7226825635880247 92.608564252441283 9.4310623724013531 2.1900247957091787 2.3094296806957599 9.5461755358846911 7.6591457290924145 4.67945537646301 1.9613980324065776 1.3707526002544934 6.4524349314160689 5.0714460983872405 11.598339556832798 5.4325554431416121 3.548954019322994 11.381048425566407 5.2533534131944171
leaf_count=1393 19 27 55 44 166 17 584 74 37 28 32 163 20 17 1252 66 28 46 142 274 48 56 15 87 27 115 98 18 83 32
internal_value=7.13433e-06 0.00134799 0.0220813 0.00762909 -0.000158521 -0.010562 -0.00435548 -0.0362821 0.00211321 0.0173283 -0.0107127 0.0412029 0.034196 0.0161014 -0.00204128 -0.0182305 0.0143234 -0.000207738 0.0114753 0.0076292 -0.00178346 -0.0209474 -0.0213282 -1.66174e-05 0.0116542 0.0226754 -0.00241635 -0.0168058 -0.0247172 -0.0157738
internal_weight=334.198 201.983 13.6822 8.645 188.301 33.7485 27.1878 6.56068 154.552 18.9779 8.72742 10.2505 4.08085 4.25209 132.215 13.4509 4.01979 118.764 26.1556 23.8462 16.187 6.64085 12.9932 135.574 23.1222 18.0508 112.452 25.6159 20.1834 16.6344
internal_count=5063 3132 146 91 2986 856 765 91 2130 277 86 191 47 54 1931 113 47 1818 566 520 246 104 181 1853 229 202 1624 231 133 115
is_linear=0
shrinkage=0.05


Tree=179
num_leaves=31
num_cat=0
split_feature=1 0 0 0 0 1 2 5 1 6 5 6 1 2 5 6 1 1 2 6 4 3 0 1 4 4 2 6 0 4
split_gain=0.366948 3.13807 2.32016 3.23397 1.83846 3.30078 3.45685 2.35916 1.98292 1.81991 1.70611 2.88196 1.78909 1.61433 1.40689 1.94018 1.34651 2.66104 3.00104 2.80022 1.88976 3.22875 3.17225 2.26626 1.77664 1.43878 1.85948 1.30897 1.28486 2.67804
threshold=0.19962641271934417 -0.26845378018014682 -0.39700389190752938 -0.35473606352594539 -0.45054768402603013 0.54652667876062855 -1.2447321691274367 -1.5518385629752418 1.9857585475218218 -0.42600910403595682 -0.26224916385226049 -0.8507282742077924 0.38960198768594984 0.17810373746348818 -0.39094442253818518 -0.83194502671269133 -0.077368966116429919 -0.053233841534520675 -0.30653830812391109 1.0762968083004807 -0.03726294064608341 -0.70599582641508996 -0.35018742557421573 0.088103950994934441 -0.97481373065111521 -0.37465560615706867 -1.1386595671349553 1.0000000180025095e-35 -0.46139035719728066 0.80122844122339487
decision_type=2 2 2 2 2 2 2 2 2 2 2 2 2 2 2 2 2 2 2 2 2 2 2 2 2 2 2 2 2 2
left_child=16 2 4 -4 7 -6 -7 -2 28 14 11 -5 -12 -13 15 -3 24 -18 19 25 21 -20 23 -22 -1 26 -19 -11 29 -9
right_child=1 9 3 10 5 6 -8 8 -10 27 12 13 -14 -15 -16 -17 17 18 20 -21 22 -23 -24 -25 -26 -27 -28 -29 -30 -31
leaf_value=-0.034169642279365212 0.082651113594470194 0.053272363058441019 -0.049952213096243682 0.041233573927238608 0.065996363369831668 0.072774217256851861 -0.020926972919300083 -0.025021161720906251 0.046922683471643245 0.063005578982113092 -0.020105610236548305 -0.058600723780385104 0.029765038939891238 0.0052132162547142129 0.029413643390468952 -0.044883502373226358 0.062822176185421019 0.043489568392125921 0.0181513379362543 -0.042879078913717283 0.013038879338756668 -0.053789813684910842 0.043510173794553131 -0.061253434143890201 0.00012812421973471078 0.057925790805020333 -0.019158283918062475 0.015041341231505974 -0.047413579279641321 0.03444376949565759
leaf_weight=3.8344813896692349 0.66707506589591403 0.643083747592755 6.8364323470741537 1.2675003269687302 2.6495623178780061 1.2474734559655187 4.665848390199244 7.8263432730454898 1.2428623214364041 2.9519887750502658 3.127644134685398 3.9769551783101633 4.2314490294083953 1.3200151622295377 2.1716769838822074 2.3184625481371768 2.2966591391013962 2.934395034098999 2.4547629242297262 1.2604657690972079 2.2410326233948581 4.2770018656738102 3.5364787445869243 1.8941052160225806 246.71308951967512 4.2467966335825658 1.9861680524772967 2.7452986813150346 3.0841237343847778 2.497597188106738
leaf_count=178 11 340 87 14 25 11 90 254 15 62 28 62 42 39 270 114 57 72 21 56 32 43 30 13 2671 65 22 49 79 211
internal_value=7.22593e-06 -0.00370547 -0.00956314 -0.0217888 0.00106484 0.0196199 -0.00115978 -0.00930761 -0.0134946 0.0204385 -0.0079607 -0.0264922 0.00856981 -0.0426982 -0.00115428 -0.0235695 0.000748913 0.0113303 0.0065678 0.0269966 -0.0082223 -0.0275562 0.008743 -0.0209908 -0.000396783 0.0366041 0.018202 0.0398935 -0.019095 -0.0106352
internal_weight=333.147 55.4714 44.6409 20.76 23.8809 8.56288 5.91332 15.318 14.6509 10.8305 13.9236 6.56447 7.35909 5.29697 5.13322 2.96155 277.675 27.1279 24.8312 10.4278 14.4034 6.73176 7.67162 4.13514 250.548 9.16736 4.92056 5.69729 13.4081 10.3239
internal_count=5063 1803 968 272 696 126 101 570 559 835 185 115 70 101 724 454 3260 411 354 215 139 64 75 45 2849 159 94 111 544 465
is_linear=0
shrinkage=0.05


Tree=180
num_leaves=31
num_cat=0
split_feature=1 3 0 2 1 6 3 2 2 0 5 6 4 0 5 6 2 4 0 2 3 5 0 1 0 4 6 1 1 0
split_gain=0.376577 1.77315 1.17102 2.00155 1.38284 1.70185 1.25925 1.2454 1.49207 2.59656 1.74876 1.40613 0.978335 0.846549 0.78107 1.59734 1.10408 1.9564 1.91085 1.60139 1.43842 1.35047 2.74643 1.63079 1.31659 2.08216 1.29732 1.03095 1.13703 1.02645
threshold=0.75961552443556102 -3.3752180892845045 -0.28496254541408356 -1.1852949352523394 1.1992588846131529 -0.8141417747390739 1.3189314995279926 -1.2022116864321746 -1.2447321691274367 -0.44644579680684154 -0.47035950333894377 -0.85023827644705052 -1.0858275335679293 -0.24405104999721308 -1.1725986639662989 1.0762968083004807 -1.0818131870441572 -0.77662554651860782 -0.43380396045593289 -0.94007824472661794 -1.4423330023790664 0.060977280610365857 -0.46139035719728066 -1.0473081786632019 -0.45742541260561659 -0.3105716138764702 -0.73644990756368489 -0.069008756503063734 0.051594620033375442 -0.39567619450301389
decision_type=2 2 2 2 2 2 2 2 2 2 2 2 2 2 2 2 2 2 2 2 2 2 2 2 2 2 2 2 2 2
left_child=14 -2 3 7 13 -6 -5 8 9 10 11 -3 -7 -4 15 -1 17 18 27 -18 -19 22 26 -23 -24 -26 -22 -16 -29 -21
right_child=1 2 4 6 5 12 -8 -9 -10 -11 -12 -13 -14 -15 16 -17 19 20 -20 29 21 23 24 -25 25 -27 -28 28 -30 -31
leaf_value=-0.050827702875405056 0.074746821583084197 -0.04191747079066338 0.083204446835948742 -0.052502705441432852 0.0453831870414994 0.035012749356945094 0.021070509209856064 0.0522881505497092 -0.03317950159902338 0.071489878347820043 -0.054342207694010949 0.020119732429417201 -0.03971358939731795 0.01630482282810895 -0.043212107633490995 0.0040485474294775226 -0.028074623745423619 -0.019042125560320606 0.020214377446712214 0.010830889439350734 -0.063374947714298149 0.010593706570212268 -0.039605381877406247 0.058335578907432017 -0.021360653320760897 0.03321026106423524 0.043062967860139807 0.038726290067047787 -0.041359330062874212 -0.00064270844890466396
leaf_weight=2.2295902704354367 0.66197761415969836 1.1849230597726994 0.84830140322446812 4.1430644334759625 1.1704745235038037 0.53665513405576382 0.67655762005597342 0.90054928325116712 4.0972315589897335 1.207408186048269 1.5702845820342197 3.9860783119802359 2.3827800923027049 1.0684835135471029 3.8180117236915976 3.2723343208199367 5.0749236787669352 2.5712380344048169 3.1339203249663097 21.20156450313516 0.30104818753898221 3.1068279771134257 2.1508310530334711 4.2159748671110711 3.6016791332513094 3.3961908305063826 5.836489488254303 0.98698134114965774 0.80443527828902006 241.89147848865832
leaf_count=54 37 81 14 144 533 11 21 12 78 11 81 131 144 34 134 219 39 28 35 215 2 38 63 79 22 43 388 22 24 2326
internal_value=5.74324e-06 -0.00596865 -0.00821626 -0.0146688 0.0108687 -0.00555492 -0.0421748 -0.00442912 -0.00866928 0.00396475 -0.00812944 0.00590405 -0.0259773 0.0459122 0.00048034 -0.0181894 0.000820368 0.00931907 -0.0110579 -0.00025473 0.0163946 0.0204246 0.0119668 0.0380802 -0.00539206 0.00512358 0.0378422 -0.0285293 0.00276386 0.000281901
internal_weight=332.028 24.4348 23.7728 17.7661 6.00669 4.08991 4.81962 12.9465 12.0459 7.94869 6.74129 5.171 2.91944 1.91678 307.594 5.50192 302.092 33.9236 8.74335 268.168 25.1803 22.609 15.2862 7.3228 9.1487 6.99787 6.13754 5.60943 1.79142 263.093
internal_count=5063 1332 1295 559 736 688 165 394 382 304 293 212 155 48 3731 273 3458 878 215 2580 663 635 518 117 128 65 390 180 46 2541
is_linear=0
shrinkage=0.05


Tree=181
num_leaves=31
num_cat=0
split_feature=5 2 0 5 2 0 2 5 2 5 5 5 2 1 1 6 4 1 4 0 0 4 2 3 6 4 5 6 3 2
split_gain=0.352005 1.40144 2.44373 0.623391 2.59377 1.27497 1.18988 0.685728 1.60958 1.18522 0.724858 2.0156 1.96318 2.99724 2.68811 2.46846 2.20774 2.03137 1.71511 2.14262 2.47329 1.62316 1.57296 1.46554 1.90502 1.38903 1.36917 1.19818 1.09334 0.878111
threshold=2.0589751712411388 -0.086352922830449708 -0.27582429511803336 1.8518637944562262 0.38156197635317574 -0.24606981199935551 0.13192560931808389 1.7731382848477517 0.38156197635317574 1.7383792152987647 1.2746346602122036 1.2569050543246274 0.27030765155177999 -1.0222867537475155 -1.1762779196764357 -0.15359757116135364 -0.015559208253519061 -0.1935210574943913 0.55043069004549905 -0.24932488679882023 -0.22359998143760404 0.50291020155918076 0.99818523797762937 -1.0000000180025095e-35 -0.31102296284855563 0.11546757301991879 1.6422874790923792 0.10092904344617502 1.0000000180025095e-35 0.28021387243794593
decision_type=2 2 2 2 2 2 2 2 2 2 2 2 2 2 2 2 2 2 2 2 2 2 2 2 2 2 2 2 2 2
left_child=3 -2 -3 7 6 -6 -5 9 -9 10 11 29 14 27 23 16 -16 18 19 -15 -21 -19 -22 -12 26 -24 -25 -14 -17 -1
right_child=1 2 -4 4 5 -7 -8 8 -10 -11 12 -13 13 17 15 28 -18 21 -20 20 22 -23 25 24 -26 -27 -28 -29 -30 -31
leaf_value=-0.0020838286997469156 -0.016468700238507033 0.060578065378258418 -0.022921709371388221 -0.0016070311299149814 0.042089490760138543 -0.024493757059338709 -0.039656075390785868 0.044673725356565032 -0.012918815998532422 -0.023600319411835713 -0.039901000146662091 -0.039873726400657776 0.052520276424267931 -0.040468231722105424 0.006383854210193135 0.025082252917577014 0.054152080304246356 0.048462366510241689 0.018377963598006322 0.065426507786753269 -0.054090316685327537 -0.014065769237305415 0.04144814506053552 -0.061270026105715018 0.054270510103629148 -0.046352201525058534 0.022876626223185936 -0.00066812510879079494 -0.010126164200817522 0.0046533232278090598
leaf_weight=180.13873596218764 2.6391293909400702 2.4651720495894556 1.3594540845369909 3.2342667086049897 2.6809013269376005 0.9824389987043104 5.6340689831413329 2.6969829052686682 2.2050497728923801 5.2652642102912059 2.8650332917459309 3.2560072476044288 2.8370310617610839 9.4568604403175467 3.4931465198751566 3.7703469321131671 7.8650954011827716 2.2066891280119263 2.486151077784597 1.1238554426236129 1.7297648899257159 1.9595257602632044 1.3027144091902298 1.0571103736292573 1.3633465338498378 0.68855626462027419 0.89076645951718081 1.6893233559094367 5.3108460530638695 66.117604169732658
leaf_count=2684 16 30 28 27 46 35 25 23 34 39 25 20 36 54 28 26 82 30 25 14 11 12 53 20 12 6 24 27 32 1539
internal_value=4.91246e-06 0.0115585 0.0308983 -0.000225361 -0.0111596 0.0242331 -0.0257797 0.000214135 0.0187672 -8.22344e-05 0.000328327 -0.000791708 0.00569269 -0.00422734 0.0151896 0.0239244 0.0394613 -0.0121975 -0.0199529 -0.0266161 0.000422177 0.0190531 -0.0192109 -0.013717 0.00893871 0.0110879 -0.0227897 0.0326693 0.00449173 -0.000274964
internal_weight=330.771 6.46376 3.82463 324.307 12.5317 3.66334 8.86834 311.776 4.90203 306.874 301.609 249.512 52.0962 25.4805 26.6157 20.4394 11.3582 20.9541 16.7879 14.3018 4.84489 4.16621 3.72104 6.17626 3.31122 1.99127 1.94788 4.52635 9.08119 246.256
internal_count=5063 74 58 4989 133 81 52 4856 57 4799 4760 4243 517 268 249 168 110 205 163 138 84 42 70 81 56 59 44 63 58 4223
is_linear=0
shrinkage=0.05


Tree=182
num_leaves=31
num_cat=0
split_feature=1 3 0 2 1 3 6 6 2 2 0 5 6 5 6 2 4 0 2 4 3 5 0 1 4 0 6 1 1 5
split_gain=0.347178 1.59633 1.06417 1.89475 1.30449 1.20258 1.18959 1.90916 1.1464 1.37227 2.42388 1.66171 1.29476 0.711867 1.51553 1.0237 1.79669 1.7465 1.41801 1.39113 1.91066 1.46314 3.12425 1.73858 1.55963 3.08843 1.0807 0.972019 1.03255 0.962892
threshold=0.75961552443556102 -3.3752180892845045 -0.28496254541408356 -1.1852949352523394 0.97532326449953566 1.1348471134948515 -0.8141417747390739 -0.15359757116135364 -1.2022116864321746 -1.2447321691274367 -0.44644579680684154 -0.47035950333894377 -0.85023827644705052 -1.1725986639662989 1.0762968083004807 -1.0818131870441572 -0.77662554651860782 -0.43380396045593289 -0.94007824472661794 -0.63789402783149318 -1.4423330023790664 0.060977280610365857 -0.46064855013779754 -1.0473081786632019 -0.3105716138764702 -0.45742541260561659 -0.73644990756368489 -0.069008756503063734 0.051594620033375442 -0.21640051345653846
decision_type=2 2 2 2 2 2 2 2 2 2 2 2 2 2 2 2 2 2 2 2 2 2 2 2 2 2 2 2 2 2
left_child=13 -2 3 8 -4 -5 -6 -8 9 10 11 12 -3 14 -1 16 17 27 -17 -18 -21 22 26 -23 -24 -26 -22 -15 -29 -20
right_child=1 2 4 5 6 -7 7 -9 -10 -11 -12 -13 -14 15 -16 18 19 -19 29 20 21 23 24 -25 25 -27 -28 28 -30 -31
leaf_value=-0.050174363029364323 0.07036937062748945 -0.040969130266406077 0.063133160169976249 -0.052690679089226783 0.044701806400688521 0.015787411244698582 -0.041666797672354594 0.03163432439197171 0.050717606963691778 -0.032025325258496565 0.070321526561380354 -0.054130319132604646 0.019282093798285771 -0.042200339033702974 0.0039156726846125561 -0.026624107778716145 0.060327220907972649 0.019259934292212063 0.006554965294238122 -0.031809078807573325 -0.063643608268918336 0.0067724054236262031 -0.04171133621116152 0.057731165912714801 -0.051085549966781767 0.03185061844862927 0.039606765228093949 0.036614134275107672 -0.039999833929332582 -0.0012013700542353035
leaf_weight=2.1445119050331405 0.66868088010233151 1.1496723247691982 0.97773797577246568 3.9031688235700193 1.1367989800637639 0.76714800158515561 2.3251951197744352 1.4374628302175496 0.88426828430965621 4.0214155667927116 1.1688346415758131 1.4965227509383119 3.9731202565017152 3.7060898278141394 3.2691218020627275 5.0001882342621675 1.6442187745124126 3.1164694125764054 49.263527447765227 2.1808006959036019 0.26497906446457342 2.8900622110813856 2.9020876530557871 3.9771164380945256 1.6817240905947981 3.3757218727841947 5.8154953533085063 0.99434678070247151 0.78852539695799351 213.09732820669888
leaf_count=54 37 81 21 136 541 29 144 30 12 78 11 81 131 134 219 39 27 35 564 22 1 35 15 75 56 43 389 22 24 1977
internal_value=5.75469e-06 -0.00579688 -0.00798827 -0.0142128 0.010402 -0.0414424 -0.000121095 -0.0136633 -0.00419441 -0.00830608 0.00394137 -0.00778 0.00576034 0.000458991 -0.0175111 0.000782515 0.00904428 -0.0106339 -0.000247656 0.0158912 0.0127267 0.0173721 0.00812149 0.0362851 -0.0124936 0.00427232 0.0351072 -0.0276067 0.00272945 0.000255038
internal_weight=330.022 23.91 23.2413 17.3642 5.87719 4.67032 4.89946 3.76266 12.6938 11.8096 7.78815 6.61932 5.12279 306.112 5.41363 300.699 33.3376 8.60543 267.361 24.7322 23.088 20.9072 14.04 6.86718 7.95953 5.05745 6.08047 5.48896 1.78287 262.361
internal_count=5063 1332 1295 559 736 165 715 174 394 382 304 293 212 3731 273 3458 878 215 2580 663 636 614 504 110 114 99 390 180 46 2541
is_linear=0
shrinkage=0.05


Tree=183
num_leaves=31
num_cat=0
split_feature=3 3 3 3 1 3 3 3 2 2 2 2 0 4 0 0 0 1 2 1 0 2 0 6 6 3 5 1 6 2
split_gain=0.337164 0.630344 1.96302 2.23702 1.01587 0.819553 4.20969 2.6905 0.960988 2.30291 1.51042 1.37432 1.22964 1.06897 2.10821 1.93413 0.795764 0.740651 1.30823 0.941896 1.86404 0.90073 1.61475 0.793852 1.2796 0.882014 0.853871 2.04178 1.44696 1.34376
threshold=2.1473108224874662 1.6870999954678338 1.7791422345054781 1.871184381500975 -0.5347122480721701 1.2268893525324958 1.1348471134948515 1.3189314995279926 -0.11969199884617794 -0.026878487343073316 -0.27986773922169217 0.06273455772060299 -0.42201092308645366 -0.03016219410641437 -0.21283338319695824 -0.18458070058130868 -0.4358445192622965 -1.7995094254806314 -1.0478272815207041 -1.629495391513599 -0.33100955617893285 -0.94007824472661794 -0.45903476292910533 -0.68018183137183863 -0.656253607388949 0.39851002957302184 -0.046937685070953881 -0.3402738109420656 -0.8141417747390739 -0.05217745825188428
decision_type=2 2 2 2 2 2 2 2 2 2 2 2 2 2 2 2 2 2 2 2 2 2 2 2 2 2 2 2 2 2
left_child=1 5 -3 -4 -5 6 17 -7 10 -10 12 -11 16 14 -13 -16 -9 18 -1 20 21 22 -19 26 25 -25 27 29 -29 -21
right_child=-2 2 3 4 -6 7 -8 8 9 11 -12 13 -14 -15 15 -17 -18 19 -20 23 -22 -23 -24 24 -26 -27 -28 28 -30 -31
leaf_value=0.061706186235769012 -0.025858808324035656 0.066612457811340856 -0.059113207792079792 -0.0064807821631368695 0.052216950587714264 -0.055897961310784727 0.060256909750931731 0.0051827950166952082 -0.064314607736940921 0.046624242485046513 0.058020433556361842 0.043087102935234337 -0.022966401307597244 -0.026364017031383049 -0.067691196725122818 0.045526891996564386 0.05975415788645292 -0.052044992543248125 -0.0056245276919888697 0.05964413520418739 0.031860270063654654 -0.06177355877533789 0.042792288501598851 0.0047694242325976169 0.0003205377517043977 0.052411105242074645 -0.025012046291801746 -0.0029167911876543736 -0.047034877385851818 -0.0059319445889347141
leaf_weight=1.3236227208981293 1.2552796184318129 1.4587587905989483 1.1779083122964946 1.4982039583846924 1.4510074476129378 2.739891903242099 2.9176223919785107 2.1503222398459911 1.7758470440749121 1.2475698482012276 1.3938292461680308 2.1174515141174215 2.9311339936684822 4.4453961588442299 1.1741033908911065 0.55578311823773896 0.96908932924270619 1.1058845537481827 1.5857244678190898 1.8658408997580411 1.2361457462538954 2.0190168460831051 0.75543907843530167 1.893617381807416 266.03537714824779 1.9950142233865333 6.2095080568105905 7.7015892250055913 2.4496285183122364 1.3438995813485259
leaf_count=28 34 39 29 15 38 77 154 59 12 14 13 23 29 47 6 75 10 47 22 24 27 14 10 38 3224 21 180 650 77 27
internal_value=4.83752e-06 0.000103963 0.0167564 -0.000865564 0.0223984 -0.000184969 0.000489898 -0.00961528 -0.0028559 -0.0120344 0.0110963 -0.00230287 0.000286618 -0.00966352 0.00963302 -0.0313162 0.0221362 -9.62055e-05 0.0250079 -0.000344114 -0.0216099 -0.0386437 -0.0135542 3.17342e-05 0.000736751 0.0292114 -0.00969215 -0.00257222 -0.0135631 0.0321878
internal_weight=328.78 327.524 5.58588 4.12712 2.94921 321.938 300.438 21.5004 18.7605 11.3162 7.44437 9.5403 6.05055 8.29273 3.84734 1.72989 3.11941 297.52 2.90935 294.611 5.11649 3.88034 1.86132 289.494 269.924 3.88863 19.5705 13.361 10.1512 3.20974
internal_count=5063 5029 121 82 53 4908 4543 365 288 177 111 165 98 151 104 81 69 4389 50 4339 98 71 57 4241 3283 59 958 778 727 51
is_linear=0
shrinkage=0.05


Tree=184
num_leaves=31
num_cat=0
split_feature=3 3 3 3 6 0 2 0 2 0 3 3 3 1 6 6 1 6 4 6 6 2 1 6 2 4 3 0 2 0
split_gain=0.338587 3.12551 4.05494 3.52796 1.93819 2.34378 2.16008 2.09677 2.51911 1.91728 1.90249 9.95999 7.63441 1.81908 2.25793 2.12419 4.75029 2.70029 2.23621 2.18707 2.78819 2.10718 2.04449 1.89971 1.78936 1.57976 1.9283 1.68409 2.78961 2.38839
threshold=1.0000000180025095e-35 -0.24578499939545764 -0.33782723843310175 -0.15374285239996058 -0.4340668449903769 -0.30052573773206609 0.32136272665916715 -0.33292608708540494 -0.1081093888793558 -0.34744650201584221 0.30646788257752478 0.39851002957302184 0.21442564353988061 -0.79926088106645266 -0.61865989030092794 -0.34665668889360962 -0.73448109002052886 -0.51271148558943047 0.050414532736126907 -0.54486078311365405 -0.57676508175750696 0.22214829751752216 -0.98678564803337465 -0.85051049742524054 0.13192560931808389 0.98480453059191408 0.85872076455050717 -0.33203770776548741 -0.15154427531699513 -0.34012113947976458
decision_type=2 2 2 2 2 2 2 2 2 2 2 2 2 2 2 2 2 2 2 2 2 2 2 2 2 2 2 2 2 2
left_child=1 2 -1 -3 5 9 -7 8 -6 -5 12 -12 13 14 -2 16 -15 19 -17 20 23 -19 24 -18 -16 27 -27 29 -29 -13
right_child=10 3 -4 4 7 6 -8 -9 -10 -11 11 25 -14 15 22 18 17 21 -20 -21 -22 -23 -24 -25 -26 26 -28 28 -30 -31
leaf_value=0.00045250844397856172 -0.022819997444191564 -0.056115165678907002 0.053279277463714116 0.0088190343708682891 -0.02034688728223465 0.029591054668319614 -0.034290996698562726 -0.032358176272106007 0.035265431008105239 0.078504878410384962 -0.058252571258277923 -0.002294330792923988 0.058260090720271863 -0.078280804573966856 -0.0099256294280801183 -0.034986114713490724 0.046507379453793948 0.071174822224702422 -0.00031604876416396169 -0.055897520869396193 0.080419119628796665 0.011329407388235686 0.068265626500654111 -0.026743833828619879 0.046603211505313304 0.066941606706332576 0.004155057695939211 0.04240108611356793 0.0031220578284231431 -0.036995101202561026
leaf_weight=111.35031946466188 2.4062208710238329 4.5397436717757946 3.7550896856118916 2.3045462805312127 5.4209486490581185 2.0770866249222317 3.6462706156307831 10.948984950315205 3.2614300418645161 1.7265144875273115 7.3609406106406814 51.979129472398199 6.9680544449947766 1.3545277100056363 3.1519009545445433 7.939385354286066 1.2456189811346057 3.3388728394638791 11.229029068723319 1.4403911605477331 1.2080663298256693 2.6291057153139263 2.6668870407156637 3.0582095379359089 2.5184572278521955 2.0139960118103764 3.1131033323472366 4.9443348951463113 52.700509805290494 5.4816190050914875
leaf_count=1829 18 128 278 40 41 35 61 64 28 13 99 735 181 6 17 54 68 32 82 7 9 23 24 49 31 31 46 88 904 42
internal_value=4.7766e-06 -0.00175516 0.00217588 -0.0150927 -0.00875526 0.00946162 -0.0111073 -0.0178069 0.000543204 0.0386657 0.00147212 -0.00179405 0.00961883 0.00194831 0.0198474 -0.00380171 0.0108006 0.0201396 -0.0146761 -0.00103857 0.0132974 0.0448108 0.0321617 -0.00554338 0.0151813 0.00166248 0.0288185 0.000452878 0.00649111 -0.0056047
internal_weight=327.779 149.031 115.105 33.9255 29.3858 9.75442 5.72336 19.6314 8.68238 4.03106 178.748 127.594 51.1547 44.1867 10.7435 33.4432 14.2748 12.9203 19.1684 6.95229 5.51189 5.96798 8.33725 4.30383 5.67036 120.233 5.1271 115.106 57.6448 57.4607
internal_count=5063 2517 2107 410 282 149 96 133 69 53 2546 1945 601 420 90 330 194 188 136 133 126 55 72 117 48 1846 77 1769 992 777
is_linear=0
shrinkage=0.05


Tree=185
num_leaves=31
num_cat=0
split_feature=5 5 5 0 0 1 6 4 5 5 4 0 2 6 2 6 6 5 5 2 6 1 6 6 3 2 2 0 1 6
split_gain=0.333264 1.66299 1.97236 1.89132 2.04149 1.50888 1.83204 1.38404 1.14923 1.12485 2.4228 1.78716 1.9206 2.5149 2.02594 2.94817 2.27619 1.56094 1.44573 1.18071 1.12148 2.03238 1.02798 3.06254 3.91027 1.31476 1.18458 1.16056 2.373 2.68019
threshold=0.045484203462505902 0.15373111848454052 0.22685237560406593 -0.4358445192622965 -0.24932488679882023 -0.41939926974169667 -0.34031394010178562 -1.0000000180025095e-35 0.13139565650439944 0.97646373688526711 -0.38016789873922541 -0.43925956003961947 0.15813895348863957 0.08315301357037648 0.51049506815331835 -0.2440021580182096 -0.051650814829247237 1.0081229451328322 0.74268532260317244 -0.67520154607297966 -0.071441279943650807 -1.0222867537475155 -0.61422268835643312 -0.52743864050950229 0.30646788257752478 0.57206594632136787 0.33812712039616932 -0.27920695840046106 -1.1613437297434215 0.20491745711470552
decision_type=2 2 2 2 2 2 2 2 2 2 2 2 2 2 2 2 2 2 2 2 2 2 2 2 2 2 2 2 2 2
left_child=-1 3 -3 7 5 6 -5 -2 -6 10 -4 -12 13 -13 15 -14 -16 -11 -18 20 21 -19 25 24 -24 26 -21 -25 -29 -30
right_child=1 2 9 4 8 -7 -8 -9 -10 17 11 12 14 -15 16 -17 18 19 -20 22 -22 -23 23 27 -26 -27 -28 28 29 -31
leaf_value=0.0017986409393061121 0.054003419386360232 0.027444862284408685 0.020558666620664585 0.0051169736854781434 0.025649282623383996 -0.058838558317033607 -0.047376994665947914 -0.013002629705801553 -0.035968423033520866 0.04431807577804836 0.03466290406270689 -0.053209721094202057 0.040460719438818446 -0.0051026735732611376 -0.0367682272369537 -0.022866927465960477 0.03758250568790087 -0.025826592367725856 -0.013414932933138574 0.032960754409021222 -0.042526925024838493 0.048083390444944259 0.0049335671553588766 0.0069480061043535359 -0.053515890257411658 0.062834310809621194 -0.013771749240166449 0.062234890661251832 -0.019727383658912051 0.030205804163831812
leaf_weight=144.37964256193663 1.4952470271382483 6.3590085681062183 6.2301714494824401 3.4567277715541422 2.6727692837594055 4.046153737232089 3.2014538254588842 1.5902978740632558 1.0555839799926614 2.093175671529024 1.8361383364535857 6.4289578553289157 4.335061326622963 4.7048535011708736 7.6896142832119923 3.1903886264190104 2.1090069315396258 2.9479418690316379 4.0748873664997518 2.6909837721032082 2.9493689294904462 1.3588559166528282 5.870424874708986 69.601963839260861 5.5825943951494992 1.4621163363335652 2.7334518503048457 1.1734139482723573 15.484899739327377 3.251688075833953
leaf_count=3236 34 82 78 25 92 24 16 16 17 20 28 35 27 35 64 23 40 89 30 32 17 33 50 538 43 63 23 33 161 59
internal_value=5.49856e-06 -0.00141952 0.000143188 -0.0160633 -0.0236595 -0.0347576 -0.0201237 0.0194683 0.00820387 -0.000957013 -0.00812952 -0.0133299 -0.0160386 -0.032881 -0.00727562 0.0136132 -0.0186064 0.00152759 0.00397766 0.000749464 -0.0187736 -0.00250694 0.00206296 0.000788096 -0.0235567 0.020754 0.00941157 0.003903 -0.00674181 -0.0110616
internal_weight=326.057 181.677 164.159 17.5182 14.4327 10.7043 6.65818 3.08554 3.72835 157.8 40.5991 34.3689 32.5328 11.1338 21.399 7.52545 13.8735 117.201 6.18389 115.108 7.25617 4.3068 107.852 100.965 11.453 6.88655 5.42444 89.512 19.91 18.7366
internal_count=5063 1827 1603 224 174 65 41 50 109 1521 360 282 254 70 184 50 134 1161 70 1141 139 122 1002 884 93 118 55 791 253 220
is_linear=0
shrinkage=0.05


Tree=186
num_leaves=31
num_cat=0
split_feature=2 1 0 1 2 6 4 5 3 1 0 6 3 6 1 5 4 0 5 6 3 5 2 0 5 2 6 6 2 4
split_gain=0.340729 2.23094 2.10918 1.84265 1.95393 1.90044 3.74453 2.24902 1.93822 1.89187 1.7443 1.60134 1.9387 1.89007 1.56473 2.34008 3.0865 2.16083 1.56317 1.53945 2.00961 1.45901 1.40349 3.33907 1.53549 1.39988 2.16592 1.45721 1.39262 3.34632
threshold=0.37211296495835683 -1.438978628198343 -0.31910199041229742 -0.62828024045233177 0.49815041188695208 -0.32161235890014156 0.10666346010587291 1.5365115432400682 1.0000000180025095e-35 -0.39415026142350457 -0.372085583204676 0.26012387149161126 -1.0000000180025095e-35 -0.62519319377748495 -0.85142261590544377 1.1221486290870863 -0.082554548656509893 -0.23725805138919623 0.94770797635424298 -0.5672101254230425 -0.15374285239996058 0.20969313362491748 0.90994376042672809 -0.24230433343095112 -0.35078704689246964 1.3607523798560386 0.10092904344617502 -0.11774606833374772 0.33172614179636356 -0.26059382145146842
decision_type=2 2 2 2 2 2 2 2 2 2 2 2 2 2 2 2 2 2 2 2 2 2 2 2 2 2 2 2 2 2
left_child=28 -2 10 11 19 6 9 8 25 18 -3 13 -13 -4 15 17 -17 -15 -6 -5 -21 -16 24 -24 -11 26 -7 -27 -1 -30
right_child=1 2 3 4 5 7 -8 -9 -10 22 -12 12 -14 14 21 16 -18 -19 -20 20 -22 -23 23 -25 -26 27 -28 -29 29 -31
leaf_value=-0.00021584056184579788 0.05373782298072434 -0.03275745173096644 0.019122134103418953 -0.029187775246495015 0.068099361890755924 0.011727486516206552 -0.057573324406006966 0.062583332992820137 0.031162723737484823 0.028180463141970299 0.0270558502408349 -0.011100541628731154 0.060847964672700254 -0.051012215685267773 0.0038542288432619407 -0.044315313996526766 0.034629059182627896 0.0031573280018443745 0.0045392425317988217 0.0024588571129103578 0.065958188165577289 -0.038122642935855218 0.17466579287153866 -0.0041759216790925651 -0.042794418865799017 -0.027119038731039838 -0.047353926943218307 0.062979907443033042 0.024490610025969535 -0.041366867889810505
leaf_weight=230.37234933424043 2.0896585246664463 1.3701287724543352 3.8553210434620295 0.88966291795077257 1.5820208028890146 2.8460214255610499 3.4450918846996492 2.009411252802237 4.7335854128468773 0.94741778590832826 11.042653981101465 2.1186963954241951 1.6776673563290376 3.9638541527092457 2.5442769273649892 1.6468257878441379 4.9889220496406761 3.4375292534241471 2.4896232079481706 2.0062215914949775 3.2880978882312766 11.10584709147224 0.29714441532268709 2.1451679391029801 3.8945375563344014 0.72662899247370671 3.4097646465525031 1.1735757861752059 2.8304784703359473 6.055188865400849
leaf_count=3167 71 64 97 61 51 37 60 49 79 121 246 41 35 27 32 29 58 52 35 23 37 108 3 278 36 9 37 34 49 37
internal_value=4.07739e-06 0.0027088 0.00143383 -0.00188096 0.00610006 0.000776147 -0.0119136 0.0133824 0.00571226 0.00193844 0.0204536 -0.00998506 0.0206945 -0.0136776 -0.0182448 -0.00652338 0.0150371 -0.0258535 0.0292353 0.0316694 0.0418958 -0.0302985 -0.0133195 0.0175829 -0.0289069 -0.00905872 -0.0204753 0.0285265 -0.000965016 -0.0203883
internal_weight=324.983 85.7254 83.6357 71.2229 35.884 29.7 14.801 14.899 12.8896 11.3559 12.4128 35.3389 3.79636 31.5426 27.6873 14.0371 6.63575 7.40138 4.07164 6.18398 5.29432 13.6501 7.28427 2.44231 4.84196 8.15599 6.25579 1.9002 239.258 8.88567
internal_count=5063 1810 1739 1429 950 829 584 245 196 524 310 479 76 403 306 166 87 79 86 121 60 140 438 281 157 117 74 43 3253 86
is_linear=0
shrinkage=0.05


Tree=187
num_leaves=31
num_cat=0
split_feature=6 6 3 5 4 2 1 6 1 5 3 1 2 1 5 5 1 0 2 6 2 5 4 1 6 1 1 6 2 4
split_gain=0.347598 2.24402 1.68717 1.90703 1.5926 1.36496 1.89037 2.06109 2.32083 1.88678 2.035 1.8194 1.75099 4.32303 2.08713 1.72327 1.83128 1.69237 1.51589 1.50156 1.3626 3.43775 2.91012 2.85646 4.21803 2.29545 3.03601 2.68914 2.56967 2.11554
threshold=-0.19315127929234177 -0.2440021580182096 0.39851002957302184 0.16663306533650965 -0.1388013739698499 0.52390654656616109 -1.0068494770013638 -0.57453286973634998 -0.39415026142350457 0.39403016175515826 0.30646788257752478 -0.70125156854479342 0.35169097149216128 -0.70125156854479342 1.298548226536034 0.97646373688526711 -0.49458473668055952 -0.22148142620401698 0.60361343170493675 -0.46825779985102467 0.17993259066919218 1.2102221417103725 -0.066279727275328673 -1.0222867537475155 -0.52438976555377581 -0.20972681290296477 -0.82874150453645379 -0.32566845147517065 0.27030765155177999 -0.3105716138764702
decision_type=2 2 2 2 2 2 2 2 2 2 2 2 2 2 2 2 2 2 2 2 2 2 2 2 2 2 2 2 2 2
left_child=1 5 3 4 -3 12 -7 8 18 10 11 -9 20 14 19 16 -15 -18 -8 -14 21 22 29 -23 -25 26 -22 28 -28 -1
right_child=-2 2 -4 -5 -6 6 7 9 -10 -11 -12 -13 13 15 -16 -17 17 -19 -20 -21 25 23 -24 24 -26 -27 27 -29 -30 -31
leaf_value=-0.0020251108947725882 -0.0020099444996455546 0.0045517874931930782 0.044717648604343081 -0.014948583318256282 0.068293361738643032 0.024488545749348015 -0.0045717017097247617 -0.029989808326023729 -0.028579187838030342 -0.03028088560416561 -0.033541645670626168 0.047124625596013991 0.04060177157495079 0.066363060290632866 -0.034199537349630126 0.068044290682122796 -0.011041686999422824 0.055783246558542388 0.05651188262981488 -0.020732860091385877 0.017541520113959357 -0.0078460978466064046 -0.020915092791498249 -0.0025317339637684132 0.05805604030823918 0.029954469721700197 0.017394048466236208 -0.066254557339100323 -0.033166574082945405 0.018320626738641956
leaf_weight=58.088831969740568 128.91501334449276 2.2114832284860308 4.8421674459241322 4.4181927870959044 1.7597001465037454 3.6454897902440271 1.6635092042852209 1.0674045619089167 2.4177270589279951 15.816205835726576 2.4135587530909106 2.6988061956362817 2.4401100557297468 1.8315335586667059 4.3191173635423183 3.3375219330191612 3.4190003522671755 1.3106557230057645 2.6081255584722385 1.688276040833445 4.7196501153521266 5.4434315868420553 16.231315604643896 4.559190387604759 7.7654112000018332 2.9372804202139369 3.7404651204124093 3.5792536810040483 7.6579157384112477 16.379108338383958
leaf_count=1076 1931 27 55 44 20 80 14 11 309 147 88 85 37 24 32 36 31 100 122 17 41 87 164 39 82 126 27 16 36 159
internal_value=4.53828e-06 0.00133625 0.0212165 0.0076521 0.0327968 -0.000110819 -0.00942609 -0.0137362 0.0105673 -0.0211273 0.00230012 0.0252692 0.0019044 0.016372 -0.00990137 0.0387936 0.0239145 0.00747646 0.032724 0.0155194 -0.000120181 0.00220837 -0.00173144 0.0223197 0.035643 -0.0112789 -0.0174276 -0.0284469 -0.0165747 0.0024499
internal_weight=323.925 195.01 13.2315 8.38938 3.97118 181.779 32.3308 28.6853 6.68936 21.996 6.17977 3.76621 149.448 18.3462 8.4475 9.89871 6.56119 4.72966 4.27163 4.12839 131.102 108.467 90.6993 17.768 12.3246 22.6346 19.6973 14.9776 11.3984 74.4679
internal_count=5063 3132 146 91 47 2986 856 776 445 331 184 96 2130 277 86 191 155 131 136 54 1853 1607 1399 208 121 246 120 79 63 1235
is_linear=0
shrinkage=0.05


Tree=188
num_leaves=31
num_cat=0
split_feature=5 2 0 5 2 4 3 3 5 2 5 5 3 4 2 4 0 1 1 0 2 1 2 0 0 4 1 2 2 0
split_gain=0.348161 1.31261 1.78395 0.540742 2.33039 1.67078 1.16329 0.609395 0.594349 1.41488 1.12332 0.673146 1.46906 3.18044 2.31013 2.2114 0.584029 2.36418 1.44944 1.42522 3.71447 2.47155 1.72279 1.65779 3.32616 2.68024 1.79297 2.11827 2.10935 1.65795
threshold=2.0589751712411388 -0.086352922830449708 -0.27766187853951774 1.8518637944562262 0.38156197635317574 -0.3105716138764702 0.58259423152186895 1.0000000180025095e-35 1.7731382848477517 0.38156197635317574 1.7383792152987647 1.5010059888074545 -0.52191153242409583 0.20317517587728259 -0.12929344388541192 0.65903693769190641 -0.23725805138919623 -1.3733166400609285 -0.77427946276305482 -0.35018742557421573 0.17993259066919218 -0.87799887655879072 0.25994426689521632 -0.31334456634823332 -0.29380373205603244 -0.093497153620987011 -0.97553016135413062 0.17810373746348818 0.45593475075957129 -0.32271615250635416
decision_type=2 2 2 2 2 2 2 2 2 2 2 2 2 2 2 2 2 2 2 2 2 2 2 2 2 2 2 2 2 2
left_child=3 -2 -3 8 6 -6 -5 -7 10 -10 11 16 -13 14 -14 -15 18 -18 19 20 -1 23 -23 29 25 -25 27 -26 -29 -21
right_child=1 2 -4 4 5 7 -8 -9 9 -11 -12 12 13 15 -16 -17 17 -19 -20 21 -22 22 -24 24 26 -27 -28 28 -30 -31
leaf_value=-0.0044001087579600617 -0.015540752452825638 0.058944599247562027 -0.011891528937751573 -0.0088578274717262973 -0.043613312290252851 0.0092217149612646571 -0.045976192455931625 0.058789016865213997 0.042290692671294781 -0.012477889170766228 -0.023178026589425416 -0.01805333954023422 0.00060720919253492967 -0.025615391363845514 0.061839529556790042 0.031632196658523723 0.066136587459675225 0.0028562098405949736 0.0012235261476756421 -0.010606335477906266 0.060971024918054062 -0.064339931985662346 -0.015887265307121975 0.069913635190468115 -0.045919786934774304 -0.0012719344297246376 0.027130031721250933 0.036066696612515318 -0.02252901246747074 -0.051514234524342728
leaf_weight=25.865491062751975 2.6097447071224451 2.2324428588617597 1.4767821817658831 5.0260598598979396 0.72315278707537745 0.94370425521628964 3.6391628934070468 1.8081899737007914 2.626778599806129 2.1398473775188904 5.1780530139803878 3.78867832082324 2.3148115223739305 4.8584220053162426 4.6038307977141786 2.5841824705712497 1.5345211506355543 38.694792582551599 168.86573997201049 9.0936510660685581 2.3723286970052859 3.6222640462219706 3.7172860387945548 2.7248916290700436 4.5841872133314627 2.5689072741661247 2.4934582607820586 2.3739163135178387 4.3506811142433435 3.4039710410870638
leaf_count=283 16 28 30 28 22 22 24 37 23 34 39 38 40 41 64 32 50 1364 2533 62 38 15 34 20 21 26 21 21 40 17
internal_value=6.17114e-06 0.0116272 0.0307421 -0.000225844 -0.0105739 0.0240184 -0.0244466 0.041791 0.000186916 0.0177038 -9.17827e-05 0.000314247 0.00964186 0.0169482 0.0413527 -0.00573818 -0.000298551 0.00527 -0.00124764 -0.00746005 0.00109188 -0.0136627 -0.0398 -0.00759071 0.00167496 0.0353696 -0.0112485 -0.0197105 -0.00184356 -0.0217484
internal_weight=322.82 6.31897 3.70923 316.501 12.1403 3.47505 8.66522 2.75189 304.361 4.76663 299.594 294.416 18.1499 14.3612 6.91864 7.4426 276.266 40.2293 236.037 67.171 28.2378 38.9332 7.33955 31.5937 19.096 5.2938 13.8022 11.3088 6.7246 12.4976
internal_count=5063 74 58 4989 133 81 52 59 4856 57 4799 4760 215 177 104 73 4545 1414 3131 598 321 277 49 228 149 46 103 82 61 79
is_linear=0
shrinkage=0.05


Tree=189
num_leaves=31
num_cat=0
split_feature=1 3 1 0 2 0 1 4 6 1 6 6 1 3 5 6 0 1 0 1 3 2 2 1 6 4 4 2 6 5
split_gain=0.343309 1.44299 0.954437 0.704826 1.49119 2.08654 1.43295 2.27053 1.2645 1.15095 1.08479 1.44674 0.865935 0.819546 0.652424 1.41473 0.93078 1.74403 2.55537 2.47201 1.78945 2.50078 2.85107 2.03701 1.8307 1.71596 3.90024 2.8848 1.65627 1.63772
threshold=0.75961552443556102 -3.3752180892845045 0.77620918278452933 -0.28496254541408356 -1.2447321691274367 -0.44644579680684154 1.9857585475218218 1.1183285548757507 -0.85067383001215435 0.97532326449953566 -0.83194502671269133 -0.15359757116135364 1.9668001027168092 1.5030157014768397 -1.1725986639662989 1.0762968083004807 -0.39567619450301389 -0.29509550138511847 -0.45054768402603013 -0.38533136794031014 0.58259423152186895 -1.0478272815207041 -0.67520154607297966 -0.58648197672848079 -0.061750213120091421 -0.35693597133945582 0.86505388056604826 -0.19787482186649813 0.91767364430924314 0.68908008171291002
decision_type=2 2 2 2 2 2 2 2 2 2 2 2 2 2 2 2 2 2 2 2 2 2 2 2 2 2 2 2 2 2
left_child=14 -2 -3 4 5 6 7 12 -6 -5 -11 -12 -4 -10 15 -1 17 19 28 20 21 23 -23 29 -24 -20 -27 -28 -19 -16
right_child=1 2 3 9 8 -7 -8 -9 13 10 11 -13 -14 -15 16 -17 -18 18 25 -21 -22 22 24 -25 -26 26 27 -29 -30 -31
leaf_value=-0.049465670914010378 0.066148420404948574 -0.050173912843346359 -0.052133757738485713 0.061872924358394067 0.0023809092282630335 0.068702061073624296 0.04306428598708812 0.05305927439928404 -0.045950312208339311 0.053108825414898947 -0.033798893033844965 0.029539657029923606 -0.0049965699919427599 0.015924377127814991 0.013821132252609364 0.0035779195705226592 -0.00060284196587822442 0.013568193337870564 0.0049365243136966549 -0.035742102905211834 0.028094588085212313 -0.046856930820123363 -0.02630811619011298 0.053585965505198285 0.025177351844577242 0.081145612258485725 -0.047293414328973701 0.051461230514000172 -0.030449727059818157 -0.034520041206209974
leaf_weight=2.0489885308779767 0.67535256978590297 1.2675351526704641 2.4807257860666132 0.88955274922772787 2.7200806944165379 1.1068013273179529 1.2085236236453054 0.92691172222839657 4.9394625840941497 0.79478607955389291 2.5010068741976288 1.4097430089022904 1.6044722460210321 0.60019223741255689 8.6912410909426416 3.2522873085108586 236.94187545147724 7.269933412899265 3.1006886358372867 4.28118005208671 6.5164378272602326 4.9694351367652416 3.0704033048823476 2.5675624946597955 3.9449490378610808 4.1035435292869789 1.3712271451950075 1.6051824520109219 3.0267698426032439 2.1944171258946872
leaf_count=54 37 20 190 20 39 11 16 69 187 529 156 30 10 18 119 219 2347 197 26 98 157 28 19 58 48 36 10 40 236 39
internal_value=6.50304e-06 -0.00586286 -0.00802916 -0.00550724 -0.0109717 0.00544783 -0.00580663 -0.0175904 -0.0255379 0.00971592 -0.00014404 -0.0109667 -0.0336205 -0.0392465 0.000460516 -0.0169239 0.000774352 0.00652815 0.0181919 -6.32151e-05 0.00471696 -0.00127168 -0.0178815 0.0135251 0.00264375 0.0359551 0.0495398 0.00596512 0.000628895 0.00407614
internal_weight=322.081 23.1251 22.4498 21.1823 15.5872 7.32743 6.22063 5.01211 8.25974 5.59509 4.70554 3.91075 4.0852 5.53965 298.956 5.30128 293.655 56.713 20.4773 36.2356 31.9544 25.438 11.9848 13.4532 7.01535 10.1806 7.07995 2.97641 10.2967 10.8857
internal_count=5063 1332 1295 1275 540 296 285 269 244 735 715 186 200 205 3731 273 3458 1111 545 566 468 311 95 216 67 112 86 50 433 158
is_linear=0
shrinkage=0.05


Tree=190
num_leaves=31
num_cat=0
split_feature=3 3 3 5 5 1 1 6 6 1 2 6 6 0 1 2 2 6 5 0 6 2 0 2 4 3 2 0 0 4
split_gain=0.348357 5.33113 3.74572 1.00159 1.49577 1.36874 1.92086 2.51901 2.76957 1.85063 1.69843 1.51959 1.83445 1.44357 1.42398 1.33596 1.29195 1.62938 1.26655 1.5509 2.00879 1.29277 1.23025 1.36777 1.1816 1.09875 1.05257 2.25468 1.44648 1.05255
threshold=-0.24578499939545764 -0.15374285239996058 -0.33782723843310175 -1.6755608109096931 -0.60179964423319177 -0.20972681290296477 -0.49458473668055952 -0.41784247469026076 -0.52743864050950229 0.75961552443556102 0.97837290288751211 -0.57676508175750696 -0.40306087557455078 -0.3592266011235079 0.33311807327612236 -1.0139937791610334 -1.1270769266875007 0.97407783099018419 -0.61600749130640986 -0.46139035719728066 0.44561524603018893 -0.57370105423428386 -0.46265158438555704 -0.84177820408703419 2.8119568026088237 -0.70599582641508996 0.58121012090798951 -0.3739386548856477 -0.23489880378559119 -0.29792424116667887
decision_type=2 2 2 2 2 2 2 2 2 2 2 2 2 2 2 2 2 2 2 2 2 2 2 2 2 2 2 2 2 2
left_child=2 -2 3 22 18 6 -6 8 -8 11 -11 -7 -13 15 25 16 17 -14 19 20 -5 -21 -1 -24 -22 29 27 -9 -28 -15
right_child=1 -3 -4 4 5 9 7 26 -10 10 -12 12 13 14 -16 -17 -18 -19 -20 21 24 -23 23 -25 -26 -27 28 -29 -30 -31
leaf_value=0.12450625931558444 -0.056047249584434147 -4.0412212123570979e-05 0.053035876867552692 -0.048308591612308383 0.0034270660368779845 -0.026188842295225209 -0.021102026957061593 -0.0048339537515275713 0.061226449012423495 -0.040894906147551674 0.055861950702863754 0.064452821121273485 0.061165319229367111 -0.010105321925608294 0.037042615265205941 0.052823919084079574 -0.056628262188987193 -0.024241398298874339 -0.093200064328821053 -0.043294752455188296 0.055354936929169832 -0.006170152840482065 -0.051275153099975691 0.056027590128115395 -0.054277355628885693 -0.028824171714760094 0.029195895755208451 -0.053190113544842689 -0.035026523089653087 0.031227009908440902
leaf_weight=0.33773289108648885 4.3395730644697315 203.37009892165952 3.5161117987008756 0.84131504944525604 51.204697319306426 1.8783652133424826 2.1113638511160389 3.9689559177495539 1.9790421009529406 2.5964442152762781 0.54954406613251183 2.1550625357776978 1.3328938269987793 3.5353100246284148 2.7302260100841513 3.9815127542242421 0.60737106762826432 0.96111967635806639 0.50799778220243652 4.238777661463244 2.0173087647417565 5.2486270394874737 0.46478372160345305 0.82259451528079708 0.27986888587474812 3.0172325496096013 1.7812387091107669 6.1393845211714559 1.7266430594027031 2.7294901600107551
leaf_count=27 128 2828 278 29 471 39 26 36 23 116 38 32 21 25 32 31 7 84 16 125 225 228 19 55 3 21 20 24 24 32
internal_value=5.82359e-06 -0.00121053 0.00223651 0.000608948 2.33344e-05 0.00221017 -0.00148185 -0.0156776 0.0187306 0.0119677 -0.0239933 0.0169018 0.0207469 0.0157621 0.00530074 0.0340195 0.00821457 0.0253826 -0.0157921 -0.0126777 0.0177903 -0.0227567 0.0395702 0.017288 0.0419983 -0.00403585 -0.0260141 -0.0342035 -0.00241554 0.00790263
internal_weight=320.971 207.71 113.261 109.745 108.12 94.9859 68.9113 17.7066 4.09041 26.0746 3.14599 22.9286 21.0502 18.8952 12.0123 6.8829 2.90138 2.29401 13.1339 12.6259 3.13849 9.4874 1.62511 1.28738 2.29718 9.28203 13.6162 10.1083 3.50788 6.2648
internal_count=5063 2956 2107 1829 1728 1102 624 153 49 478 154 324 285 253 110 143 112 105 626 610 257 353 101 74 228 78 104 60 44 57
is_linear=0
shrinkage=0.05


Tree=191
num_leaves=31
num_cat=0
split_feature=1 0 0 0 5 6 1 0 0 2 5 4 5 3 1 6 4 0 0 6 5 4 4 1 0 4 1 1 4 0
split_gain=0.349033 2.59774 2.17873 2.90705 1.64378 2.48536 1.65869 1.48122 1.46393 1.4503 1.36556 1.23487 1.21978 1.20095 1.69705 1.7077 1.86201 1.23578 1.21174 1.30069 1.59411 1.11629 1.03499 1.02966 1.68129 1.35171 1.0245 1.3519 0.953816 0.970869
threshold=0.19962641271934417 -0.26845378018014682 -0.39700389190752938 -0.35473606352594539 -0.26224916385226049 -0.8507282742077924 0.38960198768594984 -0.42539904491439068 -0.26022231985497252 0.17810373746348818 -0.16370919507584211 -1.0000000180025095e-35 -1.5518385629752418 -1.0741643223549311 0.54652667876062855 -0.58841613962403339 0.8360412980496148 -0.46139035719728066 -0.46139035719728066 -0.85061938581651642 -0.91556293691908641 0.27832929787765909 -0.18582787920074428 0.13654580361292826 -0.35311514822929291 -0.015559208253519061 0.97532326449953566 1.9857585475218218 -1.0858275335679293 -0.22896010285105647
decision_type=2 2 2 2 2 2 2 2 2 2 2 2 2 2 2 2 2 2 2 2 2 2 2 2 2 2 2 2 2 2
left_child=23 2 7 21 5 -5 -6 12 -3 -7 28 -9 -2 -14 15 -15 -17 -18 19 -16 -21 -4 -12 -1 25 -25 -22 -28 -10 -30
right_child=1 8 3 4 6 9 -8 11 10 -11 22 -13 13 14 18 16 17 -19 -20 20 26 -23 -24 24 -26 -27 27 -29 29 -31
leaf_value=0.00027034516080572932 0.056805008222019185 0.0754467267068753 -0.065936971657768739 0.038770697289389158 -0.019184438317618978 -0.057513883902857901 0.029942169317845154 0.005294255650617064 0.041298598057757249 0.0046672583975605779 0.063629603329626361 0.059677915123651941 -0.039560682521698885 -0.031930177791694589 -0.054604781573279262 0.065228328892442927 0.057035538486819748 -0.052743246123544613 -0.040213265798399643 -0.047701004370710308 0.066487622840634086 -0.023944917037267033 0.0086667693344796622 0.026953400513618726 0.055385171294463825 -0.035381760750656154 -0.0099171438793774335 0.057378170197913948 0.030528079328658832 -0.024641693807783065
leaf_weight=262.34075678579393 0.76782130135689186 1.0322574314195652 3.8352804417954784 1.1768509903922684 3.0199566073715696 3.7545721853384748 3.9860062734223902 2.5118171209469438 1.0130637578258737 1.2499169586226342 1.7966024731867949 1.7860318303573866 2.5080834387335988 1.0747535554692147 1.007088667363863 2.3689533653669019 0.40072177653200924 0.71157972887158372 3.0044149133609555 1.0871221728157276 0.9297267855727086 2.6945665903622285 1.6369043667800713 2.0211109369993214 2.2498347210348575 1.526532167335972 2.8080532955937088 1.0164428129792216 1.0271906546549869 3.5652766784187415
leaf_count=3179 17 17 54 14 28 62 42 41 533 39 68 33 70 8 90 45 62 19 70 32 92 33 26 29 22 30 104 13 39 152
internal_value=5.2506e-06 -0.00375335 -0.00925763 -0.0213253 -0.00781551 -0.026609 0.00876589 0.00156636 0.0190369 -0.0419836 0.0125949 0.0278942 -0.00483197 -0.00762953 -0.00207142 0.0231629 0.0401715 -0.0131939 -0.0137399 -0.00212597 0.00692174 -0.0486088 0.0374264 0.000730946 0.0215735 0.000130909 0.019412 0.00796805 -0.00261495 -0.0123019
internal_weight=319.909 51.7711 41.6998 19.7172 13.1873 6.18134 7.00596 21.9826 10.0713 5.00449 9.03904 4.29785 17.6848 16.9169 14.4089 4.55601 3.48125 1.1123 9.85285 6.84843 5.84135 6.52985 3.43351 268.138 5.79748 3.54764 4.75422 3.8245 5.60553 4.59247
internal_count=5063 1803 968 272 185 115 70 696 835 101 818 74 622 605 535 134 126 81 401 331 241 87 94 3260 81 59 209 117 724 191
is_linear=0
shrinkage=0.05


Tree=192
num_leaves=31
num_cat=0
split_feature=3 3 3 3 3 3 5 4 6 5 2 4 5 1 1 6 2 2 2 0 0 2 5 1 1 2 1 4 2 4
split_gain=0.351006 3.92663 2.87365 0.70587 4.69693 3.79443 0.838639 1.53011 1.56126 1.44582 0.995373 0.773463 0.665152 0.801715 1.62062 1.61856 1.28573 3.09001 1.14945 0.970118 2.15168 1.6866 1.37994 1.04972 0.656162 0.98869 0.924731 1.11414 1.27823 0.862393
threshold=1.2268893525324958 1.1348471134948515 1.3189314995279926 0.85872076455050717 0.76667852551286308 0.95076291154600423 -0.2371901505000206 -0.093497153620987011 -0.58841613962403339 -0.5896457867967777 0.010155481456025706 -1.1408902004391888 -0.91556293691908641 -0.4493712564754469 -0.7687425769311943 -0.34031394010178562 0.27030765155177999 -0.086352922830449708 -0.34296264902756451 -0.34927018088974965 -0.27920695840046106 -1.2381788330847976 -0.1584460471980231 1.9668001027168092 -1.7995094254806314 -0.97619779454302325 -1.629495391513599 -0.63789402783149318 -0.47768704581111826 -0.97481373065111521
decision_type=2 2 2 2 2 2 2 2 2 2 2 2 2 2 2 2 2 2 2 2 2 2 2 2 2 2 2 2 2 2
left_child=1 3 -2 4 24 -5 9 8 -8 11 -11 -7 -4 14 16 19 17 18 -14 21 -21 23 -22 -15 25 -1 27 -26 -29 -28
right_child=2 -3 12 5 -6 6 7 -9 -10 10 -12 -13 13 15 -16 -17 -18 -19 -20 20 22 -23 -24 -25 26 -27 29 28 -30 -31
leaf_value=0.056126020669051674 -0.055446897685441469 0.060032974450926674 -0.050325175787652221 -0.054693688031940892 0.054279491513715063 -0.017706922778761885 0.0091449351469897588 -0.0065303078821190548 0.070205940077611204 -0.0064705666049094919 -0.060121280925926293 0.04465234438743601 0.0033905517296436726 -0.011379277281337641 -0.029644947915529397 0.046831235392670971 0.041072897245225469 -0.043601467536476951 0.0707036322354304 0.068103910926917186 -0.041524585203108533 -0.044385840394132292 0.025286503310348464 0.058258580760066042 0.0256760230434749 -0.0039525056675131414 -0.016301858014924685 -0.060943999293457764 -0.0013215510796908876 0.0004625366421202664
leaf_weight=1.2844882444478574 2.5973777249455479 2.7446388983662464 0.64296562620439246 3.7179266584571478 4.0170491256139931 0.85115231736563179 2.8391975532285869 6.2926977500319428 1.6582960756495593 1.667785804835151 1.7949635325348934 1.1959283651085604 1.4260149192996325 1.3869679975323381 4.9924911027774268 2.4378643478266744 2.0355634670704603 2.6545441523194313 1.142188176512718 1.4345355145633263 1.4510432124952828 2.3857042165473148 1.6536311261006553 0.88739755749702443 0.94765528594143678 1.466777249064761 7.9143156707577864 2.0778417784022172 1.5843926134111814 249.84041369563784
leaf_count=22 77 154 55 105 213 15 39 39 16 34 29 29 32 57 39 36 31 12 9 12 108 17 24 11 33 21 644 23 28 3099
internal_value=4.25095e-06 0.000509858 -0.00543599 -5.51392e-05 0.000618607 -0.00911338 0.00128319 0.00938753 0.0316591 -0.014588 -0.0342811 0.0187241 -0.000140745 0.00121001 -0.00771752 0.0106083 0.00736484 -0.00577286 0.0333275 0.00100904 0.0174608 -0.015016 -0.00593924 0.0157916 -0.000194465 0.0240965 -0.00044919 -0.0226456 -0.0351495 -5.22113e-05
internal_weight=319.024 291.896 27.1283 289.151 269.133 20.0179 16.3 10.7902 4.49749 5.50983 3.46275 2.04708 24.5309 23.8879 12.2508 11.6371 7.25831 5.22275 2.5682 9.19928 4.53921 4.66007 3.10467 2.27437 265.116 2.75127 262.365 4.60989 3.66223 257.755
internal_count=5063 4543 520 4389 4083 306 201 94 55 107 63 44 443 388 123 265 84 53 41 229 144 85 132 68 3870 43 3827 84 51 3743
is_linear=0
shrinkage=0.05


Tree=193
num_leaves=31
num_cat=0
split_feature=6 6 3 5 4 2 1 1 4 5 5 6 2 1 5 5 1 0 0 2 0 6 2 5 4 1 6 1 1 6
split_gain=0.345046 1.96982 1.54345 1.70146 1.36917 1.33397 1.74477 2.87908 2.48507 1.8475 2.44713 1.74145 1.57754 3.94914 1.90088 1.54451 1.78981 2.40184 1.62291 1.43247 3.07951 1.36093 1.35338 3.11719 2.69355 2.56372 3.92392 2.0154 2.57213 2.46352
threshold=-0.19315127929234177 -0.2440021580182096 0.39851002957302184 0.16663306533650965 -0.1388013739698499 0.52390654656616109 -0.79169611427910169 -0.73448109002052886 0.21982556466967981 -0.15336506088619209 1.298548226536034 -0.33465174375543633 0.35169097149216128 -0.70125156854479342 1.298548226536034 0.97646373688526711 -0.22536324344435524 -0.21490634580112489 -0.296143025443312 0.82139750702889514 -0.24230433343095112 -0.46825779985102467 0.17993259066919218 1.2102221417103725 -0.066279727275328673 -1.0222867537475155 -0.52438976555377581 -0.20972681290296477 -0.82874150453645379 -0.32566845147517065
decision_type=2 2 2 2 2 2 2 2 2 2 2 2 2 2 2 2 2 2 2 2 2 2 2 2 2 2 2 2 2 2
left_child=1 5 3 4 -3 12 9 -8 11 -7 -11 19 22 14 21 16 18 -18 -15 -9 -21 -14 23 24 -1 -25 -27 28 -24 -30
right_child=-2 2 -4 -5 -6 6 7 8 -10 10 -12 -13 13 15 -16 -17 17 -19 -20 20 -22 -23 27 25 -26 26 -28 -29 29 -31
leaf_value=0.0026793501540250957 -0.0020164865784951191 0.0050816418108365841 0.043051754932150001 -0.014221803946015677 0.065097445911735496 0.059921894419146249 -0.05771673948043813 -0.021883387327727211 -0.046201673514271402 -0.02708535417672292 0.029961657764905843 0.055357620170071953 0.039191614922135527 0.0023135704708903758 -0.032923801452069454 0.065685669618126538 -0.053815152176333397 0.054592396894686257 0.066306318191239305 0.11295526463607719 -0.00019004839557268323 -0.019692476616504379 0.015550907899096775 -0.00700137086893385 -0.020005917855031835 -0.0022410238712619861 0.056617651399477192 0.028096090755659012 -0.015730737139815799 -0.063714695359276957
leaf_weight=72.795245816683746 126.91255018053926 2.17350424779579 4.6993023769464335 4.3722813869826496 1.6886206939816464 1.4977546993759459 3.6090525368344997 6.7437450155266614 3.6261384102981529 4.0887361087370682 3.4797906766762026 1.2929090268444223 2.3883400694467127 1.5836811959743498 4.2266743332147598 3.2477658041170798 1.3699006196111443 0.8148517741210507 2.646353006362915 0.66167218761984692 6.5997520128585121 1.665540211834015 4.6426602448336807 5.3762368456227732 15.952607448562047 4.5352982493350291 7.5381492451997447 2.8518938507768317 11.279381688684225 3.5064087901264438
leaf_count=1235 1931 27 55 44 20 35 35 138 64 51 74 32 37 10 32 36 16 90 39 6 421 17 41 87 164 39 82 126 63 16
internal_value=4.19832e-06 0.00134719 0.0201877 0.00713933 0.0313221 -2.16233e-05 -0.00933846 -0.0167909 -0.00898596 0.00918389 -0.000856781 -0.000164631 0.00198907 0.0158766 -0.0094624 0.0375914 0.0233674 -0.0133822 0.0423481 -0.00529025 0.0101199 0.014999 4.95561e-05 0.0024001 -0.00139837 0.0217189 0.0345078 -0.0111541 -0.0169157 -0.02711
internal_weight=317.867 190.954 12.9337 8.23441 3.86212 178.021 31.5996 22.5333 18.9242 9.06628 7.56853 15.2981 146.421 17.9431 8.28055 9.66255 6.41479 2.18475 4.23003 14.0052 7.26142 4.05388 128.478 106.198 88.7479 17.4497 12.0734 22.2803 19.4285 14.7858
internal_count=5063 3132 146 91 47 2986 856 696 661 160 125 597 2130 277 86 191 155 106 49 565 427 54 1853 1607 1399 208 121 246 120 79
is_linear=0
shrinkage=0.05


Tree=194
num_leaves=31
num_cat=0
split_feature=3 3 3 3 3 3 5 4 6 5 2 4 1 2 5 4 2 2 6 6 0 4 3 4 5 1 5 1 1 2
split_gain=0.332739 3.70113 2.72206 0.665409 4.43615 3.59383 0.762976 1.38991 1.4435 1.32594 0.945537 0.702245 0.632901 1.54246 2.12375 1.11161 1.2756 1.55907 2.70858 2.78035 1.98435 2.31472 1.26778 1.26211 1.07419 3.11296 2.31338 1.76776 1.46908 1.16803
threshold=1.2268893525324958 1.1348471134948515 1.3189314995279926 0.85872076455050717 0.76667852551286308 0.95076291154600423 -0.2371901505000206 -0.093497153620987011 -0.58841613962403339 -0.5896457867967777 0.010155481456025706 -1.1408902004391888 0.75961552443556102 0.99818523797762937 -1.1642042248381073 -0.97481373065111521 -1.1310394089458404 -0.67520154607297966 -0.28791140180023561 -0.49861043891919521 -0.4358445192622965 1.1709899726458219 0.39851002957302184 -0.58544351638749659 -0.21640051345653846 0.44437074682022748 -0.23034210261387453 0.44437074682022748 -1.238480874566749 -0.1369135563535778
decision_type=2 2 2 2 2 2 2 2 2 2 2 2 2 2 2 2 2 2 2 2 2 2 2 2 2 2 2 2 2 2
left_child=1 3 -2 4 12 -5 9 8 -8 11 -11 -7 15 14 -14 -1 22 18 19 -18 21 -20 -17 -24 26 -26 27 28 -19 -30
right_child=2 -3 -4 5 -6 6 7 -9 -10 10 -12 -13 13 -15 -16 16 17 24 20 -21 -22 -23 23 -25 25 -27 -28 -29 29 -31
leaf_value=-0.029256887075204626 -0.055212983749988932 0.059712145760779517 -0.00020877453842090403 -0.054464298793613468 0.054100807086115435 -0.016970910117157973 0.0085124044698850418 -0.0063825439991363371 0.067511109912281833 -0.0062848728425653729 -0.058956136742951505 0.042498064656701688 0.01454207557138288 0.036125960076350744 -0.029511221956043682 0.0070461847330443445 -0.026010447694977824 -0.026763746592326682 0.042914111141282532 0.039385495675242375 -0.055014479010305553 -0.037738282295428943 0.00053300594342970602 0.062526153984319183 -0.0017089825828095356 0.057063155632922871 0.063169899859437564 -0.030045972009517159 0.026232258384514741 0.0054685450486834496
leaf_weight=3.1150551265745881 2.4815078742103678 2.6148717914184081 24.035968087875517 3.5497467468958375 3.8206226773036169 0.85074566828552667 2.8260559802874923 6.2429278818890399 1.6374483937397597 1.6667749671614758 1.7431840710341928 1.1919071528827805 3.9389373222948043 1.5908964869740874 8.9568868827918759 18.15508307522396 3.0746235810220242 2.6699231591774106 1.444613240193575 3.4480118167120954 4.9124201266095033 2.3156134346500039 1.2969196699559691 2.237373497337102 167.92510193999624 2.2836909499019376 1.8275274927727867 3.1896147602237752 9.7782159624621254 22.037878470029689
leaf_count=153 77 154 443 105 213 15 39 39 16 34 29 29 186 132 562 578 29 36 17 30 25 59 11 54 1439 34 19 22 92 392
internal_value=5.31841e-06 0.000494983 -0.00535607 -4.31827e-05 0.000608852 -0.00891018 0.00109695 0.00885045 0.0301562 -0.0141274 -0.0332106 0.0177298 -0.000164705 -0.010325 -0.0160555 0.000424733 0.000799677 -0.000317073 -0.0157824 0.00855932 -0.0340896 -0.00675305 0.0123798 0.0397776 0.000803511 -0.000920437 0.00823155 0.00556666 0.00886048 0.01185
internal_weight=316.86 290.343 26.5175 287.728 268.019 19.7088 16.159 10.7064 4.4635 5.45261 3.40996 2.04265 264.198 14.4867 12.8958 249.712 246.597 224.907 15.1953 6.52264 8.67265 3.76023 21.6894 3.53429 209.712 170.209 39.5032 37.6756 34.486 31.8161
internal_count=5063 4543 520 4389 4083 306 201 94 55 107 63 44 3870 880 748 2990 2837 2194 160 59 101 76 643 65 2034 1473 561 542 520 484
is_linear=0
shrinkage=0.05


Tree=195
num_leaves=31
num_cat=0
split_feature=3 3 3 4 4 1 5 5 2 2 4 4 2 1 5 5 0 0 5 6 6 4 2 2 2 0 4 0 5 3
split_gain=0.332836 5.06451 3.52208 0.959951 1.68224 2.2749 1.65793 1.65246 1.44346 1.73669 2.97425 2.90607 2.56895 2.86361 1.9089 3.03011 1.49248 1.24792 1.18214 1.11066 3.42132 1.16035 0.912139 2.2868 2.60243 3.01477 1.64719 1.37345 1.21898 1.18035
threshold=-0.24578499939545764 -0.15374285239996058 -0.33782723843310175 -0.17997995827908672 -0.11261185320675467 -0.71043902111189128 2.0589751712411388 0.045484203462505902 0.27030765155177999 -0.27057114623097184 -0.38634794457304028 -0.63789402783149318 -0.47768704581111826 -0.81942582564791822 -0.20356001073900368 -0.41472141487963993 -0.42820906759540006 -0.26365303854959027 -0.70867081470297688 -0.53560526985519852 -0.6409003442190403 -0.35062069321018446 0.24699002845435353 0.33812712039616932 0.47087024556992019 -0.2949122127224057 0.023276283848430081 -0.36207856586723514 1.1750349452891977 -0.52191153242409583
decision_type=2 2 2 2 2 2 2 2 2 2 2 2 2 2 2 2 2 2 2 2 2 2 2 2 2 2 2 2 2 2
left_child=2 -2 3 7 5 -5 22 8 9 10 11 12 13 -1 15 -11 -15 -17 -10 20 -9 -21 27 -24 -25 29 -27 -6 -28 -26
right_child=1 -3 -4 4 6 -7 -8 19 18 14 -12 -13 -14 16 -16 17 -18 -19 -20 21 -22 -23 23 24 25 26 28 -29 -30 -31
leaf_value=0.04633726322934828 -0.055919031738615732 -6.1763454750294778e-05 0.052860271193505295 -0.0079843754703014559 0.0019059177223021237 0.056271110391009821 0.060216947332865901 -0.04105745267178984 -0.019339810611245522 -0.049003220944470099 0.051280479336969678 -0.041299141030788279 0.066157276861368269 0.0086563524337919424 -0.054663760555628986 -0.010949286232854355 -0.046101618315389975 0.050593311040591095 0.051410912920977242 -0.0078836154282836829 0.061297153760846303 -0.039580578639666734 0.048470780019658433 -0.038239580464938694 0.064708076724585228 0.033401254974838937 -0.028554674490064859 -0.019395713634721572 0.014537143977187443 -0.030155576507749318
leaf_weight=2.2081008628010741 4.1421155190328127 199.96991352018085 3.3286639347934388 2.3103994554840028 29.3603710954776 3.4113139691762617 1.1966872932389367 1.7322862793225797 0.78533690201584283 2.2433924680808559 3.1390911750495443 3.5704482269939044 1.7617102849762876 2.2276533006224768 2.7414899114519375 1.3807912510819735 2.8192232593428357 2.0416578506701626 2.3785699617001219 5.1248034229502073 1.5442236448870961 6.6131916374433777 3.1733651934191611 3.2126272921450463 2.8647073393221976 2.4750454486347682 4.795443429145962 10.194469780195506 2.4950278857722878 0.37029111257288594
leaf_count=16 128 2828 278 24 699 31 20 76 35 26 33 36 25 61 13 7 32 45 126 44 23 57 31 33 171 33 37 44 35 16
internal_value=4.79066e-06 -0.00119529 0.00220166 0.000642791 0.00441816 0.0303251 0.0019533 -0.00523367 0.00209454 -0.00206851 0.00773851 -0.00312037 0.0119977 -0.0011537 -0.0204129 -0.00384019 -0.0219319 0.0257639 0.0338493 -0.0185569 0.00718241 -0.0257417 0.00077037 0.00965502 0.0020577 0.0120158 -0.00184241 -0.00358415 -0.0138073 0.0538496
internal_weight=315.612 204.112 111.5 108.172 65.8597 5.72171 60.138 42.312 27.2975 24.1336 15.7262 12.5871 9.01669 7.25498 8.40733 5.66584 5.04688 3.42245 3.16391 15.0145 3.27651 11.738 58.9413 19.3865 16.2131 13.0005 9.76552 39.5548 7.29047 3.235
internal_count=5063 2956 2107 1829 1174 55 1119 655 455 294 203 170 134 109 91 78 93 52 161 200 99 101 1099 356 325 292 105 743 72 187
is_linear=0
shrinkage=0.05


Tree=196
num_leaves=31
num_cat=0
split_feature=1 0 0 0 5 6 1 0 2 0 6 6 4 0 5 3 1 6 4 0 0 2 1 5 6 1 1 2 5 4
split_gain=0.335686 2.38017 2.05018 2.66897 1.4129 2.22723 1.46233 1.38215 1.37836 1.29233 1.21307 1.11137 1.08398 1.06334 1.04554 1.08233 1.51409 1.53694 1.93774 1.15881 1.10245 1.23619 1.42108 0.977165 0.953854 0.899589 2.50134 2.39241 2.40348 1.66226
threshold=0.19962641271934417 -0.26845378018014682 -0.39700389190752938 -0.35473606352594539 -0.26224916385226049 -0.8507282742077924 0.38960198768594984 -0.42539904491439068 0.17810373746348818 -0.26022231985497252 -0.41321471806103288 -0.83194502671269133 -1.0000000180025095e-35 -0.38355969643510884 -1.5518385629752418 -1.0741643223549311 0.54652667876062855 -0.54486078311365405 0.8360412980496148 -0.46139035719728066 -0.46139035719728066 -1.2108986667677659 1.9857585475218218 -0.35078704689246964 0.31034864196764228 -0.077368966116429919 -0.053233841534520675 -0.30653830812391109 -0.6647215525735467 -0.03726294064608341
decision_type=2 2 2 2 2 2 2 2 2 2 2 2 2 2 2 2 2 2 2 2 2 2 2 2 2 2 2 2 2 2
left_child=25 2 7 13 5 -5 -6 14 -7 -3 11 -11 -9 -4 -2 -16 17 -17 -19 -20 21 22 -18 -13 -12 -1 -27 28 -28 -29
right_child=1 9 3 4 6 8 -8 12 -10 10 24 23 -14 -15 15 16 20 18 19 -21 -22 -23 -24 -25 -26 26 27 29 -30 -31
leaf_value=-0.00023583162734486051 0.051232224109433969 0.071695779615875574 -0.014928832486906777 0.037307482417084904 -0.018788914412357499 -0.056147026103318488 0.027997440471361237 0.0059058055791076456 0.005100378842584713 0.052085833626227186 0.044814592239223072 -0.041026954778132479 0.057587142263002926 -0.060557848309225892 -0.038024174774469031 -0.022452097413474773 -0.019659434005332557 0.071109912052654739 0.056668915438086359 -0.052571966871773762 -0.039215292366483669 0.069514409420397813 0.044884189926556961 0.012836187992173835 -0.0045941473157171805 0.061875133943002453 -0.032160006416544512 -0.02703576806262083 0.035397495287589231 0.0077573550920406525
leaf_weight=238.9140604287677 0.79512953292578714 1.0185653185471881 1.7799730618717147 1.1370583008974797 2.9498994601890454 3.5910293429624289 3.8496474679559469 2.4469483385328203 1.2343605608912183 0.65800778553238926 3.2141296658664933 2.0389390508062211 1.7332829134538759 4.516882122145037 2.4621991966851118 1.3315674802288411 4.9782031743670849 1.9802641167771029 0.38110436988063134 0.66876387130469084 2.86021128087304 0.5530761033296584 1.0291058868169782 1.4343834705650809 1.4033028956037013 2.1035047665936899 1.5776914262678499 6.3932619063416496 7.953586284711494 7.413472484797234
leaf_count=2849 17 17 34 14 28 62 42 41 39 532 73 112 33 53 70 14 310 39 62 19 70 7 14 78 23 57 59 64 156 75
internal_value=5.11279e-06 -0.00374983 -0.0091194 -0.0210222 -0.0078792 -0.0256454 0.00769976 0.00157128 -0.0404796 0.0183933 0.0121876 -0.00749554 0.0273349 -0.0476596 -0.00474915 -0.0074893 -0.00203427 0.0223212 0.0419965 -0.0129173 -0.0133108 -0.00201685 -0.00860253 -0.018783 0.0297986 0.000715974 0.00965411 0.00494732 0.0242149 -0.00835374
internal_weight=314.402 50.046 40.2787 19.0589 12.762 5.96245 6.79955 21.2199 4.82539 9.76733 8.74876 4.13133 4.18023 6.29686 17.0396 16.2445 13.7823 4.3617 3.03013 1.04987 9.4206 6.56039 6.00731 3.47332 4.61743 264.356 25.4415 23.338 9.53128 13.8067
internal_count=5063 1803 968 272 185 115 70 696 101 835 818 722 74 87 622 605 535 134 120 81 401 331 324 190 96 3260 411 354 215 139
is_linear=0
shrinkage=0.05


Tree=197
num_leaves=31
num_cat=0
split_feature=0 5 4 4 2 2 6 5 3 6 0 1 1 5 6 5 0 0 5 2 1 0 5 4 2 2 2 2 1 0
split_gain=0.316717 0.956469 0.987175 0.959086 0.741562 0.681197 0.939746 0.468279 1.72605 1.75451 1.20691 0.761628 1.21397 0.483821 1.12912 1.20183 1.61053 1.23866 1.23012 1.12233 1.9472 1.96031 1.67642 3.30495 2.2399 1.12161 2.29926 2.21355 1.65228 2.59017
threshold=-0.11214803188208297 -0.17768995368907711 -0.77662554651860782 -0.68409092146746275 2.2315840577081043 -0.22827989313435496 -0.41321471806103288 -1.2032602308913283 -3.3752180892845045 0.70558628020151504 -0.46382645497508307 -0.5405946855222592 -0.053233841534520675 -0.011552942454124868 -0.68018183137183863 1.0861092374434731 -0.33100955617893285 -0.41838595741919005 0.075788148535966007 0.31008490777959319 0.84888361198872497 -0.24606981199935551 -0.070097782078057433 -0.58544351638749659 0.084833031709353066 -1.0676396928124032 -0.67520154607297966 -1.1915434649674137 0.41589820205327693 -0.31444694197131567
decision_type=2 2 2 2 2 2 2 2 2 2 2 2 2 2 2 2 2 2 2 2 2 2 2 2 2 2 2 2 2 2
left_child=7 2 5 -4 -3 6 -2 8 -1 -10 -11 -12 -13 19 15 17 -17 18 -15 22 21 -21 -9 -24 -25 27 -27 -16 -28 -30
right_child=1 4 3 -5 -6 -7 -8 13 9 10 11 12 -14 14 25 16 -18 -19 -20 20 -22 -23 23 24 -26 26 28 -29 29 -31
leaf_value=0.096539884173923729 -0.047621335051648173 0.052706437022505909 -0.055082616330336932 0.010786622880141721 -0.053580523129103899 0.053950590318566097 0.057112552636958594 -0.0012326587027593591 -0.052755358330325131 0.079104508818876151 -0.054773310044834857 0.040319291979274613 -0.026894123548183213 0.026805323719531794 -0.012244874631585426 -0.027165255668632472 0.045666597340517888 -0.05477948054429993 -0.058764568076375548 0.045518433610992844 -0.043736573678794799 0.006482358096981878 -0.02787680189691534 0.067085398778388441 0.005041223853396371 -0.036985613050162035 -0.0015822661743028123 0.037384385904586856 -0.011098308356191926 0.058448636551891822
leaf_weight=0.33886238001286972 0.54514539272349793 1.6140918288729142 1.1863782829605045 1.0345145821920598 0.18268064316362131 0.97067795215116326 0.3527802592143412 93.031043241324369 2.413398017815779 0.44438411304145153 0.70537603984121267 1.2280421725881758 1.4831354683265083 1.2070484252180902 3.9044248027494177 1.7429375618230554 1.3446221253834663 3.0613862895406765 0.64411633368581522 5.0640889747301108 1.2794344520661969 8.8133058525854704 2.3735050545074046 3.5672892311122251 2.456323679536581 4.4733598269522181 157.39139163403888 5.2918881021905673 2.4721321929246187 2.9202676415443412
leaf_count=5 62 274 8 38 2 521 7 1491 177 77 35 89 29 42 64 74 22 26 19 164 80 159 42 43 13 26 1326 83 17 48
internal_value=4.38334e-06 0.0114931 -0.00186664 -0.0244001 0.0419001 0.024915 -0.00647311 -0.000215428 -0.0133767 -0.019313 0.00159111 -0.0084909 0.00355055 7.36976e-05 -0.0015199 -0.0198922 0.00455278 -0.035256 -0.00296888 0.00259499 0.0152857 0.0207273 0.00069857 0.0220945 0.0417849 -0.000686929 -0.00162167 0.0163136 -0.000649855 0.026565
internal_weight=313.538 5.88627 4.0895 2.22089 1.79677 1.8686 0.897926 307.652 6.6132 6.27434 3.86094 3.41655 2.71118 301.039 184.454 8.00011 3.08756 4.91255 1.85116 116.585 15.1568 13.8774 101.428 8.39712 6.02361 176.453 167.257 9.19631 162.784 5.3924
internal_count=5063 912 636 46 276 590 69 4151 412 407 230 153 118 3739 1747 183 96 87 61 1992 403 323 1589 98 56 1564 1417 147 1391 65
is_linear=0
shrinkage=0.05


Tree=198
num_leaves=31
num_cat=0
split_feature=5 2 0 5 2 4 3 4 6 5 3 4 3 1 1 1 0 2 6 4 2 6 1 1 3 5 5 1 1 4
split_gain=0.325912 1.16409 1.67212 0.502372 2.04578 1.39863 1.09553 0.584733 1.63743 2.21223 1.66512 1.33349 1.20623 1.83135 3.07187 1.45957 1.02498 2.55211 2.07989 1.83857 1.27696 1.28028 1.19867 1.16461 1.43837 1.16069 1.16739 0.975922 0.967014 0.916005
threshold=2.0589751712411388 -0.086352922830449708 -0.27766187853951774 1.8518637944562262 0.38156197635317574 -0.2714782695220444 0.58259423152186895 0.55043069004549905 0.91767364430924314 0.25001256699540064 -0.89008012040608409 0.76382655159037827 -0.70599582641508996 -0.17281873471782655 -0.56286737773942452 -0.89816587276139959 -0.38267713559522587 1.4634720665243601 1.17976800211045 0.90004681355772054 -1.2294918527492065 2.6636717763212521 0.06472089210630276 -0.55141962485020757 -1.0741643223549311 1.0508001909799718 -0.16370919507584211 -0.31175744940927536 -0.24101125099076684 0.52717283728338815
decision_type=2 2 2 2 2 2 2 2 2 2 2 2 2 2 2 2 2 2 2 2 2 2 2 2 2 2 2 2 2 2
left_child=3 -2 -3 7 6 -6 -5 8 29 -10 -11 12 -9 14 15 -14 19 -18 -19 -13 21 -21 23 25 -25 26 -22 -26 -29 -1
right_child=1 2 -4 4 5 -7 -8 11 9 10 -12 16 13 -15 -16 -17 17 18 -20 20 22 -23 -24 24 27 -27 -28 28 -30 -31
leaf_value=0.00033101210518051756 -0.014519892936713253 0.05812986646149032 -0.011634159392038913 -0.0082378722627618802 -0.037830287294593826 0.040272628374116742 -0.044697655541986452 0.050106957327048021 -0.064578917601044061 -0.042228162503881443 0.010936421124119541 -0.038642784513204062 0.029679882502732624 -0.02089488723579808 0.061127431175859739 -0.022813994475725283 0.035273213273610826 -0.045377055839949276 0.052860096653081057 0.05178014261778599 0.0044677192384091702 -0.032408270193860049 -0.026470933805895422 -0.033530897948349327 0.050030138774012023 0.021159247363938587 -0.042584750795579163 -0.040648527216701501 0.02295582655489365 -0.027538655666302449
leaf_weight=234.38826002302812 2.5239658844657242 2.1196707536000763 1.444041134091093 4.9714270685799402 0.73665218320093062 2.5834133676835336 3.5184940823819488 2.4291704464703789 2.2637267513200623 2.2377646984532475 4.3083030026173219 3.5341283124871543 2.3428529358934593 3.2008694584947071 3.32441591238603 3.0455147922039032 5.4556961024645734 2.2842611558735375 0.70512250051251602 2.0289762305619692 2.2391403117217124 0.58087144599994633 4.6117236306890836 1.192177085205915 2.5682208649814151 2.0183155932463706 3.2051743548363474 0.75388759886846202 2.8822858857456515 2.9858752884902051
leaf_count=3561 16 28 30 28 24 57 24 22 19 23 37 30 28 37 30 29 148 16 82 368 41 12 110 36 65 32 18 13 81 18
internal_value=4.85399e-06 0.0114606 0.029861 -0.000222755 -0.0103344 0.0229432 -0.023348 0.000182622 -0.000805129 -0.0219719 -0.00723782 0.00520647 0.0179954 0.0114479 0.0233299 1.02521e-05 -0.000179007 0.014927 -0.0222053 -0.00515937 0.000199805 0.0330424 -0.00420236 0.00270895 0.0167692 -0.0112268 -0.023233 0.0264344 0.00976874 -1.95541e-05
internal_weight=312.484 6.08768 3.56371 306.397 11.81 3.32007 8.48992 294.587 246.184 8.80979 6.54607 48.4028 14.3428 11.9137 8.71278 5.38837 34.06 8.44508 2.98938 25.6149 22.0808 2.60985 19.4709 14.8592 7.39657 7.46263 5.44431 6.20439 3.63617 237.374
internal_count=5063 74 58 4989 133 81 52 4856 3658 79 60 1198 146 124 87 57 1052 246 98 806 776 380 396 286 195 91 59 159 94 3579
is_linear=0
shrinkage=0.05


Tree=199
num_leaves=31
num_cat=0
split_feature=3 3 3 4 4 1 5 5 2 2 2 4 4 2 1 0 5 5 0 2 5 5 2 0 2 2 6 1 1 6
split_gain=0.307847 4.81171 3.31373 0.855026 1.53428 2.02708 1.5434 1.4794 1.34303 1.56387 1.88438 1.5474 3.09958 2.13334 2.63242 1.37084 1.10413 1.06802 0.988617 1.01872 0.875767 2.29185 2.63712 3.25135 2.61199 3.2971 1.48407 1.66786 2.35094 1.99902
threshold=-0.24578499939545764 -0.15374285239996058 -0.33782723843310175 -0.17997995827908672 -0.11261185320675467 -0.71043902111189128 2.0589751712411388 0.045484203462505902 0.27030765155177999 -0.042271237365718424 0.13192560931808389 -0.38634794457304028 -0.63789402783149318 -0.47768704581111826 -0.81942582564791822 -0.42820906759540006 -0.70867081470297688 1.6724426746176546 -0.4358445192622965 -0.15154427531699513 1.0332201840986603 0.88734944934584081 0.28021387243794593 -0.28496254541408356 0.16347304898070375 0.13192560931808389 0.61259559405185537 -1.1960492460871797 -0.74903397150967932 -0.30489799083928354
decision_type=2 2 2 2 2 2 2 2 2 2 2 2 2 2 2 2 2 2 2 2 2 2 2 2 2 2 2 2 2 2
left_child=2 -2 3 7 5 -5 20 8 9 11 -11 12 13 14 -1 -16 -10 18 -9 -20 21 22 24 -24 25 -6 27 -22 -29 -30
right_child=1 -3 -4 4 6 -7 -8 17 16 10 -12 -13 -14 -15 15 -17 -18 -19 19 -21 26 -23 23 -25 -26 -27 -28 28 29 -31
leaf_value=0.044583939323822749 -0.055704067996490948 -6.032750920486395e-05 0.052741964399740798 -0.0073045840991121762 -0.0030812457603508975 0.0535142167230983 0.059731404138574244 0.017929807778158526 -0.018243371449946193 -0.063223608834422157 -0.0044209333514258998 0.035251228820162052 -0.038669218733187155 0.051001184272005354 0.0078952304570455243 -0.045021419866036645 0.051020728446632108 0.011531144091062309 -0.053470677853772589 -0.01928770563534854 -0.032091303462102011 -0.036468464602845342 0.065448324743686601 -0.0042327632563677157 -0.042669299062288758 0.10074870412200077 0.042632209764147666 0.047195543115183911 0.028217526086381135 -0.016985334528407156
leaf_weight=2.1911602877080476 3.962783485883846 198.29150585876778 3.1426812290883381 2.2941690762527287 22.059491052292294 3.4012043804395935 1.1293982388451684 1.2644821000285436 0.7719415947212841 2.016797932272314 4.1991124323685654 3.5342904324643305 4.0427897595800468 2.7197788855410181 2.222231022547934 2.7242726909462327 2.2594102109724181 2.576894480502232 3.0178938450990227 7.8466108432912733 2.7336946460418448 4.6787066385149947 3.1936895140679553 3.5182965751737347 4.1346128094010046 0.79203856224194069 2.8554233070462933 3.3421863075345799 3.8014574684202698 6.8585902461782018
leaf_count=16 128 2828 278 24 640 31 20 24 35 26 39 35 39 46 61 32 126 35 27 114 27 23 206 35 29 9 35 29 23 43
internal_value=4.9194e-06 -0.00115056 0.00214262 0.000645006 0.00423099 0.0290156 0.00184244 -0.0049689 0.00204912 -0.00196697 -0.0234999 0.00571013 -0.00180102 0.0133196 -0.00103886 -0.0212485 0.0333824 -0.0177021 -0.023913 -0.0287829 0.000714584 -0.00367645 0.000876447 0.0289228 -0.00609924 0.000517521 0.00931604 0.00363175 0.0106061 -0.000865636
internal_weight=311.578 202.254 109.323 106.181 64.793 5.69537 59.0976 41.3877 26.6818 23.6504 6.21591 17.4345 13.9002 9.85744 7.13766 4.9465 3.03135 14.7059 12.129 10.8645 57.9682 38.3768 33.6981 6.71199 26.9861 22.8515 19.5914 16.7359 14.0022 10.66
internal_count=5063 2956 2107 1829 1174 55 1119 655 455 294 65 229 194 155 109 93 161 200 165 141 1099 942 919 241 678 649 157 122 95 66
is_linear=0
shrinkage=0.05


end of trees

feature_importances:
Speed=991
speed_per_jerk_std=967
Pitch_Degrees=922
Zero_Crossings=895
Roll_Degrees=776
Energy=764
Jerk_Std=685

parameters:
[boosting: gbdt]
[objective: binary]
[metric: binary_logloss]
[tree_learner: serial]
[device_type: cpu]
[data_sample_strategy: bagging]
[data: ]
[valid: ]
[num_iterations: 200]
[learning_rate: 0.05]
[num_leaves: 31]
[num_threads: 12]
[seed: 42]
[deterministic: 0]
[force_col_wise: 0]
[force_row_wise: 0]
[histogram_pool_size: -1]
[max_depth: -1]
[min_data_in_leaf: 20]
[min_sum_hessian_in_leaf: 0.001]
[bagging_fraction: 1]
[pos_bagging_fraction: 1]
[neg_bagging_fraction: 1]
[bagging_freq: 0]
[bagging_seed: 400]
[bagging_by_query: 0]
[feature_fraction: 1]
[feature_fraction_bynode: 1]
[feature_fraction_seed: 30056]
[extra_trees: 0]
[extra_seed: 12879]
[early_stopping_round: 0]
[early_stopping_min_delta: 0]
[first_metric_only: 0]
[max_delta_step: 0]
[lambda_l1: 0]
[lambda_l2: 0]
[linear_lambda: 0]
[min_gain_to_split: 0]
[drop_rate: 0.1]
[max_drop: 50]
[skip_drop: 0.5]
[xgboost_dart_mode: 0]
[uniform_drop: 0]
[drop_seed: 17869]
[top_rate: 0.2]
[other_rate: 0.1]
[min_data_per_group: 100]
[max_cat_threshold: 32]
[cat_l2: 10]
[cat_smooth: 10]
[max_cat_to_onehot: 4]
[top_k: 20]
[monotone_constraints: ]
[monotone_constraints_method: basic]
[monotone_penalty: 0]
[feature_contri: ]
[forcedsplits_filename: ]
[refit_decay_rate: 0.9]
[cegb_tradeoff: 1]
[cegb_penalty_split: 0]
[cegb_penalty_feature_lazy: ]
[cegb_penalty_feature_coupled: ]
[path_smooth: 0]
[interaction_constraints: ]
[verbosity: -1]
[saved_feature_importance_type: 0]
[use_quantized_grad: 0]
[num_grad_quant_bins: 4]
[quant_train_renew_leaf: 0]
[stochastic_rounding: 1]
[linear_tree: 0]
[max_bin: 255]
[max_bin_by_feature: ]
[min_data_in_bin: 3]
[bin_construct_sample_cnt: 200000]
[data_random_seed: 175]
[is_enable_sparse: 1]
[enable_bundle: 1]
[use_missing: 1]
[zero_as_missing: 0]
[feature_pre_filter: 1]
[pre_partition: 0]
[two_round: 0]
[header: 0]
[label_column: ]
[weight_column: ]
[group_column: ]
[ignore_column: ]
[categorical_feature: ]
[forcedbins_filename: ]
[precise_float_parser: 0]
[parser_config_file: ]
[objective_seed: 16083]
[num_class: 1]
[is_unbalance: 0]
[scale_pos_weight: 1]
[sigmoid: 1]
[boost_from_average: 1]
[reg_sqrt: 0]
[alpha: 0.9]
[fair_c: 1]
[poisson_max_delta_step: 0.7]
[tweedie_variance_power: 1.5]
[lambdarank_truncation_level: 30]
[lambdarank_norm: 1]
[label_gain: ]
[lambdarank_position_bias_regularization: 0]
[eval_at: ]
[multi_error_top_k: 1]
[auc_mu_weights: ]
[num_machines: 1]
[local_listen_port: 12400]
[time_out: 120]
[machine_list_filename: ]
[machines: ]
[gpu_platform_id: -1]
[gpu_device_id: -1]
[gpu_use_dp: 0]
[num_gpu: 1]

end of parameters

pandas_categorical:[]
