tree
version=v4
num_class=1
num_tree_per_iteration=1
label_index=0
max_feature_idx=7
objective=binary sigmoid:1
feature_names=Pitch_Degrees Roll_Degrees speed_per_jerk_std Speed Zero_Crossings Jerk_Std speed_per_dyn_mag Standard_Deviation
feature_infos=[-3.4425961464084684:2.8991888818490024] [-3.4053234056697157:3.4460399026658495] [-0.46408341776999873:6.1316215988817016] [-1.2723171417720331:4.9957201782664225] [-3.5593023832754991:2.6995637965025949] [-1.234113599306053:7.3454926837179588] [-0.4003085149106243:9.7200724732004957] [-1.3629250268320123:7.7764144532389636]
tree_sizes=3418 3426 3421 3421 3424 3417 3420 3414 3420 3421 3429 3434 3426 3414 3414 3420 3424 3423 3436 3427 3413 3425 3430 3437 3425 3432 3423 3432 3434 3434 3433 3431 3432 3432 3421 3434 3426 3441 3435 3430 3428 3432 3444 3424 3429 3419 3435 3437 3422 3431 3435 3421 3422 3434 3436 3421 3420 3437 3444 3421 3411 3414 3441 3430 3418 3426 3435 3433 3432 3437 3432 3435 3433 3435 3428 3412 3439 3426 3435 3417 3426 3421 3435 3421 3431 3433 3420 3414 3428 3435 3437 3406 3423 3422 3418 3415 3412 3404 3423 3427 3435 3412 3423 3433 3425 3419 3424 3418 3434 3421 3429 3432 3429 3450 3437 3423 3433 3439 3425 3417 3411 3436 3420 3421 3406 3433 3410 3429 3420 3422 3425 3411 3410 3430 3441 3423 3419 3424 3422 3413 3435 3435 3429 3438 3424 3415 3436 3431 3421 3436 3418 3431 3397 3442 3452 3428 3431 3446 3435 3418 3417 3425 3431 3422 3415 3428 3438 3413 3432 3458 3404 3439 3427 3428 3428 3446 3429 3430 3440 3420 3425 3423 3436 3427 3437 3438 3435 3439 3422 3438 3424 3448 3432 3431 3431 3427 3441 3436 3424 3423

Tree=0
num_leaves=31
num_cat=0
split_feature=2 1 5 2 3 0 1 0 0 3 0 5 2 7 6 4 2 2 7 4 7 5 4 3 7 0 4 3 3 5
split_gain=676.576 534.303 227.431 237.022 168.842 93.6725 84.9786 75.5887 67.823 66.9349 49.8765 40.44 41.8838 40.3002 40.1436 32.0484 23.5903 21.7809 22.158 21.3508 21.0574 18.7224 16.6795 14.4883 19.0788 14.0902 16.9186 13.5265 17.7906 13.3573
threshold=-0.13864725884967002 0.97532326449953566 -0.97481373065111521 -0.46382645497508307 0.37211296495835683 -0.42513718670068118 1.6995613547709489 0.97646373688526711 0.20969313362491748 -0.27057114623097184 0.97646373688526711 1.1709899726458219 -0.46265158438555704 0.66067922004975421 -0.39547483062184702 0.85872076455050717 -0.31618780544845421 -0.39567619450301389 0.10584407061241981 -0.24578499939545764 -0.037071701406374773 -0.015559208253519061 -0.52191153242409583 -0.24923470330144984 -0.49475268630680408 1.1750349452891977 -0.15374285239996058 -1.0676396928124032 -0.60631531604337974 -0.58544351638749659
decision_type=2 2 2 2 2 2 2 2 2 2 2 2 2 2 2 2 2 2 2 2 2 2 2 2 2 2 2 2 2 2
left_child=1 2 14 7 5 9 -2 29 15 -5 16 -3 -13 -11 -1 -6 19 22 23 -10 -12 -17 -7 -19 -25 26 -22 -24 -29 -4
right_child=6 11 3 4 8 17 -8 -9 10 13 20 12 -14 -15 -16 21 -18 18 -20 -21 25 -23 27 24 -26 -27 -28 28 -30 -31
leaf_value=-0.099388867942430417 0.092762836514003966 -0.090705073399850678 0.024916605785535808 -0.079045698136841674 0.080854222510035254 -0.015966509903900437 -0.099999938264516072 -0.071760306509291494 0.10000006173548392 -0.051484935242147943 0.0044400045883502357 0.078689598942503561 -0.0999999382645161 0.058145516610492491 0.020444598709878678 0.041294343575813248 -0.050740716519694327 0.031438757176926485 -0.030080906530535519 -0.048216424657902532 -0.051228402047131097 -0.08438312673800806 0.064062449754739667 -0.046566483206967352 0.0032839954446895804 0.06205062260244372 0.062601572256592047 -0.036440780936252991 0.042234657096967075 0.094977425759621911
leaf_weight=59.970052152872086 184.78585085272789 205.01511535048485 7.3340803980827323 89.191584229469299 73.958820790052414 24.420894265174866 5.9000153839588156 7.7860616743564597 5.6801174581050873 16.617750585079193 42.807397305965424 7.3829341530799866 5.9000153839588148 16.915769696235657 7.9106443524360648 8.0401236116886121 34.965193033218384 29.83226004242897 102.20327776670456 4.2460524439811689 6.7624130249023438 4.6931371390819541 21.889843940734863 24.689645946025848 86.218233734369278 49.750535607337952 6.3104317486286146 11.531279087066652 19.06567108631134 93.974803864955902
leaf_count=153 989 549 32 254 383 92 15 23 31 54 174 38 15 82 34 37 114 133 364 14 22 13 108 82 349 244 31 40 88 506
internal_value=6.48223e-08 -0.0153955 0.00239713 0.00995379 -0.00102545 -0.0192686 0.0867986 0.0783675 0.0330112 -0.0564041 0.0127214 -0.0852273 -0.000680651 0.00381744 -0.0854238 0.0682401 -0.0314287 -0.00501991 -0.0123611 0.0365985 0.0314845 -0.00502699 0.0181701 0.000506746 -0.00781342 0.0499124 0.0037188 0.0340531 0.0125837 0.0899055
internal_weight=1265.75 1075.06 856.766 788.885 679.79 442.576 190.686 109.095 237.214 122.725 150.522 218.298 13.2829 33.5335 67.8807 86.6921 44.8914 319.851 242.943 9.92617 105.631 12.7333 76.9077 140.74 110.908 62.8234 13.0728 52.4868 30.597 101.309
internal_count=5063 4059 3457 3270 2709 1646 1004 561 1063 390 630 602 53 136 187 433 159 1256 928 45 471 50 328 564 431 297 53 236 128 538
is_linear=0
shrinkage=1


Tree=1
num_leaves=31
num_cat=0
split_feature=2 1 5 2 3 0 1 0 0 3 0 7 5 2 6 4 2 2 7 4 7 5 4 4 4 4 2 3 3 3
split_gain=611.888 483.311 205.691 214.399 152.511 84.7016 76.8664 68.369 61.3516 60.6134 45.0435 39.9747 36.5773 37.8817 36.3684 28.9882 21.3066 19.6639 20.0028 19.3157 19.1595 16.9212 15.064 13.6316 25.8449 16.1769 12.7195 12.6413 12.2276 16.0628
threshold=-0.13864725884967002 0.97532326449953566 -0.97481373065111521 -0.46382645497508307 0.37211296495835683 -0.42513718670068118 1.6995613547709489 0.97646373688526711 0.20969313362491748 -0.25548320253589124 0.97646373688526711 0.81527880674477571 1.1709899726458219 -0.46265158438555704 -0.39547483062184702 0.85872076455050717 -0.31618780544845421 -0.39567619450301389 0.10584407061241981 -0.24578499939545764 -0.1355078400535881 -0.015559208253519061 -0.52191153242409583 0.85872076455050717 0.76667852551286308 0.95076291154600423 -0.45634681619537071 0.13192560931808389 -1.0676396928124032 -0.60631531604337974
decision_type=2 2 2 2 2 2 2 2 2 2 2 2 2 2 2 2 2 2 2 2 2 2 2 2 2 2 2 2 2 2
left_child=1 2 14 7 5 9 -2 -4 15 -5 16 -11 -3 -14 -1 -6 19 22 23 -10 -12 -17 26 24 -19 -25 -7 -20 -24 -30
right_child=6 12 3 4 8 17 -8 -9 10 11 20 -13 13 -15 -16 21 -18 18 27 -21 -22 -23 28 25 -26 -27 -28 -29 29 -31
leaf_value=-0.094656952262266433 0.088317670045959445 -0.086350350766673023 0.085593221622327173 -0.074971355143723412 0.076939265008866178 -0.067017220978438721 -0.095241869627063713 -0.068261694656395283 0.095241870787011518 -0.045439517023379727 -1.5579764933622721e-05 0.065298944617676394 0.074872870943060929 -0.095241869627063727 0.019424375337122993 0.039246587554009782 -0.048235319610065636 0.0024313692023821077 -0.043233888076237133 -0.045832762078068627 0.045079755913667141 -0.080309320691890784 0.060922822249256658 -0.0998863017874628 0.099681192186927073 -0.01063251646551982 0.0099463661058018151 -0.0074721557559405075 -0.034630500968867155 0.040141073390724154
leaf_weight=59.822195738554001 184.38890811800957 204.59401285648346 101.09613293409348 89.628515347838402 73.838075682520866 7.9687834084033993 5.8852900564670554 7.7760468125343314 5.6659406423568726 18.125013470649719 35.473141565918922 14.807100117206572 7.3715171813964844 5.8852900564670545 7.9098177254199973 8.0366967767477018 34.942698076367378 100.8231061398983 60.320361420512199 4.243585526943205 70.098955348134041 4.6847928166389456 21.867400914430618 6.2925041317939749 7.3284199386835089 26.275126039981842 16.450554341077805 41.859801292419434 11.5274515748024 19.057171165943146
leaf_count=153 989 549 538 256 383 24 15 23 31 60 142 74 38 15 34 37 114 407 202 14 329 13 108 16 40 101 68 162 40 88
internal_value=4.77398e-08 -0.0146439 0.0022796 0.00946488 -0.000974868 -0.0183157 0.0826401 0.0746043 0.0313919 -0.0536573 0.0120935 0.00435126 -0.0811352 -0.000648676 -0.0813344 0.064929 -0.0298833 -0.00477015 -0.0117453 0.0348291 0.0299273 -0.00478086 0.0172701 0.000481371 0.00902108 -0.0278775 -0.0151692 -0.0285835 0.0323724 0.0119594
internal_weight=1264.04 1073.77 855.919 788.187 679.315 442.331 190.274 108.872 236.984 122.561 150.424 32.9321 217.851 13.2568 67.732 86.5596 44.8522 319.771 242.899 9.90953 105.572 12.7215 76.8714 140.719 108.152 32.5676 24.4193 102.18 52.452 30.5846
internal_count=5063 4059 3457 3270 2709 1646 1004 561 1063 390 630 134 602 53 187 433 159 1256 928 45 471 50 328 564 447 117 92 364 236 128
is_linear=0
shrinkage=0.05


Tree=2
num_leaves=31
num_cat=0
split_feature=2 1 5 2 3 0 1 7 3 0 6 4 5 2 2 2 0 0 2 3 3 7 2 3 0 3 4 4 3 7
split_gain=555.513 439.027 187.193 207.504 134.548 72.5321 69.8181 57.3367 52.9812 48.8398 44.4361 34.2617 33.2167 34.3983 28.8585 41.6659 30.9031 29.5589 21.011 20.7281 18.6236 17.5342 14.2863 13.6078 16.1697 12.7911 12.4155 18.7819 12.589 15.0063
threshold=-0.13864725884967002 0.97532326449953566 -0.77662554651860782 -0.46382645497508307 0.37211296495835683 -0.42513718670068118 1.6995613547709489 0.86162460496047677 -0.27057114623097184 0.12335412001622294 -0.33245463629139843 0.30646788257752478 1.1709899726458219 -0.46265158438555704 -0.20724015157269512 -0.31211158294526803 -0.070097782078057433 1.1551280839590246 -0.39567619450301389 1.8328972898117075 0.52390654656616109 -0.018474963046713404 -0.37937309170362271 0.59706004994134887 1.6724426746176546 0.13192560931808389 0.85872076455050717 0.76667852551286308 -0.27986773922169217 -0.49475268630680408
decision_type=2 2 2 2 2 2 2 2 2 2 2 2 2 2 2 2 2 2 2 2 2 2 2 2 2 2 2 2 2 2
left_child=1 2 10 9 5 8 -2 14 -5 -4 -1 22 -3 -14 15 -6 -17 20 -7 -16 -18 26 -10 -19 -25 -23 27 28 -20 -30
right_child=6 12 3 4 7 18 -8 -9 11 -11 -12 -13 13 -15 19 16 17 23 21 -21 -22 25 -24 24 -26 -27 -28 -29 29 -31
leaf_value=-0.078671217827015513 0.084421689169014727 -0.082518767872691495 0.086090278669755216 -0.071584958275261332 0.055634099079738847 0.019158647259473197 -0.091131787108366558 0.072170513215481 0.072251007881386942 -0.034723818227484625 0.070126570021773235 -0.058280926952324667 0.07144601798076243 -0.091131787108366571 0.064387529119700873 0.051916509987584458 0.0093675771345690922 -0.029532918580082185 0.046258336730102628 -0.052508850102596621 -0.065991620749018723 -0.03876272060914044 -0.021516493778555051 0.0032786821449352051 0.087471949688537165 -0.0057998389541718395 -0.026943554282922905 0.094980776362397101 -0.046890646342749392 0.0085339052242699148
leaf_weight=77.834877192974091 183.2793065905571 203.41673192381859 95.079674154520035 84.390327394008636 30.730287626385689 72.368918180465698 5.8441445231437674 59.894870862364769 13.981802344322203 9.172239273786543 5.3631750494241706 13.54764813184738 7.3395797610282898 5.8441445231437665 36.746707499027252 16.641835659742355 10.544643417000769 14.742998108267782 15.106016159057615 4.2286563813686362 36.846538931131363 70.389036670327187 5.725591033697131 17.579251512885097 8.4411418288946134 50.577655494213104 28.150500312447548 6.2116859853267661 15.823375105857847 53.519274026155472
leaf_count=216 989 549 515 242 150 312 15 309 72 32 27 42 38 15 184 81 44 53 71 14 111 239 21 72 45 197 101 34 52 221
internal_value=8.52648e-08 -0.0139595 0.0021717 0.00986593 -0.00039903 -0.0170639 0.0789969 0.0298992 -0.0505217 0.0754609 -0.0690793 0.00292994 -0.077534 -0.000622251 0.0155547 0.00443786 -0.0105748 -0.0223719 -0.00445389 0.0523238 -0.049224 -0.0115806 0.0450087 0.00884608 0.0305914 -0.0249805 0.00206257 0.0110691 0.00489693 -0.00411348
internal_weight=1259.36 1070.24 853.639 770.441 666.189 429.792 189.123 236.397 117.645 104.252 83.1981 33.255 216.6 13.1837 176.502 135.527 104.796 88.1546 312.146 40.9754 47.3912 239.778 19.7074 40.7634 26.0204 120.967 118.811 90.6604 84.4487 69.3426
internal_count=5063 4059 3457 3214 2667 1604 1004 1063 377 547 243 135 602 53 754 556 406 325 1227 198 155 915 93 170 117 436 479 378 344 273
is_linear=0
shrinkage=0.05


Tree=3
num_leaves=31
num_cat=0
split_feature=2 1 5 2 3 0 1 0 0 3 0 7 6 5 2 4 4 2 2 7 4 4 4 4 5 4 0 0 3 6
split_gain=505.977 400.275 171.323 177.7 124.722 70.1177 63.6436 57.5529 52.4987 50.2382 38.2168 33.0175 31.7494 30.2695 31.3422 26.1207 18.1526 21.6731 16.4686 16.4651 15.5369 36.2314 15.4373 15.1356 14.7949 14.1558 13.6533 14.8858 12.1352 15.0013
threshold=-0.13864725884967002 0.97532326449953566 -0.97481373065111521 -0.46382645497508307 0.37211296495835683 -0.42513718670068118 1.6995613547709489 0.97646373688526711 0.20969313362491748 -0.25548320253589124 0.97646373688526711 0.66067922004975421 -0.39547483062184702 1.1709899726458219 -0.46265158438555704 0.85872076455050717 -0.24578499939545764 -0.2949122127224057 -0.39043945449167144 -0.037071701406374773 0.85872076455050717 0.76667852551286308 0.95076291154600423 1.2268893525324958 -0.015559208253519061 -0.52191153242409583 -0.21640051345653846 1.2746346602122036 -1.0676396928124032 -0.36788234654004864
decision_type=2 2 2 2 2 2 2 2 2 2 2 2 2 2 2 2 2 2 2 2 2 2 2 2 2 2 2 2 2 2
left_child=1 2 12 7 5 9 -2 -4 15 -5 16 -11 -1 -3 -15 -6 17 -10 25 -12 21 26 -22 -24 -17 -7 -20 -28 -27 -30
right_child=6 13 3 4 8 18 -8 -9 10 11 19 -13 -14 14 -16 24 -18 -19 20 -21 22 -23 23 -25 -26 28 27 -29 29 -31
leaf_value=-0.087442907532548075 0.080975518983469927 -0.079116681985618303 0.078568062417846266 -0.068462140114800438 0.071172214792753583 -0.016618526149245992 -0.087549103240672763 -0.063139505613677593 0.080553209571427198 -0.046265776445625052 0.0031834978037140389 0.054156372580449808 0.01931349712671096 0.068344138462367629 -0.087549103240672776 0.034649793407050454 -0.05387985771390711 -0.03309480635725922 0.020958704007767573 0.043450382249900311 -0.094663787403302738 0.094578024586512877 0.021232356131147712 -0.047468899638833786 -0.077393163917144625 0.057685074912588931 -0.026513745759623272 0.0071263209768796911 -0.026935592394455612 0.037283446886423995
leaf_weight=58.86866720020771 181.56727313995361 201.60011523962021 99.645846337080002 88.642838850617409 73.122934341430664 25.376114830374718 5.7806847989559165 7.7202110290527335 6.8902633786201504 16.347498655319214 42.768922969698906 16.393051996827126 7.8989524543285361 7.2902698516845703 5.7806847989559156 8.0024707317352277 27.014116376638412 10.724565744400023 30.296293497085571 62.464619785547256 9.4063769876956922 8.7325710505247098 12.614909768104551 21.995329439640045 4.6632483601570121 21.787960216403008 103.33925369381905 48.234449252486229 15.48858270049095 22.025197714567184
leaf_count=153 989 549 538 256 383 95 15 23 37 53 174 81 34 38 15 37 85 37 130 297 24 48 54 72 13 108 371 197 56 101
internal_value=4.20317e-07 -0.0133278 0.00207168 0.00862193 -0.000864288 -0.0165655 0.0757756 0.0683785 0.0284979 -0.048913 0.0106421 0.00401516 -0.0748131 -0.074336 -0.000600305 0.0596897 -0.02813 0.0113601 -0.00426838 0.0270852 -0.0110903 -0.00490705 -0.0378651 -0.0224283 -0.00660204 0.0146332 -0.00968387 -0.0158087 0.0280063 0.0107689
internal_weight=1252.48 1065.14 850.465 783.698 676.332 440.68 187.348 107.366 235.651 121.383 149.862 32.7406 66.7676 214.671 13.071 85.7887 44.6289 17.6148 319.297 105.234 234.619 190.603 44.0166 34.6102 12.6657 84.6779 181.87 151.574 59.3017 37.5138
internal_count=5063 4059 3457 3270 2709 1646 1004 561 1063 390 630 134 187 602 53 433 159 74 1256 471 896 746 150 126 50 360 698 568 265 157
is_linear=0
shrinkage=0.05


Tree=4
num_leaves=31
num_cat=0
split_feature=2 1 5 2 3 0 1 0 7 3 6 4 5 2 2 2 0 0 3 3 2 7 3 7 3 0 2 5 6 0
split_gain=462.198 366.074 156.463 162.393 113.052 63.9896 58.1959 53.2934 49.6723 45.9331 29.2698 28.0003 27.6668 28.6429 25.2859 36.3512 25.7468 25.8197 19.1991 16.2377 14.8843 14.3444 13.0357 13.008 12.3259 14.3959 12.0806 11.9715 11.6239 11.2623
threshold=-0.13864725884967002 0.97532326449953566 -0.97481373065111521 -0.46382645497508307 0.37211296495835683 -0.42513718670068118 1.6995613547709489 0.12335412001622294 0.86162460496047677 -0.27057114623097184 -0.39547483062184702 0.30646788257752478 1.1709899726458219 -0.46265158438555704 -0.2051559451677101 -0.31211158294526803 -0.070097782078057433 1.1551280839590246 1.8328972898117075 0.52390654656616109 -0.39043945449167144 -0.037071701406374773 0.97837290288751211 0.20142416567211083 0.59706004994134887 1.6724426746176546 -0.37937309170362271 -0.63789402783149318 -0.35951337586041893 -0.041405164597627143
decision_type=2 2 2 2 2 2 2 2 2 2 2 2 2 2 2 2 2 2 2 2 2 2 2 2 2 2 2 2 2 2
left_child=1 2 10 7 5 9 -2 27 14 -5 -1 26 -3 -14 15 -6 -17 19 22 -18 23 -22 -16 29 -19 -26 -11 -4 -25 -7
right_child=6 12 3 4 8 20 -8 -9 -10 11 -12 -13 13 -15 18 16 17 24 -20 -21 21 -23 -24 28 25 -27 -28 -29 -30 -31
leaf_value=-0.084247135547912244 0.077902117991122524 -0.076071152535833117 0.0065359516092508944 -0.065865339415147037 0.051673476581756687 -0.0031717494041069525 -0.084401510968817137 -0.040413652386821958 0.066832570413093748 0.066894907160326034 0.018353756552790507 -0.051732149210162115 0.065515721285934941 -0.084401510968817151 0.022917388459410524 0.045288082567568777 0.0082973071933957858 -0.028765105631572991 -0.051779321146601977 -0.062234729952843515 0.0019964696531422524 -0.022744817439574121 0.085234607985172031 -0.015123006486753056 0.0029101046250332961 0.082441431242191721 -0.019580178856984223 0.08194044706982212 0.037233912487804333 0.061029664965321674
leaf_weight=58.066580176353455 179.34921139478683 199.24632883071899 5.5909153521060935 87.292963996529579 30.496930450201035 10.207008168101313 5.6984952092170706 10.645423233509062 59.138364315032959 13.827895998954771 7.8964580297470084 13.634114056825636 7.2263488173484802 5.6984952092170698 13.71114671230316 17.384819760918617 10.499143838882445 14.739259943366049 4.2198560237884513 36.626220688223839 115.55444507300854 118.82654649019241 21.631088569760323 39.145195916295052 17.73563484847546 8.3775115311145765 5.7050314992666271 89.945623248815536 14.537903860211371 20.651796355843544
leaf_count=153 989 549 24 254 150 41 15 36 309 72 34 43 38 15 62 85 44 53 14 111 466 430 117 149 73 45 21 501 67 103
internal_value=4.19165e-07 -0.0127475 0.00197878 0.00823103 -0.000823918 -0.0157864 0.072904 0.0657033 0.0272041 -0.0468337 -0.0719647 0.00325589 -0.0714726 -0.000581992 0.0138445 0.0036007 -0.0103138 -0.021301 0.0490227 -0.0465208 -0.00405954 -0.0105469 0.0610584 0.0139257 0.00779122 0.028425 0.0416379 0.0775277 -0.000944245 0.0397941
internal_weight=1243.31 1058.26 846.088 780.125 673.943 439.383 185.048 106.182 234.56 120.46 65.963 33.167 212.171 12.9248 175.422 135.86 105.363 87.9778 39.5621 47.1254 318.923 234.381 35.3422 84.5419 40.8524 26.1131 19.5329 95.5365 53.6831 30.8588
internal_count=5063 4059 3457 3270 2709 1646 1004 561 1063 390 187 136 602 53 754 561 411 326 193 155 1256 896 179 360 171 118 93 525 216 144
is_linear=0
shrinkage=0.05


Tree=5
num_leaves=31
num_cat=0
split_feature=2 1 5 2 3 0 1 7 3 7 0 6 5 2 0 0 0 0 0 3 5 2 2 0 0 3 5 3 3 3
split_gain=423.248 335.731 143.503 159.176 99.9531 55.3117 53.3594 45.9665 40.7301 47.3199 38.034 37.3047 25.3542 26.2443 24.8711 24.1363 32.4074 27.6641 18.4485 17.2662 23.9819 14.0809 16.7763 13.6227 18.0807 13.2768 14.5605 12.245 13.2137 12.0085
threshold=-0.13864725884967002 0.97532326449953566 -0.77662554651860782 -0.46382645497508307 0.37211296495835683 -0.42513718670068118 1.6995613547709489 0.069754065279184818 -0.57370105423428386 1.0130111426195361 0.12335412001622294 -0.33245463629139843 1.1709899726458219 -0.46265158438555704 0.045484203462505902 0.33526351918818315 -0.53595654394085257 0.97646373688526711 1.1750349452891977 -1.0676396928124032 0.73300199645192177 -0.2051559451677101 -0.31618780544845421 1.2102221417103725 -0.21640051345653846 0.33172614179636356 0.16650340050263726 0.93265198423345463 0.62586426313651999 0.28021387243794593
decision_type=2 2 2 2 2 2 2 2 2 2 2 2 2 2 2 2 2 2 2 2 2 2 2 2 2 2 2 2 2 2
left_child=1 2 11 10 5 8 -2 15 -5 -10 -4 -1 -3 -14 -9 16 -6 -17 21 20 -7 22 -16 24 -21 26 -25 28 -20 -26
right_child=6 12 3 4 7 19 -8 14 9 -11 -12 -13 13 -15 18 17 -18 -19 27 23 -22 -23 -24 25 29 -27 -28 -29 -30 -31
leaf_value=-0.070544225217436543 0.075140771275514814 -0.073324497449307691 0.07681831410163345 -0.068847806116306129 -0.066782417287446258 0.058855546701230277 -0.081617121378008722 0.077901933365936038 -0.04822523313435724 0.055440262308680058 -0.030445716670776168 0.066187213118502924 0.062919328296639862 -0.081617121378008736 0.039810930761679471 -0.064275026421774781 0.053921816943524936 0.0049572122252920636 0.044753611030443341 0.011740221296837178 -0.031785356415073296 0.091869774887365419 -0.033238388430199516 -0.0087824545236285263 -0.028461345752892844 -0.049265709041768545 0.034896357537098514 0.072246835281075256 -0.056697119178127621 0.022630552849781244
leaf_weight=75.377076983451843 176.7094561457634 196.44483149051666 91.687399283051491 68.546288371086121 6.7007062137126914 22.960345044732094 5.6007076799869528 42.192212104797363 28.512391299009323 17.931051567196846 9.0829480886459333 5.3419907540082923 7.1502392888069153 5.600707679986952 12.577705726027487 20.552027359604836 32.688936710357666 48.432462692260742 12.274202942848207 46.758039563894272 10.697544619441031 4.1430270522832862 20.952973455190659 34.578202709555626 132.27373921871185 8.8726721704006177 42.568556398153305 28.436696365475655 4.3461202234029761 12.595832690596579
leaf_count=216 989 549 515 196 21 115 15 233 91 90 32 27 38 15 61 61 165 200 60 195 38 23 73 133 470 29 193 151 15 54
internal_value=7.68751e-07 -0.0122063 0.00189211 0.00862124 -0.000320605 -0.0147195 0.070325 0.02599 -0.0443533 -0.00820169 0.0671501 -0.0614953 -0.0688897 -0.000566655 0.0466618 0.00216164 0.0333884 -0.0156686 0.0307295 -0.00377341 0.030047 0.00490809 -0.00583683 -0.00787331 -0.0152937 0.0086572 0.0153189 0.0523196 0.0182248 -0.0240191
internal_weight=1232.59 1050.28 841.081 760.362 659.592 426.295 182.31 233.297 114.99 46.4434 100.77 80.7191 209.196 12.7509 124.923 108.374 39.3896 68.9845 82.7307 311.305 33.6579 37.6737 33.5307 277.647 191.628 86.0194 77.1468 45.057 16.6203 144.87
internal_count=5063 4059 3457 3214 2667 1604 1004 1063 377 181 547 243 602 53 616 447 186 261 383 1227 153 157 134 1074 719 355 326 226 75 524
is_linear=0
shrinkage=0.05


Tree=6
num_leaves=31
num_cat=0
split_feature=2 1 5 2 3 4 4 0 1 0 0 6 5 4 3 1 5 2 7 3 2 1 2 3 1 5 2 2 3 5
split_gain=388.42 308.652 132.316 136.936 93.5561 60.0385 76.8476 57.2084 49.0417 45.7968 32.8266 26.1946 25.6046 35.2345 24.255 35.6881 23.2883 24.1019 21.3061 29.3075 20.9645 19.1539 16.1999 15.8422 15.3695 11.6914 22.4763 11.6321 15.3419 12.1765
threshold=-0.13864725884967002 0.97532326449953566 -0.97481373065111521 -0.46382645497508307 0.13192560931808389 -0.24578499939545764 -0.15374285239996058 -0.56769956538561817 1.6995613547709489 0.97646373688526711 -0.76720904743073381 -0.39547483062184702 0.71227642097364385 -0.33782723843310175 -0.84177820408703419 0.012906320873580865 1.1709899726458219 -0.46265158438555704 0.28183152917309046 -0.16922304231574192 -0.39768386775305642 -1.0473081786632019 -0.39567619450301389 -0.58162598827033074 -1.3733166400609285 0.65903693769190641 -0.43925956003961947 -0.2051559451677101 1.4790172959123693 0.71227642097364385
decision_type=2 2 2 2 2 2 2 2 2 2 2 2 2 2 2 2 2 2 2 2 2 2 2 2 2 2 2 2 2 2
left_child=1 2 11 9 7 12 -7 14 -2 -4 -8 -1 13 21 -5 20 -3 -18 19 -9 -16 -6 23 25 -12 26 -20 28 29 -26
right_child=8 16 3 4 5 6 10 18 -10 -11 24 -13 -14 -15 15 -17 17 -19 22 -21 -22 -23 -24 -25 27 -27 -28 -29 -30 -31
leaf_value=-0.079223999603663997 0.072642925993012836 -0.070830466900398917 0.070547786127106979 -0.073671704396328336 0.068961298729365336 -0.09954989661850111 -0.074073113847102301 0.025459919304910861 -0.079139118144381376 -0.057124384463241744 0.071899908344125449 0.018191998353044705 0.07424249860529189 0.091933008502688263 0.094250073290261249 -0.071902285947110053 0.060521255841004831 -0.07913911814438139 0.071298985159343783 -0.018628717319670484 -0.046474863273144582 0.00099001871469000711 -0.04707669053809567 0.035632315869137454 0.0050890041459217029 -0.050268569377401456 -0.049757873983956133 0.046320708821810594 -0.044935290158723593 0.048084430967355041
leaf_weight=56.163739800453186 173.72182446718216 193.27394282817841 95.568292751908302 57.326638460159302 12.536080092191694 17.511623024940491 10.913670048117636 77.852953433990479 5.4900607466697684 7.5811696946620932 11.228496193885801 7.8673028647899619 45.312082096934319 17.441503196954727 8.0052538365125638 13.024243444204329 7.0640655159950256 5.4900607466697675 7.3131845891475633 73.072025343775749 3.9536639004945782 59.830160424113274 46.824550524353981 15.601640552282332 109.19449353218079 19.828058585524559 8.0603296756744403 20.815149798989296 13.249078392982481 19.391452565789223
leaf_count=153 989 549 538 160 65 45 32 345 15 23 59 34 251 97 44 37 38 15 38 270 13 246 151 72 452 64 26 102 45 95
internal_value=1.70957e-06 -0.0116999 0.00181161 0.00754429 -0.000731914 0.0177932 0.000556477 -0.0196244 0.0679932 0.0611643 0.0100429 -0.0672548 0.0436003 0.02814 -0.0557537 -0.0146388 -0.0665441 -0.000553798 -0.00765995 0.00411391 0.0477259 0.0127648 -0.0258614 -0.00630763 0.0153226 -0.0248958 0.0078289 0.0114168 0.0062944 0.0115729
internal_weight=1220.51 1041.29 835.467 771.436 668.286 337.424 202.304 330.863 179.212 103.149 184.792 64.031 135.12 89.8077 82.3098 24.9832 205.828 12.5541 248.553 150.925 11.9589 72.3662 97.6278 50.8032 173.879 35.2016 15.3735 162.65 141.835 128.586
internal_count=5063 4059 3457 3270 2709 1489 830 1220 1004 561 785 187 659 408 254 94 602 53 966 615 57 311 351 200 753 128 64 694 592 547
is_linear=0
shrinkage=0.05


Tree=7
num_leaves=31
num_cat=0
split_feature=2 1 5 2 3 0 1 0 2 3 7 2 6 7 5 2 7 3 7 0 0 4 3 3 0 3 5 2 0 0
split_gain=357.15 284.348 121.628 125.997 86.022 50.1027 45.1684 42.4216 40.5817 35.4727 38.3997 29.7321 24.4312 23.2918 21.4339 22.1794 15.7728 20.2228 14.361 13.9649 22.2132 13.1387 12.7759 13.8326 20.9541 10.9767 10.8267 10.748 18.5796 11.8369
threshold=-0.13864725884967002 0.97532326449953566 -0.97481373065111521 -0.46382645497508307 0.37211296495835683 -0.56769956538561817 1.6995613547709489 0.12335412001622294 -0.31211158294526803 -0.84177820408703419 0.81527880674477571 -0.21812508244155474 -0.39547483062184702 0.81527880674477571 1.1709899726458219 -0.46265158438555704 0.13554043291449702 -0.24923470330144984 -0.49475268630680408 0.014315415679642318 1.1551280839590246 -0.24578499939545764 1.8328972898117075 0.97837290288751211 1.4906834686067219 0.48717736885431012 -0.63789402783149318 -0.28060790940264996 1.1956225056939336 1.7171019893175135
decision_type=2 2 2 2 2 2 2 2 2 2 2 2 2 2 2 2 2 2 2 2 2 2 2 2 2 2 2 2 2 2
left_child=1 2 12 7 5 9 -2 26 21 -5 -11 13 -1 19 -3 -16 17 -7 -19 -10 25 -6 23 24 -13 -21 -4 28 -20 -30
right_child=6 14 3 4 8 16 -8 -9 11 10 -12 22 -14 -15 15 -17 -18 18 27 20 -22 -23 -24 -25 -26 -27 -28 -29 29 -31
leaf_value=-0.076934269281367165 0.070369287637831332 -0.068551542265737772 0.0021621062495092475 -0.071203923500994235 0.076570718047708958 0.029120460286336022 -0.076921968884272052 -0.036109613762198199 0.030165358904151514 -0.057488433952172069 0.043450456864258018 0.044504198991434207 0.017291306804078813 0.048076504130151604 0.058293822334136838 -0.076921968884272066 -0.016247119079172218 -0.040134589773456963 -0.028844699078449467 0.012873062610905454 0.0058977778054758881 0.031884783579670416 -0.038802533188598949 0.072360949285532286 -0.075503565602959996 -0.05857684539706895 0.074493238290246136 0.033138488097247371 0.038117592649532475 -0.035925769057816033
leaf_weight=54.973586454987526 170.45092040300369 189.80219930410385 5.5070606917142859 56.371921271085739 37.287917092442513 59.59249609708786 5.3689473867416373 10.483061283826826 14.829987838864325 19.438810348510742 18.285161703824997 16.98778781294823 7.8633467257022849 17.852543190121651 6.9696900844573975 5.3689473867416364 160.82839572429657 25.110798433423042 41.460542902350426 6.3420117050409308 36.138229340314865 29.434311419725418 4.5627146810293189 27.270597949624062 4.6284123361110678 35.267812684178352 85.417404413223267 21.867141723632812 24.801879197359089 6.8991030901670447
leaf_count=153 989 549 24 160 214 269 15 36 71 59 90 84 34 90 38 15 601 84 147 27 152 139 16 148 14 108 501 98 114 24
internal_value=1.27884e-06 -0.0112248 0.00173352 0.0072148 -0.000699042 -0.013795 0.0658715 0.0591316 0.0239853 -0.0460903 -0.00856241 0.0106016 -0.065143 -0.00421497 -0.0644003 -0.00054302 -0.00487194 0.00530684 -0.00650537 -0.0142987 -0.02278 0.0568577 0.0412136 0.0486817 0.0188084 -0.0476867 0.0701123 0.00238096 -0.00681211 0.0220035
internal_weight=1207.46 1031.64 829.503 766.666 665.259 434.656 175.82 101.408 230.602 94.0959 37.724 163.88 62.8369 110.431 202.141 12.3386 340.56 179.732 120.139 92.578 77.7481 66.7222 53.4495 48.8868 21.6162 41.6098 90.9245 95.0287 73.1615 31.701
internal_count=5063 4059 3457 3270 2709 1646 1004 561 1063 309 149 710 187 448 602 53 1337 736 467 358 287 353 262 246 98 135 525 383 285 138
is_linear=0
shrinkage=0.05


Tree=8
num_leaves=31
num_cat=0
split_feature=2 1 7 2 3 4 4 0 1 2 0 0 7 4 2 5 5 2 3 4 2 1 1 7 4 3 3 1 2 0
split_gain=328.96 262.438 112.085 130.689 78.2007 53.5688 67.0512 46.6867 41.6785 38.2639 27.8587 26.9892 22.2 29.9605 20.9903 33.1525 19.7622 20.4472 15.4652 16.125 15.0094 13.8647 13.5148 13.2139 13.1238 13.0106 13.499 11.8841 10.2933 18.0982
threshold=-0.13864725884967002 0.97532326449953566 -0.77904261590794655 -0.46382645497508307 0.13192560931808389 -0.24578499939545764 -0.15374285239996058 -0.42513718670068118 1.6995613547709489 -0.43380396045593289 0.12335412001622294 -0.76720904743073381 0.81527880674477571 -0.33782723843310175 -0.4358445192622965 0.90004681355772054 1.1709899726458219 -0.46265158438555704 -1.0676396928124032 -0.52191153242409583 -0.45634681619537071 -1.3733166400609285 -1.0473081786632019 0.28183152917309046 0.21442564353988061 -0.16922304231574192 -0.60631531604337974 -0.098148957407693957 -0.2949122127224057 0.075788148535966007
decision_type=2 2 2 2 2 2 2 2 2 2 2 2 2 2 2 2 2 2 2 2 2 2 2 2 2 2 2 2 2 2
left_child=1 2 9 10 7 12 -7 14 -2 -1 -4 -8 13 22 -5 -16 -3 -18 19 20 -9 -13 -6 25 -11 26 -20 -17 -24 -30
right_child=8 16 3 4 5 6 11 18 -10 24 -12 21 -14 -15 15 27 17 -19 23 -21 -22 -23 28 -25 -26 -27 -28 -29 29 -31
leaf_value=-0.075731486806710047 0.068287681824763247 -0.06645692720163332 0.070103653122672124 -0.065697132290168644 0.06388166507222591 -0.094892555710893528 -0.069139704668393129 -0.060230599731406209 -0.074928716614082055 -0.056562531880325985 -0.024279799334630998 0.067865229262785307 0.064634038059476415 0.087073081718766723 -0.048305795736510677 0.092967802872723784 0.056214098331271167 -0.074928716614082055 -0.029103633708445847 0.053692684605145827 0.036423986448648991 0.010007299134195478 0.031462630718490918 -0.028851788121276811 0.037338354423684848 -0.015548630823405411 0.032246377747277045 -0.010372579070836711 0.038599215877203462 -0.039786229346271386
leaf_weight=58.304800540208817 166.9532023370266 186.08955836296082 88.227879330515862 58.935260713100433 9.1115099936723691 16.99785989522934 10.414930149912832 8.2540367841720599 5.2394597232341757 5.3654206842184093 8.5784252583980543 11.076690658926962 57.169554963707924 14.811944574117659 27.691569447517395 7.057298943400383 6.8687424659729004 5.2394597232341749 11.665376678109167 20.496222078800201 7.8238449543714514 158.78694927692413 15.774583607912062 67.88470670580864 12.14102567732334 67.228960126638412 38.751904547214508 4.5924579054117185 10.376573547720907 25.363024607300758
leaf_count=166 989 549 523 173 48 44 31 25 15 17 31 59 315 84 88 40 38 15 42 104 36 679 73 239 57 251 176 18 50 88
internal_value=1.4745e-06 -0.0107793 0.00166112 0.00753953 -0.000529391 0.0165583 3.90066e-05 -0.0181239 0.0639299 -0.0562669 0.0617399 0.00898978 0.0411336 0.0233241 -0.0468176 -0.0185351 -0.0624296 -0.000534004 -0.00542753 0.0242884 -0.0131964 0.0137802 0.00774914 -0.0112855 0.00855937 -0.00114933 0.0180514 0.0522299 -0.00217924 -0.0170279
internal_weight=1193.27 1021.08 822.883 747.072 650.265 329.884 197.276 320.382 172.193 75.8112 96.8063 180.279 132.607 75.4376 98.2766 39.3413 198.198 12.1082 222.105 36.5741 16.0779 169.864 60.6257 185.531 17.5064 117.646 50.4173 11.6498 51.5142 35.7396
internal_count=5063 4059 3457 3217 2663 1471 813 1192 1004 240 554 769 658 343 319 146 602 53 873 165 61 738 259 708 74 469 218 58 211 138
is_linear=0
shrinkage=0.05


Tree=9
num_leaves=31
num_cat=0
split_feature=2 1 5 2 3 0 0 7 1 3 1 6 2 0 5 2 0 0 3 7 5 2 7 3 7 0 2 3 3 5
split_gain=303.938 247.271 104.595 105.281 79.8107 42.6618 37.0174 36.9825 31.8608 30.6037 33.4615 21.8603 19.6635 19.1917 18.0635 18.8806 15.626 14.932 13.2809 13.3771 13.0945 12.8753 12.7873 18.1114 12.9854 12.4527 12.4037 11.1308 11.3168 9.98797
threshold=-0.12002589945162721 0.97532326449953566 -0.97481373065111521 -0.46382645497508307 0.37211296495835683 -0.56769956538561817 0.97646373688526711 0.069754065279184818 1.6995613547709489 -0.84177820408703419 0.012906320873580865 -0.39547483062184702 -0.21812508244155474 0.045484203462505902 1.1709899726458219 -0.46265158438555704 1.1750349452891977 1.5365115432400682 0.68286303115078406 -0.21253987931476861 0.11546757301991879 -0.2051559451677101 0.13554043291449702 -0.25548320253589124 -0.49475268630680408 1.5161293629221668 -0.30886172165896292 0.93265198423345463 0.62586426313651999 -0.58544351638749659
decision_type=2 2 2 2 2 2 2 2 2 2 2 2 2 2 2 2 2 2 2 2 2 2 2 2 2 2 2 2 2 2
left_child=1 2 11 6 5 9 29 12 -2 -5 -11 -1 17 -9 -3 -16 21 18 19 -6 25 26 23 -7 -25 -14 -15 28 -18 -4
right_child=8 14 3 4 7 22 -8 13 -10 10 -12 -13 20 16 15 -17 27 -19 -20 -21 -22 -23 -24 24 -26 -27 -28 -29 -30 -31
leaf_value=-0.073051179373205585 0.068396979884957326 -0.06416592355408729 0.0071453243485102673 -0.067030820963794063 -0.034274546919965489 0.027342094552344279 -0.051997263619272684 0.070218076216444478 -0.073129110565276711 0.045132307261893857 -0.050555137395128229 0.016475013903559384 0.049703825770042544 0.029916758577644888 0.054262961756549245 -0.073129110565276739 0.040058105651164126 0.03400829923326975 -0.052428638549778465 0.031720326528307169 -0.048513689095060576 0.082363306670706848 -0.014913947542050766 -0.038084531343742317 0.0019330024774219666 -0.045809966085311349 -0.032386103477325935 0.066672667775932434 -0.053803118784262777 0.069244804774717408
leaf_weight=52.366272583603859 153.12127840518951 184.87557664513588 7.0222199708223334 54.293901056051254 16.381846085190773 58.540369063615799 7.3900347352027884 40.913908004760742 4.0827373266220084 16.432508006691933 20.577312007546425 7.8393802344799033 32.799172431230545 13.664251267910002 6.7626480460166931 5.1034216582775098 12.172444060444834 13.120801195502279 24.911519065499306 14.453072279691698 4.7449859678745261 4.6517092138528815 160.58881688117981 25.67675593495369 96.306227833032608 3.8087568283081046 19.233267366886139 29.087235614657402 4.3622380495071402 83.094296723604202
leaf_count=153 932 560 32 160 58 266 23 240 12 82 67 34 171 67 38 15 61 61 81 67 16 27 603 87 389 13 67 160 15 506
internal_value=1.44306e-06 -0.00996182 0.00205741 0.00705609 -4.09539e-05 -0.0127751 0.0555836 0.0234602 0.0647214 -0.043131 -0.00806953 -0.061394 0.00238326 0.042182 -0.0603276 -0.000526491 0.0283903 -0.0139818 -0.025277 -0.00334115 0.0296368 0.00450155 -0.00464986 0.0044808 -0.00649047 0.0397664 -0.0065081 0.048052 0.0152953 0.0644058
internal_weight=1178.38 1021.17 824.433 764.228 666.721 432.416 97.5066 234.305 157.204 91.3037 37.0098 60.2057 110.22 124.085 196.742 11.8661 83.1711 68.8672 55.7464 30.8349 41.3529 37.5492 341.112 180.523 121.983 36.6079 32.8975 45.6219 16.5347 90.1165
internal_count=5063 4119 3506 3319 2758 1654 561 1104 944 309 149 187 467 637 613 53 397 267 206 125 200 161 1345 742 476 184 134 236 76 538
is_linear=0
shrinkage=0.05


Tree=10
num_leaves=31
num_cat=0
split_feature=2 1 5 2 3 0 0 7 1 3 7 6 0 0 0 0 5 2 0 2 0 3 2 3 5 0 2 0 5 7
split_gain=280.951 228.744 96.596 97.4222 72.6176 39.4144 34.3371 34.0235 29.5097 28.6202 30.7696 20.5676 18.2621 25.8989 25.4741 18.091 16.6866 17.4593 14.3252 11.8594 11.817 15.0959 13.8875 19.3222 22.1732 17.9034 11.2831 11.2374 11.0241 10.7477
threshold=-0.12002589945162721 0.97532326449953566 -0.97481373065111521 -0.46382645497508307 0.37211296495835683 -0.56769956538561817 0.12335412001622294 0.069754065279184818 1.6995613547709489 -0.84177820408703419 0.81527880674477571 -0.39547483062184702 0.39403016175515826 -0.53595654394085257 0.97646373688526711 0.045484203462505902 1.1709899726458219 -0.46265158438555704 1.1750349452891977 -0.2051559451677101 1.2102221417103725 0.33172614179636356 -0.25693319524943425 -0.41123926640203518 0.73300199645192177 0.029892683561627432 -0.31618780544845421 -0.29520936434105816 0.035519361042789244 0.081259377231191796
decision_type=2 2 2 2 2 2 2 2 2 2 2 2 2 2 2 2 2 2 2 2 2 2 2 2 2 2 2 2 2 2
left_child=1 2 11 6 5 9 -4 12 -2 -5 -11 -1 13 -6 -14 -9 -3 -18 19 26 22 29 23 24 28 -25 -17 -24 -7 -22
right_child=8 16 3 4 7 20 -8 15 -10 10 -12 -13 14 -15 -16 18 17 -19 -20 -21 21 -23 27 25 -26 -27 -28 -29 -30 -31
leaf_value=-0.071358958439784417 0.06662115740158342 -0.062344532668898216 0.064421808844637246 -0.065108322717346984 -0.061715267727432112 0.0087454036448604208 -0.032335942170962931 0.06817865273643707 -0.071498058330441636 -0.052401347573644411 0.03911407562016711 0.015663020646969155 -0.062156039797588138 0.046342837716444832 0.0055371003364192055 0.032153692978047342 0.052424338744642855 -0.071498058330441649 0.046175866810105083 0.079851440741267016 0.036449390397478763 -0.049965493501786577 0.084555188443882934 -0.0091222222361377319 -0.043572404557829666 -0.045391300065561864 -0.028644796703481308 0.0069159391315996403 0.061868688406307305 0.00041352969984744572
leaf_weight=50.963254049420357 149.43631744384766 180.86502152681351 85.132193595170975 53.131775557994843 6.6196687817573538 49.234048888087273 10.275983005762098 40.052742570638657 3.9699397087097159 18.81347981095314 17.946426644921303 7.8336417078971854 19.299365371465683 34.158528506755829 49.657481819391251 12.094716191291807 6.6526514887809753 4.9624246358871442 45.119768053293228 4.5604350715875617 39.57760888338089 9.1793515533208829 5.6446450352668753 72.840319842100143 18.185515344142914 63.852300137281418 20.676664412021637 26.733949765563011 12.18233886361122 43.359722405672073
leaf_count=153 932 560 525 160 21 208 36 240 12 59 90 34 58 178 210 61 38 15 236 27 184 30 30 279 60 209 73 110 62 173
internal_value=2.23899e-06 -0.00957717 0.00197377 0.00676065 -3.81425e-05 -0.0121902 0.0540005 0.0224975 0.0630468 -0.0416414 -0.00772292 -0.0597648 0.00227689 0.0288014 -0.0134086 0.0406104 -0.0586138 -0.000520261 0.0272186 0.00430647 -0.00442173 0.010876 -0.0100885 -0.0146602 0.00492313 -0.0260644 -0.0062063 0.020451 0.0192828 0.0176098
internal_weight=1163.01 1009.61 817.126 758.329 662.921 430.681 95.4082 232.239 153.406 89.8917 36.7599 58.7969 109.735 40.7782 68.9568 122.504 192.48 11.6151 82.4516 37.3318 340.79 92.1167 248.673 216.295 79.6019 136.693 32.7714 32.3786 61.4164 82.9373
internal_count=5063 4119 3506 3319 2758 1654 561 1104 944 309 149 187 467 199 268 637 613 53 397 161 1345 387 958 818 330 488 134 140 270 357
is_linear=0
shrinkage=0.05


Tree=11
num_leaves=31
num_cat=0
split_feature=2 1 5 3 6 4 4 4 1 5 0 2 6 0 0 5 3 7 2 4 4 4 7 0 0 4 0 2 3 4
split_gain=260.151 201.148 88.285 102.156 60.2058 49.7056 81.5449 58.2415 48.8988 41.7036 38.7065 30.75 27.3759 20.1517 17.6746 15.6234 14.7357 15.981 16.7451 14.4014 33.8714 16.2016 14.3535 16.5364 14.9729 13.1146 12.6871 12.6438 10.8504 9.95617
threshold=-0.15282190267858006 0.97532326449953566 -0.77662554651860782 -1.2294918527492065 -0.39231552863354918 -0.24578499939545764 -0.15374285239996058 -0.33782723843310175 1.6995613547709489 0.59476726376210587 -0.95748388192256695 -0.4358445192622965 -0.33245463629139843 -0.42513718670068118 0.97646373688526711 1.1709899726458219 0.40183159713622169 1.0518922814587583 -0.39043945449167144 0.85872076455050717 0.76667852551286308 0.95076291154600423 0.069754065279184818 0.20969313362491748 0.91608359588794719 1.2268893525324958 1.9363996917143325 -0.30052573773206609 1.0147971523492674 0.30646788257752478
decision_type=2 2 2 2 2 2 2 2 2 2 2 2 2 2 2 2 2 2 2 2 2 2 2 2 2 2 2 2 2 2
left_child=1 2 12 14 13 7 -7 9 -2 26 -8 -11 -1 -5 -4 -3 17 18 -12 20 29 -21 23 -18 -25 -23 28 -27 -6 -20
right_child=8 15 3 4 5 6 10 -9 -10 11 16 -13 -14 -15 -16 -17 22 -19 19 21 -22 25 -24 24 -26 27 -28 -29 -30 -31
leaf_value=-0.060161918946752116 0.062772026866123654 -0.061075190932785628 0.059855666191553858 -0.070764354289924239 -0.016072435050034976 -0.090882674529435603 -0.072964841647977771 0.089351382026316858 -0.070716053986151037 -0.054329876447033125 0.030427556906332281 0.056927814550732175 0.060261583668347052 -0.0078045274361912362 -0.02339819939013248 -0.00051514363932008247 0.043071770506218708 -0.050389550864487577 0.0086389049935505242 -0.087245917704207185 0.092736310630265967 0.024714927520848418 0.040877190398032268 -0.064360409507462302 0.0032797945800311502 -0.065549396007423405 0.066088442711460402 0.011743068635731147 0.026606484735137027 -0.022978642243980142
leaf_weight=67.285110741853714 162.57410848140717 170.88577237725258 90.106207802891731 38.473795831203461 92.049567893147469 27.125835239887238 17.561248242855072 28.661438822746277 7.1627257466316214 6.9643544852733603 36.156812608242035 57.373389095067978 5.0753834992647162 18.978774085640907 6.8603722751140586 11.357685834169386 18.467600509524345 17.309067040681839 53.612563103437424 9.9617758095264417 9.5018322616815549 13.101172864437101 42.77180489897728 10.826119661331175 33.493068426847458 14.811260282993315 5.9013498276472083 8.2316908687353152 17.766526490449905 46.489033937454224
leaf_count=216 1027 539 556 114 350 71 51 165 22 22 166 324 26 76 25 53 95 56 221 26 53 57 218 32 139 44 31 34 85 169
internal_value=2.26363e-06 -0.00992262 0.000939395 0.00621251 -0.0011892 0.00374335 -0.00752662 0.0231508 0.057139 0.0126129 -0.000722117 0.0448845 -0.0517154 -0.0499663 0.0539655 -0.057301 0.00330882 -0.00437673 -0.000225711 -0.00734362 0.00251875 -0.0307885 0.0185385 0.00332091 -0.0132431 -0.0152282 -0.00532975 -0.037938 -0.00916765 -0.00604487
internal_weight=1146.9 977.161 794.917 722.557 625.59 568.138 359.421 208.717 169.737 180.055 332.295 64.3377 72.3605 57.4526 96.9666 182.243 314.734 209.175 191.866 155.709 109.603 46.1059 105.559 62.7868 44.3192 36.1441 115.717 23.043 109.816 100.102
internal_count=5063 4014 3422 3180 2599 2409 1432 977 1049 812 1361 346 242 190 581 592 1310 826 770 604 443 161 484 266 171 135 466 78 435 390
is_linear=0
shrinkage=0.05


Tree=12
num_leaves=31
num_cat=0
split_feature=2 1 5 2 3 0 0 0 0 3 1 1 4 6 5 5 7 7 4 3 7 4 5 2 3 1 1 7 1 2
split_gain=241.79 199.904 83.821 82.9085 63.5094 34.8001 30.7251 29.2743 28.572 25.2693 27.4262 21.5574 20.8668 18.971 14.6737 14.1113 12.0654 10.4131 15.0714 17.3311 14.6754 13.953 10.1122 12.235 12.9369 11.4059 12.0968 10.0806 11.289 10.9885
threshold=-0.11214803188208297 0.97532326449953566 -0.97481373065111521 -0.46382645497508307 0.37211296495835683 -0.56769956538561817 0.12335412001622294 0.39403016175515826 0.97646373688526711 -0.84177820408703419 0.012906320873580865 1.6995613547709489 0.85872076455050717 -0.39547483062184702 1.1709899726458219 -0.015559208253519061 0.069754065279184818 -0.037071701406374773 0.85872076455050717 -0.19787482186649813 -0.71306151802803075 0.95076291154600423 0.050414532736126907 -0.25850395920746977 -1.1341045413758299 0.06472089210630276 -0.22536324344435524 1.147910519568808 -1.1613437297434215 -0.17231209418310087
decision_type=2 2 2 2 2 2 2 2 2 2 2 2 2 2 2 2 2 2 2 2 2 2 2 2 2 2 2 2 2 2
left_child=1 2 13 6 5 9 -4 12 16 -5 -11 -2 -6 -1 -3 -14 -9 18 19 -7 -21 -20 23 24 -19 26 -24 28 -10 -30
right_child=11 14 3 4 7 17 -8 8 27 10 -12 -13 15 -15 -16 -17 -18 22 21 20 -22 -23 25 -25 -26 -27 -28 -29 29 -31
leaf_value=-0.068598101351570115 0.064415463376111898 -0.059149555366701738 0.061381325903818534 -0.062059193813070263 0.054584282820044641 0.043206356190058026 -0.030914485762377278 -0.058211043845594071 0.061804247624992453 0.041251640569811426 -0.046589936737447407 -0.068648184893428443 0.02850260405744074 0.015507777880200094 -0.0004893822633195527 -0.0728905100604582 -0.0017132745267815089 0.02891384402128009 -0.091873883760366065 -0.083230839635873188 0.0070878628617842806 -0.0077383735010863319 -0.0005624098784121729 0.021781574742727603 -0.038891976497663253 -0.034109949365524896 0.054277780696266376 0.065317464350777191 0.0026938493998716648 0.062114819608139964
leaf_weight=48.256916552782059 137.08076649904251 173.74890157580376 81.167872950434685 50.944212704896927 74.298512041568756 36.835369870066643 10.144093513488768 18.885988995432854 11.492538899183272 16.073744922876358 19.871406525373459 3.1129366159439078 8.7717092335224134 7.78648817539215 11.357760637998579 5.6366651803255072 18.912835329771042 7.8629254251718512 6.0817993879318228 4.8193100541830054 67.359898567199707 25.969605877995491 78.104582712054253 12.456118285655974 66.769998982548714 21.424636974930763 11.541616067290304 11.309622868895529 74.194416522979736 8.6917947083711606
leaf_count=153 902 565 525 160 433 178 36 58 64 82 67 10 45 34 53 16 80 37 16 13 279 101 313 54 224 74 56 65 320 50
internal_value=1.57744e-06 -0.00869488 0.00207045 0.00648017 0.000287218 -0.0111768 0.0511279 0.0213256 0.00736641 -0.0394098 -0.00730945 0.0614608 0.0439051 -0.0569127 -0.0555503 -0.0111632 -0.0299421 -0.00394516 0.00643758 0.0152993 0.0010574 -0.0237032 -0.0113364 -0.0240921 -0.0317483 -0.00133488 0.00649806 0.0207096 0.0153641 0.00892498
internal_weight=1130.97 990.771 805.665 749.621 658.309 426.115 91.312 232.194 143.487 86.8894 35.9452 140.194 88.7069 56.0434 185.107 14.4084 37.7988 339.226 141.066 109.015 72.1792 32.0514 198.16 87.089 74.6329 111.071 89.6462 105.688 94.3788 82.8862
internal_count=5063 4151 3533 3346 2785 1654 561 1131 637 309 149 912 494 187 618 61 138 1345 587 470 292 117 758 315 261 443 369 499 434 370
is_linear=0
shrinkage=0.05


Tree=13
num_leaves=31
num_cat=0
split_feature=2 1 7 2 3 4 4 0 2 0 0 1 4 5 3 1 5 3 4 2 5 1 2 3 0 0 3 4 5 7
split_gain=224.376 185.132 77.7475 88.8518 56.7985 42.1722 59.1242 33.4554 31.8241 20.5352 20.3976 20.0487 16.638 24.2983 15.4174 14.0601 13.9137 12.8601 13.1401 12.3474 12.2956 12.2523 11.5064 11.2084 10.1933 16.6084 16.2034 10.1573 9.44331 10.8449
threshold=-0.11214803188208297 0.97532326449953566 -0.77904261590794655 -0.46382645497508307 0.13192560931808389 -0.24578499939545764 -0.15374285239996058 -0.42513718670068118 -0.43380396045593289 0.12335412001622294 -0.76720904743073381 1.6995613547709489 -0.33782723843310175 0.86505388056604826 -0.27057114623097184 -1.0473081786632019 1.1709899726458219 -1.0676396928124032 -0.52191153242409583 -0.45634681619537071 0.71227642097364385 -1.1762779196764357 -0.17231209418310087 -0.90243466327238975 1.2102221417103725 0.029892683561627432 -0.41123926640203518 0.21442564353988061 0.14141325523991108 1.0981244870317737
decision_type=2 2 2 2 2 2 2 2 2 2 2 2 2 2 2 2 2 2 2 2 2 2 2 2 2 2 2 2 2 2
left_child=1 2 8 9 7 12 -7 14 -1 -4 -8 -2 13 15 -5 -6 -3 18 19 -9 -16 -12 -17 -19 25 -25 -27 -10 -26 -30
right_child=11 16 3 4 5 6 10 17 27 -11 21 -13 -14 -15 20 22 -18 23 -20 -21 -22 -23 -24 24 28 26 -28 -29 29 -31
leaf_value=-0.068713743288194004 0.062993754124546053 -0.057629289506913497 0.062292737422402857 -0.049985470790764548 0.061141130177800422 -0.089500671335591642 -0.061045238388299686 -0.054392074143849646 -0.046624393794010732 -0.020170638149215752 0.04774820257140474 -0.067410970174762594 0.079033271604299904 0.062848688886791945 -0.031066636773643182 -0.0043693968534516394 -0.00046490948049236942 -0.067241224087334198 0.049805185573991606 0.033864999361292225 0.058164793647008654 0.0075604729264475206 0.064755811940787847 0.0029475762922693393 -0.014254750809802139 0.018150500621446332 -0.04569054841745631 0.034951630144949376 0.04609628322769993 -0.035504434524159099
leaf_weight=51.261512145400047 133.26292592287064 169.5236247330904 78.225519374012947 74.981996104121208 12.5920133292675 16.765991777181625 9.9475158452987653 8.074897423386572 5.581903979182246 8.3559080362319929 21.669665187597275 3.0140724778175345 19.859570220112801 36.348196238279343 9.8871093392372149 55.12329375743866 11.357831537723539 8.104085907340048 20.090287894010544 7.7822449505329123 6.3336602896451941 151.996876552701 6.7582505345344535 66.911248669028282 18.989099606871605 12.418774679303167 49.776039347052574 12.060874894261358 22.7786108404398 4.9579517245292655
leaf_count=166 902 565 523 249 69 45 31 25 19 31 114 10 121 228 34 227 53 24 104 36 36 668 41 270 71 54 162 58 110 17
internal_value=1.42307e-06 -0.00836979 0.00198693 0.00678705 0.000376208 0.014791 0.000379478 -0.0149641 -0.0487789 0.0543343 0.00858653 0.0601096 0.0368888 0.0293364 -0.0404239 0.01298 -0.0540398 -0.00440397 0.0229484 -0.011078 0.00377521 0.012575 0.00317995 -0.00974957 -0.00709978 -0.0143422 -0.0329431 0.00914223 0.0129114 0.03151
internal_weight=1114.79 978.515 797.633 728.729 642.147 331.061 200.38 311.086 68.9043 86.5814 183.614 136.277 130.681 110.822 91.2028 74.4736 180.881 219.883 35.9474 15.8571 16.2208 173.667 61.8815 183.936 175.832 129.106 62.1948 17.6428 46.7257 27.7366
internal_count=5063 4151 3533 3290 2736 1544 858 1192 243 554 813 912 686 565 319 337 618 873 165 61 70 782 268 708 684 486 216 77 198 127
is_linear=0
shrinkage=0.05


Tree=14
num_leaves=31
num_cat=0
split_feature=2 1 5 2 3 0 7 0 0 3 1 4 1 6 0 5 5 7 7 4 4 4 3 0 6 7 1 2 2 7
split_gain=208.414 171.574 71.8841 71.4533 53.5872 30.0592 28.1816 26.4895 25.7533 21.5653 26.1328 18.6769 18.6652 17.2623 15.8285 13.211 12.6147 10.6714 9.77495 13.6619 23.6042 15.1832 12.8583 12.2083 12.754 9.44467 9.83298 9.76281 11.612 8.53791
threshold=-0.11214803188208297 0.97532326449953566 -0.97481373065111521 -0.46382645497508307 0.37211296495835683 -0.60179964423319177 -0.72586503161072946 0.39403016175515826 0.97646373688526711 -0.57370105423428386 0.06472089210630276 0.85872076455050717 1.6995613547709489 -0.39547483062184702 0.12335412001622294 1.1709899726458219 -0.015559208253519061 0.069754065279184818 0.13554043291449702 -0.24578499939545764 -0.15374285239996058 -0.33782723843310175 -0.36414668879330431 0.019636798628038795 -0.36183306555874162 1.147910519568808 -1.1613437297434215 -0.17231209418310087 -0.31211158294526803 0.59542836058710258
decision_type=2 2 2 2 2 2 2 2 2 2 2 2 2 2 2 2 2 2 2 2 2 2 2 2 2 2 2 2 2 2
left_child=1 2 13 6 5 9 -4 11 17 -5 -11 -6 -2 -1 -8 -3 -13 -9 19 21 -21 -7 23 24 -22 26 -10 28 29 -28
right_child=12 15 3 4 7 18 14 8 25 10 -12 16 -14 -15 -16 -17 -18 -19 -20 20 22 -23 -24 -25 -26 -27 27 -29 -30 -31
leaf_value=-0.066111235300981799 0.061665044750511266 -0.056188560057045145 -0.075206139647244818 -0.057511055738404482 0.0519784677293334 0.01443180072864666 0.062039427980070033 -0.055990119055072111 0.05812463184391449 0.042863380282259209 -0.053268019786380676 0.026878733436540399 -0.066275964267303672 0.014640181956003973 -0.013647613470419371 -0.00044166034325889258 -0.06976325464356041 -0.0025417802693747174 -0.012839667965042247 -0.089414673084658669 -0.043543693918960971 0.090128898191001505 -0.0080959077082648368 0.060579840866190164 0.044489891178202248 0.063003138719123275 0.059250343851201683 0.059068202358599421 -0.0081461416873488748 -0.028670290980879382
leaf_weight=45.287866473197937 129.42526572942734 165.28507518768311 4.3711063265800467 50.923103019595146 71.987760528922081 38.5855972468853 74.987015172839165 18.587384685873985 11.156106323003767 14.788852676749231 13.544242739677427 8.6686289608478528 2.9149192571640006 7.750837728381156 7.608675241470336 11.357897400856016 5.5311967134475699 18.768697559833527 161.08802156150341 7.6284877061843863 8.5764899998903292 7.997375860810279 94.773318216204643 15.420721068978308 7.9075823128223446 11.023141250014303 12.53679041564464 8.4357297420501691 57.888867005705841 3.5412488728761664
leaf_count=153 902 565 14 168 433 165 518 58 64 79 45 45 10 34 29 53 16 80 612 20 30 45 370 82 38 65 67 50 238 15
internal_value=2.21721e-06 -0.00805935 0.00190882 0.00595839 0.000258319 -0.0103119 0.0485194 0.0197762 0.00649942 -0.0380565 -0.0030909 0.041641 0.058847 -0.0543106 0.0550672 -0.0526041 -0.0107658 -0.0291362 -0.00388182 0.00409543 -0.00399708 0.0274275 0.00114672 0.028602 -0.00131306 0.0192283 0.0140707 0.00810645 0.0022944 0.0398855
internal_weight=1098.35 966.008 789.365 736.326 649.359 421.234 86.9668 228.126 141.938 79.2562 28.3331 86.1876 132.34 53.0387 82.5957 176.643 14.1998 37.3561 341.978 180.89 134.307 46.583 126.678 31.9048 16.4841 104.582 93.5587 82.4026 73.9669 16.078
internal_count=5063 4151 3533 3346 2785 1654 561 1131 637 292 124 494 912 187 547 618 61 138 1362 750 540 210 520 150 68 499 434 370 320 82
is_linear=0
shrinkage=0.05


Tree=15
num_leaves=31
num_cat=0
split_feature=2 1 7 2 3 4 4 0 2 0 0 1 7 4 6 1 2 5 2 7 1 2 4 4 2 2 0 3 6 4
split_gain=193.754 159.106 66.9386 76.8876 48.0489 37.1463 53.5833 28.9649 28.225 18.1543 17.9804 17.3936 15.594 21.8616 14.115 14.5292 16.8593 12.5584 11.5205 13.751 10.8334 9.78769 9.56654 13.8242 9.56468 11.6888 16.6416 9.49255 12.8885 9.13778
threshold=-0.11214803188208297 0.97532326449953566 -0.77904261590794655 -0.46382645497508307 0.13192560931808389 -0.24578499939545764 -0.15374285239996058 -0.42513718670068118 -0.43380396045593289 0.12335412001622294 -0.76720904743073381 1.6995613547709489 0.81527880674477571 -0.33782723843310175 -0.38933618469065034 0.23344636145116224 -0.39768386775305642 1.1709899726458219 -0.39141617558768144 0.29455390515387109 -1.309402340048617 -0.46139035719728066 0.85872076455050717 0.76667852551286308 -0.17231209418310087 -0.2949122127224057 0.075788148535966007 -0.16922304231574192 -0.35189208558228702 0.21442564353988061
decision_type=2 2 2 2 2 2 2 2 2 2 2 2 2 2 2 2 2 2 2 2 2 2 2 2 2 2 2 2 2 2
left_child=1 2 8 9 7 12 -7 14 -1 -4 -8 -2 13 24 21 16 -16 -3 -9 22 -12 -5 23 27 25 -6 -27 28 -20 -10
right_child=11 17 3 4 5 6 10 18 29 -11 20 -13 -14 -15 15 -17 -18 -19 19 -21 -22 -23 -24 -25 -26 26 -28 -29 -30 -31
leaf_value=-0.066206762859598201 0.060418284862278793 -0.054817710351924946 0.059643622917294831 0.0013166772295885205 0.032899887053100672 -0.086401467581006919 -0.058269051356024573 0.011582930593153155 -0.04509857864058292 -0.018341286307232706 0.054556957853130306 -0.065232228335815101 0.055718263318786244 0.075922279748568716 0.037948237495296411 -0.058828769425850851 -0.038355572960400104 -0.00041957740409646785 -0.022257673629676081 -0.037854656109516507 0.0080423675662938728 -0.067015513858600315 -0.030031780156387342 0.085403139801345077 0.062861646730450416 0.03599442028676432 -0.038294194582673233 -0.012987474661694099 0.051676435592146519 0.03252424545238055
leaf_weight=48.207766994833946 125.58880412578583 161.05551317334175 73.891368106007576 6.0625495314598075 18.158978328108788 16.391140162944794 9.695631340146063 76.394405975937843 5.5516713410615948 8.3011088371276838 13.589060276746748 2.8159886598587027 52.350898161530495 14.271577775478361 15.61541312932968 14.398852318525313 13.495552718639376 11.357959926128386 9.2689248919487017 38.842569887638092 158.77459587156773 38.646171852946281 24.81988587975502 5.073164075613021 6.8522124886512747 10.715292051434515 25.428641974925995 48.150405704975128 16.191795840859413 11.957798942923544
leaf_count=166 902 565 523 25 88 45 31 333 19 31 76 10 321 90 77 46 46 53 35 129 706 125 87 29 43 54 90 181 79 58
internal_value=3.2762e-06 -0.00776144 0.00183439 0.00627075 0.000364941 0.0137255 0.000187088 -0.0138343 -0.0464587 0.0517675 0.00798282 0.0576627 0.034752 0.0202 -0.0380196 -0.0177459 0.00257455 -0.0512342 -0.00408037 -0.0124865 0.0117096 -0.0577496 -0.00296649 0.00557089 0.00719631 0.000172177 -0.0162705 6.89762e-05 0.0247609 0.00791263
internal_weight=1081.92 953.511 781.097 715.38 633.188 326.228 198.45 306.96 65.7172 82.1925 182.059 128.405 127.778 75.4267 88.2185 43.5098 29.111 172.413 218.741 142.347 172.364 44.7087 103.504 78.6843 61.1551 54.3029 36.1439 73.6111 25.4607 17.5095
internal_count=5063 4151 3533 3290 2736 1544 858 1192 243 554 813 912 686 365 319 169 123 618 873 540 782 150 411 324 275 232 144 295 114 77
is_linear=0
shrinkage=0.05


Tree=16
num_leaves=31
num_cat=0
split_feature=2 1 7 2 3 7 2 0 3 0 0 1 2 0 2 0 5 3 0 3 2 2 7 4 4 4 6 4 4 4
split_gain=180.274 147.602 61.8884 71.5583 44.3662 28.0778 26.7544 25.2248 21.4489 21.1094 17.0861 16.2223 15.6168 14.0025 13.666 12.7385 11.9495 11.7443 10.9637 9.71632 9.5975 10.7088 9.27833 11.0453 19.0646 16.8476 10.7141 9.47075 12.7265 9.26041
threshold=-0.11214803188208297 0.97532326449953566 -0.77904261590794655 -0.46382645497508307 0.39314461680063068 0.069754065279184818 -0.43380396045593289 -0.42513718670068118 -0.27057114623097184 -1.2032602308913283 0.12335412001622294 1.6995613547709489 -0.21812508244155474 0.060977280610365857 -0.37937309170362271 1.5365115432400682 1.1709899726458219 1.8328972898117075 1.1750349452891977 0.59706004994134887 -0.2051559451677101 -0.31618780544845421 -0.066524650902697199 0.30646788257752478 0.39851002957302184 0.21442564353988061 -0.29101108924101798 0.85872076455050717 0.95076291154600423 0.76667852551286308
decision_type=2 2 2 2 2 2 2 2 2 2 2 2 2 2 2 2 2 2 2 2 2 2 2 2 2 2 2 2 2 2
left_child=1 2 6 10 7 12 -1 8 -5 -10 -4 -2 15 -7 -11 -6 -3 -14 20 -17 21 -15 23 25 -25 26 -9 29 -29 -26
right_child=11 16 3 4 5 13 -8 22 9 14 -12 -13 17 18 -16 19 -18 -19 -20 -21 -22 -23 -24 24 27 -27 -28 28 -30 -31
leaf_value=-0.065033582442393698 0.059243866665975455 -0.053508403084538574 0.058392681817864139 -0.045978385576394491 -0.026497405918034983 0.061543304867616666 0.0075466880965164981 0.03046736544452134 -0.059849094184096334 0.076110969543342205 -0.017476933090763567 -0.064270314199205605 0.034306057592342155 0.034251188392803278 -0.0047179845115681417 -0.013310307850140007 -0.00039859713109175626 -0.057989992610412988 0.040913182826431624 0.074064222908421684 0.073565245930717824 -0.028832110192491791 -0.0090128876985042013 -0.10050749705069167 0.0070785212337456773 0.09389642386893654 -0.014443499439610206 -0.088515995574443354 -0.0018869819963123439 0.08000544374126646
leaf_weight=46.662769585847855 121.77160257101059 156.8539232313633 71.755038872361183 70.822292342782021 51.050908297300339 36.38691334426403 17.443209677934647 35.413156092166901 8.9710094332695025 9.5171493738889712 8.2767080366611463 2.7177187800407401 34.430109262466431 10.237403616309168 11.607001677155493 6.5087618082761747 11.358018964529036 3.8301149308681479 42.043794304132462 6.2247466295957565 4.1946670562028876 19.621879190206528 192.69616830348969 5.0149114429950705 17.572163045406345 7.3893112689256659 21.247650653123856 5.2046829462051418 22.86355185508728 5.7865185290575019
leaf_count=166 902 565 523 249 193 246 77 164 32 60 31 10 188 56 45 26 53 13 234 34 27 70 749 13 75 41 82 14 91 34
internal_value=2.87105e-06 -0.0074778 0.00176124 0.006017 0.000347942 0.0188027 -0.0452845 -0.00921264 -0.0309521 0.00440905 0.0505464 0.0565474 -0.000188802 0.0360316 0.0316982 -0.0153379 -0.0499223 0.0250666 0.0238329 0.0294025 0.0027452 -0.00720369 -0.00220763 0.00867565 -0.00745084 0.0228865 0.0136259 0.00162361 -0.0179506 0.0251443
internal_weight=1065.47 940.985 772.773 708.667 628.635 214.529 64.106 414.106 100.917 30.0952 80.0317 124.489 102.045 112.485 21.1242 63.7844 168.212 38.2602 76.0977 12.7335 34.0539 29.8593 313.188 120.492 56.4418 64.0501 56.6608 51.4269 28.0682 23.3587
internal_count=5063 4151 3533 3290 2736 1087 243 1649 386 137 554 912 454 633 105 253 618 201 387 60 153 126 1263 514 227 287 246 214 105 109
is_linear=0
shrinkage=0.05


Tree=17
num_leaves=31
num_cat=0
split_feature=2 1 7 2 6 4 4 4 1 5 0 2 0 2 0 5 7 5 1 4 4 4 4 4 4 2 4 4 4 3
split_gain=167.989 128.63 56.5049 70.3324 47.3501 34.1625 65.3671 49.1797 32.5876 31.9501 26.3629 23.7069 17.4165 16.9502 14.4354 11.9787 11.8175 11.6006 10.5317 9.29212 53.024 37.3498 17.9888 26.5869 21.9744 10.9173 11.5664 52.838 42.5296 10.2683
threshold=-0.15282190267858006 0.97532326449953566 -0.77904261590794655 -0.46139035719728066 -0.39231552863354918 -0.24578499939545764 -0.15374285239996058 -0.33782723843310175 1.6995613547709489 0.35074444038093983 -0.95748388192256695 -0.43380396045593289 -0.27567258358095698 -0.4358445192622965 0.97646373688526711 1.067746771576741 1.9298660442956905 1.1709899726458219 -1.3361055081240953 0.85872076455050717 0.76667852551286308 0.95076291154600423 1.2268893525324958 1.3189314995279926 1.1348471134948515 -0.21490634580112489 0.30646788257752478 0.21442564353988061 0.39851002957302184 1.389099459761445
decision_type=2 2 2 2 2 2 2 2 2 2 2 2 2 2 2 2 2 2 2 2 2 2 2 2 2 2 2 2 2 2
left_child=1 2 11 14 12 7 -7 9 -2 18 -8 -1 -5 -11 -4 -15 -17 -3 -6 20 25 -21 24 -24 -23 26 27 29 -28 -12
right_child=8 17 3 4 5 6 10 -9 -10 13 19 -13 -14 15 -16 16 -18 -19 -20 21 -22 22 23 -25 -26 -27 28 -29 -30 -31
leaf_value=-0.06393973020170475 0.055085446941897667 -0.052837203450836402 0.052537508990102205 -0.065708021691031016 0.045718011480317275 -0.082960239300666622 -0.06427646822820321 0.082663345666352223 -0.064274424548305162 -0.040028973854379639 -0.0023004980742694549 0.0064817637727217839 -0.0060453080507665014 0.016595090835562664 -0.026078804208374946 0.069211086771380645 -0.021483466352886841 -0.00037866401235480063 -0.013123723033309349 -0.085810270245627512 0.085317992482193961 0.00036430410292085736 -0.090539444358365695 0.0047989348259114941 0.0925088502319696 0.041393853909042572 -0.091198752720480003 0.092190029203135557 0.00035139683758936605 -0.07058785599648594
leaf_weight=45.126993730664253 138.14616146683693 146.08861576020718 80.538182482123375 36.335501164197922 8.2808682173490507 25.805187433958054 15.288376107811926 26.737158626317978 5.9653358459472647 6.8072018623352042 77.02398855984211 16.2561344653368 18.439355283975601 26.219986274838448 6.295489862561225 35.824309200048447 3.9919570386409751 11.358073920011519 93.092531859874725 13.96402385830879 20.334326475858688 17.110449105501175 9.468005418777464 32.122083693742752 10.404652506113054 15.126502990722654 15.501963704824446 15.94926595687866 69.82704570889473 5.9287492036819449
leaf_count=166 1027 539 572 123 43 71 49 165 22 24 320 71 76 122 23 243 20 53 368 38 118 70 25 136 59 79 41 90 291 19
internal_value=4.80093e-06 -0.00797726 0.000671072 0.00478116 -0.00130962 0.00314565 -0.00642593 0.0195237 0.0501447 0.00983361 -0.000216263 -0.04529 -0.0456232 0.0350933 0.0468378 0.0428371 0.0601181 -0.0490529 -0.00831713 0.00301855 0.00840485 -0.0112265 0.00384457 -0.0169049 0.0352082 0.000559766 -0.00279296 0.00884383 -0.0162808 -0.00718109
internal_weight=1049.36 905.247 747.8 686.417 599.583 544.809 343.855 200.954 144.111 174.217 318.049 61.3831 54.7749 72.8435 86.8337 66.0363 39.8163 157.447 101.373 302.761 219.692 83.0692 69.1052 41.5901 27.5151 199.358 184.231 98.902 85.329 82.9527
internal_count=5063 4014 3422 3185 2590 2391 1406 985 1049 820 1335 237 199 409 595 385 263 592 411 1286 958 328 290 161 129 840 761 429 332 339
is_linear=0
shrinkage=0.05


Tree=18
num_leaves=31
num_cat=0
split_feature=2 1 5 2 6 4 4 4 0 5 7 2 0 6 1 2 3 7 2 5 2 7 7 0 3 0 4 4 4 4
split_gain=157.007 127.578 53.2567 54.121 45.6343 32.8552 67.3517 45.8441 28.5564 26.5646 24.0428 23.9648 16.412 14.9448 14.1453 13.2283 12.6179 13.54 14.0235 10.8886 10.3863 12.9638 9.90095 9.55078 11.5322 10.8506 9.16155 26.0989 12.9149 12.2227
threshold=-0.11214803188208297 0.97532326449953566 -0.97481373065111521 -0.46139035719728066 -0.39231552863354918 -0.24578499939545764 -0.15374285239996058 -0.33782723843310175 -0.95748388192256695 0.8360412980496148 -0.43425649031656161 -0.4358445192622965 -0.17768995368907711 -0.39547483062184702 1.6995613547709489 -0.17231209418310087 0.40183159713622169 1.0518922814587583 -0.39043945449167144 1.1709899726458219 -0.16814949846880164 0.069754065279184818 1.9298660442956905 0.20969313362491748 0.75434014544531569 0.97646373688526711 0.85872076455050717 0.76667852551286308 0.95076291154600423 1.2268893525324958
decision_type=2 2 2 2 2 2 2 2 2 2 2 2 2 2 2 2 2 2 2 2 2 2 2 2 2 2 2 2 2 2
left_child=1 2 13 10 12 7 -7 9 -8 15 -4 -11 -5 -1 -2 -6 17 18 -10 -3 21 23 -13 24 -18 -25 27 -20 -28 -30
right_child=14 19 3 4 5 6 8 -9 16 11 -12 22 -14 -15 -16 -17 20 -19 26 -21 -22 -23 -24 25 -26 -27 28 -29 29 -31
leaf_value=-0.062273651914925725 0.057134010954072362 -0.051152859711357412 -0.036551618368511674 -0.061762970682441992 -0.0057062856473058532 -0.081989543195642001 -0.064260106223323982 0.079504989888861038 0.028567135725971263 -0.050701293543474801 0.050666267733288264 0.062072542229618527 0.00051954018943359064 0.013929645205263588 -0.062548946749456311 0.058153821324878174 0.077215342053886873 -0.045794952695004276 -0.0052122758102469795 -0.00035972994987794684 0.063224916684570961 0.034440405360390905 -0.020263966471982153 -0.055339678334254877 -0.010014511290340635 0.0010130734460063997 -0.077325949101476776 0.083666830439135864 0.026064074687695494 -0.033710993031122037
leaf_weight=39.447253301739693 114.45022851228714 148.51018871366978 8.7851521670818311 38.286672249436378 120.2718103826046 26.399594575166702 15.98348808288574 27.897214360535145 36.784223988652229 6.1733914017677298 78.563250809907913 39.810509875416756 14.614603787660597 7.6879456639289847 2.5232431292533866 8.6956522315740568 7.2493181675672513 16.96438056230545 100.98923094570637 11.358126193284987 11.359132543206213 40.480522513389587 4.0198447555303565 11.797061681747435 7.937823548913002 30.958796769380569 9.2549341619014722 8.9953967332839948 13.725611940026281 22.688265144824982
leaf_count=153 902 565 40 134 492 74 52 178 172 21 562 269 62 34 10 56 44 56 400 53 77 216 20 37 36 130 26 53 61 78
internal_value=4.08205e-06 -0.00696411 0.00161923 0.00504212 -0.000138593 0.00399516 -0.00509735 0.0198872 0.000959079 0.0105942 0.0418942 0.0415305 -0.0445567 -0.0498446 0.0545523 -0.00140051 0.00422499 -0.00297311 0.000801856 -0.0475442 0.0179548 0.0127302 0.0545212 -0.00243717 0.0316231 -0.0145356 -0.00575967 0.00205695 -0.0245845 -0.0111798
internal_weight=1032.66 915.689 755.821 708.686 621.337 568.436 361.568 206.868 335.168 178.971 87.3484 50.0037 52.9013 47.1352 116.973 128.967 319.185 209.402 192.438 159.868 109.783 98.4235 43.8304 57.943 15.1871 42.7559 155.653 109.985 45.6688 36.4139
internal_count=5063 4151 3533 3346 2744 2548 1512 1036 1438 858 602 310 196 187 912 548 1386 846 790 618 540 463 289 247 80 167 618 453 165 139
is_linear=0
shrinkage=0.05


Tree=19
num_leaves=31
num_cat=0
split_feature=2 1 5 2 3 7 0 2 2 3 1 6 1 7 0 3 0 5 3 3 0 5 0 3 2 3 5 0 0 5
split_gain=146.361 118.461 49.5497 50.2875 36.58 22.2627 22.077 21.6112 21.4666 16.8733 21.0036 14.2584 13.2193 13.0311 10.4744 13.9343 11.6262 10.4101 18.5306 9.08938 15.8648 14.5253 8.5187 12.5878 11.5282 14.4316 15.7934 13.4139 11.7619 11.0986
threshold=-0.11214803188208297 0.97532326449953566 -0.97481373065111521 -0.46382645497508307 0.37211296495835683 -0.43425649031656161 -0.60179964423319177 -0.31211158294526803 -0.21812508244155474 -0.84177820408703419 0.06472089210630276 -0.39547483062184702 1.6995613547709489 1.0981244870317737 1.6724426746176546 0.60361343170493675 -0.070097782078057433 1.1183285548757507 -1.2294918527492065 0.97837290288751211 1.4906834686067219 0.11546757301991879 1.2102221417103725 0.33172614179636356 -0.25850395920746977 -0.41123926640203518 0.73300199645192177 0.045484203462505902 -0.29520936434105816 0.33513246745313591
decision_type=2 2 2 2 2 2 2 2 2 2 2 2 2 2 2 2 2 2 2 2 2 2 2 2 2 2 2 2 2 2
left_child=1 2 11 5 6 -4 9 -6 13 -5 -11 -1 -2 14 16 -16 -9 -3 -19 20 -10 -21 24 -24 25 26 -8 -27 -26 -29
right_child=12 17 3 4 7 -7 22 8 19 10 -12 -13 -14 -15 15 -17 -18 18 -20 21 -22 -23 23 -25 28 27 -28 29 -30 -31
leaf_value=-0.061444657373449119 0.05612780563122173 -0.050150748419163477 -0.03333657345578421 -0.054437386913789056 0.043475156869872356 0.052606019715424092 0.016601364868330491 0.025895225822767751 0.028502292699274762 0.033396853514464697 -0.050371675484363422 0.01324624114397077 -0.061788067806101313 0.045143750721553792 -0.034626038509729416 0.069207567035255282 -0.027469184183798474 0.054126376195396557 -0.069101567187989391 0.062337030868192811 -0.075913733195000888 -0.026050020399593657 0.016059449811893941 -0.046388294512163745 0.082256906638302943 -0.0083467466095255693 -0.036951276418116713 -0.054222606763162318 0.0052526031461544789 -0.0066070328127494334
leaf_weight=38.016753830015659 110.77050536870956 143.54230536520481 8.4731821566820127 41.661227658390999 56.130693979561329 68.077028207480907 61.246706753969193 12.051495186984537 17.933495000004772 16.195391431450847 13.909918665885924 7.6805464923381797 2.4289871752262107 11.050225332379339 5.3301158696413031 8.2048424184322339 66.666165992617607 6.6731752753257751 5.6201312541961652 28.990335769951344 4.5635329484939566 5.5358551293611518 81.284482330083847 8.9590973854064924 6.0546661913394919 74.950938254594803 17.759525984525681 41.627788618206978 27.400603532791138 17.333988845348358
leaf_count=153 902 561 39 154 353 522 275 65 103 88 50 34 10 64 20 48 251 39 18 191 14 22 357 30 33 292 62 131 115 67
internal_value=4.02753e-06 -0.00671499 0.00155643 0.0048432 0.000157131 0.0430932 -0.00865047 0.0167743 0.00742617 -0.033828 -0.00530773 -0.048891 0.0535976 -0.00616696 -0.0123131 0.0283175 -0.0192992 -0.0463689 -0.00220975 0.0320514 0.00732145 0.0481652 -0.00328265 0.00985984 -0.00809657 -0.0123838 0.00456346 -0.0223824 0.0191887 -0.0402243
internal_weight=1016.12 902.924 747.089 701.391 624.841 76.5502 408.384 216.457 160.326 71.7665 30.1053 45.6973 113.199 103.303 92.2526 13.535 78.7177 155.836 12.2933 57.0232 22.497 34.5262 336.618 90.2436 246.374 212.919 79.0062 133.913 33.4553 58.9618
internal_count=5063 4151 3533 3346 2785 561 1654 1131 778 292 138 187 912 448 384 68 316 618 57 330 117 213 1362 387 975 827 337 490 148 198
is_linear=0
shrinkage=0.05


Tree=20
num_leaves=31
num_cat=0
split_feature=2 1 7 2 3 4 4 2 0 0 0 4 7 1 6 2 1 3 4 3 2 1 5 3 1 7 3 2 4 3
split_gain=136.492 110.261 46.2974 54.3113 32.5463 28.2578 41.5698 22.1386 21.1857 16.0927 12.9086 12.8066 17.8435 12.3606 11.074 12.2506 10.6017 10.3687 10.7289 10.4075 10.1786 9.87973 9.70471 17.1881 8.74645 8.25396 9.39309 8.19419 8.13255 8.14521
threshold=-0.11214803188208297 0.97532326449953566 -0.77904261590794655 -0.46382645497508307 0.13192560931808389 -0.24578499939545764 -0.15374285239996058 -0.43380396045593289 -0.42513718670068118 0.12335412001622294 -0.95748388192256695 -0.33782723843310175 0.81527880674477571 1.6995613547709489 -0.38933618469065034 -0.40505955882628647 0.23344636145116224 -1.0676396928124032 -0.52191153242409583 -0.90243466327238975 -0.45634681619537071 -1.3733166400609285 1.1183285548757507 -1.2294918527492065 -1.0473081786632019 -0.11066350634622192 1.3607523798560386 -0.46139035719728066 0.21442564353988061 -0.05217745825188428
decision_type=2 2 2 2 2 2 2 2 2 2 2 2 2 2 2 2 2 2 2 2 2 2 2 2 2 2 2 2 2 2
left_child=1 2 7 9 8 11 -7 -1 14 -4 -8 12 24 -2 27 16 -16 18 20 -19 -10 -12 -3 -24 -6 -26 -27 -5 -9 -30
right_child=13 22 3 4 5 6 10 28 17 -11 21 -13 -14 -15 15 -17 -18 19 -20 -21 -22 -23 23 -25 25 26 -28 -29 29 -31
leaf_value=-0.061467816345479535 0.055166300290218108 -0.04902347768123505 0.05452877680918225 0.0010862242098512668 0.053781898847096721 -0.079524106136322228 -0.055713908076226275 -0.044075051104157714 -0.049548575475751616 -0.01974827721217429 0.05667963222161955 0.070574195427097655 0.048308152391006998 -0.061081747845606764 0.036455995380195609 -0.042044843982521604 -0.041876348105212451 -0.06399589898730651 0.046185118638528082 -0.0056555742080554583 0.031244356819211866 0.0063177437829907371 0.052373751772581682 -0.067832152837652995 0.025650001519016197 -0.031792186173676032 0.02931626510487087 -0.062079616693742373 0.063776837179499488 -0.021080697267370916
leaf_weight=40.774249538779259 107.15801736712456 139.60159741342068 64.168412111699581 6.066987380385398 8.2988827228546125 15.261766314506529 7.9684880226850501 5.5019737780094173 7.8551590740680695 8.2271589338779432 10.374503299593924 17.143568120896816 43.359624117612839 2.3365618288516989 14.056221887469293 21.074633032083511 6.2357404530048361 7.9990174025297156 19.499329477548599 172.46312774717808 7.7391697317361814 158.78971947729588 6.5546956062316895 5.4435195028781873 18.079850122332573 24.841174572706223 8.4199833497405034 33.39784836769104 7.0171828866004953 4.7367727458476994
leaf_count=166 902 561 523 25 48 45 27 19 25 31 62 121 290 10 72 74 23 24 104 684 36 724 39 18 88 91 48 125 38 20
internal_value=4.1511e-06 -0.00647021 0.00149465 0.00514618 0.000278593 0.0115355 -0.000345219 -0.0413772 -0.0115917 0.0460878 0.00647684 0.0305609 0.023901 0.0526856 -0.0334215 -0.0153451 0.0123844 -0.00340566 0.0214618 -0.00824152 -0.00945257 0.00940634 -0.0453147 -0.00216296 0.00615637 -0.00154194 -0.0163227 -0.052369 0.00609527 0.0295798
internal_weight=1000.44 890.95 739.351 681.32 608.925 312.538 192.394 58.0302 296.387 72.3956 177.133 120.143 103 109.495 80.8314 41.3666 20.292 215.556 35.0937 180.462 15.5943 169.164 151.6 11.9982 59.6399 51.341 33.2612 39.4648 17.2559 11.754
internal_count=5063 4151 3533 3290 2736 1544 858 243 1192 554 813 686 565 912 319 169 95 873 165 708 61 786 618 57 275 227 139 150 77 58
is_linear=0
shrinkage=0.05


Tree=21
num_leaves=31
num_cat=0
split_feature=2 1 5 3 6 4 4 4 0 5 5 2 2 6 0 1 5 7 3 7 2 0 0 2 7 5 3 3 4 4
split_gain=127.351 102.644 43.2049 44.0394 34.93 27.4882 58.7919 41.7054 24.3865 23.1579 20.4762 14.4504 12.8916 12.8598 11.8104 11.5632 10.1709 10.7903 10.1096 12.375 11.7348 10.1078 14.5791 9.43231 11.198 9.04256 15.9595 8.56772 8.41312 23.8566
threshold=-0.11214803188208297 0.97532326449953566 -0.97481373065111521 -1.2294918527492065 -0.39231552863354918 -0.24578499939545764 -0.15374285239996058 -0.33782723843310175 -0.95748388192256695 0.35074444038093983 -0.082554548656509893 -0.23142983651022844 -0.4358445192622965 -0.39547483062184702 -0.42513718670068118 1.6995613547709489 1.067746771576741 1.9298660442956905 0.40183159713622169 1.0518922814587583 -0.39043945449167144 -0.68256253185379967 0.1824203381326519 -0.16814949846880164 0.069754065279184818 1.1183285548757507 -1.2294918527492065 1.4790172959123693 0.85872076455050717 0.76667852551286308
decision_type=2 2 2 2 2 2 2 2 2 2 2 2 2 2 2 2 2 2 2 2 2 2 2 2 2 2 2 2 2 2
left_child=1 2 13 10 14 7 -7 9 -8 11 21 -6 -11 -1 -5 -2 -14 -18 19 20 -10 -4 -23 24 -20 -3 -27 -26 29 -22
right_child=15 25 3 4 5 6 8 -9 18 12 -12 -13 16 -15 -16 -17 17 -19 23 -21 28 22 -24 -25 27 26 -28 -29 -30 -31
leaf_value=-0.059997154730237583 0.054244359197707898 -0.047929681474990944 -0.068970080158885047 -0.05982368761965641 -0.015836843204124647 -0.078304486886489208 -0.061260251709014002 0.07676935121989574 0.026551269194905726 -0.035365056605866134 0.056607865763382573 0.026976021023068109 0.014899367148835541 0.011697874853828442 -0.010796302226343979 -0.060425114784945867 0.065312175389283009 -0.022151687977130147 -0.0029123794333533919 -0.043856944097761384 -0.0045069479784594487 0.039546458152701872 -0.054630845496109463 0.06064517341913598 0.044210386830057055 0.050708345950122649 -0.066667921034007746 -0.011445934211931267 -0.02324009427667121 0.081274570674700466
leaf_weight=35.250290878117085 103.62033933401108 135.74663063883781 4.1289598792791393 30.093774661421776 79.863976284861565 25.32152059674263 15.128707215189932 26.439653769135475 36.147685289382935 6.444963574409484 54.550666309893131 26.167009219527245 25.850873500108719 7.6036958992481223 20.755686685442924 2.246144860982894 32.650744304060936 3.9532389342784873 57.202865809202194 16.801697373390198 100.62270200252533 16.621084190905098 5.4591050893068305 10.731011234223841 30.69188517332077 6.4345521479845047 5.2661485522985441 8.9256593883037549 45.196204423904419 8.8152207583188993
leaf_count=153 902 561 17 117 307 74 52 178 170 24 443 142 122 34 84 10 243 20 247 56 400 121 18 77 177 39 18 39 165 53
internal_value=3.81018e-06 -0.00623683 0.00143522 0.00446685 -0.000142438 0.00347933 -0.00487975 0.01824 0.000749766 0.00939368 0.0391567 -0.00527121 0.0319617 -0.0472761 -0.0398117 0.0518114 0.0389094 0.0558661 0.00372669 -0.00271947 0.000903414 0.00283469 0.0162621 0.0161683 0.0112388 -0.0442944 -0.00211933 0.0316713 -0.0050921 0.00240275
internal_weight=984.733 878.866 731.419 688.565 607.805 556.956 355.585 201.37 330.264 174.931 80.7598 106.031 68.8998 42.854 50.8495 105.866 62.4549 36.604 315.135 207.584 190.782 26.2091 22.0802 107.551 96.8204 147.447 11.7007 39.6175 154.634 109.438
internal_count=5063 4151 3533 3346 2747 2546 1510 1036 1436 858 599 449 409 187 201 912 385 263 1384 844 788 156 139 540 463 618 57 216 618 453
is_linear=0
shrinkage=0.05


Tree=22
num_leaves=31
num_cat=0
split_feature=2 1 5 2 3 6 7 5 7 0 1 5 2 3 7 3 6 0 0 1 0 6 3 1 5 2 0 5 5 3
split_gain=119.411 105.554 41.0985 35.067 37.9527 27.6114 25.0622 23.5933 31.321 18.0601 17.5788 18.5364 18.1693 14.4483 13.3931 16.4083 10.4809 10.2295 9.65281 13.7294 10.1265 9.31773 9.30283 27.4532 17.5866 12.9321 11.0812 9.11004 7.85384 7.74969
threshold=-0.02267143345338191 0.97532326449953566 -1.0750467869467186 -0.46139035719728066 0.97837290288751211 -0.39433179566134463 -0.43425649031656161 -0.015559208253519061 0.86162460496047677 1.3504548344195155 0.19962641271934417 0.18831013365909852 -0.27163080733093664 0.42743532865164818 0.28183152917309046 -0.19787482186649813 -0.39547483062184702 -0.21640051345653846 1.1125579642141628 -0.56286737773942452 1.7171019893175135 -0.33627498660096938 -1.1222561098107391 1.9668001027168092 1.1183285548757507 -0.42820906759540006 -0.39387514729750878 0.65903693769190641 0.087454868667301192 0.22854921515606239
decision_type=2 2 2 2 2 2 2 2 2 2 2 2 2 2 2 2 2 2 2 2 2 2 2 2 2 2 2 2 2 2
left_child=1 2 16 6 5 27 -4 -6 9 28 11 14 -12 18 15 -7 -1 -17 19 -13 -20 -21 23 24 25 -3 -27 -5 -9 -19
right_child=-2 22 3 4 7 10 -8 8 -10 -11 12 13 -14 -15 -16 17 -18 29 20 21 -22 -23 -24 -25 -26 26 -28 -29 -30 -31
leaf_value=-0.060148124023687723 0.057415928900008933 -0.061456354082740527 -0.03595046441595081 -0.0094157000238310369 0.061084454897742946 0.025105865657960014 0.046497548626435521 0.020413938840359819 0.055591288027273006 0.040880353500102884 -0.039031836500641535 -0.033591955719861809 0.032977415512868473 0.050950213251884528 -0.026046507996553864 0.019012549170650865 0.013035247964080055 -0.029410293748950447 0.043206881560571564 0.029344896650954706 -0.0032435912390090305 -0.020222827371793053 -0.058354254374327813 0.068176117650859056 0.02868070293949658 -0.037641432887884942 0.054777274241984641 -0.061974269258117977 -0.03602005531476609 -0.0035143899819098188
leaf_weight=31.554496482014656 82.825088135898113 52.10480622947216 10.589207939803599 11.950736865401266 34.813352979719639 50.683609887957573 71.138106174767017 7.5157111659646025 27.521062657237053 13.369188100099562 50.675484538078308 23.84516216814518 10.590663671493528 25.243765965104103 62.101776793599129 28.521570451557636 5.7899893075227729 49.623356483876705 31.452191233634949 29.801162712275982 18.714806213974953 13.904550991952418 64.658476255834103 6.1999928951263419 8.0246331542730314 10.462476074695585 4.7007281631231299 26.586123839020729 34.306834056973457 69.151187032461166
leaf_count=143 749 211 49 53 272 238 562 37 202 73 187 90 51 158 237 139 26 177 155 156 78 56 267 37 45 46 27 101 134 307
internal_value=4.7635e-06 -0.0053646 0.00230969 0.00502829 0.000972476 -0.00500634 0.035815 0.0265534 0.0120194 -0.00970746 -0.00163089 0.00216222 -0.0265841 0.016625 -0.0057877 0.000567038 -0.0488016 -0.00787661 0.00926423 -0.00307447 0.0258785 0.0135754 -0.0441923 -0.0329558 -0.0412836 -0.0496298 -0.00899081 -0.0456752 -0.0258786 -0.0143336
internal_weight=968.42 885.595 739.444 702.1 620.372 502.846 81.7273 117.526 82.7128 55.1917 464.309 403.043 61.2661 142.962 260.082 197.98 37.3445 147.296 117.718 67.5509 50.167 43.7057 146.151 81.4926 75.2926 67.268 15.1632 38.5369 41.8225 118.775
internal_count=5063 4314 3681 3512 2901 2183 611 718 446 244 2029 1791 238 693 1098 861 169 623 535 302 233 212 633 366 329 284 73 154 171 484
is_linear=0
shrinkage=0.05


Tree=23
num_leaves=31
num_cat=0
split_feature=2 1 5 2 3 6 7 5 7 0 1 5 2 3 7 3 0 4 6 3 1 2 5 5 0 1 0 6 5 5
split_gain=111.741 98.2046 38.3312 32.364 34.8603 25.5993 23.1274 22.3507 29.0792 16.4754 16.0009 16.8089 16.7508 13.4004 12.1185 14.8672 11.6031 10.8825 10.0576 8.94096 24.9606 16.5815 19.2151 8.78987 8.73431 12.4254 9.19347 8.4241 7.62184 7.61753
threshold=-0.02267143345338191 0.97532326449953566 -1.0750467869467186 -0.46139035719728066 0.97837290288751211 -0.39433179566134463 -0.43425649031656161 -0.015559208253519061 0.86162460496047677 1.6724426746176546 0.19962641271934417 0.18831013365909852 -0.28060790940264996 0.42743532865164818 0.28183152917309046 -0.36414668879330431 -0.011552942454124868 0.85872076455050717 -0.39547483062184702 -1.1222561098107391 1.9668001027168092 -0.35213340743102145 1.1183285548757507 0.65903693769190641 1.1125579642141628 -0.56286737773942452 1.7171019893175135 -0.33627498660096938 0.087454868667301192 -0.24796046245105077
decision_type=2 2 2 2 2 2 2 2 2 2 2 2 2 2 2 2 2 2 2 2 2 2 2 2 2 2 2 2 2 2
left_child=1 2 18 6 5 23 -4 -6 9 28 11 14 -12 24 15 -7 17 -17 -1 20 21 22 -3 29 25 -13 -26 -27 -9 -5
right_child=-2 19 3 4 7 10 -8 8 -10 -11 12 13 -14 -15 -16 16 -18 -19 -20 -21 -22 -23 -24 -25 26 27 -28 -29 -30 -31
leaf_value=-0.059555732961420006 0.056612474447115417 -0.055028266955814011 -0.03429052180221847 -0.048974796016410888 0.059937547321347956 0.028222553508742001 0.045157435686206115 0.025212285058141617 0.054262080827616646 0.074954738811200003 -0.039588191367880388 -0.032009386634925106 0.023323831621376506 0.049258256211529107 -0.024802825397349057 0.020849055388911311 -0.016775785011246103 -0.035515409464965404 0.012398282751002401 -0.057327708236558077 0.062339874624496895 0.067767849302749761 0.027375247688813859 -0.060858434185288829 0.041207316463579474 0.027928091243821743 -0.0030809066193574638 -0.019235177372038538 -0.027000086648420421 0.030900134110928641
leaf_weight=30.306537643074989 79.875451117753983 61.861758425831795 10.547798506915568 5.9573206901550293 33.733030647039413 38.944975048303604 69.625701583921909 8.4140822440385801 26.803793430328369 5.2524513974785796 47.133306659758091 23.774685174226761 13.643240556120871 24.816298320889473 61.958630703389645 49.562189601361752 98.844513453543186 10.352415621280668 5.7832557559013358 62.57845450937748 6.4349914640188208 3.3812587708234778 7.9878974854946128 25.741387352347374 31.332498997449875 29.748684458434582 18.717794731259346 13.887995444238184 41.286341473460197 5.9824231266975385
leaf_count=143 749 264 49 23 272 188 562 43 202 33 174 90 64 158 237 249 387 37 26 267 37 20 45 101 155 156 78 56 168 30
internal_value=3.23268e-06 -0.00516798 0.00221784 0.00482288 0.000932948 -0.00478182 0.0347051 0.0256941 0.0115652 -0.00926067 -0.00155458 0.00206095 -0.0254656 0.0158741 -0.00550777 0.000539123 -0.00625186 0.0111101 -0.0480254 -0.0431838 -0.0320737 -0.04037 -0.0456047 -0.0444117 0.00882103 -0.00292721 0.0246444 0.0129177 -0.0181607 -0.00895337
internal_weight=954.271 874.396 732.151 696.062 615.888 500.398 80.1735 115.49 81.7567 54.9529 462.717 401.941 60.7765 142.278 259.663 197.704 158.759 59.9146 36.0898 142.244 79.6659 73.2309 69.8497 37.6811 117.462 67.4114 50.0503 43.6367 49.7004 11.9397
internal_count=5063 4314 3681 3512 2901 2183 611 718 446 244 2029 1791 238 693 1098 861 673 286 169 633 366 329 309 154 535 302 233 212 211 53
is_linear=0
shrinkage=0.05


Tree=24
num_leaves=31
num_cat=0
split_feature=2 1 5 3 3 5 7 1 6 0 2 2 5 0 5 3 1 0 3 0 4 1 1 3 5 3 1 5 2 6
split_gain=104.606 91.3821 35.8408 41.5821 31.6674 21.3962 25.8813 20.6973 20.4304 19.7095 14.7709 14.2454 17.0801 11.7535 11.7315 11.3138 10.0344 13.4008 9.90244 9.62747 9.592 9.09052 8.6109 14.1476 9.15958 8.59517 22.7672 15.4121 17.8776 8.09251
threshold=-0.02267143345338191 0.97532326449953566 -0.73692120443548736 -1.2294918527492065 0.97837290288751211 -0.066279727275328673 0.86162460496047677 0.06472089210630276 -0.36068926445522925 1.3504548344195155 -0.28060790940264996 -0.45742541260561659 0.18831013365909852 0.33526351918818315 0.90004681355772054 0.45242949323289472 -1.4718732957946667 -0.60179964423319177 0.32684927103596262 0.97646373688526711 0.58259423152186895 -0.22536324344435524 -0.41223940504135409 -1.0478272815207041 -0.38634794457304028 -1.1222561098107391 1.9668001027168092 1.1183285548757507 -0.35213340743102145 -0.31283735861622719
decision_type=2 2 2 2 2 2 2 2 2 2 2 2 2 2 2 2 2 2 2 2 2 2 2 2 2 2 2 2 2 2
left_child=1 2 8 14 7 -6 9 11 -1 29 -9 -5 13 18 16 -14 -4 -18 22 -15 -21 -20 23 -13 -24 26 27 28 -3 -7
right_child=-2 25 3 4 5 6 -8 10 -10 -11 -12 12 15 19 -16 -17 17 -19 21 20 -22 -23 24 -25 -26 -27 -28 -29 -30 -31
leaf_value=-0.050693608534834358 0.055841898348331975 -0.054179247333415226 -0.051691102355563526 -0.047104294304354678 0.063182039279469013 0.025855843996208373 0.053365378747596809 -0.035468399302153286 0.024216571888720888 0.043502981867008267 0.017562628135324349 0.054662627581609925 0.010270409216681473 -0.041937647992715099 0.061286440993707739 0.049786936920050928 -0.032036421179114538 0.048658243065895945 0.044853965019213564 -0.016695159420892666 0.028075985119918892 -0.031279382577409677 -0.020646301091199894 -0.018878828983805784 0.039575648363559736 -0.056335863100112349 0.057257504543325323 0.026128476998305641 0.061769460601478088 -0.032183948635858425
leaf_weight=45.894811399281025 77.001783080399036 59.743476644158363 4.2160321101546279 15.130955740809439 27.574854701757431 7.1716644018888465 26.761658258736134 74.240986242890358 11.35361524671316 15.057470411062239 15.952090375125406 7.2551127821207038 115.64727551490068 29.714176654815674 36.647584907710552 21.476670011878014 6.6147738024592426 23.154349654912949 22.315809138119224 66.907107286155224 14.568233102560042 4.7565536871552458 9.2456476762890833 66.318901941180229 19.912865847349167 60.547918595373631 6.6500197872519484 7.9515497684478751 3.520318090915679 36.94423420727253
leaf_count=210 749 264 18 62 241 38 207 286 62 87 76 40 537 102 341 141 38 180 137 260 68 23 37 251 94 267 37 45 20 145
internal_value=2.15169e-06 -0.00497877 0.00213014 0.00538602 0.00109359 0.0248599 0.0125631 -0.00448662 -0.0358373 -0.0058901 -0.026089 0.000467964 0.00237164 -0.00564429 0.0416635 0.0164596 0.0205032 0.0307277 0.00457538 -0.0175749 -0.00868984 0.0314775 -0.00251394 -0.0116269 0.0204803 -0.0422062 -0.0312191 -0.0394809 -0.0477273 -0.0227488
internal_weight=940.249 863.247 724.833 667.585 596.952 113.51 85.935 483.442 57.2484 59.1734 90.1931 393.249 378.118 240.994 70.6327 137.124 33.9852 29.7691 129.805 111.19 81.4753 27.0724 102.733 73.574 29.1585 138.413 77.8654 71.2153 63.2638 44.1159
internal_count=5063 4314 3681 3409 2832 718 477 2114 272 270 362 1752 1690 1012 577 678 236 218 582 430 328 160 422 291 131 633 366 329 284 183
is_linear=0
shrinkage=0.05


Tree=25
num_leaves=31
num_cat=0
split_feature=2 1 5 3 6 4 4 4 5 3 0 5 2 0 0 2 3 4 4 4 4 4 4 3 5 2 2 6 6 4
split_gain=97.9539 85.2535 34.718 26.2019 27.2885 20.8841 59.5347 40.8006 19.3544 18.1872 21.1095 15.3323 22.3073 14.8487 12.092 11.1242 10.2559 9.76281 43.1571 32.8207 15.6778 20.8226 20.1474 10.4684 9.67235 9.48136 14.0552 11.3201 9.40209 8.76493
threshold=-0.02267143345338191 0.75961552443556102 -1.0750467869467186 -1.2294918527492065 -0.39433179566134463 -0.24578499939545764 -0.15374285239996058 -0.33782723843310175 -0.71429256722425694 0.28021387243794593 0.045484203462505902 1.1183285548757507 -0.46139035719728066 -0.95748388192256695 0.1824203381326519 -0.16814949846880164 0.85157337917873976 0.85872076455050717 0.76667852551286308 0.95076291154600423 1.2268893525324958 1.3189314995279926 1.1348471134948515 -1.0676396928124032 0.65903693769190641 -0.2949122127224057 -0.17231209418310087 -0.32907372651871886 -0.39547483062184702 0.30646788257752478
decision_type=2 2 2 2 2 2 2 2 2 2 2 2 2 2 2 2 2 2 2 2 2 2 2 2 2 2 2 2 2 2
left_child=1 2 28 8 24 7 -7 9 -4 -6 -11 -3 -13 -8 -10 17 -17 18 23 -19 22 -22 -21 -15 -5 27 -27 -12 -1 -25
right_child=-2 11 3 4 5 6 13 -9 14 10 25 12 -14 15 -16 16 -18 19 -20 20 21 -23 -24 29 -26 26 -28 -29 -30 -31
leaf_value=-0.058558227601077054 0.055100264034822044 -0.043669616461351882 -0.04272587507034864 0.00027750407746263454 -0.0057490740347422879 -0.077986381972293281 -0.056196102366841388 0.075505770044838105 0.051324900671221613 0.060241521095239128 -0.018414739871209999 0.045442090831569165 -0.064201916066510198 0.064267548021641974 -0.016457091004766687 -0.014978933858361305 0.061871646982667609 -0.082420688264368949 0.078859526926957232 -0.0018502535778458875 -0.084895487838387629 0.0014417794038357893 0.086291633298857418 0.0088356268108412787 -0.05829540519182215 -0.020416166234725308 0.063206106375511731 0.07495399357515313 0.011591218761262611 -0.012781567084150673
leaf_weight=28.075470075011253 74.20728250592947 139.20421494543552 7.3124332576990119 9.9085681438446027 97.939172871410847 24.515842109918594 10.327709838747976 26.217231772840023 55.145599558949471 29.220138259232044 5.0488984137773505 12.132330283522608 7.5107411295175543 6.2718912661075583 7.4711848199367514 6.0974383354187038 15.073523774743078 13.921488940715788 19.438466995954514 17.588667273521423 9.0577724277973157 30.496499687433243 10.268145009875299 99.056110195815563 24.415650233626366 30.442608363926407 6.0183640941977528 9.0924066305160505 5.7558276057243338 89.041241139173508
leaf_count=143 749 639 32 45 412 75 38 189 502 245 24 86 28 36 30 35 139 40 120 73 25 131 61 443 100 126 53 58 26 360
internal_value=3.6938e-06 -0.00479472 0.00277613 0.00531068 0.00187772 0.00455279 -0.00283854 0.0172771 0.0342483 0.00868928 0.0264046 -0.0378343 0.00351852 0.00280167 0.0432374 0.00472798 0.0397379 0.00221665 0.00782537 -0.0125276 0.00190646 -0.0183291 0.0306392 0.000721386 -0.0413868 0.00686558 -0.00661321 0.0416184 -0.0466235 -0.00139749
internal_weight=926.273 852.066 693.218 659.387 589.458 555.134 351.155 203.979 69.9292 177.762 79.8224 158.847 19.6431 326.639 62.6168 316.311 21.171 295.14 213.808 81.3326 67.4111 39.5543 27.8568 194.369 34.3242 50.6023 36.461 14.1413 33.8313 188.097
internal_count=5063 4314 3561 3392 2828 2683 1576 1107 564 918 506 753 114 1501 532 1463 174 1289 959 330 290 156 134 839 145 261 179 82 169 803
is_linear=0
shrinkage=0.05


Tree=26
num_leaves=31
num_cat=0
split_feature=2 1 5 2 3 1 0 2 5 7 0 6 5 5 0 2 5 5 5 1 6 3 7 4 4 0 3 5 4 7
split_gain=91.7631 79.6782 35.618 33.2922 27.9396 21.2162 18.0048 17.5985 17.5015 25.7526 16.4388 16.3845 10.9506 10.8911 10.8228 10.3491 11.9385 9.0915 8.86814 30.2328 20.3407 8.68278 8.59272 8.33443 17.9343 7.99031 7.73066 8.85373 6.82468 8.57218
threshold=-0.02267143345338191 1.1992588846131529 -0.97481373065111521 -0.46382645497508307 0.97837290288751211 0.06472089210630276 0.12335412001622294 -0.27766187853951774 -0.093497153620987011 0.26558778126905802 1.3977233068034023 -0.33245463629139843 0.050414532736126907 -0.73692120443548736 0.39403016175515826 -0.45634681619537071 1.1709899726458219 0.21982556466967981 -0.92024995183356018 1.9668001027168092 -0.26618386134292282 0.49815041188695208 -0.6594782457212226 -0.24578499939545764 -0.15374285239996058 -1.166225746299419 0.32684927103596262 -0.05319933094588912 0.85872076455050717 0.48772630780082588
decision_type=2 2 2 2 2 2 2 2 2 2 2 2 2 2 2 2 2 2 2 2 2 2 2 2 2 2 2 2 2 2
left_child=1 2 11 6 5 12 13 25 -6 10 17 -1 14 -4 26 16 -14 -10 19 20 -3 -9 -16 -17 -25 -7 27 28 29 -5
right_child=-2 18 3 4 8 7 -8 21 9 -11 -12 -13 15 -15 22 23 -18 -19 -20 -21 -22 -23 -24 24 -26 -27 -28 -29 -30 -31
leaf_value=-0.054460303252734113 0.054383992391003479 -0.050621528354905056 -0.036987526157536241 0.014376059126605051 0.061372108240496118 -0.062894844107556025 -0.027610311026780139 0.048296596156206045 -0.0070989569927507393 0.039432031596770958 0.048975059518486908 0.05669604878051631 0.04326821511616074 0.052606398358245578 0.040625913963222446 0.028963287761804013 -0.046955259086962797 -0.058405011534314537 -0.057451374748210382 0.076484023698423123 0.077323347376203153 -0.036272551775070681 -0.024868902384642008 -0.074111388714880891 0.01066527995106201 -0.025676951477723378 0.026814570487876367 -0.048023923776209697 -0.027042254508251692 -0.031241627041924555
leaf_weight=36.437507726252079 71.494319640100002 46.981075152754784 3.6105393767356864 65.702642738819122 23.560690946877003 18.190470561385155 9.3010352700948697 10.981453932821749 19.730392538011074 44.810559898614883 8.2274677157402021 3.6469616442918769 4.869092300534251 56.038046635687351 5.3404175117611876 57.828745394945145 14.844770729541777 15.353681474924086 57.186759360134602 6.0107814073562613 3.3263545632362357 4.194379746913909 80.432787925004959 6.6490518897771826 101.00447233021259 69.595671907067299 25.40391693264246 10.265614598989485 17.859484925866127 12.212466374039648
leaf_count=182 749 222 16 295 226 70 36 57 88 312 50 22 27 541 28 322 64 53 265 35 21 19 303 20 461 280 156 34 65 44
internal_value=6.05575e-06 -0.00462439 0.00146558 0.00414249 0.00046052 -0.00454101 0.0370939 -0.0247943 0.0230929 0.0128585 -0.0146348 -0.0443471 0.000641005 0.0471833 -0.0069749 0.00957373 -0.0246711 -0.0295518 -0.043582 -0.0294988 -0.0421617 0.0249229 -0.0207911 0.0136533 0.00542918 -0.033389 0.00204077 -0.00389426 0.000835786 0.00722591
internal_weight=911.092 839.597 726.092 686.008 617.058 505.375 68.9496 102.962 111.683 88.1221 43.3115 40.0845 402.413 59.6486 217.217 185.196 19.7139 35.0841 113.505 56.3182 50.3074 15.1758 85.7732 165.482 107.654 87.7861 131.444 106.04 95.7746 77.9151
internal_count=5063 4314 3771 3567 2974 2245 593 426 729 503 191 204 1819 557 925 894 91 141 543 278 243 76 331 803 481 350 594 438 404 339
is_linear=0
shrinkage=0.05


Tree=27
num_leaves=31
num_cat=0
split_feature=2 1 5 2 3 0 5 5 7 0 2 6 5 1 0 0 0 5 1 6 4 3 6 5 3 2 4 7 7 4
split_gain=85.9863 74.1856 33.2305 27.8667 25.6277 20.14 19.7004 16.811 24.584 16.746 11.6656 17.6736 8.78682 11.4548 11.2038 9.12935 8.55781 8.53768 27.3227 18.6656 7.93056 11.5609 7.84464 7.81621 7.80398 9.69068 6.77578 6.74543 6.52467 6.65343
threshold=-0.02267143345338191 1.1992588846131529 -1.0750467869467186 -0.46382645497508307 0.97837290288751211 -1.166225746299419 -0.082554548656509893 -0.093497153620987011 0.86162460496047677 1.3504548344195155 -0.46139035719728066 -0.39433179566134463 0.1232486851496823 0.088103950994934441 0.39403016175515826 0.88734944934584081 -0.27567258358095698 -0.92024995183356018 1.9668001027168092 -0.26618386134292282 -0.24578499939545764 -0.84177820408703419 -0.39547483062184702 0.087454868667301192 0.21292240435448043 -0.12330659743618767 -1.4423330023790664 -0.72586503161072946 0.72244116262992142 0.85872076455050717
decision_type=2 2 2 2 2 2 2 2 2 2 2 2 2 2 2 2 2 2 2 2 2 2 2 2 2 2 2 2 2 2
left_child=1 2 22 6 5 20 27 -6 9 23 -7 16 14 -14 24 -16 -12 18 19 -3 21 -5 -1 -9 28 -26 -8 -4 29 -13
right_child=-2 17 3 4 7 10 26 8 -10 -11 11 12 13 -15 15 -17 -18 -19 -20 -21 -22 -23 -24 -25 25 -27 -28 -29 -30 -31
leaf_value=-0.057777657960826193 0.053689853087189869 -0.049804179059138587 -0.053520274240758642 -0.057548680098386873 0.060720029654344969 0.072409370711973536 -0.032919803785754036 0.014124739437397373 0.053874914194668833 0.041218899739607413 -0.059993575097198597 0.0061239251748512131 0.014913327621033238 -0.023539142880752206 -0.047099737908304212 -0.010625243713846655 -0.0066348199999200098 -0.056495487752065088 0.069553405657043141 0.07109804506573475 -0.065648323937417194 0.026107713230398368 0.0034243130299124072 -0.031875383961894224 0.028731663979509173 -0.044061070981509666 0.057078225505349349 0.010902397260003929 -0.037043831995205168 -0.024330680698605781
leaf_weight=28.164626985788345 68.864520914852619 45.404640451073647 5.2724796235561397 8.5311967581510562 22.64618506282568 5.2578242868185034 2.19599525630474 12.6681015715003 25.30519737303257 15.059906154870985 18.86580486595631 90.469813503324986 136.84084540605545 22.561000756919384 21.664734780788422 82.422008000314236 12.488634467124937 55.294835522770882 6.2720492631196967 3.4338064193725577 17.052606418728828 8.0049361139535886 6.4313831478357306 34.071706540882587 40.014190591871738 5.1619449928402892 43.901668936014175 17.716309614479542 13.21717946231365 22.368229560554028
leaf_count=154 749 222 22 37 226 29 16 65 210 91 84 391 672 90 73 331 52 265 35 21 66 49 29 137 213 38 434 131 46 85
internal_value=4.73957e-06 -0.00445614 0.00140849 0.00382746 0.000443421 -0.00431646 0.0339358 0.0223417 0.0123639 -0.00463372 -0.0016507 -0.00248618 0.000128688 0.00947094 -0.00528023 -0.0182171 -0.0387405 -0.0426145 -0.0286871 -0.0413036 -0.0417236 -0.0170517 -0.0464002 -0.0194078 0.00258372 0.0204142 0.0527909 -0.00387294 -0.00380642 8.68157e-05
internal_weight=897.624 828.76 718.355 683.759 614.672 504.921 69.0865 109.751 87.1049 61.7997 471.332 466.074 434.72 159.402 275.318 104.087 31.3544 110.405 55.1105 48.8384 33.5887 16.5361 34.596 46.7398 171.231 45.1761 46.0977 22.9888 126.055 112.838
internal_count=5063 4314 3771 3588 2985 2256 603 729 503 293 2104 2075 1939 762 1177 404 136 543 278 243 152 86 183 202 773 251 450 153 522 476
is_linear=0
shrinkage=0.05


Tree=28
num_leaves=31
num_cat=0
split_feature=2 1 5 2 6 4 4 4 0 7 3 0 0 1 2 3 6 0 1 3 1 2 5 0 5 7 5 0 6 2
split_gain=80.5908 69.2985 27.2445 22.9951 24.3948 19.7375 53.1162 36.5443 18.4389 18.0643 16.6973 18.73 13.9269 9.15497 9.11432 9.50627 8.78138 7.92842 8.76359 7.80923 17.9873 14.1887 15.1743 7.33734 7.2892 8.33996 6.83169 11.0875 6.80284 9.24715
threshold=-0.02267143345338191 0.97532326449953566 -1.0750467869467186 -0.46139035719728066 -0.39231552863354918 -0.24578499939545764 -0.15374285239996058 -0.33782723843310175 -0.95748388192256695 -0.43425649031656161 0.28021387243794593 0.39403016175515826 -0.27567258358095698 -1.0473081786632019 -0.16814949846880164 0.85157337917873976 -0.39547483062184702 1.6724426746176546 -0.28741525763629017 -1.1222561098107391 1.9668001027168092 -0.35110413866307549 1.1183285548757507 -0.35078704689246964 0.33513246745313591 -0.018474963046713404 0.90004681355772054 -1.1017690559774416 -0.28912375952809194 -0.4358445192622965
decision_type=2 2 2 2 2 2 2 2 2 2 2 2 2 2 2 2 2 2 2 2 2 2 2 2 2 2 2 2 2 2
left_child=1 2 16 9 12 7 -7 10 -8 -4 24 -12 -5 -13 -10 -16 -1 18 -15 20 21 22 -3 -21 25 -6 27 -11 29 -26
right_child=-2 19 3 4 5 6 8 -9 14 26 11 13 -14 17 15 -17 -18 -19 -20 23 -22 -23 -24 -25 28 -27 -28 -29 -30 -31
leaf_value=-0.057214539116646194 0.053014883954733305 -0.051376082123642745 -0.032248133723433006 -0.057919209796333297 0.0072404276455326974 -0.075904386111117203 -0.056386622623273257 0.072608497584216697 0.0019735686858317037 -0.065250435964150741 0.052795226009398011 0.062926044160246442 -0.00070506528050629999 -0.035591708320980082 -0.014684011069057168 0.060283362652140085 0.011594468246225191 0.040425325437375891 0.021739860003806455 -0.060246676993897158 0.047681576062002455 0.062253771138365346 0.024175942132385816 -0.0049862443020222084 -0.032089722686381626 -0.030621002886617284 0.055769943637043518 0.033847688719371272 -0.045536177230118734 0.037250099431378268
leaf_weight=24.792157739400867 66.318886317312717 52.709581099450588 9.7870471477508527 26.48808316886425 23.502785533666611 23.603171586990356 13.090060740709303 25.146109916269779 294.63615630567074 3.1987237781286266 34.358490914106369 5.6234154626727095 17.77281129360199 20.404645457863808 6.1285147964954403 13.641000352799891 5.7034066319465628 7.5424853190779677 9.8992967978119868 46.520780399441719 7.1026971638202658 3.4608376175165168 7.6047785431146613 6.8975280523300162 6.1573700606822994 38.16123703867197 34.196438513696194 24.001995764672756 4.2908347100019446 21.943708844482899
leaf_count=143 749 265 49 122 102 75 52 190 1300 12 286 38 76 85 35 140 26 49 57 230 37 19 45 37 24 136 351 199 15 119
internal_value=2.96247e-06 -0.00429303 0.00186421 0.00398785 0.000761356 0.00364461 -0.00346304 0.0163101 0.00175793 0.0308385 0.00807385 0.0252055 -0.0349451 0.00339867 0.00417874 0.0370436 -0.0443456 -0.00544621 -0.0168634 -0.038675 -0.0277949 -0.0362007 -0.0418501 -0.0531113 -0.00610207 -0.0161904 0.0408948 0.022194 0.0131029 0.0220567
internal_weight=884.685 818.366 694.07 663.574 592.39 548.129 351.099 197.03 327.496 71.1842 171.884 77.8283 44.2609 43.4698 314.406 19.7695 30.4956 37.8464 30.3039 124.296 70.8779 63.7752 60.3144 53.4183 94.0559 61.664 61.3972 27.2007 32.3919 28.1011
internal_count=5063 4314 3681 3512 2901 2703 1602 1101 1527 611 911 515 198 229 1475 175 169 191 142 633 366 329 310 267 396 238 562 211 158 143
is_linear=0
shrinkage=0.05


Tree=29
num_leaves=31
num_cat=0
split_feature=2 1 5 3 6 4 4 4 5 3 0 5 3 0 5 1 2 2 0 6 2 3 4 4 4 4 4 4 3 2
split_gain=75.5535 64.8606 26.2286 20.3713 20.9365 16.4014 50.1722 36.0964 15.968 14.1426 16.9014 11.8608 18.4161 11.4196 9.10261 8.82263 9.45957 12.6342 9.25626 8.45835 8.24457 9.00767 8.26089 39.5738 29.9382 14.0724 18.8749 18.1715 9.60442 7.70643
threshold=-0.02267143345338191 0.75961552443556102 -1.0750467869467186 -1.2294918527492065 -0.39433179566134463 -0.24578499939545764 -0.15374285239996058 -0.33782723843310175 -0.082554548656509893 0.24699002845435353 0.045484203462505902 1.1183285548757507 -1.1852949352523394 -0.95748388192256695 0.65903693769190641 -1.0473081786632019 -0.30766716403527805 -0.17231209418310087 1.6911911582797596 -0.39547483062184702 -0.16814949846880164 0.85157337917873976 0.85872076455050717 0.76667852551286308 0.95076291154600423 1.2268893525324958 1.3189314995279926 1.1348471134948515 -1.0676396928124032 -0.21490634580112489
decision_type=2 2 2 2 2 2 2 2 2 2 2 2 2 2 2 2 2 2 2 2 2 2 2 2 2 2 2 2 2 2
left_child=1 2 19 8 14 7 -7 9 -4 -6 -11 -3 -13 -8 -5 -12 -17 18 -18 -1 22 -22 23 28 -24 27 -27 -26 -15 -30
right_child=-2 11 3 4 5 6 13 -9 -10 10 15 12 -14 20 -16 16 17 -19 -20 -21 21 -23 24 -25 25 26 -28 -29 29 -31
leaf_value=-0.056813352854260118 0.05235639735484382 -0.040100525682402015 -0.00054884600780532417 0.0024043541233024291 -0.0056450893238599205 -0.074270095282121737 -0.051991301826287653 0.072590211137315203 0.051179341748260165 0.054272849004677826 0.062288770508771435 0.042078244133191077 -0.062013710900886899 0.061807028256774144 -0.055792079771134873 0.039081784229733629 -0.040247537340441827 0.060861816118960681 0.035986191076917154 0.011027928952580418 -0.013872082544892564 0.0595710923962137 -0.079686748060561224 0.076439612810860758 -0.0011970104501298831 -0.081731672654356713 0.0014926671211345716 0.083339912154089674 -0.0042896446220425733 0.036850102451252427
leaf_weight=23.745338648557667 63.857857026159763 125.29659170657396 24.078386887907982 9.690356597304346 94.113843716681004 22.839593410491943 9.356926888227461 24.226236090064049 39.218336172401905 27.97285046428442 6.0645828098058692 11.361432373523714 6.7877643704414359 6.1675590723752967 21.913771882653236 10.612953290343283 23.917772255837917 4.7023231685161617 4.7771086096763602 5.6967616379261008 6.1619678959250477 12.946821041405199 13.466962471604345 18.783982425928116 17.532146126031876 8.7903732955455762 30.282860808074474 9.9726758375763911 174.70467109233141 12.176754266023634
leaf_count=143 749 639 161 45 400 75 38 189 403 252 42 86 28 36 100 63 86 47 28 26 35 139 40 120 73 25 131 61 737 66
internal_value=1.15101e-06 -0.00413987 0.00244755 0.00458837 0.00160587 0.00392266 -0.00267181 0.0154463 0.0315017 0.00740517 0.0231418 -0.0346286 0.00314805 0.00243294 -0.0379481 0.00575138 -0.00203945 -0.0151069 -0.0275562 -0.0436867 0.00407045 0.035888 0.00198741 0.00715815 -0.0116966 0.00205602 -0.0172305 0.0294543 0.000416952 -0.00160908
internal_weight=871.218 807.36 663.914 634.472 571.175 539.571 343.183 196.388 63.2967 172.161 78.0476 143.446 18.1492 320.344 31.6041 50.0747 44.0102 33.3972 28.6949 29.4421 310.987 19.1088 291.878 211.833 80.045 66.5781 39.0732 27.5048 193.049 186.881
internal_count=5063 4314 3561 3392 2828 2683 1576 1107 564 918 518 753 114 1501 145 266 224 161 114 169 1463 174 1289 959 330 290 156 134 839 803
is_linear=0
shrinkage=0.05


Tree=30
num_leaves=31
num_cat=0
split_feature=2 1 5 3 6 5 4 4 4 0 3 5 0 0 1 5 1 6 7 2 2 3 3 7 5 1 5 2 0 1
split_gain=70.8346 60.5283 27.3753 21.9532 22.4345 22.0105 18.839 45.423 31.8409 19.0623 16.3095 12.1182 11.8677 9.85577 11.9237 8.5647 23.7579 20.0772 8.11568 7.96951 7.26151 10.1179 7.68896 7.16294 8.78933 7.10623 6.70141 6.51113 6.17502 10.5535
threshold=-0.02267143345338191 1.1992588846131529 -1.0858275335679293 -1.2294918527492065 -0.39231552863354918 0.90004681355772054 -0.24578499939545764 -0.15374285239996058 -0.33782723843310175 -0.79516225884486869 0.97837290288751211 0.26904241267568801 -0.42513718670068118 -0.60179964423319177 -1.4718732957946667 -0.92024995183356018 1.9668001027168092 -0.2593688831365763 -0.018474963046713404 -0.4358445192622965 -0.2030289896160529 0.87412903217820392 1.4790172959123693 0.73209653725819235 -0.015559208253519061 -1.1178883423134944 -0.73692120443548736 -0.35729582234729645 1.2102221417103725 -0.56286737773942452
decision_type=2 2 2 2 2 2 2 2 2 2 2 2 2 2 2 2 2 2 2 2 2 2 2 2 2 2 2 2 2 2
left_child=1 2 27 5 12 13 8 -8 10 -9 11 18 -5 -4 -15 16 17 -3 -6 -13 22 -22 28 24 -12 -20 -16 -1 29 -11
right_child=-2 15 3 4 6 -7 7 9 -10 20 23 19 -14 14 26 -17 -18 -19 25 -21 21 -23 -24 -25 -26 -27 -28 -29 -30 -31
leaf_value=-0.053814734611101346 0.051711925615414593 -0.047731378851505517 -0.043545500253705759 -0.055431934530318507 0.0070109859522119082 0.059157082401856166 -0.072705205977303247 -0.05053684123126443 0.069985962388840819 -0.01539365542996703 0.063238109379680649 -0.031618691048890785 -0.0044878692007211925 -0.05391011484414724 -0.020059063561893437 -0.054654022432187602 0.06368317717375914 0.08439092683055939 0.017616583676641939 0.029053946176184231 -0.011535862654106648 0.047093774787991871 -0.036362484378843984 0.061042720902878767 -0.0063885217277260369 -0.032413814095022281 0.043136087544818409 0.019256914432182869 0.013697354027718697 0.0089951794702897592
leaf_weight=26.56327256560326 61.481399521231651 41.640340410172939 8.526477783918379 26.142803587019444 35.927462220191956 33.396876141428947 22.426140427589417 17.115272834897041 23.608480393886566 83.612719587981701 6.8389434516429928 6.2792141139507285 20.315696254372597 4.9709148108959225 5.2398466169834164 50.423862919211388 6.5014428943395606 3.0886270254850379 8.5265251472592336 39.204863660037518 11.435298807919024 20.641296200454235 13.073495633900164 17.077584527432919 13.44018532335758 42.351828284561634 21.039263851940632 3.4438236951827994 88.604538053274155 94.473903350532055
leaf_count=160 749 224 49 130 165 368 76 74 190 342 67 25 85 23 26 265 35 19 41 229 59 187 52 170 64 156 181 17 418 417
internal_value=3.23422e-06 -0.00399098 0.00128506 0.00339525 0.000197139 0.0292297 0.00304211 -0.00385426 0.0155813 0.000839552 0.00801023 -0.000228087 -0.0331548 0.00410224 0.0171028 -0.0400252 -0.0256267 -0.0386081 -0.0111823 0.0206779 0.00365932 0.0261923 0.00107579 0.0371842 0.0170924 -0.0240294 0.0305355 -0.0454285 0.00291105 -0.00245552
internal_weight=857.412 795.931 694.277 664.27 591.096 73.1734 544.638 351.383 193.255 328.957 169.647 132.29 46.4585 39.7765 31.25 101.654 51.2304 44.729 86.8058 45.4841 311.841 32.0766 279.765 37.3567 20.2791 50.8784 26.2791 30.0071 266.691 178.087
internal_count=5063 4314 3771 3594 2947 647 2732 1625 1107 1549 917 616 215 279 230 543 278 243 362 254 1475 246 1229 301 131 197 207 177 1177 759
is_linear=0
shrinkage=0.05


Tree=31
num_leaves=31
num_cat=0
split_feature=2 1 7 2 3 4 4 2 0 0 4 7 1 3 1 4 7 5 2 4 4 4 4 2 2 0 3 1 7 2
split_gain=66.4212 56.7348 26.5388 27.5726 18.9967 17.1367 26.0025 15.9752 15.7338 13.5054 11.3568 9.78994 22.9532 12.5946 9.53961 9.26735 12.1993 8.99243 12.1169 9.10662 12.8945 10.9731 22.004 8.3255 10.5553 10.6426 8.11704 14.3053 7.67655 10.812
threshold=-0.02267143345338191 1.2624255152632073 -0.77904261590794655 -0.46382645497508307 0.13192560931808389 -0.24578499939545764 -0.15374285239996058 -0.43380396045593289 -0.56769956538561817 0.12335412001622294 0.21442564353988061 -0.81187088964406795 1.9668001027168092 -1.2022116864321746 -1.1762779196764357 -0.33782723843310175 0.81527880674477571 -0.60205746953552219 -0.16476161752012378 1.2268893525324958 1.1348471134948515 0.85872076455050717 0.76667852551286308 -0.35110413866307549 -0.21490634580112489 -0.025406093586937156 -0.84177820408703419 -0.053233841534520675 0.28183152917309046 -0.39567619450301389
decision_type=2 2 2 2 2 2 2 2 2 2 2 2 2 2 2 2 2 2 2 2 2 2 2 2 2 2 2 2 2 2
left_child=1 2 7 9 8 15 -7 -1 26 -4 -9 12 13 -3 -8 16 -6 -16 19 20 21 22 23 -19 25 -25 -5 -28 -10 -30
right_child=-2 11 3 4 5 6 14 10 28 -11 -12 -13 -14 -15 17 -17 -18 18 -20 -21 -22 -23 -24 24 -26 -27 27 -29 29 -31
leaf_value=-0.054801947857393188 0.051079202657540783 -0.048337662516309471 0.045416865494389225 -0.04704285239439205 0.0055483804877333384 -0.069799708838524502 0.038265467462210087 -0.04881808194690767 0.0046605888991554231 -0.024687249398730043 0.030460577470023294 -0.058871899605678173 0.060033765890360573 0.049362063185488025 -0.072554813635526946 0.063170925125830502 0.042339495343409535 0.038968230235818607 0.0516441949530193 -0.03194261940205205 0.079818352990455213 -0.039299992232604913 0.074755157644087411 0.024913606828964555 0.043249897735161087 -0.023274478890907238 0.037220325110059856 -0.04288776868187677 0.002770208283898826 -0.031991790687283909
leaf_weight=32.542243838310242 59.189078755676746 37.552345126867294 51.812271811068058 35.321631066501141 59.724864430725574 12.41994948685169 19.252846695482731 7.013868115842345 135.4466468244791 7.9202711731195441 12.691395141184328 41.960495233535767 6.7004472017288199 3.6163269430398932 4.049442082643508 13.857754990458487 36.18079087883234 11.20023795217274 11.789711534976957 20.494336098432541 5.3713569715619078 15.027211114764212 10.573776602745054 14.349266514182075 9.235102646052864 56.866316914558411 9.7072515264153498 13.085028901696203 45.794988483190536 43.726349979639053
leaf_count=194 749 207 561 173 316 45 117 30 590 31 74 227 37 23 18 132 298 57 118 84 33 56 69 76 54 225 56 59 200 154
internal_value=2.47343e-06 -0.00384732 0.000982784 0.00376656 0.000454271 0.00921236 0.000150385 -0.0332876 -0.00883939 0.0361214 0.00224223 -0.0412417 -0.0257876 -0.0397556 0.00502541 0.0249506 0.019428 0.000999376 0.00292216 -0.00109145 0.00406478 0.000594479 0.00645904 -0.00142029 -0.00704313 -0.013565 -0.0320321 -0.00876966 -0.00284823 -0.0142092
internal_weight=844.474 785.285 695.455 643.207 583.475 300.393 190.63 52.2475 283.082 59.7325 19.7053 89.8296 47.8691 41.1687 178.21 109.763 95.9057 158.957 154.907 143.118 122.623 117.252 102.225 91.6509 80.4507 71.2156 58.1139 22.7923 224.968 89.5213
internal_count=5063 4314 3820 3522 2930 1698 952 298 1232 592 104 494 267 230 907 746 614 790 772 654 570 537 481 412 355 301 288 115 944 354
is_linear=0
shrinkage=0.05


Tree=32
num_leaves=31
num_cat=0
split_feature=2 1 5 3 6 5 4 4 4 3 0 0 0 1 6 5 3 0 0 5 2 2 6 6 2 5 4 4 4 4
split_gain=62.2862 52.9587 21.2718 16.4892 17.1388 14.6206 12.9752 41.8843 31.5988 11.5591 17.8647 10.6015 29.8611 16.9374 9.95903 14.9732 16.255 9.45292 9.33247 8.60175 7.87652 11.1378 10.4834 7.27425 7.00657 8.4467 7.09825 35.5976 27.2199 12.3697
threshold=-0.02267143345338191 0.75961552443556102 -1.0858275335679293 -1.2294918527492065 -0.39433179566134463 -0.082554548656509893 -0.24578499939545764 -0.15374285239996058 -0.33782723843310175 0.28021387243794593 0.045484203462505902 -0.91556293691908641 -0.88992128970837792 1.3548067913565098 -0.30173414312882779 1.1183285548757507 -1.1852949352523394 -0.95748388192256695 -0.38934376036326751 0.65903693769190641 -0.2949122127224057 -0.17231209418310087 -0.32907372651871886 -0.38624550650724232 -0.16814949846880164 -0.66729479009757864 0.85872076455050717 0.76667852551286308 0.95076291154600423 1.2268893525324958
decision_type=2 2 2 2 2 2 2 2 2 2 2 2 2 2 2 2 2 2 2 2 2 2 2 2 2 2 2 2 2 2
left_child=1 2 23 5 19 -4 8 -8 9 -6 -11 -3 -13 14 15 -14 -17 -9 -16 -5 22 -22 -12 -1 26 -26 27 -19 -28 -30
right_child=-2 11 3 4 6 -7 7 17 -10 10 20 12 13 -15 18 16 -18 24 -20 -21 21 -23 -24 -25 25 -27 28 -29 29 -31
leaf_value=-0.055774951357681485 0.050456153723935748 -0.051197416782166827 -0.0013174662350476764 0.0035535457562725528 -0.0048657378320787221 0.049227250743012999 -0.070729031325388367 -0.04910575385583088 0.070018155752706576 0.056265596361779337 -0.02198906061408017 0.090014848568235273 -0.045026642143712499 -0.060812225600302139 -0.021146492235015635 0.056315654736678149 -0.064731544663005541 0.00021281618108683713 0.072542587077023296 -0.05408672712833628 -0.020562150597153633 0.060256166940937973 0.070093719964004084 0.011801520426951945 -0.051339217578021228 0.0477844047291449 -0.077062727533674713 0.073525402341176785 0.027919599964757999 -0.016111094099448317
leaf_weight=20.444535300135616 56.980108469724655 48.042068816721439 23.800436697900295 9.5381404459476489 95.761172629892826 35.869174957275391 21.02853387594223 8.7482840865850431 22.184338178485632 24.56515908241272 4.8723920285701743 5.5780173540115348 27.294970326125622 28.164111509919167 4.8427048325538635 9.2115257531404477 3.9681794345378867 192.52806431800127 5.8919426649808866 20.138311475515366 29.420175157487389 4.9854245856404331 8.4535844698548299 4.9456845670938483 2.4975821450352695 15.406767725944517 13.040908694267271 18.115848831832409 27.098612129688263 38.775340303778648
leaf_count=140 749 264 165 45 412 403 75 38 189 245 24 32 144 156 24 79 16 840 38 100 126 53 58 23 13 161 40 121 134 156
internal_value=1.30747e-06 -0.00370726 0.0022398 0.00408601 0.0014107 0.0290665 0.00349074 -0.00239915 0.0139317 0.00652804 0.0216198 -0.0324253 -0.0218092 -0.0296677 -0.0125388 -0.0238943 0.0198705 0.00214489 0.0302768 -0.0355609 0.0037892 -0.00885145 0.0364254 -0.0426119 0.00360313 0.0339571 0.00172625 0.00651786 -0.0110638 0.00200184
internal_weight=832.192 775.212 642.218 616.828 557.159 59.6696 527.482 337.24 190.242 168.058 72.2967 132.994 84.9515 79.3734 51.2093 40.4747 13.1797 316.211 10.7346 29.6765 47.7316 34.4056 13.326 25.3902 307.463 17.9043 289.559 210.644 78.9149 65.874
internal_count=5063 4314 3561 3398 2830 568 2685 1578 1107 918 506 753 489 457 301 239 95 1503 62 145 261 179 82 163 1465 174 1291 961 330 290
is_linear=0
shrinkage=0.05


Tree=33
num_leaves=31
num_cat=0
split_feature=2 1 7 2 3 5 7 2 0 0 0 4 7 1 2 2 6 0 0 3 5 5 0 1 0 2 2 7 7 7
split_gain=58.4146 49.5958 23.1923 24.0017 16.5175 14.9765 20.4577 14.7952 14.7116 14.5204 12.7697 10.1361 9.7884 27.0476 10.7707 9.22753 12.1808 8.05103 7.63689 7.2975 6.59628 6.54564 10.2777 10.2472 7.8084 7.64105 9.37327 9.72349 6.96948 6.83206
threshold=-0.02267143345338191 1.2624255152632073 -0.77904261590794655 -0.46382645497508307 0.97837290288751211 -0.093497153620987011 0.86162460496047677 -0.43380396045593289 -1.166225746299419 1.3504548344195155 0.12335412001622294 0.21442564353988061 -1.0456770033316791 1.9668001027168092 -0.42820906759540006 -0.46139035719728066 -0.39433179566134463 -0.39387514729750878 -0.27567258358095698 -0.05217745825188428 -0.73692120443548736 0.16650340050263726 0.39403016175515826 0.23344636145116224 0.88734944934584081 -0.31444694197131567 -0.41405905713164176 -0.25809052903167079 -0.64467874713133488 0.46805855309584349
decision_type=2 2 2 2 2 2 2 2 2 2 2 2 2 2 2 2 2 2 2 2 2 2 2 2 2 2 2 2 2 2
left_child=1 2 7 10 8 -6 9 -1 -5 -7 20 -9 13 14 -3 -10 18 -16 -17 -13 -4 22 25 -23 -24 26 -18 -28 -27 -30
right_child=-2 12 3 4 5 6 -8 11 15 -11 -12 19 -14 -15 17 16 21 -19 -20 -21 -22 23 24 -25 -26 28 27 -29 29 -31
leaf_value=-0.053864601646481824 0.049840881162457676 -0.056976283196337574 -0.025217276267833912 -0.037976301869455137 0.060147415324013659 -0.019165119222995255 0.050965903704209295 -0.0463975801773506 0.065268938898799367 0.038710786086022103 -0.024580509563626493 0.059667464627579318 -0.056608982137820611 0.07911133144692474 -0.025674568023800283 -0.057092578124305418 0.024949519319238358 0.065296490449636799 -0.0044419239614101099 -0.018388375793762162 0.048848645979557258 0.013372033446556656 -0.043545438773089661 -0.029871892440230249 -0.0097309360814057579 -0.033136223278881681 0.010660325260285241 -0.033551009935948888 0.02386100867072409 -0.013290007036010404
leaf_weight=30.224214494228363 54.853396996855736 24.846961170434952 3.2172912657260886 28.980200029909611 18.046701919287443 45.490656107664108 22.062951616942883 6.9557006284594562 5.1594415307044974 14.226597703993319 7.882402002811431 7.5884083434939393 42.474381111562252 5.6588607877492896 8.2159577906131727 15.654613435268404 15.951580516993998 3.4548350647091857 12.29773662984371 4.946043245494363 45.793235838413239 128.75644299387932 21.475170880556107 15.330323070287703 83.274530187249184 7.5072185844182959 18.828171029686928 36.633778423070908 68.556996248662472 15.101010538637636
leaf_count=194 749 147 16 154 213 207 210 30 29 91 31 45 247 30 48 85 80 22 52 29 545 655 75 63 342 36 85 132 354 67
internal_value=2.34963e-07 -0.00357543 0.000917789 0.00351136 0.000437618 0.0189208 0.00982325 -0.0319608 -0.0034591 -0.00537719 0.0344868 0.00200633 -0.0396663 -0.022604 -0.038366 -0.00120881 -0.00198945 0.00125505 -0.0339287 0.0288669 0.0439866 0.000180569 -0.00444959 0.00877103 -0.0166634 0.00341978 -0.00882748 -0.0185422 0.0130136 0.0171549
internal_weight=819.446 764.592 679.941 630.227 573.334 99.8269 81.7802 49.7144 473.507 59.7173 56.8929 19.4902 84.651 42.1766 36.5178 444.527 439.368 11.6708 27.9524 12.5345 49.0105 411.415 267.328 144.087 104.75 162.579 71.4135 55.4619 91.1652 83.658
internal_count=5063 4314 3820 3522 2930 721 508 298 2209 298 592 104 494 247 217 2055 2026 70 137 74 561 1889 1171 718 417 754 297 217 457 421
is_linear=0
shrinkage=0.05


Tree=34
num_leaves=31
num_cat=0
split_feature=2 1 5 3 2 4 4 4 5 5 2 7 0 0 1 0 5 0 2 6 0 3 6 6 0 0 2 5 4 4
split_gain=54.7773 46.4206 18.7818 14.3033 14.7984 13.6925 39.8395 30.9553 13.4287 11.0927 21.5472 11.4768 9.77554 24.6529 15.8236 8.95973 8.83917 8.82833 7.80276 7.37568 11.8021 14.7573 9.51177 6.62653 6.32934 12.3215 6.29334 7.7394 6.39774 33.2346
threshold=-0.02267143345338191 0.75961552443556102 -1.0858275335679293 -1.2294918527492065 -0.45634681619537071 -0.24578499939545764 -0.15374285239996058 -0.33782723843310175 -0.082554548656509893 1.067746771576741 -0.4358445192622965 1.9298660442956905 -0.91556293691908641 -0.88992128970837792 1.3548067913565098 0.13139565650439944 -1.2084236672821309 -0.95748388192256695 -0.15496332206069161 -0.30173414312882779 -0.3936067185443119 -1.2447321691274367 -0.18959009584928685 -0.38624550650724232 0.1824203381326519 -0.41472141487963993 -0.16814949846880164 -0.66729479009757864 0.85872076455050717 0.76667852551286308
decision_type=2 2 2 2 2 2 2 2 2 2 2 2 2 2 2 2 2 2 2 2 2 2 2 2 2 2 2 2 2 2
left_child=1 2 23 8 15 7 -7 9 24 18 -11 -12 -3 -14 16 -5 -15 -8 -6 20 21 -18 -21 -1 25 -4 28 -28 29 -19
right_child=-2 12 3 4 5 6 17 -9 -10 10 11 -13 13 14 -16 -17 19 26 -20 22 -22 -23 -24 -25 -26 -27 27 -29 -30 -31
leaf_value=-0.055175986951660608 0.04923163035082876 -0.049815557277052655 -0.027097777116440222 -0.050037826698353861 -0.0030934525176044281 -0.07020188689439967 -0.048059252250603188 0.069618568703758543 0.047795063767438084 -0.053745608916504241 0.062387886189520229 -0.032923639945343801 0.077282978457172982 -0.053901195578767415 -0.060063988261511297 0.032523147167254261 0.060854778474979165 -0.00027791951837289496 0.048750427170422543 0.080327865697334702 -0.053039203074625285 -0.030479965170674528 -0.018188710453244609 0.010237423044223213 -0.04962914446508402 0.055795784969618359 -0.048222499185496759 0.04634011436911803 -0.01108729281941162 0.071896259922462
leaf_weight=18.723749354481701 52.807614274322987 44.996312133967876 9.366341650485996 20.439969241619114 124.22546786814928 20.662356227636337 8.7499589473009092 22.013100668787956 33.748023971915245 6.0564467012882224 24.650327846407894 3.6225918531417838 5.9423061162233344 9.9643463939428312 25.994444102048874 3.9156562536954871 8.2376354113221151 194.16904159635305 7.7079255878925315 5.4622405469417572 11.580418817698954 9.549369268119337 4.4430096000432986 4.8808604031801215 5.2942892909049979 8.5981661081314087 2.5404139757156399 14.593682080507277 78.188652731478214 17.377757392823696
leaf_count=140 749 264 64 105 549 76 40 193 403 27 241 20 32 59 156 20 79 849 87 35 55 49 24 23 21 80 13 161 329 120
internal_value=-1.17245e-06 -0.00344154 0.0021063 0.0038109 0.00133524 0.00310424 -0.00294025 0.0139004 0.0276488 0.00652332 0.0318417 0.0501757 -0.0311224 -0.0207605 -0.0285046 -0.0367645 -0.011843 0.0014631 -6.4585e-05 -0.0011719 -0.0137561 0.0118196 0.0361382 -0.0416501 -0.00158291 0.0125767 0.00287516 0.0323196 0.0011339 0.00565091
internal_weight=808.502 755.695 629.525 605.92 548.913 524.558 336.282 188.276 57.0068 166.263 34.3294 28.2729 126.17 81.1738 75.2315 24.3556 49.237 315.62 131.933 39.2727 29.3674 17.787 9.90525 23.6046 23.2588 17.9645 306.87 17.1341 289.735 211.547
internal_count=5063 4314 3561 3398 2830 2705 1588 1117 568 924 288 261 753 489 457 125 301 1512 636 242 183 128 59 163 165 144 1472 174 1298 969
is_linear=0
shrinkage=0.05


Tree=35
num_leaves=31
num_cat=0
split_feature=2 1 7 2 3 5 7 2 0 0 0 7 1 2 4 2 6 7 0 5 7 6 3 1 2 5 0 2 2 1
split_gain=51.3685 43.2586 20.1967 20.9716 14.2865 14.0431 19.005 13.7021 12.9958 12.0214 11.6246 9.53657 22.3872 10.6521 9.09397 8.20271 10.6038 7.61282 7.29207 7.27688 7.10375 6.82241 6.74648 6.27829 8.62735 6.00981 12.3972 7.53035 7.75017 7.08769
threshold=-0.02267143345338191 1.2624255152632073 -0.77904261590794655 -0.46382645497508307 0.97837290288751211 -0.093497153620987011 0.26558778126905802 -0.43380396045593289 -1.166225746299419 1.3977233068034023 0.12335412001622294 -1.0456770033316791 1.9668001027168092 -0.42820906759540006 0.21442564353988061 -0.46139035719728066 -0.39433179566134463 -1.3396385350814761 -0.27567258358095698 0.21982556466967981 -1.3476224751102313 -0.21124819907070977 -0.05217745825188428 0.012906320873580865 -0.44504841469390521 0.06908149430740386 0.39403016175515826 -0.30766716403527805 -0.41405905713164176 0.088103950994934441
decision_type=2 2 2 2 2 2 2 2 2 2 2 2 2 2 2 2 2 2 2 2 2 2 2 2 2 2 2 2 2 2
left_child=1 2 7 10 8 -6 9 -1 23 19 -4 12 13 -3 -9 -10 18 20 -17 -7 -15 -8 -16 24 -5 26 27 28 -18 -27
right_child=-2 11 3 4 5 6 21 14 15 -11 -12 -13 -14 17 22 16 25 -19 -20 -21 -22 -23 -24 -25 -26 29 -28 -29 -30 -31
leaf_value=-0.05293298103248717 0.048626814397123651 -0.056243856512032946 0.042611892175562383 -0.058478114399980845 0.05941175421669375 -0.0072204117981071727 0.044721908426347691 -0.044252886079799797 0.061852662715950427 0.043017126610198776 -0.023469799640610682 -0.055512846072543247 0.068419789854902255 -0.016012981280189801 0.057267883065861558 -0.056176198807110472 0.023137948543232079 -0.047152678161716206 -0.0038414006044687659 -0.054227597046338408 0.086052826896575008 -0.0073223718439951128 -0.018159803031351091 -0.056910611464300542 0.027545167027256259 0.011411660434538146 -0.02031561190802899 0.013954115168781311 -0.016585599211657486 -0.018698094369678894
leaf_weight=28.049670360982418 50.841209389269352 22.809284374117851 46.085693500936031 5.0600157678127289 16.828090939670801 19.307529456913471 31.07813373580575 6.8858215510845211 5.1132984682917586 7.4265738427638999 7.778363659977912 39.625942587852478 5.9676050692796698 3.3204318732023239 7.4893440082669267 14.586807221174242 15.59501079469919 4.5418910905718786 12.241908103227614 14.353492394089697 3.5035869926214218 7.8970498964190474 4.9068028852343533 15.898863255977629 6.8744022846221942 146.10822238773108 84.697720997035503 81.362384930253029 57.742603786289692 22.562981456518173
leaf_count=194 749 147 561 28 213 90 263 30 29 50 31 247 30 19 45 85 78 26 52 55 25 50 29 80 46 735 334 416 230 96
internal_value=-1.39704e-06 -0.00331683 0.000851152 0.00325976 0.000416557 0.0178917 0.00916474 -0.0306281 -0.00320255 -0.0145614 0.0330692 -0.0381123 -0.0209357 -0.0365388 0.00181905 -0.00110665 -0.00184689 0.00300559 -0.0322959 -0.0272649 0.0363896 0.0341768 0.0274111 -0.0363363 -0.00892742 0.000154992 -0.00493825 0.00348081 -0.00813851 0.00738391
internal_weight=796.541 745.7 665.931 618.599 564.735 96.8909 80.0628 47.3316 467.844 41.0876 53.8641 79.7687 40.1428 34.1752 19.282 440.011 434.898 11.3659 26.8287 33.661 6.82402 38.9752 12.3961 27.8333 11.9344 408.069 239.398 154.7 73.3376 168.671
internal_count=5063 4314 3820 3522 2930 721 508 298 2209 195 592 494 247 217 104 2055 2026 70 137 145 44 313 74 154 74 1889 1058 724 308 831
is_linear=0
shrinkage=0.05


Tree=36
num_leaves=31
num_cat=0
split_feature=2 1 5 3 2 5 4 4 4 3 0 0 0 1 5 0 1 2 6 2 6 0 0 3 6 0 0 2 3 1
split_gain=48.1697 40.6239 16.6019 12.5292 13.1545 12.3986 10.1692 38.3711 30.9743 10.4266 16.3831 9.06507 20.601 14.8791 8.02835 7.91028 7.84418 7.63762 10.7554 10.0983 6.61547 10.8452 10.6828 13.2901 6.04963 5.44123 11.4345 5.35055 7.57762 5.80736
threshold=-0.02267143345338191 0.75961552443556102 -1.0858275335679293 -1.2294918527492065 -0.45780977284132413 -0.082554548656509893 -0.24578499939545764 -0.15374285239996058 -0.33782723843310175 0.28021387243794593 0.045484203462505902 -0.91556293691908641 -0.88992128970837792 1.3548067913565098 -1.2084236672821309 -0.95748388192256695 -1.0473081786632019 -0.2949122127224057 -0.32907372651871886 -0.17231209418310087 -0.30173414312882779 -0.39070232698546009 -0.3936067185443119 -1.2447321691274367 -0.38624550650724232 0.1824203381326519 -0.41472141487963993 -0.16814949846880164 0.85157337917873976 -0.56286737773942452
decision_type=2 2 2 2 2 2 2 2 2 2 2 2 2 2 2 2 2 2 2 2 2 2 2 2 2 2 2 2 2 2
left_child=1 2 24 5 -5 25 8 -8 9 -6 -11 -3 -13 14 -14 -9 -12 18 -18 -19 22 -22 23 -16 -1 26 -4 29 -29 -17
right_child=-2 11 3 4 6 -7 7 15 -10 10 16 12 13 -15 20 27 17 19 -20 -21 21 -23 -24 -25 -26 -27 -28 28 -30 -31
leaf_value=-0.054645442961013958 0.048024960680131942 -0.048498809099551579 -0.026902751327281101 -0.045270492074588421 -0.0054883810030865307 0.046494652238982623 -0.069350760658111618 -0.046517195679574852 0.068619958936185513 0.054808329319108499 0.058935174918874227 0.067568523173511447 -0.052931441691647166 -0.059404315002688925 0.059084739655686794 -0.0048151658069235555 -0.031043705647871029 -0.02942527734308267 0.068785357035709274 0.05832866673864804 -0.035357730435704435 0.073487529165561088 -0.0513354693577079 -0.029221854920787761 0.00879749571118482 -0.04749647915736524 0.054431047319712572 -0.01299926188995334 0.057142427026321274 0.0094998007703324429
leaf_weight=17.132497109472755 48.952477857470512 42.166669823229313 9.1981527432799375 14.778355523943899 102.13988360017538 31.866385564208031 20.288846418261528 8.3158135563135129 21.274140011519194 22.399272933602333 5.4723816737532607 6.220635160803794 9.2315958142280561 23.978452600538731 7.9070994406938544 164.98500426858664 4.4108784645795822 25.715161800384521 6.948110602796076 3.7573724463582066 3.5829557478427887 6.3346279412508029 11.170641496777533 9.2392563372850436 4.8131626099348059 5.0874122828245154 8.1503907740116119 6.1810915544629124 10.21232485771179 124.17382051050663
leaf_count=140 749 264 64 82 453 403 77 40 194 245 41 32 59 156 79 735 21 104 48 47 18 41 55 49 23 21 80 35 139 569
internal_value=-4.50896e-06 -0.00319411 0.0019775 0.0035518 0.00125389 0.0264475 0.00256035 -0.00270972 0.0117268 0.00464218 0.0197031 -0.0298351 -0.019702 -0.0273006 -0.0110828 0.00159805 0.00272117 -0.00481283 0.0300201 -0.0182378 -0.000978655 0.0341647 -0.0132871 0.011501 -0.040731 -0.00202601 0.0113081 0.00290753 0.0306957 0.00133213
internal_weight=786.085 737.132 617.3 595.355 541.052 54.3023 526.274 334.157 192.117 170.843 68.7032 119.832 77.6653 71.4446 47.4662 313.868 46.3039 40.8315 11.359 29.4725 38.2346 9.91758 28.317 17.1464 21.9457 22.436 17.3485 305.552 16.3934 289.159
internal_count=5063 4314 3561 3398 2830 568 2748 1595 1153 959 506 753 489 457 301 1518 261 220 69 151 242 59 183 128 163 165 144 1478 174 1304
is_linear=0
shrinkage=0.05


Tree=37
num_leaves=31
num_cat=0
split_feature=2 1 5 3 2 2 4 1 6 5 0 5 0 2 2 6 7 1 0 0 2 3 3 1 3 2 7 5 3 3
split_gain=45.1628 38.0517 18.8485 21.0779 19.0775 17.9561 12.7098 15.0462 12.1708 10.6864 10.4633 10.3857 16.2411 16.6113 13.3242 11.8958 7.52204 15.4265 6.35642 12.8573 10.6321 13.0602 9.43294 14.0994 9.00095 12.5211 8.90568 7.60352 6.54996 10.6539
threshold=-0.02267143345338191 1.2779195046795269 -0.58544351638749659 -1.2294918527492065 -0.16814949846880164 -0.44882696580738807 0.95076291154600423 -0.74502950012727387 -0.39231552863354918 0.90004681355772054 -0.42513718670068118 1.0085710810042914 -0.77869296559492873 -0.44504841469390521 -0.4358445192622965 -0.22170762658403112 -0.81187088964406795 1.9668001027168092 1.2102221417103725 0.029892683561627432 -0.23142983651022844 -0.41123926640203518 0.28021387243794593 -0.41223940504135409 0.97837290288751211 -0.22896010285105647 0.38714813646297086 -0.13089694119759754 1.2948983174521025 0.13192560931808389
decision_type=2 2 2 2 2 2 2 2 2 2 2 2 2 2 2 2 2 2 2 2 2 2 2 2 2 2 2 2 2 2
left_child=1 2 5 9 8 -1 7 -7 10 -4 -5 12 -10 -14 -13 -16 17 -3 19 22 21 -21 23 27 25 -20 -26 -15 29 -23
right_child=-2 16 3 4 -6 6 -8 -9 11 -11 -12 14 13 18 15 -17 -18 -19 24 20 -22 28 -24 -25 26 -27 -28 -29 -30 -31
leaf_value=-0.045946078879744112 0.04742473346708187 -0.042157222728109581 0.010434298299673192 -0.052304659618514215 0.048290615919745178 0.026874787218502668 0.060254059945284245 -0.031275633588009687 -0.055574580596080218 0.056122126086085217 0.0011823748230805056 -0.042842459511960557 0.076197980994761882 -0.006163408836070217 0.03858625273726092 -0.033655442193063899 -0.056516377184171754 0.040646013370861156 0.0058674041679570074 0.029824028946179849 0.021184604277994321 -0.043532022382072939 0.029464876107400791 0.017363977039261635 0.0073818958568492151 -0.063029856656771785 0.066047534327901225 -0.048002827564678593 -0.069975716360806337 -0.0093660804520393146
leaf_weight=39.418975658714771 47.139556534588337 23.273733466863636 24.321613378822803 20.650906577706337 20.388034198433161 17.069502130150795 7.169651322066783 31.937206201255322 13.529920950531958 27.014825336635113 16.408706203103065 7.242465913295745 7.0509513914585105 29.08307820558548 45.517063122242689 6.5139583572745314 33.068603590130806 7.4175743907690039 95.569774746894836 10.823214560747145 15.994058951735495 40.150065988302231 31.105704065412283 45.588630102574825 14.25893145054579 7.0832156687974921 11.841176342219113 17.329019024968147 8.4972397461533529 52.85407305508852
leaf_count=281 749 160 215 127 249 98 44 146 69 372 71 29 46 118 363 34 222 37 438 55 85 138 201 206 75 23 96 60 30 226
internal_value=-4.5658e-06 -0.00307499 0.000465762 0.00391817 0.00088663 -0.020077 -0.00192459 -0.0110213 -0.00105763 0.0344766 -0.0286225 0.00116296 -0.00172627 0.000155211 0.0206976 0.029542 -0.0399715 -0.0221451 -0.00125511 -0.00588166 -0.0169565 -0.0223874 0.00566203 -0.00238577 0.00777947 0.00111339 0.0339975 -0.0217851 -0.0279548 -0.0241156
internal_weight=775.311 728.172 664.412 568.817 517.48 95.5953 56.1764 49.0067 497.092 51.3364 37.0596 460.033 400.759 387.229 59.2735 52.031 63.7599 30.6913 380.178 251.425 128.319 112.325 123.106 92.0007 128.753 102.653 26.1001 46.4121 101.501 93.0041
internal_count=5063 4314 3895 3326 2739 569 288 244 2490 587 198 2292 1866 1797 426 397 419 197 1751 1119 534 449 585 384 632 461 171 178 394 364
is_linear=0
shrinkage=0.05


Tree=38
num_leaves=31
num_cat=0
split_feature=2 1 5 3 2 5 4 4 4 3 0 0 0 1 1 5 4 4 4 4 4 4 4 4 4 0 2 0 2 6
split_gain=42.3395 35.6229 14.7025 11.0678 11.5647 10.7643 9.35971 35.7856 29.0785 9.08782 13.1303 8.18343 17.7385 13.8858 7.51244 7.26813 7.14453 32.3666 25.6055 13.7009 16.7313 15.7042 10.9383 47.0336 42.9363 9.40775 7.0953 8.69911 6.24648 5.8302
threshold=-0.02267143345338191 0.75961552443556102 -1.0858275335679293 -1.2294918527492065 -0.45780977284132413 -0.082554548656509893 -0.24578499939545764 -0.15374285239996058 -0.33782723843310175 0.24699002845435353 0.045484203462505902 -0.91556293691908641 -0.88992128970837792 1.3548067913565098 -1.0473081786632019 -1.2084236672821309 0.85872076455050717 0.76667852551286308 0.95076291154600423 1.2268893525324958 1.3189314995279926 1.1348471134948515 0.30646788257752478 0.39851002957302184 0.21442564353988061 -0.3155233992441186 -0.31444694197131567 1.7731382848477517 -0.35729582234729645 -0.30173414312882779
decision_type=2 2 2 2 2 2 2 2 2 2 2 2 2 2 2 2 2 2 2 2 2 2 2 2 2 2 2 2 2 2
left_child=1 2 28 5 -5 -4 8 -8 9 -6 -11 -3 -13 15 -12 -14 17 22 -18 21 -21 -20 24 -24 -9 -22 -16 -28 -1 -17
right_child=-2 11 3 4 6 -7 7 16 -10 10 14 12 13 -15 26 29 18 -19 19 20 25 -23 23 -25 -26 -27 27 -29 -30 -31
leaf_value=-0.050712130092192789 0.046824909915809065 -0.047058183055023205 -0.0012171125965105812 -0.043673934420213868 -0.0052937203872736082 0.044772581510436685 -0.068354021590041211 -0.0024807401552843032 0.06770827730264263 0.049486532828351207 0.058252240508929791 0.060594171041052795 -0.052059745415701068 -0.058811375258429957 0.035134764838954495 -0.012965993047852249 -0.075149185239854727 0.07021808140272992 0.00023382090791872995 -0.077364550210233141 -0.056440334768851699 0.07640780496484309 -0.087749275060822932 0.0042061593447264827 0.082427582710490277 0.010811521687758452 -0.025812287984595835 0.048965978676096179 0.029525461382624588 0.031860200712217235
leaf_weight=17.720233216881756 45.400485672056675 39.394711151719093 22.059119060635567 13.99990791082382 98.79486333578825 30.064211338758469 19.52194157242775 90.902451522648335 20.360621880739927 22.718998149037361 5.4489469341933718 6.4165087193250647 8.5946301817893964 22.211346246302128 8.9440408572554571 27.256285250186917 13.102036044001578 18.120962955057621 19.290067598223686 9.1008532196283323 6.3433984965085939 10.421611703932287 16.800752520561218 80.698820371180773 17.805291697382927 28.853923887014393 27.49591176211834 4.5299909040331832 2.8102851063013068 9.884174548089506
leaf_count=148 749 264 165 82 441 403 77 425 194 252 42 32 59 156 59 183 42 137 90 28 28 76 47 383 117 145 129 36 15 59
internal_value=-5.56749e-06 -0.00295989 0.0018602 0.00331883 0.00116936 0.0253093 0.0023784 -0.00268496 0.0112782 0.00443651 0.0183406 -0.0286332 -0.0188724 -0.0263768 0.00309665 -0.0106248 0.00143136 0.00615054 -0.0107213 0.000684379 -0.0169342 0.0269525 0.000520447 -0.0116392 0.0114264 -0.00130887 -0.00423897 -0.0152351 -0.0397289 -0.00103642
internal_weight=765.067 719.667 605.909 585.379 533.255 52.1233 519.255 330.962 188.293 167.933 69.1379 113.758 74.3629 67.9464 46.4189 45.7351 311.44 224.328 87.1119 74.0099 44.2982 29.7117 206.207 97.4996 108.708 35.1973 40.9699 32.0259 20.5305 37.1405
internal_count=5063 4314 3561 3398 2830 568 2748 1595 1153 959 518 753 489 457 266 301 1518 1109 409 367 201 166 972 430 542 173 224 165 163 242
is_linear=0
shrinkage=0.05


Tree=39
num_leaves=31
num_cat=0
split_feature=2 1 5 3 5 7 0 3 5 1 2 7 0 0 3 6 7 2 6 5 4 1 0 2 6 3 7 6 0 0
split_gain=39.879 34.569 15.9235 11.3462 15.7457 16.478 11.726 11.2829 21.8404 12.5476 10.2618 8.19063 13.8629 9.54974 8.11942 8.00344 10.6613 7.90365 7.5282 7.04049 7.48491 7.10936 6.66788 8.15212 7.60627 7.18349 8.08123 8.00412 7.7082 6.49603
threshold=0.19676597085561209 1.2779195046795269 -1.1980381072652599 0.97837290288751211 -0.093497153620987011 0.86162460496047677 1.3977233068034023 -1.2294918527492065 0.90004681355772054 0.19962641271934417 -0.32143602321805637 -0.81187088964406795 -0.88992128970837792 -0.91556293691908641 0.49815041188695208 -0.39972502143275762 -0.85820046033938524 -0.45835139539286102 -0.33245463629139843 0.050414532736126907 -1.1662064693504284 -1.438978628198343 -0.011552942454124868 -0.43925956003961947 -0.36506716036101061 -0.1369135563535778 -0.6594782457212226 -0.32289317831693826 -0.35866510989241224 -0.39203097380639984
decision_type=2 2 2 2 2 2 2 2 2 2 2 2 2 2 2 2 2 2 2 2 2 2 2 2 2 2 2 2 2 2
left_child=1 2 18 7 -5 6 29 8 15 17 -11 12 13 -3 -12 16 -4 -9 -1 21 -21 -19 24 -24 -23 28 -27 -28 -26 -6
right_child=-2 11 3 4 5 -7 -8 9 -10 10 14 -13 -14 -15 -16 -17 -18 19 -20 20 -22 22 23 -25 25 26 27 -29 -30 -31
leaf_value=-0.051647932011963708 0.05124654384783494 -0.017713452384562716 -0.05404102369400296 0.057253798444902054 -0.071287396936700997 0.047535291843943291 0.039738032641527109 -0.04915006848960253 0.05518437394145901 -0.036192730671186252 0.019699259702271807 -0.056001917078084787 -0.053317689215028476 0.063926473223402766 -0.051976696401078687 0.062827778128549783 0.005339195775082471 0.028363803211936541 0.025391408819314551 0.057340780960092132 0.0065062655215047021 -0.026280426161587562 0.054605725688727881 -0.018086800783621033 -0.022037388284009165 -0.056062878816449661 -0.023220829331933097 0.020786127560237691 0.051483837444198627 -0.01056806075341545
leaf_weight=19.970673382282261 36.13537409901619 9.0905106514692289 10.256961219012735 20.257251735776663 4.937858633697032 19.356608271598816 11.308634381741284 7.9733641296625128 25.394504774361849 47.149129010736942 18.38811752200127 31.777138084173203 15.180292353034018 5.9112719446420696 5.0324281975626937 4.1411938816308966 28.738100327551365 15.053050078451632 3.769636631011962 7.5792468488216391 162.34205051884055 18.17631458491087 4.0004831179976454 107.40917494893074 4.5958900451660183 5.7058461457490912 15.100579798221586 32.724534019827843 15.894674718379973 40.809297323226929
leaf_count=159 628 68 77 302 21 210 81 49 372 227 94 233 112 29 23 28 245 80 22 53 826 71 26 440 18 31 65 189 87 197
internal_value=-5.78451e-06 -0.00258511 0.000786386 0.00229573 0.0180618 0.00767183 -0.00585216 -0.000549567 0.0183962 -0.00332905 -0.0227547 -0.0382848 -0.0196314 0.0144558 0.00429808 -0.00326121 -0.0102797 0.000127876 -0.0394151 0.00113902 0.00877371 -0.00479391 -0.00724532 -0.0154766 0.00270113 0.00981768 0.000180871 0.00689111 0.0349935 -0.017122
internal_weight=754.16 718.025 656.066 632.325 96.6697 76.4124 57.0558 535.656 68.5308 467.125 70.5697 61.9592 30.1821 15.0018 23.4205 43.1363 38.9951 396.555 23.7403 388.582 169.921 218.661 203.607 111.41 92.1978 74.0215 53.531 47.8251 20.4906 45.7472
internal_count=5063 4435 3993 3812 811 509 299 3001 722 2279 344 442 209 97 117 350 322 1935 181 1886 879 1007 927 466 461 390 285 254 105 218
is_linear=0
shrinkage=0.05


Tree=40
num_leaves=31
num_cat=0
split_feature=2 1 5 3 5 7 0 3 5 6 1 7 2 7 0 0 2 0 1 6 1 0 5 4 1 1 0 2 6 2
split_gain=37.5652 32.2352 14.8444 10.4548 15.1211 18.0559 12.4377 10.3754 20.7005 14.6752 11.4647 9.73462 9.71748 7.90633 13.0935 8.47956 7.37164 7.22332 8.86707 7.13625 6.74688 6.47088 6.36405 6.90904 6.436 6.0522 6.03618 7.45414 6.89194 6.82188
threshold=0.19676597085561209 1.2779195046795269 -1.1980381072652599 0.97837290288751211 0.087454868667301192 0.86162460496047677 1.6724426746176546 -1.2294918527492065 0.90004681355772054 -0.39938820083883714 0.19962641271934417 -0.85820046033938524 -0.28060790940264996 -0.81187088964406795 -0.88992128970837792 -0.91556293691908641 -0.45835139539286102 -0.60179964423319177 -1.0473081786632019 -0.33245463629139843 -0.79169611427910169 -0.4593602482013544 0.050414532736126907 -1.1662064693504284 -1.438978628198343 0.33311807327612236 -0.011552942454124868 -0.43925956003961947 -0.36506716036101061 -0.12330659743618767
decision_type=2 2 2 2 2 2 2 2 2 2 2 2 2 2 2 2 2 2 2 2 2 2 2 2 2 2 2 2 2 2
left_child=1 2 19 7 21 6 -6 8 9 11 16 -4 -12 14 15 -3 -9 -13 -19 -1 -7 -5 24 -24 -18 -20 28 -28 -26 -30
right_child=-2 13 3 4 5 20 -8 10 -10 -11 12 17 -14 -15 -16 -17 22 18 25 -21 -22 -23 23 -25 26 -27 27 -29 29 -31
leaf_value=-0.051081117477174344 0.05083546999690345 -0.017009860135356741 -0.053552773500100598 -0.032723813920006173 -0.024620880698185278 -0.0047246412227467524 0.067658575092136117 -0.048249905610620238 0.054568128682820453 0.11639659539807445 -0.03163800152931287 -0.039408068672533499 0.013689637838436878 -0.055319982928237116 -0.052826823673648687 0.059690598015725127 0.027032371675491176 -0.037341326235597626 0.050466288598715214 0.023967176660347148 0.064574843916926153 0.049145442604921721 0.055414798180728399 0.0061833474468524496 -0.025077790164442323 -0.020908840562728528 0.052993279037295608 -0.017220439906690765 0.013868591462023974 -0.041767827624444739
leaf_weight=19.20218721032143 34.64399465918541 8.995674651116131 9.8434354066848737 2.6033092625439158 37.912921167910099 4.8986359015107181 4.0406712740659705 7.7224208489060393 24.421929437667131 2.4218719378113738 54.76451700180769 7.3809535466134539 15.079966101795433 30.590609490871429 14.570741340517996 6.0114958733320263 15.005956694483755 5.5983537435531643 13.677158139646059 3.7933343201875678 12.409906368702648 33.116874787956476 7.4537602066993704 162.28076963499188 18.097625780850649 3.7938625738024703 3.9182045906782141 107.1782947704196 67.856369812041521 5.9965724050998679
leaf_count=159 628 68 77 21 176 38 30 49 372 18 264 50 80 233 112 29 80 31 147 22 158 388 53 826 71 27 26 440 334 56
internal_value=-5.37717e-06 -0.0024839 0.000754888 0.00220086 0.0174823 0.00199385 -0.0157332 -0.000524942 0.01785 -0.00314298 -0.00317593 -0.010328 -0.0218514 -0.0374977 -0.0190653 0.0137144 0.000122042 0.00364499 0.0174196 -0.0387012 0.0449618 0.0431788 0.00108532 0.00834531 -0.00456592 0.0349671 -0.00690115 -0.0147441 0.00257486 0.00935113
internal_weight=745.282 710.638 650.47 627.474 94.9823 59.2621 41.9536 532.492 67.1376 42.7156 465.354 40.2938 69.8445 60.1685 29.5779 15.0072 395.51 30.4503 23.0694 22.9955 17.3085 35.7202 387.788 169.735 218.053 17.471 203.047 111.096 91.9506 73.8529
internal_count=5063 4435 3993 3812 811 402 206 3001 722 350 2279 332 344 442 209 97 1935 255 205 181 196 409 1886 879 1007 174 927 466 461 390
is_linear=0
shrinkage=0.05


Tree=41
num_leaves=31
num_cat=0
split_feature=2 1 5 3 5 7 3 5 6 1 0 7 2 7 0 0 2 6 3 0 1 6 5 2 5 3 3 3 7 3
split_gain=35.386 30.0513 13.8358 9.63313 14.7179 14.8507 9.58868 19.5668 13.1326 10.4731 9.43277 9.20853 9.02969 7.62303 12.3687 7.55074 6.87444 6.76765 6.63192 6.58049 8.14052 6.01154 5.97047 5.9242 5.75625 10.8572 8.52011 10.0355 7.20483 9.17535
threshold=0.19676597085561209 1.2779195046795269 -1.1980381072652599 0.97837290288751211 -0.093497153620987011 0.26558778126905802 -1.2294918527492065 0.90004681355772054 -0.39938820083883714 0.19962641271934417 1.3977233068034023 -0.85820046033938524 -0.26707971074952785 -0.81187088964406795 -0.88992128970837792 -0.91556293691908641 -0.45835139539286102 -0.33245463629139843 0.35717747014800766 -0.60179964423319177 -1.0473081786632019 -0.21124819907070977 0.21982556466967981 -0.22613872285141698 0.18831013365909852 0.42743532865164818 0.66701311735774105 0.60361343170493675 0.28183152917309046 -0.1369135563535778
decision_type=2 2 2 2 2 2 2 2 2 2 2 2 2 2 2 2 2 2 2 2 2 2 2 2 2 2 2 2 2 2
left_child=1 2 17 6 -5 10 7 8 11 16 22 -4 -11 14 15 -3 -8 -1 23 -13 -21 -7 -6 -14 26 -26 27 28 29 -18
right_child=-2 13 3 4 5 21 9 -9 -10 12 -12 19 18 -15 -16 -17 24 -19 -20 20 -22 -23 -24 -25 25 -27 -28 -29 -30 -31
leaf_value=-0.050514353773434273 0.050428769957181534 -0.016327290100543353 -0.053074461786133731 0.056500189952401608 -0.0072229443441876977 0.041162341707642283 -0.047359346011954843 0.053956898489930974 0.10929517001551248 -0.028936211046692552 0.038868023018993246 -0.037570936083994158 0.091942458042730171 -0.054629487065750076 -0.052339072130769583 0.05589507623766457 0.017792539989582398 0.022632402782332573 -0.032923063249468879 -0.035487243978531417 0.033992981489045074 -0.0093515448360772194 -0.050727172814903909 0.0021901912269308246 0.0033115749939686343 0.0425240423642997 -0.043849951513519884 0.066009090918023983 -0.018668098208884702 -0.0061871949543110712
leaf_weight=18.465472713112835 33.213477686047554 8.9055084548890573 9.445623002946375 18.765704240649939 18.755732171237469 27.85850216448307 7.4804358109831801 23.487396731972694 2.4495232179760924 57.908435627818108 6.9020620696246615 7.3554472960531703 3.7493682131171227 29.457254268229008 13.986035741865633 6.0964122563600567 60.524063672870398 3.8156080543994895 3.8703791238367558 5.5963540747761753 17.08792265504599 7.4689300097525111 13.608855888247488 3.6076155453920347 115.70743779838085 20.830666489899158 12.413477711379526 5.4023343138396731 55.386491019278765 117.01365316286683
leaf_count=159 628 68 77 302 90 263 49 372 18 282 50 50 22 233 112 29 297 22 21 31 174 50 56 19 574 158 62 37 228 530
internal_value=-3.67077e-06 -0.002385 0.000726056 0.00211135 0.0169195 0.00696214 -0.000500475 0.0174195 -0.00304475 -0.00302771 -0.0141988 -0.0100139 -0.0209797 -0.0367163 -0.0185132 0.0130221 0.000116305 -0.0379881 0.0200584 0.00352597 0.0168518 0.0304827 -0.0255159 0.047931 0.00103332 0.00929395 -0.00346493 -0.00136144 -0.002924 0.00198769
internal_weight=736.616 703.403 644.957 622.676 93.3598 74.5941 529.317 65.4223 41.9349 463.894 39.2667 39.4853 69.1358 58.4452 28.988 15.0019 394.759 22.2811 11.2274 30.0397 22.6843 35.3274 32.3646 7.35698 387.278 136.538 250.74 238.327 232.924 177.538
internal_count=5063 4435 3993 3812 811 509 3001 722 350 2279 196 332 344 442 209 97 1935 181 62 255 205 313 146 41 1886 732 1154 1092 1055 827
is_linear=0
shrinkage=0.05


Tree=42
num_leaves=31
num_cat=0
split_feature=6 1 4 4 4 0 5 2 2 2 5 3 0 2 0 2 3 0 0 1 4 4 4 4 4 4 4 2 4 4
split_gain=33.625 28.3279 9.78021 37.4255 29.5327 10.8098 9.45147 15.5282 9.36599 8.33176 15.404 8.18905 14.2334 11.6796 22.0905 8.03677 8.01626 7.66545 12.0298 12.0451 6.09765 12.7474 42.1565 29.5151 11.1217 22.0373 21.909 7.94431 7.42043 13.8049
threshold=0.20202592781167614 0.75961552443556102 -0.24578499939545764 -0.15374285239996058 -0.33782723843310175 -0.79516225884486869 -0.66729479009757864 -0.45436600236708119 -0.15282190267858006 -0.43380396045593289 -0.77662554651860782 0.28021387243794593 0.33526351918818315 -0.46265158438555704 0.09883762722424165 -0.45601644613842668 1.8898960730662877 -0.91556293691908641 -0.88992128970837792 1.3548067913565098 1.0000000180025095e-35 0.30646788257752478 0.39851002957302184 0.21442564353988061 0.85872076455050717 0.95076291154600423 0.76667852551286308 -0.39768386775305642 1.2268893525324958 1.1348471134948515
decision_type=2 2 2 2 2 2 2 2 2 2 2 2 2 2 2 2 2 2 2 2 2 2 2 2 2 2 2 2 2 2
left_child=1 2 4 -4 11 -5 9 -8 20 -7 -11 13 -13 14 -1 -15 -2 -3 -19 -20 -9 23 -23 -22 26 -26 -24 -27 29 -29
right_child=16 17 3 5 -6 6 7 8 -10 10 -12 12 -14 15 -16 -17 -18 18 19 -21 21 22 24 -25 25 27 -28 28 -30 -31
leaf_value=0.048698549031433523 0.05297541491326712 -0.044733482468937338 -0.069103493317423645 -0.044354603672407414 0.066055256335554841 -0.048028188963152182 0.051864232906267849 -0.020134236823241107 0.049312244897749463 0.053631044358062888 -0.076519318522774091 0.046926524535194226 -0.00064585572783099597 -0.037262872689873931 -0.079221554287689525 -0.003090357798075124 -0.075436736373680757 0.046977383632357698 -0.0088050809767472767 -0.057002515123256249 0.003159259727159359 -0.084218658477703642 0.0040334921582411308 0.0816384817314455 -0.073880703698142688 0.046376441465973625 0.069104002841820486 -0.0097888681325074521 -0.021347384835619983 0.076565088117692887
leaf_weight=21.128924321383241 33.119116295129061 36.743788950145245 20.345946274697781 12.81567634642124 21.304967507719994 16.495881356298927 16.676919151097536 31.714955501258373 10.186358492821453 6.7119044996798038 3.4379089809954149 26.66436306014657 38.318372253328562 21.067096516489983 4.0165118724107733 93.865693103522062 1.2616418674588192 6.7456603795289984 42.925070561468601 18.571280971169472 49.883753407746553 14.919332906603811 73.845145471394062 15.767318725585936 11.652894660830496 8.3640478700399381 15.683136314153669 15.240465566515924 31.990163043141365 6.6465357989072791
leaf_count=346 587 283 91 69 226 148 161 131 166 53 20 317 231 122 18 431 15 32 322 155 227 42 334 99 38 43 117 62 130 47
internal_value=-2.63104e-06 -0.00239465 0.00187197 -0.0032214 0.0100257 0.000697626 0.00245141 0.00496549 0.00222976 -0.0260968 0.00954697 0.00420447 0.0188745 -0.00260101 0.0282657 -0.00935415 0.0482632 -0.0263212 -0.0164074 -0.0233602 0.000490245 0.00317108 -0.00376297 0.0220075 0.00358208 -0.0107753 0.0154322 0.00103941 -0.00599884 0.0164347
internal_weight=728.111 693.73 588.744 362.378 226.366 342.032 329.217 302.571 285.894 26.6457 10.1498 205.061 64.9827 140.078 25.1454 114.933 34.3808 104.986 68.242 61.4964 275.708 243.993 178.342 65.6511 163.422 73.8941 89.5283 62.2412 53.8772 21.887
internal_count=5063 4461 3669 1978 1691 1887 1818 1597 1436 221 73 1465 548 917 364 553 602 792 509 477 1270 1139 813 326 771 320 451 282 239 109
is_linear=0
shrinkage=0.05


Tree=43
num_leaves=31
num_cat=0
split_feature=2 1 5 3 5 7 0 3 5 6 1 2 7 7 0 3 6 2 3 4 1 1 1 5 4 1 2 3 0 7
split_gain=31.7231 26.2679 12.5151 8.50159 13.7243 14.2295 9.5568 8.50657 18.1063 11.9465 9.1558 8.43753 8.11347 7.24142 11.308 7.11516 6.28301 6.07485 6.026 6.47789 5.78126 7.97396 5.53569 5.30064 6.40184 5.71508 5.68321 9.01274 5.42166 6.4828
threshold=0.19676597085561209 1.2779195046795269 -1.1980381072652599 0.97837290288751211 -0.066279727275328673 0.86162460496047677 1.3504548344195155 -1.2294918527492065 0.90004681355772054 -0.39938820083883714 0.19962641271934417 -0.32143602321805637 -0.85820046033938524 -0.81187088964406795 -0.88992128970837792 0.49815041188695208 -0.33245463629139843 -0.45835139539286102 -1.2447321691274367 0.95076291154600423 0.19962641271934417 -1.0473081786632019 -0.79169611427910169 0.050414532736126907 -1.1662064693504284 -1.438978628198343 -0.25693319524943425 -0.60631531604337974 -0.011552942454124868 -0.17380478815899916
decision_type=2 2 2 2 2 2 2 2 2 2 2 2 2 2 2 2 2 2 2 2 2 2 2 2 2 2 2 2 2 2
left_child=1 2 16 7 -5 6 -6 8 9 12 17 -12 -4 14 18 -13 -1 -9 19 -3 21 -14 -7 25 -25 26 27 -19 29 -27
right_child=-2 13 3 4 5 22 -8 10 -10 -11 11 15 20 -15 -16 -17 -18 23 -20 -21 -22 -23 -24 24 -26 28 -28 -29 -30 -31
leaf_value=-0.049889970047863302 0.049744083215902901 -0.011819078572865106 -0.05220166026267814 0.052969063830840504 -0.018778250813397571 0.0034412193033527163 0.031484546720216798 -0.045885892649067977 0.053326329913617548 0.10415255965709116 -0.032520882738741194 0.01923169603767845 -0.030701301910560943 -0.053441311350385726 -0.051467323675626703 -0.048389618701216462 0.021134633217592291 0.055695408699851894 -0.018995730848994002 0.083965980187162947 -0.028625315770803406 0.03946502720773723 0.063749371696280741 0.053596997604155351 0.0055406856230261238 0.017162998285129284 0.075890382506829016 -0.036165699458765653 -0.013931795197768533 -0.0096094828347366643
leaf_weight=17.354629427194599 30.68016866222024 2.9803564064204693 8.747127987444399 19.755619414150715 40.725097935646772 5.5559371188282993 12.317475635558365 7.0512130931019774 22.006669111549854 2.4408750757575026 44.590943925082684 18.128096956759695 5.7691731378436097 27.554231256246567 12.870910733938215 4.9529039524495593 3.7946335077285758 4.9977440834045401 7.4471093565225619 4.3290406614542007 9.7783607617020589 13.580566853284839 12.074185520410536 7.24300767853856 160.45142239704728 41.468995697796345 4.088884323835372 5.7332103699445716 109.73717804253101 49.723387587815523
leaf_count=159 628 23 77 319 195 45 87 49 372 18 227 94 34 233 112 23 22 28 51 23 73 148 165 53 826 228 30 22 466 233
internal_value=-4.61471e-07 -0.00222116 0.000667134 0.0019762 0.016127 0.00582835 -0.00710629 -0.000482323 0.0168489 -0.00306239 -0.00283983 -0.0198187 -0.00997187 -0.0353045 -0.0172158 0.00472098 -0.0371466 0.000102578 0.0126591 0.0449103 0.00270967 0.0185448 0.0447439 0.000948268 0.00761632 -0.00423457 0.0257299 0.00661692 -0.00644464 0.00256509
internal_weight=717.929 687.249 632.067 610.918 90.4283 70.6727 53.0426 520.49 62.3228 40.3161 458.167 67.6719 37.8752 55.1816 27.6274 23.081 21.1493 390.495 14.7565 7.3094 29.1281 19.3497 17.6301 383.444 167.694 215.749 14.8198 10.731 200.93 91.1924
internal_count=5063 4435 3993 3812 811 492 282 3001 722 350 2279 344 332 442 209 117 181 1935 97 46 255 182 210 1886 879 1007 80 50 927 461
is_linear=0
shrinkage=0.05


Tree=44
num_leaves=31
num_cat=0
split_feature=6 1 3 2 7 7 2 3 3 6 2 0 0 3 0 3 2 7 7 4 5 5 0 1 4 3 0 3 5 7
split_gain=29.9918 24.6879 8.90931 11.4474 13.905 9.56854 12.8731 8.98088 9.06187 8.16043 7.98625 8.00952 7.89232 7.53014 7.33494 6.39031 16.1569 14.2845 9.27206 7.56521 6.56888 6.26545 8.70994 6.01274 5.83733 4.94768 10.8888 9.24728 8.21347 8.8612
threshold=0.20202592781167614 0.97532326449953566 0.90994376042672809 -0.17231209418310087 0.26558778126905802 -0.77904261590794655 -0.46139035719728066 0.68286303115078406 0.60361343170493675 -0.39433179566134463 -0.45054768402603013 1.0861092374434731 0.97646373688526711 1.8898960730662877 -0.27567258358095698 -1.2294918527492065 -0.44644579680684154 -1.2447886784390492 -1.3417805677721177 0.95076291154600423 1.1183285548757507 0.90004681355772054 -0.60179964423319177 -0.05907055714199428 -2.362754472334037 -1.0970535034223874 -0.046937685070953881 -0.94007824472661794 1.067746771576741 1.9298660442956905
decision_type=2 2 2 2 2 2 2 2 2 2 2 2 2 2 2 2 2 2 2 2 2 2 2 2 2 2 2 2 2 2
left_child=1 2 5 4 -4 10 12 8 9 14 -1 23 21 -2 -8 16 17 -3 -17 20 -19 22 -7 -12 -20 26 -11 -27 -29 -30
right_child=13 15 3 -5 -6 6 7 -9 -10 25 11 -13 -14 -15 -16 18 -18 19 24 -21 -22 -23 -24 -25 -26 27 -28 28 29 -31
leaf_value=-0.053067144116669566 0.052220843304462528 -0.048107895558400088 -0.014110305907279824 0.052686605303945325 0.030137312905125793 -0.036775588590424721 -0.054076124651948103 -0.043511232909845432 0.045240231370221817 -0.0097274674178044595 -0.045550592601002901 0.063689091503746645 -0.030763421170376976 -0.072681152082475428 -0.00031069219659916034 0.023360879431205579 0.098562701715160725 -0.047512872787516099 0.017806957186426973 0.091999934589745022 0.038231561232582735 0.05366665265765061 0.033805838171342063 0.025042548889961685 -0.05248410829263455 -0.046807294217629095 0.062163202823898513 -0.0026123897623447322 0.036204982910969637 -0.034946337759676614
leaf_weight=15.724502921104429 30.727787386626009 19.73382680863142 36.950048618018627 17.125874049961567 34.179564952850342 5.9905686825513866 13.833606794476511 12.737520433962343 10.380855623632668 11.488006249070169 8.7443498149514198 3.5092333406209937 5.5198231041431418 1.2560394182801236 11.715988129377363 5.2129698246717444 3.0444872155785552 4.1389358714222926 3.1909114159643641 2.8699602037668219 4.852360412478447 19.34565756097436 16.166872166097164 4.604839403182269 39.7170470058918 10.973731823265551 9.7268482595682126 315.32634301483631 26.032232869416479 5.2600902318954459
leaf_count=160 587 169 183 308 321 41 103 66 74 55 37 26 23 15 52 34 22 30 42 17 39 349 182 36 318 45 65 1459 178 27
internal_value=8.60646e-07 -0.00223085 0.00132625 0.0159878 0.00715179 -0.00122552 0.000574307 -0.00215715 -0.000887074 -0.00207128 -0.0274361 -0.00352901 0.0254054 0.0473158 -0.0294215 -0.0278188 -0.0114431 -0.0220432 -0.0396068 0.0213212 -0.00123891 0.0328757 0.0147232 -0.0211993 -0.0472568 -0.000226573 0.0232339 -0.00161841 -0.000187756 0.0242448
internal_weight=710.081 678.097 595.337 88.2555 71.1296 507.081 474.498 427.475 414.738 404.357 32.5829 16.8584 47.0229 31.9838 25.5496 82.7605 34.6396 31.5951 48.1209 11.8613 8.9913 41.5031 22.1574 13.3492 42.908 378.807 21.2149 357.592 346.619 31.2923
internal_count=5063 4461 3790 812 504 2978 2719 2124 2058 1984 259 99 595 602 155 671 277 255 394 86 69 572 223 73 360 1829 120 1709 1664 205
is_linear=0
shrinkage=0.05


Tree=45
num_leaves=31
num_cat=0
split_feature=2 1 5 4 4 4 0 2 0 3 5 7 1 4 4 7 0 6 3 5 6 2 3 7 3 0 7 5 7 7
split_gain=28.4077 23.1426 10.9817 7.55082 35.8335 29.9628 18.2044 9.68512 23.3727 17.1239 13.1884 12.8892 9.59584 8.89551 11.6999 6.80523 10.2995 6.10273 5.94554 18.9283 13.8964 5.91862 5.33379 5.2422 13.9008 6.6241 5.21656 5.0917 4.55518 7.82015
threshold=0.19676597085561209 1.2779195046795269 -1.1980381072652599 -0.24578499939545764 -0.15374285239996058 -0.33782723843310175 -0.79516225884486869 -0.46265158438555704 0.12335412001622294 -0.84177820408703419 1.067746771576741 1.9298660442956905 -1.2632074522153121 -1.1662064693504284 -1.0741643223549311 -0.81187088964406795 -0.88992128970837792 -0.3174528036732836 -1.0676396928124032 -0.19161203774475136 -0.34422657263485096 -0.21963125476469939 -1.2447321691274367 0.92174756798189539 0.051151932513464518 0.97646373688526711 1.3356304753668569 -0.57967197018192596 0.20142416567211083 0.86162460496047677
decision_type=2 2 2 2 2 2 2 2 2 2 2 2 2 2 2 2 2 2 2 2 2 2 2 2 2 2 2 2 2 2
left_child=1 2 17 5 -5 7 26 8 -4 12 13 -12 -9 21 -15 16 22 -1 19 20 27 28 -3 -20 -25 -26 -6 -8 -11 -30
right_child=-2 15 3 4 6 -7 18 9 -10 10 11 -13 -14 14 -16 -17 -18 -19 23 -21 -22 -23 -24 24 25 -27 -28 -29 29 -31
leaf_value=-0.045894532470750954 0.049071011565590225 0.042237571605030763 0.048691143840813689 -0.068081729219384976 -0.058485617553985264 0.065451174796540376 -0.034713159873521277 0.027185381332510784 -0.082705032498416112 0.0491420321978321 0.055588401370506538 -0.04454936727413783 -0.038030447610071072 -0.082308821343131361 -0.0025423993029533125 -0.052423658313964706 -0.050612703635323809 0.040904885825442647 0.0035295350919592825 0.070175924870810785 0.10443707630414339 0.068832020206625516 -0.018275827493336141 -0.062692671143526973 -0.023714136427253646 0.040786887662619731 0.01012766298959109 0.013898861037032504 -0.052288923889278527 0.028930172181360687
leaf_weight=17.616177760064605 28.305579453706741 7.2751915007829666 24.355874627828602 19.785039193928242 15.719320625066759 21.266046393662691 13.922149829566481 6.642898552119731 3.9305997788906089 5.7897204458713594 21.252750042825941 3.7858612537384024 37.379178740084171 4.8582331836223593 85.515691768378019 25.62529756128788 11.997294016182421 2.2880422025918952 264.07297745719552 13.44681731238961 2.6822253540158298 6.326271127909421 7.2905763015151042 11.054452508687975 7.559891238808631 8.4069063216447812 3.3627944365143767 8.7859932929277402 5.0583533644676191 7.1571793854236603
leaf_count=168 628 46 412 92 94 236 105 34 16 31 247 21 204 14 451 233 112 13 1366 125 19 68 51 35 36 58 19 71 17 41
internal_value=3.45153e-07 -0.00205981 0.000623453 0.00183136 -0.00262219 0.00887094 0.00108861 0.00319669 0.0304327 -0.000995655 0.00757091 0.0404475 -0.0281894 0.000394408 -0.0068304 -0.034041 -0.0163072 -0.0359167 0.00383485 0.0222107 -0.00319187 0.0272293 0.0119489 0.00138318 -0.0195927 0.0102472 -0.0463941 -0.0159047 0.0126119 -0.004702
internal_weight=702.515 674.21 622.021 602.117 368.799 233.319 349.014 212.053 28.2865 183.766 139.744 25.0386 44.0221 114.705 90.3739 52.1884 26.5631 19.9042 329.931 38.8372 25.3904 24.3315 14.5658 291.094 27.0213 15.9668 19.0821 22.7081 18.0053 12.2155
internal_count=5063 4435 3993 3812 2020 1792 1928 1556 428 1128 890 268 238 622 465 442 209 181 1815 320 195 157 97 1495 129 94 113 176 89 58
is_linear=0
shrinkage=0.05


Tree=46
num_leaves=31
num_cat=0
split_feature=6 1 4 4 4 0 5 2 2 3 2 7 3 3 6 6 6 5 0 0 1 0 5 4 7 4 4 4 4 4
split_gain=26.7988 21.6522 7.58528 32.8181 26.5671 9.0362 7.31938 11.0084 8.17576 7.10778 7.03453 7.00668 6.7265 9.22023 10.1969 10.8134 6.59261 12.9811 6.5819 8.82146 10.7031 6.51972 6.60283 6.14619 6.05583 5.92638 10.3049 37.5936 28.6546 9.68748
threshold=0.20202592781167614 0.75961552443556102 -0.24578499939545764 -0.15374285239996058 -0.33782723843310175 -1.1017690559774416 -0.66729479009757864 -0.44504841469390521 -0.15282190267858006 1.8898960730662877 -0.15496332206069161 0.81527880674477571 0.2360169549410788 -1.2235481293616968 -0.38933618469065034 -0.32855831830872112 -0.39547483062184702 -0.77662554651860782 -0.91556293691908641 -0.88992128970837792 1.3548067913565098 0.91608359588794719 0.37720302436401082 -1.4423330023790664 -0.43425649031656161 1.0000000180025095e-35 0.30646788257752478 0.39851002957302184 0.21442564353988061 0.85872076455050717
decision_type=2 2 2 2 2 2 2 2 2 2 2 2 2 2 2 2 2 2 2 2 2 2 2 2 2 2 2 2 2 2
left_child=1 2 4 -4 10 -5 16 24 25 -2 11 -1 13 23 -15 21 -7 -18 -3 -20 -21 22 -16 -13 -8 -9 28 -28 -27 -29
right_child=9 18 3 5 -6 6 7 8 -10 -11 -12 12 -14 14 15 -17 17 -19 19 20 -22 -23 -24 -25 -26 26 27 29 -30 -31
leaf_value=-0.0067595564505691097 0.051486521233198093 -0.042171041405088358 -0.067473368341040341 -0.050845120431290615 0.064689949116188375 -0.048272462372548924 -0.023423723233644073 -0.0206205489478479 0.047949293317606702 -0.070174193161564244 0.046975997540908476 -0.044658419932496488 0.038735824206624254 -0.037559951574330203 -0.031043516376221998 -0.037905720308730018 0.042379335604867618 -0.071364568978449713 0.039075801006623806 -0.0074657728598497911 -0.055946902231496468 0.089287264204038999 0.035461991951473121 0.057256623612246108 0.048425461088855232 0.0010790271577876568 -0.081780274975932099 0.014440996147697003 0.079539418453026242 -0.010355670760170124
leaf_weight=109.18706114962697 28.562503676861528 32.900629878044128 18.63137187063694 8.2865223512053472 19.489671736955643 13.18811581656337 3.4560338035225895 31.264611661434174 9.1323273032903654 1.2532052025198925 8.876980319619177 1.7192119173705567 18.994518645107746 16.267701148986813 5.143053859472281 8.1589272469282204 7.4125297367572784 3.7913829758763296 6.8292689472436896 40.488156773149967 15.837325576692818 3.7688876688480368 13.604047298431395 10.602957144379614 19.367892861366272 49.347839243710041 14.196570888161657 86.450984574854374 15.227672208100556 72.352685123682022
leaf_count=578 587 283 91 44 226 143 25 129 166 15 151 16 237 107 19 31 57 22 32 322 155 21 84 221 183 223 41 438 98 318
internal_value=-2.93334e-07 -0.00208268 0.00163064 -0.00289327 0.00901157 0.000714845 0.00202871 0.00416483 0.00142396 0.0463729 0.00348419 0.00142453 0.0128429 0.00454418 -0.00556003 0.0114104 -0.0243135 0.00388861 -0.0240374 -0.0145906 -0.0210975 0.0292806 0.017217 0.0430372 0.0375459 -0.000156477 0.00253656 -0.00382555 0.0195809 0.00314336
internal_weight=693.791 663.975 567.92 352.107 215.813 333.475 325.189 300.797 277.973 29.8157 196.323 187.446 78.2593 59.2648 46.9426 30.6749 24.392 11.2039 96.0554 63.1548 56.3255 22.516 18.7471 12.3222 22.8239 268.84 237.576 173 64.5755 158.804
internal_count=5063 4461 3669 1978 1691 1887 1843 1621 1413 602 1465 1314 736 499 262 155 222 79 792 509 477 124 103 237 208 1247 1118 797 321 756
is_linear=0
shrinkage=0.05


Tree=47
num_leaves=31
num_cat=0
split_feature=2 1 5 3 5 0 7 0 4 7 0 3 0 4 3 2 0 5 5 3 0 0 1 2 7 6 5 5 3 6
split_gain=25.4766 20.1328 10.146 6.92356 12.6242 13.5692 12.2797 8.46485 7.91438 6.44993 9.40723 6.27261 6.84526 9.71756 7.27423 6.80645 5.81729 5.66331 5.60082 12.1602 6.27499 6.2178 5.91456 5.74617 6.93098 5.72454 6.97878 10.5997 7.3192 8.7218
threshold=0.19676597085561209 1.2779195046795269 -1.2075260891967436 0.97837290288751211 0.087454868667301192 1.6724426746176546 0.21460091222363373 0.65458585431633864 0.21442564353988061 -0.81187088964406795 -0.88992128970837792 0.68286303115078406 -1.166225746299419 -0.24578499939545764 0.60361343170493675 -0.46265158438555704 -0.4593602482013544 0.18831013365909852 0.050414532736126907 -1.2294918527492065 0.47619257875424831 0.88734944934584081 0.088103950994934441 -0.42201092308645366 -0.6594782457212226 -0.32289317831693826 -0.77662554651860782 -0.68409092146746275 0.21292240435448043 -0.30721172444123568
decision_type=2 2 2 2 2 2 2 2 2 2 2 2 2 2 2 2 2 2 2 2 2 2 2 2 2 2 2 2 2 2
left_child=1 2 -1 11 16 6 -6 -8 -9 10 -3 12 13 15 18 -4 -5 -13 20 -20 25 -22 -21 -23 -25 -14 -27 -28 29 -29
right_child=-2 9 3 4 5 -7 7 8 -10 -11 -12 17 14 -15 -16 -17 -18 -19 19 22 21 23 -24 24 -26 26 27 28 -30 -31
leaf_value=-0.046244055271731484 0.048409492013892774 0.011611010872630514 0.059505500145728599 -0.035344350630176574 -0.036890897656529476 0.068089049003481672 0.049135607817241939 -0.027273363477551528 0.055424508675307654 -0.051164082650110382 -0.049742510563258201 -0.046720190210909354 -0.0061801555898410828 -0.059688526273862286 0.043823203786353723 -0.016888908735728372 0.04643090737820519 0.014703748364035636 0.042808829743055644 0.0070470608155447645 -0.046719221692578194 -0.046486874580186889 -0.017810769600536524 0.045365783788982331 -0.0097103714739770058 0.071284138925185148 -0.072634808384793845 0.055695825635821872 0.034039988943577661 -0.0093929483125469934
leaf_weight=11.35845775157213 26.142971966415644 14.382321916520597 3.7809502631425884 2.3543969020247486 21.633570320904255 6.4977080710232249 10.364646695554258 12.758737731724979 3.7415540367364875 24.040279343724251 11.046286091208456 13.257224209606649 108.83801103755832 11.228725820779799 10.057993512600659 12.740290116518738 28.508257994428277 5.2342408113181582 21.447056546807289 142.43480031937361 13.389209143817423 8.9951459318399412 28.761716648936272 6.4401649571955195 50.538715209811926 4.6187787912785998 3.8673755899071685 5.9974946975707999 24.831480741500854 36.283703185617924
leaf_count=115 628 97 82 21 95 59 155 67 26 233 112 66 637 72 71 88 388 35 356 750 48 64 150 39 212 44 18 32 153 150
internal_value=1.10912e-06 -0.00191803 0.000569984 0.00145828 0.0145991 0.000236639 -0.00885406 0.0137232 -0.00852106 -0.0325958 -0.0150412 -0.000742155 0.00032753 -0.0237985 0.00176267 0.00059425 0.0401926 -0.0293334 0.000835847 0.00731715 -0.00389721 -0.015653 0.00287084 -0.00934827 -0.00348527 0.00116133 0.0117307 0.00785547 0.0124937 -0.000160249
internal_weight=685.572 659.429 609.96 598.602 85.8589 54.9962 48.4985 26.8649 16.5003 49.4689 25.4286 512.743 494.252 27.75 466.502 16.5212 30.8627 18.4915 456.444 192.644 263.8 79.3632 171.197 65.974 56.9789 184.437 75.5988 70.9801 67.1127 42.2812
internal_count=5063 4435 3993 3878 811 402 343 248 93 442 209 3067 2966 242 2724 170 409 101 2653 1256 1397 363 900 315 251 1034 397 353 335 182
is_linear=0
shrinkage=0.05


Tree=48
num_leaves=31
num_cat=0
split_feature=2 1 5 3 5 0 7 0 5 7 0 0 3 0 4 7 3 5 1 5 3 0 0 3 1 4 3 0 3 3
split_gain=23.9981 18.6766 9.50633 6.38063 12.1109 12.0897 9.74917 6.35547 9.1955 6.20065 8.8752 5.98059 5.65578 6.32098 9.2437 6.72253 6.67169 5.63286 5.32283 5.07907 11.3889 5.72186 7.78939 6.5851 9.19628 10.8342 12.3837 7.4824 7.37667 9.36586
threshold=0.19676597085561209 1.2779195046795269 -1.2075260891967436 0.97837290288751211 -0.03016219410641437 1.6724426746176546 0.25039882218996296 0.65458585431633864 0.26904241267568801 -0.81187088964406795 -0.88992128970837792 1.1750349452891977 0.68286303115078406 -1.166225746299419 -0.24578499939545764 1.9298660442956905 0.60361343170493675 0.16650340050263726 -0.21613842206358094 0.050414532736126907 -1.2294918527492065 1.0508001909799718 1.7383792152987647 0.28021387243794593 -0.48726836259587936 -0.52191153242409583 -0.15154427531699513 0.39403016175515826 -0.41123926640203518 -0.020934763955563481
decision_type=2 2 2 2 2 2 2 2 2 2 2 2 2 2 2 2 2 2 2 2 2 2 2 2 2 2 2 2 2 2
left_child=1 2 -1 12 -5 6 17 -8 -9 10 -3 -10 13 14 15 -4 19 -6 -14 -15 -21 23 -23 24 -22 26 -26 -25 -27 -30
right_child=-2 9 3 4 5 -7 7 8 11 -11 -12 -13 18 16 -16 -17 -18 -19 -20 20 21 22 -24 27 25 28 -28 -29 29 -31
leaf_value=-0.045619377735523679 0.048011082535412253 0.010980095762193214 0.014195067061564976 0.047940804528572273 -0.00051534902293413974 0.066623298388068006 0.048513625493567941 0.064153680491217432 -0.051155809765435462 -0.050390916189210391 -0.04924284180680108 0.018024559584227617 -0.011491545190289609 -0.0037152787630107195 -0.059053606261969677 -0.075062925047939863 0.042266122907243367 -0.043847300765661366 -0.071819657994792771 0.041879759117160409 -0.03539053231511196 0.023725033616657672 -0.01044497774772476 0.059469913064923045 -0.040150920436184734 0.057758853494520625 0.04300359448309507 -0.0082411382707567506 -0.041948405733847061 0.037476328425969672
leaf_weight=10.94872986525297 25.06915146112442 14.446590766310694 13.834862008690839 20.162793649360538 14.106098510324957 6.7870247811079016 10.375724967569115 4.0818402804434326 7.4177361428737623 23.209885478019714 10.611500173807142 5.3970874845981598 13.488342531025411 262.91668633371592 10.793037101626394 2.4890130013227454 9.9109013639390451 16.01419585198164 5.0160139426589003 20.842214092612267 26.696545578539371 52.406941749155521 24.463944308459759 7.6276420131325748 20.24764217436314 9.9438595697283763 5.7484862729907027 8.7723068594932538 6.6694407463073739 8.3697021119296515
leaf_count=115 628 97 153 343 72 65 158 35 30 233 112 36 77 1397 72 17 71 72 24 356 106 272 113 75 120 64 40 41 26 43
internal_value=2.5854e-06 -0.00183825 0.000547688 0.00139782 0.0141375 0.00351784 -0.00394475 0.017712 -0.00120231 -0.0317702 -0.0145229 -0.0220198 -0.000708061 0.000313119 -0.0231521 0.00058529 0.00168265 -0.0235538 -0.0278448 0.000798075 0.00698528 0.00273086 0.0128505 -0.0055381 -0.0116165 0.000833347 -0.0217631 0.0232514 0.0243461 0.00225367
internal_weight=678.866 653.797 605.529 594.58 84.3425 64.1797 57.3927 27.2724 16.8967 48.268 25.0581 12.8148 510.238 491.733 27.1169 16.3239 464.616 30.1203 18.5044 454.705 191.789 170.947 76.8709 94.0756 77.6757 50.9791 25.9961 16.3999 24.983 15.0391
internal_count=5063 4435 3993 3878 811 468 403 259 101 442 209 66 3067 2966 242 170 2724 144 101 2653 1256 900 385 515 399 293 160 116 133 69
is_linear=0
shrinkage=0.05


Tree=49
num_leaves=31
num_cat=0
split_feature=2 1 5 4 4 4 0 3 2 0 3 1 5 4 4 2 7 0 7 5 4 4 4 4 4 4 4 4 4 4
split_gain=22.6034 17.314 8.90422 5.9662 31.7711 26.9927 14.3198 7.37669 9.59699 20.7708 9.94108 9.02272 7.99308 6.85708 8.01486 7.63901 5.9533 8.37201 5.02064 4.95802 4.76491 13.2691 25.4216 12.823 31.9246 16.5817 8.7552 7.45562 38.7841 38.3848
threshold=0.19676597085561209 1.2779195046795269 -1.2075260891967436 -0.24578499939545764 -0.15374285239996058 -0.33782723843310175 -0.79516225884486869 1.0147971523492674 -0.46265158438555704 0.12335412001622294 -0.84177820408703419 -1.2632074522153121 0.26904241267568801 -1.1662064693504284 -0.89008012040608409 -0.25850395920746977 -0.81187088964406795 -0.88992128970837792 1.3356304753668569 0.1294406426364649 1.5030157014768397 1.2268893525324958 1.1348471134948515 0.85872076455050717 0.76667852551286308 0.95076291154600423 1.3189314995279926 0.30646788257752478 0.39851002957302184 0.21442564353988061
decision_type=2 2 2 2 2 2 2 2 2 2 2 2 2 2 2 2 2 2 2 2 2 2 2 2 2 2 2 2 2 2
left_child=1 2 -1 5 -5 7 18 8 9 -4 11 -10 13 15 -15 -12 17 -3 -6 -16 21 22 23 24 27 -25 -23 29 -29 -8
right_child=-2 16 3 4 6 -7 20 -9 10 -11 12 -13 -14 14 19 -17 -18 -19 -20 -21 -22 26 -24 25 -26 -27 -28 28 -30 -31
leaf_value=-0.044988786335574911 0.047609651752162092 0.010386214534044575 0.04496340461593664 -0.06630641251521649 -0.056715155489416538 0.06401274748618288 -0.0037077122276532046 0.027113523863119916 0.027302727460184029 -0.080986662702822079 -0.010012327822815923 -0.036232406922728139 0.020968069758099197 -0.045853944771207848 0.0022607728358180427 0.059023820370459293 -0.049601006764961639 -0.048735771977579279 0.012050256314110788 -0.052058164197751867 0.024685904034710614 -0.072870052203847333 0.076904508305749505 -0.069831234920766802 0.068729506631275403 0.00042534034555452642 -0.011044259986641804 -0.078822324513908859 0.0040686154567222211 0.075353785526760711
leaf_weight=10.557065755128859 24.042541719973087 14.507405340671541 22.509963996708397 18.576390400528908 13.950702451169493 19.471986226737499 94.332703668624163 26.350017800927162 6.6053206250071517 3.83039516955614 8.8983258381485957 36.278504952788353 36.731761686503887 15.96260556951165 36.062204122543335 7.2897018678486338 22.420696213841438 10.196361772716044 3.2780589982867232 4.7548289820551863 23.782580997794867 9.0430665984749794 11.632501389831303 13.648661263287066 18.47875390201807 21.832510951906443 15.611865274608135 16.85626794397831 86.670007061213255 18.336289640516043
leaf_count=115 628 97 416 96 94 236 479 313 34 17 37 206 238 61 171 54 233 112 19 16 152 36 105 56 162 121 89 54 475 141
internal_value=3.68402e-06 -0.00176138 0.000525765 0.0013391 -0.00259816 0.0077515 0.000807955 0.00241463 -0.00122276 0.0266478 -0.00603405 -0.0264462 0.00194549 -0.00763043 -0.0158146 0.0210756 -0.0309466 -0.0140161 -0.0436314 -0.00406691 0.00312648 0.00145328 0.00453085 0.00141454 0.00565023 -0.0266005 -0.0337211 0.000258688 -0.00942778 0.00915913
internal_weight=672.5 648.458 601.333 590.776 366.03 224.746 347.454 205.274 178.924 26.3404 152.583 42.8838 109.699 72.9677 56.7796 16.188 47.1245 24.7038 17.2288 40.817 330.225 306.443 281.788 270.155 234.674 35.4812 24.6549 216.195 103.526 112.669
internal_count=5063 4435 3993 3878 2079 1799 1983 1563 1250 433 817 240 577 339 248 91 442 209 113 187 1870 1718 1593 1488 1311 177 125 1149 529 620
is_linear=0
shrinkage=0.05


Tree=50
num_leaves=31
num_cat=0
split_feature=6 1 3 4 4 4 0 2 2 0 3 5 7 1 5 7 1 5 4 4 7 4 4 4 4 5 4 4 4 4
split_gain=21.5421 16.4492 8.76635 8.03414 28.7504 25.0889 13.641 8.9146 7.48301 18.9481 11.515 12.9882 11.661 8.4132 7.46186 6.8041 8.19661 6.67716 5.80913 9.41054 5.22444 4.97319 8.95959 41.2365 26.4815 8.53077 6.62987 25.4864 24.4181 7.72659
threshold=0.20202592781167614 1.3548067913565098 1.9618303968521664 -0.24578499939545764 -0.15374285239996058 -0.33782723843310175 -0.79516225884486869 -0.15496332206069161 -0.46265158438555704 0.09883762722424165 -0.84177820408703419 1.067746771576741 1.9959282797775246 -1.2632074522153121 -0.94660553505273415 -1.0456770033316791 1.9668001027168092 -1.2075260891967436 -1.1662064693504284 -1.0741643223549311 1.3792175951173373 1.0000000180025095e-35 0.30646788257752478 0.39851002957302184 0.21442564353988061 -0.36444661887830648 0.85872076455050717 0.95076291154600423 0.76667852551286308 1.2268893525324958
decision_type=2 2 2 2 2 2 2 2 2 2 2 2 2 2 2 2 2 2 2 2 2 2 2 2 2 2 2 2 2 2
left_child=1 3 -2 5 -5 7 20 8 9 14 13 18 -13 -10 -1 16 -3 -8 -12 -20 -6 -19 24 -24 25 -23 28 -28 -25 -29
right_child=2 15 -4 4 6 -7 17 -9 10 -11 11 12 -14 -15 -16 -17 -18 21 19 -21 -22 22 23 26 -26 -27 27 29 -30 -31
leaf_value=-0.041791800446058042 0.050159080645603552 -0.034743155536845864 -0.1111859543444057 -0.065294294071728737 -0.056103100450425061 0.063318700340583067 -0.041482072240894952 0.048641718588928406 0.025877333768325458 -0.078236773688605724 0.020041555759088437 0.050501564630730002 -0.062140711011774014 -0.035420413116743314 0.05064888084859797 -0.053406589820025413 0.032426031333980129 -0.015030824735637747 -0.077405556741454995 -0.0052785817609878353 0.01520986404492824 -0.037431505973443226 -0.076960148941942821 0.0033999796524366126 0.073789557734740482 0.012372730239877637 -0.068678487702724444 0.025336971971303603 0.067667549308656108 -0.0060937925562744577
leaf_weight=2.4317378364503446 25.003235353156928 13.649595234543087 0.87120885029435058 18.33714847266674 14.733809538185598 18.608850888907909 8.9205854572355729 10.056031651794909 6.620300479233264 3.8601673915982238 20.909264151006937 20.543430823832754 2.5869100317358962 36.240946002304554 21.345075137913227 19.998095318675041 6.8068123310804358 36.479765210300684 4.7991700023412696 78.386801723390818 3.1104728616774073 10.585315763950346 16.333912782371044 86.647190392017365 17.268474936485291 45.795749962329865 13.087184429168699 32.616150502115488 17.819325592368841 48.821367565542459
leaf_count=21 593 140 9 102 105 235 103 185 34 19 115 256 11 210 412 219 31 185 16 364 18 56 54 478 136 231 56 223 164 282
internal_value=2.80148e-06 -0.0018127 0.0447265 0.000278296 -0.00425561 0.00769946 -0.00107783 0.00271818 0.000382556 0.0245132 -0.00353837 0.00401274 0.0379036 -0.0259524 0.0411946 -0.0326674 -0.0123928 0.00119527 -0.00351793 -0.00943974 -0.0436724 0.00236504 0.00456107 -0.000587913 0.0196149 0.00302219 0.00568099 -0.00391348 0.0143624 0.00649439
internal_weight=663.274 637.4 25.8744 596.945 370.556 226.389 352.219 207.78 197.724 27.637 170.087 127.226 23.1303 42.8612 23.7768 40.4545 20.4564 334.375 104.095 83.186 17.8443 325.454 288.975 215.325 73.6495 56.3811 198.991 94.5247 104.467 81.4375
internal_count=5063 4461 602 4071 2193 1878 2091 1643 1458 452 1006 762 267 244 433 390 171 1968 495 380 123 1865 1680 1257 423 287 1203 561 642 505
is_linear=0
shrinkage=0.05


Tree=51
num_leaves=31
num_cat=0
split_feature=2 1 5 7 0 3 2 7 3 3 0 4 7 0 0 1 3 3 3 2 3 3 7 6 4 2 5 2 1 5
split_gain=20.2078 15.0232 7.81626 5.48809 7.75506 5.24665 10.1005 11.8425 8.15851 5.51856 4.86639 7.51937 6.02139 4.80524 9.73388 4.69601 4.44796 4.43458 4.32 9.28645 4.20264 4.21373 8.81464 5.28909 4.79538 3.97681 3.96626 3.82382 3.52845 3.50452
threshold=0.19676597085561209 1.2779195046795269 -1.2075260891967436 -0.81187088964406795 -0.88992128970837792 0.90994376042672809 -0.17231209418310087 0.25039882218996296 0.68286303115078406 0.60361343170493675 -1.166225746299419 -0.24578499939545764 1.9298660442956905 1.3119173753318583 0.78261853570006845 -0.3209887187422133 1.5227568972356751 -1.2447321691274367 -0.84177820408703419 -0.46265158438555704 0.5557588230369781 0.42743532865164818 -0.20744443791430311 -0.32907372651871886 1.0000000180025095e-35 -0.34112652659197085 -0.29792424116667887 -0.26500037176681285 -0.79926088106645266 0.21982556466967981
decision_type=2 2 2 2 2 2 2 2 2 2 2 2 2 2 2 2 2 2 2 2 2 2 2 2 2 2 2 2 2 2
left_child=1 2 -1 4 17 8 7 29 9 10 11 12 18 14 -9 -10 -16 -3 19 -4 21 -12 24 -24 -23 -19 -26 -25 -22 -7
right_child=-2 3 5 -5 -6 6 -8 13 15 -11 20 -13 -14 -15 16 -17 -18 25 -20 -21 28 22 23 27 26 -27 -28 -29 -30 -31
leaf_value=-0.043717619480025588 0.046928522643232745 0.037325961596939031 0.058732918054386386 -0.04822353932220208 -0.048155607950567142 -0.0023318139941650245 0.048644745500063508 0.042491462103488961 -0.017261857740878458 0.037047188197406065 0.00016155300514034379 -0.057428330518111741 -0.072061762609325203 0.054987524773911105 0.0080915854132877565 -0.080059892991031889 -0.058704820716888373 -0.049064838974680981 0.049506613267140898 -0.051344134134217394 0.0099130827509342229 -0.042853262994180415 -0.00065890792317663336 0.074460465959901995 0.050402529405839148 0.027616483360706674 -0.020607052161247134 0.010061714488054018 -0.045933962312665784 -0.033682805419159738
leaf_weight=9.8325189128518087 22.16541339084506 7.3119505122303963 3.08512134850025 20.948085259646177 9.5149212256073934 22.27832980081439 15.878401238471268 12.783925695344807 8.2167319692671281 10.005497686564921 398.57703034579754 9.3478569947183114 2.4864031746983519 10.120303034782408 5.2932488881051523 4.6683723106980315 4.7098519429564476 4.2113397419452667 4.9756953902542618 5.0560328736901283 4.2204957529902449 6.3347122967243177 5.1368859857320777 9.836176034063099 4.0115484036505222 2.8250385075807589 3.8573550283908844 3.0105774477124241 8.5740229338407499 14.859282068908213
leaf_count=115 628 46 77 233 112 122 316 184 43 74 2375 71 17 100 31 23 18 26 38 36 26 34 34 79 27 25 17 22 39 75
internal_value=3.37579e-06 -0.00164246 0.000487249 -0.0295477 -0.0131534 0.00124011 0.012639 0.00447693 -0.000753035 0.000304157 -0.000480528 -0.021966 -0.000720633 0.0263175 0.0135844 -0.0400141 -0.0233588 0.0100579 0.0128026 -0.00963002 0.000728075 0.00156685 0.0189688 0.0422224 -0.0104734 -0.018278 0.0155935 0.0593689 -0.0275118 -0.0148758
internal_weight=654.133 631.968 587.156 44.8113 23.8632 577.324 85.9233 70.0449 491.401 478.515 468.51 24.9511 15.6033 32.9073 22.787 12.8851 10.0031 14.3483 13.1168 8.14115 443.559 430.764 32.1873 17.9836 14.2036 7.03638 7.8689 12.8468 12.7945 37.1376
internal_count=5063 4435 3993 442 209 3878 846 530 3032 2966 2892 239 168 333 233 66 49 97 151 113 2653 2588 213 135 78 51 44 101 65 197
is_linear=0
shrinkage=0.05


Tree=52
num_leaves=31
num_cat=0
split_feature=6 1 3 4 4 4 0 2 2 0 3 5 7 1 5 7 0 5 4 4 4 0 5 5 7 7 7 3 4 4
split_gain=19.1919 14.4163 7.9997 7.20174 26.9661 23.7672 12.1051 8.164 6.99836 17.7223 10.2187 11.8147 10.459 7.73417 6.8621 6.31087 7.65937 5.78911 5.13066 8.7103 5.04693 4.98613 8.29298 8.36924 4.97808 4.77668 5.16978 4.65681 4.44042 8.20443
threshold=0.20202592781167614 1.3548067913565098 1.9618303968521664 -0.24578499939545764 -0.15374285239996058 -0.33782723843310175 -0.79516225884486869 -0.15496332206069161 -0.46265158438555704 0.09883762722424165 -0.84177820408703419 1.067746771576741 2.2888187951820012 -1.2632074522153121 -0.94660553505273415 -1.0456770033316791 -0.88992128970837792 -1.2075260891967436 -1.1662064693504284 -1.0741643223549311 -0.33782723843310175 -0.3155233992441186 -0.38634794457304028 0.8360412980496148 1.3792175951173373 1.0000000180025095e-35 1.3049280068009932 -1.2447321691274367 1.0000000180025095e-35 0.30646788257752478
decision_type=2 2 2 2 2 2 2 2 2 2 2 2 2 2 2 2 2 2 2 2 2 2 2 2 2 2 2 2 2 2
left_child=1 3 -2 5 -5 7 24 8 9 14 13 18 -13 -10 -1 16 20 -8 25 -20 -3 -15 -23 -24 -6 -12 -27 -22 -19 -30
right_child=2 15 -4 4 6 -7 17 -9 10 -11 11 12 -14 21 -16 -17 -18 28 19 -21 27 22 23 -25 -26 26 -28 -29 29 -31
leaf_value=-0.040812774526795464 0.049350306897642637 -0.043930359524737041 -0.10428461012889279 -0.064626743986929053 -0.054948989484344492 0.062715524487173185 -0.040055263902314536 0.047824323045880981 0.024828782571644854 -0.076687933551442766 0.069398058728697781 0.04682296679845234 -0.079022277680131439 -0.050512084254797154 0.049958825132931373 -0.052177785433871054 -0.053101671800074857 -0.014283604708352987 -0.075643670954358394 -0.0050674444921194137 0.056838300560224791 -0.061046579141331631 0.059544655759613076 -0.033252641079444534 0.015381872388068771 -0.0094336140182746629 0.052456004618076896 -0.015094508530727148 0.018743062289183057 -0.00069293818375929525
leaf_weight=2.3177304640412393 23.257311942055825 3.0830878391861924 0.87932897731661697 17.495816301554441 13.887273721396925 17.834986304864287 8.3275417573750001 9.4838472269475442 6.6116606295108786 3.7409898228943339 3.8045806810259846 20.499807462096218 1.7956585139036167 20.038014195859432 20.478057000786066 18.683273207396269 7.1291437447071067 36.381455596536398 4.6307216435670844 78.175581898540258 5.9485598728060713 5.6135794818401328 5.0909359157085401 4.6480604708194733 3.0726814754307261 12.384949408471586 4.6378043293952933 3.6186647415161142 72.87922378629446 212.9494476672262
leaf_count=21 593 23 9 102 105 235 103 185 34 19 25 260 7 144 412 219 91 185 16 364 34 21 26 19 18 60 30 23 423 1257
internal_value=4.47843e-06 -0.00168438 0.0437532 0.000259435 -0.0040585 0.00736544 -0.00100901 0.00252524 0.00031609 0.0241769 -0.00345444 0.00366878 0.0366875 -0.0248109 0.0407297 -0.0313389 -0.0116548 0.00110486 -0.00343478 -0.00901423 0.0117027 -0.0340846 -0.0126436 0.015256 -0.042207 0.0187483 0.00742805 0.0296308 0.00216865 0.00426276
internal_weight=649.38 625.243 24.1366 586.78 364.993 221.787 347.498 203.952 194.468 26.5368 167.931 125.929 22.2955 42.0023 22.7958 38.4627 19.7795 330.538 103.634 82.8063 12.6503 35.3906 15.3526 9.739 16.96 20.8273 17.0228 9.56722 322.21 285.829
internal_count=5063 4461 602 4071 2193 1878 2091 1643 1458 452 1006 762 267 244 433 390 171 1968 495 380 80 210 66 45 123 115 90 57 1865 1680
is_linear=0
shrinkage=0.05


Tree=53
num_leaves=31
num_cat=0
split_feature=2 1 5 7 0 4 4 4 0 2 0 3 5 7 0 4 4 5 6 7 4 5 5 2 4 4 4 4 4 4
split_gain=18.0838 13.0889 7.70745 7.18179 7.79065 5.17701 26.1191 22.6258 11.4127 6.83311 17.4098 11.4878 9.28254 13.2208 7.47549 7.24764 8.40022 5.91717 8.09554 5.0072 4.40073 4.06642 6.68215 4.89767 3.86071 11.4045 23.5137 11.3847 28.4481 14.0364
threshold=0.19676597085561209 1.3548067913565098 -1.2084236672821309 -1.0456770033316791 -0.88992128970837792 -0.24578499939545764 -0.15374285239996058 -0.33782723843310175 -0.79516225884486869 -0.46265158438555704 0.12335412001622294 -0.47768704581111826 1.067746771576741 2.5781554836224578 -0.33463611165396884 -1.1662064693504284 -1.0741643223549311 -0.48765445100667165 -0.32289317831693826 1.7397606430012456 -0.33782723843310175 -0.55705594530913183 0.73300199645192177 -0.4358445192622965 1.5030157014768397 1.2268893525324958 1.1348471134948515 0.85872076455050717 0.76667852551286308 0.95076291154600423
decision_type=2 2 2 2 2 2 2 2 2 2 2 2 2 2 2 2 2 2 2 2 2 2 2 2 2 2 2 2 2 2
left_child=1 2 -1 4 20 7 -7 9 19 10 -4 14 15 -14 -11 17 -17 -13 -19 -8 -3 -16 23 -23 25 26 27 28 -10 -29
right_child=-2 3 5 -5 -6 6 8 -9 24 11 -12 12 13 -15 21 16 -18 18 -20 -21 -22 22 -24 -25 -26 -27 -28 29 -30 -31
leaf_value=-0.045840804340812828 0.046250512344240324 -0.038779183438790776 0.044270070505624773 -0.053291182330050084 -0.052945906745286597 -0.064349808810534592 -0.05314607351098645 0.062097326589284241 -0.00020714886642458951 -0.040420208949995214 -0.075946727481456811 0.071835520871152594 0.050401311781008012 -0.1011289663485407 -0.028916226520689703 -0.074545022971999095 -0.0019934630267414502 -0.02187740165609682 0.048050121138757104 0.021488711975371798 0.02919518657721806 0.068304565649984161 -0.028192468771721498 -0.0033058074001658787 0.021487110606676546 -0.031556803076033028 0.075087520705748145 -0.067397032146127675 0.066793540410434338 -0.0016389292383746875
leaf_weight=8.9043457359075529 20.464073644950986 3.1259748935699472 21.055859029293064 17.692763678729534 6.8008982464671126 16.368314508348703 13.474497340619566 17.239338466897607 214.07737614028156 25.317412905395031 3.5142865628004065 5.4420644361525801 18.234942633658651 1.5628223605453957 8.8451294749975222 4.2032861411571494 78.504133507609367 8.6072761975228822 7.9727857895195458 2.6970660090446463 9.9922942146658897 5.7832850515842429 6.0007112100720397 4.066636696457862 24.345757551491261 24.995445165783167 11.076109739020465 12.860850922763346 17.109040638431907 21.992241483181715
leaf_count=112 628 26 421 214 91 96 107 236 1157 172 17 49 253 5 38 15 432 40 66 15 64 31 25 16 158 132 105 57 162 123
internal_value=3.09635e-06 -0.0015188 0.000321709 -0.0301086 -0.00951724 0.00103614 -0.00264581 0.00714573 0.000301965 0.00238792 0.0270754 -0.00108734 0.00704192 0.0384396 -0.0213283 0.00110659 -0.00568062 0.026597 0.0117484 -0.0406986 0.0129975 -0.00175582 0.0134005 0.0387395 0.00233299 0.000789451 0.00370704 0.000735231 0.00475126 -0.0259038
internal_weight=642.327 621.863 584.251 37.6119 19.9192 575.347 358.997 216.35 342.628 199.111 24.5701 174.54 124.527 19.7978 50.0132 104.73 82.7074 22.0221 16.5801 16.1716 13.1183 24.6958 15.8506 9.84992 326.457 302.111 277.116 266.04 231.186 34.8531
internal_count=5063 4435 4040 395 181 3928 2112 1816 2016 1580 438 1142 860 258 282 602 447 155 106 122 90 110 72 47 1894 1736 1604 1499 1319 180
is_linear=0
shrinkage=0.05


Tree=54
num_leaves=31
num_cat=0
split_feature=6 1 3 4 4 4 0 2 7 2 0 2 5 7 7 7 3 6 7 7 0 0 5 7 3 5 2 5 7 3
split_gain=17.1719 12.5407 7.42998 6.06063 24.0906 21.2677 10.4566 7.37852 6.20361 8.05338 14.8116 9.21726 9.04936 11.289 6.28735 5.84066 6.76982 6.00061 6.22258 5.74571 6.85578 5.57989 5.02249 4.78866 4.17271 17.4224 13.6047 6.92761 4.5482 11.6993
threshold=0.20202592781167614 1.3548067913565098 1.9618303968521664 -0.24578499939545764 -0.15374285239996058 -0.33782723843310175 -0.79516225884486869 -0.15496332206069161 -0.57219041357757583 -0.46265158438555704 0.12335412001622294 -0.44882696580738807 1.067746771576741 2.5781554836224578 1.7069485967855076 0.13554043291449702 0.10677908729400419 -0.32514326332362692 0.75234848269698607 -1.0456770033316791 -0.88992128970837792 -0.27567258358095698 -1.2075260891967436 1.7397606430012456 -1.0676396928124032 -0.19161203774475136 -0.43380396045593289 -0.58544351638749659 0.92174756798189539 0.051151932513464518
decision_type=2 2 2 2 2 2 2 2 2 2 2 2 2 2 2 2 2 2 2 2 2 2 2 2 2 2 2 2 2 2
left_child=1 3 -2 5 -5 7 23 8 -1 10 -10 21 14 -14 15 -13 -17 -18 -19 20 -3 -11 -8 -6 25 26 27 -24 -26 -30
right_child=2 19 -4 4 6 -7 22 -9 9 11 -12 12 13 -15 -16 16 17 18 -20 -21 -22 -23 24 -25 28 -27 -28 -29 29 -31
leaf_value=-0.036893572133790339 0.048649531262865774 0.010492164065338339 -0.09883106740098356 -0.063509864666917645 -0.052622781249163302 0.06151009546501094 -0.038644509541615427 0.046709962184238486 0.045921484606629814 -0.047757377188323492 -0.08051011592076468 0.0081894306756730758 0.043562223622562055 -0.095773634677485467 0.055331232820328702 -0.035174574260541859 -0.020851045686318407 0.0011861086922561527 0.070720189796198332 -0.050794340803798757 -0.052798236758596219 -0.00013502172338529994 -0.044761751856372031 0.020400714047764598 0.0017757340219040276 0.066814088719273218 0.056994754767290295 0.011221332205184455 -0.060246778666105484 0.0079140014103280028
leaf_weight=10.612778052687643 21.675038596615199 12.570268053561451 0.88902805373072524 16.10427924990654 13.353330150246622 16.446298627182841 7.8051905035972586 8.9486453551799041 19.356833100318912 15.527680099010469 2.631402760744094 48.756299342960119 20.012640647590164 1.5675468668341626 4.5854690670967093 24.54179597645998 16.709445025771856 10.41999874264002 4.6547684855759135 17.395140185952187 6.4868508353829375 10.185915082693098 13.874275483191015 2.6988121047615996 252.14571571350098 12.259271465241907 7.0291255488991764 9.1838037557899934 10.7141739577055 15.265166807919739
leaf_count=67 593 80 9 102 108 235 103 185 411 129 8 234 264 5 26 93 76 54 45 219 91 46 128 15 1359 125 46 78 35 94
internal_value=3.01469e-06 -0.00157672 0.0428388 0.000225022 -0.00373786 0.00686984 -0.000942322 0.002343 0.000248574 0.00245132 0.030791 -0.00151869 0.00384433 0.0334411 -0.00197966 -0.00448053 -0.0154478 -0.000215958 0.0226568 -0.0300168 -0.0110512 -0.0288928 0.000984423 -0.0403455 0.0019496 0.0165712 -0.00390063 -0.0224642 -0.000276646 -0.0201963
internal_weight=634.407 611.843 22.5641 575.391 360.433 214.958 344.329 198.511 189.563 178.95 21.9882 156.962 131.248 21.5802 109.668 105.082 56.326 31.7842 15.0748 36.4523 19.0571 25.7136 328.277 16.0521 320.472 42.3465 30.0872 23.0581 278.125 25.9793
internal_count=5063 4461 602 4071 2193 1878 2091 1643 1458 1391 419 972 797 269 528 502 268 175 99 390 171 175 1968 123 1865 377 252 206 1488 129
is_linear=0
shrinkage=0.05


Tree=55
num_leaves=31
num_cat=0
split_feature=2 1 5 6 1 3 1 5 3 0 2 7 3 5 0 0 3 1 6 6 1 0 2 5 1 2 2 7 7 1
split_gain=16.188 11.4492 6.11408 6.19695 5.20139 4.90072 6.45066 4.31113 4.47448 9.79357 10.8536 8.39633 7.04505 6.32459 5.23438 7.28803 4.851 4.33252 3.86289 3.76476 3.74457 3.46482 3.4578 11.0376 7.71916 8.58572 6.48973 6.18052 5.28253 5.21945
threshold=0.19676597085561209 1.2779195046795269 -1.1980381072652599 -0.30425525517985647 -1.7995094254806314 -1.2294918527492065 1.9668001027168092 -1.1905288610973466 0.90994376042672809 1.6724426746176546 -0.17231209418310087 0.21460091222363373 0.68286303115078406 0.21982556466967981 0.65458585431633864 1.1551280839590246 0.60361343170493675 -0.3209887187422133 5.7617034853152918 -0.21124819907070977 1.5064306795751408 -0.4593602482013544 -0.46139035719728066 0.90004681355772054 0.65979360463405945 -0.27920695840046106 -0.45835139539286102 3.3044668409538089 -0.85820046033938524 -1.4718732957946667
decision_type=2 2 2 2 2 2 2 2 2 2 2 2 2 2 2 2 2 2 2 2 2 2 2 2 2 2 2 2 2 2
left_child=1 2 3 -1 -4 6 20 -6 12 10 11 13 16 -10 -13 -16 22 -14 -2 -17 -3 -12 23 28 26 -26 -24 -25 -9 -30
right_child=18 5 4 -5 7 -7 -8 8 9 -11 21 14 17 -15 15 19 -18 -19 -20 -21 -22 -23 24 27 25 -27 -28 -29 29 -31
leaf_value=-0.041608838774415069 0.04962659013408497 0.0060206432058611762 0.044188963877571319 0.057830319208410821 0.064063424150188134 -0.041789283753441361 0.033140034493630545 -0.048803461206130105 -0.0039035648362396565 0.062289469581591289 -0.024049590381235986 0.046558728633149561 -0.016486763307140828 -0.049363629839715671 -0.031116030672667175 0.053810341682651266 0.034803994273647158 -0.077634884402358384 -0.080155185024146439 -0.018132016975380968 -0.054866186637793558 0.05638666430460796 -0.049431925199265335 0.052315132974325211 -0.053616490027647047 0.042054572276510972 -0.00040205538162041009 -0.072094849402867728 -0.066455566074303515 0.011361794359504844
leaf_weight=13.89041670039296 18.315970072522763 4.2018025889992732 6.9775456208735696 1.7659525424242009 2.6749757677316657 23.631667178124189 6.3800929039716712 5.8877719268202808 20.884931340813637 8.419085815548895 1.5169215146452177 9.6415877174586075 8.1096671409904939 12.07406574487686 8.9106048606336135 6.2765424940735102 9.5536293648183328 4.5064944028854361 0.59188476577401061 2.5602508410811406 6.3284865580499172 11.401723014190791 6.8750780373811713 15.57580023817718 13.238353572785856 2.8499071821570388 368.30261080525815 1.0666495859622962 2.384028807282454 22.413131598383185
leaf_count=170 611 38 52 11 24 285 31 64 113 117 18 170 43 55 42 56 73 23 17 16 88 249 64 374 95 19 1890 4 11 240
internal_value=2.38688e-06 -0.00141381 0.000419223 -0.0303926 0.00129298 -0.0270839 -0.00653361 0.000743913 0.000431666 0.0112169 0.00534809 -0.00355584 -0.00148037 -0.0205572 0.0169031 0.000792101 -0.000443016 -0.0383289 0.0455639 0.0329668 -0.0305711 0.0469418 -0.00121078 0.0115542 -0.00275482 -0.0366691 -0.00130052 0.0443414 -0.00622854 0.00388034
internal_weight=627.208 608.3 567.758 15.6564 552.101 40.542 16.9104 545.124 542.449 81.6857 73.2666 60.348 460.763 32.959 27.389 17.7474 448.147 12.6162 18.9079 8.83679 10.5303 12.9186 438.593 47.3274 391.266 16.0883 375.178 16.6424 30.6849 24.7972
internal_count=5063 4435 3993 181 3812 442 157 3760 3736 836 719 452 2900 168 284 114 2834 66 628 72 126 267 2761 693 2068 114 1954 378 315 251
is_linear=0
shrinkage=0.05


Tree=56
num_leaves=31
num_cat=0
split_feature=6 1 3 4 4 4 4 4 4 0 3 7 0 2 2 2 5 2 3 3 1 7 4 3 4 4 5 1 3 3
split_gain=15.3081 10.9368 6.78252 4.87651 19.4531 16.4594 10.7307 25.2701 12.8642 5.84435 10.5351 10.216 6.49881 9.15765 7.8099 6.3592 10.6294 8.73617 6.28487 7.7179 8.7567 8.37986 6.64557 6.61428 8.28705 7.74522 6.27685 5.77482 6.2838 8.63292
threshold=0.20202592781167614 0.75961552443556102 1.9618303968521664 1.2268893525324958 1.1348471134948515 1.3189314995279926 0.85872076455050717 0.76667852551286308 0.95076291154600423 -0.011552942454124868 0.28646240215302016 -0.66666703725117893 1.1750349452891977 -0.22896010285105647 -0.296143025443312 -0.46139035719728066 -0.71429256722425694 -0.45601644613842668 0.93265198423345463 0.17993259066919218 -1.1762779196764357 1.320052055798554 0.30646788257752478 0.22214829751752216 1.0000000180025095e-35 -0.24578499939545764 1.0000000180025095e-35 -0.077368966116429919 0.28021387243794593 -0.33823813570999683
decision_type=2 2 2 2 2 2 2 2 2 2 2 2 2 2 2 2 2 2 2 2 2 2 2 2 2 2 2 2 2 2
left_child=1 3 -2 4 6 -5 7 9 -8 10 15 -12 13 14 27 16 -1 -17 19 20 -14 -22 23 -21 25 26 -25 28 29 -11
right_child=2 -3 -4 5 -6 -7 8 -9 -10 12 11 -13 18 -15 -16 17 -18 -19 -20 22 21 -23 -24 24 -26 -27 -28 -29 -30 -31
leaf_value=-0.048664817453488038 0.04781926256480816 -0.018951119549025217 -0.09199820986715751 -0.07427983089631672 0.07161546114465614 0.00040606557433914482 -0.066746491646521119 0.064576760183004178 -0.0022681111780409936 -0.00347338363531889 -0.055837148859279095 0.040408089967198711 -0.02546550995727126 0.022251233109924082 -0.037458179245811983 -0.044055181878023673 0.041047157368193601 0.0014881659889070236 0.028061230109150844 -0.062866521230081157 0.03370026537145198 -0.033903594563571081 -0.043975344548875833 -0.019010310690784481 0.05090267653028531 -0.053966504193013964 0.050877024700231858 0.019540291227387423 0.014376759058559986 -0.045852710986361303
leaf_weight=3.9913250468671349 20.230747029185299 77.862575860694051 0.9062313586473455 9.1838270872831327 10.009068757295607 37.494722496718168 12.323707543313501 16.176895959302783 20.778012119233608 25.170262195169922 3.0131589174270621 32.451609661802649 11.631915725767611 16.99518415145576 33.184620678424835 11.74780500680208 19.111857170239091 101.54156362637877 22.642584724351764 4.0295998677611378 32.441429603844881 5.3381527960300437 14.520416975021361 7.3363744728267246 7.408559449017047 6.8788540139794341 5.7160085514187813 14.875626299530266 13.974509822204707 22.995245754718784
leaf_count=35 593 792 9 44 102 240 58 163 121 146 27 421 65 165 132 104 423 512 239 16 175 19 55 34 45 28 42 97 81 80
internal_value=3.01948e-06 -0.00146826 0.0418247 0.00113471 0.00264624 -0.0142881 0.00116574 0.00326254 -0.0262733 0.000883932 0.00795352 0.0322309 -0.00407227 -0.0119117 -0.0171803 0.00164092 0.0255484 -0.00323456 0.00438205 -0.00124388 0.0124685 0.024148 -0.0160086 -0.00306325 0.00575112 -0.011032 0.0115953 -0.00844294 -0.0151418 -0.0237062
internal_weight=621.962 600.825 21.137 522.963 476.284 46.6785 466.275 433.174 33.1017 416.997 171.857 35.4648 245.139 127.195 110.2 136.393 23.1032 113.289 117.944 95.3013 49.4115 37.7796 45.8898 31.3694 27.3398 19.9312 13.0524 77.0156 62.14 48.1655
internal_count=5063 4461 602 3669 3385 284 3283 3104 179 2941 1522 448 1419 701 536 1074 458 616 718 479 259 194 220 165 149 104 76 404 307 226
is_linear=0
shrinkage=0.05


Tree=57
num_leaves=31
num_cat=0
split_feature=2 1 7 0 5 4 4 4 0 2 0 3 5 7 0 4 4 5 6 7 4 5 5 0 2 3 5 2 5 0
split_gain=14.5207 10.0629 6.60894 6.86096 6.42728 4.07591 23.1167 20.1875 9.5945 5.33387 14.7383 8.94222 8.00259 11.1499 6.68835 6.42263 7.64795 5.49919 6.84433 4.71103 3.93483 3.77886 5.87744 4.70489 3.70799 3.57028 16.0568 12.3077 4.38922 7.77778
threshold=0.19676597085561209 1.3548067913565098 -1.0456770033316791 -0.88992128970837792 -1.2084236672821309 -0.24578499939545764 -0.15374285239996058 -0.33782723843310175 -0.79516225884486869 -0.46265158438555704 0.12335412001622294 -0.47768704581111826 1.067746771576741 2.5781554836224578 -0.33463611165396884 -1.1662064693504284 -1.0741643223549311 -0.48765445100667165 -0.32289317831693826 1.9959282797775246 -0.33782723843310175 -0.55705594530913183 0.73300199645192177 0.22685237560406593 4.9250498812700654 -1.0676396928124032 -0.19161203774475136 -0.35729582234729645 -0.25517261798024088 0.97646373688526711
decision_type=2 2 2 2 2 2 2 2 2 2 2 2 2 2 2 2 2 2 2 2 2 2 2 2 2 2 2 2 2 2
left_child=1 4 3 20 -1 7 -7 9 19 10 -6 14 15 -14 -11 17 -17 -13 -19 -8 -3 -16 23 -23 -2 26 27 -10 -27 -30
right_child=24 2 -4 -5 5 6 8 -9 25 11 -12 12 13 -15 21 16 -18 18 -20 -21 -22 22 -24 -25 -26 28 -28 -29 29 -31
leaf_value=-0.044451821356520052 0.049199837461969868 -0.037490068511282601 -0.05129779621025933 -0.052517390093377303 0.042116525313306792 -0.063383145017352066 -0.051332376317653874 0.061013814431460527 -0.013890661787865927 -0.038374003080694705 -0.072619171182501163 0.069885181946222258 0.048549634844654722 -0.091362776972680165 -0.027302030941536316 -0.072900164953537058 -0.0021205208530569396 -0.020170289094966438 0.045056613958659716 0.024047078028847816 0.028039773160044124 0.06941440631208122 -0.026112875206186461 -0.00016365612915885284 -0.076721942065178295 0.0094393731392553564 0.065507220923969045 0.096059162214230429 -0.015029340730155941 0.0052243825589218876
leaf_weight=7.9120872803032389 16.930359238758687 2.9781069383025178 15.820710968226193 5.8097111210227004 18.860075158998374 14.859315898269413 12.464684590697287 15.692552922293542 27.125759650021791 23.458444982767105 3.2866861857473841 5.2067101318389204 16.762465771287683 1.5561547875404347 8.7167339473962802 4.0146182775497428 77.3467983212322 8.4743861183524167 7.6543851755559418 2.4861982539296141 9.9260842427611351 5.2878007143735868 5.7904470637440673 4.4950608015060425 0.60553486086428066 87.07117030210793 11.699059966951607 2.8087808862328556 87.908341534435749 102.86812832206488
leaf_count=112 611 26 214 91 421 96 108 236 244 172 17 49 253 5 38 15 432 40 66 14 64 28 25 19 17 544 125 19 421 541
internal_value=5.25025e-06 -0.00130908 -0.0275087 -0.00739745 0.00029571 0.000932604 -0.00236016 0.00649948 0.000351182 0.00201849 0.0250892 -0.00100906 0.0062205 0.0366642 -0.0193319 0.000790091 -0.005613 0.0252079 0.0107851 -0.0387974 0.0129164 -0.000941779 0.0138127 0.0374445 0.0448516 0.00218323 0.0158379 -0.00357399 0.000137181 -0.00410838
internal_weight=615.877 598.341 34.5346 18.7139 563.807 555.895 349.291 206.603 334.432 190.911 22.1468 168.764 121.016 18.3186 47.7485 102.697 81.3614 21.3355 16.1288 14.9509 12.9042 24.29 15.5733 9.78286 17.5359 319.481 41.6336 29.9345 277.848 190.776
internal_count=5063 4435 395 181 4040 3928 2112 1816 2016 1580 438 1142 860 258 282 602 447 155 106 122 90 110 72 47 628 1894 388 263 1506 962
is_linear=0
shrinkage=0.05


Tree=58
num_leaves=31
num_cat=0
split_feature=6 1 3 5 0 0 7 5 6 1 4 4 4 0 2 2 0 2 5 3 5 6 7 7 7 3 6 1 4 4
split_gain=13.6779 9.67774 6.16212 5.42027 5.15431 5.13623 5.08004 4.87752 8.34899 4.73807 3.74647 21.2418 19.2475 8.70514 5.66984 6.3294 13.714 8.6579 6.62729 4.92324 13.1316 10.2134 4.42253 4.26271 5.35678 4.88563 6.57272 4.36138 3.95777 6.72186
threshold=0.20202592781167614 1.3548067913565098 1.9618303968521664 -0.97481373065111521 -0.88992128970837792 -0.97995705049585646 -1.3417805677721177 -1.1980381072652599 -0.24297764058301027 -1.7995094254806314 -0.24578499939545764 -0.15374285239996058 -0.33782723843310175 -0.79516225884486869 -0.15496332206069161 -0.46265158438555704 0.12335412001622294 -0.45601644613842668 -0.32142873521376752 -1.0676396928124032 -0.16502873174825422 -0.34422657263485096 1.9959282797775246 0.81527880674477571 0.56032823399727028 0.41751206909177146 -0.32855831830872112 0.41589820205327693 1.0000000180025095e-35 0.30646788257752478
decision_type=2 2 2 2 2 2 2 2 2 2 2 2 2 2 2 2 2 2 2 2 2 2 2 2 2 2 2 2 2 2
left_child=1 7 -2 4 5 6 -3 8 -1 -9 12 -12 14 22 15 16 -11 -17 -19 20 21 -15 -13 24 -20 26 27 -25 -21 -30
right_child=2 3 -4 -5 -6 -7 -8 9 -10 10 11 13 -14 19 -16 17 -18 18 23 28 -22 -23 -24 25 -26 -27 -28 -29 29 -31
leaf_value=-0.039734522359464425 0.047040536005486758 0.04252470898906649 -0.084542579201059898 -0.051688090056598184 -0.051514295057196416 0.038509565438815049 -0.046760174420287993 0.042437736401451973 0.073691614967513405 0.042763018119056917 -0.063083971523639565 -0.050393678174751877 0.060502208754516812 -0.01337717920114577 0.04445406223164837 -0.037180012658926738 -0.072167692103581427 -0.018081631527826013 0.0044947193414545785 -0.016823200607616395 0.064614645235856888 0.09287222072103854 0.022866066194567426 0.030353934499351771 -0.037841605510195844 0.049659973437334685 -0.029982263266305709 -0.034655502021833019 0.015488822419237014 -0.0034136737196133098
leaf_weight=14.312884494662287 18.899904504418377 2.2116435170173654 0.93371035158634086 13.667825911194084 5.5843148566782466 6.3806949034333238 5.6966125927865505 6.8160309083759776 1.8297647833824147 17.530230522155765 13.975560225546358 12.07207692041993 14.940291095525025 20.667630936950445 7.3686264567077151 17.233947731554508 3.0466484539210787 35.898008167743683 51.442723955959082 32.903387382626534 10.981077961623667 2.5397753939032581 2.4839359149336806 21.350668862462047 8.7412708140909654 9.9710082318633777 7.9090274572372428 2.9345532879233351 64.344887632876635 174.79503453336656
leaf_count=183 593 18 9 198 92 32 50 52 29 412 92 108 234 177 160 132 15 159 254 158 119 19 14 142 43 197 36 18 363 955
internal_value=5.17284e-06 -0.0013686 0.040846 -0.0274512 -0.0107823 0.00513632 -0.0217905 0.000204594 -0.0268777 0.00101427 0.000484671 -0.00274182 0.00592968 -0.000112931 0.0014847 -0.000313716 0.0257462 -0.00376257 0.000403264 0.00168282 0.0195662 -0.00174944 -0.0378921 0.00688666 -0.00165431 0.0190775 0.00960569 0.0224984 -0.000564642 0.00167238
internal_weight=609.464 589.63 19.8336 33.5411 19.8733 14.289 7.90826 556.089 16.1426 539.946 533.13 334.763 198.367 320.788 183.427 176.058 20.5769 155.481 138.247 306.232 34.1885 23.2074 14.556 102.349 60.184 42.1653 32.1942 24.2852 272.043 239.14
internal_count=5063 4461 602 390 192 100 68 4071 212 3859 3807 2005 1802 1913 1568 1408 427 981 849 1791 315 196 122 690 297 393 196 160 1476 1318
is_linear=0
shrinkage=0.05


Tree=59
num_leaves=31
num_cat=0
split_feature=2 1 5 3 1 1 6 3 5 0 7 1 3 5 3 1 5 1 2 0 0 4 7 3 3 7 4 0 5 3
split_gain=12.9894 8.8205 4.98364 4.4798 5.24553 3.62576 3.61107 3.41054 9.87758 10.2707 6.61271 5.6758 4.24201 4.84013 4.28618 4.24012 4.97544 5.78231 4.49065 4.14808 3.56646 4.96186 4.778 3.83789 3.99661 7.96587 4.79721 4.68036 3.30413 3.25858
threshold=0.19676597085561209 1.2779195046795269 -1.2084236672821309 -1.2294918527492065 1.9668001027168092 1.5064306795751408 5.7617034853152918 0.97837290288751211 -0.015559208253519061 1.6724426746176546 0.86162460496047677 -0.79169611427910169 0.68286303115078406 0.18831013365909852 0.60361343170493675 -1.0222867537475155 0.11546757301991879 -0.60929981399221511 -0.29917434832961837 -0.4593602482013544 -1.2032602308913283 -0.24578499939545764 1.9298660442956905 0.5557588230369781 0.42743532865164818 -0.20744443791430311 -0.15374285239996058 0.13139565650439944 -0.19950806229137946 -0.84177820408703419
decision_type=2 2 2 2 2 2 2 2 2 2 2 2 2 2 2 2 2 2 2 2 2 2 2 2 2 2 2 2 2 2
left_child=1 2 -1 4 5 -3 -2 12 19 10 15 -12 14 -14 20 -10 -17 -18 -19 -9 21 22 29 24 -22 27 -27 -26 -29 -4
right_child=6 3 7 -5 -6 -7 -8 8 9 -11 11 -13 13 -15 -16 16 17 18 -20 -21 23 -23 -24 -25 25 26 -28 28 -30 -31
leaf_value=-0.042345190971204774 0.048811256883819855 0.0080187800249678122 -0.011527273737470905 -0.039655747546613968 0.030761752573321716 -0.054468385242674382 -0.074841781175617392 -0.029219620549764565 0.023513785745941807 0.063875116765588463 -0.018684444179937608 0.059090195850516572 -0.041185084171801715 0.01819946181849234 0.033803983328877789 0.013437707745871053 -0.054313801687589459 0.038822204311779122 -0.027007826326250414 0.051664097167636015 -3.274439435273893e-05 -0.055539531468488106 -0.067580264702931603 -0.026902152243439073 0.032000620281538272 0.0063299347673627304 0.061854570668177747 -0.0039806529374119591 -0.064806893002070196 0.044927972215816805
leaf_weight=6.7414644546806803 15.612832192331553 4.0238366164267045 6.3172685783356428 21.433128539472818 6.3113916665315619 5.4870078228414059 0.61363206058740694 1.7612467501312519 5.8916513994336119 5.7600254230201235 3.7640343494713306 6.225816357880829 12.563959270715715 4.7203763313591471 9.3332811780273897 7.5510075502097598 14.236326023936268 3.6646483466029123 8.8391779810190272 15.851948029361663 380.51604180596769 6.8629504181444636 2.3427922334522 12.372048653662203 4.5051829554140594 6.0947531294077679 10.75391215458512 5.1557535156607619 3.937851056456565 4.2929348833858985
leaf_count=104 611 38 108 285 31 88 17 20 37 64 34 140 66 35 74 45 60 29 48 334 2398 66 17 65 38 58 77 27 13 36
internal_value=5.01942e-06 -0.00121422 0.000380456 -0.0247588 -0.00457917 -0.0280314 0.0441351 0.000910597 0.0109226 0.000639968 -0.00661968 0.0297858 -0.00065685 -0.0249671 0.000271769 -0.0156705 -0.0224028 -0.0325236 -0.00771422 0.0435761 -0.000434458 -0.0211668 -0.00295488 0.000536003 0.00136203 0.0187931 0.0417694 -0.00967399 -0.0303206 0.0113148
internal_weight=603.538 587.312 550.056 37.2554 15.8222 9.51084 16.2265 543.315 73.5459 55.9327 50.1727 9.98985 469.769 17.2843 452.485 40.1828 34.2912 26.7402 12.5038 17.6132 443.151 19.8159 12.953 423.336 410.963 30.4475 16.8487 13.5988 9.0936 10.6102
internal_count=5063 4435 3993 442 157 126 628 3889 811 457 393 174 3078 101 2977 219 182 137 77 354 2903 227 161 2676 2611 213 135 78 40 144
is_linear=0
shrinkage=0.05


Tree=60
num_leaves=31
num_cat=0
split_feature=2 1 5 6 3 1 2 7 4 4 4 4 4 5 3 2 0 5 6 5 4 7 7 3 3 2 0 1 3 4
split_gain=12.2163 8.18045 5.00444 8.35505 4.30375 4.549 4.41621 4.07828 3.87732 16.9854 15.6733 3.85169 5.83393 4.6517 7.1768 4.69477 5.84736 5.99848 4.74793 3.84572 4.88316 3.62469 7.43148 6.64652 6.0198 4.19701 8.80655 4.00055 3.52655 3.48148
threshold=0.19676597085561209 0.75961552443556102 -0.97481373065111521 -0.33245463629139843 -1.2294918527492065 -1.0473081786632019 -0.45780977284132413 0.23543704839623877 -0.24578499939545764 -0.15374285239996058 -0.33782723843310175 1.3189314995279926 1.7791422345054781 1.1183285548757507 -1.1852949352523394 -0.32054121352941184 -0.38813639727926813 -0.89638250271369191 -0.29184393199041986 -0.71429256722425694 -1.4423330023790664 0.81527880674477571 0.13554043291449702 1.3607523798560386 1.6177040225510992 -0.4358445192622965 -0.3155233992441186 -0.98678564803337465 -0.44111027126304969 0.85872076455050717
decision_type=2 2 2 2 2 2 2 2 2 2 2 2 2 2 2 2 2 2 2 2 2 2 2 2 2 2 2 2 2 2
left_child=1 2 3 -1 5 7 -6 -4 10 -10 21 13 28 15 -15 -3 17 -17 -18 -7 -21 22 -8 27 -25 26 -23 -24 -13 -11
right_child=-2 11 4 -5 6 19 8 -9 9 29 -12 12 -14 14 -16 16 18 -19 -20 20 -22 25 23 24 -26 -27 -28 -29 -30 -31
leaf_value=-0.041444946590032068 0.043678381998576501 -0.039301822331752112 -0.056498129267598868 0.062034081291769676 -0.034292388963092675 -0.02114958421519289 0.0087158566538572627 0.022157981779198609 -0.059900691813221545 0.0038818960247140087 0.060371372972401798 0.051629419884939957 -0.054879044756012074 0.037907902121362386 -0.055535536643689112 0.030752105468515385 -0.029200997154344755 -0.047826317915443527 0.058092527893880919 -0.044270643078489769 0.043365860532136244 -0.050767307910339121 0.0055377735114215225 0.072595403195093763 -0.029710810085238182 0.021569626607470332 0.040718415705954226 -0.03768575392324814 -0.018361362834684203 -0.0086097449300348312
leaf_weight=13.572880852967499 15.596959680318831 32.399975188076496 3.3164894320070735 2.2780753634870043 8.825918745249508 3.3090414777398136 57.268837541341782 3.2756803371012211 12.132281512022017 206.89342525601387 12.980208717286585 5.9298413693904868 2.624489363282918 6.8736920598894358 2.9310135655105096 3.2331739217042932 2.3553101792931557 9.7609726525843143 4.5997204668819895 1.722357297316196 20.612762182950974 6.459897018969059 6.7699658870697013 3.38433963805437 2.5000178851187229 39.151617063209414 4.437467545270918 25.581628700718284 2.5839908719062796 76.366638991981745
leaf_count=170 628 345 24 24 82 19 328 36 77 1137 204 44 34 86 25 31 15 122 42 22 453 43 37 36 20 392 22 108 35 422
internal_value=6.85283e-06 -0.00115923 0.00108202 -0.0265731 0.00196762 0.019632 0.000737081 -0.0174135 0.00141818 -0.00196718 0.00772603 -0.0167805 0.0102959 -0.0216327 0.00997397 -0.0275525 -0.00847015 -0.0282746 0.0285307 0.029155 0.0366078 0.00303122 -0.00268066 -0.0197501 0.0291298 0.0139308 -0.0135138 -0.0286407 0.0303869 0.000514162
internal_weight=599.729 584.132 510.84 15.851 494.989 32.2363 462.752 6.59217 453.926 295.392 158.534 73.2922 11.1383 62.1539 9.80471 52.3492 19.9492 12.9941 6.95503 25.6442 22.3351 145.554 95.5048 38.236 5.88436 50.049 10.8974 32.3516 8.51383 283.26
internal_count=5063 4435 3656 194 3462 554 2908 60 2826 1636 1190 779 113 666 111 555 210 153 57 494 475 986 529 201 56 457 65 145 79 1559
is_linear=0
shrinkage=0.05


Tree=61
num_leaves=31
num_cat=0
split_feature=6 1 3 5 0 0 7 5 0 3 2 6 6 5 2 4 1 1 7 2 3 5 1 0 3 2 5 3 4 3
split_gain=11.5862 7.96631 5.74164 5.12985 4.67057 4.33276 4.9513 4.29692 11.9234 10.4326 15.511 6.72065 5.92766 10.1565 9.36484 5.79178 5.86312 6.21359 5.69093 6.40825 9.64126 4.071 3.944 4.56658 3.83153 3.60573 4.05692 5.58459 8.01802 8.061
threshold=0.20202592781167614 1.3548067913565098 1.9618303968521664 -0.97481373065111521 -0.88992128970837792 -0.97995705049585646 -1.3417805677721177 0.93742207714292702 -0.76720904743073381 -1.2294918527492065 -0.43145538629536023 -0.31283735861622719 -0.39847156912677489 -0.77662554651860782 -0.44644579680684154 0.39851002957302184 -1.0222867537475155 0.19962641271934417 -1.0456770033316791 -0.40388620134612946 -1.2022116864321746 -0.22047747631276024 -1.2632074522153121 0.78261853570006845 0.32136272665916715 -0.19391636527382555 0.11546757301991879 0.90994376042672809 -0.24578499939545764 0.52390654656616109
decision_type=2 2 2 2 2 2 2 2 2 2 2 2 2 2 2 2 2 2 2 2 2 2 2 2 2 2 2 2 2 2
left_child=1 7 -2 4 5 6 -3 8 -1 -9 -11 -12 13 -10 21 16 -15 -18 19 -16 -21 -14 -13 24 -24 -20 27 28 -27 -30
right_child=2 3 -4 -5 -6 -7 -8 9 12 10 11 22 14 15 18 -17 17 -19 25 20 -22 -23 23 -25 -26 26 -28 -29 29 -31
leaf_value=-0.042349750386427819 0.046053482722103523 0.043275563582347007 -0.081417399886748093 -0.050781523814469376 -0.051170131131272258 0.036010631011544052 -0.045806161810033691 0.050527534353574044 -0.047559376240109037 -0.029416753338413926 0.036960403232113193 -0.060038655106215304 0.0010641758300370685 -0.070061498394432598 0.11268439616644771 0.035029583258089747 0.043351445242836517 -0.072703035680713166 -0.0022927648526554186 -0.053116957963532753 0.058907208300679831 0.061962017583762435 -0.051828962004921375 0.044918403989489875 0.018078723854276037 0.040854811482856579 -0.049118930411285018 0.039916522013255649 0.0042057468510088786 -0.08270088349597024
leaf_weight=17.322702705860138 17.102634100243453 2.1951643377542505 0.93150749430060287 12.387447137385605 4.9312083832919624 6.3276890218257913 5.3896378204226494 13.764001127332447 17.006980184465647 23.893033988773823 25.604293515905734 2.675536520779132 3.944787308573722 3.7192312777042389 2.1945754513144484 8.8968069870024902 4.0923724379390496 1.6059447228908537 352.70259558036923 3.0934198796749106 5.0661730319261542 9.0181522294878942 3.9141243696212786 4.8462292328476906 3.9260109961032867 7.4126057177782085 2.3883837610483161 16.132191173732281 7.82776923291385 4.0480879843235016
leaf_count=161 593 18 9 198 92 32 50 376 243 179 286 13 20 19 15 114 66 15 1764 19 62 67 18 33 63 106 8 355 51 18
internal_value=5.25229e-06 -0.00122964 0.0394693 -0.0257884 -0.00935847 0.00546145 -0.0200245 0.000177452 -0.00164508 0.0109905 0.00260026 0.0212738 -7.51899e-05 -0.0197363 0.00160293 0.00610066 -0.0212286 0.0106441 0.000250356 0.0368369 0.0164372 0.04343 -0.00487169 0.00676294 -0.0168221 -0.000719713 0.0139545 0.0182075 5.08995e-05 -0.0254179
internal_weight=594.361 576.327 18.0341 31.2311 18.8437 13.9125 7.5848 545.096 466.473 78.6232 64.8592 40.9662 449.15 35.3213 413.829 18.3144 9.41755 5.69832 400.866 10.3542 8.15959 12.9629 15.3619 12.6864 7.84014 390.512 37.809 35.4207 19.2885 11.8759
internal_count=5063 4461 602 390 192 100 68 4071 3103 968 592 413 2942 457 2485 214 100 81 2398 96 81 87 127 114 81 2302 538 530 175 69
is_linear=0
shrinkage=0.05


Tree=62
num_leaves=31
num_cat=0
split_feature=2 1 5 3 1 1 2 7 2 5 0 3 3 6 4 4 4 4 4 4 4 5 0 6 4 4 4 4 4 4
split_gain=10.9206 7.18903 4.17318 4.10865 4.39735 3.48675 3.48651 2.99408 3.12955 2.86421 11.1852 9.55619 15.9985 6.56802 3.51751 7.11461 18.7738 7.73119 24.4681 11.9534 6.68915 5.3114 5.06512 6.48771 4.83524 27.9405 26.9991 5.93684 16.2527 13.7436
threshold=0.19676597085561209 1.2779195046795269 -1.2084236672821309 -1.2294918527492065 1.9668001027168092 1.5064306795751408 4.9250498812700654 -1.3408069165490988 -0.038227101755426506 0.93742207714292702 -0.76720904743073381 -1.2084602161472491 -0.60631531604337974 -0.21124819907070977 1.5030157014768397 1.2268893525324958 1.1348471134948515 0.85872076455050717 0.76667852551286308 0.95076291154600423 1.3189314995279926 -0.97481373065111521 -0.28106579292920691 -0.3008378233139663 0.30646788257752478 0.21442564353988061 0.39851002957302184 -0.24578499939545764 -0.33782723843310175 -0.15374285239996058
decision_type=2 2 2 2 2 2 2 2 2 2 2 2 2 2 2 2 2 2 2 2 2 2 2 2 2 2 2 2 2 2
left_child=1 2 -1 4 5 -3 -2 -5 -9 10 -4 -11 -13 -14 15 16 17 18 21 -19 -17 -12 -21 -24 25 27 -26 28 -23 -29
right_child=6 3 9 7 -6 -7 -8 8 -10 11 14 12 13 -15 -16 20 -18 19 -20 22 -22 24 23 -25 26 -27 -28 29 -30 -31
leaf_value=-0.04083201376131175 0.048114472790299012 0.0092310404321363487 -0.042140588424045056 0.022975405463322579 0.028675602346946306 -0.054292177815789627 -0.073206923514818764 -0.052798020008727659 0.0067697396320814925 0.047049329539082418 -0.039023163575469817 -0.037323654786409984 0.025010678304490774 -0.034427298515350369 0.020457890519913917 -0.06872139525691727 0.073296393573475768 -0.06541197647729001 0.064822605711752843 -0.045393737665871917 -0.0083248315146940005 0.00059388969957836074 0.049936488208104576 -0.015140813317659749 -0.073236758231368493 0.071498777102656716 0.0017727510720133559 -0.062943314013728324 0.060019849727515055 -0.0032298585356312776
leaf_weight=6.0837417505681506 13.84005505032837 3.8696395270526391 15.712480057030914 1.823726251721381 6.2473141252994528 4.890081413090229 0.61865384504199106 15.389414399862291 2.5737031288445023 14.034098811447619 8.940931983292101 18.708771489560604 38.714964503422379 5.2818886041641226 21.619093984365463 6.9848216958343992 8.8407128993421775 11.260680869221689 14.727250307798384 4.9594224467873618 13.340206114575267 122.81160527467726 6.6730231903493431 8.9883140195161033 14.161247849464415 14.314179573208092 78.481293227523565 10.919674497097729 12.695038850419236 81.970345126464963
leaf_count=104 611 38 142 15 31 88 17 244 26 382 91 152 396 32 145 33 95 54 153 28 79 728 43 48 47 124 425 72 201 419
internal_value=5.70467e-06 -0.00107345 0.000345373 -0.0231027 -0.00337354 -0.0262306 0.0429234 -0.038066 -0.0442633 0.000814375 -0.000685332 0.00975325 0.00140604 0.0178751 0.000789385 -0.000222866 0.0012444 -0.000385134 0.00171027 -0.0239818 -0.0290805 -0.000989373 -0.00135736 0.0125875 2.46546e-05 0.00373393 -0.00969313 -0.000513065 0.00616125 -0.0102495
internal_weight=589.476 575.018 540.224 34.7939 15.007 8.75972 14.4587 19.7868 17.9631 534.14 457.4 76.7397 62.7056 43.9969 441.688 420.069 399.744 390.903 359.022 31.8814 20.325 344.294 20.6208 15.6613 335.353 242.711 92.6425 228.397 135.507 92.89
internal_count=5063 4435 3993 442 157 126 628 285 270 3889 2927 962 580 428 2785 2640 2528 2433 2260 173 112 2107 119 91 2016 1544 472 1420 929 491
is_linear=0
shrinkage=0.05


Tree=63
num_leaves=31
num_cat=0
split_feature=6 1 3 5 0 0 7 5 0 3 2 6 6 7 2 4 7 1 1 5 1 5 1 0 3 4 4 3 3 3
split_gain=10.3963 6.9778 5.12947 4.75029 4.21991 3.79488 4.42715 3.65411 10.1638 9.36845 13.2029 5.98151 5.28883 9.33408 8.57935 6.9768 5.38511 4.29284 6.03116 4.18526 4.14449 3.57523 3.46132 4.17997 3.45462 3.42487 3.37198 3.36076 5.58883 5.68737
threshold=0.20202592781167614 1.3548067913565098 1.9618303968521664 -0.97481373065111521 -0.88992128970837792 -0.97995705049585646 -1.3417805677721177 0.93742207714292702 -0.76720904743073381 -1.2294918527492065 -0.43145538629536023 -0.31283735861622719 -0.39847156912677489 -1.0456770033316791 -0.44644579680684154 0.39851002957302184 -1.3376587775946709 -1.0222867537475155 0.19962641271934417 -0.3105716138764702 -1.6877215719069374 -0.66729479009757864 -1.2632074522153121 0.78261853570006845 0.32136272665916715 -1.1662064693504284 -0.15374285239996058 0.35169097149216128 0.33172614179636356 0.32136272665916715
decision_type=2 2 2 2 2 2 2 2 2 2 2 2 2 2 2 2 2 2 2 2 2 2 2 2 2 2 2 2 2 2
left_child=1 7 -2 4 5 6 -3 8 25 -9 26 -12 13 -10 19 17 -16 -15 -19 -14 21 -18 -13 24 -24 -1 -11 28 29 -22
right_child=2 3 -4 -5 -6 -7 -8 9 12 10 11 22 14 15 16 -17 20 18 -20 -21 27 -23 23 -25 -26 -27 -28 -29 -30 -31
leaf_value=0.013795046686631849 0.045299456907349829 0.038667606724732649 -0.073792711406638664 -0.049975210080129048 -0.050913989168246188 0.033522436040587938 -0.044800179198047477 0.049256018210009814 -0.052421142646844124 -0.036997545080100926 0.034793987853491769 -0.056341167722290114 -0.013228956259024278 -0.066519866181898743 0.046870207776706585 0.035153902154331194 0.075254497268345266 0.027157748599534366 -0.065286387686311592 0.056882893645621206 -0.0047464728171210478 0.010553784988179632 -0.04975911766333637 0.043018128855164726 0.016924489877768335 -0.049579843493052937 0.011624096356738384 0.0048839750200240437 -0.04963926021670001 0.049143014967140096
leaf_weight=2.5128660425543812 16.006445805542175 2.2909067347645768 0.95829369872808357 11.456243909895418 4.5020929686725166 6.2762054316699514 5.1824258789420128 12.833658669143913 12.957316018640993 18.688776653259996 24.947621329687532 2.6985416337847701 2.704839050769805 3.8835257589817038 6.0831799283623686 8.8936851210892183 3.1752526983618736 5.4877137448638695 2.6003772430121899 9.9899914935231191 231.67962276563048 6.5181063879281265 3.8949327766895312 4.7539684884250164 3.8740702150389552 14.058322083204983 4.4066835567355147 137.68475055880845 6.7829683274030677 5.0017225295305243
leaf_count=29 593 18 9 198 92 32 50 376 222 155 286 13 14 21 43 117 24 77 20 73 1098 46 18 33 63 132 24 1132 26 29
internal_value=4.84383e-06 -0.00115151 0.0385723 -0.024739 -0.00889869 0.00485863 -0.0192136 0.000155561 -0.00152338 0.0103047 0.00240321 0.0197229 -8.66636e-05 -0.0190895 0.00148241 0.00160941 0.000188319 -0.0233107 -0.00256368 0.0419444 -0.000538251 0.0317478 -0.00497808 0.00609001 -0.0165068 -0.0399696 -0.0277204 -0.00135935 -0.00489009 -0.00360764
internal_weight=582.785 565.82 16.9647 29.7079 18.2516 13.7495 7.47333 536.112 460.014 76.0983 63.2646 40.1691 443.443 33.8226 409.62 20.8653 396.926 11.9716 8.08809 12.6948 390.842 9.69336 15.2215 12.523 7.769 16.5712 23.0955 381.149 243.464 236.681
internal_count=5063 4461 602 390 192 100 68 4071 3103 968 592 413 2942 457 2485 235 2398 118 97 87 2355 70 127 114 81 161 179 2285 1153 1127
is_linear=0
shrinkage=0.05


Tree=64
num_leaves=31
num_cat=0
split_feature=2 1 3 3 5 4 7 1 5 2 1 0 0 3 2 5 4 3 5 6 7 0 6 2 1 0 6 4 2 3
split_gain=9.84213 6.2565 4.84542 3.81865 3.977 3.97644 4.54878 4.09694 3.70327 3.22155 2.57418 2.81659 7.61877 9.68437 9.42767 6.92048 6.0977 5.0267 7.82183 8.95186 6.05164 5.43719 4.95468 4.38767 4.27525 5.32672 4.94714 4.38802 4.1896 9.45961
threshold=0.19676597085561209 1.2779195046795269 2.0035889246897827 -1.2447321691274367 -1.2062319231360796 0.95076291154600423 -1.2447886784390492 1.5064306795751408 -1.2084236672821309 -0.038227101755426506 -1.8453568566189313 1.2102221417103725 0.33526351918818315 0.31008490777959319 -0.20724015157269512 -0.66729479009757864 0.85872076455050717 -1.2294918527492065 0.90004681355772054 -0.39847156912677489 -1.0456770033316791 -0.41472141487963993 -0.29279242191010552 -0.28255735216835082 -0.5405946855222592 0.97646373688526711 -0.37298353177785487 0.76667852551286308 -0.29917434832961837 0.16347304898070375
decision_type=2 2 2 2 2 2 2 2 2 2 2 2 2 2 2 2 2 2 2 2 2 2 2 2 2 2 2 2 2 2
left_child=1 8 -2 5 -5 7 -7 -3 -1 -6 -10 12 13 17 24 -15 23 18 19 20 -12 -22 -18 -17 25 -14 -26 -28 29 -27
right_child=2 3 -4 4 9 6 -8 -9 10 -11 11 -13 14 15 -16 16 22 -19 -20 -21 21 -23 -24 -25 26 28 27 -29 -30 -31
leaf_value=-0.039848165548569431 0.047784146850739083 0.0166705839297718 -0.11917193684328836 0.022206418150331711 -0.053634881460546624 -0.01028445051916047 0.080691692541583634 -0.056349774903358574 0.034477055658712903 0.007193283370702231 -0.052996646403843065 0.0065305769612050042 -0.040991258161736432 -0.050366579237099529 0.042916125065400441 0.055401491686602015 0.055860794379280022 -0.0057689818265114481 0.050421098676334312 0.10409800091427464 -0.018546501059837728 0.034295246077756303 -0.025796559259665015 0.021901632313019007 0.042782391176373308 -0.021655305295066957 -0.020739260392383271 0.029563848539941297 -0.032533996803597844 0.064296658542790278
leaf_weight=5.6796329244971266 13.035629009827968 3.4149212278425676 0.44956485368311483 2.5556057207286349 14.698789428919556 3.0296601131558418 2.5141830928623676 4.3907967545092106 5.5950573282316318 2.5550536885857609 5.7522153891623082 137.13066882453859 30.161430222913623 3.2799156922847024 6.7900825943797818 14.332236032932991 2.3509647082537404 188.56654476374388 10.690401462838052 1.9193091318011273 10.78237003833056 8.8751120921224302 8.8530011344701034 30.735293619334701 4.7846478000283232 9.1964559294283408 24.824336407706145 5.2526132091879836 11.361161569133399 4.910301409661769
leaf_count=104 619 33 9 19 248 35 15 66 42 26 85 878 124 39 71 243 22 1048 365 12 102 137 87 321 33 44 129 28 47 32
internal_value=3.50564e-06 -0.00100409 0.0422182 -0.0220759 -0.0360049 -0.00140652 0.0309741 -0.0244041 0.000309729 -0.0446271 0.000743226 0.000380642 -0.0018189 0.00229073 -0.0139068 0.0202335 0.0243486 -0.00242499 0.0141604 -2.38928e-05 -0.00788869 0.0053109 -0.00866213 0.0325552 -0.0181705 -0.0267739 -0.00444191 -0.0119544 -0.00993643 0.00826298
internal_weight=578.468 564.983 13.4852 33.159 19.8094 13.3496 5.54384 7.80572 531.824 17.2538 526.144 520.549 383.418 286.137 97.281 59.5514 56.2715 226.586 38.0194 27.329 25.4097 19.6575 11.204 45.0675 90.4909 55.6293 34.8616 30.0769 25.4679 14.1068
internal_count=5063 4435 628 442 293 149 50 99 3993 274 3889 3847 2969 2461 508 712 673 1749 701 336 324 239 109 564 437 247 190 157 123 76
is_linear=0
shrinkage=0.05


Tree=65
num_leaves=31
num_cat=0
split_feature=2 1 3 5 6 1 1 0 5 0 3 5 0 3 3 5 5 3 4 4 1 4 2 4 0 1 2 3 5 5
split_gain=9.25043 5.96043 4.29038 3.78672 5.73702 3.56993 3.46066 6.36111 10.9212 7.16755 10.1313 5.64166 5.79909 4.63076 4.5466 5.52602 6.95033 4.54329 5.62714 4.80679 4.47298 4.21509 3.81359 4.1667 3.6414 3.50749 4.09562 6.31991 6.44856 6.15966
threshold=0.19676597085561209 0.75961552443556102 2.0035889246897827 -1.0858275335679293 -0.33245463629139843 -1.7995094254806314 -0.56286737773942452 1.1221486290870863 -0.42593387081195272 0.33526351918818315 0.32136272665916715 -0.58544351638749659 -0.38985815442266381 -1.2633814394731491 -1.1310394089458404 -0.05319933094588912 -0.3105716138764702 1.2037771973618512 -0.89008012040608409 -1.1662064693504284 -0.74903397150967932 -1.0741643223549311 -0.45742541260561659 -0.15374285239996058 -0.4861879276598377 0.19962641271934417 -0.39141617558768144 -0.046607991313674768 -0.40072811244689338 0.73300199645192177
decision_type=2 2 2 2 2 2 2 2 2 2 2 2 2 2 2 2 2 2 2 2 2 2 2 2 2 2 2 2 2 2
left_child=1 3 -2 4 -1 -5 7 8 20 10 14 12 -8 -13 22 16 -16 18 19 -15 -7 -21 23 24 -10 -20 29 -28 -29 -27
right_child=2 -3 -4 5 -6 6 11 -9 9 -11 -12 13 -14 17 15 -17 -18 -19 25 21 -22 -23 -24 -25 -26 26 27 28 -30 -31
leaf_value=-0.043420610885115701 0.047457571922347383 -0.015044461194132948 -0.10281625941213882 0.038320000726864478 0.063321525945265675 0.030173683632178233 -0.055827599472298567 0.0062910082530743417 0.027216070790875263 -0.033243844405688519 0.024273038621692319 0.036886279407114218 -0.0022402115720479765 0.0080284016227742463 -0.043643737082001033 -0.044967222365217975 0.0124859768654041 0.032365431175776609 0.011651440574750484 -0.075643401248690692 -0.014017596985160502 -0.01868437343315112 0.072639679448037259 0.056026656097348887 -0.075059044942116931 0.059263585579914083 -0.058606700393976932 0.072151951991593924 -0.016931986748671909 -0.029157385447293533
leaf_weight=9.1132251098752004 12.483070725575086 66.255511451512575 0.49375990033149797 6.5192947918549171 1.4605348221957672 20.290858750231568 6.9307947792112854 103.47741797193885 1.4050612989813092 42.512135192751884 18.706249526701868 13.103235252201555 18.591039657592773 12.832489918917419 8.8957750648260117 19.33059024438262 14.512749444693327 15.280273228883742 121.84169631171972 4.2323752120137241 7.9774230141192666 13.965762145817278 2.1747984923422328 1.8365703541785476 2.2866692766547203 4.6763977780938166 6.958727885037665 2.5262127704918411 10.372142251580946 3.4028878957033157
leaf_count=151 619 779 9 52 14 149 41 649 45 191 208 372 144 91 32 82 68 224 723 21 64 102 15 36 14 31 27 20 60 30
internal_value=4.30486e-06 -0.000960297 0.0417398 0.00092405 -0.0286765 0.00156987 0.00106877 -0.00310842 -0.0100593 -0.0170876 -0.00715484 0.00540066 -0.0167926 0.00810828 -0.0188097 -0.0251826 -0.0088446 0.00618525 0.00397274 -0.0154063 0.0177027 -0.0319314 0.016549 -0.00551672 -0.0361335 0.00798765 -0.00799163 -0.0202033 0.000515586 0.0220218
internal_weight=574.446 561.469 12.9768 495.213 10.5738 484.64 478.12 243.406 139.929 111.661 69.1485 234.714 25.5218 209.192 50.4422 42.7391 23.4085 196.089 180.809 31.0306 28.2683 18.1981 7.7031 5.5283 3.69173 149.778 27.9364 19.8571 12.8984 8.07929
internal_count=5063 4435 628 3656 165 3491 3439 1553 904 691 500 1886 185 1701 292 182 100 1329 1105 214 213 123 110 95 59 891 168 107 80 61
is_linear=0
shrinkage=0.05


Tree=66
num_leaves=31
num_cat=0
split_feature=6 1 7 0 3 4 4 4 0 2 7 3 0 2 5 7 7 7 1 3 6 3 4 4 4 4 5 4 4 4
split_gain=8.73975 5.82863 4.41131 4.61076 4.39002 3.4268 17.962 15.8215 6.98452 5.40473 4.30064 4.45669 9.48983 6.43946 3.82261 3.59741 4.23084 5.23336 6.38123 5.022 3.16095 3.4799 3.00624 7.11179 33.8968 23.418 6.6078 5.30096 20.75 18.3769
threshold=0.20202592781167614 1.3548067913565098 -1.0456770033316791 -0.88992128970837792 1.9618303968521664 -0.24578499939545764 -0.15374285239996058 -0.33782723843310175 -1.1017690559774416 -0.15496332206069161 -0.57219041357757583 -1.2294918527492065 0.12335412001622294 -0.45780977284132413 0.80122844122339487 -0.34630332983718537 0.81527880674477571 0.56032823399727028 -1.0473081786632019 0.82139750702889514 -0.38933618469065034 -1.1386595671349553 1.0000000180025095e-35 0.30646788257752478 0.39851002957302184 0.21442564353988061 -0.36444661887830648 0.85872076455050717 0.76667852551286308 0.95076291154600423
decision_type=2 2 2 2 2 2 2 2 2 2 2 2 2 2 2 2 2 2 2 2 2 2 2 2 2 2 2 2 2 2
left_child=1 5 3 -3 -2 7 -7 9 -8 10 -1 12 14 -13 -12 -15 17 18 -17 20 21 -18 -10 25 -25 26 -24 28 -26 -29
right_child=4 2 -4 -5 -6 6 8 -9 22 -11 11 13 -14 15 -16 16 19 -19 -20 -21 -22 -23 23 24 27 -27 -28 29 -30 -31
leaf_value=-0.032975533933687066 0.044053428563649771 0.010261845935469078 -0.045593918731572071 -0.05176121716676596 -0.062899692395901693 -0.061064062500568166 -0.045603964489818002 0.059001953142341482 -0.012957205210496536 0.044178569184957446 0.0064036012172835879 -0.044053062101508618 -0.066450108931227048 0.033020218118620569 0.057510516797445538 0.036623526367753845 0.016261567053757083 -0.037404846429204178 -0.008593277792220971 0.050540949413895565 0.010217637986359851 -0.057028495550760318 -0.03457727907843211 -0.07310966619215345 0.0019100944995339025 0.069678317312823354 0.0090913636984593545 -0.06360264493466472 0.066146790552665383 0.0033647359728520053
leaf_weight=9.4288662970066053 14.515405826270579 11.675638668239115 12.35092133656144 4.0309478603303459 1.0273507703095663 12.76528102904558 8.3951012380421144 12.883513500913976 36.160395793616772 7.1637539248913518 5.7155537251383093 8.2630788125097734 2.4581748619675627 8.4412001483142358 10.167614927515386 9.0770260207355005 2.7336159124970436 12.655161343514918 55.578697770833969 6.8247240707278243 36.054370142519488 3.9744234383106081 10.698173783719538 15.643448948860167 84.934120956808329 15.799969330430029 45.532380329445004 11.757961820811031 14.755705850198863 79.579679779708385
leaf_count=67 593 80 219 91 9 102 85 235 198 185 75 81 9 47 345 56 14 65 258 165 242 34 63 65 507 141 240 70 165 557
internal_value=4.31624e-06 -0.00103037 -0.0232366 -0.00565579 0.036984 0.000150901 -0.00289094 0.00549061 -0.000593707 0.00162913 -0.000149531 0.0017617 0.0249708 -0.00120264 0.0391197 0.00141357 -0.00068889 -0.00800062 -0.00224528 0.0107108 0.00435401 -0.0271618 0.000606393 0.00236622 -0.00234907 0.0158954 0.000783163 0.00344559 0.0114182 -0.00525602
internal_weight=571.042 555.5 28.0575 15.7066 15.5428 527.442 336.022 191.42 323.257 178.536 171.373 161.944 18.3413 143.602 15.8832 135.339 126.898 77.3109 64.6557 49.5871 42.7624 6.70804 314.862 278.701 206.671 72.0305 56.2306 191.027 99.6898 91.3376
internal_count=5063 4461 390 171 602 4071 2193 1878 2091 1643 1458 1391 429 962 420 881 834 379 314 455 290 48 2006 1808 1364 444 303 1299 672 627
is_linear=0
shrinkage=0.05


Tree=67
num_leaves=31
num_cat=0
split_feature=2 1 7 1 3 7 1 7 2 5 2 5 7 1 2 1 6 1 1 0 4 3 0 6 5 3 5 6 0 5
split_gain=8.33407 5.41514 4.09979 6.04279 3.87911 3.86771 3.83067 3.29771 13.4914 3.92223 4.13685 6.27924 5.77508 5.12158 7.07521 6.92698 3.40066 3.0751 3.44044 4.34497 3.06158 2.84294 8.58099 4.3881 3.38494 3.14909 4.45196 5.28181 4.37711 4.20053
threshold=0.050524901405908443 1.4965490463398712 -1.0456770033316791 1.9668001027168092 2.1046321765564988 -1.3490667244243761 1.909287300303766 -1.3417805677721177 -0.42539904491439068 -0.97481373065111521 -0.46139035719728066 1.1183285548757507 3.3044668409538089 0.7248467009251045 -0.2920473581695896 1.1992588846131529 -0.39746500205177904 0.75961552443556102 -1.0473081786632019 -0.41472141487963993 0.76667852551286308 -1.1222561098107391 -0.21640051345653846 -0.39231552863354918 -0.62774529950303803 -0.94007824472661794 1.0085710810042914 -0.21124819907070977 -0.76720904743073381 -0.77662554651860782
decision_type=2 2 2 2 2 2 2 2 2 2 2 2 2 2 2 2 2 2 2 2 2 2 2 2 2 2 2 2 2 2
left_child=1 5 3 -3 6 -1 -2 8 -7 -9 11 17 -13 16 -15 -16 -12 18 -11 20 -20 22 23 -18 -24 -23 28 -28 -27 -30
right_child=4 2 -4 -5 -6 7 -8 9 -10 10 13 12 -14 14 15 -17 21 -19 19 -21 -22 25 24 -25 -26 26 27 -29 29 -31
leaf_value=-0.042477212349617585 0.046910633043619976 -0.047819960872414927 -0.054401828266219511 0.025800924789791305 -0.10066603081283375 -0.05193025024271223 -0.075617367723857909 -0.025985216151188026 0.084658047136930592 -0.028185036876681609 -0.038026388089845459 0.055454962368878105 -0.07329053556111613 -0.051799145558879926 0.049311353206049471 -0.030360660935408824 -0.051981618666835233 -0.049960052250771859 0.011057584028042036 0.046067362881832108 -0.06011381492975857 -0.023348638719569638 -0.008356910530544992 0.021357721404934152 0.053200361917028795 -0.048758316212195132 0.023756365603543942 -0.032550768176123075 0.053585098476372009 -0.00074754777886878922
leaf_weight=5.3195212744176379 13.947748111560935 5.1000953242182749 8.0048551913350803 6.1462071090936661 0.49750502407550889 2.9111859016120434 0.66845846176147539 14.242569990456103 4.7703063338994971 4.9963115733116927 5.6446657776832572 11.491352571174499 0.94247032701969224 11.307730581611397 4.8402196224778873 6.2522287890315056 4.9782826565206051 2.556756228208541 6.3977854326367432 7.8238536659628108 1.9782624393701551 13.857123326510189 2.7576613798737517 3.455156587064268 11.742945943027733 4.7023187503218642 34.344782453030348 4.7395613342523566 3.5933398008346549 354.86649314314127
leaf_count=84 676 105 168 30 10 58 2 165 31 39 52 362 4 112 40 63 45 19 82 134 15 89 13 18 84 38 373 28 38 2086
internal_value=4.63451e-06 -0.00100234 -0.0270523 -0.00758547 0.0366335 -5.70458e-05 0.0413069 0.000372615 0.0328929 -0.000110087 0.000622182 0.0169086 0.0456962 -0.000639596 -0.0239674 0.00440444 0.000535508 0.00183937 0.00808759 0.0192747 -0.00575174 0.00103129 0.0181694 -0.0219347 0.0414937 8.67057e-05 0.000894038 0.0169283 -0.000831605 -0.000202896
internal_weight=564.878 549.764 19.2512 11.2463 15.1137 530.513 14.6162 525.193 7.68149 517.512 503.269 36.1868 12.4338 467.083 22.4002 11.0924 444.682 23.753 21.1962 16.1999 8.37605 439.038 22.934 8.43344 14.5006 416.104 402.246 39.0843 363.162 358.46
internal_count=5063 4375 303 135 688 4072 678 3988 89 3899 3734 655 366 3079 215 103 2864 289 270 231 97 2812 160 63 97 2652 2563 401 2162 2124
is_linear=0
shrinkage=0.05


Tree=68
num_leaves=31
num_cat=0
split_feature=2 3 1 7 1 7 2 1 3 7 6 1 5 0 1 4 4 4 4 4 4 0 6 0 3 5 2 2 5 1
split_gain=7.85108 5.44498 4.85355 4.33452 3.13583 2.85993 12.1396 4.73224 4.73881 4.75038 4.58661 2.86311 4.41104 2.62899 2.48802 2.46023 17.4805 15.4014 7.01259 20.8965 11.1823 4.59107 4.97402 4.37859 7.17825 10.7134 5.35367 6.8624 4.82233 4.66083
threshold=0.19676597085561209 2.1046321765564988 2.003131675360764 -1.3490667244243761 -1.7995094254806314 -1.3417805677721177 -0.4358445192622965 0.97532326449953566 -1.2294918527492065 -1.2447886784390492 0.15663806755402554 1.9668001027168092 1.1183285548757507 -0.10369885149590102 1.909287300303766 1.2268893525324958 1.1348471134948515 1.3189314995279926 0.85872076455050717 0.76667852551286308 0.95076291154600423 -0.28106579292920691 -0.3008378233139663 -0.011552942454124868 0.28646240215302016 -0.66729479009757864 -0.46139035719728066 -0.45601644613842668 -0.71429256722425694 -0.77427946276305482
decision_type=2 2 2 2 2 2 2 2 2 2 2 2 2 2 2 2 2 2 2 2 2 2 2 2 2 2 2 2 2 2
left_child=2 14 3 -1 -5 6 -6 15 9 -9 13 12 -11 -10 -2 16 18 -17 19 23 -20 -22 -23 24 26 -26 28 -28 -7 -29
right_child=1 -3 -4 4 5 7 -8 8 10 11 -12 -13 -14 -15 -16 17 -18 -19 20 -21 21 22 -24 -25 25 -27 27 29 -30 -31
leaf_value=-0.043235974122130906 0.051415247177239901 -0.14335788595839599 -0.056628066306191473 0.034365453800678146 -0.051778369700062325 -0.032962259357415036 0.074770648617106139 -0.025421991205155682 -0.047328440963025645 -0.040317372538076053 0.037917140017605613 0.073537322575994754 0.050222085137739937 0.018069697813041571 -0.080427316195186449 -0.071846750836493029 0.070496595246071145 0.0038514149565572358 -0.063718882273827923 0.062401946499121869 -0.046461429510871032 0.043598073184278711 -0.012929870736793062 -0.004653046266221348 -0.065638483053189409 0.036293500478505318 -0.044856967564915362 -0.021825225134485607 0.035155547800456072 0.0056091793136371065
leaf_weight=5.8587006069719783 10.849760051816697 0.38839041814208108 3.8734561782330266 6.5589841101318589 2.9731684681028128 3.0731441676616695 5.2262190170586091 7.7094008848071098 17.181170694530014 2.4617183916270715 2.013064131140708 2.5330373346805573 2.9662030041217804 1.6876824684441114 0.37003973126411516 8.3708795607089979 8.999010553583501 34.057962769642472 10.860529351979496 13.763500683009623 4.3205475211143538 6.8942600842565325 8.9349767342209745 232.69562476873398 2.8277954105287817 29.155777649953961 9.2199482396244843 19.237649645656333 16.812551257200525 79.290075017139358
leaf_count=92 621 6 72 56 64 24 35 105 242 30 24 15 38 14 1 40 102 225 55 156 27 42 48 1400 30 404 107 86 464 438
internal_value=3.25615e-06 0.0406957 -0.000856282 -0.000460394 3.84798e-06 -0.000418788 0.0288829 -0.00087636 -0.0182295 0.0025528 -0.0338251 0.0296436 0.00915984 -0.0414791 0.047067 0.000422059 0.00151637 -0.0110832 9.61629e-05 0.00184631 -0.0228218 -0.000778691 0.0116903 -0.000278162 0.00609971 0.0272813 0.00079183 -0.00360743 0.0246286 0.000252581
internal_weight=561.165 11.6082 549.557 545.684 539.825 533.266 8.19939 525.067 36.5523 15.6704 20.8819 7.96096 5.42792 18.8689 11.2198 488.514 446.085 42.4288 437.086 406.076 31.0103 20.1498 15.8292 392.313 159.617 31.9836 127.633 107.748 19.8857 98.5277
internal_count=5063 628 4435 4363 4271 4215 99 4116 468 188 280 83 68 256 622 3648 3383 265 3281 3109 172 117 90 2953 1553 434 1119 631 488 524
is_linear=0
shrinkage=0.05


Tree=69
num_leaves=31
num_cat=0
split_feature=2 1 7 1 7 3 1 1 7 2 5 1 0 2 0 1 0 0 3 2 1 0 0 6 2 0 5 4 4 3
split_gain=7.4747 4.81634 3.86793 5.45442 3.35868 3.11723 3.40017 2.78994 3.03942 10.3024 3.91995 6.57893 5.86891 4.51501 6.52492 4.87823 7.89519 6.76368 7.53521 5.23861 5.46917 6.69114 5.61277 7.88519 7.21102 6.4841 5.24911 4.79272 4.74349 4.52889
threshold=0.050524901405908443 1.4965490463398712 -1.0456770033316791 1.9668001027168092 -1.3490667244243761 2.1046321765564988 1.909287300303766 -1.7995094254806314 -1.3417805677721177 -0.42539904491439068 -0.58544351638749659 -0.74502950012727387 -0.10369885149590102 -0.16814949846880164 -0.33463611165396884 -0.56286737773942452 1.0861092374434731 0.33526351918818315 0.28021387243794593 -0.46382645497508307 0.06472089210630276 -0.76720904743073381 -0.025406093586937156 -0.38933618469065034 -0.44244565892480509 0.15373111848454052 -0.34092390700903202 0.85872076455050717 -1.4423330023790664 -1.1310394089458404
decision_type=2 2 2 2 2 2 2 2 2 2 2 2 2 2 2 2 2 2 2 2 2 2 2 2 2 2 2 2 2 2
left_child=1 4 3 -3 -1 6 -2 -6 9 -9 11 12 -10 15 -15 16 17 18 29 28 22 -22 23 -21 -24 -26 -27 -20 -17 -12
right_child=5 2 -4 -5 7 -7 -8 8 10 -11 13 -13 -14 14 -16 19 -18 -19 27 20 21 -23 24 -25 25 26 -28 -29 -30 -31
leaf_value=-0.040897352363002334 0.04638772943336885 -0.047286772578890718 -0.054242577545470641 0.024183505582220863 0.032834065723297202 -0.078346838941945843 -0.072171886431020266 -0.051763380716173091 0.058834338198213591 0.072788915409420479 0.020107160928843845 -0.022914436733146817 -0.0064250673625075921 -0.029091768782614859 0.052479816700717941 -0.074835509610872361 0.004977092149327819 -0.031007723231383517 0.033411373192544204 -0.032626810884258284 -0.040257356659780218 -0.00061084579616110129 0.066127763320103325 0.02700744433825163 -0.037055447413067565 0.053256683305071939 -0.00092788224442485892 -0.035154523639601302 0.039902445404290179 -0.020586203318643751
leaf_weight=4.9852802380919448 12.870243189856405 4.7645955979824084 7.344682613387703 6.0711327344179153 6.5225995285436502 0.57205431163311082 0.63455453515052873 2.4825454242527485 5.1316267848014823 5.012347236275672 8.0058815553784353 42.627974659204483 10.483186235651372 3.3467900445684782 9.1646877974271757 0.9583923015743484 100.75545065943152 39.35289260186255 15.556128373369576 6.1999853774905125 13.280823163688181 53.563959674909711 3.9540658984333268 52.32718971744179 11.879180287942303 4.8355424776673308 59.0715865008533 3.0479881167411795 14.987436252646146 46.842057596892118
leaf_count=84 676 105 168 30 56 10 2 54 41 31 119 343 93 37 231 15 573 170 163 63 157 322 31 420 53 27 328 19 435 207
internal_value=3.39719e-06 -0.000929885 -0.0262302 -0.00724281 -5.27087e-05 0.0359744 0.0408169 0.000339332 -7.3933e-05 0.0315333 -0.000542681 -0.0127438 0.0150217 0.00104663 0.0306596 0.000194152 -0.00519524 -0.014281 -0.00531944 0.00540075 0.00325464 -0.00848787 0.0089315 0.0206902 0.00030096 -0.00313348 0.003172 0.0221779 0.0330063 -0.0146464
internal_weight=556.633 542.556 18.1804 10.8357 524.376 14.0769 13.5048 519.39 512.868 7.49489 505.373 58.2428 15.6148 447.13 12.5115 434.619 213.56 112.805 73.4521 221.058 205.112 66.8448 138.268 58.5272 79.7404 75.7863 63.9071 18.6041 15.9458 54.8479
internal_count=5063 4375 303 135 4072 688 678 3988 3932 85 3847 477 134 3370 268 3102 1251 678 508 1851 1401 479 922 483 439 408 355 182 450 326
is_linear=0
shrinkage=0.05


Tree=70
num_leaves=31
num_cat=0
split_feature=6 1 3 7 4 4 4 4 4 4 1 0 3 2 1 7 1 2 5 0 1 5 5 2 3 3 4 3 4 3
split_gain=7.03222 4.57771 3.88051 4.2937 3.26457 16.1172 13.3867 6.78171 19.3412 10.0337 4.60507 4.26654 6.59562 8.76613 7.33369 6.12533 5.43973 4.59825 4.15846 4.0694 6.57324 5.12678 9.21358 4.29406 5.81454 8.21402 5.52916 6.10661 6.80867 6.15276
threshold=0.20202592781167614 0.75961552443556102 2.1046321765564988 0.058849171581372983 1.2268893525324958 1.1348471134948515 1.3189314995279926 0.85872076455050717 0.76667852551286308 0.95076291154600423 -0.3634738359158679 -0.011552942454124868 0.28646240215302016 -0.24606981199935551 -0.7820017647453148 -0.66666703725117893 -0.51848275247608455 -0.12330659743618767 -0.05319933094588912 1.1750349452891977 -0.077368966116429919 -0.42593387081195272 -0.61999852096124008 -0.42539904491439068 0.17993259066919218 0.93265198423345463 0.30646788257752478 0.22214829751752216 1.0000000180025095e-35 0.33172614179636356
decision_type=2 2 2 2 2 2 2 2 2 2 2 2 2 2 2 2 2 2 2 2 2 2 2 2 2 2 2 2 2 2
left_child=1 4 3 -2 5 7 -6 8 11 -9 18 12 -1 -14 -15 -16 -17 19 -11 20 21 22 -13 -21 -25 26 27 -26 29 -29
right_child=2 -3 -4 -5 6 -7 -8 9 -10 10 -12 17 13 14 15 16 -18 -19 -20 23 -22 -23 -24 24 25 -27 -28 28 -30 -31
leaf_value=0.0016378353626324508 0.050941956830306313 -0.013865471248545822 -0.10727460207469069 -0.034240091223717281 -0.070948706815105567 0.069593248449859202 0.0008563938581461017 -0.062827430320921682 0.061571967674730638 0.041492110238354959 -0.040114420278393084 -0.036398027454896974 0.058642864791414652 0.043238594951129826 -0.099348941165942617 -0.060873510315856985 0.025625243761257868 0.052424903178084736 -0.012385735233641403 -0.036093423966795116 0.015848824839754191 -0.021364731933305799 0.043282501313762635 0.019523307017208648 -0.0632836492242599 0.022443293342329359 -0.042162485016176435 0.038326042265879885 0.04635332115362905 -0.027787194330790223
leaf_weight=122.19589756801724 11.667744895443315 60.441138125956059 0.46184389293193895 1.6941694654524333 7.9570017643272868 8.6537171723321062 35.226597588509321 10.103329971432688 13.347050856798885 6.851747332140806 5.6040510628372422 6.1744697876274577 13.04135772958398 7.168507024645808 2.0774314012378463 2.7263196418061852 5.4531003143638337 3.5613553635776034 7.5034072231501332 6.9134499765932551 18.677580773830414 83.12757745012641 8.7967117242515069 40.031936153769493 3.8333500921726253 19.229125044308603 14.385293088853357 4.6851466074585977 7.0235885754227629 14.139828670769928
leaf_count=1074 589 792 3 10 44 102 240 58 163 52 35 46 240 81 12 23 92 134 34 49 127 404 54 202 15 184 55 27 45 77
internal_value=3.50587e-06 -0.000899722 0.0352166 0.0401416 0.000738069 0.00203886 -0.0123744 0.000668668 0.00240425 -0.0222274 -0.00167567 0.000343636 0.00682722 0.0276408 0.00443847 -0.0226789 -0.00320605 -0.00394903 0.0133303 -0.0048334 -0.0113377 -0.0165139 0.0104204 0.00205645 0.00460896 -0.00482365 -0.0167218 -0.00439206 0.00434158 -0.011333
internal_weight=552.754 538.93 13.8238 13.3619 478.489 435.305 43.1836 426.652 396.589 30.0625 19.9592 383.242 152.663 30.4667 17.4254 10.2569 8.17942 230.579 14.3552 227.018 116.776 98.0988 14.9712 110.242 103.328 63.2963 44.0672 29.6819 25.8486 18.825
internal_count=5063 4461 602 599 3669 3385 284 3283 3104 179 121 2941 1522 448 208 127 115 1419 86 1285 631 504 100 654 605 403 219 164 149 104
is_linear=0
shrinkage=0.05


Tree=71
num_leaves=31
num_cat=0
split_feature=2 1 3 7 0 7 3 7 2 2 1 4 4 4 4 4 4 4 5 7 4 4 4 1 5 4 4 4 5 3
split_gain=6.63725 4.35049 4.22665 3.77485 2.69056 6.35675 3.3132 5.9113 3.49489 3.33334 2.75453 2.56756 6.84609 18.1689 10.4044 5.4378 20.2054 10.854 4.92189 4.66959 4.63434 27.9531 27.858 7.60984 4.98593 4.83932 18.0501 14.9243 5.6967 5.25553
threshold=0.19676597085561209 2.003131675360764 2.1046321765564988 -1.3490667244243761 -1.1760400074157753 0.73209653725819235 0.45242949323289472 1.9298660442956905 -0.44504841469390521 -0.462054069539728 -1.7995094254806314 1.5030157014768397 1.2268893525324958 1.1348471134948515 1.3189314995279926 0.85872076455050717 0.76667852551286308 0.95076291154600423 -0.2089925407955199 -0.18321674998151552 0.30646788257752478 0.21442564353988061 0.39851002957302184 0.68073494127378409 0.93742207714292702 -0.24578499939545764 -0.33782723843310175 -0.15374285239996058 -0.97481373065111521 -1.0478272815207041
decision_type=2 2 2 2 2 2 2 2 2 2 2 2 2 2 2 2 2 2 2 2 2 2 2 2 2 2 2 2 2 2
left_child=1 3 -2 -1 5 -5 7 8 9 -7 -6 12 13 15 -14 16 20 -17 -16 -13 21 25 -22 24 -24 26 28 -27 -12 -29
right_child=2 -3 -4 4 10 6 -8 -9 -10 -11 11 19 14 -15 18 17 -18 -19 -20 -21 22 -23 23 -25 -26 27 -28 29 -30 -31
leaf_value=-0.041900707533267578 0.04668430627798964 -0.05615874208240576 -0.10842790402600705 -0.046267805863186753 0.033942473074993533 0.034641317096055453 0.056342388224778155 -0.067606674883981629 0.050028141347744595 -0.053677308388554869 -0.051833829510090385 -0.0060522976979106753 -0.069870509337758749 0.070476685718659282 0.028895476886971368 -0.06114376468927038 0.062525915589149578 -0.00046776033143034428 -0.025984734074592088 0.038587378412150139 -0.070869313650041552 0.067948065893506049 0.002375420956548266 -0.060230471726253267 0.066087154323736352 -0.060509241594833812 0.062294022089175852 0.031532830014259015 0.0011509360807249519 -0.0068504599775311694
leaf_weight=5.420884955674409 9.8419389491900766 3.5198536906391373 0.45969497412443239 10.191196268424394 6.1967651220038524 1.8907537162303905 2.6272893259301773 2.8898824248462907 3.8782531693577766 2.4562114663422108 5.2459755018353453 11.566891746595504 8.7299132402986306 9.2251056376844627 7.1402508262544897 10.761176733300088 12.996309274807571 23.3917504735291 9.5493175946176034 11.87049365416169 15.880743807181714 15.384524869732557 77.052348162978888 4.7480726502835742 3.1982318665832272 12.706804379820822 12.290631059557198 9.9784544892609102 153.81486381217837 83.923715855926275
leaf_count=92 622 72 6 156 51 77 86 17 39 32 56 102 57 107 58 80 158 144 49 77 76 147 445 49 21 109 224 99 1323 432
internal_value=7.21752e-06 -0.000753276 0.0397627 -0.000388759 3.61609e-05 -0.016345 0.00584539 -0.00609065 0.0155226 -0.0152623 0.000811516 0.000400459 -0.000395013 0.00102918 -0.0256409 -0.000422339 0.00118489 -0.019586 -0.00250549 0.0165567 -0.000837327 0.00234177 -0.0100818 0.00127549 0.00491453 -0.0012894 0.00391444 -0.00965347 -0.000596551 -0.00277168
internal_weight=548.828 538.527 10.3016 535.007 529.586 23.9336 13.7424 11.1151 8.22522 4.34697 505.652 499.456 476.018 450.599 25.4195 441.374 407.221 34.1529 16.6896 23.4374 394.224 293.345 100.879 84.9987 80.2506 277.96 171.351 106.609 159.061 93.9022
internal_count=5063 4435 628 4363 4271 407 251 165 148 109 3864 3813 3634 3470 164 3363 3139 224 107 179 2981 2390 591 515 466 2243 1603 640 1379 531
is_linear=0
shrinkage=0.05


Tree=72
num_leaves=31
num_cat=0
split_feature=6 1 3 7 0 7 4 3 7 2 2 1 7 3 2 1 1 1 5 5 0 0 3 5 2 3 3 7 0 3
split_gain=6.31743 3.91388 3.478 3.44972 2.62863 6.05801 3.38027 3.16548 5.38848 3.20914 3.13739 2.51894 2.36842 9.92132 4.06688 3.17399 5.54344 2.56351 5.84998 5.56022 5.25445 9.15968 6.27395 6.59466 4.91195 11.5809 5.46299 4.3711 4.74184 4.31345
threshold=0.20202592781167614 2.003131675360764 1.6177040225510992 -1.3490667244243761 -1.1760400074157753 0.73209653725819235 -1.4423330023790664 0.45242949323289472 1.9298660442956905 -0.44504841469390521 -0.462054069539728 -1.7995094254806314 -1.3417805677721177 -1.2022116864321746 -0.4358445192622965 1.1992588846131529 1.9668001027168092 -0.56286737773942452 -0.46640686485422228 -0.43533496774531949 1.0508001909799718 0.33526351918818315 0.28021387243794593 -0.63789402783149318 -0.32877532075770916 -0.20747623642509944 -1.2294918527492065 -0.71306151802803075 -0.49966033280446581 -1.1341045413758299
decision_type=2 2 2 2 2 2 2 2 2 2 2 2 2 2 2 2 2 2 2 2 2 2 2 2 2 2 2 2 2 2
left_child=1 3 -2 -1 5 6 -5 8 9 10 -7 -6 13 14 -13 17 -17 20 24 -20 21 22 23 -14 26 -26 -19 -27 -29 -25
right_child=2 -3 -4 4 11 7 -8 -9 -10 -11 -12 12 15 -15 -16 16 -18 18 19 -21 -22 -23 -24 29 25 27 -28 28 -30 -31
leaf_value=-0.040748281768935496 0.047274961867965599 -0.056115097962765918 -0.017779172118718278 0.029297343776817215 0.032463726752402729 0.033476937154360113 -0.056032422321413061 0.056012968120270103 -0.064744248747139507 0.048302577811587678 -0.053493782522396421 -0.051560869887240623 0.034340909565449877 0.12464971416992994 0.031091795911174759 -0.034427101360022229 0.022665613855836608 -0.00042084475423827342 0.067792855848858705 0.0070848439110389495 0.0049729314380651778 -0.031359664020085908 0.021615080148559448 0.020229644650804096 0.064284416463822505 -0.078000482327294035 -0.050528129507627507 -0.080532642156529097 0.0057213924303722973 -0.020324375870780464
leaf_weight=5.2716213800013056 10.428914868272839 3.1829952802509061 2.5586302429437628 1.3318392634391774 6.1561379451304665 1.8595054214820246 9.0279258769005555 2.5460714008659115 2.8673463389277449 3.8175361417233944 2.3442338686436415 2.6111364513635631 7.6811673790216437 1.9713144972920398 3.460971768945456 15.675396312028171 5.834029557183384 9.683800835162403 3.8516989983618251 181.65792139805853 109.57953636534512 35.844920065253973 22.196911171078682 7.5498765101656309 5.9645885750651386 2.5054152458906183 12.411410160362719 1.8460985161364085 11.641228570602829 49.852325014770031
leaf_count=93 538 69 64 18 51 77 144 87 17 39 32 64 51 13 23 257 31 120 27 1504 717 169 263 97 48 25 61 8 138 218
internal_value=6.28637e-06 -0.000837609 0.0344589 -0.000503769 -9.71649e-05 -0.0163325 -0.0450625 0.00582181 -0.00591431 0.0151155 -0.0150227 0.000678597 0.000280741 0.0271898 -0.00445062 -0.000166658 -0.0189418 0.000706954 0.00445576 0.00834531 -0.00299123 -0.0100792 -0.00133959 -0.00916836 -0.0119235 0.00482478 -0.0285673 -0.017351 -0.00608476 -0.0149905
internal_weight=543.213 530.225 12.9875 527.042 521.77 23.7945 10.3598 13.4347 10.8886 8.02128 4.20374 497.976 491.82 8.04342 6.07211 483.776 21.5094 462.267 229.562 185.51 232.705 123.125 87.2803 65.0834 44.0525 21.9573 22.0952 15.9927 13.4873 57.4022
internal_count=5063 4461 602 4392 4299 414 162 252 165 148 109 3885 3834 100 87 3734 288 3446 1931 1531 1515 798 629 366 400 219 181 171 146 315
is_linear=0
shrinkage=0.05


Tree=73
num_leaves=31
num_cat=0
split_feature=2 3 1 6 1 1 7 5 3 3 0 6 4 1 1 6 7 7 2 1 1 1 0 0 5 1 5 3 0 3
split_gain=6.08658 4.0856 3.84203 3.7635 6.10749 3.0155 2.67933 2.27722 7.68721 11.0927 5.78185 5.00197 3.06345 2.68003 4.16904 2.50194 8.69802 6.40166 5.3469 4.2925 3.41075 4.41037 3.40147 2.71121 6.17144 2.69974 3.45934 3.10782 2.69316 2.49734
threshold=0.050524901405908443 2.2315840577081043 1.4965490463398712 -0.35577028248525716 1.9668001027168092 1.909287300303766 -1.3490667244243761 0.93742207714292702 -1.2084602161472491 -0.60631531604337974 -1.1760400074157753 -0.31283735861622719 -1.6264172963700605 -1.2632074522153121 -0.9504391278639498 -0.39847156912677489 -1.3322225582661487 -0.72586503161072946 -0.44644579680684154 0.48068473414009921 -1.4718732957946667 0.68073494127378409 -0.76720904743073381 -0.41472141487963993 -0.30451138525780075 -1.6877215719069374 -0.66729479009757864 -1.0000000180025095e-35 -0.17768995368907711 -1.1636536859952527
decision_type=2 2 2 2 2 2 2 2 2 2 2 2 2 2 2 2 2 2 2 2 2 2 2 2 2 2 2 2 2 2
left_child=2 5 6 4 -4 -2 -1 10 12 -10 -8 -11 -9 -13 -15 17 -17 -12 19 28 -19 23 -20 24 -22 26 -24 -28 -18 -27
right_child=1 -3 3 -5 -6 -7 7 8 9 11 15 13 -14 14 -16 16 18 20 22 -21 21 -23 25 -25 -26 29 27 -29 -30 -31
leaf_value=-0.038553863535657887 0.045614126229392996 -0.1182213427556353 -0.053263169423476801 -0.053404045985713015 0.026712156095027154 -0.069902931536403451 -0.042346692512888494 -0.059644505735702014 -0.033993413651753561 0.028533887213128484 -0.046943480423329971 -0.051551070522838555 0.05101489852346322 0.070442474455614731 -0.010247436722877118 0.056875288517064797 0.0053592408814523342 -0.051335026840788403 -0.045422146298460198 -0.028846962869723342 0.035600621313638552 -0.058604007989617492 0.071263719854248911 0.039042628019064683 -0.065569663081094201 -0.035025220463682678 -0.031839410103968888 0.038668529018664709 0.061203289334615121 -0.00090040065397906501
leaf_weight=4.4764109607785931 11.442785541526968 0.42281333357095796 3.952705295756461 6.7022288907319298 6.0274408049881458 0.59428742527961809 8.3059913981705886 0.66163758374750514 16.151241097599268 25.427585408091542 9.9405934102833289 2.8459928631782523 11.426843348890541 1.8970748148858536 10.250097556039693 6.7980105802416793 3.0285706222057334 2.5516010783612755 4.3074953053146592 2.4056059941649428 3.8095986172556877 2.0148584060370913 2.8960458524525166 8.3199064619839138 2.4943178948015037 5.4420054927468291 2.9761176258325577 3.2911473084241134 7.5191694423556319 361.93460140191019
leaf_count=84 684 2 104 155 44 2 108 5 152 301 181 14 385 16 101 46 17 18 40 24 41 13 24 136 32 26 12 35 63 2198
internal_value=3.94835e-06 0.0345448 -0.000811381 -0.0244242 -0.00496262 0.0399109 -4.07641e-05 0.00029948 0.00876591 0.00103223 -0.0010276 0.0150277 0.0449582 -0.00787803 0.00235424 -0.00022897 0.000799835 -0.0143768 -0.000168171 0.0314231 0.00249284 0.0107475 -0.00124265 0.0203027 -0.00443018 -0.000737251 0.0260702 0.00518663 0.0451688 -0.0014059
internal_weight=540.315 12.4599 527.855 16.6824 9.98015 12.0371 511.173 506.696 68.6605 56.572 438.036 40.4208 12.0885 14.9932 12.1472 429.73 400.599 29.1309 393.801 12.9533 19.1903 16.6387 380.847 14.6238 6.30392 376.54 9.16331 6.26726 10.5477 367.377
internal_count=5063 688 4375 303 148 686 4072 3988 974 584 3014 432 390 131 117 2906 2485 421 2439 104 240 222 2335 209 73 2295 71 47 80 2224
is_linear=0
shrinkage=0.05


Tree=74
num_leaves=31
num_cat=0
split_feature=2 3 1 7 1 0 7 3 4 4 4 0 0 2 5 3 3 5 0 6 3 0 0 0 3 3 5 5 5 5
split_gain=5.71679 3.65316 3.57871 3.65069 4.51107 2.86584 2.49292 2.29708 2.13283 16.5282 16.3731 4.01505 3.63653 3.26376 3.23469 3.82076 6.10791 6.51393 5.7725 4.74403 4.78501 4.59818 3.51148 4.25744 3.05474 7.05852 4.8466 4.53068 3.27859 2.97528
threshold=0.050524901405908443 2.2315840577081043 1.4965490463398712 -1.0456770033316791 1.9668001027168092 -0.97995705049585646 -1.3490667244243761 0.13192560931808389 -0.24578499939545764 -0.15374285239996058 -0.33782723843310175 -1.1760400074157753 2.0589751712411388 -0.15496332206069161 0.18831013365909852 0.24699002845435353 -1.2294918527492065 0.93742207714292702 0.74268532260317244 -0.38933618469065034 0.17993259066919218 1.1750349452891977 0.045484203462505902 -0.60179964423319177 0.28021387243794593 -0.1369135563535778 -0.38634794457304028 -0.63789402783149318 -0.8046242371618515 0.52717283728338815
decision_type=2 2 2 2 2 2 2 2 2 2 2 2 2 2 2 2 2 2 2 2 2 2 2 2 2 2 2 2 2 2
left_child=2 5 6 4 -4 7 -1 -2 10 -10 12 -11 13 14 22 16 17 -16 -17 -18 -21 -20 23 -8 25 26 27 28 -25 -23
right_child=1 -3 3 -5 -6 -7 8 -9 9 11 -12 -13 -14 -15 15 18 19 -19 21 20 -22 29 -24 24 -26 -27 -28 -29 -30 -31
leaf_value=-0.037736574100228626 -0.052237463864946411 -0.10621603345679848 -0.046006693315859548 -0.053903186887641556 0.022480194588056463 0.051704023867448851 -0.033479924313848698 0.051987795120988625 -0.060257429418626211 -0.037059207433154273 0.061568435115134094 0.00091991100876427981 0.053850434445691979 0.038362500191556195 -0.052401573058245957 0.055368821221465886 -0.033460589333077675 0.051088408673078678 -0.026862872898912978 0.010847397662809722 -0.048378543155208426 0.069520104964857679 -0.017534042468651055 -0.013448118908218934 0.04870367463377908 -0.027669263338070928 0.054859037884915286 -0.0376055946312513 0.048235089828576133 -0.0035252283815422228
leaf_weight=4.3479883410036555 1.3525024084374302 0.4464113116264351 4.0305343735963124 6.2376575004309407 5.9594856128096581 9.3305234136059845 6.979880452156066 0.86788373067975033 11.794706266373394 7.1225967966020098 11.798330901190637 302.80171797145158 3.1549388654530039 5.277810174971818 1.8424911443144072 8.7142092045396584 13.884913839399813 8.700568166561423 6.4420367181301099 23.748624891042713 3.9822021499276152 2.9582546763122082 46.260432841256261 3.5415232162922621 4.3046059571206561 11.425361290574076 7.0763122700154772 4.4394638314843187 5.4994280561804771 2.6365034729242325
leaf_count=84 15 2 105 168 30 624 62 47 102 92 233 1967 27 113 22 209 142 345 32 141 19 28 219 24 37 43 49 29 33 20
internal_value=3.83512e-06 0.0341308 -0.00077609 -0.0238907 -0.00515126 0.0395548 -3.87777e-05 -0.0114989 0.00028619 -0.00216377 0.00460112 4.70852e-05 0.000667595 -0.000332846 -0.00159011 0.00622847 -0.000991031 0.0330026 0.0243751 -0.00960309 0.00234243 0.00193675 -0.00795749 0.00228173 0.00916061 0.00383834 0.0213502 0.00376026 0.0240725 0.0350978
internal_weight=536.96 11.9973 524.963 16.2277 9.99002 11.5509 508.735 2.22039 504.387 321.719 182.668 309.924 170.87 167.715 162.437 72.9098 52.1588 10.5431 20.751 41.6157 27.7308 12.0368 89.527 43.2666 36.2867 31.9821 20.5567 13.4804 9.04095 5.59476
internal_count=5063 688 4375 303 135 686 4072 62 3988 2161 1827 2059 1594 1567 1454 958 669 367 289 302 160 80 496 277 215 178 135 86 57 48
is_linear=0
shrinkage=0.05


Tree=75
num_leaves=31
num_cat=0
split_feature=6 1 3 7 7 7 5 2 3 0 6 4 4 0 1 0 1 0 7 3 2 0 3 2 0 0 3 5 0 2
split_gain=5.44312 3.46237 3.26985 3.66426 2.82345 2.37513 3.36377 7.96746 10.0895 5.85795 4.79216 3.28687 3.24558 2.6541 2.60592 3.54829 2.5917 2.44553 6.2286 2.43451 2.65486 2.25686 4.68714 3.72475 5.58108 3.70484 4.86541 3.84871 2.97589 5.85633
threshold=0.20202592781167614 2.003131675360764 2.2315840577081043 0.058849171581372983 -1.3490667244243761 3.3044668409538089 0.93742207714292702 -0.46139035719728066 -0.60631531604337974 -1.1760400074157753 -0.31283735861622719 -1.6264172963700605 -1.6264172963700605 -0.39880530760807087 -1.2632074522153121 0.78261853570006845 0.14955908997862319 0.47619257875424831 0.92174756798189539 0.32136272665916715 -0.31211158294526803 -0.40508591749695272 1.6614438829597833 -0.26845378018014682 -0.61600749130640986 -0.88992128970837792 -1.2447321691274367 -1.1905288610973466 -0.011552942454124868 -0.14766467220382987
decision_type=2 2 2 2 2 2 2 2 2 2 2 2 2 2 2 2 2 2 2 2 2 2 2 2 2 2 2 2 2 2
left_child=1 4 3 -2 -1 6 9 11 13 12 16 -8 -6 -9 -12 19 17 -10 -19 -16 -21 22 23 25 -25 26 -11 -28 -23 -30
right_child=2 -3 -4 -5 5 -7 7 8 10 21 14 -13 -14 -15 15 -17 -18 18 -20 20 -22 28 -24 24 -26 -27 27 -29 29 -31
leaf_value=-0.038530075444734552 0.05046325829960549 -0.055789331647757345 -0.096424261619663165 -0.028467241204317751 0.02857558120997248 -0.045430234839242863 -0.059055125555635982 -0.050092933872383838 0.05160724408845449 0.036209740234179992 -0.048846684982886836 0.05712335635280006 -0.049877778346899604 -0.0077962211518190216 -0.045403076532915372 0.039342132486504984 -0.018108035339220469 0.052880935037257097 -0.029376221568027463 0.052455750466390019 -0.039210583443672821 0.0076002353171701681 -0.072366629599729559 -0.0179340837044446 0.054054939424766538 -0.021477880571135571 0.028712747783219618 -0.063363339027927776 -0.003204267796515765 0.045332442713167914
leaf_weight=4.8245940506458274 9.7783263484016008 2.8428831435739985 0.46659570187330324 1.7306452114135034 1.5463267602026451 2.8736451230943194 0.64779296889901061 8.5025716982781869 11.643922829069199 7.4040055442601442 2.8530222773551932 10.112879077903925 8.9390738978981954 6.578488163650035 3.7130248639732617 4.467990979552269 2.442819917574524 5.3199934214353544 4.055857390165329 1.8779705716297024 1.3632853273302323 115.86850767210126 2.8315785266458979 5.1162508893758059 5.6827089609578234 32.886916056275368 1.8311536051332948 2.98485912196338 255.49526536744088 6.3697013230994335
leaf_count=93 589 69 2 11 23 16 5 117 204 56 14 381 150 33 19 33 27 41 23 54 9 869 24 57 76 308 12 35 1491 222
internal_value=5.36336e-06 -0.000760597 0.0333336 0.0385942 -0.000458725 -0.000100962 0.000154182 0.010915 0.00292589 -0.00137654 0.0167404 0.0501294 -0.0383079 -0.0316427 -0.00610201 0.00457463 0.0306384 0.0363035 0.0172977 -0.0177628 0.0139005 -0.000489332 -0.00960691 -0.0064282 0.0199485 -0.012743 0.0107646 -0.028354 0.00092845 -0.00202364
internal_weight=533.053 521.077 11.9756 11.509 518.234 513.41 510.536 63.5796 52.8189 446.956 37.7379 10.7607 10.4854 15.0811 14.2753 11.4223 23.4626 21.0198 9.37585 6.95428 3.24126 436.471 58.7375 55.9059 10.799 45.1069 12.22 4.81601 377.733 261.865
internal_count=5063 4461 602 600 4392 4299 4283 960 574 3323 424 386 173 150 129 115 295 268 64 82 63 3150 568 544 133 411 103 47 2582 1713
is_linear=0
shrinkage=0.05


Tree=76
num_leaves=31
num_cat=0
split_feature=2 1 6 1 3 0 7 1 7 3 2 2 5 1 0 2 0 1 0 0 3 6 1 2 1 5 6 0 5 1
split_gain=5.11422 3.22349 3.59893 5.32012 2.99743 2.71745 2.24591 2.05721 2.30239 8.10213 3.09318 10.5424 3.05312 5.23466 5.13876 3.7785 5.87812 3.92553 6.19046 5.75518 5.60357 4.48841 4.46353 4.23321 4.69977 4.13726 4.59763 4.5783 4.70801 6.99163
threshold=0.050524901405908443 1.5064306795751408 -0.35577028248525716 1.9668001027168092 2.2315840577081043 -0.97995705049585646 -1.3490667244243761 -1.7995094254806314 -1.3417805677721177 -1.2022116864321746 -0.40388620134612946 -0.42539904491439068 -0.58544351638749659 -0.74502950012727387 -0.10369885149590102 -0.16814949846880164 -0.33463611165396884 -0.56286737773942452 1.0508001909799718 0.33526351918818315 0.28021387243794593 -0.30961816054206109 -1.4718732957946667 -0.46382645497508307 1.1992588846131529 -0.05319933094588912 -0.37505752923930619 -0.39880530760807087 -0.3105716138764702 -0.86763613816548735
decision_type=2 2 2 2 2 2 2 2 2 2 2 2 2 2 2 2 2 2 2 2 2 2 2 2 2 2 2 2 2 2
left_child=1 6 3 -3 5 -2 -1 -8 9 10 11 -9 13 14 -10 17 -17 18 19 20 25 22 -20 -19 -25 27 -27 -14 29 -29
right_child=4 2 -4 -5 -6 -7 7 8 12 -11 -12 -13 15 -15 -16 16 -18 23 21 -21 -22 -23 -24 24 -26 26 -28 28 -30 -31
leaf_value=-0.036441179339465689 -0.011326055609193517 -0.052960156541332487 -0.054736625877220224 0.024683091271204174 -0.088254920991185426 0.051613676663707281 0.02885847516731499 -0.051481821237624049 0.055353905194962465 0.11444400441567622 -0.059335396142443403 0.12053573716340538 -0.043387270030746106 -0.020857717217401546 -0.0069000535045947269 -0.028670902357561579 0.051668741280757415 0.031122218017689163 -0.037965699670939539 -0.030032634369396956 0.019666800933101972 -0.0046353263782619065 0.021635116597185963 0.0040833673796105731 -0.053218667839245559 0.0011965810841549382 -0.045953016195433669 0.036046346323450509 0.028359335245468839 -0.04352527086853189
leaf_weight=4.2001534085720769 2.1455487580969921 3.530891187489031 5.7189953569322816 5.8808423690497875 0.48382114619016725 8.5451264223083818 6.2163691967725745 2.0853796638548374 4.9600803535431615 1.9697971940040577 1.7224485427141192 1.5547840818762777 5.2914010733366039 40.578975606709719 9.9937178315594775 3.1511350302025667 8.2052600737661106 14.382349632680414 3.424606315791606 34.445308674126863 17.253517991863191 60.854859002865851 37.977329815737903 193.78081726748496 3.6456144880503407 7.9886078154668239 14.655638433992861 4.3103904202580452 13.211358478292819 7.6779127791523969
leaf_count=85 62 104 149 44 2 624 56 54 41 12 9 10 28 348 93 37 231 450 21 154 182 343 225 1336 65 103 58 25 76 36
internal_value=6.0957e-06 -0.000714937 -0.0234541 -0.00444543 0.0334731 0.0389821 -3.16515e-05 0.000274605 -8.57276e-05 0.0277231 -0.00413124 0.0219902 -0.000505469 -0.0115388 0.0137492 0.000918594 0.0293764 0.000147103 -0.00474793 -0.0132857 -0.00509049 0.00400506 0.0167052 0.0049331 0.00302525 -0.0131294 -0.0293192 -0.00110601 0.00777217 -0.0149153
internal_weight=529.843 518.669 15.1307 9.41173 11.1745 10.6907 503.538 499.338 493.121 7.33241 5.36261 3.64016 485.789 55.5328 14.9538 430.256 11.3564 418.9 207.091 104.834 70.3888 102.257 41.4019 211.809 197.426 53.1353 22.6442 30.4911 25.1997 11.9883
internal_count=5063 4375 297 148 688 686 4078 3993 3937 85 73 64 3852 482 134 3370 268 3102 1251 662 508 589 246 1851 1401 326 161 165 137 61
is_linear=0
shrinkage=0.05


Tree=77
num_leaves=31
num_cat=0
split_feature=6 1 3 7 0 7 5 2 3 0 6 4 4 0 1 5 0 7 4 4 4 4 4 4 4 5 7 4 4 4
split_gain=4.91008 3.22042 3.01149 2.45913 2.23591 2.15993 3.07566 7.32002 9.41644 5.30816 4.26449 3.12469 3.09906 2.61261 2.40045 2.3561 2.34299 5.69183 2.12115 5.53619 15.231 8.10279 4.89181 18.3333 9.2583 4.66719 4.23677 4.07241 23.3404 20.5386
threshold=0.20202592781167614 2.003131675360764 1.6177040225510992 -1.3490667244243761 1.4906834686067219 3.3044668409538089 0.93742207714292702 -0.46139035719728066 -0.60631531604337974 -1.1760400074157753 -0.31283735861622719 -1.6264172963700605 -1.6264172963700605 -0.39880530760807087 0.14955908997862319 1.5143573831482968 0.47619257875424831 0.92174756798189539 1.5030157014768397 1.2268893525324958 1.1348471134948515 1.3189314995279926 0.85872076455050717 0.76667852551286308 0.95076291154600423 -0.2089925407955199 -0.18321674998151552 0.30646788257752478 0.21442564353988061 0.39851002957302184
decision_type=2 2 2 2 2 2 2 2 2 2 2 2 2 2 2 2 2 2 2 2 2 2 2 2 2 2 2 2 2 2
left_child=1 3 4 -1 -2 6 9 11 13 12 14 -8 -5 -9 16 -12 -10 -18 19 20 22 -21 23 27 -24 -23 -20 28 -11 -29
right_child=2 -3 -4 5 -6 -7 7 8 10 18 15 -13 -14 -15 -16 -17 17 -19 26 21 -22 25 24 -25 -26 -27 -28 29 -30 -31
leaf_value=-0.036988046985446416 0.052749386247792476 -0.055677944632283365 -0.016678045488336336 0.027983647163892816 -0.048932065522211077 -0.043505492421867076 -0.05772166810776605 -0.049749506229927853 0.050547237686761594 -0.0020145360810517386 0.007145131769559887 0.056510894930212788 -0.049132403499751072 -0.0073636306069044481 -0.017304060134399852 -0.038980917032969103 0.05122593716764802 -0.027679238658269559 -0.0053049111863463505 -0.06916533435661186 0.069725283812129502 0.025245924434834956 -0.060780784150972267 0.061259384385247299 -0.0021053620329355605 -0.031402965533431249 0.038344032891130031 -0.067635334463935326 0.067226175945651653 -0.0010463930694613809
leaf_weight=4.5578947663307181 8.292170100845393 2.650827281177043 2.4326733145862809 1.5392405446618784 0.57835226878523904 2.8496953323483458 0.63871871680021186 8.1629769504070264 11.272278027608992 231.38766405638307 10.273477805778386 9.5408259751275164 8.4816159512847644 6.5549619644880286 2.4318655282258979 3.7897336995229116 5.2120509482920152 4.0703619085252285 12.256150217726828 7.2131354864686736 7.6945149553939691 6.9544336963444957 9.7182956300675887 11.941303289495407 21.812171742320061 7.6195419784635297 10.174613628536461 13.52299198694527 12.84671531524509 80.591783637180924
leaf_count=93 533 69 64 23 5 16 5 117 204 1662 85 381 150 33 27 44 41 23 109 53 97 58 77 157 137 37 67 71 127 498
internal_value=5.34034e-06 -0.00070909 0.0326045 -0.000425109 0.0461198 -9.74135e-05 0.000147197 0.0105836 0.00296198 -0.00130971 0.0164025 0.0493433 -0.0372871 -0.030872 0.0296708 -0.00528485 0.0352285 0.0166258 -0.000478499 -0.00129505 7.68775e-05 -0.0258228 -0.00132669 0.000371266 -0.0201903 -0.00437115 0.0144943 -0.00177765 0.00162752 -0.0106143
internal_weight=527.063 515.76 11.3032 513.109 8.87052 508.551 505.701 61.9473 51.7677 443.754 37.0498 10.1795 10.0209 14.7179 22.9866 14.0632 20.5547 9.28241 433.733 411.303 389.515 21.7871 381.821 350.29 31.5305 14.574 22.4308 338.349 244.234 94.1148
internal_count=5063 4461 602 4392 538 4299 4283 960 574 3323 424 386 173 150 295 129 268 64 3150 2974 2826 148 2729 2515 214 95 176 2358 1789 569
is_linear=0
shrinkage=0.05


Tree=78
num_leaves=31
num_cat=0
split_feature=2 1 3 0 7 0 7 3 7 2 2 4 4 4 4 4 4 4 7 2 2 4 4 4 1 4 4 4 3 6
split_gain=4.59153 2.96061 2.67629 2.61883 2.33154 1.99879 4.99294 2.96017 4.57401 2.7072 2.49777 2.11231 6.16762 15.5199 8.86392 4.6422 17.707 9.676 4.00201 3.84766 6.09186 3.84524 24.5943 24.1208 6.74513 4.73036 15.3956 13.1254 4.89025 4.33491
threshold=0.050524901405908443 2.003131675360764 2.2315840577081043 -0.97995705049585646 -1.3490667244243761 -1.1760400074157753 0.73209653725819235 0.45242949323289472 1.9298660442956905 -0.44504841469390521 -0.462054069539728 1.5030157014768397 1.2268893525324958 1.1348471134948515 1.3189314995279926 0.85872076455050717 0.76667852551286308 0.95076291154600423 -0.18321674998151552 -0.38591748076643312 -0.3592266011235079 0.30646788257752478 0.39851002957302184 0.21442564353988061 0.68073494127378409 -0.24578499939545764 -0.33782723843310175 -0.15374285239996058 -1.0478272815207041 -0.39938820083883714
decision_type=2 2 2 2 2 2 2 2 2 2 2 2 2 2 2 2 2 2 2 2 2 2 2 2 2 2 2 2 2 2
left_child=1 4 3 -2 -1 6 -6 8 9 10 -8 12 13 15 -14 16 21 -17 -13 -20 -21 23 -23 25 -24 26 -7 -27 29 -29
right_child=2 -3 -4 -5 5 11 7 -9 -10 -11 -12 18 14 -15 -16 17 -18 -19 19 20 -22 22 24 -25 -26 27 -28 28 -30 -31
leaf_value=-0.036597259648997078 -0.011193815028791389 -0.054951963530436333 -0.080053025866431246 0.051547143637433346 -0.046366738812112014 0.00025443214857201382 0.031433887447951385 0.056834558402711788 -0.061650444992362587 0.046884697595465111 -0.053043997141683653 -0.0050443699371354378 -0.067890533441799433 0.068722514883465993 -0.0035885291593258416 -0.060127032324836585 0.060964277593097388 -0.00058884297020613452 0.079339888010169279 -0.037094299097908658 0.05101942814651849 -0.068838088245550336 0.0047066377370083923 0.066031806441446336 -0.059489456119042744 -0.059606659920582054 0.061178661320451078 -0.013909365344158209 -0.0069608593660203198 0.055251000813043898
leaf_weight=4.4099692683666936 2.1061128834262481 2.4992598481476298 0.50110641121864397 7.9088634373620126 7.9323158748447922 155.75911870785058 1.5649210549890997 2.2264620484784237 2.7499120868742466 3.3459582943469268 1.984713541343808 12.245012976229193 7.9837101399898556 8.3381713051348907 16.304522743448615 9.7043351512402278 12.07336116209626 22.992237163707614 3.5434340275824061 3.1902740821242324 5.0930973570793858 14.643939225003122 79.401527229696512 14.156678446568547 4.3141086120158425 11.516395941376684 11.109020832926033 3.541989378631115 83.199486946687102 6.2879436928778869
leaf_count=92 62 71 2 624 154 1384 77 86 17 38 32 109 58 100 106 80 163 144 30 12 36 76 463 145 49 109 220 53 424 47
internal_value=6.22712e-06 -0.000665351 0.0327107 0.0383529 -0.000399117 -8.31395e-05 -0.0156532 0.00486822 -0.00712712 0.0146164 -0.0158004 0.00055212 -0.000201322 0.00116157 -0.024725 -0.000152479 0.00134257 -0.0182598 0.0149915 0.0357359 0.0170831 -0.000532336 -0.0090585 0.00240435 0.00139843 -0.000914398 0.00431038 -0.00925379 -0.00302046 0.0303307
internal_weight=522.628 512.112 10.5161 10.015 509.613 505.203 19.8043 11.872 9.6455 6.89559 3.54963 485.398 461.327 437.038 24.2882 428.7 396.004 32.6966 24.0718 11.8268 8.28337 383.93 98.3596 285.571 83.7156 271.414 166.868 104.546 93.0294 9.82993
internal_count=5063 4375 688 686 4304 4212 404 250 164 147 109 3808 3621 3457 164 3357 3133 224 187 78 48 2970 588 2382 512 2237 1604 633 524 100
is_linear=0
shrinkage=0.05


Tree=79
num_leaves=31
num_cat=0
split_feature=6 1 3 7 0 7 5 2 3 0 6 4 0 4 4 7 3 0 7 1 7 7 4 4 6 0 0 3 7 2
split_gain=4.42402 2.90734 2.7759 2.12493 2.10979 1.94527 2.8041 6.87229 8.66852 4.647 4.32789 3.00626 2.95185 2.93271 2.50297 3.58559 2.60056 2.27185 4.69492 2.52886 1.92766 1.91633 3.15853 2.16205 8.82062 5.37141 4.65957 3.80768 3.66543 3.78367
threshold=0.20202592781167614 2.003131675360764 1.6177040225510992 -1.3490667244243761 1.4906834686067219 3.3044668409538089 0.93742207714292702 -0.46139035719728066 -0.57370105423428386 -1.1760400074157753 -0.31283735861622719 -1.6264172963700605 -0.39880530760807087 -1.6264172963700605 1.2268893525324958 1.2662091431656075 1.4790172959123693 -0.011552942454124868 0.92174756798189539 0.17955877359780395 0.67852949247176786 1.7069485967855076 -0.24578499939545764 -0.89008012040608409 -0.19272153395928504 -0.60179964423319177 -0.096579260176932483 0.5888303095777373 -0.00990683228414674 -0.26845378018014682
decision_type=2 2 2 2 2 2 2 2 2 2 2 2 2 2 2 2 2 2 2 2 2 2 2 2 2 2 2 2 2 2
left_child=1 3 4 -1 -2 6 9 13 12 11 17 -5 -9 -8 15 16 -12 19 -19 20 -10 23 -23 24 25 -11 28 -28 -27 -30
right_child=2 -3 -4 5 -6 -7 7 8 10 21 14 -13 -14 -15 -16 -17 -18 18 -20 -21 -22 22 -24 -25 -26 26 27 -29 29 -31
leaf_value=-0.035366195914069885 0.052495081010506719 -0.055293718646397497 -0.015623703638180407 0.028561204364375526 -0.046064651596383177 -0.041761072209603983 -0.055880020233874464 -0.047105616640426749 -0.018620895840247214 -0.073607087152691528 0.042964929660199214 -0.048318341223634764 -0.0033399745312794847 0.055835935729960831 -0.053324329303905099 -0.035837274869515802 -0.020879526981420829 0.046717445235184757 -0.022484969191460147 -0.024621235375117179 0.06035389502020673 0.046504874173312893 -0.011098957189272897 0.00039712724805937035 0.05258316199859614 0.047911761630390633 -0.033839366304924727 0.0054424719431426967 -0.026547396313006313 0.036268342424908472
leaf_weight=4.3084284476935855 7.7030609166249615 2.4238594379276028 2.3892761869356027 1.5148246735334394 0.58415062353014935 2.7864735610783091 0.62784621305763622 8.8528800439089519 0.84173681214451335 3.8154937382787457 5.3541521700099128 7.9189210049808008 6.8213243409991255 9.1329334024339897 2.2606364563107482 3.7372664250433445 2.2717553488910198 5.0608441391959786 4.7524557001888752 1.140124840661884 9.4164729062467796 5.4799957936629653 4.2062988951802236 362.82060898467898 5.0760392406955352 4.6139722447842368 22.461419777013365 8.5049072634428722 7.1142598856240502 3.6156005179509494
leaf_count=93 533 69 64 23 5 16 5 122 6 44 50 150 35 381 13 28 36 43 34 12 195 37 22 2656 101 40 103 76 43 28
internal_value=6.1659e-06 -0.000664672 0.0318583 -0.000402212 0.0455478 -0.000101052 0.000132324 0.0102427 0.00282066 -0.00126163 0.016715 -0.0359734 -0.0280591 0.04865 -0.00527553 0.0042835 0.0239457 0.030839 0.0132036 0.0460221 0.0538736 -0.000496012 0.0214903 -0.00100547 -0.0102242 -0.0165845 -0.0118864 -0.0230506 0.0106447 -0.00538061
internal_weight=517.608 506.932 10.6765 504.508 8.28721 500.199 497.413 60.2704 50.5096 437.142 34.8354 9.43375 15.6742 9.76078 13.6238 11.3632 7.62591 21.2116 9.8133 11.3983 10.2582 427.709 9.68629 418.022 55.2017 50.1257 46.3102 30.9663 15.3438 10.7299
internal_count=5063 4461 602 4392 538 4299 4283 960 574 3323 417 173 157 386 127 114 86 290 77 213 201 3150 59 3091 435 334 290 179 111 71
is_linear=0
shrinkage=0.05


Tree=80
num_leaves=31
num_cat=0
split_feature=2 1 3 0 7 1 7 3 2 1 3 4 7 2 6 5 5 3 4 4 4 4 2 6 6 0 0 1 3 3
split_gain=4.12728 2.68088 2.40231 2.48583 2.01533 1.91893 1.85981 7.2993 3.07817 2.70303 3.94311 3.67554 3.43217 2.58045 2.50765 2.06477 3.56381 1.85012 1.82707 4.92205 14.0573 9.9686 4.11245 4.73847 3.79162 3.94315 4.83199 4.63217 4.1299 4.01752
threshold=0.050524901405908443 2.003131675360764 2.2315840577081043 -0.97995705049585646 -1.3490667244243761 -1.7995094254806314 -1.3417805677721177 -1.2022116864321746 -0.4358445192622965 0.97532326449953566 -1.2294918527492065 -1.8105015903610546 -1.2447886784390492 -0.44644579680684154 0.3651363247259965 -1.0103651099613307 1.1183285548757507 -1.0000000180025095e-35 -0.89008012040608409 -0.24578499939545764 -0.15374285239996058 -0.33782723843310175 -0.46139035719728066 -0.39433179566134463 -0.19272153395928504 -0.096579260176932483 1.9363996917143325 -1.2632074522153121 0.5888303095777373 -0.47768704581111826
decision_type=2 2 2 2 2 2 2 2 2 2 2 2 2 2 2 2 2 2 2 2 2 2 2 2 2 2 2 2 2 2
left_child=1 4 3 17 -1 -6 7 8 -7 18 12 -12 13 -11 -13 -14 -17 -2 24 21 -21 22 -20 -24 25 27 28 -8 -27 -29
right_child=2 -3 -4 -5 5 6 9 -9 -10 10 11 14 15 -15 -16 16 -18 -19 19 20 -22 -23 23 -25 -26 26 -28 29 -30 -31
leaf_value=-0.034976781475283075 -0.046171424250092227 -0.054595137970651623 -0.073127470083706153 0.051482759813171755 0.027794631080825152 -0.05132632113528366 0.090220819949277539 0.10734979970750053 0.024460075328547052 -0.037823372944932848 0.034939500158911584 -0.04795663145041773 0.064823790468050327 0.040651889715578364 0.030141461618790524 -0.043818878874143964 0.048448677176790217 0.051875448619848941 0.049049182050102121 -0.059793679704277958 0.00031657594894349511 0.057600085742707766 -0.044738744837840697 0.0060028655252035816 0.038432034646340291 -0.039106885773942494 0.028426940963706678 -0.019216936813919241 0.0019874538274182066 0.019607350328774892
leaf_weight=4.1729207560420027 1.3221183624118569 2.2900803443044415 0.51530933380127031 7.304431029595432 6.0968655617907634 2.1771500315517183 1.4604141730815197 1.9561463743448246 3.4837462306022648 5.1264614388346672 1.7721204776316888 12.591172697022552 2.5400011502206326 1.3165638484060762 1.1192022860050208 1.8693878389894978 2.3775906693190336 0.75641440041363139 5.1299400655552736 10.071717122569678 283.52201792690903 10.381852851249276 4.9057923294603816 74.048313570208848 4.2285102605819693 23.164414767175916 4.2690873257815829 14.375904716551306 8.3061121618375164 12.420155341736971
leaf_count=92 15 71 2 624 56 64 14 12 23 96 18 231 24 9 14 21 38 47 228 90 1839 229 53 505 54 102 29 228 79 156
internal_value=6.90026e-06 -0.000619609 0.0319818 0.0377543 -0.00037381 -8.42724e-05 -0.000429317 0.0240854 -0.00468696 -0.00081433 -0.0156945 -0.0328228 0.00434995 -0.0217878 -0.0415813 0.0291631 0.00783537 -0.0104905 0.000122033 0.00144867 -0.0017455 0.0113759 0.00566864 0.00285005 -0.00742383 -0.0104537 -0.0214894 0.00350452 -0.0282607 -0.00122162
internal_weight=515.072 505.174 9.89827 9.38296 502.884 498.711 492.614 7.61704 5.6609 484.997 28.7125 15.4825 13.23 6.44303 13.7104 6.78698 4.24698 2.07853 456.284 388.06 293.594 94.4659 84.084 78.9541 68.2246 63.9961 35.7396 28.2565 31.4705 26.7961
internal_count=5063 4375 688 686 4304 4212 4156 99 87 4057 451 263 188 105 245 83 59 62 3606 2944 1929 1015 786 558 662 608 210 398 181 384
is_linear=0
shrinkage=0.05


Tree=81
num_leaves=31
num_cat=0
split_feature=6 7 3 1 0 3 3 7 5 2 3 4 6 3 0 1 0 3 1 5 0 0 4 4 6 4 3 3 2 4
split_gain=3.89866 2.62468 2.72586 2.61764 1.91973 4.09921 7.15442 5.66744 5.16581 5.45849 5.16182 5.20118 4.7566 6.37741 4.69002 4.76682 3.96033 4.88836 7.50576 4.62153 6.43844 3.89336 5.58083 7.87077 5.38573 4.44968 5.00761 6.06799 3.70229 4.54675
threshold=0.20202592781167614 0.058849171581372983 2.2315840577081043 2.003131675360764 1.2746346602122036 0.93265198423345463 0.33172614179636356 0.081259377231191796 1.0338854456169975 -0.33100955617893285 0.35169097149216128 0.76667852551286308 -0.39433179566134463 0.1912104400293988 1.6724426746176546 -0.75876158661485649 0.39403016175515826 0.31008490777959319 1.0626739655501971 -0.66729479009757864 -0.17768995368907711 0.88734944934584081 -0.89008012040608409 -0.70599582641508996 -0.37242738601040581 1.0000000180025095e-35 0.14899473318106873 0.47666153531301486 -0.22359998143760404 0.30646788257752478
decision_type=2 2 2 2 2 2 2 2 2 2 2 2 2 2 2 2 2 2 2 2 2 2 2 2 2 2 2 2 2 2
left_child=3 2 -2 4 16 6 7 12 9 -9 -8 28 -6 -14 15 -7 17 -1 19 20 -19 24 -23 -24 -18 -25 -27 -28 29 -12
right_child=1 -3 -4 -5 5 14 10 8 -10 -11 11 -13 13 -15 -16 -17 21 18 -20 -21 -22 22 23 25 -26 26 27 -29 -30 -31
leaf_value=-0.0022578195671309289 0.049508541917960239 -0.02635933881414897 -0.068149903375760476 -0.054894782726320659 -0.034525827237486283 0.046107707996927247 -0.067335114744603838 -0.021950114239177809 0.046980028623354098 0.034499537399683755 0.010473888486078702 0.043579685650328805 0.049576893445330734 -0.002577325329097453 0.060368629881433558 -0.012946991838913794 0.036923300440552274 -0.083027178924693079 -0.041968303082837423 0.02483617000637264 0.056844818779825834 -0.044255612611361281 0.077338898089090516 -0.023373320559716266 -0.029102637072853207 -0.012612757903882665 0.061789275975530911 0.0034255859597865203 -0.057327267343333078 -0.039631655193649404
leaf_weight=228.37227875739336 7.8869369784370047 1.6758160088211287 0.52503392100334156 2.2111729988828293 2.8887987826019552 5.4950747853145012 4.5874078534543505 23.062342870980501 4.3627564497292033 5.2589611783623722 11.769434127956634 3.8840631879866114 18.415651305578653 8.5981237143278104 6.541154026053845 9.036400705575943 3.3909222055226556 2.3436477994546299 5.3263442441821089 45.544860019814223 1.2677887454628933 7.2283902913331977 3.3000714704394332 16.903026213869452 34.637219462543726 16.181904381141067 7.1078151613473919 11.925586257129906 4.947261635214093 7.3582874387502661
leaf_count=2168 589 11 2 69 53 68 17 102 30 25 79 32 125 41 116 75 24 30 107 656 34 38 18 98 182 103 45 77 19 30
internal_value=5.66122e-06 0.0307814 0.0421649 -0.000612849 -0.000372669 0.00525729 0.000837519 0.0107254 -0.00366622 -0.011468 -0.0181768 -0.0101111 0.0264557 0.0329769 0.0252105 0.00938453 -0.00207849 0.000952713 0.0144101 0.0205191 -0.0339253 -0.0105949 -0.00293411 0.00245558 -0.0232152 -0.00228594 0.00783581 0.0252209 -0.0187731 -0.00880133
internal_weight=512.035 10.0878 8.41197 501.947 499.736 116.206 95.1331 62.5866 32.6841 28.3213 32.5465 27.959 29.9026 27.0138 21.0726 14.5315 383.53 282.855 54.4826 49.1563 3.61144 100.675 62.6468 55.4184 38.0281 52.1183 35.2153 19.0334 24.075 19.1277
internal_count=5063 602 591 4461 4392 812 553 376 157 127 177 160 219 166 259 143 3580 2995 827 720 64 585 379 341 206 323 225 122 128 109
is_linear=0
shrinkage=0.05


Tree=82
num_leaves=31
num_cat=0
split_feature=2 1 6 1 3 0 4 4 4 0 5 3 0 2 0 7 2 7 4 4 4 4 2 5 5 5 1 3 1 2
split_gain=3.72087 2.25201 3.17653 4.89883 2.04528 2.37433 1.73997 13.8531 13.7858 3.24521 2.91376 2.70262 8.18328 4.19825 2.61698 2.91238 2.59258 2.69468 2.29367 5.43521 25.669 17.6091 3.6723 4.71945 3.60414 7.47376 5.4891 4.19437 4.10889 4.32058
threshold=0.050524901405908443 1.4965490463398712 -0.35577028248525716 1.9668001027168092 2.2315840577081043 -0.97995705049585646 -0.24578499939545764 -0.33782723843310175 -0.15374285239996058 2.0589751712411388 -0.97481373065111521 -1.2294918527492065 0.12335412001622294 -0.45780977284132413 -1.1760400074157753 2.2888187951820012 -0.15496332206069161 0.54330556511482286 1.0000000180025095e-35 0.30646788257752478 0.39851002957302184 0.21442564353988061 -0.3278342553295 -0.41947355079066323 -0.30451138525780075 -0.16502873174825422 -0.79926088106645266 0.21292240435448043 -0.55700999937615348 -0.38101874696142085
decision_type=2 2 2 2 2 2 2 2 2 2 2 2 2 2 2 2 2 2 2 2 2 2 2 2 2 2 2 2 2 2
left_child=1 6 3 -3 5 -2 7 9 -8 10 -1 12 -12 -13 15 -10 -15 -18 22 21 -21 24 -16 -24 27 -26 -27 -20 -28 -30
right_child=4 2 -4 -5 -6 -7 8 -9 14 -11 11 13 -14 16 18 -17 17 -19 19 20 -22 -23 23 -25 25 26 28 -29 29 -31
leaf_value=-0.037222902504242046 -0.010278270913001651 -0.052785050835429032 -0.052322002034615928 0.02555991041541246 -0.063732330602541895 0.051421739475093264 -0.059001458268666346 0.060363477288402523 -0.053682954122522587 0.051728462076534032 0.039241758268093195 -0.040276162505194175 -0.059917589379491189 -0.00078678514848712377 0.0076266728591384966 0.023140284145797815 0.05652260549895477 -0.033819813527319206 -0.034518235571655863 -0.067779888922172724 0.0027667505981067496 0.065135523995819997 0.018947607057435267 -0.037820125640831849 0.062170128976433509 0.034855143196518341 -0.037117058092284778 0.020549232806836397 0.043489771992957491 -0.013115500979724005
leaf_weight=5.2270501516759387 2.0290434490889302 3.0975488945841771 5.0006549935787907 5.6072936020791531 0.53313420712947923 6.7340430188924048 10.342716842889784 10.258782836142926 4.475346563383936 3.0297377966344348 11.65163475833833 6.606190960854291 2.5329744592308989 129.42157596722245 14.695615682750939 1.7031862214207647 3.7461025267839423 1.0586582627147434 11.553338944911959 13.904508188366888 177.47101940773427 13.538623469881712 4.7309248484671143 16.192687798291445 5.8098798338323823 8.7680852394550985 9.4581996388733351 4.934973591938614 4.9085866557434157 10.762291653081785
leaf_count=61 62 104 155 44 2 624 106 233 81 27 421 81 13 890 97 11 91 21 62 69 1303 145 29 74 41 53 41 35 35 52
internal_value=7.57959e-06 -0.000574598 -0.020563 -0.00231852 0.0313507 0.0371354 -1.18177e-05 0.0040045 -0.00223676 0.000463365 -0.000505904 0.000732163 0.0215347 -0.00136306 -0.000298535 -0.0325057 0.000552119 0.036617 0.000372087 0.00199572 -0.00235886 0.0139463 -0.01153 -0.0249847 0.00161371 0.00977342 0.000792774 -0.0180365 -0.0110923 0.00461496
internal_weight=509.784 500.488 13.7055 8.70484 9.29622 8.76309 486.783 173.533 313.25 163.274 160.244 155.017 14.1846 140.833 302.907 6.17853 134.226 4.80476 296.729 261.11 191.376 69.734 35.6192 20.9236 56.1954 39.707 33.8972 16.4883 25.1291 15.6709
internal_count=5063 4375 303 148 688 686 4072 1838 2234 1605 1578 1517 434 1083 2128 92 1002 112 2036 1836 1372 464 200 103 319 222 181 97 128 87
is_linear=0
shrinkage=0.05


Tree=83
num_leaves=31
num_cat=0
split_feature=6 3 7 5 2 3 0 6 0 4 7 4 4 7 3 0 3 2 3 4 1 2 2 3 6 3 1 0 2 0
split_gain=3.51951 2.46149 2.25861 2.80723 6.11315 7.57407 4.65164 4.19397 3.75629 3.28708 3.05932 2.502 2.3245 3.24313 2.32684 2.20871 4.00587 3.12463 6.47978 4.84152 4.95117 4.63142 7.75462 2.75559 2.68691 2.52293 2.45284 2.44682 4.86601 3.93251
threshold=0.20202592781167614 1.6177040225510992 3.3044668409538089 0.93742207714292702 -0.46139035719728066 -0.57370105423428386 -1.1760400074157753 -0.31283735861622719 0.52732995515441261 -2.5468387663250307 1.6751588843539398 -1.6264172963700605 1.2268893525324958 1.2662091431656075 1.4790172959123693 -0.40508591749695272 1.6614438829597833 -0.32054121352941184 -0.36414668879330431 -0.70599582641508996 1.1629446042045466 -0.4027682793202903 -0.42539904491439068 0.055876461071348658 -0.30610758541892824 0.68286303115078406 1.9857585475218218 -0.011552942454124868 -0.14766467220382987 0.97646373688526711
decision_type=2 2 2 2 2 2 2 2 2 2 2 2 2 2 2 2 2 2 2 2 2 2 2 2 2 2 2 2 2 2
left_child=2 -2 3 6 11 8 9 -7 10 -1 -6 -5 13 14 -9 16 17 21 -19 24 23 22 26 -21 -20 -25 -8 -17 29 -29
right_child=1 -3 -4 4 5 7 15 12 -10 -11 -12 -13 -14 -15 -16 27 -18 18 19 20 -22 -23 -24 25 -26 -27 -28 28 -30 -31
leaf_value=0.050819844778904902 0.044377597222978571 -0.015088695196209496 -0.043519994191738347 -0.051454794885445944 -0.04570363168949175 0.030419487120991968 -0.019168075760730589 0.041330360409034594 0.041881731567069869 -0.045674955068352625 0.022339901847890954 0.055023794393758797 -0.052399547104032364 -0.034392900922403269 -0.019669261687109207 0.0066209999278034719 -0.070936499627108379 0.14329362671003001 -0.073435302584639137 -0.0058947483240902286 -0.04229227295712306 -0.041103704226225946 0.067164130288649079 0.084795958983952341 0.0045597115700498477 0.01517585233780085 0.029749735876298963 -0.01099353935616627 0.044587903829721033 0.0018586472642165123
leaf_weight=0.98192218691110511 7.2455717152915877 2.290244827978313 3.0423372872173777 0.59061903133988281 11.254362123087047 20.449041654821482 21.630868114531044 5.1568212779238838 1.7686665356159199 8.7214083503931743 1.9361160676926363 8.3724337797611934 2.2147488072514525 3.7196277529001236 2.2434596922248602 113.77141859335825 2.5764023289084426 0.88452645763754922 2.5236568991094828 2.1890237331390345 2.2522255070507526 11.637620357796552 3.4034531861543647 3.6718527860939503 1.9632568703964342 2.0156313152983785 2.9069466441869727 98.426889499649405 5.4383158953860393 150.5677368119359
leaf_count=17 538 64 17 5 125 290 291 50 10 186 23 381 13 28 36 914 24 9 11 12 46 80 30 32 37 37 17 577 222 941
internal_value=6.96373e-06 0.0300954 -0.000571137 -0.000306241 0.0100567 0.00307814 -0.00167918 0.0161935 -0.0265415 -0.0359102 -0.0357161 0.0480074 -0.00562253 0.00369403 0.0228378 -0.000899217 -0.00999899 -0.00714855 0.0118815 0.00392854 0.023082 -0.0146012 -0.00356288 0.0417753 -0.0393084 0.0601228 -0.0133729 0.000525676 -0.00219989 -0.00322179
internal_weight=505.847 9.53582 496.311 493.269 57.7059 48.7428 435.563 33.7837 14.9591 9.70333 13.1905 8.96305 13.3347 11.1199 7.40028 425.86 57.6555 55.0791 15.5002 14.6156 10.1287 39.5789 27.9413 7.87651 4.48691 5.68748 24.5378 368.204 254.433 248.995
internal_count=5063 602 4461 4444 961 575 3483 417 158 203 148 386 127 114 86 3280 626 602 184 175 127 418 338 81 48 69 308 2654 1740 1518
is_linear=0
shrinkage=0.05


Tree=84
num_leaves=31
num_cat=0
split_feature=2 7 5 2 3 0 6 1 4 7 4 3 7 1 6 6 5 5 3 2 7 2 4 3 7 6 0 3 7 7
split_gain=3.37009 2.05862 2.42956 5.69746 7.93536 4.58739 4.05523 2.73158 2.34493 1.95137 2.8482 1.95856 3.47801 2.33471 2.13238 5.28375 5.06324 9.89726 4.31579 3.49744 4.13927 4.5006 4.2735 4.02019 3.30267 3.74892 4.92458 6.92065 5.75441 4.50893
threshold=0.050524901405908443 3.3044668409538089 1.0085710810042914 -0.46139035719728066 -0.60631531604337974 -1.1760400074157753 -0.22170762658403112 0.088103950994934441 -1.6264172963700605 1.7069485967855076 -0.24578499939545764 1.7669070551809316 -0.1593460674971682 -0.60929981399221511 -0.32178781897820979 -0.32689643891891468 -0.77662554651860782 -0.70443532405077514 -1.2022116864321746 -0.38101874696142085 0.018166777979565524 -0.36429312117611773 -1.1662064693504284 0.21292240435448043 -0.054694788543017264 -0.2882814498395152 -0.011552942454124868 0.42743532865164818 -0.3918377520337038 -0.19074631943952852
decision_type=2 2 2 2 2 2 2 2 2 2 2 2 2 2 2 2 2 2 2 2 2 2 2 2 2 2 2 2 2 2
left_child=1 2 5 8 -5 -1 7 -6 -4 11 -11 14 -13 -14 15 -7 18 -18 -16 -19 21 -21 -23 -22 25 26 29 28 -28 -24
right_child=-2 -3 3 4 6 9 -8 -9 -10 10 -12 12 13 -15 16 -17 17 19 -20 20 23 22 24 -25 -26 -27 27 -29 -30 -31
leaf_value=-0.037284523067252821 0.030701429694422935 -0.041728391746417758 -0.049731819369375763 -0.030461386522588958 0.030193729794763886 -0.0022792602059576424 -0.024794522205034836 -0.01736793537395637 0.054341571133046884 0.045424629059540561 -0.0096570413204234203 -0.059833270065360392 -0.030929633883525039 0.043304828192948001 -0.021075195552862958 -0.034347136883822481 -0.08640447411424558 -0.030551686575133324 0.062463881900032631 0.05133928165567523 -0.0026851866065819908 0.059749334840350082 0.064457763137756349 0.023662385643631212 -0.031400703166052722 -0.0070576330715629229 -0.01403956999969202 -0.037410834183441037 0.066958954747239285 -0.0071564221914697289
leaf_weight=8.7807572297751886 8.7860578978434187 3.0150223635137072 0.58078199066221703 12.863613165915011 23.044096997939054 189.34207117091864 5.0817662142217186 3.4739313311874858 7.9495242033153755 5.4173162998631597 4.1407920084893686 3.8770948285236955 2.1464975886046886 2.0908722123131138 2.07028953358531 13.780101440846918 3.1753413788974276 7.6587206404656163 6.1053965482860786 3.933333057910203 22.396815101616085 2.6550667192786923 6.9605242470279336 40.947196196299046 10.337044057436286 83.195411955472082 4.2474028058350113 7.5923419175669542 4.532820187509059 3.2122858529910463
leaf_count=196 688 17 5 147 323 1497 35 42 371 38 22 38 13 33 21 69 16 40 68 23 110 29 58 381 59 610 25 44 27 18
internal_value=6.25966e-06 -0.000539004 -0.00028638 0.00982598 0.00264507 -0.00150822 0.016122 0.023963 0.0472558 -0.000777335 0.021562 -0.00128541 -0.0256116 0.00570035 -0.000806462 -0.00445479 0.00273892 0.00116884 0.0413097 0.00257561 0.00391087 -0.00130787 -0.00299511 0.0143466 -0.00438246 -0.00183748 0.0145229 -0.00245256 0.0277762 0.041844
internal_weight=503.39 494.604 491.589 52.9937 44.4634 438.595 31.5998 26.518 8.53031 429.815 9.55811 420.257 8.11446 4.23737 412.142 203.122 209.02 200.844 8.17569 197.669 190.01 126.666 122.733 63.344 120.078 109.741 26.5454 16.3726 8.78022 10.1728
internal_count=5063 4375 4358 923 547 3435 400 365 376 3239 60 3179 84 46 3095 1566 1529 1440 89 1424 1384 893 870 491 841 782 172 96 52 76
is_linear=0
shrinkage=0.05


Tree=85
num_leaves=31
num_cat=0
split_feature=2 1 4 4 4 4 4 4 0 6 7 7 3 3 0 2 3 2 2 4 4 4 1 5 7 6 2 7 0 4
split_gain=3.11776 1.98616 2.43313 12.6578 10.1697 4.54104 14.9732 8.68167 3.70436 4.36664 4.6738 3.24058 3.89995 5.08461 3.17843 5.75209 8.09066 4.60057 3.11442 2.99068 7.34853 5.79112 5.72649 4.65747 5.94225 3.62792 5.89257 2.90033 4.76165 4.41527
threshold=0.050524901405908443 0.75961552443556102 1.2268893525324958 1.1348471134948515 1.3189314995279926 0.85872076455050717 0.76667852551286308 0.95076291154600423 -0.28106579292920691 -0.3008378233139663 0.26558778126905802 -0.17380478815899916 -0.12929344388541192 0.42743532865164818 -0.011552942454124868 -0.038227101755426506 0.28646240215302016 -0.24606981199935551 -0.31211158294526803 0.39851002957302184 0.30646788257752478 0.21442564353988061 -0.77427946276305482 -0.48765445100667165 1.0000000180025095e-35 -0.32954005603889941 -0.31211158294526803 -0.25809052903167079 -0.53595654394085257 -0.24578499939545764
decision_type=2 2 2 2 2 2 2 2 2 2 2 2 2 2 2 2 2 2 2 2 2 2 2 2 2 2 2 2 2 2
left_child=1 2 3 5 -4 6 14 -7 -9 10 -10 18 -13 -14 15 16 19 -18 -6 20 21 25 -21 -24 -25 27 -27 28 -1 -29
right_child=-2 -3 4 -5 11 7 -8 8 9 -11 -12 12 13 -15 -16 -17 17 -19 -20 22 -22 -23 23 24 -26 26 -28 29 -30 -31
leaf_value=-0.022199147614206653 0.029892107028783279 -0.010192726898407995 -0.067200515043340944 0.067551902570448755 -0.040053072646503894 -0.060407788576928648 0.059256418652630476 -0.043545793891729558 0.07236407168037394 -0.013401777113993872 -0.010389610135209228 0.049654567874466995 -0.026553178679953111 0.039078128548016206 -0.0035215070577484064 -0.074805063922773127 0.057551746689043476 0.013909423141323422 0.0046127844286136784 -0.048023046571276984 -0.064785168432949333 0.063443701847183037 -0.010997390491780727 0.090816569802877042 0.020345279504949559 -0.040665159725983009 0.011554805958176564 0.0082633965874955619 0.064492137643050063 -0.02679734082987402
leaf_weight=2.4068914391100407 8.5781038780696672 47.845624607987702 6.7468154337257138 7.1670328713953486 7.4136778451502314 8.6846962869167346 11.072736346162854 3.9794438164681241 4.2885254751890924 8.667663900181644 2.8335871882736683 5.498915994539856 7.5602498687803763 4.8404501862823963 219.4583040708676 2.1596781043335787 10.966961835045369 13.437518595717846 8.2408468052744848 2.8084606193006065 4.4640243072062722 3.5604907982051364 5.3161538150161549 4.5378956999629709 8.7772128283977491 12.986291386187078 9.2502521798014694 41.602340385317795 4.6328152678906838 11.45122329331935
leaf_count=18 688 761 44 95 62 59 161 25 37 48 14 47 32 43 1396 31 243 151 57 13 22 35 36 36 48 55 49 641 40 76
internal_value=7.53422e-06 -0.000512814 0.000528395 0.00169563 -0.0111874 0.000507755 0.00199228 -0.0187383 -0.000432735 0.0104329 0.0394399 7.52825e-05 0.0146066 -0.000934861 0.000220226 0.00615521 0.00743899 0.0335215 -0.0165401 0.0017452 -0.00223844 0.00101233 0.0185336 0.0285663 0.0443625 -0.00168762 -0.018942 0.00469709 0.0348522 0.000695793
internal_weight=501.235 492.657 444.811 404.51 40.301 397.343 368.889 28.4539 19.7692 15.7898 7.12211 33.5541 17.8996 12.4007 357.817 138.358 136.199 24.4045 15.6545 111.794 90.3543 85.8903 21.4397 18.6313 13.3151 82.3298 22.2365 60.0933 7.03971 53.0536
internal_count=5063 4375 3614 3329 285 3234 3051 183 124 99 51 241 122 75 2890 1494 1463 394 119 1069 936 914 133 120 84 879 104 775 58 717
is_linear=0
shrinkage=0.05


Tree=86
num_leaves=31
num_cat=0
split_feature=6 7 6 1 4 4 6 4 4 4 4 4 4 4 1 5 7 3 3 2 0 3 2 1 6 6 2 3 0 4
split_gain=2.9822 2.41107 2.53662 1.94067 2.47837 3.60434 2.4963 2.48296 2.28294 11.9862 9.55879 4.37997 14.076 7.81852 3.86684 3.473 2.91089 3.60465 4.54938 2.84969 2.74659 4.08718 7.53722 6.24012 4.27019 2.96259 2.83725 6.15462 4.76556 3.85552
threshold=0.20202592781167614 0.058849171581372983 5.7617034853152918 0.75961552443556102 1.3189314995279926 1.7791422345054781 -0.33937242729464984 -3.0990916482980135 1.2268893525324958 1.1348471134948515 1.3189314995279926 0.85872076455050717 0.76667852551286308 0.95076291154600423 -0.3634738359158679 -0.05319933094588912 -0.17380478815899916 -0.12929344388541192 0.42743532865164818 -0.31211158294526803 -0.011552942454124868 0.28646240215302016 -0.24606981199935551 -0.7820017647453148 -0.2322333485558665 -0.14789929351844902 -0.21490634580112489 0.97837290288751211 1.5365115432400682 0.30646788257752478
decision_type=2 2 2 2 2 2 2 2 2 2 2 2 2 2 2 2 2 2 2 2 2 2 2 2 2 2 2 2 2 2
left_child=3 2 -2 8 7 6 -6 -5 9 11 -10 12 20 -13 15 -15 19 -18 -19 -12 21 -1 -23 -24 -25 -26 29 28 -28 -22
right_child=1 -3 -4 4 5 -7 -8 -9 10 -11 16 13 -14 14 -16 -17 17 18 -20 -21 26 22 23 24 25 -27 27 -29 -30 -31
leaf_value=0.001635914597342831 0.049183305732894526 -0.026567185996465698 -0.060874983813875495 0.052377969935714787 0.0597763357023888 -0.054422651318686732 -0.00061847877286758015 -0.017417364533157096 -0.066375917076680752 0.066676025108280759 -0.038510275072209436 -0.05987269250280576 0.058785609769666639 0.038691554846107673 -0.037354494428871697 -0.011219454124392072 0.047682170289691433 -0.025321417109476215 0.037362951096307932 0.0043501837905637053 -0.00072518720714221318 0.056816141807860092 0.040246470311899901 0.012921419815324376 -0.084512279542261259 -0.0062586874072721281 0.01215693130223283 0.046652320486638241 -0.060590886807045087 -0.016348948817921045
leaf_weight=111.22099346201867 6.7985292701050621 1.6257588341832159 0.56722005363553751 1.3173238923773158 3.5030057411640878 1.5381405102089045 3.3444602685049163 38.975072552450001 6.4954736921936265 6.9668076978996387 7.3273908551782343 8.13206595182419 10.582913814112542 6.6233790423721102 5.4105457607656708 7.3566623311489812 5.4415484424680498 7.5323408730328065 4.7009768113493919 8.2385128047317266 145.16207063477486 10.330467003397645 6.3258541226387015 4.2767964033409944 3.1780719254165879 1.9525995906442402 7.2508065188303608 8.5712580168619734 3.2648617066442966 54.241526935249567
leaf_count=1074 574 11 17 36 36 34 41 645 44 102 62 58 163 52 35 34 47 32 41 58 856 240 81 54 34 39 65 209 17 272
internal_value=9.56454e-06 0.0285439 0.040708 -0.000514831 -0.00998861 0.0147418 0.0302781 -0.0151355 0.000531881 0.00166508 -0.0108995 0.000515195 0.00196035 -0.0187215 -0.00146345 0.0124271 -5.90579e-05 0.0138263 -0.00123329 -0.0158257 0.000270025 0.00581225 0.0236338 0.00184632 -0.0239751 -0.054731 -0.00321234 0.0152039 -0.0104295 -0.00497514
internal_weight=498.253 8.99151 7.36575 489.262 48.678 8.38561 6.84747 40.2924 440.584 400.848 39.7362 393.881 366.358 27.5227 19.3906 13.98 33.2408 17.6749 12.2333 15.5659 355.775 137.285 26.0638 15.7333 9.40747 5.13067 218.491 19.0869 10.5157 199.404
internal_count=5063 602 591 4461 792 111 77 681 3669 3385 284 3283 3104 179 121 86 240 120 73 120 2941 1522 448 208 127 73 1419 291 82 1128
is_linear=0
shrinkage=0.05


Tree=87
num_leaves=31
num_cat=0
split_feature=6 3 0 7 5 2 3 0 6 0 4 7 4 0 7 1 4 7 3 7 0 3 2 0 1 1 5 5 1 3
split_gain=2.77423 2.31127 2.04392 1.98884 2.28034 5.558 6.38915 3.9887 3.65608 3.46363 3.00277 2.88953 2.18693 2.12403 4.12858 2.51948 2.05958 2.76542 2.12601 1.90757 1.86716 3.5479 2.54123 5.08901 2.83927 4.34438 3.88014 3.83564 3.40948 2.58408
threshold=0.20202592781167614 1.6177040225510992 1.4906834686067219 3.3044668409538089 0.93742207714292702 -0.46139035719728066 -0.57370105423428386 -1.1760400074157753 -0.31283735861622719 0.52732995515441261 -2.5468387663250307 1.6751588843539398 -1.6264172963700605 -0.011552942454124868 0.92174756798189539 0.27089196437576696 1.2268893525324958 1.2662091431656075 1.4790172959123693 0.67852949247176786 -0.40508591749695272 1.6614438829597833 -0.26845378018014682 -0.61600749130640986 -0.29509550138511847 0.19962641271934417 -0.40072811244689338 -0.35693597133945582 0.35128180797695679 -1.2447321691274367
decision_type=2 2 2 2 2 2 2 2 2 2 2 2 2 2 2 2 2 2 2 2 2 2 2 2 2 2 2 2 2 2
left_child=3 2 -2 4 7 12 9 10 13 11 -1 -7 -6 15 -15 19 17 18 -10 -8 21 22 24 -24 26 27 -9 -26 -27 -30
right_child=1 -3 -4 -5 5 6 8 20 16 -11 -12 -13 -14 14 -16 -17 -18 -19 -20 -21 -22 -23 23 -25 25 28 -28 -29 29 -31
leaf_value=0.049121690833378327 0.051543329920743522 -0.016301654069155434 -0.047303419535985144 -0.041646428739735238 -0.048002775213247015 -0.044423350301002883 -0.021648273585189566 0.0016267834015903791 0.039434471780770253 0.040864886860301403 -0.04437894532227965 0.022250077142891039 0.053736478895138828 0.044178280441826423 -0.022014302848786253 -0.030296667095179215 -0.050897462754142343 -0.032362227482987165 -0.01996016065633446 0.059576301155655778 0.00054563710584849714 -0.068884892934135175 -0.019416275636133396 0.050927640482705906 -0.018615114822498568 -0.062826300530276588 -0.052413156481210366 0.064332760765837479 0.010624666221851179 -0.024832261130149153
leaf_weight=0.96129883825778861 5.9613228142261487 2.2077303240075707 0.57326521351933468 2.9177281633019438 0.56654425524175156 10.696023249998687 0.79103349149226687 5.566269949078559 4.9195103775709885 1.7449877187609661 8.0442177550867182 1.9161479268223036 7.8040384319610876 4.7518017021939158 4.6717160511761904 1.018998488783837 2.1177085041999808 3.6411435892805457 2.1717623211443424 8.3855818747542781 363.20648697437719 2.3878791797906151 5.1426032343879342 5.1418347405269724 2.1726363077759743 2.9828432574868229 8.237274399027223 3.8872958682477536 11.197281735017897 9.4968074439093453
leaf_count=17 533 64 5 17 5 125 6 53 50 10 186 23 381 43 34 11 13 28 36 196 2654 24 77 78 18 16 46 29 170 115
internal_value=1.19424e-05 0.0279284 0.0428717 -0.000489672 -0.00024137 0.00932389 0.00261573 -0.00147373 0.014897 -0.0251589 -0.0343982 -0.0342938 0.0468505 0.0284756 0.0113633 0.0442921 -0.00583434 0.00305747 0.0212444 0.0525747 -0.000766797 -0.00924681 -0.00660103 0.0157531 -0.0118812 -0.00318205 -0.0306216 0.0345939 -0.0128505 -0.00564701
internal_weight=495.282 8.74232 6.53459 486.539 483.622 55.197 46.8264 428.425 32.4693 14.3572 9.00552 12.6122 8.37058 19.6191 9.42352 10.1956 12.8501 10.7324 7.09127 9.17662 419.419 56.2127 53.8248 10.2844 43.5404 29.7369 13.8035 6.05993 23.6769 20.6941
internal_count=5063 602 538 4461 4444 961 575 3483 417 158 203 148 386 290 77 213 127 114 86 202 3280 626 602 155 447 348 99 47 301 285
is_linear=0
shrinkage=0.05


Tree=88
num_leaves=31
num_cat=0
split_feature=2 1 6 4 1 3 0 3 3 0 5 6 3 5 3 3 1 5 1 7 7 3 7 7 6 0 4 1 2 1
split_gain=2.65627 1.81749 3.03719 4.48925 2.32499 1.80851 2.35305 1.44529 2.13233 8.24687 6.73294 5.2208 4.69989 3.87314 3.3723 3.44782 3.03729 3.59972 4.04325 3.18842 3.5029 2.9956 7.42569 4.72568 4.02546 3.98128 2.93101 2.69802 2.64656 5.41572
threshold=0.050524901405908443 1.4965490463398712 -0.35577028248525716 0.76667852551286308 1.9857585475218218 2.2315840577081043 -0.97995705049585646 1.9065080941201404 0.97837290288751211 1.38624222016614 -0.066279727275328673 -0.32628282707309852 0.68286303115078406 0.18831013365909852 0.60361343170493675 0.5557588230369781 -0.61581810745226739 0.26904241267568801 -0.75876158661485649 -0.018474963046713404 -0.33823825220651188 0.42743532865164818 -0.20744443791430311 -0.51401475300219512 -0.32907372651871886 -0.27567258358095698 0.30646788257752478 -0.098148957407693957 -0.28060790940264996 0.33311807327612236
decision_type=2 2 2 2 2 2 2 2 2 2 2 2 2 2 2 2 2 2 2 2 2 2 2 2 2 2 2 2 2 2
left_child=1 7 3 -3 -5 6 -2 8 12 10 -10 27 14 -14 15 21 17 18 -13 20 -18 28 23 -23 -24 -26 -21 -12 -1 -30
right_child=5 2 -4 4 -6 -7 -8 -9 9 -11 11 16 13 -15 -16 -17 19 -19 -20 26 -22 22 24 -25 25 -27 -28 -29 29 -31
leaf_value=-0.0027763478053099934 -0.013097030711524515 -0.045017021250898209 -0.052380614257122926 -8.1585228610456316e-05 0.069800589070356509 -0.060159226698620866 0.051350266585961216 -0.027972929297848698 0.042776453940538708 0.047861875292546402 0.060420169983077067 0.015220418925126426 -0.04144312873743157 0.015172834857863859 0.032072983490361411 -0.027818486278295546 0.023753054546316446 -0.050814784653214609 -0.051330127395728481 0.053149353778390779 -0.056472780352120944 0.033007754264078121 -0.0012779560791139552 -0.035039256304518422 -0.008799975048600436 0.070236804986110721 -0.026997779401858119 -0.018012950697362081 0.0028685405393918768 0.048475694926698322
leaf_weight=296.72676498675719 1.89967028144747 3.4301607850939018 4.4559820191934696 2.7963057458400726 2.0722585879266262 0.53565464913845051 5.5664742761291546 4.5588095178827635 7.5246131783351293 11.196425456088035 3.666896540671587 6.5437377206981182 12.133688552305104 4.0221997387707225 8.1106826560571772 11.218312451615928 2.3356816582381725 9.590940233319996 3.5045647546648997 4.0133447963744473 3.2593038454651815 3.7436261456459752 4.2947386242449275 8.0119197703897971 1.9442386468872417 8.8277611033990961 1.5937112569808958 1.5641415780410124 46.529222330078483 7.5679610129445782
leaf_count=2471 62 86 155 47 15 2 624 42 228 178 80 40 72 35 73 69 24 65 16 74 24 32 41 46 29 77 13 21 264 58
internal_value=1.21759e-05 -0.000459011 -0.0190836 -0.00120487 0.0296631 0.0285855 0.0349524 4.37609e-05 0.000316717 0.00958479 -0.000245413 -0.00921969 -0.000912502 -0.0273479 0.000163352 -0.000502198 -0.0170536 -0.028904 -0.00799054 0.00372233 -0.0229817 0.000309256 0.0164144 -0.0133693 0.0396526 0.0559715 0.0303689 0.0369677 -0.000922068 0.00924878
internal_weight=493.24 485.238 12.7547 8.29873 4.86856 8.0018 7.46614 472.483 467.924 54.7934 43.5969 36.0723 413.131 16.1559 396.975 388.865 30.8413 19.6392 10.0483 11.202 5.59499 377.646 26.8223 11.7555 15.0667 10.772 5.60706 5.23104 350.824 54.0972
internal_count=5063 4375 303 148 62 688 686 4072 4030 763 585 357 3267 107 3160 3087 256 121 56 135 48 3018 225 78 147 106 87 101 2793 322
is_linear=0
shrinkage=0.05


Tree=89
num_leaves=31
num_cat=0
split_feature=6 3 0 7 5 4 4 4 0 7 3 3 2 5 1 7 4 4 4 4 4 4 4 1 0 5 6 7 5 7
split_gain=2.51162 2.12196 1.88948 1.83704 2.1476 1.72745 13.2851 13.0072 4.07357 2.88215 9.32037 3.57324 9.46489 6.91308 5.52276 3.94295 4.13251 6.11866 15.5248 9.70806 5.26493 6.81836 6.16204 5.01075 6.73108 6.31797 4.63777 4.23195 3.56511 3.46264
threshold=0.20202592781167614 1.6177040225510992 1.4906834686067219 3.3044668409538089 2.3555485061286245 -0.24578499939545764 -0.15374285239996058 -0.33782723843310175 -1.1760400074157753 1.3356304753668569 0.25994426689521632 -0.36414668879330431 -0.33100955617893285 -0.29792424116667887 -1.4718732957946667 -0.60092935217701793 1.0000000180025095e-35 0.30646788257752478 0.39851002957302184 0.21442564353988061 0.85872076455050717 0.76667852551286308 0.95076291154600423 0.088103950994934441 -0.0049733233211756442 0.63749506364260877 -0.21539865707548347 -0.22355836565526624 0.14141325523991108 -0.1425992664612426
decision_type=2 2 2 2 2 2 2 2 2 2 2 2 2 2 2 2 2 2 2 2 2 2 2 2 2 2 2 2 2 2
left_child=3 2 -2 4 5 7 -7 -1 -8 11 -11 12 13 -10 -15 -13 -17 19 -19 -18 21 23 -22 24 29 26 27 -26 -29 -20
right_child=1 -3 -4 -5 -6 6 8 -9 9 10 -12 15 -14 14 -16 16 17 18 20 -21 22 -23 -24 -25 25 -27 -28 28 -30 -31
leaf_value=0.00017181855322222504 0.051229029225038816 -0.015245203456405874 -0.044189082943691373 -0.040423206265959931 0.043982890071156425 -0.058487511469102076 -0.042049025780515378 0.059923452422543259 -0.0068212563153955191 -0.048433399455168523 0.035742270909190722 -0.02474670639677028 0.078786072967044013 -0.05664344909664544 0.031090006706376811 -0.020081666603730463 0.0070089225116327083 -0.068067940284149045 0.073431171458619035 0.065416762128317721 -0.058679909461751993 0.057755352491422898 -0.0038964647607909533 -0.044473373728388464 -0.051406822502090214 0.04592615227195912 0.030233430219147123 0.020828027705104411 -0.027771890962282011 0.021032184503031182
leaf_weight=157.50282558891922 5.5581938303075713 2.1664278730750084 0.5722394986078142 2.8578883446753016 2.732607706449925 10.308915883302687 5.8568118857219806 9.6670578313060087 42.512376428581774 10.18527857493609 4.8565503768622866 17.752458780072629 4.755365119315683 1.925139876082542 26.285796360578388 22.673265805467963 37.564581792801619 8.5982454940676671 4.9276645407080641 8.7764081796631199 5.8347836202010503 7.0820338036864987 42.67254554759711 4.5803593657910815 7.6881531495600859 5.8053602650761595 5.4285715352744139 6.8589490670710793 8.3883991464972478 8.7536249030381281
leaf_count=1689 533 64 5 17 44 124 161 234 511 41 39 151 37 14 225 119 204 35 32 91 46 109 284 25 28 36 40 36 36 53
internal_value=1.40285e-05 0.0272906 0.0423223 -0.000454685 -0.000216703 -0.000469782 -0.00267856 0.00362712 -0.000759275 6.35272e-05 -0.0212556 0.00121347 0.0105043 0.00591306 0.025103 -0.00223444 -8.15497e-05 0.00270115 -0.00340625 0.0180706 0.00174071 0.0117065 -0.0104862 0.0054865 0.0102688 -0.00159747 -0.0113243 -0.0211605 -0.00590944 0.039905
internal_weight=491.129 8.29686 6.13043 482.832 479.974 477.242 310.072 167.17 299.763 293.906 15.0418 278.864 75.4787 70.7233 28.2109 203.385 185.633 162.96 116.619 46.341 108.02 59.5131 48.5073 52.4311 47.8507 34.1694 28.3641 22.9355 15.2473 13.6813
internal_count=5063 602 538 4461 4444 4400 2477 1923 2353 2192 80 2112 787 750 239 1325 1174 1055 760 295 725 395 330 286 261 176 140 100 72 85
is_linear=0
shrinkage=0.05


Tree=90
num_leaves=31
num_cat=0
split_feature=2 6 0 7 5 7 7 2 1 3 1 2 3 4 5 2 7 0 3 7 5 1 1 4 4 2 1 0 7 2
split_gain=2.39106 1.71405 2.32747 1.67469 1.94636 1.65869 1.46595 7.87692 3.2955 4.05579 3.94171 2.70052 1.49317 4.12926 5.47478 4.82148 3.73579 3.10147 2.92422 5.4547 8.18586 4.28658 4.24207 4.15838 8.52274 4.19841 6.89497 4.19539 3.73577 3.58871
threshold=0.050524901405908443 5.7617034853152918 -0.97995705049585646 3.3044668409538089 2.3555485061286245 -1.3490667244243761 -1.3396385350814761 -0.4358445192622965 1.2347063550888411 -1.2447321691274367 1.9857585475218218 -0.12762423356280558 -1.1222561098107391 -1.4423330023790664 -0.73692120443548736 -0.43380396045593289 -0.43425649031656161 -0.81400588181190447 -0.58162598827033074 0.13554043291449702 -0.38634794457304028 -0.71043902111189128 -0.098148957407693957 -1.1662064693504284 -1.0741643223549311 -0.39700389190752938 -1.438978628198343 0.65458585431633864 1.0000000180025095e-35 -0.38267713559522587
decision_type=2 2 2 2 2 2 2 2 2 2 2 2 2 2 2 2 2 2 2 2 2 2 2 2 2 2 2 2 2 2
left_child=3 2 -2 4 5 -1 7 -7 12 10 -10 -11 13 -8 15 -15 -16 -18 19 20 22 -22 -14 28 -25 26 -26 -28 -20 -27
right_child=1 -3 -4 -5 -6 6 8 -9 9 11 -12 -13 18 14 16 -17 17 -19 23 -21 21 -23 -24 24 25 29 27 -29 -30 -31
leaf_value=-0.033236714299195121 -0.013371507503801143 -0.055610329070952702 0.051850852626502401 -0.038761578048843205 0.041970682568950535 -0.0512570569878672 -0.034276899610541749 0.051553490539739059 -0.014150648747031836 -0.055455299845578288 0.064874612594723824 0.001653652328337544 0.0072444707210316183 -0.036208266103228075 -0.024721746126135473 0.033415670964082898 -0.0065864688789633421 0.032254780038346066 0.069123416563201714 -0.033035493526481795 -0.0025503321730742986 0.075659143659268194 -0.067773094284071286 -0.072858872878034261 -0.072023453546631269 -0.022012788521603335 0.010115244490884375 0.05836431924234467 0.01265390828015571 2.7592561611992452e-05
leaf_weight=3.8241866864264003 1.8598052728921173 0.56923011317849148 5.1707037356682113 2.8320532888174048 2.7207516310736528 2.6851184880360961 5.3164357095956793 6.085128201171754 6.5021330602467078 8.1297714719548804 2.0835967324674129 2.7771753957495084 3.8999271467328072 9.0476629734039289 4.0679725874215356 3.4289711043238631 6.170748617034401 30.753955367486927 3.5119932899251607 18.544303840026259 2.8752205055207014 4.4847079962491971 3.6465017050504684 4.0574350655078879 1.7696014195680643 19.746864770539105 10.243086096830668 8.0432080216705781 17.637754013761878 285.36997248930857
leaf_count=92 60 17 611 17 44 86 53 42 115 242 15 33 23 106 43 27 194 529 38 123 16 34 19 15 6 115 98 57 158 2035
internal_value=1.43057e-05 0.0278407 0.0345974 -0.000426028 -0.000198624 -0.000440317 -0.000173965 0.0200768 -0.000558298 -0.0206787 0.00502731 -0.040914 0.000327798 0.0077485 0.0119271 -0.0170734 0.0207537 0.0257637 -0.000808724 -0.0149332 0.007587 0.0451059 -0.0290047 0.000539736 -0.000840855 5.77705e-05 0.0222177 0.0313376 0.0220309 -0.00139884
internal_weight=487.856 7.59974 7.03051 480.256 477.424 474.703 470.879 8.77025 462.109 19.4927 8.58573 10.9069 442.616 58.7857 53.4693 12.4766 40.9927 36.9247 383.831 33.4507 14.9064 7.35993 7.54643 350.38 329.23 325.173 20.0559 18.2863 21.1497 305.117
internal_count=5063 688 671 4375 4358 4314 4222 128 4094 405 130 275 3689 952 899 133 766 723 2737 215 92 50 42 2522 2326 2311 161 155 196 2150
is_linear=0
shrinkage=0.05


Tree=91
num_leaves=31
num_cat=0
split_feature=6 7 6 0 3 3 7 7 3 4 0 3 1 7 1 3 1 6 2 0 0 0 4 0 2 1 3 2 5 2
split_gain=2.26642 2.01667 2.11052 1.66642 3.44942 6.42154 5.12038 5.45502 4.74322 4.39458 4.28541 4.26018 6.74352 4.55908 4.24438 6.52723 4.22035 3.15916 3.10082 3.09104 4.98317 4.04951 3.28657 3.71787 4.92726 3.21783 3.73185 3.17758 3.08253 3.06672
threshold=0.20202592781167614 0.058849171581372983 5.7617034853152918 1.2746346602122036 0.93265198423345463 0.33172614179636356 0.081259377231191796 0.25039882218996296 0.35169097149216128 0.76667852551286308 1.6724426746176546 -0.28520183471375632 -0.59362835934702651 0.54330556511482286 -0.9979583371450621 0.22854921515606239 -0.75876158661485649 -0.2593688831365763 -0.25418482104639134 0.39403016175515826 0.15373111848454052 0.13139565650439944 -1.2582487083880722 0.88734944934584081 -0.39567619450301389 -0.85142261590544377 0.32684927103596262 -0.36815292889300316 -0.42593387081195272 -0.22359998143760404
decision_type=2 2 2 2 2 2 2 2 2 2 2 2 2 2 2 2 2 2 2 2 2 2 2 2 2 2 2 2 2 2
left_child=3 2 -2 19 5 6 14 -8 -7 29 16 -9 13 -13 17 -16 -6 -5 -18 20 21 -1 -21 24 -24 -22 28 -23 -27 -10
right_child=1 -3 -4 4 10 8 7 11 9 -11 -12 12 -14 -15 15 -17 18 -19 -20 22 25 27 23 -25 -26 26 -28 -29 -30 -31
leaf_value=-0.00018801616199723789 0.048226903762560377 -0.024203598622562723 -0.051880614283496843 -0.018557037177321364 0.044857018190868368 -0.065315798355211244 -0.054761215032486411 -0.020488694239672679 -0.0082841595889834099 0.041925912659529802 0.059633914289609326 0.009856940490624265 -0.012196951081068504 0.082408373163463 0.058590739993257528 -0.0043745079681362774 -0.040769807897604503 0.047249846965120759 0.019485750819822258 -0.04944981706233504 0.069352964096954448 0.005906291430503796 0.02749439707447773 0.00014507452482312745 -0.028144416257927629 0.029092759674349346 0.05329684509700168 -0.065455306719241074 -0.02110714874775382 -0.053067414593942444
leaf_weight=241.8722833218053 5.7691396982409051 1.5696164742112158 0.57937243301421393 7.087271012365818 5.0539193144068131 4.444059960544112 4.4535326212644604 10.297499604523187 18.648699568584568 3.5917023718357077 5.8935522241517893 3.8469407558441215 8.2656514793634326 4.95355567894876 13.328603153582664 5.9547833465039721 4.5893848389387131 2.4556847736239451 3.9925906341522932 4.9385272404178968 3.3339181449264315 2.452499320730567 4.597865864634513 57.835576817393303 29.570041773840785 5.5048022456467187 4.7595739141106597 4.2862632991746059 6.8800276406109315 4.8085170835256568
leaf_count=2863 574 11 17 74 68 17 17 45 109 32 116 21 40 34 100 29 25 16 50 28 27 16 31 363 163 37 56 26 39 19
internal_value=1.27011e-05 0.026544 0.039091 -0.000427072 0.00491961 0.000873744 0.0103861 -0.00344296 -0.0174435 -0.00957816 0.0240073 0.00490927 0.0202341 0.0506941 0.02565 0.0391468 0.00860919 -0.00162298 -0.0127371 -0.0020582 0.000699656 -0.00125316 -0.00971338 -0.00758043 -0.0206573 0.0244072 0.0156671 -0.039484 0.00120568 -0.0174643
internal_weight=485.615 7.91813 6.34851 477.697 111.666 92.1365 60.6435 31.8172 31.493 27.0489 19.5294 27.3636 17.0661 8.8005 28.8263 19.2834 13.6359 9.54296 8.58198 366.031 269.089 248.611 96.942 92.0035 34.1679 20.4783 17.1444 6.73876 12.3848 23.4572
internal_count=5063 602 591 4461 812 553 376 157 177 160 259 140 95 55 219 129 143 90 75 3649 3064 2905 585 557 194 159 132 42 76 128
is_linear=0
shrinkage=0.05


Tree=92
num_leaves=31
num_cat=0
split_feature=2 3 1 7 2 2 3 2 7 0 1 7 6 4 4 4 4 4 4 0 6 7 5 3 3 7 6 0 1 0
split_gain=2.14883 2.90147 1.56545 2.16027 6.76023 4.51088 2.43908 4.99136 5.93448 3.49914 2.93047 2.71051 2.3826 1.93553 11.1699 8.88502 3.63157 12.563 7.56867 3.09622 3.93187 3.93918 3.02212 3.31775 6.27078 5.55768 3.83302 3.45378 6.1086 4.10272
threshold=0.19676597085561209 2.2315840577081043 0.75961552443556102 -1.3396385350814761 -0.4358445192622965 -0.39876115040228582 -1.2447321691274367 -0.28060790940264996 -0.10284184152130317 -0.47035950333894377 1.1992588846131529 -1.3364579410862811 0.15663806755402554 1.2268893525324958 1.1348471134948515 1.3189314995279926 0.85872076455050717 0.76667852551286308 0.95076291154600423 -0.28106579292920691 -0.3008378233139663 0.26558778126905802 -0.97481373065111521 -1.0970535034223874 -0.67520154607297966 0.15399112359070563 -0.39294241009227687 -0.21640051345653846 0.38960198768594984 0.97646373688526711
decision_type=2 2 2 2 2 2 2 2 2 2 2 2 2 2 2 2 2 2 2 2 2 2 2 2 2 2 2 2 2 2
left_child=2 -2 13 4 -4 -6 9 -8 12 11 -10 -5 -9 14 16 -15 17 22 -18 -20 21 -21 -1 26 25 -25 -24 -26 29 -29
right_child=1 -3 3 6 5 -7 7 8 10 -11 -12 -13 -14 15 -16 -17 18 -19 19 20 -22 -23 23 24 27 -27 -28 28 -30 -31
leaf_value=-0.035089162268461337 0.043518856058007732 -0.097938519119993128 -0.051511692411887577 -0.075347118942234392 0.098617396221764422 0.01077376372565798 -0.044432880910850639 -0.041312383782761954 0.080400128875215818 -0.056246340017569077 -0.0011890562636881581 0.022753972116499377 0.031756470942018854 -0.065392457718623231 0.066237258088222215 0.00031919301258137036 -0.058997104178639272 0.057945965564244299 -0.040208293788139088 0.068216559819581121 -0.013137488968076079 -0.00860570997035239 0.0048887159970647451 0.0024619573732122808 0.011755714285874325 -0.05626637142698078 0.038276347406324449 -0.010620002616339315 0.049408079932475965 0.0030505086935179661
leaf_weight=5.9190116692334405 4.648178960196673 0.3931601047515868 2.870148878544569 0.75995222665369411 2.211987592279911 4.3071025777608138 13.246795676648615 5.9229024769738317 2.571436036378147 2.0304265506565562 1.9240228431299327 9.5831674933433515 1.3745581908151505 6.109185190871357 6.5845005773007861 32.565226554870605 7.7087269518524435 9.7256708862259966 3.9065447915345493 4.1747377514839199 8.534521806985131 2.7797645963728428 32.379262953065336 7.0765532404184368 57.403936102055013 9.3525591865181905 11.703353591263292 102.34847428277135 5.6397840315476051 118.34538169996813
leaf_count=99 627 1 84 13 16 35 222 122 22 26 36 177 26 44 102 243 59 161 25 37 48 14 622 38 559 55 88 649 50 763
internal_value=1.37676e-05 0.032487 -0.000327961 -0.00901419 0.0124289 0.0405799 -0.0143956 -0.0233699 0.000289828 0.00376536 0.0454806 0.0155461 -0.027549 0.000612537 0.00166134 -0.0100609 0.000562624 0.00189184 -0.0170868 -0.000429649 0.00960307 0.0375101 0.000334973 0.000944054 -0.000937028 -0.0309702 0.0137527 0.000801965 -0.00197618 -0.0032893
internal_weight=484.101 5.04134 479.06 46.8025 9.38924 6.51909 37.4133 25.0397 11.7929 12.3735 4.49546 10.3431 7.29746 432.257 393.583 38.6744 386.998 359.894 27.1043 19.3956 15.489 6.9545 350.168 344.249 300.167 16.4291 44.0826 283.738 226.334 220.694
internal_count=5063 628 4435 779 135 51 644 428 206 216 58 190 148 3656 3369 287 3267 3084 183 124 99 51 2923 2824 2114 93 710 2021 1462 1412
is_linear=0
shrinkage=0.05


Tree=93
num_leaves=31
num_cat=0
split_feature=2 3 7 5 2 3 0 6 3 6 6 4 6 0 1 2 3 6 5 3 1 1 3 4 2 2 5 6 3 0
split_gain=2.04472 2.92328 1.53437 1.89261 5.15014 6.60022 3.44002 3.26287 3.04472 2.96577 4.71335 2.49342 2.47096 2.90417 3.7336 2.94071 2.62069 6.29769 4.89743 9.0343 4.51817 3.56632 5.42168 3.50854 3.35234 4.99035 7.86416 4.64282 3.84572 3.08307
threshold=0.7864295468921777 2.2315840577081043 3.3044668409538089 1.0085710810042914 -0.46139035719728066 -0.60631531604337974 -0.40508591749695272 -0.22170762658403112 1.6614438829597833 -0.14281459721210238 -0.18218261435523173 -0.70599582641508996 -0.20824058548930821 -0.025406093586937156 -0.98678564803337465 -0.26221899987400066 -0.33823813570999683 -0.36987084108345514 -0.77662554651860782 -0.97619779454302325 -0.5347122480721701 -1.438978628198343 0.13192560931808389 -1.2582487083880722 -0.36046293330192003 -0.40954018576513695 -0.38634794457304028 -0.31818591050084699 -0.53392379800647072 -0.33463611165396884
decision_type=2 2 2 2 2 2 2 2 2 2 2 2 2 2 2 2 2 2 2 2 2 2 2 2 2 2 2 2 2 2
left_child=2 -2 3 6 -5 -6 8 -7 -1 10 12 -11 16 -14 -15 -16 17 18 -8 23 -21 22 -18 -20 25 -19 -27 -26 -28 -23
right_child=1 -3 -4 4 5 7 9 -9 -10 11 -12 -13 13 14 15 -17 21 24 19 20 -22 29 -24 -25 27 26 28 -29 -30 -31
leaf_value=-0.009660543215972428 0.05061994553948599 -0.093466085338899718 -0.037276575807011457 0.0464692654189265 -0.028832785796203898 0.02231120383941318 -0.030858656553025499 -0.022575472177180644 -0.066360372584164107 0.062569238391102094 -0.027679486069222665 0.011701970495815565 -0.015561370885742965 -0.011816247441729853 0.09656658517956003 0.025155465150039177 -0.018716209291518331 0.053788330351339099 -0.021392513137534968 -0.04994217148568534 0.0083376800020304696 0.025836841190564348 0.062648221957932765 0.031391514173630654 0.070149162021680256 -0.05824847666667491 0.054575135590746032 0.01032798260674006 -0.0039290291110976898 -0.0054095346390790264
leaf_weight=61.293571430724114 3.4977556681260462 0.3914121389389037 2.7865540944039813 7.8030519038438788 12.137874542735515 24.715920886490494 12.615734710358081 4.8417040277272489 2.4628158034756771 2.6799939265474704 15.255898790434001 23.835511656012386 3.3945622956380239 2.4882530728355041 2.9324951712042084 2.8357454063370824 3.4960879385471326 5.2919774763286105 3.71200406551361 8.4704603441059572 5.4751528687775162 8.2097676182165724 4.94100296869874 20.727135541848838 7.3304804898798466 4.5073491968214539 4.6826880425214785 5.817558389157055 7.0199037045240402 205.57627935521305
leaf_count=809 547 1 17 376 147 365 223 35 34 62 106 321 31 21 21 27 17 36 21 32 27 54 56 241 50 27 32 34 35 1258
internal_value=1.14945e-05 0.0361189 -0.000282695 -6.54677e-05 0.00918757 0.00221054 -0.00114301 0.0149585 -0.0118508 0.000746544 -0.000528359 0.0168433 0.000767988 0.0233704 0.0393767 0.0614599 -8.73691e-05 0.00734319 -0.00383213 0.00505055 -0.0270611 -0.00295129 0.0289331 0.0233743 0.0237919 0.0116305 -0.0021326 0.0436803 0.0194809 -0.00420962
internal_weight=481.227 3.88917 477.338 474.551 49.4986 41.6955 425.052 29.5576 63.7564 361.296 334.781 26.5155 319.525 11.6511 8.25649 5.76824 307.874 85.6504 51.0005 38.3848 13.9456 222.223 8.43709 24.4391 34.65 21.5019 16.2099 13.148 11.7026 213.786
internal_count=5063 548 4515 4498 923 547 3575 400 843 2732 2349 383 2243 100 69 48 2143 758 544 321 59 1385 73 262 214 130 94 84 67 1312
is_linear=0
shrinkage=0.05


Tree=94
num_leaves=31
num_cat=0
split_feature=6 3 1 4 7 3 2 2 7 2 5 3 1 1 2 2 4 4 4 4 4 4 0 6 7 0 3 2 1 4
split_gain=1.95711 2.7725 1.40972 2.27369 2.65281 6.42709 3.12958 10.0211 2.45461 5.54903 3.38936 3.24416 4.83997 2.54065 2.95462 2.44546 1.86362 10.48 8.27975 3.39231 11.8781 7.19507 2.73399 3.55597 3.60633 2.48918 4.164 6.72546 5.0752 3.27467
threshold=0.96441192406480603 2.2315840577081043 0.75961552443556102 -3.3752180892845045 -1.3396385350814761 -1.2022116864321746 -0.39876115040228582 -0.4358445192622965 -0.10284184152130317 -0.28060790940264996 0.25992859678448271 -1.2447321691274367 1.9857585475218218 1.1992588846131529 -0.014272436066050378 -0.46139035719728066 1.2268893525324958 1.1348471134948515 1.3189314995279926 0.85872076455050717 0.76667852551286308 0.95076291154600423 -0.28106579292920691 -0.3008378233139663 0.26558778126905802 -0.011552942454124868 0.28646240215302016 -0.24606981199935551 -0.7820017647453148 -1.0000000180025095e-35
decision_type=2 2 2 2 2 2 2 2 2 2 2 2 2 2 2 2 2 2 2 2 2 2 2 2 2 2 2 2 2 2
left_child=2 -2 16 -4 5 6 7 -5 11 10 -10 12 -6 -11 -15 -12 17 19 -18 20 25 -21 -23 24 -24 26 -1 -28 -29 -30
right_child=1 -3 3 4 8 -7 -8 -9 9 13 15 -13 -14 14 -16 -17 18 -19 -20 21 -22 22 23 -25 -26 -27 27 28 29 -31
leaf_value=0.0014708004687059933 0.05188094293661525 -0.089587561981449168 0.062439893500781975 -0.051414306317575223 -0.027004635794868132 0.089463240313249801 -0.056349977853449584 0.092172206588813227 -0.059936646764360071 0.077577321442334007 0.023098591172412961 -0.045529471493462176 0.062684210162848364 -0.057647980062452003 0.062419255630495413 -0.032261655664442779 -0.0646458639846718 0.065636071709788843 -1.872704055061549e-05 -0.058585352591456225 0.057552117390087087 -0.037966300035096455 0.065548995185839454 -0.01263890411726488 -0.0082448595864545154 -0.0029375530164109927 0.056290292826336755 0.039172855686825672 0.0079568148283769829 -0.050683215458312218
leaf_weight=108.45745729655027 3.2234090184792872 0.38802096247673024 1.1005704188719381 2.6804789379239082 5.8170595355331889 2.1407621079124493 2.3649690039455891 2.2228186018764973 3.7217492107301977 2.551598351448777 4.3613524213433266 11.478209841065107 2.0288240946829319 1.0173468217253687 1.0322843240574 3.6763180866837484 5.8512178845703593 6.2977281087078145 32.390982875600457 7.3784584151580956 9.3352106320671719 3.8932295553386274 4.0922938436269787 8.5268728751689107 2.7805985882878304 214.55844252649695 9.8514940473251063 6.1139274463057509 5.1530108549632123 4.4253796637058249
leaf_count=1076 478 1 36 84 108 55 23 16 57 24 88 257 15 28 14 64 44 103 242 59 164 26 37 48 14 1445 243 82 94 38
internal_value=1.25753e-05 0.0366812 -0.00026604 -0.0085653 -0.0102983 0.0133192 -0.00910792 0.013678 -0.0165255 -0.00227372 -0.0204884 -0.0285917 -0.00381249 0.0442779 0.00282316 -0.00222241 0.000627395 0.00165808 -0.00990695 0.000610362 0.00189233 -0.0165919 -0.00053189 0.00893194 0.0356939 0.000401639 0.00574824 0.02391 0.00358195 -0.0191359
internal_weight=478.912 3.61143 475.301 46.1943 45.0938 9.40903 7.26827 4.9033 35.6847 16.3606 11.7594 19.3241 7.84588 4.60123 2.04963 8.03767 429.106 390.864 38.2422 384.566 357.895 26.6715 19.293 15.3998 6.87289 348.56 134.001 25.5438 15.6923 9.57839
internal_count=5063 479 4584 869 833 178 123 100 655 275 209 380 123 66 42 152 3715 3429 286 3326 3142 184 125 99 51 2978 1533 457 214 132
is_linear=0
shrinkage=0.05


Tree=95
num_leaves=31
num_cat=0
split_feature=6 7 6 0 3 3 7 0 1 2 2 5 2 3 4 3 1 0 4 0 4 1 5 0 0 0 4 0 6 1
split_gain=1.8639 1.81794 1.67143 1.48723 3.05385 5.98399 7.32614 4.07511 3.89394 3.85312 3.77857 3.25171 3.79438 2.97811 3.81339 4.66996 3.73116 5.30028 3.49458 3.20265 2.98932 2.81031 4.36079 2.74919 4.40808 3.71589 3.05037 3.20845 4.92136 2.92751
threshold=0.20202592781167614 0.058849171581372983 5.7617034853152918 1.2746346602122036 0.93265198423345463 0.17993259066919218 -0.018474963046713404 1.6724426746176546 -0.75876158661485649 -0.45054768402603013 -0.22896010285105647 0.98480453059191408 -0.33100955617893285 0.22854921515606239 0.30646788257752478 0.33172614179636356 -0.37140994613010209 1.4617782034536642 -1.0000000180025095e-35 1.7609815958844053 -0.24578499939545764 -0.26721543549539367 0.21982556466967981 0.39403016175515826 0.15373111848454052 0.13139565650439944 -1.2582487083880722 0.88734944934584081 -0.37298353177785487 -0.85142261590544377
decision_type=2 2 2 2 2 2 2 2 2 2 2 2 2 2 2 2 2 2 2 2 2 2 2 2 2 2 2 2 2 2
left_child=3 2 -2 23 5 6 9 8 -6 -5 13 12 -8 -7 15 -15 17 -16 20 -19 -17 22 -10 24 25 -1 -25 28 -28 -26
right_child=1 -3 -4 4 7 10 11 -9 21 -11 -12 -13 -14 14 16 18 -18 19 -20 -21 -22 -23 -24 26 29 -27 27 -29 -30 -31
leaf_value=-0.00011489059782421664 0.047400140079274622 -0.023008320890411296 -0.044120541821437008 -0.019575942485821479 0.043774890919817691 -0.046161088915358604 -0.016986513753507008 0.058802715109874386 0.014576546548244002 0.049318662954142473 -0.048255772576943634 0.041387775429321455 0.034679435141875624 0.055553309938395093 -0.058498311813918902 0.005475811000455388 -0.06267051820565249 0.050221754630651441 0.036935893712654926 -0.0095151666167817613 -0.053493736005822468 0.03431368896926406 -0.069602842421974398 -0.047894014440041668 0.066975112360706551 -0.038006412697693871 0.04128405762510718 6.864518489900277e-05 -0.025429465616509234 0.014894652870140319
leaf_weight=236.58787471055984 5.0874776304699472 1.5310795567929743 0.5531088477000593 2.3575124070048359 4.8405907256528744 4.171163596212863 20.861159849911935 5.5939187742769709 2.9013739852234721 14.584965859539805 6.207939773797988 3.809054806828498 4.2832681424915782 5.0087651610374477 3.5045385900884893 5.1875781472772342 3.7344953566789618 3.6466101035475713 4.0876957215368739 5.8320550546050072 3.6691407859325409 2.3368223756551743 3.2751971185207367 4.8338499926030627 3.2139913160353926 6.6521428213454774 3.0392647925764313 57.232577742543072 30.563781176693738 16.816609992645681
leaf_count=2863 574 11 17 56 68 19 96 116 36 101 28 29 22 31 17 35 14 23 31 33 18 26 13 28 27 42 23 363 171 132
internal_value=1.28141e-05 0.0253102 0.0384257 -0.000374155 0.00471533 0.000910843 0.0136176 0.022976 0.00796843 0.0397321 -0.0120345 -0.00166366 -0.00818539 -0.00624543 -0.00144328 0.0145582 -0.0186273 -0.00595873 -0.00130459 0.0134667 -0.018954 -0.0123906 -0.0300605 -0.00193236 0.000705469 -0.00115115 -0.00919135 -0.00713177 -0.0193955 0.0232512
internal_weight=476.006 7.17167 5.64059 468.834 109.894 90.9459 45.896 18.9479 13.354 16.9425 45.05 28.9535 25.1444 38.842 34.6709 17.9532 16.7177 12.9832 12.9444 9.47867 8.85672 8.51339 6.17657 358.94 263.271 243.24 95.6695 90.8356 33.603 20.0306
internal_count=5063 602 591 4461 812 553 304 259 143 157 249 147 118 221 202 115 87 73 84 56 53 75 49 3649 3064 2905 585 557 194 159
is_linear=0
shrinkage=0.05


Tree=96
num_leaves=31
num_cat=0
split_feature=2 3 7 7 6 0 2 1 5 2 2 4 0 0 4 4 5 4 5 4 4 6 0 0 7 2 5 7 1 4
split_gain=1.76868 2.47444 1.4712 1.73335 5.10783 2.12895 3.29002 1.80719 1.61972 4.06462 7.27785 4.20035 4.16012 3.10185 2.91296 2.49127 3.17479 2.67248 1.98344 1.93884 1.7894 6.32248 4.75643 3.09155 3.16988 3.00527 2.64925 2.53894 2.34214 2.12404
threshold=0.7864295468921777 2.2315840577081043 3.3044668409538089 1.7069485967855076 -0.31452320102605441 0.86736868516273036 -0.44504841469390521 -0.3402738109420656 1.0085710810042914 -0.46139035719728066 -0.43145538629536023 -0.24578499939545764 0.33526351918818315 -1.1760400074157753 -0.70599582641508996 0.39851002957302184 1.2717506450993465 1.2268893525324958 1.067746771576741 -1.6264172963700605 -0.89008012040608409 -0.17257129349285358 -0.60179964423319177 -0.096579260176932483 -0.00990683228414674 -0.26845378018014682 -0.41947355079066323 -0.2754539758421749 0.27089196437576696 -0.24578499939545764
decision_type=2 2 2 2 2 2 2 2 2 2 2 2 2 2 2 2 2 2 2 2 2 2 2 2 2 2 2 2 2 2
left_child=2 -2 3 8 5 6 7 -5 13 19 12 18 -11 14 -1 16 -13 -17 -12 -10 21 22 28 24 27 -26 -25 -24 -15 -22
right_child=1 -3 -4 4 -6 -7 -8 -9 9 10 11 15 -14 20 -16 17 -18 -19 -20 -21 29 -23 23 26 25 -27 -28 -29 -30 -31
leaf_value=0.0098555239381157567 0.050558460602598401 -0.084632988401071058 -0.03675757946487071 0.056555317231234907 -0.025890359919466296 0.0067500414409560235 0.079881443449768205 -0.018687912636635742 -0.04516759866352283 -0.041926233780845333 -0.0062556438610305402 0.019712091043211383 0.04255852335148444 -0.11480242098909772 -0.053934078943715602 0.050086534033051744 -0.052324117397148019 -0.010652906101072834 0.055798408850458107 0.053595544201359563 0.007816752031648189 0.06432896658991348 0.0048972662486106936 -0.050826331377769367 -0.024668791897295862 0.032334241426451353 -0.011615587814516782 0.078990827264699512 -0.035688055327478173 -0.0016969338850215607
leaf_weight=2.7019584635272622 3.0727981361560519 0.3803667128086089 2.7431601695716372 1.3707958487793805 5.1876377612352362 4.589995177462697 4.1142886006273338 1.9098118310794241 0.54255985096096981 10.113104400224982 1.5558886583894471 2.641088227741422 1.702376402914523 1.5292605580762022 5.3005686933174712 3.7836119420826435 3.634094625711441 3.4735505469143391 7.4708968941122293 5.9083999600261441 74.534539837390184 2.7404043385758987 2.2033009268343449 5.195563660003244 7.0172187229618421 3.4485222222283456 25.209939037449661 2.4328417312353858 2.4094016253948212 275.60733542172238
leaf_count=37 547 1 17 28 30 25 53 24 5 125 11 23 10 12 163 36 20 24 225 346 653 63 27 39 44 28 148 19 47 2233
internal_value=1.37489e-05 0.0356671 -0.000247606 -3.37546e-05 0.0155576 0.0334983 0.0501009 0.0127523 -0.000627214 0.00887067 0.00203617 0.0186863 -0.0297537 -0.0015722 -0.0323963 0.00106524 -0.0220056 0.0210144 0.0451026 0.045289 -0.000959092 -0.00959637 -0.0136935 -0.00913123 0.00936051 -0.00588596 -0.0183158 0.0437783 -0.0664057 0.00032824
internal_weight=474.525 3.45316 471.072 468.329 17.1725 11.9849 7.3949 3.28061 451.156 40.8256 34.3746 22.5591 11.8155 410.331 8.00253 13.5323 6.27518 7.25716 9.02679 6.45096 402.328 52.1865 49.446 45.5074 15.1019 10.4657 30.4055 4.63614 3.93866 350.142
internal_count=5063 548 4515 4498 160 130 105 52 4338 825 474 339 135 3513 200 103 43 60 236 351 3313 427 364 305 118 72 187 46 59 2886
is_linear=0
shrinkage=0.05


Tree=97
num_leaves=31
num_cat=0
split_feature=6 3 7 7 6 0 2 1 5 2 2 4 0 0 4 4 5 4 5 4 0 0 4 4 4 4 4 4 4 7
split_gain=1.7074 2.35994 1.33986 1.57971 4.65778 1.99336 3.14403 1.62908 1.49114 3.82429 6.71066 3.99001 3.83527 2.72748 3.02501 2.26148 2.86196 2.46775 1.9275 1.81945 1.69133 1.5563 1.52459 4.29795 11.3758 5.10717 3.42493 14.0722 6.87159 3.3233
threshold=0.96441192406480603 2.2315840577081043 3.3044668409538089 1.7069485967855076 -0.31452320102605441 0.86736868516273036 -0.44504841469390521 -0.3402738109420656 1.0085710810042914 -0.46139035719728066 -0.43145538629536023 -0.24578499939545764 0.33526351918818315 -1.1760400074157753 -0.70599582641508996 0.39851002957302184 1.2717506450993465 1.2268893525324958 1.067746771576741 -1.6264172963700605 -1.6755608109096931 -1.3225209362225392 1.5030157014768397 1.2268893525324958 1.1348471134948515 1.3189314995279926 0.85872076455050717 0.76667852551286308 0.95076291154600423 -0.18321674998151552
decision_type=2 2 2 2 2 2 2 2 2 2 2 2 2 2 2 2 2 2 2 2 2 2 2 2 2 2 2 2 2 2
left_child=2 -2 3 8 5 6 7 -5 13 19 12 18 21 14 20 16 -13 -17 -12 -10 -1 -11 23 24 26 -25 27 -15 -28 -24
right_child=1 -3 -4 4 -6 -7 -8 -9 9 10 11 15 -14 22 -16 17 -18 -19 -20 -21 -22 -23 29 25 -26 -27 28 -29 -30 -31
leaf_value=0.054384565675029112 0.051776547382504548 -0.081822508189583212 -0.035225605086844573 0.053621287370723442 -0.024642503342914977 0.0064121914875541579 0.078284864783545849 -0.017886902377771845 -0.043604598543498026 0.0049670848294945669 -0.0059339011459663867 0.018770510814779349 0.04013278253914386 -0.0018611077086402143 -0.053765417891131519 0.04851312289564369 -0.049655186691344083 -0.010122783763937378 0.055436675829926368 0.052911045586667906 -0.023643455056364449 -0.04949566832973009 -0.0057208699683526081 -0.063690338643607167 0.066381107534591838 -0.0080795461726036726 -0.057257555141719235 0.061670714133429373 -0.0030295296460002277 0.033821302531778619
leaf_weight=1.2462558224797251 2.849599829409271 0.37392172217369068 2.7199436947703353 1.3734471867792311 5.1780637335032216 4.590237295255065 3.9914231747388849 1.89593352098018 0.53412664122879494 1.5579111054539669 1.5581787694245557 2.6350523382425326 1.7146814689040173 315.77576297940686 5.0574751906096926 3.7128346506506205 3.6378464959561825 3.4727066736668348 7.151739586610347 5.691134820226579 1.5686290506273506 8.29994088411331 11.832855314016344 5.8098111636936673 6.2656697635538867 14.267281593754888 8.062168627977373 8.9634415172040445 21.212174111511558 9.6445231838151795
leaf_count=16 478 1 17 28 30 25 53 24 5 26 11 23 10 2494 163 36 20 24 225 346 26 99 122 64 103 109 96 167 152 70
internal_value=1.45011e-05 0.0362793 -0.00023453 -3.06013e-05 0.0149177 0.0322027 0.0485073 0.0121533 -0.000596693 0.00862203 0.00197848 0.0180895 -0.0288837 -0.00149596 -0.0306424 0.00102472 -0.0209117 0.0201749 0.0444577 0.04463 0.0109025 -0.0408885 -0.000924954 -0.0016568 -0.00040211 -0.0241719 -0.0015841 -0.000107504 -0.017964 0.0120357
internal_weight=472.645 3.22352 469.421 466.701 17.0291 11.851 7.2608 3.26938 449.672 39.9662 33.7409 22.1684 11.5725 409.706 7.87236 13.4584 6.2729 7.18554 8.70992 6.22526 2.81488 9.85785 401.834 380.356 360.279 20.0771 354.014 324.739 29.2743 21.4774
internal_count=5063 479 4584 4567 160 130 105 52 4407 825 474 339 135 3582 205 103 43 60 236 351 42 125 3377 3185 3012 173 2909 2661 248 192
is_linear=0
shrinkage=0.05


Tree=98
num_leaves=31
num_cat=0
split_feature=2 0 7 6 6 7 1 3 7 3 2 2 1 3 2 1 5 1 5 0 5 7 2 3 6 4 3 7 3 3
split_gain=1.63559 1.56839 1.71156 2.41596 1.62215 1.36624 1.56814 1.52809 1.35299 5.00236 2.83047 7.28646 2.50212 2.97293 2.24654 1.87285 1.86072 1.3756 4.13089 3.30397 6.41599 3.29094 3.46544 6.80859 3.38824 3.02553 5.45529 2.96774 5.47457 4.33568
threshold=0.050524901405908443 -0.97995705049585646 -0.3918377520337038 -0.22986872397083252 5.7617034853152918 -1.3490667244243761 -1.7995094254806314 -0.97619779454302325 -1.3417805677721177 -1.2022116864321746 -0.41405905713164176 -0.4358445192622965 1.2347063550888411 -1.2294918527492065 -0.12762423356280558 1.9668001027168092 1.3751788271321603 -0.56286737773942452 -0.58544351638749659 1.0508001909799718 -0.40072811244689338 0.21460091222363373 -0.31444694197131567 -0.16922304231574192 -0.24519209610502338 -0.89008012040608409 1.2037771973618512 0.40348924948930515 -0.28520183471375632 0.17185520774841392
decision_type=2 2 2 2 2 2 2 2 2 2 2 2 2 2 2 2 2 2 2 2 2 2 2 2 2 2 2 2 2 2
left_child=5 2 3 -2 -3 -1 7 -7 9 10 11 -8 17 15 -15 16 -14 19 21 20 -10 22 -19 -24 -25 26 -20 -21 -29 -30
right_child=1 4 -4 -5 -6 6 8 -9 12 -11 -12 -13 13 14 -16 -17 -18 18 25 27 -22 -23 23 24 -26 -27 -28 28 29 -31
leaf_value=-0.031748297470137431 -0.11838434836912487 0.051784798052469265 0.06030609831860391 0.023342619813649615 -0.04306867712177509 0.059753275181862513 -0.051054733917696965 0.0059913546399668312 0.012399956218475639 0.091107924169801471 -0.057699782285398404 0.09551209432989255 -0.036929180829477042 -0.053849542409908795 0.0010922421863408522 0.022189149587005776 0.040039599789657015 -0.026515333271384861 -0.013999677733754674 -0.001343317718043397 -0.015542369973355778 -0.055985632959453295 0.059096283072252856 0.028921988691280889 -0.049577470202646301 0.0083556558715498549 0.06125166909490936 -0.019563309013192216 0.065467662972611224 0.015101552323720128
leaf_weight=3.4337702756747595 0.60445150732994068 3.9843211113475254 0.52522098831832398 0.59835316520184267 0.50823210831731547 2.1113551864400506 1.7050270419567821 3.5340913124382487 27.144355221185833 1.8810081705451001 1.668797589838505 1.6869877651333807 3.8855849672108906 6.7426143269985914 2.5696665020659548 5.0004536099731922 0.98409051820635784 11.852941288612787 31.071233184076846 74.243876289110631 84.483310762792826 4.2404496520757666 4.541528046131134 2.1203996893018484 3.9082860490307212 156.19656789954752 2.6107716858386985 7.0011124983429935 6.4542412459850338 12.642601057887076
leaf_count=92 2 611 10 50 15 29 64 27 227 12 12 11 110 242 33 29 9 126 374 521 621 31 36 24 34 1447 67 30 39 128
internal_value=1.53014e-05 0.0254835 -0.0149977 -0.0478801 0.0410542 -0.000326345 -9.19327e-05 0.0260979 -0.000417145 0.0214877 -0.00438887 0.0218389 -0.000756795 -0.0184238 -0.0386887 0.000695729 -0.0213749 3.4072e-05 0.00283692 -0.00282924 -0.00874767 -0.015592 -0.00795312 0.0128617 -0.0219678 0.00542479 -0.00816677 0.00375485 0.0182582 0.032124
internal_weight=469.936 6.22058 1.72803 1.2028 4.49255 463.715 460.281 5.64545 454.636 6.94182 5.06081 3.39201 447.694 19.1824 9.31228 9.87013 4.86968 428.512 216.542 211.969 111.628 26.6636 22.4232 10.5702 6.02869 189.879 33.682 100.342 26.098 19.0968
internal_count=5063 688 62 52 626 4375 4283 56 4227 99 87 75 4128 423 275 148 119 3705 2139 1566 848 251 220 94 58 1888 441 718 197 167
is_linear=0
shrinkage=0.05


Tree=99
num_leaves=31
num_cat=0
split_feature=2 3 7 1 3 7 3 2 2 1 3 2 1 5 1 5 5 0 5 0 3 3 0 5 5 3 1 3 7 2
split_gain=1.55935 1.91568 1.26996 1.41775 1.41122 1.24953 4.58706 2.66447 6.74342 2.32776 2.42828 2.59594 1.71805 1.7272 1.27829 3.5098 4.36345 2.95759 5.9291 2.86821 4.08138 3.34925 3.88414 3.15139 7.46208 3.33674 4.54859 2.68244 2.67728 5.28677
threshold=0.19676597085561209 2.2315840577081043 -1.3490667244243761 -1.7995094254806314 -0.97619779454302325 -1.3417805677721177 -1.2022116864321746 -0.41405905713164176 -0.4358445192622965 1.2347063550888411 -1.2294918527492065 -0.12762423356280558 1.9668001027168092 1.3751788271321603 -0.56286737773942452 -0.46640686485422228 -0.43533496774531949 1.0508001909799718 -0.40072811244689338 0.33526351918818315 0.37211296495835683 0.15813895348863957 0.97646373688526711 -0.3105716138764702 -0.28403385243543783 -0.11524854744325756 -0.6902887309671617 0.5557588230369781 0.40348924948930515 -0.33507353398644818
decision_type=2 2 2 2 2 2 2 2 2 2 2 2 2 2 2 2 2 2 2 2 2 2 2 2 2 2 2 2 2 2
left_child=2 -2 -1 4 -4 6 7 8 -5 14 12 -12 13 -11 17 -16 -17 18 -7 20 23 -21 -23 -20 -25 26 -26 -22 -19 -30
right_child=1 -3 3 5 -6 9 -8 -9 -10 10 11 -13 -14 -15 15 16 -18 28 19 21 27 22 -24 24 25 -27 -28 -29 29 -31
leaf_value=-0.030915547109635511 0.04259625576926751 -0.078086318037465532 0.057605696574935986 -0.051002611163388917 0.0056979439993934677 0.012020389073858563 0.08814471538432754 -0.057286428856693397 0.092354040472201818 -0.036267745561787294 -0.05369776099535753 -0.0021335770200655003 0.021157593251393381 0.038430209056890506 -0.010373958010653913 0.060871284916463243 0.0047630713067744902 -0.0012420656815418181 -0.048383816158124759 -0.05323706535191073 0.053719405340893693 -0.026588023924957099 0.029944580878576457 0.050219943704272234 -0.018285012497508104 -0.036540353159932704 0.041023496136389281 0.0024595607476329685 -0.0013887540987436535 0.044432489958395396
leaf_weight=3.3520569028332821 3.5542270252481099 0.36235710978507985 2.0813484527170658 1.6234875684604047 3.5303706671111277 27.288052859716117 1.8478664532303799 1.5985731948167088 1.6581663787364957 3.7617939095944184 6.4314459254965186 3.9337686263024789 4.9825101122260094 0.97429319471120823 40.876122667919844 3.5362355913966885 172.28365109162405 74.299123465083539 6.2137477453798047 8.7979157418012637 3.5549313612282267 16.786545373499397 3.7098098704591385 4.5251352339982942 13.322511981707065 14.099866341799503 4.2686616815626648 9.0482718693092448 15.357754575088622 10.667551208753137
leaf_count=92 627 1 29 64 27 239 12 12 11 110 242 49 29 9 389 29 1749 525 32 38 48 86 24 25 113 60 57 138 90 107
internal_value=1.39236e-05 0.0314309 -0.000251029 -2.80878e-05 0.0249502 -0.000335853 0.0210519 -0.00435232 0.0214332 -0.000656541 -0.0172935 -0.0341283 0.000661456 -0.0209011 0.000122985 0.00282334 0.00589157 -0.00263797 -0.00823779 -0.0147933 -0.00806551 -0.0274322 -0.0163557 -0.0154866 -0.00984226 -0.0184185 -0.00389325 0.0169182 0.00359208 0.017393
internal_weight=468.328 3.91658 464.412 461.06 5.61172 455.448 6.72809 4.88023 3.28165 448.72 20.0838 10.3652 9.7186 4.73609 428.636 216.696 175.82 211.94 111.615 84.3274 55.0331 29.2943 20.4964 42.4299 36.2162 31.691 17.5912 12.6032 100.324 26.0253
internal_count=5063 628 4435 4343 56 4287 99 87 75 4188 439 291 148 119 3749 2167 1778 1582 860 621 473 148 110 287 255 230 170 186 722 197
is_linear=0
shrinkage=0.05


Tree=100
num_leaves=31
num_cat=0
split_feature=6 3 7 4 4 4 7 0 0 6 7 1 1 7 5 6 7 0 2 2 0 7 3 1 3 5 3 6 7 7
split_gain=1.52603 2.02848 1.28875 1.42451 12.8274 11.5818 3.1214 3.07953 3.0312 2.71302 2.70192 2.51727 2.48224 2.34851 4.48633 2.86809 5.78103 2.99623 2.85393 5.4087 2.15518 2.11103 2.03469 4.84379 3.50945 4.44428 3.08739 3.6256 1.94458 1.91846
threshold=0.96441192406480603 2.2315840577081043 3.3044668409538089 -0.24578499939545764 -0.15374285239996058 -0.33782723843310175 1.3356304753668569 -1.1760400074157753 1.298548226536034 -0.15205499317171395 -0.87673228861751207 -1.1004659755671204 -0.89816587276139959 0.13554043291449702 0.90004681355772054 -0.27719307331990628 0.031538254775692075 -0.60179964423319177 -0.43145538629536023 -0.46139035719728066 -0.39070232698546009 0.84491025896531846 0.10677908729400419 -1.0473081786632019 -1.1341045413758299 0.16650340050263726 0.17993259066919218 -0.32289317831693826 -0.030710513415984523 1.7397606430012456
decision_type=2 2 2 2 2 2 2 2 2 2 2 2 2 2 2 2 2 2 2 2 2 2 2 2 2 2 2 2 2 2
left_child=2 -2 3 5 -5 6 9 29 11 10 -1 -8 -13 15 22 17 -17 -12 19 -16 -11 -21 24 -24 25 -15 -25 -28 -19 -6
right_child=1 -3 -4 4 7 -7 8 -9 -10 20 13 12 -14 14 18 16 -18 28 -20 21 -22 -23 23 26 -26 -27 27 -29 -30 -31
leaf_value=-0.044963200338236045 0.051760460194995916 -0.075976606960295401 -0.034509611268299503 -0.0581981750821879 -0.051917937451917751 0.058656320639626253 0.071494636601418152 0.00052364416598897981 0.071461183693889388 -0.020216030043503082 -0.030077237169787899 -0.070575346047906301 0.010655225292823691 0.038366219550613263 0.044082130842867849 -0.028387798020536866 0.055391897120321935 0.023938953830313182 0.040352954732262761 0.0063608690082181708 0.045203223274015908 -0.052376872529967755 0.040093996358837328 0.02969119640537379 -0.037402661282681778 -0.03751125123775409 -0.048253473954087855 -0.00026583260078856942 -0.0018778121342103067 0.042838673939708818
leaf_weight=3.9118252433836451 2.5461641184519972 0.35400915145874012 2.7232150658965102 9.8406817540526372 4.1922275424003592 9.0705181690864247 1.6054859207943142 283.95809945836663 2.3640046836808315 1.6846719242166726 3.8193949563428751 0.99578860774636879 16.929820122197267 4.084670394659045 3.9032875359989676 11.996462966315447 2.4856944046914569 25.387995941564437 6.2049572118558016 2.4489943422377118 4.9820764956530175 4.0749774929136038 4.6335302963852909 2.980780944228175 19.052742569707334 3.6580954398959875 8.4067449904978293 7.4013911923393563 10.234186505898835 0.61216311156749714
leaf_count=76 478 1 17 128 156 245 20 2277 28 37 40 5 265 45 279 93 18 164 152 25 116 61 39 14 83 34 39 71 52 5
internal_value=1.18609e-05 0.0361683 -0.000214303 -1.16798e-05 -0.00206108 0.00375843 0.000509095 -0.000147992 0.0179872 -0.00240432 -0.00406592 0.0115148 0.00614277 -0.00274127 -0.00900335 0.00502194 -0.014008 0.0120093 0.0135037 -0.00247348 0.0286719 -0.0303277 -0.0164577 -0.00569294 -0.0258674 0.00251766 -0.0169844 -0.0257856 0.0165218 -0.0398443
internal_weight=466.545 2.90017 463.644 460.921 298.603 162.318 153.248 288.762 21.8951 131.352 124.686 19.5311 17.9256 120.774 66.8502 53.9237 14.4822 39.4416 16.6322 10.4273 6.66675 6.52397 50.218 23.4224 26.7955 7.74277 18.7889 15.8081 35.6222 4.80439
internal_count=5063 479 4584 4567 2566 2001 1756 2438 318 1438 1285 290 270 1209 842 367 111 256 517 365 153 86 325 163 162 79 124 110 216 161
is_linear=0
shrinkage=0.05


Tree=101
num_leaves=31
num_cat=0
split_feature=2 6 7 3 7 1 3 5 0 7 5 3 3 3 0 2 0 4 3 0 5 6 1 0 0 2 3 1 1 6
split_gain=1.46486 1.43318 5.26973 1.39514 3.04556 2.28706 1.81181 5.12683 4.96269 4.77262 3.94654 3.02089 3.67412 3.18184 2.76582 3.69265 3.68931 4.65485 4.34709 3.27149 2.97567 4.11106 5.14216 2.62929 4.47484 2.49654 4.3995 5.96251 3.4431 4.05147
threshold=-0.02267143345338191 -0.14789929351844902 -0.41679567838375547 1.7669070551809316 -0.1593460674971682 -0.58648197672848079 0.97837290288751211 -0.015559208253519061 1.6724426746176546 0.21460091222363373 0.16650340050263726 0.68286303115078406 0.85157337917873976 0.60361343170493675 1.7383792152987647 -0.22896010285105647 1.5010059888074545 -0.52191153242409583 -0.27057114623097184 1.6422874790923792 -0.18582787920074428 -0.35189208558228702 -0.79169611427910169 0.78261853570006845 1.1551280839590246 -0.25595609206908226 0.52390654656616109 -0.74903397150967932 -0.51066842063112439 -0.3164371885212402
decision_type=2 2 2 2 2 2 2 2 2 2 2 2 2 2 2 2 2 2 2 2 2 2 2 2 2 2 2 2 2 2
left_child=3 2 -2 6 -5 -6 11 -8 9 10 -9 13 -13 14 16 20 25 -18 19 -19 -16 -22 -23 -11 -25 -1 27 -27 -29 -30
right_child=1 -3 -4 4 5 -7 7 8 -10 23 -12 12 -14 -15 15 -17 17 18 -20 -21 21 22 -24 24 -26 26 -28 28 29 -31
leaf_value=-0.0024369360783978731 -0.067694175644636548 0.04116001407318233 0.056865273635432124 -0.056458813545014419 -0.025108953397874795 0.040932262102507139 0.042433920010483628 0.0015024889855780644 0.060007474257392425 0.044232240717803253 -0.045588343577365374 -0.04757661039401611 0.001284912087201076 0.031665989476076482 0.030900451813157134 -0.058496349014199395 -0.032092999745930703 -0.060818014674596965 0.04499788926443906 0.029652344729004416 0.01433150721478107 0.0068276509861498712 -0.050662252037801718 -0.036855221006917502 0.030482089126122727 0.052348402362795282 -0.026943843126788842 -0.029493304393063649 -0.022998645043243116 0.02997461214938002
leaf_weight=285.43816519528627 1.6203558603301647 4.231309005059301 1.7840413236990569 3.4776914222165942 3.0065328553318977 2.3245391757227463 9.3750764671713096 8.7586340531706828 3.2408336307853451 5.2770137663464984 9.0427548084408027 7.5747625464573485 7.8184245489537716 7.6910957638174287 4.151206403970721 4.1907398365437976 3.4621238596737411 1.9467397360131209 13.438400497660036 2.0530704921111465 8.1077335346490162 6.222735468298203 10.37384008429944 4.4348509758710843 5.5608236868865788 9.2707674978300911 6.4031516108661881 5.5289452150464049 4.9594702301546958 13.259578846395017
leaf_count=2673 37 660 52 41 25 45 281 60 51 162 71 46 67 74 27 18 15 12 91 34 47 39 47 21 60 83 43 32 38 111
internal_value=1.06955e-05 0.0217298 -0.00242 -0.000352679 -0.0200583 0.00368739 3.51433e-05 0.00946998 0.000959992 -0.0048259 -0.0224187 -0.00103748 -0.0227591 -0.000172364 -0.000818793 -0.0146385 0.000502035 0.0208643 0.0313783 -0.0143803 -0.00826896 -0.0148508 -0.0291069 0.0156798 0.000606073 -0.000808002 0.0109865 0.0183421 0.00506665 0.0155546
internal_weight=464.025 7.63571 3.4044 456.39 8.80876 5.33107 447.581 45.69 36.3149 33.0741 17.8014 401.891 15.3932 386.498 378.807 33.0463 345.76 20.9003 17.4382 3.99981 28.8555 24.7043 16.5966 15.2727 9.99567 324.86 39.4219 33.0188 23.748 18.219
internal_count=5063 749 89 4314 111 70 4203 706 425 374 131 3497 113 3384 3310 178 3132 152 137 46 160 133 86 243 81 2980 307 264 181 149
is_linear=0
shrinkage=0.05


Tree=102
num_leaves=31
num_cat=0
split_feature=2 6 7 2 3 7 1 3 5 0 7 2 3 3 3 3 3 7 7 6 0 0 5 0 1 1 7 7 3 6
split_gain=1.36187 1.34968 4.81649 1.4444 1.27726 2.8113 2.09302 1.66294 4.75781 4.67219 4.35929 3.75622 2.73369 3.33895 2.90139 2.55305 2.77038 6.66727 4.39156 3.9323 3.86637 2.43996 4.12857 5.95584 2.41422 6.28185 2.23523 2.15318 3.90961 4.25784
threshold=-0.02267143345338191 -0.14789929351844902 -0.41679567838375547 4.9250498812700654 1.7669070551809316 -0.1593460674971682 -0.58648197672848079 0.97837290288751211 -0.015559208253519061 1.6724426746176546 0.21460091222363373 -0.23317771871060625 0.68286303115078406 0.85157337917873976 0.60361343170493675 0.5557588230369781 0.42743532865164818 -0.20744443791430311 -0.51401475300219512 -0.32907372651871886 -0.27567258358095698 0.78261853570006845 0.22799415586362698 1.1750349452891977 -0.79926088106645266 -0.61581810745226739 -0.018474963046713404 -0.066524650902697199 -1.1310394089458404 -0.2641024582584533
decision_type=2 2 2 2 2 2 2 2 2 2 2 2 2 2 2 2 2 2 2 2 2 2 2 2 2 2 2 2 2 2
left_child=4 2 -2 -3 7 -6 -7 12 -9 10 11 26 14 -14 15 16 27 18 -18 -19 -21 -12 -23 -24 -17 -26 -10 -1 -29 -30
right_child=1 3 -4 -5 5 6 -8 8 9 -11 21 -13 13 -15 -16 24 17 19 -20 20 -22 22 23 -25 25 -27 -28 28 29 -31
leaf_value=0.0032307254407090724 -0.063394534726173513 0.051366841255822006 0.056538213754933266 -0.040941902005933235 -0.054686046865459581 -0.023937123423545852 0.039609373425184925 0.041332863314150474 -0.060417874771170915 0.059515255577616721 0.043006102802060728 0.0044388430130378178 -0.045414919623095351 0.0012207520631457233 0.030396097498143829 0.010864934063260983 0.032260743221886448 -0.00292596381865511 -0.035029036873916806 -0.011346581399302292 0.069713283536709386 0.057702762574514205 -0.065162535372797856 0.024215304450718324 -0.085661658891459366 0.005915435449094706 -0.011176819679730025 0.010627053657584555 -0.011279768122204659 0.01289356472431725
leaf_weight=150.2642238996923 1.6431388747878375 3.6066612929571411 1.7066014613956211 0.48020574543625105 3.412586853839457 2.9962982404977083 2.2831401689909381 9.1494025629945082 6.169969780370594 3.1076266122981897 5.1591388471424571 7.790346084162592 7.53945971932262 7.8178937863558531 7.6138065480627111 3.3032439202070236 3.5913377441465855 4.0566985243931404 7.464269647374751 1.7876125248149026 8.3073687078431231 2.3962850705720466 3.5103318393230438 3.9740118682384491 3.7927091717720032 3.6990194106474501 3.6788035975769171 33.978943279013038 137.07339915214106 21.007934985682368
leaf_count=1338 37 643 52 17 41 25 45 281 40 51 162 62 46 67 74 26 31 41 42 28 77 26 15 40 15 29 29 701 851 131
internal_value=1.2012e-05 0.0212361 -0.00229207 0.0405206 -0.000334935 -0.0193177 0.00354413 3.48233e-05 0.00915626 0.000929793 -0.00464144 -0.0215041 -0.000986563 -0.0216743 -0.000163355 -0.000778363 -7.44331e-05 0.0159229 -0.0131704 0.0386513 0.0553593 0.0151356 0.000583167 -0.017705 -0.0247448 -0.0404457 -0.0420249 -0.00125241 -0.00475993 -0.0080673
internal_weight=462.362 7.43661 3.34974 4.08687 454.926 8.69203 5.27944 446.234 44.9359 35.7865 32.6789 17.6391 401.298 15.3574 385.941 378.327 367.532 25.2073 11.0556 14.1517 10.095 15.0398 9.88063 7.48434 10.795 7.49173 9.84877 342.325 192.06 158.081
internal_count=5063 749 89 660 4314 111 70 4203 706 425 374 131 3497 113 3384 3310 3240 219 73 146 105 243 81 55 70 44 69 3021 1683 982
is_linear=0
shrinkage=0.05


Tree=103
num_leaves=31
num_cat=0
split_feature=7 4 4 4 0 7 0 6 7 1 1 7 5 6 2 5 0 3 2 7 7 3 3 0 0 1 4 4 4 4
split_gain=1.28519 1.26497 12.2352 11.0217 2.9849 2.73238 2.74531 2.54753 2.52482 2.26688 2.27169 2.15237 3.95524 2.6462 6.05303 2.61824 2.82508 4.62578 8.27664 4.19985 2.86117 2.83014 5.15496 4.68032 2.77178 2.01444 1.9562 4.38462 21.583 14.6636
threshold=3.3044668409538089 -0.24578499939545764 -0.15374285239996058 -0.33782723843310175 -1.1760400074157753 1.3356304753668569 1.298548226536034 -0.15205499317171395 -0.87673228861751207 -1.1004659755671204 -0.89816587276139959 0.13554043291449702 0.90004681355772054 -0.38816478206688265 -0.46139035719728066 0.31836646555840548 0.1824203381326519 0.051151932513464518 -0.2920473581695896 0.049420982238473084 -0.030710513415984523 -0.1369135563535778 0.28646240215302016 -0.60179964423319177 -0.096579260176932483 -0.57764022232397849 1.0000000180025095e-35 0.30646788257752478 0.39851002957302184 0.21442564353988061
decision_type=2 2 2 2 2 2 2 2 2 2 2 2 2 2 2 2 2 2 2 2 2 2 2 2 2 2 2 2 2 2
left_child=1 3 -3 5 -4 7 9 8 -1 -7 -11 15 -13 14 25 16 19 -18 -19 20 21 23 -23 -10 -25 -14 -6 29 -29 -28
right_child=-2 2 4 -5 26 6 -8 -9 11 10 -12 12 13 -15 -16 -17 17 18 -20 -21 -22 22 -24 24 -26 -27 27 28 -30 -31
leaf_value=-0.044076389600493537 -0.034579260367369261 -0.057916022494452504 -0.039778058272783641 0.058254599920037245 -0.010287682377388739 0.068095953215192295 0.069755970881096613 0.027911674304718932 -0.029411046745279324 -0.068817052500190504 0.010203544686896571 -0.015594214420892191 -0.033797918470590424 0.035645304834887911 -0.040407898492207155 0.040380464903770591 -0.059365499329793528 0.052127734547486718 -0.029448375856803939 0.061250126035046017 -0.037484207530971939 -0.035983644156487832 0.036519681636064547 0.064031141046460446 0.011001181629684923 0.06031841570796416 0.0022683423197765382 -0.064931291054168658 0.0029868463165301068 0.063177136698708725
leaf_weight=3.7640508571639648 2.6694516465067855 9.3773014284670335 4.613672303967177 8.7832032728474569 35.096622422803193 1.5986659629270494 2.2192530762404195 6.6962000213097772 2.9722617063671342 0.96129696723074332 16.883044622838494 49.266289944760501 0.69740180578082567 7.1458987379446652 5.154498891904951 4.754124514758586 4.3230684176087406 4.8735875338315973 8.589295919053253 3.6201009191572657 3.6170475445687797 6.6042386274784786 3.8989492072723806 5.9146897662430993 4.2236939854919973 3.0770701486617327 54.561654100194573 12.56135430280119 170.01764303166419 12.066788025433196
leaf_count=76 17 128 161 278 258 20 28 216 28 5 265 325 22 160 78 28 17 27 48 28 20 33 70 42 26 257 397 84 1742 179
internal_value=1.31534e-05 0.000214805 -0.00170764 0.00380703 0.000116696 0.000636936 0.0170703 -0.00211852 -0.00376011 0.0110567 0.00594661 -0.002482 -0.00856735 0.0129686 -0.00517968 0.00496538 0.00150365 -0.0143671 8.23199e-05 0.0106533 0.00392695 0.0102701 -0.00906926 0.0257632 0.0419386 0.0429287 0.000764106 0.00232056 -0.00168589 0.0132993
internal_weight=460.602 457.933 298.295 159.638 288.918 150.855 21.6623 129.192 122.496 19.443 17.8443 118.732 65.3412 16.0749 8.92897 53.3911 48.6369 17.786 13.4629 30.851 27.2309 23.6138 10.5032 13.1106 10.1384 3.77447 284.304 249.207 182.579 66.6284
internal_count=5063 5046 2949 2097 2821 1819 318 1501 1285 290 270 1209 842 517 357 367 339 92 75 247 219 199 103 96 68 279 2660 2402 1826 576
is_linear=0
shrinkage=0.05


Tree=104
num_leaves=31
num_cat=0
split_feature=2 0 7 6 6 3 3 0 5 6 3 5 3 0 0 4 3 2 0 5 6 1 2 4 1 7 7 7 5 0
split_gain=1.27606 1.3125 1.47534 1.78976 1.39597 1.25415 1.32854 5.92362 4.65707 4.2332 3.28936 3.2359 2.74968 2.48204 3.35872 4.11122 3.98419 3.27929 2.93171 2.69147 3.79921 4.50081 2.55372 4.12227 3.93158 4.58819 4.50334 3.47041 3.21563 4.37624
threshold=0.050524901405908443 -0.97995705049585646 -0.3918377520337038 -0.22986872397083252 5.7617034853152918 1.9065080941201404 0.97837290288751211 1.38624222016614 -0.093497153620987011 -0.32628282707309852 0.68286303115078406 0.18831013365909852 0.60361343170493675 1.7383792152987647 1.5010059888074545 -0.52191153242409583 -0.27057114623097184 -0.22896010285105647 1.6422874790923792 -0.18582787920074428 -0.35189208558228702 -0.79169611427910169 -0.25595609206908226 -1.1662064693504284 -0.81942582564791822 0.23543704839623877 -0.612791669577465 -0.29041574963589906 0.050414532736126907 0.52732995515441261
decision_type=2 2 2 2 2 2 2 2 2 2 2 2 2 2 2 2 2 2 2 2 2 2 2 2 2 2 2 2 2 2
left_child=5 2 3 -2 -3 6 10 8 -8 -10 12 -12 13 14 22 -16 18 19 -17 -15 -21 -22 28 -24 -25 26 -26 -28 29 -1
right_child=1 4 -4 -5 -6 -7 7 -9 9 -11 11 -13 -14 17 15 16 -18 -19 -20 20 21 -23 23 24 25 -27 27 -29 -30 -31
leaf_value=-0.0024715840738331022 -0.10518035028027206 0.05164701136437129 0.059396966324057922 0.023134131585807408 -0.040426031932900224 -0.02734849306236449 0.042131862984995189 0.04350921573330143 0.036291285425250674 -0.014633892750998342 -0.036448226353157358 0.016607355607643773 0.029814862590278192 0.029489423440796681 -0.030077118777475383 -0.057953820431397213 0.043283167866012121 -0.055770157955712052 0.028066125118724777 0.013943192889604265 0.0059432764844746522 -0.048119698422700335 0.059311228429745511 0.03620742494610258 -0.024386731443977183 -0.040477917577389569 0.04809845495599635 -0.0022585188837513995 0.0041222967395927864 -0.022042762918706452
leaf_weight=131.33249059412628 0.59046719968318928 3.3155346272978927 0.47510752454400051 0.503484587650746 0.47003445588052262 4.2375124664977184 5.4690764246042809 9.3675264487974328 4.7384638302028135 29.401346217840914 11.77366896625608 3.8019477836787692 7.551500358618795 4.1318018678575781 3.3983890824019936 1.9323114873841469 13.229439153335983 4.0768286660313597 2.0322881219908595 8.0808561146259326 6.1456532031297746 10.304843345656986 4.0113629577681413 8.1857808018103224 7.0732167698442963 6.3627556888386598 7.365517203696073 6.3892908329144129 115.12083902396262 36.501902523450553
leaf_count=1168 2 611 10 50 15 46 229 178 103 301 79 35 76 27 15 12 91 18 34 47 39 47 39 76 55 38 64 53 1298 207
internal_value=1.24525e-05 0.0242777 -0.0141728 -0.0461244 0.0402148 -0.000274995 -1.87881e-05 0.00775281 -0.0007036 -0.00756569 -0.000973208 -0.0234976 -5.77432e-05 -0.000658216 0.000597526 0.020175 0.0301073 -0.0138115 -0.0138593 -0.00784363 -0.0141316 -0.0279226 -0.000653152 0.0112751 0.00582821 -0.00331745 0.0080347 0.024707 -0.00231358 -0.00672807
internal_weight=457.371 5.35463 1.56906 1.09395 3.78557 452.017 447.779 48.9764 39.6089 34.1398 398.803 15.5756 383.227 375.676 342.936 20.5924 17.194 32.74 3.9646 28.6632 24.5314 16.4505 322.343 39.3879 35.3766 27.1908 20.828 13.7548 282.955 167.834
internal_count=5063 688 62 52 626 4375 4329 811 633 404 3518 114 3404 3328 3150 152 137 178 46 160 133 86 2998 325 286 210 172 117 2673 1375
is_linear=0
shrinkage=0.05


Tree=105
num_leaves=31
num_cat=0
split_feature=7 4 4 4 4 4 4 4 3 3 6 2 4 4 4 5 2 2 1 0 2 2 6 5 0 2 5 5 4 0
split_gain=1.21928 1.2207 1.8605 4.31827 6.82162 2.03269 11.2742 8.04039 3.7896 3.90748 3.85761 4.59318 3.20126 13.26 7.26257 2.99163 6.43746 4.39287 2.98047 2.51565 2.53206 2.44675 2.85968 2.29881 2.28081 1.97115 3.55382 5.19741 2.86892 4.52175
threshold=3.3044668409538089 2.1473108224874662 1.871184381500975 1.7791422345054781 1.6870999954678338 1.2268893525324958 1.1348471134948515 1.3189314995279926 -0.12929344388541192 -0.026878487343073316 -0.32628282707309852 -0.40669931392660036 0.85872076455050717 0.76667852551286308 0.95076291154600423 -0.03016219410641437 -0.23142983651022844 -0.18458070058130868 1.6995613547709489 0.88734944934584081 -0.3739386548856477 -0.35311514822929291 -0.28449672797605269 0.37720302436401082 -0.28835055665256876 -0.21490634580112489 -0.59310130787477144 -0.77662554651860782 -0.33782723843310175 -0.33463611165396884
decision_type=2 2 2 2 2 2 2 2 2 2 2 2 2 2 2 2 2 2 2 2 2 2 2 2 2 2 2 2 2 2
left_child=1 2 3 4 5 6 12 -7 10 -10 11 -9 13 18 -14 16 -11 -18 25 20 24 -22 -23 -17 -16 -1 27 -27 -28 -30
right_child=-2 -3 -4 -5 -6 7 -8 8 9 15 -12 -13 14 -15 19 23 17 -19 -20 -21 21 22 -24 -25 -26 26 28 -29 29 -31
leaf_value=-0.0012162610777580974 -0.033883578142939144 -0.039147055391653085 0.032339144005091192 -0.068244453253643964 0.080678460230912963 -0.0626464374195983 0.065062907179112492 0.028559370750291097 -0.067197858498297666 0.062112144408212167 0.08156516377022105 -0.054269439860407859 -0.0567453962867333 0.061489617742201755 -0.013920789108822494 -0.056207574492230419 -0.083790295915789126 0.046037614786751217 -0.044656793446974707 0.021422285410197278 -0.083551602078506704 0.026908660133873094 -0.041080117454455924 0.0014547242998859274 0.050316145614103483 0.030830500824774672 0.0020238337603879154 -0.02659532587858203 -0.017929267309928835 0.053303627104061772
leaf_weight=318.329382190248 2.637520480901002 1.9615563191473473 4.5089107360690823 2.3020535469986489 2.6314395803492507 6.3300357507541767 6.7362471288070074 6.6574949771165839 2.9782109693624106 3.8393186591565627 2.2086849724873927 2.2358634667471042 7.9759849179536131 8.8759211157448572 3.4211737522855401 3.4131311206147039 1.8174642249941846 1.0156718539074043 3.7593341367319217 7.9456619303673497 1.754248197190466 2.3771923854947108 4.4265699428506133 3.501858432777226 2.3181796241551664 6.0665715050417957 9.1289025233127195 11.241022586356847 2.8197765150107434 10.612801547395064
leaf_count=2751 17 34 53 29 39 76 154 74 15 26 22 12 105 213 39 24 10 80 148 55 9 17 61 25 20 468 138 122 43 184
internal_value=1.35894e-05 0.000210867 0.000381962 5.94061e-05 0.000413215 -6.48734e-05 0.000914406 -0.0118109 -0.000180386 -0.0153292 0.0224235 0.00773553 -0.000163058 0.00111215 -0.0158118 -0.00396013 0.0199239 -0.0372473 -0.000368427 -0.00113368 -0.013669 -0.0309005 -0.0173253 -0.0270065 0.0120251 9.63846e-05 0.010577 -0.00646671 0.0236518 0.0383504
internal_weight=455.828 453.191 451.229 446.72 444.418 441.787 407.789 33.9977 27.6677 16.5657 11.102 8.89336 401.053 370.834 30.219 13.5874 6.67245 2.83314 361.958 22.243 14.2974 8.55801 6.80376 6.91499 5.73935 358.198 39.8691 17.3076 22.5615 13.4326
internal_count=5063 5046 5012 4959 4930 4891 4527 364 288 180 108 86 4373 4067 306 165 116 90 3854 201 146 87 78 49 59 3706 955 590 365 227
is_linear=0
shrinkage=0.05


Tree=106
num_leaves=31
num_cat=0
split_feature=2 3 7 1 7 3 3 3 7 7 5 1 4 0 2 3 5 6 1 3 4 4 7 7 2 2 1 4 3 0
split_gain=1.14125 1.65299 1.09575 1.21585 1.094 1.15797 5.85771 5.66937 6.46401 4.71024 3.29669 3.00347 2.71323 3.72039 2.37977 3.31386 3.19914 3.02877 2.61616 2.34862 3.06708 8.10322 3.69627 3.16994 2.47143 2.35338 5.32257 2.76271 2.86046 2.69939
threshold=0.19676597085561209 2.2315840577081043 3.3044668409538089 -2.0163870292292185 -1.3490667244243761 -1.2294918527492065 -1.2022116864321746 -1.2468658134203887 -1.2447886784390492 -1.276253840462944 1.1183285548757507 1.1992588846131529 0.39851002957302184 0.13139565650439944 -0.45780977284132413 -1.1222561098107391 -0.3105716138764702 -0.39294241009227687 -0.25591027027561541 -0.94007824472661794 -1.1662064693504284 -1.0741643223549311 -0.00990683228414674 0.75234848269698607 -0.30766716403527805 -0.39567619450301389 -1.438978628198343 1.5030157014768397 -0.60631531604337974 0.65458585431633864
decision_type=2 2 2 2 2 2 2 2 2 2 2 2 2 2 2 2 2 2 2 2 2 2 2 2 2 2 2 2 2 2
left_child=2 -2 3 -1 -5 7 -7 8 -6 -8 12 14 13 -10 -11 16 -16 18 -18 -17 22 -22 -21 -24 -25 26 -23 28 -28 -30
right_child=1 -3 -4 4 5 6 9 -9 10 11 -12 -13 -14 -15 15 19 17 -19 -20 20 21 25 23 24 -26 -27 27 -29 29 -31
leaf_value=0.043039793337042526 0.042718754097043961 -0.073607263471067982 -0.032462312156049528 -0.029482209487293 -0.038080885444968841 -0.044539954019427674 0.063196958695859368 0.062508878903133502 0.0048881778514056626 -0.03698298502204523 0.054746691705217988 -0.030203098731786816 0.025646467610152247 -0.05996982558138108 -0.0011789997364306246 -0.022669286371388528 0.056100999816095953 0.072971988712369665 -0.011541957491544724 0.067406201625748702 -0.071595310148054606 -0.060454917048300055 -0.012061733395999438 0.059226653963139655 0.0053972493015135162 -0.0013646129142271626 -0.011283258477639509 0.068122791169501026 0.0071189815885280257 0.044691805316204786
leaf_weight=1.6343310102820385 2.8008566629141565 0.34276479482650746 2.6159108057618132 3.1596062015742055 7.9402317255735388 7.4965425832197061 2.9334982857108107 4.2869233209639779 10.319373162928974 4.2455563992261878 4.0622976147569707 8.2737370319664461 9.9096484375186247 2.8140054848045102 8.5720112491399068 11.462578516453503 2.4862477071583271 4.1724980715662223 3.3627860248088837 3.3254079120233682 3.9962070882320395 2.2966660335659972 8.3994947560131568 4.0944861709140268 4.4494803370907858 294.14710371429101 7.9903068067505982 2.5674067568033925 10.453416718170052 8.8084027990698797
leaf_count=20 627 1 17 92 223 76 25 36 167 73 344 271 153 23 58 102 17 42 26 39 16 9 56 67 44 2202 44 19 110 64
internal_value=1.35132e-05 0.0300351 -0.000196084 -7.53575e-06 -0.00016527 4.38901e-05 -0.000754322 0.0082332 0.00159396 7.44906e-05 0.0132163 -0.000396555 0.00589484 -0.00900853 0.000244278 0.000659561 0.0212459 0.0404273 0.017211 -0.00039785 0.000330445 -0.000828222 0.0192097 0.00975038 0.0311937 3.85628e-05 0.01289 0.018539 0.0138677 0.024301
internal_weight=453.42 3.14362 450.276 447.66 446.026 442.866 403.534 39.3325 35.0456 396.037 27.1053 393.104 23.043 13.1334 384.83 380.585 18.5935 10.0215 5.84903 361.991 350.528 330.26 20.2689 16.9435 8.54397 326.263 32.1162 29.8195 27.2521 19.2618
internal_count=5063 628 4435 4418 4398 4306 3360 946 910 3284 687 3259 343 190 2988 2915 143 85 43 2772 2670 2464 206 167 111 2448 246 237 218 174
is_linear=0
shrinkage=0.05


Tree=107
num_leaves=31
num_cat=0
split_feature=4 4 4 4 1 4 4 4 3 3 6 2 4 4 4 1 5 5 0 2 2 6 0 0 2 3 0 2 5 1
split_gain=1.11665 1.68185 4.02679 6.29114 2.01193 1.9327 10.6683 7.64638 3.30905 3.65329 3.53915 4.08811 2.85091 12.5946 6.93777 3.07951 2.71582 5.91181 2.23653 2.31492 2.29654 2.60695 2.20559 2.04317 1.87267 3.39921 4.9541 4.54065 5.11174 4.56571
threshold=2.1473108224874662 1.871184381500975 1.7791422345054781 1.6870999954678338 -0.5347122480721701 1.2268893525324958 1.1348471134948515 1.3189314995279926 -0.12929344388541192 -0.026878487343073316 -0.32628282707309852 -0.40669931392660036 0.85872076455050717 0.76667852551286308 0.95076291154600423 1.6995613547709489 -0.03016219410641437 -0.45594843354860759 0.88734944934584081 -0.3739386548856477 -0.3420282068769539 -0.28449672797605269 1.0861092374434731 -0.28835055665256876 -0.21490634580112489 0.97837290288751211 1.4906834686067219 -0.17662062535059755 -0.77662554651860782 -0.6402321059652577
decision_type=2 2 2 2 2 2 2 2 2 2 2 2 2 2 2 2 2 2 2 2 2 2 2 2 2 2 2 2 2 2
left_child=1 2 3 5 -3 6 12 -7 10 -10 11 -9 13 15 -14 24 17 -11 19 23 -21 -22 -18 -16 -1 26 27 -26 -29 -30
right_child=-2 4 -4 -5 -6 7 -8 8 9 16 -12 -13 14 -15 18 -17 22 -19 -20 20 21 -23 -24 -25 25 -27 -28 28 29 -31
leaf_value=-0.0013323236937524269 -0.038071908806024152 -0.002527761679961335 -0.067423494245036006 0.078722647131662604 0.064691524915090365 -0.062249686801743344 0.064568870126270148 0.026457643982059686 -0.065450262196548564 -0.055204714980249862 0.078521186622430558 -0.052699327448732416 -0.056423635619787221 0.061202832011486442 -0.012951503711966576 -0.045169881186061751 -0.048922985157274383 0.049380968501159146 0.020270144442720739 -0.08091046040770325 0.025853473295789599 -0.039202773269017159 0.0091440541132856087 0.048189772807423259 0.037200531959089476 0.032096651680770402 -0.056807107932359449 0.033886025544598797 0.02196621616643557 -0.05038063072822422
leaf_weight=319.1570717683062 1.9164455332793284 2.2485105786472559 2.2120351023040703 2.5365850101225069 2.2046365020796648 6.1338054253719738 6.4351009046658865 6.5660715270787469 2.911902584834027 1.8983013241086171 2.1412847512401667 2.1702325819060198 7.6046325014904168 8.4524181196466071 3.3767731031402946 3.8241980238817623 4.1021522032096946 4.6881773183122277 7.9007457122206679 1.7279997076839233 2.3758234996348637 4.3767008231952724 2.719437513500452 2.2950935289263752 8.6693415660411137 12.241421241778879 3.32554106414318 4.892874744022266 3.1437912676483393 7.1191066224128008
leaf_count=2766 34 15 29 39 38 77 154 74 15 67 22 12 105 213 39 149 32 49 55 11 16 60 17 20 78 411 18 370 30 48
internal_value=1.32927e-05 0.000175687 -0.000130281 0.000205896 0.0307507 -0.000246493 0.000701653 -0.0118217 -0.000448823 -0.0146873 0.0209136 0.00679383 -0.000324586 0.000868449 -0.0152417 -0.00053886 -0.00366282 0.0192381 -0.00104084 -0.012938 -0.0294756 -0.0163132 -0.0257745 0.011789 -6.28364e-05 0.0102226 0.000360284 0.00833978 -0.00816902 -0.0282189
internal_weight=451.368 449.452 444.999 442.787 4.45315 440.25 406.919 33.3314 27.1976 16.32 10.8776 8.7363 400.484 370.826 29.6578 362.373 13.4081 6.58648 22.0531 14.1524 8.48052 6.75252 6.82159 5.67187 358.549 39.3921 27.1507 23.8251 15.1558 10.2629
internal_count=5063 5029 4976 4947 53 4908 4543 365 288 180 108 86 4389 4083 306 3870 165 116 201 146 87 76 49 59 3721 955 544 526 448 78
is_linear=0
shrinkage=0.05


Tree=108
num_leaves=31
num_cat=0
split_feature=3 6 7 3 0 5 6 0 3 5 1 3 0 4 0 0 3 1 7 7 5 3 0 3 1 6 1 7 7 0
split_gain=1.10866 2.06379 1.29177 1.16339 5.45816 4.30618 3.83181 2.97637 2.60772 2.79855 2.55577 2.48803 2.32812 3.02003 4.46832 4.37195 3.21639 4.03356 4.77692 4.62795 4.21535 3.66395 4.45771 3.46206 3.45204 3.9422 3.4476 3.44049 3.87843 3.24646
threshold=1.9065080941201404 0.96441192406480603 -0.1593460674971682 0.97837290288751211 1.38624222016614 -0.03016219410641437 -0.32628282707309852 -0.4593602482013544 0.68286303115078406 0.18831013365909852 -0.098148957407693957 0.60361343170493675 1.7383792152987647 -0.89008012040608409 1.6147849523816602 0.33526351918818315 0.31008490777959319 -0.51066842063112439 -0.76044587754828508 0.95110315235591603 -0.29792424116667887 0.52390654656616109 1.2569050543246274 0.22214829751752216 0.06472089210630276 -0.34758311178984164 -0.22536324344435524 -0.26818404671030022 -0.030710513415984523 1.1956225056939336
decision_type=2 2 2 2 2 2 2 2 2 2 2 2 2 2 2 2 2 2 2 2 2 2 2 2 2 2 2 2 2 2
left_child=1 3 -2 8 5 7 10 -5 11 -10 -7 12 13 15 16 -1 17 18 -15 23 -19 22 26 29 -22 27 -18 -26 -29 -20
right_child=2 -3 -4 4 -6 6 -8 -9 9 -11 -12 -13 -14 14 -16 -17 21 20 19 -21 24 -23 -24 -25 25 -27 -28 28 -30 -31
leaf_value=-0.0016403195972783666 -0.053296660241153052 0.051746024757438697 -0.0013746912208503978 -0.025123512322792859 0.042452041963385173 0.059648361673961328 -0.016436617685679684 0.048982858010597916 -0.03302685234096462 0.016467697311563317 -0.021724434254569658 0.02855304666109576 -0.013426793776887012 -0.064078850070569557 0.038025044209683348 -0.034293719302769955 0.039959612086897148 -0.004428192700290442 -0.0047369693465844796 -0.034762475908250746 0.02307000164613357 -0.01458900611616072 -0.009436209095178491 -0.032150381202969626 0.082510378195347511 -0.029427122476220025 -0.0054029580384310372 -0.062090922913066782 0.014312202584791853 0.018019221807045842
leaf_weight=37.92595440056175 2.0991188082844019 1.9389061504043628 2.7901809201575807 1.7451854534447191 9.0183867295272631 3.0315532637760043 26.295994731597606 6.0590635256376109 11.708409809507428 3.7774175843223921 1.4155050329864014 7.4681266420520833 32.279134217649698 3.6628002244979134 8.6488714041188341 14.04768651910126 21.651965687982738 59.790094114374369 61.4546825774014 12.30257376283407 40.291258849669248 9.0809831758961064 9.0244710845872742 8.6685894224792701 1.6040338445454825 8.0237447340041452 5.193138238508257 1.8666543774306781 15.077615175861865 21.038446279242635
leaf_count=538 30 476 36 43 184 79 270 256 90 35 22 84 178 48 78 74 186 750 382 100 372 70 54 40 12 76 74 12 285 129
internal_value=1.29978e-05 0.000273699 -0.0236663 4.79851e-05 0.00743504 -0.000757407 -0.00917739 0.0324112 -0.000842492 -0.0209538 0.0337473 -2.09697e-05 -0.000595177 0.000625359 0.00263128 -0.010466 0.00153303 -0.000822157 -0.00796332 -0.00597674 0.00521804 0.013782 0.0209645 -0.00209201 0.0138438 -0.000145818 0.0311843 0.0125209 0.0058953 0.0010666
internal_weight=448.981 444.091 4.8893 442.152 47.5657 38.5473 30.7431 7.80425 394.587 15.4858 4.44706 379.101 371.633 339.354 287.38 51.9736 278.731 233.78 107.127 103.464 126.653 44.9506 35.8696 91.1617 66.8633 26.572 26.8451 18.5483 16.9443 82.4931
internal_count=5063 4997 66 4521 854 670 371 299 3667 125 101 3542 3458 3280 2668 612 2590 2206 699 651 1507 384 314 551 757 385 260 309 297 511
is_linear=0
shrinkage=0.05


Tree=109
num_leaves=31
num_cat=0
split_feature=3 1 1 7 6 3 5 7 3 5 3 7 0 2 0 4 3 5 6 1 1 7 0 2 1 1 1 1 6 5
split_gain=1.02258 2.2992 2.24016 2.40715 1.94049 1.45539 4.35766 3.9835 2.35981 2.53405 2.26936 2.14004 2.09879 2.84167 2.74497 3.39722 3.60712 2.55659 3.39532 4.03375 2.5101 3.23479 2.38538 2.14031 3.37079 3.58133 4.67054 5.4756 3.15822 2.65321
threshold=1.7669070551809316 -1.1004659755671204 -0.51848275247608455 -0.00990683228414674 0.76903962056026731 0.97837290288751211 -0.015559208253519061 0.21460091222363373 0.68286303115078406 0.18831013365909852 0.60361343170493675 -0.29984393897879891 1.7383792152987647 -0.22896010285105647 1.5010059888074545 -0.52191153242409583 -0.27057114623097184 -0.18582787920074428 -0.35189208558228702 -0.79169611427910169 -1.0222867537475155 0.025371797029905569 1.6422874790923792 -0.25595609206908226 -0.81942582564791822 -0.51066842063112439 -0.138302553696694 0.27089196437576696 -0.26061443977561777 0.050414532736126907
decision_type=2 2 2 2 2 2 2 2 2 2 2 2 2 2 2 2 2 2 2 2 2 2 2 2 2 2 2 2 2 2
left_child=4 -2 -3 -4 5 8 -7 -8 10 -10 12 -12 14 17 23 -16 22 -14 -19 -20 -18 -22 -17 29 -25 -26 28 -28 -27 -1
right_child=1 2 3 -5 -6 6 7 -9 9 -11 11 -13 13 -15 15 16 20 18 19 -21 21 -23 -24 24 25 26 27 -29 -30 -31
leaf_value=-0.006155248111411684 0.07529100305356573 -0.050088362799521995 -0.032712854533832637 0.041683566679153752 0.051683199683832892 0.039979506678810686 -0.01540147394202479 0.018965631883959895 -0.031477725864197337 0.015702365281181307 -0.019902222462352858 0.042689703639322979 0.029216113044761141 -0.052440749710193059 -0.027741440196595493 -0.054790998877575006 0.076685780243108986 0.013424372961587919 0.0058622341172387916 -0.045642412691534774 0.059524427565839866 0.00084992507923587726 0.024036065573238577 0.037073072505170161 -0.022959011178237312 0.011544546566658799 -0.035626608134178527 0.027390160617125334 0.074919574030021127 0.0037912820203431508
leaf_weight=164.77897354774177 0.63362258533015747 4.0849321768619111 2.3720897950697681 2.0073768426664174 1.8338794903829683 8.9256027413066459 17.988539626821876 15.870950991520656 11.671356210485099 3.7638086760416618 1.8071618117392061 5.5890239821746936 4.1165566015988615 3.9580261334776869 3.3181200325489071 1.8989840475842421 3.460196495056155 7.9278552960604456 6.053861288353807 10.217694668099279 4.2316253371536643 5.280018076300621 1.9403570313006637 9.0596844907850009 9.6141990437172371 3.7883805762976408 6.8327989177778345 6.9568880537990481 4.0862105870619443 113.0382090290077
leaf_count=1375 7 35 74 39 478 357 148 276 90 35 21 63 27 18 15 12 27 47 39 47 33 31 34 90 61 31 58 151 46 1298
internal_value=1.35338e-05 -0.0165777 -0.0234548 0.00138757 0.000358156 0.000142363 0.00890015 0.000707411 -0.000810135 -0.019973 -2.75476e-05 0.0273962 -0.000574913 -0.0127575 0.000587368 0.0184936 0.0276192 -0.00721059 -0.0134071 -0.02648 0.0402195 0.0269536 -0.0149527 -0.000545535 0.0102169 0.00243812 0.0137089 -0.00383469 0.0444305 -0.00210821
internal_weight=447.107 9.09802 8.4644 4.37947 438.009 436.175 42.7851 33.8595 393.39 15.4352 377.955 7.39619 370.559 32.274 338.285 20.1293 16.8112 28.316 24.1994 16.2716 12.9718 9.51164 3.83934 318.155 40.3382 31.2785 21.6643 13.7897 7.87459 277.817
internal_count=5063 155 148 113 4908 4430 781 424 3649 125 3524 84 3440 178 3262 152 137 160 133 86 91 64 46 3110 437 347 286 209 77 2673
is_linear=0
shrinkage=0.05


Tree=110
num_leaves=31
num_cat=0
split_feature=7 4 4 4 0 7 3 6 6 7 7 5 6 7 0 2 2 0 0 6 7 3 1 3 5 4 7 7 3 0
split_gain=1.04001 1.32282 11.4979 10.173 2.60522 2.35446 2.53051 3.47053 2.14861 2.29506 2.06511 3.26013 2.47992 4.76101 2.56231 2.45165 4.56 2.21031 2.29044 1.99166 1.99055 1.98382 3.84685 3.05829 3.94631 2.46608 1.9602 1.89131 3.57826 2.83852
threshold=3.3044668409538089 -0.24578499939545764 -0.15374285239996058 -0.33782723843310175 -1.1760400074157753 1.3356304753668569 0.39314461680063068 -0.31283735861622719 -0.15205499317171395 -0.87673228861751207 0.13554043291449702 0.90004681355772054 -0.27719307331990628 0.031538254775692075 -0.60179964423319177 -0.43145538629536023 -0.46139035719728066 1.3504548344195155 0.39403016175515826 -0.24838967400691755 2.2888187951820012 0.10677908729400419 -1.0473081786632019 -1.1341045413758299 0.35074444038093983 -0.89008012040608409 0.84491025896531846 0.92174756798189539 0.051151932513464518 1.4747669837982287
decision_type=2 2 2 2 2 2 2 2 2 2 2 2 2 2 2 2 2 2 2 2 2 2 2 2 2 2 2 2 2 2
left_child=1 3 -3 5 20 8 7 -7 9 -1 12 21 14 17 -11 16 -13 18 19 -14 -4 23 -23 24 -12 -24 -18 -6 -29 -30
right_child=-2 2 4 -5 27 6 -8 -9 -10 10 11 15 13 -15 -16 -17 26 -19 -20 -21 -22 22 25 -25 -26 -27 -28 28 29 -31
leaf_value=-0.043226227031277681 -0.031788529241937487 -0.057763251280505051 -0.051633435028735498 0.057965637566031764 0.0018582343240085564 0.019067585971289942 0.061979874414345104 -0.040754929650253645 0.026681640796760955 -0.027817901291423114 0.029530282609991767 0.042844822974605297 -0.064665047398116085 0.051419796403807873 0.016081816116546625 0.038198748586648699 0.0060361716350998823 0.0082428247988486931 -0.07025062080246848 0.0065881162725789956 0.052219473418176079 0.038569073861226245 -0.028959310004703576 -0.03488623053947619 -0.045819651674295872 0.0089004288212727097 -0.051802461756057606 -0.033390602907926219 -0.011094004011389868 0.039323445601814229
leaf_weight=3.480999458115547 2.5558587647974482 8.895829835906623 3.7366131227463475 8.2454742218833399 251.35874292766675 15.59612178243697 2.6542084799148133 2.8706592172384271 6.3246543654240659 3.6759790098294607 4.9053323632106212 3.4315924723632572 1.4537790822796504 2.3778171278536311 34.704504224937409 5.6535844989120987 2.4107447192072877 3.2730462960898867 3.5855157719925046 3.0139407962560654 0.52639645338058461 4.3682534173131016 10.717078349553052 18.351508035324514 2.6908816061913967 7.1848072167485926 3.7336329948157072 11.244621641002597 8.5691412258893234 4.1406829291954628
leaf_count=76 17 128 157 278 2505 211 96 11 216 40 55 279 13 18 216 152 25 20 15 45 4 39 75 83 24 49 61 59 57 39
internal_value=1.47306e-05 0.000198144 -0.00180232 0.00392835 -2.17023e-05 0.000886108 0.0163295 0.00976818 -0.00171629 -0.00322543 -0.0020202 -0.00807693 0.00535787 -0.0129006 0.0118772 0.0120901 -0.00332434 -0.0264039 -0.0404852 -0.0165974 -0.0388097 -0.0144466 -0.00349939 -0.0238423 0.00283833 -0.0137645 -0.0291095 0.000578899 -0.0128454 0.0053313
internal_weight=445.732 443.176 288.472 154.704 279.576 146.459 21.121 18.4668 125.338 119.013 115.532 63.4474 52.0846 13.7041 38.3805 15.2296 9.57597 11.3263 8.05324 4.46772 4.26301 48.2179 22.2701 25.9477 7.59621 17.9019 6.14438 275.313 23.9544 12.7098
internal_count=5063 5046 2949 2097 2821 1819 318 222 1501 1285 1209 842 367 111 256 517 365 93 73 58 161 325 163 162 79 124 86 2660 155 96
is_linear=0
shrinkage=0.05


Tree=111
num_leaves=31
num_cat=0
split_feature=0 0 3 6 0 3 3 0 7 3 4 7 6 2 5 2 1 1 5 5 6 1 7 7 1 4 0 2 6 7
split_gain=1.01936 2.90027 1.36075 1.85171 1.6058 4.70675 4.05974 2.97537 3.62058 3.28246 4.48525 3.34447 2.84796 2.35184 2.31636 2.22018 4.13093 3.63487 4.40957 4.30856 3.92458 3.21191 3.08373 3.60467 2.45429 3.03355 2.41111 4.02718 2.23347 5.82399
threshold=2.0589751712411388 2.3768788169919026 1.7669070551809316 0.76903962056026731 1.7383792152987647 0.59706004994134887 -0.033736660193909564 1.5010059888074545 -0.11066350634622192 -0.27986773922169217 0.21442564353988061 0.40348924948930515 -0.3658286794303377 -0.33678863030468104 0.46418471707581538 -0.23317771871060625 -0.75876158661485649 -0.7186822883201065 -0.51069789401536447 -0.77662554651860782 -0.2322333485558665 1.0626739655501971 0.11530471499608692 -0.018474963046713404 -0.77427946276305482 -0.89008012040608409 0.045484203462505902 -0.26845378018014682 -0.3008378233139663 -0.12689102672987065
decision_type=2 2 2 2 2 2 2 2 2 2 2 2 2 2 2 2 2 2 2 2 2 2 2 2 2 2 2 2 2 2
left_child=2 -2 3 4 7 6 14 15 12 -10 11 -11 -9 -7 -6 24 22 -18 19 -19 -21 -20 23 -17 28 26 27 -26 -1 -30
right_child=1 -3 -4 -5 5 13 -8 8 9 10 -12 -13 -14 -15 -16 16 17 18 21 20 -22 -23 -24 -25 25 -27 -28 -29 29 -31
leaf_value=-0.0031504252227898921 0.037010287109922789 -0.026165110420580041 -0.020158144970913488 0.051617623814734316 0.044574007424800839 -0.039280820852216382 -0.031024841941367676 -0.013613231666251972 -0.052328204994639131 -0.036938049248043281 0.050098354824538477 0.023173457209314283 0.062728379929830838 0.058413055756965142 -0.015197692974353789 0.030254630059261507 -0.054372614392832579 0.026879372042178242 0.032420615193019607 -0.001016274778840252 -0.057154473033476649 -0.040869518009128816 0.072726008147306453 -0.046591075626020301 -0.010629951965317234 0.0031509576436529307 -0.030323125001183022 0.055648037750344485 -0.042984568510052827 0.00032137375608426319
leaf_weight=56.617751154582947 5.7988945699762535 2.6454859257210046 8.4767201940994692 1.7352974826935668 3.2567611802369418 0.76450674422085318 18.903812570497394 1.5433062980882821 2.1840832382440629 4.7386933900415844 5.2977619990706435 4.5221240809187293 5.8618030189536539 3.1723723856266579 3.2269675396382809 10.376891386229543 2.8432667260058215 4.949379448546094 13.479197954526173 6.4147798987105489 6.0490087931975722 1.6813708920963097 3.4145255412440738 1.7891594774555404 19.904643886722624 197.26071839081123 12.592425729148088 2.5901877749711302 14.507664451375605 16.701040654443204
leaf_count=408 56 18 147 478 27 6 93 33 9 32 40 37 56 77 17 130 26 186 206 68 65 53 60 16 403 2026 79 18 67 126
internal_value=1.27148e-05 0.0172185 -0.0003214 7.29681e-05 -0.000137668 -0.0114269 -0.0193151 0.000699753 0.0177063 0.00483048 0.0134055 -0.00758517 0.0468179 0.0394418 0.0148255 -0.000406661 0.0092827 -0.000155847 0.00457658 -0.0125888 -0.0282616 0.0242924 0.0307379 0.0189536 -0.00194999 0.000741439 -0.0128049 -0.00299831 -0.00907026 -0.0198098
internal_weight=443.301 8.44438 434.856 426.38 424.644 29.3244 25.3875 395.32 24.1478 16.7427 14.5586 9.26082 7.40511 3.93688 6.48373 371.172 50.9976 35.417 32.5737 17.4132 12.4638 15.1606 15.5806 12.1661 320.174 232.348 35.0873 22.4948 87.8265 31.2087
internal_count=5063 74 4989 4842 4364 220 137 4144 207 118 109 69 89 83 44 3937 810 604 578 319 133 259 206 146 3127 2526 500 421 601 193
is_linear=0
shrinkage=0.05


Tree=112
num_leaves=31
num_cat=0
split_feature=4 4 4 4 4 6 7 2 4 4 4 1 0 7 6 3 0 5 4 4 4 5 2 3 1 2 7 1 2 2
split_gain=1.02436 1.43099 4.1361 9.95817 5.00411 2.87367 3.46935 5.74697 2.69593 11.7742 6.56951 2.78721 2.18206 2.15486 2.77749 5.43037 2.03632 2.22325 1.87126 18.3076 17.6953 4.8847 4.2257 8.67957 3.82313 5.0306 5.00201 3.42138 3.40784 2.8936
threshold=2.1473108224874662 1.5030157014768397 1.2268893525324958 1.1348471134948515 1.3189314995279926 -0.35369013894309176 -0.30521524822578677 -0.32143602321805637 0.85872076455050717 0.76667852551286308 0.95076291154600423 1.6995613547709489 1.0081229451328322 -0.26818404671030022 -0.27719307331990628 -0.075495066108994466 0.88734944934584081 -0.093497153620987011 0.30646788257752478 0.39851002957302184 0.21442564353988061 0.98480453059191408 -0.33203770776548741 -0.0090473324208604714 0.52393745070997144 -0.44504841469390521 -0.97549297767239829 0.27089196437576696 -0.32432367408558266 -0.30416348522806108
decision_type=2 2 2 2 2 2 2 2 2 2 2 2 2 2 2 2 2 2 2 2 2 2 2 2 2 2 2 2 2 2
left_child=1 2 3 8 -4 -6 7 -7 9 11 -10 18 -8 -3 15 -15 17 -12 20 -20 -1 22 24 27 25 26 -21 -24 -25 -30
right_child=-2 13 4 -5 5 6 12 -9 10 -11 16 -13 -14 14 -16 -17 -18 -19 19 21 -22 -23 23 28 -26 -27 -28 -29 29 -31
leaf_value=-0.00068044888038891786 -0.037022668544072455 -0.0052316350258058914 -0.061540638080613198 0.06420492852683013 0.032672817716247159 -0.03960676344902659 -0.066363742803445896 0.072452223282841385 -0.056186760024960342 0.061094854174725127 -0.0017341623211517894 -0.044108957211852567 -0.01034027822549036 0.058777284922215893 0.071029603156065574 -0.021437835303441982 0.019435205409046256 -0.049266995903873317 -0.064317015557912832 -0.052258204756240795 0.062601231180055436 0.068073240115992403 0.093306824293043628 0.066228794698232715 -0.064608186339534135 -0.016103491379527251 0.065891555757931861 0.014264062963172817 -0.037775105990530418 0.0038197305927014204
leaf_weight=250.4344506112393 1.8590822666883458 8.9365644254721719 5.8148669628426441 6.0753031608182928 3.511379700154067 2.3524349760264158 3.8464015703648311 2.2275943350978196 7.2524656686000553 7.9373174991924307 10.767214825609701 3.6230389559641472 3.1708870679140091 3.7393358848057678 2.7791242701932779 4.841811090707778 7.7004746329039326 3.1885354621335855 11.795573232695459 1.1667186822742222 11.556701752590014 2.7397980503737918 3.9864174481481305 1.9163281908258785 3.2200794126838437 26.528090853244066 3.8580810166895416 2.0851334435865283 4.9095839858055035 28.182083609979607
leaf_count=2851 34 164 77 154 41 11 26 54 105 213 121 149 19 33 27 34 55 25 76 32 181 23 28 11 36 112 58 28 20 265
internal_value=1.39547e-05 0.00017039 -0.000456455 0.000680107 -0.0221258 -0.00695632 -0.018955 0.0148955 -0.00030229 0.000865089 -0.0149987 -0.000477776 -0.0410485 0.0131369 0.0275865 0.0135168 -0.00120526 -0.0125942 -2.91754e-05 -0.00623244 0.00211097 0.00248522 0.000116178 0.010974 -0.0127109 -0.00741455 0.0384581 0.0661614 0.00140265 -0.00235141
internal_weight=442.003 440.144 419.847 398.923 20.9236 15.1087 11.5973 4.58003 392.848 363.939 28.9087 356.002 7.01729 20.2968 11.3603 8.58115 21.6562 13.9558 352.379 90.3879 261.991 78.5923 75.8525 41.0795 34.773 31.5529 5.0248 6.07155 35.008 33.0917
internal_count=5063 5029 4771 4543 228 151 110 65 4389 4083 306 3870 45 258 94 67 201 146 3721 689 3032 613 590 352 238 202 90 56 296 285
is_linear=0
shrinkage=0.05


Tree=113
num_leaves=31
num_cat=0
split_feature=4 4 4 0 2 0 3 7 7 2 7 4 5 7 1 0 1 5 2 1 7 5 2 3 4 4 4 4 0 1
split_gain=1.009 10.8761 9.79434 2.18045 1.82475 3.00919 2.49873 2.18484 1.75948 1.97457 1.95454 1.82638 2.53985 2.23101 1.67946 4.23972 2.62985 2.20892 2.13333 2.62833 2.02979 3.03681 2.45799 1.83706 1.55718 4.05499 18.4383 13.3211 3.26077 2.95726
threshold=-0.24578499939545764 -0.15374285239996058 -0.33782723843310175 2.0589751712411388 -0.15496332206069161 -0.56769956538561817 -0.24923470330144984 -0.57219041357757583 -0.34630332983718537 -0.18458070058130868 -0.32339007105547329 -0.89008012040608409 -0.63789402783149318 0.15399112359070563 -0.3634738359158679 1.2854186249186954 0.06472089210630276 -0.3105716138764702 -0.3060989708403698 -0.2325911047311516 1.0981244870317737 -1.0000000180025095e-35 -0.46139035719728066 -0.84177820408703419 1.0000000180025095e-35 0.30646788257752478 0.39851002957302184 0.21442564353988061 -0.91556293691908641 0.35128180797695679
decision_type=2 2 2 2 2 2 2 2 2 2 2 2 2 2 2 2 2 2 2 2 2 2 2 2 2 2 2 2 2 2
left_child=2 -2 3 4 7 6 -6 -1 -9 10 -10 12 13 -12 -13 16 18 -18 19 -16 21 -19 -23 -21 -3 27 -27 29 -28 -26
right_child=1 24 -4 -5 5 -7 -8 8 9 -11 11 14 -14 -15 15 -17 17 20 -20 23 -22 22 -24 -25 25 26 28 -29 -30 -31
leaf_value=-0.02599831696074938 -0.057501877638725191 -0.0097258877944309662 0.057658694814019446 0.04606690454249833 0.058853668375067975 0.053782453407893352 -0.054764706307726951 0.022100440927295153 -0.057641602223663824 -0.03908978163080909 0.054475912297431844 0.00026676455601056307 -0.01068126302218312 -0.0061259281240691466 -0.0068265353306041056 0.095110479431963491 -0.075234592095165531 0.11471147292395001 -0.018845174991197339 0.019009774575468846 -0.025143470428052168 0.074291387018102617 -0.018492051494771573 0.078733486162730626 -0.0024426415967968508 -0.063188402884996428 -0.044205785737209242 0.06192613342321044 0.0028751036491365956 0.033797408748565468
leaf_weight=8.6317932391539198 8.4866501106880587 36.061855488223955 7.8566476060077539 2.5624968667980275 0.70387181872502003 3.7711842011194667 1.548467540880665 8.4074504226446134 1.4758775793015946 3.4052836410701266 2.9916948154568663 42.593409296590828 46.041006893385187 3.0844813724979758 2.1182841598056257 1.6259637102484692 1.0719530712813075 0.76458693016319745 1.8562478907406594 1.9542928012087939 3.9642556682229042 0.96063767699524083 2.7780162724666475 3.774058798328042 47.805336955236271 11.698214758187531 3.7643233984708777 11.109874763526021 159.73116640141234 6.3805997062008819
leaf_count=103 128 282 278 30 14 238 43 57 7 27 22 345 549 21 28 10 10 9 10 54 76 86 30 60 285 99 147 181 1699 135
internal_value=1.37584e-05 -0.0017479 0.00327563 0.000350838 -0.00046539 0.0264708 -0.0192582 -0.0016454 -1.41975e-05 -0.00155768 -0.000465818 0.000264285 -0.00667143 0.0237123 0.00596016 0.0175807 0.0110295 -0.00761263 0.0293576 0.0407608 0.000948053 0.0239167 0.00534842 0.0583581 -3.69489e-05 0.00141593 -0.00254777 0.0120508 0.00179111 0.00182476
internal_weight=438.98 285.038 153.942 146.085 143.523 6.02352 2.25234 137.499 128.868 120.46 117.055 115.579 52.1172 6.07618 63.4617 20.8683 19.2423 9.53945 9.70288 7.84664 8.4675 4.50324 3.73865 5.72835 276.551 240.49 175.194 65.2958 163.495 54.1859
internal_count=5063 2956 2107 1829 1799 295 57 1504 1401 1344 1317 1310 592 43 718 373 363 211 152 142 201 125 116 114 2828 2546 1945 601 1846 420
is_linear=0
shrinkage=0.05


Tree=114
num_leaves=31
num_cat=0
split_feature=4 4 4 4 4 6 7 2 4 4 4 1 0 7 6 3 0 0 0 5 2 4 4 4 5 2 3 0 7 7
split_gain=0.937711 1.29545 3.83723 9.37753 4.79193 2.6044 3.17393 5.24436 2.5037 11.1336 6.26636 2.56955 2.04449 1.98302 2.61598 4.97769 1.83749 2.19858 2.56881 2.3779 1.59606 1.55636 16.2495 15.6857 4.58024 3.82603 7.92178 3.79162 3.25789 3.38859
threshold=2.1473108224874662 1.5030157014768397 1.2268893525324958 1.1348471134948515 1.3189314995279926 -0.35369013894309176 -0.30521524822578677 -0.32143602321805637 0.85872076455050717 0.76667852551286308 0.95076291154600423 1.6995613547709489 1.0081229451328322 -0.26818404671030022 -0.27719307331990628 -0.075495066108994466 0.88734944934584081 -0.54953720779853144 -0.28106579292920691 -0.19161203774475136 -0.35729582234729645 0.30646788257752478 0.39851002957302184 0.21442564353988061 0.98480453059191408 -0.33203770776548741 -0.0090473324208604714 -0.34319015451691992 0.95110315235591603 0.61561539594436165
decision_type=2 2 2 2 2 2 2 2 2 2 2 2 2 2 2 2 2 2 2 2 2 2 2 2 2 2 2 2 2 2
left_child=1 2 3 8 -4 -6 7 -7 9 11 -10 21 -8 -3 15 -15 17 -12 -19 -20 -18 23 -23 -1 25 28 -27 -28 29 -24
right_child=-2 13 4 -5 5 6 12 -9 10 -11 16 -13 -14 14 -16 -17 20 18 19 -21 -22 22 24 -25 -26 26 27 -29 -30 -31
leaf_value=-0.00060405841966481471 -0.035770322317358397 -0.005050481638299513 -0.061060669586739738 0.06371956972085549 0.030959357872704908 -0.03818930268230232 -0.06443481612529732 0.069340121437932278 -0.055898458438702114 0.060901894498624959 0.027417425048159055 -0.043316854451761394 -0.0099631193282556148 0.056644348346295684 0.069419660706114814 -0.020458736643828312 -0.012947578574660272 -0.053986133574059396 0.02596158458703109 -0.032061639241893002 0.034958124344398316 -0.062855020666852002 -0.013153715490446503 0.061291026053478186 0.066766799728022866 0.063295340651946835 0.071156152159891725 -0.0026804735509286083 -0.056518474531072505 0.037574035606379542
leaf_weight=249.05965157004539 1.8231119508855034 8.9214609276969004 5.5770713901147255 5.8088383655995122 3.5043330900371084 2.326114559546113 3.7697138832882029 2.2123700191732496 6.9330422137863961 7.5556909951847038 2.8084373085293945 3.4599777134135357 3.1721051950007677 3.6934362179599693 2.7000860660336903 4.8315749587491146 2.6596885528415442 4.0258918711915639 3.4251803010702133 3.6446526125073389 5.0208044946193686 10.918205657973884 26.908646193332974 10.674768146593122 2.6589179811999193 6.0188802524935445 1.8349613123573352 33.139241569908336 3.7162910848855963 3.7509641926735631
leaf_count=2851 34 164 77 154 41 11 26 54 105 213 46 149 19 33 27 34 20 54 29 17 35 76 204 181 23 56 81 215 15 19
internal_value=1.36869e-05 0.000163753 -0.000437926 0.000660931 -0.0214953 -0.00676958 -0.0182862 0.0142279 -0.000282614 0.000848002 -0.0145432 -0.000440543 -0.0395437 0.0125454 0.0265301 0.0129459 -0.00125975 -0.0121023 -0.0221052 -0.00395065 0.0183688 -1.50786e-05 -0.00572345 0.00193975 0.0022708 -4.53655e-06 0.0103117 0.00119345 -0.0123066 -0.00694757
internal_weight=436.554 434.731 414.584 394.023 20.5617 14.9846 11.4803 4.53848 388.214 359.696 28.5177 352.141 6.94182 20.1466 11.2251 8.52501 21.5847 13.9042 11.0957 7.06983 7.68049 348.681 88.9461 259.734 78.0279 75.369 40.9931 34.9742 34.3759 30.6596
internal_count=5063 5029 4771 4543 228 151 110 65 4389 4083 306 3870 45 258 94 67 201 146 100 46 55 3721 689 3032 613 590 352 296 238 223
is_linear=0
shrinkage=0.05


Tree=115
num_leaves=31
num_cat=0
split_feature=3 6 7 3 0 3 7 2 1 0 6 1 3 3 3 7 7 6 0 6 1 1 7 1 7 3 4 6 7 6
split_gain=0.94973 1.68509 1.06392 0.907088 4.38902 3.27305 3.09487 3.60766 3.15487 2.56173 2.45141 2.35414 2.13781 2.04589 2.47394 5.98524 3.7153 3.60058 3.18571 2.37849 2.22513 4.5906 1.95314 1.97234 1.86791 3.25218 3.58604 3.48241 4.63103 4.12377
threshold=1.9065080941201404 0.96441192406480603 -0.1593460674971682 0.90994376042672809 1.6724426746176546 0.68286303115078406 1.2833129496499731 -0.17662062535059755 -1.309402340048617 -0.4593602482013544 0.3651363247259965 -0.38533136794031014 0.60361343170493675 0.5557588230369781 0.42743532865164818 -0.20744443791430311 -0.51401475300219512 -0.32907372651871886 -0.27567258358095698 -0.34598654557235609 -0.57764022232397849 -0.79169611427910169 -0.29984393897879891 -0.28741525763629017 -0.066524650902697199 -1.1310394089458404 -1.4423330023790664 -0.2641024582584533 1.0595678986002244 -0.33627498660096938
decision_type=2 2 2 2 2 2 2 2 2 2 2 2 2 2 2 2 2 2 2 2 2 2 2 2 2 2 2 2 2 2
left_child=1 3 -2 5 6 12 7 8 -5 -9 -11 -7 13 14 24 16 -16 19 -19 -17 21 -15 -14 -24 -1 26 -26 29 -29 -27
right_child=2 -3 -4 4 -6 11 -8 9 -10 10 -12 -13 22 20 15 17 -18 18 -20 -21 -22 -23 23 -25 25 27 -28 28 -30 -31
leaf_value=0.0032941446682538387 -0.049368146829615843 0.051546232450329903 -0.0015422811547948221 0.046553529019516392 0.056582640654383121 -0.00768590339098261 0.049175931734649563 -0.027959654285863035 -0.012454955853472048 0.05479160630316602 -0.070265947377399177 -0.054866807237476722 -0.019237326765611643 0.0044052259228445998 0.031707330948246251 0.03319368696176591 -0.032691614315980611 -0.0064578743551250905 0.068166553823245241 -0.044440287824135352 0.0118967437460724 -0.075715603213642346 0.063477406076127715 -0.0012783880811393696 -0.03699210543163084 -0.0034822933900751775 0.016132011730052114 0.024697793742841437 -0.03421719822507524 -0.021784426802198061
leaf_weight=143.01912227552384 2.0511325714178383 1.5956100946059439 2.6851431722752741 2.4359599871095261 4.0105151755269608 6.171972431242466 3.2289555033203206 1.4899868140928445 32.299126385478303 5.3318932640831909 0.42294997791759659 4.6251183343119902 1.7063509286381302 3.3869197051972151 3.2472305363044143 2.1600230303592984 7.2177264527417737 1.7537059253081668 7.7517584832385173 1.8160930508747686 3.2666032905690354 3.7865428272634745 3.5823295349255204 1.7504708380438376 3.5779113285243538 82.089946494437754 28.326493924017996 15.622374575585129 4.2410408006981006 49.237543088849634
leaf_count=1455 30 476 36 31 112 41 79 45 366 255 10 40 21 28 36 29 49 30 77 15 32 16 45 18 43 578 658 105 26 281
internal_value=1.31733e-05 0.000258924 -0.0222542 6.7523e-05 0.00645265 -0.000763143 0.00200557 -0.00162261 -0.00831671 0.030472 0.0456005 -0.0278966 3.39482e-05 -0.000498906 0.000151579 0.0156632 -0.0127089 0.0376867 0.0543988 -0.00226567 -0.02231 -0.0378869 0.0273234 0.0422216 -0.000987435 -0.00433186 0.0101744 -0.00739298 0.0121188 -0.0103442
internal_weight=433.889 429.152 4.73628 427.557 49.2194 378.337 45.2089 41.9799 34.7351 7.24483 5.75484 10.7971 367.54 360.501 350.061 23.9465 10.465 13.4816 9.50546 3.97612 10.4401 7.17346 7.03915 5.3328 326.114 183.095 31.9044 151.191 19.8634 131.327
internal_count=5063 4997 66 4521 898 3623 786 707 397 310 265 81 3542 3458 3382 236 85 151 107 44 76 44 84 63 3146 1691 701 990 131 859
is_linear=0
shrinkage=0.05


Tree=116
num_leaves=31
num_cat=0
split_feature=4 4 4 0 2 0 7 7 7 0 7 7 3 0 3 2 5 1 6 6 0 0 3 0 6 4 3 7 0 2
split_gain=0.978819 10.2173 9.26892 1.96506 1.6722 2.82731 2.01235 1.68542 1.58452 1.46292 2.63659 1.57222 3.03108 2.57657 2.2769 6.83372 4.74638 3.16456 2.4985 5.67072 4.79662 3.19073 5.02888 3.61737 3.47692 3.1547 2.41259 2.30721 3.48611 3.70296
threshold=-0.24578499939545764 -0.15374285239996058 -0.33782723843310175 2.0589751712411388 -0.15496332206069161 -0.56769956538561817 -0.57219041357757583 -0.47979091251307998 -0.4279926674484732 -1.1760400074157753 2.2888187951820012 0.92174756798189539 0.051151932513464518 1.4747669837982287 -0.36414668879330431 -0.33100955617893285 -0.29792424116667887 -1.0326204763560825 -0.34823734383501909 -0.34422657263485096 1.4221570246247248 1.7383792152987647 0.59706004994134887 1.5010059888074545 -0.3239888556531984 0.39851002957302184 0.31008490777959319 -0.60092935217701793 0.86736868516273036 -0.20724015157269512
decision_type=2 2 2 2 2 2 2 2 2 2 2 2 2 2 2 2 2 2 2 2 2 2 2 2 2 2 2 2 2 2
left_child=2 -2 3 4 6 8 -1 -8 -6 10 -3 14 -13 -14 15 16 -11 -18 20 -20 -16 23 26 27 -25 -26 -23 28 29 -21
right_child=1 9 -4 -5 5 -7 7 -9 -10 11 -12 12 13 -15 18 -17 17 -19 19 21 -22 22 -24 24 25 -27 -28 -29 -30 -31
leaf_value=-0.024991594369462418 -0.057229549335683673 -0.051592266413833958 0.057391317626377295 0.04435958272491293 0.035393168671733914 0.053675666145345413 0.044355460502015658 -0.000635232311399672 -0.050994889175331196 -0.0059835061505724837 0.028160971001112728 -0.031301924316070665 -0.010816101882996944 0.03816199557901194 -0.029805259155612121 0.070118290950867967 -0.015499872543615761 0.03148491284607053 0.061572716073823003 -0.052420357420601908 0.031726510042848065 -0.0081401181667108448 0.037842614319053558 -0.018550539674754736 0.012577080055607065 0.074898132703550349 -0.051758489588745599 0.0018971217678975698 0.050969227795344456 -0.00078820971543997484
leaf_weight=8.5164528638124448 8.0569898090325278 3.3906024699099353 7.5126226721331468 2.5019463354255995 0.85946814226917956 3.5578565804753444 2.1166037283837786 125.97223696066067 1.3880486162379382 36.761607033200562 1.4924553185701368 10.85908360918984 8.3456402439624053 3.9590155547484747 16.31920705456287 4.3535777776269233 4.4041039557196227 19.23968242527917 3.7462199795991173 6.9851563367992631 3.9299256093800059 5.2084053382277515 2.9127598861232391 2.8201663196086875 3.80340249231085 4.356578778475523 8.1009995266795141 112.46157283172943 1.6099967365153123 6.905508736614137
leaf_count=103 128 157 278 30 41 238 18 1383 16 510 11 59 57 39 76 63 38 187 25 37 23 25 53 16 30 36 34 841 25 486
internal_value=1.52371e-05 -0.0017398 0.00323944 0.000432075 -0.000339667 0.0259426 -0.00145659 0.000108216 -0.0179594 -9.59138e-05 -0.0272165 0.000399931 -0.0120487 0.00494257 0.00158212 0.00961718 0.00525671 0.0227331 -0.00132223 0.000785502 -0.0178633 -0.000682116 -0.0216658 0.00176783 0.0293092 0.04585 -0.0346892 -0.00059544 -0.0186797 -0.0267523
internal_weight=432.448 280.023 152.425 144.913 142.411 5.80537 136.605 128.089 2.24752 271.966 4.88306 267.083 23.1637 12.3047 243.919 64.759 60.4054 23.6438 179.16 158.911 20.2491 155.165 16.2222 138.942 10.9801 8.15998 13.3094 127.962 15.5007 13.8907
internal_count=5063 2956 2107 1829 1799 295 1504 1401 57 2828 168 2660 155 96 2505 798 735 225 1707 1608 99 1583 112 1471 82 66 59 1389 548 523
is_linear=0
shrinkage=0.05


Tree=117
num_leaves=31
num_cat=0
split_feature=7 4 4 4 0 7 5 5 2 6 6 3 6 7 6 7 5 5 5 4 5 1 6 2 0 3 3 0 3 2
split_gain=0.976233 1.17065 9.66245 8.58847 2.20678 2.19423 2.25977 3.52014 2.31743 2.7738 3.2569 3.00213 1.85027 2.02852 1.90203 2.20065 3.46556 2.80245 2.36852 4.31925 3.82617 2.26955 2.05692 5.22847 1.73138 1.72176 3.88083 2.77816 2.68774 2.65098
threshold=3.3044668409538089 -0.24578499939545764 -0.15374285239996058 -0.33782723843310175 -1.1760400074157753 1.3356304753668569 0.93742207714292702 0.11546757301991879 -0.38904933890305127 -0.31283735861622719 -0.37718243638449012 -1.2294918527492065 -0.15205499317171395 -0.87673228861751207 -0.18586707669922423 0.13554043291449702 0.31836646555840548 -0.32142873521376752 0.077539468599918629 -0.89008012040608409 0.90004681355772054 -0.93833983871746207 -0.38816478206688265 -0.46139035719728066 -0.39094442253818518 -0.24923470330144984 0.13192560931808389 1.5548047173714343 -0.37359570018812333 -0.23142983651022844
decision_type=2 2 2 2 2 2 2 2 2 2 2 2 2 2 2 2 2 2 2 2 2 2 2 2 2 2 2 2 2 2
left_child=1 3 -3 5 -4 12 7 -7 9 10 11 -8 13 -1 15 16 25 -17 19 -19 -20 -22 23 -23 -14 28 -27 29 -15 -28
right_child=-2 2 4 -5 -6 6 8 -9 -10 -11 -12 -13 24 14 -16 17 -18 18 20 -21 21 22 -24 -25 -26 26 27 -29 -30 -31
leaf_value=-0.041996833875760746 -0.031275520222207295 -0.056956420749970205 -0.03837345395890103 0.05711194159840241 0.00038246875309317556 0.0059787524092828198 0.054495143424350634 0.069750133375682949 0.070488710008116837 -0.06009535702665425 0.058280697210644355 -0.027919178101487436 -0.01767630628651878 0.0058270630638553901 -0.041146487721891653 -0.027068410410637594 0.050468441548534575 -0.011391852538874933 -0.021936614161712206 0.047505912201879996 -0.044321279537257847 0.051068516564399528 0.040252716889855211 -0.035959747047652459 0.04220681556591626 -0.032428983257560974 -0.014403035403367542 0.055814314110488053 0.055341496748902978 0.029816447622661248
leaf_weight=3.221105409320443 2.4782808907330027 7.6998712560161939 3.7244021720252922 7.1803034322801969 266.18979128811043 4.6707367612980324 1.3927457104437033 4.0319636901840568 1.1222887244075526 1.886911729350685 2.2762187141925105 5.3485252205282441 1.6715176247525958 14.858639063313605 2.9840375790372482 13.56755125755444 4.2274167314171782 6.3622773950919509 20.429370770230889 6.0946447746828181 1.6165124177932657 2.960874185431738 5.9214883763343247 4.1373843234032401 4.3438564526149994 8.6840908909216541 10.299356491304936 2.6246727611869565 3.3605759274214497 5.0518559212796381
leaf_count=76 17 128 161 278 2660 34 68 40 53 8 51 64 65 106 25 100 27 43 128 46 19 270 152 74 151 39 51 18 21 90
internal_value=1.53494e-05 0.00019656 -0.00172782 0.00375037 -0.000152304 0.00107373 0.0161172 0.0355241 0.00207415 -0.00496713 0.00656846 -0.0108924 -0.00147364 -0.00287103 -0.00175752 -0.000690895 0.00719001 -0.00702588 -0.00130379 0.0174243 -0.00795688 0.0115561 0.0184938 0.000342078 0.0255668 0.00311338 -0.00498258 0.00827668 0.0149601 0.000148939
internal_weight=430.419 427.941 277.614 150.327 269.914 143.147 20.7294 8.7027 12.0267 10.9044 9.01749 6.74127 122.417 116.402 113.181 110.197 49.1066 61.0901 47.5226 12.4569 35.0656 14.6363 13.0197 7.09826 6.01537 44.8792 26.66 17.9759 18.2192 15.3512
internal_count=5063 5046 2949 2097 2821 1819 318 74 244 191 183 132 1501 1285 1209 1184 352 832 732 89 643 515 496 344 216 325 198 159 127 141
is_linear=0
shrinkage=0.05


Tree=118
num_leaves=31
num_cat=0
split_feature=1 3 2 3 3 0 5 6 2 1 0 0 1 1 3 1 3 3 3 3 7 2 6 0 6 7 1 1 3 7
split_gain=0.911086 0.898938 1.50518 0.989473 0.824111 4.32085 3.66043 3.26945 2.37872 4.23677 3.68118 2.58551 2.84086 2.18029 2.00818 2.35638 3.53898 1.9059 1.82467 2.42367 5.48375 3.57178 3.40561 2.85967 2.11758 2.02942 1.96786 4.17383 1.82319 1.7782
threshold=-2.0163870292292185 1.9065080941201404 0.7864295468921777 2.0035889246897827 0.97837290288751211 1.38624222016614 -0.19161203774475136 -0.32628282707309852 -0.23317771871060625 -0.19990965918933243 -0.42513718670068118 0.060977280610365857 -1.0222867537475155 -0.098148957407693957 0.68286303115078406 -0.026293711217025444 0.85157337917873976 0.60361343170493675 0.5557588230369781 0.42743532865164818 -0.20744443791430311 -0.24405104999721308 -0.32907372651871886 -0.27567258358095698 -0.34598654557235609 -0.51401475300219512 -0.57764022232397849 -0.79169611427910169 1.2610805888198831 -0.29984393897879891
decision_type=2 2 2 2 2 2 2 2 2 2 2 2 2 2 2 2 2 2 2 2 2 2 2 2 2 2 2 2 2 2
left_child=-1 2 4 -3 14 6 -6 13 9 11 -10 28 -13 -8 17 16 -16 18 19 -2 21 -21 24 -24 -22 -23 27 -20 -9 -19
right_child=1 3 -4 -5 5 -7 7 8 10 -11 -12 12 -14 -15 15 -17 -18 29 26 20 22 25 23 -25 -26 -27 -28 -29 -30 -31
leaf_value=0.037190431855440888 -0.0010997334349231859 -0.04238958202923742 0.050313510760985419 0.0040118097819572401 0.04804728153706992 0.03969347223425343 0.058980986427786868 -0.045423858141934392 -0.055424604994659336 0.035652016071091079 0.016432376269870482 -0.001868779193423647 -0.058971047859613296 -0.016300620453697508 -0.037442514301160426 -0.056515438765819173 0.018034042916309678 -0.018562032635455392 0.0043183542102792931 -0.042406188769211643 0.031933635305643575 0.046390982595981123 -0.0044566527421820877 0.06682782715405898 -0.042049687008549684 -0.015312010642218904 0.010972847655267889 -0.072649934771826893 0.058836879617681095 0.040657923999313832
leaf_weight=1.6418236568570126 321.16930622817017 2.6098205000162116 1.4879436870105553 2.0524169504642487 3.4476426604669532 7.982522798003628 2.9225040469318628 0.6703027291223379 2.1545966970734307 2.4254762637428948 10.315805773250762 2.9006047826260284 8.7447184808552283 1.4335623588412953 5.4711775863543135 3.2467747298069289 6.0576236210763454 1.6816287650726733 3.3527897242456675 4.9443272994831204 2.0915788947604601 2.7581610693596303 1.730983646120875 7.5147149735130361 1.7991568194702257 2.5783050199970621 3.2346097566187364 3.7108568586409092 1.1197768612764774 5.1486050840467206
leaf_count=22 3090 27 539 39 210 182 81 11 46 61 111 21 50 23 33 32 51 22 28 28 29 33 30 77 15 23 29 16 41 63
internal_value=1.52809e-05 -0.000127739 0.000113437 -0.0219627 -6.41503e-05 0.00640125 -0.000953277 -0.00612153 -0.0123221 -0.0251686 0.00401715 -0.0361485 -0.0447481 0.0342061 -0.000821772 -0.0188896 -0.00829325 -8.37274e-05 -0.00058724 3.25593e-05 0.0155621 -0.0117885 0.0369671 0.0534819 -0.00227779 0.0165793 -0.0213261 -0.0361166 0.019796 0.0260778
internal_weight=428.4 426.758 422.096 4.66224 420.608 44.1175 36.135 32.6873 28.3313 15.8609 12.4704 13.4354 11.6453 4.35607 376.491 14.7756 11.5288 361.715 354.885 344.587 23.4172 10.2808 13.1364 9.2457 3.89074 5.33647 10.2983 7.06365 1.79008 6.83023
internal_count=5063 5041 4975 66 4436 837 655 445 341 184 157 123 71 104 3599 116 84 3483 3398 3325 235 84 151 107 44 56 73 44 52 85
is_linear=0
shrinkage=0.05


Tree=119
num_leaves=31
num_cat=0
split_feature=7 2 2 7 5 3 5 1 1 2 4 3 7 5 0 7 2 1 4 0 1 2 1 3 5 5 1 7 3 0
split_gain=0.931586 1.04438 2.82352 5.75277 4.97461 4.10048 2.95036 9.5514 4.19057 2.81226 3.20116 3.05778 3.19466 2.86169 3.13404 3.58972 3.40869 2.53764 2.74653 2.76564 5.45019 5.1941 4.04078 3.44269 5.18425 2.59386 2.7251 2.50437 2.56588 2.60622
threshold=3.3044668409538089 -0.39567619450301389 -0.43145538629536023 -1.2447886784390492 -1.1905288610973466 -1.0970535034223874 -0.45594843354860759 -0.68181993197758373 -1.290409896950377 -0.37783602592331683 0.30646788257752478 0.098244510122195552 0.33388941456383564 -0.77662554651860782 -0.49966033280446581 0.66067922004975421 -0.3739386548856477 -1.7995094254806314 -1.2582487083880722 -0.22282392668704715 -0.7820017647453148 -0.46139035719728066 0.35128180797695679 -1.1531378676942741 1.1709899726458219 0.80122844122339487 1.9668001027168092 -0.20025564638434662 -0.58162598827033074 -1.2587128543365562
decision_type=2 2 2 2 2 2 2 2 2 2 2 2 2 2 2 2 2 2 2 2 2 2 2 2 2 2 2 2 2 2
left_child=1 2 3 -1 -4 17 7 -6 -8 10 11 12 -3 -11 15 -15 -16 -5 -19 21 -21 25 -22 -23 -25 26 -20 -10 -29 -30
right_child=-2 9 4 5 6 -7 8 -9 27 13 -12 -13 -14 14 16 -17 -18 18 19 20 22 23 -24 24 -26 -27 -28 28 29 -31
leaf_value=-0.039245923065148194 -0.03076721479511817 0.01456164162613449 0.080319516405032348 0.080996656494526198 0.065435354583437619 -0.029392779108900615 -0.044684698865432068 -0.065328975476060716 0.072146050214063409 0.023853442713561976 -0.035691179712215866 0.042800083603237553 -0.035530819285022303 -0.036636666678604102 0.040713615101718607 0.02119661264292971 -0.0003806154674525071 -0.02198434534286571 -0.0062513071452626788 -0.0085538364130979989 0.05675870993585707 -0.053375198729570805 -0.022568272406795771 0.059794614614303035 -0.051640298276340195 0.048541865232141705 0.058194024963011737 -0.0095805901507203597 -0.019304029749870485 0.035138698532244765
leaf_weight=8.8369702743366343 2.4436941705644122 5.907357095275076 2.7351752696558824 1.1894090957939614 2.11466284096241 8.0832163728773576 2.5193457175046197 4.1117052799090734 2.3428723821416524 12.248083296231924 12.159090055152772 3.11594652570784 6.9012680221349001 11.461214635521172 5.1484635043889275 3.5032954243943086 254.10676074307412 7.023592351935803 9.3763234075158817 7.4739280077628818 10.966146703809505 5.6456069955602288 1.8806326710619021 2.1813759729266149 2.0012554237619042 4.9004746812861404 1.9881860353052605 6.2616184013895753 2.5562757728621461 15.693937455769619
leaf_count=299 17 41 24 18 15 72 12 34 18 766 83 53 32 221 34 138 1976 96 133 66 162 78 24 16 50 337 16 37 38 157
internal_value=1.58214e-05 0.000193056 0.00438944 -0.00147742 0.015339 0.00384483 0.0103465 -0.0209175 0.0169735 -0.00127287 -0.0163724 -0.00162165 -0.0124281 0.000207394 -0.000848761 -0.0230975 0.000435461 0.00876304 0.00715527 0.0115648 0.0253953 0.000794006 0.0451461 -0.0279039 0.00647657 0.0181349 0.00502321 0.0227579 0.0180373 0.027513
internal_weight=426.878 424.434 109.883 71.5471 38.3356 62.7101 35.6004 6.22637 29.374 314.551 28.0837 15.9246 12.8086 286.468 274.22 14.9645 259.255 54.6269 53.4375 46.4139 20.3207 26.0932 12.8468 9.82824 4.18263 16.265 11.3645 26.8547 24.5118 18.2502
internal_count=5063 5046 1702 1367 335 1068 311 49 262 3344 209 126 73 3135 2369 359 2010 996 978 882 252 630 186 144 66 486 149 250 232 195
is_linear=0
shrinkage=0.05


Tree=120
num_leaves=31
num_cat=0
split_feature=0 0 0 3 3 6 3 2 1 2 5 3 3 7 2 2 5 0 7 6 2 5 6 6 0 5 7 2 6 7
split_gain=0.84901 2.43689 1.23534 4.51361 3.40753 2.21791 1.44457 1.5586 3.75088 2.72331 2.46054 2.56741 2.90666 2.71002 3.30917 2.63479 4.26153 2.46254 2.41983 4.63324 2.33492 1.99221 2.46369 2.23287 2.24112 1.94391 1.89336 1.76532 2.76215 1.62901
threshold=2.0589751712411388 2.3768788169919026 1.8518637944562262 0.47087024556992019 0.31008490777959319 -0.24188174586665309 1.7669070551809316 -0.24932488679882023 -1.438978628198343 -0.24785693536914943 0.21982556466967981 0.97837290288751211 0.52390654656616109 0.25039882218996296 -0.23317771871060625 -0.24068405909462601 -0.51069789401536447 -0.60179964423319177 -0.1355078400535881 -0.29279242191010552 -0.22359998143760404 -0.73692120443548736 -0.22596989657021074 -0.38243446807077924 -0.99729033699712 -0.41528625442979278 -0.030710513415984523 -0.066084309080361073 -0.25216420121518029 0.031538254775692075
decision_type=2 2 2 2 2 2 2 2 2 2 2 2 2 2 2 2 2 2 2 2 2 2 2 2 2 2 2 2 2 2
left_child=2 -2 6 4 -4 -5 7 -1 -9 -10 11 12 15 14 -13 -11 21 -16 19 -14 -18 23 -23 -17 -25 -22 -19 28 -21 -20
right_child=1 -3 3 5 -6 -7 -8 8 9 10 -12 13 18 -15 17 16 20 26 29 27 25 22 -24 24 -26 -27 -28 -29 -30 -31
leaf_value=-0.00078962799028524031 0.035185490821961471 -0.024193547706752486 -0.0092541833006472233 0.057612946756204146 -0.065934018148523954 -0.013373209239405982 -0.021125308763475251 0.063055098596883463 0.072219099855348551 -0.029842721137522996 -0.043210268588648564 -0.050035443229583088 0.079227895768306064 0.062707304919538825 -0.055258481915350093 -0.067186425007741635 0.078643518071730575 0.037627443073154763 -0.074388487787239749 -0.038047967553922396 0.052608485397929339 0.0066747233671762725 -0.040534020081498118 -0.014212087243562654 0.055572251729593292 -0.015496019909290573 -0.018052741682381482 -0.056771089567904102 0.030443969286631029 -0.022140432515852092
leaf_weight=324.08439564052969 5.4056540532037607 2.5396387411747128 6.8887329678982478 2.644835533341392 4.3112134374678135 1.884322876576334 7.7550091505981973 2.9076504146214566 1.47494776546955 3.8702228567562953 2.7008010488934806 1.8462339458055801 1.4807408358901728 3.2994118256028733 0.95365539565682489 0.59743690490722823 3.1875340482220054 9.2793675742577744 2.400643501430749 2.8868030542507768 2.3303172281011939 7.5563329588621855 4.3572538420557958 1.6443904784973722 3.8306074975989755 1.90372222661973 1.8274381686933328 2.0731163714081049 3.0035186712630084 3.940817782888189
leaf_count=3257 56 18 39 43 17 34 143 53 13 24 27 10 14 91 30 2 25 335 13 21 29 66 27 47 401 14 30 101 41 42
internal_value=1.45945e-05 0.0162055 -0.000293957 -0.0140394 -0.031072 0.0280797 0.000244947 0.000666174 0.0074691 0.00503665 0.00351148 0.00553793 -0.00073555 0.0219684 0.012303 0.00858876 0.0144429 0.0218459 -0.0180295 -0.001988 0.0463208 0.00128906 -0.0105913 0.0245973 0.0346128 0.0219871 0.0284662 -0.0170895 -0.00312342 -0.0419196
internal_weight=424.867 7.94529 416.921 15.7291 11.1999 4.52916 401.192 393.437 69.353 66.4453 64.9704 62.2696 45.0635 17.2061 13.9067 29.2778 25.4076 12.0605 15.7856 9.44418 7.42157 17.986 11.9136 6.07243 5.475 4.23404 11.1068 7.96344 5.89032 6.34146
internal_count=5063 74 4989 133 56 77 4856 4713 1456 1403 1390 1363 867 496 405 635 611 395 232 177 68 543 93 450 448 43 365 163 62 55
is_linear=0
shrinkage=0.05


Tree=121
num_leaves=31
num_cat=0
split_feature=7 4 4 4 0 7 3 6 7 3 1 3 3 5 7 2 7 6 3 3 2 6 2 3 1 7 0 0 6 3
split_gain=0.845553 1.02081 9.09954 8.04374 2.03104 1.99908 2.06974 2.75319 1.63669 1.6229 4.13619 3.97795 3.30519 3.20606 3.8043 3.39373 3.13395 3.81294 3.04345 2.9497 4.90508 2.92436 3.4576 2.64381 2.34734 2.22108 2.72954 4.93326 4.56252 3.97563
threshold=3.3044668409538089 -0.24578499939545764 -0.15374285239996058 -0.33782723843310175 -1.1760400074157753 1.3356304753668569 0.39314461680063068 -0.31283735861622719 2.2888187951820012 0.10677908729400419 -1.0473081786632019 0.16347304898070375 -0.033736660193909564 1.067746771576741 -0.11066350634622192 -0.2920473581695896 -0.037071701406374773 -0.32289317831693826 -0.09789653282765988 0.28021387243794593 -0.2949122127224057 -0.31818591050084699 -0.22613872285141698 -0.1369135563535778 -0.24101125099076684 1.1616227742929912 -0.096579260176932483 -0.35078704689246964 -0.38243446807077924 -1.1679209745811572
decision_type=2 2 2 2 2 2 2 2 2 2 2 2 2 2 2 2 2 2 2 2 2 2 2 2 2 2 2 2 2 2
left_child=1 3 -3 5 8 9 7 -7 -4 12 -11 -12 18 14 15 -13 -16 24 23 -19 -21 -17 -23 25 -18 26 27 29 -29 -1
right_child=-2 2 4 -5 -6 6 -8 -9 -10 10 11 13 -14 -15 16 21 17 19 -20 20 -22 22 -24 -25 -26 -27 -28 28 -30 -31
leaf_value=0.022141107978943593 -0.029428399298534968 -0.056647209559591509 -0.051260441218467262 0.056682702076877173 0.00039494420958350354 0.018186586647376161 0.060135969155658137 -0.03627703964018042 0.0483979521693675 0.041843499727569011 0.043925316998836575 0.073230317483668053 -0.033336618712117287 0.053309098558825554 -0.061789321201001224 0.072165889463286573 -0.056469356430930664 -0.051445528343359054 0.050408807531473657 0.075483663092329512 -0.0028548165222397493 -0.039818329983780459 0.021798075881219132 -0.06024550411124472 -0.0069168880665641756 -0.036063971518518298 -0.012790291001544522 0.0027352114630147472 0.07433073251932 -0.024830005550192536
leaf_weight=8.1762022040784341 2.4243645295500746 7.3116679755039504 3.0505557483993466 6.7933162611443541 263.49066788237542 15.051843802910302 2.3059593907091758 2.7433112114667901 0.47630902379751194 6.6850687563419333 4.5915951958158976 2.0468494743108705 9.8785910358419624 2.222415287513285 3.6960639934986856 1.327887021005149 5.7337852483615279 1.9565387368202216 2.640257691149599 2.5894231721758851 8.7513746623881126 4.3065664377063451 4.8306319732219061 2.0511095412075582 4.0980860604904628 4.4787732441909602 21.003297814168036 4.1023364937864244 4.8631123957457003 10.032601481419986
leaf_count=302 17 128 157 278 2660 211 96 11 4 78 31 14 63 116 18 10 25 7 20 23 105 22 176 14 28 118 135 52 32 112
internal_value=1.55138e-05 0.000184954 -0.00161646 0.00354771 -0.000109567 0.000972413 0.015566 0.00979044 -0.0378014 -0.00147087 0.00508629 -0.000238044 -0.00662445 -0.00511731 -0.00841819 0.0143493 -0.0190375 -0.0122057 -0.00202307 0.00525071 0.0150321 0.00283288 -0.00724312 -0.00455351 -0.0358151 -0.00238415 0.000746858 0.0112099 0.0415706 -0.00373882
internal_weight=423.711 421.286 274.329 146.957 267.018 140.164 20.1011 17.7952 3.52686 120.063 52.8363 46.1512 67.2263 41.5596 39.3372 12.5119 26.8253 23.1292 57.3477 13.2973 11.3408 10.4651 9.1372 54.7074 9.83187 52.6563 48.1776 27.1743 8.96545 18.2088
internal_count=5063 5046 2949 2097 2821 1819 318 222 161 1501 653 575 848 544 428 222 206 188 785 135 128 208 198 765 53 751 633 498 84 414
is_linear=0
shrinkage=0.05


Tree=122
num_leaves=31
num_cat=0
split_feature=4 4 4 4 4 4 4 4 6 7 2 1 6 6 3 7 5 5 2 0 7 6 3 0 4 5 7 4 4 4
split_gain=0.834073 1.22566 3.34909 8.73963 4.58337 2.32099 10.4242 5.90146 2.29652 2.84396 4.90469 2.21104 1.7969 4.0207 4.17553 3.66969 2.96497 2.71111 1.99511 1.95445 1.79552 2.28622 4.37961 1.7943 1.44909 1.42874 1.46109 1.37269 15.1964 14.5054
threshold=2.1473108224874662 1.5030157014768397 1.2268893525324958 1.1348471134948515 1.3189314995279926 0.85872076455050717 0.76667852551286308 0.95076291154600423 -0.35369013894309176 -0.33823825220651188 -0.32143602321805637 1.6995613547709489 -0.3008378233139663 -0.34690230536733691 0.010155481456025706 -0.41679567838375547 -0.25517261798024088 -0.32142873521376752 -0.22359998143760404 -0.88147088073115476 -0.26818404671030022 -0.27719307331990628 -0.075495066108994466 1.0081229451328322 1.7791422345054781 -0.53367547259000081 -1.3426406263524513 0.30646788257752478 0.39851002957302184 0.21442564353988061
decision_type=2 2 2 2 2 2 2 2 2 2 2 2 2 2 2 2 2 2 2 2 2 2 2 2 2 2 2 2 2 2
left_child=1 2 3 5 -4 6 11 -7 -6 10 -10 27 13 14 15 19 17 18 -14 -9 24 22 -22 -11 25 26 -3 29 -29 -1
right_child=-2 20 4 -5 8 7 -8 12 9 23 -12 -13 16 -15 -16 -17 -18 -19 -20 -21 21 -23 -24 -25 -26 -27 -28 28 -30 -31
leaf_value=-0.0006481778927691751 -0.034652822445366584 -0.025979253824803785 -0.060635838106633637 0.063304057548333889 0.029668231103620869 -0.055660009361818565 0.060751254221619838 0.02519194652091987 -0.036214767980708822 -0.061456650267441008 0.070056012161601677 -0.042055487128885606 -0.075317239686768053 0.05678164131059929 -0.064916492156974079 0.06562674400556627 -0.035881782654197551 0.078719385348358192 0.029274359944437296 -0.052586769422544102 0.054879493199307655 0.067768994706327579 -0.018420982889029526 -0.0095947314406490177 -0.036283255304637461 -0.013970862624229889 0.055388998861352984 -0.062299086713706486 0.0022191389704772522 0.060607739002166143
leaf_weight=240.66928924259264 1.7278543990105379 0.74445325473789159 5.2328777583315977 5.477498198975808 3.4347528852522382 6.5635210606269565 7.1015925460960707 1.4601439419202535 2.2822226351127028 3.6176506746560317 2.0709718457655981 3.1642992589622727 0.79882743209600438 3.4978535412810752 2.2645758558064699 2.206533906981349 6.6648309431038761 1.2890453068539498 1.0622373912483456 1.8075358048081396 3.5962434760294846 2.5141562768258146 4.7024075663648537 3.0942663569003344 2.5413082606391981 3.2771430900320428 2.130859540659003 10.364051324315367 76.447939202655107 10.068656906718386
leaf_count=2851 34 44 77 154 41 105 213 9 11 27 52 149 3 32 9 22 35 12 45 34 33 27 34 20 50 34 36 76 613 181
internal_value=1.50674e-05 0.000157639 -0.000438252 0.000602241 -0.0205233 -0.000312572 0.000795174 -0.0142648 -0.00604698 -0.0171334 0.0143421 -0.000454505 -0.00135846 0.0122941 -0.00781379 0.0158085 -0.0169886 0.0229845 -0.0156196 -0.0178318 0.0123965 0.0259987 0.013344 -0.0375477 -0.00452113 0.00859841 0.0343218 -6.45247e-05 -0.00548337 0.00181162
internal_weight=421.876 420.148 400.641 380.908 19.7327 375.431 347.816 27.6151 14.4999 11.0651 4.35319 340.714 21.0516 11.2366 7.73879 5.47421 9.81494 3.15011 1.86106 3.26768 19.5066 10.8128 8.29865 6.71192 8.69376 6.15246 2.87531 337.55 86.812 250.738
internal_count=5063 5029 4771 4543 228 4389 4083 306 151 110 63 3870 201 106 74 65 95 60 48 43 258 94 67 47 164 114 80 3721 689 3032
is_linear=0
shrinkage=0.05


Tree=123
num_leaves=31
num_cat=0
split_feature=4 4 4 4 4 4 4 4 6 7 2 1 0 6 6 3 7 5 5 2 0 7 6 3 0 5 5 3 1 1
split_gain=0.764492 1.11783 3.08182 8.2588 4.3953 2.1402 9.89468 5.63759 2.08601 2.59787 4.46008 2.05917 1.75486 1.64083 3.64684 3.8356 3.38533 2.69743 2.51745 1.8492 1.79681 1.63876 2.16486 3.98665 1.37924 2.54839 5.34584 3.85911 4.55769 4.49509
threshold=2.1473108224874662 1.5030157014768397 1.2268893525324958 1.1348471134948515 1.3189314995279926 0.85872076455050717 0.76667852551286308 0.95076291154600423 -0.35369013894309176 -0.33823825220651188 -0.32143602321805637 1.6995613547709489 1.0727721792862168 -0.3008378233139663 -0.34690230536733691 0.010155481456025706 -0.41679567838375547 -0.25517261798024088 -0.32142873521376752 -0.22359998143760404 -0.88147088073115476 -0.26818404671030022 -0.27719307331990628 -0.075495066108994466 -0.011552942454124868 -0.30451138525780075 -0.28403385243543783 0.28021387243794593 0.84888361198872497 -0.48726836259587936
decision_type=2 2 2 2 2 2 2 2 2 2 2 2 2 2 2 2 2 2 2 2 2 2 2 2 2 2 2 2 2 2
left_child=1 2 3 5 -4 6 11 -7 -6 10 -10 24 -11 14 15 16 20 18 19 -15 -9 -3 23 -23 25 -1 -27 29 -29 -28
right_child=-2 21 4 -5 8 7 -8 13 9 12 -12 -13 -14 17 -16 -17 -18 -19 -20 -21 -22 22 -24 -25 -26 26 27 28 -30 -31
leaf_value=-0.0037263715016440224 -0.033422003789669703 -0.0043339222532201719 -0.060156669448477022 0.06288850718321902 0.028228380438750228 -0.05537979124563585 0.06061107609111617 0.024108402823258341 -0.034820186011661342 -0.056958574850090253 0.066961396561311018 -0.041182888249118713 -0.0044118551049572236 -0.073597418043139004 0.054243327663637077 -0.062744424120323203 0.063700266142404635 -0.034291072440426687 0.076832458471322376 0.028146888744797722 -0.050930180522836613 0.052608070512578542 0.066310125717907772 -0.017509659616238654 -0.0027517540012539764 0.057489005484758063 -0.01876566853699918 0.040862975183816042 -0.065658812743166678 0.010597438138611009
leaf_weight=62.763509233715013 1.702568448614328 8.6189337790710869 5.016313528176398 5.2439134273445225 3.4295902848243722 6.2742070853710201 6.7704655568813896 1.4497512686066358 2.2556356191635132 4.0012639728374761 2.0586666791932657 3.0721429334953418 2.6353856353089213 0.77716913819313038 3.4789469479583213 2.2267883829772472 2.1607785015366971 6.6262992722913587 1.2555186487734316 1.0498703327029946 1.7738898657262323 3.564756892155855 2.4428174276836208 4.6998613220639518 197.28991205443162 5.4710241993889204 19.524326123297207 11.373013271251692 1.1014195168390859 39.208183940267197
leaf_count=975 34 164 77 154 41 105 213 9 11 29 52 149 18 3 32 9 22 35 12 45 34 33 27 34 1506 43 181 286 25 705
internal_value=1.4491e-05 0.000150808 -0.000419024 0.000576114 -0.0198577 -0.000298403 0.000759238 -0.0138376 -0.00580033 -0.0164574 0.0137472 -0.000433288 -0.0360925 -0.00130609 0.0118339 -0.00755067 0.0152753 -0.0163156 0.0223248 -0.0151322 -0.0171835 0.0118942 0.024957 0.012734 -6.15125e-05 0.0037448 0.0098602 0.00620075 0.0314577 0.000836322
internal_weight=419.317 417.614 398.288 378.891 19.3969 373.647 346.574 27.0732 14.3805 10.951 4.3143 339.804 6.63665 20.799 11.0902 7.61121 5.38442 9.70886 3.08256 1.82704 3.22364 19.3264 10.7074 8.26462 336.731 139.441 76.678 71.2069 12.4744 58.7325
internal_count=5063 5029 4771 4543 228 4389 4083 306 151 110 63 3870 47 201 106 74 65 95 60 48 43 258 94 67 3721 2215 1240 1197 311 886
is_linear=0
shrinkage=0.05


Tree=124
num_leaves=31
num_cat=0
split_feature=3 6 0 4 3 7 3 2 3 3 1 4 0 2 3 4 5 4 1 2 5 1 6 3 7 2 3 3 2 3
split_gain=0.77952 1.2731 1.32927 1.06855 1.61884 0.861305 2.26845 6.94261 6.18077 6.37643 3.74225 3.67383 3.15994 3.5855 3.36597 1.97389 2.38599 1.94061 1.78637 2.04283 3.24436 2.41656 2.11082 3.80145 2.51729 2.22789 4.43173 2.92182 2.40117 2.09165
threshold=1.9065080941201404 0.20202592781167614 1.4906834686067219 0.21442564353988061 2.0035889246897827 -0.57219041357757583 -0.36414668879330431 -0.43380396045593289 -1.2447321691274367 -1.2022116864321746 1.9668001027168092 -0.52191153242409583 0.86736868516273036 -0.21490634580112489 0.32684927103596262 -0.24578499939545764 -0.61999852096124008 0.58259423152186895 1.1992588846131529 -0.24932488679882023 0.27832929787765909 -1.438978628198343 -0.33875611237805747 0.27030765155177999 0.56032823399727028 -0.24230433343095112 0.32684927103596262 0.40564173719204472 -0.23317771871060625 -1.0970535034223874
decision_type=2 2 2 2 2 2 2 2 2 2 2 2 2 2 2 2 2 2 2 2 2 2 2 2 2 2 2 2 2 2
left_child=1 5 -3 4 -2 6 7 10 -9 -10 -1 -11 13 -8 -14 -15 -17 -16 19 29 21 -21 -23 -24 25 -25 -27 -28 -29 -7
right_child=3 2 -4 -5 -6 18 12 8 9 11 -12 -13 14 15 17 16 -18 -19 -20 20 -22 22 23 24 -26 26 27 28 -30 -31
leaf_value=-0.034472752399708977 -0.068377712463400936 0.041997850911456261 -0.04422437560052804 0.014883830054657727 0.0043977414824336097 0.009584274591696541 -0.051045647804638911 0.1162836258926455 -0.034584541633634364 -0.0092151341052212031 0.020351033153144339 0.058693034712538263 0.064054714312102967 0.046725836117536147 -0.046135498405703669 -0.041185975509249205 0.02359167132371261 0.031648704165456447 -0.026833582359334779 0.062408398494209316 -0.046447032466717671 -0.016508973827816412 0.053991543467421459 0.044812128122473163 0.053391715545002563 -0.081011460607014169 0.065045371094370613 -0.037297828268927864 0.0068836347013089775 -0.0020767546274675125
leaf_weight=12.027611013036227 1.7742062760516994 3.123709228704683 0.52165531693026412 1.4532281276769934 1.3422392006032167 45.407365305349231 8.7961993534117973 1.7050091661512841 4.3697610143572083 2.8409882476553303 4.1994896829128256 6.6620810036547482 2.1102789656724772 1.5241123889572952 2.0949062784202401 3.7950416337698729 2.2729173910338374 1.299100670032203 5.7244718107394865 2.3641998092643908 2.3997057341039172 6.2371374636422834 5.3605372877791515 3.1916367411613384 2.927665250375866 1.5662615038454628 1.9136053752154136 3.5367896147072342 23.566359905991703 251.167031560326
leaf_count=378 13 586 6 18 35 872 53 13 57 33 29 81 14 55 39 33 69 16 210 48 21 48 50 25 82 6 17 20 337 1799
internal_value=1.45352e-05 0.000241937 0.0296594 -0.0205231 -0.0370336 -2.02177e-05 -0.00592242 0.00260385 0.0264463 0.015405 -0.0202846 0.0383916 -0.0183092 -0.0293181 0.0144685 -0.00414447 -0.0169218 -0.0163626 0.000871641 0.00132525 0.0103606 0.0130513 0.0106353 0.0146603 0.00891581 0.00506053 0.000912064 0.00533412 0.00111823 -0.000291379
internal_weight=417.275 412.706 3.64536 4.56967 3.11645 409.06 53.6975 31.8049 15.5778 13.8728 16.2271 9.50307 21.8926 16.3883 5.50429 7.59207 6.06796 3.39401 355.363 349.638 53.0639 50.6642 48.3 42.0629 36.7023 33.7747 30.583 29.0168 27.1031 296.574
internal_count=5063 4997 592 66 48 4405 870 591 184 171 407 114 279 210 69 157 102 55 3535 3325 654 633 585 537 487 405 380 374 357 2671
is_linear=0
shrinkage=0.05


Tree=125
num_leaves=31
num_cat=0
split_feature=7 7 6 0 0 0 3 3 0 3 2 2 7 2 5 7 7 7 5 2 1 1 6 5 3 3 0 1 4 0
split_gain=0.771002 0.969554 1.01128 0.888275 2.18383 1.15025 3.98302 3.46822 2.14708 2.51623 2.96451 2.87238 4.22619 2.04487 2.00935 1.90903 1.77308 1.67803 1.63469 1.51614 3.58771 3.75382 2.53488 4.15261 3.54105 3.32846 2.96703 2.36861 2.29575 2.23568
threshold=3.3044668409538089 2.1351441771488475 -0.35281518812702739 2.3768788169919026 2.0589751712411388 1.7383792152987647 0.59706004994134887 -0.033736660193909564 1.5010059888074545 -0.30653830812391109 -0.26022231985497252 -0.32647174118149991 0.025371797029905569 -0.33678863030468104 0.46418471707581538 -0.11066350634622192 -0.030710513415984523 0.36486775097622121 0.25992859678448271 -0.23317771871060625 -0.7820017647453148 -0.7186822883201065 -0.2322333485558665 -0.77662554651860782 0.21292240435448043 0.95764588972932285 -0.39121841996101586 -0.77427946276305482 0.85872076455050717 -0.011552942454124868
decision_type=2 2 2 2 2 2 2 2 2 2 2 2 2 2 2 2 2 2 2 2 2 2 2 2 2 2 2 2 2 2
left_child=1 3 -3 4 5 8 7 14 19 16 11 12 -11 -8 -7 -12 -10 18 -9 27 -21 -22 24 -24 -23 -25 -27 -1 -26 -29
right_child=-2 2 -4 -5 -6 6 13 17 9 10 15 -13 -14 -15 -16 -17 -18 -19 -20 20 21 22 23 25 28 26 -28 29 -30 -31
leaf_value=-0.0091685313653511319 -0.028423183402723057 0.035920179647476701 -0.003516428062599219 -0.034662785250176804 0.033249806949423213 0.043628278927268081 -0.037518909808685719 -0.022377132421300211 0.0099616214695925492 0.066882512868821103 0.030709873775565916 0.064216520983053069 -0.0031963114197675149 0.056681796082152396 -0.013603985254041467 -0.035805627248185937 -0.063710428446854234 -0.0042085743367799864 -0.058212951175050202 0.028010745923558678 -0.050501361169324105 -0.018177639532566008 0.039009573363494629 -0.045418767448037516 0.044134265278374753 -0.052482339618451002 0.023743735259320498 0.0052552551772036262 -0.01001192994741238 -0.0050638815985056661
leaf_weight=83.167997418902814 2.3699353300034991 3.8154359855689108 2.8323348704725495 1.8539651001337905 4.8862756635062388 3.0489526707679095 0.71564811468124423 7.1761498190462607 1.6936201108619573 3.05944079346955 1.6533343363553283 4.86479401215911 7.2483559530228376 2.9544103040825567 3.085685882717371 3.1037585546728197 1.5773220993578458 5.025619111955165 5.7179192043840885 14.858817137544973 3.4783104336820534 4.804690297227352 3.5315467845648518 7.1483954610303098 9.3095157116185856 1.7287911544553933 4.8806261816062033 120.94566894008312 2.4788801388349375 92.732955875108019
leaf_count=590 17 33 18 15 53 27 6 38 39 25 21 47 44 86 17 32 7 29 24 207 36 46 642 50 166 50 154 1874 36 634
internal_value=1.41049e-05 0.000177138 0.0191179 -0.000132437 2.56803e-05 -0.000380184 -0.0102053 -0.0176079 0.000351536 0.0150805 0.0217513 0.0325492 0.0176037 0.038313 0.0148408 -0.0126881 -0.0255647 -0.0287164 -0.0382686 -0.00062742 0.0072292 -0.00103587 0.00404217 -0.00935569 0.0180022 -0.0217708 0.00380567 -0.00200951 0.0327483 0.000776922
internal_weight=415.749 413.379 6.64777 406.731 404.877 399.991 27.7244 24.0543 372.267 23.2006 19.9297 15.1726 10.3078 3.67006 6.13464 4.75709 3.27094 17.9197 12.8941 349.066 52.2196 37.3608 33.8824 17.2894 16.5931 13.7578 6.60942 296.847 11.7884 213.679
internal_count=5063 5046 51 4995 4980 4927 227 135 4700 215 169 116 69 92 44 53 46 91 62 4485 1387 1180 1144 896 248 254 204 3098 202 2508
is_linear=0
shrinkage=0.05


Tree=126
num_leaves=31
num_cat=0
split_feature=3 6 0 4 1 7 3 2 3 3 0 4 0 2 3 4 4 5 1 2 5 1 6 3 7 2 3 3 2 3
split_gain=0.72015 1.12459 1.28358 0.985156 1.47832 0.823738 2.03865 6.39341 5.75944 5.86614 3.46397 3.40742 2.88366 3.22727 3.0392 1.78566 1.7357 2.11333 1.63094 1.78231 2.98158 2.295 1.88193 3.51027 2.35082 2.03058 3.91196 2.7081 2.11417 1.85401
threshold=1.9065080941201404 0.20202592781167614 1.4906834686067219 0.21442564353988061 -0.64840092863485543 -0.57219041357757583 -0.36414668879330431 -0.43380396045593289 -1.2447321691274367 -1.2022116864321746 -0.88992128970837792 -0.52191153242409583 0.86736868516273036 -0.21490634580112489 0.32684927103596262 0.58259423152186895 -0.24578499939545764 -0.53367547259000081 1.1992588846131529 -0.24932488679882023 0.27832929787765909 -1.438978628198343 -0.33875611237805747 0.27030765155177999 0.56032823399727028 -0.24230433343095112 0.32684927103596262 0.40564173719204472 -0.23317771871060625 -1.0970535034223874
decision_type=2 2 2 2 2 2 2 2 2 2 2 2 2 2 2 2 2 2 2 2 2 2 2 2 2 2 2 2 2 2
left_child=1 5 -3 4 -2 6 7 10 -9 -10 -1 -11 13 -8 -14 -16 -15 -18 19 29 21 -21 -23 -24 25 -25 -27 -28 -29 -7
right_child=3 2 -4 -5 -6 18 12 8 9 11 -12 -13 14 16 15 -17 17 -19 -20 20 -22 22 23 24 -26 26 27 28 -30 -31
leaf_value=0.011916607837488113 -0.074073832612061116 0.041200205640132881 -0.044022720832549239 0.014210370677513455 -0.0043507710737189119 0.0090913720614908562 -0.04917475012744249 0.11341705428504226 -0.033629204921391112 -0.0088459490180071657 -0.036955777816327001 0.056939539702876067 0.060837137473016625 0.044739875526781367 -0.044643451232185466 0.030623182719224297 -0.03591548602867245 0.02851850369408775 -0.025771295621554592 0.061926867990866934 -0.045292131881916345 -0.015664841111879452 0.051916315053290508 0.042625650480782221 0.052545964621201993 -0.077242608213632255 0.06282352150760627 -0.035510306257597525 0.0061863527841450943 -0.0018940445920249617
leaf_weight=5.5801982544362536 1.3875539572909472 2.9671807547565545 0.51912338146939863 1.443826437462121 1.6816057856194668 45.355107063893229 8.6181821399368381 1.6582242064177979 4.2943162438459686 2.8243405953980965 10.351258783135565 6.4947475399821997 2.1036040841136119 1.4559022942557964 2.0631842061411594 1.2749785832129417 4.1455148058012155 1.8362260884605293 5.6575177568010977 2.2334412902127943 2.3456031726673237 6.1834079055115572 5.2979195630177847 3.1885178368538538 2.777294725761748 1.5294648557901478 1.8807670492678905 3.4947898015379932 23.362222115043551 250.74359058227856
leaf_count=60 7 586 6 18 41 872 53 13 57 33 347 81 14 55 39 16 54 48 210 48 21 48 50 25 82 6 17 20 337 1799
internal_value=1.48377e-05 0.000233364 0.0285102 -0.0198495 -0.0358723 -9.00038e-06 -0.0058411 0.00232152 0.025438 0.0147215 -0.0198376 0.0370019 -0.0176889 -0.0283499 0.0137664 -0.0158961 -0.00421973 -0.0161361 0.000859113 0.00129156 0.00980142 0.0123887 0.0100699 0.0139014 0.00834295 0.00467349 0.000675398 0.0048223 0.000760542 -0.000211346
internal_weight=414.75 410.237 3.4863 4.51299 3.06916 406.75 52.7007 31.2031 15.2716 13.6134 15.9315 9.31909 21.4976 16.0558 5.44177 3.33816 7.43764 5.98174 354.05 348.392 52.2934 49.9478 47.7144 41.531 36.2331 33.4558 30.2672 28.7378 26.857 296.099
internal_count=5063 4997 592 66 48 4405 870 591 184 171 407 114 279 210 69 55 157 102 3535 3325 654 633 585 537 487 405 380 374 357 2671
is_linear=0
shrinkage=0.05


Tree=127
num_leaves=31
num_cat=0
split_feature=4 4 4 4 1 4 4 4 3 6 3 2 5 2 2 4 4 4 1 0 0 0 3 5 2 7 2 5 5 0
split_gain=0.7003 1.06199 3.22479 4.96501 1.77429 1.13548 7.82208 5.68032 2.29689 3.26779 3.26363 2.85352 1.94948 4.34143 2.66831 1.94522 9.16907 5.35886 1.82391 1.60329 1.75343 2.16037 2.47254 1.55766 1.39688 1.23855 1.15826 2.45364 3.38611 2.89177
threshold=2.1473108224874662 1.871184381500975 1.7791422345054781 1.6870999954678338 -0.5347122480721701 1.2268893525324958 1.1348471134948515 1.3189314995279926 -0.12929344388541192 -0.32628282707309852 -0.026878487343073316 -0.40669931392660036 -0.03016219410641437 -0.23142983651022844 -0.18458070058130868 0.85872076455050717 0.76667852551286308 0.95076291154600423 1.6995613547709489 0.88734944934584081 -0.54953720779853144 -0.38934376036326751 0.010155481456025706 0.37720302436401082 -0.35729582234729645 -1.3396385350814761 -0.21490634580112489 -0.61999852096124008 -0.77662554651860782 1.4906834686067219
decision_type=2 2 2 2 2 2 2 2 2 2 2 2 2 2 2 2 2 2 2 2 2 2 2 2 2 2 2 2 2 2
left_child=1 2 3 5 -3 6 15 -7 9 11 -10 -9 13 -12 -15 16 18 -17 26 20 -19 -22 -23 -14 -21 -20 -1 28 -28 -29
right_child=-2 4 -4 -5 -6 7 -8 8 10 -11 12 -13 23 14 -16 17 -18 19 25 24 21 22 -24 -25 -26 -27 27 29 -30 -31
leaf_value=-0.0010715630034311718 -0.032610799652525689 -0.006314225644809119 -0.063994240330706956 0.074839093210989929 0.06021511710196005 -0.059733817841599757 0.062814869320119926 0.021339730109436919 -0.062295959248314076 0.076477866644203793 0.053198678170344772 -0.048202218005235498 -0.04786438612048189 -0.070248545209489185 0.044176767001414138 -0.055144155016981979 0.060183230522676115 0.024445595604829937 0.020734491620795176 -0.01244290249551229 -0.064970244942009633 0.020041425035390158 -0.035168981131490328 0.0031164294341346796 0.033695051296925953 -0.057221720158614542 0.025904025460148489 0.028811329182307027 -0.026095580652239478 -0.019536010683303285
leaf_weight=299.70382183522452 1.6383038512431074 2.0802298318594694 1.9657331835478533 2.2159965233877292 1.9337689576204855 4.7503674901090589 4.9745370098389676 6.0410533584654322 2.695756827248263 1.9548618237022362 3.6191254151053744 1.9516895087435848 2.9009985583834244 1.6093875844962915 0.74548458610661139 5.9518616406712708 6.3581753704929715 2.6704138435889062 0.65698136342689428 2.5124095343053341 2.1994460581336197 3.8393765911459869 4.2979899048805237 3.0987160778604448 4.7273151176050296 2.2698724889196447 4.8472730092471457 16.451126152183864 8.8404927279334498 3.8089438328752285
leaf_count=2766 34 15 29 39 38 77 154 74 15 22 26 12 24 10 80 105 213 46 20 20 41 30 29 25 35 129 468 304 92 91
internal_value=1.43349e-05 0.000144171 -0.000107825 0.000201728 0.0257367 -0.000208199 0.000534964 -0.0096753 -1.54911e-05 0.0185313 -0.0125924 0.00435879 -0.00140215 0.0188163 -0.0340248 -0.000304331 0.000698886 -0.0134362 -0.00042481 -0.00117561 -0.0116726 -0.0210034 -0.00911958 -0.021534 0.0176837 -0.0397231 -8.00781e-05 0.00867311 -0.00768087 0.0197219
internal_weight=413.312 411.673 407.659 405.693 4.014 403.477 374.11 29.3674 24.6171 9.9476 14.6695 7.99274 11.9737 5.974 2.35487 369.135 342.937 26.1988 336.579 20.247 13.0072 10.3368 8.13737 5.99971 7.23972 2.92685 333.652 33.9478 13.6878 20.2601
internal_count=5063 5029 4976 4947 53 4908 4543 365 288 108 180 86 165 116 90 4389 4083 306 3870 201 146 100 59 49 55 149 3721 955 560 395
is_linear=0
shrinkage=0.05


Tree=128
num_leaves=31
num_cat=0
split_feature=0 3 0 6 7 1 7 1 3 6 5 3 2 4 5 2 1 7 6 3 5 1 0 2 5 5 5 5 0 7
split_gain=0.708097 2.097 1.57068 2.06861 1.43566 1.68864 0.923526 1.2773 3.03729 3.0795 1.17101 0.974957 4.73524 3.63177 3.37923 6.56701 4.56777 2.65183 2.55767 2.60944 1.97761 2.31477 3.80071 5.86473 4.63401 6.69093 1.9568 1.72721 2.20684 2.05369
threshold=-1.7858435937961639 -0.84177820408703419 -1.2032602308913283 -0.32354231091743663 0.81527880674477571 -0.5347122480721701 1.7069485967855076 -0.49458473668055952 -0.15154427531699513 -0.31452320102605441 1.1889548473774749 -1.0970535034223874 -0.43145538629536023 -1.4423330023790664 -0.77662554651860782 -0.43380396045593289 1.9668001027168092 -0.43425649031656161 -0.34690230536733691 -1.2022116864321746 -0.59310130787477144 -1.0473081786632019 0.014315415679642318 -0.46139035719728066 -0.3105716138764702 0.73300199645192177 0.32727077649447361 1.0085710810042914 -0.16971278724649849 0.17956569571533595
decision_type=2 2 2 2 2 2 2 2 2 2 2 2 2 2 2 2 2 2 2 2 2 2 2 2 2 2 2 2 2 2
left_child=1 -1 3 4 -2 -6 11 -8 10 -10 -9 13 -13 -4 15 16 -15 -16 -17 -20 -19 26 23 -23 -25 -26 -22 29 -29 -14
right_child=2 -3 6 -5 5 -7 7 8 9 -11 -12 12 27 14 17 18 -18 20 19 -21 21 22 -24 24 25 -27 -28 28 -30 -31
leaf_value=-0.024443141386227607 -0.037060420023052258 0.051783119364705213 -0.038795712991621323 -0.060277766229387887 -0.046910256465223565 0.029080737490652982 0.035189691122274443 0.0062541636100785589 0.068022024558019936 -0.011394407640461587 -0.044191204838968337 -0.046820517493379905 0.0015751305887393493 -0.04101644767537263 -0.019879520131390559 0.064200970553677239 0.021245124108327525 0.06869222021541399 -0.016589817902810715 0.048520090524407172 0.016891710022397907 0.043376685894100868 0.059257373030902366 -0.074168909581971337 0.061014677076336177 -0.041939394857991384 -0.043473708572524167 0.046517427568550103 0.0046913046020178491 -0.0072230438049692165
leaf_weight=1.4943878995254638 2.3912969492375851 2.2770406134659416 4.3408368090167633 2.4297400102950615 0.9491474968381225 3.1816785393748432 4.3979771966114631 1.8500291975215066 2.5892520612105718 2.3094282085075974 3.0422055860981345 5.6176629797555497 196.57929764769506 11.735059858299794 4.0019989637657991 3.1360379019752145 3.9331231601536265 2.2321578785777119 3.8945113983936608 2.5440765619277936 3.0688401451334384 8.7261670411098819 6.4845500672236076 2.3761207312345505 3.0495765265077317 3.2706275964155793 2.3864582208916545 4.1859950493089881 12.787916530854998 100.10147985222284
leaf_count=51 72 72 56 98 29 103 34 14 38 16 32 46 2209 342 50 34 26 30 41 27 34 408 77 9 29 63 16 122 122 763
internal_value=1.35952e-05 0.0215793 -0.00018595 -0.0208986 -0.00622829 0.0116201 0.00027917 0.0128063 0.00275186 0.030582 -0.025115 -0.000183164 -0.00132084 0.00538952 0.0085421 -0.00545124 -0.0253872 0.0184653 0.0271725 0.00913703 0.0233223 0.0198733 0.0265795 0.0144169 -0.0146422 0.00773722 -0.00951556 -0.000505924 0.0150062 -0.00139341
internal_weight=411.365 3.77143 407.593 8.95186 6.52212 4.13083 398.641 14.1889 9.79092 4.89868 4.89223 384.452 319.272 65.1801 60.8393 25.2428 15.6682 35.5965 9.57463 6.43859 31.5945 29.3623 23.907 17.4225 8.69632 6.3202 5.4553 313.655 16.9739 296.681
internal_count=5063 123 4940 302 204 132 4638 134 100 54 46 4504 3262 1242 1186 470 368 716 102 68 666 636 586 509 101 92 50 3216 244 2972
is_linear=0
shrinkage=0.05


Tree=129
num_leaves=31
num_cat=0
split_feature=0 3 2 0 3 3 6 3 1 1 6 4 6 0 1 3 3 0 0 1 5 4 4 4 3 5 3 6 5 0
split_gain=0.713612 2.15449 2.91311 1.07936 3.77782 2.97094 1.97183 1.23389 1.92206 1.51103 1.77782 1.25269 3.12648 2.67621 3.23818 2.39524 2.30621 2.10456 2.05134 2.04268 2.21644 1.97598 8.59281 5.76086 1.9201 1.84527 2.75805 2.76552 3.18225 1.80123
threshold=2.0589751712411388 -0.086352922830449708 -0.27766187853951774 1.8518637944562262 0.47087024556992019 0.31008490777959319 -0.24188174586665309 1.7669070551809316 -1.1004659755671204 -0.51848275247608455 -0.22170762658403112 -0.89008012040608409 -0.19272153395928504 -0.096579260176932483 -0.5347122480721701 0.5888303095777373 -1.1341045413758299 -1.4292747870930895 -1.1725986639662989 -0.05907055714199428 0.26904241267568801 -0.24578499939545764 -0.15374285239996058 -0.33782723843310175 -0.47768704581111826 -0.32142873521376752 0.32136272665916715 -0.34390386113567206 -0.73692120443548736 -0.43351973341575639
decision_type=2 2 2 2 2 2 2 2 2 2 2 2 2 2 2 2 2 2 2 2 2 2 2 2 2 2 2 2 2 2
left_child=3 -2 -3 7 5 -5 -6 11 -9 -10 -11 12 13 14 16 -15 -1 -16 -14 20 -17 23 -23 25 -18 26 27 28 -13 -26
right_child=1 2 -4 4 6 -7 -8 8 9 10 -12 21 18 15 17 19 24 -19 -20 -21 -22 22 -24 -25 29 -27 -28 -29 -30 -31
leaf_value=0.07780122527144849 -0.017297568967931956 0.068143467606734787 -0.013313310274825699 -0.0084415905619118943 0.056620609043821317 -0.062293510104524788 -0.012126245952738021 0.074752569988178308 -0.049905655644155944 0.059673626751239418 -0.023939683856192242 -0.041734299354863225 -0.065447511780988163 -0.029030521352480645 0.035351055185962287 0.018050724713683918 -0.016205438987588441 -0.014477752075701251 0.056715395207100242 0.052393575214820812 -0.051754182691929156 -0.056629121857205478 0.0011864767869668334 0.05618510696236783 -0.0054870050909058016 0.0095039149196662273 0.036335238550914521 -0.04086622997707106 0.023125599293344054 0.075790751263325754
leaf_weight=1.8865351621061561 3.083783745765686 2.8389227581210434 1.7894356931792561 6.6928235944360477 2.3896382425446054 4.1487055625766516 1.8509709583595393 0.49917989433743049 3.4997955849394202 0.84689797274768386 2.5496942515019319 2.821290098130703 0.39145626872777972 19.884927358478311 2.4051056324970004 2.7236731178127229 2.7175192423164845 17.816519055981189 2.8129671625792971 1.7378640226088453 1.9522506669163702 6.6056861327961078 237.12681154638994 5.9164884990314013 1.1504145828075705 54.213271751999855 2.8480196344899005 6.8622725032037133 5.7360542677342892 1.6729062749072938
leaf_count=28 16 28 30 39 43 17 34 5 33 20 85 35 2 111 56 38 14 359 140 30 12 122 2630 244 25 673 73 59 41 21
internal_value=1.31136e-05 0.0150787 0.0366503 -0.000276083 -0.0133985 -0.029049 0.0266135 0.000235749 -0.0199912 -0.026849 -0.00309175 0.000630151 -0.00619183 -0.009042 0.00181904 -0.0204607 0.030053 -0.00855125 0.0417918 0.00610872 -0.0110936 0.0018405 -0.000380453 0.00874532 0.0137957 0.00487289 -0.00887069 -0.0172203 0.00174179 0.0426726
internal_weight=409.472 7.71214 4.62836 401.76 15.0821 10.8415 4.24061 386.678 7.39557 6.89639 3.39659 379.282 57.1521 53.9477 27.649 26.2987 7.42738 20.2216 3.20442 6.41379 4.67592 322.13 243.732 78.3974 5.54084 72.4809 18.2676 15.4196 8.55734 2.82332
internal_count=5063 74 58 4989 133 56 77 4856 143 138 105 4713 836 694 503 191 88 415 142 80 50 3877 2752 1125 60 881 208 135 76 46
is_linear=0
shrinkage=0.05


Tree=130
num_leaves=31
num_cat=0
split_feature=7 2 2 4 3 7 2 7 5 3 5 1 1 1 4 0 2 1 1 3 5 5 1 0 0 0 5 5 0 3
split_gain=0.664864 0.898155 2.43372 2.75687 2.71204 2.80071 2.36725 4.76134 3.81964 3.38072 2.59472 9.60947 3.03454 2.2671 2.32629 2.65534 4.28263 4.24228 3.58663 2.75165 4.20143 2.51624 2.41135 2.14323 4.14863 5.81013 2.12027 2.04357 2.93661 3.20614
threshold=3.3044668409538089 -0.39567619450301389 -0.37783602592331683 0.30646788257752478 0.098244510122195552 0.33388941456383564 -0.43145538629536023 -1.2447886784390492 -1.1905288610973466 -1.0970535034223874 -0.45594843354860759 -0.81942582564791822 -1.1428468996955841 -1.7995094254806314 -1.2582487083880722 -0.24605481186746206 -0.46139035719728066 -0.7820017647453148 0.35128180797695679 -1.1488705791083695 1.1709899726458219 0.80122844122339487 1.9668001027168092 -1.2587128543365562 -0.18826806638757915 0.65458585431633864 -0.63789402783149318 -0.77662554651860782 -0.49966033280446581 0.010155481456025706
decision_type=2 2 2 2 2 2 2 2 2 2 2 2 2 2 2 2 2 2 2 2 2 2 2 2 2 2 2 2 2 2
left_child=1 6 3 4 5 -3 7 -1 -8 13 11 -10 -12 -9 26 16 21 -17 -19 -18 -21 22 -16 -14 -25 -26 -15 -4 29 -29
right_child=-2 2 27 -5 -6 -7 8 9 10 -11 12 -13 23 14 15 17 19 18 -20 20 -22 -23 -24 24 25 -27 -28 28 -30 -31
leaf_value=-0.038607253827089232 -0.026907561809870403 0.013624517427173006 0.021223032701952454 -0.033858873330960063 0.041565523125957904 -0.03379599945676031 0.07343917189085826 0.078287890565230916 0.074599486487121627 -0.027512375719500156 -0.026186046715139993 -0.063718925079332731 -0.020328906794377769 0.034071617733318758 -0.0086725573644119668 -0.0060536109570164627 -0.05189651714992758 0.053009161680230836 -0.022664424460157935 0.055160738467641246 -0.05156981175218394 0.046695156064225807 0.055041569888774448 0.057653463209214377 -0.033550585315580195 0.034108407762123184 -0.03494183680192909 -0.059083581231095729 0.00054874105782618953 -0.0069414510831185341
leaf_weight=7.6224978147074571 2.2807339094579211 5.8064209790900367 11.089129968429914 11.660747002810238 2.9390948452055445 6.714160050265491 2.5492468057200304 1.1217646682634939 1.8289316520094869 7.7098353048786512 3.6639814469963303 4.0061954315751782 2.6005071159452227 1.4009824860841034 8.7100799148902244 7.3126429873518672 5.1332170036621392 10.660845231730493 1.8353738598525513 1.9491403400897982 1.7498433263972399 4.5531435923185208 1.7902335040271271 7.5652630508411738 4.7211107723414889 9.6766684325411898 5.4126611468382171 4.2827342667151234 250.15331562876236 9.4604397666407731
leaf_count=299 17 41 766 83 53 32 24 18 14 72 21 35 45 27 125 69 81 169 24 15 46 337 16 101 25 70 69 59 2010 300
internal_value=1.28609e-05 0.000164208 -0.00121332 -0.0155033 -0.00165832 -0.0118047 0.00418219 -0.00140717 0.014405 0.00337137 0.00998688 -0.0203651 0.0162612 0.0079832 0.00642176 0.0106591 -0.000565645 0.0241941 0.0418947 -0.0282058 0.00467072 0.0156514 0.00219028 0.0225927 0.0276748 0.0119227 -0.0207517 0.000196032 -0.000687539 -0.0231903
internal_weight=407.961 405.68 302.106 27.1204 15.4597 12.5206 103.574 66.9623 36.6119 59.3398 34.0627 5.83513 28.2275 51.6299 50.5082 43.6945 23.8857 19.8089 12.4962 8.8322 3.69898 15.0535 10.5003 24.5635 21.963 14.3978 6.81364 274.986 263.896 13.7432
internal_count=5063 5046 3344 209 126 73 1702 1367 335 1068 311 49 262 996 978 882 620 262 193 142 61 478 141 241 196 95 96 3135 2369 359
is_linear=0
shrinkage=0.05


Tree=131
num_leaves=31
num_cat=0
split_feature=3 6 0 7 0 3 7 1 3 1 1 5 2 4 3 3 1 2 0 3 1 5 0 5 7 7 7 2 1 3
split_gain=0.652676 0.984038 1.16874 0.902344 0.782389 2.2402 5.40306 5.50943 4.21813 4.3561 3.31513 2.56997 2.82462 2.38054 2.35423 3.8456 2.8257 2.31641 1.88579 3.07656 3.34262 3.04629 2.46671 3.3579 3.96737 3.71765 3.29864 2.92504 2.77988 2.4449
threshold=1.9065080941201404 0.20202592781167614 1.4906834686067219 -0.1593460674971682 1.2746346602122036 0.17993259066919218 1.320052055798554 -1.1762779196764357 0.93265198423345463 -0.75876158661485649 -0.17281873471782655 0.1232486851496823 -0.42201092308645366 -0.89008012040608409 0.22854921515606239 0.27030765155177999 -1.1762779196764357 -0.25595609206908226 0.39403016175515826 0.32684927103596262 1.0626739655501971 -0.66729479009757864 0.65458585431633864 0.29012884117033955 0.28183152917309046 0.42039832572906705 1.0981244870317737 -0.22896010285105647 -0.89816587276139959 0.53823247444232991
decision_type=2 2 2 2 2 2 2 2 2 2 2 2 2 2 2 2 2 2 2 2 2 2 2 2 2 2 2 2 2 2
left_child=1 4 -3 -2 18 6 7 11 14 -10 17 12 -6 -9 -7 -16 -17 -11 19 -1 21 29 -20 25 28 27 -27 -24 -25 -21
right_child=3 2 -4 -5 5 8 -8 13 9 10 -12 -13 -14 -15 15 16 -18 -19 22 20 -22 -23 23 24 -26 26 -28 -29 -30 -31
leaf_value=-0.0014056573253948001 -0.044392318962811622 0.040156009132632488 -0.041492297805479146 0.0011416563952955771 -0.038757628110288884 -0.046380139904700135 -0.035688836652111845 -0.0042518671360733482 0.059818855892396799 -0.039178701559600695 0.061295752957368249 -0.051507463760014062 0.043808661927347482 0.035980079968462496 0.044137811994916662 0.033623439880516214 -0.016934818491820762 0.02138963198644124 -0.028570774490092779 0.032944300974698255 -0.035634992091195694 0.023846002332589246 -0.025773449593844755 0.00032414560936852577 -0.0054118713033060291 0.058324554547442703 -0.0075716827861276306 0.0093004134120736395 0.054832645670816541 -0.066375423926926067
leaf_weight=185.90412379172631 1.9610903821885584 2.7948896022280674 0.51980658620595921 2.4439635970629743 1.8500914671458302 4.1960586393252006 5.0335409492254248 4.3470767457038191 4.7757063795579588 4.1239837673492721 1.7509314988274107 3.2949118427932262 2.3535858560353509 23.847211867570877 3.3576360158622256 3.0552823748439506 28.952698180451993 2.5575354960747072 12.048997815698383 0.95586999948136453 3.0300371167249969 30.020510915899649 30.109254186507311 3.6964413542300463 15.669877432286738 3.1729184784926465 4.730580298230052 7.4066220829263356 6.3696273257955927 1.7614701236598191
leaf_count=2231 30 586 6 36 44 21 22 30 126 32 23 15 23 170 23 31 174 61 93 29 130 617 175 26 94 30 27 78 54 26
internal_value=1.17944e-05 0.000221707 0.027352 -0.0191297 -4.03355e-06 0.00399727 0.0128072 0.0196462 -0.00280199 0.0216635 5.42047e-05 -0.0184448 0.0074702 0.029777 -0.0109701 -0.00676875 -0.0121088 -0.0159945 -0.00123111 0.00117809 0.0146071 0.0192573 -0.00764966 -0.00410701 0.0103225 -0.0122832 0.0188829 -0.0188489 0.0348161 -0.031438
internal_weight=406.092 401.687 3.3147 4.40505 398.373 93.4963 40.7264 35.6929 52.7698 13.2082 8.43245 7.49859 4.20368 28.1943 39.5617 35.3656 32.008 6.68152 304.876 221.672 35.7679 32.7379 83.2043 71.1553 25.7359 45.4194 7.9035 37.5159 10.0661 2.71734
internal_count=5063 4997 592 66 4405 795 304 282 491 242 116 82 67 200 249 228 205 93 3610 3033 802 672 577 484 174 310 57 253 80 55
is_linear=0
shrinkage=0.05


Tree=132
num_leaves=31
num_cat=0
split_feature=0 2 7 0 3 3 6 3 4 6 0 1 3 3 0 0 1 3 4 4 4 6 3 0 5 1 0 5 1 5
split_gain=0.675331 1.92181 2.43454 1.0053 3.48453 2.6159 1.85178 1.09436 1.05979 2.87542 2.40894 2.8566 2.07339 2.03572 1.90188 1.88313 1.847 1.7653 1.71828 8.13998 5.46491 1.70591 1.81336 1.69836 2.5819 1.75624 1.67598 1.66825 1.94818 2.52866
threshold=2.0589751712411388 -0.38591748076643312 0.81527880674477571 1.8518637944562262 0.47087024556992019 0.31008490777959319 -0.24188174586665309 1.7669070551809316 -0.89008012040608409 -0.19272153395928504 -0.096579260176932483 -0.5347122480721701 0.5888303095777373 -1.1341045413758299 -1.4292747870930895 -1.1725986639662989 -0.41939926974169667 -0.47768704581111826 -0.24578499939545764 -0.15374285239996058 -0.33782723843310175 -0.36645276155110179 -1.1531378676942741 -0.60179964423319177 0.36173399127181904 0.27089196437576696 -0.43351973341575639 -0.34092390700903202 -1.290409896950377 2.2775082606827284
decision_type=2 2 2 2 2 2 2 2 2 2 2 2 2 2 2 2 2 2 2 2 2 2 2 2 2 2 2 2 2 2
left_child=3 -2 -3 7 5 -5 -6 8 9 10 11 13 21 -1 -13 -11 -14 -15 20 -20 27 22 -12 24 25 -16 -19 -10 -29 -30
right_child=1 2 -4 4 6 -7 -8 -9 18 15 12 14 16 17 23 -17 -18 26 19 -21 -22 -23 -24 -25 -26 -27 -28 28 29 -31
leaf_value=0.074664698153675782 -0.021423662857099748 0.0029813067484325711 0.072840406990014775 -0.0087939237016145168 0.055983312646953533 -0.05971959113004012 -0.011375063443969654 -0.01904007425520593 -0.0099003932488106218 -0.064276742659433048 -0.035984371813918455 0.033886306265588931 -0.019509130670326884 -0.01541306965143604 -0.10128680063844753 0.055787128172196235 0.034784261452628883 -0.0049528312157022993 -0.056417894666032635 0.0011394109944876532 0.055792653852799301 -0.04173922365054409 0.0081069098977273098 0.0022264331149720587 -0.0065901468682836792 -0.031012625053651273 0.074398025081954797 -0.028692705180835994 0.012893478526300673 -0.048463351888383042
leaf_weight=1.8147148881107567 2.4722656831145287 2.9763315021991721 2.1465710314223543 6.6628042776137573 2.2909836317412546 4.0571995116770267 1.839701601071283 7.2313211505534118 15.727304229163563 0.37148274481296573 4.3112759590148952 2.4020057048182961 3.3992685750126839 2.6763345189392567 1.565942138433462 2.7020841183839357 2.9051937903277567 1.1329873078502712 6.3074986643623552 235.17495834385045 5.5954928465653202 10.100769558921456 5.0793564692139634 8.6533306245692021 5.28573700459674 2.0568163539282978 1.6125059099867969 3.3072319105267516 50.908732183976099 1.7364884084090579
leaf_count=28 14 28 32 39 43 17 34 143 193 2 35 56 39 14 9 140 41 25 122 2630 244 50 26 111 189 50 21 35 622 31
internal_value=1.24244e-05 0.0147812 0.0322533 -0.000270187 -0.0130335 -0.0280678 0.0259836 0.000225925 0.000597612 -0.00574152 -0.00846833 0.00191289 -0.0194148 0.028826 -0.00784264 0.0412758 0.0055101 0.0134835 0.00171267 -0.00036398 0.00820214 -0.0274767 -0.0121356 -0.0135501 -0.0288747 -0.0613887 0.0416522 0.00448711 0.00853119 0.0108696
internal_weight=404.505 7.59517 5.1229 396.91 14.8507 10.72 4.13069 382.059 374.828 56.0698 52.9962 27.2004 25.7959 7.23654 19.9638 3.07357 6.30446 5.42183 318.758 241.482 77.2752 19.4914 9.39063 17.5618 8.9085 3.62276 2.74549 71.6798 55.9525 52.6452
internal_count=5063 74 60 4989 133 56 77 4856 4713 836 694 503 191 88 415 142 80 60 3877 2752 1125 111 61 359 248 59 46 881 688 653
is_linear=0
shrinkage=0.05


Tree=133
num_leaves=31
num_cat=0
split_feature=4 4 4 4 1 4 4 4 3 3 6 2 5 5 6 4 4 4 1 6 6 3 7 5 5 2 1 4 4 4
split_gain=0.637196 0.97034 3.00089 4.5366 1.65833 1.0554 7.29888 5.33589 2.06278 3.04449 2.96867 2.59591 1.76692 3.98766 1.99772 1.73349 8.54994 5.16592 1.6665 1.50523 3.24627 3.29458 3.08084 2.33212 2.29494 1.58086 1.44193 1.13902 13.9719 13.2875
threshold=2.1473108224874662 1.871184381500975 1.7791422345054781 1.6870999954678338 -0.5347122480721701 1.2268893525324958 1.1348471134948515 1.3189314995279926 -0.12929344388541192 -0.026878487343073316 -0.32628282707309852 -0.40669931392660036 -0.51069789401536447 -0.31479814862358718 -0.30961816054206109 0.85872076455050717 0.76667852551286308 0.95076291154600423 1.6995613547709489 -0.3008378233139663 -0.34690230536733691 0.010155481456025706 -0.41679567838375547 -0.25517261798024088 -0.32142873521376752 -0.22359998143760404 1.9668001027168092 0.30646788257752478 0.39851002957302184 0.21442564353988061
decision_type=2 2 2 2 2 2 2 2 2 2 2 2 2 2 2 2 2 2 2 2 2 2 2 2 2 2 2 2 2 2
left_child=1 2 3 5 -3 6 15 -7 10 -10 11 -9 -11 -14 -15 16 18 -17 27 20 21 22 26 24 25 -21 -19 29 -29 -1
right_child=-2 4 -4 -5 -6 7 -8 8 9 12 -12 -13 13 14 -16 17 -18 19 -20 23 -22 -23 -24 -25 -26 -27 -28 28 -30 -31
leaf_value=-0.0006911188464517815 -0.031748596233830272 -0.006298931493112574 -0.063606754546344499 0.073313298599323798 0.058782861037205127 -0.059406864702118492 0.062497785413781662 0.020695302686822757 -0.060739448942311036 -0.051394862293661206 0.074356819081387124 -0.046667966383491327 0.074374909312319368 0.038307394988991217 -0.020911945420014528 -0.054946242501177744 0.059904634080503796 -0.050262552067135882 -0.039458223388925628 -0.070701181152451401 0.052983747791383588 -0.059249383947320725 0.062012830350597972 -0.032160033230176535 0.075426642291137866 0.026399393523140208 0.019756001806887611 -0.061383117276688937 0.0022565798705781698 0.060009834980984347
leaf_weight=232.48871338344179 1.573071542661636 2.0428189737722282 1.8519670926034439 2.1097305661533019 1.8791947590652842 4.5041131400503245 4.6892284620553246 5.8288739742711178 2.6272595881018814 1.5229629023233453 1.8714539938373542 1.8951456081122167 1.7777892015874392 1.8185875774361182 6.5656133515294508 5.6689997243229326 5.9828940345905712 1.5742185949347942 2.7096086104866108 0.73242748528718948 3.3287203079089531 2.109677204862237 2.0681416890583932 6.4410067240241879 1.1828916864469645 0.98005976935382955 1.3797337710857389 9.7481323159299773 74.831114823697135 9.3792291739955527
leaf_count=2851 34 15 29 39 38 77 154 74 15 63 22 12 24 20 58 105 213 35 149 3 32 9 22 35 12 45 8 76 613 181
internal_value=1.16099e-05 0.000136018 -0.000108063 0.000189038 0.0248844 -0.000202809 0.000519162 -0.0094853 -8.02741e-05 -0.0121059 0.0178567 0.00416722 -0.00117107 0.00635589 -0.00806689 -0.000286793 0.000668817 -0.0128629 -0.000407879 -0.000812039 0.0122132 -0.00681626 0.0152098 -0.0154055 0.0218662 -0.0151303 -0.0175582 -8.37492e-05 -0.00507818 0.00166276
internal_weight=403.163 401.59 397.668 395.816 3.92201 393.707 365.295 28.4118 23.9077 14.3122 9.59547 7.72402 11.685 10.162 8.3842 360.606 335.14 25.4659 329.157 19.7969 10.4605 7.13177 5.02209 9.33639 2.89538 1.71249 2.95395 326.447 84.5792 241.868
internal_count=5063 5029 4976 4947 53 4908 4543 365 288 180 108 86 165 102 78 4389 4083 306 3870 201 106 74 65 95 60 48 43 3721 689 3032
is_linear=0
shrinkage=0.05


Tree=134
num_leaves=31
num_cat=0
split_feature=4 4 4 0 4 4 4 4 2 2 5 0 1 5 7 1 6 6 7 3 2 3 5 5 2 3 2 2 7 7
split_gain=0.636874 7.64549 6.68973 1.35602 1.32186 2.68969 13.9505 10.2425 2.61594 4.23989 4.23126 2.41512 2.32041 3.71138 2.98051 5.13092 3.6195 6.70508 2.65182 2.23225 2.22579 2.10015 2.91126 2.05991 2.26618 4.61468 3.34455 3.93676 4.33828 3.43783
threshold=-0.24578499939545764 -0.15374285239996058 -0.33782723843310175 2.0589751712411388 1.0000000180025095e-35 0.30646788257752478 0.39851002957302184 0.21442564353988061 -0.3278342553295 -0.38101874696142085 -0.42593387081195272 -0.91556293691908641 0.35128180797695679 -0.40935775467923635 -0.089470364725176624 -0.79926088106645266 -0.29101108924101798 -0.22986872397083252 -0.30521524822578677 0.32136272665916715 -0.38472164537518416 0.17185520774841392 0.32727077649447361 0.98480453059191408 -0.33203770776548741 -0.15154427531699513 -0.34012113947976458 -0.34284551158743826 1.147910519568808 0.73209653725819235
decision_type=2 2 2 2 2 2 2 2 2 2 2 2 2 2 2 2 2 2 2 2 2 2 2 2 2 2 2 2 2 2
left_child=2 -2 3 -1 8 7 -7 12 9 -3 19 -8 13 -6 16 -16 18 -18 -15 -10 -17 -22 -23 24 26 -26 27 28 29 -13
right_child=1 4 -4 -5 5 6 11 -9 10 -11 -12 23 -14 14 15 20 17 -19 -20 -21 21 22 -24 -25 25 -27 -28 -29 -30 -31
leaf_value=-0.00018694162479621957 -0.056032465198810034 -0.01758504041486984 0.055272082046023352 0.039113087639188665 -0.036655095415245843 -0.06055599899788483 -0.043031932891612036 0.059488266575849214 0.050566056910911261 0.036042640136147462 -0.034002693484469028 -0.0031448532675099638 0.030775859051099832 0.078224937592118959 0.032732141844904798 0.017057761002225096 -0.03857927494067212 0.050515040293178361 0.017529708188568919 -0.021088115371680358 -0.054177495018009496 -0.040801084076673239 0.015887565011253508 0.029621780080755028 0.051998348180560365 0.0039294188522843625 -0.039280318452393388 0.055377832197391431 -0.058325014517966338 0.068135820110311857
leaf_weight=133.29398491280153 6.2630584260914466 8.1846198621205968 5.8051691447035401 2.2316778372041872 6.6508251065388313 9.5950181772932392 2.9626210695132604 8.9980384587543067 2.6594510120339701 6.7050730343908063 15.018550870008767 55.651025786064565 6.0728492282796642 3.4578923434019089 5.9136377573013261 3.1423172019422045 5.0465275011956683 3.6313003990799144 3.7525404561310998 1.8382101038005201 5.3675913959741726 4.9298049602657539 4.189473319798708 6.7118877042084923 5.4258358838851484 62.573709723772488 6.4743774328380814 2.8975339923053971 3.4989661127328864 1.7445609234273423
leaf_count=1799 128 74 278 30 49 99 147 181 40 43 83 626 135 21 38 28 25 28 21 42 18 30 27 67 82 839 38 18 16 13
internal_value=1.12294e-05 -0.00146028 0.00271161 0.000460205 -0.000109838 0.00132342 -0.00213141 0.0102234 -0.00921981 0.00656438 -0.0212622 0.00165785 0.00172395 -0.00210462 0.00372299 -0.00756989 0.0204565 -0.00129711 0.0466372 0.0212807 -0.021089 -0.0293634 -0.0147578 0.00257108 0.00125795 0.00776495 -0.00503912 -0.00156391 -0.00427336 -0.00097825
internal_weight=400.688 259.357 141.331 135.526 253.094 218.688 157.536 61.1528 34.4059 14.8897 19.5162 147.941 52.1548 46.0819 39.4311 23.5428 15.8883 8.67783 7.21043 4.49766 17.6292 14.4869 9.11928 144.978 138.266 67.9995 70.2665 63.7921 60.8946 57.3956
internal_count=5063 2956 2107 1829 2828 2546 1945 601 282 117 165 1846 420 285 236 141 95 53 42 82 103 75 57 1699 1632 921 711 673 655 639
is_linear=0
shrinkage=0.05


Tree=135
num_leaves=31
num_cat=0
split_feature=0 3 0 6 7 1 7 2 0 4 7 1 3 2 0 3 0 3 4 6 5 5 7 0 7 3 1 5 0 2
split_gain=0.632759 1.95056 1.34511 1.82255 1.31014 1.50794 0.933558 1.11072 2.72128 1.51532 0.913658 1.409 1.54782 0.743502 0.727732 2.91603 2.75338 2.60039 1.89634 1.77979 1.75535 1.7176 1.79347 1.36174 1.3119 1.15507 1.37263 1.67145 1.50367 1.15648
threshold=-1.7858435937961639 -0.84177820408703419 -1.2032602308913283 -0.32354231091743663 0.81527880674477571 -0.5347122480721701 1.7069485967855076 -0.45690453612636045 0.55803361744650448 -0.24578499939545764 1.4856052187525384 -0.40050501136958616 0.051151932513464518 -0.46265158438555704 1.7383792152987647 0.59706004994134887 1.5869265971197628 -0.033736660193909564 -0.24578499939545764 -0.3431272120600784 0.46418471707581538 0.65903693769190641 0.025371797029905569 2.1611193906498811 -0.2754539758421749 1.7565434419196224 -0.9504391278639498 0.11546757301991879 -0.020769468235039557 -0.23317771871060625
decision_type=2 2 2 2 2 2 2 2 2 2 2 2 2 2 2 2 2 2 2 2 2 2 2 2 2 2 2 2 2 2
left_child=1 13 3 4 -2 -6 10 -8 -9 -10 14 12 -12 -1 16 17 25 20 -19 -17 -16 22 24 -21 -18 29 -27 28 -28 -4
right_child=2 -3 6 -5 5 -7 7 8 9 -11 11 -13 -14 -15 15 19 21 18 -20 23 -22 -23 -24 -25 -26 26 27 -29 -30 -31
leaf_value=0.018328075838709434 -0.036422484185257682 0.050868624804879872 -0.00080446247472356746 -0.058705901527831721 -0.045650769247611966 0.027849963092046716 -0.017589136775587457 0.058189043446949335 0.027565755199313126 -0.016223510794079896 -0.053897004647361357 0.015319154767991583 -0.0029655398930695989 -0.053993267269525635 0.032627639894698121 -0.049979784214362777 0.016246284750858937 0.00085623948306919539 -0.033974007125973212 0.056682218775122556 -0.013679111837657458 0.06768018159287012 -0.0054145208392182911 -0.016916814531424192 0.070735398711348832 0.04230957758645864 -0.028575110508706439 -0.05047043256110495 0.057663405848494165 0.0079014703457523199
leaf_weight=0.60932266153395176 2.2628519053105265 2.1694211348658419 270.89658972923644 2.2284085827413929 0.90194664197042618 3.0832524094730616 2.4242314146831623 3.2622507968917471 3.6644961319398126 4.2867658361792573 3.1261132913641632 2.4666852834634465 2.8532298495993018 0.85269833542406581 4.2117601493373567 0.60521291289478529 2.7033628232311444 5.5553149385377827 13.177852567285294 3.1702823711093511 3.9808071311563253 1.9605405330657948 4.726333430968225 0.78387488413136441 1.8678968632593744 0.7546948380768298 1.2699547526426613 3.5415098913945258 0.83966077445074838 44.397525002539624
leaf_count=28 72 72 2607 98 29 103 34 48 28 24 20 60 34 23 35 7 49 34 68 93 22 19 36 19 20 7 37 41 50 1246
internal_value=9.98692e-06 0.020786 -0.000181016 -0.019884 -0.00603785 0.011215 0.000251065 0.0131001 0.0197347 0.00395764 -0.000218864 -0.0164766 -0.0295935 -0.0238521 0.000157912 -0.00710788 0.000844979 -0.0133694 -0.0236451 0.0298703 0.010127 0.0251503 0.0161822 0.0420919 0.0385115 -5.60313e-06 -0.021025 -0.0294831 0.0057492 0.000421446
internal_weight=398.635 3.63144 395.003 8.47646 6.24805 3.9852 386.527 13.6377 11.2135 7.95126 372.889 8.44603 5.97934 1.46202 364.443 31.4851 332.958 26.9257 18.7332 4.55937 8.19257 11.2581 9.29759 3.95416 4.57126 321.7 6.40582 5.65113 2.10962 315.294
internal_count=5063 123 4940 302 204 132 4638 134 100 52 4504 114 54 51 4390 278 4112 159 102 119 57 124 105 112 69 3988 135 128 87 3853
is_linear=0
shrinkage=0.05


Tree=136
num_leaves=31
num_cat=0
split_feature=4 7 1 7 2 3 3 4 3 5 2 6 7 0 5 6 5 3 0 1 1 1 1 3 4 1 0 4 0 2
split_gain=0.640187 1.15145 0.747365 1.89687 3.55814 2.5085 4.19705 1.3261 3.5748 2.38035 2.29055 2.14466 2.02678 1.87029 1.48005 1.43691 1.30876 1.65702 3.03074 3.27005 3.23872 2.47945 3.23655 3.1483 5.81845 2.66913 2.42902 2.23422 2.22125 2.40856
threshold=-2.7309230603160253 -0.85820046033938524 0.75961552443556102 -1.3396385350814761 -0.4358445192622965 -1.2447321691274367 -1.2022116864321746 0.95076291154600423 0.99818523797762937 1.1183285548757507 -0.46139035719728066 -0.37417434729910565 0.21460091222363373 -0.3945432932693374 2.1706383116277261 -0.15205499317171395 -1.0858275335679293 -1.0970535034223874 -0.27567258358095698 0.35128180797695679 -0.40050501136958616 -0.6402321059652577 0.33311807327612236 -1.1915434649674137 0.39851002957302184 -1.4718732957946667 -0.22282392668704715 0.85872076455050717 -1.6755608109096931 -0.43145538629536023
decision_type=2 2 2 2 2 2 2 2 2 2 2 2 2 2 2 2 2 2 2 2 2 2 2 2 2 2 2 2 2 2
left_child=1 -1 16 4 -4 -6 -7 8 9 15 14 -9 -13 -10 -11 -5 -2 18 19 20 -18 23 26 24 -20 -25 -23 -22 -19 -30
right_child=2 -3 3 7 5 6 -8 11 13 10 -12 12 -14 -15 -16 -17 17 28 21 -21 27 22 -24 25 -26 -27 -28 -29 29 -31
leaf_value=-0.032409169824975485 -0.024431614548719283 0.056892587303184021 -0.05086609380706654 -0.047324811156646759 0.098779576996008603 -0.028747628779527575 0.069213771292964008 0.029206717979763215 -0.035908285972309294 0.046308564985073533 -0.054137207705364856 -0.055751785864237013 0.034516225492481567 0.058037670746759321 -0.037444993997612634 0.0091388362286966875 0.016167880762492783 0.048954291403609837 -0.061360176285083924 0.032088906607704852 -0.021966634440352004 -0.015925742727337773 -0.016692805782833955 0.072454626843091147 0.048857139379513644 0.0035000838114851926 0.056811061276168154 -0.084506684526867118 -0.031194052039643046 -0.0001047869681383497
leaf_weight=0.51346585631836195 5.1772640079725525 1.2153667574748386 1.580494985450059 10.468176719499754 1.1821557357907293 2.3550225477665658 2.0409611972281705 3.918082713149488 0.72587570687755976 2.2548864330165093 1.2470889673568297 1.9900494018802413 0.90446241199970234 1.9609922599047411 0.68855937104672182 1.2626678459346319 5.0518801226280639 2.2651509837014592 3.4868417419493198 4.5811850801110259 7.9330606483854353 1.3055496220476914 2.3527865917421869 2.2463657632470131 1.823706133989617 3.7398867150768655 9.4986195736564678 1.741583560593426 6.3593851812183848 305.81547144881915
leaf_count=42 187 40 84 270 9 30 426 52 39 79 23 90 17 49 7 101 138 66 24 142 224 20 30 18 35 34 151 11 52 2573
internal_value=9.89784e-06 0.0303698 -0.00012266 -0.00737736 0.0153578 0.0341214 0.0167338 -0.0137797 -0.0206895 -0.0296923 0.00265444 0.00509412 -0.0275453 0.0326575 0.0267161 -0.0412473 0.000527775 0.000888526 0.0100043 -0.00480402 -0.0162808 0.0216964 0.0364492 0.00451432 -0.0235102 0.0293756 0.0480217 -0.0332248 -0.000380141 -0.000738113
internal_weight=397.687 1.72883 395.958 32.5795 7.15863 5.57814 4.39598 25.4208 18.6082 15.9214 4.19053 6.81259 2.89451 2.68687 2.94345 11.7308 363.379 358.201 43.7615 19.3077 14.7265 24.4538 13.157 11.2968 5.31055 5.98625 10.8042 9.67464 314.44 312.175
internal_count=5063 82 4981 1276 549 465 456 727 568 480 109 159 107 88 86 371 3705 3518 827 515 373 312 201 111 59 52 171 235 2691 2625
is_linear=0
shrinkage=0.05


Tree=137
num_leaves=31
num_cat=0
split_feature=0 3 6 0 3 5 5 0 1 0 0 3 2 2 7 7 7 6 2 2 1 7 6 0 2 6 6 3 1 6
split_gain=0.625488 1.82107 2.56146 0.870363 3.05502 2.44299 2.08434 0.99446 2.58743 2.08064 1.82957 2.29099 2.59986 2.8397 3.68378 1.8342 1.78723 1.1908 1.07656 1.07189 2.98068 2.10949 3.49622 3.48471 2.38397 2.07899 2.65574 2.07166 2.04175 2.10718
threshold=2.0589751712411388 -0.086352922830449708 -0.26162705242998174 1.8518637944562262 0.38156197635317574 -0.3105716138764702 0.48308430622269627 1.7731382848477517 -0.62828024045233177 1.7383792152987647 1.5010059888074545 -0.30653830812391109 -0.26022231985497252 -0.32647174118149991 0.025371797029905569 -0.11066350634622192 -0.00990683228414674 -0.38624550650724232 -0.36046293330192003 -0.23317771871060625 -1.0838150183705155 -0.31227421959267404 -0.19891874597125811 0.86736868516273036 -0.12762423356280558 -0.34048915886396575 -0.27241489022030624 0.21292240435448043 -0.77427946276305482 -0.3008378233139663
decision_type=2 2 2 2 2 2 2 2 2 2 2 2 2 2 2 2 2 2 2 2 2 2 2 2 2 2 2 2 2 2
left_child=3 -2 -3 7 6 -6 -5 9 -9 10 19 16 13 14 -13 -14 17 -12 -16 28 -21 23 24 25 27 -22 -27 -23 29 -1
right_child=1 2 -4 4 5 -7 -8 8 -10 -11 11 12 15 -15 18 -17 -18 -19 -20 20 21 22 -24 -25 -26 26 -28 -29 -30 -31
leaf_value=-0.0024323843362699885 -0.015862595621563207 0.064200075797718956 -0.014724428738482937 -0.0072051744363540509 -0.043137671441748078 0.043098824607894964 -0.053240572206998384 -0.0026969217811010264 0.067882132345054844 -0.029006211872355605 -0.031817810677644741 0.063954227595755628 0.031276522318676718 0.063601923630918045 0.016070756636884127 -0.035487696038701923 -0.067014484963752813 0.05716796978435297 -0.022905969719036814 0.037741998126255005 -0.097306657147663192 -0.042339623533797568 -0.041048768873701874 0.053706775361933759 0.055138408292350588 0.0436089385484629 -0.0047904673616131878 0.0064796627270614013 0.00091901494173961479 -0.019225669670202783
leaf_weight=52.533561917953193 2.9622118771076202 2.7641005273908377 1.6367732933722425 5.5149315083399397 1.0858709388412524 3.3701418319251388 4.4370288494974375 3.9310754990437999 1.9390813661739219 6.1324806716293088 0.77879477478563786 2.8546067476272601 1.5745133426971731 4.574308447074146 3.5611708313226726 2.9676870931871209 1.4227739665657306 0.72681983001530193 3.5254222583025667 6.5362655628705388 0.50539848208427685 2.7937054650392392 6.2817465823609373 4.1343594212085 1.9433685826370499 3.6107943446841153 13.179784271691458 9.7820596513338369 210.07579239329789 28.986723688431084
leaf_count=410 16 35 23 33 22 59 19 37 20 39 29 25 21 47 26 32 6 11 18 112 2 22 106 84 72 60 807 123 2551 196
internal_value=8.97444e-06 0.0144459 0.0348465 -0.00026446 -0.0123236 0.0220841 -0.0277298 0.000199671 0.0206174 -0.000125596 0.000363185 0.0143423 0.0206691 0.0309997 0.0159982 -0.0123445 -0.0268322 0.0111392 -0.0033193 -0.000539805 0.00632139 0.00145831 -0.00988438 0.0124678 0.00359899 0.00261026 0.00561777 -0.00436554 -0.00168729 -0.00840369
internal_weight=396.123 7.36309 4.40087 388.76 14.408 4.45601 9.95196 374.352 5.87016 368.482 362.35 21.9861 19.0577 14.5155 9.9412 4.5422 2.92839 1.50561 7.08659 340.364 48.7675 42.2312 20.8009 21.4303 14.5191 17.296 16.7906 12.5758 291.596 81.5203
internal_count=5063 74 58 4989 133 81 52 4856 57 4799 4760 215 169 116 69 53 46 40 44 4545 1388 1276 323 953 217 869 867 145 3157 606
is_linear=0
shrinkage=0.05


Tree=138
num_leaves=31
num_cat=0
split_feature=7 2 2 7 5 3 5 1 7 4 1 3 2 1 7 2 3 3 0 5 3 0 5 7 1 7 3 0 2 1
split_gain=0.624909 0.894822 2.08712 4.18383 3.31647 2.8513 2.42516 8.60034 2.72617 2.07512 2.57931 3.64876 2.07285 6.79793 5.8075 3.70992 4.0264 2.95135 3.39837 3.18538 2.91487 5.64724 3.92631 3.55626 3.67011 4.67235 2.61259 2.40226 2.21176 2.01412
threshold=3.3044668409538089 -0.39567619450301389 -0.43145538629536023 -1.2447886784390492 -1.1905288610973466 -1.0970535034223874 -0.45594843354860759 -0.81942582564791822 -0.20025564638434662 1.5030157014768397 -1.1428468996955841 -0.58162598827033074 -0.35473606352594539 0.17955877359780395 -0.35448200011054426 -0.35110413866307549 -0.36414668879330431 -0.42876561499668336 0.20969313362491748 -0.63789402783149318 0.10677908729400419 1.7383792152987647 0.57596506989537255 0.29455390515387109 -0.90914058043278689 -0.17380478815899916 -0.046607991313674768 1.9955122524882223 -0.27582429511803336 -1.7995094254806314
decision_type=2 2 2 2 2 2 2 2 2 2 2 2 2 2 2 2 2 2 2 2 2 2 2 2 2 2 2 2 2 2
left_child=1 2 3 -1 -4 29 7 -6 -8 10 -10 -12 13 14 -3 -14 17 18 19 -17 23 22 -22 24 -16 -26 -27 -18 -29 -5
right_child=-2 12 4 5 6 -7 8 -9 9 -11 11 -13 15 -15 20 16 27 -19 -20 -21 21 -23 -24 -25 25 26 -28 28 -30 -31
leaf_value=-0.037496796848331675 -0.026856290498789893 0.046902512120788262 0.070090750326939566 0.075552856159560353 0.071767647541600935 -0.025625764454785344 0.069462777751084961 -0.062926247520726758 -0.035254204557395731 0.055960415012198755 -0.025194878208494472 0.025470853564385932 0.049736822479294625 -0.050016499066573565 -0.033293432086236585 0.022635056892469221 -0.0023727769111195006 0.079785264427170488 0.064918766486697838 -0.039724152984375073 -0.038684938228824947 -0.035877089358543696 0.04255143716048454 -0.033895499177436325 -0.030640561823174262 0.061059079348732198 0.0015149129699306399 0.061075629111539867 -0.0089547566368062947 0.0062041707875324682
leaf_weight=7.0352166665252289 2.1525922417640677 5.3308714386075726 2.4547087000682941 1.0701699880883087 1.7303964309394357 7.3732235967181614 2.1880717040039626 3.7608264526352277 3.1622014436870876 2.3540978450328103 4.6635707418900063 14.928865323308848 3.8332350703421971 8.8081866211723518 5.8048992231488219 6.0826718076714297 208.70563192781992 2.161090455541852 2.7605407037772229 3.0872428161092103 1.7750813830643881 4.7534029986709347 9.1772045893594605 15.554532390087841 3.7038456704467526 4.6894869729876509 3.0340654663741624 2.8792368471622467 1.8531273317057628 48.365836704382673
leaf_count=299 17 42 24 18 14 72 18 35 18 21 29 176 45 89 30 78 2573 32 31 21 9 25 148 67 23 37 15 35 44 978
internal_value=1.02515e-05 0.000157378 0.00426658 -0.00112489 0.0140336 0.00337938 0.00983681 -0.0204815 0.0159358 0.0112713 0.00664796 0.0134109 -0.00122758 -0.00929686 -0.0026331 0.000956833 0.000135027 0.0260211 0.0162822 0.00164053 -0.00807864 0.0096332 0.0293851 -0.016563 -0.000918092 0.015528 0.0376682 -0.00157402 0.0336527 0.0077054
internal_weight=395.234 393.082 99.0872 63.8444 35.2427 56.8092 32.788 5.49122 27.2968 25.1087 22.7546 19.5924 293.994 62.6316 53.8234 231.363 227.53 14.0915 11.9305 9.16991 48.4925 15.7057 10.9523 32.7868 17.2323 11.4274 7.72355 213.438 4.73236 49.436
internal_count=5063 5046 1702 1367 335 1068 311 49 262 244 223 205 3344 485 396 2859 2814 162 130 99 354 182 157 172 105 75 52 2652 79 996
is_linear=0
shrinkage=0.05


Tree=139
num_leaves=31
num_cat=0
split_feature=0 2 0 0 0 5 1 2 6 1 6 1 3 6 1 3 3 7 7 5 7 1 2 4 7 0 6 6 1 6
split_gain=0.573642 2.51303 2.19265 3.86831 3.07084 4.0804 3.04614 2.26465 4.47024 3.16867 3.46056 3.44214 2.20842 3.3443 2.17351 2.55288 1.94231 1.88189 3.86581 3.65897 4.39348 3.47705 3.20673 5.48659 5.16773 4.03177 5.35126 4.34019 3.31215 2.49654
threshold=-0.011552942454124868 -0.15282190267858006 0.15373111848454052 0.28428102731122423 0.97646373688526711 -0.42593387081195272 -0.5405946855222592 -0.4358445192622965 -0.39726750436450692 -0.05907055714199428 -0.3501833362154681 -1.0677811595048523 -0.67520154607297966 -0.37417434729910565 -0.85142261590544377 0.32684927103596262 -0.65264587783319916 0.40348924948930515 0.32501296091397985 -0.015559208253519061 0.61561539594436165 -1.3361055081240953 -0.296143025443312 0.30646788257752478 -0.20025564638434662 1.8280011956171804 -0.30425525517985647 -0.32628282707309852 -0.96221528668041434 -0.29036448778848489
decision_type=2 2 2 2 2 2 2 2 2 2 2 2 2 2 2 2 2 2 2 2 2 2 2 2 2 2 2 2 2 2
left_child=-1 2 7 14 5 -5 -7 8 -2 11 -11 -9 -6 -14 -4 -16 -8 18 22 20 -19 -21 23 28 -25 26 27 -26 29 -15
right_child=1 -3 3 4 12 6 16 9 -10 10 -12 -13 13 17 15 -17 -18 19 -20 21 -22 -23 -24 24 25 -27 -28 -29 -30 -31
leaf_value=0.0022284326502965668 -0.029689284441475474 0.043077268880575489 0.072912574666812058 0.037270191716955087 -0.020469216032576825 -0.030328600521822204 0.042313214878237845 0.01285235219568398 0.052543001115352511 -0.035980128728486264 0.039783440445085756 -0.03984435254358789 0.056975309001739499 0.030200072992125918 0.001153595849329945 0.05862511291649445 -0.008702242042008335 0.1031833652735402 -0.035809889500701013 0.06142712915982558 0.019992253039923955 -0.0023894463500386881 -0.010406880525081598 -0.041830288834829601 0.041421816098939399 -0.037732365208741785 0.063816130701444526 -0.041884416991328929 0.038982022447827801 -0.033910976965910555
leaf_weight=167.42416956520174 3.2477217330597341 3.0998516282998017 2.1649618577212086 3.6486629750579587 10.286707312567158 22.351736621931195 2.1065120892599252 3.8049777625128653 3.3650328791700295 2.4637952744960785 3.8817931315861669 16.698510989779606 2.8712230026721945 2.8419120516628027 6.8304562326520664 2.6945034889504313 16.324487637728453 2.108512270729987 7.5636856206692746 2.3334406660869709 6.4174480496440083 25.027735061710704 32.107749042101212 7.3233662564307478 2.749841470271349 3.4408407360315314 4.8339599948376399 3.62398084346205 16.713806932792068 3.260815571993585
leaf_count=3103 68 276 21 26 140 125 20 28 32 15 32 90 22 22 55 25 116 17 43 28 47 212 227 37 23 18 47 20 110 18
internal_value=9.81771e-06 -0.0016324 -0.00225365 -0.000171356 -0.00200179 -0.0133878 -0.0179199 -0.0140539 0.0121563 -0.0205093 0.0103668 -0.0300651 0.00178754 0.00364561 0.0276904 0.0174116 -0.00287159 0.00237328 -0.00170234 0.0119652 0.0405658 0.00305302 0.00165255 0.0102977 -0.0075355 0.00960969 0.0241439 -0.00594383 0.0274707 -0.00405581
internal_weight=393.612 226.188 223.088 189.626 177.936 44.4314 40.7827 33.4618 6.61275 26.8491 6.34559 20.5035 133.505 123.218 11.6899 9.52496 18.431 120.347 84.46 35.8871 8.52596 27.3612 76.8963 44.7885 21.972 14.6486 11.2078 6.37382 22.8165 6.10273
internal_count=5063 1960 1684 1419 1318 287 261 265 100 165 47 118 1031 891 101 80 136 869 565 304 64 240 522 295 145 108 90 43 150 40
is_linear=0
shrinkage=0.05


Tree=140
num_leaves=31
num_cat=0
split_feature=4 4 4 4 4 6 7 2 7 6 3 0 4 4 4 0 0 0 6 1 2 0 5 5 3 0 1 1 4 3
split_gain=0.576633 0.853806 2.31619 6.79365 3.64763 1.76645 1.96042 3.65997 1.50948 1.75464 2.92663 1.50856 1.49056 7.94661 5.04394 1.56343 1.42912 1.8572 2.10069 1.41268 1.1193 1.05663 2.16375 4.61252 3.64776 4.06541 3.9157 3.63192 3.88145 2.83048
threshold=2.1473108224874662 1.5030157014768397 1.2268893525324958 1.1348471134948515 1.3189314995279926 -0.35369013894309176 -0.30521524822578677 -0.32143602321805637 -0.26818404671030022 -0.27719307331990628 -0.075495066108994466 1.0081229451328322 0.85872076455050717 0.76667852551286308 0.95076291154600423 0.88734944934584081 -0.54953720779853144 -0.38934376036326751 -0.29184393199041986 1.6995613547709489 -0.35729582234729645 -0.011552942454124868 -0.30451138525780075 -0.28403385243543783 0.28021387243794593 -0.084911859067514403 0.84888361198872497 -0.48726836259587936 -0.24578499939545764 -0.14361931080031545
decision_type=2 2 2 2 2 2 2 2 2 2 2 2 2 2 2 2 2 2 2 2 2 2 2 2 2 2 2 2 2 2
left_child=1 2 3 12 -4 -6 7 -7 -3 10 -10 -8 13 19 -14 16 -16 -18 -19 21 -17 22 -1 -24 25 27 -26 28 29 -25
right_child=-2 8 4 -5 5 6 11 -9 9 -11 -12 -13 14 -15 15 20 17 18 -20 -21 -22 -23 23 24 26 -27 -28 -29 -30 -31
leaf_value=-0.0038030782324053798 -0.03078023824134293 -0.0057884691157278796 -0.058578632125933096 0.062146175716431329 0.027756091911665167 -0.033843510964518188 -0.056476012910082266 0.063159835505129144 0.048000916388068277 0.06401063474515499 -0.014225782673737752 -0.0069025586088956939 -0.05480852338521295 0.059651300179771861 0.022850986531157309 -0.009032267058310799 -0.062230604657556837 0.024558559896144222 -0.028762162854299167 -0.037902253482383234 0.033769188289376535 -0.0025307797793898993 0.054332856048757483 0.025108263520629833 0.040228775330827221 0.041764000009845634 -0.065089243089286902 0.0048212041090057757 -0.053839473790929564 -0.031095749185110017
leaf_weight=58.871029853762593 1.5147135504521418 7.597878193017098 4.2308704757597306 4.4130843135644673 3.1049939207732686 2.0418078107759361 3.2353748227469605 1.8565823805984107 3.33666917309165 2.1333423759788257 4.3567107077687979 2.9193721376359463 5.4063297461252686 5.6020782670238978 2.5227993137668845 2.3196913134306669 2.007830100948925 2.9959489209577468 4.8173904485301975 2.4937713472172609 4.4725004313513628 187.60598096204922 5.2296909480355671 4.4795440821908405 10.451880209264342 5.3489845646545353 0.96395644755102772 35.03741455427371 6.4607540378346959 4.4808149710297576
leaf_count=975 34 164 77 154 41 11 26 54 33 27 34 19 105 213 46 20 41 25 34 149 35 1506 43 96 286 39 25 688 42 21
internal_value=1.0102e-05 0.000129445 -0.000375433 0.00049495 -0.0181936 -0.0052082 -0.0153895 0.0123537 0.0109479 0.0238881 0.0127623 -0.0329619 -0.000278931 0.000612953 -0.0121632 -0.000115058 -0.0107164 -0.0193389 -0.00831685 -0.000416023 0.0191515 -0.000122911 0.0033169 0.00910218 0.00558342 0.000315606 0.0313357 -0.00407824 -0.0242981 -0.00299773
internal_weight=392.31 390.795 373.37 355.981 17.389 13.1581 10.0531 3.89839 17.4246 9.82672 7.69338 6.15475 351.568 327.026 24.5425 19.1362 12.344 9.82117 7.81334 321.424 6.79219 318.93 131.324 72.453 67.2233 55.8075 11.4158 50.4585 15.4211 8.96036
internal_count=5063 5029 4771 4543 228 151 110 65 258 94 67 45 4389 4083 306 201 146 100 59 3870 55 3721 2215 1240 1197 886 311 847 159 117
is_linear=0
shrinkage=0.05


Tree=141
num_leaves=31
num_cat=0
split_feature=7 7 3 3 7 3 7 1 1 2 3 5 5 0 0 4 1 5 1 4 0 0 0 3 5 5 4 1 3 3
split_gain=0.584351 0.846134 0.802606 5.08696 4.85134 4.68936 2.35027 2.09534 1.92931 1.92854 1.73334 1.55711 1.59381 2.74528 2.94145 1.46958 1.44664 1.1999 1.33713 1.08561 1.04775 3.50859 3.42346 3.27148 3.04407 2.69942 2.56398 2.26178 2.19021 5.01498
threshold=3.3044668409538089 2.1351441771488475 -1.2294918527492065 -1.2468658134203887 -1.2447886784390492 -1.2162327775001465 -1.3376587775946709 -1.4718732957946667 1.1992588846131529 -0.12762423356280558 -1.2022116864321746 1.1183285548757507 -0.30451138525780075 -0.4593602482013544 -0.61600749130640986 -0.70599582641508996 1.9668001027168092 -0.58544351638749659 1.9668001027168092 -0.15374285239996058 0.97646373688526711 1.0081229451328322 0.39403016175515826 0.32684927103596262 -0.38016789873922541 -0.70443532405077514 0.39851002957302184 -0.65462115085170292 0.17993259066919218 0.13192560931808389
decision_type=2 2 2 2 2 2 2 2 2 2 2 2 2 2 2 2 2 2 2 2 2 2 2 2 2 2 2 2 2 2
left_child=1 2 3 4 16 -4 10 -6 20 -10 -7 12 17 14 19 -15 -1 18 -9 -14 22 -22 23 -8 26 -25 -24 -26 29 -23
right_child=-2 -3 5 -5 7 6 8 11 9 -11 -12 -13 13 15 -16 -17 -18 -19 -20 -21 21 28 24 25 27 -27 -28 -29 -30 -31
leaf_value=-0.050841452730370343 -0.026216045355317793 0.018327494609006671 -0.056471573057901882 0.063080715282612415 -0.042806454448887643 -0.018616819580830894 -0.0026980612950330933 0.00011603590198437965 -0.052656926762577119 0.0010427444397674002 0.066585857778611299 0.051904613585030318 0.040699784821874356 -0.029559944349216483 -0.088707554929876142 0.046365102601011697 0.0011001934022092023 0.046629445538985806 0.050411991746781709 -0.033984152696019544 0.064894409520143789 0.0041757914460431199 -0.015751361724830437 -0.035051623631598069 -0.03568299675359176 0.018859802359803123 0.062168969960289894 -0.0092377586078798719 -0.00325423889190737 0.050221253602978778
leaf_weight=4.9247376064304289 2.1125043071806422 6.2998135401867321 3.7482664668932548 3.6384788602590552 1.6349294176325226 0.81746519636362824 138.45002538128756 5.9661415987648079 3.5251118682790548 3.1804442391730836 2.2125405633705659 2.6335037429817012 0.95546054001897573 0.88228627014905248 1.6083414428867397 2.2954928036779192 1.8418518602848051 3.4887016876600692 1.6973965205252168 0.99154667276889108 2.2829687488265327 45.616976121207699 2.0790276775369412 2.5120433076517648 14.862079266458748 30.680664783692919 2.1449155258014798 17.731634862255305 72.949600099469535 6.7941041141748419
leaf_count=289 17 51 50 38 30 9 1048 87 230 160 450 332 30 11 16 80 10 66 17 12 18 298 34 67 82 658 18 127 679 49
internal_value=9.84209e-06 0.000152467 -0.000147154 0.00736128 0.000351214 -0.000846452 -0.000243578 0.011669 -0.000631092 -0.0271872 0.043599 0.0160095 0.0107242 -0.00848513 -0.038669 0.0252851 -0.036703 0.0223218 0.0112561 0.00266571 -0.000101276 0.00346631 -0.00228576 0.000681843 -0.0161206 0.0147798 0.0238165 -0.0212963 0.00234763 0.0101447
internal_weight=390.559 388.447 382.147 32.5589 28.9204 349.588 345.84 22.1538 342.81 6.70556 3.03001 20.5189 17.8854 6.73313 3.55535 3.17778 6.76659 11.1522 7.66354 1.94701 336.104 127.644 208.46 171.643 36.8177 33.1927 4.22394 32.5937 125.361 52.4111
internal_count=5063 5046 4995 1018 980 3977 3927 681 3468 390 459 651 319 149 58 91 299 170 104 42 3078 1044 2034 1773 261 725 52 209 1026 347
is_linear=0
shrinkage=0.05


Tree=142
num_leaves=31
num_cat=0
split_feature=0 3 0 6 7 1 7 3 0 2 7 3 2 0 2 3 2 4 6 7 5 7 7 4 5 1 1 3 1 6
split_gain=0.55284 1.7347 1.31018 1.71131 1.20822 1.29911 0.808756 1.05473 3.1897 2.51432 0.81101 1.15629 1.88542 0.758722 0.732627 0.71814 1.04362 0.671589 3.72752 2.3605 1.70272 2.27254 2.03864 1.46847 1.36935 1.29788 2.39784 3.44718 2.09634 1.78165
threshold=-1.7858435937961639 -0.84177820408703419 -1.2032602308913283 -0.32354231091743663 0.81527880674477571 -0.5347122480721701 1.7069485967855076 0.31008490777959319 0.86736868516273036 -0.45557937764461048 1.4856052187525384 0.22214829751752216 -0.39567619450301389 -0.6461876042686906 -0.46265158438555704 -0.57370105423428386 -0.462054069539728 -0.89008012040608409 -0.19272153395928504 1.3356304753668569 -1.0103651099613307 1.0000000180025095e-35 -0.46783122999033083 -1.1662064693504284 1.1183285548757507 -0.56286737773942452 -0.59362835934702651 -0.11524854744325756 -0.55141962485020757 -0.16848425183730512
decision_type=2 2 2 2 2 2 2 2 2 2 2 2 2 2 2 2 2 2 2 2 2 2 2 2 2 2 2 2 2 2
left_child=1 14 3 4 -2 -6 10 8 9 -8 17 12 13 -12 -1 16 -7 18 19 20 -4 22 -22 -24 -23 26 -19 -28 -27 -30
right_child=2 -3 6 -5 5 15 7 -9 -10 -11 11 -13 -14 -15 -16 -17 -18 25 -20 -21 21 24 23 -25 -26 28 27 -29 29 -31
leaf_value=0.019121109000301669 -0.036244175552570979 0.049287085082471954 -0.058917771917743694 -0.058839412808971904 -0.043475479197874457 0.03577820476288137 -0.012385677456760627 0.037898638739325113 -0.029824844327939855 0.052956547896470779 -0.028947574513587301 0.014192234670832672 -0.054516473272075039 0.024477257703172148 -0.05404890966519045 0.049430812039162025 -0.051648783262896264 -0.00066051459500928193 0.048866215816058912 0.04430081197940719 -0.023571354037727733 -0.018988058611768575 0.056567511390873917 0.0075145021780011513 0.015092428654909708 0.04177199790427976 0.020658441809291047 -0.047362481980125999 0.0051393367279181229 -0.013478461220216785
leaf_weight=0.59506733063608408 2.1754374967422336 2.0463214984629294 1.8068464016541828 2.1050345674157125 0.86715486762113902 0.84027469623833895 2.4267873973585656 3.1011985919903955 4.0570101793855429 3.7428196817636481 1.1297502592206004 2.3025574581697583 3.0796644110232574 1.613955653272569 0.80475384322926424 1.5627708593383427 0.57487412774935409 145.7389785037376 2.9737293020589268 1.9893450618255872 2.6576746134087443 28.853164978791028 2.6906835278496146 3.5239106714725477 3.2827702686190596 3.6411365706007919 2.6412124570924789 6.3182808130513859 135.5950361591531 14.195383219339417
leaf_count=28 72 72 49 98 29 33 35 39 20 40 20 54 14 26 23 54 16 1290 157 36 29 220 28 26 150 36 24 48 1611 686
internal_value=9.3017e-06 0.0199468 -0.000168934 -0.0200337 -0.00646555 0.0103824 0.000258805 0.0123562 0.00461049 0.0272545 -0.000184097 -0.0158028 -0.0276628 0.00247901 -0.0229442 0.0260655 0.000262849 0.000172501 -0.00534326 -0.00894121 -0.011415 -0.00932203 0.013079 0.0287526 -0.0155066 0.00102777 -0.00220396 -0.0273103 0.00428617 0.00337496
internal_weight=388.934 3.44614 385.487 8.12555 6.02051 3.84507 377.362 13.3278 10.2266 6.16961 364.034 8.12593 5.82337 2.74371 1.39982 2.97792 1.41515 355.908 47.7781 44.8044 42.8151 41.0082 8.87227 6.21459 32.1359 308.13 154.698 8.95949 153.432 149.79
internal_count=5063 123 4940 302 204 132 4638 134 95 75 4504 114 60 46 51 103 49 4390 695 538 502 453 83 54 370 3695 1362 72 2333 2297
is_linear=0
shrinkage=0.05


Tree=143
num_leaves=31
num_cat=0
split_feature=4 0 0 7 6 2 2 2 6 6 7 4 5 7 6 4 3 4 2 0 0 4 0 1 2 3 7 6 5 1
split_gain=0.583285 1.06102 0.703681 2.44796 1.92221 2.2842 1.7916 0.829563 2.89623 3.04814 3.98755 3.04348 4.65588 2.46433 3.0554 2.43912 2.34245 2.04468 1.98563 1.97677 2.46803 1.9696 2.14182 3.94474 1.90212 4.62475 1.89075 1.83912 1.99076 1.83897
threshold=-2.7309230603160253 -0.70867081470297688 -1.2032602308913283 0.81527880674477571 -0.31283735861622719 -0.44504841469390521 -0.46382645497508307 -0.39567619450301389 -0.36788234654004864 -0.37505752923930619 -1.2447886784390492 -0.52191153242409583 -0.082554548656509893 -0.046791986116180413 -0.39497615852229445 0.30646788257752478 -1.1270769266875007 0.58259423152186895 -0.37783602592331683 -0.54953720779853144 -0.40508591749695272 0.30646788257752478 0.045484203462505902 -0.39415026142350457 -0.41405905713164176 -1.0676396928124032 0.78739992672566717 -0.37298353177785487 -0.77662554651860782 -0.56286737773942452
decision_type=2 2 2 2 2 2 2 2 2 2 2 2 2 2 2 2 2 2 2 2 2 2 2 2 2 2 2 2 2 2
left_child=1 -1 3 -2 5 6 -5 8 9 10 -4 13 19 14 -12 -10 -15 -17 21 -13 -21 22 -9 -24 25 -14 -18 -20 -29 -11
right_child=2 -3 7 4 -6 -7 -8 18 15 29 11 12 24 16 -16 17 26 -19 27 20 -22 -23 23 -25 -26 -27 -28 28 -30 -31
leaf_value=0.058237249995979103 -0.048563537590054419 -0.025569900559431091 -0.033589667049393847 0.039871160730229442 -0.057105033195391668 0.041534860441348923 -0.047585670441855937 0.02115361886028163 0.043310362610302244 -0.059434904779088762 -0.015859882811298576 0.02635951209749093 0.051337467575337747 -0.00043837659976138723 0.060005969527181159 -0.031131647731105213 -0.065318791134335003 0.019964670981535426 -0.030279368568156929 -0.048282726657926503 0.0035549846667290962 -0.030595353205044674 0.017410513000542405 -0.050302848012682679 0.082887923855854861 -0.028175753001644949 -0.0143100687385948 0.025552648027667647 1.0043466903084511e-05 -0.0045776864169022533
leaf_weight=1.0995438196696339 3.2985864970833045 0.57523939688689907 6.6533728146459898 0.8563914531841873 1.1110787435900418 3.4205033237813045 1.8518891604617236 5.7900661155581501 7.8640781121794161 3.2602923419326544 2.399442233145237 5.7408971034456071 7.7146598487161091 15.747708025854083 2.9696597233414677 2.6971441451460105 2.9758130665868512 7.1431920407339931 4.8516120216809204 3.038684934377673 9.3964440166018885 10.819144747685639 4.0944345705211163 4.5310695096850377 2.2975170905701807 2.3969067130237809 4.6640929523855448 7.8703372844611286 248.05140389397275 2.8748434986919156
leaf_count=27 173 55 298 73 32 92 38 69 95 14 32 67 168 422 21 15 17 69 24 24 125 71 26 20 17 20 52 686 2184 37
internal_value=8.26744e-06 0.0294519 -0.000119357 -0.0128622 0.00340391 0.0143735 -0.0199308 0.000237945 0.00442934 -1.84739e-05 0.00311542 0.00723077 0.0182104 -0.004447 0.0261017 0.0225504 -0.0114601 0.00595965 -0.00107857 0.00209152 -0.00911223 -0.0144711 -0.00236957 -0.01816 0.0418204 0.0324892 -0.0341784 0.000217413 0.000795553 -0.0337295
internal_weight=388.056 1.67478 386.381 10.5384 7.23986 6.12878 2.70828 375.843 89.8347 72.1303 65.9952 59.3418 30.5851 28.7567 5.3691 17.7044 23.3876 9.84034 286.008 18.176 12.4351 25.2347 14.4156 8.6255 12.4091 10.1116 7.63991 260.773 255.922 6.13514
internal_count=5063 82 4981 408 235 203 111 4573 1493 1314 1263 965 421 544 53 179 491 84 3080 216 149 186 115 46 205 188 69 2894 2870 51
is_linear=0
shrinkage=0.05


Tree=144
num_leaves=31
num_cat=0
split_feature=7 7 6 3 3 3 7 7 1 1 2 3 5 5 0 0 1 0 5 1 7 0 0 3 5 5 4 1 3 3
split_gain=0.584959 0.734146 0.906748 0.757619 4.44948 4.42172 4.27114 2.07418 1.93063 1.79391 1.83136 1.6937 1.49118 1.50987 2.41003 2.38521 1.48387 1.38793 1.10011 1.17568 1.03884 1.00528 3.07237 3.00569 2.72975 2.4717 2.33453 2.09593 2.05693 3.72311
threshold=3.3044668409538089 2.1351441771488475 -0.35281518812702739 -1.2294918527492065 -1.2468658134203887 -1.2162327775001465 -1.2447886784390492 -1.3376587775946709 -1.4718732957946667 1.1992588846131529 -0.12762423356280558 -1.2022116864321746 1.1183285548757507 -0.30451138525780075 -0.4593602482013544 -0.61600749130640986 1.9668001027168092 1.1956225056939336 -0.58544351638749659 1.9668001027168092 -0.85820046033938524 0.97646373688526711 0.39403016175515826 0.32684927103596262 -0.38016789873922541 -0.70443532405077514 0.39851002957302184 -0.65462115085170292 -0.39325567783540732 0.15813895348863957
decision_type=2 2 2 2 2 2 2 2 2 2 2 2 2 2 2 2 2 2 2 2 2 2 2 2 2 2 2 2 2 2
left_child=1 3 -3 4 6 -5 16 11 -8 21 -11 -7 13 18 15 -15 -1 -16 19 20 -10 22 23 -9 26 -25 -24 -26 -29 -30
right_child=-2 2 -4 5 -6 7 8 9 12 10 -12 -13 -14 14 17 -17 -18 -19 -20 -21 -22 -23 24 25 27 -27 -28 28 29 -31
leaf_value=-0.05077300175226919 -0.026620006475156256 0.033781213470939472 -0.004730898365022264 -0.055795979872871604 0.059704526838192856 -0.019105432453635465 -0.041679069045770775 -0.002662665365671198 -0.032539640287851841 -0.052605468978048235 0.00078163687550032376 0.065668265346750548 0.051795915959261446 0.0016721211498953337 0.052632006096488007 -0.080445874382471749 0.0023954737712855844 -0.016109429730354674 0.045309075724832143 0.048688247328035041 0.01391131266910426 0.0034161561389529568 -0.015578674329351597 -0.033514394671649177 -0.034368414033827302 0.018102665040594337 0.058818154893071899 0.0366802249119699 -0.053990049918236943 0.00036431620345378111
leaf_weight=4.5327834875788602 2.0516217593103638 3.5439047566615045 2.6873637251555911 3.6174372155219308 3.58815565239638 0.82018990162760053 1.5989014585502541 137.50417755823582 1.6838478269055492 3.3157089819433168 3.1158971958793691 2.0919610426062709 2.4691184861585489 1.8996277148835363 1.7728426777757662 1.6544138537719844 1.8470158874988554 1.2534773163497446 3.3962161163799474 1.6252081505954263 4.2205963837914169 127.19372188544367 2.0653672093758351 2.510927213355898 14.604812854900954 30.382839281461202 2.1543517103418708 2.1827199151739469 4.4119968954473761 11.018456186633555
leaf_count=289 17 33 18 50 38 9 30 1048 35 230 160 450 332 42 83 16 10 8 66 17 52 1044 34 67 82 658 18 18 22 87
internal_value=7.42242e-06 0.000149404 0.0171721 -0.000130817 0.00728837 -0.000805238 0.000560286 -0.00022591 0.0111884 -0.000585315 -0.0267412 0.0417923 0.0154201 0.0102896 -0.00863158 -0.036554 -0.0353802 0.0241599 0.0216852 0.0110298 0.000664285 -8.1693e-05 -0.0022327 0.00058528 -0.0154107 0.0141625 0.0224042 -0.0203635 -0.00875067 -0.0151771
internal_weight=386.816 384.764 6.23127 378.533 31.5422 346.991 27.954 343.373 21.5742 340.461 6.43161 2.91215 19.9753 17.5062 6.58036 3.55404 6.3798 3.02632 10.9259 7.52965 5.90444 334.029 206.836 170.398 36.4377 32.8938 4.21972 32.218 17.6132 15.4305
internal_count=5063 5046 51 4995 1018 3977 980 3927 681 3468 390 459 651 319 149 58 299 91 170 104 87 3078 2034 1773 261 725 52 209 127 109
is_linear=0
shrinkage=0.05


Tree=145
num_leaves=31
num_cat=0
split_feature=4 0 1 7 3 2 2 4 3 5 2 6 7 0 6 5 1 1 1 5 5 6 3 0 1 1 0 1 1 3
split_gain=0.54504 0.942861 0.740889 1.49116 2.72783 1.92673 3.74834 1.16759 3.33196 1.85905 2.03899 1.73775 1.89343 1.53232 1.30499 1.22033 1.18305 1.49742 1.1747 1.08722 0.976014 1.34633 1.19531 2.51735 2.7855 2.89712 2.15391 2.0887 2.96238 2.42036
threshold=-2.7309230603160253 -0.70867081470297688 0.75961552443556102 -1.3396385350814761 -1.2022116864321746 -0.39876115040228582 -0.4358445192622965 0.95076291154600423 0.99818523797762937 1.1183285548757507 -0.46139035719728066 -0.37417434729910565 0.21460091222363373 -0.3945432932693374 -0.15205499317171395 2.1706383116277261 1.4878611635210939 1.6995613547709489 1.9857585475218218 -0.64488756949445314 -1.0858275335679293 -0.33245463629139843 -1.0970535034223874 -0.27567258358095698 0.35128180797695679 -0.40050501136958616 -1.7858435937961639 -0.6402321059652577 0.33311807327612236 -1.1915434649674137
decision_type=2 2 2 2 2 2 2 2 2 2 2 2 2 2 2 2 2 2 2 2 2 2 2 2 2 2 2 2 2 2
left_child=1 -1 20 4 5 6 -4 8 9 14 15 18 -13 -10 16 -11 -5 -18 -9 -16 21 -2 23 24 25 -22 -24 29 -29 -25
right_child=2 -3 3 7 -6 -7 -8 11 13 10 -12 12 -14 -15 19 -17 17 -19 -20 -21 22 -23 26 27 -26 -27 -28 28 -30 -31
leaf_value=0.055511548316185315 -0.038503309197362223 -0.024055536158508705 -0.050702119970628928 -0.056134590314718763 0.066654418006652713 -0.054529273033397219 0.061330903742931354 0.004877975738314163 -0.034836149582923241 0.043939957480570446 -0.05394020604073127 -0.055172035315463212 0.034994569899026218 0.056321390518352166 0.04878698180019312 -0.03623613623836601 0.035274117495008014 -0.04546423495592708 0.063009243266131276 -0.047895748661164909 0.015578157741068119 0.024612902259864351 0.056312822338728807 -0.022675517585854288 0.029775486640190647 -0.032012279948204755 -0.00056710251775020132 0.045366846835920363 -0.017219092448134101 0.025419973003321168
leaf_weight=1.0996902724727986 3.3620314763393253 0.56290876341517915 1.2616463776212183 7.2056269934400969 1.765117307659241 1.4340781532227991 1.8288422264158728 2.2704868167638779 0.61417271452955935 2.0235511551145473 1.1786818527616549 1.7957094106823199 0.86159607185982157 1.8485151466447849 0.7123408613842912 0.62001650454476465 0.90240033948794041 1.579404685879126 1.4079797416925433 0.49133846862241515 4.8668449987890208 1.128517982084303 1.6734715012134973 4.8150389846414328 4.4167012064717701 9.3256003642454743 305.96388100087643 10.135684483451767 2.3242956418544045 5.7272448809817451
leaf_count=27 145 55 84 120 426 23 16 39 39 79 23 90 17 49 89 7 30 120 13 12 138 42 52 59 142 235 2639 171 30 52
internal_value=6.2756e-06 0.0285724 -0.000117555 -0.00768873 0.0139355 -0.0066311 0.0155951 -0.0134735 -0.0202407 -0.0292503 0.000750712 0.00487223 -0.0259367 0.0335875 -0.0397792 0.0251356 -0.0458801 -0.0161072 0.0271285 0.00932137 0.000520295 -0.0226416 0.000818104 0.00877156 -0.00490124 -0.0156927 -0.00025769 0.019833 0.033692 0.00345304
internal_weight=385.203 1.6626 383.541 29.8015 6.28968 4.52457 3.09049 23.5118 17.176 14.7134 3.82225 6.33577 2.65731 2.46269 10.8911 2.64357 9.68743 2.48181 3.67847 1.20368 353.739 4.49055 349.249 41.6114 18.6091 14.1924 307.637 23.0023 12.46 10.5423
internal_count=5063 82 4981 1276 549 123 100 727 568 480 109 159 107 88 371 86 270 150 52 101 3705 187 3518 827 515 373 2691 312 201 111
is_linear=0
shrinkage=0.05


Tree=146
num_leaves=31
num_cat=0
split_feature=7 4 4 4 7 5 5 0 4 2 5 7 3 4 4 4 1 1 5 1 3 5 5 3 5 4 2 3 2 2
split_gain=0.555898 0.691002 7.01186 5.92275 1.46884 1.90376 3.1991 1.46706 1.284 2.6478 3.93179 3.26433 2.74767 2.16884 12.6023 9.36206 2.15496 2.07495 3.15169 2.79498 4.00023 3.76144 4.32093 2.05402 1.93059 1.94555 1.94274 3.86876 2.8093 3.53717
threshold=3.3044668409538089 -0.24578499939545764 -0.15374285239996058 -0.33782723843310175 1.3356304753668569 0.93742207714292702 0.11546757301991879 -1.1760400074157753 1.0000000180025095e-35 -0.3278342553295 -0.42593387081195272 -0.18321674998151552 -1.0676396928124032 0.30646788257752478 0.39851002957302184 0.21442564353988061 -0.82874150453645379 0.35128180797695679 -0.40935775467923635 -0.80979390401462525 0.21292240435448043 -0.16502873174825422 -0.30451138525780075 0.32136272665916715 0.98480453059191408 0.85872076455050717 -0.33203770776548741 -0.15154427531699513 -0.34012113947976458 -0.34284551158743826
decision_type=2 2 2 2 2 2 2 2 2 2 2 2 2 2 2 2 2 2 2 2 2 2 2 2 2 2 2 2 2 2
left_child=1 3 -3 4 -1 6 -6 -4 9 11 23 12 -9 15 -15 17 -13 18 -10 20 -20 22 -21 -11 26 -26 28 -28 29 -16
right_child=-2 2 7 -5 5 -7 -8 8 13 10 -12 16 -14 14 24 -17 -18 -19 19 21 -22 -23 -24 -25 25 -27 27 -29 -30 -31
leaf_value=-0.001264564244108682 -0.026240490303060061 -0.05546263630563654 -0.036790628974930843 0.054548922044870635 0.0039694172430683522 -0.00021874156052602506 0.067705114709452216 -0.0040740431928718767 -0.034466143480073194 0.049016963966342607 -0.033592336970342487 -0.037600961167459417 0.080499745535951281 -0.05987136626117362 -0.0045430424792702959 0.059120720157727027 0.01179422590362126 0.031036621971923535 0.0034047030155586982 -0.012770235240757722 0.069133531338357521 -0.017044313341151304 0.057281380042358332 -0.020860399145149221 0.064390756155626436 0.0074577490324957019 0.048516167564878449 0.0034439978683503004 -0.037187075133843416 0.052083666466007483
leaf_weight=111.16387884959113 2.0069769471883765 5.8612642635125658 2.6961405536858356 5.3556439465028225 4.4165407246910062 10.223560222657396 3.5523831248283386 1.62121739378199 6.3328810308594248 2.5846287729218647 14.465324318967756 3.7124278470873824 2.3559458404779425 8.6948847123421711 57.989172245142981 8.2920040805474837 5.4489702656865147 5.3946143499342716 6.7621008157730049 4.3782222801819444 3.5196342645213008 19.115428186021752 4.4272911278530938 1.7731071580201385 2.4174865745007983 3.9562411459628493 5.1633015641127633 61.098406277364127 6.1969093717634669 2.8954320736229411
leaf_count=1501 17 128 161 278 34 244 40 33 48 37 77 15 15 84 671 179 39 113 35 23 35 110 33 42 28 39 84 864 38 18
internal_value=5.19959e-06 0.00014314 -0.00142713 0.00302408 0.000890837 0.0140613 0.0323815 -0.000114545 0.000299896 -0.00902637 -0.0210498 0.00819905 0.0460248 0.00174246 -0.00146597 0.00992094 -0.00822194 0.00175023 -0.00179724 0.0036183 0.0259049 -0.00458863 0.0224508 0.0205848 0.00216872 0.0290518 0.000883726 0.00695615 -0.00511449 -0.0018501
internal_weight=383.872 381.865 247.153 134.712 129.356 18.1925 7.96892 241.292 238.596 31.9616 18.8231 13.1386 3.97716 206.634 148.412 58.2222 9.1614 49.9302 44.5356 38.2027 10.2817 27.9209 8.80551 4.35774 139.717 6.37373 133.343 66.2617 67.0815 60.8846
internal_count=5063 5046 2949 2097 1819 318 74 2821 2660 258 156 102 48 2402 1826 576 54 397 284 236 70 166 56 79 1742 67 1675 948 727 689
is_linear=0
shrinkage=0.05


Tree=147
num_leaves=31
num_cat=0
split_feature=3 3 3 7 7 1 2 1 3 1 2 0 4 0 0 4 1 5 2 4 0 0 7 0 4 2 2 1 5 6
split_gain=0.522383 4.0356 3.77464 3.54682 1.76961 1.56971 1.86607 1.5271 1.49874 1.4316 1.21339 1.92817 2.12249 1.11581 2.09356 1.79365 1.02234 1.9238 1.08965 2.50518 1.43055 1.46233 1.27815 2.34089 1.51137 1.13955 1.11536 5.03616 3.47634 1.79383
threshold=-1.2294918527492065 -1.2162327775001465 -1.2468658134203887 -1.2447886784390492 -1.3376587775946709 1.1992588846131529 -0.12762423356280558 -1.4718732957946667 -1.2022116864321746 1.9668001027168092 -0.46382645497508307 -1.5518385629752418 -1.4423330023790664 -0.28835055665256876 -0.54953720779853144 -0.24578499939545764 -1.6877215719069374 -0.66729479009757864 -0.45780977284132413 -0.24578499939545764 -1.7858435937961639 -1.2587128543365562 1.7069485967855076 0.09883762722424165 -0.24578499939545764 -0.42201092308645366 -0.44644579680684154 0.54652667876062855 0.73300199645192177 -0.36987084108345514
decision_type=2 2 2 2 2 2 2 2 2 2 2 2 2 2 2 2 2 2 2 2 2 2 2 2 2 2 2 2 2 2
left_child=2 -2 3 9 8 16 -7 -5 -3 -1 11 -9 -13 14 -14 -16 17 -6 19 -18 -20 25 26 -24 -25 -22 27 28 -23 -28
right_child=1 4 -4 7 5 6 -8 10 -10 -11 -12 12 13 -15 15 -17 18 -19 20 -21 21 22 23 24 -26 -27 29 -29 -30 -31
leaf_value=-0.050712111345463454 -0.054751179318126279 -0.01753033813600249 0.053413782173576445 -0.038688586736551955 0.064104406341648587 -0.052479462388037461 0.0023393504454634786 0.10143530434027155 0.064427395630891046 0.0024217463617862232 -0.026549389942215864 -0.030246528891864605 0.027404202613524199 0.041558929278805924 0.023750000440051659 -0.046023945954305895 -0.044806653227473348 0.0034748349380462709 0.04418995139886861 0.040869724507663727 0.01326038038942875 0.051902850742315966 0.060039674074783993 0.025815687458036054 -0.016944068017810919 -0.046944733856146892 -0.012349410083402889 -0.060402801114007622 -0.010052978405466512 0.00034025991688037337
leaf_weight=4.1246890702750596 3.400956743862479 0.78950638603419099 3.7279020026326171 1.5529999854043222 1.7730190446600316 3.1248194149229676 3.085108080354984 0.64529258175754378 1.9007469608914096 1.8302206061780451 1.7930167657323028 2.4057345110923203 7.3888135574525347 4.3959215593058341 1.5350467620883139 2.3028254332020879 3.5534555967897177 4.9925356199964872 1.8272379843983788 1.1228055194951583 1.0832487456500532 6.1814971766434592 2.4551398141775271 4.1332957807462654 4.1327923964709035 2.864009507931768 31.088471714407206 1.8680898845195759 3.5726848300546408 267.32692344835959
leaf_count=289 50 9 42 33 24 231 161 48 450 10 28 34 299 140 83 27 69 54 61 18 23 67 42 33 24 89 196 25 40 2364
internal_value=5.79455e-06 -0.000550476 0.00615195 -0.00014618 -1.90623e-05 -0.000334797 -0.0252453 0.00911232 0.0403753 -0.0343816 0.0127394 0.0165119 0.0134722 0.0202045 0.0118429 -0.0181162 0.000122907 0.0193638 -0.000270122 -0.0242351 7.3079e-05 -0.000175182 0.000197042 0.01717 0.00443711 -0.0304226 -0.000389889 0.0148063 0.0292102 -0.000981731
internal_weight=381.979 350.276 31.7025 27.9746 346.875 344.185 6.20993 22.0197 2.69025 5.95491 20.4667 18.6736 18.0283 15.6226 11.2267 3.83787 337.975 6.76555 331.21 4.67626 326.533 324.706 320.759 10.7212 8.26609 3.94726 310.038 11.6223 9.75418 298.415
internal_count=5063 4030 1033 991 3980 3521 392 692 459 299 659 631 583 549 409 110 3129 78 3051 87 2964 2903 2791 99 57 112 2692 132 107 2560
is_linear=0
shrinkage=0.05


Tree=148
num_leaves=31
num_cat=0
split_feature=0 3 6 0 3 6 3 0 7 0 0 7 1 7 3 1 5 4 3 1 1 3 2 0 7 3 2 7 5 4
split_gain=0.517762 1.56254 1.41571 0.769004 2.69971 2.24716 1.93953 0.921742 2.40844 1.75349 1.65537 2.07269 1.71232 1.23374 1.07963 1.67696 1.50083 1.1692 1.01867 4.06879 3.58878 4.29804 3.90117 3.23094 3.21853 2.80001 2.70387 5.02115 4.29522 2.89425
threshold=2.0589751712411388 -0.26386542226486698 -0.27099365882653137 1.8518637944562262 0.38156197635317574 -0.26320106624132844 0.17993259066919218 1.7731382848477517 -0.037071701406374773 1.7383792152987647 1.5869265971197628 0.025371797029905569 -0.40050501136958616 -0.2754539758421749 1.7669070551809316 -1.1004659755671204 0.11546757301991879 -0.15374285239996058 0.10677908729400419 -1.438978628198343 -1.0222867537475155 -0.59808554519913548 -0.42820906759540006 0.28428102731122423 -0.046791986116180413 0.11180837645850385 -0.34461165077441941 0.20142416567211083 0.65903693769190641 -1.4423330023790664
decision_type=2 2 2 2 2 2 2 2 2 2 2 2 2 2 2 2 2 2 2 2 2 2 2 2 2 2 2 2 2 2
left_child=3 -2 -3 7 6 -6 -5 9 -9 10 14 13 -13 -12 18 -16 17 -17 20 -20 21 22 23 24 -1 -21 27 -27 -29 -28
right_child=1 2 -4 4 5 -7 -8 8 -10 -11 11 12 -14 -15 15 16 -18 -19 19 25 -22 -23 -24 -25 -26 26 29 28 -30 -31
leaf_value=0.067558174673137697 -0.029111345494835478 0.045628884025719033 -0.0075627731620446521 -0.00072165583655590525 0.057939178431602546 -0.014624855261854941 -0.045879161026964439 -0.014636961230165528 0.05059087822877506 -0.026868864694767066 0.018720108733512427 0.020497154729943231 -0.031340986017024106 0.068238892850245578 0.071405402935659654 0.060111157152188011 -0.044346198160311212 -0.022301563868764387 0.048538211979685358 0.061078318798648036 0.00085313346826261104 -0.031510197502170927 0.066710823192656976 -0.045173298993761261 -0.0087252481703214389 0.056997314767698128 0.042370988599658987 -0.040651078276889831 0.02090870311425394 -0.0034230435616117052
leaf_weight=1.950979270040986 1.655308600515127 3.459179178345948 1.9595155470306047 4.1882358929142338 2.1170306475833049 2.1509098208043724 5.5007740259170532 2.6521140749100596 3.0342714863363645 6.0237994603812686 2.5603461780119687 4.1590399153064936 2.5820334998425096 2.4725244916044158 0.4591967612504958 0.71286955685354736 4.1381094383541495 1.0859941630624226 4.8011348705040282 1.9573701422777947 155.48210303473752 20.346623016521335 2.1690274477004996 3.6125688054598868 4.7473381764721134 5.8244736704509732 3.559801446972414 4.1750201229006043 8.8188100070692581 112.1828888739692
leaf_count=20 10 37 27 29 42 39 23 22 35 39 50 38 18 27 3 39 52 40 75 18 2214 108 16 59 66 57 92 24 196 1548
internal_value=4.8363e-06 0.0134055 0.0263936 -0.000248993 -0.0117641 0.0213692 -0.0263591 0.00019805 0.0201688 -0.000122906 0.000340329 0.0187683 0.000641591 0.0430475 -0.00030537 -0.0206511 -0.0277713 0.0103577 8.9424e-05 0.00329797 -0.00231848 -0.0173408 0.00576036 -0.00706135 0.0134934 0.00170694 0.000843302 0.0184209 0.00112906 -0.00201459
internal_weight=380.539 7.074 5.41869 373.465 13.957 4.26794 9.68901 359.508 5.68639 353.822 347.798 11.7739 6.74107 5.03287 336.024 6.39617 5.93697 1.79886 329.628 141.319 188.309 32.8265 12.4799 10.3109 6.69832 136.518 134.561 18.8183 12.9938 115.743
internal_count=5063 74 64 4989 133 81 52 4856 57 4799 4760 133 56 77 4627 134 131 79 4493 2010 2483 269 161 145 86 1935 1917 277 220 1640
is_linear=0
shrinkage=0.05


Tree=149
num_leaves=31
num_cat=0
split_feature=7 3 3 3 7 5 7 5 4 5 1 2 3 1 0 2 4 4 4 7 3 1 0 2 5 5 1 3 3 1
split_gain=0.526372 0.66279 3.80849 3.24734 3.57483 2.18157 1.64555 1.53075 1.97467 1.82125 1.46045 1.79622 1.42843 1.39742 1.11333 1.13441 1.07713 6.75547 3.92276 3.54748 2.09996 2.82987 1.85617 1.10996 1.96509 4.09013 4.27975 4.0037 3.49333 2.28979
threshold=3.3044668409538089 -1.2294918527492065 -1.2162327775001465 -1.2468658134203887 -1.2447886784390492 1.1183285548757507 -1.3376587775946709 -0.30451138525780075 -1.4423330023790664 -0.22047747631276024 1.1992588846131529 -0.12762423356280558 -1.2022116864321746 1.9668001027168092 0.13139565650439944 -0.46382645497508307 -1.1662064693504284 -1.0741643223549311 -1.2582487083880722 -0.00990683228414674 0.051151932513464518 -1.0000000180025095e-35 0.1824203381326519 -0.39567619450301389 -0.33265651916400002 0.57596506989537255 -0.52615903952699428 -0.57370105423428386 -1.0676396928124032 -0.68181993197758373
decision_type=2 2 2 2 2 2 2 2 2 2 2 2 2 2 2 2 2 2 2 2 2 2 2 2 2 2 2 2 2 2
left_child=1 3 -3 4 13 7 12 14 -9 -10 16 -12 -4 -1 15 -6 18 -18 19 -8 -21 22 -22 24 29 26 28 -27 -26 -19
right_child=-2 2 6 -5 5 -7 10 8 9 -11 11 -13 -14 -15 -16 -17 17 23 -20 20 21 -23 -24 -25 25 27 -28 -29 -30 -31
leaf_value=-0.050676429713591556 -0.025774014314855716 -0.054164577987350096 -0.016796060475786457 0.051233054297604143 0.028332675625902488 0.053282748718871099 0.052752330194352194 -0.071328124228294168 -0.060138068631497989 0.010990436053286624 -0.052369177305341269 0.0021319550594613495 0.063879649812728423 0.0022590463689056307 -0.028043260308844943 -0.022805178386151564 -0.065015136476339469 0.024545822323354904 0.073508890253746142 -0.020478914112767102 0.040873097468746747 0.062463311495852172 -0.025243621177718212 -0.0010928752503462471 0.061271911163737536 -0.021968623383842496 0.060018969544757932 0.018196143063009887 -0.0089339407465405096 -0.028344027343913239
leaf_weight=3.914348060032359 1.9697371069341887 3.272723563713952 0.78493904229253564 3.6822275402955702 8.6653533671051246 2.6290531523991367 3.122061589965603 1.2137190634384749 1.0930767608806489 5.0938213937915888 2.9694640737725422 3.0796455058152779 1.8228543802979391 1.8294050209224222 1.2556783650070418 1.2396283005364264 4.0168316457420579 2.882015498355031 2.2418327368795863 9.6913660522550362 1.5142358893062979 2.1977043701335717 3.5507161426357925 257.19857430824777 2.3690755907446146 11.933159482665358 7.1873292000964275 12.924596249824392 7.0289956573396939 7.0580123821273428
leaf_count=289 17 50 9 42 141 346 65 9 16 137 231 161 450 10 21 19 29 23 55 60 33 37 36 2273 32 152 79 154 39 48
internal_value=5.94279e-06 0.000140472 -0.000482013 0.00719248 0.00117159 0.0106552 2.93424e-05 0.0046174 -0.0130157 -0.00157627 -0.000273277 -0.0246223 0.0395965 -0.0338163 0.0163099 0.0219327 0.000166503 -0.000591148 0.0107786 0.00377374 -0.00524561 0.0150819 -0.00547713 0.000247464 0.00695653 0.0117452 0.0309753 -0.00108527 0.00876362 -0.0130091
internal_weight=379.432 377.462 346.846 30.6163 26.9341 21.1903 343.573 18.5613 7.40062 6.1869 340.966 6.04911 2.60779 5.74375 11.1607 9.90498 334.917 312.599 22.3179 20.0761 16.954 7.26266 5.06495 308.582 51.3832 41.4432 16.5854 24.8578 9.39807 9.94003
internal_count=5063 5046 4016 1030 988 689 3966 343 162 153 3507 392 459 299 181 160 3115 2829 286 231 166 106 69 2800 527 456 150 306 71 71
is_linear=0
shrinkage=0.05


Tree=150
num_leaves=31
num_cat=0
split_feature=0 3 0 6 7 1 5 3 7 3 0 2 7 3 2 4 4 6 7 5 7 7 4 4 2 5 5 6 0 6
split_gain=0.500162 1.37675 1.12458 1.42407 1.03721 1.12611 0.735348 0.672535 0.635007 1.02146 2.78093 1.99908 0.747532 1.09891 1.67518 1.17162 0.617715 3.31017 2.0764 1.52902 1.76641 1.81363 1.27939 1.22258 3.3362 2.75495 2.27442 2.05011 1.82641 1.76672
threshold=-1.7858435937961639 -0.84177820408703419 -1.2032602308913283 -0.32107068259742028 0.81527880674477571 -0.5347122480721701 1.0338854456169975 -0.57370105423428386 1.7069485967855076 0.31008490777959319 0.86736868516273036 -0.45557937764461048 1.4856052187525384 0.22214829751752216 -0.39567619450301389 1.0000000180025095e-35 -0.89008012040608409 -0.19272153395928504 1.3356304753668569 -1.0103651099613307 1.0000000180025095e-35 -0.46783122999033083 -1.1662064693504284 -0.70599582641508996 -0.26500037176681285 0.17524585309543875 0.48308430622269627 -0.30610758541892824 0.13139565650439944 -0.38624550650724232
decision_type=2 2 2 2 2 2 2 2 2 2 2 2 2 2 2 2 2 2 2 2 2 2 2 2 2 2 2 2 2 2
left_child=1 6 3 4 -2 -6 -1 -7 12 10 11 -10 16 14 -14 -15 17 18 19 -4 21 -21 -23 24 25 28 -27 -26 -18 -28
right_child=2 -3 8 -5 5 7 -8 -9 9 -11 -12 -13 13 15 -16 -17 23 -19 -20 20 -22 22 -24 -25 27 26 29 -29 -30 -31
leaf_value=0.032529323997974841 -0.035866724613550401 0.047162442664461769 -0.058587598490813277 -0.057307223041377586 -0.04242796319152152 -0.0016240693337579246 -0.047900824336011401 0.04803377929824168 -0.011518973755562873 0.036952499990873973 -0.028942666849367884 0.048501474025116287 0.0021416937520861569 -0.013355663885823366 -0.053170229859364586 0.061710673916229447 0.02283234751648144 0.047551391988751891 0.042818636697789417 -0.023934494999980859 -0.014554357232706622 0.053261357560348027 0.0064128978279737875 0.00026231982016844152 -0.058317279748679174 -0.032409190583989438 -0.028884691457860424 0.012734484162648538 0.07848460272464465 0.05769051775783416
leaf_weight=0.43172016087919496 1.9646750418469308 1.8685416223015625 1.6197247162926931 1.8614078346872691 0.80845316522754718 1.2845993760274723 0.83155451249331236 1.4531105470377956 2.2604937222786239 2.955340089974924 3.9591122809797525 3.5914255646057418 2.5501760623883456 1.4288968762848528 2.9550993982702485 0.81700696796178807 2.7868030592799169 2.7909948986489317 1.8756863963790227 2.5788695579394698 31.131908953655511 2.52678741235286 3.443129566498099 285.35336426630965 2.1065987176261842 2.472653441131115 0.82526267855428104 1.9596525015076611 3.1301474422216415 2.0607727169990548
leaf_count=13 75 72 49 94 29 49 38 55 35 39 20 40 46 44 14 10 21 157 36 29 370 28 26 3520 11 11 52 31 19 30
internal_value=5.78967e-06 0.0199042 -0.000160591 -0.0194958 -0.00672409 0.00942176 -0.0204141 0.0247331 0.000227621 0.0111834 0.00342101 0.0253166 -0.000167017 -0.0155238 -0.0275484 0.0139517 0.000176351 -0.00522187 -0.00863324 -0.01097 -0.00902626 0.0111053 0.0262417 0.00100157 0.0147514 0.0287532 0.00278294 -0.0240752 0.0522731 0.0329343
internal_weight=377.684 3.13182 374.552 7.37225 5.51084 3.54616 1.26327 2.73771 367.18 12.7664 9.81103 5.85192 354.414 7.75118 5.50528 2.2459 346.662 45.9671 43.1761 41.3004 39.6807 8.54879 5.96992 300.695 15.3419 11.2756 5.35869 4.06625 5.91695 2.88604
internal_count=5063 123 4940 302 208 133 51 104 4638 134 95 75 4504 114 60 54 4390 695 538 502 453 83 54 3695 175 133 93 42 40 82
is_linear=0
shrinkage=0.05


Tree=151
num_leaves=31
num_cat=0
split_feature=4 0 1 7 7 2 6 5 3 2 1 1 2 7 0 5 6 3 4 5 6 5 4 0 0 2 0 1 1 3
split_gain=0.503004 0.81886 0.67359 1.22337 1.84146 3.39658 1.80988 1.74654 1.68287 5.07327 3.60036 1.15322 1.06111 1.05745 0.946994 0.808213 1.1565 1.09063 1.86939 2.20651 1.91782 1.61252 1.43762 2.1557 1.54527 1.43593 1.17664 4.3895 3.75764 4.71568
threshold=-2.7309230603160253 -0.70867081470297688 0.75961552443556102 -1.0456770033316791 -0.083044266653251722 -0.2920473581695896 -0.22787000505322727 0.31836646555840548 -1.2447321691274367 -0.44644579680684154 1.9857585475218218 1.1629446042045466 -0.46139035719728066 0.89601072065342835 -0.38538943861786096 -1.0858275335679293 -0.33245463629139843 -1.1310394089458404 -1.4423330023790664 -0.64488756949445314 -0.38933618469065034 -0.89638250271369191 0.85872076455050717 -0.53099410422326032 -1.7858435937961639 -0.45557937764461048 -0.21640051345653846 0.38960198768594984 0.19962641271934417 0.13192560931808389
decision_type=2 2 2 2 2 2 2 2 2 2 2 2 2 2 2 2 2 2 2 2 2 2 2 2 2 2 2 2 2 2
left_child=1 -1 15 6 14 7 8 -6 9 10 -4 -7 -9 -14 -5 16 -2 18 -17 21 22 -20 24 -24 -21 -19 28 -28 -27 -30
right_child=2 -3 3 4 5 11 -8 12 -10 -11 -12 -13 13 -15 -16 17 -18 25 19 20 -22 -23 23 -25 -26 26 27 -29 29 -31
leaf_value=0.052584241423238448 -0.037511573093419091 -0.023425399098055737 -0.033722945346819598 -0.054467616894648574 -0.057778386626565918 0.073757651304117738 0.054438399082979184 0.015655177515052101 -0.029000832038337799 0.10202606601481708 0.061974958067720631 0.009412717608613709 0.0061922796659689737 -0.059449158141375649 -0.008986289881363024 -0.029031619451224101 0.023117591052656365 -0.040639317695839873 0.011314157779995039 -0.047246768896569813 0.059771758593031188 -0.03652233703312318 -0.071024847626437917 0.014561854992522247 0.023228342850238205 0.011589756443652227 -0.0027548924465565397 0.035137594856627034 -0.038185691756888338 0.037172304699130083
leaf_weight=1.0891274609602986 3.0081021664664149 0.52520094148348917 3.8677417859435081 3.7294746226398274 2.3368422415805972 1.4432415645569538 1.5717827238549968 2.7423450672067693 3.9153196471743268 1.2720116972923277 1.3176709637045858 1.345544990384951 1.1280256827594723 1.3452082348521797 1.6512570634949959 2.9324905863031736 1.0650201740209002 2.1793886050581923 3.6200345046818256 0.81303814565763843 2.6696265381760886 3.4317027479410198 1.1459975130856039 2.0550806229002765 17.951345527777448 53.674584704916924 233.82583834941033 7.9009781053755423 8.6306571830064041 2.7335013635456553
leaf_count=27 145 55 175 178 52 19 532 88 67 11 13 45 30 25 41 36 42 42 38 33 35 29 7 53 527 645 1905 70 57 41
internal_value=5.32108e-06 0.0278555 -0.000114473 -0.00762314 -0.0167875 -0.00444418 0.00443945 -0.021857 -0.0031369 0.0125451 -0.00940505 0.0427122 -0.00576246 -0.0295105 -0.0405102 0.000483098 -0.0216586 0.000745598 0.00916122 0.0126958 0.019755 -0.0119653 0.0148915 -0.0160785 0.0201747 -0.000197428 8.98883e-05 -0.00151636 0.00605975 -0.0200593
internal_weight=376.918 1.61433 375.304 27.6665 15.7219 10.3412 11.9445 7.55242 10.3727 6.45742 5.18541 2.78879 5.21558 2.47323 5.38073 347.637 4.07312 343.564 34.6193 31.6868 24.6351 7.05174 21.9655 3.20108 18.7644 308.945 306.766 241.727 65.0387 11.3642
internal_count=5063 82 4981 1276 478 259 798 195 266 199 188 64 143 55 219 3705 187 3518 758 722 655 67 620 60 560 2760 2718 1975 743 98
is_linear=0
shrinkage=0.05


Tree=152
num_leaves=31
num_cat=0
split_feature=0 3 7 7 5 7 7 3 6 1 3 1 1 2 4 5 3 3 0 7 0 7 3 3 4 1 7 0 7 5
split_gain=0.507361 2.45478 4.24584 3.01751 2.82705 2.24979 3.78092 3.37558 2.39602 2.07783 2.52237 2.38445 2.50872 2.06731 1.85829 1.80513 2.61132 2.83549 2.06809 2.90907 1.68125 1.64778 1.15755 5.39932 3.80863 3.50009 3.3596 3.04953 2.61954 4.56584
threshold=1.2746346602122036 0.17993259066919218 -0.018474963046713404 1.2021428926909621 -0.03016219410641437 1.320052055798554 0.37655156565244824 -0.28520183471375632 -0.33245463629139843 -1.1762779196764357 0.42743532865164818 -0.20972681290296477 -0.28741525763629017 -0.3278342553295 -1.0000000180025095e-35 0.80122844122339487 0.59706004994134887 0.33172614179636356 1.5869265971197628 -0.40032474519435207 1.2569050543246274 0.31089501818020537 0.31008490777959319 0.52390654656616109 -0.70599582641508996 -0.22536324344435524 0.031538254775692075 0.39403016175515826 -0.26818404671030022 -0.25517261798024088
decision_type=2 2 2 2 2 2 2 2 2 2 2 2 2 2 2 2 2 2 2 2 2 2 2 2 2 2 2 2 2 2
left_child=20 2 4 9 -2 6 14 -8 -9 10 -3 12 15 -13 -4 16 17 -11 19 -18 22 -15 -1 24 -24 28 27 -25 29 -26
right_child=1 3 5 -5 -6 -7 7 8 -10 11 -12 13 -14 21 -16 -17 18 -19 -20 -21 -22 -23 23 26 25 -27 -28 -29 -30 -31
leaf_value=-0.0025388568684329626 0.0073051215924106105 -0.016249101300919028 -0.044137910910293149 0.04097998537936294 0.05460984303614376 -0.030662308578027167 -0.0034893204817569392 0.087501898585495577 0.024648278510890246 0.0037708917476174872 0.058190321199805384 -0.01717213701963816 -0.059480023833509026 0.077540231334409793 0.0025159546070930914 0.028553945823829464 0.051429145052549176 -0.037204958318803785 0.039051502487031618 -0.02458858369634417 -0.036096510217140651 0.011064291858539483 -0.022936596978710005 -0.001243881851983434 0.045140968215700725 -0.010943548374288984 0.010281184989811572 -0.033751088697010809 0.054224021340320429 -0.047716904318548754
leaf_weight=207.18459438977879 5.2343624659115431 2.0619121529161921 3.5828378964215517 3.50171616510488 7.9635352301411331 4.6416893918067208 4.9003950059413937 2.6928162313997772 3.470237280242138 5.9472061768174234 2.5396987076383084 2.5027033947408199 2.9614847018383434 1.7189416524488472 5.279663874767726 2.5982340849004677 1.5839910854119805 14.553592457436023 3.1615552653092891 6.1251680306158942 3.375913815572857 2.0367611986584961 3.7901293405448113 16.052788269822489 3.8868602794827893 3.9976168533903502 21.26510516932467 13.10397883527912 11.990028489846738 2.0075384434312644
leaf_count=2725 86 12 17 64 72 22 28 21 24 35 49 15 17 21 35 29 20 81 88 62 20 22 64 565 49 144 411 131 121 13
internal_value=4.26409e-06 0.00330068 0.012975 -0.00382223 0.0358485 0.000687179 0.00798995 0.0274836 0.0521108 -0.00710494 0.0248351 -0.010508 -0.0153442 0.0180311 -0.0163448 -0.0114965 -0.0148135 -0.025318 0.00499669 -0.00896932 -0.00101987 0.0414896 -0.000601856 0.0046721 0.0233377 0.0313528 -0.00483145 -0.0158537 0.040807 0.0135151
internal_weight=375.713 89.0585 37.7655 51.293 13.1979 24.5676 19.926 11.0634 6.16305 47.7912 4.60161 43.1896 36.9312 6.25841 8.8625 33.9697 31.3715 20.5008 10.8707 7.70916 286.655 3.7557 283.279 76.094 25.6722 21.882 50.4219 29.1568 17.8844 5.8944
internal_count=5063 820 305 515 158 147 125 73 45 451 61 390 332 58 52 315 286 116 170 82 4243 43 4223 1498 391 327 1107 696 183 62
is_linear=0
shrinkage=0.05


Tree=153
num_leaves=31
num_cat=0
split_feature=3 3 6 5 7 3 0 3 7 6 4 1 7 2 0 7 5 5 2 6 2 7 3 4 5 6 3 2 1 6
split_gain=0.511574 3.48029 3.01615 3.70902 1.50883 1.32744 1.28605 3.56638 3.21018 2.38075 1.856 1.62921 1.48505 1.41806 3.15699 2.75575 2.21796 3.77263 1.96145 1.62063 1.39265 2.79115 2.68661 2.37758 2.12614 2.12275 2.7091 1.30915 5.12613 2.36267
threshold=-1.2294918527492065 -1.2162327775001465 -0.39938820083883714 -1.1774996148071211 -1.3376587775946709 -1.2022116864321746 -0.76720904743073381 -0.84177820408703419 0.66067922004975421 -0.31283735861622719 -2.5468387663250307 -0.43335820690994825 1.9298660442956905 -0.44244565892480509 0.075788148535966007 1.0214656807394171 -0.3105716138764702 0.73300199645192177 -0.43145538629536023 -0.39746500205177904 -0.40954018576513695 -0.12689102672987065 -0.84177820408703419 0.95076291154600423 -0.73692120443548736 -0.38243446807077924 0.58121012090798951 -0.39567619450301389 -0.40050501136958616 -0.36987084108345514
decision_type=2 2 2 2 2 2 2 2 2 2 2 2 2 2 2 2 2 2 2 2 2 2 2 2 2 2 2 2 2 2
left_child=2 -2 3 -1 5 -3 7 -6 10 11 -9 -10 -11 14 16 -16 -8 -18 -15 -19 21 -20 -22 -23 25 -24 -27 28 29 -26
right_child=1 4 -4 -5 6 -7 13 8 9 12 -12 -13 -14 18 15 -17 17 19 20 -21 22 23 24 -25 27 26 -28 -29 -30 -31
leaf_value=-0.047946474992438128 -0.053255141678341701 -0.015840783839754256 0.046822876522090467 0.0074409374937432077 -0.052301260679150155 0.063260969750186177 -0.041591709231985234 0.071012665737175393 -0.01744446747112284 0.018656941425094744 -0.043790603669621446 0.047538493175840239 -0.077408094210089873 -0.028056628004977782 0.063499635774163316 -0.0037727639171863353 0.053347067318893486 0.025347881766734581 0.063137681116607808 -0.038745248588250944 -0.041682089192350003 -0.015618630489762756 -0.063284766405068082 0.040036877489565255 -0.033927173544800932 0.063799082717178976 -0.030919801482662219 -0.0012854640274940386 0.064429444115858284 0.017721799295223838
leaf_weight=3.4844330237247112 3.1030235686339429 0.76807379256933961 3.9764743978157631 22.803440220770426 4.4352473283652243 1.7137819185736578 2.7435385659337053 0.38576367544010359 1.2087065724190322 0.73587732983287402 4.0288867150666166 4.774669656297192 0.88748010993003845 6.2958773449063292 4.5085708736442021 2.2983590755611658 3.0985279525630185 1.4503001216799027 2.5763743445277205 3.0826528994366518 3.9111816990189245 5.5275759249925596 0.51972658932209004 2.9393389746546745 4.0012795999646178 3.5168230559211215 0.96123763086507086 266.03142153308727 3.7273996695876113 4.9576601311564437
leaf_count=249 50 9 44 740 137 450 16 14 40 47 211 135 3 44 55 18 30 19 19 43 36 38 2 24 17 157 69 2267 40 40
internal_value=6.01015e-06 -0.000542004 0.00623845 9.93877e-05 -6.24481e-05 0.0387809 -0.000347157 -0.0139807 0.000157483 0.0198412 -0.0337588 0.0344112 -0.0338613 0.000349303 0.0143252 0.0407851 -0.0030349 0.0108264 -0.000438105 -0.0182389 0.000144085 0.0175686 -0.000524921 0.0037025 4.24547e-05 0.0323659 0.0434672 -0.000537149 0.0151549 -0.00534588
internal_weight=374.454 344.189 30.2643 26.2879 341.086 2.48186 338.604 16.4566 12.0214 7.60673 4.41465 5.98338 1.62336 322.148 17.1819 6.80693 10.375 7.63148 304.966 4.53295 298.67 11.0433 287.627 8.46691 283.716 4.99779 4.47806 278.718 12.6863 8.95894
internal_count=5063 4030 1033 989 3980 459 3521 587 450 225 225 175 50 2934 181 73 108 92 2753 62 2709 81 2628 62 2592 228 226 2364 97 57
is_linear=0
shrinkage=0.05


Tree=154
num_leaves=31
num_cat=0
split_feature=7 5 0 4 0 6 5 7 4 0 6 6 0 1 6 1 1 6 7 1 7 4 4 3 0 2 7 1 1 1
split_gain=0.519821 0.630305 0.639282 1.56233 0.667919 1.48998 1.35896 0.608982 0.592219 0.58706 0.557937 2.34875 1.41232 1.33247 0.887228 2.52677 2.2893 1.96727 3.42395 1.91333 1.34242 1.10074 1.87153 3.15757 4.21637 2.47044 2.53443 1.88525 2.3079 2.23767
threshold=3.3044668409538089 2.3555485061286245 -1.7858435937961639 -0.24578499939545764 -1.2032602308913283 -0.3239888556531984 1.1889548473774749 2.5781554836224578 -1.9945858843520488 -0.86682754481572499 1.0000000180025095e-35 -0.029339383243277305 1.5161293629221668 -0.7186822883201065 -0.14281459721210238 -0.22536324344435524 -1.4063577054802423 -0.17830460910784876 0.090346788646035181 -0.75876158661485649 -0.50575494512691788 -0.89008012040608409 -0.70599582641508996 0.22854921515606239 0.55803361744650448 -0.32647174118149991 0.36486775097622121 -0.56286737773942452 -0.5347122480721701 -0.59362835934702651
decision_type=2 2 2 2 2 2 2 2 2 2 2 2 2 2 2 2 2 2 2 2 2 2 2 2 2 2 2 2 2 2
left_child=1 2 3 -1 5 6 8 10 -4 -3 11 14 13 -12 17 16 -16 21 19 -19 -17 -6 23 24 25 26 -23 29 -29 -24
right_child=-2 9 4 -5 7 -7 -8 -9 -10 -11 12 -13 -14 -15 15 20 -18 18 -20 -21 -22 22 27 -25 -26 -27 -28 28 -30 -31
leaf_value=0.053268493259292941 -0.026194368484850478 -0.00089404066869853537 0.013438440757534226 -0.051204285273403143 -0.0066921179416830102 -0.054910667524069416 0.02704706163298759 0.030779693280861744 -0.041625540715573284 0.055143254716597624 -0.022782724164387522 -0.047492546554196408 0.077249574310341226 0.020255758305750968 -0.03476231291783239 -0.048581211114976978 0.036360959573408201 -0.0010277720042881082 0.037302435227083652 -0.047433421049211812 0.013853864355685653 0.063773679082841483 -0.0021557706432999194 -0.015311422460430957 0.076049563890409677 -0.045746487946801112 -0.0091476860447993868 0.033975669742478301 0.0032336532984657655 -0.030514670936717805
leaf_weight=1.5023509935708714 1.8835740108042944 0.87521979119628657 0.66877174191176925 0.46974682644940813 48.171118618687615 1.7878405327210192 2.227803397225216 1.6129485927522171 1.8094949852675197 1.0029837377369393 2.6668799272738388 2.6198243913240722 0.76570161618292409 5.5223507381742793 1.3151128176832561 2.1030160225927834 8.0994784673675877 3.2958019268698981 2.1410018948372445 6.8124311625724649 1.4576793814776454 2.3741008415818206 121.06766247644555 4.6417996741365632 3.8069989532232285 1.535682217683642 2.3921415433287621 6.4200881789438276 124.43435377732386 7.3799881159793577
leaf_count=80 17 25 11 29 629 101 114 10 70 19 35 37 22 658 16 37 133 28 31 58 36 23 1053 47 21 8 65 56 1539 55
internal_value=5.91699e-06 0.000138943 -8.07376e-06 0.0283834 -0.000160583 -0.0160535 -0.00129161 0.000125597 -0.0267663 0.0290306 -1.21192e-05 -0.00032737 0.0123117 0.00623998 2.82641e-05 0.0128564 0.0264258 -0.000469382 -0.0201367 -0.0323028 -0.0230215 0.000278266 0.00150347 0.0188275 0.0345033 0.00940515 0.027175 0.000517976 0.00474194 -0.00378514
internal_weight=372.864 370.98 369.102 1.9721 367.13 6.49391 4.70607 360.636 2.47827 1.8782 359.023 350.068 8.95493 8.18923 347.448 12.9753 9.41459 334.473 12.2492 10.1082 3.5607 322.224 274.053 14.7507 10.1089 6.30192 4.76624 259.302 130.854 128.448
internal_count=5063 5046 5002 109 4893 296 195 4597 81 44 4587 3872 715 693 3835 222 149 3613 117 86 73 3496 2867 164 117 96 88 2703 1595 1108
is_linear=0
shrinkage=0.05


Tree=155
num_leaves=31
num_cat=0
split_feature=3 1 3 7 1 3 2 0 0 7 1 3 0 3 3 4 4 7 1 0 2 4 1 1 6 3 7 0 3 1
split_gain=0.497413 4.32945 3.45011 2.70055 2.31363 3.07956 4.28529 3.96696 2.96941 2.79951 2.62028 2.00848 5.46488 2.00601 3.05018 1.93881 2.35351 2.18258 2.07309 2.84325 2.78977 2.51312 2.14158 4.61062 2.79556 4.49027 4.63062 3.73549 3.43402 2.91541
threshold=0.10677908729400419 -1.438978628198343 0.11180837645850385 1.1276261190892469 -1.0222867537475155 -0.59808554519913548 -0.42820906759540006 1.3504548344195155 0.28428102731122423 -0.046791986116180413 -0.9979583371450621 -0.14361931080031545 0.075788148535966007 0.16347304898070375 0.24699002845435353 -1.1662064693504284 -1.0741643223549311 1.0782457745618041 -1.0677811595048523 1.7383792152987647 -0.32143602321805637 1.0000000180025095e-35 -0.93833983871746207 -0.87799887655879072 -0.31195241646445832 0.52390654656616109 -0.66666703725117893 1.8518637944562262 0.38156197635317574 -0.51848275247608455
decision_type=2 2 2 2 2 2 2 2 2 2 2 2 2 2 2 2 2 2 2 2 2 2 2 2 2 2 2 2 2 2
left_child=4 -2 -3 15 5 6 8 11 9 -1 -6 12 -7 -5 -15 -4 -17 18 19 20 -18 -22 -20 -24 -25 26 28 29 -26 -28
right_child=1 2 3 13 10 7 -8 -9 -10 -11 -12 -13 -14 14 -16 16 17 -19 22 -21 21 -23 23 24 25 -27 27 -29 -30 -31
leaf_value=0.065495808336597933 0.047181284635538424 0.062995878181482695 0.026647173673461047 0.077478637093221128 0.05850945430902274 -0.055847287928317862 0.061030281961849481 0.014126788604620098 -0.042904098238111692 -0.0083165101202361397 0.00013952409241232752 -0.051284114453499612 0.025146364907944242 -0.024255204786715452 0.027486620851186014 -0.064383994448832457 0.069519711060481465 -0.054230546699015093 -0.024141234401060099 -0.034142004497130875 -0.01126431537905056 0.0353422030634832 0.044429749723919963 -0.016144583236352577 -0.071575264320606388 -0.010870849623509999 0.010717602234904663 -0.025134549770526329 0.059992077631428088 0.043252966765526264
leaf_weight=1.7848315201699705 5.1385288719320661 2.1854270317708133 5.5515457647852591 1.3540487941354538 1.9457625243812788 4.4103923179209268 2.801275009289383 5.2235697247087947 3.9285584974568337 4.5833058224525312 162.1247135597514 9.4084560628980398 3.9460511952638626 3.864727282896637 10.829634847235864 1.5682482058182348 2.6427831538021573 2.0327544750180087 12.240128840785472 2.5527862990275016 5.6523257943335921 5.9236928159371018 5.0794929472031063 33.994983094627969 2.4243142594350497 36.881545175099745 14.246747856959702 4.022844858467578 0.62351728865178291 13.325609443010764
leaf_count=20 91 20 143 13 16 19 28 33 83 66 2280 49 26 28 265 11 30 22 108 22 50 55 68 285 129 770 99 19 71 144
internal_value=5.53193e-06 0.0019763 0.000585338 -0.000242235 -0.00168934 -0.0131517 0.00619892 -0.024177 -0.00871827 0.0123713 0.000831751 -0.0354398 -0.0176007 0.0192443 0.0138781 -0.00234442 -0.00346826 -0.00279382 -0.00204489 0.0144444 0.0231674 0.0125852 -0.00429622 -0.00209995 -0.00433979 0.00127092 0.0141973 0.0198749 -0.0446596 0.0264418
internal_weight=372.293 172.136 166.997 164.812 200.157 36.0864 13.098 22.9885 10.2967 6.36814 164.07 17.7649 8.35644 16.0484 14.6944 148.763 143.212 141.644 139.611 16.7716 14.2188 11.576 122.839 110.599 105.52 71.5246 34.643 31.5952 3.04783 27.5724
internal_count=5063 2443 2352 2332 2620 324 197 127 169 86 2296 94 45 306 293 2026 1883 1872 1850 157 135 105 1693 1585 1517 1232 462 262 200 243
is_linear=0
shrinkage=0.05


Tree=156
num_leaves=31
num_cat=0
split_feature=3 6 6 2 5 5 3 0 3 0 6 5 7 1 4 0 0 1 0 7 2 5 7 1 2 2 2 0 2 2
split_gain=0.507283 0.848623 1.72906 1.28275 1.18053 1.34002 1.06973 0.880494 0.733741 3.75125 2.25715 2.1082 2.34127 2.12521 1.64333 1.47974 1.50392 1.31491 1.19247 2.067 0.907509 1.83567 1.37124 0.812935 3.41373 2.88938 2.9361 5.27752 3.54004 2.92272
threshold=1.9065080941201404 1.0000000180025095e-35 -0.029339383243277305 -0.34461165077441941 -0.26059382145146842 -0.71429256722425694 1.2948983174521025 -0.046937685070953881 1.2037771973618512 1.38624222016614 -0.32628282707309852 0.20990175637667283 0.25039882218996296 -0.19990965918933243 0.39851002957302184 -0.4593602482013544 0.47619257875424831 -0.75876158661485649 0.78261853570006845 0.13554043291449702 -0.038227101755426506 -0.77662554651860782 -0.3918377520337038 0.19962641271934417 -0.26845378018014682 -0.39768386775305642 -0.45054768402603013 -0.39387514729750878 -0.46139035719728066 -0.32143602321805637
decision_type=2 2 2 2 2 2 2 2 2 2 2 2 2 2 2 2 2 2 2 2 2 2 2 2 2 2 2 2 2 2
left_child=1 2 8 -3 5 -5 -6 -7 20 10 -10 12 15 18 -15 -12 -17 -18 19 -13 23 22 -22 -1 25 26 28 -28 -25 -27
right_child=-2 3 -4 4 6 7 -8 -9 9 -11 11 13 -14 14 -16 16 17 -19 -20 -21 21 -23 -24 24 -26 29 27 -29 -30 -31
leaf_value=0.00093023449663196727 -0.017774728968982991 -0.043192001184381615 -0.043203755777700158 0.048318584851033727 0.074786681482048159 0.01526436482973724 0.014066960960044889 -0.039235842408948521 0.054098519290400472 0.057791355119092648 -0.054412766934903968 -0.056772422467140295 0.077649616121774623 0.06731595214276638 -0.029308204918765197 0.049967498487862201 0.031810181429655644 -0.028205027207517271 -0.04629818950193057 0.05000085106235666 -0.036292706834133763 -0.062912046112239647 0.054230264122380106 0.0013490596708289227 0.026660312558591987 -0.039454978901587195 -0.0039885534886868832 0.079113608359187682 -0.049966272072333277 -0.0028667992029910955
leaf_weight=274.45185285969637 3.9684660931816316 0.81458174623548973 2.3181428021052843 1.3123736875713801 1.6111396537162348 1.4618083457462492 1.3193634863710029 1.5031218271469695 1.7587677722331196 3.337125055724754 0.9940340726170741 0.84395283646881558 1.2029248571489004 1.0403567746398019 0.76259815180674184 1.7682435420574592 1.4623938123695555 2.4279212809633464 5.3075539590790868 0.97914390009827912 0.8032694673165679 1.6975235312711436 0.87301850505173229 14.910685883136468 7.1579569543246171 12.653722527204083 5.4314701651455835 2.94713142514229 4.3388775195926419 9.5984109468990919
leaf_count=2562 66 6 36 589 16 24 34 41 62 101 31 10 42 29 24 81 18 31 37 42 40 20 38 489 134 161 97 23 81 98
internal_value=5.97554e-06 0.000198196 -0.000161144 0.0162816 0.0230029 0.00625379 0.0474496 -0.0123654 0.000118546 0.00898849 0.000207907 -0.00543748 0.0134571 -0.0220519 0.0264467 0.0018498 0.0117334 -0.00564493 -0.0343146 0.000573081 -0.000461149 -0.0262621 0.0108521 -0.000198554 -0.00562996 -0.0102637 0.000536133 0.0252422 -0.0102175 -0.0236727
internal_weight=371.058 367.089 359.067 8.02239 7.20781 4.2773 2.9305 2.96493 356.749 21.885 18.5479 16.7891 7.85552 8.93361 1.80295 6.65259 5.65856 3.89032 7.13065 1.8231 334.864 3.37381 1.67629 331.49 57.0383 49.8803 27.6282 8.3786 19.2496 22.2521
internal_count=5063 4997 4287 710 704 654 50 65 4251 508 407 345 203 142 53 161 130 49 89 52 3743 98 78 3645 1083 949 690 120 570 259
is_linear=0
shrinkage=0.05


Tree=157
num_leaves=31
num_cat=0
split_feature=7 3 3 5 6 5 1 7 1 1 2 7 7 3 4 4 4 7 3 5 5 1 2 7 6 0 3 6 3 0
split_gain=0.518436 0.615088 3.24391 2.62502 3.14709 2.91481 1.50615 1.43175 1.27139 1.25979 1.66763 1.24109 1.43519 1.22632 0.958273 5.98115 3.50294 3.06592 1.72173 2.41068 2.87697 1.87787 2.03457 0.873348 1.19344 0.853639 2.4951 3.82604 1.7737 2.72564
threshold=3.3044668409538089 -1.2294918527492065 -1.2162327775001465 1.1183285548757507 -0.39847156912677489 -1.1774996148071211 1.9857585475218218 -1.3376587775946709 -1.4718732957946667 1.1992588846131529 -0.12762423356280558 1.1616227742929912 -1.086846222544996 -1.2022116864321746 -1.1662064693504284 -1.0741643223549311 -1.2582487083880722 -0.00990683228414674 -0.47768704581111826 -0.48765445100667165 -0.17997995827908672 -0.79926088106645266 -0.35311514822929291 -0.21253987931476861 -0.25567461871577313 -0.76720904743073381 -0.84177820408703419 -0.36365944927428345 -1.0818131870441572 0.13139565650439944
decision_type=2 2 2 2 2 2 2 2 2 2 2 2 2 2 2 2 2 2 2 2 2 2 2 2 2 2 2 2 2 2
left_child=1 3 -3 4 5 -1 8 13 -7 14 -11 12 -10 -4 16 -16 17 -9 -19 -20 -21 -22 -23 24 -12 26 -17 -28 29 -27
right_child=-2 2 7 -5 -6 6 -8 9 11 10 23 -13 -14 -15 15 25 -18 18 19 20 21 22 -24 -25 -26 28 27 -29 -30 -31
leaf_value=-0.047525802755322547 -0.026494878312357851 -0.052677446783678639 -0.014303562663257009 0.053322442395866948 0.047816598343614444 -0.044097352135440443 0.054114246667094357 0.050948077694095685 -0.030057469704929032 -0.05236306174068539 -0.070915322738995645 -0.04260489183317831 0.013350531488694091 0.062995011257510072 -0.063522022113298632 -0.052447467897190507 0.072314942432850068 -0.028357214983342233 0.056158724132238727 -0.036875114909881677 -0.022197829719282313 -0.0051911108109647421 0.072947810274517716 0.055898873153260503 0.010459247926981018 0.0039169240211254014 0.052535393912465714 -0.027093488712015487 -0.00031637514110294707 0.048284036075051204
leaf_weight=3.3333371304906967 1.8362822607159603 2.9487176842521867 0.74895502999424968 2.7786624841392031 3.3160118199884883 1.5476031890139115 1.3434852361679066 2.9183661305578488 2.2180160188581928 2.670451830024831 0.61926568159833606 1.3587798732332874 13.458170329453408 1.6293203832756251 3.7300464306026688 2.9814708014018834 2.0614419912453732 5.2265018299222055 1.9994202179368645 3.9113501403480821 1.7592999804765037 1.4013225077651492 2.0543213689233828 0.60476784314960141 1.6540009472519159 12.517402544151993 2.4199137304676697 4.0053193068597448 275.97701073525241 4.7849374529905608
leaf_count=249 17 50 9 352 34 32 15 65 63 231 8 25 260 450 29 83 55 38 36 27 15 17 33 15 138 123 54 161 2314 65
internal_value=6.40195e-06 0.000138649 -0.000463222 0.00708173 0.00224691 -0.00424981 0.00298963 -4.54912e-06 -0.000706581 -0.000280391 -0.0239062 0.00323541 0.00720875 0.0386525 0.000119572 -0.000593781 0.0103663 0.00373941 -0.00468588 0.00643416 -0.00445967 0.0198528 0.0412611 0.00249824 -0.0117082 0.000181693 -0.0146446 0.00289687 0.000657235 0.0161866
internal_weight=369.814 367.978 338.624 29.3541 26.5754 23.2594 19.9261 335.675 18.5826 333.297 5.54849 17.035 15.6762 2.37828 327.748 306.416 21.332 19.2706 16.3522 11.1257 9.12629 5.21494 3.45564 2.87803 2.27327 302.686 9.4067 6.42523 293.279 17.3023
internal_count=5063 5046 4016 1030 678 644 395 3966 380 3507 392 348 323 459 3115 2829 286 231 166 128 92 65 50 161 146 2800 298 215 2502 188
is_linear=0
shrinkage=0.05


Tree=158
num_leaves=31
num_cat=0
split_feature=1 0 6 1 3 5 2 1 3 3 3 6 5 7 3 0 0 3 3 7 2 0 7 2 7 0 2 6 6 1
split_gain=0.481757 1.05168 1.57792 0.582602 2.3046 2.38599 1.85734 0.861679 2.04328 0.692747 2.71366 2.35574 2.92609 1.36683 1.16996 1.13681 2.59243 2.21242 3.52843 2.37249 3.93171 3.08198 2.46848 2.35532 2.23593 2.1827 2.88036 3.53166 3.15695 2.42992
threshold=-1.7995094254806314 0.39403016175515826 -0.33097360547839155 -1.5629715759517562 0.2360169549410788 -0.50088549471187871 -0.45436600236708119 -1.438978628198343 -0.060864392866526389 -1.2294918527492065 -1.2162327775001465 -0.39938820083883714 -1.1774996148071211 -1.3376587775946709 -1.2022116864321746 0.97646373688526711 1.0081229451328322 0.17993259066919218 0.13192560931808389 1.320052055798554 -0.39141617558768144 1.2746346602122036 0.164230688952788 -0.34461165077441941 -0.20025564638434662 -0.011552942454124868 -0.43925956003961947 -0.35467843929930776 -0.34422657263485096 -0.098148957407693957
decision_type=2 2 2 2 2 2 2 2 2 2 2 2 2 2 2 2 2 2 2 2 2 2 2 2 2 2 2 2 2 2
left_child=1 2 -1 4 5 6 -2 8 -5 11 -11 12 -9 14 -12 25 -17 18 19 20 -18 24 23 -23 -22 29 -27 -28 -29 -15
right_child=3 -3 -4 7 -6 -7 -8 9 -10 10 13 -13 -14 15 -16 16 17 -19 -20 -21 21 22 -24 -25 -26 26 27 28 -30 -31
leaf_value=0.066089182768609339 -0.051725570562592339 -0.020933152784768982 -0.0058561424610620366 -0.011479586532096036 0.049645900721953268 -0.047243489491232582 0.035472797168379346 -0.046537030837021653 0.049121957365869662 -0.056291230824960764 -0.013655136700357985 0.045377188993737744 0.0082477623893810661 0.0063956427983886373 0.062476795823962407 0.055431556365186568 0.037980060924584752 -0.0036179725919625637 0.045429603107250381 -0.026573199775178642 -0.052012056177935695 0.052541575124249541 -0.0090540551398043106 0.00067969639425396024 -0.0044148542247192165 0.027340543385582419 -0.032984997092796779 0.038778532249937527 -0.0093331020434763486 -0.008385857308390525
leaf_weight=1.6348004243336616 0.85359669663012017 1.3133726627565918 1.4276647625956678 2.7091152593493462 1.2534944075159726 4.3733990555629116 2.1459028711542492 2.7665796640794786 2.858563393703661 2.1908008265309027 0.74538745265454087 3.5650694319047025 20.477286107605323 78.507473304285668 1.5623885879467696 2.3244042585138223 9.136650561355049 68.864552299492061 6.2482377626001826 5.1685580257326356 3.6697744899429381 5.3404091168194965 6.5297061987221232 3.7101849550381329 7.5305388942360931 4.9578225105069569 15.788993134163318 3.6398636214435092 53.903871454880573 43.048803751182277
leaf_count=26 49 21 18 18 29 36 26 204 42 46 9 39 693 862 450 19 88 652 46 23 24 41 30 27 41 53 84 29 515 823
internal_value=5.76994e-06 0.0164972 0.0325496 -0.000192552 -0.0130316 -0.0236876 0.0106579 0.000119217 0.0196345 -0.000191512 -0.000832797 0.00753168 0.00172705 -0.000453917 0.037887 -0.000731839 0.00314784 0.00210197 0.0104237 0.0051001 0.00965794 -4.62134e-06 0.0143768 0.0312814 -0.02001 -0.00303276 -0.00954383 -0.0120375 -0.00628986 0.00116082
internal_weight=368.247 4.37584 3.06247 363.871 8.62639 7.3729 2.9995 355.245 5.56768 349.677 322.868 26.8089 23.2439 320.678 2.30778 318.37 118.523 116.199 47.3341 41.0858 35.9173 26.7806 15.5803 9.05059 11.2003 199.847 78.2906 73.3327 57.5437 121.556
internal_count=5063 65 44 4998 140 111 75 4858 60 4798 3862 936 897 3816 459 3357 991 972 320 274 251 163 98 68 65 2366 681 628 544 1685
is_linear=0
shrinkage=0.05


Tree=159
num_leaves=31
num_cat=0
split_feature=7 4 4 4 7 0 1 1 4 3 4 4 4 1 6 6 7 6 6 1 6 2 3 5 7 2 5 0 0 5
split_gain=0.474323 0.556715 6.58267 5.43278 1.24258 1.65339 1.63799 1.67215 1.20086 2.04242 1.87349 11.3961 8.9485 2.00514 3.9561 4.5591 2.47767 6.40178 3.21526 4.52677 3.34201 2.82725 2.31403 2.02292 1.82078 3.08879 2.40538 2.37425 1.75341 1.72371
threshold=3.3044668409538089 -0.24578499939545764 -0.15374285239996058 -0.33782723843310175 1.3356304753668569 1.298548226536034 -1.1004659755671204 -0.89816587276139959 1.0000000180025095e-35 0.5888303095777373 0.30646788257752478 0.39851002957302184 0.21442564353988061 -0.80979390401462525 -0.28106945920140675 -0.35467843929930776 -0.25809052903167079 -0.29101108924101798 -0.28449672797605269 -0.60929981399221511 -0.32107068259742028 -0.22613872285141698 0.87412903217820392 0.06908149430740386 -0.066524650902697199 -0.30416348522806108 0.57596506989537255 1.0332201840986603 0.15373111848454052 -0.41528625442979278
decision_type=2 2 2 2 2 2 2 2 2 2 2 2 2 2 2 2 2 2 2 2 2 2 2 2 2 2 2 2 2 2
left_child=1 3 -3 4 -1 6 -6 -8 9 24 12 -12 13 14 15 -10 17 -15 20 -20 23 -19 -23 -18 25 28 -26 29 -4 -27
right_child=-2 2 8 -5 5 -7 7 -9 10 -11 11 -13 -14 16 -16 -17 18 21 19 -21 -22 22 -24 -25 26 27 -28 -29 -30 -31
leaf_value=-0.0012874746166489236 -0.025448641958825624 -0.055199298657131579 0.0013730966544225876 0.054012060637568249 0.062419791180980691 0.064615871509212178 -0.065486051331267767 0.0079010390045272973 -0.016177809905101002 -0.032329536503035487 -0.058944680554433408 0.0018365463780066185 0.058622003723955846 0.057989254330545664 -0.016033123945953225 0.071353736163505127 -0.029804250249270262 -0.055707914126766282 -0.037439217189130146 0.038289078982544467 -0.059888649531341889 0.073445902563244 -0.045168902942274956 0.0082337598529354933 -0.031976968070779502 0.049078536279348939 0.016902008393572403 -0.05106528744243554 0.055014507137158608 -0.021880835986751567
leaf_weight=105.90767018255428 1.8210925180464972 5.5325998890912151 2.4317882955074337 4.9757991494261651 1.2925404245033867 1.4377431287430216 0.82441216381266613 13.274163510883227 2.1815680786967278 7.274434342456515 8.1758826082805154 135.87195760401664 7.8620600392459883 4.7936633573845029 4.7023009844124299 4.676580511033535 7.251551376655696 2.8169187105959281 2.9756969660520554 5.8586545024300047 4.7809084649197784 1.0232895903172847 0.68738357757683832 6.7477568706963211 7.8889640457928163 1.660067946999334 3.6962771750986576 2.5718989819288254 4.0784439640119672 1.7665406912565256
leaf_count=1501 17 128 41 278 20 28 5 265 16 87 99 1845 181 53 33 36 48 12 15 46 24 45 41 51 45 37 22 10 26 8
internal_value=5.60695e-06 0.000132599 -0.00129988 0.00279435 0.00071796 0.0133386 0.00854859 0.00360974 -1.32725e-05 -0.00911017 0.00141061 -0.00161328 0.00913946 0.00111751 0.0192904 0.0435101 -0.00457038 0.0177191 -0.0120942 0.0127813 -0.0237958 -0.0249176 0.025784 -0.0114697 -0.0020998 0.0111281 -0.0163821 -0.0147561 0.0349777 0.0124964
internal_weight=366.841 365.02 237.307 127.712 122.737 16.8289 15.3911 14.0986 231.775 31.3684 200.406 144.048 56.3583 48.4963 11.5604 6.85815 36.9358 9.32126 27.6146 8.83435 18.7802 4.52759 1.71067 13.9993 24.094 12.5087 11.5852 5.99851 6.51023 3.42661
internal_count=5063 5046 2949 2097 1819 318 290 270 2821 276 2545 1944 601 420 85 52 335 151 184 61 123 98 86 99 189 122 67 55 67 45
is_linear=0
shrinkage=0.05


Tree=160
num_leaves=31
num_cat=0
split_feature=3 1 3 7 1 3 2 0 0 7 1 3 0 3 3 7 2 0 2 6 1 1 0 2 4 3 7 3 5 3
split_gain=0.460785 3.74548 3.0238 2.38719 2.12818 2.72151 3.87335 3.5312 2.57449 2.58948 2.31854 1.86134 4.97923 1.77555 2.83671 1.61688 3.7326 3.00644 2.44599 2.35011 2.31281 3.42825 4.74593 2.3007 3.1887 4.64837 3.96932 2.786 2.64032 2.5695
threshold=0.10677908729400419 -1.438978628198343 0.11180837645850385 1.1276261190892469 -1.0222867537475155 -0.59808554519913548 -0.42820906759540006 1.3504548344195155 0.28428102731122423 -0.046791986116180413 -0.9979583371450621 -0.14361931080031545 0.075788148535966007 0.16347304898070375 0.24699002845435353 0.20142416567211083 -0.39567619450301389 1.2746346602122036 -0.34611725550850525 -0.3431272120600784 -0.67531453442185896 0.11684086180059737 0.13139565650439944 -0.31444694197131567 0.39851002957302184 -0.033736660193909564 -0.49475268630680408 0.078736905158060963 -0.58544351638749659 -0.1369135563535778
decision_type=2 2 2 2 2 2 2 2 2 2 2 2 2 2 2 2 2 2 2 2 2 2 2 2 2 2 2 2 2 2
left_child=4 -2 -3 -4 5 6 8 11 9 -1 -6 12 -7 -5 -15 17 -17 23 -19 20 -18 22 -22 29 25 -25 28 -27 -26 -12
right_child=1 2 3 13 10 7 -8 -9 -10 -11 15 -13 -14 14 -16 16 19 18 -20 -21 21 -23 -24 24 26 27 -28 -29 -30 -31
leaf_value=0.064502662037778727 0.045191803879257253 0.05962396513189392 -0.0021220128977659787 0.074330205645707234 0.055639124754687852 -0.053707119669931851 0.059565429862156495 0.01315069205786927 -0.041496066956059036 -0.0085076977563102296 0.0012365362181766364 -0.049449512599954511 0.024240578262625961 -0.023653566634327081 0.026783739081880659 0.0043981021660127453 -0.047387954161693766 0.055791725984335828 4.6985580033669368e-05 -0.03332060901482848 0.074997855074920558 -0.029966150313609014 -0.0097945268413439125 0.024079562672960495 0.049978202577505161 -0.065128783610285401 0.061918883981351064 0.011615689444623064 -0.031103605876763935 -0.025743646575705961
leaf_weight=1.666827540844676 4.8567910852143532 2.1443295954377382 146.43168069727835 1.30330529808998 1.9036203864961851 4.3129329383373296 2.6499080806970587 5.1565848337486377 3.6985384833533317 4.4748798173386612 51.465718679246493 9.1697268839925528 3.9026723094284534 3.7982758642174295 10.47817555721849 37.943904606159776 2.5392594933509818 4.8836568237747997 3.2958744228817505 14.834672497003337 2.9650525599718112 4.1690339712658897 3.7214945629239082 7.2001699389948044 1.5978529722779056 3.3498661718040257 6.0246557202190143 1.8278328155865891 2.701674017123878 10.650961949257178
leaf_count=20 91 20 2026 13 16 19 28 33 83 66 791 49 26 28 265 815 11 56 26 76 22 39 19 129 106 40 43 21 17 69
internal_value=5.39307e-06 0.00191872 0.000638421 -0.000142293 -0.00164358 -0.0128124 0.00590962 -0.0231861 -0.00853951 0.0113069 0.000785518 -0.0339637 -0.0166795 0.0184648 0.0133648 0.000129494 -0.0058446 0.00438039 0.0333298 -0.019612 -0.00442991 0.00561853 0.0278054 0.00158864 0.0152102 -0.00190374 0.0357283 -0.0380364 -0.000970801 -0.00338968
internal_weight=365.12 169.013 164.156 162.011 196.107 35.0321 12.4902 22.5419 9.84025 6.14171 161.075 17.3853 8.21561 15.5798 14.2765 159.172 66.1734 92.9983 8.17953 28.2295 13.3948 10.8556 6.68655 84.8187 22.7021 12.3779 10.3242 5.1777 4.29953 62.1167
internal_count=5063 2443 2352 2332 2620 324 197 127 169 86 2296 94 45 306 293 2280 982 1298 82 167 91 80 41 1216 356 190 166 61 123 860
is_linear=0
shrinkage=0.05


Tree=161
num_leaves=31
num_cat=0
split_feature=3 6 6 2 5 4 5 0 4 1 3 0 6 5 7 1 4 0 0 1 0 7 2 5 7 6 3 5 7 1
split_gain=0.472497 0.792912 1.507 1.22874 1.13101 1.22877 1.59221 1.00845 0.725488 1.08918 0.700022 3.47404 2.09528 1.93662 2.19865 1.96204 1.49922 1.37233 1.37734 1.19808 1.07534 1.92509 0.792577 1.64502 1.23458 0.915184 0.765039 1.52951 1.89074 1.55407
threshold=1.9065080941201404 1.0000000180025095e-35 -0.029339383243277305 -0.34461165077441941 -0.26059382145146842 0.58259423152186895 -0.71429256722425694 0.68908008171291002 0.21442564353988061 -0.64840092863485543 1.2037771973618512 1.38624222016614 -0.32628282707309852 0.20990175637667283 0.25039882218996296 -0.19990965918933243 0.39851002957302184 -0.4593602482013544 0.47619257875424831 -0.75876158661485649 0.78261853570006845 0.13554043291449702 -0.038227101755426506 -0.77662554651860782 -0.3918377520337038 -0.31195241646445832 1.091913107502162 0.087454868667301192 0.56032823399727028 -0.17281873471782655
decision_type=2 2 2 2 2 2 2 2 2 2 2 2 2 2 2 2 2 2 2 2 2 2 2 2 2 2 2 2 2 2
left_child=1 2 10 -3 5 6 -5 -6 9 -2 22 12 -12 14 17 20 -17 -14 -19 -20 21 -15 26 24 25 -24 -1 -28 -29 -30
right_child=8 3 -4 4 7 -7 -8 -9 -10 -11 11 -13 13 15 -16 16 -18 18 19 -21 -22 -23 23 -25 -26 -27 27 28 29 -31
leaf_value=0.00015815462633386558 -0.06680287523369878 -0.042183841034467429 -0.040834647577517112 0.051838701380342724 0.0087562368232645838 0.052227636242822555 -0.031309980781675087 0.07006960698046355 0.015094516143454265 -0.0030698096998872937 0.053462832024619246 0.05738687775955173 -0.053706309422668123 -0.056386765312881129 0.077129251057174539 0.066062167162600383 -0.027750092236058121 0.048927474140328012 0.030749828471809699 -0.026870507518321419 -0.044887177577859448 0.048816381363214104 -0.088511558048647854 -0.059621648290213151 0.053956780849708091 0.018728300448606582 0.021314727047806042 -0.049441434534749099 0.059531444296173422 -0.037454387699509151
leaf_weight=318.03353748156223 1.2138870088383558 0.81278084032237519 2.2621442544041193 0.77152370568364848 1.0765642327023663 1.0636312507558612 2.2688724588369955 1.7785775531083343 1.1995542508084325 1.4971535941585892 1.6876106031704754 3.1477710864273822 0.94480572373141125 0.80417092703282811 1.1455684817628933 0.99944719672202864 0.74209924717433751 1.7020139613887266 1.449533664621413 2.3889304369222373 5.1235830625519156 0.94682487635873258 0.38670787215232849 1.6740482212044288 0.82401399197988234 0.4097438306780532 1.998946179752237 3.7668920729774982 0.89143133442848876 0.76966248173266671
leaf_count=3525 7 6 36 332 23 274 48 27 18 41 62 101 31 10 42 29 24 81 18 31 37 42 1 20 38 39 49 27 32 12
internal_value=4.89976e-06 0.000192743 -0.000155948 0.0159898 0.0227841 0.00597154 -0.0102104 0.0469507 -0.0172814 -0.0316067 0.000107092 0.0089393 0.00043607 -0.00507194 0.0132713 -0.0213176 0.0260873 0.00199133 0.0114893 -0.00511112 -0.0333267 0.000500268 -0.000459299 -0.0248603 0.0110504 -0.0333408 -0.000212297 -0.0160756 -0.0298452 0.0145934
internal_weight=363.782 359.871 352.099 7.77195 6.95917 4.10403 3.0404 2.85514 3.91059 2.71104 349.837 21.0824 17.9346 16.247 7.63085 8.61613 1.74155 6.48528 5.54048 3.83846 6.87458 1.751 328.755 3.29451 1.62047 0.796452 325.46 7.42693 5.42799 1.66109
internal_count=5063 4997 4287 710 704 654 380 50 66 48 4251 508 407 345 203 142 53 161 130 49 89 52 3743 98 78 40 3645 120 71 44
is_linear=0
shrinkage=0.05


Tree=162
num_leaves=31
num_cat=0
split_feature=7 3 3 5 6 5 1 7 0 3 6 7 5 4 7 7 3 2 0 7 2 5 5 0 1 3 1 0 2 2
split_gain=0.476241 0.514005 2.89962 2.47978 2.50249 2.57839 1.38542 1.18911 1.20748 3.04601 2.83027 1.22119 1.16911 1.24328 1.18371 1.11404 1.07063 1.05743 3.12483 2.16922 2.16045 1.92729 3.8241 1.41158 3.33652 2.54189 2.84881 2.53684 2.86603 3.13145
threshold=3.3044668409538089 -1.2294918527492065 -1.2162327775001465 1.1183285548757507 -0.39847156912677489 -1.1774996148071211 1.9857585475218218 -1.3376587775946709 -0.76720904743073381 -0.84177820408703419 -0.3658286794303377 2.2888187951820012 1.3603334041070996 -2.362754472334037 1.9298660442956905 -0.81187088964406795 -1.2022116864321746 -0.44244565892480509 0.075788148535966007 1.0214656807394171 -0.43145538629536023 -0.3105716138764702 0.73300199645192177 -0.21640051345653846 0.19962641271934417 0.13192560931808389 1.1315074668859582 -0.2548290531415271 -0.41405905713164176 -0.31776246500554212
decision_type=2 2 2 2 2 2 2 2 2 2 2 2 2 2 2 2 2 2 2 2 2 2 2 2 2 2 2 2 2 2
left_child=1 3 -3 4 5 -1 -7 16 9 -9 -11 17 13 -12 -14 -15 -4 18 21 -20 -19 -10 -23 24 27 -26 -27 28 -22 -30
right_child=-2 2 7 -5 -6 6 -8 8 11 10 12 -13 14 15 -16 -17 -18 20 19 -21 23 22 -24 -25 25 26 -28 -29 29 -31
leaf_value=-0.046608946661108562 -0.025811601867894909 -0.051714622335440046 -0.012407068515878472 0.053127904077008861 0.042895372626037112 -0.00085013502555366489 0.052609861141238848 -0.052148760048136622 -0.041154720292847183 0.036593999221646273 0.048088561823182843 0.034140206356537098 0.044635282815570297 0.03084500758202401 -0.031346054396680832 -0.050113473671151647 0.06175845587127491 -0.030970841288822923 0.060964512518096994 -0.001254142713123699 0.058951210672330084 0.051594628775658395 -0.022387070840117197 -0.0016787021558993245 -0.032999319333642141 0.048801273560376751 -0.033317917552542098 0.044579815072407658 -0.010158748326317364 0.019543043924014271
leaf_weight=3.0673572684172603 1.7774774841964234 2.7324019134975961 0.73324083629995618 2.5998063485603771 3.2560230754315844 18.306207781424753 1.297808177769183 3.8979777287458992 2.6818025829270491 3.4587947432883075 0.43101460719481011 2.6598917990922919 1.1968717025010849 0.47868955100420763 0.89656751253642131 3.7836637871805587 1.4466613445838437 5.7289415043778709 4.1811364167369893 2.1067428048700094 2.6628975644707671 3.0000248183496305 4.1810347205027938 232.87779705709545 7.8388528538634983 2.5408237031660974 1.807375459349714 5.7364597679115823 17.194043049821627 18.338954816572372
leaf_count=249 17 50 9 352 34 380 15 133 16 78 16 19 109 31 13 195 450 42 55 17 17 30 61 2040 84 33 101 63 154 200
internal_value=5.94402e-06 0.000133021 -0.000419439 0.00657404 0.00190597 -0.00398086 0.00268898 5.46501e-06 -0.00023939 -0.0145299 -0.000217703 0.000405253 -0.0189782 -0.0328379 0.0120944 -0.0410213 0.0368118 0.000116613 0.0125737 0.0401183 -0.000566022 -0.00498687 0.0085202 3.67082e-05 0.00715512 -0.0159923 0.0146676 0.0135763 0.00892007 0.00517066
internal_weight=362.897 361.12 332.593 28.5272 25.9274 22.6714 19.604 329.86 327.68 14.1436 10.2456 313.537 6.78681 4.69337 2.09344 4.26235 2.1799 310.877 16.1507 6.28788 294.726 9.86286 7.18106 288.997 56.1194 12.1871 4.3482 43.9324 38.1959 35.533
internal_count=5063 5046 4016 1030 678 644 395 3966 3507 575 442 2932 364 242 122 226 459 2913 179 72 2734 107 91 2692 652 218 134 434 371 354
is_linear=0
shrinkage=0.05


Tree=163
num_leaves=31
num_cat=0
split_feature=4 4 4 6 5 6 6 5 1 6 6 2 5 5 4 4 4 0 2 0 2 6 7 5 1 5 3 6 3 5
split_gain=0.443135 6.1033 5.09579 1.39028 2.26363 2.06594 3.53379 2.75511 1.75002 2.21369 1.71952 1.28552 1.92661 1.30239 1.21444 7.02896 4.91286 1.35271 1.2657 1.67833 1.65811 2.03714 1.18239 1.29796 1.06558 1.04987 1.75111 0.995928 0.989081 1.57027
threshold=1.2268893525324958 1.1348471134948515 1.3189314995279926 -0.34952813990062109 0.25992859678448271 -0.32289317831693826 -0.30961816054206109 -0.31479814862358718 1.9668001027168092 -0.36412348683650625 -0.27099365882653137 -0.34927018088974965 -0.45594843354860759 -0.53367547259000081 0.85872076455050717 0.76667852551286308 0.95076291154600423 0.88734944934584081 -0.3739386548856477 -0.28835055665256876 -0.3420282068769539 -0.28449672797605269 -0.19426769136278021 -0.05319933094588912 1.6995613547709489 -0.25517261798024088 0.2360169549410788 -0.32354231091743663 -1.1852949352523394 -0.54377795567752274
decision_type=2 2 2 2 2 2 2 2 2 2 2 2 2 2 2 2 2 2 2 2 2 2 2 2 2 2 2 2 2 2
left_child=1 14 -2 4 8 -5 -7 11 9 28 -9 -8 13 -13 15 24 -16 18 19 -18 -20 -22 23 -12 -1 26 -23 -19 29 -4
right_child=2 -3 3 5 -6 6 7 10 -10 -11 22 12 -14 -15 16 -17 17 27 20 -21 21 25 -24 -25 -26 -27 -28 -29 -30 -31
leaf_value=-0.0001272318996982946 -0.058928699120444406 0.062098922542801888 -0.037119079310713253 -0.031907570677377421 0.058435030842095316 0.073053350935421285 -0.045641058421274854 -0.038987795876405336 0.060755428319168872 0.055343803176565634 0.015876705732333518 0.053492493083621133 0.075466002563092494 -0.053211721643218635 -0.054910058514392214 0.058287378657749113 -0.013832699992843173 0.045294384638835027 -0.07028056105799621 0.049244885351670792 0.029643360349869148 -0.065364293291128944 0.031256873084475799 -0.047981242497853738 -0.037820881109746879 -0.05990394377807709 0.037522039212744843 0.0042838671666664239 -0.064629085472935374 0.053437474308286326
leaf_weight=294.87680369173177 3.9327804362401357 3.9800640533503602 1.6010961243882775 5.3431131941033554 2.537948084063828 1.6613742618355924 0.44627264142036427 4.8405494911130518 1.0174004808068273 0.96753061097115489 1.5459619709290566 0.51340439834166329 1.9489595633931469 0.64553574705496441 5.0366019408684251 5.1972254847350987 2.5908245909959078 2.3617315664887428 1.4396233621519092 1.7784354798495803 2.041302523110065 0.70612044847803523 2.1112639621132914 1.6397507590008897 1.8869511694647361 1.7943313055438803 0.99815462215337902 3.9670387282967559 1.3035053089261053 0.68289186153560888
leaf_count=3721 77 154 62 45 27 20 3 32 11 9 21 102 21 7 105 213 39 26 11 20 16 14 30 24 149 13 33 29 9 20
internal_value=5.72916e-06 0.000558331 -0.00554158 0.00174703 0.0192939 -0.00512921 0.00419008 -0.0041659 0.0014672 -0.0117753 -0.0174464 0.0337139 0.0451087 -0.00594231 -0.000196071 0.000642629 -0.0113457 0.00106643 -0.00926226 0.011842 -0.0224737 -0.0100505 0.00223883 -0.0169923 -0.000366904 -0.0332103 -0.00510614 0.0195879 -0.029877 -0.0100435
internal_weight=361.395 328.655 32.7393 28.8066 8.11037 20.6962 15.3531 13.6917 5.57242 4.55502 10.1375 3.55417 3.1079 1.15894 324.675 301.961 22.7142 17.6776 11.3488 4.36926 6.97953 5.53991 5.29698 3.18571 296.764 3.49861 1.70428 6.32877 3.58749 2.28399
internal_count=5063 4543 520 443 138 305 260 240 111 100 107 133 130 109 4389 4083 306 201 146 59 87 76 75 45 3870 60 47 55 91 82
is_linear=0
shrinkage=0.05


Tree=164
num_leaves=31
num_cat=0
split_feature=2 5 2 1 3 7 0 7 3 4 7 7 2 0 3 6 2 0 3 0 7 0 2 7 3 1 2 1 3 2
split_gain=0.436121 2.5685 2.5434 2.36696 1.73064 2.94465 2.45318 2.94711 1.80906 2.01191 3.38843 3.35736 1.56533 1.41422 1.35886 1.2825 1.94505 2.9831 2.87203 2.71364 1.83577 1.42099 1.26434 1.21328 1.18504 1.10844 1.18978 1.14528 1.28556 0.90022
threshold=-0.24932488679882023 0.25992859678448271 -0.24785693536914943 -1.3733166400609285 0.97837290288751211 0.25039882218996296 -0.4593602482013544 -0.037071701406374773 0.52390654656616109 0.30646788257752478 -0.11066350634622192 -0.5342829259613725 -0.2051559451677101 1.1125579642141628 0.59706004994134887 -0.3318673490874508 -0.22359998143760404 1.7731382848477517 0.44435207983148367 -0.070097782078057433 -0.46783122999033083 0.15373111848454052 -0.25113365607720761 0.46805855309584349 0.68286303115078406 -0.75876158661485649 -0.23317771871060625 -0.62828024045233177 1.8328972898117075 -0.25595609206908226
decision_type=2 2 2 2 2 2 2 2 2 2 2 2 2 2 2 2 2 2 2 2 2 2 2 2 2 2 2 2 2 2
left_child=22 2 -2 -4 8 6 -6 25 15 10 11 -10 -9 -14 -12 -5 20 18 19 23 -17 -21 29 -18 -11 -8 -27 -28 -29 -1
right_child=1 -3 3 4 5 -7 7 12 9 24 14 -13 13 -15 -16 16 17 -19 -20 21 -22 -23 -24 -25 -26 26 27 28 -30 -31
leaf_value=-0.00085361465254955415 0.08386297270261435 -0.041377581721678366 0.048141729514008302 -0.01470808701068773 -0.051694745184743443 0.061570557201159948 0.057011920823299311 -0.053747912965544736 -0.023903899373809767 -0.020302288650713814 -0.064380260401122297 0.059735612420352885 0.064679381790756468 -0.029478837047588233 -0.010034542639077458 0.0028135654380125738 0.042483613310880033 -0.063997276647374285 0.060034462490669876 -0.046836292812311803 0.060528560866230478 0.0044955518543824437 -0.03686015128726268 -0.024151305929015616 -0.071408837953630455 -0.060289259813246648 -0.0066803093026169607 0.053647587942044342 -0.011554720597460462 0.02169069828041488
leaf_weight=288.92507043364458 1.030218182131647 3.0057731481501824 2.9707996826036824 6.4779091035015837 1.6189109536353523 2.8918528950307509 2.4995649369666344 2.029012488201261 2.0877004031208335 2.3278961382748085 2.1642723015975198 2.8211549059487879 0.71556507272180059 0.90081428037956357 2.4549111269880086 2.4152208159212023 3.2138254203600782 1.5724879279732693 2.2580482180928803 3.2287082709372159 3.2075654417276374 2.3147874929127283 2.411583185195922 0.86752043291926373 2.2121699935814831 0.45221229735761781 2.0864466979401177 3.265598827973009 0.98369509098120023 4.4969918644055715
leaf_count=3365 11 48 67 54 58 113 74 12 65 54 15 41 23 18 32 15 377 8 74 38 34 32 15 12 27 3 52 241 40 45
internal_value=5.58661e-06 0.00374547 0.0059664 0.00462975 0.00236464 0.0154878 0.00632989 0.0135933 -0.00341256 -0.017812 -0.00475975 0.0241643 -0.0245043 0.0122047 -0.0354977 0.00451405 0.0110409 0.000720489 0.00928473 -0.00262148 0.0357376 -0.0254017 -0.000804436 0.0283199 -0.0452042 0.0285468 0.0180649 0.0236574 0.0385535 -0.0005081
internal_weight=359.908 64.0746 61.0689 60.0387 57.0679 17.4437 14.5518 12.9329 39.6242 14.0681 9.52804 4.90886 3.64539 1.61638 4.61918 25.5561 19.0782 13.4554 11.8829 9.62484 5.62279 5.5435 295.834 4.08135 4.54007 9.28752 6.78795 6.33574 4.24929 293.422
internal_count=5063 1638 1590 1579 1512 634 521 463 878 234 153 106 53 41 47 644 590 541 533 459 49 70 3425 389 81 410 336 333 281 3410
is_linear=0
shrinkage=0.05


Tree=165
num_leaves=31
num_cat=0
split_feature=7 4 4 4 0 7 3 0 7 6 6 0 3 7 3 7 0 2 7 2 5 6 2 0 5 0 2 5 1 2
split_gain=0.426364 0.500606 6.19486 5.1003 1.17704 1.26072 1.89847 2.196 1.50145 1.9199 1.47304 1.40761 1.25069 3.51877 3.24141 3.77355 4.71964 2.1732 4.55903 7.04454 3.35649 2.1044 1.93326 1.86638 2.40632 2.13914 2.35436 2.3891 2.21626 2.22665
threshold=3.3044668409538089 -0.24578499939545764 -0.15374285239996058 -0.33782723843310175 -1.1760400074157753 0.92174756798189539 0.051151932513464518 1.4747669837982287 0.75234848269698607 -0.30425525517985647 -0.37157054636771558 1.8518637944562262 0.5557588230369781 0.31089501818020537 0.40183159713622169 -0.22355836565526624 0.65458585431633864 -0.27456685831717897 -0.54538254990378821 -0.21812508244155474 -0.62774529950303803 -0.25216420121518029 -0.2949122127224057 -0.23034210261387453 0.21982556466967981 1.298548226536034 -0.26365303854959027 -0.66729479009757864 -0.622045217254381 -0.21030477809311723
decision_type=2 2 2 2 2 2 2 2 2 2 2 2 2 2 2 2 2 2 2 2 2 2 2 2 2 2 2 2 2 2
left_child=1 3 -3 -1 -4 8 10 -8 11 -10 -7 12 14 21 17 16 -16 22 20 -20 -19 -14 -6 -23 25 26 -25 -28 29 -29
right_child=-2 2 4 -5 5 6 7 -9 9 -11 -12 -13 13 -15 15 -17 -18 18 19 -21 -22 23 -24 24 -26 -27 27 28 -30 -31
leaf_value=0.00068382779452051407 -0.024557101365814557 -0.054929828616186331 -0.036472868079895839 0.053795149735752418 0.0010010351780938341 -0.0056021620829422554 -0.012757945006666891 0.036771370259981472 0.05435692499935333 -0.0052268828613046738 -0.046717179125679853 -0.017377853925835386 -0.026920081961901821 0.039614454105646811 0.059729884558217039 0.049315455247147144 -0.029781254506994155 0.052767381368754952 0.05871360915853864 -0.027626100112942836 -0.034061792369755171 -0.034541399919030887 -0.020050728103727988 -0.053291362611822282 -0.025307040680801269 0.066939338712495619 -0.050170430050574227 -0.028261754033575406 0.070377657389659051 0.049136195466262217
leaf_weight=120.87070714397123 1.7578637432306994 5.2528403231408438 2.1911634906427926 4.6958539679180822 108.39831148169468 3.848899730714038 7.2344275829382223 3.2403149828314781 2.9861597167328 2.4704130934551349 5.0195378428325075 10.113445709692312 13.650175274349751 3.6655562800588077 2.1568139007140417 7.9731743542943132 4.6423434318858199 1.4085749206133193 8.8175946492701751 3.2271466613747171 5.303969324333595 3.335549108451235 12.125589504838002 1.2895306646823854 4.1311504715122274 1.9547819173894811 1.0319553409935887 1.9711681529879572 2.3307866267859989 1.7580223416443885
leaf_count=1819 17 128 161 278 1100 33 57 39 30 25 26 88 128 69 86 80 27 240 74 21 32 225 61 6 36 30 19 12 70 46
internal_value=7.0332e-06 0.000127954 -0.00125071 0.00267005 -4.59336e-06 0.000352003 -0.0118495 0.00256373 0.00150475 0.0273809 -0.0288733 0.00079624 0.00176786 -0.00674712 0.00370897 0.0259791 -0.00138673 0.00134697 0.0171786 0.0355806 -0.0158414 -0.0121501 -0.00111693 -0.000825439 0.00694799 0.0198396 0.00885462 0.0201547 0.0321303 0.00822534
internal_weight=358.854 357.096 231.529 125.567 226.277 224.085 19.3432 10.4747 204.742 5.45657 8.86844 199.286 189.172 35.1187 154.054 14.7723 6.79916 139.281 18.7573 12.0447 6.71254 31.4531 120.524 17.8029 14.4674 10.3362 8.38146 7.09193 6.05998 3.72919
internal_count=5063 5046 2949 2097 2821 2660 155 96 2505 55 59 2450 2362 641 1721 193 113 1528 367 95 272 572 1161 444 219 183 153 147 128 58
is_linear=0
shrinkage=0.05


Tree=166
num_leaves=31
num_cat=0
split_feature=0 3 0 6 7 1 2 0 2 0 0 0 1 1 3 6 3 1 5 7 5 5 5 1 0 1 2 3 1 7
split_gain=0.446298 1.00178 0.858165 1.09966 0.815204 0.909163 0.684681 0.531151 2.10657 2.15903 2.7603 2.38681 3.055 1.88181 3.30785 2.3551 2.12294 2.98425 1.9505 3.69419 1.59293 1.54449 4.25352 2.7493 3.25924 2.04547 1.98455 4.74447 2.88796 2.58122
threshold=-1.7858435937961639 -0.84177820408703419 -1.2032602308913283 -0.32107068259742028 0.81527880674477571 -0.5347122480721701 -0.46265158438555704 -0.011552942454124868 -0.15282190267858006 0.15373111848454052 0.28428102731122423 0.86736868516273036 -0.3209887187422133 -0.069008756503063734 -0.41123926640203518 -0.3501833362154681 -0.12517852798265719 -0.6402321059652577 -0.71429256722425694 0.14326473261711378 -0.24796046245105077 -0.29792424116667887 -0.28403385243543783 -0.70125156854479342 -0.084911859067514403 -1.1960492460871797 -0.27766187853951774 -0.1369135563535778 -0.75876158661485649 0.23543704839623877
decision_type=2 2 2 2 2 2 2 2 2 2 2 2 2 2 2 2 2 2 2 2 2 2 2 2 2 2 2 2 2 2
left_child=1 6 3 4 -2 -6 -1 21 9 13 -11 12 -12 14 18 20 -16 -18 -9 -20 -15 26 -23 25 -25 -24 27 -4 -28 -30
right_child=2 -3 7 -5 5 -7 -8 8 -10 10 11 -13 -14 15 16 -17 17 -19 19 -21 -22 22 23 24 -26 -27 28 -29 29 -31
leaf_value=0.025102351465206264 -0.034464479406586604 0.045474519508856892 -0.0034746239623294319 -0.054768222014184458 -0.040457951778863598 0.023845312139902809 -0.052893497334715461 -0.039221247339825363 0.043033205047048814 0.024880007668090596 -0.02620485001653023 0.0013543438948654609 0.0079268090775052088 0.012898572592650046 -0.070273735242803684 0.03614267086346256 0.0026818669400515771 -0.04680006729643596 0.067117378120224003 -0.014751736339182309 -0.050374528023943613 0.051905004646103252 0.015203950550993576 0.0054247288135138415 0.045351400542096104 -0.025484707713709 0.038975075608806531 -0.055523647719340014 0.0078183879793316795 -0.033054170309489747
leaf_weight=0.53418694762513041 1.678806535201147 1.6075518385041494 34.467604163801298 1.5645889666629944 0.71675755665637542 2.3582475605653603 0.59453922486864053 1.7942502126097677 2.6320522904279633 10.60900394618511 19.026909193955365 135.46815933531616 10.002433863002805 1.9499292282853278 3.2638137079775378 3.6718679245095691 5.4597074221819666 6.8953620308311558 2.4284555413760307 3.1851655766367912 2.0305501124821603 5.0630649570375672 4.2796862632967523 44.812863615574315 5.7693330119363955 11.09995594981592 5.7165246136719388 5.0153470872901371 18.649546117958383 4.8718720307806498
leaf_count=28 75 72 563 94 29 104 23 35 276 101 117 1106 95 33 12 32 40 46 33 22 12 46 57 918 48 100 93 22 768 63
internal_value=8.36849e-06 0.020124 -0.000146906 -0.0184088 -0.00644211 0.00885677 -0.0159808 0.000184508 -0.00141464 -0.00198314 0.000160546 -0.0014337 -0.0144443 -0.0142186 -0.0213573 0.0072624 -0.0344085 -0.024934 0.00615995 0.0206649 -0.0193787 0.00256949 0.00773999 0.00435 0.00997871 -0.0141623 -0.00277436 -0.0100862 0.00709953 -0.000647338
internal_weight=357.218 2.73628 354.482 6.3184 4.75381 3.07501 1.12873 348.163 208.418 205.786 175.107 164.498 29.0293 30.6791 23.0268 7.65235 15.6189 12.3551 7.40787 5.61362 3.98048 139.746 71.0249 65.9618 50.5822 15.3796 68.7209 39.483 29.2379 23.5214
internal_count=5063 123 4940 302 208 133 51 4638 1960 1684 1419 1318 212 265 188 77 98 86 90 55 45 2678 1169 1123 966 157 1509 585 924 831
is_linear=0
shrinkage=0.05


Tree=167
num_leaves=31
num_cat=0
split_feature=0 0 6 0 3 6 3 0 1 0 0 7 1 7 3 2 1 7 7 1 5 5 6 1 6 0 0 6 1 4
split_gain=0.42347 1.3528 0.968486 0.631648 2.34301 2.05926 1.64675 0.906991 2.18408 1.60059 1.34604 1.72265 2.16347 1.10522 0.754182 0.954075 2.57996 2.38274 2.51846 2.31875 1.85297 2.19914 2.00322 1.55568 1.92973 2.32376 1.60424 1.36304 1.89103 1.2934
threshold=2.0589751712411388 2.3768788169919026 -0.34048915886396575 1.8518637944562262 0.38156197635317574 -0.26320106624132844 0.13192560931808389 1.7731382848477517 -0.62828024045233177 1.7383792152987647 1.5869265971197628 0.025371797029905569 -0.27668454633655248 -0.2754539758421749 1.7565434419196224 -0.23317771871060625 -0.75876158661485649 0.11530471499608692 -0.018474963046713404 -0.7186822883201065 -0.47813633960003421 -0.77662554651860782 -0.22596989657021074 -0.43335820690994825 -0.18959009584928685 1.135192152285678 -0.24605481186746206 -0.14789929351844902 0.25991769633748146 0.85872076455050717
decision_type=2 2 2 2 2 2 2 2 2 2 2 2 2 2 2 2 2 2 2 2 2 2 2 2 2 2 2 2 2 2
left_child=3 2 -2 7 6 -6 -5 9 -9 10 14 13 -13 -12 15 -1 17 18 -17 -18 21 -21 -23 29 25 26 -25 -24 -29 -22
right_child=1 -3 -4 4 5 -7 -8 8 -10 -11 11 12 -14 -15 -16 16 19 -19 -20 20 23 22 27 24 -26 -27 -28 28 -30 -31
leaf_value=-0.0010120149283801576 0.060470735371926987 -0.019886477271955354 0.011466232819605014 0.0025487772178495252 0.058020837126462332 -0.01429363751163679 -0.041032596757150798 -0.0015615875492287143 0.066678287130911049 -0.026200178135321814 0.016617190723676123 0.022621530702265032 -0.038279152874897727 0.06620036920622735 -0.018128042438391227 0.026141900682312681 -0.050838576724369845 0.069105589505386408 -0.044296296480541716 0.02453618779831053 0.05873275028194741 -0.00062779077852890522 -0.06312275236840019 -0.0095698921750213689 -0.038493806139315537 -0.047323150611356467 0.058817734013957401 0.04869353962431764 -0.058380882690254904 0.00010113926123876902
leaf_weight=268.36607070208993 1.5302053266204891 2.1725604041712359 2.9557257477426893 3.4652869515120965 1.9405314523028203 1.9981757815694434 5.787748958915472 3.6064928586129099 1.7374309338629235 5.788806984666734 2.2553288294002414 4.0847614950034767 2.2679933775216341 2.2402292795013619 5.8052005167701273 8.0088156239362416 2.160938442451882 2.585960592434275 1.5079198415623967 3.6687086010642824 3.1284703088458627 5.852991565130651 3.1994449179619551 1.25376428628806 1.9764488225919175 1.0226492527872322 2.7135064599569891 0.78989011293742784 0.86271887610200793 1.3450038973242042
leaf_count=3187 15 18 41 27 42 39 25 37 20 39 50 40 16 27 148 132 26 62 16 651 67 79 23 42 47 7 59 36 12 33
internal_value=7.26889e-06 0.0124982 0.0281823 -0.000230755 -0.0109632 0.0213344 -0.0247113 0.000190326 0.0206247 -0.000139697 0.000324346 0.0176403 0.000879413 0.0413255 -0.000273427 6.26143e-05 0.00725857 0.0265457 0.014981 -0.00108568 0.0030793 -0.00887171 -0.0203209 0.0180953 0.00331993 0.0198819 0.0372054 -0.0440765 -0.007203 0.0411045
internal_weight=356.08 6.65849 4.48593 349.421 13.1917 3.93871 9.25304 336.23 5.34392 330.886 325.097 10.8483 6.35275 4.49556 314.249 308.443 40.0772 12.1027 9.51674 27.9745 25.8136 14.3738 10.705 11.4398 6.96637 4.98992 3.96727 4.85205 1.65261 4.47347
internal_count=5063 74 56 4989 133 81 52 4856 57 4799 4760 133 56 77 4627 4479 1292 210 148 1082 1056 801 150 255 155 108 101 71 48 100
is_linear=0
shrinkage=0.05


Tree=168
num_leaves=31
num_cat=0
split_feature=0 3 0 6 7 1 5 3 7 6 3 1 6 7 1 3 1 4 6 7 5 7 7 4 4 2 5 5 5 6
split_gain=0.410882 0.922312 0.788928 1.02805 0.756281 0.828259 0.679182 0.534647 0.534306 1.08394 1.522 3.81539 0.829717 0.776663 0.883228 0.978267 0.760175 0.564615 2.86444 1.69924 1.21456 1.44755 1.67899 1.00454 0.930391 2.55171 2.14939 2.17256 1.76781 1.70262
threshold=-1.7858435937961639 -0.84177820408703419 -1.2032602308913283 -0.32107068259742028 0.81527880674477571 -0.5347122480721701 1.0338854456169975 -0.57370105423428386 1.7069485967855076 -0.31452320102605441 -0.15154427531699513 -0.46970897686602664 -0.35136302524710111 1.4856052187525384 -0.40050501136958616 0.051151932513464518 -0.12263241795081149 -0.89008012040608409 -0.19272153395928504 1.3356304753668569 -1.0103651099613307 1.0000000180025095e-35 -0.46783122999033083 -1.1662064693504284 -0.70599582641508996 -0.26500037176681285 0.17524585309543875 0.48308430622269627 -0.3260658716455348 -0.30610758541892824
decision_type=2 2 2 2 2 2 2 2 2 2 2 2 2 2 2 2 2 2 2 2 2 2 2 2 2 2 2 2 2 2
left_child=1 6 3 4 -2 -6 -1 -7 13 10 11 -10 -12 17 15 -15 -13 18 19 20 -4 22 -22 -24 25 26 28 -28 -19 -27
right_child=2 -3 8 -5 5 7 -8 -9 9 -11 12 16 -14 14 -16 -17 -18 24 -20 -21 21 -23 23 -25 -26 29 27 -29 -30 -31
leaf_value=0.034661609604921095 -0.03361076741131569 0.044086065424042961 -0.055379959744006002 -0.053568687993750197 -0.038948145243840292 -0.0017022925347131394 -0.046035385300911891 0.046089355785215454 0.061127037095294469 -0.014212078537422478 0.071411789509960702 -0.045346178820717231 0.017383959382039165 -0.049124089620810683 0.011875410825282713 -0.005578831303612343 -0.00049135997487868019 0.016705632833476338 0.046844696731434599 0.040196407096874949 -0.024554777973104402 -0.013851812403501763 0.050758916601140493 0.0074113786355810346 0.00030470228011573552 -0.054674452744011982 -0.032663621606080551 0.032691337103305601 0.072257336430317981 0.012537613102628102
leaf_weight=0.41985126305371545 1.6398078626953063 1.5752092084148888 1.4518398249056179 1.518165903748012 0.70665494760032732 1.1409089302178472 0.68803877779282629 1.2014502149540935 1.9797087828628708 3.2197032910771659 1.7199114828836175 2.0314682689495376 1.2109390950063232 2.5857877102680504 1.9805595502257336 2.5733645251020789 1.7654605745337915 2.6708981106057763 2.4941952053923151 1.7255364872980852 2.411386652616784 29.57530462089926 2.2924888804554939 3.2051103119738391 269.44917664743843 1.9486565049737694 2.4024471696466208 2.7015210508834571 3.087785813957451 1.8244037015247148
leaf_count=13 75 72 49 94 29 49 38 55 16 27 29 20 18 20 60 34 24 21 157 36 29 370 28 26 3520 11 11 82 19 31
internal_value=8.77308e-06 0.0195011 -0.000139589 -0.0178077 -0.0062289 0.0084975 -0.0154541 0.0228111 0.000177083 0.0105759 0.0197416 0.00485177 0.0490891 -0.000193839 -0.0165078 -0.0274039 -0.02449 0.000162097 -0.00516655 -0.00835693 -0.0105087 -0.00877072 0.0102298 0.0254872 0.000971582 0.0132491 0.0255534 0.00192864 0.0464923 -0.0221751
internal_weight=355.198 2.6831 352.515 6.20699 4.68882 3.04901 1.10789 2.34236 346.308 11.9272 8.70749 5.77664 2.93085 334.38 7.13971 5.15915 3.79693 327.241 43.1559 40.6617 38.9361 37.4843 7.90899 5.4976 284.085 14.6357 10.8627 5.10397 5.75868 3.77306
internal_count=5063 123 4940 302 208 133 51 104 4638 134 107 60 47 4504 114 54 44 4390 695 538 502 453 83 54 3695 175 133 93 40 42
is_linear=0
shrinkage=0.05


Tree=169
num_leaves=31
num_cat=0
split_feature=4 4 3 1 4 6 5 0 3 2 1 2 6 6 7 1 1 0 2 3 1 6 6 0 0 2 2 7 3 6
split_gain=0.430262 0.767895 0.744462 0.622042 1.10534 1.82403 0.998552 0.84966 0.948633 3.57214 2.26196 0.969807 1.39733 1.10279 1.09325 1.09823 0.662348 2.22123 3.65168 2.98405 1.57578 3.21691 1.70098 1.35048 1.25133 2.55571 3.03953 4.18138 2.51549 4.30087
threshold=-2.7309230603160253 -3.3752180892845045 -1.2294918527492065 0.75961552443556102 1.0000000180025095e-35 -0.24297764058301027 0.55043069004549905 0.1824203381326519 -1.2447321691274367 -0.44644579680684154 1.9857585475218218 -0.33406006357542656 -0.30961816054206109 -0.35626744922164627 -1.3376587775946709 0.92494746586552756 0.38960198768594984 -0.19694801781479346 -0.34376398143365322 -1.1135130451108759 0.19962641271934417 -0.30851460239835921 -0.33937242729464984 -0.85835929721882731 -0.21640051345653846 -0.43380396045593289 -0.46382645497508307 -0.41679567838375547 -1.0676396928124032 -0.36987084108345514
decision_type=2 2 2 2 2 2 2 2 2 2 2 2 2 2 2 2 2 2 2 2 2 2 2 2 2 2 2 2 2 2
left_child=1 2 -1 16 5 6 -5 8 9 10 -6 13 -13 -10 -14 -16 20 19 -19 23 24 22 -22 -18 25 26 27 -2 -26 -30
right_child=3 -3 -4 4 7 -7 -8 -9 11 -11 -12 12 14 -15 15 -17 17 18 -20 -21 21 -23 -24 -25 28 -27 -28 -29 29 -31
leaf_value=0.11400277589663901 -0.059338478788420072 -0.015750172476408499 0.019231064819081389 -0.044785760667927367 -0.023789643164656673 0.026952171988128343 -0.0075450600835907048 0.074222371780493554 0.0019760403507153635 0.099184492935446747 0.056016886345802389 0.06155495771870434 0.053922124894785865 -0.045823059763746975 0.060695432376071501 -0.039378813435263914 -0.019946415892257319 -0.004284575125210517 0.060574163518235635 -0.030536839305827623 -0.016626709315244809 0.026756796156855646 -0.059299365842627488 0.046917773817365643 0.016544686876789599 0.012324118887845816 -0.03186434001412685 0.043455044119496557 -0.028427495319045079 -0.00053984246485943199
leaf_weight=0.34701713640242815 1.3279522720258681 0.61453609296586253 0.51436169678345323 4.965488271554932 3.5521564127411693 1.6249909522593968 2.8235663389787078 0.38255213573575098 2.0530028915964067 1.0230942666530598 1.1837475299835203 0.90804831718560164 0.54185747780138482 2.9271592183504236 0.31946682464331599 1.9326086950022725 1.0618822955293583 4.3646123067010194 4.3163806690135953 5.5213184610474872 9.1217111675068718 3.5066414164612061 3.1388748879544428 2.6144204866141081 18.921351046883501 48.911439724150114 7.9816384895239008 3.8793218226637691 14.855803037993608 199.29113438885543
leaf_count=8 31 37 37 165 137 186 104 4 45 10 14 40 347 75 4 145 36 36 49 64 111 49 21 97 380 630 119 243 81 1758
internal_value=8.28626e-06 0.0269484 0.057411 -0.000104335 -0.00783452 -0.0212332 -0.0312858 0.000674533 -0.00127378 0.0144609 -0.00384186 -0.0117108 0.00767138 -0.0261185 -0.00984116 -0.0251828 0.000465476 0.00982398 0.0279646 -0.00729771 -7.26321e-05 -0.0154733 -0.0275515 0.0276044 0.000750035 0.00705694 -0.0124766 0.0172408 -0.000930419 -0.00247446
internal_weight=354.528 1.47591 0.861379 353.052 24.2377 9.41405 7.78905 14.8237 14.4411 5.759 4.7359 8.68214 3.70198 4.98016 2.79393 2.25208 328.814 17.8786 8.68099 9.19762 310.936 15.7672 12.2606 3.6763 295.169 62.1004 13.1889 5.20727 233.068 214.147
internal_count=5063 82 45 4981 1276 455 269 821 817 161 151 656 536 120 496 149 3705 282 85 197 3423 181 132 133 3242 1023 393 274 2219 1839
is_linear=0
shrinkage=0.05


Tree=170
num_leaves=31
num_cat=0
split_feature=0 0 0 3 2 5 5 0 4 7 1 0 1 3 2 7 4 1 3 6 7 5 7 7 6 3 6 6 5 0
split_gain=0.405061 2.26508 2.01679 2.17864 2.7291 2.12323 2.11165 2.28932 2.0633 1.77613 1.61608 2.03452 1.61927 1.54436 1.52065 1.52053 1.70105 1.3578 1.24354 3.46784 1.35681 3.5872 4.16359 3.13934 3.67596 1.89765 1.78509 4.22084 2.117 3.29668
threshold=0.97646373688526711 1.0081229451328322 0.39403016175515826 0.32684927103596262 -0.3060989708403698 -0.38016789873922541 0.18831013365909852 0.55803361744650448 0.39851002957302184 0.1932617229191356 -0.3209887187422133 0.14572827953110773 -0.51848275247608455 0.53823247444232991 -0.39567619450301389 -0.15076170921421786 0.21442564353988061 -0.63503183254521678 -0.67520154607297966 -0.37718243638449012 0.40348924948930515 -0.015559208253519061 0.6881524120592718 0.29455390515387109 -0.35626744922164627 0.37211296495835683 -0.32107068259742028 -0.30173414312882779 0.33513246745313591 1.1125579642141628
decision_type=2 2 2 2 2 2 2 2 2 2 2 2 2 2 2 2 2 2 2 2 2 2 2 2 2 2 2 2 2 2
left_child=2 -2 3 -1 -5 8 17 -8 -4 -9 12 -12 13 -6 -11 -15 -17 -7 -3 -20 23 22 -22 24 -21 -25 28 -28 -23 -30
right_child=1 18 5 4 10 6 7 9 -10 14 11 -13 -14 15 -16 16 -18 -19 19 20 21 26 -24 25 -26 -27 27 -29 29 -31
leaf_value=-0.0015927259200203287 0.051886737810038101 -0.01734666419774112 -0.015446024552336035 0.052058776447857072 0.034942708385599174 -0.045120549408333183 -0.041718235663834188 0.040891065144011612 0.056341671280175198 0.027005791662519891 -0.01226550518979122 0.058628367013216047 0.054292673665804751 0.019651073111420968 -0.015499984313155708 -0.042468474687957565 0.025443471272404219 -0.015241878678046224 0.073441172975321364 0.061337635591189134 0.095320295126040622 -0.038956038330037385 0.015194360738338143 -0.047185333531717277 -0.00028522415092210721 -0.0041545006508394234 0.084551846062935906 0.0024819915302221637 -0.045149961135713575 0.019612238615612863
leaf_weight=160.63561906511313 2.2614431767724446 8.2607716528000292 1.9095239668386046 3.866396343742962 4.4283350654877713 7.4596473686397076 3.2702827048487988 2.7347630974836639 2.1035693599842489 2.8641865653917167 11.522895406902533 1.1094489229144535 2.568065522587859 4.3480097070569155 7.9292333628982314 3.0697755824658088 1.3179488903842864 7.7555507025681418 1.7085560858249653 2.511918823234736 2.3744711203034958 4.4593786128098154 5.1113047761609778 5.6275469213724119 66.181167093047407 4.703526055207476 1.883607190567999 9.3102233220124617 2.6752225905656797 7.402348960749805
leaf_count=2494 20 139 36 220 69 41 34 22 18 21 565 26 67 107 54 40 34 54 14 24 21 24 51 27 581 41 25 114 10 70
internal_value=7.55661e-06 0.00230318 -0.0012408 0.00078767 0.0126513 -0.0121 -0.0163977 -0.00417636 0.0221834 0.00489896 0.00727966 -0.00603918 0.0179742 0.0108892 -0.00422048 -0.00130412 -0.0220696 -0.0298907 0.00138566 0.00274366 0.00166748 0.0101467 0.0406101 -0.00189663 0.00196816 -0.0275943 0.00128411 0.016292 -0.0102724 0.00242027
internal_weight=353.365 124.471 228.893 192.866 32.2309 36.0268 32.0137 16.7985 4.01309 13.5282 28.3645 12.6323 15.7321 13.1641 10.7934 8.73573 4.38772 15.2152 122.21 113.949 112.241 33.2166 7.48578 79.0242 68.6931 10.3311 25.7308 11.1938 14.537 10.0776
internal_count=5063 1161 3902 3622 1128 280 226 131 54 97 908 591 317 250 75 181 74 95 1141 1002 988 315 72 673 605 68 243 139 104 80
is_linear=0
shrinkage=0.05


Tree=171
num_leaves=31
num_cat=0
split_feature=7 3 3 5 6 5 1 7 7 3 0 3 6 7 5 4 6 2 0 7 2 5 5 0 2 3 2 2 1 1
split_gain=0.4266 0.499329 2.62745 2.33694 2.24892 2.32278 1.25212 1.30807 1.05365 0.95624 0.952239 2.86487 2.38729 1.07878 1.01932 1.39409 1.06278 0.905276 2.85589 1.96928 1.87108 1.68834 3.46486 1.18627 2.68188 3.52787 2.85502 2.78697 2.96942 2.85159
threshold=3.3044668409538089 -1.2294918527492065 -1.2162327775001465 1.1183285548757507 -0.39847156912677489 -1.1774996148071211 -1.4718732957946667 1.1616227742929912 -1.3376587775946709 -1.2022116864321746 -0.76720904743073381 -0.84177820408703419 -0.3658286794303377 2.2888187951820012 1.3603334041070996 -2.5468387663250307 -0.31283735861622719 -0.44244565892480509 0.075788148535966007 1.0214656807394171 -0.43145538629536023 -0.3105716138764702 0.73300199645192177 -0.21640051345653846 -0.4160646039992591 -0.84177820408703419 -0.39768386775305642 -0.31776246500554212 -0.57764022232397849 0.28737937805840114
decision_type=2 2 2 2 2 2 2 2 2 2 2 2 2 2 2 2 2 2 2 2 2 2 2 2 2 2 2 2 2 2
left_child=1 3 -3 4 5 -1 -7 -8 9 -4 11 -10 -13 17 15 -14 -16 18 21 -20 -19 -12 -23 24 -22 -26 -27 28 -28 -30
right_child=-2 2 8 -5 -6 6 7 -9 10 -11 13 12 14 -15 16 -17 -18 20 19 -21 23 22 -24 -25 25 26 27 -29 29 -31
leaf_value=-0.045852318924138685 -0.025291182975822842 -0.051116341299027812 -0.011454206498396596 0.053113320719695815 0.041512994309152076 -0.04301307248795979 0.010103633903210195 -0.041494770899055705 -0.05192106124892009 0.061192557488629368 -0.039369559524678202 0.035377413069793043 0.065630455643076915 0.032267345137241492 0.048023741378975922 -0.03942837101386016 -0.025610240783403071 -0.029496479387211057 0.05940224284018876 -0.00087417331221754035 0.052952721940383599 0.049608920930258357 -0.021829980577824218 -0.0016240597556020052 -0.061399109290169285 0.069627447140662546 -0.036582432799111025 0.013984719061039305 0.017342920543463439 -0.042371737432071642
leaf_weight=2.8384376612957629 1.6584506463259447 2.5360053385375059 0.69172423705458674 2.4584639598615459 3.1526447087526313 1.3928788297344095 16.344410703517497 1.328086839057504 3.533691876451484 1.3123963829420962 2.6215257383882991 3.2742992353159925 0.34328282717615266 2.6190503127872935 1.0159419143456032 3.9394154252950102 0.94664911599829782 5.4942283362615845 3.9583729933947316 2.0603460548445582 2.9500426203012458 2.891330709680914 4.1099276388995349 227.30875083082356 1.9866212899796654 1.7314003603532899 6.9798385109752443 29.04803214251297 9.3120245861355162 2.5458080465905359
leaf_count=249 17 50 9 352 34 32 338 25 133 450 16 78 15 19 81 227 41 42 55 17 21 30 61 2040 13 24 51 432 93 18
internal_value=7.88929e-06 0.000127519 -0.000422935 0.00659356 0.00202918 -0.00365378 0.00262871 0.00622602 -2.20338e-05 0.0361185 -0.000249321 -0.0134745 0.00079696 0.000315541 -0.017333 -0.0310073 0.0125066 3.93569e-05 0.0117535 0.0387682 -0.000598273 -0.00514323 0.00767236 -3.49728e-05 0.00658626 0.00393562 0.00655156 0.00427093 -0.0107079 0.00452253
internal_weight=352.384 350.726 323.211 27.5149 25.0565 21.9038 19.0654 17.6725 320.675 2.00412 318.671 13.0533 9.51959 305.617 6.24529 4.2827 1.96259 302.998 15.6415 6.01872 287.357 9.62278 7.00126 281.863 54.5538 51.6037 49.6171 47.8857 18.8377 11.8578
internal_count=5063 5046 4016 1030 678 644 395 363 3966 459 3507 575 442 2932 364 242 122 2913 179 72 2734 107 91 2692 652 631 618 594 162 111
is_linear=0
shrinkage=0.05


Tree=172
num_leaves=31
num_cat=0
split_feature=1 0 3 1 2 5 2 3 2 5 3 2 2 3 4 4 7 7 1 5 1 5 5 1 0 0 0 0 7 7
split_gain=0.423428 0.772914 1.24277 0.553193 1.70344 1.00803 1.22104 0.644978 3.77963 2.39867 1.11022 1.80615 1.46582 1.38119 0.838721 1.22578 1.23649 1.92665 1.26135 1.45918 1.52447 1.91796 2.33694 1.05862 1.38901 0.740214 0.943857 0.856798 1.0792 1.46546
threshold=-1.7995094254806314 0.39403016175515826 -0.59808554519913548 -1.629495391513599 -0.32271615250635416 -0.13089694119759754 -0.43925956003961947 -1.2447321691274367 -0.44882696580738807 -1.1774996148071211 -1.2022116864321746 -0.45780977284132413 -0.46139035719728066 -1.1852949352523394 -2.362754472334037 -1.4423330023790664 0.72244116262992142 3.3044668409538089 1.9857585475218218 -0.73692120443548736 0.68073494127378409 -0.30451138525780075 -0.29792424116667887 -1.0326204763560825 -0.85213295826281754 -1.7858435937961639 -0.99729033699712 -1.0726734178302917 1.9298660442956905 1.1276261190892469
decision_type=2 2 2 2 2 2 2 2 2 2 2 2 2 2 2 2 2 2 2 2 2 2 2 2 2 2 2 2 2 2
left_child=1 2 -1 4 5 6 -2 8 9 -5 12 -12 -9 -13 -11 -16 18 -18 19 -17 21 -21 -23 -24 -25 -15 27 28 29 -27
right_child=3 -3 -4 7 -6 -7 -8 10 -10 14 11 13 -14 25 15 16 17 -19 -20 20 -22 22 23 24 -26 26 -28 -29 -30 -31
leaf_value=0.064047096609328946 -0.051849467834285505 -0.017309673562091982 -0.002251347706051877 -0.044560017751731754 0.035919527633619698 -0.051661895968123789 0.022272822955949595 0.021034330637104363 0.08808778313960558 0.068282815875486597 -0.039537984398743294 0.03775410366015821 -0.03352945400731553 0.033110007618627639 -0.029123211849711086 -0.021877937728355668 0.051924871110074738 -0.056991055502402556 0.055059453136591996 0.053923724428117631 -0.042141079592671576 -0.11271603353458937 -0.025543852292521704 -0.026141397767622337 0.053551455467584025 -0.022572897664262688 0.00023832094329919221 -0.056231066431675671 -0.048938841151090463 0.036169560314387388
leaf_weight=1.3935029366984961 0.8926317038713022 1.2117564559448508 1.4344782576663413 2.3666863144608277 1.286180063500068 2.4106198437511921 1.4715919531881811 1.6159556917846201 1.3875102438032616 0.57264137174935115 2.8726463150233021 2.4410691997036329 5.1651682063238686 1.6780705949640822 2.1090365042910078 4.7626935436855993 3.0826595935504879 0.46762370318174351 1.1363606862723816 2.7652237331494662 1.0882306504063306 0.41176454350352054 1.2425725741777549 0.77087053935974648 1.8808449411299046 2.5493832723295782 296.07061457440432 1.2307603254448611 1.3722470726352183 1.8194488667650146
leaf_count=25 51 21 19 204 27 25 17 17 13 8 75 32 92 81 27 89 337 3 14 63 20 3 12 13 117 236 3302 28 17 75
internal_value=7.13944e-06 0.0161013 0.0304176 -0.00018027 -0.0151532 -0.0289105 -0.00571265 8.59727e-05 0.00798089 0.00307521 -0.000513213 -7.54722e-05 -0.0205268 0.00029359 0.00863138 0.006899 0.0112134 0.0375791 0.00455518 0.000113899 0.0129505 0.0214288 0.000561487 0.0125389 0.0303842 -6.50002e-06 -0.00018988 -0.0183741 -0.0102584 0.00189105
internal_weight=350.961 4.03974 2.82798 346.921 6.06102 4.77484 2.36422 340.86 24.0447 22.6572 316.815 310.034 6.78112 307.162 20.2905 19.7179 17.6088 3.55028 14.0586 12.9222 8.15951 7.07128 4.30605 3.89429 2.65172 304.721 303.042 6.97184 5.74108 4.36883
internal_count=5063 65 44 4998 120 93 68 4878 923 910 3955 3846 109 3771 706 698 671 340 331 317 228 208 145 142 130 3739 3658 356 328 311
is_linear=0
shrinkage=0.05


Tree=173
num_leaves=31
num_cat=0
split_feature=0 0 0 5 3 2 1 7 1 5 7 0 1 0 0 6 6 2 3 7 0 0 2 4 6 3 3 7 5 4
split_gain=0.407196 2.05818 1.84846 2.78448 1.97772 2.52249 1.90149 2.06348 1.75619 1.60842 1.55468 1.54057 1.44732 1.51566 2.60304 2.38949 1.58513 1.28735 1.14693 3.62181 2.87401 3.02075 3.89349 3.24076 2.93781 4.55096 3.27208 2.35616 2.50383 3.30183
threshold=0.97646373688526711 1.0081229451328322 0.33526351918818315 -0.42593387081195272 0.32684927103596262 -0.3060989708403698 -0.65462115085170292 -0.34630332983718537 -0.3209887187422133 0.98480453059191408 0.15399112359070563 0.14572827953110773 -0.51848275247608455 -0.18826806638757915 -0.21640051345653846 -0.2322333485558665 -0.3174528036732836 -0.29917434832961837 -0.1369135563535778 -0.64467874713133488 -0.35866510989241224 -0.16370919507584211 -0.34526940620047647 0.58259423152186895 -0.38243446807077924 -0.58162598827033074 -1.1915434649674137 -0.6594782457212226 -0.55705594530913183 -0.24578499939545764
decision_type=2 2 2 2 2 2 2 2 2 2 2 2 2 2 2 2 2 2 2 2 2 2 2 2 2 2 2 2 2 2
left_child=2 -2 4 -4 18 -6 10 -8 12 -9 -5 -10 13 14 15 -7 -15 -12 20 -20 -1 22 27 24 26 -26 -23 -22 -29 -30
right_child=1 -3 3 6 5 8 7 9 11 -11 17 -13 -14 16 -16 -17 -18 -19 19 -21 21 23 -24 -25 25 -27 -28 28 29 -31
leaf_value=-0.0071488604067802847 0.049816953617396832 0.0014368303158201591 0.03906426700971035 -0.045215613252783317 0.051594665653458049 0.052463131891982685 0.039555195220022182 -0.018044383334142784 -0.011801619657660151 0.021469015299292141 -0.02915376668380475 0.056007509764118647 0.053508849052752376 -0.023963884873310987 -0.067584898628865686 -0.02442080215858828 0.037206118063805457 0.010613036368513674 -0.046878371035602107 -0.0031636999268894344 0.059351926713002684 -0.022115157607479632 0.059656484598639065 0.033985846326550877 -0.053810082985581244 0.0010485975692168688 0.040265919501833794 -0.05016233210923933 0.050493249006278509 -0.013433629567394544
leaf_weight=45.024070573519566 2.2387587695848188 121.68712729803519 2.5475402635056517 7.1426620250567785 3.6037460560328354 1.9149044230580323 2.3313381699845186 13.718777612317359 11.491531445208233 3.1706699244678012 5.2070091720670453 0.90346794738434333 2.4710874377051413 1.2832672335207451 1.3813593345694233 2.1399327036924665 6.0622383554582484 3.3409317024052134 5.159528188611147 58.020530964597128 2.0533722406253228 3.4423573287203952 5.9486069513950488 5.929325410979799 6.1216016244143274 9.8855517492047493 5.3992556408047685 1.9597829114645726 3.409903480205684 4.9550756190437815
leaf_count=1242 20 1141 46 45 216 42 18 93 565 41 34 23 67 10 12 35 148 23 231 448 27 86 48 123 38 62 60 13 44 62
internal_value=7.46378e-06 0.00231083 -0.00125547 -0.0114004 0.000759903 0.0122485 -0.0150829 -0.00453983 0.00711998 -0.0106265 -0.0279981 -0.00685903 0.0184799 0.0117077 -0.00830655 0.0118878 0.0265197 -0.0136111 -0.00152247 -0.00673361 0.00197529 0.0103412 0.0264122 0.000771748 -0.00715368 -0.019931 0.0159787 0.0104359 0.000707539 0.0126255
internal_weight=349.945 123.926 226.019 37.4589 188.56 31.2515 34.9114 19.2208 27.6478 16.8894 15.6906 12.395 15.2528 12.7817 5.4362 4.05484 7.34551 8.54794 157.309 63.1801 94.1289 49.1048 18.3267 30.7781 24.8488 16.0072 8.84161 12.3781 10.3248 8.36498
internal_count=5063 1161 3902 300 3602 1118 254 152 902 134 102 588 314 247 89 77 158 57 2484 679 1805 563 194 369 246 100 146 146 119 106
is_linear=0
shrinkage=0.05


Tree=174
num_leaves=31
num_cat=0
split_feature=4 4 4 6 5 6 6 5 6 2 3 7 1 6 7 4 4 4 6 6 3 7 5 5 2 5 0 2 2 3
split_gain=0.407165 5.67733 4.71266 1.30285 1.99796 1.78294 3.16366 2.37626 1.76357 1.96206 1.76262 1.8177 1.54449 1.95755 1.32118 1.05195 6.36483 4.72146 1.21164 3.08651 2.54339 2.32468 1.49408 1.95348 1.12164 0.853333 2.26283 1.33505 1.18389 1.15353
threshold=1.2268893525324958 1.1348471134948515 1.3189314995279926 -0.34952813990062109 0.25992859678448271 -0.32289317831693826 -0.30961816054206109 -0.2089925407955199 -0.27822812821239956 -0.27582429511803336 0.27030765155177999 -0.18321674998151552 1.9668001027168092 -0.36412348683650625 -0.50575494512691788 0.85872076455050717 0.76667852551286308 0.95076291154600423 -0.3008378233139663 -0.34690230536733691 0.010155481456025706 -0.41679567838375547 -0.25517261798024088 -0.32142873521376752 -0.22359998143760404 -0.97481373065111521 -1.1706222581674441 -0.40954018576513695 -0.4027682793202903 -1.2447321691274367
decision_type=2 2 2 2 2 2 2 2 2 2 2 2 2 2 2 2 2 2 2 2 2 2 2 2 2 2 2 2 2 2
left_child=1 15 -2 4 12 -5 -7 8 -8 -10 -9 -12 13 -4 -11 16 25 -17 19 20 21 -19 23 24 -20 26 29 -28 -29 -1
right_child=2 -3 3 5 -6 6 7 10 9 14 11 -13 -14 -15 -16 17 -18 18 22 -21 -22 -23 -24 -25 -26 -27 27 28 -30 -31
leaf_value=0.073634498385754615 -0.058403907320998628 0.061852372577058383 -0.029632172511088739 -0.030595782542601792 0.056561425446418602 0.070727553569359933 -0.022744619227847637 -0.048842859101338565 0.080004734178416928 -0.042885836741094294 -0.038975635176078882 0.02595870154889407 0.059647332603416085 0.05209301532649166 0.041889442230132211 -0.05474197957452083 0.057690442694654703 -0.016714018410143871 -0.066961264540068843 0.057406753979028016 -0.054636492674029681 0.059285073104365621 -0.026493958737699053 0.071415129853363651 0.022132945109357434 0.00013760549697416634 -0.054177440500495735 0.065040150219571213 -0.020986556715024494 0.0013738947398348644
leaf_weight=0.81326377391815219 3.7012332249432829 3.7313889049983109 3.2637839079834521 5.0733402357436779 2.442600674694404 1.5757800296414703 1.5341282307636039 3.3820659583434285 1.7132541984319738 0.79595883339061879 1.8397524841711854 2.602001111372374 0.93858022987842549 0.94484100257978099 1.087500578258177 4.7710592489456785 4.8020077044056952 2.3410136302700288 0.64565905183553696 2.8330668278504172 1.8516217097640035 1.7647077930159869 5.6667140593053738 1.0598075948655603 0.78005581215256847 278.45975227566669 3.1944756425218657 0.46607006294652853 2.8181892534485069 1.7210549517767502
leaf_count=18 77 154 91 45 27 20 14 18 14 100 38 33 11 9 23 105 213 43 3 32 9 22 35 12 45 3199 182 5 421 45
internal_value=8.07695e-06 0.000540925 -0.00547169 0.00173275 0.0193216 -0.00507697 0.00383299 -0.00430393 0.0221396 0.0412843 -0.0216455 -0.000936781 0.00164952 -0.0112848 0.00606301 -0.000187691 0.000601136 -0.0108056 0.00156691 0.0144435 -0.00598808 0.0159517 -0.0123177 0.0200027 -0.0182149 -0.000352496 -0.0154943 -0.0311634 -0.00877849 0.0245623
internal_weight=348.615 317.72 30.8948 27.1936 7.58981 19.6038 14.5304 12.9547 5.13084 3.59671 7.82382 4.44175 5.14721 4.20862 1.88346 313.989 292.275 21.7137 16.9426 8.79041 5.95734 4.10572 8.15224 2.48552 1.42571 287.473 9.01305 6.47873 3.28426 2.53432
internal_count=5063 4543 520 443 138 305 260 240 151 137 89 71 111 100 123 4389 4083 306 201 106 74 65 95 60 48 3870 671 608 426 63
is_linear=0
shrinkage=0.05


Tree=175
num_leaves=31
num_cat=0
split_feature=7 3 3 5 6 7 1 7 7 3 0 0 0 5 0 0 1 7 5 7 5 2 5 7 1 7 1 4 1 6
split_gain=0.396459 0.493052 2.34752 2.11847 1.90308 2.0442 1.15107 1.11798 0.969168 0.884495 0.81821 1.87039 1.34609 2.55803 2.03101 2.59127 1.83305 1.77775 1.70628 1.44101 1.34905 5.27931 3.942 3.34499 3.2218 2.8055 2.58368 3.20994 2.46798 2.46615
threshold=3.3044668409538089 -1.2294918527492065 -1.2162327775001465 1.1183285548757507 -0.39847156912677489 -1.3322225582661487 -1.4718732957946667 1.1616227742929912 -1.3376587775946709 -1.2022116864321746 0.97646373688526711 1.0081229451328322 0.33526351918818315 -0.42593387081195272 0.15373111848454052 0.13139565650439944 -0.65462115085170292 -0.34630332983718537 0.98480453059191408 0.15399112359070563 -0.3105716138764702 -0.27456685831717897 -0.066279727275328673 0.17956569571533595 -0.74903397150967932 -0.26818404671030022 0.27089196437576696 -1.1662064693504284 1.1629446042045466 -0.33545175595047655
decision_type=2 2 2 2 2 2 2 2 2 2 2 2 2 2 2 2 2 2 2 2 2 2 2 2 2 2 2 2 2 2
left_child=1 3 -3 4 5 -1 -7 -8 9 -4 12 -12 14 -14 15 20 19 -18 -19 -15 21 -10 23 -22 -23 -24 27 -26 -28 -29
right_child=-2 2 8 -5 -6 6 7 -9 10 -11 11 -13 13 16 -16 -17 17 18 -20 -21 22 24 25 -25 26 -27 28 29 -30 -31
leaf_value=-0.052668193090103101 -0.024894362786872726 -0.050102266963865716 -0.011065666681586345 0.052905687603132273 0.039383966315932301 -0.042441098160773058 0.0088551450656880245 -0.038714820511995429 -0.022729238429430851 0.060418427576312661 0.048706631700457206 0.0021331542697146802 0.037666709407519594 -0.044177856619150392 0.019027343488224935 -0.038226470556042814 0.037006102601643338 -0.017288813580493237 0.024311974344155593 -0.013394778581708816 0.030308007511948024 0.039422421988090713 -0.044019658062523073 -0.0063130205243592478 0.050685975281499908 -0.0012304312521285428 0.058570471615315006 -0.055434568007089936 -0.004315444496786512 -0.0073474101767510847
leaf_weight=1.8852196189109296 1.5910008251667012 2.3600778492400414 0.66429883427917946 2.2669169077416873 3.0314972177147856 1.3598032919690108 16.463747564703226 1.3352923206984986 27.027221543947235 1.2413647858193133 2.195971483597531 117.64264913339866 2.5279311454505651 6.9304867242462924 12.566408145474268 4.7548705069348207 2.3150322993751606 13.619333472568547 3.0094879781827322 8.4212437123060209 19.287894701526962 6.2721753709483918 4.153102929238222 9.2144604621571471 1.9854338311124653 49.351061483204845 3.150722805177792 3.2857140284031727 3.0905850137351081 14.142255365615702
leaf_count=204 17 50 9 352 34 39 376 25 221 450 19 1041 46 45 132 40 18 93 40 55 212 114 76 95 36 754 43 19 192 216
internal_value=7.75119e-06 0.000122406 -0.000420157 0.00669701 0.00234607 -0.00298941 0.00189895 0.00528642 -5.00957e-05 0.0354997 -0.0002652 0.00298659 -0.00226253 -0.010873 -0.00025935 -0.00192262 -0.0144508 -0.00404486 -0.00975989 -0.0272917 -0.000698024 -0.00646705 0.0034493 0.0184689 0.00729946 -0.00455182 -0.000554104 -0.009551 0.0274305 -0.0164133
internal_weight=347.143 345.552 319.21 26.3425 24.0756 21.0441 19.1588 17.799 316.85 1.90566 314.944 119.839 195.105 36.8235 158.282 145.715 34.2956 18.9439 16.6288 15.3517 140.961 58.9541 82.0065 28.5024 31.9269 53.5042 25.6547 19.4134 6.24131 17.428
internal_count=5063 5046 4016 1030 678 644 440 401 3966 459 3507 1060 2447 297 2150 2018 251 151 133 100 1978 841 1137 307 620 830 506 271 235 235
is_linear=0
shrinkage=0.05


Tree=176
num_leaves=31
num_cat=0
split_feature=1 0 3 1 2 5 2 3 2 7 1 2 7 7 7 6 1 6 2 5 5 5 5 3 2 0 4 4 7 1
split_gain=0.39233 0.660952 1.1301 0.492496 1.52422 0.93648 1.09535 0.611005 3.29051 2.09776 0.974378 2.51922 1.13386 1.16485 1.39594 0.914808 0.919893 0.770531 1.42445 2.71707 1.10373 2.40535 1.24004 0.852368 0.746711 1.32083 1.24235 1.04313 1.16259 1.21569
threshold=-1.7995094254806314 0.39403016175515826 -0.59808554519913548 -1.629495391513599 -0.32271615250635416 -0.13089694119759754 -0.43925956003961947 -1.2447321691274367 -0.44882696580738807 -1.3322225582661487 0.75961552443556102 -0.32143602321805637 -1.3376587775946709 -0.10284184152130317 0.50014036089431713 0.15663806755402554 1.1010208163340491 -0.39433179566134463 -0.44644579680684154 1.2457159758248311 1.1477349226255857 -0.24796046245105077 0.40948991007561591 -1.1767603580805306 -0.46382645497508307 -1.5518385629752418 -3.0990916482980135 -1.4423330023790664 0.72244116262992142 1.9857585475218218
decision_type=2 2 2 2 2 2 2 2 2 2 2 2 2 2 2 2 2 2 2 2 2 2 2 2 2 2 2 2 2 2
left_child=1 2 -1 4 5 6 -2 8 9 -5 17 -12 -13 15 -15 16 -14 20 19 -19 21 -9 -23 -22 25 26 -11 -27 29 -29
right_child=3 -3 -4 7 -6 -7 -8 10 -10 24 11 12 13 14 -16 -17 -18 18 -20 -21 23 22 -24 -25 -26 27 -28 28 -30 -31
leaf_value=0.062207026809377675 -0.051704223462407474 -0.015501849450871947 -0.0022233661431548769 -0.052948630652104624 0.034277958617667734 -0.050060974187241862 0.021191438216225031 -0.043744366222992749 0.084586887143852471 0.16789110811429916 -0.033010332508061173 0.061830623487928331 0.036267920113827165 0.060052561116018491 -0.0083830498549971235 0.039167710310211303 -0.037993306831968471 0.046098481614206814 4.6057633298518942e-05 -0.023722095858741257 0.0084722794056790902 0.056303247677750981 -0.0036884566435851961 -0.053075204119422251 -0.0252794871916589 -0.023480487897036995 0.024836182572497117 0.0018321212855727518 0.042509298430927905 0.058421009093286957
leaf_weight=1.3329091495834293 0.8018301068805157 1.1791419100482015 1.3906003567972214 1.5413353004260049 1.2539435076760117 2.3402993413619697 1.4422954851761463 2.0761657450348139 1.3197969049215306 0.25048433244228363 7.7027731520938687 0.84898717264877621 0.4874430578202017 1.4238524898537419 1.5632368377409873 0.61227691592648614 2.8862914050696418 4.3755503413267425 282.47448047346552 2.0444532204419374 0.73797631449997458 1.6161921415477976 1.8443528758361933 2.3661799374967813 1.5940266984980507 2.3118031765334441 0.38509447604884428 11.968719962169402 2.6760032054735339 1.0308154672384269
leaf_count=25 51 21 19 166 27 25 17 17 13 2 218 439 11 59 28 115 153 66 2695 28 17 20 22 67 32 36 48 326 287 13
internal_value=6.73364e-06 0.0157702 0.0293094 -0.00017316 -0.0145706 -0.0279318 -0.00485431 7.69092e-05 0.00792832 0.00327842 -0.000501878 -0.0127136 0.00727363 0.000631222 0.0242381 -0.0170596 -0.0272639 0.000135305 0.000575358 0.0238641 -0.0145772 -0.00119683 0.0243297 -0.038443 0.00756516 0.0103765 0.0812147 0.00787344 0.0124975 0.00631941
internal_weight=345.879 3.90265 2.72351 341.977 5.83837 4.58442 2.24413 336.138 23.0781 21.7583 313.06 15.5249 7.82209 6.9731 2.98709 3.98601 3.37373 297.535 288.894 6.42 8.64087 5.53671 3.46055 3.10416 20.2169 18.6229 0.635579 17.9873 15.6755 12.9995
internal_count=5063 65 44 4998 120 93 68 4878 923 910 3955 1023 805 366 87 279 164 2932 2789 94 143 59 42 84 744 712 50 662 626 339
is_linear=0
shrinkage=0.05


Tree=177
num_leaves=31
num_cat=0
split_feature=4 4 4 6 5 6 4 2 5 6 2 1 6 1 4 4 4 0 6 1 1 1 7 1 1 3 0 5 3 3
split_gain=0.379585 5.32242 4.45507 1.22065 1.83727 1.71363 1.41086 1.32642 1.55053 1.70645 1.86205 1.487 1.44978 1.36339 0.982758 5.94132 4.49998 1.19363 1.03387 1.13369 2.52824 1.79378 0.967877 0.951358 0.79345 2.06433 2.07164 1.47232 1.41006 1.7593
threshold=1.2268893525324958 1.1348471134948515 1.3189314995279926 -0.34952813990062109 0.25992859678448271 -0.34823734383501909 1.7791422345054781 -0.30535121378631414 -0.03016219410641437 -0.32107068259742028 -0.27582429511803336 -0.79169611427910169 -0.28223374372548204 -0.25591027027561541 0.85872076455050717 0.76667852551286308 0.95076291154600423 0.88734944934584081 -0.21288651265249184 -0.62828024045233177 -0.3634738359158679 -0.28741525763629017 -0.25809052903167079 -0.52615903952699428 0.75961552443556102 0.99818523797762937 -1.1642042248381073 -0.97481373065111521 -1.1310394089458404 -0.58162598827033074
decision_type=2 2 2 2 2 2 2 2 2 2 2 2 2 2 2 2 2 2 2 2 2 2 2 2 2 2 2 2 2 2
left_child=1 14 -2 4 6 -5 23 11 9 -9 -11 -7 -12 -14 15 24 -16 18 19 -18 -21 -22 -19 -4 27 26 -26 -1 -29 -30
right_child=2 -3 3 5 -6 7 -8 8 -10 10 12 -13 13 -15 16 -17 17 22 -20 20 21 -23 -24 -25 25 -27 -28 28 29 -31
leaf_value=-0.032827696746980724 -0.058066898869326339 0.061484034083521516 -0.023610193142339614 -0.070592801095054961 0.054906971314275833 0.0084366544630722663 -0.044968032932869814 -0.027206001113323039 -0.026101087810876961 0.080009609667628087 0.06305210926211828 -0.031635479994014469 -0.031708435742919074 0.043618178624646779 -0.054609706329376895 0.057189897073936326 -0.030257810517376006 -0.006935354232151681 -0.043076778973031582 0.069299700166214215 -0.058314994445020633 0.010794995884104916 0.03445610545776695 0.03254233635394168 0.013786005197460295 0.037908094870134176 -0.029298793253155753 0.012062032040176879 -0.014351278408283498 0.00087591347751245555
leaf_weight=3.3081288029206908 3.53767111868365 3.5397961526468853 1.0468273335136475 0.94609278440476074 2.3980018387082964 4.035538149997592 1.2246756157837806 1.3138861320912916 2.0099522377131303 1.6818513278849496 1.1636943683261129 5.4303168008336886 1.6413012547418553 0.94748454175712593 4.5536287716822725 4.5627185103076036 2.4666321314871338 2.239153659902513 1.8086854709545139 1.3879919946193719 1.2689950419589897 3.6097343096043857 3.8248513392172745 2.6993399988859919 3.8209083791880412 1.8938817903399456 10.340925810916815 24.906452570226975 20.753809481393546 220.54421052581165
leaf_count=153 77 154 15 3 27 28 40 7 34 13 18 61 24 117 105 213 15 24 50 14 13 54 31 56 186 132 562 643 188 2006
internal_value=6.40812e-06 0.000519092 -0.00536017 0.00166569 0.0189613 -0.0049826 0.00162061 -0.00157647 0.0124472 0.0239288 0.0362919 -0.0145517 0.0166977 -0.00413922 -0.000174162 0.000584534 -0.010577 0.00149741 -0.0086695 -0.00154372 0.00975838 -0.00718104 0.0191722 0.0168511 -0.000319888 -0.011118 -0.0176744 0.000323392 0.000735361 -0.000433763
internal_weight=344.907 314.831 30.0766 26.539 7.36884 19.1701 4.97084 18.224 8.75817 6.74822 5.43433 9.46585 3.75248 2.58879 311.291 290.131 21.1597 16.606 10.542 8.73335 6.26672 4.87873 6.064 3.74617 285.568 16.0557 14.1618 269.513 266.204 241.298
internal_count=5063 4543 520 443 138 305 111 302 213 179 172 89 159 141 4389 4083 306 201 146 96 81 67 55 71 3870 880 748 2990 2837 2194
is_linear=0
shrinkage=0.05


Tree=178
num_leaves=31
num_cat=0
split_feature=2 6 4 4 3 7 3 0 6 5 1 7 0 7 4 0 0 1 1 2 1 2 6 3 6 2 2 2 6 0
split_gain=0.378423 0.649172 0.95146 0.949769 0.452515 0.52251 0.50086 3.66929 1.94824 2.32995 2.00779 1.52325 1.25577 1.33794 1.23796 1.07282 1.22517 0.963793 1.41473 0.723907 0.695054 2.07479 2.53718 2.70546 1.98094 1.83794 2.36783 2.80239 3.2391 1.82434
threshold=0.050524901405908443 5.7617034853152918 -1.9945858843520488 -2.5468387663250307 1.9065080941201404 -0.15076170921421786 1.2037771973618512 1.38624222016614 -0.32628282707309852 0.20990175637667283 -0.19990965918933243 0.25039882218996296 -0.4593602482013544 -0.030710513415984523 0.39851002957302184 0.47619257875424831 0.060977280610365857 -0.75876158661485649 -0.61581810745226739 -0.038227101755426506 0.19962641271934417 -0.26845378018014682 -0.34209364974838347 0.13192560931808389 -0.24519209610502338 -0.30886172165896292 -0.31776246500554212 -0.39700389190752938 -0.37718243638449012 -0.40508591749695272
decision_type=2 2 2 2 2 2 2 2 2 2 2 2 2 2 2 2 2 2 2 2 2 2 2 2 2 2 2 2 2 2
left_child=4 2 3 -2 6 -6 19 8 -8 11 15 12 -10 17 -12 16 -11 -14 -19 20 -1 22 23 25 -24 26 27 28 -22 -30
right_child=1 -3 -4 -5 5 -7 7 -9 9 10 14 -13 13 -15 -16 -17 -18 18 -20 -21 21 -23 24 -25 -26 -27 -28 -29 29 -31
leaf_value=0.00076268233566853885 0.051504028998565467 -0.051529519919128255 0.050191890131531039 -0.065103931726958705 -0.045451915744653237 -0.0028092435709753086 0.052680847626079191 0.056738935633269399 -0.051893608528856605 0.049312847222436389 0.064356840991209502 0.068049129844270737 0.062956630617866619 -0.029104776644992059 -0.024063695388631116 -0.043606678181665463 -0.049367004581270871 -0.028657373925489595 0.039770130843721135 -0.030597812426168547 -0.0070111627431052939 0.019480396217251755 -0.033772734257192703 0.081195130965162662 0.027095585046108601 -0.06764345824726116 0.071496811834780044 -0.045290264335372435 0.0074426733150495571 0.072632093319014449
leaf_weight=262.97949396225158 0.28878536348929629 0.28868837846675877 1.5523486690217387 0.44172693305881749 1.1758081559091809 1.8464880482060824 1.5345089677721322 3.208366237638983 0.85262388724368587 0.72932120354380436 0.93080128842848153 1.1093544505420139 1.2930935537442616 1.4221799498191021 0.68879751942586154 6.0301375798881054 0.55306961946189404 1.2833839708473587 1.835900186677458 1.9809623839100812 19.310372437816124 7.1116956971818572 12.471094840613658 0.95780929527245362 1.4971539404941712 1.0987480438780064 1.0624406314454997 3.6610053502954534 2.0855534393340349 2.2110276930034152
leaf_count=2616 58 17 597 16 12 34 62 119 39 41 30 43 34 24 26 47 8 30 64 49 608 147 164 13 34 10 8 52 42 19
internal_value=6.22932e-06 0.0191149 0.0280485 -0.0190066 -0.000137906 -0.0193991 3.43739e-05 0.0074243 -0.001239 -0.00618503 -0.0236186 0.0137878 0.00478624 0.0130691 0.0267526 -0.0347749 0.00675419 0.0266624 0.0116166 -0.000467078 -0.000277259 -0.00559103 -0.00961086 -0.00150311 -0.0272487 -0.00419463 -0.00173387 -0.00458716 0.00172515 0.0409893
internal_weight=343.493 2.57155 2.28286 0.730512 340.921 3.0223 337.899 21.4715 18.2632 16.7287 8.93213 7.79654 6.68718 5.83456 1.6196 7.31253 1.28239 4.41238 3.11928 316.427 314.446 51.4669 44.3552 30.387 13.9682 29.4291 28.3304 27.268 23.607 4.29658
internal_count=5063 688 671 74 4375 46 4329 567 448 386 152 234 191 152 56 96 49 128 94 3762 3713 1097 950 752 198 739 729 721 669 61
is_linear=0
shrinkage=0.05


Tree=179
num_leaves=31
num_cat=0
split_feature=7 4 4 4 7 0 1 2 0 5 0 0 6 2 3 5 0 3 2 3 3 7 0 1 2 2 7 5 6 1
split_gain=0.39111 0.450855 5.93793 4.66941 1.01406 1.4534 1.32194 1.12929 1.65953 1.41472 2.054 1.8415 2.57294 2.05128 3.031 1.75639 2.46279 2.84833 3.88942 3.034 3.6168 1.72835 1.68105 1.45344 1.43908 2.34824 1.74877 1.81631 2.76174 2.84555
threshold=3.3044668409538089 -0.24578499939545764 -0.15374285239996058 -0.33782723843310175 1.3356304753668569 1.298548226536034 -1.1004659755671204 -0.15496332206069161 -0.56769956538561817 -0.17997995827908672 0.1824203381326519 1.1221486290870863 -0.37298353177785487 -0.37068443839158899 0.051151932513464518 -0.10461843337997913 0.88734944934584081 0.32136272665916715 -0.28496254541408356 0.17185520774841392 0.13192560931808389 -0.17380478815899916 1.4479699792148468 -0.89064726744976597 -0.25418482104639134 -0.26500037176681285 0.61561539594436165 -0.36444661887830648 -0.33875611237805747 -0.86763613816548735
decision_type=2 2 2 2 2 2 2 2 2 2 2 2 2 2 2 2 2 2 2 2 2 2 2 2 2 2 2 2 2 2
left_child=1 3 -3 4 7 6 -6 9 -9 10 24 15 -13 -14 -15 -11 17 19 -19 20 23 -12 -16 -17 25 26 27 28 29 -1
right_child=-2 2 -4 -5 5 -7 -8 8 -10 11 21 12 13 14 22 16 -18 18 -20 -21 -22 -23 -24 -25 -26 -27 -28 -29 -30 -31
leaf_value=0.054123383663083391 -0.024943703770664627 -0.05502836604266214 2.9264446255451831e-05 0.053505567873344345 0.058534049211894146 0.063429798734542395 0.0033757378704838991 -0.012430299654705261 0.053144184621177565 0.028542484674269245 0.0022557731823492654 -0.029001316671656643 0.065601225956784123 -0.03593418866101613 0.044734829551631342 -0.041451737661633792 -0.036054569601816737 0.06574925828548496 -0.0099294278849718885 -0.058131240219225826 0.10040822478633678 -0.041046849038131453 0.0076371647796830092 -0.0012892264677001643 0.020039152109759581 -0.048506845339088618 -0.038732174975081232 0.034259464774267299 -0.05831628224495438 -0.0085093060481583587
leaf_weight=2.3414009828120532 1.563515756279229 5.0108395424904293 215.76345916837454 4.3396277349384027 1.1848948779515911 1.2881226902827609 13.048099914798511 1.6870940106455239 2.2537324278964652 3.7885107035981482 3.3001830577850342 2.8380832672119167 2.3679053280502602 2.4001109302043888 5.8959337538108212 2.6599733619950756 6.1249374896287909 3.3254616435151547 3.4686095791403195 2.8459341190755358 0.81382156349718471 7.6363716945052129 6.334619908593595 14.711280201096095 5.6831863906700191 3.1019910098984829 2.71726369857788 3.9195499215275058 2.0175737149547794 8.0423475126735848
leaf_count=23 17 128 2821 278 20 28 270 57 240 31 33 16 20 9 45 25 31 133 32 12 7 39 56 435 61 14 19 31 17 115
internal_value=6.52797e-06 0.000120957 -0.00122036 0.00258589 0.000677612 0.0125706 0.00796766 -0.00116323 0.0250713 -0.00223642 -0.00962123 0.00273507 0.0150688 0.0224268 0.0154392 -0.00374798 -0.0073513 -0.00103305 0.0271127 -0.0101255 -0.00261271 -0.02798 0.0255207 -0.00743911 -0.00240493 -0.00816614 -0.0015932 0.00459008 -0.0047872 0.00561356
internal_weight=342.474 340.911 220.774 120.137 115.797 15.5211 14.233 100.276 3.94083 96.335 38.7599 57.5752 19.8367 16.9986 14.6307 37.7385 33.95 27.8251 6.79407 21.031 18.1851 10.9366 12.2306 17.3713 27.8233 22.1401 19.0381 16.3209 12.4013 10.3837
internal_count=5063 5046 2949 2097 1819 318 290 1501 297 1204 352 852 146 130 110 706 675 644 165 479 467 72 101 460 280 219 205 186 155 138
is_linear=0
shrinkage=0.05


Tree=180
num_leaves=31
num_cat=0
split_feature=0 2 0 0 1 3 3 1 6 3 5 7 5 2 4 5 0 4 3 5 0 0 2 3 3 3 3 7 6 1
split_gain=0.365955 1.75334 1.89679 2.14517 1.61092 3.06626 1.95905 2.57952 1.95492 1.83443 2.05972 1.45794 1.32489 1.06487 1.26768 2.2944 2.57057 2.07988 3.33936 2.85034 2.27619 2.38735 2.27075 2.53074 2.06325 1.73267 4.45306 3.06169 2.5346 2.37969
threshold=-0.011552942454124868 -0.15282190267858006 0.15373111848454052 0.1824203381326519 -0.069008756503063734 -0.41123926640203518 -0.12517852798265719 -0.64840092863485543 -0.3501833362154681 -0.67520154607297966 -0.73692120443548736 0.20142416567211083 -0.24796046245105077 -0.19131681984381652 -0.89008012040608409 -0.17997995827908672 1.0332201840986603 -0.70599582641508996 0.28021387243794593 -0.35062069321018446 0.97646373688526711 1.0332201840986603 -0.35729582234729645 -0.28520183471375632 0.44435207983148367 0.20599354691628194 0.52390654656616109 -0.037071701406374773 -0.30961816054206109 -0.30212977756263609
decision_type=2 2 2 2 2 2 2 2 2 2 2 2 2 2 2 2 2 2 2 2 2 2 2 2 2 2 2 2 2 2
left_child=-1 2 4 -4 5 9 -7 -8 12 10 -2 -12 -6 14 15 -5 24 18 -16 22 25 -22 -19 -24 -17 29 28 -28 -27 -21
right_child=1 -3 3 13 8 6 7 -9 -10 -11 11 -13 -14 -15 17 16 -18 19 -20 20 21 -23 23 -25 -26 26 27 -29 -30 -31
leaf_value=0.0019661173768571664 -0.060907179932627578 0.041549892127407839 0.039059175553383299 -0.038951964433594478 0.012471671227345172 -0.068372987248757122 0.004192771170748965 -0.043156844418679521 0.034022107614857931 0.056132065376463841 0.044294685121353872 -0.016383029207504726 -0.047304094415294547 -0.023194091592462746 0.053678703130789651 -0.054560870473264439 0.015265870844823193 -0.021944776009445562 -0.011642678298075006 -0.042716112841045796 0.046024684844118251 0.00015973708359379228 0.071415519553732848 0.01723859865266314 0.0027122852339872324 -0.0062309116491492296 -0.058413819425629038 -0.0024692643618429589 0.059492903421137361 0.008789932983173215
leaf_weight=140.29095155581308 1.3068747501820324 2.3525189835636402 3.4699098952114573 5.5567137682810452 1.8016560107935222 3.1129225566983267 4.8613482795190093 7.0444645072566248 3.4442691607400766 1.5046054422855437 1.8272947247605773 2.1603891765698791 1.9093974544666705 5.083590321999508 4.693194739520548 3.1722189635038367 9.2424101522192341 2.3989672285970292 3.3554018028080463 8.6543424092233163 2.9322739099152377 87.536567497882061 2.943908777087926 8.0494047747924906 3.1182266473770142 2.6354345325380564 3.9712526830844608 6.3658899506553963 3.3083957005292204 3.0269150729291168
leaf_count=3103 32 276 37 40 33 12 38 48 32 9 31 18 12 69 27 17 83 78 22 54 23 694 31 54 32 17 26 57 26 32
internal_value=6.66911e-06 -0.00136204 -0.00187064 0.00015008 -0.0136934 -0.0204451 -0.033057 -0.0238232 0.00689398 0.00741331 -0.00643157 0.0114216 -0.0182839 -0.000663018 4.85727e-05 -0.0113788 -0.00151473 0.00177156 0.0264467 0.000264995 -0.00220739 0.00164631 0.0221289 0.0317467 -0.0261701 -0.0146756 -0.00413306 -0.0239617 0.0303516 -0.0293696
internal_weight=341.132 200.841 198.488 169.515 28.9732 21.8179 15.0187 11.9058 7.15532 6.79916 5.29456 3.98768 3.71105 166.045 160.962 21.0896 15.5329 139.872 8.0486 131.823 118.431 90.4688 13.3923 10.9933 6.29045 27.9622 16.281 10.3371 5.94383 11.6813
internal_count=5063 1960 1684 1419 265 188 98 86 77 90 81 49 45 1382 1313 172 132 1141 49 1092 929 717 163 85 49 212 126 83 43 86
is_linear=0
shrinkage=0.05


Tree=181
num_leaves=31
num_cat=0
split_feature=4 4 4 3 0 0 0 5 0 1 0 2 6 2 6 1 2 6 5 3 3 2 1 2 7 3 0 7 4 5
split_gain=0.363624 5.61901 3.62081 2.00335 1.62839 3.21094 1.86409 3.16948 1.4093 0.946019 2.34192 1.69606 0.933304 0.911224 0.840614 0.812063 0.666243 0.938108 0.842019 1.9347 1.62413 1.40487 1.98346 1.60713 1.65367 1.55767 1.31612 1.91456 1.24054 1.8108
threshold=-1.1662064693504284 -1.0741643223549311 -1.2582487083880722 -0.47768704581111826 0.045484203462505902 -0.41472141487963993 1.224572414588293 -0.17997995827908672 0.86736868516273036 0.14955908997862319 -0.61600749130640986 -0.462054069539728 -0.32178781897820979 -0.40774424676820548 -0.3431272120600784 -0.81942582564791822 0.050524901405908443 5.7617034853152918 -0.66729479009757864 0.52390654656616109 -1.1310394089458404 -0.43380396045593289 1.9668001027168092 -0.40954018576513695 -0.23447948687346185 -1.2022116864321746 -0.81400588181190447 -0.43425649031656161 -0.52191153242409583 0.40948991007561591
decision_type=2 2 2 2 2 2 2 2 2 2 2 2 2 2 2 2 2 2 2 2 2 2 2 2 2 2 2 2 2 2
left_child=2 -2 3 9 5 12 8 -8 14 13 11 -11 -5 15 -6 -1 18 -18 19 21 26 22 -3 -23 25 -25 -20 -28 29 -29
right_child=1 16 -4 4 6 -7 7 -9 -10 10 -12 -13 -14 -15 -16 -17 17 -19 20 -21 -22 23 -24 24 -26 -27 27 28 -30 -31
leaf_value=-0.017430458103521687 -0.061799409470707278 -0.031131994622275908 0.065708870020950993 -0.037186440013047245 -0.029620702198250044 0.06746645458898011 -0.039230299277568943 0.063527252078562454 -0.057183707807951713 0.047959878490560451 -0.071754177541422923 -0.051674018579562456 0.0236750527132699 -0.034691631175626923 0.029052306495323529 0.027892735941797454 0.049507780680504654 -0.051078834982977529 -0.011622073492301987 -0.06403002483507822 -0.00023288172695645447 0.037152447985355518 0.017612514687180749 -0.025285068677559416 -0.039130932345063735 0.029012629945282028 -0.023031656772911739 0.043953249061149072 0.038704563449723631 -0.0092328380038798515
leaf_weight=1.7323513915762299 3.6894203146221107 7.8916706853779068 2.2915704220649777 1.3455320843495457 1.1828576326370237 3.055167490674644 1.1822796878404918 2.0543270162306726 1.8499377593980169 1.0197951821610334 2.1330255661159754 0.73498028982430685 1.1843719776952637 1.7600065950537152 1.2615308823878879 2.3010243582539265 1.3462945602077514 0.28001045167911787 4.0954169371980269 1.494389459490775 264.06649867852684 3.1795030303765097 2.8372625773772597 2.0396332205273202 2.4498175939079365 3.7480668380158022 2.2744295736774864 2.5265192734077599 8.6419629613519557 4.3656123515684158
leaf_count=17 42 356 99 16 7 65 18 38 14 26 21 25 54 12 38 48 572 16 181 6 2664 40 27 39 28 89 36 30 213 226
internal_value=4.66437e-06 -0.000456846 0.00579777 -0.000224481 0.0125097 0.0329675 -0.00266214 0.0259916 -0.0242583 -0.0174767 -0.0365563 0.00622864 -0.00869419 -0.0046728 0.000660005 0.00842624 0.000270312 0.0321892 0.00010265 -0.00896629 0.000852353 -0.00525064 -0.0182415 0.0069573 -0.00469737 0.00987767 0.0139356 0.0198131 0.0260862 0.0102641
internal_weight=340.015 314.927 25.0888 22.7972 13.116 5.58507 7.53093 3.23661 4.29433 9.68118 3.8878 1.75478 2.5299 5.79338 2.44439 4.03338 311.237 1.62631 309.611 23.6403 285.97 22.146 10.7289 11.417 8.23752 5.7877 21.9039 17.8085 15.5341 6.89213
internal_count=5063 4565 498 399 250 135 115 56 59 149 72 51 70 77 45 65 4523 588 3935 585 3350 579 383 196 156 128 686 505 469 256
is_linear=0
shrinkage=0.05


Tree=182
num_leaves=31
num_cat=0
split_feature=1 0 6 1 2 5 2 3 6 6 7 3 2 0 4 4 7 1 0 0 0 1 2 2 0 0 7 0 4 7
split_gain=0.360947 0.555535 1.27433 0.506716 1.37219 1.36937 1.4746 0.578941 1.34656 1.20287 1.89531 0.861754 0.852124 1.13154 1.08535 0.893585 1.0887 1.10896 1.40769 1.38664 1.22089 1.087 0.74048 1.24098 0.682015 0.969393 0.760717 2.05085 1.2424 0.762804
threshold=-1.7995094254806314 0.39403016175515826 -0.33097360547839155 -1.5629715759517562 -0.31334456634823332 -0.65313463746089317 -0.43145538629536023 -1.2294918527492065 -0.39847156912677489 -0.39938820083883714 -1.3322225582661487 -1.2108986667677659 -0.46382645497508307 -1.5518385629752418 -3.0990916482980135 -1.4423330023790664 0.72244116262992142 1.9857585475218218 -0.28835055665256876 -0.54953720779853144 1.1125579642141628 1.5064306795751408 -0.45995569555809002 -0.45780977284132413 -1.7858435937961639 -1.2587128543365562 1.7069485967855076 0.09883762722424165 -0.24578499939545764 1.4488174300428069
decision_type=2 2 2 2 2 2 2 2 2 2 2 2 2 2 2 2 2 2 2 2 2 2 2 2 2 2 2 2 2 2
left_child=1 2 -1 4 5 6 -2 9 -9 10 -5 -10 13 14 -12 -15 17 18 19 -17 -20 -18 -13 -24 -25 -26 29 -28 -29 -27
right_child=3 -3 -4 7 -6 -7 -8 8 11 -11 12 22 -14 15 -16 16 21 -19 20 -21 -22 -23 23 24 25 26 27 28 -30 -31
leaf_value=0.061104975545250906 -0.051130166060389629 -0.013594509103920453 -0.0089802137291761439 -0.052887192070465917 0.03371252036036753 -0.035446112021524638 0.058737207661201302 -0.047134813166622692 -0.033484255511394945 0.036422324816092498 0.15662641936438218 0.046800582677386265 -0.030214487073358172 -0.021597020257538419 0.022664757783201806 0.0067669033215277813 0.052588034070380867 0.05768988231740052 0.045169952064205952 -0.036375648261650871 -0.016031268764708655 -0.054230850576772474 -0.036824422310209909 0.03276539571788821 -0.026315825503014569 0.00023846609001480429 0.059218298061182444 0.022680846996568572 -0.018041875437012456 -0.015786049230148265
leaf_weight=1.3812521919608118 0.46277251106221184 1.1449104679049922 1.2227428678306744 1.4023095531156347 1.2957740933052253 4.7996987607330084 0.89811723586171888 1.5378282852470864 1.9355110622709606 3.1455174640286705 0.25119241327047348 0.84230950940400262 1.4045747718773736 2.2465005693957343 0.379828306380669 4.6782126105390578 2.3306239353842098 0.96235278993845064 2.6798073474783224 3.0944246805738658 1.1709483326412735 0.26527110300958145 2.288447700906544 1.5929630549217098 3.4686780027113846 274.76052458603226 1.9972160261822844 3.7234408797230572 3.7686401251703501 7.6327924376819274
leaf_count=26 46 21 18 166 30 49 15 22 55 39 2 16 27 36 47 113 284 13 128 70 14 3 58 81 193 3278 42 32 24 115
internal_value=4.40379e-06 0.0154329 0.0281955 -0.000168244 -0.0130567 -0.0228938 0.0213766 0.000125141 -0.000466064 0.00759901 0.00325395 -0.000228428 0.00729876 0.0102164 0.0759913 0.00783489 0.0121901 0.00610916 0.00183856 -0.0104089 0.0265597 0.0416724 -1.39253e-05 -0.000145703 0.000136967 -3.90129e-05 0.000273256 0.014198 0.00219665 -0.00019466
internal_weight=338.765 3.74891 2.604 335.016 7.45636 6.16059 1.36089 327.56 303.548 24.0116 20.866 302.011 19.4637 18.0592 0.631021 17.4281 15.1816 12.5857 11.6234 7.77264 3.85076 2.5959 300.075 299.233 296.944 295.351 291.883 9.4893 7.49208 282.393
internal_count=5063 65 44 4998 140 110 61 4858 3916 942 903 3894 737 710 49 661 625 338 325 183 142 287 3839 3823 3765 3684 3491 98 56 3393
is_linear=0
shrinkage=0.05


Tree=183
num_leaves=31
num_cat=0
split_feature=4 4 4 6 5 6 4 2 1 5 6 2 6 1 1 4 4 4 6 6 3 2 5 5 2 1 3 0 5 3
split_gain=0.368642 5.01146 4.20372 1.11193 1.70286 1.58196 1.25013 1.2237 1.36881 1.355 1.58036 1.71175 1.36514 1.21557 0.886745 0.872082 5.51861 4.29613 1.07065 2.74317 2.23817 2.22012 1.33871 1.61037 0.999792 0.722632 1.7779 1.83035 1.34605 1.29962
threshold=1.2268893525324958 1.1348471134948515 1.3189314995279926 -0.34952813990062109 0.25992859678448271 -0.34823734383501909 1.7791422345054781 -0.30535121378631414 -0.79169611427910169 -0.03016219410641437 -0.32107068259742028 -0.27582429511803336 -0.28223374372548204 -0.25591027027561541 -0.52615903952699428 0.85872076455050717 0.76667852551286308 0.95076291154600423 -0.3008378233139663 -0.34690230536733691 0.010155481456025706 -0.44882696580738807 -0.25517261798024088 -0.32142873521376752 -0.22359998143760404 0.75961552443556102 0.99818523797762937 -1.1642042248381073 -0.97481373065111521 -1.1310394089458404
decision_type=2 2 2 2 2 2 2 2 2 2 2 2 2 2 2 2 2 2 2 2 2 2 2 2 2 2 2 2 2 2
left_child=1 15 -2 4 6 -5 14 8 -7 10 -9 -12 -13 -14 -4 16 25 -17 19 20 21 -19 23 24 -20 28 27 -27 -1 -30
right_child=2 -3 3 5 -6 7 -8 9 -10 -11 11 12 13 -15 -16 17 -18 18 22 -21 -22 -23 -24 -25 -26 26 -28 -29 29 -31
leaf_value=-0.032454770869200705 -0.057795450979710783 0.061215453999149273 -0.023884039360314885 -0.069131873902341504 0.053536602998728935 0.0078642276564520695 -0.044260474835475572 -0.026568138926425896 -0.030840526340712243 -0.024472217122077498 0.077773571387133644 0.062133529219771701 -0.03033436193815621 0.041874363543535201 0.031204889523592124 -0.054387983142271584 0.056626071245676618 -0.011820580572891325 -0.064198250305745982 0.054762336347993601 -0.052667919034232152 0.067731281027033047 -0.024979997195658302 0.068734152345654081 0.02296408271890581 0.012902747114251979 0.035971577427286502 -0.028283941122922224 0.011750873155344142 -0.00042443303211981803
leaf_weight=3.0980247380794017 3.3804403727990602 3.3629896497586733 1.0166365550830962 0.91130056977272644 2.3173681234475225 4.0217259172350168 1.1448740463238207 1.2920710630714962 5.2876649588579401 1.9511712206294554 1.627187082543976 1.1164752257755099 1.6139126135967747 0.91228188179955139 2.595236316323283 4.3245945394737673 4.3228741715574861 2.5836889059282875 0.58935576304793369 2.7748845214955509 1.763304131105542 1.3277318706968801 5.5363622753065984 0.98562818812206376 0.74472794443136092 3.7129053267417467 1.7917071718984505 9.8635468689026293 24.14205954503268 237.89715702671674
leaf_count=153 77 154 15 3 27 28 40 7 61 34 13 18 24 117 56 105 213 51 3 32 9 14 35 12 45 186 132 562 643 2194
internal_value=4.59738e-06 0.000512241 -0.00536643 0.00150097 0.0183901 -0.00487659 0.00126767 -0.00159109 -0.0141198 0.0121095 0.022987 0.035137 0.0160912 -0.0042577 0.015699 -0.00015608 0.000562928 -0.0100829 0.00166766 0.0140217 -0.00590007 0.0151833 -0.0116197 0.0202666 -0.0155415 -0.000301062 -0.0108421 -0.0170202 0.000309927 0.000697296
internal_weight=338.01 308.822 29.1883 25.8079 7.07412 18.7338 4.75675 17.8225 9.30939 8.5131 6.56193 5.26986 3.64267 2.52619 3.61187 305.459 284.828 20.6303 16.3057 8.44961 5.67472 3.91142 7.85607 2.31971 1.33408 280.505 15.3682 13.5765 265.137 262.039
internal_count=5063 4543 520 443 138 305 111 302 89 213 179 172 159 141 71 4389 4083 306 201 106 74 65 95 60 48 3870 880 748 2990 2837
is_linear=0
shrinkage=0.05


Tree=184
num_leaves=31
num_cat=0
split_feature=7 4 4 4 0 7 3 0 6 7 4 0 3 0 5 5 3 6 6 2 7 6 7 7 4 3 2 3 3 0
split_gain=0.344668 0.43605 5.59889 4.38634 0.991624 0.988354 1.72399 1.8882 1.85675 1.36909 1.58369 1.32541 3.37644 1.89149 2.79906 2.18889 1.24464 1.18422 1.00462 1.74179 0.982778 4.64917 3.8536 2.55376 2.48295 2.25061 2.24001 2.07304 2.31274 2.15645
threshold=3.3044668409538089 -0.24578499939545764 -0.15374285239996058 -0.33782723843310175 -1.1760400074157753 0.92174756798189539 0.051151932513464518 1.4747669837982287 -0.37505752923930619 0.75234848269698607 0.39851002957302184 1.7383792152987647 -0.033736660193909564 1.5010059888074545 0.21982556466967981 0.39135687083147808 -0.22530740658762852 -0.32954005603889941 -0.25567461871577313 -0.33801954408412704 0.018166777979565524 -0.26061443977561777 -0.054694788543017264 0.10584407061241981 0.58259423152186895 0.52390654656616109 -0.23864328571191082 0.90994376042672809 0.66701311735774105 -0.4593602482013544
decision_type=2 2 2 2 2 2 2 2 2 2 2 2 2 2 2 2 2 2 2 2 2 2 2 2 2 2 2 2 2 2
left_child=1 3 -3 -1 -4 9 8 -8 -7 11 -11 13 -13 20 16 -16 -15 -14 19 -19 22 23 25 -22 -24 -6 -27 28 -28 -29
right_child=-2 2 4 -5 5 6 7 -9 -10 10 -12 12 17 14 15 -17 -18 18 -20 -21 21 -23 24 -25 -26 26 27 29 -30 -31
leaf_value=0.00072733295193577936 -0.023771705681107216 -0.05484075322594676 -0.035825236721431737 0.053304318222661899 0.0044009209621635641 0.0080504440049169006 -0.011541560274556925 0.035186569115943471 -0.043540613251286178 -0.00078892427497492313 0.054516702582538837 0.042021136204881938 -0.05744341301073147 0.0027915823445555572 -0.032780550381046943 0.027927539959860782 0.062006746795295775 -0.032305148534657102 -0.031872523233091685 0.022557647142908931 0.03547730233122761 0.040904544368938561 -0.051452016662765582 -0.0045248601242201042 0.0044211431119157716 -0.036687113662875144 0.011736971102395587 -0.051444880234672301 -0.05643370762414375 0.025224365716507213
leaf_weight=113.12927455638419 1.5173681518062938 4.7602860870538271 1.9155781976296555 4.1110552205791455 81.338443314336459 2.5108331157825887 6.9061194937676174 3.1470223544165492 5.710327975451948 2.6016008285805574 2.5761619959957898 2.354924299288542 2.0928315147757521 1.1397171475691719 2.8783745123073459 3.0668273575138301 4.0083678499795479 2.6265166774392128 5.4874830432236177 3.2206867791246605 4.4588365270756176 8.1562387002632004 6.1238815295510118 37.930686673149467 2.944435850251466 7.1792566636577275 2.210800935077712 1.0646901347208775 2.8454536794160958 6.6179421239357898
leaf_count=1819 17 128 161 278 1182 28 57 39 31 25 30 25 11 34 19 31 40 12 54 33 38 102 33 320 36 49 59 36 33 303
internal_value=4.5956e-06 0.000112252 -0.0012108 0.00257096 -1.28781e-05 0.000311941 -0.0108016 0.00308615 -0.0277841 0.00136465 0.026728 0.000665166 -0.0132021 0.00193787 0.0219071 -0.00146433 0.0488973 -0.0228872 -0.0165067 -0.00208628 0.000560838 0.00633453 -0.0020844 -0.000317143 -0.0333103 0.000712122 -0.0143516 -0.00176396 -0.0266267 0.0145992
internal_weight=336.632 335.115 217.874 117.24 213.114 211.198 18.2743 10.0531 8.22116 192.924 5.17776 187.746 15.7824 171.964 11.0933 5.9452 5.14808 13.4275 11.3347 5.8472 160.871 50.5458 110.325 42.3895 9.06832 101.257 19.9181 12.7389 5.05625 7.68263
internal_count=5063 5046 2949 2097 2821 2660 155 96 59 2505 55 2450 135 2315 124 50 74 110 99 45 2191 460 1731 358 69 1662 480 431 92 339
is_linear=0
shrinkage=0.05


Tree=185
num_leaves=31
num_cat=0
split_feature=3 3 1 7 3 6 3 3 2 2 6 3 7 3 3 3 6 6 6 6 2 2 6 6 5 2 4 4 7 6
split_gain=0.361171 3.19909 2.58819 2.07953 2.02016 4.34245 2.47729 2.64411 1.68776 1.65996 2.4938 1.9007 1.97246 1.88388 1.6148 2.20778 1.51676 3.79882 2.15056 2.56522 1.56513 2.5087 1.72957 2.45697 1.45341 1.8086 1.40473 1.80693 1.82554 1.80586
threshold=0.10677908729400419 0.11180837645850385 -1.438978628198343 1.1276261190892469 0.06273455772060299 -0.26162705242998174 0.051151932513464518 0.033777987082598694 -0.29759038031196633 -0.27582429511803336 -0.3239888556531984 -0.05217745825188428 0.15399112359070563 -0.19787482186649813 0.16347304898070375 0.24699002845435353 -0.18959009584928685 -0.23482350838685837 -0.25025518773771582 -0.25567461871577313 -0.29380373205603244 -0.31444694197131567 -0.2983102475404501 -0.30610758541892824 0.35074444038093983 -0.35110413866307549 -1.1662064693504284 -1.0741643223549311 1.0782457745618041 -0.3501833362154681
decision_type=2 2 2 2 2 2 2 2 2 2 2 2 2 2 2 2 2 2 2 2 2 2 2 2 2 2 2 2 2 2
left_child=4 -2 -3 26 6 -6 7 9 -7 16 13 12 -12 -11 -5 -16 17 18 19 20 21 22 23 -1 25 -24 29 -28 -29 -4
right_child=1 2 3 14 5 8 -8 -9 -10 10 11 -13 -14 -15 15 -17 -18 -19 -20 -21 -22 -23 24 -25 -26 -27 27 28 -30 -31
leaf_value=-0.0014949739449461061 0.061685273382096985 0.040061280273190863 0.10663069357755627 0.072909454622756484 -0.045020921206529951 -0.014516469992909915 0.040143710019167785 -0.044687379398437616 0.046480123080179098 0.018682207263376813 0.034494488440523656 -0.043089993872510814 -0.065883705978478743 0.082290732849500114 -0.02103873474152794 0.025410704344634827 -0.038023530303547708 0.05307077535657815 -0.041838796512181003 0.069268464751607819 -0.032823226418202588 0.029452414367801001 0.017933612731726858 0.050730942344026864 -0.04892061019282145 -0.029373625491724037 -0.061836892956297775 -0.0017168712695080166 -0.049978663124876713 0.013044959767205645
leaf_weight=114.75354144192532 2.1958263413107479 4.1079964739037669 0.58691256307065476 1.2252799440175284 7.3991894354112446 2.1889090854674578 3.7367395985347676 3.3961443610023698 2.3533282962889626 2.722907695453614 3.0053061227517905 1.9582975120138124 0.58460688998457033 2.0332191599300131 3.5053625502623609 9.467686507094184 2.7806043219752601 3.2073242395417756 3.3011762025998896 1.28650752454996 3.915826524142175 6.5394447895232579 3.4714789686258873 2.297076641349121 3.2772768733557305 4.8332103563007101 1.2939322344027449 127.77901305494015 1.9899247074499715 4.2347694829513776
leaf_count=1929 21 90 6 13 40 11 42 20 34 27 164 50 4 22 28 265 21 30 21 8 21 57 35 28 24 32 11 1850 22 137
internal_value=4.01645e-06 0.00175953 0.00090613 -0.000165606 -0.00152936 -0.021397 -0.00010957 -0.00103031 0.0170858 -0.000103465 0.0193076 -0.00346645 0.0181482 0.0458745 0.018042 0.0128599 -0.00143992 -0.000747365 -0.00194877 -0.00101068 -0.00166073 -0.000757978 -0.00229382 -0.000470059 -0.0207252 -0.00959852 -0.00206809 -0.00304317 -0.00245694 0.0244366
internal_weight=335.429 156.387 154.191 150.083 179.042 11.9414 167.101 163.364 4.54224 159.968 10.3043 5.54821 3.58991 4.75613 14.1983 12.973 149.663 146.883 143.676 140.374 139.088 135.172 128.633 117.051 11.582 8.30469 135.885 131.063 129.769 4.82168
internal_count=5063 2443 2422 2332 2620 85 2535 2493 45 2473 267 218 168 49 306 293 2206 2185 2155 2134 2126 2105 2048 1957 91 67 2026 1883 1872 143
is_linear=0
shrinkage=0.05


Tree=186
num_leaves=31
num_cat=0
split_feature=4 4 4 6 5 6 4 2 1 5 6 2 6 6 1 1 4 4 4 0 6 1 1 1 2 5 1 2 2 0
split_gain=0.340126 4.72792 4.017 0.990091 1.54721 1.45355 1.1485 1.10917 1.24406 1.17998 1.44519 1.55229 1.26709 1.10345 1.05398 0.808268 0.795394 5.18092 4.11454 1.06967 0.925609 0.992678 2.14539 1.03741 0.907647 0.672272 0.671879 0.711179 1.95304 2.41751
threshold=1.2268893525324958 1.1348471134948515 1.3189314995279926 -0.34952813990062109 0.25992859678448271 -0.34823734383501909 1.7791422345054781 -0.30535121378631414 -0.79169611427910169 -0.03016219410641437 -0.32107068259742028 -0.27582429511803336 -0.28223374372548204 -0.26749553564439066 -0.52615903952699428 -0.52615903952699428 0.85872076455050717 0.76667852551286308 0.95076291154600423 0.88734944934584081 -0.21288651265249184 -0.62828024045233177 -0.3634738359158679 -0.25591027027561541 -0.35729582234729645 -0.65313463746089317 1.6995613547709489 -0.21490634580112489 -0.18058233330026294 1.5365115432400682
decision_type=2 2 2 2 2 2 2 2 2 2 2 2 2 2 2 2 2 2 2 2 2 2 2 2 2 2 2 2 2 2
left_child=1 16 -2 4 6 -5 15 8 -7 10 -9 -12 -13 -14 -15 -4 17 26 -18 20 21 -20 -23 -24 -21 -17 27 -1 29 -29
right_child=2 -3 3 5 -6 7 -8 9 -10 -11 11 12 13 14 -16 25 18 -19 19 24 -22 22 23 -25 -26 -27 -28 28 -30 -31
leaf_value=-0.00092274226581257914 -0.057568493847812353 0.060900056586157603 -0.022946608392130776 -0.06744140274536943 0.051494918298292419 0.0076677412061349273 -0.04324494676772242 -0.025629360440983441 -0.029539060564788035 -0.022816869059495329 0.07544644644507903 0.061090170962944279 -0.054845532437428339 -0.025715339125860451 0.05286618323371331 0.0099365594170269054 -0.054175674902804449 0.056445538652809046 -0.02872134614789873 -0.009191232419312835 -0.041510762132236992 0.066802217972069852 -0.042938746252071995 0.0087604210934167336 0.032454904156548427 0.062595818219098126 -0.032971348980520142 0.035186951830630551 -0.0031417360813899204 -0.031492034459141192
leaf_weight=250.54897825812805 3.2472564713098135 3.2049585691711391 1.0116728860884907 0.87611362338066712 2.2652734576258808 3.961271109059453 1.1105183719191698 1.2694896236062119 5.1904550692997962 1.8950728659401441 1.5654099620878765 1.0712571636540889 0.74561420432292691 0.76827963534743349 0.9597695599804581 1.6082456428557637 4.1404745674808536 4.0836274150351519 2.3677577506750849 1.956988434307277 1.7230098730360612 1.2848392426967645 1.3587482422590276 3.39441724569769 3.9469362259842447 0.97263820376247423 1.5632658902904939 8.6707783988094906 16.156835079222219 1.6120750013506029
leaf_count=2766 77 154 15 3 27 28 40 7 61 34 13 18 6 19 116 34 105 213 15 20 50 14 14 53 35 22 149 117 815 23
internal_value=3.51254e-06 0.000490214 -0.005219 0.00150775 0.0175472 -0.00459889 0.00119597 -0.00143952 -0.0134343 0.0118263 0.0221167 0.0339777 0.0156654 -0.00400654 0.0179293 0.0149334 -0.00014917 0.000535452 -0.00974104 0.00173429 -0.00812586 -0.00128263 0.00947725 -0.00601839 0.0186504 0.0297819 -0.000284202 -9.97221e-05 0.00769942 0.0247335
internal_weight=334.532 306.014 28.5183 25.2711 6.96835 18.3027 4.70308 17.4266 9.15173 8.27489 6.37982 5.11033 3.54492 2.47366 1.72805 3.59256 302.809 282.636 20.1732 16.0327 10.1288 8.40576 6.038 4.75317 5.90392 2.58088 278.552 276.989 26.4397 10.2829
internal_count=5063 4543 520 443 138 305 111 302 89 213 179 172 159 141 135 71 4389 4083 306 201 146 96 81 67 55 56 3870 3721 955 140
is_linear=0
shrinkage=0.05


Tree=187
num_leaves=31
num_cat=0
split_feature=3 4 3 6 6 0 7 3 1 3 7 6 1 1 6 7 1 2 7 0 0 7 4 4 4 4 2 3 2 6
split_gain=0.336203 0.717141 0.899503 0.637423 1.41465 0.972148 0.67098 0.791956 0.929381 0.795375 0.726168 0.548184 2.00756 2.36423 1.36771 2.87937 1.95692 1.01015 0.919877 1.06337 1.95205 0.916649 0.736724 1.29763 3.67398 3.42496 1.90322 2.93451 1.87224 1.64664
threshold=1.9065080941201404 0.21442564353988061 2.0035889246897827 1.0000000180025095e-35 -0.029339383243277305 1.5161293629221668 -0.24043498685426093 0.82139750702889514 -0.52615903952699428 0.62586426313651999 0.090346788646035181 -0.14281459721210238 -0.22536324344435524 -1.4063577054802423 -0.17830460910784876 0.090346788646035181 -0.75876158661485649 -0.21490634580112489 0.058849171581372983 -0.041405164597627143 0.78261853570006845 -0.29984393897879891 -0.89008012040608409 -1.1662064693504284 -1.0741643223549311 -1.2582487083880722 -0.3766540936952813 0.58121012090798951 -0.32432367408558266 -0.28311046362088049
decision_type=2 2 2 2 2 2 2 2 2 2 2 2 2 2 2 2 2 2 2 2 2 2 2 2 2 2 2 2 2 2
left_child=3 2 -2 4 11 6 7 8 -5 -10 -8 14 13 -13 22 16 -16 -14 19 -15 -21 -22 23 25 -25 -1 -26 28 -28 -29
right_child=1 -3 -4 5 -6 -7 10 -9 9 -11 -12 12 17 18 15 -17 -18 -19 -20 20 21 -23 -24 24 26 -27 27 29 -30 -31
leaf_value=-0.0028963468646091475 -0.055913424141819074 0.018210007215215748 0.0063442626646942682 -0.036169455661470166 -0.041450583735879468 0.073098174969917509 -0.039570827301495692 0.053048652918985154 0.051915183539257004 -0.034619419097737636 0.015681013388417042 -0.041462520440450679 -0.039968635335279723 0.057158182936403096 0.0057470659923289343 0.038620016840860999 -0.045241057966783821 0.026398860430308743 0.059092155609436176 -0.050531506590871279 0.066523293091564309 -0.00046233327208240082 0.0014198980671664872 -0.061037337164214847 0.012945531205709388 0.065456546768124776 -0.05434277242333585 0.0573911572946815 -0.010387403633094401 -0.031536039281400724
leaf_weight=20.618529649567794 1.4303811481222508 1.0909506190801037 0.97607457148842502 0.86263171210885081 2.0599245593184596 0.65972067392431188 1.1690695422585116 1.3492304334067737 1.040634565317305 0.35651436820626248 1.2103701088344676 1.1858799419715058 2.3131507203215738 1.421050437260418 2.7082719232421359 1.8678006472764526 6.1665253764367653 0.76228508184431021 2.5149292212445289 1.0491920913336801 1.0319767013424996 1.0111019019968819 252.39245206737542 3.4770771902985897 8.3440674422308838 2.0114434106508261 4.4346783715300262 1.7295198926003643 5.3393545169383234 0.7446999431122111
leaf_count=287 13 18 35 9 36 22 16 195 424 16 28 16 24 22 27 31 61 51 49 18 26 14 3173 42 188 93 19 62 32 16
internal_value=4.01905e-06 -0.0154168 -0.0306613 0.000167535 -0.000147721 0.0154929 0.0091468 0.0227365 0.00463828 0.0298339 -0.0114654 0.000117226 0.0109396 0.023841 -0.000277114 -0.0178058 -0.0296813 -0.0235186 0.0348597 0.0213569 0.00490441 0.0333727 0.000352473 -0.00541656 -0.0134982 0.00317913 -0.00547107 -0.0180173 -0.0303309 0.0306255
internal_weight=333.329 3.49741 2.40646 329.832 323.184 6.64817 5.98845 3.60901 2.25978 1.39715 2.37944 321.124 11.2896 8.21413 309.834 10.7426 8.8748 3.07544 7.02825 4.51332 3.09227 2.04308 299.092 46.6994 24.0694 22.63 20.5923 12.2483 9.77403 2.47422
internal_count=5063 66 48 4997 4287 710 688 644 449 440 44 4251 220 145 4031 119 88 75 129 80 58 40 3912 739 359 380 317 129 51 78
is_linear=0
shrinkage=0.05


Tree=188
num_leaves=31
num_cat=0
split_feature=4 4 4 2 0 5 0 0 5 1 3 3 0 5 5 3 3 3 2 5 0 7 3 0 0 1 4 5 5 2
split_gain=0.346091 5.31994 4.19002 0.909746 1.50787 1.147 1.87631 1.59194 1.55385 3.18486 1.4965 2.57469 1.88257 1.8526 2.04355 1.46423 3.06274 4.05348 3.02936 1.96415 1.66136 1.74621 3.1002 1.98718 1.72425 1.4287 1.3946 1.36578 1.35265 3.4116
threshold=-0.24578499939545764 -0.15374285239996058 -0.33782723843310175 -0.15496332206069161 -0.56769956538561817 -0.17997995827908672 2.0589751712411388 0.045484203462505902 -0.11261185320675467 -0.71043902111189128 0.25994426689521632 -0.1369135563535778 -0.57608522678031926 -0.38634794457304028 -0.63789402783149318 0.47087024556992019 0.33812712039616932 0.28021387243794593 -0.2949122127224057 0.023276283848430081 1.0508001909799718 0.72244116262992142 0.17185520774841392 0.1092970045600427 1.6911911582797596 -0.71043902111189128 -0.52191153242409583 0.37720302436401082 0.40948991007561591 -0.38904933890305127
decision_type=2 2 2 2 2 2 2 2 2 2 2 2 2 2 2 2 2 2 2 2 2 2 2 2 2 2 2 2 2 2
left_child=2 -2 3 5 -5 7 8 10 9 -7 11 12 -1 14 -14 16 17 20 26 -20 21 22 23 27 25 -22 -17 -10 -23 -30
right_child=1 -3 -4 4 -6 6 -8 -9 15 -11 -12 -13 13 -15 -16 18 -18 -19 19 -21 24 28 -24 -25 -26 -27 -28 -29 29 -31
leaf_value=-0.02471162473880574 -0.054591104254970726 -2.9355526472159273e-05 0.053132780974658234 -0.010975758372134424 0.052977089605181917 -0.016155855465074555 0.06226422914417732 -0.020009864732737206 0.015932844279749617 0.057041285841502511 0.039820565143807565 -0.032316038198908444 0.021707114309272413 0.051384408621417424 -0.028319666727769994 0.064924339190323241 -0.050463920934511512 0.069097784249438285 0.040607428642650094 -0.012477468380490967 0.0043547085542049212 -0.023461126083920252 -0.077243645606400124 -0.058914014425074296 -0.014843131813016648 0.04789277645126315 -0.024076202752763259 -0.029545815989401182 -0.0013298040837124586 0.078276708570900244
leaf_weight=3.6034500792156932 4.5642423118115394 210.89641358768858 3.9021532935876158 1.6523914907593282 2.0842652466089922 2.5583675969392061 1.3282101098448027 15.069726763758807 4.605060560978016 3.5456273136660448 2.2238170802593222 5.6284513373393592 6.3348856728989631 2.891189577057955 3.011921149911359 3.2319065653719004 3.312655047979205 1.9908262598328281 2.2713748505339009 7.4835208531003445 3.699614055454731 5.2096647098660496 2.299826204776763 1.8162531517446039 3.7814355157315731 3.8400505706667882 0.50955124339088786 2.573344501433894 15.172780586406581 1.4768642019480545
leaf_count=76 128 2828 278 57 243 20 21 104 33 27 37 32 64 26 26 171 33 23 31 71 19 32 7 9 19 26 16 67 525 14
internal_value=3.97321e-06 -0.00118517 0.0021918 0.000435902 0.0246964 -0.000392206 0.00339731 -0.00730452 0.00227034 0.0263622 0.00077636 -0.00326778 0.00705305 0.0164061 0.00558645 -5.37513e-05 -0.00401423 -0.000702715 0.0145536 -0.000116936 -0.00382719 -0.00947424 -0.025438 -0.012192 0.0127102 0.0265292 0.0528033 -0.000370535 -0.0012259 0.00573149
internal_weight=332.57 215.461 117.109 113.207 3.73666 109.47 70.7069 38.7634 69.3787 6.10399 23.6937 21.4699 15.8414 12.238 9.34681 63.2747 49.7784 46.4657 13.4964 9.7549 44.4749 33.1538 11.2945 8.99466 11.3211 7.53966 3.74146 7.17841 21.8593 16.6496
internal_count=5063 2956 2107 1829 300 1529 1164 365 1143 47 261 224 192 116 90 1096 807 774 289 102 751 687 116 109 64 45 187 100 571 539
is_linear=0
shrinkage=0.05


Tree=189
num_leaves=31
num_cat=0
split_feature=4 4 0 1 4 6 5 4 4 4 7 3 1 0 5 1 1 6 7 3 6 6 2 1 0 7 7 4 1 1
split_gain=0.354603 0.603047 0.715773 0.474353 0.78949 1.43864 0.898041 0.681194 1.42027 0.989807 0.741645 1.1968 0.930783 0.821029 0.49002 0.470006 1.82142 2.80661 1.48052 1.33721 2.34572 1.75889 2.76022 1.27211 1.13658 1.09761 2.41756 1.09529 1.08631 2.7896
threshold=-2.7309230603160253 -3.3752180892845045 -1.2587128543365562 0.75961552443556102 1.0000000180025095e-35 -0.24297764058301027 0.55043069004549905 0.30646788257752478 0.76667852551286308 0.85872076455050717 0.21460091222363373 -1.2447321691274367 1.9857585475218218 -0.3950676920572283 -0.64488756949445314 0.35128180797695679 0.19962641271934417 -0.30851460239835921 0.32501296091397985 -0.090735428208173638 -0.348949915793 -0.37505752923930619 -0.46139035719728066 0.54652667876062855 -1.1725986639662989 -0.10284184152130317 0.22719346804134516 -1.2582487083880722 -0.077368966116429919 -0.053233841534520675
decision_type=2 2 2 2 2 2 2 2 2 2 2 2 2 2 2 2 2 2 2 2 2 2 2 2 2 2 2 2 2 2
left_child=1 2 -1 15 5 6 -5 -6 -9 -10 11 12 -11 -13 -7 16 28 18 -18 20 21 22 24 -24 -17 -21 -27 -20 -2 -30
right_child=3 -3 -4 4 7 14 -8 8 9 10 -12 13 -14 -15 -16 19 17 -19 27 25 -22 -23 23 -25 -26 26 -28 -29 29 -31
leaf_value=0.11106392485446943 -0.00030728597866436067 -0.014796839641342039 0.014802368939692662 -0.043689317757347031 0.019738561080217397 0.052413508333865023 -0.005241482052908945 -0.038144079251068649 0.094001529842004133 -0.0032973980190310844 0.0400315680141137 -0.053274687450823525 0.057087429405547147 0.0099056382180804162 -0.0067071873893254285 -0.024773309601148201 -0.051317543759762968 0.027307133504628767 -0.046730528744421289 0.05309586197204879 -0.037462195131322235 0.052286797545141088 8.6486840032536083e-05 -0.056043406337238755 0.052405501430222413 -0.04127332105828628 0.036373038500493726 0.0059034685162491652 0.060933877131096693 0.0051296263908738003
leaf_weight=0.3204714572057128 251.76367312893854 0.55129318370018043 0.48592324019409716 4.159438259259332 3.328373340831603 0.78181695849343669 2.3922880132449791 2.5829830132715852 0.30141793467919331 2.1721307407133281 1.038038208382204 1.5961482985294422 0.9036557301878928 0.75858300535765089 0.63529155927244818 0.60069876839406822 4.8100704392418248 2.5345119540579608 1.4715121332555998 2.3722508088103496 3.3750101894838744 2.0367898736149073 2.0684849722310901 1.9715575287118552 2.3169952596072108 1.4838638042565424 3.0901400898583233 3.0106163853779444 2.4711458546808016 23.88849752699025
leaf_count=5 2838 37 40 165 160 161 104 209 47 79 29 141 13 143 25 17 28 38 11 37 21 18 27 24 120 17 41 64 57 347
internal_value=4.76361e-06 0.0255053 0.0530579 -0.000100178 -0.00743726 -0.0197702 -0.0296505 0.000312647 -0.00660032 0.00543473 0.00130775 -0.00609427 0.0144435 -0.032921 0.0259096 0.000389731 -0.000113365 -0.019331 -0.0320519 0.00794172 -0.0019168 0.0114209 -0.000542116 -0.0273051 0.0365158 0.0254973 0.0111836 -0.0113766 0.000703832 0.0103611
internal_weight=331.274 1.35769 0.806395 329.916 20.6502 7.96883 6.55173 12.6813 9.35296 6.76997 6.46856 5.43052 3.07579 2.35473 1.41711 309.266 289.95 11.8267 9.2922 19.3158 12.3695 8.99453 6.95774 4.04004 2.91769 6.94625 4.574 4.48213 278.123 26.3596
internal_count=5063 82 45 4981 1276 455 269 821 661 452 405 376 92 284 186 3705 3383 141 103 322 227 206 188 51 137 95 58 75 3242 404
is_linear=0
shrinkage=0.05


Tree=190
num_leaves=31
num_cat=0
split_feature=4 4 4 7 3 3 7 5 5 4 6 1 3 1 4 4 4 6 6 3 7 3 0 6 7 5 4 4 4 5
split_gain=0.330328 4.44684 3.74663 0.881512 1.37273 2.00603 1.72403 1.20506 1.97526 1.03266 1.07475 1.7782 1.64812 0.897188 0.738047 4.83866 3.92379 0.992464 2.47361 1.95994 2.0721 1.1785 1.43683 0.786253 0.685677 0.690317 0.667346 9.70719 9.54318 2.99016
threshold=1.2268893525324958 1.1348471134948515 1.3189314995279926 -0.17380478815899916 -0.41123926640203518 0.42743532865164818 0.058849171581372983 -0.2089925407955199 -0.30451138525780075 1.7791422345054781 -0.31452320102605441 -0.053233841534520675 0.5557588230369781 -0.4493712564754469 0.85872076455050717 0.76667852551286308 0.95076291154600423 -0.3008378233139663 -0.34690230536733691 0.010155481456025706 -0.41679567838375547 -0.22530740658762852 0.68908008171291002 -0.21924400817334436 -0.72586503161072946 -1.1774996148071211 0.30646788257752478 0.39851002957302184 0.21442564353988061 0.98480453059191408
decision_type=2 2 2 2 2 2 2 2 2 2 2 2 2 2 2 2 2 2 2 2 2 2 2 2 2 2 2 2 2 2
left_child=1 14 -2 7 13 6 -6 8 9 10 11 -4 24 -5 15 26 -16 18 19 20 -18 -19 23 -23 25 -12 28 -28 -1 -29
right_child=2 -3 3 4 5 -7 -8 -9 -10 -11 12 -13 -14 -15 16 -17 17 21 -20 -21 -22 22 -24 -25 -26 -27 27 29 -30 -31
leaf_value=-0.00084505201893913704 -0.0570167329465599 0.060533933116306872 -0.053147429496003151 0.013170915019135141 0.019946007297542256 0.038404925926580007 -0.031995849304876867 -0.033686177185191624 0.074271350985489509 -0.039716699138480915 0.055769134042409352 0.01329140262373966 -0.054336171641669664 0.071520381306930628 -0.053983677527321465 0.056015108723756549 -0.017732824227259157 -0.045127113346472271 0.052859839748514353 -0.050609752038487776 0.056400980664950022 0.0067774303939859967 0.023109403147590371 -0.049504246165934476 0.069838487412638151 -0.05318151071277636 -0.058627015232518336 -0.00013954265900382616 0.057914588560623814 0.061414187559908351
leaf_weight=195.34333904262166 3.1010061397100825 3.0518672731559482 1.6250809379853306 1.2963239382952454 2.5620261734584293 2.7130243261926807 4.2436309219338 3.3479213207319871 0.84320751763880331 1.7886083201447034 0.31192334250954501 2.6483880560845146 0.46813037293031801 1.3395617101341475 3.9585163799347365 3.8752241146139559 2.1895040113013238 1.9273976826225405 2.7070868446025997 1.6760471016168592 1.6551013228017839 1.0244841622188685 3.0968022779561579 1.5738031181099352 1.3479991836938992 0.27231485187076054 7.4017138171475372 63.920114471227862 7.1633377483231007 2.0358293554745606
leaf_count=2937 77 154 19 18 25 48 31 56 10 56 49 46 39 22 105 213 43 16 32 9 22 9 24 46 17 7 99 630 181 23
internal_value=4.04633e-06 0.000484099 -0.00520085 0.00127611 0.0108928 0.0020504 -0.0124421 -0.00796129 0.00129382 -0.00597774 0.0030644 -0.0119734 0.0298368 0.0428242 -0.000127702 0.000532733 -0.00945438 0.00166659 0.0137091 -0.00548868 0.0141818 -0.0113322 0.000105123 -0.0273128 0.0502298 0.00498697 -0.00024666 -0.00433262 0.00123347 0.00176041
internal_weight=330.509 302.6 27.9091 24.8081 12.1546 9.51868 6.80566 12.6536 9.30565 8.46245 6.67384 4.27347 2.40037 2.63589 299.548 279.74 19.8087 15.8502 8.22774 5.52065 3.84461 7.62249 5.69509 2.59829 1.93224 0.584238 275.864 73.3577 202.507 65.9559
internal_count=5063 4543 520 443 144 104 56 299 243 233 177 65 112 40 4389 4083 306 201 106 74 65 95 79 55 73 56 3870 752 3118 653
is_linear=0
shrinkage=0.05


Tree=191
num_leaves=31
num_cat=0
split_feature=1 0 6 5 2 3 0 4 0 6 7 3 2 5 5 4 1 6 2 1 1 7 1 2 5 2 2 6 6 6
split_gain=0.328365 0.504191 1.17795 0.441832 0.847815 1.42857 0.457458 0.685213 0.517488 1.04742 0.996583 0.562145 0.90021 0.513996 0.992813 0.795926 0.790179 0.667617 1.29585 0.659296 0.515539 0.480157 0.457611 1.25897 0.970272 0.944464 0.585841 1.89265 3.96166 3.35409
threshold=-1.7995094254806314 0.39403016175515826 -0.33097360547839155 2.2341386329129089 -0.43145538629536023 0.17993259066919218 -1.7858435937961639 -0.24578499939545764 -1.2032602308913283 -0.32107068259742028 0.81527880674477571 -0.57370105423428386 -0.462054069539728 1.6985802052044139 1.5143573831482968 -1.0741643223549311 -0.9979583371450621 -0.37832564518515827 -0.46139035719728066 -0.27668454633655248 1.2770016973067679 2.5781554836224578 -1.629495391513599 -0.33100955617893285 -0.13089694119759754 -0.43925956003961947 -0.39567619450301389 -0.36788234654004864 -0.37505752923930619 -0.37947432284085786
decision_type=2 2 2 2 2 2 2 2 2 2 2 2 2 2 2 2 2 2 2 2 2 2 2 2 2 2 2 2 2 2
left_child=1 2 -1 6 -5 -6 7 -2 9 10 -8 12 -12 14 21 -15 -17 18 20 -20 -18 22 23 24 25 -10 27 28 29 -24
right_child=3 -3 -4 4 5 -7 8 -9 13 -11 11 -13 -14 15 -16 16 17 -19 19 -21 -22 -23 26 -25 -26 -27 -28 -29 -30 -31
leaf_value=0.059678887033900119 0.048668985108159417 -0.013038180435614916 -0.0092513188173041598 -0.048899133691306974 0.052434522315368715 -0.035108489338751513 -0.035501642957793962 -0.0075162107071468356 -0.051624901216569818 -0.054253201563508227 0.03253454430805771 0.046135028225319355 -0.051433827153928295 -0.038385351933079667 -0.029647656000454131 -0.029468811028754285 0.071614727392589214 0.058535994780005401 0.016572616674575668 -0.051997465493722986 0.0032321584936237458 0.029062495583485067 0.0010218030809701561 0.028105028535445761 -0.053187263938910594 0.021258568919264139 -0.00082591907405743655 0.02316840367120887 -0.043613836855876414 0.05364680343420062
leaf_weight=1.3280640346929433 1.179754540731665 1.1076493504224343 1.1621627465938211 1.3446865717414769 0.82538554910570283 1.0703173740184864 1.4105673899175601 1.0048563281306986 0.67650827625766363 1.3221214325749304 0.73836288508027803 0.99709799198899407 0.5622523541096599 0.60836873843800265 2.8254354966338715 0.63709861831739534 0.93412857060320653 1.3923982763662928 0.70507808960974216 0.69717029482126214 0.39098102040588856 1.4270812198519696 38.148069273505826 1.2990830874769006 1.9954537600278854 1.2960712304338815 242.45123013029661 11.262065388495101 4.6202388230012721 3.2888569049537173
leaf_count=26 76 21 18 36 16 31 75 35 51 92 51 46 21 29 93 9 73 57 19 23 7 9 910 30 16 16 2981 131 37 28
internal_value=4.4103e-06 0.0150267 0.0275099 -0.000161835 -0.0185325 0.00300758 2.31091e-05 0.0228255 -0.000132714 -0.0160429 -0.00241967 0.0178894 -0.00376475 0.000121643 -0.000144518 0.015465 0.0223521 0.030366 0.0159843 -0.0175191 0.0514381 0.000127485 -7.88394e-06 -0.0146179 -0.0286048 -0.00373727 0.000248821 0.0047948 0.000302019 0.00519866
internal_weight=328.709 3.59788 2.49023 325.111 3.24039 1.8957 321.87 2.18461 319.686 5.0304 3.70828 2.29771 1.30062 314.655 309.29 5.36522 4.75685 4.11976 2.72736 1.40225 1.32511 306.465 305.038 5.26712 3.96803 1.97258 299.77 57.3192 46.0572 41.4369
internal_count=5063 65 44 4998 83 47 4915 111 4804 285 193 118 72 4519 4302 217 188 179 122 42 80 4209 4200 113 83 67 4087 1106 975 938
is_linear=0
shrinkage=0.05


Tree=192
num_leaves=31
num_cat=0
split_feature=3 3 1 7 3 6 3 3 2 6 3 3 7 3 3 2 0 0 1 2 6 2 1 1 7 3 2 3 3 0
split_gain=0.330024 2.92324 2.38743 1.84995 1.81742 3.91903 2.15899 2.40381 1.55803 2.19529 1.74563 1.71898 1.85723 1.53114 2.04653 1.4961 1.39659 2.86302 1.37529 2.4398 1.78659 2.92529 3.35423 2.78294 2.53014 3.01671 2.95555 2.45411 2.20918 2.19354
threshold=0.10677908729400419 0.11180837645850385 -1.438978628198343 1.1276261190892469 0.06273455772060299 -0.26162705242998174 0.051151932513464518 0.033777987082598694 -0.27582429511803336 -0.3239888556531984 -0.19787482186649813 -0.05217745825188428 0.15399112359070563 0.16347304898070375 0.24699002845435353 -0.29759038031196633 0.55803361744650448 0.97646373688526711 -1.0677811595048523 -0.32143602321805637 -0.31195241646445832 -0.29917434832961837 -0.93833983871746207 -0.7186822883201065 -0.64467874713133488 0.49815041188695208 -0.19719785372997764 0.38156197635317574 0.22214829751752216 1.7383792152987647
decision_type=2 2 2 2 2 2 2 2 2 2 2 2 2 2 2 2 2 2 2 2 2 2 2 2 2 2 2 2 2 2
left_child=4 -2 -3 18 6 -6 7 8 -1 10 -10 12 -11 -5 -15 -7 -16 -18 19 -4 -20 22 -22 -23 27 26 28 -25 -26 -24
right_child=1 2 3 13 5 15 -8 -9 9 11 -12 -13 -14 14 16 -17 17 -19 20 -21 21 23 29 24 25 -27 -28 -29 -30 -31
leaf_value=-0.0014096512912013101 0.059657368748167128 0.039117984176070576 0.051794256319845668 0.071820227812257068 -0.043450043295539004 -0.013592430245373752 0.037721775736149266 -0.043464731723104132 0.017875267506924652 0.034200890605544897 0.079874601046509661 -0.041453074486884213 -0.064903818151276493 -0.020816918584896631 0.05661154533377967 0.044289724623113119 -0.027805593248766115 0.038942432711439157 -0.012622261782172479 0.0023037835723649538 -0.032882749105930413 -0.021687848380545202 0.029993346608077905 -0.065584548098671397 0.0037979033661739298 -0.0037948964933278498 -0.023360645773939086 -0.00096042653715476534 0.059293808326092858 -0.010972819361248307
leaf_weight=146.29395314538851 2.1450769368530009 3.9737445267383 3.0730880172923234 1.1765974331647147 7.1772732606623322 2.1694870740175247 3.6844109495286821 3.2632513910066328 2.6830650069750845 2.8931446009228243 1.9681195588782427 1.8742722267779734 0.56506317685125385 3.4239192833192638 2.4710714597313181 2.2998414300964196 2.6499582063406706 4.0800177938072011 38.816785192757379 13.131455571507102 3.1886232637334642 18.529708209098317 17.045132045634094 2.4650052355718755 2.5614554723724705 18.672820175735978 2.1156898804474684 3.6360777135851094 5.979666362167336 4.042651579133234
leaf_count=2206 21 90 36 13 40 11 42 20 27 164 22 50 4 28 174 34 17 74 355 130 21 226 186 145 19 415 25 371 67 30
internal_value=4.22559e-06 0.00169869 0.000875525 -0.000157835 -0.00148004 -0.0205624 -0.000118456 -0.000992332 -0.000105461 0.0190053 0.0441099 -0.0028919 0.0180074 0.0172677 0.0121836 0.0161928 0.0244639 0.0126601 -0.0019626 0.0116893 -0.00385253 0.000498521 0.0149129 -0.00598639 0.00222523 0.00831923 0.0295456 -0.0270703 0.0426508 0.0221399
internal_weight=328.05 153.179 151.033 147.06 174.872 11.6466 163.225 159.541 156.278 9.98366 4.65118 5.33248 3.45821 13.8016 12.625 4.46933 9.20105 6.72998 133.258 16.2045 117.054 78.2368 24.2764 53.9604 35.4307 29.3296 10.6568 6.10108 8.54112 21.0878
internal_count=5063 2443 2422 2332 2620 85 2535 2493 2473 267 49 218 168 306 293 45 265 91 2026 166 1860 1505 237 1268 1042 526 111 516 86 216
is_linear=0
shrinkage=0.05


Tree=193
num_leaves=31
num_cat=0
split_feature=3 3 3 7 1 2 5 4 7 0 1 7 0 5 5 6 3 5 2 6 3 3 5 6 5 3 7 5 1 1
split_gain=0.330217 1.87871 1.27081 1.71226 1.84915 0.797826 0.957334 1.20796 1.51727 1.957 2.18905 1.16105 0.725825 0.725625 0.725208 0.705456 0.75509 1.16767 1.1197 0.898661 0.677775 0.627519 2.09247 2.16494 0.921192 0.86367 2.29269 3.1085 4.03062 3.8735
threshold=-1.2294918527492065 -1.2162327775001465 -1.2468658134203887 -1.086846222544996 1.9668001027168092 -0.46265158438555704 -0.43533496774531949 -1.4423330023790664 0.23543704839623877 -0.53595654394085257 -1.0326204763560825 3.3044668409538089 1.224572414588293 -0.58544351638749659 -0.86625793235845328 -0.39847156912677489 -1.1852949352523394 -0.64488756949445314 -0.45780977284132413 -0.3174528036732836 -1.1636536859952527 -1.1310394089458404 -0.55705594530913183 -0.39367870572049152 -0.89638250271369191 -0.58162598827033074 0.13554043291449702 -0.38634794457304028 -0.71043902111189128 -0.16050314608511973
decision_type=2 2 2 2 2 2 2 2 2 2 2 2 2 2 2 2 2 2 2 2 2 2 2 2 2 2 2 2 2 2
left_child=2 -2 3 4 -1 6 13 -8 9 -9 -11 12 -10 14 -5 -3 17 19 20 -17 -18 22 24 -24 -20 26 27 29 -29 -23
right_child=1 15 -4 5 -6 -7 7 8 11 10 -12 -13 -14 -15 -16 16 18 -19 21 -21 -22 25 23 -25 -26 -27 -28 28 -30 -31
leaf_value=-0.050924790289986782 -0.048621766196188389 -0.03342067673232884 0.036309027820037774 0.038986675914548116 0.012960860526735932 -0.044693833263853538 -0.043810921024311743 -0.074646344450653296 0.041289043103995289 -0.050348187303495801 0.047128906606211773 -0.055750402093117352 -0.02740220244691581 0.05306110749620159 -0.00064607924427644958 -0.027991023218392658 0.0037816665074742518 0.052982970508639371 0.0089500422670347954 0.032654270906492505 -0.053075696055145276 0.020612571968112239 -0.00043572227790399527 0.059427425082463174 -0.04316591704113229 0.00045040877726805506 -0.024978997433040009 -0.01604983163544892 0.065773558605190699 -0.060184278012210407
leaf_weight=2.8179683753987836 2.0101367321331045 1.5822759859729547 2.9612316652201107 1.960308090085163 1.8939443733543155 0.66619137977249465 1.3008592491969526 1.0326560717076065 3.8143432342913002 0.9668962657451633 1.4244928371626793 0.39033298194408406 0.42768412083387364 1.7802183083258629 2.8070105034857993 1.3627354321070013 0.78011735528707538 1.7057506595738221 1.6009521470405164 1.1071519043762239 1.5974223872181017 2.9572769785299897 2.9358929293230176 3.1104019306367245 1.8026305267121641 259.10551178797323 11.956903784419408 2.6279632253572345 3.5223892984213325 2.9763360816868953
leaf_count=313 50 22 42 30 15 15 18 8 423 14 73 3 3 38 38 29 16 33 29 14 45 28 32 43 13 3434 131 19 43 49
internal_value=4.96439e-06 -0.000444683 0.00561981 0.00134982 -0.0252461 0.00891228 0.0111576 0.000896346 0.00811518 -0.0171232 0.00771657 0.0267703 0.0343635 0.0258223 0.0156508 -0.00012266 5.34612e-05 0.0211667 -0.000245418 -0.000806159 -0.0344197 3.22712e-05 0.0127071 0.0303597 -0.018652 -0.000390745 -0.00945645 0.00590288 0.0308115 -0.0199156
internal_weight=326.986 302.742 24.2441 21.2829 4.71191 16.571 15.9048 9.35726 8.05641 3.42405 2.39139 4.63236 4.24203 6.54754 4.76732 300.732 299.149 4.17564 294.974 2.46989 2.37754 292.596 9.44988 6.04629 3.40358 283.146 24.0409 12.084 6.15035 5.93361
internal_count=5063 4030 1033 991 328 663 648 542 524 95 87 429 426 106 68 3980 3958 76 3882 43 61 3821 117 75 42 3704 270 139 62 77
is_linear=0
shrinkage=0.05


Tree=194
num_leaves=31
num_cat=0
split_feature=4 4 4 2 0 5 0 0 5 1 3 2 3 3 5 0 2 0 4 0 3 2 5 0 5 1 4 3 3 3
split_gain=0.339375 5.02269 3.98156 0.835206 1.44214 1.07215 1.76296 1.44435 1.40521 2.79323 1.35514 2.80557 2.79717 3.70453 1.78811 1.51907 1.65095 1.56071 1.34323 1.32386 2.32421 2.79834 2.16363 1.58929 1.36853 1.26479 1.21424 0.99918 2.91407 0.981183
threshold=-0.24578499939545764 -0.15374285239996058 -0.33782723843310175 -0.15496332206069161 -0.56769956538561817 -0.17997995827908672 2.0589751712411388 -0.061192252338557442 -0.11261185320675467 -0.71043902111189128 0.47087024556992019 -0.2949122127224057 0.33812712039616932 0.28021387243794593 0.023276283848430081 1.0508001909799718 -0.3766540936952813 1.6911911582797596 -0.52191153242409583 -0.35078704689246964 -1.1417076304106015 -0.26365303854959027 -0.38634794457304028 -0.60179964423319177 -0.66729479009757864 -0.71043902111189128 -1.4423330023790664 1.6177040225510992 1.3607523798560386 -1.2294918527492065
decision_type=2 2 2 2 2 2 2 2 2 2 2 2 2 2 2 2 2 2 2 2 2 2 2 2 2 2 2 2 2 2
left_child=2 -2 3 5 -5 7 8 19 9 -7 12 18 13 15 -13 16 26 25 -12 20 23 -22 24 -1 -21 -17 -10 28 -16 -28
right_child=1 -3 -4 4 -6 6 -8 -9 10 -11 11 14 -14 -15 27 17 -18 -19 -20 22 21 -23 -24 -25 -26 -27 29 -29 -30 -31
leaf_value=-0.010632551201950058 -0.054317607641509683 -6.5524662409301772e-05 0.05300887827456742 -0.010765119095123654 0.052828690673429879 -0.014906731455374614 0.061581258891439228 -0.017723273728021082 -0.040482756845487494 0.053994864767592077 0.064566532550643749 0.039220565410252865 -0.04835026542617904 0.067918722561205208 -0.028911095806872768 0.0047037663452296893 -0.028352236680954636 -0.013976479308345181 -0.023579964351691938 0.025010777851765361 -0.044920826867892241 0.020202097543289464 0.048193323326676141 0.056222582839834667 -0.022897611784091471 0.045960060022369638 0.026884846145259728 -0.036715826953849159 0.050790279708599929 -0.0033837579015420722
leaf_weight=1.7257597094867381 4.3560033313115119 206.98774870386842 3.7296349577518404 1.6227672877430452 1.9782999933086092 2.5210013864561915 1.277744629420339 17.295690169557929 1.9287713004741736 3.5313186626881352 3.064159636967815 2.2582818483933789 3.2865818452555677 1.8914535143412639 2.9760007688309997 3.6694431379437447 8.2555812164209872 3.7498002052307129 0.50316639523953188 2.6414835639297962 5.3894868760835379 2.3771634213626402 3.31909222435206 1.8332492520567027 3.4213756490498781 3.7625361680984479 3.11672200355678 2.58101970795542 1.865917097777128 18.992015324765827
leaf_count=52 128 2828 278 57 243 20 21 129 31 27 171 31 33 23 29 19 33 19 16 25 38 35 23 43 20 26 360 20 22 263
internal_value=4.22386e-06 -0.00118371 0.00219566 0.000485793 0.0241711 -0.000309586 0.00339457 -0.00705754 0.00230048 0.025295 5.22277e-05 0.0142291 -0.00380825 -0.000581384 0.000262139 -0.00356161 -0.00906132 0.0123216 0.0521336 0.00185084 -0.00965557 -0.0249884 0.0157411 0.0238046 -0.00202475 0.0255903 -0.00243593 -0.0115902 0.00180321 0.00088328
internal_weight=325.909 211.344 114.566 110.836 3.60107 107.235 69.2315 38.0033 67.9538 6.05232 61.9015 13.2485 48.6529 45.3663 9.68122 43.4749 32.2931 11.1818 3.56733 20.7076 11.3257 7.76665 9.38195 3.55901 6.06286 7.43198 24.0375 7.42294 4.84192 22.1087
internal_count=5063 2956 2107 1829 300 1529 1164 365 1143 47 1096 289 807 774 102 751 687 64 187 236 168 73 68 95 45 45 654 71 51 623
is_linear=0
shrinkage=0.05


Tree=195
num_leaves=31
num_cat=0
split_feature=1 2 6 3 6 2 6 0 0 2 1 2 2 5 0 5 1 2 7 0 6 5 0 4 1 2 2 7 7 3
split_gain=0.347208 2.08969 1.79879 2.50399 1.54468 1.49306 2.64598 2.5172 1.49545 1.42352 1.29141 1.624 2.08848 1.50647 1.48596 1.24752 1.0198 2.10683 2.59098 1.00921 1.83126 0.974643 0.929687 1.07196 1.59195 0.865235 0.95186 0.858772 0.738747 0.779832
threshold=0.19962641271934417 -0.26845378018014682 -0.34119523730057044 0.13192560931808389 -0.31564561411700159 -0.39700389190752938 -0.37718243638449012 0.16663306533650965 -0.40508591749695272 -0.26022231985497252 0.23344636145116224 -0.46139035719728066 -0.45054768402603013 0.80122844122339487 -0.47035950333894377 -1.1774996148071211 0.13654580361292826 -0.35311514822929291 -0.15076170921421786 -0.16370919507584211 -0.31452320102605441 -1.0858275335679293 -0.69712073319279366 -1.1662064693504284 1.9857585475218218 -0.22896010285105647 -0.15282190267858006 1.4856052187525384 -0.4279926674484732 0.68286303115078406
decision_type=2 2 2 2 2 2 2 2 2 2 2 2 2 2 2 2 2 2 2 2 2 2 2 2 2 2 2 2 2 2
left_child=16 2 3 5 -4 6 10 -7 15 -3 -2 13 -13 14 22 -8 -1 18 -18 21 -21 -11 23 -12 -25 -23 -27 -15 29 -28
right_child=1 9 4 -5 -6 7 8 -9 -10 19 11 12 -14 27 -16 -17 17 -19 -20 20 -22 25 -24 24 -26 26 28 -29 -30 -31
leaf_value=0.00025789184386748224 -0.083107074357060343 0.072725004741481178 -0.042987419895087337 0.074812641745259978 -0.0080497114899998768 -0.054865077758669417 0.052599158605195866 0.010459475388442257 0.067973678792769263 0.043287292765670539 0.053286000257054968 -0.051816960217914848 0.010188896313377896 0.062601148340258719 -0.038398408888765306 -0.027351965389673379 0.051967872583110634 0.060619646413566403 -0.033365081375455533 -0.012710742267153022 0.062808654902830094 0.03333298945421459 0.04990161595990697 -0.023635420280862154 0.050484807934424586 -0.055991696203453782 0.05835404055482122 0.0039362325074212504 -0.04623342622863328 -0.012537522592091593
leaf_weight=267.405900257756 0.53834447474219516 1.024309127125888 5.9315031685982831 1.0293848570436228 6.7797429208876583 3.4148908570641678 0.85779257165268052 2.5956011079251766 2.0504002813249818 0.95199734821653503 0.80359047278762563 3.3222161617595702 2.2969202793901724 1.5945026847184647 2.2699958839220917 1.1314919750439001 1.4259712137281897 2.1584739366080603 2.3646997713949531 1.3505932884290817 1.9789301690179844 0.8437463673762976 1.1252372134476898 3.7372355477418742 0.8986147567629813 1.3624557854782327 0.63527164520928658 1.0247304011136291 0.70344461500644762 0.99635036871768534
leaf_count=3179 10 17 81 15 129 58 10 16 19 533 17 80 37 191 95 32 18 22 41 18 76 39 20 125 14 78 29 19 17 28
internal_value=5.35229e-06 -0.0037713 -0.0086952 -0.00175824 -0.0243528 -0.00460771 0.00151277 -0.026655 0.0380089 0.0169313 -0.00685867 -0.00445442 -0.026471 0.00634662 -0.00352675 0.00712348 0.000713409 0.0211883 -0.00126461 0.0104537 0.0321748 -0.00271168 0.0085315 -2.65868e-05 -0.00926793 -0.0123546 -0.0227801 0.0396495 -0.00340194 0.0150641
internal_weight=324.604 51.2493 41.4022 28.6909 12.7112 27.6616 21.6511 6.01049 4.03968 9.8471 17.6114 17.073 5.61914 11.4539 8.83467 1.98928 273.355 5.94914 3.79067 8.82279 3.32952 5.49327 6.56468 5.43944 4.63585 4.54127 3.69752 2.61923 2.33507 1.63162
internal_count=5063 1803 968 758 210 743 669 74 61 835 608 598 117 481 271 42 3260 81 59 818 94 724 176 156 139 191 152 210 74 57
is_linear=0
shrinkage=0.05


Tree=196
num_leaves=31
num_cat=0
split_feature=1 2 6 3 6 2 6 0 0 2 1 2 2 5 0 1 1 2 7 7 0 5 5 2 6 1 0 1 0 0
split_gain=0.317946 1.92557 1.6299 2.27895 1.43673 1.37543 2.43501 2.37495 1.39855 1.31059 1.12322 1.50427 1.9887 1.40106 1.36543 0.95989 2.51826 2.18731 3.07473 2.06224 2.5089 1.39573 1.24173 1.15466 1.48936 1.02066 1.14675 2.0418 2.62504 2.72369
threshold=0.19962641271934417 -0.26845378018014682 -0.34119523730057044 0.13192560931808389 -0.31564561411700159 -0.39700389190752938 -0.37718243638449012 0.16663306533650965 -0.39387514729750878 -0.26022231985497252 0.23344636145116224 -0.46139035719728066 -0.45054768402603013 0.80122844122339487 -0.47035950333894377 -0.077368966116429919 -0.053233841534520675 -0.26221899987400066 0.21460091222363373 0.76925755893674796 0.65458585431633864 -0.03726294064608341 -0.97481373065111521 -0.35018742557421573 -0.36645276155110179 -0.098148957407693957 -0.011552942454124868 -0.29509550138511847 -0.084911859067514403 -0.11159154405166136
decision_type=2 2 2 2 2 2 2 2 2 2 2 2 2 2 2 2 2 2 2 2 2 2 2 2 2 2 2 2 2 2
left_child=15 2 3 5 -4 6 10 -7 -8 -3 -2 13 -13 14 -12 22 -17 18 21 23 -21 -18 -1 24 -20 26 27 -24 29 -29
right_child=1 9 4 -5 -6 7 8 -9 -10 -11 11 12 -14 -15 -16 16 17 -19 19 20 -22 -23 25 -25 -26 -27 -28 28 -30 -31
leaf_value=-0.032427326934294141 -0.076696424168717872 0.070560761812361497 -0.041505719038376417 0.071590140923344883 -0.0076576844903539394 -0.053972493437485086 0.01033026314401711 0.0099165318032402045 0.070112789704917244 0.010182682853663796 0.0082305249843159026 -0.051333780747759988 0.0096706148140854303 0.038753473550131284 -0.037125788539711484 0.059305024386459487 0.024908306777516914 -0.025913302968991265 -0.0085344624638530112 -0.0026491390255120547 0.077691480083542791 0.075457887915130695 0.0019231123747799645 0.0029523522441148916 -0.074603862369708479 -0.028688027213614905 -0.0018952368237601638 0.024672802453498528 0.086152294599446511 -0.051939973964501007
leaf_weight=2.9670562162937122 0.55375621700660005 1.0034759668633331 5.8384959694813006 1.022123792907222 6.7707210835069436 3.3007077191723537 2.2088022161042322 2.6006933022290468 1.7560659479349841 8.613574324626823 6.472177134070086 3.1891912664286792 2.2989654736593303 2.5486752817523675 2.2314223420107728 2.3423092897865017 6.2967496368801221 4.6138580467086241 1.583622938487679 3.8252982837730087 1.302662272006273 1.7436980064958421 65.15527514409041 2.099489860236643 1.8487882856279609 3.0376560764852902 163.91272659017704 9.7328596609586366 1.4941996054258186 1.317087735980748
leaf_count=178 10 17 81 15 129 58 44 16 17 818 176 80 37 210 95 57 97 67 36 98 12 21 887 14 9 32 1514 216 13 9
internal_value=5.18571e-06 -0.00364347 -0.00838841 -0.00170315 -0.0233305 -0.00446138 0.00146687 -0.0258172 0.0368083 0.0164827 -0.00663551 -0.00431797 -0.0257793 0.00614952 -0.00339789 0.000678227 0.00988428 0.00491912 0.0125263 -0.00508184 0.0177599 0.0358708 -0.000275645 -0.0262557 -0.0441212 0.000114283 0.000476398 0.00547954 0.0239519 0.015541
internal_weight=323.682 50.4088 40.7918 28.1826 12.6092 27.1605 21.2591 5.9014 3.96487 9.61705 17.2942 16.7404 5.48816 11.2523 8.7036 273.273 25.6565 23.3142 18.7003 10.6599 5.12796 8.04045 247.617 5.5319 3.43241 244.65 241.612 77.6994 12.5441 11.0499
internal_count=5063 1803 968 758 210 743 669 74 61 835 608 598 117 481 271 3260 411 354 287 169 110 118 2849 59 45 2671 2639 1125 238 225
is_linear=0
shrinkage=0.05


Tree=197
num_leaves=31
num_cat=0
split_feature=7 4 4 4 0 7 2 3 6 3 6 7 4 0 3 0 5 5 3 6 7 6 7 7 4 3 2 3 7 2
split_gain=0.325078 0.385251 4.77234 3.72468 0.877517 0.932774 1.55878 1.99847 1.60344 1.55861 1.32373 1.23063 1.44834 1.18931 3.0915 1.85059 2.51374 1.96071 1.09115 1.09057 0.945752 3.99993 3.5143 2.22561 2.14012 1.91578 2.0837 1.91158 2.76227 3.08933
threshold=3.3044668409538089 -0.24578499939545764 -0.15374285239996058 -0.33782723843310175 -1.1760400074157753 0.92174756798189539 -0.30052573773206609 0.40564173719204472 -0.38243446807077924 -0.37359570018812333 -0.34390386113567206 0.75234848269698607 0.39851002957302184 1.7383792152987647 -0.033736660193909564 1.5010059888074545 0.21982556466967981 0.39135687083147808 -0.22530740658762852 -0.32954005603889941 0.018166777979565524 -0.26061443977561777 -0.054694788543017264 0.10584407061241981 0.58259423152186895 0.52390654656616109 -0.23864328571191082 0.40183159713622169 -0.22355836565526624 -0.22896010285105647
decision_type=2 2 2 2 2 2 2 2 2 2 2 2 2 2 2 2 2 2 2 2 2 2 2 2 2 2 2 2 2 2
left_child=1 3 -3 -1 -4 11 8 -8 -7 -10 -11 13 -13 15 -15 20 18 -18 -17 -16 22 23 25 -22 -24 27 -27 -6 29 -29
right_child=-2 2 4 -5 5 6 7 -9 9 10 -12 12 -14 14 19 16 17 -19 -20 -21 21 -23 24 -25 -26 26 -28 28 -30 -31
leaf_value=0.0008281823321519456 -0.023772634983075431 -0.05413234549160726 -0.035438092499060013 0.052882650960379154 0.0016585637370853973 0.022378558545175765 -0.016384977797442683 0.0575314518725073 -0.062610117641478183 0.010472051138960914 -0.029463834749929276 -0.001118513757754243 0.053384946136086214 0.041402551495629075 -0.05569372184714181 0.0044391706769420459 -0.02999227284506736 0.02804116682726477 0.060768290580967638 -0.015826658995667885 0.033567375905971364 0.038941121894175527 -0.049520491284295323 -0.0040809963787255508 0.0030920821877759488 -0.035639428341157145 -0.0012713517961021211 -0.028880699671601773 0.072336025752550714 0.062357964074269481
leaf_weight=108.36718998901779 1.4311082763597358 4.1664076019660561 1.7398620753956482 3.5490217807964646 71.740445601251835 2.0467727056238809 1.9568910747766488 1.7165838577784596 2.2883416451513776 3.0547680612653485 6.4693151388782999 2.4452320630662134 2.4303643375169486 2.253652172628791 2.0286955479532471 1.1086145833251064 2.8515863767825067 2.972736753989011 3.8293153488775697 11.107945958850902 4.3958209929987779 7.8297374674584708 5.9546672105789309 36.690789820218924 2.8617681099567562 6.8948914827778962 12.238652646919943 2.5270089786499743 2.4176159892231217 1.4660291279142255
leaf_count=1819 17 128 161 278 1070 26 10 35 11 29 44 25 30 25 11 34 19 31 40 99 38 102 33 320 36 49 431 16 20 76
internal_value=4.6672e-06 0.000110541 -0.00115475 0.0024789 -7.97013e-05 0.000222486 -0.0108025 0.0181555 -0.018478 -0.0255574 -0.0166547 0.00126147 0.0260501 0.00059436 -0.0127015 0.0018287 0.0218779 -0.000371983 0.0481218 -0.0219833 0.000436756 0.00618852 -0.00221501 -5.30296e-05 -0.0324427 0.000524379 -0.0136561 0.00399615 0.0301557 0.00461724
internal_weight=322.832 321.401 209.485 111.916 205.318 203.578 17.5327 3.67347 13.8592 11.8124 9.52408 186.046 4.8756 181.17 15.3903 165.78 10.7623 5.82432 4.93793 13.1366 155.017 48.9163 106.101 41.0866 8.81644 97.2846 19.1335 78.1511 6.41065 3.99304
internal_count=5063 5046 2949 2097 2821 2660 155 45 110 84 73 2505 55 2450 135 2315 124 50 74 110 2191 460 1731 358 69 1662 480 1182 112 92
is_linear=0
shrinkage=0.05


Tree=198
num_leaves=31
num_cat=0
split_feature=4 4 4 6 7 1 6 3 2 3 0 3 2 6 5 4 4 4 6 6 3 2 5 5 2 1 3 0 5 3
split_gain=0.325133 4.10983 3.51175 0.880384 1.3111 1.6614 1.19421 2.048 1.34579 1.26246 1.43317 1.17932 1.60353 1.45255 0.94299 0.68244 4.44513 3.80018 0.978966 2.21985 1.69151 1.95761 1.1917 1.34412 0.917262 0.619006 1.51548 1.61771 1.19925 1.20873
threshold=1.2268893525324958 1.1348471134948515 1.3189314995279926 -0.34952813990062109 -0.066524650902697199 1.9668001027168092 -0.24595711618427002 0.27030765155177999 -0.33203770776548741 0.87412903217820392 -0.17768995368907711 0.42743532865164818 -0.31211158294526803 -0.2983102475404501 0.25992859678448271 0.85872076455050717 0.76667852551286308 0.95076291154600423 -0.3008378233139663 -0.34690230536733691 0.010155481456025706 -0.44882696580738807 -0.25517261798024088 -0.32142873521376752 -0.22359998143760404 0.75961552443556102 0.99818523797762937 -1.1642042248381073 -0.97481373065111521 -1.1310394089458404
decision_type=2 2 2 2 2 2 2 2 2 2 2 2 2 2 2 2 2 2 2 2 2 2 2 2 2 2 2 2 2 2
left_child=1 15 -2 4 5 -4 11 -8 -9 -10 -11 12 13 -5 -6 16 25 -17 19 20 21 -19 23 24 -20 28 27 -27 -1 -30
right_child=2 -3 3 6 14 -7 7 8 9 10 -12 -13 -14 -15 -16 17 -18 18 22 -21 -22 -23 -24 -25 -26 26 -28 -29 29 -31
leaf_value=-0.031413853250405153 -0.056648951260109583 0.060018512948853603 -0.030160936291781057 -0.014090599361789496 0.010230857829810753 0.057143384044411064 0.067431624015291999 0.071102955560332262 -0.056321102759913082 -0.050969861711187558 0.060909133400827237 0.01966576180121811 0.0066699058923107638 -0.060576768240529988 0.061631971636610841 -0.05392607419866801 0.055360042319428808 -0.012013715572072311 -0.062563485573812486 0.051394813635042752 -0.04778279129764787 0.064669259432504622 -0.023902452982425427 0.065857042881473302 0.023535482182222112 0.012499766201438384 0.034513860008256923 -0.027727117623864268 0.011726613527370177 -0.0003593448842575328
leaf_weight=2.9353729615104376 2.9584120875806574 2.8706427890792829 2.1641024977434431 3.9719144446426062 1.7071890244260459 0.7283298298716544 1.4123579050647048 0.47384870238602772 1.2396788456971934 0.47973336244468279 0.70971865131286249 2.3643988409312433 3.8101706253364744 2.9127801640424877 1.8692854386754332 3.8095111116999769 3.6485558123313231 2.4710433953441688 0.54364116117358219 2.6518071310129017 1.5902220141142605 1.254963227780536 5.3203204637102308 0.92189837526530016 0.71775691103539441 3.4747151538176686 1.6547515038546396 8.902530777602804 22.738226272223983 229.37330601119902
leaf_count=153 77 154 73 41 28 11 50 7 40 51 30 38 29 19 26 105 213 51 3 32 9 14 35 12 45 186 132 562 643 2194
internal_value=4.87793e-06 0.000484113 -0.00526774 0.00110744 0.0168532 -0.00817724 -0.00475501 0.0180486 -0.00597718 -0.0210131 0.0157858 -0.0122903 -0.0193551 -0.033758 0.0370962 -0.000101151 0.000541546 -0.00919195 0.00182272 0.0140279 -0.00461119 0.013814 -0.0111379 0.0199671 -0.0135717 -0.000201761 -0.0104259 -0.0164341 0.000360745 0.000730701
internal_weight=321.681 294.879 26.8019 23.8435 6.46891 2.89243 17.3746 4.31534 2.90298 2.42913 1.18945 13.0593 10.6949 6.88469 3.57647 292.009 272.727 19.2812 15.4717 7.96804 5.31623 3.72601 7.50362 2.1833 1.2614 269.079 14.032 12.3772 255.047 252.112
internal_count=5063 4543 520 443 138 84 305 178 128 121 81 127 89 60 54 4389 4083 306 201 106 74 65 95 60 48 3870 880 748 2990 2837
is_linear=0
shrinkage=0.05


Tree=199
num_leaves=31
num_cat=0
split_feature=0 0 6 0 3 3 6 0 3 0 0 7 2 2 5 2 1 2 0 3 3 3 4 7 3 3 7 3 4 1
split_gain=0.310373 1.07421 0.910113 0.493424 1.74725 1.82541 1.26728 0.802474 1.98602 1.25023 1.22299 1.70958 1.69388 4.65761 1.62645 0.786653 2.36609 1.4609 3.95742 3.78371 4.15103 2.57093 3.07503 2.55562 3.89962 1.66457 2.2608 3.05609 2.11805 1.6363
threshold=2.3768788169919026 2.0589751712411388 -0.34048915886396575 1.8518637944562262 0.47087024556992019 0.31008490777959319 -0.24188174586665309 1.7731382848477517 0.38156197635317574 1.7383792152987647 1.5010059888074545 -0.11066350634622192 -0.26707971074952785 -0.32647174118149991 0.59476726376210587 -0.23725805138919623 -1.3733166400609285 -0.296143025443312 -0.32454134060283718 -0.025049679858318432 0.20599354691628194 0.024024123639265985 -0.70599582641508996 -0.2754539758421749 0.35169097149216128 0.42743532865164818 -0.20744443791430311 0.63653246936096464 -0.52191153242409583 -0.89064726744976597
decision_type=2 2 2 2 2 2 2 2 2 2 2 2 2 2 2 2 2 2 2 2 2 2 2 2 2 2 2 2 2 2
left_child=1 3 -3 7 5 -5 -6 9 -9 10 15 -12 13 14 -13 17 -17 25 21 29 -21 -19 -23 -22 -25 -1 -27 -28 -29 -20
right_child=-2 2 -4 4 6 -7 -8 8 -10 -11 11 12 -14 -15 -16 16 -18 18 19 20 23 22 -24 24 -26 26 27 28 -30 -31
leaf_value=-0.00092445351116322025 -0.019602397591047427 0.059414442877806228 0.0089016536939235669 -0.004217710404616536 0.053403720052025164 -0.051138747243484751 -0.009800989605000171 0.048775488941338943 -0.014048517175066822 -0.023864159760225753 0.038414779925521905 -0.024867322002499796 -0.032986916799069704 0.069685935641412913 0.021930638754916118 0.06684552084008448 0.0035294205062916134 -0.025807694127114429 -0.0076659397131983208 -0.045750761493090188 -0.033457621386247478 -0.012716208513045189 0.064049050734979282 0.056817144550698251 -0.0086295883753674339 -0.05694805485348247 0.050505271721695034 0.057307515475005788 -0.0085987924497887089 0.051053635171502069
leaf_weight=165.20884758274769 2.0057223689509547 1.343740957323462 2.6509275602875269 5.6502004908397776 1.584629483171738 3.2739162887446582 1.5876808651955796 2.7398218819871536 2.3259034471120685 5.4510504221543661 4.8223526937654269 4.8392789736390114 2.5490127083612579 2.6558107403106987 3.0123697258532047 1.5344592799665395 38.408839787320176 1.9869833341799656 2.013293843716383 11.0310882627964 8.2629292387282458 1.9080726514803243 4.1243706824607216 2.5885715354234042 18.853911452693865 0.98075460596010167 5.53363255964359 1.4737508213729578 7.0538300506595988 2.8887121677398673
leaf_count=2358 18 15 41 39 43 17 34 23 34 39 93 28 34 32 28 50 1364 25 12 53 59 15 63 22 165 7 104 133 86 29
internal_value=4.67519e-06 0.000128211 0.0258933 -0.00019921 -0.0101014 -0.0214312 0.021771 0.00019709 0.0199301 -0.000139277 0.000304027 0.0129741 0.00357768 0.0124479 -0.00691278 -0.000523156 0.00596177 -0.00163055 -0.00887288 -0.0145649 -0.019559 0.0235203 0.0397681 -0.00983269 -0.000728752 0.00052538 0.0164492 0.0215686 0.00279125 0.026937
internal_weight=320.344 318.339 3.99467 314.344 12.0964 8.92412 3.17231 302.248 5.06573 297.182 291.731 17.8788 13.0565 10.5075 7.85165 273.852 39.9433 233.909 53.6579 45.6385 40.7365 8.01943 6.03244 29.7054 21.4425 180.251 15.042 14.0612 8.52758 4.90201
internal_count=5063 5045 56 4989 133 56 77 4856 57 4799 4760 215 122 88 56 4545 1414 3131 443 340 299 103 78 246 187 2688 330 323 219 41
is_linear=0
shrinkage=0.05


end of trees

feature_importances:
Speed=910
Pitch_Degrees=872
Zero_Crossings=853
speed_per_jerk_std=778
Roll_Degrees=709
Standard_Deviation=698
Jerk_Std=672
speed_per_dyn_mag=508

parameters:
[boosting: gbdt]
[objective: binary]
[metric: binary_logloss]
[tree_learner: serial]
[device_type: cpu]
[data_sample_strategy: bagging]
[data: ]
[valid: ]
[num_iterations: 200]
[learning_rate: 0.05]
[num_leaves: 31]
[num_threads: 12]
[seed: 42]
[deterministic: 0]
[force_col_wise: 0]
[force_row_wise: 0]
[histogram_pool_size: -1]
[max_depth: -1]
[min_data_in_leaf: 20]
[min_sum_hessian_in_leaf: 0.001]
[bagging_fraction: 1]
[pos_bagging_fraction: 1]
[neg_bagging_fraction: 1]
[bagging_freq: 0]
[bagging_seed: 400]
[bagging_by_query: 0]
[feature_fraction: 1]
[feature_fraction_bynode: 1]
[feature_fraction_seed: 30056]
[extra_trees: 0]
[extra_seed: 12879]
[early_stopping_round: 0]
[early_stopping_min_delta: 0]
[first_metric_only: 0]
[max_delta_step: 0]
[lambda_l1: 0]
[lambda_l2: 0]
[linear_lambda: 0]
[min_gain_to_split: 0]
[drop_rate: 0.1]
[max_drop: 50]
[skip_drop: 0.5]
[xgboost_dart_mode: 0]
[uniform_drop: 0]
[drop_seed: 17869]
[top_rate: 0.2]
[other_rate: 0.1]
[min_data_per_group: 100]
[max_cat_threshold: 32]
[cat_l2: 10]
[cat_smooth: 10]
[max_cat_to_onehot: 4]
[top_k: 20]
[monotone_constraints: ]
[monotone_constraints_method: basic]
[monotone_penalty: 0]
[feature_contri: ]
[forcedsplits_filename: ]
[refit_decay_rate: 0.9]
[cegb_tradeoff: 1]
[cegb_penalty_split: 0]
[cegb_penalty_feature_lazy: ]
[cegb_penalty_feature_coupled: ]
[path_smooth: 0]
[interaction_constraints: ]
[verbosity: -1]
[saved_feature_importance_type: 0]
[use_quantized_grad: 0]
[num_grad_quant_bins: 4]
[quant_train_renew_leaf: 0]
[stochastic_rounding: 1]
[linear_tree: 0]
[max_bin: 255]
[max_bin_by_feature: ]
[min_data_in_bin: 3]
[bin_construct_sample_cnt: 200000]
[data_random_seed: 175]
[is_enable_sparse: 1]
[enable_bundle: 1]
[use_missing: 1]
[zero_as_missing: 0]
[feature_pre_filter: 1]
[pre_partition: 0]
[two_round: 0]
[header: 0]
[label_column: ]
[weight_column: ]
[group_column: ]
[ignore_column: ]
[categorical_feature: ]
[forcedbins_filename: ]
[precise_float_parser: 0]
[parser_config_file: ]
[objective_seed: 16083]
[num_class: 1]
[is_unbalance: 0]
[scale_pos_weight: 1]
[sigmoid: 1]
[boost_from_average: 1]
[reg_sqrt: 0]
[alpha: 0.9]
[fair_c: 1]
[poisson_max_delta_step: 0.7]
[tweedie_variance_power: 1.5]
[lambdarank_truncation_level: 30]
[lambdarank_norm: 1]
[label_gain: ]
[lambdarank_position_bias_regularization: 0]
[eval_at: ]
[multi_error_top_k: 1]
[auc_mu_weights: ]
[num_machines: 1]
[local_listen_port: 12400]
[time_out: 120]
[machine_list_filename: ]
[machines: ]
[gpu_platform_id: -1]
[gpu_device_id: -1]
[gpu_use_dp: 0]
[num_gpu: 1]

end of parameters

pandas_categorical:[]
